ISO-10303-21;
HEADER;
FILE_DESCRIPTION (( 'STEP AP214' ),
    '1' );
FILE_NAME ('AA Battery.STEP',
    '2016-01-03T13:54:30',
    ( 'Mistrzu' ),
    ( 'Acer' ),
    'SwSTEP 2.0',
    'SolidWorks 2013',
    '' );
FILE_SCHEMA (( 'AUTOMOTIVE_DESIGN' ));
ENDSEC;

DATA;
#1 = SURFACE_STYLE_FILL_AREA ( #486 ) ;
#2 = CARTESIAN_POINT ( 'NONE',  ( 0.0000000000000000000, 49.60000000000000900, 0.0000000000000000000 ) ) ;
#3 = CYLINDRICAL_SURFACE ( 'NONE', #431, 4.150000000000002100 ) ;
#4 =( NAMED_UNIT ( * ) SI_UNIT ( $, .STERADIAN. ) SOLID_ANGLE_UNIT ( ) );
#5 = DIRECTION ( 'NONE',  ( 0.0000000000000000000, 0.0000000000000000000, -1.000000000000000000 ) ) ;
#6 = CARTESIAN_POINT ( 'NONE',  ( 4.592425496802575500E-017, -1.000000000000000200, 1.000000000000000000 ) ) ;
#7 = MECHANICAL_DESIGN_GEOMETRIC_PRESENTATION_REPRESENTATION (  '', ( #1357 ), #74 ) ;
#8 = VERTEX_POINT ( 'NONE', #1472 ) ;
#9 = DIRECTION ( 'NONE',  ( 0.0000000000000000000, 1.000000000000000000, 0.0000000000000000000 ) ) ;
#10 = SURFACE_SIDE_STYLE ('',( #961 ) ) ;
#11 = DIRECTION ( 'NONE',  ( -0.0000000000000000000, -1.000000000000000000, -0.0000000000000000000 ) ) ;
#12 = ORIENTED_EDGE ( 'NONE', *, *, #419, .F. ) ;
#13 = CARTESIAN_POINT ( 'NONE',  ( 0.0000000000000000000, -2.000000000000001800, 11.00000000000000000 ) ) ;
#14 =( GEOMETRIC_REPRESENTATION_CONTEXT ( 3 ) GLOBAL_UNCERTAINTY_ASSIGNED_CONTEXT ( ( #501 ) ) GLOBAL_UNIT_ASSIGNED_CONTEXT ( ( #1053, #369, #1181 ) ) REPRESENTATION_CONTEXT ( 'NONE', 'WORKASPACE' ) );
#15 = CARTESIAN_POINT ( 'NONE',  ( 0.0000000000000000000, 50.50000000000000000, 0.0000000000000000000 ) ) ;
#16 = FILL_AREA_STYLE_COLOUR ( '', #1425 ) ;
#17 =( NAMED_UNIT ( * ) SI_UNIT ( $, .STERADIAN. ) SOLID_ANGLE_UNIT ( ) );
#18 = MECHANICAL_DESIGN_GEOMETRIC_PRESENTATION_REPRESENTATION (  '', ( #1363 ), #79 ) ;
#19 = SURFACE_STYLE_FILL_AREA ( #613 ) ;
#20 = EDGE_CURVE ( 'NONE', #1146, #90, #462, .T. ) ;
#21 = SURFACE_SIDE_STYLE ('',( #837 ) ) ;
#22 = EDGE_LOOP ( 'NONE', ( #108, #137 ) ) ;
#23 = CARTESIAN_POINT ( 'NONE',  ( -4.592425496802575500E-017, 51.50000000000000700, 1.000000000000000000 ) ) ;
#24 = ORIENTED_EDGE ( 'NONE', *, *, #154, .F. ) ;
#25 = PRESENTATION_LAYER_ASSIGNMENT (  '', '', ( #1313 ) ) ;
#26 = CONICAL_SURFACE ( 'NONE', #532, 2.500000000000000000, 1.471127674303734500 ) ;
#27 = PRESENTATION_STYLE_ASSIGNMENT (( #360 ) ) ;
#28 = ORIENTED_EDGE ( 'NONE', *, *, #1031, .F. ) ;
#29 = CARTESIAN_POINT ( 'NONE',  ( 0.0000000000000000000, -6.667843360785854700E-017, -4.150000000000002100 ) ) ;
#30 = EDGE_LOOP ( 'NONE', ( #1346, #1073, #378, #1113 ) ) ;
#31 =( LENGTH_UNIT ( ) NAMED_UNIT ( * ) SI_UNIT ( .MILLI., .METRE. ) );
#32 = AXIS2_PLACEMENT_3D ( 'NONE', #80, #891, #201 ) ;
#33 = CARTESIAN_POINT ( 'NONE',  ( 0.0000000000000000000, 0.0000000000000000000, 0.0000000000000000000 ) ) ;
#34 = ORIENTED_EDGE ( 'NONE', *, *, #497, .T. ) ;
#35 = PRESENTATION_LAYER_ASSIGNMENT (  '', '', ( #1468 ) ) ;
#36 = FILL_AREA_STYLE_COLOUR ( '', #671 ) ;
#37 = PRESENTATION_STYLE_ASSIGNMENT (( #83 ) ) ;
#38 = UNCERTAINTY_MEASURE_WITH_UNIT (LENGTH_MEASURE( 1.000000000000000100E-005 ), #589, 'distance_accuracy_value', 'NONE');
#39 = ORIENTED_EDGE ( 'NONE', *, *, #953, .T. ) ;
#40 = FILL_AREA_STYLE ('',( #1441 ) ) ;
#41 = DIRECTION ( 'NONE',  ( 0.0000000000000000000, 0.0000000000000000000, -1.000000000000000000 ) ) ;
#42 = EDGE_CURVE ( 'NONE', #1183, #327, #1351, .T. ) ;
#43 = CARTESIAN_POINT ( 'NONE',  ( 0.0000000000000000000, 0.0000000000000000000, 0.0000000000000000000 ) ) ;
#44 = COLOUR_RGB ( '',0.7921568627450980000, 0.8196078431372548800, 0.9333333333333333500 ) ;
#45 = AXIS2_PLACEMENT_3D ( 'NONE', #219, #1025, #343 ) ;
#46 = COLOUR_RGB ( '',0.8000000000000000400, 0.8078431372549019800, 0.8000000000000000400 ) ;
#47 = PRESENTATION_STYLE_ASSIGNMENT (( #1095 ) ) ;
#48 = COLOUR_RGB ( '',1.000000000000000000, 1.000000000000000000, 1.000000000000000000 ) ;
#49 = CARTESIAN_POINT ( 'NONE',  ( 0.0000000000000000000, 49.00000000000000000, 0.0000000000000000000 ) ) ;
#50 = ORIENTED_EDGE ( 'NONE', *, *, #1265, .T. ) ;
#51 = PRESENTATION_STYLE_ASSIGNMENT (( #403 ) ) ;
#52 = ORIENTED_EDGE ( 'NONE', *, *, #1057, .F. ) ;
#53 =( LENGTH_UNIT ( ) NAMED_UNIT ( * ) SI_UNIT ( .MILLI., .METRE. ) );
#54 = FACE_OUTER_BOUND ( 'NONE', #989, .T. ) ;
#55 = MECHANICAL_DESIGN_GEOMETRIC_PRESENTATION_REPRESENTATION (  '', ( #1345 ), #138 ) ;
#56 = ORIENTED_EDGE ( 'NONE', *, *, #1334, .F. ) ;
#57 = UNCERTAINTY_MEASURE_WITH_UNIT (LENGTH_MEASURE( 1.000000000000000100E-005 ), #686, 'distance_accuracy_value', 'NONE');
#58 = AXIS2_PLACEMENT_3D ( 'NONE', #236, #1043, #813 ) ;
#59 = VERTEX_POINT ( 'NONE', #337 ) ;
#60 = STYLED_ITEM ( 'NONE', ( #424 ), #64 ) ;
#61 = STYLED_ITEM ( 'NONE', ( #51 ), #1112 ) ;
#62 = FACE_OUTER_BOUND ( 'NONE', #1106, .T. ) ;
#63 = VECTOR ( 'NONE', #722, 1000.000000000000000 ) ;
#64 = ADVANCED_FACE ( 'NONE', ( #758 ), #1237, .T. ) ;
#65 = ADVANCED_FACE ( 'NONE', ( #311 ), #1408, .T. ) ;
#66 = EDGE_CURVE ( 'NONE', #8, #1473, #1119, .T. ) ;
#67 = MANIFOLD_SOLID_BREP ( 'Wyci¹gniêcie po œcie¿ce2', #94 ) ;
#68 = ORIENTED_EDGE ( 'NONE', *, *, #1019, .F. ) ;
#69 = SURFACE_STYLE_FILL_AREA ( #638 ) ;
#70 = PRESENTATION_STYLE_ASSIGNMENT (( #803 ) ) ;
#71 = CIRCLE ( 'NONE', #710, 2.249999999999999600 ) ;
#72 = FILL_AREA_STYLE ('',( #1469 ) ) ;
#73 = ADVANCED_FACE ( 'NONE', ( #1090 ), #566, .F. ) ;
#74 =( GEOMETRIC_REPRESENTATION_CONTEXT ( 3 ) GLOBAL_UNCERTAINTY_ASSIGNED_CONTEXT ( ( #1352 ) ) GLOBAL_UNIT_ASSIGNED_CONTEXT ( ( #1171, #477, #1295 ) ) REPRESENTATION_CONTEXT ( 'NONE', 'WORKASPACE' ) );
#75 = DIRECTION ( 'NONE',  ( 0.0000000000000000000, 0.0000000000000000000, 1.000000000000000000 ) ) ;
#76 = AXIS2_PLACEMENT_3D ( 'NONE', #256, #1059, #373 ) ;
#77 = CARTESIAN_POINT ( 'NONE',  ( -4.592425496802486700E-017, 52.12500000000001400, 1.000000000000002700 ) ) ;
#78 = FACE_OUTER_BOUND ( 'NONE', #990, .T. ) ;
#79 =( GEOMETRIC_REPRESENTATION_CONTEXT ( 3 ) GLOBAL_UNCERTAINTY_ASSIGNED_CONTEXT ( ( #856 ) ) GLOBAL_UNIT_ASSIGNED_CONTEXT ( ( #1142, #452, #1266 ) ) REPRESENTATION_CONTEXT ( 'NONE', 'WORKASPACE' ) );
#80 = CARTESIAN_POINT ( 'NONE',  ( 6.750000000000002700, 49.60000000000000900, 0.0000000000000000000 ) ) ;
#81 = EDGE_LOOP ( 'NONE', ( #52, #887, #269, #712 ) ) ;
#82 = DIRECTION ( 'NONE',  ( 0.0000000000000000000, 0.0000000000000000000, -1.000000000000000000 ) ) ;
#83 = SURFACE_STYLE_USAGE ( .BOTH. , #780 ) ;
#84 = EDGE_CURVE ( 'NONE', #556, #864, #871, .T. ) ;
#85 = CIRCLE ( 'NONE', #1434, 3.500000000000000000 ) ;
#86 = COLOUR_RGB ( '',1.000000000000000000, 1.000000000000000000, 1.000000000000000000 ) ;
#87 =( LENGTH_UNIT ( ) NAMED_UNIT ( * ) SI_UNIT ( .MILLI., .METRE. ) );
#88 = ORIENTED_EDGE ( 'NONE', *, *, #1031, .T. ) ;
#89 = ADVANCED_FACE ( 'NONE', ( #295 ), #1071, .T. ) ;
#90 = VERTEX_POINT ( 'NONE', #218 ) ;
#91 = DIRECTION ( 'NONE',  ( 1.218569110023239200E-016, 0.09950371902099901200, -0.9950371902099890400 ) ) ;
#92 = DIRECTION ( 'NONE',  ( 0.0000000000000000000, 0.0000000000000000000, -1.000000000000000000 ) ) ;
#93 = MECHANICAL_DESIGN_GEOMETRIC_PRESENTATION_REPRESENTATION (  '', ( #1313 ), #174 ) ;
#94 = CLOSED_SHELL ( 'NONE', ( #89, #1375, #1249, #433, #1115, #764, #880, #65, #1128, #73, #64, #179, #309, #680, #1471, #995, #470, #1238, #963, #1003, #543, #215, #1356, #277, #549, #1112, #1359, #427, #1377, #654, #650, #885, #1465, #1038, #186, #1230 ) ) ;
#95 = DIRECTION ( 'NONE',  ( 0.0000000000000000000, -1.000000000000000000, 0.0000000000000000000 ) ) ;
#96 = CARTESIAN_POINT ( 'NONE',  ( 4.592425496802575500E-017, -1.625000000000000400, 1.000000000000007100 ) ) ;
#97 =( LENGTH_UNIT ( ) NAMED_UNIT ( * ) SI_UNIT ( .MILLI., .METRE. ) );
#98 = CARTESIAN_POINT ( 'NONE',  ( 0.0000000000000000000, 52.50000000000001400, 11.00000000000000000 ) ) ;
#99 = FACE_OUTER_BOUND ( 'NONE', #426, .T. ) ;
#100 = CIRCLE ( 'NONE', #713, 0.6000000000000007500 ) ;
#101 = UNCERTAINTY_MEASURE_WITH_UNIT (LENGTH_MEASURE( 1.000000000000000100E-005 ), #469, 'distance_accuracy_value', 'NONE');
#102 = DIRECTION ( 'NONE',  ( -0.0000000000000000000, 1.000000000000000000, 1.224646799147353000E-016 ) ) ;
#103 = FILL_AREA_STYLE ('',( #704 ) ) ;
#104 = STYLED_ITEM ( 'NONE', ( #574 ), #549 ) ;
#105 = FILL_AREA_STYLE_COLOUR ( '', #264 ) ;
#106 =( LENGTH_UNIT ( ) NAMED_UNIT ( * ) SI_UNIT ( .MILLI., .METRE. ) );
#107 = CARTESIAN_POINT ( 'NONE',  ( 0.0000000000000000000, 2.574980159653073000E-016, 0.0000000000000000000 ) ) ;
#108 = ORIENTED_EDGE ( 'NONE', *, *, #1205, .T. ) ;
#109 = DIRECTION ( 'NONE',  ( 0.0000000000000000000, 0.0000000000000000000, -1.000000000000000000 ) ) ;
#110 = DIRECTION ( 'NONE',  ( -0.0000000000000000000, -1.000000000000000000, -0.0000000000000000000 ) ) ;
#111 = CARTESIAN_POINT ( 'NONE',  ( 0.0000000000000000000, 0.0000000000000000000, 0.0000000000000000000 ) ) ;
#112 = DIRECTION ( 'NONE',  ( 1.000000000000000000, 0.0000000000000000000, 0.0000000000000000000 ) ) ;
#113 = DIRECTION ( 'NONE',  ( 0.0000000000000000000, 0.0000000000000000000, -1.000000000000000000 ) ) ;
#114 = VECTOR ( 'NONE', #901, 1000.000000000000000 ) ;
#115 = CARTESIAN_POINT ( 'NONE',  ( 0.0000000000000000000, 51.50000000000000700, 1.000000000000000000 ) ) ;
#116 = MECHANICAL_DESIGN_GEOMETRIC_PRESENTATION_REPRESENTATION (  '', ( #1468 ), #187 ) ;
#117 = EDGE_LOOP ( 'NONE', ( #496, #338 ) ) ;
#118 = DIRECTION ( 'NONE',  ( 0.0000000000000000000, 1.000000000000000000, 0.0000000000000000000 ) ) ;
#119 = DIRECTION ( 'NONE',  ( 0.0000000000000000000, 0.0000000000000000000, 1.000000000000000000 ) ) ;
#120 = CARTESIAN_POINT ( 'NONE',  ( 0.0000000000000000000, 0.0000000000000000000, -4.150000000000002100 ) ) ;
#121 = STYLED_ITEM ( 'NONE', ( #535 ), #1238 ) ;
#122 = CARTESIAN_POINT ( 'NONE',  ( 9.001153973733051500E-016, 0.0000000000000000000, 7.350000000000003200 ) ) ;
#123 = UNCERTAINTY_MEASURE_WITH_UNIT (LENGTH_MEASURE( 1.000000000000000100E-005 ), #673, 'distance_accuracy_value', 'NONE');
#124 = EDGE_CURVE ( 'NONE', #1110, #607, #146, .T. ) ;
#125 =( LENGTH_UNIT ( ) NAMED_UNIT ( * ) SI_UNIT ( .MILLI., .METRE. ) );
#126 = DIRECTION ( 'NONE',  ( 0.0000000000000000000, -1.000000000000000000, 1.387778780781446100E-014 ) ) ;
#127 = CARTESIAN_POINT ( 'NONE',  ( 0.0000000000000000000, -2.000000000000000400, 1.000000000000007100 ) ) ;
#128 = DIRECTION ( 'NONE',  ( 0.0000000000000000000, 0.0000000000000000000, 1.000000000000000000 ) ) ;
#129 = AXIS2_PLACEMENT_3D ( 'NONE', #578, #1385, #687 ) ;
#130 = DIRECTION ( 'NONE',  ( 0.0000000000000000000, -1.000000000000000000, 0.0000000000000000000 ) ) ;
#131 = VERTEX_POINT ( 'NONE', #1034 ) ;
#132 = CIRCLE ( 'NONE', #755, 0.3750000000000000600 ) ;
#133 =( LENGTH_UNIT ( ) NAMED_UNIT ( * ) SI_UNIT ( .MILLI., .METRE. ) );
#134 = COLOUR_RGB ( '',0.8000000000000000400, 0.8078431372549019800, 0.8000000000000000400 ) ;
#135 = ORIENTED_EDGE ( 'NONE', *, *, #1476, .T. ) ;
#136 = DIRECTION ( 'NONE',  ( 0.0000000000000000000, 1.000000000000000000, 0.0000000000000000000 ) ) ;
#137 = ORIENTED_EDGE ( 'NONE', *, *, #1437, .T. ) ;
#138 =( GEOMETRIC_REPRESENTATION_CONTEXT ( 3 ) GLOBAL_UNCERTAINTY_ASSIGNED_CONTEXT ( ( #1200 ) ) GLOBAL_UNIT_ASSIGNED_CONTEXT ( ( #106, #918, #231 ) ) REPRESENTATION_CONTEXT ( 'NONE', 'WORKASPACE' ) );
#139 = DIRECTION ( 'NONE',  ( 0.0000000000000000000, 0.0000000000000000000, -1.000000000000000000 ) ) ;
#140 =( LENGTH_UNIT ( ) NAMED_UNIT ( * ) SI_UNIT ( .MILLI., .METRE. ) );
#141 = STYLED_ITEM ( 'NONE', ( #1467 ), #1465 ) ;
#142 = SHAPE_DEFINITION_REPRESENTATION ( #1044, #484 ) ;
#143 = CARTESIAN_POINT ( 'NONE',  ( 0.0000000000000000000, -1.000000000000000200, 1.000000000000000000 ) ) ;
#144 = PRESENTATION_LAYER_ASSIGNMENT (  '', '', ( #60 ) ) ;
#145 =( NAMED_UNIT ( * ) SI_UNIT ( $, .STERADIAN. ) SOLID_ANGLE_UNIT ( ) );
#146 = CIRCLE ( 'NONE', #1164, 4.150000000000002100 ) ;
#147 = FILL_AREA_STYLE ('',( #928 ) ) ;
#148 = DIRECTION ( 'NONE',  ( 0.0000000000000000000, 0.0000000000000000000, 1.000000000000000000 ) ) ;
#149 = COLOUR_RGB ( '',1.000000000000000000, 1.000000000000000000, 1.000000000000000000 ) ;
#150 = VERTEX_POINT ( 'NONE', #582 ) ;
#151 = PRESENTATION_LAYER_ASSIGNMENT (  '', '', ( #61 ) ) ;
#152 = DIRECTION ( 'NONE',  ( 0.0000000000000000000, -1.000000000000000000, -1.392757777031960500E-014 ) ) ;
#153 = DIRECTION ( 'NONE',  ( -0.0000000000000000000, -1.000000000000000000, -0.0000000000000000000 ) ) ;
#154 = EDGE_CURVE ( 'NONE', #297, #1435, #757, .T. ) ;
#155 = VERTEX_POINT ( 'NONE', #808 ) ;
#156 = UNCERTAINTY_MEASURE_WITH_UNIT (LENGTH_MEASURE( 1.000000000000000100E-005 ), #408, 'distance_accuracy_value', 'NONE');
#157 = DIRECTION ( 'NONE',  ( 0.0000000000000000000, -1.392757777031960500E-014, 1.000000000000000000 ) ) ;
#158 = DIRECTION ( 'NONE',  ( 0.0000000000000000000, 1.000000000000000000, 0.0000000000000000000 ) ) ;
#159 = AXIS2_PLACEMENT_3D ( 'NONE', #883, #188, #1001 ) ;
#160 = PRESENTATION_STYLE_ASSIGNMENT (( #1309 ) ) ;
#161 = SURFACE_STYLE_USAGE ( .BOTH. , #857 ) ;
#162 = PRESENTATION_STYLE_ASSIGNMENT (( #332 ) ) ;
#163 = CARTESIAN_POINT ( 'NONE',  ( 0.0000000000000000000, 51.50000000000000000, 5.421010862427488300E-017 ) ) ;
#164 = CARTESIAN_POINT ( 'NONE',  ( 0.0000000000000000000, -0.9999999999999928900, -1.224646799147344300E-016 ) ) ;
#165 = VERTEX_POINT ( 'NONE', #348 ) ;
#166 = AXIS2_PLACEMENT_3D ( 'NONE', #1405, #602, #1411 ) ;
#167 = CARTESIAN_POINT ( 'NONE',  ( 0.0000000000000000000, 0.6000000000000005300, 0.0000000000000000000 ) ) ;
#168 = VECTOR ( 'NONE', #909, 1000.000000000000000 ) ;
#169 = CYLINDRICAL_SURFACE ( 'NONE', #583, 7.350000000000003200 ) ;
#170 = VERTEX_POINT ( 'NONE', #474 ) ;
#171 = EDGE_LOOP ( 'NONE', ( #1294, #771 ) ) ;
#172 = EDGE_CURVE ( 'NONE', #155, #297, #731, .T. ) ;
#173 =( NAMED_UNIT ( * ) SI_UNIT ( $, .STERADIAN. ) SOLID_ANGLE_UNIT ( ) );
#174 =( GEOMETRIC_REPRESENTATION_CONTEXT ( 3 ) GLOBAL_UNCERTAINTY_ASSIGNED_CONTEXT ( ( #1508 ) ) GLOBAL_UNIT_ASSIGNED_CONTEXT ( ( #529, #1338, #633 ) ) REPRESENTATION_CONTEXT ( 'NONE', 'WORKASPACE' ) );
#175 = FACE_OUTER_BOUND ( 'NONE', #22, .T. ) ;
#176 = ORIENTED_EDGE ( 'NONE', *, *, #419, .T. ) ;
#177 = CARTESIAN_POINT ( 'NONE',  ( 0.0000000000000000000, 49.50000000000000000, 0.0000000000000000000 ) ) ;
#178 = EDGE_LOOP ( 'NONE', ( #889, #493, #1008, #1474 ) ) ;
#179 = ADVANCED_FACE ( 'NONE', ( #1349 ), #3, .F. ) ;
#180 = FACE_OUTER_BOUND ( 'NONE', #357, .T. ) ;
#181 = PRESENTATION_LAYER_ASSIGNMENT (  '', '', ( #104 ) ) ;
#182 = COLOUR_RGB ( '',0.8000000000000000400, 0.8078431372549019800, 0.8000000000000000400 ) ;
#183 = PRESENTATION_STYLE_ASSIGNMENT (( #1118 ) ) ;
#184 = AXIS2_PLACEMENT_3D ( 'NONE', #838, #274, #1072 ) ;
#185 = PRODUCT_DEFINITION_CONTEXT ( 'detailed design', #1202, 'design' ) ;
#186 = ADVANCED_FACE ( 'NONE', ( #924 ), #1087, .T. ) ;
#187 =( GEOMETRIC_REPRESENTATION_CONTEXT ( 3 ) GLOBAL_UNCERTAINTY_ASSIGNED_CONTEXT ( ( #1316 ) ) GLOBAL_UNIT_ASSIGNED_CONTEXT ( ( #364, #1175, #479 ) ) REPRESENTATION_CONTEXT ( 'NONE', 'WORKASPACE' ) );
#188 = DIRECTION ( 'NONE',  ( -0.0000000000000000000, -1.000000000000000000, -0.0000000000000000000 ) ) ;
#189 = AXIS2_PLACEMENT_3D ( 'NONE', #1032, #922, #234 ) ;
#190 = CIRCLE ( 'NONE', #1217, 1.375000000000000200 ) ;
#191 = FACE_OUTER_BOUND ( 'NONE', #523, .T. ) ;
#192 = COLOUR_RGB ( '',1.000000000000000000, 1.000000000000000000, 1.000000000000000000 ) ;
#193 = EDGE_CURVE ( 'NONE', #165, #131, #1407, .T. ) ;
#194 = UNCERTAINTY_MEASURE_WITH_UNIT (LENGTH_MEASURE( 1.000000000000000100E-005 ), #31, 'distance_accuracy_value', 'NONE');
#195 = ORIENTED_EDGE ( 'NONE', *, *, #436, .F. ) ;
#196 = SURFACE_STYLE_FILL_AREA ( #147 ) ;
#197 = CARTESIAN_POINT ( 'NONE',  ( 0.0000000000000000000, -1.000000000000000200, 1.000000000000000000 ) ) ;
#198 = STYLED_ITEM ( 'NONE', ( #489 ), #880 ) ;
#199 = ORIENTED_EDGE ( 'NONE', *, *, #42, .F. ) ;
#200 = EDGE_LOOP ( 'NONE', ( #1326, #1430, #630, #28 ) ) ;
#201 = DIRECTION ( 'NONE',  ( 0.0000000000000000000, -0.0000000000000000000, 1.000000000000000000 ) ) ;
#202 =( NAMED_UNIT ( * ) PLANE_ANGLE_UNIT ( ) SI_UNIT ( $, .RADIAN. ) );
#203 = DIRECTION ( 'NONE',  ( 1.000000000000000000, 0.0000000000000000000, -1.224646799147353200E-016 ) ) ;
#204 =( NAMED_UNIT ( * ) SI_UNIT ( $, .STERADIAN. ) SOLID_ANGLE_UNIT ( ) );
#205 = CARTESIAN_POINT ( 'NONE',  ( 0.0000000000000000000, 0.0000000000000000000, 0.0000000000000000000 ) ) ;
#206 = PRESENTATION_STYLE_ASSIGNMENT (( #1282 ) ) ;
#207 = STYLED_ITEM ( 'NONE', ( #1445 ), #470 ) ;
#208 = CARTESIAN_POINT ( 'NONE',  ( 0.0000000000000000000, 3.410181068218504700E-017, 0.0000000000000000000 ) ) ;
#209 = FILL_AREA_STYLE ('',( #899 ) ) ;
#210 = LINE ( 'NONE', #341, #1424 ) ;
#211 = VECTOR ( 'NONE', #1308, 1000.000000000000000 ) ;
#212 = CARTESIAN_POINT ( 'NONE',  ( 0.0000000000000000000, -2.375000000000001800, 11.00000000000000500 ) ) ;
#213 = PRESENTATION_LAYER_ASSIGNMENT (  '', '', ( #141 ) ) ;
#214 = DIRECTION ( 'NONE',  ( -0.0000000000000000000, -1.000000000000000000, -5.421010862427520900E-017 ) ) ;
#215 = ADVANCED_FACE ( 'NONE', ( #191 ), #376, .F. ) ;
#216 = ORIENTED_EDGE ( 'NONE', *, *, #397, .T. ) ;
#217 = UNCERTAINTY_MEASURE_WITH_UNIT (LENGTH_MEASURE( 1.000000000000000100E-005 ), #133, 'distance_accuracy_value', 'NONE');
#218 = CARTESIAN_POINT ( 'NONE',  ( 0.0000000000000000000, 49.50000000000000000, -4.150000000000002100 ) ) ;
#219 = CARTESIAN_POINT ( 'NONE',  ( 0.0000000000000000000, 50.00000000000000000, 0.0000000000000000000 ) ) ;
#220 = MECHANICAL_DESIGN_GEOMETRIC_PRESENTATION_REPRESENTATION (  '', ( #60 ), #305 ) ;
#221 = FILL_AREA_STYLE ('',( #1189 ) ) ;
#222 = VERTEX_POINT ( 'NONE', #932 ) ;
#223 =( NAMED_UNIT ( * ) SI_UNIT ( $, .STERADIAN. ) SOLID_ANGLE_UNIT ( ) );
#224 = TOROIDAL_SURFACE ( 'NONE', #243, 1.000000000000000000, 0.3750000000000000600 ) ;
#225 = ORIENTED_EDGE ( 'NONE', *, *, #626, .T. ) ;
#226 = SURFACE_STYLE_USAGE ( .BOTH. , #914 ) ;
#227 = DIRECTION ( 'NONE',  ( 0.0000000000000000000, 0.0000000000000000000, 1.000000000000000000 ) ) ;
#228 = ORIENTED_EDGE ( 'NONE', *, *, #1369, .F. ) ;
#229 = CARTESIAN_POINT ( 'NONE',  ( 0.0000000000000000000, 51.50000000000000700, 1.000000000000000000 ) ) ;
#230 = MECHANICAL_DESIGN_GEOMETRIC_PRESENTATION_REPRESENTATION (  '', ( #61 ), #306 ) ;
#231 =( NAMED_UNIT ( * ) SI_UNIT ( $, .STERADIAN. ) SOLID_ANGLE_UNIT ( ) );
#232 = DIRECTION ( 'NONE',  ( 0.0000000000000000000, 0.0000000000000000000, -1.000000000000000000 ) ) ;
#233 = EDGE_CURVE ( 'NONE', #949, #974, #666, .T. ) ;
#234 = DIRECTION ( 'NONE',  ( 0.0000000000000000000, -1.000000000000000000, 1.437166698016966700E-014 ) ) ;
#235 = DIRECTION ( 'NONE',  ( -0.0000000000000000000, -1.000000000000000000, -0.0000000000000000000 ) ) ;
#236 = CARTESIAN_POINT ( 'NONE',  ( 0.0000000000000000000, 52.50000000000001400, 1.000000000000007800 ) ) ;
#237 = PLANE ( 'NONE',  #840 ) ;
#238 = FILL_AREA_STYLE ('',( #1276 ) ) ;
#239 = FACE_OUTER_BOUND ( 'NONE', #117, .T. ) ;
#240 = CARTESIAN_POINT ( 'NONE',  ( 9.001153973733051500E-016, 0.6000000000000006400, 7.350000000000003200 ) ) ;
#241 = CARTESIAN_POINT ( 'NONE',  ( 5.082284216461518100E-016, 0.0000000000000000000, 4.150000000000002100 ) ) ;
#242 = SURFACE_SIDE_STYLE ('',( #1028 ) ) ;
#243 = AXIS2_PLACEMENT_3D ( 'NONE', #115, #429, #1236 ) ;
#244 = CARTESIAN_POINT ( 'NONE',  ( 0.0000000000000000000, 3.410181068218504700E-017, 2.500000000000000000 ) ) ;
#245 = VERTEX_POINT ( 'NONE', #811 ) ;
#246 =( NAMED_UNIT ( * ) SI_UNIT ( $, .STERADIAN. ) SOLID_ANGLE_UNIT ( ) );
#247 = FACE_OUTER_BOUND ( 'NONE', #1036, .T. ) ;
#248 = SURFACE_STYLE_USAGE ( .BOTH. , #935 ) ;
#249 = DIRECTION ( 'NONE',  ( 0.0000000000000000000, -1.301042606982606300E-016, 1.000000000000000000 ) ) ;
#250 = FACE_BOUND ( 'NONE', #444, .T. ) ;
#251 = VECTOR ( 'NONE', #1485, 1000.000000000000000 ) ;
#252 = DIRECTION ( 'NONE',  ( 0.0000000000000000000, -1.000000000000000000, 1.445602896647339700E-014 ) ) ;
#253 = ORIENTED_EDGE ( 'NONE', *, *, #193, .F. ) ;
#254 = STYLED_ITEM ( 'NONE', ( #1104 ), #309 ) ;
#255 = CARTESIAN_POINT ( 'NONE',  ( 5.082284216461518100E-016, 0.0000000000000000000, 4.150000000000002100 ) ) ;
#256 = CARTESIAN_POINT ( 'NONE',  ( 0.0000000000000000000, 52.50000000000001400, 1.000000000000007800 ) ) ;
#257 = CARTESIAN_POINT ( 'NONE',  ( 0.0000000000000000000, 49.50000000000000000, -2.749999999999999600 ) ) ;
#258 = ORIENTED_EDGE ( 'NONE', *, *, #260, .F. ) ;
#259 = STYLED_ITEM ( 'NONE', ( #663 ), #1359 ) ;
#260 = EDGE_CURVE ( 'NONE', #1314, #449, #1304, .T. ) ;
#261 = CARTESIAN_POINT ( 'NONE',  ( 0.0000000000000000000, 51.50000000000000700, 1.000000000000000000 ) ) ;
#262 =( NAMED_UNIT ( * ) SI_UNIT ( $, .STERADIAN. ) SOLID_ANGLE_UNIT ( ) );
#263 = DIRECTION ( 'NONE',  ( 0.0000000000000000000, -1.301042606982606300E-016, 1.000000000000000000 ) ) ;
#264 = COLOUR_RGB ( '',0.8000000000000000400, 0.8078431372549019800, 0.8000000000000000400 ) ;
#265 = TOROIDAL_SURFACE ( 'NONE', #1330, 6.750000000000002700, 0.6000000000000004200 ) ;
#266 = PRESENTATION_STYLE_ASSIGNMENT (( #1384 ) ) ;
#267 = STYLED_ITEM ( 'NONE', ( #359 ), #1003 ) ;
#268 =( NAMED_UNIT ( * ) SI_UNIT ( $, .STERADIAN. ) SOLID_ANGLE_UNIT ( ) );
#269 = ORIENTED_EDGE ( 'NONE', *, *, #20, .T. ) ;
#270 = SURFACE_STYLE_FILL_AREA ( #1438 ) ;
#271 = ORIENTED_EDGE ( 'NONE', *, *, #576, .T. ) ;
#272 = CARTESIAN_POINT ( 'NONE',  ( 0.0000000000000000000, 0.6000000000000005300, -6.750000000000002700 ) ) ;
#273 = VERTEX_POINT ( 'NONE', #1174 ) ;
#274 = DIRECTION ( 'NONE',  ( 0.0000000000000000000, 0.0000000000000000000, 1.000000000000000000 ) ) ;
#275 = SURFACE_STYLE_USAGE ( .BOTH. , #959 ) ;
#276 = MECHANICAL_DESIGN_GEOMETRIC_PRESENTATION_REPRESENTATION (  '', ( #104 ), #349 ) ;
#277 = ADVANCED_FACE ( 'NONE', ( #78 ), #1457, .T. ) ;
#278 = UNCERTAINTY_MEASURE_WITH_UNIT (LENGTH_MEASURE( 1.000000000000000100E-005 ), #975, 'distance_accuracy_value', 'NONE');
#279 = PRODUCT_DEFINITION ( 'UNKNOWN', '', #352, #185 ) ;
#280 = CARTESIAN_POINT ( 'NONE',  ( 0.0000000000000000000, 49.60000000000000900, -4.150000000000002100 ) ) ;
#281 = FACE_OUTER_BOUND ( 'NONE', #592, .T. ) ;
#282 = CARTESIAN_POINT ( 'NONE',  ( 0.0000000000000000000, 0.0000000000000000000, 0.0000000000000000000 ) ) ;
#283 = PRESENTATION_LAYER_ASSIGNMENT (  '', '', ( #362 ) ) ;
#284 = FILL_AREA_STYLE ('',( #36 ) ) ;
#285 = ORIENTED_EDGE ( 'NONE', *, *, #1085, .F. ) ;
#286 = PRESENTATION_LAYER_ASSIGNMENT (  '', '', ( #121 ) ) ;
#287 =( NAMED_UNIT ( * ) PLANE_ANGLE_UNIT ( ) SI_UNIT ( $, .RADIAN. ) );
#288 = FACE_OUTER_BOUND ( 'NONE', #847, .T. ) ;
#289 = FILL_AREA_STYLE ('',( #743 ) ) ;
#290 = EDGE_CURVE ( 'NONE', #745, #538, #1140, .T. ) ;
#291 = EDGE_LOOP ( 'NONE', ( #56, #844, #794, #12, #446 ) ) ;
#292 = DIRECTION ( 'NONE',  ( 0.0000000000000000000, 0.0000000000000000000, -1.000000000000000000 ) ) ;
#293 = SURFACE_SIDE_STYLE ('',( #1250 ) ) ;
#294 = PRESENTATION_LAYER_ASSIGNMENT (  '', '', ( #198 ) ) ;
#295 = FACE_OUTER_BOUND ( 'NONE', #612, .T. ) ;
#296 = DIRECTION ( 'NONE',  ( -0.0000000000000000000, -1.000000000000000000, -0.0000000000000000000 ) ) ;
#297 = VERTEX_POINT ( 'NONE', #1047 ) ;
#298 = AXIS2_PLACEMENT_3D ( 'NONE', #2, #810, #113 ) ;
#299 = VERTEX_POINT ( 'NONE', #1301 ) ;
#300 = FACE_OUTER_BOUND ( 'NONE', #884, .T. ) ;
#301 = FACE_OUTER_BOUND ( 'NONE', #1120, .T. ) ;
#302 = MECHANICAL_DESIGN_GEOMETRIC_PRESENTATION_REPRESENTATION (  '', ( #141 ), #388 ) ;
#303 = ORIENTED_EDGE ( 'NONE', *, *, #1132, .T. ) ;
#304 = ORIENTED_EDGE ( 'NONE', *, *, #1279, .T. ) ;
#305 =( GEOMETRIC_REPRESENTATION_CONTEXT ( 3 ) GLOBAL_UNCERTAINTY_ASSIGNED_CONTEXT ( ( #1498 ) ) GLOBAL_UNIT_ASSIGNED_CONTEXT ( ( #1144, #463, #1431 ) ) REPRESENTATION_CONTEXT ( 'NONE', 'WORKASPACE' ) );
#306 =( GEOMETRIC_REPRESENTATION_CONTEXT ( 3 ) GLOBAL_UNCERTAINTY_ASSIGNED_CONTEXT ( ( #699 ) ) GLOBAL_UNIT_ASSIGNED_CONTEXT ( ( #1211, #519, #1333 ) ) REPRESENTATION_CONTEXT ( 'NONE', 'WORKASPACE' ) );
#307 = LINE ( 'NONE', #120, #881 ) ;
#308 = EDGE_CURVE ( 'NONE', #540, #1310, #1251, .T. ) ;
#309 = ADVANCED_FACE ( 'NONE', ( #536 ), #421, .T. ) ;
#310 = SURFACE_STYLE_FILL_AREA ( #103 ) ;
#311 = FACE_OUTER_BOUND ( 'NONE', #822, .T. ) ;
#312 = ORIENTED_EDGE ( 'NONE', *, *, #1452, .F. ) ;
#313 = SURFACE_SIDE_STYLE ('',( #1433 ) ) ;
#314 = UNCERTAINTY_MEASURE_WITH_UNIT (LENGTH_MEASURE( 1.000000000000000100E-005 ), #584, 'distance_accuracy_value', 'NONE');
#315 = STYLED_ITEM ( 'NONE', ( #183 ), #680 ) ;
#316 = PRESENTATION_LAYER_ASSIGNMENT (  '', '', ( #254 ) ) ;
#317 = DIRECTION ( 'NONE',  ( 0.0000000000000000000, 0.0000000000000000000, 1.000000000000000000 ) ) ;
#318 = VECTOR ( 'NONE', #263, 1000.000000000000000 ) ;
#319 = AXIS2_PLACEMENT_3D ( 'NONE', #1379, #679, #1494 ) ;
#320 = FILL_AREA_STYLE_COLOUR ( '', #1492 ) ;
#321 = FILL_AREA_STYLE_COLOUR ( '', #818 ) ;
#322 = EDGE_CURVE ( 'NONE', #540, #745, #1320, .T. ) ;
#323 = CARTESIAN_POINT ( 'NONE',  ( 0.0000000000000000000, 0.0000000000000000000, -4.150000000000002100 ) ) ;
#324 = ORIENTED_EDGE ( 'NONE', *, *, #1243, .T. ) ;
#325 = DIRECTION ( 'NONE',  ( 0.0000000000000000000, -1.392757777031960500E-014, 1.000000000000000000 ) ) ;
#326 = DIRECTION ( 'NONE',  ( 0.0000000000000000000, 0.0000000000000000000, -1.000000000000000000 ) ) ;
#327 = VERTEX_POINT ( 'NONE', #940 ) ;
#328 = UNCERTAINTY_MEASURE_WITH_UNIT (LENGTH_MEASURE( 1.000000000000000100E-005 ), #450, 'distance_accuracy_value', 'NONE');
#329 = CIRCLE ( 'NONE', #669, 4.150000000000002100 ) ;
#330 = SURFACE_SIDE_STYLE ('',( #1305 ) ) ;
#331 = DIRECTION ( 'NONE',  ( 0.0000000000000000000, 0.0000000000000000000, -1.000000000000000000 ) ) ;
#332 = SURFACE_STYLE_USAGE ( .BOTH. , #1020 ) ;
#333 = FACE_OUTER_BOUND ( 'NONE', #291, .T. ) ;
#334 = AXIS2_PLACEMENT_3D ( 'NONE', #1221, #533, #1344 ) ;
#335 = ORIENTED_EDGE ( 'NONE', *, *, #930, .T. ) ;
#336 = FILL_AREA_STYLE_COLOUR ( '', #971 ) ;
#337 = CARTESIAN_POINT ( 'NONE',  ( -0.3750000000000000600, 52.50000000000001400, 1.000000000000007800 ) ) ;
#338 = ORIENTED_EDGE ( 'NONE', *, *, #1452, .T. ) ;
#339 = CARTESIAN_POINT ( 'NONE',  ( 5.082284216461518100E-016, 49.60000000000000900, 4.150000000000002100 ) ) ;
#340 = EDGE_CURVE ( 'NONE', #1314, #1075, #100, .T. ) ;
#341 = CARTESIAN_POINT ( 'NONE',  ( -0.3750000000000000600, 52.50000000000001400, 1.000000000000007800 ) ) ;
#342 = CARTESIAN_POINT ( 'NONE',  ( 0.0000000000000000000, 49.00000000000000000, 0.0000000000000000000 ) ) ;
#343 = DIRECTION ( 'NONE',  ( 0.0000000000000000000, 0.0000000000000000000, 1.000000000000000000 ) ) ;
#344 = SURFACE_STYLE_USAGE ( .BOTH. , #1026 ) ;
#345 = CARTESIAN_POINT ( 'NONE',  ( 7.250000000000005300, 0.1000000000000004800, 0.0000000000000000000 ) ) ;
#346 = DIRECTION ( 'NONE',  ( 0.0000000000000000000, 1.000000000000000000, 0.0000000000000000000 ) ) ;
#347 =( NAMED_UNIT ( * ) PLANE_ANGLE_UNIT ( ) SI_UNIT ( $, .RADIAN. ) );
#348 = CARTESIAN_POINT ( 'NONE',  ( 0.0000000000000000000, 49.60000000000000900, -6.750000000000002700 ) ) ;
#349 =( GEOMETRIC_REPRESENTATION_CONTEXT ( 3 ) GLOBAL_UNCERTAINTY_ASSIGNED_CONTEXT ( ( #392 ) ) GLOBAL_UNIT_ASSIGNED_CONTEXT ( ( #87, #896, #204 ) ) REPRESENTATION_CONTEXT ( 'NONE', 'WORKASPACE' ) );
#350 = PRESENTATION_STYLE_ASSIGNMENT (( #819 ) ) ;
#351 = DIRECTION ( 'NONE',  ( 0.0000000000000000000, -1.000000000000000000, 0.0000000000000000000 ) ) ;
#352 = PRODUCT_DEFINITION_FORMATION_WITH_SPECIFIED_SOURCE ( 'ANY', '', #447, .NOT_KNOWN. ) ;
#353 = SURFACE_SIDE_STYLE ('',( #1370 ) ) ;
#354 = FILL_AREA_STYLE ('',( #807 ) ) ;
#355 = DIRECTION ( 'NONE',  ( 0.0000000000000000000, 1.437166698016966700E-014, 1.000000000000000000 ) ) ;
#356 = DIRECTION ( 'NONE',  ( -0.0000000000000000000, -1.000000000000000000, -0.0000000000000000000 ) ) ;
#357 = EDGE_LOOP ( 'NONE', ( #647, #1409, #401, #285 ) ) ;
#358 = SURFACE_SIDE_STYLE ('',( #1477 ) ) ;
#359 = PRESENTATION_STYLE_ASSIGNMENT (( #753 ) ) ;
#360 = SURFACE_STYLE_USAGE ( .BOTH. , #1046 ) ;
#361 = FACE_OUTER_BOUND ( 'NONE', #1062, .T. ) ;
#362 = STYLED_ITEM ( 'NONE', ( #622 ), #186 ) ;
#363 = DIRECTION ( 'NONE',  ( -0.0000000000000000000, -1.000000000000000000, -0.0000000000000000000 ) ) ;
#364 =( LENGTH_UNIT ( ) NAMED_UNIT ( * ) SI_UNIT ( .MILLI., .METRE. ) );
#365 = MECHANICAL_DESIGN_GEOMETRIC_PRESENTATION_REPRESENTATION (  '', ( #121 ), #434 ) ;
#366 = CARTESIAN_POINT ( 'NONE',  ( 0.3750000000000000600, 52.50000000000001400, 1.000000000000007800 ) ) ;
#367 = EDGE_CURVE ( 'NONE', #538, #1183, #690, .T. ) ;
#368 = DIRECTION ( 'NONE',  ( 0.0000000000000000000, 0.0000000000000000000, 1.000000000000000000 ) ) ;
#369 =( NAMED_UNIT ( * ) PLANE_ANGLE_UNIT ( ) SI_UNIT ( $, .RADIAN. ) );
#370 = DIRECTION ( 'NONE',  ( -0.0000000000000000000, -1.000000000000000000, -0.0000000000000000000 ) ) ;
#371 = SURFACE_STYLE_FILL_AREA ( #221 ) ;
#372 = DIRECTION ( 'NONE',  ( -0.0000000000000000000, -1.000000000000000000, -0.0000000000000000000 ) ) ;
#373 = DIRECTION ( 'NONE',  ( 0.0000000000000000000, -1.000000000000000000, -1.387778780781444400E-014 ) ) ;
#374 = MECHANICAL_DESIGN_GEOMETRIC_PRESENTATION_REPRESENTATION (  '', ( #198 ), #440 ) ;
#375 = FACE_OUTER_BOUND ( 'NONE', #200, .T. ) ;
#376 = CYLINDRICAL_SURFACE ( 'NONE', #1300, 4.150000000000002100 ) ;
#377 = PLANE ( 'NONE',  #992 ) ;
#378 = ORIENTED_EDGE ( 'NONE', *, *, #1194, .T. ) ;
#379 = DIRECTION ( 'NONE',  ( 0.0000000000000000000, 0.0000000000000000000, -1.000000000000000000 ) ) ;
#380 = FACE_OUTER_BOUND ( 'NONE', #571, .T. ) ;
#381 = DIRECTION ( 'NONE',  ( 0.0000000000000000000, 1.000000000000000000, 0.0000000000000000000 ) ) ;
#382 = EDGE_LOOP ( 'NONE', ( #720, #542, #724, #1458 ) ) ;
#383 = CIRCLE ( 'NONE', #894, 0.5000000000000000000 ) ;
#384 = ORIENTED_EDGE ( 'NONE', *, *, #124, .F. ) ;
#385 = AXIS2_PLACEMENT_3D ( 'NONE', #1275, #1257, #351 ) ;
#386 = VERTEX_POINT ( 'NONE', #448 ) ;
#387 = APPLICATION_PROTOCOL_DEFINITION ( 'draft international standard', 'automotive_design', 1998, #500 ) ;
#388 =( GEOMETRIC_REPRESENTATION_CONTEXT ( 3 ) GLOBAL_UNCERTAINTY_ASSIGNED_CONTEXT ( ( #1296 ) ) GLOBAL_UNIT_ASSIGNED_CONTEXT ( ( #1413, #711, #17 ) ) REPRESENTATION_CONTEXT ( 'NONE', 'WORKASPACE' ) );
#389 = DIRECTION ( 'NONE',  ( 0.0000000000000000000, 0.0000000000000000000, 1.000000000000000000 ) ) ;
#390 = STYLED_ITEM ( 'NONE', ( #1030 ), #65 ) ;
#391 = PRODUCT_CONTEXT ( 'NONE', #500, 'mechanical' ) ;
#392 = UNCERTAINTY_MEASURE_WITH_UNIT (LENGTH_MEASURE( 1.000000000000000100E-005 ), #87, 'distance_accuracy_value', 'NONE');
#393 =( NAMED_UNIT ( * ) PLANE_ANGLE_UNIT ( ) SI_UNIT ( $, .RADIAN. ) );
#394 = TOROIDAL_SURFACE ( 'NONE', #598, 2.249999999999999600, 0.5000000000000000000 ) ;
#395 = CIRCLE ( 'NONE', #867, 0.3750000000000003300 ) ;
#396 = ORIENTED_EDGE ( 'NONE', *, *, #1111, .F. ) ;
#397 = EDGE_CURVE ( 'NONE', #540, #1371, #993, .T. ) ;
#398 = CIRCLE ( 'NONE', #334, 0.3750000000000003300 ) ;
#399 = FACE_OUTER_BOUND ( 'NONE', #178, .T. ) ;
#400 = CIRCLE ( 'NONE', #629, 7.350000000000003200 ) ;
#401 = ORIENTED_EDGE ( 'NONE', *, *, #66, .T. ) ;
#402 = DIRECTION ( 'NONE',  ( 0.0000000000000000000, 0.0000000000000000000, -1.000000000000000000 ) ) ;
#403 = SURFACE_STYLE_USAGE ( .BOTH. , #1084 ) ;
#404 = PRESENTATION_LAYER_ASSIGNMENT (  '', '', ( #315 ) ) ;
#405 = SURFACE_STYLE_USAGE ( .BOTH. , #1089 ) ;
#406 = SURFACE_SIDE_STYLE ('',( #1108 ) ) ;
#407 = MECHANICAL_DESIGN_GEOMETRIC_PRESENTATION_REPRESENTATION (  '', ( #254 ), #490 ) ;
#408 =( LENGTH_UNIT ( ) NAMED_UNIT ( * ) SI_UNIT ( .MILLI., .METRE. ) );
#409 = ORIENTED_EDGE ( 'NONE', *, *, #193, .T. ) ;
#410 = PRESENTATION_LAYER_ASSIGNMENT (  '', '', ( #259 ) ) ;
#411 = CIRCLE ( 'NONE', #1504, 0.3750000000000000600 ) ;
#412 = CARTESIAN_POINT ( 'NONE',  ( 0.0000000000000000000, 0.0000000000000000000, -7.350000000000003200 ) ) ;
#413 = FACE_BOUND ( 'NONE', #653, .T. ) ;
#414 = EDGE_CURVE ( 'NONE', #1110, #90, #1278, .T. ) ;
#415 = ORIENTED_EDGE ( 'NONE', *, *, #661, .T. ) ;
#416 = ORIENTED_EDGE ( 'NONE', *, *, #872, .T. ) ;
#417 = VERTEX_POINT ( 'NONE', #212 ) ;
#418 = AXIS2_PLACEMENT_3D ( 'NONE', #43, #1335, #746 ) ;
#419 = EDGE_CURVE ( 'NONE', #59, #745, #395, .T. ) ;
#420 = COLOUR_RGB ( '',0.8000000000000000400, 0.8078431372549019800, 0.8000000000000000400 ) ;
#421 = TOROIDAL_SURFACE ( 'NONE', #634, 2.249999999999999600, 0.5000000000000000000 ) ;
#422 = DIRECTION ( 'NONE',  ( 0.0000000000000000000, 0.0000000000000000000, 1.000000000000000000 ) ) ;
#423 = PRESENTATION_STYLE_ASSIGNMENT (( #1048 ) ) ;
#424 = PRESENTATION_STYLE_ASSIGNMENT (( #1154 ) ) ;
#425 = AXIS2_PLACEMENT_3D ( 'NONE', #1145, #455, #1270 ) ;
#426 = EDGE_LOOP ( 'NONE', ( #575, #176, #1460, #897, #1325 ) ) ;
#427 = ADVANCED_FACE ( 'NONE', ( #962, #1390 ), #1021, .T. ) ;
#428 = PRODUCT_RELATED_PRODUCT_CATEGORY ( 'part', '', ( #447 ) ) ;
#429 = DIRECTION ( 'NONE',  ( 1.000000000000000000, 0.0000000000000000000, 0.0000000000000000000 ) ) ;
#430 = UNCERTAINTY_MEASURE_WITH_UNIT (LENGTH_MEASURE( 1.000000000000000100E-005 ), #1215, 'distance_accuracy_value', 'NONE');
#431 = AXIS2_PLACEMENT_3D ( 'NONE', #111, #1288, #596 ) ;
#432 =( LENGTH_UNIT ( ) NAMED_UNIT ( * ) SI_UNIT ( .MILLI., .METRE. ) );
#433 = ADVANCED_FACE ( 'NONE', ( #399 ), #554, .T. ) ;
#434 =( GEOMETRIC_REPRESENTATION_CONTEXT ( 3 ) GLOBAL_UNCERTAINTY_ASSIGNED_CONTEXT ( ( #1397 ) ) GLOBAL_UNIT_ASSIGNED_CONTEXT ( ( #1398, #703, #4 ) ) REPRESENTATION_CONTEXT ( 'NONE', 'WORKASPACE' ) );
#435 = DIRECTION ( 'NONE',  ( 0.0000000000000000000, 1.000000000000000000, 0.0000000000000000000 ) ) ;
#436 = EDGE_CURVE ( 'NONE', #131, #165, #862, .T. ) ;
#437 = SURFACE_SIDE_STYLE ('',( #717 ) ) ;
#438 = VERTEX_POINT ( 'NONE', #1395 ) ;
#439 = SURFACE_SIDE_STYLE ('',( #927 ) ) ;
#440 =( GEOMETRIC_REPRESENTATION_CONTEXT ( 3 ) GLOBAL_UNCERTAINTY_ASSIGNED_CONTEXT ( ( #544 ) ) GLOBAL_UNIT_ASSIGNED_CONTEXT ( ( #1076, #393, #1203 ) ) REPRESENTATION_CONTEXT ( 'NONE', 'WORKASPACE' ) );
#441 = CIRCLE ( 'NONE', #907, 0.3749999999999998900 ) ;
#442 = CARTESIAN_POINT ( 'NONE',  ( 0.0000000000000000000, 0.0000000000000000000, 0.0000000000000000000 ) ) ;
#443 = FACE_OUTER_BOUND ( 'NONE', #1152, .T. ) ;
#444 = EDGE_LOOP ( 'NONE', ( #304, #1223 ) ) ;
#445 = DIRECTION ( 'NONE',  ( -0.0000000000000000000, -1.000000000000000000, -0.0000000000000000000 ) ) ;
#446 = ORIENTED_EDGE ( 'NONE', *, *, #1002, .F. ) ;
#447 = PRODUCT ( 'AA Battery', 'AA Battery', '', ( #391 ) ) ;
#448 = CARTESIAN_POINT ( 'NONE',  ( 4.592425496802574800E-017, -1.625000000000001600, 10.99999999999999500 ) ) ;
#449 = VERTEX_POINT ( 'NONE', #468 ) ;
#450 =( LENGTH_UNIT ( ) NAMED_UNIT ( * ) SI_UNIT ( .MILLI., .METRE. ) );
#451 = PRESENTATION_LAYER_ASSIGNMENT (  '', '', ( #207 ) ) ;
#452 =( NAMED_UNIT ( * ) PLANE_ANGLE_UNIT ( ) SI_UNIT ( $, .RADIAN. ) );
#453 = FILL_AREA_STYLE_COLOUR ( '', #182 ) ;
#454 = PRESENTATION_LAYER_ASSIGNMENT (  '', '', ( #539 ) ) ;
#455 = DIRECTION ( 'NONE',  ( -1.000000000000000000, 0.0000000000000000000, 0.0000000000000000000 ) ) ;
#456 = DIRECTION ( 'NONE',  ( -0.0000000000000000000, -1.000000000000000000, -0.0000000000000000000 ) ) ;
#457 = DIRECTION ( 'NONE',  ( 0.0000000000000000000, 0.0000000000000000000, -1.000000000000000000 ) ) ;
#458 = COLOUR_RGB ( '',1.000000000000000000, 1.000000000000000000, 1.000000000000000000 ) ;
#459 = AXIS2_PLACEMENT_3D ( 'NONE', #1198, #502, #402 ) ;
#460 =( NAMED_UNIT ( * ) PLANE_ANGLE_UNIT ( ) SI_UNIT ( $, .RADIAN. ) );
#461 = DIRECTION ( 'NONE',  ( 0.0000000000000000000, 0.0000000000000000000, -1.000000000000000000 ) ) ;
#462 = CIRCLE ( 'NONE', #1427, 4.150000000000002100 ) ;
#463 =( NAMED_UNIT ( * ) PLANE_ANGLE_UNIT ( ) SI_UNIT ( $, .RADIAN. ) );
#464 = ORIENTED_EDGE ( 'NONE', *, *, #1243, .F. ) ;
#465 = DIRECTION ( 'NONE',  ( 0.0000000000000000000, 1.437166698016966700E-014, 1.000000000000000000 ) ) ;
#466 = SURFACE_SIDE_STYLE ('',( #834 ) ) ;
#467 = STYLED_ITEM ( 'NONE', ( #570 ), #1115 ) ;
#468 = CARTESIAN_POINT ( 'NONE',  ( 0.0000000000000000000, 0.6000000000000006400, -7.350000000000003200 ) ) ;
#469 =( LENGTH_UNIT ( ) NAMED_UNIT ( * ) SI_UNIT ( .MILLI., .METRE. ) );
#470 = ADVANCED_FACE ( 'NONE', ( #288, #250 ), #237, .T. ) ;
#471 = EDGE_CURVE ( 'NONE', #908, #1310, #132, .T. ) ;
#472 = FILL_AREA_STYLE ('',( #580 ) ) ;
#473 = SURFACE_STYLE_USAGE ( .BOTH. , #1165 ) ;
#474 = CARTESIAN_POINT ( 'NONE',  ( 3.673940397442059900E-016, 3.410181068218504700E-017, -2.500000000000000000 ) ) ;
#475 = SURFACE_SIDE_STYLE ('',( #728 ) ) ;
#476 =( LENGTH_UNIT ( ) NAMED_UNIT ( * ) SI_UNIT ( .MILLI., .METRE. ) );
#477 =( NAMED_UNIT ( * ) PLANE_ANGLE_UNIT ( ) SI_UNIT ( $, .RADIAN. ) );
#478 = CARTESIAN_POINT ( 'NONE',  ( 0.0000000000000000000, -0.9999999999999928900, -1.224646799147344300E-016 ) ) ;
#479 =( NAMED_UNIT ( * ) SI_UNIT ( $, .STERADIAN. ) SOLID_ANGLE_UNIT ( ) );
#480 = FACE_BOUND ( 'NONE', #1130, .T. ) ;
#481 = MECHANICAL_DESIGN_GEOMETRIC_PRESENTATION_REPRESENTATION (  '', ( #315 ), #551 ) ;
#482 = FACE_BOUND ( 'NONE', #1216, .T. ) ;
#483 = DIRECTION ( 'NONE',  ( 0.0000000000000000000, 1.000000000000000000, 0.0000000000000000000 ) ) ;
#484 = ADVANCED_BREP_SHAPE_REPRESENTATION ( 'AA Battery', ( #67, #184 ), #1074 ) ;
#485 = PRESENTATION_STYLE_ASSIGNMENT (( #1374 ) ) ;
#486 = FILL_AREA_STYLE ('',( #597 ) ) ;
#487 = ORIENTED_EDGE ( 'NONE', *, *, #260, .T. ) ;
#488 = DIRECTION ( 'NONE',  ( 1.000000000000000000, 0.0000000000000000000, -1.224646799147353200E-016 ) ) ;
#489 = PRESENTATION_STYLE_ASSIGNMENT (( #275 ) ) ;
#490 =( GEOMETRIC_REPRESENTATION_CONTEXT ( 3 ) GLOBAL_UNCERTAINTY_ASSIGNED_CONTEXT ( ( #217 ) ) GLOBAL_UNIT_ASSIGNED_CONTEXT ( ( #133, #947, #262 ) ) REPRESENTATION_CONTEXT ( 'NONE', 'WORKASPACE' ) );
#491 = CARTESIAN_POINT ( 'NONE',  ( 4.592425496802575500E-017, 50.50000000000000000, 0.3750000000000000600 ) ) ;
#492 = CIRCLE ( 'NONE', #735, 0.3750000000000000600 ) ;
#493 = ORIENTED_EDGE ( 'NONE', *, *, #879, .T. ) ;
#494 = SURFACE_SIDE_STYLE ('',( #1360 ) ) ;
#495 = MECHANICAL_DESIGN_GEOMETRIC_PRESENTATION_REPRESENTATION (  '', ( #259 ), #561 ) ;
#496 = ORIENTED_EDGE ( 'NONE', *, *, #648, .T. ) ;
#497 = EDGE_CURVE ( 'NONE', #864, #1314, #747, .T. ) ;
#498 = PRESENTATION_LAYER_ASSIGNMENT (  '', '', ( #267 ) ) ;
#499 = CIRCLE ( 'NONE', #1470, 4.150000000000002100 ) ;
#500 = APPLICATION_CONTEXT ( 'automotive_design' ) ;
#501 = UNCERTAINTY_MEASURE_WITH_UNIT (LENGTH_MEASURE( 1.000000000000000100E-005 ), #1053, 'distance_accuracy_value', 'NONE');
#502 = DIRECTION ( 'NONE',  ( -0.0000000000000000000, -1.000000000000000000, -0.0000000000000000000 ) ) ;
#503 = SURFACE_SIDE_STYLE ('',( #824 ) ) ;
#504 = ORIENTED_EDGE ( 'NONE', *, *, #784, .F. ) ;
#505 = EDGE_CURVE ( 'NONE', #1435, #297, #441, .T. ) ;
#506 = ORIENTED_EDGE ( 'NONE', *, *, #981, .F. ) ;
#507 = ORIENTED_EDGE ( 'NONE', *, *, #601, .F. ) ;
#508 = APPLICATION_PROTOCOL_DEFINITION ( 'draft international standard', 'automotive_design', 1998, #1202 ) ;
#509 = COLOUR_RGB ( '',0.8000000000000000400, 0.8078431372549019800, 0.8000000000000000400 ) ;
#510 = SURFACE_STYLE_FILL_AREA ( #681 ) ;
#511 = FACE_OUTER_BOUND ( 'NONE', #1143, .T. ) ;
#512 = CARTESIAN_POINT ( 'NONE',  ( 0.0000000000000000000, 49.60000000000000900, 0.0000000000000000000 ) ) ;
#513 = AXIS2_PLACEMENT_3D ( 'NONE', #787, #95, #903 ) ;
#514 = CARTESIAN_POINT ( 'NONE',  ( 0.0000000000000000000, 0.1000000000000004800, 0.0000000000000000000 ) ) ;
#515 = CARTESIAN_POINT ( 'NONE',  ( 0.0000000000000000000, 0.1000000000000002600, 0.0000000000000000000 ) ) ;
#516 = DIRECTION ( 'NONE',  ( 1.000000000000000000, -0.0000000000000000000, 1.224646799147353200E-016 ) ) ;
#517 = VECTOR ( 'NONE', #1307, 1000.000000000000000 ) ;
#518 = MECHANICAL_DESIGN_GEOMETRIC_PRESENTATION_REPRESENTATION (  '', ( #362 ), #593 ) ;
#519 =( NAMED_UNIT ( * ) PLANE_ANGLE_UNIT ( ) SI_UNIT ( $, .RADIAN. ) );
#520 = SURFACE_STYLE_FILL_AREA ( #354 ) ;
#521 = AXIS2_PLACEMENT_3D ( 'NONE', #1297, #594, #1404 ) ;
#522 = VECTOR ( 'NONE', #445, 1000.000000000000000 ) ;
#523 = EDGE_LOOP ( 'NONE', ( #1098, #1224, #627, #1105 ) ) ;
#524 =( NAMED_UNIT ( * ) PLANE_ANGLE_UNIT ( ) SI_UNIT ( $, .RADIAN. ) );
#525 = EDGE_CURVE ( 'NONE', #131, #864, #1341, .T. ) ;
#526 = PRESENTATION_STYLE_ASSIGNMENT (( #1318 ) ) ;
#527 = LINE ( 'NONE', #1255, #1414 ) ;
#528 = ORIENTED_EDGE ( 'NONE', *, *, #505, .F. ) ;
#529 =( LENGTH_UNIT ( ) NAMED_UNIT ( * ) SI_UNIT ( .MILLI., .METRE. ) );
#530 =( NAMED_UNIT ( * ) SI_UNIT ( $, .STERADIAN. ) SOLID_ANGLE_UNIT ( ) );
#531 = ORIENTED_EDGE ( 'NONE', *, *, #84, .T. ) ;
#532 = AXIS2_PLACEMENT_3D ( 'NONE', #1150, #1502, #1322 ) ;
#533 = DIRECTION ( 'NONE',  ( 0.0000000000000000000, -1.392757777031960500E-014, 1.000000000000000000 ) ) ;
#534 = CONICAL_SURFACE ( 'NONE', #637, 2.500000000000000000, 1.471127674303734500 ) ;
#535 = PRESENTATION_STYLE_ASSIGNMENT (( #587 ) ) ;
#536 = FACE_OUTER_BOUND ( 'NONE', #796, .T. ) ;
#537 = MECHANICAL_DESIGN_GEOMETRIC_PRESENTATION_REPRESENTATION (  '', ( #207 ), #611 ) ;
#538 = VERTEX_POINT ( 'NONE', #366 ) ;
#539 = STYLED_ITEM ( 'NONE', ( #160 ), #1471 ) ;
#540 = VERTEX_POINT ( 'NONE', #599 ) ;
#541 = PRESENTATION_LAYER_ASSIGNMENT (  '', '', ( #390 ) ) ;
#542 = ORIENTED_EDGE ( 'NONE', *, *, #233, .T. ) ;
#543 = ADVANCED_FACE ( 'NONE', ( #413, #1312 ), #774, .T. ) ;
#544 = UNCERTAINTY_MEASURE_WITH_UNIT (LENGTH_MEASURE( 1.000000000000000100E-005 ), #1076, 'distance_accuracy_value', 'NONE');
#545 = AXIS2_PLACEMENT_3D ( 'NONE', #1442, #739, #41 ) ;
#546 = CARTESIAN_POINT ( 'NONE',  ( 0.0000000000000000000, 0.0000000000000000000, 0.0000000000000000000 ) ) ;
#547 = EDGE_CURVE ( 'NONE', #974, #1092, #1196, .T. ) ;
#548 = CIRCLE ( 'NONE', #1055, 2.249999999999999600 ) ;
#549 = ADVANCED_FACE ( 'NONE', ( #300 ), #169, .T. ) ;
#550 =( NAMED_UNIT ( * ) SI_UNIT ( $, .STERADIAN. ) SOLID_ANGLE_UNIT ( ) );
#551 =( GEOMETRIC_REPRESENTATION_CONTEXT ( 3 ) GLOBAL_UNCERTAINTY_ASSIGNED_CONTEXT ( ( #1078 ) ) GLOBAL_UNIT_ASSIGNED_CONTEXT ( ( #432, #1242, #550 ) ) REPRESENTATION_CONTEXT ( 'NONE', 'WORKASPACE' ) );
#552 = ORIENTED_EDGE ( 'NONE', *, *, #322, .F. ) ;
#553 = CIRCLE ( 'NONE', #726, 0.6000000000000007500 ) ;
#554 = CYLINDRICAL_SURFACE ( 'NONE', #385, 0.3749999999999998900 ) ;
#555 = CIRCLE ( 'NONE', #1412, 2.500000000000000000 ) ;
#556 = VERTEX_POINT ( 'NONE', #1260 ) ;
#557 =( LENGTH_UNIT ( ) NAMED_UNIT ( * ) SI_UNIT ( .MILLI., .METRE. ) );
#558 =( LENGTH_UNIT ( ) NAMED_UNIT ( * ) SI_UNIT ( .MILLI., .METRE. ) );
#559 = AXIS2_PLACEMENT_3D ( 'NONE', #23, #835, #139 ) ;
#560 = DIRECTION ( 'NONE',  ( -1.000000000000000000, 0.0000000000000000000, 0.0000000000000000000 ) ) ;
#561 =( GEOMETRIC_REPRESENTATION_CONTEXT ( 3 ) GLOBAL_UNCERTAINTY_ASSIGNED_CONTEXT ( ( #591 ) ) GLOBAL_UNIT_ASSIGNED_CONTEXT ( ( #1151, #460, #1273 ) ) REPRESENTATION_CONTEXT ( 'NONE', 'WORKASPACE' ) );
#562 = DIRECTION ( 'NONE',  ( -0.0000000000000000000, -1.000000000000000000, -0.0000000000000000000 ) ) ;
#563 = SURFACE_SIDE_STYLE ('',( #770 ) ) ;
#564 = PRESENTATION_STYLE_ASSIGNMENT (( #1290 ) ) ;
#565 = EDGE_CURVE ( 'NONE', #1331, #273, #1096, .T. ) ;
#566 = CYLINDRICAL_SURFACE ( 'NONE', #761, 4.150000000000002100 ) ;
#567 = VERTEX_POINT ( 'NONE', #1138 ) ;
#568 =( NAMED_UNIT ( * ) SI_UNIT ( $, .STERADIAN. ) SOLID_ANGLE_UNIT ( ) );
#569 = DIRECTION ( 'NONE',  ( 0.0000000000000000000, -1.392757777031960500E-014, 1.000000000000000000 ) ) ;
#570 = PRESENTATION_STYLE_ASSIGNMENT (( #405 ) ) ;
#571 = EDGE_LOOP ( 'NONE', ( #779, #600 ) ) ;
#572 = MECHANICAL_DESIGN_GEOMETRIC_PRESENTATION_REPRESENTATION (  '', ( #267 ), #646 ) ;
#573 = DIRECTION ( 'NONE',  ( 0.0000000000000000000, -1.392757777031960500E-014, 1.000000000000000000 ) ) ;
#574 = PRESENTATION_STYLE_ASSIGNMENT (( #782 ) ) ;
#575 = ORIENTED_EDGE ( 'NONE', *, *, #1172, .F. ) ;
#576 = EDGE_CURVE ( 'NONE', #996, #1016, #1415, .T. ) ;
#577 = SURFACE_SIDE_STYLE ('',( #1486 ) ) ;
#578 = CARTESIAN_POINT ( 'NONE',  ( 0.0000000000000000000, 0.0000000000000000000, 0.0000000000000000000 ) ) ;
#579 = CARTESIAN_POINT ( 'NONE',  ( 0.0000000000000000000, 50.00000000000000000, 0.0000000000000000000 ) ) ;
#580 = FILL_AREA_STYLE_COLOUR ( '', #1068 ) ;
#581 = CARTESIAN_POINT ( 'NONE',  ( 0.0000000000000000000, 0.0000000000000000000, 0.0000000000000000000 ) ) ;
#582 = CARTESIAN_POINT ( 'NONE',  ( 3.061616997868382200E-016, 50.50000000000000000, -2.249999999999999600 ) ) ;
#583 = AXIS2_PLACEMENT_3D ( 'NONE', #442, #1133, #326 ) ;
#584 =( LENGTH_UNIT ( ) NAMED_UNIT ( * ) SI_UNIT ( .MILLI., .METRE. ) );
#585 = CIRCLE ( 'NONE', #1490, 0.3749999999999998900 ) ;
#586 =( NAMED_UNIT ( * ) SI_UNIT ( $, .STERADIAN. ) SOLID_ANGLE_UNIT ( ) );
#587 = SURFACE_STYLE_USAGE ( .BOTH. , #1285 ) ;
#588 =( NAMED_UNIT ( * ) PLANE_ANGLE_UNIT ( ) SI_UNIT ( $, .RADIAN. ) );
#589 =( LENGTH_UNIT ( ) NAMED_UNIT ( * ) SI_UNIT ( .MILLI., .METRE. ) );
#590 =( NAMED_UNIT ( * ) SI_UNIT ( $, .STERADIAN. ) SOLID_ANGLE_UNIT ( ) );
#591 = UNCERTAINTY_MEASURE_WITH_UNIT (LENGTH_MEASURE( 1.000000000000000100E-005 ), #1151, 'distance_accuracy_value', 'NONE');
#592 = EDGE_LOOP ( 'NONE', ( #1489, #1268, #1261, #875 ) ) ;
#593 =( GEOMETRIC_REPRESENTATION_CONTEXT ( 3 ) GLOBAL_UNCERTAINTY_ASSIGNED_CONTEXT ( ( #1022 ) ) GLOBAL_UNIT_ASSIGNED_CONTEXT ( ( #1033, #347, #1158 ) ) REPRESENTATION_CONTEXT ( 'NONE', 'WORKASPACE' ) );
#594 = DIRECTION ( 'NONE',  ( -0.0000000000000000000, -1.000000000000000000, -0.0000000000000000000 ) ) ;
#595 = FILL_AREA_STYLE ('',( #1298 ) ) ;
#596 = DIRECTION ( 'NONE',  ( 0.0000000000000000000, 0.0000000000000000000, -1.000000000000000000 ) ) ;
#597 = FILL_AREA_STYLE_COLOUR ( '', #620 ) ;
#598 = AXIS2_PLACEMENT_3D ( 'NONE', #1499, #118, #931 ) ;
#599 = CARTESIAN_POINT ( 'NONE',  ( 4.592425496802575500E-017, 51.50000000000000000, 0.3750000000000001100 ) ) ;
#600 = ORIENTED_EDGE ( 'NONE', *, *, #601, .T. ) ;
#601 = EDGE_CURVE ( 'NONE', #170, #1387, #775, .T. ) ;
#602 = DIRECTION ( 'NONE',  ( -0.0000000000000000000, -1.000000000000000000, -0.0000000000000000000 ) ) ;
#603 = SURFACE_STYLE_USAGE ( .BOTH. , #1302 ) ;
#604 = PLANE ( 'NONE',  #319 ) ;
#605 =( LENGTH_UNIT ( ) NAMED_UNIT ( * ) SI_UNIT ( .MILLI., .METRE. ) );
#606 = CARTESIAN_POINT ( 'NONE',  ( 0.0000000000000000000, -0.9999999999999928900, -1.224646799147344300E-016 ) ) ;
#607 = VERTEX_POINT ( 'NONE', #339 ) ;
#608 = ORIENTED_EDGE ( 'NONE', *, *, #1220, .F. ) ;
#609 = CARTESIAN_POINT ( 'NONE',  ( 0.0000000000000000000, 50.50000000000000000, 2.249999999999999600 ) ) ;
#610 = COLOUR_RGB ( '',1.000000000000000000, 1.000000000000000000, 1.000000000000000000 ) ;
#611 =( GEOMETRIC_REPRESENTATION_CONTEXT ( 3 ) GLOBAL_UNCERTAINTY_ASSIGNED_CONTEXT ( ( #912 ) ) GLOBAL_UNIT_ASSIGNED_CONTEXT ( ( #476, #1293, #590 ) ) REPRESENTATION_CONTEXT ( 'NONE', 'WORKASPACE' ) );
#612 = EDGE_LOOP ( 'NONE', ( #135, #911, #24, #1495 ) ) ;
#613 = FILL_AREA_STYLE ('',( #1317 ) ) ;
#614 = AXIS2_PLACEMENT_3D ( 'NONE', #1176, #249, #130 ) ;
#615 = ORIENTED_EDGE ( 'NONE', *, *, #42, .T. ) ;
#616 =( LENGTH_UNIT ( ) NAMED_UNIT ( * ) SI_UNIT ( .MILLI., .METRE. ) );
#617 = MECHANICAL_DESIGN_GEOMETRIC_PRESENTATION_REPRESENTATION (  '', ( #390 ), #688 ) ;
#618 = CARTESIAN_POINT ( 'NONE',  ( 3.367778697655220500E-016, 0.0000000000000000000, 2.749999999999999600 ) ) ;
#619 = DIRECTION ( 'NONE',  ( 0.0000000000000000000, 0.0000000000000000000, -1.000000000000000000 ) ) ;
#620 = COLOUR_RGB ( '',0.8000000000000000400, 0.8078431372549019800, 0.8000000000000000400 ) ;
#621 = PRESENTATION_LAYER_ASSIGNMENT (  '', '', ( #467 ) ) ;
#622 = PRESENTATION_STYLE_ASSIGNMENT (( #226 ) ) ;
#623 = DIRECTION ( 'NONE',  ( 0.0000000000000000000, 0.0000000000000000000, -1.000000000000000000 ) ) ;
#624 = DIRECTION ( 'NONE',  ( 0.0000000000000000000, 0.0000000000000000000, -1.000000000000000000 ) ) ;
#625 = COLOUR_RGB ( '',1.000000000000000000, 1.000000000000000000, 1.000000000000000000 ) ;
#626 = EDGE_CURVE ( 'NONE', #1310, #908, #492, .T. ) ;
#627 = ORIENTED_EDGE ( 'NONE', *, *, #1403, .T. ) ;
#628 = DIRECTION ( 'NONE',  ( -0.0000000000000000000, -1.000000000000000000, -0.0000000000000000000 ) ) ;
#629 = AXIS2_PLACEMENT_3D ( 'NONE', #660, #1479, #772 ) ;
#630 = ORIENTED_EDGE ( 'NONE', *, *, #648, .F. ) ;
#631 = CARTESIAN_POINT ( 'NONE',  ( 5.082284216461518100E-016, -6.667843360785854700E-017, 4.150000000000002100 ) ) ;
#632 = CIRCLE ( 'NONE', #913, 0.3750000000000000600 ) ;
#633 =( NAMED_UNIT ( * ) SI_UNIT ( $, .STERADIAN. ) SOLID_ANGLE_UNIT ( ) );
#634 = AXIS2_PLACEMENT_3D ( 'NONE', #1418, #381, #1190 ) ;
#635 = DIRECTION ( 'NONE',  ( -0.0000000000000000000, -1.000000000000000000, -0.0000000000000000000 ) ) ;
#636 = PRESENTATION_STYLE_ASSIGNMENT (( #248 ) ) ;
#637 = AXIS2_PLACEMENT_3D ( 'NONE', #791, #1386, #689 ) ;
#638 = FILL_AREA_STYLE ('',( #984 ) ) ;
#639 = ORIENTED_EDGE ( 'NONE', *, *, #890, .F. ) ;
#640 = EDGE_CURVE ( 'NONE', #8, #996, #1061, .T. ) ;
#641 = EDGE_LOOP ( 'NONE', ( #216, #985, #1315, #776, #552 ) ) ;
#642 = SURFACE_STYLE_FILL_AREA ( #40 ) ;
#643 = COLOUR_RGB ( '',0.8000000000000000400, 0.8078431372549019800, 0.8000000000000000400 ) ;
#644 = ORIENTED_EDGE ( 'NONE', *, *, #981, .T. ) ;
#645 = ORIENTED_EDGE ( 'NONE', *, *, #661, .F. ) ;
#646 =( GEOMETRIC_REPRESENTATION_CONTEXT ( 3 ) GLOBAL_UNCERTAINTY_ASSIGNED_CONTEXT ( ( #1233 ) ) GLOBAL_UNIT_ASSIGNED_CONTEXT ( ( #53, #870, #173 ) ) REPRESENTATION_CONTEXT ( 'NONE', 'WORKASPACE' ) );
#647 = ORIENTED_EDGE ( 'NONE', *, *, #960, .F. ) ;
#648 = EDGE_CURVE ( 'NONE', #438, #1075, #749, .T. ) ;
#649 = UNCERTAINTY_MEASURE_WITH_UNIT (LENGTH_MEASURE( 1.000000000000000100E-005 ), #557, 'distance_accuracy_value', 'NONE');
#650 = ADVANCED_FACE ( 'NONE', ( #443 ), #904, .T. ) ;
#651 = COLOUR_RGB ( '',0.8000000000000000400, 0.8078431372549019800, 0.8000000000000000400 ) ;
#652 = AXIS2_PLACEMENT_3D ( 'NONE', #684, #1497, #795 ) ;
#653 = EDGE_LOOP ( 'NONE', ( #670, #1013 ) ) ;
#654 = ADVANCED_FACE ( 'NONE', ( #333 ), #224, .T. ) ;
#655 = CYLINDRICAL_SURFACE ( 'NONE', #418, 2.749999999999999600 ) ;
#656 = COLOUR_RGB ( '',0.8000000000000000400, 0.8078431372549019800, 0.8000000000000000400 ) ;
#657 = STYLED_ITEM ( 'NONE', ( #769 ), #215 ) ;
#658 = DIRECTION ( 'NONE',  ( -0.0000000000000000000, -1.000000000000000000, -0.0000000000000000000 ) ) ;
#659 = STYLED_ITEM ( 'NONE', ( #350 ), #1249 ) ;
#660 = CARTESIAN_POINT ( 'NONE',  ( 0.0000000000000000000, 0.6000000000000006400, 0.0000000000000000000 ) ) ;
#661 = EDGE_CURVE ( 'NONE', #864, #556, #1109, .T. ) ;
#662 = UNCERTAINTY_MEASURE_WITH_UNIT (LENGTH_MEASURE( 1.000000000000000100E-005 ), #558, 'distance_accuracy_value', 'NONE');
#663 = PRESENTATION_STYLE_ASSIGNMENT (( #344 ) ) ;
#664 =( NAMED_UNIT ( * ) SI_UNIT ( $, .STERADIAN. ) SOLID_ANGLE_UNIT ( ) );
#665 = COLOUR_RGB ( '',1.000000000000000000, 1.000000000000000000, 1.000000000000000000 ) ;
#666 = LINE ( 'NONE', #241, #982 ) ;
#667 =( NAMED_UNIT ( * ) SI_UNIT ( $, .STERADIAN. ) SOLID_ANGLE_UNIT ( ) );
#668 = CARTESIAN_POINT ( 'NONE',  ( 0.0000000000000000000, 52.50000000000001400, 1.000000000000007800 ) ) ;
#669 = AXIS2_PLACEMENT_3D ( 'NONE', #514, #1327, #623 ) ;
#670 = ORIENTED_EDGE ( 'NONE', *, *, #124, .T. ) ;
#671 = COLOUR_RGB ( '',0.8000000000000000400, 0.8078431372549019800, 0.8000000000000000400 ) ;
#672 = FILL_AREA_STYLE ('',( #320 ) ) ;
#673 =( LENGTH_UNIT ( ) NAMED_UNIT ( * ) SI_UNIT ( .MILLI., .METRE. ) );
#674 = CARTESIAN_POINT ( 'NONE',  ( 0.0000000000000000000, 51.50000000000000000, -0.3750000000000000000 ) ) ;
#675 = EDGE_LOOP ( 'NONE', ( #1000, #639 ) ) ;
#676 = CARTESIAN_POINT ( 'NONE',  ( 0.0000000000000000000, 51.50000000000000000, 5.421010862427488300E-017 ) ) ;
#677 = ORIENTED_EDGE ( 'NONE', *, *, #525, .T. ) ;
#678 = DIRECTION ( 'NONE',  ( 0.0000000000000000000, 0.0000000000000000000, -1.000000000000000000 ) ) ;
#679 = DIRECTION ( 'NONE',  ( 0.0000000000000000000, -1.000000000000000000, -0.0000000000000000000 ) ) ;
#680 = ADVANCED_FACE ( 'NONE', ( #511 ), #1292, .T. ) ;
#681 = FILL_AREA_STYLE ('',( #453 ) ) ;
#682 = MECHANICAL_DESIGN_GEOMETRIC_PRESENTATION_REPRESENTATION (  '', ( #539 ), #756 ) ;
#683 = DIRECTION ( 'NONE',  ( 0.0000000000000000000, -1.000000000000000000, -1.387778780781444400E-014 ) ) ;
#684 = CARTESIAN_POINT ( 'NONE',  ( 0.0000000000000000000, 3.410181068218504700E-017, 0.0000000000000000000 ) ) ;
#685 = DIRECTION ( 'NONE',  ( 0.0000000000000000000, 0.0000000000000000000, 1.000000000000000000 ) ) ;
#686 =( LENGTH_UNIT ( ) NAMED_UNIT ( * ) SI_UNIT ( .MILLI., .METRE. ) );
#687 = DIRECTION ( 'NONE',  ( 0.0000000000000000000, 0.0000000000000000000, -1.000000000000000000 ) ) ;
#688 =( GEOMETRIC_REPRESENTATION_CONTEXT ( 3 ) GLOBAL_UNCERTAINTY_ASSIGNED_CONTEXT ( ( #662 ) ) GLOBAL_UNIT_ASSIGNED_CONTEXT ( ( #558, #1367, #667 ) ) REPRESENTATION_CONTEXT ( 'NONE', 'WORKASPACE' ) );
#689 = DIRECTION ( 'NONE',  ( 0.0000000000000000000, 0.0000000000000000000, 1.000000000000000000 ) ) ;
#690 = LINE ( 'NONE', #1067, #63 ) ;
#691 = FILL_AREA_STYLE ('',( #336 ) ) ;
#692 = DIRECTION ( 'NONE',  ( 0.0000000000000000000, 0.0000000000000000000, 1.000000000000000000 ) ) ;
#693 = AXIS2_PLACEMENT_3D ( 'NONE', #342, #1148, #457 ) ;
#694 = PLANE ( 'NONE',  #189 ) ;
#695 = DIRECTION ( 'NONE',  ( -0.0000000000000000000, -1.000000000000000000, -0.0000000000000000000 ) ) ;
#696 =( NAMED_UNIT ( * ) SI_UNIT ( $, .STERADIAN. ) SOLID_ANGLE_UNIT ( ) );
#697 = ORIENTED_EDGE ( 'NONE', *, *, #797, .T. ) ;
#698 = MECHANICAL_DESIGN_GEOMETRIC_PRESENTATION_REPRESENTATION (  '', ( #467 ), #763 ) ;
#699 = UNCERTAINTY_MEASURE_WITH_UNIT (LENGTH_MEASURE( 1.000000000000000100E-005 ), #1211, 'distance_accuracy_value', 'NONE');
#700 = DIRECTION ( 'NONE',  ( 0.0000000000000000000, 0.0000000000000000000, -1.000000000000000000 ) ) ;
#701 = CIRCLE ( 'NONE', #861, 1.375000000000000400 ) ;
#702 = EDGE_CURVE ( 'NONE', #150, #1016, #71, .T. ) ;
#703 =( NAMED_UNIT ( * ) PLANE_ANGLE_UNIT ( ) SI_UNIT ( $, .RADIAN. ) );
#704 = FILL_AREA_STYLE_COLOUR ( '', #1234 ) ;
#705 = ORIENTED_EDGE ( 'NONE', *, *, #367, .F. ) ;
#706 =( NAMED_UNIT ( * ) SI_UNIT ( $, .STERADIAN. ) SOLID_ANGLE_UNIT ( ) );
#707 = CARTESIAN_POINT ( 'NONE',  ( 2.749999999999999600, 49.50000000000000000, 0.0000000000000000000 ) ) ;
#708 = FILL_AREA_STYLE ('',( #1039 ) ) ;
#709 = CARTESIAN_POINT ( 'NONE',  ( 0.0000000000000000000, 0.6000000000000006400, 0.0000000000000000000 ) ) ;
#710 = AXIS2_PLACEMENT_3D ( 'NONE', #1122, #435, #1244 ) ;
#711 =( NAMED_UNIT ( * ) PLANE_ANGLE_UNIT ( ) SI_UNIT ( $, .RADIAN. ) );
#712 = ORIENTED_EDGE ( 'NONE', *, *, #414, .F. ) ;
#713 = AXIS2_PLACEMENT_3D ( 'NONE', #895, #203, #1014 ) ;
#714 = CIRCLE ( 'NONE', #1201, 4.150000000000002100 ) ;
#715 = FILL_AREA_STYLE ('',( #16 ) ) ;
#716 =( NAMED_UNIT ( * ) SI_UNIT ( $, .STERADIAN. ) SOLID_ANGLE_UNIT ( ) );
#717 = SURFACE_STYLE_FILL_AREA ( #1126 ) ;
#718 = STYLED_ITEM ( 'NONE', ( #206 ), #1375 ) ;
#719 = ORIENTED_EDGE ( 'NONE', *, *, #702, .T. ) ;
#720 = ORIENTED_EDGE ( 'NONE', *, *, #1355, .T. ) ;
#721 = EDGE_CURVE ( 'NONE', #449, #1314, #400, .T. ) ;
#722 = DIRECTION ( 'NONE',  ( 0.0000000000000000000, 0.0000000000000000000, 1.000000000000000000 ) ) ;
#723 = DIRECTION ( 'NONE',  ( 0.0000000000000000000, 0.0000000000000000000, -1.000000000000000000 ) ) ;
#724 = ORIENTED_EDGE ( 'NONE', *, *, #547, .T. ) ;
#725 = DIRECTION ( 'NONE',  ( -0.0000000000000000000, -1.000000000000000000, -0.0000000000000000000 ) ) ;
#726 = AXIS2_PLACEMENT_3D ( 'NONE', #272, #1069, #389 ) ;
#727 = SURFACE_STYLE_USAGE ( .BOTH. , #1428 ) ;
#728 = SURFACE_STYLE_FILL_AREA ( #1167 ) ;
#729 =( NAMED_UNIT ( * ) SI_UNIT ( $, .STERADIAN. ) SOLID_ANGLE_UNIT ( ) );
#730 = EDGE_CURVE ( 'NONE', #299, #1435, #701, .T. ) ;
#731 = CIRCLE ( 'NONE', #1396, 0.6250000000000001100 ) ;
#732 = SURFACE_STYLE_FILL_AREA ( #1241 ) ;
#733 = PLANE ( 'NONE',  #750 ) ;
#734 = ORIENTED_EDGE ( 'NONE', *, *, #953, .F. ) ;
#735 = AXIS2_PLACEMENT_3D ( 'NONE', #1029, #346, #1155 ) ;
#736 = ORIENTED_EDGE ( 'NONE', *, *, #436, .T. ) ;
#737 = CARTESIAN_POINT ( 'NONE',  ( 5.082284216461518100E-016, 0.1000000000000004800, 4.150000000000002100 ) ) ;
#738 = AXIS2_PLACEMENT_3D ( 'NONE', #923, #235, #1040 ) ;
#739 = DIRECTION ( 'NONE',  ( 0.0000000000000000000, -1.000000000000000000, -0.0000000000000000000 ) ) ;
#740 = UNCERTAINTY_MEASURE_WITH_UNIT (LENGTH_MEASURE( 1.000000000000000100E-005 ), #140, 'distance_accuracy_value', 'NONE');
#741 = FACE_OUTER_BOUND ( 'NONE', #1256, .T. ) ;
#742 = PRESENTATION_LAYER_ASSIGNMENT (  '', '', ( #659 ) ) ;
#743 = FILL_AREA_STYLE_COLOUR ( '', #665 ) ;
#744 = EDGE_CURVE ( 'NONE', #165, #556, #998, .T. ) ;
#745 = VERTEX_POINT ( 'NONE', #77 ) ;
#746 = DIRECTION ( 'NONE',  ( 0.0000000000000000000, 0.0000000000000000000, -1.000000000000000000 ) ) ;
#747 = LINE ( 'NONE', #122, #1010 ) ;
#748 = CARTESIAN_POINT ( 'NONE',  ( 0.3750000000000000600, 52.50000000000001400, 11.00000000000000000 ) ) ;
#749 = CIRCLE ( 'NONE', #882, 6.750000000000002700 ) ;
#750 = AXIS2_PLACEMENT_3D ( 'NONE', #843, #848, #152 ) ;
#751 = ORIENTED_EDGE ( 'NONE', *, *, #744, .F. ) ;
#752 = EDGE_LOOP ( 'NONE', ( #1210, #504, #1195, #1354 ) ) ;
#753 = SURFACE_STYLE_USAGE ( .BOTH. , #1453 ) ;
#754 = UNCERTAINTY_MEASURE_WITH_UNIT (LENGTH_MEASURE( 1.000000000000000100E-005 ), #1287, 'distance_accuracy_value', 'NONE');
#755 = AXIS2_PLACEMENT_3D ( 'NONE', #1178, #483, #1299 ) ;
#756 =( GEOMETRIC_REPRESENTATION_CONTEXT ( 3 ) GLOBAL_UNCERTAINTY_ASSIGNED_CONTEXT ( ( #1004 ) ) GLOBAL_UNIT_ASSIGNED_CONTEXT ( ( #605, #1419, #716 ) ) REPRESENTATION_CONTEXT ( 'NONE', 'WORKASPACE' ) );
#757 = CIRCLE ( 'NONE', #1328, 0.3749999999999998900 ) ;
#758 = FACE_OUTER_BOUND ( 'NONE', #1443, .T. ) ;
#759 = PRESENTATION_LAYER_ASSIGNMENT (  '', '', ( #846 ) ) ;
#760 = ORIENTED_EDGE ( 'NONE', *, *, #1019, .T. ) ;
#761 = AXIS2_PLACEMENT_3D ( 'NONE', #205, #892, #678 ) ;
#762 = EDGE_LOOP ( 'NONE', ( #507, #839, #303, #228 ) ) ;
#763 =( GEOMETRIC_REPRESENTATION_CONTEXT ( 3 ) GLOBAL_UNCERTAINTY_ASSIGNED_CONTEXT ( ( #430 ) ) GLOBAL_UNIT_ASSIGNED_CONTEXT ( ( #1215, #524, #1336 ) ) REPRESENTATION_CONTEXT ( 'NONE', 'WORKASPACE' ) );
#764 = ADVANCED_FACE ( 'NONE', ( #361 ), #1124, .T. ) ;
#765 = EDGE_CURVE ( 'NONE', #1371, #908, #863, .T. ) ;
#766 = COLOUR_RGB ( '',0.8000000000000000400, 0.8078431372549019800, 0.8000000000000000400 ) ;
#767 = COLOUR_RGB ( '',1.000000000000000000, 1.000000000000000000, 1.000000000000000000 ) ;
#768 = AXIS2_PLACEMENT_3D ( 'NONE', #546, #658, #1475 ) ;
#769 = PRESENTATION_STYLE_ASSIGNMENT (( #473 ) ) ;
#770 = SURFACE_STYLE_FILL_AREA ( #1254 ) ;
#771 = ORIENTED_EDGE ( 'NONE', *, *, #872, .F. ) ;
#772 = DIRECTION ( 'NONE',  ( 0.0000000000000000000, 0.0000000000000000000, -1.000000000000000000 ) ) ;
#773 = LINE ( 'NONE', #96, #168 ) ;
#774 = PLANE ( 'NONE',  #32 ) ;
#775 = CIRCLE ( 'NONE', #652, 2.500000000000000000 ) ;
#776 = ORIENTED_EDGE ( 'NONE', *, *, #290, .F. ) ;
#777 = DIRECTION ( 'NONE',  ( -0.0000000000000000000, -1.000000000000000000, -0.0000000000000000000 ) ) ;
#778 = AXIS2_PLACEMENT_3D ( 'NONE', #676, #1488, #786 ) ;
#779 = ORIENTED_EDGE ( 'NONE', *, *, #784, .T. ) ;
#780 = SURFACE_SIDE_STYLE ('',( #972 ) ) ;
#781 = PRESENTATION_LAYER_ASSIGNMENT (  '', '', ( #718 ) ) ;
#782 = SURFACE_STYLE_USAGE ( .BOTH. , #1482 ) ;
#783 =( NAMED_UNIT ( * ) SI_UNIT ( $, .STERADIAN. ) SOLID_ANGLE_UNIT ( ) );
#784 = EDGE_CURVE ( 'NONE', #1387, #170, #555, .T. ) ;
#785 = DIRECTION ( 'NONE',  ( 0.0000000000000000000, 1.000000000000000000, 0.0000000000000000000 ) ) ;
#786 = DIRECTION ( 'NONE',  ( 0.0000000000000000000, 0.0000000000000000000, 1.000000000000000000 ) ) ;
#787 = CARTESIAN_POINT ( 'NONE',  ( 0.0000000000000000000, 0.0000000000000000000, 0.0000000000000000000 ) ) ;
#788 = VECTOR ( 'NONE', #102, 1000.000000000000000 ) ;
#789 = CARTESIAN_POINT ( 'NONE',  ( 0.0000000000000000000, -1.000000000000000200, 1.000000000000000000 ) ) ;
#790 = CARTESIAN_POINT ( 'NONE',  ( 9.001153973733051500E-016, 49.00000000000000000, 7.350000000000003200 ) ) ;
#791 = CARTESIAN_POINT ( 'NONE',  ( 0.0000000000000000000, 3.410181068218504700E-017, 0.0000000000000000000 ) ) ;
#792 = AXIS2_PLACEMENT_3D ( 'NONE', #49, #296, #1101 ) ;
#793 = SURFACE_STYLE_USAGE ( .BOTH. , #1496 ) ;
#794 = ORIENTED_EDGE ( 'NONE', *, *, #322, .T. ) ;
#795 = DIRECTION ( 'NONE',  ( 0.0000000000000000000, 0.0000000000000000000, -1.000000000000000000 ) ) ;
#796 = EDGE_LOOP ( 'NONE', ( #1364, #39, #1263, #929 ) ) ;
#797 = EDGE_CURVE ( 'NONE', #327, #1183, #825, .T. ) ;
#798 = CIRCLE ( 'NONE', #1376, 0.3750000000000000600 ) ;
#799 =( NAMED_UNIT ( * ) SI_UNIT ( $, .STERADIAN. ) SOLID_ANGLE_UNIT ( ) );
#800 = CARTESIAN_POINT ( 'NONE',  ( 0.0000000000000000000, 3.410181068218504700E-017, 2.500000000000000000 ) ) ;
#801 = COLOUR_RGB ( '',0.8000000000000000400, 0.8078431372549019800, 0.8000000000000000400 ) ;
#802 = EDGE_LOOP ( 'NONE', ( #734, #956, #271, #1212 ) ) ;
#803 = SURFACE_STYLE_USAGE ( .BOTH. , #1505 ) ;
#804 = UNCERTAINTY_MEASURE_WITH_UNIT (LENGTH_MEASURE( 1.000000000000000100E-005 ), #893, 'distance_accuracy_value', 'NONE');
#805 = FILL_AREA_STYLE_COLOUR ( '', #134 ) ;
#806 = DIRECTION ( 'NONE',  ( -0.0000000000000000000, -1.000000000000000000, -0.0000000000000000000 ) ) ;
#807 = FILL_AREA_STYLE_COLOUR ( '', #816 ) ;
#808 = CARTESIAN_POINT ( 'NONE',  ( 0.0000000000000000000, -0.9999999999999928900, 0.3749999999999999400 ) ) ;
#809 = AXIS2_PLACEMENT_3D ( 'NONE', #579, #1391, #692 ) ;
#810 = DIRECTION ( 'NONE',  ( -0.0000000000000000000, -1.000000000000000000, -0.0000000000000000000 ) ) ;
#811 = CARTESIAN_POINT ( 'NONE',  ( 0.0000000000000000000, 52.87500000000000700, 1.000000000000013100 ) ) ;
#812 = DIRECTION ( 'NONE',  ( -1.000000000000000000, -0.0000000000000000000, 0.0000000000000000000 ) ) ;
#813 = DIRECTION ( 'NONE',  ( 1.000000000000000000, 0.0000000000000000000, 0.0000000000000000000 ) ) ;
#814 = LINE ( 'NONE', #255, #517 ) ;
#815 = DIRECTION ( 'NONE',  ( 0.0000000000000000000, -0.0000000000000000000, 1.000000000000000000 ) ) ;
#816 = COLOUR_RGB ( '',1.000000000000000000, 1.000000000000000000, 1.000000000000000000 ) ;
#817 = AXIS2_PLACEMENT_3D ( 'NONE', #1406, #1500, #1281 ) ;
#818 = COLOUR_RGB ( '',0.7921568627450980000, 0.8196078431372548800, 0.9333333333333333500 ) ;
#819 = SURFACE_STYLE_USAGE ( .BOTH. , #10 ) ;
#820 = DIRECTION ( 'NONE',  ( 0.0000000000000000000, 0.0000000000000000000, -1.000000000000000000 ) ) ;
#821 = DIRECTION ( 'NONE',  ( 0.0000000000000000000, 1.437166698016966700E-014, 1.000000000000000000 ) ) ;
#822 = EDGE_LOOP ( 'NONE', ( #531, #34, #1449, #68 ) ) ;
#823 = MECHANICAL_DESIGN_GEOMETRIC_PRESENTATION_REPRESENTATION (  '', ( #659 ), #888 ) ;
#824 = SURFACE_STYLE_FILL_AREA ( #1199 ) ;
#825 = CIRCLE ( 'NONE', #1337, 0.3750000000000003300 ) ;
#826 = EDGE_CURVE ( 'NONE', #170, #567, #527, .T. ) ;
#827 = DIRECTION ( 'NONE',  ( 0.0000000000000000000, 1.000000000000000000, 0.0000000000000000000 ) ) ;
#828 = ORIENTED_EDGE ( 'NONE', *, *, #640, .T. ) ;
#829 = CARTESIAN_POINT ( 'NONE',  ( 4.592425496802575500E-017, -0.9999999999999928900, -0.3750000000000001700 ) ) ;
#830 = SURFACE_STYLE_USAGE ( .BOTH. , #21 ) ;
#831 = AXIS2_PLACEMENT_3D ( 'NONE', #852, #157, #970 ) ;
#832 = CARTESIAN_POINT ( 'NONE',  ( 0.0000000000000000000, 50.50000000000000000, 0.0000000000000000000 ) ) ;
#833 = PRESENTATION_STYLE_ASSIGNMENT (( #727 ) ) ;
#834 = SURFACE_STYLE_FILL_AREA ( #1035 ) ;
#835 = DIRECTION ( 'NONE',  ( 1.000000000000000000, 0.0000000000000000000, 0.0000000000000000000 ) ) ;
#836 = FACE_OUTER_BOUND ( 'NONE', #802, .T. ) ;
#837 = SURFACE_STYLE_FILL_AREA ( #715 ) ;
#838 = CARTESIAN_POINT ( 'NONE',  ( 0.0000000000000000000, 0.0000000000000000000, 0.0000000000000000000 ) ) ;
#839 = ORIENTED_EDGE ( 'NONE', *, *, #826, .T. ) ;
#840 = AXIS2_PLACEMENT_3D ( 'NONE', #707, #9, #815 ) ;
#841 = ORIENTED_EDGE ( 'NONE', *, *, #1002, .T. ) ;
#842 =( NAMED_UNIT ( * ) PLANE_ANGLE_UNIT ( ) SI_UNIT ( $, .RADIAN. ) );
#843 = CARTESIAN_POINT ( 'NONE',  ( 0.0000000000000000000, 52.50000000000001400, 11.00000000000000000 ) ) ;
#844 = ORIENTED_EDGE ( 'NONE', *, *, #1111, .T. ) ;
#845 = DIRECTION ( 'NONE',  ( -1.000000000000000000, -0.0000000000000000000, 0.0000000000000000000 ) ) ;
#846 = STYLED_ITEM ( 'NONE', ( #485 ), #67 ) ;
#847 = EDGE_LOOP ( 'NONE', ( #464, #1362 ) ) ;
#848 = DIRECTION ( 'NONE',  ( 0.0000000000000000000, -1.392757777031960500E-014, 1.000000000000000000 ) ) ;
#849 = STYLED_ITEM ( 'NONE', ( #266 ), #89 ) ;
#850 = CARTESIAN_POINT ( 'NONE',  ( 0.0000000000000000000, 49.50000000000000000, 0.0000000000000000000 ) ) ;
#851 = PRESENTATION_LAYER_ASSIGNMENT (  '', '', ( #926 ) ) ;
#852 = CARTESIAN_POINT ( 'NONE',  ( 0.0000000000000000000, 52.50000000000001400, 1.000000000000007800 ) ) ;
#853 = CIRCLE ( 'NONE', #1303, 4.150000000000002100 ) ;
#854 = CARTESIAN_POINT ( 'NONE',  ( 0.0000000000000000000, 51.50000000000000000, 5.421010862427488300E-017 ) ) ;
#855 = EDGE_CURVE ( 'NONE', #996, #8, #1446, .T. ) ;
#856 = UNCERTAINTY_MEASURE_WITH_UNIT (LENGTH_MEASURE( 1.000000000000000100E-005 ), #1142, 'distance_accuracy_value', 'NONE');
#857 = SURFACE_SIDE_STYLE ('',( #642 ) ) ;
#858 = ORIENTED_EDGE ( 'NONE', *, *, #1194, .F. ) ;
#859 = FILL_AREA_STYLE_COLOUR ( '', #1459 ) ;
#860 = COLOUR_RGB ( '',0.8000000000000000400, 0.8078431372549019800, 0.8000000000000000400 ) ;
#861 = AXIS2_PLACEMENT_3D ( 'NONE', #197, #1007, #317 ) ;
#862 = CIRCLE ( 'NONE', #298, 6.750000000000002700 ) ;
#863 = LINE ( 'NONE', #674, #251 ) ;
#864 = VERTEX_POINT ( 'NONE', #790 ) ;
#865 = FILL_AREA_STYLE_COLOUR ( '', #509 ) ;
#866 = CARTESIAN_POINT ( 'NONE',  ( 3.367778697655220500E-016, 50.00000000000000000, 2.749999999999999600 ) ) ;
#867 = AXIS2_PLACEMENT_3D ( 'NONE', #1267, #573, #1381 ) ;
#868 = MECHANICAL_DESIGN_GEOMETRIC_PRESENTATION_REPRESENTATION (  '', ( #718 ), #950 ) ;
#869 = FACE_OUTER_BOUND ( 'NONE', #641, .T. ) ;
#870 =( NAMED_UNIT ( * ) PLANE_ANGLE_UNIT ( ) SI_UNIT ( $, .RADIAN. ) );
#871 = CIRCLE ( 'NONE', #693, 7.350000000000003200 ) ;
#872 = EDGE_CURVE ( 'NONE', #273, #1331, #1094, .T. ) ;
#873 = ORIENTED_EDGE ( 'NONE', *, *, #1348, .T. ) ;
#874 = FACE_OUTER_BOUND ( 'NONE', #1343, .T. ) ;
#875 = ORIENTED_EDGE ( 'NONE', *, *, #1437, .F. ) ;
#876 = SURFACE_STYLE_FILL_AREA ( #672 ) ;
#877 = STYLED_ITEM ( 'NONE', ( #526 ), #1038 ) ;
#878 = ORIENTED_EDGE ( 'NONE', *, *, #547, .F. ) ;
#879 = EDGE_CURVE ( 'NONE', #297, #386, #773, .T. ) ;
#880 = ADVANCED_FACE ( 'NONE', ( #1060 ), #26, .T. ) ;
#881 = VECTOR ( 'NONE', #356, 1000.000000000000000 ) ;
#882 = AXIS2_PLACEMENT_3D ( 'NONE', #107, #920, #232 ) ;
#883 = CARTESIAN_POINT ( 'NONE',  ( 0.0000000000000000000, 49.00000000000000000, 0.0000000000000000000 ) ) ;
#884 = EDGE_LOOP ( 'NONE', ( #1156, #415, #760, #258 ) ) ;
#885 = ADVANCED_FACE ( 'NONE', ( #54 ), #733, .T. ) ;
#886 = PRESENTATION_LAYER_ASSIGNMENT (  '', '', ( #657 ) ) ;
#887 = ORIENTED_EDGE ( 'NONE', *, *, #1306, .T. ) ;
#888 =( GEOMETRIC_REPRESENTATION_CONTEXT ( 3 ) GLOBAL_UNCERTAINTY_ASSIGNED_CONTEXT ( ( #1116 ) ) GLOBAL_UNIT_ASSIGNED_CONTEXT ( ( #125, #934, #246 ) ) REPRESENTATION_CONTEXT ( 'NONE', 'WORKASPACE' ) );
#889 = ORIENTED_EDGE ( 'NONE', *, *, #505, .T. ) ;
#890 = EDGE_CURVE ( 'NONE', #949, #1284, #329, .T. ) ;
#891 = DIRECTION ( 'NONE',  ( 0.0000000000000000000, 1.000000000000000000, 0.0000000000000000000 ) ) ;
#892 = DIRECTION ( 'NONE',  ( -0.0000000000000000000, -1.000000000000000000, -0.0000000000000000000 ) ) ;
#893 =( LENGTH_UNIT ( ) NAMED_UNIT ( * ) SI_UNIT ( .MILLI., .METRE. ) );
#894 = AXIS2_PLACEMENT_3D ( 'NONE', #1209, #516, #1332 ) ;
#895 = CARTESIAN_POINT ( 'NONE',  ( 8.266365894244637300E-016, 0.6000000000000005300, 6.750000000000002700 ) ) ;
#896 =( NAMED_UNIT ( * ) PLANE_ANGLE_UNIT ( ) SI_UNIT ( $, .RADIAN. ) );
#897 = ORIENTED_EDGE ( 'NONE', *, *, #367, .T. ) ;
#898 = FILL_AREA_STYLE_COLOUR ( '', #192 ) ;
#899 = FILL_AREA_STYLE_COLOUR ( '', #767 ) ;
#900 = ORIENTED_EDGE ( 'NONE', *, *, #626, .F. ) ;
#901 = DIRECTION ( 'NONE',  ( -0.0000000000000000000, -1.000000000000000000, -0.0000000000000000000 ) ) ;
#902 = VECTOR ( 'NONE', #964, 1000.000000000000000 ) ;
#903 = DIRECTION ( 'NONE',  ( 0.0000000000000000000, 0.0000000000000000000, -1.000000000000000000 ) ) ;
#904 = CYLINDRICAL_SURFACE ( 'NONE', #1439, 0.3750000000000000600 ) ;
#905 = ORIENTED_EDGE ( 'NONE', *, *, #84, .F. ) ;
#906 = FILL_AREA_STYLE_COLOUR ( '', #1192 ) ;
#907 = AXIS2_PLACEMENT_3D ( 'NONE', #127, #938, #252 ) ;
#908 = VERTEX_POINT ( 'NONE', #1207 ) ;
#909 = DIRECTION ( 'NONE',  ( 0.0000000000000000000, -1.301042606982606300E-016, 1.000000000000000000 ) ) ;
#910 =( NAMED_UNIT ( * ) PLANE_ANGLE_UNIT ( ) SI_UNIT ( $, .RADIAN. ) );
#911 = ORIENTED_EDGE ( 'NONE', *, *, #730, .T. ) ;
#912 = UNCERTAINTY_MEASURE_WITH_UNIT (LENGTH_MEASURE( 1.000000000000000100E-005 ), #476, 'distance_accuracy_value', 'NONE');
#913 = AXIS2_PLACEMENT_3D ( 'NONE', #606, #1422, #723 ) ;
#914 = SURFACE_SIDE_STYLE ('',( #310 ) ) ;
#915 = DIRECTION ( 'NONE',  ( -1.000000000000000000, -0.0000000000000000000, 0.0000000000000000000 ) ) ;
#916 = AXIS2_PLACEMENT_3D ( 'NONE', #33, #777, #82 ) ;
#917 = CARTESIAN_POINT ( 'NONE',  ( 0.0000000000000000000, 51.50000000000000000, -0.3750000000000000000 ) ) ;
#918 =( NAMED_UNIT ( * ) PLANE_ANGLE_UNIT ( ) SI_UNIT ( $, .RADIAN. ) );
#919 = CIRCLE ( 'NONE', #1423, 6.750000000000002700 ) ;
#920 = DIRECTION ( 'NONE',  ( -0.0000000000000000000, -1.000000000000000000, -0.0000000000000000000 ) ) ;
#921 = PRESENTATION_LAYER_ASSIGNMENT (  '', '', ( #849 ) ) ;
#922 = DIRECTION ( 'NONE',  ( 0.0000000000000000000, 1.437166698016966700E-014, 1.000000000000000000 ) ) ;
#923 = CARTESIAN_POINT ( 'NONE',  ( 0.0000000000000000000, 49.60000000000000900, 0.0000000000000000000 ) ) ;
#924 = FACE_OUTER_BOUND ( 'NONE', #30, .T. ) ;
#925 = DIRECTION ( 'NONE',  ( 0.0000000000000000000, 0.0000000000000000000, -1.000000000000000000 ) ) ;
#926 = STYLED_ITEM ( 'NONE', ( #47 ), #1128 ) ;
#927 = SURFACE_STYLE_FILL_AREA ( #1129 ) ;
#928 = FILL_AREA_STYLE_COLOUR ( '', #1366 ) ;
#929 = ORIENTED_EDGE ( 'NONE', *, *, #576, .F. ) ;
#930 = EDGE_CURVE ( 'NONE', #538, #245, #952, .T. ) ;
#931 = DIRECTION ( 'NONE',  ( 0.0000000000000000000, 0.0000000000000000000, 1.000000000000000000 ) ) ;
#932 = CARTESIAN_POINT ( 'NONE',  ( 0.0000000000000000000, 0.1000000000000002600, 3.500000000000001300 ) ) ;
#933 = FILL_AREA_STYLE ('',( #1159 ) ) ;
#934 =( NAMED_UNIT ( * ) PLANE_ANGLE_UNIT ( ) SI_UNIT ( $, .RADIAN. ) );
#935 = SURFACE_SIDE_STYLE ('',( #944 ) ) ;
#936 = AXIS2_PLACEMENT_3D ( 'NONE', #1248, #560, #1368 ) ;
#937 = FILL_AREA_STYLE ('',( #942 ) ) ;
#938 = DIRECTION ( 'NONE',  ( 0.0000000000000000000, 1.437166698016966700E-014, 1.000000000000000000 ) ) ;
#939 = CARTESIAN_POINT ( 'NONE',  ( 0.0000000000000000000, 0.0000000000000000000, 0.3750000000000001100 ) ) ;
#940 = CARTESIAN_POINT ( 'NONE',  ( -0.3750000000000000600, 52.50000000000001400, 11.00000000000000000 ) ) ;
#941 = LINE ( 'NONE', #1066, #318 ) ;
#942 = FILL_AREA_STYLE_COLOUR ( '', #766 ) ;
#943 = CYLINDRICAL_SURFACE ( 'NONE', #999, 0.3750000000000000600 ) ;
#944 = SURFACE_STYLE_FILL_AREA ( #595 ) ;
#945 = STYLED_ITEM ( 'NONE', ( #1081 ), #427 ) ;
#946 = DIRECTION ( 'NONE',  ( -0.0000000000000000000, 1.000000000000000000, 1.224646799147353000E-016 ) ) ;
#947 =( NAMED_UNIT ( * ) PLANE_ANGLE_UNIT ( ) SI_UNIT ( $, .RADIAN. ) );
#948 = DIRECTION ( 'NONE',  ( 0.0000000000000000000, -0.0000000000000000000, 1.000000000000000000 ) ) ;
#949 = VERTEX_POINT ( 'NONE', #737 ) ;
#950 =( GEOMETRIC_REPRESENTATION_CONTEXT ( 3 ) GLOBAL_UNCERTAINTY_ASSIGNED_CONTEXT ( ( #314 ) ) GLOBAL_UNIT_ASSIGNED_CONTEXT ( ( #584, #1394, #696 ) ) REPRESENTATION_CONTEXT ( 'NONE', 'WORKASPACE' ) );
#951 = ORIENTED_EDGE ( 'NONE', *, *, #397, .F. ) ;
#952 = CIRCLE ( 'NONE', #831, 0.3750000000000003300 ) ;
#953 = EDGE_CURVE ( 'NONE', #8, #150, #383, .T. ) ;
#954 = ORIENTED_EDGE ( 'NONE', *, *, #765, .T. ) ;
#955 =( NAMED_UNIT ( * ) PLANE_ANGLE_UNIT ( ) SI_UNIT ( $, .RADIAN. ) );
#956 = ORIENTED_EDGE ( 'NONE', *, *, #855, .F. ) ;
#957 = CARTESIAN_POINT ( 'NONE',  ( 8.633759933988843900E-016, 2.574980159653073000E-016, 6.750000000000002700 ) ) ;
#958 = PRESENTATION_LAYER_ASSIGNMENT (  '', '', ( #877 ) ) ;
#959 = SURFACE_SIDE_STYLE ('',( #196 ) ) ;
#960 = EDGE_CURVE ( 'NONE', #996, #1097, #1258, .T. ) ;
#961 = SURFACE_STYLE_FILL_AREA ( #708 ) ;
#962 = FACE_OUTER_BOUND ( 'NONE', #675, .T. ) ;
#963 = ADVANCED_FACE ( 'NONE', ( #301 ), #1388, .F. ) ;
#964 = DIRECTION ( 'NONE',  ( -0.0000000000000000000, -1.000000000000000000, -0.0000000000000000000 ) ) ;
#965 = DIRECTION ( 'NONE',  ( 0.0000000000000000000, 0.0000000000000000000, -1.000000000000000000 ) ) ;
#966 = UNCERTAINTY_MEASURE_WITH_UNIT (LENGTH_MEASURE( 1.000000000000000100E-005 ), #616, 'distance_accuracy_value', 'NONE');
#967 = STYLED_ITEM ( 'NONE', ( #1342 ), #650 ) ;
#968 = ORIENTED_EDGE ( 'NONE', *, *, #1172, .T. ) ;
#969 = FACE_OUTER_BOUND ( 'NONE', #1227, .T. ) ;
#970 = DIRECTION ( 'NONE',  ( 0.0000000000000000000, -1.000000000000000000, -1.387778780781444400E-014 ) ) ;
#971 = COLOUR_RGB ( '',0.8000000000000000400, 0.8078431372549019800, 0.8000000000000000400 ) ;
#972 = SURFACE_STYLE_FILL_AREA ( #1481 ) ;
#973 = DIRECTION ( 'NONE',  ( 0.0000000000000000000, 0.0000000000000000000, 1.000000000000000000 ) ) ;
#974 = VERTEX_POINT ( 'NONE', #631 ) ;
#975 =( LENGTH_UNIT ( ) NAMED_UNIT ( * ) SI_UNIT ( .MILLI., .METRE. ) );
#976 = MECHANICAL_DESIGN_GEOMETRIC_PRESENTATION_REPRESENTATION (  '', ( #657 ), #1052 ) ;
#977 = DIRECTION ( 'NONE',  ( -0.0000000000000000000, -1.000000000000000000, -5.421010862427520900E-017 ) ) ;
#978 = AXIS2_PLACEMENT_3D ( 'NONE', #1058, #372, #1186 ) ;
#979 = DIRECTION ( 'NONE',  ( 0.0000000000000000000, -1.000000000000000000, 0.0000000000000000000 ) ) ;
#980 = FACE_OUTER_BOUND ( 'NONE', #752, .T. ) ;
#981 = EDGE_CURVE ( 'NONE', #299, #155, #798, .T. ) ;
#982 = VECTOR ( 'NONE', #363, 1000.000000000000000 ) ;
#983 = PRESENTATION_STYLE_ASSIGNMENT (( #1141 ) ) ;
#984 = FILL_AREA_STYLE_COLOUR ( '', #1286 ) ;
#985 = ORIENTED_EDGE ( 'NONE', *, *, #1334, .T. ) ;
#986 = FACE_BOUND ( 'NONE', #171, .T. ) ;
#987 = STYLED_ITEM ( 'NONE', ( #1225 ), #963 ) ;
#988 = PRESENTATION_STYLE_ASSIGNMENT (( #1246 ) ) ;
#989 = EDGE_LOOP ( 'NONE', ( #615, #697 ) ) ;
#990 = EDGE_LOOP ( 'NONE', ( #1253, #487, #88, #312 ) ) ;
#991 = AXIS2_PLACEMENT_3D ( 'NONE', #1185, #488, #1421 ) ;
#992 = AXIS2_PLACEMENT_3D ( 'NONE', #832, #136, #948 ) ;
#993 = CIRCLE ( 'NONE', #778, 0.3750000000000000600 ) ;
#994 = MECHANICAL_DESIGN_GEOMETRIC_PRESENTATION_REPRESENTATION (  '', ( #846 ), #1080 ) ;
#995 = ADVANCED_FACE ( 'NONE', ( #180 ), #655, .T. ) ;
#996 = VERTEX_POINT ( 'NONE', #866 ) ;
#997 = MECHANICAL_DESIGN_GEOMETRIC_PRESENTATION_REPRESENTATION (  '', ( #849 ), #1082 ) ;
#998 = CIRCLE ( 'NONE', #936, 0.6000000000000007500 ) ;
#999 = AXIS2_PLACEMENT_3D ( 'NONE', #163, #977, #1448 ) ;
#1000 = ORIENTED_EDGE ( 'NONE', *, *, #1355, .F. ) ;
#1001 = DIRECTION ( 'NONE',  ( 0.0000000000000000000, 0.0000000000000000000, -1.000000000000000000 ) ) ;
#1002 = EDGE_CURVE ( 'NONE', #245, #59, #398, .T. ) ;
#1003 = ADVANCED_FACE ( 'NONE', ( #969 ), #1179, .T. ) ;
#1004 = UNCERTAINTY_MEASURE_WITH_UNIT (LENGTH_MEASURE( 1.000000000000000100E-005 ), #605, 'distance_accuracy_value', 'NONE');
#1005 = STYLED_ITEM ( 'NONE', ( #37 ), #764 ) ;
#1006 = FILL_AREA_STYLE_COLOUR ( '', #86 ) ;
#1007 = DIRECTION ( 'NONE',  ( -1.000000000000000000, -0.0000000000000000000, 0.0000000000000000000 ) ) ;
#1008 = ORIENTED_EDGE ( 'NONE', *, *, #1205, .F. ) ;
#1009 = CIRCLE ( 'NONE', #1350, 2.749999999999999600 ) ;
#1010 = VECTOR ( 'NONE', #1050, 1000.000000000000000 ) ;
#1011 = PRESENTATION_LAYER_ASSIGNMENT (  '', '', ( #945 ) ) ;
#1012 =( NAMED_UNIT ( * ) SI_UNIT ( $, .STERADIAN. ) SOLID_ANGLE_UNIT ( ) );
#1013 = ORIENTED_EDGE ( 'NONE', *, *, #1057, .T. ) ;
#1014 = DIRECTION ( 'NONE',  ( -1.224646799147353000E-016, 0.0000000000000000000, -1.000000000000000000 ) ) ;
#1015 = STYLED_ITEM ( 'NONE', ( #564 ), #1377 ) ;
#1016 = VERTEX_POINT ( 'NONE', #609 ) ;
#1017 = FILL_AREA_STYLE ('',( #898 ) ) ;
#1018 = DIRECTION ( 'NONE',  ( -0.0000000000000000000, -1.000000000000000000, -0.0000000000000000000 ) ) ;
#1019 = EDGE_CURVE ( 'NONE', #556, #449, #1444, .T. ) ;
#1020 = SURFACE_SIDE_STYLE ('',( #1086 ) ) ;
#1021 = PLANE ( 'NONE',  #1420 ) ;
#1022 = UNCERTAINTY_MEASURE_WITH_UNIT (LENGTH_MEASURE( 1.000000000000000100E-005 ), #1033, 'distance_accuracy_value', 'NONE');
#1023 = CARTESIAN_POINT ( 'NONE',  ( 5.082284216461518100E-016, 49.50000000000000000, 4.150000000000002100 ) ) ;
#1024 = TOROIDAL_SURFACE ( 'NONE', #1100, 1.000000000000000000, 0.3750000000000000600 ) ;
#1025 = DIRECTION ( 'NONE',  ( -0.0000000000000000000, -1.000000000000000000, -0.0000000000000000000 ) ) ;
#1026 = SURFACE_SIDE_STYLE ('',( #371 ) ) ;
#1027 = MECHANICAL_DESIGN_GEOMETRIC_PRESENTATION_REPRESENTATION (  '', ( #877 ), #1107 ) ;
#1028 = SURFACE_STYLE_FILL_AREA ( #933 ) ;
#1029 = CARTESIAN_POINT ( 'NONE',  ( 0.0000000000000000000, 50.50000000000000000, 0.0000000000000000000 ) ) ;
#1030 = PRESENTATION_STYLE_ASSIGNMENT (( #1247 ) ) ;
#1031 = EDGE_CURVE ( 'NONE', #449, #438, #553, .T. ) ;
#1032 = CARTESIAN_POINT ( 'NONE',  ( 0.0000000000000000000, -2.000000000000001800, 11.00000000000000000 ) ) ;
#1033 =( LENGTH_UNIT ( ) NAMED_UNIT ( * ) SI_UNIT ( .MILLI., .METRE. ) );
#1034 = CARTESIAN_POINT ( 'NONE',  ( 8.633759933988843900E-016, 49.60000000000000900, 6.750000000000002700 ) ) ;
#1035 = FILL_AREA_STYLE ('',( #105 ) ) ;
#1036 = EDGE_LOOP ( 'NONE', ( #1056, #644, #1177, #528 ) ) ;
#1037 = FILL_AREA_STYLE ('',( #805 ) ) ;
#1038 = ADVANCED_FACE ( 'NONE', ( #247 ), #1340, .T. ) ;
#1039 = FILL_AREA_STYLE_COLOUR ( '', #651 ) ;
#1040 = DIRECTION ( 'NONE',  ( 0.0000000000000000000, 0.0000000000000000000, -1.000000000000000000 ) ) ;
#1041 = CARTESIAN_POINT ( 'NONE',  ( 0.0000000000000000000, -2.000000000000000400, 1.000000000000007100 ) ) ;
#1042 = PRESENTATION_LAYER_ASSIGNMENT (  '', '', ( #967 ) ) ;
#1043 = DIRECTION ( 'NONE',  ( 0.0000000000000000000, 0.0000000000000000000, 1.000000000000000000 ) ) ;
#1044 = PRODUCT_DEFINITION_SHAPE ( 'NONE', 'NONE',  #279 ) ;
#1045 = FILL_AREA_STYLE ('',( #1162 ) ) ;
#1046 = SURFACE_SIDE_STYLE ('',( #1226 ) ) ;
#1047 = CARTESIAN_POINT ( 'NONE',  ( 4.592425496802582200E-017, -1.625000000000000400, 1.000000000000001800 ) ) ;
#1048 = SURFACE_STYLE_USAGE ( .BOTH. , #242 ) ;
#1049 = CARTESIAN_POINT ( 'NONE',  ( 0.0000000000000000000, -2.375000000000000400, 1.000000000000012700 ) ) ;
#1050 = DIRECTION ( 'NONE',  ( -0.0000000000000000000, -1.000000000000000000, -0.0000000000000000000 ) ) ;
#1051 = CYLINDRICAL_SURFACE ( 'NONE', #614, 0.3749999999999998900 ) ;
#1052 =( GEOMETRIC_REPRESENTATION_CONTEXT ( 3 ) GLOBAL_UNCERTAINTY_ASSIGNED_CONTEXT ( ( #754 ) ) GLOBAL_UNIT_ASSIGNED_CONTEXT ( ( #1287, #588, #1399 ) ) REPRESENTATION_CONTEXT ( 'NONE', 'WORKASPACE' ) );
#1053 =( LENGTH_UNIT ( ) NAMED_UNIT ( * ) SI_UNIT ( .MILLI., .METRE. ) );
#1054 = CARTESIAN_POINT ( 'NONE',  ( 0.0000000000000000000, 2.574980159653073000E-016, 0.0000000000000000000 ) ) ;
#1055 = AXIS2_PLACEMENT_3D ( 'NONE', #15, #827, #128 ) ;
#1056 = ORIENTED_EDGE ( 'NONE', *, *, #730, .F. ) ;
#1057 = EDGE_CURVE ( 'NONE', #607, #1110, #714, .T. ) ;
#1058 = CARTESIAN_POINT ( 'NONE',  ( 0.0000000000000000000, 49.50000000000000000, 0.0000000000000000000 ) ) ;
#1059 = DIRECTION ( 'NONE',  ( 0.0000000000000000000, -1.392757777031960500E-014, 1.000000000000000000 ) ) ;
#1060 = FACE_OUTER_BOUND ( 'NONE', #762, .T. ) ;
#1061 = CIRCLE ( 'NONE', #809, 2.749999999999999600 ) ;
#1062 = EDGE_LOOP ( 'NONE', ( #335, #841, #968, #199, #705 ) ) ;
#1063 = ORIENTED_EDGE ( 'NONE', *, *, #1306, .F. ) ;
#1064 = DIRECTION ( 'NONE',  ( 1.000000000000000000, 0.0000000000000000000, 0.0000000000000000000 ) ) ;
#1065 = PRESENTATION_LAYER_ASSIGNMENT (  '', '', ( #987 ) ) ;
#1066 = CARTESIAN_POINT ( 'NONE',  ( 0.0000000000000000000, -2.375000000000000400, 1.000000000000007100 ) ) ;
#1067 = CARTESIAN_POINT ( 'NONE',  ( 0.3750000000000000600, 52.50000000000001400, 1.000000000000007800 ) ) ;
#1068 = COLOUR_RGB ( '',0.8000000000000000400, 0.8078431372549019800, 0.8000000000000000400 ) ;
#1069 = DIRECTION ( 'NONE',  ( -1.000000000000000000, 0.0000000000000000000, 0.0000000000000000000 ) ) ;
#1070 = STYLED_ITEM ( 'NONE', ( #988 ), #543 ) ;
#1071 = TOROIDAL_SURFACE ( 'NONE', #1235, 1.000000000000000200, 0.3750000000000000600 ) ;
#1072 = DIRECTION ( 'NONE',  ( 1.000000000000000000, 0.0000000000000000000, 0.0000000000000000000 ) ) ;
#1073 = ORIENTED_EDGE ( 'NONE', *, *, #1476, .F. ) ;
#1074 =( GEOMETRIC_REPRESENTATION_CONTEXT ( 3 ) GLOBAL_UNCERTAINTY_ASSIGNED_CONTEXT ( ( #740 ) ) GLOBAL_UNIT_ASSIGNED_CONTEXT ( ( #140, #955, #268 ) ) REPRESENTATION_CONTEXT ( 'NONE', 'WORKASPACE' ) );
#1075 = VERTEX_POINT ( 'NONE', #957 ) ;
#1076 =( LENGTH_UNIT ( ) NAMED_UNIT ( * ) SI_UNIT ( .MILLI., .METRE. ) );
#1077 = ORIENTED_EDGE ( 'NONE', *, *, #1279, .F. ) ;
#1078 = UNCERTAINTY_MEASURE_WITH_UNIT (LENGTH_MEASURE( 1.000000000000000100E-005 ), #432, 'distance_accuracy_value', 'NONE');
#1079 = PRESENTATION_STYLE_ASSIGNMENT (( #1218 ) ) ;
#1080 =( GEOMETRIC_REPRESENTATION_CONTEXT ( 3 ) GLOBAL_UNCERTAINTY_ASSIGNED_CONTEXT ( ( #123 ) ) GLOBAL_UNIT_ASSIGNED_CONTEXT ( ( #673, #1483, #783 ) ) REPRESENTATION_CONTEXT ( 'NONE', 'WORKASPACE' ) );
#1081 = PRESENTATION_STYLE_ASSIGNMENT (( #793 ) ) ;
#1082 =( GEOMETRIC_REPRESENTATION_CONTEXT ( 3 ) GLOBAL_UNCERTAINTY_ASSIGNED_CONTEXT ( ( #57 ) ) GLOBAL_UNIT_ASSIGNED_CONTEXT ( ( #686, #1501, #799 ) ) REPRESENTATION_CONTEXT ( 'NONE', 'WORKASPACE' ) );
#1083 = MECHANICAL_DESIGN_GEOMETRIC_PRESENTATION_REPRESENTATION (  '', ( #926 ), #1168 ) ;
#1084 = SURFACE_SIDE_STYLE ('',( #1311 ) ) ;
#1085 = EDGE_CURVE ( 'NONE', #1097, #1473, #1009, .T. ) ;
#1086 = SURFACE_STYLE_FILL_AREA ( #209 ) ;
#1087 = CYLINDRICAL_SURFACE ( 'NONE', #817, 0.3750000000000000600 ) ;
#1088 =( NAMED_UNIT ( * ) SI_UNIT ( $, .STERADIAN. ) SOLID_ANGLE_UNIT ( ) );
#1089 = SURFACE_SIDE_STYLE ('',( #270 ) ) ;
#1090 = FACE_OUTER_BOUND ( 'NONE', #382, .T. ) ;
#1091 = PRESENTATION_LAYER_ASSIGNMENT (  '', '', ( #1005 ) ) ;
#1092 = VERTEX_POINT ( 'NONE', #29 ) ;
#1093 = FILL_AREA_STYLE ('',( #865 ) ) ;
#1094 = CIRCLE ( 'NONE', #129, 0.3750000000000000600 ) ;
#1095 = SURFACE_STYLE_USAGE ( .BOTH. , #293 ) ;
#1096 = CIRCLE ( 'NONE', #513, 0.3750000000000000600 ) ;
#1097 = VERTEX_POINT ( 'NONE', #1436 ) ;
#1098 = ORIENTED_EDGE ( 'NONE', *, *, #233, .F. ) ;
#1099 = MECHANICAL_DESIGN_GEOMETRIC_PRESENTATION_REPRESENTATION (  '', ( #945 ), #1188 ) ;
#1100 = AXIS2_PLACEMENT_3D ( 'NONE', #229, #112, #925 ) ;
#1101 = DIRECTION ( 'NONE',  ( 0.0000000000000000000, 0.0000000000000000000, -1.000000000000000000 ) ) ;
#1102 = EDGE_CURVE ( 'NONE', #222, #567, #85, .T. ) ;
#1103 = CIRCLE ( 'NONE', #1401, 0.3749999999999998900 ) ;
#1104 = PRESENTATION_STYLE_ASSIGNMENT (( #830 ) ) ;
#1105 = ORIENTED_EDGE ( 'NONE', *, *, #1220, .T. ) ;
#1106 = EDGE_LOOP ( 'NONE', ( #506, #873, #416, #858 ) ) ;
#1107 =( GEOMETRIC_REPRESENTATION_CONTEXT ( 3 ) GLOBAL_UNCERTAINTY_ASSIGNED_CONTEXT ( ( #966 ) ) GLOBAL_UNIT_ASSIGNED_CONTEXT ( ( #616, #1432, #729 ) ) REPRESENTATION_CONTEXT ( 'NONE', 'WORKASPACE' ) );
#1108 = SURFACE_STYLE_FILL_AREA ( #1093 ) ;
#1109 = CIRCLE ( 'NONE', #159, 7.350000000000003200 ) ;
#1110 = VERTEX_POINT ( 'NONE', #280 ) ;
#1111 = EDGE_CURVE ( 'NONE', #1371, #540, #411, .T. ) ;
#1112 = ADVANCED_FACE ( 'NONE', ( #986, #380 ), #1204, .T. ) ;
#1113 = ORIENTED_EDGE ( 'NONE', *, *, #565, .T. ) ;
#1114 = MECHANICAL_DESIGN_GEOMETRIC_PRESENTATION_REPRESENTATION (  '', ( #967 ), #1208 ) ;
#1115 = ADVANCED_FACE ( 'NONE', ( #874 ), #943, .T. ) ;
#1116 = UNCERTAINTY_MEASURE_WITH_UNIT (LENGTH_MEASURE( 1.000000000000000100E-005 ), #125, 'distance_accuracy_value', 'NONE');
#1117 = LINE ( 'NONE', #829, #1402 ) ;
#1118 = SURFACE_STYLE_USAGE ( .BOTH. , #313 ) ;
#1119 = LINE ( 'NONE', #1134, #522 ) ;
#1120 = EDGE_LOOP ( 'NONE', ( #1063, #384, #1478, #324 ) ) ;
#1121 = STYLED_ITEM ( 'NONE', ( #636 ), #277 ) ;
#1122 = CARTESIAN_POINT ( 'NONE',  ( 0.0000000000000000000, 50.50000000000000000, 0.0000000000000000000 ) ) ;
#1123 = VECTOR ( 'NONE', #725, 1000.000000000000000 ) ;
#1124 = CYLINDRICAL_SURFACE ( 'NONE', #1480, 0.3750000000000000600 ) ;
#1125 = AXIS2_PLACEMENT_3D ( 'NONE', #478, #1173, #368 ) ;
#1126 = FILL_AREA_STYLE ('',( #1006 ) ) ;
#1127 = ORIENTED_EDGE ( 'NONE', *, *, #308, .F. ) ;
#1128 = ADVANCED_FACE ( 'NONE', ( #375 ), #265, .T. ) ;
#1129 = FILL_AREA_STYLE ('',( #1353 ) ) ;
#1130 = EDGE_LOOP ( 'NONE', ( #1197, #900 ) ) ;
#1131 = FILL_AREA_STYLE_COLOUR ( '', #656 ) ;
#1132 = EDGE_CURVE ( 'NONE', #567, #222, #1139, .T. ) ;
#1133 = DIRECTION ( 'NONE',  ( -0.0000000000000000000, -1.000000000000000000, -0.0000000000000000000 ) ) ;
#1134 = CARTESIAN_POINT ( 'NONE',  ( 0.0000000000000000000, 0.0000000000000000000, -2.749999999999999600 ) ) ;
#1135 = DIRECTION ( 'NONE',  ( 1.000000000000000000, 0.0000000000000000000, 0.0000000000000000000 ) ) ;
#1136 = MECHANICAL_DESIGN_GEOMETRIC_PRESENTATION_REPRESENTATION (  '', ( #987 ), #1222 ) ;
#1137 = LINE ( 'NONE', #800, #1454 ) ;
#1138 = CARTESIAN_POINT ( 'NONE',  ( 4.286263797015737100E-016, 0.1000000000000002600, -3.500000000000001300 ) ) ;
#1139 = CIRCLE ( 'NONE', #1240, 3.500000000000000000 ) ;
#1140 = CIRCLE ( 'NONE', #76, 0.3750000000000003300 ) ;
#1141 = SURFACE_STYLE_USAGE ( .BOTH. , #330 ) ;
#1142 =( LENGTH_UNIT ( ) NAMED_UNIT ( * ) SI_UNIT ( .MILLI., .METRE. ) );
#1143 = EDGE_LOOP ( 'NONE', ( #828, #1417, #1077, #1429 ) ) ;
#1144 =( LENGTH_UNIT ( ) NAMED_UNIT ( * ) SI_UNIT ( .MILLI., .METRE. ) );
#1145 = CARTESIAN_POINT ( 'NONE',  ( 0.0000000000000000000, 50.00000000000000000, 2.249999999999999600 ) ) ;
#1146 = VERTEX_POINT ( 'NONE', #1023 ) ;
#1147 = CARTESIAN_POINT ( 'NONE',  ( 0.0000000000000000000, 0.1000000000000002600, 0.0000000000000000000 ) ) ;
#1148 = DIRECTION ( 'NONE',  ( -0.0000000000000000000, -1.000000000000000000, -0.0000000000000000000 ) ) ;
#1149 = PRESENTATION_LAYER_ASSIGNMENT (  '', '', ( #1070 ) ) ;
#1150 = CARTESIAN_POINT ( 'NONE',  ( 0.0000000000000000000, 3.410181068218504700E-017, 0.0000000000000000000 ) ) ;
#1151 =( LENGTH_UNIT ( ) NAMED_UNIT ( * ) SI_UNIT ( .MILLI., .METRE. ) );
#1152 = EDGE_LOOP ( 'NONE', ( #1127, #396, #954, #1382 ) ) ;
#1153 = DIRECTION ( 'NONE',  ( 0.0000000000000000000, -1.000000000000000000, -0.0000000000000000000 ) ) ;
#1154 = SURFACE_STYLE_USAGE ( .BOTH. , #1269 ) ;
#1155 = DIRECTION ( 'NONE',  ( 0.0000000000000000000, 0.0000000000000000000, 1.000000000000000000 ) ) ;
#1156 = ORIENTED_EDGE ( 'NONE', *, *, #497, .F. ) ;
#1157 = CARTESIAN_POINT ( 'NONE',  ( 0.0000000000000000000, -2.000000000000001800, 11.00000000000000000 ) ) ;
#1158 =( NAMED_UNIT ( * ) SI_UNIT ( $, .STERADIAN. ) SOLID_ANGLE_UNIT ( ) );
#1159 = FILL_AREA_STYLE_COLOUR ( '', #458 ) ;
#1160 = STYLED_ITEM ( 'NONE', ( #983 ), #73 ) ;
#1161 = FILL_AREA_STYLE_COLOUR ( '', #420 ) ;
#1162 = FILL_AREA_STYLE_COLOUR ( '', #1180 ) ;
#1163 = SURFACE_STYLE_USAGE ( .BOTH. , #353 ) ;
#1164 = AXIS2_PLACEMENT_3D ( 'NONE', #1392, #695, #1510 ) ;
#1165 = SURFACE_SIDE_STYLE ('',( #520 ) ) ;
#1166 = DIRECTION ( 'NONE',  ( 0.0000000000000000000, -1.000000000000000000, 1.445602896647339700E-014 ) ) ;
#1167 = FILL_AREA_STYLE ('',( #1161 ) ) ;
#1168 =( GEOMETRIC_REPRESENTATION_CONTEXT ( 3 ) GLOBAL_UNCERTAINTY_ASSIGNED_CONTEXT ( ( #156 ) ) GLOBAL_UNIT_ASSIGNED_CONTEXT ( ( #408, #1219, #530 ) ) REPRESENTATION_CONTEXT ( 'NONE', 'WORKASPACE' ) );
#1169 = CIRCLE ( 'NONE', #978, 2.749999999999999600 ) ;
#1170 = SURFACE_STYLE_USAGE ( .BOTH. , #358 ) ;
#1171 =( LENGTH_UNIT ( ) NAMED_UNIT ( * ) SI_UNIT ( .MILLI., .METRE. ) );
#1172 = EDGE_CURVE ( 'NONE', #59, #327, #210, .T. ) ;
#1173 = DIRECTION ( 'NONE',  ( -0.0000000000000000000, 1.000000000000000000, 1.224646799147353000E-016 ) ) ;
#1174 = CARTESIAN_POINT ( 'NONE',  ( 4.592425496802575500E-017, 0.0000000000000000000, -0.3750000000000000600 ) ) ;
#1175 =( NAMED_UNIT ( * ) PLANE_ANGLE_UNIT ( ) SI_UNIT ( $, .RADIAN. ) );
#1176 = CARTESIAN_POINT ( 'NONE',  ( 0.0000000000000000000, -2.000000000000000400, 1.000000000000007100 ) ) ;
#1177 = ORIENTED_EDGE ( 'NONE', *, *, #172, .T. ) ;
#1178 = CARTESIAN_POINT ( 'NONE',  ( 0.0000000000000000000, 50.50000000000000000, 0.0000000000000000000 ) ) ;
#1179 = TOROIDAL_SURFACE ( 'NONE', #792, 6.750000000000002700, 0.6000000000000005300 ) ;
#1180 = COLOUR_RGB ( '',0.8000000000000000400, 0.8078431372549019800, 0.8000000000000000400 ) ;
#1181 =( NAMED_UNIT ( * ) SI_UNIT ( $, .STERADIAN. ) SOLID_ANGLE_UNIT ( ) );
#1182 = MECHANICAL_DESIGN_GEOMETRIC_PRESENTATION_REPRESENTATION (  '', ( #1005 ), #1245 ) ;
#1183 = VERTEX_POINT ( 'NONE', #748 ) ;
#1184 = DIRECTION ( 'NONE',  ( 0.0000000000000000000, 0.0000000000000000000, -1.000000000000000000 ) ) ;
#1185 = CARTESIAN_POINT ( 'NONE',  ( 8.266365894244637300E-016, 49.00000000000000000, 6.750000000000002700 ) ) ;
#1186 = DIRECTION ( 'NONE',  ( 0.0000000000000000000, 0.0000000000000000000, -1.000000000000000000 ) ) ;
#1187 = CARTESIAN_POINT ( 'NONE',  ( 4.592425496802575500E-017, 51.50000000000000000, 0.3750000000000001100 ) ) ;
#1188 =( GEOMETRIC_REPRESENTATION_CONTEXT ( 3 ) GLOBAL_UNCERTAINTY_ASSIGNED_CONTEXT ( ( #1461 ) ) GLOBAL_UNIT_ASSIGNED_CONTEXT ( ( #97, #910, #223 ) ) REPRESENTATION_CONTEXT ( 'NONE', 'WORKASPACE' ) );
#1189 = FILL_AREA_STYLE_COLOUR ( '', #46 ) ;
#1190 = DIRECTION ( 'NONE',  ( 0.0000000000000000000, 0.0000000000000000000, 1.000000000000000000 ) ) ;
#1191 = PRESENTATION_LAYER_ASSIGNMENT (  '', '', ( #1015 ) ) ;
#1192 = COLOUR_RGB ( '',0.8000000000000000400, 0.8078431372549019800, 0.8000000000000000400 ) ;
#1193 = ORIENTED_EDGE ( 'NONE', *, *, #308, .T. ) ;
#1194 = EDGE_CURVE ( 'NONE', #155, #1331, #1456, .T. ) ;
#1195 = ORIENTED_EDGE ( 'NONE', *, *, #1369, .T. ) ;
#1196 = CIRCLE ( 'NONE', #1463, 4.150000000000002100 ) ;
#1197 = ORIENTED_EDGE ( 'NONE', *, *, #471, .F. ) ;
#1198 = CARTESIAN_POINT ( 'NONE',  ( 0.0000000000000000000, 49.00000000000000000, 0.0000000000000000000 ) ) ;
#1199 = FILL_AREA_STYLE ('',( #1426 ) ) ;
#1200 = UNCERTAINTY_MEASURE_WITH_UNIT (LENGTH_MEASURE( 1.000000000000000100E-005 ), #106, 'distance_accuracy_value', 'NONE');
#1201 = AXIS2_PLACEMENT_3D ( 'NONE', #512, #1323, #619 ) ;
#1202 = APPLICATION_CONTEXT ( 'automotive_design' ) ;
#1203 =( NAMED_UNIT ( * ) SI_UNIT ( $, .STERADIAN. ) SOLID_ANGLE_UNIT ( ) );
#1204 = PLANE ( 'NONE',  #545 ) ;
#1205 = EDGE_CURVE ( 'NONE', #417, #386, #1103, .T. ) ;
#1206 = CYLINDRICAL_SURFACE ( 'NONE', #58, 0.3750000000000000600 ) ;
#1207 = CARTESIAN_POINT ( 'NONE',  ( 0.0000000000000000000, 50.50000000000000000, -0.3750000000000001100 ) ) ;
#1208 =( GEOMETRIC_REPRESENTATION_CONTEXT ( 3 ) GLOBAL_UNCERTAINTY_ASSIGNED_CONTEXT ( ( #101 ) ) GLOBAL_UNIT_ASSIGNED_CONTEXT ( ( #469, #1283, #586 ) ) REPRESENTATION_CONTEXT ( 'NONE', 'WORKASPACE' ) );
#1209 = CARTESIAN_POINT ( 'NONE',  ( 2.755455298081543800E-016, 50.00000000000000000, -2.249999999999999600 ) ) ;
#1210 = ORIENTED_EDGE ( 'NONE', *, *, #826, .F. ) ;
#1211 =( LENGTH_UNIT ( ) NAMED_UNIT ( * ) SI_UNIT ( .MILLI., .METRE. ) );
#1212 = ORIENTED_EDGE ( 'NONE', *, *, #702, .F. ) ;
#1213 = DIRECTION ( 'NONE',  ( 0.0000000000000000000, 0.0000000000000000000, -1.000000000000000000 ) ) ;
#1214 = AXIS2_PLACEMENT_3D ( 'NONE', #709, #11, #820 ) ;
#1215 =( LENGTH_UNIT ( ) NAMED_UNIT ( * ) SI_UNIT ( .MILLI., .METRE. ) );
#1216 = EDGE_LOOP ( 'NONE', ( #608, #878 ) ) ;
#1217 = AXIS2_PLACEMENT_3D ( 'NONE', #261, #1064, #379 ) ;
#1218 = SURFACE_STYLE_USAGE ( .BOTH. , #406 ) ;
#1219 =( NAMED_UNIT ( * ) PLANE_ANGLE_UNIT ( ) SI_UNIT ( $, .RADIAN. ) );
#1220 = EDGE_CURVE ( 'NONE', #1092, #974, #499, .T. ) ;
#1221 = CARTESIAN_POINT ( 'NONE',  ( 0.0000000000000000000, 52.50000000000001400, 1.000000000000007800 ) ) ;
#1222 =( GEOMETRIC_REPRESENTATION_CONTEXT ( 3 ) GLOBAL_UNCERTAINTY_ASSIGNED_CONTEXT ( ( #278 ) ) GLOBAL_UNIT_ASSIGNED_CONTEXT ( ( #975, #287, #1088 ) ) REPRESENTATION_CONTEXT ( 'NONE', 'WORKASPACE' ) );
#1223 = ORIENTED_EDGE ( 'NONE', *, *, #1085, .T. ) ;
#1224 = ORIENTED_EDGE ( 'NONE', *, *, #890, .T. ) ;
#1225 = PRESENTATION_STYLE_ASSIGNMENT (( #161 ) ) ;
#1226 = SURFACE_STYLE_FILL_AREA ( #238 ) ;
#1227 = EDGE_LOOP ( 'NONE', ( #1462, #736, #1228, #645 ) ) ;
#1228 = ORIENTED_EDGE ( 'NONE', *, *, #744, .T. ) ;
#1229 = MECHANICAL_DESIGN_GEOMETRIC_PRESENTATION_REPRESENTATION (  '', ( #1070 ), #1319 ) ;
#1230 = ADVANCED_FACE ( 'NONE', ( #175 ), #694, .T. ) ;
#1231 = STYLED_ITEM ( 'NONE', ( #833 ), #484 ) ;
#1232 = PRESENTATION_LAYER_ASSIGNMENT (  '', '', ( #1160 ) ) ;
#1233 = UNCERTAINTY_MEASURE_WITH_UNIT (LENGTH_MEASURE( 1.000000000000000100E-005 ), #53, 'distance_accuracy_value', 'NONE');
#1234 = COLOUR_RGB ( '',0.8000000000000000400, 0.8078431372549019800, 0.8000000000000000400 ) ;
#1235 = AXIS2_PLACEMENT_3D ( 'NONE', #789, #915, #227 ) ;
#1236 = DIRECTION ( 'NONE',  ( 0.0000000000000000000, 0.0000000000000000000, -1.000000000000000000 ) ) ;
#1237 = TOROIDAL_SURFACE ( 'NONE', #459, 6.750000000000002700, 0.6000000000000005300 ) ;
#1238 = ADVANCED_FACE ( 'NONE', ( #836 ), #394, .T. ) ;
#1239 = EDGE_LOOP ( 'NONE', ( #253, #195 ) ) ;
#1240 = AXIS2_PLACEMENT_3D ( 'NONE', #1147, #456, #1271 ) ;
#1241 = FILL_AREA_STYLE ('',( #1358 ) ) ;
#1242 =( NAMED_UNIT ( * ) PLANE_ANGLE_UNIT ( ) SI_UNIT ( $, .RADIAN. ) );
#1243 = EDGE_CURVE ( 'NONE', #90, #1146, #1277, .T. ) ;
#1244 = DIRECTION ( 'NONE',  ( 0.0000000000000000000, 0.0000000000000000000, 1.000000000000000000 ) ) ;
#1245 =( GEOMETRIC_REPRESENTATION_CONTEXT ( 3 ) GLOBAL_UNCERTAINTY_ASSIGNED_CONTEXT ( ( #804 ) ) GLOBAL_UNIT_ASSIGNED_CONTEXT ( ( #893, #202, #1012 ) ) REPRESENTATION_CONTEXT ( 'NONE', 'WORKASPACE' ) );
#1246 = SURFACE_STYLE_USAGE ( .BOTH. , #437 ) ;
#1247 = SURFACE_STYLE_USAGE ( .BOTH. , #439 ) ;
#1248 = CARTESIAN_POINT ( 'NONE',  ( 0.0000000000000000000, 49.00000000000000000, -6.750000000000002700 ) ) ;
#1249 = ADVANCED_FACE ( 'NONE', ( #62 ), #1440, .T. ) ;
#1250 = SURFACE_STYLE_FILL_AREA ( #289 ) ;
#1251 = LINE ( 'NONE', #1187, #211 ) ;
#1252 = CARTESIAN_POINT ( 'NONE',  ( 0.0000000000000000000, -6.667843360785854700E-017, 0.0000000000000000000 ) ) ;
#1253 = ORIENTED_EDGE ( 'NONE', *, *, #340, .F. ) ;
#1254 = FILL_AREA_STYLE ('',( #321 ) ) ;
#1255 = CARTESIAN_POINT ( 'NONE',  ( 3.061616997868383100E-016, 3.410181068218504700E-017, -2.500000000000000000 ) ) ;
#1256 = EDGE_LOOP ( 'NONE', ( #50, #719 ) ) ;
#1257 = DIRECTION ( 'NONE',  ( 0.0000000000000000000, -1.301042606982606300E-016, 1.000000000000000000 ) ) ;
#1258 = LINE ( 'NONE', #618, #902 ) ;
#1259 = MECHANICAL_DESIGN_GEOMETRIC_PRESENTATION_REPRESENTATION (  '', ( #1015 ), #1347 ) ;
#1260 = CARTESIAN_POINT ( 'NONE',  ( 0.0000000000000000000, 49.00000000000000000, -7.350000000000003200 ) ) ;
#1261 = ORIENTED_EDGE ( 'NONE', *, *, #1507, .T. ) ;
#1262 =( NAMED_UNIT ( * ) PLANE_ANGLE_UNIT ( ) SI_UNIT ( $, .RADIAN. ) );
#1263 = ORIENTED_EDGE ( 'NONE', *, *, #1265, .F. ) ;
#1264 = CARTESIAN_POINT ( 'NONE',  ( 0.0000000000000000000, 52.50000000000001400, 11.00000000000000000 ) ) ;
#1265 = EDGE_CURVE ( 'NONE', #1016, #150, #548, .T. ) ;
#1266 =( NAMED_UNIT ( * ) SI_UNIT ( $, .STERADIAN. ) SOLID_ANGLE_UNIT ( ) );
#1267 = CARTESIAN_POINT ( 'NONE',  ( 0.0000000000000000000, 52.50000000000001400, 1.000000000000007800 ) ) ;
#1268 = ORIENTED_EDGE ( 'NONE', *, *, #154, .T. ) ;
#1269 = SURFACE_SIDE_STYLE ('',( #732 ) ) ;
#1270 = DIRECTION ( 'NONE',  ( 0.0000000000000000000, 0.0000000000000000000, 1.000000000000000000 ) ) ;
#1271 = DIRECTION ( 'NONE',  ( 0.0000000000000000000, 0.0000000000000000000, -1.000000000000000000 ) ) ;
#1272 = FILL_AREA_STYLE ('',( #906 ) ) ;
#1273 =( NAMED_UNIT ( * ) SI_UNIT ( $, .STERADIAN. ) SOLID_ANGLE_UNIT ( ) );
#1274 = AXIS2_PLACEMENT_3D ( 'NONE', #143, #845, #148 ) ;
#1275 = CARTESIAN_POINT ( 'NONE',  ( 0.0000000000000000000, -2.000000000000000400, 1.000000000000007100 ) ) ;
#1276 = FILL_AREA_STYLE_COLOUR ( '', #643 ) ;
#1277 = CIRCLE ( 'NONE', #521, 4.150000000000002100 ) ;
#1278 = LINE ( 'NONE', #323, #114 ) ;
#1279 = EDGE_CURVE ( 'NONE', #1473, #1097, #1169, .T. ) ;
#1280 = DIRECTION ( 'NONE',  ( 0.0000000000000000000, -1.000000000000000000, 1.387778780781446100E-014 ) ) ;
#1281 = DIRECTION ( 'NONE',  ( 0.0000000000000000000, 0.0000000000000000000, 1.000000000000000000 ) ) ;
#1282 = SURFACE_STYLE_USAGE ( .BOTH. , #466 ) ;
#1283 =( NAMED_UNIT ( * ) PLANE_ANGLE_UNIT ( ) SI_UNIT ( $, .RADIAN. ) );
#1284 = VERTEX_POINT ( 'NONE', #1410 ) ;
#1285 = SURFACE_SIDE_STYLE ('',( #1380 ) ) ;
#1286 = COLOUR_RGB ( '',1.000000000000000000, 1.000000000000000000, 1.000000000000000000 ) ;
#1287 =( LENGTH_UNIT ( ) NAMED_UNIT ( * ) SI_UNIT ( .MILLI., .METRE. ) );
#1288 = DIRECTION ( 'NONE',  ( -0.0000000000000000000, -1.000000000000000000, -0.0000000000000000000 ) ) ;
#1289 = PRESENTATION_LAYER_ASSIGNMENT (  '', '', ( #1357 ) ) ;
#1290 = SURFACE_STYLE_USAGE ( .BOTH. , #475 ) ;
#1291 = SURFACE_STYLE_FILL_AREA ( #691 ) ;
#1292 = CYLINDRICAL_SURFACE ( 'NONE', #768, 2.749999999999999600 ) ;
#1293 =( NAMED_UNIT ( * ) PLANE_ANGLE_UNIT ( ) SI_UNIT ( $, .RADIAN. ) );
#1294 = ORIENTED_EDGE ( 'NONE', *, *, #565, .F. ) ;
#1295 =( NAMED_UNIT ( * ) SI_UNIT ( $, .STERADIAN. ) SOLID_ANGLE_UNIT ( ) );
#1296 = UNCERTAINTY_MEASURE_WITH_UNIT (LENGTH_MEASURE( 1.000000000000000100E-005 ), #1413, 'distance_accuracy_value', 'NONE');
#1297 = CARTESIAN_POINT ( 'NONE',  ( 0.0000000000000000000, 49.50000000000000000, 0.0000000000000000000 ) ) ;
#1298 = FILL_AREA_STYLE_COLOUR ( '', #48 ) ;
#1299 = DIRECTION ( 'NONE',  ( 0.0000000000000000000, 0.0000000000000000000, 1.000000000000000000 ) ) ;
#1300 = AXIS2_PLACEMENT_3D ( 'NONE', #581, #110, #5 ) ;
#1301 = CARTESIAN_POINT ( 'NONE',  ( 4.592425496802576700E-017, -0.9999999999999928900, -0.3750000000000002200 ) ) ;
#1302 = SURFACE_SIDE_STYLE ('',( #1 ) ) ;
#1303 = AXIS2_PLACEMENT_3D ( 'NONE', #1487, #785, #92 ) ;
#1304 = CIRCLE ( 'NONE', #1214, 7.350000000000003200 ) ;
#1305 = SURFACE_STYLE_FILL_AREA ( #1017 ) ;
#1306 = EDGE_CURVE ( 'NONE', #607, #1146, #814, .T. ) ;
#1307 = DIRECTION ( 'NONE',  ( -0.0000000000000000000, -1.000000000000000000, -0.0000000000000000000 ) ) ;
#1308 = DIRECTION ( 'NONE',  ( -0.0000000000000000000, -1.000000000000000000, -5.421010862427520900E-017 ) ) ;
#1309 = SURFACE_STYLE_USAGE ( .BOTH. , #494 ) ;
#1310 = VERTEX_POINT ( 'NONE', #491 ) ;
#1311 = SURFACE_STYLE_FILL_AREA ( #284 ) ;
#1312 = FACE_OUTER_BOUND ( 'NONE', #1239, .T. ) ;
#1313 = STYLED_ITEM ( 'NONE', ( #1079 ), #995 ) ;
#1314 = VERTEX_POINT ( 'NONE', #240 ) ;
#1315 = ORIENTED_EDGE ( 'NONE', *, *, #930, .F. ) ;
#1316 = UNCERTAINTY_MEASURE_WITH_UNIT (LENGTH_MEASURE( 1.000000000000000100E-005 ), #364, 'distance_accuracy_value', 'NONE');
#1317 = FILL_AREA_STYLE_COLOUR ( '', #44 ) ;
#1318 = SURFACE_STYLE_USAGE ( .BOTH. , #503 ) ;
#1319 =( GEOMETRIC_REPRESENTATION_CONTEXT ( 3 ) GLOBAL_UNCERTAINTY_ASSIGNED_CONTEXT ( ( #649 ) ) GLOBAL_UNIT_ASSIGNED_CONTEXT ( ( #557, #1365, #664 ) ) REPRESENTATION_CONTEXT ( 'NONE', 'WORKASPACE' ) );
#1320 = CIRCLE ( 'NONE', #559, 0.6249999999999998900 ) ;
#1321 = PRESENTATION_LAYER_ASSIGNMENT (  '', '', ( #1231 ) ) ;
#1322 = DIRECTION ( 'NONE',  ( 0.0000000000000000000, 0.0000000000000000000, 1.000000000000000000 ) ) ;
#1323 = DIRECTION ( 'NONE',  ( -0.0000000000000000000, -1.000000000000000000, -0.0000000000000000000 ) ) ;
#1324 = MECHANICAL_DESIGN_GEOMETRIC_PRESENTATION_REPRESENTATION (  '', ( #1160 ), #1393 ) ;
#1325 = ORIENTED_EDGE ( 'NONE', *, *, #797, .F. ) ;
#1326 = ORIENTED_EDGE ( 'NONE', *, *, #721, .T. ) ;
#1327 = DIRECTION ( 'NONE',  ( 0.0000000000000000000, 1.000000000000000000, 0.0000000000000000000 ) ) ;
#1328 = AXIS2_PLACEMENT_3D ( 'NONE', #1041, #355, #1166 ) ;
#1329 = DIRECTION ( 'NONE',  ( -0.0000000000000000000, -1.000000000000000000, -0.0000000000000000000 ) ) ;
#1330 = AXIS2_PLACEMENT_3D ( 'NONE', #167, #635, #1451 ) ;
#1331 = VERTEX_POINT ( 'NONE', #939 ) ;
#1332 = DIRECTION ( 'NONE',  ( 1.224646799147353500E-016, 0.0000000000000000000, -1.000000000000000000 ) ) ;
#1333 =( NAMED_UNIT ( * ) SI_UNIT ( $, .STERADIAN. ) SOLID_ANGLE_UNIT ( ) );
#1334 = EDGE_CURVE ( 'NONE', #1371, #245, #190, .T. ) ;
#1335 = DIRECTION ( 'NONE',  ( -0.0000000000000000000, -1.000000000000000000, -0.0000000000000000000 ) ) ;
#1336 =( NAMED_UNIT ( * ) SI_UNIT ( $, .STERADIAN. ) SOLID_ANGLE_UNIT ( ) );
#1337 = AXIS2_PLACEMENT_3D ( 'NONE', #1264, #569, #1378 ) ;
#1338 =( NAMED_UNIT ( * ) PLANE_ANGLE_UNIT ( ) SI_UNIT ( $, .RADIAN. ) );
#1339 = ORIENTED_EDGE ( 'NONE', *, *, #765, .F. ) ;
#1340 = TOROIDAL_SURFACE ( 'NONE', #1274, 1.000000000000000200, 0.3750000000000000600 ) ;
#1341 = CIRCLE ( 'NONE', #991, 0.6000000000000007500 ) ;
#1342 = PRESENTATION_STYLE_ASSIGNMENT (( #1163 ) ) ;
#1343 = EDGE_LOOP ( 'NONE', ( #951, #1193, #225, #1339 ) ) ;
#1344 = DIRECTION ( 'NONE',  ( 0.0000000000000000000, -1.000000000000000000, -1.387778780781444400E-014 ) ) ;
#1345 = STYLED_ITEM ( 'NONE', ( #70 ), #433 ) ;
#1346 = ORIENTED_EDGE ( 'NONE', *, *, #1348, .F. ) ;
#1347 =( GEOMETRIC_REPRESENTATION_CONTEXT ( 3 ) GLOBAL_UNCERTAINTY_ASSIGNED_CONTEXT ( ( #38 ) ) GLOBAL_UNIT_ASSIGNED_CONTEXT ( ( #589, #1400, #706 ) ) REPRESENTATION_CONTEXT ( 'NONE', 'WORKASPACE' ) );
#1348 = EDGE_CURVE ( 'NONE', #299, #273, #1117, .T. ) ;
#1349 = FACE_OUTER_BOUND ( 'NONE', #81, .T. ) ;
#1350 = AXIS2_PLACEMENT_3D ( 'NONE', #850, #153, #965 ) ;
#1351 = CIRCLE ( 'NONE', #1493, 0.3750000000000003300 ) ;
#1352 = UNCERTAINTY_MEASURE_WITH_UNIT (LENGTH_MEASURE( 1.000000000000000100E-005 ), #1171, 'distance_accuracy_value', 'NONE');
#1353 = FILL_AREA_STYLE_COLOUR ( '', #625 ) ;
#1354 = ORIENTED_EDGE ( 'NONE', *, *, #1102, .T. ) ;
#1355 = EDGE_CURVE ( 'NONE', #1284, #949, #853, .T. ) ;
#1356 = ADVANCED_FACE ( 'NONE', ( #239, #482 ), #604, .T. ) ;
#1357 = STYLED_ITEM ( 'NONE', ( #27 ), #654 ) ;
#1358 = FILL_AREA_STYLE_COLOUR ( '', #149 ) ;
#1359 = ADVANCED_FACE ( 'NONE', ( #980 ), #534, .T. ) ;
#1360 = SURFACE_STYLE_FILL_AREA ( #937 ) ;
#1361 = PRESENTATION_LAYER_ASSIGNMENT (  '', '', ( #1121 ) ) ;
#1362 = ORIENTED_EDGE ( 'NONE', *, *, #20, .F. ) ;
#1363 = STYLED_ITEM ( 'NONE', ( #162 ), #1356 ) ;
#1364 = ORIENTED_EDGE ( 'NONE', *, *, #640, .F. ) ;
#1365 =( NAMED_UNIT ( * ) PLANE_ANGLE_UNIT ( ) SI_UNIT ( $, .RADIAN. ) );
#1366 = COLOUR_RGB ( '',0.8000000000000000400, 0.8078431372549019800, 0.8000000000000000400 ) ;
#1367 =( NAMED_UNIT ( * ) PLANE_ANGLE_UNIT ( ) SI_UNIT ( $, .RADIAN. ) );
#1368 = DIRECTION ( 'NONE',  ( 0.0000000000000000000, 0.0000000000000000000, 1.000000000000000000 ) ) ;
#1369 = EDGE_CURVE ( 'NONE', #1387, #222, #1137, .T. ) ;
#1370 = SURFACE_STYLE_FILL_AREA ( #1037 ) ;
#1371 = VERTEX_POINT ( 'NONE', #917 ) ;
#1372 = EDGE_LOOP ( 'NONE', ( #1491, #1416 ) ) ;
#1373 = DIRECTION ( 'NONE',  ( 0.0000000000000000000, 0.0000000000000000000, -1.000000000000000000 ) ) ;
#1374 = SURFACE_STYLE_USAGE ( .BOTH. , #563 ) ;
#1375 = ADVANCED_FACE ( 'NONE', ( #869 ), #1024, .T. ) ;
#1376 = AXIS2_PLACEMENT_3D ( 'NONE', #164, #979, #292 ) ;
#1377 = ADVANCED_FACE ( 'NONE', ( #99 ), #1206, .T. ) ;
#1378 = DIRECTION ( 'NONE',  ( 0.0000000000000000000, -1.000000000000000000, -1.387778780781444400E-014 ) ) ;
#1379 = CARTESIAN_POINT ( 'NONE',  ( 6.750000000000002700, 9.540979117872437800E-017, 0.0000000000000000000 ) ) ;
#1380 = SURFACE_STYLE_FILL_AREA ( #472 ) ;
#1381 = DIRECTION ( 'NONE',  ( 0.0000000000000000000, -1.000000000000000000, -1.387778780781444400E-014 ) ) ;
#1382 = ORIENTED_EDGE ( 'NONE', *, *, #471, .T. ) ;
#1383 = CARTESIAN_POINT ( 'NONE',  ( 0.0000000000000000000, -0.9999999999999928900, 0.3749999999999999400 ) ) ;
#1384 = SURFACE_STYLE_USAGE ( .BOTH. , #577 ) ;
#1385 = DIRECTION ( 'NONE',  ( 0.0000000000000000000, -1.000000000000000000, 0.0000000000000000000 ) ) ;
#1386 = DIRECTION ( 'NONE',  ( 0.0000000000000000000, 1.000000000000000000, 0.0000000000000000000 ) ) ;
#1387 = VERTEX_POINT ( 'NONE', #244 ) ;
#1388 = CYLINDRICAL_SURFACE ( 'NONE', #1455, 4.150000000000002100 ) ;
#1389 = MECHANICAL_DESIGN_GEOMETRIC_PRESENTATION_REPRESENTATION (  '', ( #1231 ), #1464 ) ;
#1390 = FACE_BOUND ( 'NONE', #1372, .T. ) ;
#1391 = DIRECTION ( 'NONE',  ( -0.0000000000000000000, -1.000000000000000000, -0.0000000000000000000 ) ) ;
#1392 = CARTESIAN_POINT ( 'NONE',  ( 0.0000000000000000000, 49.60000000000000900, 0.0000000000000000000 ) ) ;
#1393 =( GEOMETRIC_REPRESENTATION_CONTEXT ( 3 ) GLOBAL_UNCERTAINTY_ASSIGNED_CONTEXT ( ( #328 ) ) GLOBAL_UNIT_ASSIGNED_CONTEXT ( ( #450, #1262, #568 ) ) REPRESENTATION_CONTEXT ( 'NONE', 'WORKASPACE' ) );
#1394 =( NAMED_UNIT ( * ) PLANE_ANGLE_UNIT ( ) SI_UNIT ( $, .RADIAN. ) );
#1395 = CARTESIAN_POINT ( 'NONE',  ( 0.0000000000000000000, 2.574980159653073000E-016, -6.750000000000002700 ) ) ;
#1396 = AXIS2_PLACEMENT_3D ( 'NONE', #6, #812, #119 ) ;
#1397 = UNCERTAINTY_MEASURE_WITH_UNIT (LENGTH_MEASURE( 1.000000000000000100E-005 ), #1398, 'distance_accuracy_value', 'NONE');
#1398 =( LENGTH_UNIT ( ) NAMED_UNIT ( * ) SI_UNIT ( .MILLI., .METRE. ) );
#1399 =( NAMED_UNIT ( * ) SI_UNIT ( $, .STERADIAN. ) SOLID_ANGLE_UNIT ( ) );
#1400 =( NAMED_UNIT ( * ) PLANE_ANGLE_UNIT ( ) SI_UNIT ( $, .RADIAN. ) );
#1401 = AXIS2_PLACEMENT_3D ( 'NONE', #1157, #465, #1280 ) ;
#1402 = VECTOR ( 'NONE', #946, 1000.000000000000000 ) ;
#1403 = EDGE_CURVE ( 'NONE', #1284, #1092, #307, .T. ) ;
#1404 = DIRECTION ( 'NONE',  ( 0.0000000000000000000, 0.0000000000000000000, 1.000000000000000000 ) ) ;
#1405 = CARTESIAN_POINT ( 'NONE',  ( 0.0000000000000000000, 0.6000000000000005300, 0.0000000000000000000 ) ) ;
#1406 = CARTESIAN_POINT ( 'NONE',  ( 0.0000000000000000000, -0.9999999999999928900, -1.224646799147344300E-016 ) ) ;
#1407 = CIRCLE ( 'NONE', #738, 6.750000000000002700 ) ;
#1408 = CYLINDRICAL_SURFACE ( 'NONE', #916, 7.350000000000003200 ) ;
#1409 = ORIENTED_EDGE ( 'NONE', *, *, #855, .T. ) ;
#1410 = CARTESIAN_POINT ( 'NONE',  ( 0.0000000000000000000, 0.1000000000000004800, -4.150000000000002100 ) ) ;
#1411 = DIRECTION ( 'NONE',  ( 0.0000000000000000000, 0.0000000000000000000, -1.000000000000000000 ) ) ;
#1412 = AXIS2_PLACEMENT_3D ( 'NONE', #208, #1018, #331 ) ;
#1413 =( LENGTH_UNIT ( ) NAMED_UNIT ( * ) SI_UNIT ( .MILLI., .METRE. ) );
#1414 = VECTOR ( 'NONE', #91, 1000.000000000000100 ) ;
#1415 = CIRCLE ( 'NONE', #425, 0.5000000000000000000 ) ;
#1416 = ORIENTED_EDGE ( 'NONE', *, *, #1132, .F. ) ;
#1417 = ORIENTED_EDGE ( 'NONE', *, *, #960, .T. ) ;
#1418 = CARTESIAN_POINT ( 'NONE',  ( 0.0000000000000000000, 50.00000000000000000, 0.0000000000000000000 ) ) ;
#1419 =( NAMED_UNIT ( * ) PLANE_ANGLE_UNIT ( ) SI_UNIT ( $, .RADIAN. ) );
#1420 = AXIS2_PLACEMENT_3D ( 'NONE', #345, #1153, #461 ) ;
#1421 = DIRECTION ( 'NONE',  ( -1.224646799147353000E-016, 0.0000000000000000000, -1.000000000000000000 ) ) ;
#1422 = DIRECTION ( 'NONE',  ( 0.0000000000000000000, -1.000000000000000000, 0.0000000000000000000 ) ) ;
#1423 = AXIS2_PLACEMENT_3D ( 'NONE', #1054, #370, #1184 ) ;
#1424 = VECTOR ( 'NONE', #685, 1000.000000000000000 ) ;
#1425 = COLOUR_RGB ( '',0.8000000000000000400, 0.8078431372549019800, 0.8000000000000000400 ) ;
#1426 = FILL_AREA_STYLE_COLOUR ( '', #860 ) ;
#1427 = AXIS2_PLACEMENT_3D ( 'NONE', #177, #1466, #422 ) ;
#1428 = SURFACE_SIDE_STYLE ('',( #19 ) ) ;
#1429 = ORIENTED_EDGE ( 'NONE', *, *, #66, .F. ) ;
#1430 = ORIENTED_EDGE ( 'NONE', *, *, #340, .T. ) ;
#1431 =( NAMED_UNIT ( * ) SI_UNIT ( $, .STERADIAN. ) SOLID_ANGLE_UNIT ( ) );
#1432 =( NAMED_UNIT ( * ) PLANE_ANGLE_UNIT ( ) SI_UNIT ( $, .RADIAN. ) );
#1433 = SURFACE_STYLE_FILL_AREA ( #72 ) ;
#1434 = AXIS2_PLACEMENT_3D ( 'NONE', #515, #1329, #624 ) ;
#1435 = VERTEX_POINT ( 'NONE', #1049 ) ;
#1436 = CARTESIAN_POINT ( 'NONE',  ( 3.367778697655220500E-016, 49.50000000000000000, 2.749999999999999600 ) ) ;
#1437 = EDGE_CURVE ( 'NONE', #386, #417, #585, .T. ) ;
#1438 = FILL_AREA_STYLE ('',( #859 ) ) ;
#1439 = AXIS2_PLACEMENT_3D ( 'NONE', #1506, #214, #700 ) ;
#1440 = CYLINDRICAL_SURFACE ( 'NONE', #1125, 0.3750000000000000600 ) ;
#1441 = FILL_AREA_STYLE_COLOUR ( '', #610 ) ;
#1442 = CARTESIAN_POINT ( 'NONE',  ( 2.500000000000000000, 1.705090534109252400E-017, 0.0000000000000000000 ) ) ;
#1443 = EDGE_LOOP ( 'NONE', ( #409, #677, #905, #751 ) ) ;
#1444 = LINE ( 'NONE', #412, #1123 ) ;
#1445 = PRESENTATION_STYLE_ASSIGNMENT (( #1170 ) ) ;
#1446 = CIRCLE ( 'NONE', #45, 2.749999999999999600 ) ;
#1447 = MECHANICAL_DESIGN_GEOMETRIC_PRESENTATION_REPRESENTATION (  '', ( #1121 ), #14 ) ;
#1448 = DIRECTION ( 'NONE',  ( 0.0000000000000000000, 0.0000000000000000000, -1.000000000000000000 ) ) ;
#1449 = ORIENTED_EDGE ( 'NONE', *, *, #721, .F. ) ;
#1450 = PRESENTATION_LAYER_ASSIGNMENT (  '', '', ( #1363 ) ) ;
#1451 = DIRECTION ( 'NONE',  ( 0.0000000000000000000, 0.0000000000000000000, -1.000000000000000000 ) ) ;
#1452 = EDGE_CURVE ( 'NONE', #1075, #438, #919, .T. ) ;
#1453 = SURFACE_SIDE_STYLE ('',( #69 ) ) ;
#1454 = VECTOR ( 'NONE', #1503, 1000.000000000000100 ) ;
#1455 = AXIS2_PLACEMENT_3D ( 'NONE', #282, #628, #1213 ) ;
#1456 = LINE ( 'NONE', #1383, #788 ) ;
#1457 = TOROIDAL_SURFACE ( 'NONE', #166, 6.750000000000002700, 0.6000000000000004200 ) ;
#1458 = ORIENTED_EDGE ( 'NONE', *, *, #1403, .F. ) ;
#1459 = COLOUR_RGB ( '',0.8000000000000000400, 0.8078431372549019800, 0.8000000000000000400 ) ;
#1460 = ORIENTED_EDGE ( 'NONE', *, *, #290, .T. ) ;
#1461 = UNCERTAINTY_MEASURE_WITH_UNIT (LENGTH_MEASURE( 1.000000000000000100E-005 ), #97, 'distance_accuracy_value', 'NONE');
#1462 = ORIENTED_EDGE ( 'NONE', *, *, #525, .F. ) ;
#1463 = AXIS2_PLACEMENT_3D ( 'NONE', #1252, #562, #1373 ) ;
#1464 =( GEOMETRIC_REPRESENTATION_CONTEXT ( 3 ) GLOBAL_UNCERTAINTY_ASSIGNED_CONTEXT ( ( #194 ) ) GLOBAL_UNIT_ASSIGNED_CONTEXT ( ( #31, #842, #145 ) ) REPRESENTATION_CONTEXT ( 'NONE', 'WORKASPACE' ) );
#1465 = ADVANCED_FACE ( 'NONE', ( #281 ), #1051, .T. ) ;
#1466 = DIRECTION ( 'NONE',  ( -0.0000000000000000000, -1.000000000000000000, -0.0000000000000000000 ) ) ;
#1467 = PRESENTATION_STYLE_ASSIGNMENT (( #603 ) ) ;
#1468 = STYLED_ITEM ( 'NONE', ( #423 ), #179 ) ;
#1469 = FILL_AREA_STYLE_COLOUR ( '', #801 ) ;
#1470 = AXIS2_PLACEMENT_3D ( 'NONE', #1509, #806, #109 ) ;
#1471 = ADVANCED_FACE ( 'NONE', ( #480, #741 ), #377, .T. ) ;
#1472 = CARTESIAN_POINT ( 'NONE',  ( 0.0000000000000000000, 50.00000000000000000, -2.749999999999999600 ) ) ;
#1473 = VERTEX_POINT ( 'NONE', #257 ) ;
#1474 = ORIENTED_EDGE ( 'NONE', *, *, #1507, .F. ) ;
#1475 = DIRECTION ( 'NONE',  ( 0.0000000000000000000, 0.0000000000000000000, -1.000000000000000000 ) ) ;
#1476 = EDGE_CURVE ( 'NONE', #155, #299, #632, .T. ) ;
#1477 = SURFACE_STYLE_FILL_AREA ( #1045 ) ;
#1478 = ORIENTED_EDGE ( 'NONE', *, *, #414, .T. ) ;
#1479 = DIRECTION ( 'NONE',  ( -0.0000000000000000000, -1.000000000000000000, -0.0000000000000000000 ) ) ;
#1480 = AXIS2_PLACEMENT_3D ( 'NONE', #668, #75, #1135 ) ;
#1481 = FILL_AREA_STYLE ('',( #1131 ) ) ;
#1482 = SURFACE_SIDE_STYLE ('',( #876 ) ) ;
#1483 =( NAMED_UNIT ( * ) PLANE_ANGLE_UNIT ( ) SI_UNIT ( $, .RADIAN. ) );
#1484 = PRESENTATION_LAYER_ASSIGNMENT (  '', '', ( #1345 ) ) ;
#1485 = DIRECTION ( 'NONE',  ( -0.0000000000000000000, -1.000000000000000000, -5.421010862427520900E-017 ) ) ;
#1486 = SURFACE_STYLE_FILL_AREA ( #1272 ) ;
#1487 = CARTESIAN_POINT ( 'NONE',  ( 0.0000000000000000000, 0.1000000000000004800, 0.0000000000000000000 ) ) ;
#1488 = DIRECTION ( 'NONE',  ( 0.0000000000000000000, 1.000000000000000000, 0.0000000000000000000 ) ) ;
#1489 = ORIENTED_EDGE ( 'NONE', *, *, #879, .F. ) ;
#1490 = AXIS2_PLACEMENT_3D ( 'NONE', #13, #821, #126 ) ;
#1491 = ORIENTED_EDGE ( 'NONE', *, *, #1102, .F. ) ;
#1492 = COLOUR_RGB ( '',1.000000000000000000, 1.000000000000000000, 1.000000000000000000 ) ;
#1493 = AXIS2_PLACEMENT_3D ( 'NONE', #98, #325, #683 ) ;
#1494 = DIRECTION ( 'NONE',  ( 0.0000000000000000000, 0.0000000000000000000, -1.000000000000000000 ) ) ;
#1495 = ORIENTED_EDGE ( 'NONE', *, *, #172, .F. ) ;
#1496 = SURFACE_SIDE_STYLE ('',( #510 ) ) ;
#1497 = DIRECTION ( 'NONE',  ( -0.0000000000000000000, -1.000000000000000000, -0.0000000000000000000 ) ) ;
#1498 = UNCERTAINTY_MEASURE_WITH_UNIT (LENGTH_MEASURE( 1.000000000000000100E-005 ), #1144, 'distance_accuracy_value', 'NONE');
#1499 = CARTESIAN_POINT ( 'NONE',  ( 0.0000000000000000000, 50.00000000000000000, 0.0000000000000000000 ) ) ;
#1500 = DIRECTION ( 'NONE',  ( -0.0000000000000000000, 1.000000000000000000, 1.224646799147353000E-016 ) ) ;
#1501 =( NAMED_UNIT ( * ) PLANE_ANGLE_UNIT ( ) SI_UNIT ( $, .RADIAN. ) );
#1502 = DIRECTION ( 'NONE',  ( 0.0000000000000000000, 1.000000000000000000, 0.0000000000000000000 ) ) ;
#1503 = DIRECTION ( 'NONE',  ( 0.0000000000000000000, 0.09950371902099901200, 0.9950371902099890400 ) ) ;
#1504 = AXIS2_PLACEMENT_3D ( 'NONE', #854, #158, #973 ) ;
#1505 = SURFACE_SIDE_STYLE ('',( #1291 ) ) ;
#1506 = CARTESIAN_POINT ( 'NONE',  ( 0.0000000000000000000, 51.50000000000000000, 5.421010862427488300E-017 ) ) ;
#1507 = EDGE_CURVE ( 'NONE', #1435, #417, #941, .T. ) ;
#1508 = UNCERTAINTY_MEASURE_WITH_UNIT (LENGTH_MEASURE( 1.000000000000000100E-005 ), #529, 'distance_accuracy_value', 'NONE');
#1509 = CARTESIAN_POINT ( 'NONE',  ( 0.0000000000000000000, -6.667843360785854700E-017, 0.0000000000000000000 ) ) ;
#1510 = DIRECTION ( 'NONE',  ( 0.0000000000000000000, 0.0000000000000000000, -1.000000000000000000 ) ) ;
ENDSEC;
END-ISO-10303-21;
