ISO-10303-21;
HEADER;
FILE_DESCRIPTION(('STEP AP214'),'1');
FILE_NAME('1734829-5.stp','2022-07-19T01:14:29',('TraceParts'),('TraceParts S.A.'),'Spatial InterOp 3D',' ',' ');
FILE_SCHEMA(('AUTOMOTIVE_DESIGN { 1 0 10303 214 1 1 1 1 }'));
ENDSEC;
DATA;
#1=MECHANICAL_DESIGN_GEOMETRIC_PRESENTATION_REPRESENTATION(' ',(#10,#11,#12,#13,#14,#15,#16,#17,#18,#19,#20,#21,#22,#23,#24,#25,#26,#27,#28,#29,#30,#31,#32,#33,#34,#35,#36,#37,#38,#39,#40,#41,#42,#43,#44,#45,#46,#47,#48,#49,#50,#51,#52,#53,#54,#55,#56,#57,#58,#59,#60,#61,#62,#63,#64,#65,#66,#67,#68,#69,#70,#71,#72,#73,#74,#75,#76,#77,#78,#79,#80,#81,#82,#83,#84,#85,#86,#87,#88,#89,#90,#91,#92,#93,#94,#95,#96,#97,#98,#99,#100,#101,#102,#103,#104,#105,#106,#107,#108,#109,#110,#111,#112,#113,#114,#115,#116,#117,#118,#119,#120,#121,#122,#123,#124,#125,#126,#127,#128,#129,#130,#131,#132,#133,#134,#135,#136,#137,#138,#139,#140,#141,#142,#143,#144,#145,#146,#147,#148,#149,#150,#151,#152,#153,#154,#155,#156,#157,#158,#159,#160,#161,#162,#163,#164,#165,#166,#167,#168,#169,#170,#171,#172,#173,#174,#175,#176,#177,#178,#179,#180,#181,#182,#183,#184,#185,#186,#187,#188,#189,#190,#191,#192,#193,#194,#195,#196,#197,#198,#199,#200,#201,#202,#203,#204,#205,#206,#207,#208,#209,#210,#211,#212,#213,#214,#215,#216,#217,#218,#219,#220,#221,#222,#223,#224,#225,#226,#227,#228,#229,#230,#231,#232,#233,#234,#235,#236,#237,#238,#239,#240,#241,#242,#243,#244,#245,#246,#247,#248,#249,#250,#251,#252,#253,#254,#255,#256,#257,#258,#259,#260,#261,#262,#263,#264,#265,#266,#267,#268,#269,#270,#271,#272,#273,#274,#275,#276,#277,#278,#279,#280,#281,#282,#283,#284,#285,#286,#287,#288,#289,#290,#291,#292,#293,#294,#295,#296,#297,#298,#299,#300,#301,#302,#303,#304,#305,#306,#307,#308,#309,#310,#311,#312,#313,#314,#315,#316,#317,#318,#319,#320,#321,#322,#323,#324,#325,#326,#327,#328,#329,#330,#331,#332,#333,#334,#335,#336,#337,#338,#339,#340,#341,#342,#343,#344,#345,#346,#347,#348,#349,#350,#351,#352,#353,#354,#355,#356,#357,#358,#359,#360,#361,#362,#363,#364,#365,#366,#367,#368,#369,#370,#371,#372,#373,#374,#375,#376,#377,#378,#379,#380,#381,#382,#383,#384,#385,#386,#387,#388,#389,#390,#391,#392,#393,#394,#395,#396,#397,#398,#399,#400,#401,#402,#403,#404,#405,#406,#407,#408,#409,#410,#411,#412,#413,#414,#415,#416,#417,#418,#419,#420,#421,#422,#423,#424),#6);
#2=PRODUCT_DEFINITION_CONTEXT('',#425,'design');
#3=APPLICATION_PROTOCOL_DEFINITION('INTERNATIONAL STANDARD','automotive_design',1994,#425);
#4=PRODUCT_CATEGORY_RELATIONSHIP('NONE','NONE',#426,#427);
#5=SHAPE_DEFINITION_REPRESENTATION(#428,#429);
#6= (GEOMETRIC_REPRESENTATION_CONTEXT(3)GLOBAL_UNCERTAINTY_ASSIGNED_CONTEXT((#432))GLOBAL_UNIT_ASSIGNED_CONTEXT((#434,#435,#436))REPRESENTATION_CONTEXT('NONE','WORKSPACE'));
#10=STYLED_ITEM('',(#438),#439);
#11=STYLED_ITEM('',(#440),#441);
#12=STYLED_ITEM('',(#442),#443);
#13=STYLED_ITEM('',(#444),#445);
#14=STYLED_ITEM('',(#446),#447);
#15=STYLED_ITEM('',(#448),#449);
#16=STYLED_ITEM('',(#450),#451);
#17=STYLED_ITEM('',(#452),#453);
#18=STYLED_ITEM('',(#454),#455);
#19=STYLED_ITEM('',(#456),#457);
#20=STYLED_ITEM('',(#458),#459);
#21=STYLED_ITEM('',(#460),#461);
#22=STYLED_ITEM('',(#462),#463);
#23=STYLED_ITEM('',(#464),#465);
#24=STYLED_ITEM('',(#466),#467);
#25=STYLED_ITEM('',(#468),#469);
#26=STYLED_ITEM('',(#470),#471);
#27=STYLED_ITEM('',(#472),#473);
#28=STYLED_ITEM('',(#474),#475);
#29=STYLED_ITEM('',(#476),#477);
#30=STYLED_ITEM('',(#478),#479);
#31=STYLED_ITEM('',(#480),#481);
#32=STYLED_ITEM('',(#482),#483);
#33=STYLED_ITEM('',(#484),#485);
#34=STYLED_ITEM('',(#486),#487);
#35=STYLED_ITEM('',(#488),#489);
#36=STYLED_ITEM('',(#490),#491);
#37=STYLED_ITEM('',(#492),#493);
#38=STYLED_ITEM('',(#494),#495);
#39=STYLED_ITEM('',(#496),#497);
#40=STYLED_ITEM('',(#498),#499);
#41=STYLED_ITEM('',(#500),#501);
#42=STYLED_ITEM('',(#502),#503);
#43=STYLED_ITEM('',(#504),#505);
#44=STYLED_ITEM('',(#506),#507);
#45=STYLED_ITEM('',(#508),#509);
#46=STYLED_ITEM('',(#510),#511);
#47=STYLED_ITEM('',(#512),#513);
#48=STYLED_ITEM('',(#514),#515);
#49=STYLED_ITEM('',(#516),#517);
#50=STYLED_ITEM('',(#518),#519);
#51=STYLED_ITEM('',(#520),#521);
#52=STYLED_ITEM('',(#522),#523);
#53=STYLED_ITEM('',(#524),#525);
#54=STYLED_ITEM('',(#526),#527);
#55=STYLED_ITEM('',(#528),#529);
#56=STYLED_ITEM('',(#530),#531);
#57=STYLED_ITEM('',(#532),#533);
#58=STYLED_ITEM('',(#534),#535);
#59=STYLED_ITEM('',(#536),#537);
#60=STYLED_ITEM('',(#538),#539);
#61=STYLED_ITEM('',(#540),#541);
#62=STYLED_ITEM('',(#542),#543);
#63=STYLED_ITEM('',(#544),#545);
#64=STYLED_ITEM('',(#546),#547);
#65=STYLED_ITEM('',(#548),#549);
#66=STYLED_ITEM('',(#550),#551);
#67=STYLED_ITEM('',(#552),#553);
#68=STYLED_ITEM('',(#554),#555);
#69=STYLED_ITEM('',(#556),#557);
#70=STYLED_ITEM('',(#558),#559);
#71=STYLED_ITEM('',(#560),#561);
#72=STYLED_ITEM('',(#562),#563);
#73=STYLED_ITEM('',(#564),#565);
#74=STYLED_ITEM('',(#566),#567);
#75=STYLED_ITEM('',(#568),#569);
#76=STYLED_ITEM('',(#570),#571);
#77=STYLED_ITEM('',(#572),#573);
#78=STYLED_ITEM('',(#574),#575);
#79=STYLED_ITEM('',(#576),#577);
#80=STYLED_ITEM('',(#578),#579);
#81=STYLED_ITEM('',(#580),#581);
#82=STYLED_ITEM('',(#582),#583);
#83=STYLED_ITEM('',(#584),#585);
#84=STYLED_ITEM('',(#586),#587);
#85=STYLED_ITEM('',(#588),#589);
#86=STYLED_ITEM('',(#590),#591);
#87=STYLED_ITEM('',(#592),#593);
#88=STYLED_ITEM('',(#594),#595);
#89=STYLED_ITEM('',(#596),#597);
#90=STYLED_ITEM('',(#598),#599);
#91=STYLED_ITEM('',(#600),#601);
#92=STYLED_ITEM('',(#602),#603);
#93=STYLED_ITEM('',(#604),#605);
#94=STYLED_ITEM('',(#606),#607);
#95=STYLED_ITEM('',(#608),#609);
#96=STYLED_ITEM('',(#610),#611);
#97=STYLED_ITEM('',(#612),#613);
#98=STYLED_ITEM('',(#614),#615);
#99=STYLED_ITEM('',(#616),#617);
#100=STYLED_ITEM('',(#618),#619);
#101=STYLED_ITEM('',(#620),#621);
#102=STYLED_ITEM('',(#622),#623);
#103=STYLED_ITEM('',(#624),#625);
#104=STYLED_ITEM('',(#626),#627);
#105=STYLED_ITEM('',(#628),#629);
#106=STYLED_ITEM('',(#630),#631);
#107=STYLED_ITEM('',(#632),#633);
#108=STYLED_ITEM('',(#634),#635);
#109=STYLED_ITEM('',(#636),#637);
#110=STYLED_ITEM('',(#638),#639);
#111=STYLED_ITEM('',(#640),#641);
#112=STYLED_ITEM('',(#642),#643);
#113=STYLED_ITEM('',(#644),#645);
#114=STYLED_ITEM('',(#646),#647);
#115=STYLED_ITEM('',(#648),#649);
#116=STYLED_ITEM('',(#650),#651);
#117=STYLED_ITEM('',(#652),#653);
#118=STYLED_ITEM('',(#654),#655);
#119=STYLED_ITEM('',(#656),#657);
#120=STYLED_ITEM('',(#658),#659);
#121=STYLED_ITEM('',(#660),#661);
#122=STYLED_ITEM('',(#662),#663);
#123=STYLED_ITEM('',(#664),#665);
#124=STYLED_ITEM('',(#666),#667);
#125=STYLED_ITEM('',(#668),#669);
#126=STYLED_ITEM('',(#670),#671);
#127=STYLED_ITEM('',(#672),#673);
#128=STYLED_ITEM('',(#674),#675);
#129=STYLED_ITEM('',(#676),#677);
#130=STYLED_ITEM('',(#678),#679);
#131=STYLED_ITEM('',(#680),#681);
#132=STYLED_ITEM('',(#682),#683);
#133=STYLED_ITEM('',(#684),#685);
#134=STYLED_ITEM('',(#686),#687);
#135=STYLED_ITEM('',(#688),#689);
#136=STYLED_ITEM('',(#690),#691);
#137=STYLED_ITEM('',(#692),#693);
#138=STYLED_ITEM('',(#694),#695);
#139=STYLED_ITEM('',(#696),#697);
#140=STYLED_ITEM('',(#698),#699);
#141=STYLED_ITEM('',(#700),#701);
#142=STYLED_ITEM('',(#702),#703);
#143=STYLED_ITEM('',(#704),#705);
#144=STYLED_ITEM('',(#706),#707);
#145=STYLED_ITEM('',(#708),#709);
#146=STYLED_ITEM('',(#710),#711);
#147=STYLED_ITEM('',(#712),#713);
#148=STYLED_ITEM('',(#714),#715);
#149=STYLED_ITEM('',(#716),#717);
#150=STYLED_ITEM('',(#718),#719);
#151=STYLED_ITEM('',(#720),#721);
#152=STYLED_ITEM('',(#722),#723);
#153=STYLED_ITEM('',(#724),#725);
#154=STYLED_ITEM('',(#726),#727);
#155=STYLED_ITEM('',(#728),#729);
#156=STYLED_ITEM('',(#730),#731);
#157=STYLED_ITEM('',(#732),#733);
#158=STYLED_ITEM('',(#734),#735);
#159=STYLED_ITEM('',(#736),#737);
#160=STYLED_ITEM('',(#738),#739);
#161=STYLED_ITEM('',(#740),#741);
#162=STYLED_ITEM('',(#742),#743);
#163=STYLED_ITEM('',(#744),#745);
#164=STYLED_ITEM('',(#746),#747);
#165=STYLED_ITEM('',(#748),#749);
#166=STYLED_ITEM('',(#750),#751);
#167=STYLED_ITEM('',(#752),#753);
#168=STYLED_ITEM('',(#754),#755);
#169=STYLED_ITEM('',(#756),#757);
#170=STYLED_ITEM('',(#758),#759);
#171=STYLED_ITEM('',(#760),#761);
#172=STYLED_ITEM('',(#762),#763);
#173=STYLED_ITEM('',(#764),#765);
#174=STYLED_ITEM('',(#766),#767);
#175=STYLED_ITEM('',(#768),#769);
#176=STYLED_ITEM('',(#770),#771);
#177=STYLED_ITEM('',(#772),#773);
#178=STYLED_ITEM('',(#774),#775);
#179=STYLED_ITEM('',(#776),#777);
#180=STYLED_ITEM('',(#778),#779);
#181=STYLED_ITEM('',(#780),#781);
#182=STYLED_ITEM('',(#782),#783);
#183=STYLED_ITEM('',(#784),#785);
#184=STYLED_ITEM('',(#786),#787);
#185=STYLED_ITEM('',(#788),#789);
#186=STYLED_ITEM('',(#790),#791);
#187=STYLED_ITEM('',(#792),#793);
#188=STYLED_ITEM('',(#794),#795);
#189=STYLED_ITEM('',(#796),#797);
#190=STYLED_ITEM('',(#798),#799);
#191=STYLED_ITEM('',(#800),#801);
#192=STYLED_ITEM('',(#802),#803);
#193=STYLED_ITEM('',(#804),#805);
#194=STYLED_ITEM('',(#806),#807);
#195=STYLED_ITEM('',(#808),#809);
#196=STYLED_ITEM('',(#810),#811);
#197=STYLED_ITEM('',(#812),#813);
#198=STYLED_ITEM('',(#814),#815);
#199=STYLED_ITEM('',(#816),#817);
#200=STYLED_ITEM('',(#818),#819);
#201=STYLED_ITEM('',(#820),#821);
#202=STYLED_ITEM('',(#822),#823);
#203=STYLED_ITEM('',(#824),#825);
#204=STYLED_ITEM('',(#826),#827);
#205=STYLED_ITEM('',(#828),#829);
#206=STYLED_ITEM('',(#830),#831);
#207=STYLED_ITEM('',(#832),#833);
#208=STYLED_ITEM('',(#834),#835);
#209=STYLED_ITEM('',(#836),#837);
#210=STYLED_ITEM('',(#838),#839);
#211=STYLED_ITEM('',(#840),#841);
#212=STYLED_ITEM('',(#842),#843);
#213=STYLED_ITEM('',(#844),#845);
#214=STYLED_ITEM('',(#846),#847);
#215=STYLED_ITEM('',(#848),#849);
#216=STYLED_ITEM('',(#850),#851);
#217=STYLED_ITEM('',(#852),#853);
#218=STYLED_ITEM('',(#854),#855);
#219=STYLED_ITEM('',(#856),#857);
#220=STYLED_ITEM('',(#858),#859);
#221=STYLED_ITEM('',(#860),#861);
#222=STYLED_ITEM('',(#862),#863);
#223=STYLED_ITEM('',(#864),#865);
#224=STYLED_ITEM('',(#866),#867);
#225=STYLED_ITEM('',(#868),#869);
#226=STYLED_ITEM('',(#870),#871);
#227=STYLED_ITEM('',(#872),#873);
#228=STYLED_ITEM('',(#874),#875);
#229=STYLED_ITEM('',(#876),#877);
#230=STYLED_ITEM('',(#878),#879);
#231=STYLED_ITEM('',(#880),#881);
#232=STYLED_ITEM('',(#882),#883);
#233=STYLED_ITEM('',(#884),#885);
#234=STYLED_ITEM('',(#886),#887);
#235=STYLED_ITEM('',(#888),#889);
#236=STYLED_ITEM('',(#890),#891);
#237=STYLED_ITEM('',(#892),#893);
#238=STYLED_ITEM('',(#894),#895);
#239=STYLED_ITEM('',(#896),#897);
#240=STYLED_ITEM('',(#898),#899);
#241=STYLED_ITEM('',(#900),#901);
#242=STYLED_ITEM('',(#902),#903);
#243=STYLED_ITEM('',(#904),#905);
#244=STYLED_ITEM('',(#906),#907);
#245=STYLED_ITEM('',(#908),#909);
#246=STYLED_ITEM('',(#910),#911);
#247=STYLED_ITEM('',(#912),#913);
#248=STYLED_ITEM('',(#914),#915);
#249=STYLED_ITEM('',(#916),#917);
#250=STYLED_ITEM('',(#918),#919);
#251=STYLED_ITEM('',(#920),#921);
#252=STYLED_ITEM('',(#922),#923);
#253=STYLED_ITEM('',(#924),#925);
#254=STYLED_ITEM('',(#926),#927);
#255=STYLED_ITEM('',(#928),#929);
#256=STYLED_ITEM('',(#930),#931);
#257=STYLED_ITEM('',(#932),#933);
#258=STYLED_ITEM('',(#934),#935);
#259=STYLED_ITEM('',(#936),#937);
#260=STYLED_ITEM('',(#938),#939);
#261=STYLED_ITEM('',(#940),#941);
#262=STYLED_ITEM('',(#942),#943);
#263=STYLED_ITEM('',(#944),#945);
#264=STYLED_ITEM('',(#946),#947);
#265=STYLED_ITEM('',(#948),#949);
#266=STYLED_ITEM('',(#950),#951);
#267=STYLED_ITEM('',(#952),#953);
#268=STYLED_ITEM('',(#954),#955);
#269=STYLED_ITEM('',(#956),#957);
#270=STYLED_ITEM('',(#958),#959);
#271=STYLED_ITEM('',(#960),#961);
#272=STYLED_ITEM('',(#962),#963);
#273=STYLED_ITEM('',(#964),#965);
#274=STYLED_ITEM('',(#966),#967);
#275=STYLED_ITEM('',(#968),#969);
#276=STYLED_ITEM('',(#970),#971);
#277=STYLED_ITEM('',(#972),#973);
#278=STYLED_ITEM('',(#974),#975);
#279=STYLED_ITEM('',(#976),#977);
#280=STYLED_ITEM('',(#978),#979);
#281=STYLED_ITEM('',(#980),#981);
#282=STYLED_ITEM('',(#982),#983);
#283=STYLED_ITEM('',(#984),#985);
#284=STYLED_ITEM('',(#986),#987);
#285=STYLED_ITEM('',(#988),#989);
#286=STYLED_ITEM('',(#990),#991);
#287=STYLED_ITEM('',(#992),#993);
#288=STYLED_ITEM('',(#994),#995);
#289=STYLED_ITEM('',(#996),#997);
#290=STYLED_ITEM('',(#998),#999);
#291=STYLED_ITEM('',(#1000),#1001);
#292=STYLED_ITEM('',(#1002),#1003);
#293=STYLED_ITEM('',(#1004),#1005);
#294=STYLED_ITEM('',(#1006),#1007);
#295=STYLED_ITEM('',(#1008),#1009);
#296=STYLED_ITEM('',(#1010),#1011);
#297=STYLED_ITEM('',(#1012),#1013);
#298=STYLED_ITEM('',(#1014),#1015);
#299=STYLED_ITEM('',(#1016),#1017);
#300=STYLED_ITEM('',(#1018),#1019);
#301=STYLED_ITEM('',(#1020),#1021);
#302=STYLED_ITEM('',(#1022),#1023);
#303=STYLED_ITEM('',(#1024),#1025);
#304=STYLED_ITEM('',(#1026),#1027);
#305=STYLED_ITEM('',(#1028),#1029);
#306=STYLED_ITEM('',(#1030),#1031);
#307=STYLED_ITEM('',(#1032),#1033);
#308=STYLED_ITEM('',(#1034),#1035);
#309=STYLED_ITEM('',(#1036),#1037);
#310=STYLED_ITEM('',(#1038),#1039);
#311=STYLED_ITEM('',(#1040),#1041);
#312=STYLED_ITEM('',(#1042),#1043);
#313=STYLED_ITEM('',(#1044),#1045);
#314=STYLED_ITEM('',(#1046),#1047);
#315=STYLED_ITEM('',(#1048),#1049);
#316=STYLED_ITEM('',(#1050),#1051);
#317=STYLED_ITEM('',(#1052),#1053);
#318=STYLED_ITEM('',(#1054),#1055);
#319=STYLED_ITEM('',(#1056),#1057);
#320=STYLED_ITEM('',(#1058),#1059);
#321=STYLED_ITEM('',(#1060),#1061);
#322=STYLED_ITEM('',(#1062),#1063);
#323=STYLED_ITEM('',(#1064),#1065);
#324=STYLED_ITEM('',(#1066),#1067);
#325=STYLED_ITEM('',(#1068),#1069);
#326=STYLED_ITEM('',(#1070),#1071);
#327=STYLED_ITEM('',(#1072),#1073);
#328=STYLED_ITEM('',(#1074),#1075);
#329=STYLED_ITEM('',(#1076),#1077);
#330=STYLED_ITEM('',(#1078),#1079);
#331=STYLED_ITEM('',(#1080),#1081);
#332=STYLED_ITEM('',(#1082),#1083);
#333=STYLED_ITEM('',(#1084),#1085);
#334=STYLED_ITEM('',(#1086),#1087);
#335=STYLED_ITEM('',(#1088),#1089);
#336=STYLED_ITEM('',(#1090),#1091);
#337=STYLED_ITEM('',(#1092),#1093);
#338=STYLED_ITEM('',(#1094),#1095);
#339=STYLED_ITEM('',(#1096),#1097);
#340=STYLED_ITEM('',(#1098),#1099);
#341=STYLED_ITEM('',(#1100),#1101);
#342=STYLED_ITEM('',(#1102),#1103);
#343=STYLED_ITEM('',(#1104),#1105);
#344=STYLED_ITEM('',(#1106),#1107);
#345=STYLED_ITEM('',(#1108),#1109);
#346=STYLED_ITEM('',(#1110),#1111);
#347=STYLED_ITEM('',(#1112),#1113);
#348=STYLED_ITEM('',(#1114),#1115);
#349=STYLED_ITEM('',(#1116),#1117);
#350=STYLED_ITEM('',(#1118),#1119);
#351=STYLED_ITEM('',(#1120),#1121);
#352=STYLED_ITEM('',(#1122),#1123);
#353=STYLED_ITEM('',(#1124),#1125);
#354=STYLED_ITEM('',(#1126),#1127);
#355=STYLED_ITEM('',(#1128),#1129);
#356=STYLED_ITEM('',(#1130),#1131);
#357=STYLED_ITEM('',(#1132),#1133);
#358=STYLED_ITEM('',(#1134),#1135);
#359=STYLED_ITEM('',(#1136),#1137);
#360=STYLED_ITEM('',(#1138),#1139);
#361=STYLED_ITEM('',(#1140),#1141);
#362=STYLED_ITEM('',(#1142),#1143);
#363=STYLED_ITEM('',(#1144),#1145);
#364=STYLED_ITEM('',(#1146),#1147);
#365=STYLED_ITEM('',(#1148),#1149);
#366=STYLED_ITEM('',(#1150),#1151);
#367=STYLED_ITEM('',(#1152),#1153);
#368=STYLED_ITEM('',(#1154),#1155);
#369=STYLED_ITEM('',(#1156),#1157);
#370=STYLED_ITEM('',(#1158),#1159);
#371=STYLED_ITEM('',(#1160),#1161);
#372=STYLED_ITEM('',(#1162),#1163);
#373=STYLED_ITEM('',(#1164),#1165);
#374=STYLED_ITEM('',(#1166),#1167);
#375=STYLED_ITEM('',(#1168),#1169);
#376=STYLED_ITEM('',(#1170),#1171);
#377=STYLED_ITEM('',(#1172),#1173);
#378=STYLED_ITEM('',(#1174),#1175);
#379=STYLED_ITEM('',(#1176),#1177);
#380=STYLED_ITEM('',(#1178),#1179);
#381=STYLED_ITEM('',(#1180),#1181);
#382=STYLED_ITEM('',(#1182),#1183);
#383=STYLED_ITEM('',(#1184),#1185);
#384=STYLED_ITEM('',(#1186),#1187);
#385=STYLED_ITEM('',(#1188),#1189);
#386=STYLED_ITEM('',(#1190),#1191);
#387=STYLED_ITEM('',(#1192),#1193);
#388=STYLED_ITEM('',(#1194),#1195);
#389=STYLED_ITEM('',(#1196),#1197);
#390=STYLED_ITEM('',(#1198),#1199);
#391=STYLED_ITEM('',(#1200),#1201);
#392=STYLED_ITEM('',(#1202),#1203);
#393=STYLED_ITEM('',(#1204),#1205);
#394=STYLED_ITEM('',(#1206),#1207);
#395=STYLED_ITEM('',(#1208),#1209);
#396=STYLED_ITEM('',(#1210),#1211);
#397=STYLED_ITEM('',(#1212),#1213);
#398=STYLED_ITEM('',(#1214),#1215);
#399=STYLED_ITEM('',(#1216),#1217);
#400=STYLED_ITEM('',(#1218),#1219);
#401=STYLED_ITEM('',(#1220),#1221);
#402=STYLED_ITEM('',(#1222),#1223);
#403=STYLED_ITEM('',(#1224),#1225);
#404=STYLED_ITEM('',(#1226),#1227);
#405=STYLED_ITEM('',(#1228),#1229);
#406=STYLED_ITEM('',(#1230),#1231);
#407=STYLED_ITEM('',(#1232),#1233);
#408=STYLED_ITEM('',(#1234),#1235);
#409=STYLED_ITEM('',(#1236),#1237);
#410=STYLED_ITEM('',(#1238),#1239);
#411=STYLED_ITEM('',(#1240),#1241);
#412=STYLED_ITEM('',(#1242),#1243);
#413=STYLED_ITEM('',(#1244),#1245);
#414=STYLED_ITEM('',(#1246),#1247);
#415=STYLED_ITEM('',(#1248),#1249);
#416=STYLED_ITEM('',(#1250),#1251);
#417=STYLED_ITEM('',(#1252),#1253);
#418=STYLED_ITEM('',(#1254),#1255);
#419=STYLED_ITEM('',(#1256),#1257);
#420=STYLED_ITEM('',(#1258),#1259);
#421=STYLED_ITEM('',(#1260),#1261);
#422=STYLED_ITEM('',(#1262),#1263);
#423=STYLED_ITEM('',(#1264),#1265);
#424=STYLED_ITEM('',(#1266),#1267);
#425=APPLICATION_CONTEXT(' ');
#426=PRODUCT_CATEGORY('part','NONE');
#427=PRODUCT_RELATED_PRODUCT_CATEGORY('detail',' ',(#1268));
#428=PRODUCT_DEFINITION_SHAPE('NONE','NONE',#1269);
#429=ADVANCED_BREP_SHAPE_REPRESENTATION('1734829-5',(#1267,#1270),#6);
#432=UNCERTAINTY_MEASURE_WITH_UNIT(LENGTH_MEASURE(1.0E-06),#434,'','');
#434= (CONVERSION_BASED_UNIT('MILLIMETRE',#1273)LENGTH_UNIT()NAMED_UNIT(#1276));
#435= (NAMED_UNIT(#1278)PLANE_ANGLE_UNIT()SI_UNIT($,.RADIAN.));
#436= (NAMED_UNIT(#1278)SOLID_ANGLE_UNIT()SI_UNIT($,.STERADIAN.));
#438=PRESENTATION_STYLE_ASSIGNMENT((#1284));
#439=EDGE_CURVE('',#1285,#1286,#1287,.T.);
#440=PRESENTATION_STYLE_ASSIGNMENT((#1288));
#441=EDGE_CURVE('',#1286,#1289,#1290,.T.);
#442=PRESENTATION_STYLE_ASSIGNMENT((#1291));
#443=EDGE_CURVE('',#1292,#1289,#1293,.T.);
#444=PRESENTATION_STYLE_ASSIGNMENT((#1294));
#445=EDGE_CURVE('',#1295,#1292,#1296,.T.);
#446=PRESENTATION_STYLE_ASSIGNMENT((#1297));
#447=EDGE_CURVE('',#1295,#1298,#1299,.T.);
#448=PRESENTATION_STYLE_ASSIGNMENT((#1300));
#449=EDGE_CURVE('',#1301,#1298,#1302,.T.);
#450=PRESENTATION_STYLE_ASSIGNMENT((#1303));
#451=EDGE_CURVE('',#1301,#1304,#1305,.T.);
#452=PRESENTATION_STYLE_ASSIGNMENT((#1306));
#453=EDGE_CURVE('',#1304,#1307,#1308,.T.);
#454=PRESENTATION_STYLE_ASSIGNMENT((#1309));
#455=EDGE_CURVE('',#1307,#1285,#1310,.T.);
#456=PRESENTATION_STYLE_ASSIGNMENT((#1311));
#457=EDGE_CURVE('',#1312,#1313,#1314,.T.);
#458=PRESENTATION_STYLE_ASSIGNMENT((#1315));
#459=EDGE_CURVE('',#1313,#1316,#1317,.T.);
#460=PRESENTATION_STYLE_ASSIGNMENT((#1318));
#461=EDGE_CURVE('',#1316,#1319,#1320,.T.);
#462=PRESENTATION_STYLE_ASSIGNMENT((#1321));
#463=EDGE_CURVE('',#1312,#1319,#1322,.T.);
#464=PRESENTATION_STYLE_ASSIGNMENT((#1323));
#465=EDGE_CURVE('',#1324,#1325,#1326,.T.);
#466=PRESENTATION_STYLE_ASSIGNMENT((#1327));
#467=EDGE_CURVE('',#1325,#1328,#1329,.T.);
#468=PRESENTATION_STYLE_ASSIGNMENT((#1330));
#469=EDGE_CURVE('',#1328,#1331,#1332,.T.);
#470=PRESENTATION_STYLE_ASSIGNMENT((#1333));
#471=EDGE_CURVE('',#1331,#1334,#1335,.T.);
#472=PRESENTATION_STYLE_ASSIGNMENT((#1336));
#473=EDGE_CURVE('',#1337,#1334,#1338,.T.);
#474=PRESENTATION_STYLE_ASSIGNMENT((#1339));
#475=EDGE_CURVE('',#1340,#1337,#1341,.T.);
#476=PRESENTATION_STYLE_ASSIGNMENT((#1342));
#477=EDGE_CURVE('',#1340,#1343,#1344,.T.);
#478=PRESENTATION_STYLE_ASSIGNMENT((#1345));
#479=EDGE_CURVE('',#1343,#1346,#1347,.T.);
#480=PRESENTATION_STYLE_ASSIGNMENT((#1348));
#481=EDGE_CURVE('',#1324,#1346,#1349,.T.);
#482=PRESENTATION_STYLE_ASSIGNMENT((#1350));
#483=EDGE_CURVE('',#1351,#1352,#1353,.T.);
#484=PRESENTATION_STYLE_ASSIGNMENT((#1354));
#485=EDGE_CURVE('',#1355,#1352,#1356,.T.);
#486=PRESENTATION_STYLE_ASSIGNMENT((#1357));
#487=EDGE_CURVE('',#1355,#1285,#1358,.T.);
#488=PRESENTATION_STYLE_ASSIGNMENT((#1359));
#489=EDGE_CURVE('',#1307,#1351,#1360,.T.);
#490=PRESENTATION_STYLE_ASSIGNMENT((#1361));
#491=EDGE_CURVE('',#1304,#1362,#1363,.T.);
#492=PRESENTATION_STYLE_ASSIGNMENT((#1364));
#493=EDGE_CURVE('',#1362,#1365,#1366,.T.);
#494=PRESENTATION_STYLE_ASSIGNMENT((#1367));
#495=EDGE_CURVE('',#1365,#1368,#1369,.T.);
#496=PRESENTATION_STYLE_ASSIGNMENT((#1370));
#497=EDGE_CURVE('',#1368,#1371,#1372,.T.);
#498=PRESENTATION_STYLE_ASSIGNMENT((#1373));
#499=EDGE_CURVE('',#1374,#1371,#1375,.T.);
#500=PRESENTATION_STYLE_ASSIGNMENT((#1376));
#501=EDGE_CURVE('',#1351,#1374,#1377,.T.);
#502=PRESENTATION_STYLE_ASSIGNMENT((#1378));
#503=EDGE_CURVE('',#1379,#1380,#1381,.T.);
#504=PRESENTATION_STYLE_ASSIGNMENT((#1382));
#505=EDGE_CURVE('',#1383,#1380,#1384,.T.);
#506=PRESENTATION_STYLE_ASSIGNMENT((#1385));
#507=EDGE_CURVE('',#1386,#1383,#1387,.T.);
#508=PRESENTATION_STYLE_ASSIGNMENT((#1388));
#509=EDGE_CURVE('',#1313,#1386,#1389,.T.);
#510=PRESENTATION_STYLE_ASSIGNMENT((#1390));
#511=EDGE_CURVE('',#1312,#1391,#1392,.T.);
#512=PRESENTATION_STYLE_ASSIGNMENT((#1393));
#513=EDGE_CURVE('',#1394,#1391,#1395,.T.);
#514=PRESENTATION_STYLE_ASSIGNMENT((#1396));
#515=EDGE_CURVE('',#1379,#1394,#1397,.T.);
#516=PRESENTATION_STYLE_ASSIGNMENT((#1398));
#517=EDGE_CURVE('',#1399,#1400,#1401,.T.);
#518=PRESENTATION_STYLE_ASSIGNMENT((#1402));
#519=EDGE_CURVE('',#1400,#1403,#1404,.T.);
#520=PRESENTATION_STYLE_ASSIGNMENT((#1405));
#521=EDGE_CURVE('',#1403,#1406,#1407,.T.);
#522=PRESENTATION_STYLE_ASSIGNMENT((#1408));
#523=EDGE_CURVE('',#1325,#1406,#1409,.T.);
#524=PRESENTATION_STYLE_ASSIGNMENT((#1410));
#525=EDGE_CURVE('',#1324,#1411,#1412,.T.);
#526=PRESENTATION_STYLE_ASSIGNMENT((#1413));
#527=EDGE_CURVE('',#1414,#1411,#1415,.T.);
#528=PRESENTATION_STYLE_ASSIGNMENT((#1416));
#529=EDGE_CURVE('',#1399,#1414,#1417,.T.);
#530=PRESENTATION_STYLE_ASSIGNMENT((#1418));
#531=EDGE_CURVE('',#1374,#1419,#1420,.T.);
#532=PRESENTATION_STYLE_ASSIGNMENT((#1421));
#533=EDGE_CURVE('',#1352,#1419,#1422,.T.);
#534=PRESENTATION_STYLE_ASSIGNMENT((#1423));
#535=EDGE_CURVE('',#1424,#1419,#1425,.T.);
#536=PRESENTATION_STYLE_ASSIGNMENT((#1426));
#537=EDGE_CURVE('',#1427,#1424,#1428,.T.);
#538=PRESENTATION_STYLE_ASSIGNMENT((#1429));
#539=EDGE_CURVE('',#1430,#1427,#1431,.T.);
#540=PRESENTATION_STYLE_ASSIGNMENT((#1432));
#541=EDGE_CURVE('',#1355,#1430,#1433,.T.);
#542=PRESENTATION_STYLE_ASSIGNMENT((#1434));
#543=EDGE_CURVE('',#1435,#1436,#1437,.T.);
#544=PRESENTATION_STYLE_ASSIGNMENT((#1438));
#545=EDGE_CURVE('',#1439,#1436,#1440,.T.);
#546=PRESENTATION_STYLE_ASSIGNMENT((#1441));
#547=EDGE_CURVE('',#1442,#1439,#1443,.T.);
#548=PRESENTATION_STYLE_ASSIGNMENT((#1444));
#549=EDGE_CURVE('',#1442,#1445,#1446,.T.);
#550=PRESENTATION_STYLE_ASSIGNMENT((#1447));
#551=EDGE_CURVE('',#1445,#1448,#1449,.T.);
#552=PRESENTATION_STYLE_ASSIGNMENT((#1450));
#553=EDGE_CURVE('',#1451,#1448,#1452,.T.);
#554=PRESENTATION_STYLE_ASSIGNMENT((#1453));
#555=EDGE_CURVE('',#1454,#1451,#1455,.T.);
#556=PRESENTATION_STYLE_ASSIGNMENT((#1456));
#557=EDGE_CURVE('',#1454,#1435,#1457,.T.);
#558=PRESENTATION_STYLE_ASSIGNMENT((#1458));
#559=EDGE_CURVE('',#1459,#1460,#1461,.T.);
#560=PRESENTATION_STYLE_ASSIGNMENT((#1462));
#561=EDGE_CURVE('',#1463,#1460,#1464,.T.);
#562=PRESENTATION_STYLE_ASSIGNMENT((#1465));
#563=EDGE_CURVE('',#1466,#1463,#1467,.T.);
#564=PRESENTATION_STYLE_ASSIGNMENT((#1468));
#565=EDGE_CURVE('',#1466,#1469,#1470,.T.);
#566=PRESENTATION_STYLE_ASSIGNMENT((#1471));
#567=EDGE_CURVE('',#1472,#1469,#1473,.T.);
#568=PRESENTATION_STYLE_ASSIGNMENT((#1474));
#569=EDGE_CURVE('',#1472,#1459,#1475,.T.);
#570=PRESENTATION_STYLE_ASSIGNMENT((#1476));
#571=EDGE_CURVE('',#1430,#1286,#1477,.T.);
#572=PRESENTATION_STYLE_ASSIGNMENT((#1478));
#573=EDGE_CURVE('',#1442,#1316,#1479,.T.);
#574=PRESENTATION_STYLE_ASSIGNMENT((#1480));
#575=EDGE_CURVE('',#1439,#1319,#1481,.T.);
#576=PRESENTATION_STYLE_ASSIGNMENT((#1482));
#577=EDGE_CURVE('',#1466,#1343,#1483,.T.);
#578=PRESENTATION_STYLE_ASSIGNMENT((#1484));
#579=EDGE_CURVE('',#1463,#1346,#1485,.T.);
#580=PRESENTATION_STYLE_ASSIGNMENT((#1486));
#581=EDGE_CURVE('',#1430,#1487,#1488,.T.);
#582=PRESENTATION_STYLE_ASSIGNMENT((#1489));
#583=EDGE_CURVE('',#1289,#1487,#1490,.T.);
#584=PRESENTATION_STYLE_ASSIGNMENT((#1491));
#585=EDGE_CURVE('',#1487,#1492,#1493,.T.);
#586=PRESENTATION_STYLE_ASSIGNMENT((#1494));
#587=EDGE_CURVE('',#1495,#1492,#1496,.T.);
#588=PRESENTATION_STYLE_ASSIGNMENT((#1497));
#589=EDGE_CURVE('',#1292,#1495,#1498,.T.);
#590=PRESENTATION_STYLE_ASSIGNMENT((#1499));
#591=EDGE_CURVE('',#1500,#1495,#1501,.T.);
#592=PRESENTATION_STYLE_ASSIGNMENT((#1502));
#593=EDGE_CURVE('',#1295,#1500,#1503,.T.);
#594=PRESENTATION_STYLE_ASSIGNMENT((#1504));
#595=EDGE_CURVE('',#1505,#1500,#1506,.T.);
#596=PRESENTATION_STYLE_ASSIGNMENT((#1507));
#597=EDGE_CURVE('',#1508,#1505,#1509,.T.);
#598=PRESENTATION_STYLE_ASSIGNMENT((#1510));
#599=EDGE_CURVE('',#1508,#1295,#1511,.T.);
#600=PRESENTATION_STYLE_ASSIGNMENT((#1512));
#601=EDGE_CURVE('',#1508,#1513,#1514,.T.);
#602=PRESENTATION_STYLE_ASSIGNMENT((#1515));
#603=EDGE_CURVE('',#1298,#1513,#1516,.T.);
#604=PRESENTATION_STYLE_ASSIGNMENT((#1517));
#605=EDGE_CURVE('',#1513,#1518,#1519,.T.);
#606=PRESENTATION_STYLE_ASSIGNMENT((#1520));
#607=EDGE_CURVE('',#1521,#1518,#1522,.T.);
#608=PRESENTATION_STYLE_ASSIGNMENT((#1523));
#609=EDGE_CURVE('',#1301,#1521,#1524,.T.);
#610=PRESENTATION_STYLE_ASSIGNMENT((#1525));
#611=EDGE_CURVE('',#1526,#1527,#1528,.T.);
#612=PRESENTATION_STYLE_ASSIGNMENT((#1529));
#613=EDGE_CURVE('',#1527,#1362,#1530,.T.);
#614=PRESENTATION_STYLE_ASSIGNMENT((#1531));
#615=EDGE_CURVE('',#1526,#1521,#1532,.T.);
#616=PRESENTATION_STYLE_ASSIGNMENT((#1533));
#617=EDGE_CURVE('',#1534,#1535,#1536,.T.);
#618=PRESENTATION_STYLE_ASSIGNMENT((#1537));
#619=EDGE_CURVE('',#1526,#1534,#1538,.T.);
#620=PRESENTATION_STYLE_ASSIGNMENT((#1539));
#621=EDGE_CURVE('',#1540,#1518,#1541,.T.);
#622=PRESENTATION_STYLE_ASSIGNMENT((#1542));
#623=EDGE_CURVE('',#1535,#1540,#1543,.T.);
#624=PRESENTATION_STYLE_ASSIGNMENT((#1544));
#625=EDGE_CURVE('',#1545,#1546,#1547,.T.);
#626=PRESENTATION_STYLE_ASSIGNMENT((#1548));
#627=EDGE_CURVE('',#1546,#1549,#1550,.T.);
#628=PRESENTATION_STYLE_ASSIGNMENT((#1551));
#629=EDGE_CURVE('',#1552,#1549,#1553,.T.);
#630=PRESENTATION_STYLE_ASSIGNMENT((#1554));
#631=EDGE_CURVE('',#1555,#1552,#1556,.T.);
#632=PRESENTATION_STYLE_ASSIGNMENT((#1557));
#633=EDGE_CURVE('',#1558,#1555,#1559,.T.);
#634=PRESENTATION_STYLE_ASSIGNMENT((#1560));
#635=EDGE_CURVE('',#1545,#1558,#1561,.T.);
#636=PRESENTATION_STYLE_ASSIGNMENT((#1562));
#637=EDGE_CURVE('',#1563,#1540,#1564,.T.);
#638=PRESENTATION_STYLE_ASSIGNMENT((#1565));
#639=EDGE_CURVE('',#1566,#1563,#1567,.T.);
#640=PRESENTATION_STYLE_ASSIGNMENT((#1568));
#641=EDGE_CURVE('',#1535,#1566,#1569,.T.);
#642=PRESENTATION_STYLE_ASSIGNMENT((#1570));
#643=EDGE_CURVE('',#1534,#1571,#1572,.T.);
#644=PRESENTATION_STYLE_ASSIGNMENT((#1573));
#645=EDGE_CURVE('',#1566,#1574,#1575,.T.);
#646=PRESENTATION_STYLE_ASSIGNMENT((#1576));
#647=EDGE_CURVE('',#1571,#1574,#1577,.T.);
#648=PRESENTATION_STYLE_ASSIGNMENT((#1578));
#649=EDGE_CURVE('',#1574,#1579,#1580,.T.);
#650=PRESENTATION_STYLE_ASSIGNMENT((#1581));
#651=EDGE_CURVE('',#1579,#1582,#1583,.T.);
#652=PRESENTATION_STYLE_ASSIGNMENT((#1584));
#653=EDGE_CURVE('',#1582,#1571,#1585,.T.);
#654=PRESENTATION_STYLE_ASSIGNMENT((#1586));
#655=EDGE_CURVE('',#1552,#1587,#1588,.T.);
#656=PRESENTATION_STYLE_ASSIGNMENT((#1589));
#657=EDGE_CURVE('',#1587,#1590,#1591,.T.);
#658=PRESENTATION_STYLE_ASSIGNMENT((#1592));
#659=EDGE_CURVE('',#1590,#1593,#1594,.T.);
#660=PRESENTATION_STYLE_ASSIGNMENT((#1595));
#661=EDGE_CURVE('',#1593,#1596,#1597,.T.);
#662=PRESENTATION_STYLE_ASSIGNMENT((#1598));
#663=EDGE_CURVE('',#1599,#1596,#1600,.T.);
#664=PRESENTATION_STYLE_ASSIGNMENT((#1601));
#665=EDGE_CURVE('',#1599,#1527,#1602,.T.);
#666=PRESENTATION_STYLE_ASSIGNMENT((#1603));
#667=EDGE_CURVE('',#1555,#1582,#1604,.T.);
#668=PRESENTATION_STYLE_ASSIGNMENT((#1605));
#669=EDGE_CURVE('',#1606,#1579,#1607,.T.);
#670=PRESENTATION_STYLE_ASSIGNMENT((#1608));
#671=EDGE_CURVE('',#1606,#1558,#1609,.T.);
#672=PRESENTATION_STYLE_ASSIGNMENT((#1610));
#673=EDGE_CURVE('',#1611,#1606,#1612,.T.);
#674=PRESENTATION_STYLE_ASSIGNMENT((#1613));
#675=EDGE_CURVE('',#1545,#1611,#1614,.T.);
#676=PRESENTATION_STYLE_ASSIGNMENT((#1615));
#677=EDGE_CURVE('',#1616,#1617,#1618,.T.);
#678=PRESENTATION_STYLE_ASSIGNMENT((#1619));
#679=EDGE_CURVE('',#1620,#1616,#1621,.T.);
#680=PRESENTATION_STYLE_ASSIGNMENT((#1622));
#681=EDGE_CURVE('',#1623,#1620,#1624,.T.);
#682=PRESENTATION_STYLE_ASSIGNMENT((#1625));
#683=EDGE_CURVE('',#1623,#1546,#1626,.T.);
#684=PRESENTATION_STYLE_ASSIGNMENT((#1627));
#685=EDGE_CURVE('',#1611,#1617,#1628,.T.);
#686=PRESENTATION_STYLE_ASSIGNMENT((#1629));
#687=EDGE_CURVE('',#1563,#1630,#1631,.T.);
#688=PRESENTATION_STYLE_ASSIGNMENT((#1632));
#689=EDGE_CURVE('',#1617,#1630,#1633,.T.);
#690=PRESENTATION_STYLE_ASSIGNMENT((#1634));
#691=EDGE_CURVE('',#1630,#1505,#1635,.T.);
#692=PRESENTATION_STYLE_ASSIGNMENT((#1636));
#693=EDGE_CURVE('',#1492,#1427,#1637,.T.);
#694=PRESENTATION_STYLE_ASSIGNMENT((#1638));
#695=EDGE_CURVE('',#1424,#1454,#1639,.T.);
#696=PRESENTATION_STYLE_ASSIGNMENT((#1640));
#697=EDGE_CURVE('',#1451,#1472,#1641,.T.);
#698=PRESENTATION_STYLE_ASSIGNMENT((#1642));
#699=EDGE_CURVE('',#1469,#1643,#1644,.T.);
#700=PRESENTATION_STYLE_ASSIGNMENT((#1645));
#701=EDGE_CURVE('',#1643,#1646,#1647,.T.);
#702=PRESENTATION_STYLE_ASSIGNMENT((#1648));
#703=EDGE_CURVE('',#1646,#1649,#1650,.T.);
#704=PRESENTATION_STYLE_ASSIGNMENT((#1651));
#705=EDGE_CURVE('',#1649,#1616,#1652,.T.);
#706=PRESENTATION_STYLE_ASSIGNMENT((#1653));
#707=EDGE_CURVE('',#1654,#1655,#1656,.T.);
#708=PRESENTATION_STYLE_ASSIGNMENT((#1657));
#709=EDGE_CURVE('',#1655,#1658,#1659,.T.);
#710=PRESENTATION_STYLE_ASSIGNMENT((#1660));
#711=EDGE_CURVE('',#1661,#1658,#1662,.T.);
#712=PRESENTATION_STYLE_ASSIGNMENT((#1663));
#713=EDGE_CURVE('',#1654,#1661,#1664,.T.);
#714=PRESENTATION_STYLE_ASSIGNMENT((#1665));
#715=EDGE_CURVE('',#1666,#1667,#1668,.T.);
#716=PRESENTATION_STYLE_ASSIGNMENT((#1669));
#717=EDGE_CURVE('',#1667,#1670,#1671,.T.);
#718=PRESENTATION_STYLE_ASSIGNMENT((#1672));
#719=EDGE_CURVE('',#1673,#1670,#1674,.T.);
#720=PRESENTATION_STYLE_ASSIGNMENT((#1675));
#721=EDGE_CURVE('',#1666,#1673,#1676,.T.);
#722=PRESENTATION_STYLE_ASSIGNMENT((#1677));
#723=EDGE_CURVE('',#1678,#1679,#1680,.T.);
#724=PRESENTATION_STYLE_ASSIGNMENT((#1681));
#725=EDGE_CURVE('',#1679,#1682,#1683,.T.);
#726=PRESENTATION_STYLE_ASSIGNMENT((#1684));
#727=EDGE_CURVE('',#1685,#1682,#1686,.T.);
#728=PRESENTATION_STYLE_ASSIGNMENT((#1687));
#729=EDGE_CURVE('',#1678,#1685,#1688,.T.);
#730=PRESENTATION_STYLE_ASSIGNMENT((#1689));
#731=EDGE_CURVE('',#1690,#1691,#1692,.T.);
#732=PRESENTATION_STYLE_ASSIGNMENT((#1693));
#733=EDGE_CURVE('',#1691,#1694,#1695,.T.);
#734=PRESENTATION_STYLE_ASSIGNMENT((#1696));
#735=EDGE_CURVE('',#1697,#1694,#1698,.T.);
#736=PRESENTATION_STYLE_ASSIGNMENT((#1699));
#737=EDGE_CURVE('',#1690,#1697,#1700,.T.);
#738=PRESENTATION_STYLE_ASSIGNMENT((#1701));
#739=EDGE_CURVE('',#1702,#1703,#1704,.T.);
#740=PRESENTATION_STYLE_ASSIGNMENT((#1705));
#741=EDGE_CURVE('',#1703,#1706,#1707,.T.);
#742=PRESENTATION_STYLE_ASSIGNMENT((#1708));
#743=EDGE_CURVE('',#1709,#1706,#1710,.T.);
#744=PRESENTATION_STYLE_ASSIGNMENT((#1711));
#745=EDGE_CURVE('',#1702,#1709,#1712,.T.);
#746=PRESENTATION_STYLE_ASSIGNMENT((#1713));
#747=EDGE_CURVE('',#1714,#1715,#1716,.T.);
#748=PRESENTATION_STYLE_ASSIGNMENT((#1717));
#749=EDGE_CURVE('',#1718,#1715,#1719,.T.);
#750=PRESENTATION_STYLE_ASSIGNMENT((#1720));
#751=EDGE_CURVE('',#1721,#1718,#1722,.T.);
#752=PRESENTATION_STYLE_ASSIGNMENT((#1723));
#753=EDGE_CURVE('',#1724,#1721,#1725,.T.);
#754=PRESENTATION_STYLE_ASSIGNMENT((#1726));
#755=EDGE_CURVE('',#1727,#1724,#1728,.T.);
#756=PRESENTATION_STYLE_ASSIGNMENT((#1729));
#757=EDGE_CURVE('',#1730,#1727,#1731,.T.);
#758=PRESENTATION_STYLE_ASSIGNMENT((#1732));
#759=EDGE_CURVE('',#1733,#1730,#1734,.T.);
#760=PRESENTATION_STYLE_ASSIGNMENT((#1735));
#761=EDGE_CURVE('',#1736,#1733,#1737,.T.);
#762=PRESENTATION_STYLE_ASSIGNMENT((#1738));
#763=EDGE_CURVE('',#1739,#1736,#1740,.T.);
#764=PRESENTATION_STYLE_ASSIGNMENT((#1741));
#765=EDGE_CURVE('',#1742,#1739,#1743,.T.);
#766=PRESENTATION_STYLE_ASSIGNMENT((#1744));
#767=EDGE_CURVE('',#1745,#1742,#1746,.T.);
#768=PRESENTATION_STYLE_ASSIGNMENT((#1747));
#769=EDGE_CURVE('',#1745,#1714,#1748,.T.);
#770=PRESENTATION_STYLE_ASSIGNMENT((#1749));
#771=EDGE_CURVE('',#1750,#1661,#1751,.T.);
#772=PRESENTATION_STYLE_ASSIGNMENT((#1752));
#773=EDGE_CURVE('',#1753,#1750,#1754,.T.);
#774=PRESENTATION_STYLE_ASSIGNMENT((#1755));
#775=EDGE_CURVE('',#1654,#1753,#1756,.T.);
#776=PRESENTATION_STYLE_ASSIGNMENT((#1757));
#777=EDGE_CURVE('',#1758,#1759,#1760,.T.);
#778=PRESENTATION_STYLE_ASSIGNMENT((#1761));
#779=EDGE_CURVE('',#1762,#1759,#1763,.T.);
#780=PRESENTATION_STYLE_ASSIGNMENT((#1764));
#781=EDGE_CURVE('',#1762,#1765,#1766,.T.);
#782=PRESENTATION_STYLE_ASSIGNMENT((#1767));
#783=EDGE_CURVE('',#1765,#1768,#1769,.T.);
#784=PRESENTATION_STYLE_ASSIGNMENT((#1770));
#785=EDGE_CURVE('',#1768,#1771,#1772,.T.);
#786=PRESENTATION_STYLE_ASSIGNMENT((#1773));
#787=EDGE_CURVE('',#1774,#1771,#1775,.T.);
#788=PRESENTATION_STYLE_ASSIGNMENT((#1776));
#789=EDGE_CURVE('',#1774,#1777,#1778,.T.);
#790=PRESENTATION_STYLE_ASSIGNMENT((#1779));
#791=EDGE_CURVE('',#1777,#1780,#1781,.T.);
#792=PRESENTATION_STYLE_ASSIGNMENT((#1782));
#793=EDGE_CURVE('',#1780,#1783,#1784,.T.);
#794=PRESENTATION_STYLE_ASSIGNMENT((#1785));
#795=EDGE_CURVE('',#1786,#1783,#1787,.T.);
#796=PRESENTATION_STYLE_ASSIGNMENT((#1788));
#797=EDGE_CURVE('',#1786,#1789,#1790,.T.);
#798=PRESENTATION_STYLE_ASSIGNMENT((#1791));
#799=EDGE_CURVE('',#1789,#1792,#1793,.T.);
#800=PRESENTATION_STYLE_ASSIGNMENT((#1794));
#801=EDGE_CURVE('',#1792,#1795,#1796,.T.);
#802=PRESENTATION_STYLE_ASSIGNMENT((#1797));
#803=EDGE_CURVE('',#1798,#1795,#1799,.T.);
#804=PRESENTATION_STYLE_ASSIGNMENT((#1800));
#805=EDGE_CURVE('',#1798,#1714,#1801,.T.);
#806=PRESENTATION_STYLE_ASSIGNMENT((#1802));
#807=EDGE_CURVE('',#1745,#1803,#1804,.T.);
#808=PRESENTATION_STYLE_ASSIGNMENT((#1805));
#809=EDGE_CURVE('',#1803,#1806,#1807,.T.);
#810=PRESENTATION_STYLE_ASSIGNMENT((#1808));
#811=EDGE_CURVE('',#1806,#1809,#1810,.T.);
#812=PRESENTATION_STYLE_ASSIGNMENT((#1811));
#813=EDGE_CURVE('',#1809,#1596,#1812,.T.);
#814=PRESENTATION_STYLE_ASSIGNMENT((#1813));
#815=EDGE_CURVE('',#1814,#1593,#1815,.T.);
#816=PRESENTATION_STYLE_ASSIGNMENT((#1816));
#817=EDGE_CURVE('',#1814,#1817,#1818,.T.);
#818=PRESENTATION_STYLE_ASSIGNMENT((#1819));
#819=EDGE_CURVE('',#1817,#1758,#1820,.T.);
#820=PRESENTATION_STYLE_ASSIGNMENT((#1821));
#821=EDGE_CURVE('',#1817,#1822,#1823,.T.);
#822=PRESENTATION_STYLE_ASSIGNMENT((#1824));
#823=EDGE_CURVE('',#1825,#1822,#1826,.T.);
#824=PRESENTATION_STYLE_ASSIGNMENT((#1827));
#825=EDGE_CURVE('',#1828,#1825,#1829,.T.);
#826=PRESENTATION_STYLE_ASSIGNMENT((#1830));
#827=EDGE_CURVE('',#1831,#1828,#1832,.T.);
#828=PRESENTATION_STYLE_ASSIGNMENT((#1833));
#829=EDGE_CURVE('',#1834,#1831,#1835,.T.);
#830=PRESENTATION_STYLE_ASSIGNMENT((#1836));
#831=EDGE_CURVE('',#1837,#1834,#1838,.T.);
#832=PRESENTATION_STYLE_ASSIGNMENT((#1839));
#833=EDGE_CURVE('',#1840,#1837,#1841,.T.);
#834=PRESENTATION_STYLE_ASSIGNMENT((#1842));
#835=EDGE_CURVE('',#1843,#1840,#1844,.T.);
#836=PRESENTATION_STYLE_ASSIGNMENT((#1845));
#837=EDGE_CURVE('',#1846,#1843,#1847,.T.);
#838=PRESENTATION_STYLE_ASSIGNMENT((#1848));
#839=EDGE_CURVE('',#1849,#1846,#1850,.T.);
#840=PRESENTATION_STYLE_ASSIGNMENT((#1851));
#841=EDGE_CURVE('',#1758,#1849,#1852,.T.);
#842=PRESENTATION_STYLE_ASSIGNMENT((#1853));
#843=EDGE_CURVE('',#1854,#1709,#1855,.T.);
#844=PRESENTATION_STYLE_ASSIGNMENT((#1856));
#845=EDGE_CURVE('',#1857,#1854,#1858,.T.);
#846=PRESENTATION_STYLE_ASSIGNMENT((#1859));
#847=EDGE_CURVE('',#1702,#1857,#1860,.T.);
#848=PRESENTATION_STYLE_ASSIGNMENT((#1861));
#849=EDGE_CURVE('',#1849,#1862,#1863,.T.);
#850=PRESENTATION_STYLE_ASSIGNMENT((#1864));
#851=EDGE_CURVE('',#1759,#1862,#1865,.T.);
#852=PRESENTATION_STYLE_ASSIGNMENT((#1866));
#853=EDGE_CURVE('',#1862,#1867,#1868,.T.);
#854=PRESENTATION_STYLE_ASSIGNMENT((#1869));
#855=EDGE_CURVE('',#1867,#1870,#1871,.T.);
#856=PRESENTATION_STYLE_ASSIGNMENT((#1872));
#857=EDGE_CURVE('',#1870,#1873,#1874,.T.);
#858=PRESENTATION_STYLE_ASSIGNMENT((#1875));
#859=EDGE_CURVE('',#1873,#1876,#1877,.T.);
#860=PRESENTATION_STYLE_ASSIGNMENT((#1878));
#861=EDGE_CURVE('',#1876,#1879,#1880,.T.);
#862=PRESENTATION_STYLE_ASSIGNMENT((#1881));
#863=EDGE_CURVE('',#1879,#1882,#1883,.T.);
#864=PRESENTATION_STYLE_ASSIGNMENT((#1884));
#865=EDGE_CURVE('',#1882,#1885,#1886,.T.);
#866=PRESENTATION_STYLE_ASSIGNMENT((#1887));
#867=EDGE_CURVE('',#1885,#1888,#1889,.T.);
#868=PRESENTATION_STYLE_ASSIGNMENT((#1890));
#869=EDGE_CURVE('',#1888,#1891,#1892,.T.);
#870=PRESENTATION_STYLE_ASSIGNMENT((#1893));
#871=EDGE_CURVE('',#1762,#1891,#1894,.T.);
#872=PRESENTATION_STYLE_ASSIGNMENT((#1895));
#873=EDGE_CURVE('',#1703,#1896,#1897,.T.);
#874=PRESENTATION_STYLE_ASSIGNMENT((#1898));
#875=EDGE_CURVE('',#1896,#1899,#1900,.T.);
#876=PRESENTATION_STYLE_ASSIGNMENT((#1901));
#877=EDGE_CURVE('',#1899,#1706,#1902,.T.);
#878=PRESENTATION_STYLE_ASSIGNMENT((#1903));
#879=EDGE_CURVE('',#1904,#1905,#1906,.T.);
#880=PRESENTATION_STYLE_ASSIGNMENT((#1907));
#881=EDGE_CURVE('',#1809,#1904,#1908,.T.);
#882=PRESENTATION_STYLE_ASSIGNMENT((#1909));
#883=EDGE_CURVE('',#1806,#1905,#1910,.T.);
#884=PRESENTATION_STYLE_ASSIGNMENT((#1911));
#885=EDGE_CURVE('',#1912,#1913,#1914,.T.);
#886=PRESENTATION_STYLE_ASSIGNMENT((#1915));
#887=EDGE_CURVE('',#1912,#1454,#1916,.T.);
#888=PRESENTATION_STYLE_ASSIGNMENT((#1917));
#889=EDGE_CURVE('',#1424,#1918,#1919,.T.);
#890=PRESENTATION_STYLE_ASSIGNMENT((#1920));
#891=EDGE_CURVE('',#1715,#1918,#1921,.T.);
#892=PRESENTATION_STYLE_ASSIGNMENT((#1922));
#893=EDGE_CURVE('',#1798,#1913,#1923,.T.);
#894=PRESENTATION_STYLE_ASSIGNMENT((#1924));
#895=EDGE_CURVE('',#1925,#1926,#1927,.T.);
#896=PRESENTATION_STYLE_ASSIGNMENT((#1928));
#897=EDGE_CURVE('',#1789,#1925,#1929,.T.);
#898=PRESENTATION_STYLE_ASSIGNMENT((#1930));
#899=EDGE_CURVE('',#1786,#1926,#1931,.T.);
#900=PRESENTATION_STYLE_ASSIGNMENT((#1932));
#901=EDGE_CURVE('',#1933,#1934,#1935,.T.);
#902=PRESENTATION_STYLE_ASSIGNMENT((#1936));
#903=EDGE_CURVE('',#1777,#1933,#1937,.T.);
#904=PRESENTATION_STYLE_ASSIGNMENT((#1938));
#905=EDGE_CURVE('',#1774,#1934,#1939,.T.);
#906=PRESENTATION_STYLE_ASSIGNMENT((#1940));
#907=EDGE_CURVE('',#1814,#1941,#1942,.T.);
#908=PRESENTATION_STYLE_ASSIGNMENT((#1943));
#909=EDGE_CURVE('',#1822,#1941,#1944,.T.);
#910=PRESENTATION_STYLE_ASSIGNMENT((#1945));
#911=EDGE_CURVE('',#1946,#1891,#1947,.T.);
#912=PRESENTATION_STYLE_ASSIGNMENT((#1948));
#913=EDGE_CURVE('',#1946,#1472,#1949,.T.);
#914=PRESENTATION_STYLE_ASSIGNMENT((#1950));
#915=EDGE_CURVE('',#1451,#1951,#1952,.T.);
#916=PRESENTATION_STYLE_ASSIGNMENT((#1953));
#917=EDGE_CURVE('',#1954,#1951,#1955,.T.);
#918=PRESENTATION_STYLE_ASSIGNMENT((#1956));
#919=EDGE_CURVE('',#1765,#1954,#1957,.T.);
#920=PRESENTATION_STYLE_ASSIGNMENT((#1958));
#921=EDGE_CURVE('',#1803,#1959,#1960,.T.);
#922=PRESENTATION_STYLE_ASSIGNMENT((#1961));
#923=EDGE_CURVE('',#1959,#1962,#1963,.T.);
#924=PRESENTATION_STYLE_ASSIGNMENT((#1964));
#925=EDGE_CURVE('',#1962,#1965,#1966,.T.);
#926=PRESENTATION_STYLE_ASSIGNMENT((#1967));
#927=EDGE_CURVE('',#1965,#1968,#1969,.T.);
#928=PRESENTATION_STYLE_ASSIGNMENT((#1970));
#929=EDGE_CURVE('',#1968,#1971,#1972,.T.);
#930=PRESENTATION_STYLE_ASSIGNMENT((#1973));
#931=EDGE_CURVE('',#1971,#1974,#1975,.T.);
#932=PRESENTATION_STYLE_ASSIGNMENT((#1976));
#933=EDGE_CURVE('',#1974,#1977,#1978,.T.);
#934=PRESENTATION_STYLE_ASSIGNMENT((#1979));
#935=EDGE_CURVE('',#1977,#1980,#1981,.T.);
#936=PRESENTATION_STYLE_ASSIGNMENT((#1982));
#937=EDGE_CURVE('',#1980,#1983,#1984,.T.);
#938=PRESENTATION_STYLE_ASSIGNMENT((#1985));
#939=EDGE_CURVE('',#1983,#1905,#1986,.T.);
#940=PRESENTATION_STYLE_ASSIGNMENT((#1987));
#941=EDGE_CURVE('',#1655,#1988,#1989,.T.);
#942=PRESENTATION_STYLE_ASSIGNMENT((#1990));
#943=EDGE_CURVE('',#1988,#1991,#1992,.T.);
#944=PRESENTATION_STYLE_ASSIGNMENT((#1993));
#945=EDGE_CURVE('',#1991,#1658,#1994,.T.);
#946=PRESENTATION_STYLE_ASSIGNMENT((#1995));
#947=EDGE_CURVE('',#1918,#1905,#1996,.T.);
#948=PRESENTATION_STYLE_ASSIGNMENT((#1997));
#949=EDGE_CURVE('',#1718,#1983,#1998,.T.);
#950=PRESENTATION_STYLE_ASSIGNMENT((#1999));
#951=EDGE_CURVE('',#1721,#1980,#2000,.T.);
#952=PRESENTATION_STYLE_ASSIGNMENT((#2001));
#953=EDGE_CURVE('',#1724,#1977,#2002,.T.);
#954=PRESENTATION_STYLE_ASSIGNMENT((#2003));
#955=EDGE_CURVE('',#1727,#1974,#2004,.T.);
#956=PRESENTATION_STYLE_ASSIGNMENT((#2005));
#957=EDGE_CURVE('',#1730,#1971,#2006,.T.);
#958=PRESENTATION_STYLE_ASSIGNMENT((#2007));
#959=EDGE_CURVE('',#1733,#1968,#2008,.T.);
#960=PRESENTATION_STYLE_ASSIGNMENT((#2009));
#961=EDGE_CURVE('',#1736,#1965,#2010,.T.);
#962=PRESENTATION_STYLE_ASSIGNMENT((#2011));
#963=EDGE_CURVE('',#1739,#1962,#2012,.T.);
#964=PRESENTATION_STYLE_ASSIGNMENT((#2013));
#965=EDGE_CURVE('',#1742,#1959,#2014,.T.);
#966=PRESENTATION_STYLE_ASSIGNMENT((#2015));
#967=EDGE_CURVE('',#1918,#1371,#2016,.T.);
#968=PRESENTATION_STYLE_ASSIGNMENT((#2017));
#969=EDGE_CURVE('',#1904,#1368,#2018,.T.);
#970=PRESENTATION_STYLE_ASSIGNMENT((#2019));
#971=EDGE_CURVE('',#1951,#1934,#2020,.T.);
#972=PRESENTATION_STYLE_ASSIGNMENT((#2021));
#973=EDGE_CURVE('',#1951,#1380,#2022,.T.);
#974=PRESENTATION_STYLE_ASSIGNMENT((#2023));
#975=EDGE_CURVE('',#1912,#1379,#2024,.T.);
#976=PRESENTATION_STYLE_ASSIGNMENT((#2025));
#977=EDGE_CURVE('',#1925,#1912,#2026,.T.);
#978=PRESENTATION_STYLE_ASSIGNMENT((#2027));
#979=EDGE_CURVE('',#1933,#1926,#2028,.T.);
#980=PRESENTATION_STYLE_ASSIGNMENT((#2029));
#981=EDGE_CURVE('',#1822,#1946,#2030,.T.);
#982=PRESENTATION_STYLE_ASSIGNMENT((#2031));
#983=EDGE_CURVE('',#1941,#1400,#2032,.T.);
#984=PRESENTATION_STYLE_ASSIGNMENT((#2033));
#985=EDGE_CURVE('',#1946,#1399,#2034,.T.);
#986=PRESENTATION_STYLE_ASSIGNMENT((#2035));
#987=EDGE_CURVE('',#1365,#1599,#2036,.T.);
#988=PRESENTATION_STYLE_ASSIGNMENT((#2037));
#989=EDGE_CURVE('',#1406,#1587,#2038,.T.);
#990=PRESENTATION_STYLE_ASSIGNMENT((#2039));
#991=EDGE_CURVE('',#1403,#1590,#2040,.T.);
#992=PRESENTATION_STYLE_ASSIGNMENT((#2041));
#993=EDGE_CURVE('',#1328,#1549,#2042,.T.);
#994=PRESENTATION_STYLE_ASSIGNMENT((#2043));
#995=EDGE_CURVE('',#1623,#1331,#2044,.T.);
#996=PRESENTATION_STYLE_ASSIGNMENT((#2045));
#997=EDGE_CURVE('',#1334,#1620,#2046,.T.);
#998=PRESENTATION_STYLE_ASSIGNMENT((#2047));
#999=EDGE_CURVE('',#1334,#1649,#2048,.T.);
#1000=PRESENTATION_STYLE_ASSIGNMENT((#2049));
#1001=EDGE_CURVE('',#1337,#1646,#2050,.T.);
#1002=PRESENTATION_STYLE_ASSIGNMENT((#2051));
#1003=EDGE_CURVE('',#2052,#1643,#2053,.T.);
#1004=PRESENTATION_STYLE_ASSIGNMENT((#2054));
#1005=EDGE_CURVE('',#2052,#1340,#2055,.T.);
#1006=PRESENTATION_STYLE_ASSIGNMENT((#2056));
#1007=EDGE_CURVE('',#2052,#1466,#2057,.T.);
#1008=PRESENTATION_STYLE_ASSIGNMENT((#2058));
#1009=EDGE_CURVE('',#2059,#1926,#2060,.T.);
#1010=PRESENTATION_STYLE_ASSIGNMENT((#2061));
#1011=EDGE_CURVE('',#2062,#2059,#2063,.T.);
#1012=PRESENTATION_STYLE_ASSIGNMENT((#2064));
#1013=EDGE_CURVE('',#2062,#1933,#2065,.T.);
#1014=PRESENTATION_STYLE_ASSIGNMENT((#2066));
#1015=EDGE_CURVE('',#2067,#2062,#2068,.T.);
#1016=PRESENTATION_STYLE_ASSIGNMENT((#2069));
#1017=EDGE_CURVE('',#2070,#2067,#2071,.T.);
#1018=PRESENTATION_STYLE_ASSIGNMENT((#2072));
#1019=EDGE_CURVE('',#2073,#2070,#2074,.T.);
#1020=PRESENTATION_STYLE_ASSIGNMENT((#2075));
#1021=EDGE_CURVE('',#2076,#2073,#2077,.T.);
#1022=PRESENTATION_STYLE_ASSIGNMENT((#2078));
#1023=EDGE_CURVE('',#2079,#2076,#2080,.T.);
#1024=PRESENTATION_STYLE_ASSIGNMENT((#2081));
#1025=EDGE_CURVE('',#2082,#2079,#2083,.T.);
#1026=PRESENTATION_STYLE_ASSIGNMENT((#2084));
#1027=EDGE_CURVE('',#2085,#2082,#2086,.T.);
#1028=PRESENTATION_STYLE_ASSIGNMENT((#2087));
#1029=EDGE_CURVE('',#2088,#2085,#2089,.T.);
#1030=PRESENTATION_STYLE_ASSIGNMENT((#2090));
#1031=EDGE_CURVE('',#1780,#2088,#2091,.T.);
#1032=PRESENTATION_STYLE_ASSIGNMENT((#2092));
#1033=EDGE_CURVE('',#2093,#1685,#2094,.T.);
#1034=PRESENTATION_STYLE_ASSIGNMENT((#2095));
#1035=EDGE_CURVE('',#2096,#2093,#2097,.T.);
#1036=PRESENTATION_STYLE_ASSIGNMENT((#2098));
#1037=EDGE_CURVE('',#1678,#2096,#2099,.T.);
#1038=PRESENTATION_STYLE_ASSIGNMENT((#2100));
#1039=EDGE_CURVE('',#2088,#2101,#2102,.T.);
#1040=PRESENTATION_STYLE_ASSIGNMENT((#2103));
#1041=EDGE_CURVE('',#1783,#2101,#2104,.T.);
#1042=PRESENTATION_STYLE_ASSIGNMENT((#2105));
#1043=EDGE_CURVE('',#2101,#2106,#2107,.T.);
#1044=PRESENTATION_STYLE_ASSIGNMENT((#2108));
#1045=EDGE_CURVE('',#2106,#2109,#2110,.T.);
#1046=PRESENTATION_STYLE_ASSIGNMENT((#2111));
#1047=EDGE_CURVE('',#2109,#2112,#2113,.T.);
#1048=PRESENTATION_STYLE_ASSIGNMENT((#2114));
#1049=EDGE_CURVE('',#2112,#2115,#2116,.T.);
#1050=PRESENTATION_STYLE_ASSIGNMENT((#2117));
#1051=EDGE_CURVE('',#2115,#2118,#2119,.T.);
#1052=PRESENTATION_STYLE_ASSIGNMENT((#2120));
#1053=EDGE_CURVE('',#2118,#2121,#2122,.T.);
#1054=PRESENTATION_STYLE_ASSIGNMENT((#2123));
#1055=EDGE_CURVE('',#2121,#2124,#2125,.T.);
#1056=PRESENTATION_STYLE_ASSIGNMENT((#2126));
#1057=EDGE_CURVE('',#2124,#2059,#2127,.T.);
#1058=PRESENTATION_STYLE_ASSIGNMENT((#2128));
#1059=EDGE_CURVE('',#1679,#2129,#2130,.T.);
#1060=PRESENTATION_STYLE_ASSIGNMENT((#2131));
#1061=EDGE_CURVE('',#2129,#2132,#2133,.T.);
#1062=PRESENTATION_STYLE_ASSIGNMENT((#2134));
#1063=EDGE_CURVE('',#2132,#1682,#2135,.T.);
#1064=PRESENTATION_STYLE_ASSIGNMENT((#2136));
#1065=EDGE_CURVE('',#2067,#2124,#2137,.T.);
#1066=PRESENTATION_STYLE_ASSIGNMENT((#2138));
#1067=EDGE_CURVE('',#2070,#2121,#2139,.T.);
#1068=PRESENTATION_STYLE_ASSIGNMENT((#2140));
#1069=EDGE_CURVE('',#2073,#2118,#2141,.T.);
#1070=PRESENTATION_STYLE_ASSIGNMENT((#2142));
#1071=EDGE_CURVE('',#2076,#2115,#2143,.T.);
#1072=PRESENTATION_STYLE_ASSIGNMENT((#2144));
#1073=EDGE_CURVE('',#2079,#2112,#2145,.T.);
#1074=PRESENTATION_STYLE_ASSIGNMENT((#2146));
#1075=EDGE_CURVE('',#2082,#2109,#2147,.T.);
#1076=PRESENTATION_STYLE_ASSIGNMENT((#2148));
#1077=EDGE_CURVE('',#2085,#2106,#2149,.T.);
#1078=PRESENTATION_STYLE_ASSIGNMENT((#2150));
#1079=EDGE_CURVE('',#2093,#2132,#2151,.T.);
#1080=PRESENTATION_STYLE_ASSIGNMENT((#2152));
#1081=EDGE_CURVE('',#2096,#2129,#2153,.T.);
#1082=PRESENTATION_STYLE_ASSIGNMENT((#2154));
#1083=EDGE_CURVE('',#2155,#1913,#2156,.T.);
#1084=PRESENTATION_STYLE_ASSIGNMENT((#2157));
#1085=EDGE_CURVE('',#2158,#2155,#2159,.T.);
#1086=PRESENTATION_STYLE_ASSIGNMENT((#2160));
#1087=EDGE_CURVE('',#2158,#1925,#2161,.T.);
#1088=PRESENTATION_STYLE_ASSIGNMENT((#2162));
#1089=EDGE_CURVE('',#2163,#2158,#2164,.T.);
#1090=PRESENTATION_STYLE_ASSIGNMENT((#2165));
#1091=EDGE_CURVE('',#2166,#2163,#2167,.T.);
#1092=PRESENTATION_STYLE_ASSIGNMENT((#2168));
#1093=EDGE_CURVE('',#2169,#2166,#2170,.T.);
#1094=PRESENTATION_STYLE_ASSIGNMENT((#2171));
#1095=EDGE_CURVE('',#2172,#2169,#2173,.T.);
#1096=PRESENTATION_STYLE_ASSIGNMENT((#2174));
#1097=EDGE_CURVE('',#2175,#2172,#2176,.T.);
#1098=PRESENTATION_STYLE_ASSIGNMENT((#2177));
#1099=EDGE_CURVE('',#2178,#2175,#2179,.T.);
#1100=PRESENTATION_STYLE_ASSIGNMENT((#2180));
#1101=EDGE_CURVE('',#2181,#2178,#2182,.T.);
#1102=PRESENTATION_STYLE_ASSIGNMENT((#2183));
#1103=EDGE_CURVE('',#2184,#2181,#2185,.T.);
#1104=PRESENTATION_STYLE_ASSIGNMENT((#2186));
#1105=EDGE_CURVE('',#1792,#2184,#2187,.T.);
#1106=PRESENTATION_STYLE_ASSIGNMENT((#2188));
#1107=EDGE_CURVE('',#2189,#1673,#2190,.T.);
#1108=PRESENTATION_STYLE_ASSIGNMENT((#2191));
#1109=EDGE_CURVE('',#2192,#2189,#2193,.T.);
#1110=PRESENTATION_STYLE_ASSIGNMENT((#2194));
#1111=EDGE_CURVE('',#1666,#2192,#2195,.T.);
#1112=PRESENTATION_STYLE_ASSIGNMENT((#2196));
#1113=EDGE_CURVE('',#2184,#2197,#2198,.T.);
#1114=PRESENTATION_STYLE_ASSIGNMENT((#2199));
#1115=EDGE_CURVE('',#1795,#2197,#2200,.T.);
#1116=PRESENTATION_STYLE_ASSIGNMENT((#2201));
#1117=EDGE_CURVE('',#2197,#2202,#2203,.T.);
#1118=PRESENTATION_STYLE_ASSIGNMENT((#2204));
#1119=EDGE_CURVE('',#2202,#2205,#2206,.T.);
#1120=PRESENTATION_STYLE_ASSIGNMENT((#2207));
#1121=EDGE_CURVE('',#2205,#2208,#2209,.T.);
#1122=PRESENTATION_STYLE_ASSIGNMENT((#2210));
#1123=EDGE_CURVE('',#2208,#2211,#2212,.T.);
#1124=PRESENTATION_STYLE_ASSIGNMENT((#2213));
#1125=EDGE_CURVE('',#2211,#2214,#2215,.T.);
#1126=PRESENTATION_STYLE_ASSIGNMENT((#2216));
#1127=EDGE_CURVE('',#2214,#2217,#2218,.T.);
#1128=PRESENTATION_STYLE_ASSIGNMENT((#2219));
#1129=EDGE_CURVE('',#2217,#2220,#2221,.T.);
#1130=PRESENTATION_STYLE_ASSIGNMENT((#2222));
#1131=EDGE_CURVE('',#2220,#2155,#2223,.T.);
#1132=PRESENTATION_STYLE_ASSIGNMENT((#2224));
#1133=EDGE_CURVE('',#1667,#2225,#2226,.T.);
#1134=PRESENTATION_STYLE_ASSIGNMENT((#2227));
#1135=EDGE_CURVE('',#2225,#2228,#2229,.T.);
#1136=PRESENTATION_STYLE_ASSIGNMENT((#2230));
#1137=EDGE_CURVE('',#2228,#1670,#2231,.T.);
#1138=PRESENTATION_STYLE_ASSIGNMENT((#2232));
#1139=EDGE_CURVE('',#2163,#2220,#2233,.T.);
#1140=PRESENTATION_STYLE_ASSIGNMENT((#2234));
#1141=EDGE_CURVE('',#2166,#2217,#2235,.T.);
#1142=PRESENTATION_STYLE_ASSIGNMENT((#2236));
#1143=EDGE_CURVE('',#2169,#2214,#2237,.T.);
#1144=PRESENTATION_STYLE_ASSIGNMENT((#2238));
#1145=EDGE_CURVE('',#2172,#2211,#2239,.T.);
#1146=PRESENTATION_STYLE_ASSIGNMENT((#2240));
#1147=EDGE_CURVE('',#2175,#2208,#2241,.T.);
#1148=PRESENTATION_STYLE_ASSIGNMENT((#2242));
#1149=EDGE_CURVE('',#2178,#2205,#2243,.T.);
#1150=PRESENTATION_STYLE_ASSIGNMENT((#2244));
#1151=EDGE_CURVE('',#2181,#2202,#2245,.T.);
#1152=PRESENTATION_STYLE_ASSIGNMENT((#2246));
#1153=EDGE_CURVE('',#2189,#2228,#2247,.T.);
#1154=PRESENTATION_STYLE_ASSIGNMENT((#2248));
#1155=EDGE_CURVE('',#2192,#2225,#2249,.T.);
#1156=PRESENTATION_STYLE_ASSIGNMENT((#2250));
#1157=EDGE_CURVE('',#1394,#1435,#2251,.T.);
#1158=PRESENTATION_STYLE_ASSIGNMENT((#2252));
#1159=EDGE_CURVE('',#1391,#1436,#2253,.T.);
#1160=PRESENTATION_STYLE_ASSIGNMENT((#2254));
#1161=EDGE_CURVE('',#1383,#1448,#2255,.T.);
#1162=PRESENTATION_STYLE_ASSIGNMENT((#2256));
#1163=EDGE_CURVE('',#1386,#1445,#2257,.T.);
#1164=PRESENTATION_STYLE_ASSIGNMENT((#2258));
#1165=EDGE_CURVE('',#2259,#1934,#2260,.T.);
#1166=PRESENTATION_STYLE_ASSIGNMENT((#2261));
#1167=EDGE_CURVE('',#2262,#2259,#2263,.T.);
#1168=PRESENTATION_STYLE_ASSIGNMENT((#2264));
#1169=EDGE_CURVE('',#2262,#1954,#2265,.T.);
#1170=PRESENTATION_STYLE_ASSIGNMENT((#2266));
#1171=EDGE_CURVE('',#2267,#2262,#2268,.T.);
#1172=PRESENTATION_STYLE_ASSIGNMENT((#2269));
#1173=EDGE_CURVE('',#2270,#2267,#2271,.T.);
#1174=PRESENTATION_STYLE_ASSIGNMENT((#2272));
#1175=EDGE_CURVE('',#2273,#2270,#2274,.T.);
#1176=PRESENTATION_STYLE_ASSIGNMENT((#2275));
#1177=EDGE_CURVE('',#2276,#2273,#2277,.T.);
#1178=PRESENTATION_STYLE_ASSIGNMENT((#2278));
#1179=EDGE_CURVE('',#2279,#2276,#2280,.T.);
#1180=PRESENTATION_STYLE_ASSIGNMENT((#2281));
#1181=EDGE_CURVE('',#2282,#2279,#2283,.T.);
#1182=PRESENTATION_STYLE_ASSIGNMENT((#2284));
#1183=EDGE_CURVE('',#2285,#2282,#2286,.T.);
#1184=PRESENTATION_STYLE_ASSIGNMENT((#2287));
#1185=EDGE_CURVE('',#2288,#2285,#2289,.T.);
#1186=PRESENTATION_STYLE_ASSIGNMENT((#2290));
#1187=EDGE_CURVE('',#1768,#2288,#2291,.T.);
#1188=PRESENTATION_STYLE_ASSIGNMENT((#2292));
#1189=EDGE_CURVE('',#2293,#1697,#2294,.T.);
#1190=PRESENTATION_STYLE_ASSIGNMENT((#2295));
#1191=EDGE_CURVE('',#2296,#2293,#2297,.T.);
#1192=PRESENTATION_STYLE_ASSIGNMENT((#2298));
#1193=EDGE_CURVE('',#1690,#2296,#2299,.T.);
#1194=PRESENTATION_STYLE_ASSIGNMENT((#2300));
#1195=EDGE_CURVE('',#2288,#2301,#2302,.T.);
#1196=PRESENTATION_STYLE_ASSIGNMENT((#2303));
#1197=EDGE_CURVE('',#1771,#2301,#2304,.T.);
#1198=PRESENTATION_STYLE_ASSIGNMENT((#2305));
#1199=EDGE_CURVE('',#2301,#2306,#2307,.T.);
#1200=PRESENTATION_STYLE_ASSIGNMENT((#2308));
#1201=EDGE_CURVE('',#2306,#2309,#2310,.T.);
#1202=PRESENTATION_STYLE_ASSIGNMENT((#2311));
#1203=EDGE_CURVE('',#2309,#2312,#2313,.T.);
#1204=PRESENTATION_STYLE_ASSIGNMENT((#2314));
#1205=EDGE_CURVE('',#2312,#2315,#2316,.T.);
#1206=PRESENTATION_STYLE_ASSIGNMENT((#2317));
#1207=EDGE_CURVE('',#2315,#2318,#2319,.T.);
#1208=PRESENTATION_STYLE_ASSIGNMENT((#2320));
#1209=EDGE_CURVE('',#2318,#2321,#2322,.T.);
#1210=PRESENTATION_STYLE_ASSIGNMENT((#2323));
#1211=EDGE_CURVE('',#2321,#2324,#2325,.T.);
#1212=PRESENTATION_STYLE_ASSIGNMENT((#2326));
#1213=EDGE_CURVE('',#2324,#2259,#2327,.T.);
#1214=PRESENTATION_STYLE_ASSIGNMENT((#2328));
#1215=EDGE_CURVE('',#1691,#2329,#2330,.T.);
#1216=PRESENTATION_STYLE_ASSIGNMENT((#2331));
#1217=EDGE_CURVE('',#2329,#2332,#2333,.T.);
#1218=PRESENTATION_STYLE_ASSIGNMENT((#2334));
#1219=EDGE_CURVE('',#2332,#1694,#2335,.T.);
#1220=PRESENTATION_STYLE_ASSIGNMENT((#2336));
#1221=EDGE_CURVE('',#2267,#2324,#2337,.T.);
#1222=PRESENTATION_STYLE_ASSIGNMENT((#2338));
#1223=EDGE_CURVE('',#2270,#2321,#2339,.T.);
#1224=PRESENTATION_STYLE_ASSIGNMENT((#2340));
#1225=EDGE_CURVE('',#2273,#2318,#2341,.T.);
#1226=PRESENTATION_STYLE_ASSIGNMENT((#2342));
#1227=EDGE_CURVE('',#2276,#2315,#2343,.T.);
#1228=PRESENTATION_STYLE_ASSIGNMENT((#2344));
#1229=EDGE_CURVE('',#2279,#2312,#2345,.T.);
#1230=PRESENTATION_STYLE_ASSIGNMENT((#2346));
#1231=EDGE_CURVE('',#2282,#2309,#2347,.T.);
#1232=PRESENTATION_STYLE_ASSIGNMENT((#2348));
#1233=EDGE_CURVE('',#2285,#2306,#2349,.T.);
#1234=PRESENTATION_STYLE_ASSIGNMENT((#2350));
#1235=EDGE_CURVE('',#2293,#2332,#2351,.T.);
#1236=PRESENTATION_STYLE_ASSIGNMENT((#2352));
#1237=EDGE_CURVE('',#2296,#2329,#2353,.T.);
#1238=PRESENTATION_STYLE_ASSIGNMENT((#2354));
#1239=EDGE_CURVE('',#1414,#1459,#2355,.T.);
#1240=PRESENTATION_STYLE_ASSIGNMENT((#2356));
#1241=EDGE_CURVE('',#1411,#1460,#2357,.T.);
#1242=PRESENTATION_STYLE_ASSIGNMENT((#2358));
#1243=EDGE_CURVE('',#1825,#1888,#2359,.T.);
#1244=PRESENTATION_STYLE_ASSIGNMENT((#2360));
#1245=EDGE_CURVE('',#1828,#1885,#2361,.T.);
#1246=PRESENTATION_STYLE_ASSIGNMENT((#2362));
#1247=EDGE_CURVE('',#1831,#1882,#2363,.T.);
#1248=PRESENTATION_STYLE_ASSIGNMENT((#2364));
#1249=EDGE_CURVE('',#1834,#1879,#2365,.T.);
#1250=PRESENTATION_STYLE_ASSIGNMENT((#2366));
#1251=EDGE_CURVE('',#1837,#1876,#2367,.T.);
#1252=PRESENTATION_STYLE_ASSIGNMENT((#2368));
#1253=EDGE_CURVE('',#1840,#1873,#2369,.T.);
#1254=PRESENTATION_STYLE_ASSIGNMENT((#2370));
#1255=EDGE_CURVE('',#1843,#1870,#2371,.T.);
#1256=PRESENTATION_STYLE_ASSIGNMENT((#2372));
#1257=EDGE_CURVE('',#1846,#1867,#2373,.T.);
#1258=PRESENTATION_STYLE_ASSIGNMENT((#2374));
#1259=EDGE_CURVE('',#1750,#1991,#2375,.T.);
#1260=PRESENTATION_STYLE_ASSIGNMENT((#2376));
#1261=EDGE_CURVE('',#1753,#1988,#2377,.T.);
#1262=PRESENTATION_STYLE_ASSIGNMENT((#2378));
#1263=EDGE_CURVE('',#1854,#1899,#2379,.T.);
#1264=PRESENTATION_STYLE_ASSIGNMENT((#2380));
#1265=EDGE_CURVE('',#1857,#1896,#2381,.T.);
#1266=PRESENTATION_STYLE_ASSIGNMENT((#2382));
#1267=MANIFOLD_SOLID_BREP('1734829-5',#2383);
#1268=PRODUCT('1734829-5','','PART--DESC',(#2384));
#1269=PRODUCT_DEFINITION('','NONE',#2385,#2);
#1270=AXIS2_PLACEMENT_3D('',#2386,#2387,#2388);
#1273=LENGTH_MEASURE_WITH_UNIT(LENGTH_MEASURE(1.0),#2389);
#1276=DIMENSIONAL_EXPONENTS(1.0,0.0,0.0,0.0,0.0,0.0,0.0);
#1278=DIMENSIONAL_EXPONENTS(0.0,0.0,0.0,0.0,0.0,0.0,0.0);
#1284=CURVE_STYLE('',#2390,POSITIVE_LENGTH_MEASURE(0.02),#2391);
#1285=VERTEX_POINT('',#2392);
#1286=VERTEX_POINT('',#2393);
#1287=LINE('',#2394,#2395);
#1288=CURVE_STYLE('',#2396,POSITIVE_LENGTH_MEASURE(0.02),#2397);
#1289=VERTEX_POINT('',#2398);
#1290=LINE('',#2399,#2400);
#1291=CURVE_STYLE('',#2401,POSITIVE_LENGTH_MEASURE(0.02),#2402);
#1292=VERTEX_POINT('',#2403);
#1293=LINE('',#2404,#2405);
#1294=CURVE_STYLE('',#2406,POSITIVE_LENGTH_MEASURE(0.02),#2407);
#1295=VERTEX_POINT('',#2408);
#1296=LINE('',#2409,#2410);
#1297=CURVE_STYLE('',#2411,POSITIVE_LENGTH_MEASURE(0.02),#2412);
#1298=VERTEX_POINT('',#2413);
#1299=LINE('',#2414,#2415);
#1300=CURVE_STYLE('',#2416,POSITIVE_LENGTH_MEASURE(0.02),#2417);
#1301=VERTEX_POINT('',#2418);
#1302=LINE('',#2419,#2420);
#1303=CURVE_STYLE('',#2421,POSITIVE_LENGTH_MEASURE(0.02),#2422);
#1304=VERTEX_POINT('',#2423);
#1305=LINE('',#2424,#2425);
#1306=CURVE_STYLE('',#2426,POSITIVE_LENGTH_MEASURE(0.02),#2427);
#1307=VERTEX_POINT('',#2428);
#1308=LINE('',#2429,#2430);
#1309=CURVE_STYLE('',#2431,POSITIVE_LENGTH_MEASURE(0.02),#2432);
#1310=LINE('',#2433,#2434);
#1311=CURVE_STYLE('',#2435,POSITIVE_LENGTH_MEASURE(0.02),#2436);
#1312=VERTEX_POINT('',#2437);
#1313=VERTEX_POINT('',#2438);
#1314=LINE('',#2439,#2440);
#1315=CURVE_STYLE('',#2441,POSITIVE_LENGTH_MEASURE(0.02),#2442);
#1316=VERTEX_POINT('',#2443);
#1317=LINE('',#2444,#2445);
#1318=CURVE_STYLE('',#2446,POSITIVE_LENGTH_MEASURE(0.02),#2447);
#1319=VERTEX_POINT('',#2448);
#1320=LINE('',#2449,#2450);
#1321=CURVE_STYLE('',#2451,POSITIVE_LENGTH_MEASURE(0.02),#2452);
#1322=LINE('',#2453,#2454);
#1323=CURVE_STYLE('',#2455,POSITIVE_LENGTH_MEASURE(0.02),#2456);
#1324=VERTEX_POINT('',#2457);
#1325=VERTEX_POINT('',#2458);
#1326=LINE('',#2459,#2460);
#1327=CURVE_STYLE('',#2461,POSITIVE_LENGTH_MEASURE(0.02),#2462);
#1328=VERTEX_POINT('',#2463);
#1329=LINE('',#2464,#2465);
#1330=CURVE_STYLE('',#2466,POSITIVE_LENGTH_MEASURE(0.02),#2467);
#1331=VERTEX_POINT('',#2468);
#1332=LINE('',#2469,#2470);
#1333=CURVE_STYLE('',#2471,POSITIVE_LENGTH_MEASURE(0.02),#2472);
#1334=VERTEX_POINT('',#2473);
#1335=LINE('',#2474,#2475);
#1336=CURVE_STYLE('',#2476,POSITIVE_LENGTH_MEASURE(0.02),#2477);
#1337=VERTEX_POINT('',#2478);
#1338=LINE('',#2479,#2480);
#1339=CURVE_STYLE('',#2481,POSITIVE_LENGTH_MEASURE(0.02),#2482);
#1340=VERTEX_POINT('',#2483);
#1341=LINE('',#2484,#2485);
#1342=CURVE_STYLE('',#2486,POSITIVE_LENGTH_MEASURE(0.02),#2487);
#1343=VERTEX_POINT('',#2488);
#1344=LINE('',#2489,#2490);
#1345=CURVE_STYLE('',#2491,POSITIVE_LENGTH_MEASURE(0.02),#2492);
#1346=VERTEX_POINT('',#2493);
#1347=LINE('',#2494,#2495);
#1348=CURVE_STYLE('',#2496,POSITIVE_LENGTH_MEASURE(0.02),#2497);
#1349=LINE('',#2498,#2499);
#1350=CURVE_STYLE('',#2500,POSITIVE_LENGTH_MEASURE(0.02),#2501);
#1351=VERTEX_POINT('',#2502);
#1352=VERTEX_POINT('',#2503);
#1353=LINE('',#2504,#2505);
#1354=CURVE_STYLE('',#2506,POSITIVE_LENGTH_MEASURE(0.02),#2507);
#1355=VERTEX_POINT('',#2508);
#1356=LINE('',#2509,#2510);
#1357=CURVE_STYLE('',#2511,POSITIVE_LENGTH_MEASURE(0.02),#2512);
#1358=LINE('',#2513,#2514);
#1359=CURVE_STYLE('',#2515,POSITIVE_LENGTH_MEASURE(0.02),#2516);
#1360=LINE('',#2517,#2518);
#1361=CURVE_STYLE('',#2519,POSITIVE_LENGTH_MEASURE(0.02),#2520);
#1362=VERTEX_POINT('',#2521);
#1363=LINE('',#2522,#2523);
#1364=CURVE_STYLE('',#2524,POSITIVE_LENGTH_MEASURE(0.02),#2525);
#1365=VERTEX_POINT('',#2526);
#1366=LINE('',#2527,#2528);
#1367=CURVE_STYLE('',#2529,POSITIVE_LENGTH_MEASURE(0.02),#2530);
#1368=VERTEX_POINT('',#2531);
#1369=LINE('',#2532,#2533);
#1370=CURVE_STYLE('',#2534,POSITIVE_LENGTH_MEASURE(0.02),#2535);
#1371=VERTEX_POINT('',#2536);
#1372=LINE('',#2537,#2538);
#1373=CURVE_STYLE('',#2539,POSITIVE_LENGTH_MEASURE(0.02),#2540);
#1374=VERTEX_POINT('',#2541);
#1375=LINE('',#2542,#2543);
#1376=CURVE_STYLE('',#2544,POSITIVE_LENGTH_MEASURE(0.02),#2545);
#1377=LINE('',#2546,#2547);
#1378=CURVE_STYLE('',#2548,POSITIVE_LENGTH_MEASURE(0.02),#2549);
#1379=VERTEX_POINT('',#2550);
#1380=VERTEX_POINT('',#2551);
#1381=LINE('',#2552,#2553);
#1382=CURVE_STYLE('',#2554,POSITIVE_LENGTH_MEASURE(0.02),#2555);
#1383=VERTEX_POINT('',#2556);
#1384=LINE('',#2557,#2558);
#1385=CURVE_STYLE('',#2559,POSITIVE_LENGTH_MEASURE(0.02),#2560);
#1386=VERTEX_POINT('',#2561);
#1387=LINE('',#2562,#2563);
#1388=CURVE_STYLE('',#2564,POSITIVE_LENGTH_MEASURE(0.02),#2565);
#1389=LINE('',#2566,#2567);
#1390=CURVE_STYLE('',#2568,POSITIVE_LENGTH_MEASURE(0.02),#2569);
#1391=VERTEX_POINT('',#2570);
#1392=LINE('',#2571,#2572);
#1393=CURVE_STYLE('',#2573,POSITIVE_LENGTH_MEASURE(0.02),#2574);
#1394=VERTEX_POINT('',#2575);
#1395=LINE('',#2576,#2577);
#1396=CURVE_STYLE('',#2578,POSITIVE_LENGTH_MEASURE(0.02),#2579);
#1397=LINE('',#2580,#2581);
#1398=CURVE_STYLE('',#2582,POSITIVE_LENGTH_MEASURE(0.02),#2583);
#1399=VERTEX_POINT('',#2584);
#1400=VERTEX_POINT('',#2585);
#1401=LINE('',#2586,#2587);
#1402=CURVE_STYLE('',#2588,POSITIVE_LENGTH_MEASURE(0.02),#2589);
#1403=VERTEX_POINT('',#2590);
#1404=LINE('',#2591,#2592);
#1405=CURVE_STYLE('',#2593,POSITIVE_LENGTH_MEASURE(0.02),#2594);
#1406=VERTEX_POINT('',#2595);
#1407=LINE('',#2596,#2597);
#1408=CURVE_STYLE('',#2598,POSITIVE_LENGTH_MEASURE(0.02),#2599);
#1409=LINE('',#2600,#2601);
#1410=CURVE_STYLE('',#2602,POSITIVE_LENGTH_MEASURE(0.02),#2603);
#1411=VERTEX_POINT('',#2604);
#1412=LINE('',#2605,#2606);
#1413=CURVE_STYLE('',#2607,POSITIVE_LENGTH_MEASURE(0.02),#2608);
#1414=VERTEX_POINT('',#2609);
#1415=LINE('',#2610,#2611);
#1416=CURVE_STYLE('',#2612,POSITIVE_LENGTH_MEASURE(0.02),#2613);
#1417=LINE('',#2614,#2615);
#1418=CURVE_STYLE('',#2616,POSITIVE_LENGTH_MEASURE(0.02),#2617);
#1419=VERTEX_POINT('',#2618);
#1420=LINE('',#2619,#2620);
#1421=CURVE_STYLE('',#2621,POSITIVE_LENGTH_MEASURE(0.02),#2622);
#1422=LINE('',#2623,#2624);
#1423=CURVE_STYLE('',#2625,POSITIVE_LENGTH_MEASURE(0.02),#2626);
#1424=VERTEX_POINT('',#2627);
#1425=LINE('',#2628,#2629);
#1426=CURVE_STYLE('',#2630,POSITIVE_LENGTH_MEASURE(0.02),#2631);
#1427=VERTEX_POINT('',#2632);
#1428=LINE('',#2633,#2634);
#1429=CURVE_STYLE('',#2635,POSITIVE_LENGTH_MEASURE(0.02),#2636);
#1430=VERTEX_POINT('',#2637);
#1431=LINE('',#2638,#2639);
#1432=CURVE_STYLE('',#2640,POSITIVE_LENGTH_MEASURE(0.02),#2641);
#1433=LINE('',#2642,#2643);
#1434=CURVE_STYLE('',#2644,POSITIVE_LENGTH_MEASURE(0.02),#2645);
#1435=VERTEX_POINT('',#2646);
#1436=VERTEX_POINT('',#2647);
#1437=LINE('',#2648,#2649);
#1438=CURVE_STYLE('',#2650,POSITIVE_LENGTH_MEASURE(0.02),#2651);
#1439=VERTEX_POINT('',#2652);
#1440=LINE('',#2653,#2654);
#1441=CURVE_STYLE('',#2655,POSITIVE_LENGTH_MEASURE(0.02),#2656);
#1442=VERTEX_POINT('',#2657);
#1443=LINE('',#2658,#2659);
#1444=CURVE_STYLE('',#2660,POSITIVE_LENGTH_MEASURE(0.02),#2661);
#1445=VERTEX_POINT('',#2662);
#1446=LINE('',#2663,#2664);
#1447=CURVE_STYLE('',#2665,POSITIVE_LENGTH_MEASURE(0.02),#2666);
#1448=VERTEX_POINT('',#2667);
#1449=LINE('',#2668,#2669);
#1450=CURVE_STYLE('',#2670,POSITIVE_LENGTH_MEASURE(0.02),#2671);
#1451=VERTEX_POINT('',#2672);
#1452=LINE('',#2673,#2674);
#1453=CURVE_STYLE('',#2675,POSITIVE_LENGTH_MEASURE(0.02),#2676);
#1454=VERTEX_POINT('',#2677);
#1455=LINE('',#2678,#2679);
#1456=CURVE_STYLE('',#2680,POSITIVE_LENGTH_MEASURE(0.02),#2681);
#1457=LINE('',#2682,#2683);
#1458=CURVE_STYLE('',#2684,POSITIVE_LENGTH_MEASURE(0.02),#2685);
#1459=VERTEX_POINT('',#2686);
#1460=VERTEX_POINT('',#2687);
#1461=LINE('',#2688,#2689);
#1462=CURVE_STYLE('',#2690,POSITIVE_LENGTH_MEASURE(0.02),#2691);
#1463=VERTEX_POINT('',#2692);
#1464=LINE('',#2693,#2694);
#1465=CURVE_STYLE('',#2695,POSITIVE_LENGTH_MEASURE(0.02),#2696);
#1466=VERTEX_POINT('',#2697);
#1467=LINE('',#2698,#2699);
#1468=CURVE_STYLE('',#2700,POSITIVE_LENGTH_MEASURE(0.02),#2701);
#1469=VERTEX_POINT('',#2702);
#1470=LINE('',#2703,#2704);
#1471=CURVE_STYLE('',#2705,POSITIVE_LENGTH_MEASURE(0.02),#2706);
#1472=VERTEX_POINT('',#2707);
#1473=LINE('',#2708,#2709);
#1474=CURVE_STYLE('',#2710,POSITIVE_LENGTH_MEASURE(0.02),#2711);
#1475=LINE('',#2712,#2713);
#1476=CURVE_STYLE('',#2714,POSITIVE_LENGTH_MEASURE(0.02),#2715);
#1477=LINE('',#2716,#2717);
#1478=CURVE_STYLE('',#2718,POSITIVE_LENGTH_MEASURE(0.02),#2719);
#1479=LINE('',#2720,#2721);
#1480=CURVE_STYLE('',#2722,POSITIVE_LENGTH_MEASURE(0.02),#2723);
#1481=LINE('',#2724,#2725);
#1482=CURVE_STYLE('',#2726,POSITIVE_LENGTH_MEASURE(0.02),#2727);
#1483=LINE('',#2728,#2729);
#1484=CURVE_STYLE('',#2730,POSITIVE_LENGTH_MEASURE(0.02),#2731);
#1485=LINE('',#2732,#2733);
#1486=CURVE_STYLE('',#2734,POSITIVE_LENGTH_MEASURE(0.02),#2735);
#1487=VERTEX_POINT('',#2736);
#1488=LINE('',#2737,#2738);
#1489=CURVE_STYLE('',#2739,POSITIVE_LENGTH_MEASURE(0.02),#2740);
#1490=LINE('',#2741,#2742);
#1491=CURVE_STYLE('',#2743,POSITIVE_LENGTH_MEASURE(0.02),#2744);
#1492=VERTEX_POINT('',#2745);
#1493=LINE('',#2746,#2747);
#1494=CURVE_STYLE('',#2748,POSITIVE_LENGTH_MEASURE(0.02),#2749);
#1495=VERTEX_POINT('',#2750);
#1496=LINE('',#2751,#2752);
#1497=CURVE_STYLE('',#2753,POSITIVE_LENGTH_MEASURE(0.02),#2754);
#1498=LINE('',#2755,#2756);
#1499=CURVE_STYLE('',#2757,POSITIVE_LENGTH_MEASURE(0.02),#2758);
#1500=VERTEX_POINT('',#2759);
#1501=LINE('',#2760,#2761);
#1502=CURVE_STYLE('',#2762,POSITIVE_LENGTH_MEASURE(0.02),#2763);
#1503=LINE('',#2764,#2765);
#1504=CURVE_STYLE('',#2766,POSITIVE_LENGTH_MEASURE(0.02),#2767);
#1505=VERTEX_POINT('',#2768);
#1506=LINE('',#2769,#2770);
#1507=CURVE_STYLE('',#2771,POSITIVE_LENGTH_MEASURE(0.02),#2772);
#1508=VERTEX_POINT('',#2773);
#1509=LINE('',#2774,#2775);
#1510=CURVE_STYLE('',#2776,POSITIVE_LENGTH_MEASURE(0.02),#2777);
#1511=LINE('',#2778,#2779);
#1512=CURVE_STYLE('',#2780,POSITIVE_LENGTH_MEASURE(0.02),#2781);
#1513=VERTEX_POINT('',#2782);
#1514=LINE('',#2783,#2784);
#1515=CURVE_STYLE('',#2785,POSITIVE_LENGTH_MEASURE(0.02),#2786);
#1516=LINE('',#2787,#2788);
#1517=CURVE_STYLE('',#2789,POSITIVE_LENGTH_MEASURE(0.02),#2790);
#1518=VERTEX_POINT('',#2791);
#1519=LINE('',#2792,#2793);
#1520=CURVE_STYLE('',#2794,POSITIVE_LENGTH_MEASURE(0.02),#2795);
#1521=VERTEX_POINT('',#2796);
#1522=LINE('',#2797,#2798);
#1523=CURVE_STYLE('',#2799,POSITIVE_LENGTH_MEASURE(0.02),#2800);
#1524=LINE('',#2801,#2802);
#1525=CURVE_STYLE('',#2803,POSITIVE_LENGTH_MEASURE(0.02),#2804);
#1526=VERTEX_POINT('',#2805);
#1527=VERTEX_POINT('',#2806);
#1528=LINE('',#2807,#2808);
#1529=CURVE_STYLE('',#2809,POSITIVE_LENGTH_MEASURE(0.02),#2810);
#1530=LINE('',#2811,#2812);
#1531=CURVE_STYLE('',#2813,POSITIVE_LENGTH_MEASURE(0.02),#2814);
#1532=LINE('',#2815,#2816);
#1533=CURVE_STYLE('',#2817,POSITIVE_LENGTH_MEASURE(0.02),#2818);
#1534=VERTEX_POINT('',#2819);
#1535=VERTEX_POINT('',#2820);
#1536=LINE('',#2821,#2822);
#1537=CURVE_STYLE('',#2823,POSITIVE_LENGTH_MEASURE(0.02),#2824);
#1538=LINE('',#2825,#2826);
#1539=CURVE_STYLE('',#2827,POSITIVE_LENGTH_MEASURE(0.02),#2828);
#1540=VERTEX_POINT('',#2829);
#1541=LINE('',#2830,#2831);
#1542=CURVE_STYLE('',#2832,POSITIVE_LENGTH_MEASURE(0.02),#2833);
#1543=LINE('',#2834,#2835);
#1544=CURVE_STYLE('',#2836,POSITIVE_LENGTH_MEASURE(0.02),#2837);
#1545=VERTEX_POINT('',#2838);
#1546=VERTEX_POINT('',#2839);
#1547=LINE('',#2840,#2841);
#1548=CURVE_STYLE('',#2842,POSITIVE_LENGTH_MEASURE(0.02),#2843);
#1549=VERTEX_POINT('',#2844);
#1550=LINE('',#2845,#2846);
#1551=CURVE_STYLE('',#2847,POSITIVE_LENGTH_MEASURE(0.02),#2848);
#1552=VERTEX_POINT('',#2849);
#1553=LINE('',#2850,#2851);
#1554=CURVE_STYLE('',#2852,POSITIVE_LENGTH_MEASURE(0.02),#2853);
#1555=VERTEX_POINT('',#2854);
#1556=LINE('',#2855,#2856);
#1557=CURVE_STYLE('',#2857,POSITIVE_LENGTH_MEASURE(0.02),#2858);
#1558=VERTEX_POINT('',#2859);
#1559=LINE('',#2860,#2861);
#1560=CURVE_STYLE('',#2862,POSITIVE_LENGTH_MEASURE(0.02),#2863);
#1561=LINE('',#2864,#2865);
#1562=CURVE_STYLE('',#2866,POSITIVE_LENGTH_MEASURE(0.02),#2867);
#1563=VERTEX_POINT('',#2868);
#1564=LINE('',#2869,#2870);
#1565=CURVE_STYLE('',#2871,POSITIVE_LENGTH_MEASURE(0.02),#2872);
#1566=VERTEX_POINT('',#2873);
#1567=LINE('',#2874,#2875);
#1568=CURVE_STYLE('',#2876,POSITIVE_LENGTH_MEASURE(0.02),#2877);
#1569=LINE('',#2878,#2879);
#1570=CURVE_STYLE('',#2880,POSITIVE_LENGTH_MEASURE(0.02),#2881);
#1571=VERTEX_POINT('',#2882);
#1572=LINE('',#2883,#2884);
#1573=CURVE_STYLE('',#2885,POSITIVE_LENGTH_MEASURE(0.02),#2886);
#1574=VERTEX_POINT('',#2887);
#1575=LINE('',#2888,#2889);
#1576=CURVE_STYLE('',#2890,POSITIVE_LENGTH_MEASURE(0.02),#2891);
#1577=LINE('',#2892,#2893);
#1578=CURVE_STYLE('',#2894,POSITIVE_LENGTH_MEASURE(0.02),#2895);
#1579=VERTEX_POINT('',#2896);
#1580=LINE('',#2897,#2898);
#1581=CURVE_STYLE('',#2899,POSITIVE_LENGTH_MEASURE(0.02),#2900);
#1582=VERTEX_POINT('',#2901);
#1583=LINE('',#2902,#2903);
#1584=CURVE_STYLE('',#2904,POSITIVE_LENGTH_MEASURE(0.02),#2905);
#1585=LINE('',#2906,#2907);
#1586=CURVE_STYLE('',#2908,POSITIVE_LENGTH_MEASURE(0.02),#2909);
#1587=VERTEX_POINT('',#2910);
#1588=LINE('',#2911,#2912);
#1589=CURVE_STYLE('',#2913,POSITIVE_LENGTH_MEASURE(0.02),#2914);
#1590=VERTEX_POINT('',#2915);
#1591=LINE('',#2916,#2917);
#1592=CURVE_STYLE('',#2918,POSITIVE_LENGTH_MEASURE(0.02),#2919);
#1593=VERTEX_POINT('',#2920);
#1594=LINE('',#2921,#2922);
#1595=CURVE_STYLE('',#2923,POSITIVE_LENGTH_MEASURE(0.02),#2924);
#1596=VERTEX_POINT('',#2925);
#1597=LINE('',#2926,#2927);
#1598=CURVE_STYLE('',#2928,POSITIVE_LENGTH_MEASURE(0.02),#2929);
#1599=VERTEX_POINT('',#2930);
#1600=LINE('',#2931,#2932);
#1601=CURVE_STYLE('',#2933,POSITIVE_LENGTH_MEASURE(0.02),#2934);
#1602=LINE('',#2935,#2936);
#1603=CURVE_STYLE('',#2937,POSITIVE_LENGTH_MEASURE(0.02),#2938);
#1604=LINE('',#2939,#2940);
#1605=CURVE_STYLE('',#2941,POSITIVE_LENGTH_MEASURE(0.02),#2942);
#1606=VERTEX_POINT('',#2943);
#1607=LINE('',#2944,#2945);
#1608=CURVE_STYLE('',#2946,POSITIVE_LENGTH_MEASURE(0.02),#2947);
#1609=LINE('',#2948,#2949);
#1610=CURVE_STYLE('',#2950,POSITIVE_LENGTH_MEASURE(0.02),#2951);
#1611=VERTEX_POINT('',#2952);
#1612=LINE('',#2953,#2954);
#1613=CURVE_STYLE('',#2955,POSITIVE_LENGTH_MEASURE(0.02),#2956);
#1614=LINE('',#2957,#2958);
#1615=CURVE_STYLE('',#2959,POSITIVE_LENGTH_MEASURE(0.02),#2960);
#1616=VERTEX_POINT('',#2961);
#1617=VERTEX_POINT('',#2962);
#1618=LINE('',#2963,#2964);
#1619=CURVE_STYLE('',#2965,POSITIVE_LENGTH_MEASURE(0.02),#2966);
#1620=VERTEX_POINT('',#2967);
#1621=LINE('',#2968,#2969);
#1622=CURVE_STYLE('',#2970,POSITIVE_LENGTH_MEASURE(0.02),#2971);
#1623=VERTEX_POINT('',#2972);
#1624=LINE('',#2973,#2974);
#1625=CURVE_STYLE('',#2975,POSITIVE_LENGTH_MEASURE(0.02),#2976);
#1626=LINE('',#2977,#2978);
#1627=CURVE_STYLE('',#2979,POSITIVE_LENGTH_MEASURE(0.02),#2980);
#1628=LINE('',#2981,#2982);
#1629=CURVE_STYLE('',#2983,POSITIVE_LENGTH_MEASURE(0.02),#2984);
#1630=VERTEX_POINT('',#2985);
#1631=LINE('',#2986,#2987);
#1632=CURVE_STYLE('',#2988,POSITIVE_LENGTH_MEASURE(0.02),#2989);
#1633=LINE('',#2990,#2991);
#1634=CURVE_STYLE('',#2992,POSITIVE_LENGTH_MEASURE(0.02),#2993);
#1635=LINE('',#2994,#2995);
#1636=CURVE_STYLE('',#2996,POSITIVE_LENGTH_MEASURE(0.02),#2997);
#1637=LINE('',#2998,#2999);
#1638=CURVE_STYLE('',#3000,POSITIVE_LENGTH_MEASURE(0.02),#3001);
#1639=LINE('',#3002,#3003);
#1640=CURVE_STYLE('',#3004,POSITIVE_LENGTH_MEASURE(0.02),#3005);
#1641=LINE('',#3006,#3007);
#1642=CURVE_STYLE('',#3008,POSITIVE_LENGTH_MEASURE(0.02),#3009);
#1643=VERTEX_POINT('',#3010);
#1644=LINE('',#3011,#3012);
#1645=CURVE_STYLE('',#3013,POSITIVE_LENGTH_MEASURE(0.02),#3014);
#1646=VERTEX_POINT('',#3015);
#1647=LINE('',#3016,#3017);
#1648=CURVE_STYLE('',#3018,POSITIVE_LENGTH_MEASURE(0.02),#3019);
#1649=VERTEX_POINT('',#3020);
#1650=LINE('',#3021,#3022);
#1651=CURVE_STYLE('',#3023,POSITIVE_LENGTH_MEASURE(0.02),#3024);
#1652=LINE('',#3025,#3026);
#1653=CURVE_STYLE('',#3027,POSITIVE_LENGTH_MEASURE(0.02),#3028);
#1654=VERTEX_POINT('',#3029);
#1655=VERTEX_POINT('',#3030);
#1656=LINE('',#3031,#3032);
#1657=CURVE_STYLE('',#3033,POSITIVE_LENGTH_MEASURE(0.02),#3034);
#1658=VERTEX_POINT('',#3035);
#1659=LINE('',#3036,#3037);
#1660=CURVE_STYLE('',#3038,POSITIVE_LENGTH_MEASURE(0.02),#3039);
#1661=VERTEX_POINT('',#3040);
#1662=LINE('',#3041,#3042);
#1663=CURVE_STYLE('',#3043,POSITIVE_LENGTH_MEASURE(0.02),#3044);
#1664=LINE('',#3045,#3046);
#1665=CURVE_STYLE('',#3047,POSITIVE_LENGTH_MEASURE(0.02),#3048);
#1666=VERTEX_POINT('',#3049);
#1667=VERTEX_POINT('',#3050);
#1668=LINE('',#3051,#3052);
#1669=CURVE_STYLE('',#3053,POSITIVE_LENGTH_MEASURE(0.02),#3054);
#1670=VERTEX_POINT('',#3055);
#1671=LINE('',#3056,#3057);
#1672=CURVE_STYLE('',#3058,POSITIVE_LENGTH_MEASURE(0.02),#3059);
#1673=VERTEX_POINT('',#3060);
#1674=LINE('',#3061,#3062);
#1675=CURVE_STYLE('',#3063,POSITIVE_LENGTH_MEASURE(0.02),#3064);
#1676=LINE('',#3065,#3066);
#1677=CURVE_STYLE('',#3067,POSITIVE_LENGTH_MEASURE(0.02),#3068);
#1678=VERTEX_POINT('',#3069);
#1679=VERTEX_POINT('',#3070);
#1680=LINE('',#3071,#3072);
#1681=CURVE_STYLE('',#3073,POSITIVE_LENGTH_MEASURE(0.02),#3074);
#1682=VERTEX_POINT('',#3075);
#1683=LINE('',#3076,#3077);
#1684=CURVE_STYLE('',#3078,POSITIVE_LENGTH_MEASURE(0.02),#3079);
#1685=VERTEX_POINT('',#3080);
#1686=LINE('',#3081,#3082);
#1687=CURVE_STYLE('',#3083,POSITIVE_LENGTH_MEASURE(0.02),#3084);
#1688=LINE('',#3085,#3086);
#1689=CURVE_STYLE('',#3087,POSITIVE_LENGTH_MEASURE(0.02),#3088);
#1690=VERTEX_POINT('',#3089);
#1691=VERTEX_POINT('',#3090);
#1692=LINE('',#3091,#3092);
#1693=CURVE_STYLE('',#3093,POSITIVE_LENGTH_MEASURE(0.02),#3094);
#1694=VERTEX_POINT('',#3095);
#1695=LINE('',#3096,#3097);
#1696=CURVE_STYLE('',#3098,POSITIVE_LENGTH_MEASURE(0.02),#3099);
#1697=VERTEX_POINT('',#3100);
#1698=LINE('',#3101,#3102);
#1699=CURVE_STYLE('',#3103,POSITIVE_LENGTH_MEASURE(0.02),#3104);
#1700=LINE('',#3105,#3106);
#1701=CURVE_STYLE('',#3107,POSITIVE_LENGTH_MEASURE(0.02),#3108);
#1702=VERTEX_POINT('',#3109);
#1703=VERTEX_POINT('',#3110);
#1704=LINE('',#3111,#3112);
#1705=CURVE_STYLE('',#3113,POSITIVE_LENGTH_MEASURE(0.02),#3114);
#1706=VERTEX_POINT('',#3115);
#1707=LINE('',#3116,#3117);
#1708=CURVE_STYLE('',#3118,POSITIVE_LENGTH_MEASURE(0.02),#3119);
#1709=VERTEX_POINT('',#3120);
#1710=LINE('',#3121,#3122);
#1711=CURVE_STYLE('',#3123,POSITIVE_LENGTH_MEASURE(0.02),#3124);
#1712=LINE('',#3125,#3126);
#1713=CURVE_STYLE('',#3127,POSITIVE_LENGTH_MEASURE(0.02),#3128);
#1714=VERTEX_POINT('',#3129);
#1715=VERTEX_POINT('',#3130);
#1716=LINE('',#3131,#3132);
#1717=CURVE_STYLE('',#3133,POSITIVE_LENGTH_MEASURE(0.02),#3134);
#1718=VERTEX_POINT('',#3135);
#1719=LINE('',#3136,#3137);
#1720=CURVE_STYLE('',#3138,POSITIVE_LENGTH_MEASURE(0.02),#3139);
#1721=VERTEX_POINT('',#3140);
#1722=LINE('',#3141,#3142);
#1723=CURVE_STYLE('',#3143,POSITIVE_LENGTH_MEASURE(0.02),#3144);
#1724=VERTEX_POINT('',#3145);
#1725=LINE('',#3146,#3147);
#1726=CURVE_STYLE('',#3148,POSITIVE_LENGTH_MEASURE(0.02),#3149);
#1727=VERTEX_POINT('',#3150);
#1728=LINE('',#3151,#3152);
#1729=CURVE_STYLE('',#3153,POSITIVE_LENGTH_MEASURE(0.02),#3154);
#1730=VERTEX_POINT('',#3155);
#1731=LINE('',#3156,#3157);
#1732=CURVE_STYLE('',#3158,POSITIVE_LENGTH_MEASURE(0.02),#3159);
#1733=VERTEX_POINT('',#3160);
#1734=LINE('',#3161,#3162);
#1735=CURVE_STYLE('',#3163,POSITIVE_LENGTH_MEASURE(0.02),#3164);
#1736=VERTEX_POINT('',#3165);
#1737=LINE('',#3166,#3167);
#1738=CURVE_STYLE('',#3168,POSITIVE_LENGTH_MEASURE(0.02),#3169);
#1739=VERTEX_POINT('',#3170);
#1740=LINE('',#3171,#3172);
#1741=CURVE_STYLE('',#3173,POSITIVE_LENGTH_MEASURE(0.02),#3174);
#1742=VERTEX_POINT('',#3175);
#1743=LINE('',#3176,#3177);
#1744=CURVE_STYLE('',#3178,POSITIVE_LENGTH_MEASURE(0.02),#3179);
#1745=VERTEX_POINT('',#3180);
#1746=LINE('',#3181,#3182);
#1747=CURVE_STYLE('',#3183,POSITIVE_LENGTH_MEASURE(0.02),#3184);
#1748=LINE('',#3185,#3186);
#1749=CURVE_STYLE('',#3187,POSITIVE_LENGTH_MEASURE(0.02),#3188);
#1750=VERTEX_POINT('',#3189);
#1751=LINE('',#3190,#3191);
#1752=CURVE_STYLE('',#3192,POSITIVE_LENGTH_MEASURE(0.02),#3193);
#1753=VERTEX_POINT('',#3194);
#1754=LINE('',#3195,#3196);
#1755=CURVE_STYLE('',#3197,POSITIVE_LENGTH_MEASURE(0.02),#3198);
#1756=LINE('',#3199,#3200);
#1757=CURVE_STYLE('',#3201,POSITIVE_LENGTH_MEASURE(0.02),#3202);
#1758=VERTEX_POINT('',#3203);
#1759=VERTEX_POINT('',#3204);
#1760=LINE('',#3205,#3206);
#1761=CURVE_STYLE('',#3207,POSITIVE_LENGTH_MEASURE(0.02),#3208);
#1762=VERTEX_POINT('',#3209);
#1763=LINE('',#3210,#3211);
#1764=CURVE_STYLE('',#3212,POSITIVE_LENGTH_MEASURE(0.02),#3213);
#1765=VERTEX_POINT('',#3214);
#1766=LINE('',#3215,#3216);
#1767=CURVE_STYLE('',#3217,POSITIVE_LENGTH_MEASURE(0.02),#3218);
#1768=VERTEX_POINT('',#3219);
#1769=LINE('',#3220,#3221);
#1770=CURVE_STYLE('',#3222,POSITIVE_LENGTH_MEASURE(0.02),#3223);
#1771=VERTEX_POINT('',#3224);
#1772=LINE('',#3225,#3226);
#1773=CURVE_STYLE('',#3227,POSITIVE_LENGTH_MEASURE(0.02),#3228);
#1774=VERTEX_POINT('',#3229);
#1775=LINE('',#3230,#3231);
#1776=CURVE_STYLE('',#3232,POSITIVE_LENGTH_MEASURE(0.02),#3233);
#1777=VERTEX_POINT('',#3234);
#1778=LINE('',#3235,#3236);
#1779=CURVE_STYLE('',#3237,POSITIVE_LENGTH_MEASURE(0.02),#3238);
#1780=VERTEX_POINT('',#3239);
#1781=LINE('',#3240,#3241);
#1782=CURVE_STYLE('',#3242,POSITIVE_LENGTH_MEASURE(0.02),#3243);
#1783=VERTEX_POINT('',#3244);
#1784=LINE('',#3245,#3246);
#1785=CURVE_STYLE('',#3247,POSITIVE_LENGTH_MEASURE(0.02),#3248);
#1786=VERTEX_POINT('',#3249);
#1787=LINE('',#3250,#3251);
#1788=CURVE_STYLE('',#3252,POSITIVE_LENGTH_MEASURE(0.02),#3253);
#1789=VERTEX_POINT('',#3254);
#1790=LINE('',#3255,#3256);
#1791=CURVE_STYLE('',#3257,POSITIVE_LENGTH_MEASURE(0.02),#3258);
#1792=VERTEX_POINT('',#3259);
#1793=LINE('',#3260,#3261);
#1794=CURVE_STYLE('',#3262,POSITIVE_LENGTH_MEASURE(0.02),#3263);
#1795=VERTEX_POINT('',#3264);
#1796=LINE('',#3265,#3266);
#1797=CURVE_STYLE('',#3267,POSITIVE_LENGTH_MEASURE(0.02),#3268);
#1798=VERTEX_POINT('',#3269);
#1799=LINE('',#3270,#3271);
#1800=CURVE_STYLE('',#3272,POSITIVE_LENGTH_MEASURE(0.02),#3273);
#1801=LINE('',#3274,#3275);
#1802=CURVE_STYLE('',#3276,POSITIVE_LENGTH_MEASURE(0.02),#3277);
#1803=VERTEX_POINT('',#3278);
#1804=LINE('',#3279,#3280);
#1805=CURVE_STYLE('',#3281,POSITIVE_LENGTH_MEASURE(0.02),#3282);
#1806=VERTEX_POINT('',#3283);
#1807=LINE('',#3284,#3285);
#1808=CURVE_STYLE('',#3286,POSITIVE_LENGTH_MEASURE(0.02),#3287);
#1809=VERTEX_POINT('',#3288);
#1810=LINE('',#3289,#3290);
#1811=CURVE_STYLE('',#3291,POSITIVE_LENGTH_MEASURE(0.02),#3292);
#1812=LINE('',#3293,#3294);
#1813=CURVE_STYLE('',#3295,POSITIVE_LENGTH_MEASURE(0.02),#3296);
#1814=VERTEX_POINT('',#3297);
#1815=LINE('',#3298,#3299);
#1816=CURVE_STYLE('',#3300,POSITIVE_LENGTH_MEASURE(0.02),#3301);
#1817=VERTEX_POINT('',#3302);
#1818=LINE('',#3303,#3304);
#1819=CURVE_STYLE('',#3305,POSITIVE_LENGTH_MEASURE(0.02),#3306);
#1820=LINE('',#3307,#3308);
#1821=CURVE_STYLE('',#3309,POSITIVE_LENGTH_MEASURE(0.02),#3310);
#1822=VERTEX_POINT('',#3311);
#1823=LINE('',#3312,#3313);
#1824=CURVE_STYLE('',#3314,POSITIVE_LENGTH_MEASURE(0.02),#3315);
#1825=VERTEX_POINT('',#3316);
#1826=LINE('',#3317,#3318);
#1827=CURVE_STYLE('',#3319,POSITIVE_LENGTH_MEASURE(0.02),#3320);
#1828=VERTEX_POINT('',#3321);
#1829=LINE('',#3322,#3323);
#1830=CURVE_STYLE('',#3324,POSITIVE_LENGTH_MEASURE(0.02),#3325);
#1831=VERTEX_POINT('',#3326);
#1832=LINE('',#3327,#3328);
#1833=CURVE_STYLE('',#3329,POSITIVE_LENGTH_MEASURE(0.02),#3330);
#1834=VERTEX_POINT('',#3331);
#1835=LINE('',#3332,#3333);
#1836=CURVE_STYLE('',#3334,POSITIVE_LENGTH_MEASURE(0.02),#3335);
#1837=VERTEX_POINT('',#3336);
#1838=LINE('',#3337,#3338);
#1839=CURVE_STYLE('',#3339,POSITIVE_LENGTH_MEASURE(0.02),#3340);
#1840=VERTEX_POINT('',#3341);
#1841=LINE('',#3342,#3343);
#1842=CURVE_STYLE('',#3344,POSITIVE_LENGTH_MEASURE(0.02),#3345);
#1843=VERTEX_POINT('',#3346);
#1844=LINE('',#3347,#3348);
#1845=CURVE_STYLE('',#3349,POSITIVE_LENGTH_MEASURE(0.02),#3350);
#1846=VERTEX_POINT('',#3351);
#1847=LINE('',#3352,#3353);
#1848=CURVE_STYLE('',#3354,POSITIVE_LENGTH_MEASURE(0.02),#3355);
#1849=VERTEX_POINT('',#3356);
#1850=LINE('',#3357,#3358);
#1851=CURVE_STYLE('',#3359,POSITIVE_LENGTH_MEASURE(0.02),#3360);
#1852=LINE('',#3361,#3362);
#1853=CURVE_STYLE('',#3363,POSITIVE_LENGTH_MEASURE(0.02),#3364);
#1854=VERTEX_POINT('',#3365);
#1855=LINE('',#3366,#3367);
#1856=CURVE_STYLE('',#3368,POSITIVE_LENGTH_MEASURE(0.02),#3369);
#1857=VERTEX_POINT('',#3370);
#1858=LINE('',#3371,#3372);
#1859=CURVE_STYLE('',#3373,POSITIVE_LENGTH_MEASURE(0.02),#3374);
#1860=LINE('',#3375,#3376);
#1861=CURVE_STYLE('',#3377,POSITIVE_LENGTH_MEASURE(0.02),#3378);
#1862=VERTEX_POINT('',#3379);
#1863=LINE('',#3380,#3381);
#1864=CURVE_STYLE('',#3382,POSITIVE_LENGTH_MEASURE(0.02),#3383);
#1865=LINE('',#3384,#3385);
#1866=CURVE_STYLE('',#3386,POSITIVE_LENGTH_MEASURE(0.02),#3387);
#1867=VERTEX_POINT('',#3388);
#1868=LINE('',#3389,#3390);
#1869=CURVE_STYLE('',#3391,POSITIVE_LENGTH_MEASURE(0.02),#3392);
#1870=VERTEX_POINT('',#3393);
#1871=LINE('',#3394,#3395);
#1872=CURVE_STYLE('',#3396,POSITIVE_LENGTH_MEASURE(0.02),#3397);
#1873=VERTEX_POINT('',#3398);
#1874=LINE('',#3399,#3400);
#1875=CURVE_STYLE('',#3401,POSITIVE_LENGTH_MEASURE(0.02),#3402);
#1876=VERTEX_POINT('',#3403);
#1877=LINE('',#3404,#3405);
#1878=CURVE_STYLE('',#3406,POSITIVE_LENGTH_MEASURE(0.02),#3407);
#1879=VERTEX_POINT('',#3408);
#1880=LINE('',#3409,#3410);
#1881=CURVE_STYLE('',#3411,POSITIVE_LENGTH_MEASURE(0.02),#3412);
#1882=VERTEX_POINT('',#3413);
#1883=LINE('',#3414,#3415);
#1884=CURVE_STYLE('',#3416,POSITIVE_LENGTH_MEASURE(0.02),#3417);
#1885=VERTEX_POINT('',#3418);
#1886=LINE('',#3419,#3420);
#1887=CURVE_STYLE('',#3421,POSITIVE_LENGTH_MEASURE(0.02),#3422);
#1888=VERTEX_POINT('',#3423);
#1889=LINE('',#3424,#3425);
#1890=CURVE_STYLE('',#3426,POSITIVE_LENGTH_MEASURE(0.02),#3427);
#1891=VERTEX_POINT('',#3428);
#1892=LINE('',#3429,#3430);
#1893=CURVE_STYLE('',#3431,POSITIVE_LENGTH_MEASURE(0.02),#3432);
#1894=LINE('',#3433,#3434);
#1895=CURVE_STYLE('',#3435,POSITIVE_LENGTH_MEASURE(0.02),#3436);
#1896=VERTEX_POINT('',#3437);
#1897=LINE('',#3438,#3439);
#1898=CURVE_STYLE('',#3440,POSITIVE_LENGTH_MEASURE(0.02),#3441);
#1899=VERTEX_POINT('',#3442);
#1900=LINE('',#3443,#3444);
#1901=CURVE_STYLE('',#3445,POSITIVE_LENGTH_MEASURE(0.02),#3446);
#1902=LINE('',#3447,#3448);
#1903=CURVE_STYLE('',#3449,POSITIVE_LENGTH_MEASURE(0.02),#3450);
#1904=VERTEX_POINT('',#3451);
#1905=VERTEX_POINT('',#3452);
#1906=LINE('',#3453,#3454);
#1907=CURVE_STYLE('',#3455,POSITIVE_LENGTH_MEASURE(0.02),#3456);
#1908=LINE('',#3457,#3458);
#1909=CURVE_STYLE('',#3459,POSITIVE_LENGTH_MEASURE(0.02),#3460);
#1910=LINE('',#3461,#3462);
#1911=CURVE_STYLE('',#3463,POSITIVE_LENGTH_MEASURE(0.02),#3464);
#1912=VERTEX_POINT('',#3465);
#1913=VERTEX_POINT('',#3466);
#1914=LINE('',#3467,#3468);
#1915=CURVE_STYLE('',#3469,POSITIVE_LENGTH_MEASURE(0.02),#3470);
#1916=LINE('',#3471,#3472);
#1917=CURVE_STYLE('',#3473,POSITIVE_LENGTH_MEASURE(0.02),#3474);
#1918=VERTEX_POINT('',#3475);
#1919=LINE('',#3476,#3477);
#1920=CURVE_STYLE('',#3478,POSITIVE_LENGTH_MEASURE(0.02),#3479);
#1921=LINE('',#3480,#3481);
#1922=CURVE_STYLE('',#3482,POSITIVE_LENGTH_MEASURE(0.02),#3483);
#1923=LINE('',#3484,#3485);
#1924=CURVE_STYLE('',#3486,POSITIVE_LENGTH_MEASURE(0.02),#3487);
#1925=VERTEX_POINT('',#3488);
#1926=VERTEX_POINT('',#3489);
#1927=LINE('',#3490,#3491);
#1928=CURVE_STYLE('',#3492,POSITIVE_LENGTH_MEASURE(0.02),#3493);
#1929=LINE('',#3494,#3495);
#1930=CURVE_STYLE('',#3496,POSITIVE_LENGTH_MEASURE(0.02),#3497);
#1931=LINE('',#3498,#3499);
#1932=CURVE_STYLE('',#3500,POSITIVE_LENGTH_MEASURE(0.02),#3501);
#1933=VERTEX_POINT('',#3502);
#1934=VERTEX_POINT('',#3503);
#1935=LINE('',#3504,#3505);
#1936=CURVE_STYLE('',#3506,POSITIVE_LENGTH_MEASURE(0.02),#3507);
#1937=LINE('',#3508,#3509);
#1938=CURVE_STYLE('',#3510,POSITIVE_LENGTH_MEASURE(0.02),#3511);
#1939=LINE('',#3512,#3513);
#1940=CURVE_STYLE('',#3514,POSITIVE_LENGTH_MEASURE(0.02),#3515);
#1941=VERTEX_POINT('',#3516);
#1942=LINE('',#3517,#3518);
#1943=CURVE_STYLE('',#3519,POSITIVE_LENGTH_MEASURE(0.02),#3520);
#1944=LINE('',#3521,#3522);
#1945=CURVE_STYLE('',#3523,POSITIVE_LENGTH_MEASURE(0.02),#3524);
#1946=VERTEX_POINT('',#3525);
#1947=LINE('',#3526,#3527);
#1948=CURVE_STYLE('',#3528,POSITIVE_LENGTH_MEASURE(0.02),#3529);
#1949=LINE('',#3530,#3531);
#1950=CURVE_STYLE('',#3532,POSITIVE_LENGTH_MEASURE(0.02),#3533);
#1951=VERTEX_POINT('',#3534);
#1952=LINE('',#3535,#3536);
#1953=CURVE_STYLE('',#3537,POSITIVE_LENGTH_MEASURE(0.02),#3538);
#1954=VERTEX_POINT('',#3539);
#1955=LINE('',#3540,#3541);
#1956=CURVE_STYLE('',#3542,POSITIVE_LENGTH_MEASURE(0.02),#3543);
#1957=LINE('',#3544,#3545);
#1958=CURVE_STYLE('',#3546,POSITIVE_LENGTH_MEASURE(0.02),#3547);
#1959=VERTEX_POINT('',#3548);
#1960=LINE('',#3549,#3550);
#1961=CURVE_STYLE('',#3551,POSITIVE_LENGTH_MEASURE(0.02),#3552);
#1962=VERTEX_POINT('',#3553);
#1963=LINE('',#3554,#3555);
#1964=CURVE_STYLE('',#3556,POSITIVE_LENGTH_MEASURE(0.02),#3557);
#1965=VERTEX_POINT('',#3558);
#1966=LINE('',#3559,#3560);
#1967=CURVE_STYLE('',#3561,POSITIVE_LENGTH_MEASURE(0.02),#3562);
#1968=VERTEX_POINT('',#3563);
#1969=LINE('',#3564,#3565);
#1970=CURVE_STYLE('',#3566,POSITIVE_LENGTH_MEASURE(0.02),#3567);
#1971=VERTEX_POINT('',#3568);
#1972=LINE('',#3569,#3570);
#1973=CURVE_STYLE('',#3571,POSITIVE_LENGTH_MEASURE(0.02),#3572);
#1974=VERTEX_POINT('',#3573);
#1975=LINE('',#3574,#3575);
#1976=CURVE_STYLE('',#3576,POSITIVE_LENGTH_MEASURE(0.02),#3577);
#1977=VERTEX_POINT('',#3578);
#1978=LINE('',#3579,#3580);
#1979=CURVE_STYLE('',#3581,POSITIVE_LENGTH_MEASURE(0.02),#3582);
#1980=VERTEX_POINT('',#3583);
#1981=LINE('',#3584,#3585);
#1982=CURVE_STYLE('',#3586,POSITIVE_LENGTH_MEASURE(0.02),#3587);
#1983=VERTEX_POINT('',#3588);
#1984=LINE('',#3589,#3590);
#1985=CURVE_STYLE('',#3591,POSITIVE_LENGTH_MEASURE(0.02),#3592);
#1986=LINE('',#3593,#3594);
#1987=CURVE_STYLE('',#3595,POSITIVE_LENGTH_MEASURE(0.02),#3596);
#1988=VERTEX_POINT('',#3597);
#1989=LINE('',#3598,#3599);
#1990=CURVE_STYLE('',#3600,POSITIVE_LENGTH_MEASURE(0.02),#3601);
#1991=VERTEX_POINT('',#3602);
#1992=LINE('',#3603,#3604);
#1993=CURVE_STYLE('',#3605,POSITIVE_LENGTH_MEASURE(0.02),#3606);
#1994=LINE('',#3607,#3608);
#1995=CURVE_STYLE('',#3609,POSITIVE_LENGTH_MEASURE(0.02),#3610);
#1996=LINE('',#3611,#3612);
#1997=CURVE_STYLE('',#3613,POSITIVE_LENGTH_MEASURE(0.02),#3614);
#1998=LINE('',#3615,#3616);
#1999=CURVE_STYLE('',#3617,POSITIVE_LENGTH_MEASURE(0.02),#3618);
#2000=LINE('',#3619,#3620);
#2001=CURVE_STYLE('',#3621,POSITIVE_LENGTH_MEASURE(0.02),#3622);
#2002=LINE('',#3623,#3624);
#2003=CURVE_STYLE('',#3625,POSITIVE_LENGTH_MEASURE(0.02),#3626);
#2004=LINE('',#3627,#3628);
#2005=CURVE_STYLE('',#3629,POSITIVE_LENGTH_MEASURE(0.02),#3630);
#2006=LINE('',#3631,#3632);
#2007=CURVE_STYLE('',#3633,POSITIVE_LENGTH_MEASURE(0.02),#3634);
#2008=LINE('',#3635,#3636);
#2009=CURVE_STYLE('',#3637,POSITIVE_LENGTH_MEASURE(0.02),#3638);
#2010=LINE('',#3639,#3640);
#2011=CURVE_STYLE('',#3641,POSITIVE_LENGTH_MEASURE(0.02),#3642);
#2012=LINE('',#3643,#3644);
#2013=CURVE_STYLE('',#3645,POSITIVE_LENGTH_MEASURE(0.02),#3646);
#2014=LINE('',#3647,#3648);
#2015=CURVE_STYLE('',#3649,POSITIVE_LENGTH_MEASURE(0.02),#3650);
#2016=LINE('',#3651,#3652);
#2017=CURVE_STYLE('',#3653,POSITIVE_LENGTH_MEASURE(0.02),#3654);
#2018=LINE('',#3655,#3656);
#2019=CURVE_STYLE('',#3657,POSITIVE_LENGTH_MEASURE(0.02),#3658);
#2020=LINE('',#3659,#3660);
#2021=CURVE_STYLE('',#3661,POSITIVE_LENGTH_MEASURE(0.02),#3662);
#2022=LINE('',#3663,#3664);
#2023=CURVE_STYLE('',#3665,POSITIVE_LENGTH_MEASURE(0.02),#3666);
#2024=LINE('',#3667,#3668);
#2025=CURVE_STYLE('',#3669,POSITIVE_LENGTH_MEASURE(0.02),#3670);
#2026=LINE('',#3671,#3672);
#2027=CURVE_STYLE('',#3673,POSITIVE_LENGTH_MEASURE(0.02),#3674);
#2028=LINE('',#3675,#3676);
#2029=CURVE_STYLE('',#3677,POSITIVE_LENGTH_MEASURE(0.02),#3678);
#2030=LINE('',#3679,#3680);
#2031=CURVE_STYLE('',#3681,POSITIVE_LENGTH_MEASURE(0.02),#3682);
#2032=LINE('',#3683,#3684);
#2033=CURVE_STYLE('',#3685,POSITIVE_LENGTH_MEASURE(0.02),#3686);
#2034=LINE('',#3687,#3688);
#2035=CURVE_STYLE('',#3689,POSITIVE_LENGTH_MEASURE(0.02),#3690);
#2036=LINE('',#3691,#3692);
#2037=CURVE_STYLE('',#3693,POSITIVE_LENGTH_MEASURE(0.02),#3694);
#2038=LINE('',#3695,#3696);
#2039=CURVE_STYLE('',#3697,POSITIVE_LENGTH_MEASURE(0.02),#3698);
#2040=LINE('',#3699,#3700);
#2041=CURVE_STYLE('',#3701,POSITIVE_LENGTH_MEASURE(0.02),#3702);
#2042=LINE('',#3703,#3704);
#2043=CURVE_STYLE('',#3705,POSITIVE_LENGTH_MEASURE(0.02),#3706);
#2044=LINE('',#3707,#3708);
#2045=CURVE_STYLE('',#3709,POSITIVE_LENGTH_MEASURE(0.02),#3710);
#2046=LINE('',#3711,#3712);
#2047=CURVE_STYLE('',#3713,POSITIVE_LENGTH_MEASURE(0.02),#3714);
#2048=LINE('',#3715,#3716);
#2049=CURVE_STYLE('',#3717,POSITIVE_LENGTH_MEASURE(0.02),#3718);
#2050=LINE('',#3719,#3720);
#2051=CURVE_STYLE('',#3721,POSITIVE_LENGTH_MEASURE(0.02),#3722);
#2052=VERTEX_POINT('',#3723);
#2053=LINE('',#3724,#3725);
#2054=CURVE_STYLE('',#3726,POSITIVE_LENGTH_MEASURE(0.02),#3727);
#2055=LINE('',#3728,#3729);
#2056=CURVE_STYLE('',#3730,POSITIVE_LENGTH_MEASURE(0.02),#3731);
#2057=LINE('',#3732,#3733);
#2058=CURVE_STYLE('',#3734,POSITIVE_LENGTH_MEASURE(0.02),#3735);
#2059=VERTEX_POINT('',#3736);
#2060=LINE('',#3737,#3738);
#2061=CURVE_STYLE('',#3739,POSITIVE_LENGTH_MEASURE(0.02),#3740);
#2062=VERTEX_POINT('',#3741);
#2063=LINE('',#3742,#3743);
#2064=CURVE_STYLE('',#3744,POSITIVE_LENGTH_MEASURE(0.02),#3745);
#2065=LINE('',#3746,#3747);
#2066=CURVE_STYLE('',#3748,POSITIVE_LENGTH_MEASURE(0.02),#3749);
#2067=VERTEX_POINT('',#3750);
#2068=LINE('',#3751,#3752);
#2069=CURVE_STYLE('',#3753,POSITIVE_LENGTH_MEASURE(0.02),#3754);
#2070=VERTEX_POINT('',#3755);
#2071=LINE('',#3756,#3757);
#2072=CURVE_STYLE('',#3758,POSITIVE_LENGTH_MEASURE(0.02),#3759);
#2073=VERTEX_POINT('',#3760);
#2074=LINE('',#3761,#3762);
#2075=CURVE_STYLE('',#3763,POSITIVE_LENGTH_MEASURE(0.02),#3764);
#2076=VERTEX_POINT('',#3765);
#2077=LINE('',#3766,#3767);
#2078=CURVE_STYLE('',#3768,POSITIVE_LENGTH_MEASURE(0.02),#3769);
#2079=VERTEX_POINT('',#3770);
#2080=LINE('',#3771,#3772);
#2081=CURVE_STYLE('',#3773,POSITIVE_LENGTH_MEASURE(0.02),#3774);
#2082=VERTEX_POINT('',#3775);
#2083=LINE('',#3776,#3777);
#2084=CURVE_STYLE('',#3778,POSITIVE_LENGTH_MEASURE(0.02),#3779);
#2085=VERTEX_POINT('',#3780);
#2086=LINE('',#3781,#3782);
#2087=CURVE_STYLE('',#3783,POSITIVE_LENGTH_MEASURE(0.02),#3784);
#2088=VERTEX_POINT('',#3785);
#2089=LINE('',#3786,#3787);
#2090=CURVE_STYLE('',#3788,POSITIVE_LENGTH_MEASURE(0.02),#3789);
#2091=LINE('',#3790,#3791);
#2092=CURVE_STYLE('',#3792,POSITIVE_LENGTH_MEASURE(0.02),#3793);
#2093=VERTEX_POINT('',#3794);
#2094=LINE('',#3795,#3796);
#2095=CURVE_STYLE('',#3797,POSITIVE_LENGTH_MEASURE(0.02),#3798);
#2096=VERTEX_POINT('',#3799);
#2097=LINE('',#3800,#3801);
#2098=CURVE_STYLE('',#3802,POSITIVE_LENGTH_MEASURE(0.02),#3803);
#2099=LINE('',#3804,#3805);
#2100=CURVE_STYLE('',#3806,POSITIVE_LENGTH_MEASURE(0.02),#3807);
#2101=VERTEX_POINT('',#3808);
#2102=LINE('',#3809,#3810);
#2103=CURVE_STYLE('',#3811,POSITIVE_LENGTH_MEASURE(0.02),#3812);
#2104=LINE('',#3813,#3814);
#2105=CURVE_STYLE('',#3815,POSITIVE_LENGTH_MEASURE(0.02),#3816);
#2106=VERTEX_POINT('',#3817);
#2107=LINE('',#3818,#3819);
#2108=CURVE_STYLE('',#3820,POSITIVE_LENGTH_MEASURE(0.02),#3821);
#2109=VERTEX_POINT('',#3822);
#2110=LINE('',#3823,#3824);
#2111=CURVE_STYLE('',#3825,POSITIVE_LENGTH_MEASURE(0.02),#3826);
#2112=VERTEX_POINT('',#3827);
#2113=LINE('',#3828,#3829);
#2114=CURVE_STYLE('',#3830,POSITIVE_LENGTH_MEASURE(0.02),#3831);
#2115=VERTEX_POINT('',#3832);
#2116=LINE('',#3833,#3834);
#2117=CURVE_STYLE('',#3835,POSITIVE_LENGTH_MEASURE(0.02),#3836);
#2118=VERTEX_POINT('',#3837);
#2119=LINE('',#3838,#3839);
#2120=CURVE_STYLE('',#3840,POSITIVE_LENGTH_MEASURE(0.02),#3841);
#2121=VERTEX_POINT('',#3842);
#2122=LINE('',#3843,#3844);
#2123=CURVE_STYLE('',#3845,POSITIVE_LENGTH_MEASURE(0.02),#3846);
#2124=VERTEX_POINT('',#3847);
#2125=LINE('',#3848,#3849);
#2126=CURVE_STYLE('',#3850,POSITIVE_LENGTH_MEASURE(0.02),#3851);
#2127=LINE('',#3852,#3853);
#2128=CURVE_STYLE('',#3854,POSITIVE_LENGTH_MEASURE(0.02),#3855);
#2129=VERTEX_POINT('',#3856);
#2130=LINE('',#3857,#3858);
#2131=CURVE_STYLE('',#3859,POSITIVE_LENGTH_MEASURE(0.02),#3860);
#2132=VERTEX_POINT('',#3861);
#2133=LINE('',#3862,#3863);
#2134=CURVE_STYLE('',#3864,POSITIVE_LENGTH_MEASURE(0.02),#3865);
#2135=LINE('',#3866,#3867);
#2136=CURVE_STYLE('',#3868,POSITIVE_LENGTH_MEASURE(0.02),#3869);
#2137=LINE('',#3870,#3871);
#2138=CURVE_STYLE('',#3872,POSITIVE_LENGTH_MEASURE(0.02),#3873);
#2139=LINE('',#3874,#3875);
#2140=CURVE_STYLE('',#3876,POSITIVE_LENGTH_MEASURE(0.02),#3877);
#2141=LINE('',#3878,#3879);
#2142=CURVE_STYLE('',#3880,POSITIVE_LENGTH_MEASURE(0.02),#3881);
#2143=LINE('',#3882,#3883);
#2144=CURVE_STYLE('',#3884,POSITIVE_LENGTH_MEASURE(0.02),#3885);
#2145=LINE('',#3886,#3887);
#2146=CURVE_STYLE('',#3888,POSITIVE_LENGTH_MEASURE(0.02),#3889);
#2147=LINE('',#3890,#3891);
#2148=CURVE_STYLE('',#3892,POSITIVE_LENGTH_MEASURE(0.02),#3893);
#2149=LINE('',#3894,#3895);
#2150=CURVE_STYLE('',#3896,POSITIVE_LENGTH_MEASURE(0.02),#3897);
#2151=LINE('',#3898,#3899);
#2152=CURVE_STYLE('',#3900,POSITIVE_LENGTH_MEASURE(0.02),#3901);
#2153=LINE('',#3902,#3903);
#2154=CURVE_STYLE('',#3904,POSITIVE_LENGTH_MEASURE(0.02),#3905);
#2155=VERTEX_POINT('',#3906);
#2156=LINE('',#3907,#3908);
#2157=CURVE_STYLE('',#3909,POSITIVE_LENGTH_MEASURE(0.02),#3910);
#2158=VERTEX_POINT('',#3911);
#2159=LINE('',#3912,#3913);
#2160=CURVE_STYLE('',#3914,POSITIVE_LENGTH_MEASURE(0.02),#3915);
#2161=LINE('',#3916,#3917);
#2162=CURVE_STYLE('',#3918,POSITIVE_LENGTH_MEASURE(0.02),#3919);
#2163=VERTEX_POINT('',#3920);
#2164=LINE('',#3921,#3922);
#2165=CURVE_STYLE('',#3923,POSITIVE_LENGTH_MEASURE(0.02),#3924);
#2166=VERTEX_POINT('',#3925);
#2167=LINE('',#3926,#3927);
#2168=CURVE_STYLE('',#3928,POSITIVE_LENGTH_MEASURE(0.02),#3929);
#2169=VERTEX_POINT('',#3930);
#2170=LINE('',#3931,#3932);
#2171=CURVE_STYLE('',#3933,POSITIVE_LENGTH_MEASURE(0.02),#3934);
#2172=VERTEX_POINT('',#3935);
#2173=LINE('',#3936,#3937);
#2174=CURVE_STYLE('',#3938,POSITIVE_LENGTH_MEASURE(0.02),#3939);
#2175=VERTEX_POINT('',#3940);
#2176=LINE('',#3941,#3942);
#2177=CURVE_STYLE('',#3943,POSITIVE_LENGTH_MEASURE(0.02),#3944);
#2178=VERTEX_POINT('',#3945);
#2179=LINE('',#3946,#3947);
#2180=CURVE_STYLE('',#3948,POSITIVE_LENGTH_MEASURE(0.02),#3949);
#2181=VERTEX_POINT('',#3950);
#2182=LINE('',#3951,#3952);
#2183=CURVE_STYLE('',#3953,POSITIVE_LENGTH_MEASURE(0.02),#3954);
#2184=VERTEX_POINT('',#3955);
#2185=LINE('',#3956,#3957);
#2186=CURVE_STYLE('',#3958,POSITIVE_LENGTH_MEASURE(0.02),#3959);
#2187=LINE('',#3960,#3961);
#2188=CURVE_STYLE('',#3962,POSITIVE_LENGTH_MEASURE(0.02),#3963);
#2189=VERTEX_POINT('',#3964);
#2190=LINE('',#3965,#3966);
#2191=CURVE_STYLE('',#3967,POSITIVE_LENGTH_MEASURE(0.02),#3968);
#2192=VERTEX_POINT('',#3969);
#2193=LINE('',#3970,#3971);
#2194=CURVE_STYLE('',#3972,POSITIVE_LENGTH_MEASURE(0.02),#3973);
#2195=LINE('',#3974,#3975);
#2196=CURVE_STYLE('',#3976,POSITIVE_LENGTH_MEASURE(0.02),#3977);
#2197=VERTEX_POINT('',#3978);
#2198=LINE('',#3979,#3980);
#2199=CURVE_STYLE('',#3981,POSITIVE_LENGTH_MEASURE(0.02),#3982);
#2200=LINE('',#3983,#3984);
#2201=CURVE_STYLE('',#3985,POSITIVE_LENGTH_MEASURE(0.02),#3986);
#2202=VERTEX_POINT('',#3987);
#2203=LINE('',#3988,#3989);
#2204=CURVE_STYLE('',#3990,POSITIVE_LENGTH_MEASURE(0.02),#3991);
#2205=VERTEX_POINT('',#3992);
#2206=LINE('',#3993,#3994);
#2207=CURVE_STYLE('',#3995,POSITIVE_LENGTH_MEASURE(0.02),#3996);
#2208=VERTEX_POINT('',#3997);
#2209=LINE('',#3998,#3999);
#2210=CURVE_STYLE('',#4000,POSITIVE_LENGTH_MEASURE(0.02),#4001);
#2211=VERTEX_POINT('',#4002);
#2212=LINE('',#4003,#4004);
#2213=CURVE_STYLE('',#4005,POSITIVE_LENGTH_MEASURE(0.02),#4006);
#2214=VERTEX_POINT('',#4007);
#2215=LINE('',#4008,#4009);
#2216=CURVE_STYLE('',#4010,POSITIVE_LENGTH_MEASURE(0.02),#4011);
#2217=VERTEX_POINT('',#4012);
#2218=LINE('',#4013,#4014);
#2219=CURVE_STYLE('',#4015,POSITIVE_LENGTH_MEASURE(0.02),#4016);
#2220=VERTEX_POINT('',#4017);
#2221=LINE('',#4018,#4019);
#2222=CURVE_STYLE('',#4020,POSITIVE_LENGTH_MEASURE(0.02),#4021);
#2223=LINE('',#4022,#4023);
#2224=CURVE_STYLE('',#4024,POSITIVE_LENGTH_MEASURE(0.02),#4025);
#2225=VERTEX_POINT('',#4026);
#2226=LINE('',#4027,#4028);
#2227=CURVE_STYLE('',#4029,POSITIVE_LENGTH_MEASURE(0.02),#4030);
#2228=VERTEX_POINT('',#4031);
#2229=LINE('',#4032,#4033);
#2230=CURVE_STYLE('',#4034,POSITIVE_LENGTH_MEASURE(0.02),#4035);
#2231=LINE('',#4036,#4037);
#2232=CURVE_STYLE('',#4038,POSITIVE_LENGTH_MEASURE(0.02),#4039);
#2233=LINE('',#4040,#4041);
#2234=CURVE_STYLE('',#4042,POSITIVE_LENGTH_MEASURE(0.02),#4043);
#2235=LINE('',#4044,#4045);
#2236=CURVE_STYLE('',#4046,POSITIVE_LENGTH_MEASURE(0.02),#4047);
#2237=LINE('',#4048,#4049);
#2238=CURVE_STYLE('',#4050,POSITIVE_LENGTH_MEASURE(0.02),#4051);
#2239=LINE('',#4052,#4053);
#2240=CURVE_STYLE('',#4054,POSITIVE_LENGTH_MEASURE(0.02),#4055);
#2241=LINE('',#4056,#4057);
#2242=CURVE_STYLE('',#4058,POSITIVE_LENGTH_MEASURE(0.02),#4059);
#2243=LINE('',#4060,#4061);
#2244=CURVE_STYLE('',#4062,POSITIVE_LENGTH_MEASURE(0.02),#4063);
#2245=LINE('',#4064,#4065);
#2246=CURVE_STYLE('',#4066,POSITIVE_LENGTH_MEASURE(0.02),#4067);
#2247=LINE('',#4068,#4069);
#2248=CURVE_STYLE('',#4070,POSITIVE_LENGTH_MEASURE(0.02),#4071);
#2249=LINE('',#4072,#4073);
#2250=CURVE_STYLE('',#4074,POSITIVE_LENGTH_MEASURE(0.02),#4075);
#2251=LINE('',#4076,#4077);
#2252=CURVE_STYLE('',#4078,POSITIVE_LENGTH_MEASURE(0.02),#4079);
#2253=LINE('',#4080,#4081);
#2254=CURVE_STYLE('',#4082,POSITIVE_LENGTH_MEASURE(0.02),#4083);
#2255=LINE('',#4084,#4085);
#2256=CURVE_STYLE('',#4086,POSITIVE_LENGTH_MEASURE(0.02),#4087);
#2257=LINE('',#4088,#4089);
#2258=CURVE_STYLE('',#4090,POSITIVE_LENGTH_MEASURE(0.02),#4091);
#2259=VERTEX_POINT('',#4092);
#2260=LINE('',#4093,#4094);
#2261=CURVE_STYLE('',#4095,POSITIVE_LENGTH_MEASURE(0.02),#4096);
#2262=VERTEX_POINT('',#4097);
#2263=LINE('',#4098,#4099);
#2264=CURVE_STYLE('',#4100,POSITIVE_LENGTH_MEASURE(0.02),#4101);
#2265=LINE('',#4102,#4103);
#2266=CURVE_STYLE('',#4104,POSITIVE_LENGTH_MEASURE(0.02),#4105);
#2267=VERTEX_POINT('',#4106);
#2268=LINE('',#4107,#4108);
#2269=CURVE_STYLE('',#4109,POSITIVE_LENGTH_MEASURE(0.02),#4110);
#2270=VERTEX_POINT('',#4111);
#2271=LINE('',#4112,#4113);
#2272=CURVE_STYLE('',#4114,POSITIVE_LENGTH_MEASURE(0.02),#4115);
#2273=VERTEX_POINT('',#4116);
#2274=LINE('',#4117,#4118);
#2275=CURVE_STYLE('',#4119,POSITIVE_LENGTH_MEASURE(0.02),#4120);
#2276=VERTEX_POINT('',#4121);
#2277=LINE('',#4122,#4123);
#2278=CURVE_STYLE('',#4124,POSITIVE_LENGTH_MEASURE(0.02),#4125);
#2279=VERTEX_POINT('',#4126);
#2280=LINE('',#4127,#4128);
#2281=CURVE_STYLE('',#4129,POSITIVE_LENGTH_MEASURE(0.02),#4130);
#2282=VERTEX_POINT('',#4131);
#2283=LINE('',#4132,#4133);
#2284=CURVE_STYLE('',#4134,POSITIVE_LENGTH_MEASURE(0.02),#4135);
#2285=VERTEX_POINT('',#4136);
#2286=LINE('',#4137,#4138);
#2287=CURVE_STYLE('',#4139,POSITIVE_LENGTH_MEASURE(0.02),#4140);
#2288=VERTEX_POINT('',#4141);
#2289=LINE('',#4142,#4143);
#2290=CURVE_STYLE('',#4144,POSITIVE_LENGTH_MEASURE(0.02),#4145);
#2291=LINE('',#4146,#4147);
#2292=CURVE_STYLE('',#4148,POSITIVE_LENGTH_MEASURE(0.02),#4149);
#2293=VERTEX_POINT('',#4150);
#2294=LINE('',#4151,#4152);
#2295=CURVE_STYLE('',#4153,POSITIVE_LENGTH_MEASURE(0.02),#4154);
#2296=VERTEX_POINT('',#4155);
#2297=LINE('',#4156,#4157);
#2298=CURVE_STYLE('',#4158,POSITIVE_LENGTH_MEASURE(0.02),#4159);
#2299=LINE('',#4160,#4161);
#2300=CURVE_STYLE('',#4162,POSITIVE_LENGTH_MEASURE(0.02),#4163);
#2301=VERTEX_POINT('',#4164);
#2302=LINE('',#4165,#4166);
#2303=CURVE_STYLE('',#4167,POSITIVE_LENGTH_MEASURE(0.02),#4168);
#2304=LINE('',#4169,#4170);
#2305=CURVE_STYLE('',#4171,POSITIVE_LENGTH_MEASURE(0.02),#4172);
#2306=VERTEX_POINT('',#4173);
#2307=LINE('',#4174,#4175);
#2308=CURVE_STYLE('',#4176,POSITIVE_LENGTH_MEASURE(0.02),#4177);
#2309=VERTEX_POINT('',#4178);
#2310=LINE('',#4179,#4180);
#2311=CURVE_STYLE('',#4181,POSITIVE_LENGTH_MEASURE(0.02),#4182);
#2312=VERTEX_POINT('',#4183);
#2313=LINE('',#4184,#4185);
#2314=CURVE_STYLE('',#4186,POSITIVE_LENGTH_MEASURE(0.02),#4187);
#2315=VERTEX_POINT('',#4188);
#2316=LINE('',#4189,#4190);
#2317=CURVE_STYLE('',#4191,POSITIVE_LENGTH_MEASURE(0.02),#4192);
#2318=VERTEX_POINT('',#4193);
#2319=LINE('',#4194,#4195);
#2320=CURVE_STYLE('',#4196,POSITIVE_LENGTH_MEASURE(0.02),#4197);
#2321=VERTEX_POINT('',#4198);
#2322=LINE('',#4199,#4200);
#2323=CURVE_STYLE('',#4201,POSITIVE_LENGTH_MEASURE(0.02),#4202);
#2324=VERTEX_POINT('',#4203);
#2325=LINE('',#4204,#4205);
#2326=CURVE_STYLE('',#4206,POSITIVE_LENGTH_MEASURE(0.02),#4207);
#2327=LINE('',#4208,#4209);
#2328=CURVE_STYLE('',#4210,POSITIVE_LENGTH_MEASURE(0.02),#4211);
#2329=VERTEX_POINT('',#4212);
#2330=LINE('',#4213,#4214);
#2331=CURVE_STYLE('',#4215,POSITIVE_LENGTH_MEASURE(0.02),#4216);
#2332=VERTEX_POINT('',#4217);
#2333=LINE('',#4218,#4219);
#2334=CURVE_STYLE('',#4220,POSITIVE_LENGTH_MEASURE(0.02),#4221);
#2335=LINE('',#4222,#4223);
#2336=CURVE_STYLE('',#4224,POSITIVE_LENGTH_MEASURE(0.02),#4225);
#2337=LINE('',#4226,#4227);
#2338=CURVE_STYLE('',#4228,POSITIVE_LENGTH_MEASURE(0.02),#4229);
#2339=LINE('',#4230,#4231);
#2340=CURVE_STYLE('',#4232,POSITIVE_LENGTH_MEASURE(0.02),#4233);
#2341=LINE('',#4234,#4235);
#2342=CURVE_STYLE('',#4236,POSITIVE_LENGTH_MEASURE(0.02),#4237);
#2343=LINE('',#4238,#4239);
#2344=CURVE_STYLE('',#4240,POSITIVE_LENGTH_MEASURE(0.02),#4241);
#2345=LINE('',#4242,#4243);
#2346=CURVE_STYLE('',#4244,POSITIVE_LENGTH_MEASURE(0.02),#4245);
#2347=LINE('',#4246,#4247);
#2348=CURVE_STYLE('',#4248,POSITIVE_LENGTH_MEASURE(0.02),#4249);
#2349=LINE('',#4250,#4251);
#2350=CURVE_STYLE('',#4252,POSITIVE_LENGTH_MEASURE(0.02),#4253);
#2351=LINE('',#4254,#4255);
#2352=CURVE_STYLE('',#4256,POSITIVE_LENGTH_MEASURE(0.02),#4257);
#2353=LINE('',#4258,#4259);
#2354=CURVE_STYLE('',#4260,POSITIVE_LENGTH_MEASURE(0.02),#4261);
#2355=LINE('',#4262,#4263);
#2356=CURVE_STYLE('',#4264,POSITIVE_LENGTH_MEASURE(0.02),#4265);
#2357=LINE('',#4266,#4267);
#2358=CURVE_STYLE('',#4268,POSITIVE_LENGTH_MEASURE(0.02),#4269);
#2359=LINE('',#4270,#4271);
#2360=CURVE_STYLE('',#4272,POSITIVE_LENGTH_MEASURE(0.02),#4273);
#2361=LINE('',#4274,#4275);
#2362=CURVE_STYLE('',#4276,POSITIVE_LENGTH_MEASURE(0.02),#4277);
#2363=LINE('',#4278,#4279);
#2364=CURVE_STYLE('',#4280,POSITIVE_LENGTH_MEASURE(0.02),#4281);
#2365=LINE('',#4282,#4283);
#2366=CURVE_STYLE('',#4284,POSITIVE_LENGTH_MEASURE(0.02),#4285);
#2367=LINE('',#4286,#4287);
#2368=CURVE_STYLE('',#4288,POSITIVE_LENGTH_MEASURE(0.02),#4289);
#2369=LINE('',#4290,#4291);
#2370=CURVE_STYLE('',#4292,POSITIVE_LENGTH_MEASURE(0.02),#4293);
#2371=LINE('',#4294,#4295);
#2372=CURVE_STYLE('',#4296,POSITIVE_LENGTH_MEASURE(0.02),#4297);
#2373=LINE('',#4298,#4299);
#2374=CURVE_STYLE('',#4300,POSITIVE_LENGTH_MEASURE(0.02),#4301);
#2375=LINE('',#4302,#4303);
#2376=CURVE_STYLE('',#4304,POSITIVE_LENGTH_MEASURE(0.02),#4305);
#2377=LINE('',#4306,#4307);
#2378=CURVE_STYLE('',#4308,POSITIVE_LENGTH_MEASURE(0.02),#4309);
#2379=LINE('',#4310,#4311);
#2380=CURVE_STYLE('',#4312,POSITIVE_LENGTH_MEASURE(0.02),#4313);
#2381=LINE('',#4314,#4315);
#2382=SURFACE_STYLE_USAGE(.BOTH.,#4316);
#2383=CLOSED_SHELL('',(#4317,#4318,#4319,#4320,#4321,#4322,#4323,#4324,#4325,#4326,#4327,#4328,#4329,#4330,#4331,#4332,#4333,#4334,#4335,#4336,#4337,#4338,#4339,#4340,#4341,#4342,#4343,#4344,#4345,#4346,#4347,#4348,#4349,#4350,#4351,#4352,#4353,#4354,#4355,#4356,#4357,#4358,#4359,#4360,#4361,#4362,#4363,#4364,#4365,#4366,#4367,#4368,#4369,#4370,#4371,#4372,#4373,#4374,#4375,#4376,#4377,#4378,#4379,#4380,#4381,#4382,#4383,#4384,#4385,#4386,#4387,#4388,#4389,#4390,#4391,#4392,#4393,#4394,#4395,#4396,#4397,#4398,#4399,#4400,#4401,#4402,#4403,#4404,#4405,#4406,#4407,#4408,#4409,#4410,#4411,#4412,#4413,#4414,#4415,#4416,#4417,#4418,#4419,#4420,#4421,#4422,#4423,#4424,#4425,#4426,#4427,#4428,#4429,#4430,#4431,#4432,#4433,#4434,#4435,#4436,#4437,#4438,#4439,#4440,#4441,#4442,#4443,#4444,#4445,#4446,#4447,#4448,#4449,#4450,#4451,#4452,#4453,#4454,#4455,#4456,#4457,#4458,#4459,#4460,#4461,#4462,#4463,#4464,#4465,#4466,#4467));
#2384=PRODUCT_CONTEXT('',#425,'mechanical');
#2385=PRODUCT_DEFINITION_FORMATION_WITH_SPECIFIED_SOURCE(' ','NONE',#1268,.NOT_KNOWN.);
#2386=CARTESIAN_POINT('',(0.0,0.0,0.0));
#2387=DIRECTION('',(0.0,0.0,1.0));
#2388=DIRECTION('',(1.0,0.0,0.0));
#2389= (NAMED_UNIT(#1276)LENGTH_UNIT()SI_UNIT(.MILLI.,.METRE.));
#2390=DRAUGHTING_PRE_DEFINED_CURVE_FONT('continuous');
#2391=COLOUR_RGB('',0.878400027751923,0.949000000953674,1.0);
#2392=CARTESIAN_POINT('',(-2.025,-1.65,0.0));
#2393=CARTESIAN_POINT('',(-3.6,-1.65,0.0));
#2394=CARTESIAN_POINT('',(-2.025,-1.65,0.0));
#2395=VECTOR('',#4469,1.575);
#2396=DRAUGHTING_PRE_DEFINED_CURVE_FONT('continuous');
#2397=COLOUR_RGB('',0.878400027751923,0.949000000953674,1.0);
#2398=CARTESIAN_POINT('',(-3.6,-0.982,0.0));
#2399=CARTESIAN_POINT('',(-3.6,-1.65,0.0));
#2400=VECTOR('',#4470,0.668);
#2401=DRAUGHTING_PRE_DEFINED_CURVE_FONT('continuous');
#2402=COLOUR_RGB('',0.878400027751923,0.949000000953674,1.0);
#2403=CARTESIAN_POINT('',(-3.7,-0.982,0.0));
#2404=CARTESIAN_POINT('',(-3.7,-0.982,0.0));
#2405=VECTOR('',#4471,0.1);
#2406=DRAUGHTING_PRE_DEFINED_CURVE_FONT('continuous');
#2407=COLOUR_RGB('',0.878400027751923,0.949000000953674,1.0);
#2408=CARTESIAN_POINT('',(-3.7,0.068,0.0));
#2409=CARTESIAN_POINT('',(-3.7,0.068,0.0));
#2410=VECTOR('',#4472,1.05);
#2411=DRAUGHTING_PRE_DEFINED_CURVE_FONT('continuous');
#2412=COLOUR_RGB('',0.878400027751923,0.949000000953674,1.0);
#2413=CARTESIAN_POINT('',(-3.7,0.95,0.0));
#2414=CARTESIAN_POINT('',(-3.7,0.068,0.0));
#2415=VECTOR('',#4473,0.882);
#2416=DRAUGHTING_PRE_DEFINED_CURVE_FONT('continuous');
#2417=COLOUR_RGB('',0.878400027751923,0.949000000953674,1.0);
#2418=CARTESIAN_POINT('',(-4.0,0.95,0.0));
#2419=CARTESIAN_POINT('',(-4.0,0.95,0.0));
#2420=VECTOR('',#4474,0.3);
#2421=DRAUGHTING_PRE_DEFINED_CURVE_FONT('continuous');
#2422=COLOUR_RGB('',0.878400027751923,0.949000000953674,1.0);
#2423=CARTESIAN_POINT('',(-4.0,-1.85,0.0));
#2424=CARTESIAN_POINT('',(-4.0,0.95,0.0));
#2425=VECTOR('',#4475,2.8);
#2426=DRAUGHTING_PRE_DEFINED_CURVE_FONT('continuous');
#2427=COLOUR_RGB('',0.878400027751923,0.949000000953674,1.0);
#2428=CARTESIAN_POINT('',(-2.025,-1.85,0.0));
#2429=CARTESIAN_POINT('',(-4.0,-1.85,0.0));
#2430=VECTOR('',#4476,1.975);
#2431=DRAUGHTING_PRE_DEFINED_CURVE_FONT('continuous');
#2432=COLOUR_RGB('',0.878400027751923,0.949000000953674,1.0);
#2433=CARTESIAN_POINT('',(-2.025,-1.85,0.0));
#2434=VECTOR('',#4477,0.2);
#2435=DRAUGHTING_PRE_DEFINED_CURVE_FONT('continuous');
#2436=COLOUR_RGB('',0.878400027751923,0.949000000953674,1.0);
#2437=CARTESIAN_POINT('',(-1.725,-1.85,0.0));
#2438=CARTESIAN_POINT('',(1.725,-1.85,0.0));
#2439=CARTESIAN_POINT('',(-1.725,-1.85,0.0));
#2440=VECTOR('',#4478,3.45);
#2441=DRAUGHTING_PRE_DEFINED_CURVE_FONT('continuous');
#2442=COLOUR_RGB('',0.878400027751923,0.949000000953674,1.0);
#2443=CARTESIAN_POINT('',(1.725,-1.65,0.0));
#2444=CARTESIAN_POINT('',(1.725,-1.85,0.0));
#2445=VECTOR('',#4479,0.2);
#2446=DRAUGHTING_PRE_DEFINED_CURVE_FONT('continuous');
#2447=COLOUR_RGB('',0.878400027751923,0.949000000953674,1.0);
#2448=CARTESIAN_POINT('',(-1.725,-1.65,0.0));
#2449=CARTESIAN_POINT('',(1.725,-1.65,0.0));
#2450=VECTOR('',#4480,3.45);
#2451=DRAUGHTING_PRE_DEFINED_CURVE_FONT('continuous');
#2452=COLOUR_RGB('',0.878400027751923,0.949000000953674,1.0);
#2453=CARTESIAN_POINT('',(-1.725,-1.85,0.0));
#2454=VECTOR('',#4481,0.2);
#2455=DRAUGHTING_PRE_DEFINED_CURVE_FONT('continuous');
#2456=COLOUR_RGB('',0.878400027751923,0.949000000953674,1.0);
#2457=CARTESIAN_POINT('',(2.025,-1.85,0.0));
#2458=CARTESIAN_POINT('',(4.0,-1.85,0.0));
#2459=CARTESIAN_POINT('',(2.025,-1.85,0.0));
#2460=VECTOR('',#4482,1.975);
#2461=DRAUGHTING_PRE_DEFINED_CURVE_FONT('continuous');
#2462=COLOUR_RGB('',0.878400027751923,0.949000000953674,1.0);
#2463=CARTESIAN_POINT('',(4.0,0.95,0.0));
#2464=CARTESIAN_POINT('',(4.0,-1.85,0.0));
#2465=VECTOR('',#4483,2.8);
#2466=DRAUGHTING_PRE_DEFINED_CURVE_FONT('continuous');
#2467=COLOUR_RGB('',0.878400027751923,0.949000000953674,1.0);
#2468=CARTESIAN_POINT('',(3.7,0.95,0.0));
#2469=CARTESIAN_POINT('',(4.0,0.95,0.0));
#2470=VECTOR('',#4484,0.3);
#2471=DRAUGHTING_PRE_DEFINED_CURVE_FONT('continuous');
#2472=COLOUR_RGB('',0.878400027751923,0.949000000953674,1.0);
#2473=CARTESIAN_POINT('',(3.7,0.068,0.0));
#2474=CARTESIAN_POINT('',(3.7,0.95,0.0));
#2475=VECTOR('',#4485,0.882);
#2476=DRAUGHTING_PRE_DEFINED_CURVE_FONT('continuous');
#2477=COLOUR_RGB('',0.878400027751923,0.949000000953674,1.0);
#2478=CARTESIAN_POINT('',(3.7,-0.982,0.0));
#2479=CARTESIAN_POINT('',(3.7,-0.982,0.0));
#2480=VECTOR('',#4486,1.05);
#2481=DRAUGHTING_PRE_DEFINED_CURVE_FONT('continuous');
#2482=COLOUR_RGB('',0.878400027751923,0.949000000953674,1.0);
#2483=CARTESIAN_POINT('',(3.6,-0.982,0.0));
#2484=CARTESIAN_POINT('',(3.6,-0.982,0.0));
#2485=VECTOR('',#4487,0.1);
#2486=DRAUGHTING_PRE_DEFINED_CURVE_FONT('continuous');
#2487=COLOUR_RGB('',0.878400027751923,0.949000000953674,1.0);
#2488=CARTESIAN_POINT('',(3.6,-1.65,0.0));
#2489=CARTESIAN_POINT('',(3.6,-0.982,0.0));
#2490=VECTOR('',#4488,0.668);
#2491=DRAUGHTING_PRE_DEFINED_CURVE_FONT('continuous');
#2492=COLOUR_RGB('',0.878400027751923,0.949000000953674,1.0);
#2493=CARTESIAN_POINT('',(2.025,-1.65,0.0));
#2494=CARTESIAN_POINT('',(3.6,-1.65,0.0));
#2495=VECTOR('',#4489,1.575);
#2496=DRAUGHTING_PRE_DEFINED_CURVE_FONT('continuous');
#2497=COLOUR_RGB('',0.878400027751923,0.949000000953674,1.0);
#2498=CARTESIAN_POINT('',(2.025,-1.85,0.0));
#2499=VECTOR('',#4490,0.2);
#2500=DRAUGHTING_PRE_DEFINED_CURVE_FONT('continuous');
#2501=COLOUR_RGB('',0.878400027751923,0.949000000953674,1.0);
#2502=CARTESIAN_POINT('',(-2.025,-1.85,-1.4));
#2503=CARTESIAN_POINT('',(-2.025,-1.45,-1.4));
#2504=CARTESIAN_POINT('',(-2.025,-1.85,-1.4));
#2505=VECTOR('',#4491,0.4);
#2506=DRAUGHTING_PRE_DEFINED_CURVE_FONT('continuous');
#2507=COLOUR_RGB('',0.878400027751923,0.949000000953674,1.0);
#2508=CARTESIAN_POINT('',(-2.025,-1.45,-0.2));
#2509=CARTESIAN_POINT('',(-2.025,-1.45,-0.2));
#2510=VECTOR('',#4492,1.2);
#2511=DRAUGHTING_PRE_DEFINED_CURVE_FONT('continuous');
#2512=COLOUR_RGB('',0.878400027751923,0.949000000953674,1.0);
#2513=CARTESIAN_POINT('',(-2.025,-1.45,-0.2));
#2514=VECTOR('',#4493,0.2828427124746);
#2515=DRAUGHTING_PRE_DEFINED_CURVE_FONT('continuous');
#2516=COLOUR_RGB('',0.878400027751923,0.949000000953674,1.0);
#2517=CARTESIAN_POINT('',(-2.025,-1.85,0.0));
#2518=VECTOR('',#4494,1.4);
#2519=DRAUGHTING_PRE_DEFINED_CURVE_FONT('continuous');
#2520=COLOUR_RGB('',0.878400027751923,0.949000000953674,1.0);
#2521=CARTESIAN_POINT('',(-4.0,-1.85,-4.7));
#2522=CARTESIAN_POINT('',(-4.0,-1.85,0.0));
#2523=VECTOR('',#4495,4.7);
#2524=DRAUGHTING_PRE_DEFINED_CURVE_FONT('continuous');
#2525=COLOUR_RGB('',0.878400027751923,0.949000000953674,1.0);
#2526=CARTESIAN_POINT('',(-3.57,-1.85,-4.7));
#2527=CARTESIAN_POINT('',(-4.0,-1.85,-4.7));
#2528=VECTOR('',#4496,0.43);
#2529=DRAUGHTING_PRE_DEFINED_CURVE_FONT('continuous');
#2530=COLOUR_RGB('',0.878400027751923,0.949000000953674,1.0);
#2531=CARTESIAN_POINT('',(-3.57,-1.85,-3.55));
#2532=CARTESIAN_POINT('',(-3.57,-1.85,-4.7));
#2533=VECTOR('',#4497,1.15);
#2534=DRAUGHTING_PRE_DEFINED_CURVE_FONT('continuous');
#2535=COLOUR_RGB('',0.878400027751923,0.949000000953674,1.0);
#2536=CARTESIAN_POINT('',(-2.425,-1.85,-3.55));
#2537=CARTESIAN_POINT('',(-3.57,-1.85,-3.55));
#2538=VECTOR('',#4498,1.145);
#2539=DRAUGHTING_PRE_DEFINED_CURVE_FONT('continuous');
#2540=COLOUR_RGB('',0.878400027751923,0.949000000953674,1.0);
#2541=CARTESIAN_POINT('',(-2.425,-1.85,-1.4));
#2542=CARTESIAN_POINT('',(-2.425,-1.85,-1.4));
#2543=VECTOR('',#4499,2.15);
#2544=DRAUGHTING_PRE_DEFINED_CURVE_FONT('continuous');
#2545=COLOUR_RGB('',0.878400027751923,0.949000000953674,1.0);
#2546=CARTESIAN_POINT('',(-2.025,-1.85,-1.4));
#2547=VECTOR('',#4500,0.4);
#2548=DRAUGHTING_PRE_DEFINED_CURVE_FONT('continuous');
#2549=COLOUR_RGB('',0.878400027751923,0.949000000953674,1.0);
#2550=CARTESIAN_POINT('',(-1.325,-1.85,-3.55));
#2551=CARTESIAN_POINT('',(1.325,-1.85,-3.55));
#2552=CARTESIAN_POINT('',(-1.325,-1.85,-3.55));
#2553=VECTOR('',#4501,2.65);
#2554=DRAUGHTING_PRE_DEFINED_CURVE_FONT('continuous');
#2555=COLOUR_RGB('',0.878400027751923,0.949000000953674,1.0);
#2556=CARTESIAN_POINT('',(1.325,-1.85,-1.4));
#2557=CARTESIAN_POINT('',(1.325,-1.85,-1.4));
#2558=VECTOR('',#4502,2.15);
#2559=DRAUGHTING_PRE_DEFINED_CURVE_FONT('continuous');
#2560=COLOUR_RGB('',0.878400027751923,0.949000000953674,1.0);
#2561=CARTESIAN_POINT('',(1.725,-1.85,-1.4));
#2562=CARTESIAN_POINT('',(1.725,-1.85,-1.4));
#2563=VECTOR('',#4503,0.4);
#2564=DRAUGHTING_PRE_DEFINED_CURVE_FONT('continuous');
#2565=COLOUR_RGB('',0.878400027751923,0.949000000953674,1.0);
#2566=CARTESIAN_POINT('',(1.725,-1.85,0.0));
#2567=VECTOR('',#4504,1.4);
#2568=DRAUGHTING_PRE_DEFINED_CURVE_FONT('continuous');
#2569=COLOUR_RGB('',0.878400027751923,0.949000000953674,1.0);
#2570=CARTESIAN_POINT('',(-1.725,-1.85,-1.4));
#2571=CARTESIAN_POINT('',(-1.725,-1.85,0.0));
#2572=VECTOR('',#4505,1.4);
#2573=DRAUGHTING_PRE_DEFINED_CURVE_FONT('continuous');
#2574=COLOUR_RGB('',0.878400027751923,0.949000000953674,1.0);
#2575=CARTESIAN_POINT('',(-1.325,-1.85,-1.4));
#2576=CARTESIAN_POINT('',(-1.325,-1.85,-1.4));
#2577=VECTOR('',#4506,0.4);
#2578=DRAUGHTING_PRE_DEFINED_CURVE_FONT('continuous');
#2579=COLOUR_RGB('',0.878400027751923,0.949000000953674,1.0);
#2580=CARTESIAN_POINT('',(-1.325,-1.85,-3.55));
#2581=VECTOR('',#4507,2.15);
#2582=DRAUGHTING_PRE_DEFINED_CURVE_FONT('continuous');
#2583=COLOUR_RGB('',0.878400027751923,0.949000000953674,1.0);
#2584=CARTESIAN_POINT('',(2.425,-1.85,-3.55));
#2585=CARTESIAN_POINT('',(3.57,-1.85,-3.55));
#2586=CARTESIAN_POINT('',(2.425,-1.85,-3.55));
#2587=VECTOR('',#4508,1.145);
#2588=DRAUGHTING_PRE_DEFINED_CURVE_FONT('continuous');
#2589=COLOUR_RGB('',0.878400027751923,0.949000000953674,1.0);
#2590=CARTESIAN_POINT('',(3.57,-1.85,-4.7));
#2591=CARTESIAN_POINT('',(3.57,-1.85,-3.55));
#2592=VECTOR('',#4509,1.15);
#2593=DRAUGHTING_PRE_DEFINED_CURVE_FONT('continuous');
#2594=COLOUR_RGB('',0.878400027751923,0.949000000953674,1.0);
#2595=CARTESIAN_POINT('',(4.0,-1.85,-4.7));
#2596=CARTESIAN_POINT('',(3.57,-1.85,-4.7));
#2597=VECTOR('',#4510,0.43);
#2598=DRAUGHTING_PRE_DEFINED_CURVE_FONT('continuous');
#2599=COLOUR_RGB('',0.878400027751923,0.949000000953674,1.0);
#2600=CARTESIAN_POINT('',(4.0,-1.85,0.0));
#2601=VECTOR('',#4511,4.7);
#2602=DRAUGHTING_PRE_DEFINED_CURVE_FONT('continuous');
#2603=COLOUR_RGB('',0.878400027751923,0.949000000953674,1.0);
#2604=CARTESIAN_POINT('',(2.025,-1.85,-1.4));
#2605=CARTESIAN_POINT('',(2.025,-1.85,0.0));
#2606=VECTOR('',#4512,1.4);
#2607=DRAUGHTING_PRE_DEFINED_CURVE_FONT('continuous');
#2608=COLOUR_RGB('',0.878400027751923,0.949000000953674,1.0);
#2609=CARTESIAN_POINT('',(2.425,-1.85,-1.4));
#2610=CARTESIAN_POINT('',(2.425,-1.85,-1.4));
#2611=VECTOR('',#4513,0.4);
#2612=DRAUGHTING_PRE_DEFINED_CURVE_FONT('continuous');
#2613=COLOUR_RGB('',0.878400027751923,0.949000000953674,1.0);
#2614=CARTESIAN_POINT('',(2.425,-1.85,-3.55));
#2615=VECTOR('',#4514,2.15);
#2616=DRAUGHTING_PRE_DEFINED_CURVE_FONT('continuous');
#2617=COLOUR_RGB('',0.878400027751923,0.949000000953674,1.0);
#2618=CARTESIAN_POINT('',(-2.425,-1.45,-1.4));
#2619=CARTESIAN_POINT('',(-2.425,-1.85,-1.4));
#2620=VECTOR('',#4515,0.4);
#2621=DRAUGHTING_PRE_DEFINED_CURVE_FONT('continuous');
#2622=COLOUR_RGB('',0.878400027751923,0.949000000953674,1.0);
#2623=CARTESIAN_POINT('',(-2.025,-1.45,-1.4));
#2624=VECTOR('',#4516,0.4);
#2625=DRAUGHTING_PRE_DEFINED_CURVE_FONT('continuous');
#2626=COLOUR_RGB('',0.878400027751923,0.949000000953674,1.0);
#2627=CARTESIAN_POINT('',(-2.425,-1.45,-2.9));
#2628=CARTESIAN_POINT('',(-2.425,-1.45,-2.9));
#2629=VECTOR('',#4517,1.5);
#2630=DRAUGHTING_PRE_DEFINED_CURVE_FONT('continuous');
#2631=COLOUR_RGB('',0.878400027751923,0.949000000953674,1.0);
#2632=CARTESIAN_POINT('',(-3.4,-1.45,-2.9));
#2633=CARTESIAN_POINT('',(-3.4,-1.45,-2.9));
#2634=VECTOR('',#4518,0.975);
#2635=DRAUGHTING_PRE_DEFINED_CURVE_FONT('continuous');
#2636=COLOUR_RGB('',0.878400027751923,0.949000000953674,1.0);
#2637=CARTESIAN_POINT('',(-3.4,-1.45,-0.2));
#2638=CARTESIAN_POINT('',(-3.4,-1.45,-0.2));
#2639=VECTOR('',#4519,2.7);
#2640=DRAUGHTING_PRE_DEFINED_CURVE_FONT('continuous');
#2641=COLOUR_RGB('',0.878400027751923,0.949000000953674,1.0);
#2642=CARTESIAN_POINT('',(-2.025,-1.45,-0.2));
#2643=VECTOR('',#4520,1.375);
#2644=DRAUGHTING_PRE_DEFINED_CURVE_FONT('continuous');
#2645=COLOUR_RGB('',0.878400027751923,0.949000000953674,1.0);
#2646=CARTESIAN_POINT('',(-1.325,-1.45,-1.4));
#2647=CARTESIAN_POINT('',(-1.725,-1.45,-1.4));
#2648=CARTESIAN_POINT('',(-1.325,-1.45,-1.4));
#2649=VECTOR('',#4521,0.4);
#2650=DRAUGHTING_PRE_DEFINED_CURVE_FONT('continuous');
#2651=COLOUR_RGB('',0.878400027751923,0.949000000953674,1.0);
#2652=CARTESIAN_POINT('',(-1.725,-1.45,-0.2));
#2653=CARTESIAN_POINT('',(-1.725,-1.45,-0.2));
#2654=VECTOR('',#4522,1.2);
#2655=DRAUGHTING_PRE_DEFINED_CURVE_FONT('continuous');
#2656=COLOUR_RGB('',0.878400027751923,0.949000000953674,1.0);
#2657=CARTESIAN_POINT('',(1.725,-1.45,-0.2));
#2658=CARTESIAN_POINT('',(1.725,-1.45,-0.2));
#2659=VECTOR('',#4523,3.45);
#2660=DRAUGHTING_PRE_DEFINED_CURVE_FONT('continuous');
#2661=COLOUR_RGB('',0.878400027751923,0.949000000953674,1.0);
#2662=CARTESIAN_POINT('',(1.725,-1.45,-1.4));
#2663=CARTESIAN_POINT('',(1.725,-1.45,-0.2));
#2664=VECTOR('',#4524,1.2);
#2665=DRAUGHTING_PRE_DEFINED_CURVE_FONT('continuous');
#2666=COLOUR_RGB('',0.878400027751923,0.949000000953674,1.0);
#2667=CARTESIAN_POINT('',(1.325,-1.45,-1.4));
#2668=CARTESIAN_POINT('',(1.725,-1.45,-1.4));
#2669=VECTOR('',#4525,0.4);
#2670=DRAUGHTING_PRE_DEFINED_CURVE_FONT('continuous');
#2671=COLOUR_RGB('',0.878400027751923,0.949000000953674,1.0);
#2672=CARTESIAN_POINT('',(1.325,-1.45,-2.9));
#2673=CARTESIAN_POINT('',(1.325,-1.45,-2.9));
#2674=VECTOR('',#4526,1.5);
#2675=DRAUGHTING_PRE_DEFINED_CURVE_FONT('continuous');
#2676=COLOUR_RGB('',0.878400027751923,0.949000000953674,1.0);
#2677=CARTESIAN_POINT('',(-1.325,-1.45,-2.9));
#2678=CARTESIAN_POINT('',(-1.325,-1.45,-2.9));
#2679=VECTOR('',#4527,2.65);
#2680=DRAUGHTING_PRE_DEFINED_CURVE_FONT('continuous');
#2681=COLOUR_RGB('',0.878400027751923,0.949000000953674,1.0);
#2682=CARTESIAN_POINT('',(-1.325,-1.45,-2.9));
#2683=VECTOR('',#4528,1.5);
#2684=DRAUGHTING_PRE_DEFINED_CURVE_FONT('continuous');
#2685=COLOUR_RGB('',0.878400027751923,0.949000000953674,1.0);
#2686=CARTESIAN_POINT('',(2.425,-1.45,-1.4));
#2687=CARTESIAN_POINT('',(2.025,-1.45,-1.4));
#2688=CARTESIAN_POINT('',(2.425,-1.45,-1.4));
#2689=VECTOR('',#4529,0.4);
#2690=DRAUGHTING_PRE_DEFINED_CURVE_FONT('continuous');
#2691=COLOUR_RGB('',0.878400027751923,0.949000000953674,1.0);
#2692=CARTESIAN_POINT('',(2.025,-1.45,-0.2));
#2693=CARTESIAN_POINT('',(2.025,-1.45,-0.2));
#2694=VECTOR('',#4530,1.2);
#2695=DRAUGHTING_PRE_DEFINED_CURVE_FONT('continuous');
#2696=COLOUR_RGB('',0.878400027751923,0.949000000953674,1.0);
#2697=CARTESIAN_POINT('',(3.4,-1.45,-0.2));
#2698=CARTESIAN_POINT('',(3.4,-1.45,-0.2));
#2699=VECTOR('',#4531,1.375);
#2700=DRAUGHTING_PRE_DEFINED_CURVE_FONT('continuous');
#2701=COLOUR_RGB('',0.878400027751923,0.949000000953674,1.0);
#2702=CARTESIAN_POINT('',(3.4,-1.45,-2.9));
#2703=CARTESIAN_POINT('',(3.4,-1.45,-0.2));
#2704=VECTOR('',#4532,2.7);
#2705=DRAUGHTING_PRE_DEFINED_CURVE_FONT('continuous');
#2706=COLOUR_RGB('',0.878400027751923,0.949000000953674,1.0);
#2707=CARTESIAN_POINT('',(2.425,-1.45,-2.9));
#2708=CARTESIAN_POINT('',(2.425,-1.45,-2.9));
#2709=VECTOR('',#4533,0.975);
#2710=DRAUGHTING_PRE_DEFINED_CURVE_FONT('continuous');
#2711=COLOUR_RGB('',0.878400027751923,0.949000000953674,1.0);
#2712=CARTESIAN_POINT('',(2.425,-1.45,-2.9));
#2713=VECTOR('',#4534,1.5);
#2714=DRAUGHTING_PRE_DEFINED_CURVE_FONT('continuous');
#2715=COLOUR_RGB('',0.878400027751923,0.949000000953674,1.0);
#2716=CARTESIAN_POINT('',(-3.4,-1.45,-0.2));
#2717=VECTOR('',#4535,0.3464101615138);
#2718=DRAUGHTING_PRE_DEFINED_CURVE_FONT('continuous');
#2719=COLOUR_RGB('',0.878400027751923,0.949000000953674,1.0);
#2720=CARTESIAN_POINT('',(1.725,-1.45,-0.2));
#2721=VECTOR('',#4536,0.2828427124746);
#2722=DRAUGHTING_PRE_DEFINED_CURVE_FONT('continuous');
#2723=COLOUR_RGB('',0.878400027751923,0.949000000953674,1.0);
#2724=CARTESIAN_POINT('',(-1.725,-1.45,-0.2));
#2725=VECTOR('',#4537,0.2828427124746);
#2726=DRAUGHTING_PRE_DEFINED_CURVE_FONT('continuous');
#2727=COLOUR_RGB('',0.878400027751923,0.949000000953674,1.0);
#2728=CARTESIAN_POINT('',(3.4,-1.45,-0.2));
#2729=VECTOR('',#4538,0.3464101615138);
#2730=DRAUGHTING_PRE_DEFINED_CURVE_FONT('continuous');
#2731=COLOUR_RGB('',0.878400027751923,0.949000000953674,1.0);
#2732=CARTESIAN_POINT('',(2.025,-1.45,-0.2));
#2733=VECTOR('',#4539,0.2828427124746);
#2734=DRAUGHTING_PRE_DEFINED_CURVE_FONT('continuous');
#2735=COLOUR_RGB('',0.878400027751923,0.949000000953674,1.0);
#2736=CARTESIAN_POINT('',(-3.4,-0.982,-0.2));
#2737=CARTESIAN_POINT('',(-3.4,-1.45,-0.2));
#2738=VECTOR('',#4540,0.468);
#2739=DRAUGHTING_PRE_DEFINED_CURVE_FONT('continuous');
#2740=COLOUR_RGB('',0.878400027751923,0.949000000953674,1.0);
#2741=CARTESIAN_POINT('',(-3.6,-0.982,0.0));
#2742=VECTOR('',#4541,0.2828427124746);
#2743=DRAUGHTING_PRE_DEFINED_CURVE_FONT('continuous');
#2744=COLOUR_RGB('',0.878400027751923,0.949000000953674,1.0);
#2745=CARTESIAN_POINT('',(-3.4,-0.982,-2.9));
#2746=CARTESIAN_POINT('',(-3.4,-0.982,-0.2));
#2747=VECTOR('',#4542,2.7);
#2748=DRAUGHTING_PRE_DEFINED_CURVE_FONT('continuous');
#2749=COLOUR_RGB('',0.878400027751923,0.949000000953674,1.0);
#2750=CARTESIAN_POINT('',(-3.7,-0.982,-2.9));
#2751=CARTESIAN_POINT('',(-3.7,-0.982,-2.9));
#2752=VECTOR('',#4543,0.3);
#2753=DRAUGHTING_PRE_DEFINED_CURVE_FONT('continuous');
#2754=COLOUR_RGB('',0.878400027751923,0.949000000953674,1.0);
#2755=CARTESIAN_POINT('',(-3.7,-0.982,0.0));
#2756=VECTOR('',#4544,2.9);
#2757=DRAUGHTING_PRE_DEFINED_CURVE_FONT('continuous');
#2758=COLOUR_RGB('',0.878400027751923,0.949000000953674,1.0);
#2759=CARTESIAN_POINT('',(-3.7,0.068,-2.9));
#2760=CARTESIAN_POINT('',(-3.7,0.068,-2.9));
#2761=VECTOR('',#4545,1.05);
#2762=DRAUGHTING_PRE_DEFINED_CURVE_FONT('continuous');
#2763=COLOUR_RGB('',0.878400027751923,0.949000000953674,1.0);
#2764=CARTESIAN_POINT('',(-3.7,0.068,0.0));
#2765=VECTOR('',#4546,2.9);
#2766=DRAUGHTING_PRE_DEFINED_CURVE_FONT('continuous');
#2767=COLOUR_RGB('',0.878400027751923,0.949000000953674,1.0);
#2768=CARTESIAN_POINT('',(-3.4,0.068,-2.9));
#2769=CARTESIAN_POINT('',(-3.4,0.068,-2.9));
#2770=VECTOR('',#4547,0.3);
#2771=DRAUGHTING_PRE_DEFINED_CURVE_FONT('continuous');
#2772=COLOUR_RGB('',0.878400027751923,0.949000000953674,1.0);
#2773=CARTESIAN_POINT('',(-3.4,0.068,-0.2));
#2774=CARTESIAN_POINT('',(-3.4,0.068,-0.2));
#2775=VECTOR('',#4548,2.7);
#2776=DRAUGHTING_PRE_DEFINED_CURVE_FONT('continuous');
#2777=COLOUR_RGB('',0.878400027751923,0.949000000953674,1.0);
#2778=CARTESIAN_POINT('',(-3.4,0.068,-0.2));
#2779=VECTOR('',#4549,0.3605551275464);
#2780=DRAUGHTING_PRE_DEFINED_CURVE_FONT('continuous');
#2781=COLOUR_RGB('',0.878400027751923,0.949000000953674,1.0);
#2782=CARTESIAN_POINT('',(-3.4,0.95,-0.2));
#2783=CARTESIAN_POINT('',(-3.4,0.068,-0.2));
#2784=VECTOR('',#4550,0.882);
#2785=DRAUGHTING_PRE_DEFINED_CURVE_FONT('continuous');
#2786=COLOUR_RGB('',0.878400027751923,0.949000000953674,1.0);
#2787=CARTESIAN_POINT('',(-3.7,0.95,0.0));
#2788=VECTOR('',#4551,0.3605551275464);
#2789=DRAUGHTING_PRE_DEFINED_CURVE_FONT('continuous');
#2790=COLOUR_RGB('',0.878400027751923,0.949000000953674,1.0);
#2791=CARTESIAN_POINT('',(-3.4,0.95,-1.0));
#2792=CARTESIAN_POINT('',(-3.4,0.95,-0.2));
#2793=VECTOR('',#4552,0.8);
#2794=DRAUGHTING_PRE_DEFINED_CURVE_FONT('continuous');
#2795=COLOUR_RGB('',0.878400027751923,0.949000000953674,1.0);
#2796=CARTESIAN_POINT('',(-4.0,0.95,-1.0));
#2797=CARTESIAN_POINT('',(-4.0,0.95,-1.0));
#2798=VECTOR('',#4553,0.6);
#2799=DRAUGHTING_PRE_DEFINED_CURVE_FONT('continuous');
#2800=COLOUR_RGB('',0.878400027751923,0.949000000953674,1.0);
#2801=CARTESIAN_POINT('',(-4.0,0.95,0.0));
#2802=VECTOR('',#4554,1.0);
#2803=DRAUGHTING_PRE_DEFINED_CURVE_FONT('continuous');
#2804=COLOUR_RGB('',0.878400027751923,0.949000000953674,1.0);
#2805=CARTESIAN_POINT('',(-4.0,1.35,-1.0));
#2806=CARTESIAN_POINT('',(-4.0,1.35,-4.7));
#2807=CARTESIAN_POINT('',(-4.0,1.35,-1.0));
#2808=VECTOR('',#4555,3.7);
#2809=DRAUGHTING_PRE_DEFINED_CURVE_FONT('continuous');
#2810=COLOUR_RGB('',0.878400027751923,0.949000000953674,1.0);
#2811=CARTESIAN_POINT('',(-4.0,1.35,-4.7));
#2812=VECTOR('',#4556,3.2);
#2813=DRAUGHTING_PRE_DEFINED_CURVE_FONT('continuous');
#2814=COLOUR_RGB('',0.878400027751923,0.949000000953674,1.0);
#2815=CARTESIAN_POINT('',(-4.0,1.35,-1.0));
#2816=VECTOR('',#4557,0.4);
#2817=DRAUGHTING_PRE_DEFINED_CURVE_FONT('continuous');
#2818=COLOUR_RGB('',0.878400027751923,0.949000000953674,1.0);
#2819=CARTESIAN_POINT('',(-3.1,1.35,-1.0));
#2820=CARTESIAN_POINT('',(-3.1,1.15,-1.0));
#2821=CARTESIAN_POINT('',(-3.1,1.35,-1.0));
#2822=VECTOR('',#4558,0.2);
#2823=DRAUGHTING_PRE_DEFINED_CURVE_FONT('continuous');
#2824=COLOUR_RGB('',0.878400027751923,0.949000000953674,1.0);
#2825=CARTESIAN_POINT('',(-4.0,1.35,-1.0));
#2826=VECTOR('',#4559,0.9);
#2827=DRAUGHTING_PRE_DEFINED_CURVE_FONT('continuous');
#2828=COLOUR_RGB('',0.878400027751923,0.949000000953674,1.0);
#2829=CARTESIAN_POINT('',(-3.4,1.15,-1.0));
#2830=CARTESIAN_POINT('',(-3.4,1.15,-1.0));
#2831=VECTOR('',#4560,0.2);
#2832=DRAUGHTING_PRE_DEFINED_CURVE_FONT('continuous');
#2833=COLOUR_RGB('',0.878400027751923,0.949000000953674,1.0);
#2834=CARTESIAN_POINT('',(-3.1,1.15,-1.0));
#2835=VECTOR('',#4561,0.3);
#2836=DRAUGHTING_PRE_DEFINED_CURVE_FONT('continuous');
#2837=COLOUR_RGB('',0.878400027751923,0.949000000953674,1.0);
#2838=CARTESIAN_POINT('',(3.4,1.15,-1.0));
#2839=CARTESIAN_POINT('',(3.4,0.95,-1.0));
#2840=CARTESIAN_POINT('',(3.4,1.15,-1.0));
#2841=VECTOR('',#4562,0.2);
#2842=DRAUGHTING_PRE_DEFINED_CURVE_FONT('continuous');
#2843=COLOUR_RGB('',0.878400027751923,0.949000000953674,1.0);
#2844=CARTESIAN_POINT('',(4.0,0.95,-1.0));
#2845=CARTESIAN_POINT('',(3.4,0.95,-1.0));
#2846=VECTOR('',#4563,0.6);
#2847=DRAUGHTING_PRE_DEFINED_CURVE_FONT('continuous');
#2848=COLOUR_RGB('',0.878400027751923,0.949000000953674,1.0);
#2849=CARTESIAN_POINT('',(4.0,1.35,-1.0));
#2850=CARTESIAN_POINT('',(4.0,1.35,-1.0));
#2851=VECTOR('',#4564,0.4);
#2852=DRAUGHTING_PRE_DEFINED_CURVE_FONT('continuous');
#2853=COLOUR_RGB('',0.878400027751923,0.949000000953674,1.0);
#2854=CARTESIAN_POINT('',(3.1,1.35,-1.0));
#2855=CARTESIAN_POINT('',(3.1,1.35,-1.0));
#2856=VECTOR('',#4565,0.9);
#2857=DRAUGHTING_PRE_DEFINED_CURVE_FONT('continuous');
#2858=COLOUR_RGB('',0.878400027751923,0.949000000953674,1.0);
#2859=CARTESIAN_POINT('',(3.1,1.15,-1.0));
#2860=CARTESIAN_POINT('',(3.1,1.15,-1.0));
#2861=VECTOR('',#4566,0.2);
#2862=DRAUGHTING_PRE_DEFINED_CURVE_FONT('continuous');
#2863=COLOUR_RGB('',0.878400027751923,0.949000000953674,1.0);
#2864=CARTESIAN_POINT('',(3.4,1.15,-1.0));
#2865=VECTOR('',#4567,0.3);
#2866=DRAUGHTING_PRE_DEFINED_CURVE_FONT('continuous');
#2867=COLOUR_RGB('',0.878400027751923,0.949000000953674,1.0);
#2868=CARTESIAN_POINT('',(-3.4,0.95,-1.2));
#2869=CARTESIAN_POINT('',(-3.4,0.95,-1.2));
#2870=VECTOR('',#4568,0.2828427124746);
#2871=DRAUGHTING_PRE_DEFINED_CURVE_FONT('continuous');
#2872=COLOUR_RGB('',0.878400027751923,0.949000000953674,1.0);
#2873=CARTESIAN_POINT('',(-3.1,0.95,-1.2));
#2874=CARTESIAN_POINT('',(-3.1,0.95,-1.2));
#2875=VECTOR('',#4569,0.3);
#2876=DRAUGHTING_PRE_DEFINED_CURVE_FONT('continuous');
#2877=COLOUR_RGB('',0.878400027751923,0.949000000953674,1.0);
#2878=CARTESIAN_POINT('',(-3.1,1.15,-1.0));
#2879=VECTOR('',#4570,0.2828427124746);
#2880=DRAUGHTING_PRE_DEFINED_CURVE_FONT('continuous');
#2881=COLOUR_RGB('',0.878400027751923,0.949000000953674,1.0);
#2882=CARTESIAN_POINT('',(-3.1,1.35,-1.5));
#2883=CARTESIAN_POINT('',(-3.1,1.35,-1.0));
#2884=VECTOR('',#4571,0.5);
#2885=DRAUGHTING_PRE_DEFINED_CURVE_FONT('continuous');
#2886=COLOUR_RGB('',0.878400027751923,0.949000000953674,1.0);
#2887=CARTESIAN_POINT('',(-3.1,0.95,-1.5));
#2888=CARTESIAN_POINT('',(-3.1,0.95,-1.2));
#2889=VECTOR('',#4572,0.3);
#2890=DRAUGHTING_PRE_DEFINED_CURVE_FONT('continuous');
#2891=COLOUR_RGB('',0.878400027751923,0.949000000953674,1.0);
#2892=CARTESIAN_POINT('',(-3.1,1.35,-1.5));
#2893=VECTOR('',#4573,0.4);
#2894=DRAUGHTING_PRE_DEFINED_CURVE_FONT('continuous');
#2895=COLOUR_RGB('',0.878400027751923,0.949000000953674,1.0);
#2896=CARTESIAN_POINT('',(3.1,0.95,-1.5));
#2897=CARTESIAN_POINT('',(-3.1,0.95,-1.5));
#2898=VECTOR('',#4574,6.2);
#2899=DRAUGHTING_PRE_DEFINED_CURVE_FONT('continuous');
#2900=COLOUR_RGB('',0.878400027751923,0.949000000953674,1.0);
#2901=CARTESIAN_POINT('',(3.1,1.35,-1.5));
#2902=CARTESIAN_POINT('',(3.1,0.95,-1.5));
#2903=VECTOR('',#4575,0.4);
#2904=DRAUGHTING_PRE_DEFINED_CURVE_FONT('continuous');
#2905=COLOUR_RGB('',0.878400027751923,0.949000000953674,1.0);
#2906=CARTESIAN_POINT('',(3.1,1.35,-1.5));
#2907=VECTOR('',#4576,6.2);
#2908=DRAUGHTING_PRE_DEFINED_CURVE_FONT('continuous');
#2909=COLOUR_RGB('',0.878400027751923,0.949000000953674,1.0);
#2910=CARTESIAN_POINT('',(4.0,1.35,-4.7));
#2911=CARTESIAN_POINT('',(4.0,1.35,-1.0));
#2912=VECTOR('',#4577,3.7);
#2913=DRAUGHTING_PRE_DEFINED_CURVE_FONT('continuous');
#2914=COLOUR_RGB('',0.878400027751923,0.949000000953674,1.0);
#2915=CARTESIAN_POINT('',(3.57,1.35,-4.7));
#2916=CARTESIAN_POINT('',(4.0,1.35,-4.7));
#2917=VECTOR('',#4578,0.43);
#2918=DRAUGHTING_PRE_DEFINED_CURVE_FONT('continuous');
#2919=COLOUR_RGB('',0.878400027751923,0.949000000953674,1.0);
#2920=CARTESIAN_POINT('',(3.57,1.35,-4.25));
#2921=CARTESIAN_POINT('',(3.57,1.35,-4.7));
#2922=VECTOR('',#4579,0.45);
#2923=DRAUGHTING_PRE_DEFINED_CURVE_FONT('continuous');
#2924=COLOUR_RGB('',0.878400027751923,0.949000000953674,1.0);
#2925=CARTESIAN_POINT('',(-3.57,1.35,-4.25));
#2926=CARTESIAN_POINT('',(3.57,1.35,-4.25));
#2927=VECTOR('',#4580,7.14);
#2928=DRAUGHTING_PRE_DEFINED_CURVE_FONT('continuous');
#2929=COLOUR_RGB('',0.878400027751923,0.949000000953674,1.0);
#2930=CARTESIAN_POINT('',(-3.57,1.35,-4.7));
#2931=CARTESIAN_POINT('',(-3.57,1.35,-4.7));
#2932=VECTOR('',#4581,0.45);
#2933=DRAUGHTING_PRE_DEFINED_CURVE_FONT('continuous');
#2934=COLOUR_RGB('',0.878400027751923,0.949000000953674,1.0);
#2935=CARTESIAN_POINT('',(-3.57,1.35,-4.7));
#2936=VECTOR('',#4582,0.43);
#2937=DRAUGHTING_PRE_DEFINED_CURVE_FONT('continuous');
#2938=COLOUR_RGB('',0.878400027751923,0.949000000953674,1.0);
#2939=CARTESIAN_POINT('',(3.1,1.35,-1.0));
#2940=VECTOR('',#4583,0.5);
#2941=DRAUGHTING_PRE_DEFINED_CURVE_FONT('continuous');
#2942=COLOUR_RGB('',0.878400027751923,0.949000000953674,1.0);
#2943=CARTESIAN_POINT('',(3.1,0.95,-1.2));
#2944=CARTESIAN_POINT('',(3.1,0.95,-1.2));
#2945=VECTOR('',#4584,0.3);
#2946=DRAUGHTING_PRE_DEFINED_CURVE_FONT('continuous');
#2947=COLOUR_RGB('',0.878400027751923,0.949000000953674,1.0);
#2948=CARTESIAN_POINT('',(3.1,0.95,-1.2));
#2949=VECTOR('',#4585,0.2828427124746);
#2950=DRAUGHTING_PRE_DEFINED_CURVE_FONT('continuous');
#2951=COLOUR_RGB('',0.878400027751923,0.949000000953674,1.0);
#2952=CARTESIAN_POINT('',(3.4,0.95,-1.2));
#2953=CARTESIAN_POINT('',(3.4,0.95,-1.2));
#2954=VECTOR('',#4586,0.3);
#2955=DRAUGHTING_PRE_DEFINED_CURVE_FONT('continuous');
#2956=COLOUR_RGB('',0.878400027751923,0.949000000953674,1.0);
#2957=CARTESIAN_POINT('',(3.4,1.15,-1.0));
#2958=VECTOR('',#4587,0.2828427124746);
#2959=DRAUGHTING_PRE_DEFINED_CURVE_FONT('continuous');
#2960=COLOUR_RGB('',0.878400027751923,0.949000000953674,1.0);
#2961=CARTESIAN_POINT('',(3.4,0.068,-2.9));
#2962=CARTESIAN_POINT('',(3.4,0.95,-2.9));
#2963=CARTESIAN_POINT('',(3.4,0.068,-2.9));
#2964=VECTOR('',#4588,0.882);
#2965=DRAUGHTING_PRE_DEFINED_CURVE_FONT('continuous');
#2966=COLOUR_RGB('',0.878400027751923,0.949000000953674,1.0);
#2967=CARTESIAN_POINT('',(3.4,0.068,-0.2));
#2968=CARTESIAN_POINT('',(3.4,0.068,-0.2));
#2969=VECTOR('',#4589,2.7);
#2970=DRAUGHTING_PRE_DEFINED_CURVE_FONT('continuous');
#2971=COLOUR_RGB('',0.878400027751923,0.949000000953674,1.0);
#2972=CARTESIAN_POINT('',(3.4,0.95,-0.2));
#2973=CARTESIAN_POINT('',(3.4,0.95,-0.2));
#2974=VECTOR('',#4590,0.882);
#2975=DRAUGHTING_PRE_DEFINED_CURVE_FONT('continuous');
#2976=COLOUR_RGB('',0.878400027751923,0.949000000953674,1.0);
#2977=CARTESIAN_POINT('',(3.4,0.95,-0.2));
#2978=VECTOR('',#4591,0.8);
#2979=DRAUGHTING_PRE_DEFINED_CURVE_FONT('continuous');
#2980=COLOUR_RGB('',0.878400027751923,0.949000000953674,1.0);
#2981=CARTESIAN_POINT('',(3.4,0.95,-1.2));
#2982=VECTOR('',#4592,1.7);
#2983=DRAUGHTING_PRE_DEFINED_CURVE_FONT('continuous');
#2984=COLOUR_RGB('',0.878400027751923,0.949000000953674,1.0);
#2985=CARTESIAN_POINT('',(-3.4,0.95,-2.9));
#2986=CARTESIAN_POINT('',(-3.4,0.95,-1.2));
#2987=VECTOR('',#4593,1.7);
#2988=DRAUGHTING_PRE_DEFINED_CURVE_FONT('continuous');
#2989=COLOUR_RGB('',0.878400027751923,0.949000000953674,1.0);
#2990=CARTESIAN_POINT('',(3.4,0.95,-2.9));
#2991=VECTOR('',#4594,6.8);
#2992=DRAUGHTING_PRE_DEFINED_CURVE_FONT('continuous');
#2993=COLOUR_RGB('',0.878400027751923,0.949000000953674,1.0);
#2994=CARTESIAN_POINT('',(-3.4,0.95,-2.9));
#2995=VECTOR('',#4595,0.882);
#2996=DRAUGHTING_PRE_DEFINED_CURVE_FONT('continuous');
#2997=COLOUR_RGB('',0.878400027751923,0.949000000953674,1.0);
#2998=CARTESIAN_POINT('',(-3.4,-0.982,-2.9));
#2999=VECTOR('',#4596,0.468);
#3000=DRAUGHTING_PRE_DEFINED_CURVE_FONT('continuous');
#3001=COLOUR_RGB('',0.878400027751923,0.949000000953674,1.0);
#3002=CARTESIAN_POINT('',(-2.425,-1.45,-2.9));
#3003=VECTOR('',#4597,1.1);
#3004=DRAUGHTING_PRE_DEFINED_CURVE_FONT('continuous');
#3005=COLOUR_RGB('',0.878400027751923,0.949000000953674,1.0);
#3006=CARTESIAN_POINT('',(1.325,-1.45,-2.9));
#3007=VECTOR('',#4598,1.1);
#3008=DRAUGHTING_PRE_DEFINED_CURVE_FONT('continuous');
#3009=COLOUR_RGB('',0.878400027751923,0.949000000953674,1.0);
#3010=CARTESIAN_POINT('',(3.4,-0.982,-2.9));
#3011=CARTESIAN_POINT('',(3.4,-1.45,-2.9));
#3012=VECTOR('',#4599,0.468);
#3013=DRAUGHTING_PRE_DEFINED_CURVE_FONT('continuous');
#3014=COLOUR_RGB('',0.878400027751923,0.949000000953674,1.0);
#3015=CARTESIAN_POINT('',(3.7,-0.982,-2.9));
#3016=CARTESIAN_POINT('',(3.4,-0.982,-2.9));
#3017=VECTOR('',#4600,0.3);
#3018=DRAUGHTING_PRE_DEFINED_CURVE_FONT('continuous');
#3019=COLOUR_RGB('',0.878400027751923,0.949000000953674,1.0);
#3020=CARTESIAN_POINT('',(3.7,0.068,-2.9));
#3021=CARTESIAN_POINT('',(3.7,-0.982,-2.9));
#3022=VECTOR('',#4601,1.05);
#3023=DRAUGHTING_PRE_DEFINED_CURVE_FONT('continuous');
#3024=COLOUR_RGB('',0.878400027751923,0.949000000953674,1.0);
#3025=CARTESIAN_POINT('',(3.7,0.068,-2.9));
#3026=VECTOR('',#4602,0.3);
#3027=DRAUGHTING_PRE_DEFINED_CURVE_FONT('continuous');
#3028=COLOUR_RGB('',0.878400027751923,0.949000000953674,1.0);
#3029=CARTESIAN_POINT('',(-2.35,-1.09,-2.9));
#3030=CARTESIAN_POINT('',(-2.65,-1.09,-2.9));
#3031=CARTESIAN_POINT('',(-2.35,-1.09,-2.9));
#3032=VECTOR('',#4603,0.3);
#3033=DRAUGHTING_PRE_DEFINED_CURVE_FONT('continuous');
#3034=COLOUR_RGB('',0.878400027751923,0.949000000953674,1.0);
#3035=CARTESIAN_POINT('',(-2.65,-0.35,-2.9));
#3036=CARTESIAN_POINT('',(-2.65,-1.09,-2.9));
#3037=VECTOR('',#4604,0.74);
#3038=DRAUGHTING_PRE_DEFINED_CURVE_FONT('continuous');
#3039=COLOUR_RGB('',0.878400027751923,0.949000000953674,1.0);
#3040=CARTESIAN_POINT('',(-2.35,-0.35,-2.9));
#3041=CARTESIAN_POINT('',(-2.35,-0.35,-2.9));
#3042=VECTOR('',#4605,0.3);
#3043=DRAUGHTING_PRE_DEFINED_CURVE_FONT('continuous');
#3044=COLOUR_RGB('',0.878400027751923,0.949000000953674,1.0);
#3045=CARTESIAN_POINT('',(-2.35,-1.09,-2.9));
#3046=VECTOR('',#4606,0.74);
#3047=DRAUGHTING_PRE_DEFINED_CURVE_FONT('continuous');
#3048=COLOUR_RGB('',0.878400027751923,0.949000000953674,1.0);
#3049=CARTESIAN_POINT('',(-1.1,-1.09,-2.9));
#3050=CARTESIAN_POINT('',(-1.4,-1.09,-2.9));
#3051=CARTESIAN_POINT('',(-1.1,-1.09,-2.9));
#3052=VECTOR('',#4607,0.3);
#3053=DRAUGHTING_PRE_DEFINED_CURVE_FONT('continuous');
#3054=COLOUR_RGB('',0.878400027751923,0.949000000953674,1.0);
#3055=CARTESIAN_POINT('',(-1.4,-0.35,-2.9));
#3056=CARTESIAN_POINT('',(-1.4,-1.09,-2.9));
#3057=VECTOR('',#4608,0.74);
#3058=DRAUGHTING_PRE_DEFINED_CURVE_FONT('continuous');
#3059=COLOUR_RGB('',0.878400027751923,0.949000000953674,1.0);
#3060=CARTESIAN_POINT('',(-1.1,-0.35,-2.9));
#3061=CARTESIAN_POINT('',(-1.1,-0.35,-2.9));
#3062=VECTOR('',#4609,0.3);
#3063=DRAUGHTING_PRE_DEFINED_CURVE_FONT('continuous');
#3064=COLOUR_RGB('',0.878400027751923,0.949000000953674,1.0);
#3065=CARTESIAN_POINT('',(-1.1,-1.09,-2.9));
#3066=VECTOR('',#4610,0.74);
#3067=DRAUGHTING_PRE_DEFINED_CURVE_FONT('continuous');
#3068=COLOUR_RGB('',0.878400027751923,0.949000000953674,1.0);
#3069=CARTESIAN_POINT('',(0.15,-1.09,-2.9));
#3070=CARTESIAN_POINT('',(-0.15,-1.09,-2.9));
#3071=CARTESIAN_POINT('',(0.15,-1.09,-2.9));
#3072=VECTOR('',#4611,0.3);
#3073=DRAUGHTING_PRE_DEFINED_CURVE_FONT('continuous');
#3074=COLOUR_RGB('',0.878400027751923,0.949000000953674,1.0);
#3075=CARTESIAN_POINT('',(-0.15,-0.35,-2.9));
#3076=CARTESIAN_POINT('',(-0.15,-1.09,-2.9));
#3077=VECTOR('',#4612,0.74);
#3078=DRAUGHTING_PRE_DEFINED_CURVE_FONT('continuous');
#3079=COLOUR_RGB('',0.878400027751923,0.949000000953674,1.0);
#3080=CARTESIAN_POINT('',(0.15,-0.35,-2.9));
#3081=CARTESIAN_POINT('',(0.15,-0.35,-2.9));
#3082=VECTOR('',#4613,0.3);
#3083=DRAUGHTING_PRE_DEFINED_CURVE_FONT('continuous');
#3084=COLOUR_RGB('',0.878400027751923,0.949000000953674,1.0);
#3085=CARTESIAN_POINT('',(0.15,-1.09,-2.9));
#3086=VECTOR('',#4614,0.74);
#3087=DRAUGHTING_PRE_DEFINED_CURVE_FONT('continuous');
#3088=COLOUR_RGB('',0.878400027751923,0.949000000953674,1.0);
#3089=CARTESIAN_POINT('',(1.4,-1.09,-2.9));
#3090=CARTESIAN_POINT('',(1.1,-1.09,-2.9));
#3091=CARTESIAN_POINT('',(1.4,-1.09,-2.9));
#3092=VECTOR('',#4615,0.3);
#3093=DRAUGHTING_PRE_DEFINED_CURVE_FONT('continuous');
#3094=COLOUR_RGB('',0.878400027751923,0.949000000953674,1.0);
#3095=CARTESIAN_POINT('',(1.1,-0.35,-2.9));
#3096=CARTESIAN_POINT('',(1.1,-1.09,-2.9));
#3097=VECTOR('',#4616,0.74);
#3098=DRAUGHTING_PRE_DEFINED_CURVE_FONT('continuous');
#3099=COLOUR_RGB('',0.878400027751923,0.949000000953674,1.0);
#3100=CARTESIAN_POINT('',(1.4,-0.35,-2.9));
#3101=CARTESIAN_POINT('',(1.4,-0.35,-2.9));
#3102=VECTOR('',#4617,0.3);
#3103=DRAUGHTING_PRE_DEFINED_CURVE_FONT('continuous');
#3104=COLOUR_RGB('',0.878400027751923,0.949000000953674,1.0);
#3105=CARTESIAN_POINT('',(1.4,-1.09,-2.9));
#3106=VECTOR('',#4618,0.74);
#3107=DRAUGHTING_PRE_DEFINED_CURVE_FONT('continuous');
#3108=COLOUR_RGB('',0.878400027751923,0.949000000953674,1.0);
#3109=CARTESIAN_POINT('',(2.65,-1.09,-2.9));
#3110=CARTESIAN_POINT('',(2.35,-1.09,-2.9));
#3111=CARTESIAN_POINT('',(2.65,-1.09,-2.9));
#3112=VECTOR('',#4619,0.3);
#3113=DRAUGHTING_PRE_DEFINED_CURVE_FONT('continuous');
#3114=COLOUR_RGB('',0.878400027751923,0.949000000953674,1.0);
#3115=CARTESIAN_POINT('',(2.35,-0.35,-2.9));
#3116=CARTESIAN_POINT('',(2.35,-1.09,-2.9));
#3117=VECTOR('',#4620,0.74);
#3118=DRAUGHTING_PRE_DEFINED_CURVE_FONT('continuous');
#3119=COLOUR_RGB('',0.878400027751923,0.949000000953674,1.0);
#3120=CARTESIAN_POINT('',(2.65,-0.35,-2.9));
#3121=CARTESIAN_POINT('',(2.65,-0.35,-2.9));
#3122=VECTOR('',#4621,0.3);
#3123=DRAUGHTING_PRE_DEFINED_CURVE_FONT('continuous');
#3124=COLOUR_RGB('',0.878400027751923,0.949000000953674,1.0);
#3125=CARTESIAN_POINT('',(2.65,-1.09,-2.9));
#3126=VECTOR('',#4622,0.74);
#3127=DRAUGHTING_PRE_DEFINED_CURVE_FONT('continuous');
#3128=COLOUR_RGB('',0.878400027751923,0.949000000953674,1.0);
#3129=CARTESIAN_POINT('',(-2.35,-1.45,-4.25));
#3130=CARTESIAN_POINT('',(-2.35,-1.45,-4.05));
#3131=CARTESIAN_POINT('',(-2.35,-1.45,-4.25));
#3132=VECTOR('',#4623,0.2);
#3133=DRAUGHTING_PRE_DEFINED_CURVE_FONT('continuous');
#3134=COLOUR_RGB('',0.878400027751923,0.949000000953674,1.0);
#3135=CARTESIAN_POINT('',(-2.35,-4.15,-4.05));
#3136=CARTESIAN_POINT('',(-2.35,-4.15,-4.05));
#3137=VECTOR('',#4624,2.7);
#3138=DRAUGHTING_PRE_DEFINED_CURVE_FONT('continuous');
#3139=COLOUR_RGB('',0.878400027751923,0.949000000953674,1.0);
#3140=CARTESIAN_POINT('',(-2.35,-4.15,-4.41));
#3141=CARTESIAN_POINT('',(-2.35,-4.15,-4.41));
#3142=VECTOR('',#4625,0.36);
#3143=DRAUGHTING_PRE_DEFINED_CURVE_FONT('continuous');
#3144=COLOUR_RGB('',0.878400027751923,0.949000000953674,1.0);
#3145=CARTESIAN_POINT('',(-2.35,-1.785,-4.41));
#3146=CARTESIAN_POINT('',(-2.35,-1.785,-4.41));
#3147=VECTOR('',#4626,2.365);
#3148=DRAUGHTING_PRE_DEFINED_CURVE_FONT('continuous');
#3149=COLOUR_RGB('',0.878400027751923,0.949000000953674,1.0);
#3150=CARTESIAN_POINT('',(-2.35,-1.69,-4.505));
#3151=CARTESIAN_POINT('',(-2.35,-1.69,-4.505));
#3152=VECTOR('',#4627,0.1343502884254);
#3153=DRAUGHTING_PRE_DEFINED_CURVE_FONT('continuous');
#3154=COLOUR_RGB('',0.878400027751923,0.949000000953674,1.0);
#3155=CARTESIAN_POINT('',(-2.35,-1.065,-4.505));
#3156=CARTESIAN_POINT('',(-2.35,-1.065,-4.505));
#3157=VECTOR('',#4628,0.625);
#3158=DRAUGHTING_PRE_DEFINED_CURVE_FONT('continuous');
#3159=COLOUR_RGB('',0.878400027751923,0.949000000953674,1.0);
#3160=CARTESIAN_POINT('',(-2.35,-0.97,-4.6));
#3161=CARTESIAN_POINT('',(-2.35,-0.97,-4.6));
#3162=VECTOR('',#4629,0.1343502884254);
#3163=DRAUGHTING_PRE_DEFINED_CURVE_FONT('continuous');
#3164=COLOUR_RGB('',0.878400027751923,0.949000000953674,1.0);
#3165=CARTESIAN_POINT('',(-2.35,-0.47,-4.6));
#3166=CARTESIAN_POINT('',(-2.35,-0.47,-4.6));
#3167=VECTOR('',#4630,0.5);
#3168=DRAUGHTING_PRE_DEFINED_CURVE_FONT('continuous');
#3169=COLOUR_RGB('',0.878400027751923,0.949000000953674,1.0);
#3170=CARTESIAN_POINT('',(-2.35,-0.375,-4.505));
#3171=CARTESIAN_POINT('',(-2.35,-0.375,-4.505));
#3172=VECTOR('',#4631,0.1343502884254);
#3173=DRAUGHTING_PRE_DEFINED_CURVE_FONT('continuous');
#3174=COLOUR_RGB('',0.878400027751923,0.949000000953674,1.0);
#3175=CARTESIAN_POINT('',(-2.35,0.39,-4.505));
#3176=CARTESIAN_POINT('',(-2.35,0.39,-4.505));
#3177=VECTOR('',#4632,0.765);
#3178=DRAUGHTING_PRE_DEFINED_CURVE_FONT('continuous');
#3179=COLOUR_RGB('',0.878400027751923,0.949000000953674,1.0);
#3180=CARTESIAN_POINT('',(-2.35,0.39,-4.25));
#3181=CARTESIAN_POINT('',(-2.35,0.39,-4.25));
#3182=VECTOR('',#4633,0.255);
#3183=DRAUGHTING_PRE_DEFINED_CURVE_FONT('continuous');
#3184=COLOUR_RGB('',0.878400027751923,0.949000000953674,1.0);
#3185=CARTESIAN_POINT('',(-2.35,0.39,-4.25));
#3186=VECTOR('',#4634,1.84);
#3187=DRAUGHTING_PRE_DEFINED_CURVE_FONT('continuous');
#3188=COLOUR_RGB('',0.878400027751923,0.949000000953674,1.0);
#3189=CARTESIAN_POINT('',(-2.35,-0.35,-0.65));
#3190=CARTESIAN_POINT('',(-2.35,-0.35,-0.65));
#3191=VECTOR('',#4635,2.25);
#3192=DRAUGHTING_PRE_DEFINED_CURVE_FONT('continuous');
#3193=COLOUR_RGB('',0.878400027751923,0.949000000953674,1.0);
#3194=CARTESIAN_POINT('',(-2.35,-1.09,-0.65));
#3195=CARTESIAN_POINT('',(-2.35,-1.09,-0.65));
#3196=VECTOR('',#4636,0.74);
#3197=DRAUGHTING_PRE_DEFINED_CURVE_FONT('continuous');
#3198=COLOUR_RGB('',0.878400027751923,0.949000000953674,1.0);
#3199=CARTESIAN_POINT('',(-2.35,-1.09,-2.9));
#3200=VECTOR('',#4637,2.25);
#3201=DRAUGHTING_PRE_DEFINED_CURVE_FONT('continuous');
#3202=COLOUR_RGB('',0.878400027751923,0.949000000953674,1.0);
#3203=CARTESIAN_POINT('',(2.65,0.39,-4.25));
#3204=CARTESIAN_POINT('',(2.35,0.39,-4.25));
#3205=CARTESIAN_POINT('',(2.65,0.39,-4.25));
#3206=VECTOR('',#4638,0.3);
#3207=DRAUGHTING_PRE_DEFINED_CURVE_FONT('continuous');
#3208=COLOUR_RGB('',0.878400027751923,0.949000000953674,1.0);
#3209=CARTESIAN_POINT('',(2.35,-1.45,-4.25));
#3210=CARTESIAN_POINT('',(2.35,-1.45,-4.25));
#3211=VECTOR('',#4639,1.84);
#3212=DRAUGHTING_PRE_DEFINED_CURVE_FONT('continuous');
#3213=COLOUR_RGB('',0.878400027751923,0.949000000953674,1.0);
#3214=CARTESIAN_POINT('',(1.4,-1.45,-4.25));
#3215=CARTESIAN_POINT('',(2.35,-1.45,-4.25));
#3216=VECTOR('',#4640,0.95);
#3217=DRAUGHTING_PRE_DEFINED_CURVE_FONT('continuous');
#3218=COLOUR_RGB('',0.878400027751923,0.949000000953674,1.0);
#3219=CARTESIAN_POINT('',(1.4,0.39,-4.25));
#3220=CARTESIAN_POINT('',(1.4,-1.45,-4.25));
#3221=VECTOR('',#4641,1.84);
#3222=DRAUGHTING_PRE_DEFINED_CURVE_FONT('continuous');
#3223=COLOUR_RGB('',0.878400027751923,0.949000000953674,1.0);
#3224=CARTESIAN_POINT('',(1.1,0.39,-4.25));
#3225=CARTESIAN_POINT('',(1.4,0.39,-4.25));
#3226=VECTOR('',#4642,0.3);
#3227=DRAUGHTING_PRE_DEFINED_CURVE_FONT('continuous');
#3228=COLOUR_RGB('',0.878400027751923,0.949000000953674,1.0);
#3229=CARTESIAN_POINT('',(1.1,-1.45,-4.25));
#3230=CARTESIAN_POINT('',(1.1,-1.45,-4.25));
#3231=VECTOR('',#4643,1.84);
#3232=DRAUGHTING_PRE_DEFINED_CURVE_FONT('continuous');
#3233=COLOUR_RGB('',0.878400027751923,0.949000000953674,1.0);
#3234=CARTESIAN_POINT('',(0.15,-1.45,-4.25));
#3235=CARTESIAN_POINT('',(1.1,-1.45,-4.25));
#3236=VECTOR('',#4644,0.95);
#3237=DRAUGHTING_PRE_DEFINED_CURVE_FONT('continuous');
#3238=COLOUR_RGB('',0.878400027751923,0.949000000953674,1.0);
#3239=CARTESIAN_POINT('',(0.15,0.39,-4.25));
#3240=CARTESIAN_POINT('',(0.15,-1.45,-4.25));
#3241=VECTOR('',#4645,1.84);
#3242=DRAUGHTING_PRE_DEFINED_CURVE_FONT('continuous');
#3243=COLOUR_RGB('',0.878400027751923,0.949000000953674,1.0);
#3244=CARTESIAN_POINT('',(-0.15,0.39,-4.25));
#3245=CARTESIAN_POINT('',(0.15,0.39,-4.25));
#3246=VECTOR('',#4646,0.3);
#3247=DRAUGHTING_PRE_DEFINED_CURVE_FONT('continuous');
#3248=COLOUR_RGB('',0.878400027751923,0.949000000953674,1.0);
#3249=CARTESIAN_POINT('',(-0.15,-1.45,-4.25));
#3250=CARTESIAN_POINT('',(-0.15,-1.45,-4.25));
#3251=VECTOR('',#4647,1.84);
#3252=DRAUGHTING_PRE_DEFINED_CURVE_FONT('continuous');
#3253=COLOUR_RGB('',0.878400027751923,0.949000000953674,1.0);
#3254=CARTESIAN_POINT('',(-1.1,-1.45,-4.25));
#3255=CARTESIAN_POINT('',(-0.15,-1.45,-4.25));
#3256=VECTOR('',#4648,0.95);
#3257=DRAUGHTING_PRE_DEFINED_CURVE_FONT('continuous');
#3258=COLOUR_RGB('',0.878400027751923,0.949000000953674,1.0);
#3259=CARTESIAN_POINT('',(-1.1,0.39,-4.25));
#3260=CARTESIAN_POINT('',(-1.1,-1.45,-4.25));
#3261=VECTOR('',#4649,1.84);
#3262=DRAUGHTING_PRE_DEFINED_CURVE_FONT('continuous');
#3263=COLOUR_RGB('',0.878400027751923,0.949000000953674,1.0);
#3264=CARTESIAN_POINT('',(-1.4,0.39,-4.25));
#3265=CARTESIAN_POINT('',(-1.1,0.39,-4.25));
#3266=VECTOR('',#4650,0.3);
#3267=DRAUGHTING_PRE_DEFINED_CURVE_FONT('continuous');
#3268=COLOUR_RGB('',0.878400027751923,0.949000000953674,1.0);
#3269=CARTESIAN_POINT('',(-1.4,-1.45,-4.25));
#3270=CARTESIAN_POINT('',(-1.4,-1.45,-4.25));
#3271=VECTOR('',#4651,1.84);
#3272=DRAUGHTING_PRE_DEFINED_CURVE_FONT('continuous');
#3273=COLOUR_RGB('',0.878400027751923,0.949000000953674,1.0);
#3274=CARTESIAN_POINT('',(-1.4,-1.45,-4.25));
#3275=VECTOR('',#4652,0.95);
#3276=DRAUGHTING_PRE_DEFINED_CURVE_FONT('continuous');
#3277=COLOUR_RGB('',0.878400027751923,0.949000000953674,1.0);
#3278=CARTESIAN_POINT('',(-2.65,0.39,-4.25));
#3279=CARTESIAN_POINT('',(-2.35,0.39,-4.25));
#3280=VECTOR('',#4653,0.3);
#3281=DRAUGHTING_PRE_DEFINED_CURVE_FONT('continuous');
#3282=COLOUR_RGB('',0.878400027751923,0.949000000953674,1.0);
#3283=CARTESIAN_POINT('',(-2.65,-1.45,-4.25));
#3284=CARTESIAN_POINT('',(-2.65,0.39,-4.25));
#3285=VECTOR('',#4654,1.84);
#3286=DRAUGHTING_PRE_DEFINED_CURVE_FONT('continuous');
#3287=COLOUR_RGB('',0.878400027751923,0.949000000953674,1.0);
#3288=CARTESIAN_POINT('',(-3.57,-1.45,-4.25));
#3289=CARTESIAN_POINT('',(-2.65,-1.45,-4.25));
#3290=VECTOR('',#4655,0.92);
#3291=DRAUGHTING_PRE_DEFINED_CURVE_FONT('continuous');
#3292=COLOUR_RGB('',0.878400027751923,0.949000000953674,1.0);
#3293=CARTESIAN_POINT('',(-3.57,-1.45,-4.25));
#3294=VECTOR('',#4656,2.8);
#3295=DRAUGHTING_PRE_DEFINED_CURVE_FONT('continuous');
#3296=COLOUR_RGB('',0.878400027751923,0.949000000953674,1.0);
#3297=CARTESIAN_POINT('',(3.57,-1.45,-4.25));
#3298=CARTESIAN_POINT('',(3.57,-1.45,-4.25));
#3299=VECTOR('',#4657,2.8);
#3300=DRAUGHTING_PRE_DEFINED_CURVE_FONT('continuous');
#3301=COLOUR_RGB('',0.878400027751923,0.949000000953674,1.0);
#3302=CARTESIAN_POINT('',(2.65,-1.45,-4.25));
#3303=CARTESIAN_POINT('',(3.57,-1.45,-4.25));
#3304=VECTOR('',#4658,0.92);
#3305=DRAUGHTING_PRE_DEFINED_CURVE_FONT('continuous');
#3306=COLOUR_RGB('',0.878400027751923,0.949000000953674,1.0);
#3307=CARTESIAN_POINT('',(2.65,-1.45,-4.25));
#3308=VECTOR('',#4659,1.84);
#3309=DRAUGHTING_PRE_DEFINED_CURVE_FONT('continuous');
#3310=COLOUR_RGB('',0.878400027751923,0.949000000953674,1.0);
#3311=CARTESIAN_POINT('',(2.65,-1.45,-4.05));
#3312=CARTESIAN_POINT('',(2.65,-1.45,-4.25));
#3313=VECTOR('',#4660,0.2);
#3314=DRAUGHTING_PRE_DEFINED_CURVE_FONT('continuous');
#3315=COLOUR_RGB('',0.878400027751923,0.949000000953674,1.0);
#3316=CARTESIAN_POINT('',(2.65,-4.15,-4.05));
#3317=CARTESIAN_POINT('',(2.65,-4.15,-4.05));
#3318=VECTOR('',#4661,2.7);
#3319=DRAUGHTING_PRE_DEFINED_CURVE_FONT('continuous');
#3320=COLOUR_RGB('',0.878400027751923,0.949000000953674,1.0);
#3321=CARTESIAN_POINT('',(2.65,-4.15,-4.41));
#3322=CARTESIAN_POINT('',(2.65,-4.15,-4.41));
#3323=VECTOR('',#4662,0.36);
#3324=DRAUGHTING_PRE_DEFINED_CURVE_FONT('continuous');
#3325=COLOUR_RGB('',0.878400027751923,0.949000000953674,1.0);
#3326=CARTESIAN_POINT('',(2.65,-1.785,-4.41));
#3327=CARTESIAN_POINT('',(2.65,-1.785,-4.41));
#3328=VECTOR('',#4663,2.365);
#3329=DRAUGHTING_PRE_DEFINED_CURVE_FONT('continuous');
#3330=COLOUR_RGB('',0.878400027751923,0.949000000953674,1.0);
#3331=CARTESIAN_POINT('',(2.65,-1.69,-4.505));
#3332=CARTESIAN_POINT('',(2.65,-1.69,-4.505));
#3333=VECTOR('',#4664,0.1343502884254);
#3334=DRAUGHTING_PRE_DEFINED_CURVE_FONT('continuous');
#3335=COLOUR_RGB('',0.878400027751923,0.949000000953674,1.0);
#3336=CARTESIAN_POINT('',(2.65,-1.065,-4.505));
#3337=CARTESIAN_POINT('',(2.65,-1.065,-4.505));
#3338=VECTOR('',#4665,0.625);
#3339=DRAUGHTING_PRE_DEFINED_CURVE_FONT('continuous');
#3340=COLOUR_RGB('',0.878400027751923,0.949000000953674,1.0);
#3341=CARTESIAN_POINT('',(2.65,-0.97,-4.6));
#3342=CARTESIAN_POINT('',(2.65,-0.97,-4.6));
#3343=VECTOR('',#4666,0.1343502884254);
#3344=DRAUGHTING_PRE_DEFINED_CURVE_FONT('continuous');
#3345=COLOUR_RGB('',0.878400027751923,0.949000000953674,1.0);
#3346=CARTESIAN_POINT('',(2.65,-0.47,-4.6));
#3347=CARTESIAN_POINT('',(2.65,-0.47,-4.6));
#3348=VECTOR('',#4667,0.5);
#3349=DRAUGHTING_PRE_DEFINED_CURVE_FONT('continuous');
#3350=COLOUR_RGB('',0.878400027751923,0.949000000953674,1.0);
#3351=CARTESIAN_POINT('',(2.65,-0.375,-4.505));
#3352=CARTESIAN_POINT('',(2.65,-0.375,-4.505));
#3353=VECTOR('',#4668,0.1343502884254);
#3354=DRAUGHTING_PRE_DEFINED_CURVE_FONT('continuous');
#3355=COLOUR_RGB('',0.878400027751923,0.949000000953674,1.0);
#3356=CARTESIAN_POINT('',(2.65,0.39,-4.505));
#3357=CARTESIAN_POINT('',(2.65,0.39,-4.505));
#3358=VECTOR('',#4669,0.765);
#3359=DRAUGHTING_PRE_DEFINED_CURVE_FONT('continuous');
#3360=COLOUR_RGB('',0.878400027751923,0.949000000953674,1.0);
#3361=CARTESIAN_POINT('',(2.65,0.39,-4.25));
#3362=VECTOR('',#4670,0.255);
#3363=DRAUGHTING_PRE_DEFINED_CURVE_FONT('continuous');
#3364=COLOUR_RGB('',0.878400027751923,0.949000000953674,1.0);
#3365=CARTESIAN_POINT('',(2.65,-0.35,-0.65));
#3366=CARTESIAN_POINT('',(2.65,-0.35,-0.65));
#3367=VECTOR('',#4671,2.25);
#3368=DRAUGHTING_PRE_DEFINED_CURVE_FONT('continuous');
#3369=COLOUR_RGB('',0.878400027751923,0.949000000953674,1.0);
#3370=CARTESIAN_POINT('',(2.65,-1.09,-0.65));
#3371=CARTESIAN_POINT('',(2.65,-1.09,-0.65));
#3372=VECTOR('',#4672,0.74);
#3373=DRAUGHTING_PRE_DEFINED_CURVE_FONT('continuous');
#3374=COLOUR_RGB('',0.878400027751923,0.949000000953674,1.0);
#3375=CARTESIAN_POINT('',(2.65,-1.09,-2.9));
#3376=VECTOR('',#4673,2.25);
#3377=DRAUGHTING_PRE_DEFINED_CURVE_FONT('continuous');
#3378=COLOUR_RGB('',0.878400027751923,0.949000000953674,1.0);
#3379=CARTESIAN_POINT('',(2.35,0.39,-4.505));
#3380=CARTESIAN_POINT('',(2.65,0.39,-4.505));
#3381=VECTOR('',#4674,0.3);
#3382=DRAUGHTING_PRE_DEFINED_CURVE_FONT('continuous');
#3383=COLOUR_RGB('',0.878400027751923,0.949000000953674,1.0);
#3384=CARTESIAN_POINT('',(2.35,0.39,-4.25));
#3385=VECTOR('',#4675,0.255);
#3386=DRAUGHTING_PRE_DEFINED_CURVE_FONT('continuous');
#3387=COLOUR_RGB('',0.878400027751923,0.949000000953674,1.0);
#3388=CARTESIAN_POINT('',(2.35,-0.375,-4.505));
#3389=CARTESIAN_POINT('',(2.35,0.39,-4.505));
#3390=VECTOR('',#4676,0.765);
#3391=DRAUGHTING_PRE_DEFINED_CURVE_FONT('continuous');
#3392=COLOUR_RGB('',0.878400027751923,0.949000000953674,1.0);
#3393=CARTESIAN_POINT('',(2.35,-0.47,-4.6));
#3394=CARTESIAN_POINT('',(2.35,-0.375,-4.505));
#3395=VECTOR('',#4677,0.1343502884254);
#3396=DRAUGHTING_PRE_DEFINED_CURVE_FONT('continuous');
#3397=COLOUR_RGB('',0.878400027751923,0.949000000953674,1.0);
#3398=CARTESIAN_POINT('',(2.35,-0.97,-4.6));
#3399=CARTESIAN_POINT('',(2.35,-0.47,-4.6));
#3400=VECTOR('',#4678,0.5);
#3401=DRAUGHTING_PRE_DEFINED_CURVE_FONT('continuous');
#3402=COLOUR_RGB('',0.878400027751923,0.949000000953674,1.0);
#3403=CARTESIAN_POINT('',(2.35,-1.065,-4.505));
#3404=CARTESIAN_POINT('',(2.35,-0.97,-4.6));
#3405=VECTOR('',#4679,0.1343502884254);
#3406=DRAUGHTING_PRE_DEFINED_CURVE_FONT('continuous');
#3407=COLOUR_RGB('',0.878400027751923,0.949000000953674,1.0);
#3408=CARTESIAN_POINT('',(2.35,-1.69,-4.505));
#3409=CARTESIAN_POINT('',(2.35,-1.065,-4.505));
#3410=VECTOR('',#4680,0.625);
#3411=DRAUGHTING_PRE_DEFINED_CURVE_FONT('continuous');
#3412=COLOUR_RGB('',0.878400027751923,0.949000000953674,1.0);
#3413=CARTESIAN_POINT('',(2.35,-1.785,-4.41));
#3414=CARTESIAN_POINT('',(2.35,-1.69,-4.505));
#3415=VECTOR('',#4681,0.1343502884254);
#3416=DRAUGHTING_PRE_DEFINED_CURVE_FONT('continuous');
#3417=COLOUR_RGB('',0.878400027751923,0.949000000953674,1.0);
#3418=CARTESIAN_POINT('',(2.35,-4.15,-4.41));
#3419=CARTESIAN_POINT('',(2.35,-1.785,-4.41));
#3420=VECTOR('',#4682,2.365);
#3421=DRAUGHTING_PRE_DEFINED_CURVE_FONT('continuous');
#3422=COLOUR_RGB('',0.878400027751923,0.949000000953674,1.0);
#3423=CARTESIAN_POINT('',(2.35,-4.15,-4.05));
#3424=CARTESIAN_POINT('',(2.35,-4.15,-4.41));
#3425=VECTOR('',#4683,0.36);
#3426=DRAUGHTING_PRE_DEFINED_CURVE_FONT('continuous');
#3427=COLOUR_RGB('',0.878400027751923,0.949000000953674,1.0);
#3428=CARTESIAN_POINT('',(2.35,-1.45,-4.05));
#3429=CARTESIAN_POINT('',(2.35,-4.15,-4.05));
#3430=VECTOR('',#4684,2.7);
#3431=DRAUGHTING_PRE_DEFINED_CURVE_FONT('continuous');
#3432=COLOUR_RGB('',0.878400027751923,0.949000000953674,1.0);
#3433=CARTESIAN_POINT('',(2.35,-1.45,-4.25));
#3434=VECTOR('',#4685,0.2);
#3435=DRAUGHTING_PRE_DEFINED_CURVE_FONT('continuous');
#3436=COLOUR_RGB('',0.878400027751923,0.949000000953674,1.0);
#3437=CARTESIAN_POINT('',(2.35,-1.09,-0.65));
#3438=CARTESIAN_POINT('',(2.35,-1.09,-2.9));
#3439=VECTOR('',#4686,2.25);
#3440=DRAUGHTING_PRE_DEFINED_CURVE_FONT('continuous');
#3441=COLOUR_RGB('',0.878400027751923,0.949000000953674,1.0);
#3442=CARTESIAN_POINT('',(2.35,-0.35,-0.65));
#3443=CARTESIAN_POINT('',(2.35,-1.09,-0.65));
#3444=VECTOR('',#4687,0.74);
#3445=DRAUGHTING_PRE_DEFINED_CURVE_FONT('continuous');
#3446=COLOUR_RGB('',0.878400027751923,0.949000000953674,1.0);
#3447=CARTESIAN_POINT('',(2.35,-0.35,-0.65));
#3448=VECTOR('',#4688,2.25);
#3449=DRAUGHTING_PRE_DEFINED_CURVE_FONT('continuous');
#3450=COLOUR_RGB('',0.878400027751923,0.949000000953674,1.0);
#3451=CARTESIAN_POINT('',(-3.57,-1.45,-4.05));
#3452=CARTESIAN_POINT('',(-2.65,-1.45,-4.05));
#3453=CARTESIAN_POINT('',(-3.57,-1.45,-4.05));
#3454=VECTOR('',#4689,0.92);
#3455=DRAUGHTING_PRE_DEFINED_CURVE_FONT('continuous');
#3456=COLOUR_RGB('',0.878400027751923,0.949000000953674,1.0);
#3457=CARTESIAN_POINT('',(-3.57,-1.45,-4.25));
#3458=VECTOR('',#4690,0.2);
#3459=DRAUGHTING_PRE_DEFINED_CURVE_FONT('continuous');
#3460=COLOUR_RGB('',0.878400027751923,0.949000000953674,1.0);
#3461=CARTESIAN_POINT('',(-2.65,-1.45,-4.25));
#3462=VECTOR('',#4691,0.2);
#3463=DRAUGHTING_PRE_DEFINED_CURVE_FONT('continuous');
#3464=COLOUR_RGB('',0.878400027751923,0.949000000953674,1.0);
#3465=CARTESIAN_POINT('',(-1.325,-1.45,-4.05));
#3466=CARTESIAN_POINT('',(-1.4,-1.45,-4.05));
#3467=CARTESIAN_POINT('',(-1.325,-1.45,-4.05));
#3468=VECTOR('',#4692,0.075);
#3469=DRAUGHTING_PRE_DEFINED_CURVE_FONT('continuous');
#3470=COLOUR_RGB('',0.878400027751923,0.949000000953674,1.0);
#3471=CARTESIAN_POINT('',(-1.325,-1.45,-4.05));
#3472=VECTOR('',#4693,1.15);
#3473=DRAUGHTING_PRE_DEFINED_CURVE_FONT('continuous');
#3474=COLOUR_RGB('',0.878400027751923,0.949000000953674,1.0);
#3475=CARTESIAN_POINT('',(-2.425,-1.45,-4.05));
#3476=CARTESIAN_POINT('',(-2.425,-1.45,-2.9));
#3477=VECTOR('',#4694,1.15);
#3478=DRAUGHTING_PRE_DEFINED_CURVE_FONT('continuous');
#3479=COLOUR_RGB('',0.878400027751923,0.949000000953674,1.0);
#3480=CARTESIAN_POINT('',(-2.35,-1.45,-4.05));
#3481=VECTOR('',#4695,0.075);
#3482=DRAUGHTING_PRE_DEFINED_CURVE_FONT('continuous');
#3483=COLOUR_RGB('',0.878400027751923,0.949000000953674,1.0);
#3484=CARTESIAN_POINT('',(-1.4,-1.45,-4.25));
#3485=VECTOR('',#4696,0.2);
#3486=DRAUGHTING_PRE_DEFINED_CURVE_FONT('continuous');
#3487=COLOUR_RGB('',0.878400027751923,0.949000000953674,1.0);
#3488=CARTESIAN_POINT('',(-1.1,-1.45,-4.05));
#3489=CARTESIAN_POINT('',(-0.15,-1.45,-4.05));
#3490=CARTESIAN_POINT('',(-1.1,-1.45,-4.05));
#3491=VECTOR('',#4697,0.95);
#3492=DRAUGHTING_PRE_DEFINED_CURVE_FONT('continuous');
#3493=COLOUR_RGB('',0.878400027751923,0.949000000953674,1.0);
#3494=CARTESIAN_POINT('',(-1.1,-1.45,-4.25));
#3495=VECTOR('',#4698,0.2);
#3496=DRAUGHTING_PRE_DEFINED_CURVE_FONT('continuous');
#3497=COLOUR_RGB('',0.878400027751923,0.949000000953674,1.0);
#3498=CARTESIAN_POINT('',(-0.15,-1.45,-4.25));
#3499=VECTOR('',#4699,0.2);
#3500=DRAUGHTING_PRE_DEFINED_CURVE_FONT('continuous');
#3501=COLOUR_RGB('',0.878400027751923,0.949000000953674,1.0);
#3502=CARTESIAN_POINT('',(0.15,-1.45,-4.05));
#3503=CARTESIAN_POINT('',(1.1,-1.45,-4.05));
#3504=CARTESIAN_POINT('',(0.15,-1.45,-4.05));
#3505=VECTOR('',#4700,0.95);
#3506=DRAUGHTING_PRE_DEFINED_CURVE_FONT('continuous');
#3507=COLOUR_RGB('',0.878400027751923,0.949000000953674,1.0);
#3508=CARTESIAN_POINT('',(0.15,-1.45,-4.25));
#3509=VECTOR('',#4701,0.2);
#3510=DRAUGHTING_PRE_DEFINED_CURVE_FONT('continuous');
#3511=COLOUR_RGB('',0.878400027751923,0.949000000953674,1.0);
#3512=CARTESIAN_POINT('',(1.1,-1.45,-4.25));
#3513=VECTOR('',#4702,0.2);
#3514=DRAUGHTING_PRE_DEFINED_CURVE_FONT('continuous');
#3515=COLOUR_RGB('',0.878400027751923,0.949000000953674,1.0);
#3516=CARTESIAN_POINT('',(3.57,-1.45,-4.05));
#3517=CARTESIAN_POINT('',(3.57,-1.45,-4.25));
#3518=VECTOR('',#4703,0.2);
#3519=DRAUGHTING_PRE_DEFINED_CURVE_FONT('continuous');
#3520=COLOUR_RGB('',0.878400027751923,0.949000000953674,1.0);
#3521=CARTESIAN_POINT('',(2.65,-1.45,-4.05));
#3522=VECTOR('',#4704,0.92);
#3523=DRAUGHTING_PRE_DEFINED_CURVE_FONT('continuous');
#3524=COLOUR_RGB('',0.878400027751923,0.949000000953674,1.0);
#3525=CARTESIAN_POINT('',(2.425,-1.45,-4.05));
#3526=CARTESIAN_POINT('',(2.425,-1.45,-4.05));
#3527=VECTOR('',#4705,0.075);
#3528=DRAUGHTING_PRE_DEFINED_CURVE_FONT('continuous');
#3529=COLOUR_RGB('',0.878400027751923,0.949000000953674,1.0);
#3530=CARTESIAN_POINT('',(2.425,-1.45,-4.05));
#3531=VECTOR('',#4706,1.15);
#3532=DRAUGHTING_PRE_DEFINED_CURVE_FONT('continuous');
#3533=COLOUR_RGB('',0.878400027751923,0.949000000953674,1.0);
#3534=CARTESIAN_POINT('',(1.325,-1.45,-4.05));
#3535=CARTESIAN_POINT('',(1.325,-1.45,-2.9));
#3536=VECTOR('',#4707,1.15);
#3537=DRAUGHTING_PRE_DEFINED_CURVE_FONT('continuous');
#3538=COLOUR_RGB('',0.878400027751923,0.949000000953674,1.0);
#3539=CARTESIAN_POINT('',(1.4,-1.45,-4.05));
#3540=CARTESIAN_POINT('',(1.4,-1.45,-4.05));
#3541=VECTOR('',#4708,0.075);
#3542=DRAUGHTING_PRE_DEFINED_CURVE_FONT('continuous');
#3543=COLOUR_RGB('',0.878400027751923,0.949000000953674,1.0);
#3544=CARTESIAN_POINT('',(1.4,-1.45,-4.25));
#3545=VECTOR('',#4709,0.2);
#3546=DRAUGHTING_PRE_DEFINED_CURVE_FONT('continuous');
#3547=COLOUR_RGB('',0.878400027751923,0.949000000953674,1.0);
#3548=CARTESIAN_POINT('',(-2.65,0.39,-4.505));
#3549=CARTESIAN_POINT('',(-2.65,0.39,-4.25));
#3550=VECTOR('',#4710,0.255);
#3551=DRAUGHTING_PRE_DEFINED_CURVE_FONT('continuous');
#3552=COLOUR_RGB('',0.878400027751923,0.949000000953674,1.0);
#3553=CARTESIAN_POINT('',(-2.65,-0.375,-4.505));
#3554=CARTESIAN_POINT('',(-2.65,0.39,-4.505));
#3555=VECTOR('',#4711,0.765);
#3556=DRAUGHTING_PRE_DEFINED_CURVE_FONT('continuous');
#3557=COLOUR_RGB('',0.878400027751923,0.949000000953674,1.0);
#3558=CARTESIAN_POINT('',(-2.65,-0.47,-4.6));
#3559=CARTESIAN_POINT('',(-2.65,-0.375,-4.505));
#3560=VECTOR('',#4712,0.1343502884254);
#3561=DRAUGHTING_PRE_DEFINED_CURVE_FONT('continuous');
#3562=COLOUR_RGB('',0.878400027751923,0.949000000953674,1.0);
#3563=CARTESIAN_POINT('',(-2.65,-0.97,-4.6));
#3564=CARTESIAN_POINT('',(-2.65,-0.47,-4.6));
#3565=VECTOR('',#4713,0.5);
#3566=DRAUGHTING_PRE_DEFINED_CURVE_FONT('continuous');
#3567=COLOUR_RGB('',0.878400027751923,0.949000000953674,1.0);
#3568=CARTESIAN_POINT('',(-2.65,-1.065,-4.505));
#3569=CARTESIAN_POINT('',(-2.65,-0.97,-4.6));
#3570=VECTOR('',#4714,0.1343502884254);
#3571=DRAUGHTING_PRE_DEFINED_CURVE_FONT('continuous');
#3572=COLOUR_RGB('',0.878400027751923,0.949000000953674,1.0);
#3573=CARTESIAN_POINT('',(-2.65,-1.69,-4.505));
#3574=CARTESIAN_POINT('',(-2.65,-1.065,-4.505));
#3575=VECTOR('',#4715,0.625);
#3576=DRAUGHTING_PRE_DEFINED_CURVE_FONT('continuous');
#3577=COLOUR_RGB('',0.878400027751923,0.949000000953674,1.0);
#3578=CARTESIAN_POINT('',(-2.65,-1.785,-4.41));
#3579=CARTESIAN_POINT('',(-2.65,-1.69,-4.505));
#3580=VECTOR('',#4716,0.1343502884254);
#3581=DRAUGHTING_PRE_DEFINED_CURVE_FONT('continuous');
#3582=COLOUR_RGB('',0.878400027751923,0.949000000953674,1.0);
#3583=CARTESIAN_POINT('',(-2.65,-4.15,-4.41));
#3584=CARTESIAN_POINT('',(-2.65,-1.785,-4.41));
#3585=VECTOR('',#4717,2.365);
#3586=DRAUGHTING_PRE_DEFINED_CURVE_FONT('continuous');
#3587=COLOUR_RGB('',0.878400027751923,0.949000000953674,1.0);
#3588=CARTESIAN_POINT('',(-2.65,-4.15,-4.05));
#3589=CARTESIAN_POINT('',(-2.65,-4.15,-4.41));
#3590=VECTOR('',#4718,0.36);
#3591=DRAUGHTING_PRE_DEFINED_CURVE_FONT('continuous');
#3592=COLOUR_RGB('',0.878400027751923,0.949000000953674,1.0);
#3593=CARTESIAN_POINT('',(-2.65,-4.15,-4.05));
#3594=VECTOR('',#4719,2.7);
#3595=DRAUGHTING_PRE_DEFINED_CURVE_FONT('continuous');
#3596=COLOUR_RGB('',0.878400027751923,0.949000000953674,1.0);
#3597=CARTESIAN_POINT('',(-2.65,-1.09,-0.65));
#3598=CARTESIAN_POINT('',(-2.65,-1.09,-2.9));
#3599=VECTOR('',#4720,2.25);
#3600=DRAUGHTING_PRE_DEFINED_CURVE_FONT('continuous');
#3601=COLOUR_RGB('',0.878400027751923,0.949000000953674,1.0);
#3602=CARTESIAN_POINT('',(-2.65,-0.35,-0.65));
#3603=CARTESIAN_POINT('',(-2.65,-1.09,-0.65));
#3604=VECTOR('',#4721,0.74);
#3605=DRAUGHTING_PRE_DEFINED_CURVE_FONT('continuous');
#3606=COLOUR_RGB('',0.878400027751923,0.949000000953674,1.0);
#3607=CARTESIAN_POINT('',(-2.65,-0.35,-0.65));
#3608=VECTOR('',#4722,2.25);
#3609=DRAUGHTING_PRE_DEFINED_CURVE_FONT('continuous');
#3610=COLOUR_RGB('',0.878400027751923,0.949000000953674,1.0);
#3611=CARTESIAN_POINT('',(-2.425,-1.45,-4.05));
#3612=VECTOR('',#4723,0.225);
#3613=DRAUGHTING_PRE_DEFINED_CURVE_FONT('continuous');
#3614=COLOUR_RGB('',0.878400027751923,0.949000000953674,1.0);
#3615=CARTESIAN_POINT('',(-2.35,-4.15,-4.05));
#3616=VECTOR('',#4724,0.3);
#3617=DRAUGHTING_PRE_DEFINED_CURVE_FONT('continuous');
#3618=COLOUR_RGB('',0.878400027751923,0.949000000953674,1.0);
#3619=CARTESIAN_POINT('',(-2.35,-4.15,-4.41));
#3620=VECTOR('',#4725,0.3);
#3621=DRAUGHTING_PRE_DEFINED_CURVE_FONT('continuous');
#3622=COLOUR_RGB('',0.878400027751923,0.949000000953674,1.0);
#3623=CARTESIAN_POINT('',(-2.35,-1.785,-4.41));
#3624=VECTOR('',#4726,0.3);
#3625=DRAUGHTING_PRE_DEFINED_CURVE_FONT('continuous');
#3626=COLOUR_RGB('',0.878400027751923,0.949000000953674,1.0);
#3627=CARTESIAN_POINT('',(-2.35,-1.69,-4.505));
#3628=VECTOR('',#4727,0.3);
#3629=DRAUGHTING_PRE_DEFINED_CURVE_FONT('continuous');
#3630=COLOUR_RGB('',0.878400027751923,0.949000000953674,1.0);
#3631=CARTESIAN_POINT('',(-2.35,-1.065,-4.505));
#3632=VECTOR('',#4728,0.3);
#3633=DRAUGHTING_PRE_DEFINED_CURVE_FONT('continuous');
#3634=COLOUR_RGB('',0.878400027751923,0.949000000953674,1.0);
#3635=CARTESIAN_POINT('',(-2.35,-0.97,-4.6));
#3636=VECTOR('',#4729,0.3);
#3637=DRAUGHTING_PRE_DEFINED_CURVE_FONT('continuous');
#3638=COLOUR_RGB('',0.878400027751923,0.949000000953674,1.0);
#3639=CARTESIAN_POINT('',(-2.35,-0.47,-4.6));
#3640=VECTOR('',#4730,0.3);
#3641=DRAUGHTING_PRE_DEFINED_CURVE_FONT('continuous');
#3642=COLOUR_RGB('',0.878400027751923,0.949000000953674,1.0);
#3643=CARTESIAN_POINT('',(-2.35,-0.375,-4.505));
#3644=VECTOR('',#4731,0.3);
#3645=DRAUGHTING_PRE_DEFINED_CURVE_FONT('continuous');
#3646=COLOUR_RGB('',0.878400027751923,0.949000000953674,1.0);
#3647=CARTESIAN_POINT('',(-2.35,0.39,-4.505));
#3648=VECTOR('',#4732,0.3);
#3649=DRAUGHTING_PRE_DEFINED_CURVE_FONT('continuous');
#3650=COLOUR_RGB('',0.878400027751923,0.949000000953674,1.0);
#3651=CARTESIAN_POINT('',(-2.425,-1.45,-4.05));
#3652=VECTOR('',#4733,0.6403124237433);
#3653=DRAUGHTING_PRE_DEFINED_CURVE_FONT('continuous');
#3654=COLOUR_RGB('',0.878400027751923,0.949000000953674,1.0);
#3655=CARTESIAN_POINT('',(-3.57,-1.45,-4.05));
#3656=VECTOR('',#4734,0.6403124237433);
#3657=DRAUGHTING_PRE_DEFINED_CURVE_FONT('continuous');
#3658=COLOUR_RGB('',0.878400027751923,0.949000000953674,1.0);
#3659=CARTESIAN_POINT('',(1.325,-1.45,-4.05));
#3660=VECTOR('',#4735,0.225);
#3661=DRAUGHTING_PRE_DEFINED_CURVE_FONT('continuous');
#3662=COLOUR_RGB('',0.878400027751923,0.949000000953674,1.0);
#3663=CARTESIAN_POINT('',(1.325,-1.45,-4.05));
#3664=VECTOR('',#4736,0.6403124237433);
#3665=DRAUGHTING_PRE_DEFINED_CURVE_FONT('continuous');
#3666=COLOUR_RGB('',0.878400027751923,0.949000000953674,1.0);
#3667=CARTESIAN_POINT('',(-1.325,-1.45,-4.05));
#3668=VECTOR('',#4737,0.6403124237433);
#3669=DRAUGHTING_PRE_DEFINED_CURVE_FONT('continuous');
#3670=COLOUR_RGB('',0.878400027751923,0.949000000953674,1.0);
#3671=CARTESIAN_POINT('',(-1.1,-1.45,-4.05));
#3672=VECTOR('',#4738,0.225);
#3673=DRAUGHTING_PRE_DEFINED_CURVE_FONT('continuous');
#3674=COLOUR_RGB('',0.878400027751923,0.949000000953674,1.0);
#3675=CARTESIAN_POINT('',(0.15,-1.45,-4.05));
#3676=VECTOR('',#4739,0.3);
#3677=DRAUGHTING_PRE_DEFINED_CURVE_FONT('continuous');
#3678=COLOUR_RGB('',0.878400027751923,0.949000000953674,1.0);
#3679=CARTESIAN_POINT('',(2.65,-1.45,-4.05));
#3680=VECTOR('',#4740,0.225);
#3681=DRAUGHTING_PRE_DEFINED_CURVE_FONT('continuous');
#3682=COLOUR_RGB('',0.878400027751923,0.949000000953674,1.0);
#3683=CARTESIAN_POINT('',(3.57,-1.45,-4.05));
#3684=VECTOR('',#4741,0.6403124237433);
#3685=DRAUGHTING_PRE_DEFINED_CURVE_FONT('continuous');
#3686=COLOUR_RGB('',0.878400027751923,0.949000000953674,1.0);
#3687=CARTESIAN_POINT('',(2.425,-1.45,-4.05));
#3688=VECTOR('',#4742,0.6403124237433);
#3689=DRAUGHTING_PRE_DEFINED_CURVE_FONT('continuous');
#3690=COLOUR_RGB('',0.878400027751923,0.949000000953674,1.0);
#3691=CARTESIAN_POINT('',(-3.57,-1.85,-4.7));
#3692=VECTOR('',#4743,3.2);
#3693=DRAUGHTING_PRE_DEFINED_CURVE_FONT('continuous');
#3694=COLOUR_RGB('',0.878400027751923,0.949000000953674,1.0);
#3695=CARTESIAN_POINT('',(4.0,-1.85,-4.7));
#3696=VECTOR('',#4744,3.2);
#3697=DRAUGHTING_PRE_DEFINED_CURVE_FONT('continuous');
#3698=COLOUR_RGB('',0.878400027751923,0.949000000953674,1.0);
#3699=CARTESIAN_POINT('',(3.57,-1.85,-4.7));
#3700=VECTOR('',#4745,3.2);
#3701=DRAUGHTING_PRE_DEFINED_CURVE_FONT('continuous');
#3702=COLOUR_RGB('',0.878400027751923,0.949000000953674,1.0);
#3703=CARTESIAN_POINT('',(4.0,0.95,0.0));
#3704=VECTOR('',#4746,1.0);
#3705=DRAUGHTING_PRE_DEFINED_CURVE_FONT('continuous');
#3706=COLOUR_RGB('',0.878400027751923,0.949000000953674,1.0);
#3707=CARTESIAN_POINT('',(3.4,0.95,-0.2));
#3708=VECTOR('',#4747,0.3605551275464);
#3709=DRAUGHTING_PRE_DEFINED_CURVE_FONT('continuous');
#3710=COLOUR_RGB('',0.878400027751923,0.949000000953674,1.0);
#3711=CARTESIAN_POINT('',(3.7,0.068,0.0));
#3712=VECTOR('',#4748,0.3605551275464);
#3713=DRAUGHTING_PRE_DEFINED_CURVE_FONT('continuous');
#3714=COLOUR_RGB('',0.878400027751923,0.949000000953674,1.0);
#3715=CARTESIAN_POINT('',(3.7,0.068,0.0));
#3716=VECTOR('',#4749,2.9);
#3717=DRAUGHTING_PRE_DEFINED_CURVE_FONT('continuous');
#3718=COLOUR_RGB('',0.878400027751923,0.949000000953674,1.0);
#3719=CARTESIAN_POINT('',(3.7,-0.982,0.0));
#3720=VECTOR('',#4750,2.9);
#3721=DRAUGHTING_PRE_DEFINED_CURVE_FONT('continuous');
#3722=COLOUR_RGB('',0.878400027751923,0.949000000953674,1.0);
#3723=CARTESIAN_POINT('',(3.4,-0.982,-0.2));
#3724=CARTESIAN_POINT('',(3.4,-0.982,-0.2));
#3725=VECTOR('',#4751,2.7);
#3726=DRAUGHTING_PRE_DEFINED_CURVE_FONT('continuous');
#3727=COLOUR_RGB('',0.878400027751923,0.949000000953674,1.0);
#3728=CARTESIAN_POINT('',(3.4,-0.982,-0.2));
#3729=VECTOR('',#4752,0.2828427124746);
#3730=DRAUGHTING_PRE_DEFINED_CURVE_FONT('continuous');
#3731=COLOUR_RGB('',0.878400027751923,0.949000000953674,1.0);
#3732=CARTESIAN_POINT('',(3.4,-0.982,-0.2));
#3733=VECTOR('',#4753,0.468);
#3734=DRAUGHTING_PRE_DEFINED_CURVE_FONT('continuous');
#3735=COLOUR_RGB('',0.878400027751923,0.949000000953674,1.0);
#3736=CARTESIAN_POINT('',(-0.15,-4.15,-4.05));
#3737=CARTESIAN_POINT('',(-0.15,-4.15,-4.05));
#3738=VECTOR('',#4754,2.7);
#3739=DRAUGHTING_PRE_DEFINED_CURVE_FONT('continuous');
#3740=COLOUR_RGB('',0.878400027751923,0.949000000953674,1.0);
#3741=CARTESIAN_POINT('',(0.15,-4.15,-4.05));
#3742=CARTESIAN_POINT('',(0.15,-4.15,-4.05));
#3743=VECTOR('',#4755,0.3);
#3744=DRAUGHTING_PRE_DEFINED_CURVE_FONT('continuous');
#3745=COLOUR_RGB('',0.878400027751923,0.949000000953674,1.0);
#3746=CARTESIAN_POINT('',(0.15,-4.15,-4.05));
#3747=VECTOR('',#4756,2.7);
#3748=DRAUGHTING_PRE_DEFINED_CURVE_FONT('continuous');
#3749=COLOUR_RGB('',0.878400027751923,0.949000000953674,1.0);
#3750=CARTESIAN_POINT('',(0.15,-4.15,-4.41));
#3751=CARTESIAN_POINT('',(0.15,-4.15,-4.41));
#3752=VECTOR('',#4757,0.36);
#3753=DRAUGHTING_PRE_DEFINED_CURVE_FONT('continuous');
#3754=COLOUR_RGB('',0.878400027751923,0.949000000953674,1.0);
#3755=CARTESIAN_POINT('',(0.15,-1.785,-4.41));
#3756=CARTESIAN_POINT('',(0.15,-1.785,-4.41));
#3757=VECTOR('',#4758,2.365);
#3758=DRAUGHTING_PRE_DEFINED_CURVE_FONT('continuous');
#3759=COLOUR_RGB('',0.878400027751923,0.949000000953674,1.0);
#3760=CARTESIAN_POINT('',(0.15,-1.69,-4.505));
#3761=CARTESIAN_POINT('',(0.15,-1.69,-4.505));
#3762=VECTOR('',#4759,0.1343502884254);
#3763=DRAUGHTING_PRE_DEFINED_CURVE_FONT('continuous');
#3764=COLOUR_RGB('',0.878400027751923,0.949000000953674,1.0);
#3765=CARTESIAN_POINT('',(0.15,-1.065,-4.505));
#3766=CARTESIAN_POINT('',(0.15,-1.065,-4.505));
#3767=VECTOR('',#4760,0.625);
#3768=DRAUGHTING_PRE_DEFINED_CURVE_FONT('continuous');
#3769=COLOUR_RGB('',0.878400027751923,0.949000000953674,1.0);
#3770=CARTESIAN_POINT('',(0.15,-0.97,-4.6));
#3771=CARTESIAN_POINT('',(0.15,-0.97,-4.6));
#3772=VECTOR('',#4761,0.1343502884254);
#3773=DRAUGHTING_PRE_DEFINED_CURVE_FONT('continuous');
#3774=COLOUR_RGB('',0.878400027751923,0.949000000953674,1.0);
#3775=CARTESIAN_POINT('',(0.15,-0.47,-4.6));
#3776=CARTESIAN_POINT('',(0.15,-0.47,-4.6));
#3777=VECTOR('',#4762,0.5);
#3778=DRAUGHTING_PRE_DEFINED_CURVE_FONT('continuous');
#3779=COLOUR_RGB('',0.878400027751923,0.949000000953674,1.0);
#3780=CARTESIAN_POINT('',(0.15,-0.375,-4.505));
#3781=CARTESIAN_POINT('',(0.15,-0.375,-4.505));
#3782=VECTOR('',#4763,0.1343502884254);
#3783=DRAUGHTING_PRE_DEFINED_CURVE_FONT('continuous');
#3784=COLOUR_RGB('',0.878400027751923,0.949000000953674,1.0);
#3785=CARTESIAN_POINT('',(0.15,0.39,-4.505));
#3786=CARTESIAN_POINT('',(0.15,0.39,-4.505));
#3787=VECTOR('',#4764,0.765);
#3788=DRAUGHTING_PRE_DEFINED_CURVE_FONT('continuous');
#3789=COLOUR_RGB('',0.878400027751923,0.949000000953674,1.0);
#3790=CARTESIAN_POINT('',(0.15,0.39,-4.25));
#3791=VECTOR('',#4765,0.255);
#3792=DRAUGHTING_PRE_DEFINED_CURVE_FONT('continuous');
#3793=COLOUR_RGB('',0.878400027751923,0.949000000953674,1.0);
#3794=CARTESIAN_POINT('',(0.15,-0.35,-0.65));
#3795=CARTESIAN_POINT('',(0.15,-0.35,-0.65));
#3796=VECTOR('',#4766,2.25);
#3797=DRAUGHTING_PRE_DEFINED_CURVE_FONT('continuous');
#3798=COLOUR_RGB('',0.878400027751923,0.949000000953674,1.0);
#3799=CARTESIAN_POINT('',(0.15,-1.09,-0.65));
#3800=CARTESIAN_POINT('',(0.15,-1.09,-0.65));
#3801=VECTOR('',#4767,0.74);
#3802=DRAUGHTING_PRE_DEFINED_CURVE_FONT('continuous');
#3803=COLOUR_RGB('',0.878400027751923,0.949000000953674,1.0);
#3804=CARTESIAN_POINT('',(0.15,-1.09,-2.9));
#3805=VECTOR('',#4768,2.25);
#3806=DRAUGHTING_PRE_DEFINED_CURVE_FONT('continuous');
#3807=COLOUR_RGB('',0.878400027751923,0.949000000953674,1.0);
#3808=CARTESIAN_POINT('',(-0.15,0.39,-4.505));
#3809=CARTESIAN_POINT('',(0.15,0.39,-4.505));
#3810=VECTOR('',#4769,0.3);
#3811=DRAUGHTING_PRE_DEFINED_CURVE_FONT('continuous');
#3812=COLOUR_RGB('',0.878400027751923,0.949000000953674,1.0);
#3813=CARTESIAN_POINT('',(-0.15,0.39,-4.25));
#3814=VECTOR('',#4770,0.255);
#3815=DRAUGHTING_PRE_DEFINED_CURVE_FONT('continuous');
#3816=COLOUR_RGB('',0.878400027751923,0.949000000953674,1.0);
#3817=CARTESIAN_POINT('',(-0.15,-0.375,-4.505));
#3818=CARTESIAN_POINT('',(-0.15,0.39,-4.505));
#3819=VECTOR('',#4771,0.765);
#3820=DRAUGHTING_PRE_DEFINED_CURVE_FONT('continuous');
#3821=COLOUR_RGB('',0.878400027751923,0.949000000953674,1.0);
#3822=CARTESIAN_POINT('',(-0.15,-0.47,-4.6));
#3823=CARTESIAN_POINT('',(-0.15,-0.375,-4.505));
#3824=VECTOR('',#4772,0.1343502884254);
#3825=DRAUGHTING_PRE_DEFINED_CURVE_FONT('continuous');
#3826=COLOUR_RGB('',0.878400027751923,0.949000000953674,1.0);
#3827=CARTESIAN_POINT('',(-0.15,-0.97,-4.6));
#3828=CARTESIAN_POINT('',(-0.15,-0.47,-4.6));
#3829=VECTOR('',#4773,0.5);
#3830=DRAUGHTING_PRE_DEFINED_CURVE_FONT('continuous');
#3831=COLOUR_RGB('',0.878400027751923,0.949000000953674,1.0);
#3832=CARTESIAN_POINT('',(-0.15,-1.065,-4.505));
#3833=CARTESIAN_POINT('',(-0.15,-0.97,-4.6));
#3834=VECTOR('',#4774,0.1343502884254);
#3835=DRAUGHTING_PRE_DEFINED_CURVE_FONT('continuous');
#3836=COLOUR_RGB('',0.878400027751923,0.949000000953674,1.0);
#3837=CARTESIAN_POINT('',(-0.15,-1.69,-4.505));
#3838=CARTESIAN_POINT('',(-0.15,-1.065,-4.505));
#3839=VECTOR('',#4775,0.625);
#3840=DRAUGHTING_PRE_DEFINED_CURVE_FONT('continuous');
#3841=COLOUR_RGB('',0.878400027751923,0.949000000953674,1.0);
#3842=CARTESIAN_POINT('',(-0.15,-1.785,-4.41));
#3843=CARTESIAN_POINT('',(-0.15,-1.69,-4.505));
#3844=VECTOR('',#4776,0.1343502884254);
#3845=DRAUGHTING_PRE_DEFINED_CURVE_FONT('continuous');
#3846=COLOUR_RGB('',0.878400027751923,0.949000000953674,1.0);
#3847=CARTESIAN_POINT('',(-0.15,-4.15,-4.41));
#3848=CARTESIAN_POINT('',(-0.15,-1.785,-4.41));
#3849=VECTOR('',#4777,2.365);
#3850=DRAUGHTING_PRE_DEFINED_CURVE_FONT('continuous');
#3851=COLOUR_RGB('',0.878400027751923,0.949000000953674,1.0);
#3852=CARTESIAN_POINT('',(-0.15,-4.15,-4.41));
#3853=VECTOR('',#4778,0.36);
#3854=DRAUGHTING_PRE_DEFINED_CURVE_FONT('continuous');
#3855=COLOUR_RGB('',0.878400027751923,0.949000000953674,1.0);
#3856=CARTESIAN_POINT('',(-0.15,-1.09,-0.65));
#3857=CARTESIAN_POINT('',(-0.15,-1.09,-2.9));
#3858=VECTOR('',#4779,2.25);
#3859=DRAUGHTING_PRE_DEFINED_CURVE_FONT('continuous');
#3860=COLOUR_RGB('',0.878400027751923,0.949000000953674,1.0);
#3861=CARTESIAN_POINT('',(-0.15,-0.35,-0.65));
#3862=CARTESIAN_POINT('',(-0.15,-1.09,-0.65));
#3863=VECTOR('',#4780,0.74);
#3864=DRAUGHTING_PRE_DEFINED_CURVE_FONT('continuous');
#3865=COLOUR_RGB('',0.878400027751923,0.949000000953674,1.0);
#3866=CARTESIAN_POINT('',(-0.15,-0.35,-0.65));
#3867=VECTOR('',#4781,2.25);
#3868=DRAUGHTING_PRE_DEFINED_CURVE_FONT('continuous');
#3869=COLOUR_RGB('',0.878400027751923,0.949000000953674,1.0);
#3870=CARTESIAN_POINT('',(0.15,-4.15,-4.41));
#3871=VECTOR('',#4782,0.3);
#3872=DRAUGHTING_PRE_DEFINED_CURVE_FONT('continuous');
#3873=COLOUR_RGB('',0.878400027751923,0.949000000953674,1.0);
#3874=CARTESIAN_POINT('',(0.15,-1.785,-4.41));
#3875=VECTOR('',#4783,0.3);
#3876=DRAUGHTING_PRE_DEFINED_CURVE_FONT('continuous');
#3877=COLOUR_RGB('',0.878400027751923,0.949000000953674,1.0);
#3878=CARTESIAN_POINT('',(0.15,-1.69,-4.505));
#3879=VECTOR('',#4784,0.3);
#3880=DRAUGHTING_PRE_DEFINED_CURVE_FONT('continuous');
#3881=COLOUR_RGB('',0.878400027751923,0.949000000953674,1.0);
#3882=CARTESIAN_POINT('',(0.15,-1.065,-4.505));
#3883=VECTOR('',#4785,0.3);
#3884=DRAUGHTING_PRE_DEFINED_CURVE_FONT('continuous');
#3885=COLOUR_RGB('',0.878400027751923,0.949000000953674,1.0);
#3886=CARTESIAN_POINT('',(0.15,-0.97,-4.6));
#3887=VECTOR('',#4786,0.3);
#3888=DRAUGHTING_PRE_DEFINED_CURVE_FONT('continuous');
#3889=COLOUR_RGB('',0.878400027751923,0.949000000953674,1.0);
#3890=CARTESIAN_POINT('',(0.15,-0.47,-4.6));
#3891=VECTOR('',#4787,0.3);
#3892=DRAUGHTING_PRE_DEFINED_CURVE_FONT('continuous');
#3893=COLOUR_RGB('',0.878400027751923,0.949000000953674,1.0);
#3894=CARTESIAN_POINT('',(0.15,-0.375,-4.505));
#3895=VECTOR('',#4788,0.3);
#3896=DRAUGHTING_PRE_DEFINED_CURVE_FONT('continuous');
#3897=COLOUR_RGB('',0.878400027751923,0.949000000953674,1.0);
#3898=CARTESIAN_POINT('',(0.15,-0.35,-0.65));
#3899=VECTOR('',#4789,0.3);
#3900=DRAUGHTING_PRE_DEFINED_CURVE_FONT('continuous');
#3901=COLOUR_RGB('',0.878400027751923,0.949000000953674,1.0);
#3902=CARTESIAN_POINT('',(0.15,-1.09,-0.65));
#3903=VECTOR('',#4790,0.3);
#3904=DRAUGHTING_PRE_DEFINED_CURVE_FONT('continuous');
#3905=COLOUR_RGB('',0.878400027751923,0.949000000953674,1.0);
#3906=CARTESIAN_POINT('',(-1.4,-4.15,-4.05));
#3907=CARTESIAN_POINT('',(-1.4,-4.15,-4.05));
#3908=VECTOR('',#4791,2.7);
#3909=DRAUGHTING_PRE_DEFINED_CURVE_FONT('continuous');
#3910=COLOUR_RGB('',0.878400027751923,0.949000000953674,1.0);
#3911=CARTESIAN_POINT('',(-1.1,-4.15,-4.05));
#3912=CARTESIAN_POINT('',(-1.1,-4.15,-4.05));
#3913=VECTOR('',#4792,0.3);
#3914=DRAUGHTING_PRE_DEFINED_CURVE_FONT('continuous');
#3915=COLOUR_RGB('',0.878400027751923,0.949000000953674,1.0);
#3916=CARTESIAN_POINT('',(-1.1,-4.15,-4.05));
#3917=VECTOR('',#4793,2.7);
#3918=DRAUGHTING_PRE_DEFINED_CURVE_FONT('continuous');
#3919=COLOUR_RGB('',0.878400027751923,0.949000000953674,1.0);
#3920=CARTESIAN_POINT('',(-1.1,-4.15,-4.41));
#3921=CARTESIAN_POINT('',(-1.1,-4.15,-4.41));
#3922=VECTOR('',#4794,0.36);
#3923=DRAUGHTING_PRE_DEFINED_CURVE_FONT('continuous');
#3924=COLOUR_RGB('',0.878400027751923,0.949000000953674,1.0);
#3925=CARTESIAN_POINT('',(-1.1,-1.785,-4.41));
#3926=CARTESIAN_POINT('',(-1.1,-1.785,-4.41));
#3927=VECTOR('',#4795,2.365);
#3928=DRAUGHTING_PRE_DEFINED_CURVE_FONT('continuous');
#3929=COLOUR_RGB('',0.878400027751923,0.949000000953674,1.0);
#3930=CARTESIAN_POINT('',(-1.1,-1.69,-4.505));
#3931=CARTESIAN_POINT('',(-1.1,-1.69,-4.505));
#3932=VECTOR('',#4796,0.1343502884254);
#3933=DRAUGHTING_PRE_DEFINED_CURVE_FONT('continuous');
#3934=COLOUR_RGB('',0.878400027751923,0.949000000953674,1.0);
#3935=CARTESIAN_POINT('',(-1.1,-1.065,-4.505));
#3936=CARTESIAN_POINT('',(-1.1,-1.065,-4.505));
#3937=VECTOR('',#4797,0.625);
#3938=DRAUGHTING_PRE_DEFINED_CURVE_FONT('continuous');
#3939=COLOUR_RGB('',0.878400027751923,0.949000000953674,1.0);
#3940=CARTESIAN_POINT('',(-1.1,-0.97,-4.6));
#3941=CARTESIAN_POINT('',(-1.1,-0.97,-4.6));
#3942=VECTOR('',#4798,0.1343502884254);
#3943=DRAUGHTING_PRE_DEFINED_CURVE_FONT('continuous');
#3944=COLOUR_RGB('',0.878400027751923,0.949000000953674,1.0);
#3945=CARTESIAN_POINT('',(-1.1,-0.47,-4.6));
#3946=CARTESIAN_POINT('',(-1.1,-0.47,-4.6));
#3947=VECTOR('',#4799,0.5);
#3948=DRAUGHTING_PRE_DEFINED_CURVE_FONT('continuous');
#3949=COLOUR_RGB('',0.878400027751923,0.949000000953674,1.0);
#3950=CARTESIAN_POINT('',(-1.1,-0.375,-4.505));
#3951=CARTESIAN_POINT('',(-1.1,-0.375,-4.505));
#3952=VECTOR('',#4800,0.1343502884254);
#3953=DRAUGHTING_PRE_DEFINED_CURVE_FONT('continuous');
#3954=COLOUR_RGB('',0.878400027751923,0.949000000953674,1.0);
#3955=CARTESIAN_POINT('',(-1.1,0.39,-4.505));
#3956=CARTESIAN_POINT('',(-1.1,0.39,-4.505));
#3957=VECTOR('',#4801,0.765);
#3958=DRAUGHTING_PRE_DEFINED_CURVE_FONT('continuous');
#3959=COLOUR_RGB('',0.878400027751923,0.949000000953674,1.0);
#3960=CARTESIAN_POINT('',(-1.1,0.39,-4.25));
#3961=VECTOR('',#4802,0.255);
#3962=DRAUGHTING_PRE_DEFINED_CURVE_FONT('continuous');
#3963=COLOUR_RGB('',0.878400027751923,0.949000000953674,1.0);
#3964=CARTESIAN_POINT('',(-1.1,-0.35,-0.65));
#3965=CARTESIAN_POINT('',(-1.1,-0.35,-0.65));
#3966=VECTOR('',#4803,2.25);
#3967=DRAUGHTING_PRE_DEFINED_CURVE_FONT('continuous');
#3968=COLOUR_RGB('',0.878400027751923,0.949000000953674,1.0);
#3969=CARTESIAN_POINT('',(-1.1,-1.09,-0.65));
#3970=CARTESIAN_POINT('',(-1.1,-1.09,-0.65));
#3971=VECTOR('',#4804,0.74);
#3972=DRAUGHTING_PRE_DEFINED_CURVE_FONT('continuous');
#3973=COLOUR_RGB('',0.878400027751923,0.949000000953674,1.0);
#3974=CARTESIAN_POINT('',(-1.1,-1.09,-2.9));
#3975=VECTOR('',#4805,2.25);
#3976=DRAUGHTING_PRE_DEFINED_CURVE_FONT('continuous');
#3977=COLOUR_RGB('',0.878400027751923,0.949000000953674,1.0);
#3978=CARTESIAN_POINT('',(-1.4,0.39,-4.505));
#3979=CARTESIAN_POINT('',(-1.1,0.39,-4.505));
#3980=VECTOR('',#4806,0.3);
#3981=DRAUGHTING_PRE_DEFINED_CURVE_FONT('continuous');
#3982=COLOUR_RGB('',0.878400027751923,0.949000000953674,1.0);
#3983=CARTESIAN_POINT('',(-1.4,0.39,-4.25));
#3984=VECTOR('',#4807,0.255);
#3985=DRAUGHTING_PRE_DEFINED_CURVE_FONT('continuous');
#3986=COLOUR_RGB('',0.878400027751923,0.949000000953674,1.0);
#3987=CARTESIAN_POINT('',(-1.4,-0.375,-4.505));
#3988=CARTESIAN_POINT('',(-1.4,0.39,-4.505));
#3989=VECTOR('',#4808,0.765);
#3990=DRAUGHTING_PRE_DEFINED_CURVE_FONT('continuous');
#3991=COLOUR_RGB('',0.878400027751923,0.949000000953674,1.0);
#3992=CARTESIAN_POINT('',(-1.4,-0.47,-4.6));
#3993=CARTESIAN_POINT('',(-1.4,-0.375,-4.505));
#3994=VECTOR('',#4809,0.1343502884254);
#3995=DRAUGHTING_PRE_DEFINED_CURVE_FONT('continuous');
#3996=COLOUR_RGB('',0.878400027751923,0.949000000953674,1.0);
#3997=CARTESIAN_POINT('',(-1.4,-0.97,-4.6));
#3998=CARTESIAN_POINT('',(-1.4,-0.47,-4.6));
#3999=VECTOR('',#4810,0.5);
#4000=DRAUGHTING_PRE_DEFINED_CURVE_FONT('continuous');
#4001=COLOUR_RGB('',0.878400027751923,0.949000000953674,1.0);
#4002=CARTESIAN_POINT('',(-1.4,-1.065,-4.505));
#4003=CARTESIAN_POINT('',(-1.4,-0.97,-4.6));
#4004=VECTOR('',#4811,0.1343502884254);
#4005=DRAUGHTING_PRE_DEFINED_CURVE_FONT('continuous');
#4006=COLOUR_RGB('',0.878400027751923,0.949000000953674,1.0);
#4007=CARTESIAN_POINT('',(-1.4,-1.69,-4.505));
#4008=CARTESIAN_POINT('',(-1.4,-1.065,-4.505));
#4009=VECTOR('',#4812,0.625);
#4010=DRAUGHTING_PRE_DEFINED_CURVE_FONT('continuous');
#4011=COLOUR_RGB('',0.878400027751923,0.949000000953674,1.0);
#4012=CARTESIAN_POINT('',(-1.4,-1.785,-4.41));
#4013=CARTESIAN_POINT('',(-1.4,-1.69,-4.505));
#4014=VECTOR('',#4813,0.1343502884254);
#4015=DRAUGHTING_PRE_DEFINED_CURVE_FONT('continuous');
#4016=COLOUR_RGB('',0.878400027751923,0.949000000953674,1.0);
#4017=CARTESIAN_POINT('',(-1.4,-4.15,-4.41));
#4018=CARTESIAN_POINT('',(-1.4,-1.785,-4.41));
#4019=VECTOR('',#4814,2.365);
#4020=DRAUGHTING_PRE_DEFINED_CURVE_FONT('continuous');
#4021=COLOUR_RGB('',0.878400027751923,0.949000000953674,1.0);
#4022=CARTESIAN_POINT('',(-1.4,-4.15,-4.41));
#4023=VECTOR('',#4815,0.36);
#4024=DRAUGHTING_PRE_DEFINED_CURVE_FONT('continuous');
#4025=COLOUR_RGB('',0.878400027751923,0.949000000953674,1.0);
#4026=CARTESIAN_POINT('',(-1.4,-1.09,-0.65));
#4027=CARTESIAN_POINT('',(-1.4,-1.09,-2.9));
#4028=VECTOR('',#4816,2.25);
#4029=DRAUGHTING_PRE_DEFINED_CURVE_FONT('continuous');
#4030=COLOUR_RGB('',0.878400027751923,0.949000000953674,1.0);
#4031=CARTESIAN_POINT('',(-1.4,-0.35,-0.65));
#4032=CARTESIAN_POINT('',(-1.4,-1.09,-0.65));
#4033=VECTOR('',#4817,0.74);
#4034=DRAUGHTING_PRE_DEFINED_CURVE_FONT('continuous');
#4035=COLOUR_RGB('',0.878400027751923,0.949000000953674,1.0);
#4036=CARTESIAN_POINT('',(-1.4,-0.35,-0.65));
#4037=VECTOR('',#4818,2.25);
#4038=DRAUGHTING_PRE_DEFINED_CURVE_FONT('continuous');
#4039=COLOUR_RGB('',0.878400027751923,0.949000000953674,1.0);
#4040=CARTESIAN_POINT('',(-1.1,-4.15,-4.41));
#4041=VECTOR('',#4819,0.3);
#4042=DRAUGHTING_PRE_DEFINED_CURVE_FONT('continuous');
#4043=COLOUR_RGB('',0.878400027751923,0.949000000953674,1.0);
#4044=CARTESIAN_POINT('',(-1.1,-1.785,-4.41));
#4045=VECTOR('',#4820,0.3);
#4046=DRAUGHTING_PRE_DEFINED_CURVE_FONT('continuous');
#4047=COLOUR_RGB('',0.878400027751923,0.949000000953674,1.0);
#4048=CARTESIAN_POINT('',(-1.1,-1.69,-4.505));
#4049=VECTOR('',#4821,0.3);
#4050=DRAUGHTING_PRE_DEFINED_CURVE_FONT('continuous');
#4051=COLOUR_RGB('',0.878400027751923,0.949000000953674,1.0);
#4052=CARTESIAN_POINT('',(-1.1,-1.065,-4.505));
#4053=VECTOR('',#4822,0.3);
#4054=DRAUGHTING_PRE_DEFINED_CURVE_FONT('continuous');
#4055=COLOUR_RGB('',0.878400027751923,0.949000000953674,1.0);
#4056=CARTESIAN_POINT('',(-1.1,-0.97,-4.6));
#4057=VECTOR('',#4823,0.3);
#4058=DRAUGHTING_PRE_DEFINED_CURVE_FONT('continuous');
#4059=COLOUR_RGB('',0.878400027751923,0.949000000953674,1.0);
#4060=CARTESIAN_POINT('',(-1.1,-0.47,-4.6));
#4061=VECTOR('',#4824,0.3);
#4062=DRAUGHTING_PRE_DEFINED_CURVE_FONT('continuous');
#4063=COLOUR_RGB('',0.878400027751923,0.949000000953674,1.0);
#4064=CARTESIAN_POINT('',(-1.1,-0.375,-4.505));
#4065=VECTOR('',#4825,0.3);
#4066=DRAUGHTING_PRE_DEFINED_CURVE_FONT('continuous');
#4067=COLOUR_RGB('',0.878400027751923,0.949000000953674,1.0);
#4068=CARTESIAN_POINT('',(-1.1,-0.35,-0.65));
#4069=VECTOR('',#4826,0.3);
#4070=DRAUGHTING_PRE_DEFINED_CURVE_FONT('continuous');
#4071=COLOUR_RGB('',0.878400027751923,0.949000000953674,1.0);
#4072=CARTESIAN_POINT('',(-1.1,-1.09,-0.65));
#4073=VECTOR('',#4827,0.3);
#4074=DRAUGHTING_PRE_DEFINED_CURVE_FONT('continuous');
#4075=COLOUR_RGB('',0.878400027751923,0.949000000953674,1.0);
#4076=CARTESIAN_POINT('',(-1.325,-1.85,-1.4));
#4077=VECTOR('',#4828,0.4);
#4078=DRAUGHTING_PRE_DEFINED_CURVE_FONT('continuous');
#4079=COLOUR_RGB('',0.878400027751923,0.949000000953674,1.0);
#4080=CARTESIAN_POINT('',(-1.725,-1.85,-1.4));
#4081=VECTOR('',#4829,0.4);
#4082=DRAUGHTING_PRE_DEFINED_CURVE_FONT('continuous');
#4083=COLOUR_RGB('',0.878400027751923,0.949000000953674,1.0);
#4084=CARTESIAN_POINT('',(1.325,-1.85,-1.4));
#4085=VECTOR('',#4830,0.4);
#4086=DRAUGHTING_PRE_DEFINED_CURVE_FONT('continuous');
#4087=COLOUR_RGB('',0.878400027751923,0.949000000953674,1.0);
#4088=CARTESIAN_POINT('',(1.725,-1.85,-1.4));
#4089=VECTOR('',#4831,0.4);
#4090=DRAUGHTING_PRE_DEFINED_CURVE_FONT('continuous');
#4091=COLOUR_RGB('',0.878400027751923,0.949000000953674,1.0);
#4092=CARTESIAN_POINT('',(1.1,-4.15,-4.05));
#4093=CARTESIAN_POINT('',(1.1,-4.15,-4.05));
#4094=VECTOR('',#4832,2.7);
#4095=DRAUGHTING_PRE_DEFINED_CURVE_FONT('continuous');
#4096=COLOUR_RGB('',0.878400027751923,0.949000000953674,1.0);
#4097=CARTESIAN_POINT('',(1.4,-4.15,-4.05));
#4098=CARTESIAN_POINT('',(1.4,-4.15,-4.05));
#4099=VECTOR('',#4833,0.3);
#4100=DRAUGHTING_PRE_DEFINED_CURVE_FONT('continuous');
#4101=COLOUR_RGB('',0.878400027751923,0.949000000953674,1.0);
#4102=CARTESIAN_POINT('',(1.4,-4.15,-4.05));
#4103=VECTOR('',#4834,2.7);
#4104=DRAUGHTING_PRE_DEFINED_CURVE_FONT('continuous');
#4105=COLOUR_RGB('',0.878400027751923,0.949000000953674,1.0);
#4106=CARTESIAN_POINT('',(1.4,-4.15,-4.41));
#4107=CARTESIAN_POINT('',(1.4,-4.15,-4.41));
#4108=VECTOR('',#4835,0.36);
#4109=DRAUGHTING_PRE_DEFINED_CURVE_FONT('continuous');
#4110=COLOUR_RGB('',0.878400027751923,0.949000000953674,1.0);
#4111=CARTESIAN_POINT('',(1.4,-1.785,-4.41));
#4112=CARTESIAN_POINT('',(1.4,-1.785,-4.41));
#4113=VECTOR('',#4836,2.365);
#4114=DRAUGHTING_PRE_DEFINED_CURVE_FONT('continuous');
#4115=COLOUR_RGB('',0.878400027751923,0.949000000953674,1.0);
#4116=CARTESIAN_POINT('',(1.4,-1.69,-4.505));
#4117=CARTESIAN_POINT('',(1.4,-1.69,-4.505));
#4118=VECTOR('',#4837,0.1343502884254);
#4119=DRAUGHTING_PRE_DEFINED_CURVE_FONT('continuous');
#4120=COLOUR_RGB('',0.878400027751923,0.949000000953674,1.0);
#4121=CARTESIAN_POINT('',(1.4,-1.065,-4.505));
#4122=CARTESIAN_POINT('',(1.4,-1.065,-4.505));
#4123=VECTOR('',#4838,0.625);
#4124=DRAUGHTING_PRE_DEFINED_CURVE_FONT('continuous');
#4125=COLOUR_RGB('',0.878400027751923,0.949000000953674,1.0);
#4126=CARTESIAN_POINT('',(1.4,-0.97,-4.6));
#4127=CARTESIAN_POINT('',(1.4,-0.97,-4.6));
#4128=VECTOR('',#4839,0.1343502884254);
#4129=DRAUGHTING_PRE_DEFINED_CURVE_FONT('continuous');
#4130=COLOUR_RGB('',0.878400027751923,0.949000000953674,1.0);
#4131=CARTESIAN_POINT('',(1.4,-0.47,-4.6));
#4132=CARTESIAN_POINT('',(1.4,-0.47,-4.6));
#4133=VECTOR('',#4840,0.5);
#4134=DRAUGHTING_PRE_DEFINED_CURVE_FONT('continuous');
#4135=COLOUR_RGB('',0.878400027751923,0.949000000953674,1.0);
#4136=CARTESIAN_POINT('',(1.4,-0.375,-4.505));
#4137=CARTESIAN_POINT('',(1.4,-0.375,-4.505));
#4138=VECTOR('',#4841,0.1343502884254);
#4139=DRAUGHTING_PRE_DEFINED_CURVE_FONT('continuous');
#4140=COLOUR_RGB('',0.878400027751923,0.949000000953674,1.0);
#4141=CARTESIAN_POINT('',(1.4,0.39,-4.505));
#4142=CARTESIAN_POINT('',(1.4,0.39,-4.505));
#4143=VECTOR('',#4842,0.765);
#4144=DRAUGHTING_PRE_DEFINED_CURVE_FONT('continuous');
#4145=COLOUR_RGB('',0.878400027751923,0.949000000953674,1.0);
#4146=CARTESIAN_POINT('',(1.4,0.39,-4.25));
#4147=VECTOR('',#4843,0.255);
#4148=DRAUGHTING_PRE_DEFINED_CURVE_FONT('continuous');
#4149=COLOUR_RGB('',0.878400027751923,0.949000000953674,1.0);
#4150=CARTESIAN_POINT('',(1.4,-0.35,-0.65));
#4151=CARTESIAN_POINT('',(1.4,-0.35,-0.65));
#4152=VECTOR('',#4844,2.25);
#4153=DRAUGHTING_PRE_DEFINED_CURVE_FONT('continuous');
#4154=COLOUR_RGB('',0.878400027751923,0.949000000953674,1.0);
#4155=CARTESIAN_POINT('',(1.4,-1.09,-0.65));
#4156=CARTESIAN_POINT('',(1.4,-1.09,-0.65));
#4157=VECTOR('',#4845,0.74);
#4158=DRAUGHTING_PRE_DEFINED_CURVE_FONT('continuous');
#4159=COLOUR_RGB('',0.878400027751923,0.949000000953674,1.0);
#4160=CARTESIAN_POINT('',(1.4,-1.09,-2.9));
#4161=VECTOR('',#4846,2.25);
#4162=DRAUGHTING_PRE_DEFINED_CURVE_FONT('continuous');
#4163=COLOUR_RGB('',0.878400027751923,0.949000000953674,1.0);
#4164=CARTESIAN_POINT('',(1.1,0.39,-4.505));
#4165=CARTESIAN_POINT('',(1.4,0.39,-4.505));
#4166=VECTOR('',#4847,0.3);
#4167=DRAUGHTING_PRE_DEFINED_CURVE_FONT('continuous');
#4168=COLOUR_RGB('',0.878400027751923,0.949000000953674,1.0);
#4169=CARTESIAN_POINT('',(1.1,0.39,-4.25));
#4170=VECTOR('',#4848,0.255);
#4171=DRAUGHTING_PRE_DEFINED_CURVE_FONT('continuous');
#4172=COLOUR_RGB('',0.878400027751923,0.949000000953674,1.0);
#4173=CARTESIAN_POINT('',(1.1,-0.375,-4.505));
#4174=CARTESIAN_POINT('',(1.1,0.39,-4.505));
#4175=VECTOR('',#4849,0.765);
#4176=DRAUGHTING_PRE_DEFINED_CURVE_FONT('continuous');
#4177=COLOUR_RGB('',0.878400027751923,0.949000000953674,1.0);
#4178=CARTESIAN_POINT('',(1.1,-0.47,-4.6));
#4179=CARTESIAN_POINT('',(1.1,-0.375,-4.505));
#4180=VECTOR('',#4850,0.1343502884254);
#4181=DRAUGHTING_PRE_DEFINED_CURVE_FONT('continuous');
#4182=COLOUR_RGB('',0.878400027751923,0.949000000953674,1.0);
#4183=CARTESIAN_POINT('',(1.1,-0.97,-4.6));
#4184=CARTESIAN_POINT('',(1.1,-0.47,-4.6));
#4185=VECTOR('',#4851,0.5);
#4186=DRAUGHTING_PRE_DEFINED_CURVE_FONT('continuous');
#4187=COLOUR_RGB('',0.878400027751923,0.949000000953674,1.0);
#4188=CARTESIAN_POINT('',(1.1,-1.065,-4.505));
#4189=CARTESIAN_POINT('',(1.1,-0.97,-4.6));
#4190=VECTOR('',#4852,0.1343502884254);
#4191=DRAUGHTING_PRE_DEFINED_CURVE_FONT('continuous');
#4192=COLOUR_RGB('',0.878400027751923,0.949000000953674,1.0);
#4193=CARTESIAN_POINT('',(1.1,-1.69,-4.505));
#4194=CARTESIAN_POINT('',(1.1,-1.065,-4.505));
#4195=VECTOR('',#4853,0.625);
#4196=DRAUGHTING_PRE_DEFINED_CURVE_FONT('continuous');
#4197=COLOUR_RGB('',0.878400027751923,0.949000000953674,1.0);
#4198=CARTESIAN_POINT('',(1.1,-1.785,-4.41));
#4199=CARTESIAN_POINT('',(1.1,-1.69,-4.505));
#4200=VECTOR('',#4854,0.1343502884254);
#4201=DRAUGHTING_PRE_DEFINED_CURVE_FONT('continuous');
#4202=COLOUR_RGB('',0.878400027751923,0.949000000953674,1.0);
#4203=CARTESIAN_POINT('',(1.1,-4.15,-4.41));
#4204=CARTESIAN_POINT('',(1.1,-1.785,-4.41));
#4205=VECTOR('',#4855,2.365);
#4206=DRAUGHTING_PRE_DEFINED_CURVE_FONT('continuous');
#4207=COLOUR_RGB('',0.878400027751923,0.949000000953674,1.0);
#4208=CARTESIAN_POINT('',(1.1,-4.15,-4.41));
#4209=VECTOR('',#4856,0.36);
#4210=DRAUGHTING_PRE_DEFINED_CURVE_FONT('continuous');
#4211=COLOUR_RGB('',0.878400027751923,0.949000000953674,1.0);
#4212=CARTESIAN_POINT('',(1.1,-1.09,-0.65));
#4213=CARTESIAN_POINT('',(1.1,-1.09,-2.9));
#4214=VECTOR('',#4857,2.25);
#4215=DRAUGHTING_PRE_DEFINED_CURVE_FONT('continuous');
#4216=COLOUR_RGB('',0.878400027751923,0.949000000953674,1.0);
#4217=CARTESIAN_POINT('',(1.1,-0.35,-0.65));
#4218=CARTESIAN_POINT('',(1.1,-1.09,-0.65));
#4219=VECTOR('',#4858,0.74);
#4220=DRAUGHTING_PRE_DEFINED_CURVE_FONT('continuous');
#4221=COLOUR_RGB('',0.878400027751923,0.949000000953674,1.0);
#4222=CARTESIAN_POINT('',(1.1,-0.35,-0.65));
#4223=VECTOR('',#4859,2.25);
#4224=DRAUGHTING_PRE_DEFINED_CURVE_FONT('continuous');
#4225=COLOUR_RGB('',0.878400027751923,0.949000000953674,1.0);
#4226=CARTESIAN_POINT('',(1.4,-4.15,-4.41));
#4227=VECTOR('',#4860,0.3);
#4228=DRAUGHTING_PRE_DEFINED_CURVE_FONT('continuous');
#4229=COLOUR_RGB('',0.878400027751923,0.949000000953674,1.0);
#4230=CARTESIAN_POINT('',(1.4,-1.785,-4.41));
#4231=VECTOR('',#4861,0.3);
#4232=DRAUGHTING_PRE_DEFINED_CURVE_FONT('continuous');
#4233=COLOUR_RGB('',0.878400027751923,0.949000000953674,1.0);
#4234=CARTESIAN_POINT('',(1.4,-1.69,-4.505));
#4235=VECTOR('',#4862,0.3);
#4236=DRAUGHTING_PRE_DEFINED_CURVE_FONT('continuous');
#4237=COLOUR_RGB('',0.878400027751923,0.949000000953674,1.0);
#4238=CARTESIAN_POINT('',(1.4,-1.065,-4.505));
#4239=VECTOR('',#4863,0.3);
#4240=DRAUGHTING_PRE_DEFINED_CURVE_FONT('continuous');
#4241=COLOUR_RGB('',0.878400027751923,0.949000000953674,1.0);
#4242=CARTESIAN_POINT('',(1.4,-0.97,-4.6));
#4243=VECTOR('',#4864,0.3);
#4244=DRAUGHTING_PRE_DEFINED_CURVE_FONT('continuous');
#4245=COLOUR_RGB('',0.878400027751923,0.949000000953674,1.0);
#4246=CARTESIAN_POINT('',(1.4,-0.47,-4.6));
#4247=VECTOR('',#4865,0.3);
#4248=DRAUGHTING_PRE_DEFINED_CURVE_FONT('continuous');
#4249=COLOUR_RGB('',0.878400027751923,0.949000000953674,1.0);
#4250=CARTESIAN_POINT('',(1.4,-0.375,-4.505));
#4251=VECTOR('',#4866,0.3);
#4252=DRAUGHTING_PRE_DEFINED_CURVE_FONT('continuous');
#4253=COLOUR_RGB('',0.878400027751923,0.949000000953674,1.0);
#4254=CARTESIAN_POINT('',(1.4,-0.35,-0.65));
#4255=VECTOR('',#4867,0.3);
#4256=DRAUGHTING_PRE_DEFINED_CURVE_FONT('continuous');
#4257=COLOUR_RGB('',0.878400027751923,0.949000000953674,1.0);
#4258=CARTESIAN_POINT('',(1.4,-1.09,-0.65));
#4259=VECTOR('',#4868,0.3);
#4260=DRAUGHTING_PRE_DEFINED_CURVE_FONT('continuous');
#4261=COLOUR_RGB('',0.878400027751923,0.949000000953674,1.0);
#4262=CARTESIAN_POINT('',(2.425,-1.85,-1.4));
#4263=VECTOR('',#4869,0.4);
#4264=DRAUGHTING_PRE_DEFINED_CURVE_FONT('continuous');
#4265=COLOUR_RGB('',0.878400027751923,0.949000000953674,1.0);
#4266=CARTESIAN_POINT('',(2.025,-1.85,-1.4));
#4267=VECTOR('',#4870,0.4);
#4268=DRAUGHTING_PRE_DEFINED_CURVE_FONT('continuous');
#4269=COLOUR_RGB('',0.878400027751923,0.949000000953674,1.0);
#4270=CARTESIAN_POINT('',(2.65,-4.15,-4.05));
#4271=VECTOR('',#4871,0.3);
#4272=DRAUGHTING_PRE_DEFINED_CURVE_FONT('continuous');
#4273=COLOUR_RGB('',0.878400027751923,0.949000000953674,1.0);
#4274=CARTESIAN_POINT('',(2.65,-4.15,-4.41));
#4275=VECTOR('',#4872,0.3);
#4276=DRAUGHTING_PRE_DEFINED_CURVE_FONT('continuous');
#4277=COLOUR_RGB('',0.878400027751923,0.949000000953674,1.0);
#4278=CARTESIAN_POINT('',(2.65,-1.785,-4.41));
#4279=VECTOR('',#4873,0.3);
#4280=DRAUGHTING_PRE_DEFINED_CURVE_FONT('continuous');
#4281=COLOUR_RGB('',0.878400027751923,0.949000000953674,1.0);
#4282=CARTESIAN_POINT('',(2.65,-1.69,-4.505));
#4283=VECTOR('',#4874,0.3);
#4284=DRAUGHTING_PRE_DEFINED_CURVE_FONT('continuous');
#4285=COLOUR_RGB('',0.878400027751923,0.949000000953674,1.0);
#4286=CARTESIAN_POINT('',(2.65,-1.065,-4.505));
#4287=VECTOR('',#4875,0.3);
#4288=DRAUGHTING_PRE_DEFINED_CURVE_FONT('continuous');
#4289=COLOUR_RGB('',0.878400027751923,0.949000000953674,1.0);
#4290=CARTESIAN_POINT('',(2.65,-0.97,-4.6));
#4291=VECTOR('',#4876,0.3);
#4292=DRAUGHTING_PRE_DEFINED_CURVE_FONT('continuous');
#4293=COLOUR_RGB('',0.878400027751923,0.949000000953674,1.0);
#4294=CARTESIAN_POINT('',(2.65,-0.47,-4.6));
#4295=VECTOR('',#4877,0.3);
#4296=DRAUGHTING_PRE_DEFINED_CURVE_FONT('continuous');
#4297=COLOUR_RGB('',0.878400027751923,0.949000000953674,1.0);
#4298=CARTESIAN_POINT('',(2.65,-0.375,-4.505));
#4299=VECTOR('',#4878,0.3);
#4300=DRAUGHTING_PRE_DEFINED_CURVE_FONT('continuous');
#4301=COLOUR_RGB('',0.878400027751923,0.949000000953674,1.0);
#4302=CARTESIAN_POINT('',(-2.35,-0.35,-0.65));
#4303=VECTOR('',#4879,0.3);
#4304=DRAUGHTING_PRE_DEFINED_CURVE_FONT('continuous');
#4305=COLOUR_RGB('',0.878400027751923,0.949000000953674,1.0);
#4306=CARTESIAN_POINT('',(-2.35,-1.09,-0.65));
#4307=VECTOR('',#4880,0.3);
#4308=DRAUGHTING_PRE_DEFINED_CURVE_FONT('continuous');
#4309=COLOUR_RGB('',0.878400027751923,0.949000000953674,1.0);
#4310=CARTESIAN_POINT('',(2.65,-0.35,-0.65));
#4311=VECTOR('',#4881,0.3);
#4312=DRAUGHTING_PRE_DEFINED_CURVE_FONT('continuous');
#4313=COLOUR_RGB('',0.878400027751923,0.949000000953674,1.0);
#4314=CARTESIAN_POINT('',(2.65,-1.09,-0.65));
#4315=VECTOR('',#4882,0.3);
#4316=SURFACE_SIDE_STYLE('',(#4883));
#4317=ADVANCED_FACE('',(#4884),#4885,.T.);
#4318=ADVANCED_FACE('',(#4886),#4887,.T.);
#4319=ADVANCED_FACE('',(#4888),#4889,.T.);
#4320=ADVANCED_FACE('',(#4890),#4891,.F.);
#4321=ADVANCED_FACE('',(#4892),#4893,.T.);
#4322=ADVANCED_FACE('',(#4894),#4895,.T.);
#4323=ADVANCED_FACE('',(#4896),#4897,.T.);
#4324=ADVANCED_FACE('',(#4898),#4899,.F.);
#4325=ADVANCED_FACE('',(#4900),#4901,.F.);
#4326=ADVANCED_FACE('',(#4902),#4903,.F.);
#4327=ADVANCED_FACE('',(#4904),#4905,.F.);
#4328=ADVANCED_FACE('',(#4906),#4907,.T.);
#4329=ADVANCED_FACE('',(#4908),#4909,.T.);
#4330=ADVANCED_FACE('',(#4910),#4911,.T.);
#4331=ADVANCED_FACE('',(#4912),#4913,.T.);
#4332=ADVANCED_FACE('',(#4914),#4915,.F.);
#4333=ADVANCED_FACE('',(#4916),#4917,.F.);
#4334=ADVANCED_FACE('',(#4918),#4919,.F.);
#4335=ADVANCED_FACE('',(#4920),#4921,.T.);
#4336=ADVANCED_FACE('',(#4922),#4923,.F.);
#4337=ADVANCED_FACE('',(#4924),#4925,.T.);
#4338=ADVANCED_FACE('',(#4926),#4927,.T.);
#4339=ADVANCED_FACE('',(#4928),#4929,.T.);
#4340=ADVANCED_FACE('',(#4930),#4931,.T.);
#4341=ADVANCED_FACE('',(#4932),#4933,.F.);
#4342=ADVANCED_FACE('',(#4934),#4935,.T.);
#4343=ADVANCED_FACE('',(#4936),#4937,.T.);
#4344=ADVANCED_FACE('',(#4938),#4939,.F.);
#4345=ADVANCED_FACE('',(#4940),#4941,.T.);
#4346=ADVANCED_FACE('',(#4942),#4943,.F.);
#4347=ADVANCED_FACE('',(#4944),#4945,.F.);
#4348=ADVANCED_FACE('',(#4946,#4947,#4948,#4949,#4950,#4951),#4952,.T.);
#4349=ADVANCED_FACE('',(#4953),#4954,.F.);
#4350=ADVANCED_FACE('',(#4955),#4956,.F.);
#4351=ADVANCED_FACE('',(#4957),#4958,.F.);
#4352=ADVANCED_FACE('',(#4959),#4960,.F.);
#4353=ADVANCED_FACE('',(#4961),#4962,.F.);
#4354=ADVANCED_FACE('',(#4963),#4964,.T.);
#4355=ADVANCED_FACE('',(#4965),#4966,.T.);
#4356=ADVANCED_FACE('',(#4967),#4968,.T.);
#4357=ADVANCED_FACE('',(#4969),#4970,.F.);
#4358=ADVANCED_FACE('',(#4971),#4972,.F.);
#4359=ADVANCED_FACE('',(#4973),#4974,.F.);
#4360=ADVANCED_FACE('',(#4975),#4976,.F.);
#4361=ADVANCED_FACE('',(#4977),#4978,.F.);
#4362=ADVANCED_FACE('',(#4979),#4980,.F.);
#4363=ADVANCED_FACE('',(#4981),#4982,.T.);
#4364=ADVANCED_FACE('',(#4983),#4984,.T.);
#4365=ADVANCED_FACE('',(#4985),#4986,.T.);
#4366=ADVANCED_FACE('',(#4987),#4988,.T.);
#4367=ADVANCED_FACE('',(#4989),#4990,.T.);
#4368=ADVANCED_FACE('',(#4991),#4992,.T.);
#4369=ADVANCED_FACE('',(#4993),#4994,.T.);
#4370=ADVANCED_FACE('',(#4995),#4996,.T.);
#4371=ADVANCED_FACE('',(#4997),#4998,.T.);
#4372=ADVANCED_FACE('',(#4999),#5000,.T.);
#4373=ADVANCED_FACE('',(#5001),#5002,.T.);
#4374=ADVANCED_FACE('',(#5003),#5004,.T.);
#4375=ADVANCED_FACE('',(#5005),#5006,.F.);
#4376=ADVANCED_FACE('',(#5007),#5008,.F.);
#4377=ADVANCED_FACE('',(#5009),#5010,.F.);
#4378=ADVANCED_FACE('',(#5011),#5012,.F.);
#4379=ADVANCED_FACE('',(#5013),#5014,.F.);
#4380=ADVANCED_FACE('',(#5015),#5016,.F.);
#4381=ADVANCED_FACE('',(#5017),#5018,.F.);
#4382=ADVANCED_FACE('',(#5019),#5020,.T.);
#4383=ADVANCED_FACE('',(#5021),#5022,.F.);
#4384=ADVANCED_FACE('',(#5023),#5024,.T.);
#4385=ADVANCED_FACE('',(#5025),#5026,.F.);
#4386=ADVANCED_FACE('',(#5027),#5028,.F.);
#4387=ADVANCED_FACE('',(#5029),#5030,.F.);
#4388=ADVANCED_FACE('',(#5031),#5032,.T.);
#4389=ADVANCED_FACE('',(#5033),#5034,.F.);
#4390=ADVANCED_FACE('',(#5035),#5036,.F.);
#4391=ADVANCED_FACE('',(#5037),#5038,.T.);
#4392=ADVANCED_FACE('',(#5039),#5040,.F.);
#4393=ADVANCED_FACE('',(#5041),#5042,.F.);
#4394=ADVANCED_FACE('',(#5043),#5044,.T.);
#4395=ADVANCED_FACE('',(#5045),#5046,.T.);
#4396=ADVANCED_FACE('',(#5047),#5048,.T.);
#4397=ADVANCED_FACE('',(#5049),#5050,.T.);
#4398=ADVANCED_FACE('',(#5051),#5052,.T.);
#4399=ADVANCED_FACE('',(#5053),#5054,.T.);
#4400=ADVANCED_FACE('',(#5055),#5056,.T.);
#4401=ADVANCED_FACE('',(#5057),#5058,.T.);
#4402=ADVANCED_FACE('',(#5059),#5060,.T.);
#4403=ADVANCED_FACE('',(#5061),#5062,.T.);
#4404=ADVANCED_FACE('',(#5063),#5064,.T.);
#4405=ADVANCED_FACE('',(#5065),#5066,.T.);
#4406=ADVANCED_FACE('',(#5067),#5068,.T.);
#4407=ADVANCED_FACE('',(#5069),#5070,.T.);
#4408=ADVANCED_FACE('',(#5071),#5072,.T.);
#4409=ADVANCED_FACE('',(#5073),#5074,.F.);
#4410=ADVANCED_FACE('',(#5075),#5076,.F.);
#4411=ADVANCED_FACE('',(#5077),#5078,.T.);
#4412=ADVANCED_FACE('',(#5079),#5080,.T.);
#4413=ADVANCED_FACE('',(#5081),#5082,.T.);
#4414=ADVANCED_FACE('',(#5083),#5084,.T.);
#4415=ADVANCED_FACE('',(#5085),#5086,.T.);
#4416=ADVANCED_FACE('',(#5087),#5088,.T.);
#4417=ADVANCED_FACE('',(#5089),#5090,.T.);
#4418=ADVANCED_FACE('',(#5091),#5092,.T.);
#4419=ADVANCED_FACE('',(#5093),#5094,.T.);
#4420=ADVANCED_FACE('',(#5095),#5096,.T.);
#4421=ADVANCED_FACE('',(#5097),#5098,.T.);
#4422=ADVANCED_FACE('',(#5099),#5100,.T.);
#4423=ADVANCED_FACE('',(#5101),#5102,.T.);
#4424=ADVANCED_FACE('',(#5103),#5104,.T.);
#4425=ADVANCED_FACE('',(#5105),#5106,.F.);
#4426=ADVANCED_FACE('',(#5107),#5108,.F.);
#4427=ADVANCED_FACE('',(#5109),#5110,.F.);
#4428=ADVANCED_FACE('',(#5111),#5112,.F.);
#4429=ADVANCED_FACE('',(#5113),#5114,.F.);
#4430=ADVANCED_FACE('',(#5115),#5116,.F.);
#4431=ADVANCED_FACE('',(#5117),#5118,.T.);
#4432=ADVANCED_FACE('',(#5119),#5120,.F.);
#4433=ADVANCED_FACE('',(#5121),#5122,.F.);
#4434=ADVANCED_FACE('',(#5123),#5124,.T.);
#4435=ADVANCED_FACE('',(#5125),#5126,.T.);
#4436=ADVANCED_FACE('',(#5127),#5128,.T.);
#4437=ADVANCED_FACE('',(#5129),#5130,.T.);
#4438=ADVANCED_FACE('',(#5131),#5132,.T.);
#4439=ADVANCED_FACE('',(#5133),#5134,.T.);
#4440=ADVANCED_FACE('',(#5135),#5136,.T.);
#4441=ADVANCED_FACE('',(#5137),#5138,.T.);
#4442=ADVANCED_FACE('',(#5139),#5140,.T.);
#4443=ADVANCED_FACE('',(#5141),#5142,.T.);
#4444=ADVANCED_FACE('',(#5143),#5144,.T.);
#4445=ADVANCED_FACE('',(#5145),#5146,.T.);
#4446=ADVANCED_FACE('',(#5147),#5148,.T.);
#4447=ADVANCED_FACE('',(#5149),#5150,.T.);
#4448=ADVANCED_FACE('',(#5151),#5152,.F.);
#4449=ADVANCED_FACE('',(#5153),#5154,.F.);
#4450=ADVANCED_FACE('',(#5155),#5156,.F.);
#4451=ADVANCED_FACE('',(#5157),#5158,.T.);
#4452=ADVANCED_FACE('',(#5159),#5160,.T.);
#4453=ADVANCED_FACE('',(#5161),#5162,.T.);
#4454=ADVANCED_FACE('',(#5163),#5164,.T.);
#4455=ADVANCED_FACE('',(#5165),#5166,.T.);
#4456=ADVANCED_FACE('',(#5167),#5168,.T.);
#4457=ADVANCED_FACE('',(#5169),#5170,.T.);
#4458=ADVANCED_FACE('',(#5171),#5172,.T.);
#4459=ADVANCED_FACE('',(#5173),#5174,.T.);
#4460=ADVANCED_FACE('',(#5175),#5176,.T.);
#4461=ADVANCED_FACE('',(#5177),#5178,.T.);
#4462=ADVANCED_FACE('',(#5179),#5180,.T.);
#4463=ADVANCED_FACE('',(#5181),#5182,.T.);
#4464=ADVANCED_FACE('',(#5183),#5184,.T.);
#4465=ADVANCED_FACE('',(#5185),#5186,.T.);
#4466=ADVANCED_FACE('',(#5187),#5188,.F.);
#4467=ADVANCED_FACE('',(#5189),#5190,.F.);
#4469=DIRECTION('',(-1.0,0.0,0.0));
#4470=DIRECTION('',(0.0,1.0,0.0));
#4471=DIRECTION('',(1.0,0.0,0.0));
#4472=DIRECTION('',(0.0,-1.0,0.0));
#4473=DIRECTION('',(0.0,1.0,0.0));
#4474=DIRECTION('',(1.0,0.0,0.0));
#4475=DIRECTION('',(0.0,-1.0,0.0));
#4476=DIRECTION('',(1.0,0.0,0.0));
#4477=DIRECTION('',(0.0,1.0,0.0));
#4478=DIRECTION('',(1.0,0.0,0.0));
#4479=DIRECTION('',(0.0,1.0,0.0));
#4480=DIRECTION('',(-1.0,0.0,0.0));
#4481=DIRECTION('',(0.0,1.0,0.0));
#4482=DIRECTION('',(1.0,0.0,0.0));
#4483=DIRECTION('',(0.0,1.0,0.0));
#4484=DIRECTION('',(-1.0,0.0,0.0));
#4485=DIRECTION('',(0.0,-1.0,0.0));
#4486=DIRECTION('',(0.0,1.0,0.0));
#4487=DIRECTION('',(1.0,0.0,0.0));
#4488=DIRECTION('',(0.0,-1.0,0.0));
#4489=DIRECTION('',(-1.0,0.0,0.0));
#4490=DIRECTION('',(0.0,1.0,0.0));
#4491=DIRECTION('',(0.0,1.0,0.0));
#4492=DIRECTION('',(0.0,0.0,-1.0));
#4493=DIRECTION('',(0.0,-0.707106781186548,0.707106781186548));
#4494=DIRECTION('',(0.0,0.0,-1.0));
#4495=DIRECTION('',(0.0,0.0,-1.0));
#4496=DIRECTION('',(1.0,0.0,0.0));
#4497=DIRECTION('',(0.0,0.0,1.0));
#4498=DIRECTION('',(1.0,0.0,0.0));
#4499=DIRECTION('',(0.0,0.0,-1.0));
#4500=DIRECTION('',(-1.0,0.0,0.0));
#4501=DIRECTION('',(1.0,0.0,0.0));
#4502=DIRECTION('',(0.0,0.0,-1.0));
#4503=DIRECTION('',(-1.0,0.0,0.0));
#4504=DIRECTION('',(0.0,0.0,-1.0));
#4505=DIRECTION('',(0.0,0.0,-1.0));
#4506=DIRECTION('',(-1.0,0.0,0.0));
#4507=DIRECTION('',(0.0,0.0,1.0));
#4508=DIRECTION('',(1.0,0.0,0.0));
#4509=DIRECTION('',(0.0,0.0,-1.0));
#4510=DIRECTION('',(1.0,0.0,0.0));
#4511=DIRECTION('',(0.0,0.0,-1.0));
#4512=DIRECTION('',(0.0,0.0,-1.0));
#4513=DIRECTION('',(-1.0,0.0,0.0));
#4514=DIRECTION('',(0.0,0.0,1.0));
#4515=DIRECTION('',(0.0,1.0,0.0));
#4516=DIRECTION('',(-1.0,0.0,0.0));
#4517=DIRECTION('',(0.0,0.0,1.0));
#4518=DIRECTION('',(1.0,0.0,0.0));
#4519=DIRECTION('',(0.0,0.0,-1.0));
#4520=DIRECTION('',(-1.0,0.0,0.0));
#4521=DIRECTION('',(-1.0,0.0,0.0));
#4522=DIRECTION('',(0.0,0.0,-1.0));
#4523=DIRECTION('',(-1.0,0.0,0.0));
#4524=DIRECTION('',(0.0,0.0,-1.0));
#4525=DIRECTION('',(-1.0,0.0,0.0));
#4526=DIRECTION('',(0.0,0.0,1.0));
#4527=DIRECTION('',(1.0,0.0,0.0));
#4528=DIRECTION('',(0.0,0.0,1.0));
#4529=DIRECTION('',(-1.0,0.0,0.0));
#4530=DIRECTION('',(0.0,0.0,-1.0));
#4531=DIRECTION('',(-1.0,0.0,0.0));
#4532=DIRECTION('',(0.0,0.0,-1.0));
#4533=DIRECTION('',(1.0,0.0,0.0));
#4534=DIRECTION('',(0.0,0.0,1.0));
#4535=DIRECTION('',(-0.577350269189626,-0.577350269189626,0.577350269189626));
#4536=DIRECTION('',(0.0,-0.707106781186548,0.707106781186548));
#4537=DIRECTION('',(0.0,-0.707106781186548,0.707106781186548));
#4538=DIRECTION('',(0.577350269189626,-0.577350269189626,0.577350269189626));
#4539=DIRECTION('',(0.0,-0.707106781186548,0.707106781186548));
#4540=DIRECTION('',(0.0,1.0,0.0));
#4541=DIRECTION('',(0.707106781186548,0.0,-0.707106781186548));
#4542=DIRECTION('',(0.0,0.0,-1.0));
#4543=DIRECTION('',(1.0,0.0,0.0));
#4544=DIRECTION('',(0.0,0.0,-1.0));
#4545=DIRECTION('',(0.0,-1.0,0.0));
#4546=DIRECTION('',(0.0,0.0,-1.0));
#4547=DIRECTION('',(-1.0,0.0,0.0));
#4548=DIRECTION('',(0.0,0.0,-1.0));
#4549=DIRECTION('',(-0.832050294337844,0.0,0.554700196225229));
#4550=DIRECTION('',(0.0,1.0,0.0));
#4551=DIRECTION('',(0.832050294337844,0.0,-0.554700196225229));
#4552=DIRECTION('',(0.0,0.0,-1.0));
#4553=DIRECTION('',(1.0,0.0,0.0));
#4554=DIRECTION('',(0.0,0.0,-1.0));
#4555=DIRECTION('',(0.0,0.0,-1.0));
#4556=DIRECTION('',(0.0,-1.0,0.0));
#4557=DIRECTION('',(0.0,-1.0,0.0));
#4558=DIRECTION('',(0.0,-1.0,0.0));
#4559=DIRECTION('',(1.0,0.0,0.0));
#4560=DIRECTION('',(0.0,-1.0,0.0));
#4561=DIRECTION('',(-1.0,0.0,0.0));
#4562=DIRECTION('',(0.0,-1.0,0.0));
#4563=DIRECTION('',(1.0,0.0,0.0));
#4564=DIRECTION('',(0.0,-1.0,0.0));
#4565=DIRECTION('',(1.0,0.0,0.0));
#4566=DIRECTION('',(0.0,1.0,0.0));
#4567=DIRECTION('',(-1.0,0.0,0.0));
#4568=DIRECTION('',(0.0,0.707106781186548,0.707106781186548));
#4569=DIRECTION('',(-1.0,0.0,0.0));
#4570=DIRECTION('',(0.0,-0.707106781186548,-0.707106781186548));
#4571=DIRECTION('',(0.0,0.0,-1.0));
#4572=DIRECTION('',(0.0,0.0,-1.0));
#4573=DIRECTION('',(0.0,-1.0,0.0));
#4574=DIRECTION('',(1.0,0.0,0.0));
#4575=DIRECTION('',(0.0,1.0,0.0));
#4576=DIRECTION('',(-1.0,0.0,0.0));
#4577=DIRECTION('',(0.0,0.0,-1.0));
#4578=DIRECTION('',(-1.0,0.0,0.0));
#4579=DIRECTION('',(0.0,0.0,1.0));
#4580=DIRECTION('',(-1.0,0.0,0.0));
#4581=DIRECTION('',(0.0,0.0,1.0));
#4582=DIRECTION('',(-1.0,0.0,0.0));
#4583=DIRECTION('',(0.0,0.0,-1.0));
#4584=DIRECTION('',(0.0,0.0,-1.0));
#4585=DIRECTION('',(0.0,0.707106781186548,0.707106781186548));
#4586=DIRECTION('',(-1.0,0.0,0.0));
#4587=DIRECTION('',(0.0,-0.707106781186548,-0.707106781186548));
#4588=DIRECTION('',(0.0,1.0,0.0));
#4589=DIRECTION('',(0.0,0.0,-1.0));
#4590=DIRECTION('',(0.0,-1.0,0.0));
#4591=DIRECTION('',(0.0,0.0,-1.0));
#4592=DIRECTION('',(0.0,0.0,-1.0));
#4593=DIRECTION('',(0.0,0.0,-1.0));
#4594=DIRECTION('',(-1.0,0.0,0.0));
#4595=DIRECTION('',(0.0,-1.0,0.0));
#4596=DIRECTION('',(0.0,-1.0,0.0));
#4597=DIRECTION('',(1.0,0.0,0.0));
#4598=DIRECTION('',(1.0,0.0,0.0));
#4599=DIRECTION('',(0.0,1.0,0.0));
#4600=DIRECTION('',(1.0,0.0,0.0));
#4601=DIRECTION('',(0.0,1.0,0.0));
#4602=DIRECTION('',(-1.0,0.0,0.0));
#4603=DIRECTION('',(-1.0,0.0,0.0));
#4604=DIRECTION('',(0.0,1.0,0.0));
#4605=DIRECTION('',(-1.0,0.0,0.0));
#4606=DIRECTION('',(0.0,1.0,0.0));
#4607=DIRECTION('',(-1.0,0.0,0.0));
#4608=DIRECTION('',(0.0,1.0,0.0));
#4609=DIRECTION('',(-1.0,0.0,0.0));
#4610=DIRECTION('',(0.0,1.0,0.0));
#4611=DIRECTION('',(-1.0,0.0,0.0));
#4612=DIRECTION('',(0.0,1.0,0.0));
#4613=DIRECTION('',(-1.0,0.0,0.0));
#4614=DIRECTION('',(0.0,1.0,0.0));
#4615=DIRECTION('',(-1.0,0.0,0.0));
#4616=DIRECTION('',(0.0,1.0,0.0));
#4617=DIRECTION('',(-1.0,0.0,0.0));
#4618=DIRECTION('',(0.0,1.0,0.0));
#4619=DIRECTION('',(-1.0,0.0,0.0));
#4620=DIRECTION('',(0.0,1.0,0.0));
#4621=DIRECTION('',(-1.0,0.0,0.0));
#4622=DIRECTION('',(0.0,1.0,0.0));
#4623=DIRECTION('',(0.0,0.0,1.0));
#4624=DIRECTION('',(0.0,1.0,0.0));
#4625=DIRECTION('',(0.0,0.0,1.0));
#4626=DIRECTION('',(0.0,-1.0,0.0));
#4627=DIRECTION('',(0.0,-0.707106781186598,0.707106781186498));
#4628=DIRECTION('',(0.0,-1.0,0.0));
#4629=DIRECTION('',(0.0,-0.707106781186598,0.707106781186498));
#4630=DIRECTION('',(0.0,-1.0,0.0));
#4631=DIRECTION('',(0.0,-0.707106781186498,-0.707106781186598));
#4632=DIRECTION('',(0.0,-1.0,0.0));
#4633=DIRECTION('',(0.0,0.0,-1.0));
#4634=DIRECTION('',(0.0,-1.0,0.0));
#4635=DIRECTION('',(0.0,0.0,-1.0));
#4636=DIRECTION('',(0.0,1.0,0.0));
#4637=DIRECTION('',(0.0,0.0,1.0));
#4638=DIRECTION('',(-1.0,0.0,0.0));
#4639=DIRECTION('',(0.0,1.0,0.0));
#4640=DIRECTION('',(-1.0,0.0,0.0));
#4641=DIRECTION('',(0.0,1.0,0.0));
#4642=DIRECTION('',(-1.0,0.0,0.0));
#4643=DIRECTION('',(0.0,1.0,0.0));
#4644=DIRECTION('',(-1.0,0.0,0.0));
#4645=DIRECTION('',(0.0,1.0,0.0));
#4646=DIRECTION('',(-1.0,0.0,0.0));
#4647=DIRECTION('',(0.0,1.0,0.0));
#4648=DIRECTION('',(-1.0,0.0,0.0));
#4649=DIRECTION('',(0.0,1.0,0.0));
#4650=DIRECTION('',(-1.0,0.0,0.0));
#4651=DIRECTION('',(0.0,1.0,0.0));
#4652=DIRECTION('',(-1.0,0.0,0.0));
#4653=DIRECTION('',(-1.0,0.0,0.0));
#4654=DIRECTION('',(0.0,-1.0,0.0));
#4655=DIRECTION('',(-1.0,0.0,0.0));
#4656=DIRECTION('',(0.0,1.0,0.0));
#4657=DIRECTION('',(0.0,1.0,0.0));
#4658=DIRECTION('',(-1.0,0.0,0.0));
#4659=DIRECTION('',(0.0,1.0,0.0));
#4660=DIRECTION('',(0.0,0.0,1.0));
#4661=DIRECTION('',(0.0,1.0,0.0));
#4662=DIRECTION('',(0.0,0.0,1.0));
#4663=DIRECTION('',(0.0,-1.0,0.0));
#4664=DIRECTION('',(0.0,-0.707106781186598,0.707106781186498));
#4665=DIRECTION('',(0.0,-1.0,0.0));
#4666=DIRECTION('',(0.0,-0.707106781186598,0.707106781186498));
#4667=DIRECTION('',(0.0,-1.0,0.0));
#4668=DIRECTION('',(0.0,-0.707106781186498,-0.707106781186598));
#4669=DIRECTION('',(0.0,-1.0,0.0));
#4670=DIRECTION('',(0.0,0.0,-1.0));
#4671=DIRECTION('',(0.0,0.0,-1.0));
#4672=DIRECTION('',(0.0,1.0,0.0));
#4673=DIRECTION('',(0.0,0.0,1.0));
#4674=DIRECTION('',(-1.0,0.0,0.0));
#4675=DIRECTION('',(0.0,0.0,-1.0));
#4676=DIRECTION('',(0.0,-1.0,0.0));
#4677=DIRECTION('',(0.0,-0.707106781186498,-0.707106781186598));
#4678=DIRECTION('',(0.0,-1.0,0.0));
#4679=DIRECTION('',(0.0,-0.707106781186598,0.707106781186498));
#4680=DIRECTION('',(0.0,-1.0,0.0));
#4681=DIRECTION('',(0.0,-0.707106781186598,0.707106781186498));
#4682=DIRECTION('',(0.0,-1.0,0.0));
#4683=DIRECTION('',(0.0,0.0,1.0));
#4684=DIRECTION('',(0.0,1.0,0.0));
#4685=DIRECTION('',(0.0,0.0,1.0));
#4686=DIRECTION('',(0.0,0.0,1.0));
#4687=DIRECTION('',(0.0,1.0,0.0));
#4688=DIRECTION('',(0.0,0.0,-1.0));
#4689=DIRECTION('',(1.0,0.0,0.0));
#4690=DIRECTION('',(0.0,0.0,1.0));
#4691=DIRECTION('',(0.0,0.0,1.0));
#4692=DIRECTION('',(-1.0,-1.184237892933E-14,0.0));
#4693=DIRECTION('',(0.0,0.0,1.0));
#4694=DIRECTION('',(0.0,0.0,-1.0));
#4695=DIRECTION('',(-1.0,1.184237892933E-14,0.0));
#4696=DIRECTION('',(0.0,0.0,1.0));
#4697=DIRECTION('',(1.0,0.0,0.0));
#4698=DIRECTION('',(0.0,0.0,1.0));
#4699=DIRECTION('',(0.0,0.0,1.0));
#4700=DIRECTION('',(1.0,0.0,0.0));
#4701=DIRECTION('',(0.0,0.0,1.0));
#4702=DIRECTION('',(0.0,0.0,1.0));
#4703=DIRECTION('',(0.0,0.0,1.0));
#4704=DIRECTION('',(1.0,0.0,0.0));
#4705=DIRECTION('',(-1.0,-1.184237892934E-14,0.0));
#4706=DIRECTION('',(0.0,0.0,1.0));
#4707=DIRECTION('',(0.0,0.0,-1.0));
#4708=DIRECTION('',(-1.0,1.184237892933E-14,0.0));
#4709=DIRECTION('',(0.0,0.0,1.0));
#4710=DIRECTION('',(0.0,0.0,-1.0));
#4711=DIRECTION('',(0.0,-1.0,0.0));
#4712=DIRECTION('',(0.0,-0.707106781186498,-0.707106781186598));
#4713=DIRECTION('',(0.0,-1.0,0.0));
#4714=DIRECTION('',(0.0,-0.707106781186598,0.707106781186498));
#4715=DIRECTION('',(0.0,-1.0,0.0));
#4716=DIRECTION('',(0.0,-0.707106781186598,0.707106781186498));
#4717=DIRECTION('',(0.0,-1.0,0.0));
#4718=DIRECTION('',(0.0,0.0,1.0));
#4719=DIRECTION('',(0.0,1.0,0.0));
#4720=DIRECTION('',(0.0,0.0,1.0));
#4721=DIRECTION('',(0.0,1.0,0.0));
#4722=DIRECTION('',(0.0,0.0,-1.0));
#4723=DIRECTION('',(-1.0,0.0,0.0));
#4724=DIRECTION('',(-1.0,0.0,0.0));
#4725=DIRECTION('',(-1.0,0.0,0.0));
#4726=DIRECTION('',(-1.0,0.0,0.0));
#4727=DIRECTION('',(-1.0,0.0,0.0));
#4728=DIRECTION('',(-1.0,0.0,0.0));
#4729=DIRECTION('',(-1.0,0.0,0.0));
#4730=DIRECTION('',(-1.0,0.0,0.0));
#4731=DIRECTION('',(-1.0,0.0,0.0));
#4732=DIRECTION('',(-1.0,0.0,0.0));
#4733=DIRECTION('',(0.0,-0.624695047554424,0.78086880944303));
#4734=DIRECTION('',(0.0,-0.624695047554424,0.78086880944303));
#4735=DIRECTION('',(-1.0,0.0,0.0));
#4736=DIRECTION('',(0.0,-0.624695047554424,0.78086880944303));
#4737=DIRECTION('',(0.0,-0.624695047554424,0.78086880944303));
#4738=DIRECTION('',(-1.0,0.0,0.0));
#4739=DIRECTION('',(-1.0,0.0,0.0));
#4740=DIRECTION('',(-1.0,0.0,0.0));
#4741=DIRECTION('',(0.0,-0.624695047554424,0.78086880944303));
#4742=DIRECTION('',(0.0,-0.624695047554424,0.78086880944303));
#4743=DIRECTION('',(0.0,1.0,0.0));
#4744=DIRECTION('',(0.0,1.0,0.0));
#4745=DIRECTION('',(0.0,1.0,0.0));
#4746=DIRECTION('',(0.0,0.0,-1.0));
#4747=DIRECTION('',(0.832050294337844,0.0,0.554700196225229));
#4748=DIRECTION('',(-0.832050294337844,0.0,-0.554700196225229));
#4749=DIRECTION('',(0.0,0.0,-1.0));
#4750=DIRECTION('',(0.0,0.0,-1.0));
#4751=DIRECTION('',(0.0,0.0,-1.0));
#4752=DIRECTION('',(0.707106781186548,0.0,0.707106781186548));
#4753=DIRECTION('',(0.0,-1.0,0.0));
#4754=DIRECTION('',(0.0,1.0,0.0));
#4755=DIRECTION('',(-1.0,0.0,0.0));
#4756=DIRECTION('',(0.0,1.0,0.0));
#4757=DIRECTION('',(0.0,0.0,1.0));
#4758=DIRECTION('',(0.0,-1.0,0.0));
#4759=DIRECTION('',(0.0,-0.707106781186598,0.707106781186498));
#4760=DIRECTION('',(0.0,-1.0,0.0));
#4761=DIRECTION('',(0.0,-0.707106781186598,0.707106781186498));
#4762=DIRECTION('',(0.0,-1.0,0.0));
#4763=DIRECTION('',(0.0,-0.707106781186498,-0.707106781186598));
#4764=DIRECTION('',(0.0,-1.0,0.0));
#4765=DIRECTION('',(0.0,0.0,-1.0));
#4766=DIRECTION('',(0.0,0.0,-1.0));
#4767=DIRECTION('',(0.0,1.0,0.0));
#4768=DIRECTION('',(0.0,0.0,1.0));
#4769=DIRECTION('',(-1.0,0.0,0.0));
#4770=DIRECTION('',(0.0,0.0,-1.0));
#4771=DIRECTION('',(0.0,-1.0,0.0));
#4772=DIRECTION('',(0.0,-0.707106781186498,-0.707106781186598));
#4773=DIRECTION('',(0.0,-1.0,0.0));
#4774=DIRECTION('',(0.0,-0.707106781186598,0.707106781186498));
#4775=DIRECTION('',(0.0,-1.0,0.0));
#4776=DIRECTION('',(0.0,-0.707106781186598,0.707106781186498));
#4777=DIRECTION('',(0.0,-1.0,0.0));
#4778=DIRECTION('',(0.0,0.0,1.0));
#4779=DIRECTION('',(0.0,0.0,1.0));
#4780=DIRECTION('',(0.0,1.0,0.0));
#4781=DIRECTION('',(0.0,0.0,-1.0));
#4782=DIRECTION('',(-1.0,0.0,0.0));
#4783=DIRECTION('',(-1.0,0.0,0.0));
#4784=DIRECTION('',(-1.0,0.0,0.0));
#4785=DIRECTION('',(-1.0,0.0,0.0));
#4786=DIRECTION('',(-1.0,0.0,0.0));
#4787=DIRECTION('',(-1.0,0.0,0.0));
#4788=DIRECTION('',(-1.0,0.0,0.0));
#4789=DIRECTION('',(-1.0,0.0,0.0));
#4790=DIRECTION('',(-1.0,0.0,0.0));
#4791=DIRECTION('',(0.0,1.0,0.0));
#4792=DIRECTION('',(-1.0,0.0,0.0));
#4793=DIRECTION('',(0.0,1.0,0.0));
#4794=DIRECTION('',(0.0,0.0,1.0));
#4795=DIRECTION('',(0.0,-1.0,0.0));
#4796=DIRECTION('',(0.0,-0.707106781186598,0.707106781186498));
#4797=DIRECTION('',(0.0,-1.0,0.0));
#4798=DIRECTION('',(0.0,-0.707106781186598,0.707106781186498));
#4799=DIRECTION('',(0.0,-1.0,0.0));
#4800=DIRECTION('',(0.0,-0.707106781186498,-0.707106781186598));
#4801=DIRECTION('',(0.0,-1.0,0.0));
#4802=DIRECTION('',(0.0,0.0,-1.0));
#4803=DIRECTION('',(0.0,0.0,-1.0));
#4804=DIRECTION('',(0.0,1.0,0.0));
#4805=DIRECTION('',(0.0,0.0,1.0));
#4806=DIRECTION('',(-1.0,0.0,0.0));
#4807=DIRECTION('',(0.0,0.0,-1.0));
#4808=DIRECTION('',(0.0,-1.0,0.0));
#4809=DIRECTION('',(0.0,-0.707106781186498,-0.707106781186598));
#4810=DIRECTION('',(0.0,-1.0,0.0));
#4811=DIRECTION('',(0.0,-0.707106781186598,0.707106781186498));
#4812=DIRECTION('',(0.0,-1.0,0.0));
#4813=DIRECTION('',(0.0,-0.707106781186598,0.707106781186498));
#4814=DIRECTION('',(0.0,-1.0,0.0));
#4815=DIRECTION('',(0.0,0.0,1.0));
#4816=DIRECTION('',(0.0,0.0,1.0));
#4817=DIRECTION('',(0.0,1.0,0.0));
#4818=DIRECTION('',(0.0,0.0,-1.0));
#4819=DIRECTION('',(-1.0,0.0,0.0));
#4820=DIRECTION('',(-1.0,0.0,0.0));
#4821=DIRECTION('',(-1.0,0.0,0.0));
#4822=DIRECTION('',(-1.0,0.0,0.0));
#4823=DIRECTION('',(-1.0,0.0,0.0));
#4824=DIRECTION('',(-1.0,0.0,0.0));
#4825=DIRECTION('',(-1.0,0.0,0.0));
#4826=DIRECTION('',(-1.0,0.0,0.0));
#4827=DIRECTION('',(-1.0,0.0,0.0));
#4828=DIRECTION('',(0.0,1.0,0.0));
#4829=DIRECTION('',(0.0,1.0,0.0));
#4830=DIRECTION('',(0.0,1.0,0.0));
#4831=DIRECTION('',(0.0,1.0,0.0));
#4832=DIRECTION('',(0.0,1.0,0.0));
#4833=DIRECTION('',(-1.0,0.0,0.0));
#4834=DIRECTION('',(0.0,1.0,0.0));
#4835=DIRECTION('',(0.0,0.0,1.0));
#4836=DIRECTION('',(0.0,-1.0,0.0));
#4837=DIRECTION('',(0.0,-0.707106781186598,0.707106781186498));
#4838=DIRECTION('',(0.0,-1.0,0.0));
#4839=DIRECTION('',(0.0,-0.707106781186598,0.707106781186498));
#4840=DIRECTION('',(0.0,-1.0,0.0));
#4841=DIRECTION('',(0.0,-0.707106781186498,-0.707106781186598));
#4842=DIRECTION('',(0.0,-1.0,0.0));
#4843=DIRECTION('',(0.0,0.0,-1.0));
#4844=DIRECTION('',(0.0,0.0,-1.0));
#4845=DIRECTION('',(0.0,1.0,0.0));
#4846=DIRECTION('',(0.0,0.0,1.0));
#4847=DIRECTION('',(-1.0,0.0,0.0));
#4848=DIRECTION('',(0.0,0.0,-1.0));
#4849=DIRECTION('',(0.0,-1.0,0.0));
#4850=DIRECTION('',(0.0,-0.707106781186498,-0.707106781186598));
#4851=DIRECTION('',(0.0,-1.0,0.0));
#4852=DIRECTION('',(0.0,-0.707106781186598,0.707106781186498));
#4853=DIRECTION('',(0.0,-1.0,0.0));
#4854=DIRECTION('',(0.0,-0.707106781186598,0.707106781186498));
#4855=DIRECTION('',(0.0,-1.0,0.0));
#4856=DIRECTION('',(0.0,0.0,1.0));
#4857=DIRECTION('',(0.0,0.0,1.0));
#4858=DIRECTION('',(0.0,1.0,0.0));
#4859=DIRECTION('',(0.0,0.0,-1.0));
#4860=DIRECTION('',(-1.0,0.0,0.0));
#4861=DIRECTION('',(-1.0,0.0,0.0));
#4862=DIRECTION('',(-1.0,0.0,0.0));
#4863=DIRECTION('',(-1.0,0.0,0.0));
#4864=DIRECTION('',(-1.0,0.0,0.0));
#4865=DIRECTION('',(-1.0,0.0,0.0));
#4866=DIRECTION('',(-1.0,0.0,0.0));
#4867=DIRECTION('',(-1.0,0.0,0.0));
#4868=DIRECTION('',(-1.0,0.0,0.0));
#4869=DIRECTION('',(0.0,1.0,0.0));
#4870=DIRECTION('',(0.0,1.0,0.0));
#4871=DIRECTION('',(-1.0,0.0,0.0));
#4872=DIRECTION('',(-1.0,0.0,0.0));
#4873=DIRECTION('',(-1.0,0.0,0.0));
#4874=DIRECTION('',(-1.0,0.0,0.0));
#4875=DIRECTION('',(-1.0,0.0,0.0));
#4876=DIRECTION('',(-1.0,0.0,0.0));
#4877=DIRECTION('',(-1.0,0.0,0.0));
#4878=DIRECTION('',(-1.0,0.0,0.0));
#4879=DIRECTION('',(-1.0,0.0,0.0));
#4880=DIRECTION('',(-1.0,0.0,0.0));
#4881=DIRECTION('',(-1.0,0.0,0.0));
#4882=DIRECTION('',(-1.0,0.0,0.0));
#4883=SURFACE_STYLE_FILL_AREA(#5191);
#4884=FACE_OUTER_BOUND('',#5192,.T.);
#4885=PLANE('',#5193);
#4886=FACE_OUTER_BOUND('',#5194,.T.);
#4887=PLANE('',#5195);
#4888=FACE_OUTER_BOUND('',#5196,.T.);
#4889=PLANE('',#5197);
#4890=FACE_OUTER_BOUND('',#5198,.T.);
#4891=PLANE('',#5199);
#4892=FACE_OUTER_BOUND('',#5200,.T.);
#4893=PLANE('',#5201);
#4894=FACE_OUTER_BOUND('',#5202,.T.);
#4895=PLANE('',#5203);
#4896=FACE_OUTER_BOUND('',#5204,.T.);
#4897=PLANE('',#5205);
#4898=FACE_OUTER_BOUND('',#5206,.T.);
#4899=PLANE('',#5207);
#4900=FACE_OUTER_BOUND('',#5208,.T.);
#4901=PLANE('',#5209);
#4902=FACE_OUTER_BOUND('',#5210,.T.);
#4903=PLANE('',#5211);
#4904=FACE_OUTER_BOUND('',#5212,.T.);
#4905=PLANE('',#5213);
#4906=FACE_OUTER_BOUND('',#5214,.T.);
#4907=PLANE('',#5215);
#4908=FACE_OUTER_BOUND('',#5216,.T.);
#4909=PLANE('',#5217);
#4910=FACE_OUTER_BOUND('',#5218,.T.);
#4911=PLANE('',#5219);
#4912=FACE_OUTER_BOUND('',#5220,.T.);
#4913=PLANE('',#5221);
#4914=FACE_OUTER_BOUND('',#5222,.T.);
#4915=PLANE('',#5223);
#4916=FACE_OUTER_BOUND('',#5224,.T.);
#4917=PLANE('',#5225);
#4918=FACE_OUTER_BOUND('',#5226,.T.);
#4919=PLANE('',#5227);
#4920=FACE_OUTER_BOUND('',#5228,.T.);
#4921=PLANE('',#5229);
#4922=FACE_OUTER_BOUND('',#5230,.T.);
#4923=PLANE('',#5231);
#4924=FACE_OUTER_BOUND('',#5232,.T.);
#4925=PLANE('',#5233);
#4926=FACE_OUTER_BOUND('',#5234,.T.);
#4927=PLANE('',#5235);
#4928=FACE_OUTER_BOUND('',#5236,.T.);
#4929=PLANE('',#5237);
#4930=FACE_OUTER_BOUND('',#5238,.T.);
#4931=PLANE('',#5239);
#4932=FACE_OUTER_BOUND('',#5240,.T.);
#4933=PLANE('',#5241);
#4934=FACE_OUTER_BOUND('',#5242,.T.);
#4935=PLANE('',#5243);
#4936=FACE_OUTER_BOUND('',#5244,.T.);
#4937=PLANE('',#5245);
#4938=FACE_OUTER_BOUND('',#5246,.T.);
#4939=PLANE('',#5247);
#4940=FACE_OUTER_BOUND('',#5248,.T.);
#4941=PLANE('',#5249);
#4942=FACE_OUTER_BOUND('',#5250,.T.);
#4943=PLANE('',#5251);
#4944=FACE_OUTER_BOUND('',#5252,.T.);
#4945=PLANE('',#5253);
#4946=FACE_OUTER_BOUND('',#5254,.T.);
#4947=FACE_BOUND('',#5255,.T.);
#4948=FACE_BOUND('',#5256,.T.);
#4949=FACE_BOUND('',#5257,.T.);
#4950=FACE_BOUND('',#5258,.T.);
#4951=FACE_BOUND('',#5259,.T.);
#4952=PLANE('',#5260);
#4953=FACE_OUTER_BOUND('',#5261,.T.);
#4954=PLANE('',#5262);
#4955=FACE_OUTER_BOUND('',#5263,.T.);
#4956=PLANE('',#5264);
#4957=FACE_OUTER_BOUND('',#5265,.T.);
#4958=PLANE('',#5266);
#4959=FACE_OUTER_BOUND('',#5267,.T.);
#4960=PLANE('',#5268);
#4961=FACE_OUTER_BOUND('',#5269,.T.);
#4962=PLANE('',#5270);
#4963=FACE_OUTER_BOUND('',#5271,.T.);
#4964=PLANE('',#5272);
#4965=FACE_OUTER_BOUND('',#5273,.T.);
#4966=PLANE('',#5274);
#4967=FACE_OUTER_BOUND('',#5275,.T.);
#4968=PLANE('',#5276);
#4969=FACE_OUTER_BOUND('',#5277,.T.);
#4970=PLANE('',#5278);
#4971=FACE_OUTER_BOUND('',#5279,.T.);
#4972=PLANE('',#5280);
#4973=FACE_OUTER_BOUND('',#5281,.T.);
#4974=PLANE('',#5282);
#4975=FACE_OUTER_BOUND('',#5283,.T.);
#4976=PLANE('',#5284);
#4977=FACE_OUTER_BOUND('',#5285,.T.);
#4978=PLANE('',#5286);
#4979=FACE_OUTER_BOUND('',#5287,.T.);
#4980=PLANE('',#5288);
#4981=FACE_OUTER_BOUND('',#5289,.T.);
#4982=PLANE('',#5290);
#4983=FACE_OUTER_BOUND('',#5291,.T.);
#4984=PLANE('',#5292);
#4985=FACE_OUTER_BOUND('',#5293,.T.);
#4986=PLANE('',#5294);
#4987=FACE_OUTER_BOUND('',#5295,.T.);
#4988=PLANE('',#5296);
#4989=FACE_OUTER_BOUND('',#5297,.T.);
#4990=PLANE('',#5298);
#4991=FACE_OUTER_BOUND('',#5299,.T.);
#4992=PLANE('',#5300);
#4993=FACE_OUTER_BOUND('',#5301,.T.);
#4994=PLANE('',#5302);
#4995=FACE_OUTER_BOUND('',#5303,.T.);
#4996=PLANE('',#5304);
#4997=FACE_OUTER_BOUND('',#5305,.T.);
#4998=PLANE('',#5306);
#4999=FACE_OUTER_BOUND('',#5307,.T.);
#5000=PLANE('',#5308);
#5001=FACE_OUTER_BOUND('',#5309,.T.);
#5002=PLANE('',#5310);
#5003=FACE_OUTER_BOUND('',#5311,.T.);
#5004=PLANE('',#5312);
#5005=FACE_OUTER_BOUND('',#5313,.T.);
#5006=PLANE('',#5314);
#5007=FACE_OUTER_BOUND('',#5315,.T.);
#5008=PLANE('',#5316);
#5009=FACE_OUTER_BOUND('',#5317,.T.);
#5010=PLANE('',#5318);
#5011=FACE_OUTER_BOUND('',#5319,.T.);
#5012=PLANE('',#5320);
#5013=FACE_OUTER_BOUND('',#5321,.T.);
#5014=PLANE('',#5322);
#5015=FACE_OUTER_BOUND('',#5323,.T.);
#5016=PLANE('',#5324);
#5017=FACE_OUTER_BOUND('',#5325,.T.);
#5018=PLANE('',#5326);
#5019=FACE_OUTER_BOUND('',#5327,.T.);
#5020=PLANE('',#5328);
#5021=FACE_OUTER_BOUND('',#5329,.T.);
#5022=PLANE('',#5330);
#5023=FACE_OUTER_BOUND('',#5331,.T.);
#5024=PLANE('',#5332);
#5025=FACE_OUTER_BOUND('',#5333,.T.);
#5026=PLANE('',#5334);
#5027=FACE_OUTER_BOUND('',#5335,.T.);
#5028=PLANE('',#5336);
#5029=FACE_OUTER_BOUND('',#5337,.T.);
#5030=PLANE('',#5338);
#5031=FACE_OUTER_BOUND('',#5339,.T.);
#5032=PLANE('',#5340);
#5033=FACE_OUTER_BOUND('',#5341,.T.);
#5034=PLANE('',#5342);
#5035=FACE_OUTER_BOUND('',#5343,.T.);
#5036=PLANE('',#5344);
#5037=FACE_OUTER_BOUND('',#5345,.T.);
#5038=PLANE('',#5346);
#5039=FACE_OUTER_BOUND('',#5347,.T.);
#5040=PLANE('',#5348);
#5041=FACE_OUTER_BOUND('',#5349,.T.);
#5042=PLANE('',#5350);
#5043=FACE_OUTER_BOUND('',#5351,.T.);
#5044=PLANE('',#5352);
#5045=FACE_OUTER_BOUND('',#5353,.T.);
#5046=PLANE('',#5354);
#5047=FACE_OUTER_BOUND('',#5355,.T.);
#5048=PLANE('',#5356);
#5049=FACE_OUTER_BOUND('',#5357,.T.);
#5050=PLANE('',#5358);
#5051=FACE_OUTER_BOUND('',#5359,.T.);
#5052=PLANE('',#5360);
#5053=FACE_OUTER_BOUND('',#5361,.T.);
#5054=PLANE('',#5362);
#5055=FACE_OUTER_BOUND('',#5363,.T.);
#5056=PLANE('',#5364);
#5057=FACE_OUTER_BOUND('',#5365,.T.);
#5058=PLANE('',#5366);
#5059=FACE_OUTER_BOUND('',#5367,.T.);
#5060=PLANE('',#5368);
#5061=FACE_OUTER_BOUND('',#5369,.T.);
#5062=PLANE('',#5370);
#5063=FACE_OUTER_BOUND('',#5371,.T.);
#5064=PLANE('',#5372);
#5065=FACE_OUTER_BOUND('',#5373,.T.);
#5066=PLANE('',#5374);
#5067=FACE_OUTER_BOUND('',#5375,.T.);
#5068=PLANE('',#5376);
#5069=FACE_OUTER_BOUND('',#5377,.T.);
#5070=PLANE('',#5378);
#5071=FACE_OUTER_BOUND('',#5379,.T.);
#5072=PLANE('',#5380);
#5073=FACE_OUTER_BOUND('',#5381,.T.);
#5074=PLANE('',#5382);
#5075=FACE_OUTER_BOUND('',#5383,.T.);
#5076=PLANE('',#5384);
#5077=FACE_OUTER_BOUND('',#5385,.T.);
#5078=PLANE('',#5386);
#5079=FACE_OUTER_BOUND('',#5387,.T.);
#5080=PLANE('',#5388);
#5081=FACE_OUTER_BOUND('',#5389,.T.);
#5082=PLANE('',#5390);
#5083=FACE_OUTER_BOUND('',#5391,.T.);
#5084=PLANE('',#5392);
#5085=FACE_OUTER_BOUND('',#5393,.T.);
#5086=PLANE('',#5394);
#5087=FACE_OUTER_BOUND('',#5395,.T.);
#5088=PLANE('',#5396);
#5089=FACE_OUTER_BOUND('',#5397,.T.);
#5090=PLANE('',#5398);
#5091=FACE_OUTER_BOUND('',#5399,.T.);
#5092=PLANE('',#5400);
#5093=FACE_OUTER_BOUND('',#5401,.T.);
#5094=PLANE('',#5402);
#5095=FACE_OUTER_BOUND('',#5403,.T.);
#5096=PLANE('',#5404);
#5097=FACE_OUTER_BOUND('',#5405,.T.);
#5098=PLANE('',#5406);
#5099=FACE_OUTER_BOUND('',#5407,.T.);
#5100=PLANE('',#5408);
#5101=FACE_OUTER_BOUND('',#5409,.T.);
#5102=PLANE('',#5410);
#5103=FACE_OUTER_BOUND('',#5411,.T.);
#5104=PLANE('',#5412);
#5105=FACE_OUTER_BOUND('',#5413,.T.);
#5106=PLANE('',#5414);
#5107=FACE_OUTER_BOUND('',#5415,.T.);
#5108=PLANE('',#5416);
#5109=FACE_OUTER_BOUND('',#5417,.T.);
#5110=PLANE('',#5418);
#5111=FACE_OUTER_BOUND('',#5419,.T.);
#5112=PLANE('',#5420);
#5113=FACE_OUTER_BOUND('',#5421,.T.);
#5114=PLANE('',#5422);
#5115=FACE_OUTER_BOUND('',#5423,.T.);
#5116=PLANE('',#5424);
#5117=FACE_OUTER_BOUND('',#5425,.T.);
#5118=PLANE('',#5426);
#5119=FACE_OUTER_BOUND('',#5427,.T.);
#5120=PLANE('',#5428);
#5121=FACE_OUTER_BOUND('',#5429,.T.);
#5122=PLANE('',#5430);
#5123=FACE_OUTER_BOUND('',#5431,.T.);
#5124=PLANE('',#5432);
#5125=FACE_OUTER_BOUND('',#5433,.T.);
#5126=PLANE('',#5434);
#5127=FACE_OUTER_BOUND('',#5435,.T.);
#5128=PLANE('',#5436);
#5129=FACE_OUTER_BOUND('',#5437,.T.);
#5130=PLANE('',#5438);
#5131=FACE_OUTER_BOUND('',#5439,.T.);
#5132=PLANE('',#5440);
#5133=FACE_OUTER_BOUND('',#5441,.T.);
#5134=PLANE('',#5442);
#5135=FACE_OUTER_BOUND('',#5443,.T.);
#5136=PLANE('',#5444);
#5137=FACE_OUTER_BOUND('',#5445,.T.);
#5138=PLANE('',#5446);
#5139=FACE_OUTER_BOUND('',#5447,.T.);
#5140=PLANE('',#5448);
#5141=FACE_OUTER_BOUND('',#5449,.T.);
#5142=PLANE('',#5450);
#5143=FACE_OUTER_BOUND('',#5451,.T.);
#5144=PLANE('',#5452);
#5145=FACE_OUTER_BOUND('',#5453,.T.);
#5146=PLANE('',#5454);
#5147=FACE_OUTER_BOUND('',#5455,.T.);
#5148=PLANE('',#5456);
#5149=FACE_OUTER_BOUND('',#5457,.T.);
#5150=PLANE('',#5458);
#5151=FACE_OUTER_BOUND('',#5459,.T.);
#5152=PLANE('',#5460);
#5153=FACE_OUTER_BOUND('',#5461,.T.);
#5154=PLANE('',#5462);
#5155=FACE_OUTER_BOUND('',#5463,.T.);
#5156=PLANE('',#5464);
#5157=FACE_OUTER_BOUND('',#5465,.T.);
#5158=PLANE('',#5466);
#5159=FACE_OUTER_BOUND('',#5467,.T.);
#5160=PLANE('',#5468);
#5161=FACE_OUTER_BOUND('',#5469,.T.);
#5162=PLANE('',#5470);
#5163=FACE_OUTER_BOUND('',#5471,.T.);
#5164=PLANE('',#5472);
#5165=FACE_OUTER_BOUND('',#5473,.T.);
#5166=PLANE('',#5474);
#5167=FACE_OUTER_BOUND('',#5475,.T.);
#5168=PLANE('',#5476);
#5169=FACE_OUTER_BOUND('',#5477,.T.);
#5170=PLANE('',#5478);
#5171=FACE_OUTER_BOUND('',#5479,.T.);
#5172=PLANE('',#5480);
#5173=FACE_OUTER_BOUND('',#5481,.T.);
#5174=PLANE('',#5482);
#5175=FACE_OUTER_BOUND('',#5483,.T.);
#5176=PLANE('',#5484);
#5177=FACE_OUTER_BOUND('',#5485,.T.);
#5178=PLANE('',#5486);
#5179=FACE_OUTER_BOUND('',#5487,.T.);
#5180=PLANE('',#5488);
#5181=FACE_OUTER_BOUND('',#5489,.T.);
#5182=PLANE('',#5490);
#5183=FACE_OUTER_BOUND('',#5491,.T.);
#5184=PLANE('',#5492);
#5185=FACE_OUTER_BOUND('',#5493,.T.);
#5186=PLANE('',#5494);
#5187=FACE_OUTER_BOUND('',#5495,.T.);
#5188=PLANE('',#5496);
#5189=FACE_OUTER_BOUND('',#5497,.T.);
#5190=PLANE('',#5498);
#5191=FILL_AREA_STYLE('',(#5499));
#5192=EDGE_LOOP('',(#5500,#5501,#5502,#5503,#5504,#5505,#5506,#5507,#5508));
#5193=AXIS2_PLACEMENT_3D('',#5509,#5510,#5511);
#5194=EDGE_LOOP('',(#5512,#5513,#5514,#5515));
#5195=AXIS2_PLACEMENT_3D('',#5516,#5517,#5518);
#5196=EDGE_LOOP('',(#5519,#5520,#5521,#5522,#5523,#5524,#5525,#5526,#5527));
#5197=AXIS2_PLACEMENT_3D('',#5528,#5529,#5530);
#5198=EDGE_LOOP('',(#5531,#5532,#5533,#5534,#5535));
#5199=AXIS2_PLACEMENT_3D('',#5536,#5537,#5538);
#5200=EDGE_LOOP('',(#5539,#5540,#5541,#5542,#5543,#5544,#5545,#5546));
#5201=AXIS2_PLACEMENT_3D('',#5547,#5548,#5549);
#5202=EDGE_LOOP('',(#5550,#5551,#5552,#5553,#5554,#5555,#5556,#5557));
#5203=AXIS2_PLACEMENT_3D('',#5558,#5559,#5560);
#5204=EDGE_LOOP('',(#5561,#5562,#5563,#5564,#5565,#5566,#5567,#5568));
#5205=AXIS2_PLACEMENT_3D('',#5569,#5570,#5571);
#5206=EDGE_LOOP('',(#5572,#5573,#5574,#5575));
#5207=AXIS2_PLACEMENT_3D('',#5576,#5577,#5578);
#5208=EDGE_LOOP('',(#5579,#5580,#5581,#5582,#5583,#5584));
#5209=AXIS2_PLACEMENT_3D('',#5585,#5586,#5587);
#5210=EDGE_LOOP('',(#5588,#5589,#5590,#5591,#5592,#5593,#5594,#5595));
#5211=AXIS2_PLACEMENT_3D('',#5596,#5597,#5598);
#5212=EDGE_LOOP('',(#5599,#5600,#5601,#5602,#5603,#5604));
#5213=AXIS2_PLACEMENT_3D('',#5605,#5606,#5607);
#5214=EDGE_LOOP('',(#5608,#5609,#5610,#5611));
#5215=AXIS2_PLACEMENT_3D('',#5612,#5613,#5614);
#5216=EDGE_LOOP('',(#5615,#5616,#5617,#5618));
#5217=AXIS2_PLACEMENT_3D('',#5619,#5620,#5621);
#5218=EDGE_LOOP('',(#5622,#5623,#5624,#5625));
#5219=AXIS2_PLACEMENT_3D('',#5626,#5627,#5628);
#5220=EDGE_LOOP('',(#5629,#5630,#5631,#5632));
#5221=AXIS2_PLACEMENT_3D('',#5633,#5634,#5635);
#5222=EDGE_LOOP('',(#5636,#5637,#5638,#5639,#5640));
#5223=AXIS2_PLACEMENT_3D('',#5641,#5642,#5643);
#5224=EDGE_LOOP('',(#5644,#5645,#5646,#5647));
#5225=AXIS2_PLACEMENT_3D('',#5648,#5649,#5650);
#5226=EDGE_LOOP('',(#5651,#5652,#5653,#5654));
#5227=AXIS2_PLACEMENT_3D('',#5655,#5656,#5657);
#5228=EDGE_LOOP('',(#5658,#5659,#5660,#5661));
#5229=AXIS2_PLACEMENT_3D('',#5662,#5663,#5664);
#5230=EDGE_LOOP('',(#5665,#5666,#5667,#5668,#5669));
#5231=AXIS2_PLACEMENT_3D('',#5670,#5671,#5672);
#5232=EDGE_LOOP('',(#5673,#5674,#5675,#5676,#5677,#5678));
#5233=AXIS2_PLACEMENT_3D('',#5679,#5680,#5681);
#5234=EDGE_LOOP('',(#5682,#5683,#5684,#5685,#5686,#5687));
#5235=AXIS2_PLACEMENT_3D('',#5688,#5689,#5690);
#5236=EDGE_LOOP('',(#5691,#5692,#5693,#5694,#5695,#5696));
#5237=AXIS2_PLACEMENT_3D('',#5697,#5698,#5699);
#5238=EDGE_LOOP('',(#5700,#5701,#5702,#5703));
#5239=AXIS2_PLACEMENT_3D('',#5704,#5705,#5706);
#5240=EDGE_LOOP('',(#5707,#5708,#5709,#5710,#5711));
#5241=AXIS2_PLACEMENT_3D('',#5712,#5713,#5714);
#5242=EDGE_LOOP('',(#5715,#5716,#5717,#5718));
#5243=AXIS2_PLACEMENT_3D('',#5719,#5720,#5721);
#5244=EDGE_LOOP('',(#5722,#5723,#5724,#5725,#5726,#5727,#5728,#5729,#5730,#5731,#5732,#5733));
#5245=AXIS2_PLACEMENT_3D('',#5734,#5735,#5736);
#5246=EDGE_LOOP('',(#5737,#5738,#5739,#5740,#5741));
#5247=AXIS2_PLACEMENT_3D('',#5742,#5743,#5744);
#5248=EDGE_LOOP('',(#5745,#5746,#5747,#5748));
#5249=AXIS2_PLACEMENT_3D('',#5749,#5750,#5751);
#5250=EDGE_LOOP('',(#5752,#5753,#5754,#5755,#5756,#5757,#5758));
#5251=AXIS2_PLACEMENT_3D('',#5759,#5760,#5761);
#5252=EDGE_LOOP('',(#5762,#5763,#5764,#5765,#5766,#5767,#5768,#5769));
#5253=AXIS2_PLACEMENT_3D('',#5770,#5771,#5772);
#5254=EDGE_LOOP('',(#5773,#5774,#5775,#5776,#5777,#5778,#5779,#5780,#5781,#5782,#5783,#5784,#5785,#5786,#5787,#5788));
#5255=EDGE_LOOP('',(#5789,#5790,#5791,#5792));
#5256=EDGE_LOOP('',(#5793,#5794,#5795,#5796));
#5257=EDGE_LOOP('',(#5797,#5798,#5799,#5800));
#5258=EDGE_LOOP('',(#5801,#5802,#5803,#5804));
#5259=EDGE_LOOP('',(#5805,#5806,#5807,#5808));
#5260=AXIS2_PLACEMENT_3D('',#5809,#5810,#5811);
#5261=EDGE_LOOP('',(#5812,#5813,#5814,#5815,#5816,#5817,#5818,#5819,#5820,#5821,#5822,#5823));
#5262=AXIS2_PLACEMENT_3D('',#5824,#5825,#5826);
#5263=EDGE_LOOP('',(#5827,#5828,#5829,#5830));
#5264=AXIS2_PLACEMENT_3D('',#5831,#5832,#5833);
#5265=EDGE_LOOP('',(#5834,#5835,#5836,#5837,#5838,#5839,#5840,#5841,#5842,#5843,#5844,#5845,#5846,#5847,#5848,#5849,#5850,#5851,#5852,#5853,#5854,#5855,#5856,#5857));
#5266=AXIS2_PLACEMENT_3D('',#5858,#5859,#5860);
#5267=EDGE_LOOP('',(#5861,#5862,#5863,#5864,#5865,#5866,#5867,#5868,#5869,#5870,#5871,#5872));
#5268=AXIS2_PLACEMENT_3D('',#5873,#5874,#5875);
#5269=EDGE_LOOP('',(#5876,#5877,#5878,#5879));
#5270=AXIS2_PLACEMENT_3D('',#5880,#5881,#5882);
#5271=EDGE_LOOP('',(#5883,#5884,#5885,#5886));
#5272=AXIS2_PLACEMENT_3D('',#5887,#5888,#5889);
#5273=EDGE_LOOP('',(#5890,#5891,#5892,#5893,#5894,#5895,#5896,#5897,#5898,#5899,#5900,#5901));
#5274=AXIS2_PLACEMENT_3D('',#5902,#5903,#5904);
#5275=EDGE_LOOP('',(#5905,#5906,#5907,#5908));
#5276=AXIS2_PLACEMENT_3D('',#5909,#5910,#5911);
#5277=EDGE_LOOP('',(#5912,#5913,#5914,#5915));
#5278=AXIS2_PLACEMENT_3D('',#5916,#5917,#5918);
#5279=EDGE_LOOP('',(#5919,#5920,#5921,#5922,#5923,#5924,#5925,#5926));
#5280=AXIS2_PLACEMENT_3D('',#5927,#5928,#5929);
#5281=EDGE_LOOP('',(#5930,#5931,#5932,#5933));
#5282=AXIS2_PLACEMENT_3D('',#5934,#5935,#5936);
#5283=EDGE_LOOP('',(#5937,#5938,#5939,#5940));
#5284=AXIS2_PLACEMENT_3D('',#5941,#5942,#5943);
#5285=EDGE_LOOP('',(#5944,#5945,#5946,#5947));
#5286=AXIS2_PLACEMENT_3D('',#5948,#5949,#5950);
#5287=EDGE_LOOP('',(#5951,#5952,#5953,#5954,#5955,#5956,#5957,#5958));
#5288=AXIS2_PLACEMENT_3D('',#5959,#5960,#5961);
#5289=EDGE_LOOP('',(#5962,#5963,#5964,#5965,#5966,#5967,#5968,#5969,#5970,#5971,#5972,#5973));
#5290=AXIS2_PLACEMENT_3D('',#5974,#5975,#5976);
#5291=EDGE_LOOP('',(#5977,#5978,#5979,#5980));
#5292=AXIS2_PLACEMENT_3D('',#5981,#5982,#5983);
#5293=EDGE_LOOP('',(#5984,#5985,#5986,#5987,#5988));
#5294=AXIS2_PLACEMENT_3D('',#5989,#5990,#5991);
#5295=EDGE_LOOP('',(#5992,#5993,#5994,#5995));
#5296=AXIS2_PLACEMENT_3D('',#5996,#5997,#5998);
#5297=EDGE_LOOP('',(#5999,#6000,#6001,#6002));
#5298=AXIS2_PLACEMENT_3D('',#6003,#6004,#6005);
#5299=EDGE_LOOP('',(#6006,#6007,#6008,#6009));
#5300=AXIS2_PLACEMENT_3D('',#6010,#6011,#6012);
#5301=EDGE_LOOP('',(#6013,#6014,#6015,#6016));
#5302=AXIS2_PLACEMENT_3D('',#6017,#6018,#6019);
#5303=EDGE_LOOP('',(#6020,#6021,#6022,#6023));
#5304=AXIS2_PLACEMENT_3D('',#6024,#6025,#6026);
#5305=EDGE_LOOP('',(#6027,#6028,#6029,#6030));
#5306=AXIS2_PLACEMENT_3D('',#6031,#6032,#6033);
#5307=EDGE_LOOP('',(#6034,#6035,#6036,#6037));
#5308=AXIS2_PLACEMENT_3D('',#6038,#6039,#6040);
#5309=EDGE_LOOP('',(#6041,#6042,#6043,#6044));
#5310=AXIS2_PLACEMENT_3D('',#6045,#6046,#6047);
#5311=EDGE_LOOP('',(#6048,#6049,#6050,#6051));
#5312=AXIS2_PLACEMENT_3D('',#6052,#6053,#6054);
#5313=EDGE_LOOP('',(#6055,#6056,#6057,#6058,#6059));
#5314=AXIS2_PLACEMENT_3D('',#6060,#6061,#6062);
#5315=EDGE_LOOP('',(#6063,#6064,#6065,#6066,#6067,#6068,#6069,#6070));
#5316=AXIS2_PLACEMENT_3D('',#6071,#6072,#6073);
#5317=EDGE_LOOP('',(#6074,#6075,#6076,#6077,#6078));
#5318=AXIS2_PLACEMENT_3D('',#6079,#6080,#6081);
#5319=EDGE_LOOP('',(#6082,#6083,#6084,#6085,#6086,#6087));
#5320=AXIS2_PLACEMENT_3D('',#6088,#6089,#6090);
#5321=EDGE_LOOP('',(#6091,#6092,#6093,#6094));
#5322=AXIS2_PLACEMENT_3D('',#6095,#6096,#6097);
#5323=EDGE_LOOP('',(#6098,#6099,#6100,#6101));
#5324=AXIS2_PLACEMENT_3D('',#6102,#6103,#6104);
#5325=EDGE_LOOP('',(#6105,#6106,#6107,#6108,#6109,#6110));
#5326=AXIS2_PLACEMENT_3D('',#6111,#6112,#6113);
#5327=EDGE_LOOP('',(#6114,#6115,#6116,#6117,#6118,#6119));
#5328=AXIS2_PLACEMENT_3D('',#6120,#6121,#6122);
#5329=EDGE_LOOP('',(#6123,#6124,#6125,#6126,#6127));
#5330=AXIS2_PLACEMENT_3D('',#6128,#6129,#6130);
#5331=EDGE_LOOP('',(#6131,#6132,#6133,#6134));
#5332=AXIS2_PLACEMENT_3D('',#6135,#6136,#6137);
#5333=EDGE_LOOP('',(#6138,#6139,#6140,#6141));
#5334=AXIS2_PLACEMENT_3D('',#6142,#6143,#6144);
#5335=EDGE_LOOP('',(#6145,#6146,#6147,#6148));
#5336=AXIS2_PLACEMENT_3D('',#6149,#6150,#6151);
#5337=EDGE_LOOP('',(#6152,#6153,#6154,#6155,#6156));
#5338=AXIS2_PLACEMENT_3D('',#6157,#6158,#6159);
#5339=EDGE_LOOP('',(#6160,#6161,#6162,#6163));
#5340=AXIS2_PLACEMENT_3D('',#6164,#6165,#6166);
#5341=EDGE_LOOP('',(#6167,#6168,#6169,#6170));
#5342=AXIS2_PLACEMENT_3D('',#6171,#6172,#6173);
#5343=EDGE_LOOP('',(#6174,#6175,#6176,#6177,#6178));
#5344=AXIS2_PLACEMENT_3D('',#6179,#6180,#6181);
#5345=EDGE_LOOP('',(#6182,#6183,#6184,#6185));
#5346=AXIS2_PLACEMENT_3D('',#6186,#6187,#6188);
#5347=EDGE_LOOP('',(#6189,#6190,#6191,#6192,#6193,#6194,#6195,#6196,#6197,#6198,#6199,#6200));
#5348=AXIS2_PLACEMENT_3D('',#6201,#6202,#6203);
#5349=EDGE_LOOP('',(#6204,#6205,#6206,#6207));
#5350=AXIS2_PLACEMENT_3D('',#6208,#6209,#6210);
#5351=EDGE_LOOP('',(#6211,#6212,#6213,#6214));
#5352=AXIS2_PLACEMENT_3D('',#6215,#6216,#6217);
#5353=EDGE_LOOP('',(#6218,#6219,#6220,#6221,#6222,#6223,#6224,#6225,#6226,#6227,#6228,#6229));
#5354=AXIS2_PLACEMENT_3D('',#6230,#6231,#6232);
#5355=EDGE_LOOP('',(#6233,#6234,#6235,#6236));
#5356=AXIS2_PLACEMENT_3D('',#6237,#6238,#6239);
#5357=EDGE_LOOP('',(#6240,#6241,#6242,#6243));
#5358=AXIS2_PLACEMENT_3D('',#6244,#6245,#6246);
#5359=EDGE_LOOP('',(#6247,#6248,#6249,#6250));
#5360=AXIS2_PLACEMENT_3D('',#6251,#6252,#6253);
#5361=EDGE_LOOP('',(#6254,#6255,#6256,#6257));
#5362=AXIS2_PLACEMENT_3D('',#6258,#6259,#6260);
#5363=EDGE_LOOP('',(#6261,#6262,#6263,#6264));
#5364=AXIS2_PLACEMENT_3D('',#6265,#6266,#6267);
#5365=EDGE_LOOP('',(#6268,#6269,#6270,#6271));
#5366=AXIS2_PLACEMENT_3D('',#6272,#6273,#6274);
#5367=EDGE_LOOP('',(#6275,#6276,#6277,#6278));
#5368=AXIS2_PLACEMENT_3D('',#6279,#6280,#6281);
#5369=EDGE_LOOP('',(#6282,#6283,#6284,#6285));
#5370=AXIS2_PLACEMENT_3D('',#6286,#6287,#6288);
#5371=EDGE_LOOP('',(#6289,#6290,#6291,#6292));
#5372=AXIS2_PLACEMENT_3D('',#6293,#6294,#6295);
#5373=EDGE_LOOP('',(#6296,#6297,#6298,#6299));
#5374=AXIS2_PLACEMENT_3D('',#6300,#6301,#6302);
#5375=EDGE_LOOP('',(#6303,#6304,#6305,#6306));
#5376=AXIS2_PLACEMENT_3D('',#6307,#6308,#6309);
#5377=EDGE_LOOP('',(#6310,#6311,#6312,#6313));
#5378=AXIS2_PLACEMENT_3D('',#6314,#6315,#6316);
#5379=EDGE_LOOP('',(#6317,#6318,#6319,#6320,#6321));
#5380=AXIS2_PLACEMENT_3D('',#6322,#6323,#6324);
#5381=EDGE_LOOP('',(#6325,#6326,#6327,#6328,#6329,#6330,#6331,#6332,#6333,#6334,#6335,#6336));
#5382=AXIS2_PLACEMENT_3D('',#6337,#6338,#6339);
#5383=EDGE_LOOP('',(#6340,#6341,#6342,#6343));
#5384=AXIS2_PLACEMENT_3D('',#6344,#6345,#6346);
#5385=EDGE_LOOP('',(#6347,#6348,#6349,#6350));
#5386=AXIS2_PLACEMENT_3D('',#6351,#6352,#6353);
#5387=EDGE_LOOP('',(#6354,#6355,#6356,#6357,#6358,#6359,#6360,#6361,#6362,#6363,#6364,#6365));
#5388=AXIS2_PLACEMENT_3D('',#6366,#6367,#6368);
#5389=EDGE_LOOP('',(#6369,#6370,#6371,#6372));
#5390=AXIS2_PLACEMENT_3D('',#6373,#6374,#6375);
#5391=EDGE_LOOP('',(#6376,#6377,#6378,#6379));
#5392=AXIS2_PLACEMENT_3D('',#6380,#6381,#6382);
#5393=EDGE_LOOP('',(#6383,#6384,#6385,#6386));
#5394=AXIS2_PLACEMENT_3D('',#6387,#6388,#6389);
#5395=EDGE_LOOP('',(#6390,#6391,#6392,#6393));
#5396=AXIS2_PLACEMENT_3D('',#6394,#6395,#6396);
#5397=EDGE_LOOP('',(#6397,#6398,#6399,#6400));
#5398=AXIS2_PLACEMENT_3D('',#6401,#6402,#6403);
#5399=EDGE_LOOP('',(#6404,#6405,#6406,#6407));
#5400=AXIS2_PLACEMENT_3D('',#6408,#6409,#6410);
#5401=EDGE_LOOP('',(#6411,#6412,#6413,#6414));
#5402=AXIS2_PLACEMENT_3D('',#6415,#6416,#6417);
#5403=EDGE_LOOP('',(#6418,#6419,#6420,#6421));
#5404=AXIS2_PLACEMENT_3D('',#6422,#6423,#6424);
#5405=EDGE_LOOP('',(#6425,#6426,#6427,#6428));
#5406=AXIS2_PLACEMENT_3D('',#6429,#6430,#6431);
#5407=EDGE_LOOP('',(#6432,#6433,#6434,#6435));
#5408=AXIS2_PLACEMENT_3D('',#6436,#6437,#6438);
#5409=EDGE_LOOP('',(#6439,#6440,#6441,#6442));
#5410=AXIS2_PLACEMENT_3D('',#6443,#6444,#6445);
#5411=EDGE_LOOP('',(#6446,#6447,#6448,#6449));
#5412=AXIS2_PLACEMENT_3D('',#6450,#6451,#6452);
#5413=EDGE_LOOP('',(#6453,#6454,#6455,#6456,#6457));
#5414=AXIS2_PLACEMENT_3D('',#6458,#6459,#6460);
#5415=EDGE_LOOP('',(#6461,#6462,#6463,#6464));
#5416=AXIS2_PLACEMENT_3D('',#6465,#6466,#6467);
#5417=EDGE_LOOP('',(#6468,#6469,#6470,#6471,#6472));
#5418=AXIS2_PLACEMENT_3D('',#6473,#6474,#6475);
#5419=EDGE_LOOP('',(#6476,#6477,#6478,#6479,#6480));
#5420=AXIS2_PLACEMENT_3D('',#6481,#6482,#6483);
#5421=EDGE_LOOP('',(#6484,#6485,#6486,#6487));
#5422=AXIS2_PLACEMENT_3D('',#6488,#6489,#6490);
#5423=EDGE_LOOP('',(#6491,#6492,#6493,#6494,#6495));
#5424=AXIS2_PLACEMENT_3D('',#6496,#6497,#6498);
#5425=EDGE_LOOP('',(#6499,#6500,#6501,#6502,#6503));
#5426=AXIS2_PLACEMENT_3D('',#6504,#6505,#6506);
#5427=EDGE_LOOP('',(#6507,#6508,#6509,#6510,#6511,#6512,#6513,#6514,#6515,#6516,#6517,#6518));
#5428=AXIS2_PLACEMENT_3D('',#6519,#6520,#6521);
#5429=EDGE_LOOP('',(#6522,#6523,#6524,#6525));
#5430=AXIS2_PLACEMENT_3D('',#6526,#6527,#6528);
#5431=EDGE_LOOP('',(#6529,#6530,#6531,#6532));
#5432=AXIS2_PLACEMENT_3D('',#6533,#6534,#6535);
#5433=EDGE_LOOP('',(#6536,#6537,#6538,#6539,#6540,#6541,#6542,#6543,#6544,#6545,#6546,#6547));
#5434=AXIS2_PLACEMENT_3D('',#6548,#6549,#6550);
#5435=EDGE_LOOP('',(#6551,#6552,#6553,#6554));
#5436=AXIS2_PLACEMENT_3D('',#6555,#6556,#6557);
#5437=EDGE_LOOP('',(#6558,#6559,#6560,#6561));
#5438=AXIS2_PLACEMENT_3D('',#6562,#6563,#6564);
#5439=EDGE_LOOP('',(#6565,#6566,#6567,#6568));
#5440=AXIS2_PLACEMENT_3D('',#6569,#6570,#6571);
#5441=EDGE_LOOP('',(#6572,#6573,#6574,#6575));
#5442=AXIS2_PLACEMENT_3D('',#6576,#6577,#6578);
#5443=EDGE_LOOP('',(#6579,#6580,#6581,#6582));
#5444=AXIS2_PLACEMENT_3D('',#6583,#6584,#6585);
#5445=EDGE_LOOP('',(#6586,#6587,#6588,#6589));
#5446=AXIS2_PLACEMENT_3D('',#6590,#6591,#6592);
#5447=EDGE_LOOP('',(#6593,#6594,#6595,#6596));
#5448=AXIS2_PLACEMENT_3D('',#6597,#6598,#6599);
#5449=EDGE_LOOP('',(#6600,#6601,#6602,#6603));
#5450=AXIS2_PLACEMENT_3D('',#6604,#6605,#6606);
#5451=EDGE_LOOP('',(#6607,#6608,#6609,#6610));
#5452=AXIS2_PLACEMENT_3D('',#6611,#6612,#6613);
#5453=EDGE_LOOP('',(#6614,#6615,#6616,#6617));
#5454=AXIS2_PLACEMENT_3D('',#6618,#6619,#6620);
#5455=EDGE_LOOP('',(#6621,#6622,#6623,#6624));
#5456=AXIS2_PLACEMENT_3D('',#6625,#6626,#6627);
#5457=EDGE_LOOP('',(#6628,#6629,#6630,#6631));
#5458=AXIS2_PLACEMENT_3D('',#6632,#6633,#6634);
#5459=EDGE_LOOP('',(#6635,#6636,#6637,#6638,#6639));
#5460=AXIS2_PLACEMENT_3D('',#6640,#6641,#6642);
#5461=EDGE_LOOP('',(#6643,#6644,#6645,#6646));
#5462=AXIS2_PLACEMENT_3D('',#6647,#6648,#6649);
#5463=EDGE_LOOP('',(#6650,#6651,#6652,#6653,#6654));
#5464=AXIS2_PLACEMENT_3D('',#6655,#6656,#6657);
#5465=EDGE_LOOP('',(#6658,#6659,#6660,#6661,#6662));
#5466=AXIS2_PLACEMENT_3D('',#6663,#6664,#6665);
#5467=EDGE_LOOP('',(#6666,#6667,#6668,#6669));
#5468=AXIS2_PLACEMENT_3D('',#6670,#6671,#6672);
#5469=EDGE_LOOP('',(#6673,#6674,#6675,#6676));
#5470=AXIS2_PLACEMENT_3D('',#6677,#6678,#6679);
#5471=EDGE_LOOP('',(#6680,#6681,#6682,#6683));
#5472=AXIS2_PLACEMENT_3D('',#6684,#6685,#6686);
#5473=EDGE_LOOP('',(#6687,#6688,#6689,#6690));
#5474=AXIS2_PLACEMENT_3D('',#6691,#6692,#6693);
#5475=EDGE_LOOP('',(#6694,#6695,#6696,#6697));
#5476=AXIS2_PLACEMENT_3D('',#6698,#6699,#6700);
#5477=EDGE_LOOP('',(#6701,#6702,#6703,#6704));
#5478=AXIS2_PLACEMENT_3D('',#6705,#6706,#6707);
#5479=EDGE_LOOP('',(#6708,#6709,#6710,#6711));
#5480=AXIS2_PLACEMENT_3D('',#6712,#6713,#6714);
#5481=EDGE_LOOP('',(#6715,#6716,#6717,#6718));
#5482=AXIS2_PLACEMENT_3D('',#6719,#6720,#6721);
#5483=EDGE_LOOP('',(#6722,#6723,#6724,#6725));
#5484=AXIS2_PLACEMENT_3D('',#6726,#6727,#6728);
#5485=EDGE_LOOP('',(#6729,#6730,#6731,#6732));
#5486=AXIS2_PLACEMENT_3D('',#6733,#6734,#6735);
#5487=EDGE_LOOP('',(#6736,#6737,#6738,#6739));
#5488=AXIS2_PLACEMENT_3D('',#6740,#6741,#6742);
#5489=EDGE_LOOP('',(#6743,#6744,#6745,#6746));
#5490=AXIS2_PLACEMENT_3D('',#6747,#6748,#6749);
#5491=EDGE_LOOP('',(#6750,#6751,#6752,#6753));
#5492=AXIS2_PLACEMENT_3D('',#6754,#6755,#6756);
#5493=EDGE_LOOP('',(#6757,#6758,#6759,#6760));
#5494=AXIS2_PLACEMENT_3D('',#6761,#6762,#6763);
#5495=EDGE_LOOP('',(#6764,#6765,#6766,#6767));
#5496=AXIS2_PLACEMENT_3D('',#6768,#6769,#6770);
#5497=EDGE_LOOP('',(#6771,#6772,#6773,#6774,#6775,#6776,#6777));
#5498=AXIS2_PLACEMENT_3D('',#6778,#6779,#6780);
#5499=FILL_AREA_STYLE_COLOUR('',#6781);
#5500=ORIENTED_EDGE('',*,*,#439,.T.);
#5501=ORIENTED_EDGE('',*,*,#441,.T.);
#5502=ORIENTED_EDGE('',*,*,#443,.F.);
#5503=ORIENTED_EDGE('',*,*,#445,.F.);
#5504=ORIENTED_EDGE('',*,*,#447,.T.);
#5505=ORIENTED_EDGE('',*,*,#449,.F.);
#5506=ORIENTED_EDGE('',*,*,#451,.T.);
#5507=ORIENTED_EDGE('',*,*,#453,.T.);
#5508=ORIENTED_EDGE('',*,*,#455,.T.);
#5509=CARTESIAN_POINT('',(0.0,0.0,0.0));
#5510=DIRECTION('',(0.0,0.0,1.0));
#5511=DIRECTION('',(1.0,0.0,0.0));
#5512=ORIENTED_EDGE('',*,*,#457,.T.);
#5513=ORIENTED_EDGE('',*,*,#459,.T.);
#5514=ORIENTED_EDGE('',*,*,#461,.T.);
#5515=ORIENTED_EDGE('',*,*,#463,.F.);
#5516=CARTESIAN_POINT('',(0.0,0.0,0.0));
#5517=DIRECTION('',(0.0,0.0,1.0));
#5518=DIRECTION('',(1.0,0.0,0.0));
#5519=ORIENTED_EDGE('',*,*,#465,.T.);
#5520=ORIENTED_EDGE('',*,*,#467,.T.);
#5521=ORIENTED_EDGE('',*,*,#469,.T.);
#5522=ORIENTED_EDGE('',*,*,#471,.T.);
#5523=ORIENTED_EDGE('',*,*,#473,.F.);
#5524=ORIENTED_EDGE('',*,*,#475,.F.);
#5525=ORIENTED_EDGE('',*,*,#477,.T.);
#5526=ORIENTED_EDGE('',*,*,#479,.T.);
#5527=ORIENTED_EDGE('',*,*,#481,.F.);
#5528=CARTESIAN_POINT('',(0.0,0.0,0.0));
#5529=DIRECTION('',(0.0,0.0,1.0));
#5530=DIRECTION('',(1.0,0.0,0.0));
#5531=ORIENTED_EDGE('',*,*,#483,.T.);
#5532=ORIENTED_EDGE('',*,*,#485,.F.);
#5533=ORIENTED_EDGE('',*,*,#487,.T.);
#5534=ORIENTED_EDGE('',*,*,#455,.F.);
#5535=ORIENTED_EDGE('',*,*,#489,.T.);
#5536=CARTESIAN_POINT('',(-2.025,-1.85,0.0));
#5537=DIRECTION('',(-1.0,0.0,0.0));
#5538=DIRECTION('',(0.0,0.0,1.0));
#5539=ORIENTED_EDGE('',*,*,#453,.F.);
#5540=ORIENTED_EDGE('',*,*,#491,.T.);
#5541=ORIENTED_EDGE('',*,*,#493,.T.);
#5542=ORIENTED_EDGE('',*,*,#495,.T.);
#5543=ORIENTED_EDGE('',*,*,#497,.T.);
#5544=ORIENTED_EDGE('',*,*,#499,.F.);
#5545=ORIENTED_EDGE('',*,*,#501,.F.);
#5546=ORIENTED_EDGE('',*,*,#489,.F.);
#5547=CARTESIAN_POINT('',(-4.0,-1.85,0.0));
#5548=DIRECTION('',(0.0,-1.0,0.0));
#5549=DIRECTION('',(0.0,0.0,-1.0));
#5550=ORIENTED_EDGE('',*,*,#503,.T.);
#5551=ORIENTED_EDGE('',*,*,#505,.F.);
#5552=ORIENTED_EDGE('',*,*,#507,.F.);
#5553=ORIENTED_EDGE('',*,*,#509,.F.);
#5554=ORIENTED_EDGE('',*,*,#457,.F.);
#5555=ORIENTED_EDGE('',*,*,#511,.T.);
#5556=ORIENTED_EDGE('',*,*,#513,.F.);
#5557=ORIENTED_EDGE('',*,*,#515,.F.);
#5558=CARTESIAN_POINT('',(-4.0,-1.85,0.0));
#5559=DIRECTION('',(0.0,-1.0,0.0));
#5560=DIRECTION('',(0.0,0.0,-1.0));
#5561=ORIENTED_EDGE('',*,*,#517,.T.);
#5562=ORIENTED_EDGE('',*,*,#519,.T.);
#5563=ORIENTED_EDGE('',*,*,#521,.T.);
#5564=ORIENTED_EDGE('',*,*,#523,.F.);
#5565=ORIENTED_EDGE('',*,*,#465,.F.);
#5566=ORIENTED_EDGE('',*,*,#525,.T.);
#5567=ORIENTED_EDGE('',*,*,#527,.F.);
#5568=ORIENTED_EDGE('',*,*,#529,.F.);
#5569=CARTESIAN_POINT('',(-4.0,-1.85,0.0));
#5570=DIRECTION('',(0.0,-1.0,0.0));
#5571=DIRECTION('',(0.0,0.0,-1.0));
#5572=ORIENTED_EDGE('',*,*,#531,.T.);
#5573=ORIENTED_EDGE('',*,*,#533,.F.);
#5574=ORIENTED_EDGE('',*,*,#483,.F.);
#5575=ORIENTED_EDGE('',*,*,#501,.T.);
#5576=CARTESIAN_POINT('',(-2.025,-1.85,-1.4));
#5577=DIRECTION('',(0.0,0.0,1.0));
#5578=DIRECTION('',(1.0,0.0,0.0));
#5579=ORIENTED_EDGE('',*,*,#533,.T.);
#5580=ORIENTED_EDGE('',*,*,#535,.F.);
#5581=ORIENTED_EDGE('',*,*,#537,.F.);
#5582=ORIENTED_EDGE('',*,*,#539,.F.);
#5583=ORIENTED_EDGE('',*,*,#541,.F.);
#5584=ORIENTED_EDGE('',*,*,#485,.T.);
#5585=CARTESIAN_POINT('',(-3.4,-1.45,0.0));
#5586=DIRECTION('',(0.0,-1.0,0.0));
#5587=DIRECTION('',(0.0,0.0,-1.0));
#5588=ORIENTED_EDGE('',*,*,#543,.T.);
#5589=ORIENTED_EDGE('',*,*,#545,.F.);
#5590=ORIENTED_EDGE('',*,*,#547,.F.);
#5591=ORIENTED_EDGE('',*,*,#549,.T.);
#5592=ORIENTED_EDGE('',*,*,#551,.T.);
#5593=ORIENTED_EDGE('',*,*,#553,.F.);
#5594=ORIENTED_EDGE('',*,*,#555,.F.);
#5595=ORIENTED_EDGE('',*,*,#557,.T.);
#5596=CARTESIAN_POINT('',(-3.4,-1.45,0.0));
#5597=DIRECTION('',(0.0,-1.0,0.0));
#5598=DIRECTION('',(0.0,0.0,-1.0));
#5599=ORIENTED_EDGE('',*,*,#559,.T.);
#5600=ORIENTED_EDGE('',*,*,#561,.F.);
#5601=ORIENTED_EDGE('',*,*,#563,.F.);
#5602=ORIENTED_EDGE('',*,*,#565,.T.);
#5603=ORIENTED_EDGE('',*,*,#567,.F.);
#5604=ORIENTED_EDGE('',*,*,#569,.T.);
#5605=CARTESIAN_POINT('',(-3.4,-1.45,0.0));
#5606=DIRECTION('',(0.0,-1.0,0.0));
#5607=DIRECTION('',(0.0,0.0,-1.0));
#5608=ORIENTED_EDGE('',*,*,#541,.T.);
#5609=ORIENTED_EDGE('',*,*,#571,.T.);
#5610=ORIENTED_EDGE('',*,*,#439,.F.);
#5611=ORIENTED_EDGE('',*,*,#487,.F.);
#5612=CARTESIAN_POINT('',(0.0,-1.55,-0.1));
#5613=DIRECTION('',(0.0,0.707106781186548,0.707106781186548));
#5614=DIRECTION('',(1.0,0.0,-0.0));
#5615=ORIENTED_EDGE('',*,*,#461,.F.);
#5616=ORIENTED_EDGE('',*,*,#573,.F.);
#5617=ORIENTED_EDGE('',*,*,#547,.T.);
#5618=ORIENTED_EDGE('',*,*,#575,.T.);
#5619=CARTESIAN_POINT('',(0.0,-1.55,-0.1));
#5620=DIRECTION('',(0.0,0.707106781186548,0.707106781186548));
#5621=DIRECTION('',(1.0,0.0,-0.0));
#5622=ORIENTED_EDGE('',*,*,#479,.F.);
#5623=ORIENTED_EDGE('',*,*,#577,.F.);
#5624=ORIENTED_EDGE('',*,*,#563,.T.);
#5625=ORIENTED_EDGE('',*,*,#579,.T.);
#5626=CARTESIAN_POINT('',(0.0,-1.55,-0.1));
#5627=DIRECTION('',(0.0,0.707106781186548,0.707106781186548));
#5628=DIRECTION('',(1.0,0.0,-0.0));
#5629=ORIENTED_EDGE('',*,*,#441,.F.);
#5630=ORIENTED_EDGE('',*,*,#571,.F.);
#5631=ORIENTED_EDGE('',*,*,#581,.T.);
#5632=ORIENTED_EDGE('',*,*,#583,.F.);
#5633=CARTESIAN_POINT('',(-3.5,-1.216,-0.1));
#5634=DIRECTION('',(0.707106781186548,0.0,0.707106781186548));
#5635=DIRECTION('',(0.0,-1.0,0.0));
#5636=ORIENTED_EDGE('',*,*,#585,.T.);
#5637=ORIENTED_EDGE('',*,*,#587,.F.);
#5638=ORIENTED_EDGE('',*,*,#589,.F.);
#5639=ORIENTED_EDGE('',*,*,#443,.T.);
#5640=ORIENTED_EDGE('',*,*,#583,.T.);
#5641=CARTESIAN_POINT('',(-3.7,-0.982,0.0));
#5642=DIRECTION('',(0.0,-1.0,0.0));
#5643=DIRECTION('',(0.0,0.0,-1.0));
#5644=ORIENTED_EDGE('',*,*,#589,.T.);
#5645=ORIENTED_EDGE('',*,*,#591,.F.);
#5646=ORIENTED_EDGE('',*,*,#593,.F.);
#5647=ORIENTED_EDGE('',*,*,#445,.T.);
#5648=CARTESIAN_POINT('',(-3.7,0.068,0.0));
#5649=DIRECTION('',(-1.0,0.0,0.0));
#5650=DIRECTION('',(0.0,0.0,1.0));
#5651=ORIENTED_EDGE('',*,*,#593,.T.);
#5652=ORIENTED_EDGE('',*,*,#595,.F.);
#5653=ORIENTED_EDGE('',*,*,#597,.F.);
#5654=ORIENTED_EDGE('',*,*,#599,.T.);
#5655=CARTESIAN_POINT('',(-3.4,0.068,0.0));
#5656=DIRECTION('',(-0.0,1.0,0.0));
#5657=DIRECTION('',(1.0,0.0,0.0));
#5658=ORIENTED_EDGE('',*,*,#447,.F.);
#5659=ORIENTED_EDGE('',*,*,#599,.F.);
#5660=ORIENTED_EDGE('',*,*,#601,.T.);
#5661=ORIENTED_EDGE('',*,*,#603,.F.);
#5662=CARTESIAN_POINT('',(-3.55,0.509,-0.1));
#5663=DIRECTION('',(0.554700196225229,0.0,0.832050294337844));
#5664=DIRECTION('',(0.0,-1.0,0.0));
#5665=ORIENTED_EDGE('',*,*,#605,.T.);
#5666=ORIENTED_EDGE('',*,*,#607,.F.);
#5667=ORIENTED_EDGE('',*,*,#609,.F.);
#5668=ORIENTED_EDGE('',*,*,#449,.T.);
#5669=ORIENTED_EDGE('',*,*,#603,.T.);
#5670=CARTESIAN_POINT('',(-4.0,0.95,0.0));
#5671=DIRECTION('',(0.0,-1.0,0.0));
#5672=DIRECTION('',(0.0,0.0,-1.0));
#5673=ORIENTED_EDGE('',*,*,#611,.T.);
#5674=ORIENTED_EDGE('',*,*,#613,.T.);
#5675=ORIENTED_EDGE('',*,*,#491,.F.);
#5676=ORIENTED_EDGE('',*,*,#451,.F.);
#5677=ORIENTED_EDGE('',*,*,#609,.T.);
#5678=ORIENTED_EDGE('',*,*,#615,.F.);
#5679=CARTESIAN_POINT('',(-4.0,1.35,0.0));
#5680=DIRECTION('',(-1.0,0.0,0.0));
#5681=DIRECTION('',(0.0,0.0,1.0));
#5682=ORIENTED_EDGE('',*,*,#617,.F.);
#5683=ORIENTED_EDGE('',*,*,#619,.F.);
#5684=ORIENTED_EDGE('',*,*,#615,.T.);
#5685=ORIENTED_EDGE('',*,*,#607,.T.);
#5686=ORIENTED_EDGE('',*,*,#621,.F.);
#5687=ORIENTED_EDGE('',*,*,#623,.F.);
#5688=CARTESIAN_POINT('',(0.0,0.0,-1.0));
#5689=DIRECTION('',(0.0,0.0,1.0));
#5690=DIRECTION('',(1.0,0.0,0.0));
#5691=ORIENTED_EDGE('',*,*,#625,.T.);
#5692=ORIENTED_EDGE('',*,*,#627,.T.);
#5693=ORIENTED_EDGE('',*,*,#629,.F.);
#5694=ORIENTED_EDGE('',*,*,#631,.F.);
#5695=ORIENTED_EDGE('',*,*,#633,.F.);
#5696=ORIENTED_EDGE('',*,*,#635,.F.);
#5697=CARTESIAN_POINT('',(0.0,0.0,-1.0));
#5698=DIRECTION('',(0.0,0.0,1.0));
#5699=DIRECTION('',(1.0,0.0,0.0));
#5700=ORIENTED_EDGE('',*,*,#637,.F.);
#5701=ORIENTED_EDGE('',*,*,#639,.F.);
#5702=ORIENTED_EDGE('',*,*,#641,.F.);
#5703=ORIENTED_EDGE('',*,*,#623,.T.);
#5704=CARTESIAN_POINT('',(-3.25,1.05,-1.1));
#5705=DIRECTION('',(0.0,-0.707106781186548,0.707106781186548));
#5706=DIRECTION('',(-1.0,0.0,0.0));
#5707=ORIENTED_EDGE('',*,*,#643,.F.);
#5708=ORIENTED_EDGE('',*,*,#617,.T.);
#5709=ORIENTED_EDGE('',*,*,#641,.T.);
#5710=ORIENTED_EDGE('',*,*,#645,.T.);
#5711=ORIENTED_EDGE('',*,*,#647,.F.);
#5712=CARTESIAN_POINT('',(-3.1,1.35,0.0));
#5713=DIRECTION('',(-1.0,0.0,0.0));
#5714=DIRECTION('',(0.0,0.0,1.0));
#5715=ORIENTED_EDGE('',*,*,#649,.T.);
#5716=ORIENTED_EDGE('',*,*,#651,.T.);
#5717=ORIENTED_EDGE('',*,*,#653,.T.);
#5718=ORIENTED_EDGE('',*,*,#647,.T.);
#5719=CARTESIAN_POINT('',(0.0,0.0,-1.5));
#5720=DIRECTION('',(0.0,0.0,1.0));
#5721=DIRECTION('',(1.0,0.0,0.0));
#5722=ORIENTED_EDGE('',*,*,#631,.T.);
#5723=ORIENTED_EDGE('',*,*,#655,.T.);
#5724=ORIENTED_EDGE('',*,*,#657,.T.);
#5725=ORIENTED_EDGE('',*,*,#659,.T.);
#5726=ORIENTED_EDGE('',*,*,#661,.T.);
#5727=ORIENTED_EDGE('',*,*,#663,.F.);
#5728=ORIENTED_EDGE('',*,*,#665,.T.);
#5729=ORIENTED_EDGE('',*,*,#611,.F.);
#5730=ORIENTED_EDGE('',*,*,#619,.T.);
#5731=ORIENTED_EDGE('',*,*,#643,.T.);
#5732=ORIENTED_EDGE('',*,*,#653,.F.);
#5733=ORIENTED_EDGE('',*,*,#667,.F.);
#5734=CARTESIAN_POINT('',(4.0,1.35,0.0));
#5735=DIRECTION('',(-0.0,1.0,0.0));
#5736=DIRECTION('',(1.0,0.0,0.0));
#5737=ORIENTED_EDGE('',*,*,#669,.F.);
#5738=ORIENTED_EDGE('',*,*,#671,.T.);
#5739=ORIENTED_EDGE('',*,*,#633,.T.);
#5740=ORIENTED_EDGE('',*,*,#667,.T.);
#5741=ORIENTED_EDGE('',*,*,#651,.F.);
#5742=CARTESIAN_POINT('',(3.1,0.95,0.0));
#5743=DIRECTION('',(1.0,0.0,0.0));
#5744=DIRECTION('',(0.0,1.0,0.0));
#5745=ORIENTED_EDGE('',*,*,#673,.F.);
#5746=ORIENTED_EDGE('',*,*,#675,.F.);
#5747=ORIENTED_EDGE('',*,*,#635,.T.);
#5748=ORIENTED_EDGE('',*,*,#671,.F.);
#5749=CARTESIAN_POINT('',(3.25,1.05,-1.1));
#5750=DIRECTION('',(0.0,-0.707106781186548,0.707106781186548));
#5751=DIRECTION('',(-1.0,0.0,0.0));
#5752=ORIENTED_EDGE('',*,*,#677,.F.);
#5753=ORIENTED_EDGE('',*,*,#679,.F.);
#5754=ORIENTED_EDGE('',*,*,#681,.F.);
#5755=ORIENTED_EDGE('',*,*,#683,.T.);
#5756=ORIENTED_EDGE('',*,*,#625,.F.);
#5757=ORIENTED_EDGE('',*,*,#675,.T.);
#5758=ORIENTED_EDGE('',*,*,#685,.T.);
#5759=CARTESIAN_POINT('',(3.4,0.068,0.0));
#5760=DIRECTION('',(1.0,0.0,0.0));
#5761=DIRECTION('',(0.0,1.0,0.0));
#5762=ORIENTED_EDGE('',*,*,#645,.F.);
#5763=ORIENTED_EDGE('',*,*,#639,.T.);
#5764=ORIENTED_EDGE('',*,*,#687,.T.);
#5765=ORIENTED_EDGE('',*,*,#689,.F.);
#5766=ORIENTED_EDGE('',*,*,#685,.F.);
#5767=ORIENTED_EDGE('',*,*,#673,.T.);
#5768=ORIENTED_EDGE('',*,*,#669,.T.);
#5769=ORIENTED_EDGE('',*,*,#649,.F.);
#5770=CARTESIAN_POINT('',(-3.1,0.95,0.0));
#5771=DIRECTION('',(-0.0,1.0,0.0));
#5772=DIRECTION('',(1.0,0.0,0.0));
#5773=ORIENTED_EDGE('',*,*,#691,.T.);
#5774=ORIENTED_EDGE('',*,*,#595,.T.);
#5775=ORIENTED_EDGE('',*,*,#591,.T.);
#5776=ORIENTED_EDGE('',*,*,#587,.T.);
#5777=ORIENTED_EDGE('',*,*,#693,.T.);
#5778=ORIENTED_EDGE('',*,*,#537,.T.);
#5779=ORIENTED_EDGE('',*,*,#695,.T.);
#5780=ORIENTED_EDGE('',*,*,#555,.T.);
#5781=ORIENTED_EDGE('',*,*,#697,.T.);
#5782=ORIENTED_EDGE('',*,*,#567,.T.);
#5783=ORIENTED_EDGE('',*,*,#699,.T.);
#5784=ORIENTED_EDGE('',*,*,#701,.T.);
#5785=ORIENTED_EDGE('',*,*,#703,.T.);
#5786=ORIENTED_EDGE('',*,*,#705,.T.);
#5787=ORIENTED_EDGE('',*,*,#677,.T.);
#5788=ORIENTED_EDGE('',*,*,#689,.T.);
#5789=ORIENTED_EDGE('',*,*,#707,.T.);
#5790=ORIENTED_EDGE('',*,*,#709,.T.);
#5791=ORIENTED_EDGE('',*,*,#711,.F.);
#5792=ORIENTED_EDGE('',*,*,#713,.F.);
#5793=ORIENTED_EDGE('',*,*,#715,.T.);
#5794=ORIENTED_EDGE('',*,*,#717,.T.);
#5795=ORIENTED_EDGE('',*,*,#719,.F.);
#5796=ORIENTED_EDGE('',*,*,#721,.F.);
#5797=ORIENTED_EDGE('',*,*,#723,.T.);
#5798=ORIENTED_EDGE('',*,*,#725,.T.);
#5799=ORIENTED_EDGE('',*,*,#727,.F.);
#5800=ORIENTED_EDGE('',*,*,#729,.F.);
#5801=ORIENTED_EDGE('',*,*,#731,.T.);
#5802=ORIENTED_EDGE('',*,*,#733,.T.);
#5803=ORIENTED_EDGE('',*,*,#735,.F.);
#5804=ORIENTED_EDGE('',*,*,#737,.F.);
#5805=ORIENTED_EDGE('',*,*,#739,.T.);
#5806=ORIENTED_EDGE('',*,*,#741,.T.);
#5807=ORIENTED_EDGE('',*,*,#743,.F.);
#5808=ORIENTED_EDGE('',*,*,#745,.F.);
#5809=CARTESIAN_POINT('',(0.0,0.0,-2.9));
#5810=DIRECTION('',(0.0,0.0,1.0));
#5811=DIRECTION('',(1.0,0.0,0.0));
#5812=ORIENTED_EDGE('',*,*,#747,.T.);
#5813=ORIENTED_EDGE('',*,*,#749,.F.);
#5814=ORIENTED_EDGE('',*,*,#751,.F.);
#5815=ORIENTED_EDGE('',*,*,#753,.F.);
#5816=ORIENTED_EDGE('',*,*,#755,.F.);
#5817=ORIENTED_EDGE('',*,*,#757,.F.);
#5818=ORIENTED_EDGE('',*,*,#759,.F.);
#5819=ORIENTED_EDGE('',*,*,#761,.F.);
#5820=ORIENTED_EDGE('',*,*,#763,.F.);
#5821=ORIENTED_EDGE('',*,*,#765,.F.);
#5822=ORIENTED_EDGE('',*,*,#767,.F.);
#5823=ORIENTED_EDGE('',*,*,#769,.T.);
#5824=CARTESIAN_POINT('',(-2.35,0.0,0.0));
#5825=DIRECTION('',(-1.0,0.0,0.0));
#5826=DIRECTION('',(0.0,0.0,1.0));
#5827=ORIENTED_EDGE('',*,*,#771,.F.);
#5828=ORIENTED_EDGE('',*,*,#773,.F.);
#5829=ORIENTED_EDGE('',*,*,#775,.F.);
#5830=ORIENTED_EDGE('',*,*,#713,.T.);
#5831=CARTESIAN_POINT('',(-2.35,0.0,0.0));
#5832=DIRECTION('',(-1.0,0.0,0.0));
#5833=DIRECTION('',(0.0,0.0,1.0));
#5834=ORIENTED_EDGE('',*,*,#777,.T.);
#5835=ORIENTED_EDGE('',*,*,#779,.F.);
#5836=ORIENTED_EDGE('',*,*,#781,.T.);
#5837=ORIENTED_EDGE('',*,*,#783,.T.);
#5838=ORIENTED_EDGE('',*,*,#785,.T.);
#5839=ORIENTED_EDGE('',*,*,#787,.F.);
#5840=ORIENTED_EDGE('',*,*,#789,.T.);
#5841=ORIENTED_EDGE('',*,*,#791,.T.);
#5842=ORIENTED_EDGE('',*,*,#793,.T.);
#5843=ORIENTED_EDGE('',*,*,#795,.F.);
#5844=ORIENTED_EDGE('',*,*,#797,.T.);
#5845=ORIENTED_EDGE('',*,*,#799,.T.);
#5846=ORIENTED_EDGE('',*,*,#801,.T.);
#5847=ORIENTED_EDGE('',*,*,#803,.F.);
#5848=ORIENTED_EDGE('',*,*,#805,.T.);
#5849=ORIENTED_EDGE('',*,*,#769,.F.);
#5850=ORIENTED_EDGE('',*,*,#807,.T.);
#5851=ORIENTED_EDGE('',*,*,#809,.T.);
#5852=ORIENTED_EDGE('',*,*,#811,.T.);
#5853=ORIENTED_EDGE('',*,*,#813,.T.);
#5854=ORIENTED_EDGE('',*,*,#661,.F.);
#5855=ORIENTED_EDGE('',*,*,#815,.F.);
#5856=ORIENTED_EDGE('',*,*,#817,.T.);
#5857=ORIENTED_EDGE('',*,*,#819,.T.);
#5858=CARTESIAN_POINT('',(3.57,-1.85,-4.25));
#5859=DIRECTION('',(0.0,0.0,1.0));
#5860=DIRECTION('',(1.0,0.0,0.0));
#5861=ORIENTED_EDGE('',*,*,#821,.T.);
#5862=ORIENTED_EDGE('',*,*,#823,.F.);
#5863=ORIENTED_EDGE('',*,*,#825,.F.);
#5864=ORIENTED_EDGE('',*,*,#827,.F.);
#5865=ORIENTED_EDGE('',*,*,#829,.F.);
#5866=ORIENTED_EDGE('',*,*,#831,.F.);
#5867=ORIENTED_EDGE('',*,*,#833,.F.);
#5868=ORIENTED_EDGE('',*,*,#835,.F.);
#5869=ORIENTED_EDGE('',*,*,#837,.F.);
#5870=ORIENTED_EDGE('',*,*,#839,.F.);
#5871=ORIENTED_EDGE('',*,*,#841,.F.);
#5872=ORIENTED_EDGE('',*,*,#819,.F.);
#5873=CARTESIAN_POINT('',(2.65,0.0,0.0));
#5874=DIRECTION('',(-1.0,0.0,0.0));
#5875=DIRECTION('',(0.0,0.0,1.0));
#5876=ORIENTED_EDGE('',*,*,#843,.F.);
#5877=ORIENTED_EDGE('',*,*,#845,.F.);
#5878=ORIENTED_EDGE('',*,*,#847,.F.);
#5879=ORIENTED_EDGE('',*,*,#745,.T.);
#5880=CARTESIAN_POINT('',(2.65,0.0,0.0));
#5881=DIRECTION('',(-1.0,0.0,0.0));
#5882=DIRECTION('',(0.0,0.0,1.0));
#5883=ORIENTED_EDGE('',*,*,#841,.T.);
#5884=ORIENTED_EDGE('',*,*,#849,.T.);
#5885=ORIENTED_EDGE('',*,*,#851,.F.);
#5886=ORIENTED_EDGE('',*,*,#777,.F.);
#5887=CARTESIAN_POINT('',(2.65,0.39,-4.25));
#5888=DIRECTION('',(-0.0,1.0,0.0));
#5889=DIRECTION('',(1.0,0.0,0.0));
#5890=ORIENTED_EDGE('',*,*,#851,.T.);
#5891=ORIENTED_EDGE('',*,*,#853,.T.);
#5892=ORIENTED_EDGE('',*,*,#855,.T.);
#5893=ORIENTED_EDGE('',*,*,#857,.T.);
#5894=ORIENTED_EDGE('',*,*,#859,.T.);
#5895=ORIENTED_EDGE('',*,*,#861,.T.);
#5896=ORIENTED_EDGE('',*,*,#863,.T.);
#5897=ORIENTED_EDGE('',*,*,#865,.T.);
#5898=ORIENTED_EDGE('',*,*,#867,.T.);
#5899=ORIENTED_EDGE('',*,*,#869,.T.);
#5900=ORIENTED_EDGE('',*,*,#871,.F.);
#5901=ORIENTED_EDGE('',*,*,#779,.T.);
#5902=CARTESIAN_POINT('',(2.35,0.0,0.0));
#5903=DIRECTION('',(-1.0,0.0,0.0));
#5904=DIRECTION('',(0.0,0.0,1.0));
#5905=ORIENTED_EDGE('',*,*,#873,.T.);
#5906=ORIENTED_EDGE('',*,*,#875,.T.);
#5907=ORIENTED_EDGE('',*,*,#877,.T.);
#5908=ORIENTED_EDGE('',*,*,#741,.F.);
#5909=CARTESIAN_POINT('',(2.35,0.0,0.0));
#5910=DIRECTION('',(-1.0,0.0,0.0));
#5911=DIRECTION('',(0.0,0.0,1.0));
#5912=ORIENTED_EDGE('',*,*,#879,.F.);
#5913=ORIENTED_EDGE('',*,*,#881,.F.);
#5914=ORIENTED_EDGE('',*,*,#811,.F.);
#5915=ORIENTED_EDGE('',*,*,#883,.T.);
#5916=CARTESIAN_POINT('',(-3.57,-1.45,-4.25));
#5917=DIRECTION('',(-0.0,1.0,0.0));
#5918=DIRECTION('',(1.0,0.0,0.0));
#5919=ORIENTED_EDGE('',*,*,#885,.F.);
#5920=ORIENTED_EDGE('',*,*,#887,.T.);
#5921=ORIENTED_EDGE('',*,*,#695,.F.);
#5922=ORIENTED_EDGE('',*,*,#889,.T.);
#5923=ORIENTED_EDGE('',*,*,#891,.F.);
#5924=ORIENTED_EDGE('',*,*,#747,.F.);
#5925=ORIENTED_EDGE('',*,*,#805,.F.);
#5926=ORIENTED_EDGE('',*,*,#893,.T.);
#5927=CARTESIAN_POINT('',(-3.57,-1.45,-4.25));
#5928=DIRECTION('',(-0.0,1.0,0.0));
#5929=DIRECTION('',(1.0,0.0,0.0));
#5930=ORIENTED_EDGE('',*,*,#895,.F.);
#5931=ORIENTED_EDGE('',*,*,#897,.F.);
#5932=ORIENTED_EDGE('',*,*,#797,.F.);
#5933=ORIENTED_EDGE('',*,*,#899,.T.);
#5934=CARTESIAN_POINT('',(-3.57,-1.45,-4.25));
#5935=DIRECTION('',(-0.0,1.0,0.0));
#5936=DIRECTION('',(1.0,0.0,0.0));
#5937=ORIENTED_EDGE('',*,*,#901,.F.);
#5938=ORIENTED_EDGE('',*,*,#903,.F.);
#5939=ORIENTED_EDGE('',*,*,#789,.F.);
#5940=ORIENTED_EDGE('',*,*,#905,.T.);
#5941=CARTESIAN_POINT('',(-3.57,-1.45,-4.25));
#5942=DIRECTION('',(-0.0,1.0,0.0));
#5943=DIRECTION('',(1.0,0.0,0.0));
#5944=ORIENTED_EDGE('',*,*,#817,.F.);
#5945=ORIENTED_EDGE('',*,*,#907,.T.);
#5946=ORIENTED_EDGE('',*,*,#909,.F.);
#5947=ORIENTED_EDGE('',*,*,#821,.F.);
#5948=CARTESIAN_POINT('',(-3.57,-1.45,-4.25));
#5949=DIRECTION('',(-0.0,1.0,0.0));
#5950=DIRECTION('',(1.0,0.0,0.0));
#5951=ORIENTED_EDGE('',*,*,#911,.F.);
#5952=ORIENTED_EDGE('',*,*,#913,.T.);
#5953=ORIENTED_EDGE('',*,*,#697,.F.);
#5954=ORIENTED_EDGE('',*,*,#915,.T.);
#5955=ORIENTED_EDGE('',*,*,#917,.F.);
#5956=ORIENTED_EDGE('',*,*,#919,.F.);
#5957=ORIENTED_EDGE('',*,*,#781,.F.);
#5958=ORIENTED_EDGE('',*,*,#871,.T.);
#5959=CARTESIAN_POINT('',(-3.57,-1.45,-4.25));
#5960=DIRECTION('',(-0.0,1.0,0.0));
#5961=DIRECTION('',(1.0,0.0,0.0));
#5962=ORIENTED_EDGE('',*,*,#921,.T.);
#5963=ORIENTED_EDGE('',*,*,#923,.T.);
#5964=ORIENTED_EDGE('',*,*,#925,.T.);
#5965=ORIENTED_EDGE('',*,*,#927,.T.);
#5966=ORIENTED_EDGE('',*,*,#929,.T.);
#5967=ORIENTED_EDGE('',*,*,#931,.T.);
#5968=ORIENTED_EDGE('',*,*,#933,.T.);
#5969=ORIENTED_EDGE('',*,*,#935,.T.);
#5970=ORIENTED_EDGE('',*,*,#937,.T.);
#5971=ORIENTED_EDGE('',*,*,#939,.T.);
#5972=ORIENTED_EDGE('',*,*,#883,.F.);
#5973=ORIENTED_EDGE('',*,*,#809,.F.);
#5974=CARTESIAN_POINT('',(-2.65,0.0,0.0));
#5975=DIRECTION('',(-1.0,0.0,0.0));
#5976=DIRECTION('',(0.0,0.0,1.0));
#5977=ORIENTED_EDGE('',*,*,#941,.T.);
#5978=ORIENTED_EDGE('',*,*,#943,.T.);
#5979=ORIENTED_EDGE('',*,*,#945,.T.);
#5980=ORIENTED_EDGE('',*,*,#709,.F.);
#5981=CARTESIAN_POINT('',(-2.65,0.0,0.0));
#5982=DIRECTION('',(-1.0,0.0,0.0));
#5983=DIRECTION('',(0.0,0.0,1.0));
#5984=ORIENTED_EDGE('',*,*,#947,.T.);
#5985=ORIENTED_EDGE('',*,*,#939,.F.);
#5986=ORIENTED_EDGE('',*,*,#949,.F.);
#5987=ORIENTED_EDGE('',*,*,#749,.T.);
#5988=ORIENTED_EDGE('',*,*,#891,.T.);
#5989=CARTESIAN_POINT('',(-2.35,-4.15,-4.05));
#5990=DIRECTION('',(0.0,0.0,1.0));
#5991=DIRECTION('',(1.0,0.0,0.0));
#5992=ORIENTED_EDGE('',*,*,#949,.T.);
#5993=ORIENTED_EDGE('',*,*,#937,.F.);
#5994=ORIENTED_EDGE('',*,*,#951,.F.);
#5995=ORIENTED_EDGE('',*,*,#751,.T.);
#5996=CARTESIAN_POINT('',(-2.35,-4.15,-4.41));
#5997=DIRECTION('',(0.0,-1.0,0.0));
#5998=DIRECTION('',(0.0,0.0,-1.0));
#5999=ORIENTED_EDGE('',*,*,#951,.T.);
#6000=ORIENTED_EDGE('',*,*,#935,.F.);
#6001=ORIENTED_EDGE('',*,*,#953,.F.);
#6002=ORIENTED_EDGE('',*,*,#753,.T.);
#6003=CARTESIAN_POINT('',(-2.35,-1.785,-4.41));
#6004=DIRECTION('',(0.0,0.0,-1.0));
#6005=DIRECTION('',(0.0,-1.0,0.0));
#6006=ORIENTED_EDGE('',*,*,#953,.T.);
#6007=ORIENTED_EDGE('',*,*,#933,.F.);
#6008=ORIENTED_EDGE('',*,*,#955,.F.);
#6009=ORIENTED_EDGE('',*,*,#755,.T.);
#6010=CARTESIAN_POINT('',(-2.35,-1.69,-4.505));
#6011=DIRECTION('',(0.0,-0.707106781186498,-0.707106781186598));
#6012=DIRECTION('',(0.0,-0.707106781186598,0.707106781186498));
#6013=ORIENTED_EDGE('',*,*,#955,.T.);
#6014=ORIENTED_EDGE('',*,*,#931,.F.);
#6015=ORIENTED_EDGE('',*,*,#957,.F.);
#6016=ORIENTED_EDGE('',*,*,#757,.T.);
#6017=CARTESIAN_POINT('',(-2.35,-1.065,-4.505));
#6018=DIRECTION('',(0.0,0.0,-1.0));
#6019=DIRECTION('',(0.0,-1.0,0.0));
#6020=ORIENTED_EDGE('',*,*,#957,.T.);
#6021=ORIENTED_EDGE('',*,*,#929,.F.);
#6022=ORIENTED_EDGE('',*,*,#959,.F.);
#6023=ORIENTED_EDGE('',*,*,#759,.T.);
#6024=CARTESIAN_POINT('',(-2.35,-0.97,-4.6));
#6025=DIRECTION('',(0.0,-0.707106781186498,-0.707106781186598));
#6026=DIRECTION('',(0.0,-0.707106781186598,0.707106781186498));
#6027=ORIENTED_EDGE('',*,*,#959,.T.);
#6028=ORIENTED_EDGE('',*,*,#927,.F.);
#6029=ORIENTED_EDGE('',*,*,#961,.F.);
#6030=ORIENTED_EDGE('',*,*,#761,.T.);
#6031=CARTESIAN_POINT('',(-2.35,-0.47,-4.6));
#6032=DIRECTION('',(0.0,0.0,-1.0));
#6033=DIRECTION('',(0.0,-1.0,0.0));
#6034=ORIENTED_EDGE('',*,*,#961,.T.);
#6035=ORIENTED_EDGE('',*,*,#925,.F.);
#6036=ORIENTED_EDGE('',*,*,#963,.F.);
#6037=ORIENTED_EDGE('',*,*,#763,.T.);
#6038=CARTESIAN_POINT('',(-2.35,-0.375,-4.505));
#6039=DIRECTION('',(0.0,0.707106781186598,-0.707106781186498));
#6040=DIRECTION('',(-1.0,0.0,0.0));
#6041=ORIENTED_EDGE('',*,*,#963,.T.);
#6042=ORIENTED_EDGE('',*,*,#923,.F.);
#6043=ORIENTED_EDGE('',*,*,#965,.F.);
#6044=ORIENTED_EDGE('',*,*,#765,.T.);
#6045=CARTESIAN_POINT('',(-2.35,0.39,-4.505));
#6046=DIRECTION('',(0.0,0.0,-1.0));
#6047=DIRECTION('',(0.0,-1.0,0.0));
#6048=ORIENTED_EDGE('',*,*,#767,.T.);
#6049=ORIENTED_EDGE('',*,*,#965,.T.);
#6050=ORIENTED_EDGE('',*,*,#921,.F.);
#6051=ORIENTED_EDGE('',*,*,#807,.F.);
#6052=CARTESIAN_POINT('',(-2.35,0.39,-4.25));
#6053=DIRECTION('',(-0.0,1.0,0.0));
#6054=DIRECTION('',(1.0,0.0,0.0));
#6055=ORIENTED_EDGE('',*,*,#947,.F.);
#6056=ORIENTED_EDGE('',*,*,#967,.T.);
#6057=ORIENTED_EDGE('',*,*,#497,.F.);
#6058=ORIENTED_EDGE('',*,*,#969,.F.);
#6059=ORIENTED_EDGE('',*,*,#879,.T.);
#6060=CARTESIAN_POINT('',(-3.57,-1.45,-4.05));
#6061=DIRECTION('',(0.0,0.78086880944303,0.624695047554424));
#6062=DIRECTION('',(1.0,0.0,-0.0));
#6063=ORIENTED_EDGE('',*,*,#971,.F.);
#6064=ORIENTED_EDGE('',*,*,#973,.T.);
#6065=ORIENTED_EDGE('',*,*,#503,.F.);
#6066=ORIENTED_EDGE('',*,*,#975,.F.);
#6067=ORIENTED_EDGE('',*,*,#977,.F.);
#6068=ORIENTED_EDGE('',*,*,#895,.T.);
#6069=ORIENTED_EDGE('',*,*,#979,.F.);
#6070=ORIENTED_EDGE('',*,*,#901,.T.);
#6071=CARTESIAN_POINT('',(-3.57,-1.45,-4.05));
#6072=DIRECTION('',(0.0,0.78086880944303,0.624695047554424));
#6073=DIRECTION('',(1.0,0.0,-0.0));
#6074=ORIENTED_EDGE('',*,*,#981,.F.);
#6075=ORIENTED_EDGE('',*,*,#909,.T.);
#6076=ORIENTED_EDGE('',*,*,#983,.T.);
#6077=ORIENTED_EDGE('',*,*,#517,.F.);
#6078=ORIENTED_EDGE('',*,*,#985,.F.);
#6079=CARTESIAN_POINT('',(-3.57,-1.45,-4.05));
#6080=DIRECTION('',(0.0,0.78086880944303,0.624695047554424));
#6081=DIRECTION('',(1.0,0.0,-0.0));
#6082=ORIENTED_EDGE('',*,*,#987,.T.);
#6083=ORIENTED_EDGE('',*,*,#663,.T.);
#6084=ORIENTED_EDGE('',*,*,#813,.F.);
#6085=ORIENTED_EDGE('',*,*,#881,.T.);
#6086=ORIENTED_EDGE('',*,*,#969,.T.);
#6087=ORIENTED_EDGE('',*,*,#495,.F.);
#6088=CARTESIAN_POINT('',(-3.57,-1.85,-4.25));
#6089=DIRECTION('',(-1.0,0.0,0.0));
#6090=DIRECTION('',(0.0,0.0,1.0));
#6091=ORIENTED_EDGE('',*,*,#613,.F.);
#6092=ORIENTED_EDGE('',*,*,#665,.F.);
#6093=ORIENTED_EDGE('',*,*,#987,.F.);
#6094=ORIENTED_EDGE('',*,*,#493,.F.);
#6095=CARTESIAN_POINT('',(0.0,0.0,-4.7));
#6096=DIRECTION('',(0.0,0.0,1.0));
#6097=DIRECTION('',(1.0,0.0,0.0));
#6098=ORIENTED_EDGE('',*,*,#989,.F.);
#6099=ORIENTED_EDGE('',*,*,#521,.F.);
#6100=ORIENTED_EDGE('',*,*,#991,.T.);
#6101=ORIENTED_EDGE('',*,*,#657,.F.);
#6102=CARTESIAN_POINT('',(0.0,0.0,-4.7));
#6103=DIRECTION('',(0.0,0.0,1.0));
#6104=DIRECTION('',(1.0,0.0,0.0));
#6105=ORIENTED_EDGE('',*,*,#659,.F.);
#6106=ORIENTED_EDGE('',*,*,#991,.F.);
#6107=ORIENTED_EDGE('',*,*,#519,.F.);
#6108=ORIENTED_EDGE('',*,*,#983,.F.);
#6109=ORIENTED_EDGE('',*,*,#907,.F.);
#6110=ORIENTED_EDGE('',*,*,#815,.T.);
#6111=CARTESIAN_POINT('',(3.57,-1.85,-4.7));
#6112=DIRECTION('',(1.0,0.0,0.0));
#6113=DIRECTION('',(0.0,1.0,0.0));
#6114=ORIENTED_EDGE('',*,*,#993,.F.);
#6115=ORIENTED_EDGE('',*,*,#467,.F.);
#6116=ORIENTED_EDGE('',*,*,#523,.T.);
#6117=ORIENTED_EDGE('',*,*,#989,.T.);
#6118=ORIENTED_EDGE('',*,*,#655,.F.);
#6119=ORIENTED_EDGE('',*,*,#629,.T.);
#6120=CARTESIAN_POINT('',(4.0,-1.85,0.0));
#6121=DIRECTION('',(1.0,0.0,0.0));
#6122=DIRECTION('',(0.0,1.0,0.0));
#6123=ORIENTED_EDGE('',*,*,#469,.F.);
#6124=ORIENTED_EDGE('',*,*,#993,.T.);
#6125=ORIENTED_EDGE('',*,*,#627,.F.);
#6126=ORIENTED_EDGE('',*,*,#683,.F.);
#6127=ORIENTED_EDGE('',*,*,#995,.T.);
#6128=CARTESIAN_POINT('',(3.1,0.95,0.0));
#6129=DIRECTION('',(0.0,-1.0,0.0));
#6130=DIRECTION('',(0.0,0.0,-1.0));
#6131=ORIENTED_EDGE('',*,*,#471,.F.);
#6132=ORIENTED_EDGE('',*,*,#995,.F.);
#6133=ORIENTED_EDGE('',*,*,#681,.T.);
#6134=ORIENTED_EDGE('',*,*,#997,.F.);
#6135=CARTESIAN_POINT('',(3.55,0.509,-0.1));
#6136=DIRECTION('',(-0.554700196225229,0.0,0.832050294337844));
#6137=DIRECTION('',(0.0,1.0,0.0));
#6138=ORIENTED_EDGE('',*,*,#679,.T.);
#6139=ORIENTED_EDGE('',*,*,#705,.F.);
#6140=ORIENTED_EDGE('',*,*,#999,.F.);
#6141=ORIENTED_EDGE('',*,*,#997,.T.);
#6142=CARTESIAN_POINT('',(3.7,0.068,0.0));
#6143=DIRECTION('',(-0.0,1.0,0.0));
#6144=DIRECTION('',(1.0,0.0,0.0));
#6145=ORIENTED_EDGE('',*,*,#999,.T.);
#6146=ORIENTED_EDGE('',*,*,#703,.F.);
#6147=ORIENTED_EDGE('',*,*,#1001,.F.);
#6148=ORIENTED_EDGE('',*,*,#473,.T.);
#6149=CARTESIAN_POINT('',(3.7,-0.982,0.0));
#6150=DIRECTION('',(1.0,0.0,0.0));
#6151=DIRECTION('',(0.0,1.0,0.0));
#6152=ORIENTED_EDGE('',*,*,#475,.T.);
#6153=ORIENTED_EDGE('',*,*,#1001,.T.);
#6154=ORIENTED_EDGE('',*,*,#701,.F.);
#6155=ORIENTED_EDGE('',*,*,#1003,.F.);
#6156=ORIENTED_EDGE('',*,*,#1005,.T.);
#6157=CARTESIAN_POINT('',(3.4,-0.982,0.0));
#6158=DIRECTION('',(0.0,-1.0,0.0));
#6159=DIRECTION('',(0.0,0.0,-1.0));
#6160=ORIENTED_EDGE('',*,*,#1007,.T.);
#6161=ORIENTED_EDGE('',*,*,#577,.T.);
#6162=ORIENTED_EDGE('',*,*,#477,.F.);
#6163=ORIENTED_EDGE('',*,*,#1005,.F.);
#6164=CARTESIAN_POINT('',(3.5,-1.216,-0.1));
#6165=DIRECTION('',(-0.707106781186548,0.0,0.707106781186548));
#6166=DIRECTION('',(0.0,1.0,0.0));
#6167=ORIENTED_EDGE('',*,*,#1003,.T.);
#6168=ORIENTED_EDGE('',*,*,#699,.F.);
#6169=ORIENTED_EDGE('',*,*,#565,.F.);
#6170=ORIENTED_EDGE('',*,*,#1007,.F.);
#6171=CARTESIAN_POINT('',(3.4,-1.45,0.0));
#6172=DIRECTION('',(1.0,0.0,0.0));
#6173=DIRECTION('',(0.0,1.0,0.0));
#6174=ORIENTED_EDGE('',*,*,#889,.F.);
#6175=ORIENTED_EDGE('',*,*,#535,.T.);
#6176=ORIENTED_EDGE('',*,*,#531,.F.);
#6177=ORIENTED_EDGE('',*,*,#499,.T.);
#6178=ORIENTED_EDGE('',*,*,#967,.F.);
#6179=CARTESIAN_POINT('',(-2.425,-1.85,-1.4));
#6180=DIRECTION('',(-1.0,0.0,0.0));
#6181=DIRECTION('',(0.0,0.0,1.0));
#6182=ORIENTED_EDGE('',*,*,#1009,.F.);
#6183=ORIENTED_EDGE('',*,*,#1011,.F.);
#6184=ORIENTED_EDGE('',*,*,#1013,.T.);
#6185=ORIENTED_EDGE('',*,*,#979,.T.);
#6186=CARTESIAN_POINT('',(0.15,-4.15,-4.05));
#6187=DIRECTION('',(0.0,0.0,1.0));
#6188=DIRECTION('',(1.0,0.0,0.0));
#6189=ORIENTED_EDGE('',*,*,#903,.T.);
#6190=ORIENTED_EDGE('',*,*,#1013,.F.);
#6191=ORIENTED_EDGE('',*,*,#1015,.F.);
#6192=ORIENTED_EDGE('',*,*,#1017,.F.);
#6193=ORIENTED_EDGE('',*,*,#1019,.F.);
#6194=ORIENTED_EDGE('',*,*,#1021,.F.);
#6195=ORIENTED_EDGE('',*,*,#1023,.F.);
#6196=ORIENTED_EDGE('',*,*,#1025,.F.);
#6197=ORIENTED_EDGE('',*,*,#1027,.F.);
#6198=ORIENTED_EDGE('',*,*,#1029,.F.);
#6199=ORIENTED_EDGE('',*,*,#1031,.F.);
#6200=ORIENTED_EDGE('',*,*,#791,.F.);
#6201=CARTESIAN_POINT('',(0.15,0.0,0.0));
#6202=DIRECTION('',(-1.0,0.0,0.0));
#6203=DIRECTION('',(0.0,0.0,1.0));
#6204=ORIENTED_EDGE('',*,*,#1033,.F.);
#6205=ORIENTED_EDGE('',*,*,#1035,.F.);
#6206=ORIENTED_EDGE('',*,*,#1037,.F.);
#6207=ORIENTED_EDGE('',*,*,#729,.T.);
#6208=CARTESIAN_POINT('',(0.15,0.0,0.0));
#6209=DIRECTION('',(-1.0,0.0,0.0));
#6210=DIRECTION('',(0.0,0.0,1.0));
#6211=ORIENTED_EDGE('',*,*,#1031,.T.);
#6212=ORIENTED_EDGE('',*,*,#1039,.T.);
#6213=ORIENTED_EDGE('',*,*,#1041,.F.);
#6214=ORIENTED_EDGE('',*,*,#793,.F.);
#6215=CARTESIAN_POINT('',(0.15,0.39,-4.25));
#6216=DIRECTION('',(-0.0,1.0,0.0));
#6217=DIRECTION('',(1.0,0.0,0.0));
#6218=ORIENTED_EDGE('',*,*,#1041,.T.);
#6219=ORIENTED_EDGE('',*,*,#1043,.T.);
#6220=ORIENTED_EDGE('',*,*,#1045,.T.);
#6221=ORIENTED_EDGE('',*,*,#1047,.T.);
#6222=ORIENTED_EDGE('',*,*,#1049,.T.);
#6223=ORIENTED_EDGE('',*,*,#1051,.T.);
#6224=ORIENTED_EDGE('',*,*,#1053,.T.);
#6225=ORIENTED_EDGE('',*,*,#1055,.T.);
#6226=ORIENTED_EDGE('',*,*,#1057,.T.);
#6227=ORIENTED_EDGE('',*,*,#1009,.T.);
#6228=ORIENTED_EDGE('',*,*,#899,.F.);
#6229=ORIENTED_EDGE('',*,*,#795,.T.);
#6230=CARTESIAN_POINT('',(-0.15,0.0,0.0));
#6231=DIRECTION('',(-1.0,0.0,0.0));
#6232=DIRECTION('',(0.0,0.0,1.0));
#6233=ORIENTED_EDGE('',*,*,#1059,.T.);
#6234=ORIENTED_EDGE('',*,*,#1061,.T.);
#6235=ORIENTED_EDGE('',*,*,#1063,.T.);
#6236=ORIENTED_EDGE('',*,*,#725,.F.);
#6237=CARTESIAN_POINT('',(-0.15,0.0,0.0));
#6238=DIRECTION('',(-1.0,0.0,0.0));
#6239=DIRECTION('',(0.0,0.0,1.0));
#6240=ORIENTED_EDGE('',*,*,#1011,.T.);
#6241=ORIENTED_EDGE('',*,*,#1057,.F.);
#6242=ORIENTED_EDGE('',*,*,#1065,.F.);
#6243=ORIENTED_EDGE('',*,*,#1015,.T.);
#6244=CARTESIAN_POINT('',(0.15,-4.15,-4.41));
#6245=DIRECTION('',(0.0,-1.0,0.0));
#6246=DIRECTION('',(0.0,0.0,-1.0));
#6247=ORIENTED_EDGE('',*,*,#1065,.T.);
#6248=ORIENTED_EDGE('',*,*,#1055,.F.);
#6249=ORIENTED_EDGE('',*,*,#1067,.F.);
#6250=ORIENTED_EDGE('',*,*,#1017,.T.);
#6251=CARTESIAN_POINT('',(0.15,-1.785,-4.41));
#6252=DIRECTION('',(0.0,0.0,-1.0));
#6253=DIRECTION('',(0.0,-1.0,0.0));
#6254=ORIENTED_EDGE('',*,*,#1067,.T.);
#6255=ORIENTED_EDGE('',*,*,#1053,.F.);
#6256=ORIENTED_EDGE('',*,*,#1069,.F.);
#6257=ORIENTED_EDGE('',*,*,#1019,.T.);
#6258=CARTESIAN_POINT('',(0.15,-1.69,-4.505));
#6259=DIRECTION('',(0.0,-0.707106781186498,-0.707106781186598));
#6260=DIRECTION('',(0.0,-0.707106781186598,0.707106781186498));
#6261=ORIENTED_EDGE('',*,*,#1069,.T.);
#6262=ORIENTED_EDGE('',*,*,#1051,.F.);
#6263=ORIENTED_EDGE('',*,*,#1071,.F.);
#6264=ORIENTED_EDGE('',*,*,#1021,.T.);
#6265=CARTESIAN_POINT('',(0.15,-1.065,-4.505));
#6266=DIRECTION('',(0.0,0.0,-1.0));
#6267=DIRECTION('',(0.0,-1.0,0.0));
#6268=ORIENTED_EDGE('',*,*,#1071,.T.);
#6269=ORIENTED_EDGE('',*,*,#1049,.F.);
#6270=ORIENTED_EDGE('',*,*,#1073,.F.);
#6271=ORIENTED_EDGE('',*,*,#1023,.T.);
#6272=CARTESIAN_POINT('',(0.15,-0.97,-4.6));
#6273=DIRECTION('',(0.0,-0.707106781186498,-0.707106781186598));
#6274=DIRECTION('',(0.0,-0.707106781186598,0.707106781186498));
#6275=ORIENTED_EDGE('',*,*,#1073,.T.);
#6276=ORIENTED_EDGE('',*,*,#1047,.F.);
#6277=ORIENTED_EDGE('',*,*,#1075,.F.);
#6278=ORIENTED_EDGE('',*,*,#1025,.T.);
#6279=CARTESIAN_POINT('',(0.15,-0.47,-4.6));
#6280=DIRECTION('',(0.0,0.0,-1.0));
#6281=DIRECTION('',(0.0,-1.0,0.0));
#6282=ORIENTED_EDGE('',*,*,#1075,.T.);
#6283=ORIENTED_EDGE('',*,*,#1045,.F.);
#6284=ORIENTED_EDGE('',*,*,#1077,.F.);
#6285=ORIENTED_EDGE('',*,*,#1027,.T.);
#6286=CARTESIAN_POINT('',(0.15,-0.375,-4.505));
#6287=DIRECTION('',(0.0,0.707106781186598,-0.707106781186498));
#6288=DIRECTION('',(-1.0,0.0,0.0));
#6289=ORIENTED_EDGE('',*,*,#1077,.T.);
#6290=ORIENTED_EDGE('',*,*,#1043,.F.);
#6291=ORIENTED_EDGE('',*,*,#1039,.F.);
#6292=ORIENTED_EDGE('',*,*,#1029,.T.);
#6293=CARTESIAN_POINT('',(0.15,0.39,-4.505));
#6294=DIRECTION('',(0.0,0.0,-1.0));
#6295=DIRECTION('',(0.0,-1.0,0.0));
#6296=ORIENTED_EDGE('',*,*,#1063,.F.);
#6297=ORIENTED_EDGE('',*,*,#1079,.F.);
#6298=ORIENTED_EDGE('',*,*,#1033,.T.);
#6299=ORIENTED_EDGE('',*,*,#727,.T.);
#6300=CARTESIAN_POINT('',(0.15,-0.35,-0.65));
#6301=DIRECTION('',(-0.0,1.0,0.0));
#6302=DIRECTION('',(1.0,0.0,0.0));
#6303=ORIENTED_EDGE('',*,*,#1079,.T.);
#6304=ORIENTED_EDGE('',*,*,#1061,.F.);
#6305=ORIENTED_EDGE('',*,*,#1081,.F.);
#6306=ORIENTED_EDGE('',*,*,#1035,.T.);
#6307=CARTESIAN_POINT('',(0.15,-1.09,-0.65));
#6308=DIRECTION('',(0.0,0.0,1.0));
#6309=DIRECTION('',(1.0,0.0,0.0));
#6310=ORIENTED_EDGE('',*,*,#1037,.T.);
#6311=ORIENTED_EDGE('',*,*,#1081,.T.);
#6312=ORIENTED_EDGE('',*,*,#1059,.F.);
#6313=ORIENTED_EDGE('',*,*,#723,.F.);
#6314=CARTESIAN_POINT('',(0.15,-1.09,-2.9));
#6315=DIRECTION('',(0.0,-1.0,0.0));
#6316=DIRECTION('',(0.0,0.0,-1.0));
#6317=ORIENTED_EDGE('',*,*,#885,.T.);
#6318=ORIENTED_EDGE('',*,*,#1083,.F.);
#6319=ORIENTED_EDGE('',*,*,#1085,.F.);
#6320=ORIENTED_EDGE('',*,*,#1087,.T.);
#6321=ORIENTED_EDGE('',*,*,#977,.T.);
#6322=CARTESIAN_POINT('',(-1.1,-4.15,-4.05));
#6323=DIRECTION('',(0.0,0.0,1.0));
#6324=DIRECTION('',(1.0,0.0,0.0));
#6325=ORIENTED_EDGE('',*,*,#897,.T.);
#6326=ORIENTED_EDGE('',*,*,#1087,.F.);
#6327=ORIENTED_EDGE('',*,*,#1089,.F.);
#6328=ORIENTED_EDGE('',*,*,#1091,.F.);
#6329=ORIENTED_EDGE('',*,*,#1093,.F.);
#6330=ORIENTED_EDGE('',*,*,#1095,.F.);
#6331=ORIENTED_EDGE('',*,*,#1097,.F.);
#6332=ORIENTED_EDGE('',*,*,#1099,.F.);
#6333=ORIENTED_EDGE('',*,*,#1101,.F.);
#6334=ORIENTED_EDGE('',*,*,#1103,.F.);
#6335=ORIENTED_EDGE('',*,*,#1105,.F.);
#6336=ORIENTED_EDGE('',*,*,#799,.F.);
#6337=CARTESIAN_POINT('',(-1.1,0.0,0.0));
#6338=DIRECTION('',(-1.0,0.0,0.0));
#6339=DIRECTION('',(0.0,0.0,1.0));
#6340=ORIENTED_EDGE('',*,*,#1107,.F.);
#6341=ORIENTED_EDGE('',*,*,#1109,.F.);
#6342=ORIENTED_EDGE('',*,*,#1111,.F.);
#6343=ORIENTED_EDGE('',*,*,#721,.T.);
#6344=CARTESIAN_POINT('',(-1.1,0.0,0.0));
#6345=DIRECTION('',(-1.0,0.0,0.0));
#6346=DIRECTION('',(0.0,0.0,1.0));
#6347=ORIENTED_EDGE('',*,*,#1105,.T.);
#6348=ORIENTED_EDGE('',*,*,#1113,.T.);
#6349=ORIENTED_EDGE('',*,*,#1115,.F.);
#6350=ORIENTED_EDGE('',*,*,#801,.F.);
#6351=CARTESIAN_POINT('',(-1.1,0.39,-4.25));
#6352=DIRECTION('',(-0.0,1.0,0.0));
#6353=DIRECTION('',(1.0,0.0,0.0));
#6354=ORIENTED_EDGE('',*,*,#1115,.T.);
#6355=ORIENTED_EDGE('',*,*,#1117,.T.);
#6356=ORIENTED_EDGE('',*,*,#1119,.T.);
#6357=ORIENTED_EDGE('',*,*,#1121,.T.);
#6358=ORIENTED_EDGE('',*,*,#1123,.T.);
#6359=ORIENTED_EDGE('',*,*,#1125,.T.);
#6360=ORIENTED_EDGE('',*,*,#1127,.T.);
#6361=ORIENTED_EDGE('',*,*,#1129,.T.);
#6362=ORIENTED_EDGE('',*,*,#1131,.T.);
#6363=ORIENTED_EDGE('',*,*,#1083,.T.);
#6364=ORIENTED_EDGE('',*,*,#893,.F.);
#6365=ORIENTED_EDGE('',*,*,#803,.T.);
#6366=CARTESIAN_POINT('',(-1.4,0.0,0.0));
#6367=DIRECTION('',(-1.0,0.0,0.0));
#6368=DIRECTION('',(0.0,0.0,1.0));
#6369=ORIENTED_EDGE('',*,*,#1133,.T.);
#6370=ORIENTED_EDGE('',*,*,#1135,.T.);
#6371=ORIENTED_EDGE('',*,*,#1137,.T.);
#6372=ORIENTED_EDGE('',*,*,#717,.F.);
#6373=CARTESIAN_POINT('',(-1.4,0.0,0.0));
#6374=DIRECTION('',(-1.0,0.0,0.0));
#6375=DIRECTION('',(0.0,0.0,1.0));
#6376=ORIENTED_EDGE('',*,*,#1085,.T.);
#6377=ORIENTED_EDGE('',*,*,#1131,.F.);
#6378=ORIENTED_EDGE('',*,*,#1139,.F.);
#6379=ORIENTED_EDGE('',*,*,#1089,.T.);
#6380=CARTESIAN_POINT('',(-1.1,-4.15,-4.41));
#6381=DIRECTION('',(0.0,-1.0,0.0));
#6382=DIRECTION('',(0.0,0.0,-1.0));
#6383=ORIENTED_EDGE('',*,*,#1139,.T.);
#6384=ORIENTED_EDGE('',*,*,#1129,.F.);
#6385=ORIENTED_EDGE('',*,*,#1141,.F.);
#6386=ORIENTED_EDGE('',*,*,#1091,.T.);
#6387=CARTESIAN_POINT('',(-1.1,-1.785,-4.41));
#6388=DIRECTION('',(0.0,0.0,-1.0));
#6389=DIRECTION('',(0.0,-1.0,0.0));
#6390=ORIENTED_EDGE('',*,*,#1141,.T.);
#6391=ORIENTED_EDGE('',*,*,#1127,.F.);
#6392=ORIENTED_EDGE('',*,*,#1143,.F.);
#6393=ORIENTED_EDGE('',*,*,#1093,.T.);
#6394=CARTESIAN_POINT('',(-1.1,-1.69,-4.505));
#6395=DIRECTION('',(0.0,-0.707106781186498,-0.707106781186598));
#6396=DIRECTION('',(0.0,-0.707106781186598,0.707106781186498));
#6397=ORIENTED_EDGE('',*,*,#1143,.T.);
#6398=ORIENTED_EDGE('',*,*,#1125,.F.);
#6399=ORIENTED_EDGE('',*,*,#1145,.F.);
#6400=ORIENTED_EDGE('',*,*,#1095,.T.);
#6401=CARTESIAN_POINT('',(-1.1,-1.065,-4.505));
#6402=DIRECTION('',(0.0,0.0,-1.0));
#6403=DIRECTION('',(0.0,-1.0,0.0));
#6404=ORIENTED_EDGE('',*,*,#1145,.T.);
#6405=ORIENTED_EDGE('',*,*,#1123,.F.);
#6406=ORIENTED_EDGE('',*,*,#1147,.F.);
#6407=ORIENTED_EDGE('',*,*,#1097,.T.);
#6408=CARTESIAN_POINT('',(-1.1,-0.97,-4.6));
#6409=DIRECTION('',(0.0,-0.707106781186498,-0.707106781186598));
#6410=DIRECTION('',(0.0,-0.707106781186598,0.707106781186498));
#6411=ORIENTED_EDGE('',*,*,#1147,.T.);
#6412=ORIENTED_EDGE('',*,*,#1121,.F.);
#6413=ORIENTED_EDGE('',*,*,#1149,.F.);
#6414=ORIENTED_EDGE('',*,*,#1099,.T.);
#6415=CARTESIAN_POINT('',(-1.1,-0.47,-4.6));
#6416=DIRECTION('',(0.0,0.0,-1.0));
#6417=DIRECTION('',(0.0,-1.0,0.0));
#6418=ORIENTED_EDGE('',*,*,#1149,.T.);
#6419=ORIENTED_EDGE('',*,*,#1119,.F.);
#6420=ORIENTED_EDGE('',*,*,#1151,.F.);
#6421=ORIENTED_EDGE('',*,*,#1101,.T.);
#6422=CARTESIAN_POINT('',(-1.1,-0.375,-4.505));
#6423=DIRECTION('',(0.0,0.707106781186598,-0.707106781186498));
#6424=DIRECTION('',(-1.0,0.0,0.0));
#6425=ORIENTED_EDGE('',*,*,#1151,.T.);
#6426=ORIENTED_EDGE('',*,*,#1117,.F.);
#6427=ORIENTED_EDGE('',*,*,#1113,.F.);
#6428=ORIENTED_EDGE('',*,*,#1103,.T.);
#6429=CARTESIAN_POINT('',(-1.1,0.39,-4.505));
#6430=DIRECTION('',(0.0,0.0,-1.0));
#6431=DIRECTION('',(0.0,-1.0,0.0));
#6432=ORIENTED_EDGE('',*,*,#1137,.F.);
#6433=ORIENTED_EDGE('',*,*,#1153,.F.);
#6434=ORIENTED_EDGE('',*,*,#1107,.T.);
#6435=ORIENTED_EDGE('',*,*,#719,.T.);
#6436=CARTESIAN_POINT('',(-1.1,-0.35,-0.65));
#6437=DIRECTION('',(-0.0,1.0,0.0));
#6438=DIRECTION('',(1.0,0.0,0.0));
#6439=ORIENTED_EDGE('',*,*,#1153,.T.);
#6440=ORIENTED_EDGE('',*,*,#1135,.F.);
#6441=ORIENTED_EDGE('',*,*,#1155,.F.);
#6442=ORIENTED_EDGE('',*,*,#1109,.T.);
#6443=CARTESIAN_POINT('',(-1.1,-1.09,-0.65));
#6444=DIRECTION('',(0.0,0.0,1.0));
#6445=DIRECTION('',(1.0,0.0,0.0));
#6446=ORIENTED_EDGE('',*,*,#1111,.T.);
#6447=ORIENTED_EDGE('',*,*,#1155,.T.);
#6448=ORIENTED_EDGE('',*,*,#1133,.F.);
#6449=ORIENTED_EDGE('',*,*,#715,.F.);
#6450=CARTESIAN_POINT('',(-1.1,-1.09,-2.9));
#6451=DIRECTION('',(0.0,-1.0,0.0));
#6452=DIRECTION('',(0.0,0.0,-1.0));
#6453=ORIENTED_EDGE('',*,*,#515,.T.);
#6454=ORIENTED_EDGE('',*,*,#1157,.T.);
#6455=ORIENTED_EDGE('',*,*,#557,.F.);
#6456=ORIENTED_EDGE('',*,*,#887,.F.);
#6457=ORIENTED_EDGE('',*,*,#975,.T.);
#6458=CARTESIAN_POINT('',(-1.325,-1.85,-4.25));
#6459=DIRECTION('',(1.0,0.0,0.0));
#6460=DIRECTION('',(0.0,1.0,0.0));
#6461=ORIENTED_EDGE('',*,*,#1159,.T.);
#6462=ORIENTED_EDGE('',*,*,#543,.F.);
#6463=ORIENTED_EDGE('',*,*,#1157,.F.);
#6464=ORIENTED_EDGE('',*,*,#513,.T.);
#6465=CARTESIAN_POINT('',(-1.325,-1.85,-1.4));
#6466=DIRECTION('',(0.0,0.0,1.0));
#6467=DIRECTION('',(1.0,0.0,0.0));
#6468=ORIENTED_EDGE('',*,*,#463,.T.);
#6469=ORIENTED_EDGE('',*,*,#575,.F.);
#6470=ORIENTED_EDGE('',*,*,#545,.T.);
#6471=ORIENTED_EDGE('',*,*,#1159,.F.);
#6472=ORIENTED_EDGE('',*,*,#511,.F.);
#6473=CARTESIAN_POINT('',(-1.725,-1.85,-1.4));
#6474=DIRECTION('',(1.0,0.0,0.0));
#6475=DIRECTION('',(0.0,1.0,0.0));
#6476=ORIENTED_EDGE('',*,*,#915,.F.);
#6477=ORIENTED_EDGE('',*,*,#553,.T.);
#6478=ORIENTED_EDGE('',*,*,#1161,.F.);
#6479=ORIENTED_EDGE('',*,*,#505,.T.);
#6480=ORIENTED_EDGE('',*,*,#973,.F.);
#6481=CARTESIAN_POINT('',(1.325,-1.85,-1.4));
#6482=DIRECTION('',(-1.0,0.0,0.0));
#6483=DIRECTION('',(0.0,0.0,1.0));
#6484=ORIENTED_EDGE('',*,*,#1161,.T.);
#6485=ORIENTED_EDGE('',*,*,#551,.F.);
#6486=ORIENTED_EDGE('',*,*,#1163,.F.);
#6487=ORIENTED_EDGE('',*,*,#507,.T.);
#6488=CARTESIAN_POINT('',(1.725,-1.85,-1.4));
#6489=DIRECTION('',(0.0,0.0,1.0));
#6490=DIRECTION('',(1.0,0.0,0.0));
#6491=ORIENTED_EDGE('',*,*,#509,.T.);
#6492=ORIENTED_EDGE('',*,*,#1163,.T.);
#6493=ORIENTED_EDGE('',*,*,#549,.F.);
#6494=ORIENTED_EDGE('',*,*,#573,.T.);
#6495=ORIENTED_EDGE('',*,*,#459,.F.);
#6496=CARTESIAN_POINT('',(1.725,-1.85,0.0));
#6497=DIRECTION('',(-1.0,0.0,0.0));
#6498=DIRECTION('',(0.0,0.0,1.0));
#6499=ORIENTED_EDGE('',*,*,#1165,.F.);
#6500=ORIENTED_EDGE('',*,*,#1167,.F.);
#6501=ORIENTED_EDGE('',*,*,#1169,.T.);
#6502=ORIENTED_EDGE('',*,*,#917,.T.);
#6503=ORIENTED_EDGE('',*,*,#971,.T.);
#6504=CARTESIAN_POINT('',(1.4,-4.15,-4.05));
#6505=DIRECTION('',(0.0,0.0,1.0));
#6506=DIRECTION('',(1.0,0.0,0.0));
#6507=ORIENTED_EDGE('',*,*,#919,.T.);
#6508=ORIENTED_EDGE('',*,*,#1169,.F.);
#6509=ORIENTED_EDGE('',*,*,#1171,.F.);
#6510=ORIENTED_EDGE('',*,*,#1173,.F.);
#6511=ORIENTED_EDGE('',*,*,#1175,.F.);
#6512=ORIENTED_EDGE('',*,*,#1177,.F.);
#6513=ORIENTED_EDGE('',*,*,#1179,.F.);
#6514=ORIENTED_EDGE('',*,*,#1181,.F.);
#6515=ORIENTED_EDGE('',*,*,#1183,.F.);
#6516=ORIENTED_EDGE('',*,*,#1185,.F.);
#6517=ORIENTED_EDGE('',*,*,#1187,.F.);
#6518=ORIENTED_EDGE('',*,*,#783,.F.);
#6519=CARTESIAN_POINT('',(1.4,0.0,0.0));
#6520=DIRECTION('',(-1.0,0.0,0.0));
#6521=DIRECTION('',(0.0,0.0,1.0));
#6522=ORIENTED_EDGE('',*,*,#1189,.F.);
#6523=ORIENTED_EDGE('',*,*,#1191,.F.);
#6524=ORIENTED_EDGE('',*,*,#1193,.F.);
#6525=ORIENTED_EDGE('',*,*,#737,.T.);
#6526=CARTESIAN_POINT('',(1.4,0.0,0.0));
#6527=DIRECTION('',(-1.0,0.0,0.0));
#6528=DIRECTION('',(0.0,0.0,1.0));
#6529=ORIENTED_EDGE('',*,*,#1187,.T.);
#6530=ORIENTED_EDGE('',*,*,#1195,.T.);
#6531=ORIENTED_EDGE('',*,*,#1197,.F.);
#6532=ORIENTED_EDGE('',*,*,#785,.F.);
#6533=CARTESIAN_POINT('',(1.4,0.39,-4.25));
#6534=DIRECTION('',(-0.0,1.0,0.0));
#6535=DIRECTION('',(1.0,0.0,0.0));
#6536=ORIENTED_EDGE('',*,*,#1197,.T.);
#6537=ORIENTED_EDGE('',*,*,#1199,.T.);
#6538=ORIENTED_EDGE('',*,*,#1201,.T.);
#6539=ORIENTED_EDGE('',*,*,#1203,.T.);
#6540=ORIENTED_EDGE('',*,*,#1205,.T.);
#6541=ORIENTED_EDGE('',*,*,#1207,.T.);
#6542=ORIENTED_EDGE('',*,*,#1209,.T.);
#6543=ORIENTED_EDGE('',*,*,#1211,.T.);
#6544=ORIENTED_EDGE('',*,*,#1213,.T.);
#6545=ORIENTED_EDGE('',*,*,#1165,.T.);
#6546=ORIENTED_EDGE('',*,*,#905,.F.);
#6547=ORIENTED_EDGE('',*,*,#787,.T.);
#6548=CARTESIAN_POINT('',(1.1,0.0,0.0));
#6549=DIRECTION('',(-1.0,0.0,0.0));
#6550=DIRECTION('',(0.0,0.0,1.0));
#6551=ORIENTED_EDGE('',*,*,#1215,.T.);
#6552=ORIENTED_EDGE('',*,*,#1217,.T.);
#6553=ORIENTED_EDGE('',*,*,#1219,.T.);
#6554=ORIENTED_EDGE('',*,*,#733,.F.);
#6555=CARTESIAN_POINT('',(1.1,0.0,0.0));
#6556=DIRECTION('',(-1.0,0.0,0.0));
#6557=DIRECTION('',(0.0,0.0,1.0));
#6558=ORIENTED_EDGE('',*,*,#1167,.T.);
#6559=ORIENTED_EDGE('',*,*,#1213,.F.);
#6560=ORIENTED_EDGE('',*,*,#1221,.F.);
#6561=ORIENTED_EDGE('',*,*,#1171,.T.);
#6562=CARTESIAN_POINT('',(1.4,-4.15,-4.41));
#6563=DIRECTION('',(0.0,-1.0,0.0));
#6564=DIRECTION('',(0.0,0.0,-1.0));
#6565=ORIENTED_EDGE('',*,*,#1221,.T.);
#6566=ORIENTED_EDGE('',*,*,#1211,.F.);
#6567=ORIENTED_EDGE('',*,*,#1223,.F.);
#6568=ORIENTED_EDGE('',*,*,#1173,.T.);
#6569=CARTESIAN_POINT('',(1.4,-1.785,-4.41));
#6570=DIRECTION('',(0.0,0.0,-1.0));
#6571=DIRECTION('',(0.0,-1.0,0.0));
#6572=ORIENTED_EDGE('',*,*,#1223,.T.);
#6573=ORIENTED_EDGE('',*,*,#1209,.F.);
#6574=ORIENTED_EDGE('',*,*,#1225,.F.);
#6575=ORIENTED_EDGE('',*,*,#1175,.T.);
#6576=CARTESIAN_POINT('',(1.4,-1.69,-4.505));
#6577=DIRECTION('',(0.0,-0.707106781186498,-0.707106781186598));
#6578=DIRECTION('',(0.0,-0.707106781186598,0.707106781186498));
#6579=ORIENTED_EDGE('',*,*,#1225,.T.);
#6580=ORIENTED_EDGE('',*,*,#1207,.F.);
#6581=ORIENTED_EDGE('',*,*,#1227,.F.);
#6582=ORIENTED_EDGE('',*,*,#1177,.T.);
#6583=CARTESIAN_POINT('',(1.4,-1.065,-4.505));
#6584=DIRECTION('',(0.0,0.0,-1.0));
#6585=DIRECTION('',(0.0,-1.0,0.0));
#6586=ORIENTED_EDGE('',*,*,#1227,.T.);
#6587=ORIENTED_EDGE('',*,*,#1205,.F.);
#6588=ORIENTED_EDGE('',*,*,#1229,.F.);
#6589=ORIENTED_EDGE('',*,*,#1179,.T.);
#6590=CARTESIAN_POINT('',(1.4,-0.97,-4.6));
#6591=DIRECTION('',(0.0,-0.707106781186498,-0.707106781186598));
#6592=DIRECTION('',(0.0,-0.707106781186598,0.707106781186498));
#6593=ORIENTED_EDGE('',*,*,#1229,.T.);
#6594=ORIENTED_EDGE('',*,*,#1203,.F.);
#6595=ORIENTED_EDGE('',*,*,#1231,.F.);
#6596=ORIENTED_EDGE('',*,*,#1181,.T.);
#6597=CARTESIAN_POINT('',(1.4,-0.47,-4.6));
#6598=DIRECTION('',(0.0,0.0,-1.0));
#6599=DIRECTION('',(0.0,-1.0,0.0));
#6600=ORIENTED_EDGE('',*,*,#1231,.T.);
#6601=ORIENTED_EDGE('',*,*,#1201,.F.);
#6602=ORIENTED_EDGE('',*,*,#1233,.F.);
#6603=ORIENTED_EDGE('',*,*,#1183,.T.);
#6604=CARTESIAN_POINT('',(1.4,-0.375,-4.505));
#6605=DIRECTION('',(0.0,0.707106781186598,-0.707106781186498));
#6606=DIRECTION('',(-1.0,0.0,0.0));
#6607=ORIENTED_EDGE('',*,*,#1233,.T.);
#6608=ORIENTED_EDGE('',*,*,#1199,.F.);
#6609=ORIENTED_EDGE('',*,*,#1195,.F.);
#6610=ORIENTED_EDGE('',*,*,#1185,.T.);
#6611=CARTESIAN_POINT('',(1.4,0.39,-4.505));
#6612=DIRECTION('',(0.0,0.0,-1.0));
#6613=DIRECTION('',(0.0,-1.0,0.0));
#6614=ORIENTED_EDGE('',*,*,#1219,.F.);
#6615=ORIENTED_EDGE('',*,*,#1235,.F.);
#6616=ORIENTED_EDGE('',*,*,#1189,.T.);
#6617=ORIENTED_EDGE('',*,*,#735,.T.);
#6618=CARTESIAN_POINT('',(1.4,-0.35,-0.65));
#6619=DIRECTION('',(-0.0,1.0,0.0));
#6620=DIRECTION('',(1.0,0.0,0.0));
#6621=ORIENTED_EDGE('',*,*,#1235,.T.);
#6622=ORIENTED_EDGE('',*,*,#1217,.F.);
#6623=ORIENTED_EDGE('',*,*,#1237,.F.);
#6624=ORIENTED_EDGE('',*,*,#1191,.T.);
#6625=CARTESIAN_POINT('',(1.4,-1.09,-0.65));
#6626=DIRECTION('',(0.0,0.0,1.0));
#6627=DIRECTION('',(1.0,0.0,0.0));
#6628=ORIENTED_EDGE('',*,*,#1193,.T.);
#6629=ORIENTED_EDGE('',*,*,#1237,.T.);
#6630=ORIENTED_EDGE('',*,*,#1215,.F.);
#6631=ORIENTED_EDGE('',*,*,#731,.F.);
#6632=CARTESIAN_POINT('',(1.4,-1.09,-2.9));
#6633=DIRECTION('',(0.0,-1.0,0.0));
#6634=DIRECTION('',(0.0,0.0,-1.0));
#6635=ORIENTED_EDGE('',*,*,#529,.T.);
#6636=ORIENTED_EDGE('',*,*,#1239,.T.);
#6637=ORIENTED_EDGE('',*,*,#569,.F.);
#6638=ORIENTED_EDGE('',*,*,#913,.F.);
#6639=ORIENTED_EDGE('',*,*,#985,.T.);
#6640=CARTESIAN_POINT('',(2.425,-1.85,-4.25));
#6641=DIRECTION('',(1.0,0.0,0.0));
#6642=DIRECTION('',(0.0,1.0,0.0));
#6643=ORIENTED_EDGE('',*,*,#1241,.T.);
#6644=ORIENTED_EDGE('',*,*,#559,.F.);
#6645=ORIENTED_EDGE('',*,*,#1239,.F.);
#6646=ORIENTED_EDGE('',*,*,#527,.T.);
#6647=CARTESIAN_POINT('',(2.425,-1.85,-1.4));
#6648=DIRECTION('',(0.0,0.0,1.0));
#6649=DIRECTION('',(1.0,0.0,0.0));
#6650=ORIENTED_EDGE('',*,*,#579,.F.);
#6651=ORIENTED_EDGE('',*,*,#561,.T.);
#6652=ORIENTED_EDGE('',*,*,#1241,.F.);
#6653=ORIENTED_EDGE('',*,*,#525,.F.);
#6654=ORIENTED_EDGE('',*,*,#481,.T.);
#6655=CARTESIAN_POINT('',(2.025,-1.85,-1.4));
#6656=DIRECTION('',(1.0,0.0,0.0));
#6657=DIRECTION('',(0.0,1.0,0.0));
#6658=ORIENTED_EDGE('',*,*,#869,.F.);
#6659=ORIENTED_EDGE('',*,*,#1243,.F.);
#6660=ORIENTED_EDGE('',*,*,#823,.T.);
#6661=ORIENTED_EDGE('',*,*,#981,.T.);
#6662=ORIENTED_EDGE('',*,*,#911,.T.);
#6663=CARTESIAN_POINT('',(2.65,-4.15,-4.05));
#6664=DIRECTION('',(0.0,0.0,1.0));
#6665=DIRECTION('',(1.0,0.0,0.0));
#6666=ORIENTED_EDGE('',*,*,#1243,.T.);
#6667=ORIENTED_EDGE('',*,*,#867,.F.);
#6668=ORIENTED_EDGE('',*,*,#1245,.F.);
#6669=ORIENTED_EDGE('',*,*,#825,.T.);
#6670=CARTESIAN_POINT('',(2.65,-4.15,-4.41));
#6671=DIRECTION('',(0.0,-1.0,0.0));
#6672=DIRECTION('',(0.0,0.0,-1.0));
#6673=ORIENTED_EDGE('',*,*,#1245,.T.);
#6674=ORIENTED_EDGE('',*,*,#865,.F.);
#6675=ORIENTED_EDGE('',*,*,#1247,.F.);
#6676=ORIENTED_EDGE('',*,*,#827,.T.);
#6677=CARTESIAN_POINT('',(2.65,-1.785,-4.41));
#6678=DIRECTION('',(0.0,0.0,-1.0));
#6679=DIRECTION('',(0.0,-1.0,0.0));
#6680=ORIENTED_EDGE('',*,*,#1247,.T.);
#6681=ORIENTED_EDGE('',*,*,#863,.F.);
#6682=ORIENTED_EDGE('',*,*,#1249,.F.);
#6683=ORIENTED_EDGE('',*,*,#829,.T.);
#6684=CARTESIAN_POINT('',(2.65,-1.69,-4.505));
#6685=DIRECTION('',(0.0,-0.707106781186498,-0.707106781186598));
#6686=DIRECTION('',(0.0,-0.707106781186598,0.707106781186498));
#6687=ORIENTED_EDGE('',*,*,#1249,.T.);
#6688=ORIENTED_EDGE('',*,*,#861,.F.);
#6689=ORIENTED_EDGE('',*,*,#1251,.F.);
#6690=ORIENTED_EDGE('',*,*,#831,.T.);
#6691=CARTESIAN_POINT('',(2.65,-1.065,-4.505));
#6692=DIRECTION('',(0.0,0.0,-1.0));
#6693=DIRECTION('',(0.0,-1.0,0.0));
#6694=ORIENTED_EDGE('',*,*,#1251,.T.);
#6695=ORIENTED_EDGE('',*,*,#859,.F.);
#6696=ORIENTED_EDGE('',*,*,#1253,.F.);
#6697=ORIENTED_EDGE('',*,*,#833,.T.);
#6698=CARTESIAN_POINT('',(2.65,-0.97,-4.6));
#6699=DIRECTION('',(0.0,-0.707106781186498,-0.707106781186598));
#6700=DIRECTION('',(0.0,-0.707106781186598,0.707106781186498));
#6701=ORIENTED_EDGE('',*,*,#1253,.T.);
#6702=ORIENTED_EDGE('',*,*,#857,.F.);
#6703=ORIENTED_EDGE('',*,*,#1255,.F.);
#6704=ORIENTED_EDGE('',*,*,#835,.T.);
#6705=CARTESIAN_POINT('',(2.65,-0.47,-4.6));
#6706=DIRECTION('',(0.0,0.0,-1.0));
#6707=DIRECTION('',(0.0,-1.0,0.0));
#6708=ORIENTED_EDGE('',*,*,#1255,.T.);
#6709=ORIENTED_EDGE('',*,*,#855,.F.);
#6710=ORIENTED_EDGE('',*,*,#1257,.F.);
#6711=ORIENTED_EDGE('',*,*,#837,.T.);
#6712=CARTESIAN_POINT('',(2.65,-0.375,-4.505));
#6713=DIRECTION('',(0.0,0.707106781186598,-0.707106781186498));
#6714=DIRECTION('',(-1.0,0.0,0.0));
#6715=ORIENTED_EDGE('',*,*,#1257,.T.);
#6716=ORIENTED_EDGE('',*,*,#853,.F.);
#6717=ORIENTED_EDGE('',*,*,#849,.F.);
#6718=ORIENTED_EDGE('',*,*,#839,.T.);
#6719=CARTESIAN_POINT('',(2.65,0.39,-4.505));
#6720=DIRECTION('',(0.0,0.0,-1.0));
#6721=DIRECTION('',(0.0,-1.0,0.0));
#6722=ORIENTED_EDGE('',*,*,#945,.F.);
#6723=ORIENTED_EDGE('',*,*,#1259,.F.);
#6724=ORIENTED_EDGE('',*,*,#771,.T.);
#6725=ORIENTED_EDGE('',*,*,#711,.T.);
#6726=CARTESIAN_POINT('',(-2.35,-0.35,-0.65));
#6727=DIRECTION('',(-0.0,1.0,0.0));
#6728=DIRECTION('',(1.0,0.0,0.0));
#6729=ORIENTED_EDGE('',*,*,#1259,.T.);
#6730=ORIENTED_EDGE('',*,*,#943,.F.);
#6731=ORIENTED_EDGE('',*,*,#1261,.F.);
#6732=ORIENTED_EDGE('',*,*,#773,.T.);
#6733=CARTESIAN_POINT('',(-2.35,-1.09,-0.65));
#6734=DIRECTION('',(0.0,0.0,1.0));
#6735=DIRECTION('',(1.0,0.0,0.0));
#6736=ORIENTED_EDGE('',*,*,#775,.T.);
#6737=ORIENTED_EDGE('',*,*,#1261,.T.);
#6738=ORIENTED_EDGE('',*,*,#941,.F.);
#6739=ORIENTED_EDGE('',*,*,#707,.F.);
#6740=CARTESIAN_POINT('',(-2.35,-1.09,-2.9));
#6741=DIRECTION('',(0.0,-1.0,0.0));
#6742=DIRECTION('',(0.0,0.0,-1.0));
#6743=ORIENTED_EDGE('',*,*,#877,.F.);
#6744=ORIENTED_EDGE('',*,*,#1263,.F.);
#6745=ORIENTED_EDGE('',*,*,#843,.T.);
#6746=ORIENTED_EDGE('',*,*,#743,.T.);
#6747=CARTESIAN_POINT('',(2.65,-0.35,-0.65));
#6748=DIRECTION('',(-0.0,1.0,0.0));
#6749=DIRECTION('',(1.0,0.0,0.0));
#6750=ORIENTED_EDGE('',*,*,#1263,.T.);
#6751=ORIENTED_EDGE('',*,*,#875,.F.);
#6752=ORIENTED_EDGE('',*,*,#1265,.F.);
#6753=ORIENTED_EDGE('',*,*,#845,.T.);
#6754=CARTESIAN_POINT('',(2.65,-1.09,-0.65));
#6755=DIRECTION('',(0.0,0.0,1.0));
#6756=DIRECTION('',(1.0,0.0,0.0));
#6757=ORIENTED_EDGE('',*,*,#847,.T.);
#6758=ORIENTED_EDGE('',*,*,#1265,.T.);
#6759=ORIENTED_EDGE('',*,*,#873,.F.);
#6760=ORIENTED_EDGE('',*,*,#739,.F.);
#6761=CARTESIAN_POINT('',(2.65,-1.09,-2.9));
#6762=DIRECTION('',(0.0,-1.0,0.0));
#6763=DIRECTION('',(0.0,0.0,-1.0));
#6764=ORIENTED_EDGE('',*,*,#539,.T.);
#6765=ORIENTED_EDGE('',*,*,#693,.F.);
#6766=ORIENTED_EDGE('',*,*,#585,.F.);
#6767=ORIENTED_EDGE('',*,*,#581,.F.);
#6768=CARTESIAN_POINT('',(-3.4,-0.982,0.0));
#6769=DIRECTION('',(-1.0,0.0,0.0));
#6770=DIRECTION('',(0.0,0.0,1.0));
#6771=ORIENTED_EDGE('',*,*,#601,.F.);
#6772=ORIENTED_EDGE('',*,*,#597,.T.);
#6773=ORIENTED_EDGE('',*,*,#691,.F.);
#6774=ORIENTED_EDGE('',*,*,#687,.F.);
#6775=ORIENTED_EDGE('',*,*,#637,.T.);
#6776=ORIENTED_EDGE('',*,*,#621,.T.);
#6777=ORIENTED_EDGE('',*,*,#605,.F.);
#6778=CARTESIAN_POINT('',(-3.4,0.95,0.0));
#6779=DIRECTION('',(-1.0,0.0,0.0));
#6780=DIRECTION('',(0.0,0.0,1.0));
#6781=COLOUR_RGB('',0.878400027751923,0.949000000953674,1.0);
ENDSEC;
END-ISO-10303-21;
