ISO-10303-21;
HEADER;
FILE_DESCRIPTION((''),'2;1');
FILE_NAME('20021111-00030XXLFC','2009-07-29T',('bnataraj'),
('FCI - ELX Division'),
'PRO/ENGINEER BY PARAMETRIC TECHNOLOGY CORPORATION, 2008010',
'PRO/ENGINEER BY PARAMETRIC TECHNOLOGY CORPORATION, 2008010','');
FILE_SCHEMA(('CONFIG_CONTROL_DESIGN'));
ENDSEC;
DATA;
#1=DIRECTION('',(1.E0,0.E0,0.E0));
#2=VECTOR('',#1,1.905E1);
#3=CARTESIAN_POINT('',(-6.35E-1,0.E0,1.2E0));
#4=LINE('4006',#3,#2);
#5=DIRECTION('',(0.E0,0.E0,1.E0));
#6=VECTOR('',#5,2.4E-1);
#7=CARTESIAN_POINT('',(-6.35E-1,0.E0,1.2E0));
#8=LINE('4012',#7,#6);
#9=DIRECTION('',(4.997224534896E-1,0.E0,8.661855860486E-1));
#10=VECTOR('',#9,3.001666203961E-1);
#11=CARTESIAN_POINT('',(-6.35E-1,0.E0,1.44E0));
#12=LINE('3974',#11,#10);
#13=DIRECTION('',(1.E0,0.E0,0.E0));
#14=VECTOR('',#13,9.7E-1);
#15=CARTESIAN_POINT('',(-4.85E-1,0.E0,1.7E0));
#16=LINE('3975',#15,#14);
#17=DIRECTION('',(4.997224534896E-1,0.E0,-8.661855860486E-1));
#18=VECTOR('',#17,3.001666203961E-1);
#19=CARTESIAN_POINT('',(4.85E-1,0.E0,1.7E0));
#20=LINE('3998',#19,#18);
#21=DIRECTION('',(4.997224534896E-1,0.E0,8.661855860486E-1));
#22=VECTOR('',#21,3.001666203961E-1);
#23=CARTESIAN_POINT('',(6.35E-1,0.E0,1.44E0));
#24=LINE('4003',#23,#22);
#25=DIRECTION('',(1.E0,0.E0,0.E0));
#26=VECTOR('',#25,9.7E-1);
#27=CARTESIAN_POINT('',(7.85E-1,0.E0,1.7E0));
#28=LINE('3988',#27,#26);
#29=DIRECTION('',(4.997224534896E-1,0.E0,-8.661855860486E-1));
#30=VECTOR('',#29,3.001666203961E-1);
#31=CARTESIAN_POINT('',(1.755E0,0.E0,1.7E0));
#32=LINE('4025',#31,#30);
#33=DIRECTION('',(4.997224534896E-1,0.E0,8.661855860486E-1));
#34=VECTOR('',#33,3.001666203961E-1);
#35=CARTESIAN_POINT('',(1.905E0,0.E0,1.44E0));
#36=LINE('4030',#35,#34);
#37=DIRECTION('',(1.E0,0.E0,0.E0));
#38=VECTOR('',#37,9.7E-1);
#39=CARTESIAN_POINT('',(2.055E0,0.E0,1.7E0));
#40=LINE('4015',#39,#38);
#41=DIRECTION('',(4.997224534896E-1,0.E0,-8.661855860486E-1));
#42=VECTOR('',#41,3.001666203961E-1);
#43=CARTESIAN_POINT('',(3.025E0,0.E0,1.7E0));
#44=LINE('4043',#43,#42);
#45=DIRECTION('',(4.997224534896E-1,0.E0,8.661855860486E-1));
#46=VECTOR('',#45,3.001666203961E-1);
#47=CARTESIAN_POINT('',(3.175E0,0.E0,1.44E0));
#48=LINE('4048',#47,#46);
#49=DIRECTION('',(1.E0,0.E0,0.E0));
#50=VECTOR('',#49,9.7E-1);
#51=CARTESIAN_POINT('',(3.325E0,0.E0,1.7E0));
#52=LINE('4033',#51,#50);
#53=DIRECTION('',(4.997224534896E-1,0.E0,-8.661855860486E-1));
#54=VECTOR('',#53,3.001666203961E-1);
#55=CARTESIAN_POINT('',(4.295E0,0.E0,1.7E0));
#56=LINE('4061',#55,#54);
#57=DIRECTION('',(4.997224534896E-1,0.E0,8.661855860486E-1));
#58=VECTOR('',#57,3.001666203961E-1);
#59=CARTESIAN_POINT('',(4.445E0,0.E0,1.44E0));
#60=LINE('4066',#59,#58);
#61=DIRECTION('',(1.E0,0.E0,0.E0));
#62=VECTOR('',#61,9.7E-1);
#63=CARTESIAN_POINT('',(4.595E0,0.E0,1.7E0));
#64=LINE('4051',#63,#62);
#65=DIRECTION('',(4.997224534896E-1,0.E0,-8.661855860486E-1));
#66=VECTOR('',#65,3.001666203961E-1);
#67=CARTESIAN_POINT('',(5.565E0,0.E0,1.7E0));
#68=LINE('4079',#67,#66);
#69=DIRECTION('',(4.997224534896E-1,0.E0,8.661855860486E-1));
#70=VECTOR('',#69,3.001666203961E-1);
#71=CARTESIAN_POINT('',(5.715E0,0.E0,1.44E0));
#72=LINE('4084',#71,#70);
#73=DIRECTION('',(1.E0,0.E0,0.E0));
#74=VECTOR('',#73,9.7E-1);
#75=CARTESIAN_POINT('',(5.865E0,0.E0,1.7E0));
#76=LINE('4069',#75,#74);
#77=DIRECTION('',(4.997224534896E-1,0.E0,-8.661855860486E-1));
#78=VECTOR('',#77,3.001666203961E-1);
#79=CARTESIAN_POINT('',(6.835E0,0.E0,1.7E0));
#80=LINE('4097',#79,#78);
#81=DIRECTION('',(4.997224534896E-1,0.E0,8.661855860486E-1));
#82=VECTOR('',#81,3.001666203961E-1);
#83=CARTESIAN_POINT('',(6.985E0,0.E0,1.44E0));
#84=LINE('4102',#83,#82);
#85=DIRECTION('',(1.E0,0.E0,0.E0));
#86=VECTOR('',#85,9.7E-1);
#87=CARTESIAN_POINT('',(7.135E0,0.E0,1.7E0));
#88=LINE('4087',#87,#86);
#89=DIRECTION('',(4.997224534896E-1,0.E0,-8.661855860486E-1));
#90=VECTOR('',#89,3.001666203961E-1);
#91=CARTESIAN_POINT('',(8.105E0,0.E0,1.7E0));
#92=LINE('4115',#91,#90);
#93=DIRECTION('',(4.997224534896E-1,0.E0,8.661855860486E-1));
#94=VECTOR('',#93,3.001666203961E-1);
#95=CARTESIAN_POINT('',(8.255E0,0.E0,1.44E0));
#96=LINE('4120',#95,#94);
#97=DIRECTION('',(1.E0,0.E0,0.E0));
#98=VECTOR('',#97,9.7E-1);
#99=CARTESIAN_POINT('',(8.405E0,0.E0,1.7E0));
#100=LINE('4105',#99,#98);
#101=DIRECTION('',(4.997224534896E-1,0.E0,-8.661855860486E-1));
#102=VECTOR('',#101,3.001666203961E-1);
#103=CARTESIAN_POINT('',(9.375E0,0.E0,1.7E0));
#104=LINE('4133',#103,#102);
#105=DIRECTION('',(4.997224534896E-1,0.E0,8.661855860486E-1));
#106=VECTOR('',#105,3.001666203961E-1);
#107=CARTESIAN_POINT('',(9.525E0,0.E0,1.44E0));
#108=LINE('4138',#107,#106);
#109=DIRECTION('',(1.E0,0.E0,0.E0));
#110=VECTOR('',#109,9.7E-1);
#111=CARTESIAN_POINT('',(9.675E0,0.E0,1.7E0));
#112=LINE('4123',#111,#110);
#113=DIRECTION('',(4.997224534896E-1,0.E0,-8.661855860486E-1));
#114=VECTOR('',#113,3.001666203961E-1);
#115=CARTESIAN_POINT('',(1.0645E1,0.E0,1.7E0));
#116=LINE('4151',#115,#114);
#117=DIRECTION('',(4.997224534896E-1,0.E0,8.661855860486E-1));
#118=VECTOR('',#117,3.001666203961E-1);
#119=CARTESIAN_POINT('',(1.0795E1,0.E0,1.44E0));
#120=LINE('4156',#119,#118);
#121=DIRECTION('',(1.E0,0.E0,0.E0));
#122=VECTOR('',#121,9.7E-1);
#123=CARTESIAN_POINT('',(1.0945E1,0.E0,1.7E0));
#124=LINE('4141',#123,#122);
#125=DIRECTION('',(4.997224534896E-1,0.E0,-8.661855860486E-1));
#126=VECTOR('',#125,3.001666203961E-1);
#127=CARTESIAN_POINT('',(1.1915E1,0.E0,1.7E0));
#128=LINE('4169',#127,#126);
#129=DIRECTION('',(4.997224534896E-1,0.E0,8.661855860486E-1));
#130=VECTOR('',#129,3.001666203961E-1);
#131=CARTESIAN_POINT('',(1.2065E1,0.E0,1.44E0));
#132=LINE('4174',#131,#130);
#133=DIRECTION('',(1.E0,0.E0,0.E0));
#134=VECTOR('',#133,9.7E-1);
#135=CARTESIAN_POINT('',(1.2215E1,0.E0,1.7E0));
#136=LINE('4159',#135,#134);
#137=DIRECTION('',(4.997224534896E-1,0.E0,-8.661855860486E-1));
#138=VECTOR('',#137,3.001666203961E-1);
#139=CARTESIAN_POINT('',(1.3185E1,0.E0,1.7E0));
#140=LINE('4187',#139,#138);
#141=DIRECTION('',(4.997224534896E-1,0.E0,8.661855860486E-1));
#142=VECTOR('',#141,3.001666203961E-1);
#143=CARTESIAN_POINT('',(1.3335E1,0.E0,1.44E0));
#144=LINE('4192',#143,#142);
#145=DIRECTION('',(1.E0,0.E0,0.E0));
#146=VECTOR('',#145,9.7E-1);
#147=CARTESIAN_POINT('',(1.3485E1,0.E0,1.7E0));
#148=LINE('4177',#147,#146);
#149=DIRECTION('',(4.997224534896E-1,0.E0,-8.661855860486E-1));
#150=VECTOR('',#149,3.001666203961E-1);
#151=CARTESIAN_POINT('',(1.4455E1,0.E0,1.7E0));
#152=LINE('4205',#151,#150);
#153=DIRECTION('',(4.997224534896E-1,0.E0,8.661855860486E-1));
#154=VECTOR('',#153,3.001666203961E-1);
#155=CARTESIAN_POINT('',(1.4605E1,0.E0,1.44E0));
#156=LINE('4210',#155,#154);
#157=DIRECTION('',(1.E0,0.E0,0.E0));
#158=VECTOR('',#157,9.7E-1);
#159=CARTESIAN_POINT('',(1.4755E1,0.E0,1.7E0));
#160=LINE('4195',#159,#158);
#161=DIRECTION('',(4.997224534896E-1,0.E0,-8.661855860486E-1));
#162=VECTOR('',#161,3.001666203961E-1);
#163=CARTESIAN_POINT('',(1.5725E1,0.E0,1.7E0));
#164=LINE('4223',#163,#162);
#165=DIRECTION('',(4.997224534896E-1,0.E0,8.661855860486E-1));
#166=VECTOR('',#165,3.001666203961E-1);
#167=CARTESIAN_POINT('',(1.5875E1,0.E0,1.44E0));
#168=LINE('4228',#167,#166);
#169=DIRECTION('',(1.E0,0.E0,0.E0));
#170=VECTOR('',#169,9.7E-1);
#171=CARTESIAN_POINT('',(1.6025E1,0.E0,1.7E0));
#172=LINE('4213',#171,#170);
#173=DIRECTION('',(4.997224534896E-1,0.E0,-8.661855860486E-1));
#174=VECTOR('',#173,3.001666203961E-1);
#175=CARTESIAN_POINT('',(1.6995E1,0.E0,1.7E0));
#176=LINE('4248',#175,#174);
#177=DIRECTION('',(4.997224534896E-1,0.E0,8.661855860486E-1));
#178=VECTOR('',#177,3.001666203961E-1);
#179=CARTESIAN_POINT('',(1.7145E1,0.E0,1.44E0));
#180=LINE('4253',#179,#178);
#181=DIRECTION('',(1.E0,0.E0,0.E0));
#182=VECTOR('',#181,9.7E-1);
#183=CARTESIAN_POINT('',(1.7295E1,0.E0,1.7E0));
#184=LINE('4231',#183,#182);
#185=DIRECTION('',(4.997224534896E-1,0.E0,-8.661855860486E-1));
#186=VECTOR('',#185,3.001666203961E-1);
#187=CARTESIAN_POINT('',(1.8265E1,0.E0,1.7E0));
#188=LINE('4232',#187,#186);
#189=DIRECTION('',(1.480297366167E-14,0.E0,-1.E0));
#190=VECTOR('',#189,2.4E-1);
#191=CARTESIAN_POINT('',(1.8415E1,0.E0,1.44E0));
#192=LINE('4259',#191,#190);
#193=DIRECTION('',(0.E0,1.E0,0.E0));
#194=VECTOR('',#193,1.E-1);
#195=CARTESIAN_POINT('',(1.8415E1,0.E0,1.2E0));
#196=LINE('4256',#195,#194);
#197=DIRECTION('',(0.E0,1.E0,0.E0));
#198=VECTOR('',#197,2.5E0);
#199=CARTESIAN_POINT('',(1.8415E1,0.E0,1.44E0));
#200=LINE('4243',#199,#198);
#201=DIRECTION('',(0.E0,1.E0,0.E0));
#202=VECTOR('',#201,1.E-1);
#203=CARTESIAN_POINT('',(1.8415E1,0.E0,-1.2E0));
#204=LINE('4258',#203,#202);
#205=DIRECTION('',(0.E0,0.E0,-1.E0));
#206=VECTOR('',#205,2.4E0);
#207=CARTESIAN_POINT('',(1.8415E1,1.E-1,1.2E0));
#208=LINE('4257',#207,#206);
#209=DIRECTION('',(0.E0,1.E0,0.E0));
#210=VECTOR('',#209,2.5E0);
#211=CARTESIAN_POINT('',(1.8265E1,0.E0,1.7E0));
#212=LINE('4242',#211,#210);
#213=DIRECTION('',(0.E0,1.E0,0.E0));
#214=VECTOR('',#213,2.5E0);
#215=CARTESIAN_POINT('',(1.7295E1,0.E0,1.7E0));
#216=LINE('4241',#215,#214);
#217=DIRECTION('',(0.E0,1.E0,0.E0));
#218=VECTOR('',#217,2.5E0);
#219=CARTESIAN_POINT('',(1.7145E1,0.E0,1.44E0));
#220=LINE('4246',#219,#218);
#221=DIRECTION('',(0.E0,1.E0,0.E0));
#222=VECTOR('',#221,2.5E0);
#223=CARTESIAN_POINT('',(1.6995E1,0.E0,1.7E0));
#224=LINE('4219',#223,#222);
#225=DIRECTION('',(0.E0,1.E0,0.E0));
#226=VECTOR('',#225,2.5E0);
#227=CARTESIAN_POINT('',(1.6025E1,0.E0,1.7E0));
#228=LINE('4218',#227,#226);
#229=DIRECTION('',(0.E0,1.E0,0.E0));
#230=VECTOR('',#229,2.5E0);
#231=CARTESIAN_POINT('',(1.5875E1,0.E0,1.44E0));
#232=LINE('4221',#231,#230);
#233=DIRECTION('',(0.E0,1.E0,0.E0));
#234=VECTOR('',#233,2.5E0);
#235=CARTESIAN_POINT('',(1.5725E1,0.E0,1.7E0));
#236=LINE('4201',#235,#234);
#237=DIRECTION('',(0.E0,1.E0,0.E0));
#238=VECTOR('',#237,2.5E0);
#239=CARTESIAN_POINT('',(1.4755E1,0.E0,1.7E0));
#240=LINE('4200',#239,#238);
#241=DIRECTION('',(0.E0,1.E0,0.E0));
#242=VECTOR('',#241,2.5E0);
#243=CARTESIAN_POINT('',(1.4605E1,0.E0,1.44E0));
#244=LINE('4203',#243,#242);
#245=DIRECTION('',(0.E0,1.E0,0.E0));
#246=VECTOR('',#245,2.5E0);
#247=CARTESIAN_POINT('',(1.4455E1,0.E0,1.7E0));
#248=LINE('4183',#247,#246);
#249=DIRECTION('',(0.E0,1.E0,0.E0));
#250=VECTOR('',#249,2.5E0);
#251=CARTESIAN_POINT('',(1.3485E1,0.E0,1.7E0));
#252=LINE('4182',#251,#250);
#253=DIRECTION('',(0.E0,1.E0,0.E0));
#254=VECTOR('',#253,2.5E0);
#255=CARTESIAN_POINT('',(1.3335E1,0.E0,1.44E0));
#256=LINE('4185',#255,#254);
#257=DIRECTION('',(0.E0,1.E0,0.E0));
#258=VECTOR('',#257,2.5E0);
#259=CARTESIAN_POINT('',(1.3185E1,0.E0,1.7E0));
#260=LINE('4165',#259,#258);
#261=DIRECTION('',(0.E0,1.E0,0.E0));
#262=VECTOR('',#261,2.5E0);
#263=CARTESIAN_POINT('',(1.2215E1,0.E0,1.7E0));
#264=LINE('4164',#263,#262);
#265=DIRECTION('',(0.E0,1.E0,0.E0));
#266=VECTOR('',#265,2.5E0);
#267=CARTESIAN_POINT('',(1.2065E1,0.E0,1.44E0));
#268=LINE('4167',#267,#266);
#269=DIRECTION('',(0.E0,1.E0,0.E0));
#270=VECTOR('',#269,2.5E0);
#271=CARTESIAN_POINT('',(1.1915E1,0.E0,1.7E0));
#272=LINE('4147',#271,#270);
#273=DIRECTION('',(0.E0,1.E0,0.E0));
#274=VECTOR('',#273,2.5E0);
#275=CARTESIAN_POINT('',(1.0945E1,0.E0,1.7E0));
#276=LINE('4146',#275,#274);
#277=DIRECTION('',(0.E0,1.E0,0.E0));
#278=VECTOR('',#277,2.5E0);
#279=CARTESIAN_POINT('',(1.0795E1,0.E0,1.44E0));
#280=LINE('4149',#279,#278);
#281=DIRECTION('',(0.E0,1.E0,0.E0));
#282=VECTOR('',#281,2.5E0);
#283=CARTESIAN_POINT('',(1.0645E1,0.E0,1.7E0));
#284=LINE('4129',#283,#282);
#285=DIRECTION('',(0.E0,1.E0,0.E0));
#286=VECTOR('',#285,2.5E0);
#287=CARTESIAN_POINT('',(9.675E0,0.E0,1.7E0));
#288=LINE('4128',#287,#286);
#289=DIRECTION('',(0.E0,1.E0,0.E0));
#290=VECTOR('',#289,2.5E0);
#291=CARTESIAN_POINT('',(9.525E0,0.E0,1.44E0));
#292=LINE('4131',#291,#290);
#293=DIRECTION('',(0.E0,1.E0,0.E0));
#294=VECTOR('',#293,2.5E0);
#295=CARTESIAN_POINT('',(9.375E0,0.E0,1.7E0));
#296=LINE('4111',#295,#294);
#297=DIRECTION('',(0.E0,1.E0,0.E0));
#298=VECTOR('',#297,2.5E0);
#299=CARTESIAN_POINT('',(8.405E0,0.E0,1.7E0));
#300=LINE('4110',#299,#298);
#301=DIRECTION('',(0.E0,1.E0,0.E0));
#302=VECTOR('',#301,2.5E0);
#303=CARTESIAN_POINT('',(8.255E0,0.E0,1.44E0));
#304=LINE('4113',#303,#302);
#305=DIRECTION('',(0.E0,1.E0,0.E0));
#306=VECTOR('',#305,2.5E0);
#307=CARTESIAN_POINT('',(8.105E0,0.E0,1.7E0));
#308=LINE('4093',#307,#306);
#309=DIRECTION('',(0.E0,1.E0,0.E0));
#310=VECTOR('',#309,2.5E0);
#311=CARTESIAN_POINT('',(7.135E0,0.E0,1.7E0));
#312=LINE('4092',#311,#310);
#313=DIRECTION('',(0.E0,1.E0,0.E0));
#314=VECTOR('',#313,2.5E0);
#315=CARTESIAN_POINT('',(6.985E0,0.E0,1.44E0));
#316=LINE('4095',#315,#314);
#317=DIRECTION('',(0.E0,1.E0,0.E0));
#318=VECTOR('',#317,2.5E0);
#319=CARTESIAN_POINT('',(6.835E0,0.E0,1.7E0));
#320=LINE('4075',#319,#318);
#321=DIRECTION('',(0.E0,1.E0,0.E0));
#322=VECTOR('',#321,2.5E0);
#323=CARTESIAN_POINT('',(5.865E0,0.E0,1.7E0));
#324=LINE('4074',#323,#322);
#325=DIRECTION('',(0.E0,1.E0,0.E0));
#326=VECTOR('',#325,2.5E0);
#327=CARTESIAN_POINT('',(5.715E0,0.E0,1.44E0));
#328=LINE('4077',#327,#326);
#329=DIRECTION('',(0.E0,1.E0,0.E0));
#330=VECTOR('',#329,2.5E0);
#331=CARTESIAN_POINT('',(5.565E0,0.E0,1.7E0));
#332=LINE('4057',#331,#330);
#333=DIRECTION('',(0.E0,1.E0,0.E0));
#334=VECTOR('',#333,2.5E0);
#335=CARTESIAN_POINT('',(4.595E0,0.E0,1.7E0));
#336=LINE('4056',#335,#334);
#337=DIRECTION('',(0.E0,1.E0,0.E0));
#338=VECTOR('',#337,2.5E0);
#339=CARTESIAN_POINT('',(4.445E0,0.E0,1.44E0));
#340=LINE('4059',#339,#338);
#341=DIRECTION('',(0.E0,1.E0,0.E0));
#342=VECTOR('',#341,2.5E0);
#343=CARTESIAN_POINT('',(4.295E0,0.E0,1.7E0));
#344=LINE('4039',#343,#342);
#345=DIRECTION('',(0.E0,1.E0,0.E0));
#346=VECTOR('',#345,2.5E0);
#347=CARTESIAN_POINT('',(3.325E0,0.E0,1.7E0));
#348=LINE('4038',#347,#346);
#349=DIRECTION('',(0.E0,1.E0,0.E0));
#350=VECTOR('',#349,2.5E0);
#351=CARTESIAN_POINT('',(3.175E0,0.E0,1.44E0));
#352=LINE('4041',#351,#350);
#353=DIRECTION('',(0.E0,1.E0,0.E0));
#354=VECTOR('',#353,2.5E0);
#355=CARTESIAN_POINT('',(3.025E0,0.E0,1.7E0));
#356=LINE('4021',#355,#354);
#357=DIRECTION('',(0.E0,1.E0,0.E0));
#358=VECTOR('',#357,2.5E0);
#359=CARTESIAN_POINT('',(2.055E0,0.E0,1.7E0));
#360=LINE('4020',#359,#358);
#361=DIRECTION('',(0.E0,1.E0,0.E0));
#362=VECTOR('',#361,2.5E0);
#363=CARTESIAN_POINT('',(1.905E0,0.E0,1.44E0));
#364=LINE('4023',#363,#362);
#365=DIRECTION('',(0.E0,1.E0,0.E0));
#366=VECTOR('',#365,2.5E0);
#367=CARTESIAN_POINT('',(1.755E0,0.E0,1.7E0));
#368=LINE('3994',#367,#366);
#369=DIRECTION('',(0.E0,1.E0,0.E0));
#370=VECTOR('',#369,2.5E0);
#371=CARTESIAN_POINT('',(7.85E-1,0.E0,1.7E0));
#372=LINE('3993',#371,#370);
#373=DIRECTION('',(0.E0,1.E0,0.E0));
#374=VECTOR('',#373,2.5E0);
#375=CARTESIAN_POINT('',(6.35E-1,0.E0,1.44E0));
#376=LINE('3996',#375,#374);
#377=DIRECTION('',(0.E0,1.E0,0.E0));
#378=VECTOR('',#377,2.5E0);
#379=CARTESIAN_POINT('',(4.85E-1,0.E0,1.7E0));
#380=LINE('3986',#379,#378);
#381=DIRECTION('',(0.E0,1.E0,0.E0));
#382=VECTOR('',#381,2.5E0);
#383=CARTESIAN_POINT('',(-4.85E-1,0.E0,1.7E0));
#384=LINE('3985',#383,#382);
#385=DIRECTION('',(0.E0,1.E0,0.E0));
#386=VECTOR('',#385,2.5E0);
#387=CARTESIAN_POINT('',(-6.35E-1,0.E0,1.44E0));
#388=LINE('3984',#387,#386);
#389=DIRECTION('',(0.E0,1.E0,0.E0));
#390=VECTOR('',#389,1.E-1);
#391=CARTESIAN_POINT('',(-6.35E-1,0.E0,1.2E0));
#392=LINE('4008',#391,#390);
#393=DIRECTION('',(0.E0,0.E0,-1.E0));
#394=VECTOR('',#393,2.4E0);
#395=CARTESIAN_POINT('',(-6.35E-1,1.E-1,1.2E0));
#396=LINE('4009',#395,#394);
#397=DIRECTION('',(0.E0,1.E0,0.E0));
#398=VECTOR('',#397,1.E-1);
#399=CARTESIAN_POINT('',(-6.35E-1,0.E0,-1.2E0));
#400=LINE('4010',#399,#398);
#401=DIRECTION('',(0.E0,1.E0,0.E0));
#402=VECTOR('',#401,2.5E0);
#403=CARTESIAN_POINT('',(-6.35E-1,0.E0,-1.44E0));
#404=LINE('3983',#403,#402);
#405=DIRECTION('',(1.E0,0.E0,0.E0));
#406=VECTOR('',#405,1.905E1);
#407=CARTESIAN_POINT('',(-6.35E-1,1.E-1,1.2E0));
#408=LINE('4013',#407,#406);
#409=DIRECTION('',(0.E0,0.E0,1.E0));
#410=VECTOR('',#409,4.E-1);
#411=CARTESIAN_POINT('',(-2.E-1,1.E-1,-8.35E-1));
#412=LINE('4285',#411,#410);
#413=DIRECTION('',(-1.E0,0.E0,0.E0));
#414=VECTOR('',#413,4.E-1);
#415=CARTESIAN_POINT('',(2.E-1,1.E-1,-8.35E-1));
#416=LINE('4288',#415,#414);
#417=DIRECTION('',(0.E0,0.E0,-1.E0));
#418=VECTOR('',#417,4.E-1);
#419=CARTESIAN_POINT('',(2.E-1,1.E-1,-4.35E-1));
#420=LINE('4287',#419,#418);
#421=DIRECTION('',(1.E0,0.E0,0.E0));
#422=VECTOR('',#421,4.E-1);
#423=CARTESIAN_POINT('',(-2.E-1,1.E-1,-4.35E-1));
#424=LINE('4286',#423,#422);
#425=DIRECTION('',(1.E0,0.E0,0.E0));
#426=VECTOR('',#425,4.E-1);
#427=CARTESIAN_POINT('',(-2.E-1,1.E-1,8.35E-1));
#428=LINE('4289',#427,#426);
#429=DIRECTION('',(0.E0,0.E0,1.E0));
#430=VECTOR('',#429,4.E-1);
#431=CARTESIAN_POINT('',(-2.E-1,1.E-1,4.35E-1));
#432=LINE('4292',#431,#430);
#433=DIRECTION('',(-1.E0,0.E0,0.E0));
#434=VECTOR('',#433,4.E-1);
#435=CARTESIAN_POINT('',(2.E-1,1.E-1,4.35E-1));
#436=LINE('4291',#435,#434);
#437=DIRECTION('',(0.E0,0.E0,-1.E0));
#438=VECTOR('',#437,4.E-1);
#439=CARTESIAN_POINT('',(2.E-1,1.E-1,8.35E-1));
#440=LINE('4290',#439,#438);
#441=DIRECTION('',(0.E0,0.E0,1.E0));
#442=VECTOR('',#441,4.E-1);
#443=CARTESIAN_POINT('',(1.07E0,1.E-1,-8.35E-1));
#444=LINE('4333',#443,#442);
#445=DIRECTION('',(-1.E0,0.E0,0.E0));
#446=VECTOR('',#445,4.E-1);
#447=CARTESIAN_POINT('',(1.47E0,1.E-1,-8.35E-1));
#448=LINE('4336',#447,#446);
#449=DIRECTION('',(0.E0,0.E0,-1.E0));
#450=VECTOR('',#449,4.E-1);
#451=CARTESIAN_POINT('',(1.47E0,1.E-1,-4.35E-1));
#452=LINE('4335',#451,#450);
#453=DIRECTION('',(1.E0,0.E0,0.E0));
#454=VECTOR('',#453,4.E-1);
#455=CARTESIAN_POINT('',(1.07E0,1.E-1,-4.35E-1));
#456=LINE('4334',#455,#454);
#457=DIRECTION('',(1.E0,0.E0,0.E0));
#458=VECTOR('',#457,4.E-1);
#459=CARTESIAN_POINT('',(1.07E0,1.E-1,8.35E-1));
#460=LINE('4337',#459,#458);
#461=DIRECTION('',(0.E0,0.E0,1.E0));
#462=VECTOR('',#461,4.E-1);
#463=CARTESIAN_POINT('',(1.07E0,1.E-1,4.35E-1));
#464=LINE('4340',#463,#462);
#465=DIRECTION('',(-1.E0,0.E0,0.E0));
#466=VECTOR('',#465,4.E-1);
#467=CARTESIAN_POINT('',(1.47E0,1.E-1,4.35E-1));
#468=LINE('4339',#467,#466);
#469=DIRECTION('',(0.E0,0.E0,-1.E0));
#470=VECTOR('',#469,4.E-1);
#471=CARTESIAN_POINT('',(1.47E0,1.E-1,8.35E-1));
#472=LINE('4338',#471,#470);
#473=DIRECTION('',(0.E0,0.E0,1.E0));
#474=VECTOR('',#473,4.E-1);
#475=CARTESIAN_POINT('',(2.34E0,1.E-1,-8.35E-1));
#476=LINE('4381',#475,#474);
#477=DIRECTION('',(-1.E0,0.E0,0.E0));
#478=VECTOR('',#477,4.E-1);
#479=CARTESIAN_POINT('',(2.74E0,1.E-1,-8.35E-1));
#480=LINE('4384',#479,#478);
#481=DIRECTION('',(0.E0,0.E0,-1.E0));
#482=VECTOR('',#481,4.E-1);
#483=CARTESIAN_POINT('',(2.74E0,1.E-1,-4.35E-1));
#484=LINE('4383',#483,#482);
#485=DIRECTION('',(1.E0,0.E0,0.E0));
#486=VECTOR('',#485,4.E-1);
#487=CARTESIAN_POINT('',(2.34E0,1.E-1,-4.35E-1));
#488=LINE('4382',#487,#486);
#489=DIRECTION('',(1.E0,0.E0,0.E0));
#490=VECTOR('',#489,4.E-1);
#491=CARTESIAN_POINT('',(2.34E0,1.E-1,8.35E-1));
#492=LINE('4385',#491,#490);
#493=DIRECTION('',(0.E0,0.E0,1.E0));
#494=VECTOR('',#493,4.E-1);
#495=CARTESIAN_POINT('',(2.34E0,1.E-1,4.35E-1));
#496=LINE('4388',#495,#494);
#497=DIRECTION('',(-1.E0,0.E0,0.E0));
#498=VECTOR('',#497,4.E-1);
#499=CARTESIAN_POINT('',(2.74E0,1.E-1,4.35E-1));
#500=LINE('4387',#499,#498);
#501=DIRECTION('',(0.E0,0.E0,-1.E0));
#502=VECTOR('',#501,4.E-1);
#503=CARTESIAN_POINT('',(2.74E0,1.E-1,8.35E-1));
#504=LINE('4386',#503,#502);
#505=DIRECTION('',(0.E0,0.E0,1.E0));
#506=VECTOR('',#505,4.E-1);
#507=CARTESIAN_POINT('',(3.61E0,1.E-1,-8.35E-1));
#508=LINE('4429',#507,#506);
#509=DIRECTION('',(-1.E0,0.E0,0.E0));
#510=VECTOR('',#509,4.E-1);
#511=CARTESIAN_POINT('',(4.01E0,1.E-1,-8.35E-1));
#512=LINE('4432',#511,#510);
#513=DIRECTION('',(0.E0,0.E0,-1.E0));
#514=VECTOR('',#513,4.E-1);
#515=CARTESIAN_POINT('',(4.01E0,1.E-1,-4.35E-1));
#516=LINE('4431',#515,#514);
#517=DIRECTION('',(1.E0,0.E0,0.E0));
#518=VECTOR('',#517,4.E-1);
#519=CARTESIAN_POINT('',(3.61E0,1.E-1,-4.35E-1));
#520=LINE('4430',#519,#518);
#521=DIRECTION('',(1.E0,0.E0,0.E0));
#522=VECTOR('',#521,4.E-1);
#523=CARTESIAN_POINT('',(3.61E0,1.E-1,8.35E-1));
#524=LINE('4433',#523,#522);
#525=DIRECTION('',(0.E0,0.E0,1.E0));
#526=VECTOR('',#525,4.E-1);
#527=CARTESIAN_POINT('',(3.61E0,1.E-1,4.35E-1));
#528=LINE('4436',#527,#526);
#529=DIRECTION('',(-1.E0,0.E0,0.E0));
#530=VECTOR('',#529,4.E-1);
#531=CARTESIAN_POINT('',(4.01E0,1.E-1,4.35E-1));
#532=LINE('4435',#531,#530);
#533=DIRECTION('',(0.E0,0.E0,-1.E0));
#534=VECTOR('',#533,4.E-1);
#535=CARTESIAN_POINT('',(4.01E0,1.E-1,8.35E-1));
#536=LINE('4434',#535,#534);
#537=DIRECTION('',(0.E0,0.E0,1.E0));
#538=VECTOR('',#537,4.E-1);
#539=CARTESIAN_POINT('',(4.88E0,1.E-1,-8.35E-1));
#540=LINE('4477',#539,#538);
#541=DIRECTION('',(-1.E0,0.E0,0.E0));
#542=VECTOR('',#541,4.E-1);
#543=CARTESIAN_POINT('',(5.28E0,1.E-1,-8.35E-1));
#544=LINE('4480',#543,#542);
#545=DIRECTION('',(0.E0,0.E0,-1.E0));
#546=VECTOR('',#545,4.E-1);
#547=CARTESIAN_POINT('',(5.28E0,1.E-1,-4.35E-1));
#548=LINE('4479',#547,#546);
#549=DIRECTION('',(1.E0,0.E0,0.E0));
#550=VECTOR('',#549,4.E-1);
#551=CARTESIAN_POINT('',(4.88E0,1.E-1,-4.35E-1));
#552=LINE('4478',#551,#550);
#553=DIRECTION('',(1.E0,0.E0,0.E0));
#554=VECTOR('',#553,4.E-1);
#555=CARTESIAN_POINT('',(4.88E0,1.E-1,8.35E-1));
#556=LINE('4481',#555,#554);
#557=DIRECTION('',(0.E0,0.E0,1.E0));
#558=VECTOR('',#557,4.E-1);
#559=CARTESIAN_POINT('',(4.88E0,1.E-1,4.35E-1));
#560=LINE('4484',#559,#558);
#561=DIRECTION('',(-1.E0,0.E0,0.E0));
#562=VECTOR('',#561,4.E-1);
#563=CARTESIAN_POINT('',(5.28E0,1.E-1,4.35E-1));
#564=LINE('4483',#563,#562);
#565=DIRECTION('',(0.E0,0.E0,-1.E0));
#566=VECTOR('',#565,4.E-1);
#567=CARTESIAN_POINT('',(5.28E0,1.E-1,8.35E-1));
#568=LINE('4482',#567,#566);
#569=DIRECTION('',(0.E0,0.E0,1.E0));
#570=VECTOR('',#569,4.E-1);
#571=CARTESIAN_POINT('',(6.15E0,1.E-1,-8.35E-1));
#572=LINE('4525',#571,#570);
#573=DIRECTION('',(-1.E0,0.E0,0.E0));
#574=VECTOR('',#573,4.E-1);
#575=CARTESIAN_POINT('',(6.55E0,1.E-1,-8.35E-1));
#576=LINE('4528',#575,#574);
#577=DIRECTION('',(0.E0,0.E0,-1.E0));
#578=VECTOR('',#577,4.E-1);
#579=CARTESIAN_POINT('',(6.55E0,1.E-1,-4.35E-1));
#580=LINE('4527',#579,#578);
#581=DIRECTION('',(1.E0,0.E0,0.E0));
#582=VECTOR('',#581,4.E-1);
#583=CARTESIAN_POINT('',(6.15E0,1.E-1,-4.35E-1));
#584=LINE('4526',#583,#582);
#585=DIRECTION('',(1.E0,0.E0,0.E0));
#586=VECTOR('',#585,4.E-1);
#587=CARTESIAN_POINT('',(6.15E0,1.E-1,8.35E-1));
#588=LINE('4529',#587,#586);
#589=DIRECTION('',(0.E0,0.E0,1.E0));
#590=VECTOR('',#589,4.E-1);
#591=CARTESIAN_POINT('',(6.15E0,1.E-1,4.35E-1));
#592=LINE('4532',#591,#590);
#593=DIRECTION('',(-1.E0,0.E0,0.E0));
#594=VECTOR('',#593,4.E-1);
#595=CARTESIAN_POINT('',(6.55E0,1.E-1,4.35E-1));
#596=LINE('4531',#595,#594);
#597=DIRECTION('',(0.E0,0.E0,-1.E0));
#598=VECTOR('',#597,4.E-1);
#599=CARTESIAN_POINT('',(6.55E0,1.E-1,8.35E-1));
#600=LINE('4530',#599,#598);
#601=DIRECTION('',(0.E0,0.E0,1.E0));
#602=VECTOR('',#601,4.E-1);
#603=CARTESIAN_POINT('',(7.42E0,1.E-1,-8.35E-1));
#604=LINE('4573',#603,#602);
#605=DIRECTION('',(-1.E0,0.E0,0.E0));
#606=VECTOR('',#605,4.E-1);
#607=CARTESIAN_POINT('',(7.82E0,1.E-1,-8.35E-1));
#608=LINE('4576',#607,#606);
#609=DIRECTION('',(0.E0,0.E0,-1.E0));
#610=VECTOR('',#609,4.E-1);
#611=CARTESIAN_POINT('',(7.82E0,1.E-1,-4.35E-1));
#612=LINE('4575',#611,#610);
#613=DIRECTION('',(1.E0,0.E0,0.E0));
#614=VECTOR('',#613,4.E-1);
#615=CARTESIAN_POINT('',(7.42E0,1.E-1,-4.35E-1));
#616=LINE('4574',#615,#614);
#617=DIRECTION('',(1.E0,0.E0,0.E0));
#618=VECTOR('',#617,4.E-1);
#619=CARTESIAN_POINT('',(7.42E0,1.E-1,8.35E-1));
#620=LINE('4577',#619,#618);
#621=DIRECTION('',(0.E0,0.E0,1.E0));
#622=VECTOR('',#621,4.E-1);
#623=CARTESIAN_POINT('',(7.42E0,1.E-1,4.35E-1));
#624=LINE('4580',#623,#622);
#625=DIRECTION('',(-1.E0,0.E0,0.E0));
#626=VECTOR('',#625,4.E-1);
#627=CARTESIAN_POINT('',(7.82E0,1.E-1,4.35E-1));
#628=LINE('4579',#627,#626);
#629=DIRECTION('',(0.E0,0.E0,-1.E0));
#630=VECTOR('',#629,4.E-1);
#631=CARTESIAN_POINT('',(7.82E0,1.E-1,8.35E-1));
#632=LINE('4578',#631,#630);
#633=DIRECTION('',(0.E0,0.E0,1.E0));
#634=VECTOR('',#633,4.E-1);
#635=CARTESIAN_POINT('',(8.69E0,1.E-1,-8.35E-1));
#636=LINE('4621',#635,#634);
#637=DIRECTION('',(-1.E0,0.E0,0.E0));
#638=VECTOR('',#637,4.E-1);
#639=CARTESIAN_POINT('',(9.09E0,1.E-1,-8.35E-1));
#640=LINE('4624',#639,#638);
#641=DIRECTION('',(0.E0,0.E0,-1.E0));
#642=VECTOR('',#641,4.E-1);
#643=CARTESIAN_POINT('',(9.09E0,1.E-1,-4.35E-1));
#644=LINE('4623',#643,#642);
#645=DIRECTION('',(1.E0,0.E0,0.E0));
#646=VECTOR('',#645,4.E-1);
#647=CARTESIAN_POINT('',(8.69E0,1.E-1,-4.35E-1));
#648=LINE('4622',#647,#646);
#649=DIRECTION('',(1.E0,0.E0,0.E0));
#650=VECTOR('',#649,4.E-1);
#651=CARTESIAN_POINT('',(8.69E0,1.E-1,8.35E-1));
#652=LINE('4625',#651,#650);
#653=DIRECTION('',(0.E0,0.E0,1.E0));
#654=VECTOR('',#653,4.E-1);
#655=CARTESIAN_POINT('',(8.69E0,1.E-1,4.35E-1));
#656=LINE('4628',#655,#654);
#657=DIRECTION('',(-1.E0,0.E0,0.E0));
#658=VECTOR('',#657,4.E-1);
#659=CARTESIAN_POINT('',(9.09E0,1.E-1,4.35E-1));
#660=LINE('4627',#659,#658);
#661=DIRECTION('',(0.E0,0.E0,-1.E0));
#662=VECTOR('',#661,4.E-1);
#663=CARTESIAN_POINT('',(9.09E0,1.E-1,8.35E-1));
#664=LINE('4626',#663,#662);
#665=DIRECTION('',(0.E0,0.E0,1.E0));
#666=VECTOR('',#665,4.E-1);
#667=CARTESIAN_POINT('',(9.96E0,1.E-1,-8.35E-1));
#668=LINE('4669',#667,#666);
#669=DIRECTION('',(-1.E0,0.E0,0.E0));
#670=VECTOR('',#669,4.E-1);
#671=CARTESIAN_POINT('',(1.036E1,1.E-1,-8.35E-1));
#672=LINE('4672',#671,#670);
#673=DIRECTION('',(0.E0,0.E0,-1.E0));
#674=VECTOR('',#673,4.E-1);
#675=CARTESIAN_POINT('',(1.036E1,1.E-1,-4.35E-1));
#676=LINE('4671',#675,#674);
#677=DIRECTION('',(1.E0,0.E0,0.E0));
#678=VECTOR('',#677,4.E-1);
#679=CARTESIAN_POINT('',(9.96E0,1.E-1,-4.35E-1));
#680=LINE('4670',#679,#678);
#681=DIRECTION('',(1.E0,0.E0,0.E0));
#682=VECTOR('',#681,4.E-1);
#683=CARTESIAN_POINT('',(9.96E0,1.E-1,8.35E-1));
#684=LINE('4673',#683,#682);
#685=DIRECTION('',(0.E0,0.E0,1.E0));
#686=VECTOR('',#685,4.E-1);
#687=CARTESIAN_POINT('',(9.96E0,1.E-1,4.35E-1));
#688=LINE('4676',#687,#686);
#689=DIRECTION('',(-1.E0,0.E0,0.E0));
#690=VECTOR('',#689,4.E-1);
#691=CARTESIAN_POINT('',(1.036E1,1.E-1,4.35E-1));
#692=LINE('4675',#691,#690);
#693=DIRECTION('',(0.E0,0.E0,-1.E0));
#694=VECTOR('',#693,4.E-1);
#695=CARTESIAN_POINT('',(1.036E1,1.E-1,8.35E-1));
#696=LINE('4674',#695,#694);
#697=DIRECTION('',(0.E0,0.E0,1.E0));
#698=VECTOR('',#697,4.E-1);
#699=CARTESIAN_POINT('',(1.123E1,1.E-1,-8.35E-1));
#700=LINE('4717',#699,#698);
#701=DIRECTION('',(-1.E0,0.E0,0.E0));
#702=VECTOR('',#701,4.E-1);
#703=CARTESIAN_POINT('',(1.163E1,1.E-1,-8.35E-1));
#704=LINE('4720',#703,#702);
#705=DIRECTION('',(0.E0,0.E0,-1.E0));
#706=VECTOR('',#705,4.E-1);
#707=CARTESIAN_POINT('',(1.163E1,1.E-1,-4.35E-1));
#708=LINE('4719',#707,#706);
#709=DIRECTION('',(1.E0,0.E0,0.E0));
#710=VECTOR('',#709,4.E-1);
#711=CARTESIAN_POINT('',(1.123E1,1.E-1,-4.35E-1));
#712=LINE('4718',#711,#710);
#713=DIRECTION('',(1.E0,0.E0,0.E0));
#714=VECTOR('',#713,4.E-1);
#715=CARTESIAN_POINT('',(1.123E1,1.E-1,8.35E-1));
#716=LINE('4721',#715,#714);
#717=DIRECTION('',(0.E0,0.E0,1.E0));
#718=VECTOR('',#717,4.E-1);
#719=CARTESIAN_POINT('',(1.123E1,1.E-1,4.35E-1));
#720=LINE('4724',#719,#718);
#721=DIRECTION('',(-1.E0,0.E0,0.E0));
#722=VECTOR('',#721,4.E-1);
#723=CARTESIAN_POINT('',(1.163E1,1.E-1,4.35E-1));
#724=LINE('4723',#723,#722);
#725=DIRECTION('',(0.E0,0.E0,-1.E0));
#726=VECTOR('',#725,4.E-1);
#727=CARTESIAN_POINT('',(1.163E1,1.E-1,8.35E-1));
#728=LINE('4722',#727,#726);
#729=DIRECTION('',(0.E0,0.E0,1.E0));
#730=VECTOR('',#729,4.E-1);
#731=CARTESIAN_POINT('',(1.25E1,1.E-1,-8.35E-1));
#732=LINE('4765',#731,#730);
#733=DIRECTION('',(-1.E0,0.E0,0.E0));
#734=VECTOR('',#733,4.E-1);
#735=CARTESIAN_POINT('',(1.29E1,1.E-1,-8.35E-1));
#736=LINE('4768',#735,#734);
#737=DIRECTION('',(0.E0,0.E0,-1.E0));
#738=VECTOR('',#737,4.E-1);
#739=CARTESIAN_POINT('',(1.29E1,1.E-1,-4.35E-1));
#740=LINE('4767',#739,#738);
#741=DIRECTION('',(1.E0,0.E0,0.E0));
#742=VECTOR('',#741,4.E-1);
#743=CARTESIAN_POINT('',(1.25E1,1.E-1,-4.35E-1));
#744=LINE('4766',#743,#742);
#745=DIRECTION('',(1.E0,0.E0,0.E0));
#746=VECTOR('',#745,4.E-1);
#747=CARTESIAN_POINT('',(1.25E1,1.E-1,8.35E-1));
#748=LINE('4769',#747,#746);
#749=DIRECTION('',(0.E0,0.E0,1.E0));
#750=VECTOR('',#749,4.E-1);
#751=CARTESIAN_POINT('',(1.25E1,1.E-1,4.35E-1));
#752=LINE('4772',#751,#750);
#753=DIRECTION('',(-1.E0,0.E0,0.E0));
#754=VECTOR('',#753,4.E-1);
#755=CARTESIAN_POINT('',(1.29E1,1.E-1,4.35E-1));
#756=LINE('4771',#755,#754);
#757=DIRECTION('',(0.E0,0.E0,-1.E0));
#758=VECTOR('',#757,4.E-1);
#759=CARTESIAN_POINT('',(1.29E1,1.E-1,8.35E-1));
#760=LINE('4770',#759,#758);
#761=DIRECTION('',(0.E0,0.E0,1.E0));
#762=VECTOR('',#761,4.E-1);
#763=CARTESIAN_POINT('',(1.377E1,1.E-1,-8.35E-1));
#764=LINE('4813',#763,#762);
#765=DIRECTION('',(-1.E0,0.E0,0.E0));
#766=VECTOR('',#765,4.E-1);
#767=CARTESIAN_POINT('',(1.417E1,1.E-1,-8.35E-1));
#768=LINE('4816',#767,#766);
#769=DIRECTION('',(0.E0,0.E0,-1.E0));
#770=VECTOR('',#769,4.E-1);
#771=CARTESIAN_POINT('',(1.417E1,1.E-1,-4.35E-1));
#772=LINE('4815',#771,#770);
#773=DIRECTION('',(1.E0,0.E0,0.E0));
#774=VECTOR('',#773,4.E-1);
#775=CARTESIAN_POINT('',(1.377E1,1.E-1,-4.35E-1));
#776=LINE('4814',#775,#774);
#777=DIRECTION('',(1.E0,0.E0,0.E0));
#778=VECTOR('',#777,4.E-1);
#779=CARTESIAN_POINT('',(1.377E1,1.E-1,8.35E-1));
#780=LINE('4817',#779,#778);
#781=DIRECTION('',(0.E0,0.E0,1.E0));
#782=VECTOR('',#781,4.E-1);
#783=CARTESIAN_POINT('',(1.377E1,1.E-1,4.35E-1));
#784=LINE('4820',#783,#782);
#785=DIRECTION('',(-1.E0,0.E0,0.E0));
#786=VECTOR('',#785,4.E-1);
#787=CARTESIAN_POINT('',(1.417E1,1.E-1,4.35E-1));
#788=LINE('4819',#787,#786);
#789=DIRECTION('',(0.E0,0.E0,-1.E0));
#790=VECTOR('',#789,4.E-1);
#791=CARTESIAN_POINT('',(1.417E1,1.E-1,8.35E-1));
#792=LINE('4818',#791,#790);
#793=DIRECTION('',(0.E0,0.E0,1.E0));
#794=VECTOR('',#793,4.E-1);
#795=CARTESIAN_POINT('',(1.504E1,1.E-1,-8.35E-1));
#796=LINE('4861',#795,#794);
#797=DIRECTION('',(-1.E0,0.E0,0.E0));
#798=VECTOR('',#797,4.E-1);
#799=CARTESIAN_POINT('',(1.544E1,1.E-1,-8.35E-1));
#800=LINE('4864',#799,#798);
#801=DIRECTION('',(0.E0,0.E0,-1.E0));
#802=VECTOR('',#801,4.E-1);
#803=CARTESIAN_POINT('',(1.544E1,1.E-1,-4.35E-1));
#804=LINE('4863',#803,#802);
#805=DIRECTION('',(1.E0,0.E0,0.E0));
#806=VECTOR('',#805,4.E-1);
#807=CARTESIAN_POINT('',(1.504E1,1.E-1,-4.35E-1));
#808=LINE('4862',#807,#806);
#809=DIRECTION('',(1.E0,0.E0,0.E0));
#810=VECTOR('',#809,4.E-1);
#811=CARTESIAN_POINT('',(1.504E1,1.E-1,8.35E-1));
#812=LINE('4865',#811,#810);
#813=DIRECTION('',(0.E0,0.E0,1.E0));
#814=VECTOR('',#813,4.E-1);
#815=CARTESIAN_POINT('',(1.504E1,1.E-1,4.35E-1));
#816=LINE('4868',#815,#814);
#817=DIRECTION('',(-1.E0,0.E0,0.E0));
#818=VECTOR('',#817,4.E-1);
#819=CARTESIAN_POINT('',(1.544E1,1.E-1,4.35E-1));
#820=LINE('4867',#819,#818);
#821=DIRECTION('',(0.E0,0.E0,-1.E0));
#822=VECTOR('',#821,4.E-1);
#823=CARTESIAN_POINT('',(1.544E1,1.E-1,8.35E-1));
#824=LINE('4866',#823,#822);
#825=DIRECTION('',(0.E0,0.E0,1.E0));
#826=VECTOR('',#825,4.E-1);
#827=CARTESIAN_POINT('',(1.631E1,1.E-1,-8.35E-1));
#828=LINE('4909',#827,#826);
#829=DIRECTION('',(-1.E0,0.E0,0.E0));
#830=VECTOR('',#829,4.E-1);
#831=CARTESIAN_POINT('',(1.671E1,1.E-1,-8.35E-1));
#832=LINE('4912',#831,#830);
#833=DIRECTION('',(0.E0,0.E0,-1.E0));
#834=VECTOR('',#833,4.E-1);
#835=CARTESIAN_POINT('',(1.671E1,1.E-1,-4.35E-1));
#836=LINE('4911',#835,#834);
#837=DIRECTION('',(1.E0,0.E0,0.E0));
#838=VECTOR('',#837,4.E-1);
#839=CARTESIAN_POINT('',(1.631E1,1.E-1,-4.35E-1));
#840=LINE('4910',#839,#838);
#841=DIRECTION('',(1.E0,0.E0,0.E0));
#842=VECTOR('',#841,4.E-1);
#843=CARTESIAN_POINT('',(1.631E1,1.E-1,8.35E-1));
#844=LINE('4913',#843,#842);
#845=DIRECTION('',(0.E0,0.E0,1.E0));
#846=VECTOR('',#845,4.E-1);
#847=CARTESIAN_POINT('',(1.631E1,1.E-1,4.35E-1));
#848=LINE('4916',#847,#846);
#849=DIRECTION('',(-1.E0,0.E0,0.E0));
#850=VECTOR('',#849,4.E-1);
#851=CARTESIAN_POINT('',(1.671E1,1.E-1,4.35E-1));
#852=LINE('4915',#851,#850);
#853=DIRECTION('',(0.E0,0.E0,-1.E0));
#854=VECTOR('',#853,4.E-1);
#855=CARTESIAN_POINT('',(1.671E1,1.E-1,8.35E-1));
#856=LINE('4914',#855,#854);
#857=DIRECTION('',(0.E0,0.E0,1.E0));
#858=VECTOR('',#857,4.E-1);
#859=CARTESIAN_POINT('',(1.758E1,1.E-1,-8.35E-1));
#860=LINE('4957',#859,#858);
#861=DIRECTION('',(-1.E0,0.E0,0.E0));
#862=VECTOR('',#861,4.E-1);
#863=CARTESIAN_POINT('',(1.798E1,1.E-1,-8.35E-1));
#864=LINE('4960',#863,#862);
#865=DIRECTION('',(0.E0,0.E0,-1.E0));
#866=VECTOR('',#865,4.E-1);
#867=CARTESIAN_POINT('',(1.798E1,1.E-1,-4.35E-1));
#868=LINE('4959',#867,#866);
#869=DIRECTION('',(1.E0,0.E0,0.E0));
#870=VECTOR('',#869,4.E-1);
#871=CARTESIAN_POINT('',(1.758E1,1.E-1,-4.35E-1));
#872=LINE('4958',#871,#870);
#873=DIRECTION('',(1.E0,0.E0,0.E0));
#874=VECTOR('',#873,4.E-1);
#875=CARTESIAN_POINT('',(1.758E1,1.E-1,8.35E-1));
#876=LINE('4961',#875,#874);
#877=DIRECTION('',(0.E0,0.E0,1.E0));
#878=VECTOR('',#877,4.E-1);
#879=CARTESIAN_POINT('',(1.758E1,1.E-1,4.35E-1));
#880=LINE('4964',#879,#878);
#881=DIRECTION('',(-1.E0,0.E0,0.E0));
#882=VECTOR('',#881,4.E-1);
#883=CARTESIAN_POINT('',(1.798E1,1.E-1,4.35E-1));
#884=LINE('4963',#883,#882);
#885=DIRECTION('',(0.E0,0.E0,-1.E0));
#886=VECTOR('',#885,4.E-1);
#887=CARTESIAN_POINT('',(1.798E1,1.E-1,8.35E-1));
#888=LINE('4962',#887,#886);
#889=DIRECTION('',(1.E0,0.E0,0.E0));
#890=VECTOR('',#889,1.905E1);
#891=CARTESIAN_POINT('',(-6.35E-1,1.E-1,-1.2E0));
#892=LINE('4014',#891,#890);
#893=DIRECTION('',(1.E0,0.E0,0.E0));
#894=VECTOR('',#893,1.905E1);
#895=CARTESIAN_POINT('',(-6.35E-1,0.E0,-1.2E0));
#896=LINE('4007',#895,#894);
#897=DIRECTION('',(0.E0,0.E0,-1.E0));
#898=VECTOR('',#897,2.4E-1);
#899=CARTESIAN_POINT('',(1.8415E1,0.E0,-1.2E0));
#900=LINE('4260',#899,#898);
#901=DIRECTION('',(-4.997224534896E-1,0.E0,-8.661855860486E-1));
#902=VECTOR('',#901,3.001666203961E-1);
#903=CARTESIAN_POINT('',(1.8415E1,0.E0,-1.44E0));
#904=LINE('4233',#903,#902);
#905=DIRECTION('',(-1.E0,0.E0,0.E0));
#906=VECTOR('',#905,9.7E-1);
#907=CARTESIAN_POINT('',(1.8265E1,0.E0,-1.7E0));
#908=LINE('4234',#907,#906);
#909=DIRECTION('',(-4.997224534896E-1,0.E0,8.661855860486E-1));
#910=VECTOR('',#909,3.001666203961E-1);
#911=CARTESIAN_POINT('',(1.7295E1,0.E0,-1.7E0));
#912=LINE('4252',#911,#910);
#913=DIRECTION('',(-4.997224534896E-1,0.E0,-8.661855860486E-1));
#914=VECTOR('',#913,3.001666203961E-1);
#915=CARTESIAN_POINT('',(1.7145E1,0.E0,-1.44E0));
#916=LINE('4249',#915,#914);
#917=DIRECTION('',(-1.E0,0.E0,0.E0));
#918=VECTOR('',#917,9.7E-1);
#919=CARTESIAN_POINT('',(1.6995E1,0.E0,-1.7E0));
#920=LINE('4214',#919,#918);
#921=DIRECTION('',(-4.997224534896E-1,0.E0,8.661855860486E-1));
#922=VECTOR('',#921,3.001666203961E-1);
#923=CARTESIAN_POINT('',(1.6025E1,0.E0,-1.7E0));
#924=LINE('4227',#923,#922);
#925=DIRECTION('',(-4.997224534896E-1,0.E0,-8.661855860486E-1));
#926=VECTOR('',#925,3.001666203961E-1);
#927=CARTESIAN_POINT('',(1.5875E1,0.E0,-1.44E0));
#928=LINE('4224',#927,#926);
#929=DIRECTION('',(-1.E0,0.E0,0.E0));
#930=VECTOR('',#929,9.7E-1);
#931=CARTESIAN_POINT('',(1.5725E1,0.E0,-1.7E0));
#932=LINE('4196',#931,#930);
#933=DIRECTION('',(-4.997224534896E-1,0.E0,8.661855860486E-1));
#934=VECTOR('',#933,3.001666203961E-1);
#935=CARTESIAN_POINT('',(1.4755E1,0.E0,-1.7E0));
#936=LINE('4209',#935,#934);
#937=DIRECTION('',(-4.997224534896E-1,0.E0,-8.661855860486E-1));
#938=VECTOR('',#937,3.001666203961E-1);
#939=CARTESIAN_POINT('',(1.4605E1,0.E0,-1.44E0));
#940=LINE('4206',#939,#938);
#941=DIRECTION('',(-1.E0,0.E0,0.E0));
#942=VECTOR('',#941,9.7E-1);
#943=CARTESIAN_POINT('',(1.4455E1,0.E0,-1.7E0));
#944=LINE('4178',#943,#942);
#945=DIRECTION('',(-4.997224534896E-1,0.E0,8.661855860486E-1));
#946=VECTOR('',#945,3.001666203961E-1);
#947=CARTESIAN_POINT('',(1.3485E1,0.E0,-1.7E0));
#948=LINE('4191',#947,#946);
#949=DIRECTION('',(-4.997224534896E-1,0.E0,-8.661855860486E-1));
#950=VECTOR('',#949,3.001666203961E-1);
#951=CARTESIAN_POINT('',(1.3335E1,0.E0,-1.44E0));
#952=LINE('4188',#951,#950);
#953=DIRECTION('',(-1.E0,0.E0,0.E0));
#954=VECTOR('',#953,9.7E-1);
#955=CARTESIAN_POINT('',(1.3185E1,0.E0,-1.7E0));
#956=LINE('4160',#955,#954);
#957=DIRECTION('',(-4.997224534896E-1,0.E0,8.661855860486E-1));
#958=VECTOR('',#957,3.001666203961E-1);
#959=CARTESIAN_POINT('',(1.2215E1,0.E0,-1.7E0));
#960=LINE('4173',#959,#958);
#961=DIRECTION('',(-4.997224534896E-1,0.E0,-8.661855860486E-1));
#962=VECTOR('',#961,3.001666203961E-1);
#963=CARTESIAN_POINT('',(1.2065E1,0.E0,-1.44E0));
#964=LINE('4170',#963,#962);
#965=DIRECTION('',(-1.E0,0.E0,0.E0));
#966=VECTOR('',#965,9.7E-1);
#967=CARTESIAN_POINT('',(1.1915E1,0.E0,-1.7E0));
#968=LINE('4142',#967,#966);
#969=DIRECTION('',(-4.997224534896E-1,0.E0,8.661855860486E-1));
#970=VECTOR('',#969,3.001666203961E-1);
#971=CARTESIAN_POINT('',(1.0945E1,0.E0,-1.7E0));
#972=LINE('4155',#971,#970);
#973=DIRECTION('',(-4.997224534896E-1,0.E0,-8.661855860486E-1));
#974=VECTOR('',#973,3.001666203961E-1);
#975=CARTESIAN_POINT('',(1.0795E1,0.E0,-1.44E0));
#976=LINE('4152',#975,#974);
#977=DIRECTION('',(-1.E0,0.E0,0.E0));
#978=VECTOR('',#977,9.7E-1);
#979=CARTESIAN_POINT('',(1.0645E1,0.E0,-1.7E0));
#980=LINE('4124',#979,#978);
#981=DIRECTION('',(-4.997224534896E-1,0.E0,8.661855860486E-1));
#982=VECTOR('',#981,3.001666203961E-1);
#983=CARTESIAN_POINT('',(9.675E0,0.E0,-1.7E0));
#984=LINE('4137',#983,#982);
#985=DIRECTION('',(-4.997224534896E-1,0.E0,-8.661855860486E-1));
#986=VECTOR('',#985,3.001666203961E-1);
#987=CARTESIAN_POINT('',(9.525E0,0.E0,-1.44E0));
#988=LINE('4134',#987,#986);
#989=DIRECTION('',(-1.E0,0.E0,0.E0));
#990=VECTOR('',#989,9.7E-1);
#991=CARTESIAN_POINT('',(9.375E0,0.E0,-1.7E0));
#992=LINE('4106',#991,#990);
#993=DIRECTION('',(-4.997224534896E-1,0.E0,8.661855860486E-1));
#994=VECTOR('',#993,3.001666203961E-1);
#995=CARTESIAN_POINT('',(8.405E0,0.E0,-1.7E0));
#996=LINE('4119',#995,#994);
#997=DIRECTION('',(-4.997224534896E-1,0.E0,-8.661855860486E-1));
#998=VECTOR('',#997,3.001666203961E-1);
#999=CARTESIAN_POINT('',(8.255E0,0.E0,-1.44E0));
#1000=LINE('4116',#999,#998);
#1001=DIRECTION('',(-1.E0,0.E0,0.E0));
#1002=VECTOR('',#1001,9.7E-1);
#1003=CARTESIAN_POINT('',(8.105E0,0.E0,-1.7E0));
#1004=LINE('4088',#1003,#1002);
#1005=DIRECTION('',(-4.997224534896E-1,0.E0,8.661855860486E-1));
#1006=VECTOR('',#1005,3.001666203961E-1);
#1007=CARTESIAN_POINT('',(7.135E0,0.E0,-1.7E0));
#1008=LINE('4101',#1007,#1006);
#1009=DIRECTION('',(-4.997224534896E-1,0.E0,-8.661855860486E-1));
#1010=VECTOR('',#1009,3.001666203961E-1);
#1011=CARTESIAN_POINT('',(6.985E0,0.E0,-1.44E0));
#1012=LINE('4098',#1011,#1010);
#1013=DIRECTION('',(-1.E0,0.E0,0.E0));
#1014=VECTOR('',#1013,9.7E-1);
#1015=CARTESIAN_POINT('',(6.835E0,0.E0,-1.7E0));
#1016=LINE('4070',#1015,#1014);
#1017=DIRECTION('',(-4.997224534896E-1,0.E0,8.661855860486E-1));
#1018=VECTOR('',#1017,3.001666203961E-1);
#1019=CARTESIAN_POINT('',(5.865E0,0.E0,-1.7E0));
#1020=LINE('4083',#1019,#1018);
#1021=DIRECTION('',(-4.997224534896E-1,0.E0,-8.661855860486E-1));
#1022=VECTOR('',#1021,3.001666203961E-1);
#1023=CARTESIAN_POINT('',(5.715E0,0.E0,-1.44E0));
#1024=LINE('4080',#1023,#1022);
#1025=DIRECTION('',(-1.E0,0.E0,0.E0));
#1026=VECTOR('',#1025,9.7E-1);
#1027=CARTESIAN_POINT('',(5.565E0,0.E0,-1.7E0));
#1028=LINE('4052',#1027,#1026);
#1029=DIRECTION('',(-4.997224534896E-1,0.E0,8.661855860486E-1));
#1030=VECTOR('',#1029,3.001666203961E-1);
#1031=CARTESIAN_POINT('',(4.595E0,0.E0,-1.7E0));
#1032=LINE('4065',#1031,#1030);
#1033=DIRECTION('',(-4.997224534896E-1,0.E0,-8.661855860486E-1));
#1034=VECTOR('',#1033,3.001666203961E-1);
#1035=CARTESIAN_POINT('',(4.445E0,0.E0,-1.44E0));
#1036=LINE('4062',#1035,#1034);
#1037=DIRECTION('',(-1.E0,0.E0,0.E0));
#1038=VECTOR('',#1037,9.7E-1);
#1039=CARTESIAN_POINT('',(4.295E0,0.E0,-1.7E0));
#1040=LINE('4034',#1039,#1038);
#1041=DIRECTION('',(-4.997224534896E-1,0.E0,8.661855860486E-1));
#1042=VECTOR('',#1041,3.001666203961E-1);
#1043=CARTESIAN_POINT('',(3.325E0,0.E0,-1.7E0));
#1044=LINE('4047',#1043,#1042);
#1045=DIRECTION('',(-4.997224534896E-1,0.E0,-8.661855860486E-1));
#1046=VECTOR('',#1045,3.001666203961E-1);
#1047=CARTESIAN_POINT('',(3.175E0,0.E0,-1.44E0));
#1048=LINE('4044',#1047,#1046);
#1049=DIRECTION('',(-1.E0,0.E0,0.E0));
#1050=VECTOR('',#1049,9.7E-1);
#1051=CARTESIAN_POINT('',(3.025E0,0.E0,-1.7E0));
#1052=LINE('4016',#1051,#1050);
#1053=DIRECTION('',(-4.997224534896E-1,0.E0,8.661855860486E-1));
#1054=VECTOR('',#1053,3.001666203961E-1);
#1055=CARTESIAN_POINT('',(2.055E0,0.E0,-1.7E0));
#1056=LINE('4029',#1055,#1054);
#1057=DIRECTION('',(-4.997224534896E-1,0.E0,-8.661855860486E-1));
#1058=VECTOR('',#1057,3.001666203961E-1);
#1059=CARTESIAN_POINT('',(1.905E0,0.E0,-1.44E0));
#1060=LINE('4026',#1059,#1058);
#1061=DIRECTION('',(-1.E0,0.E0,0.E0));
#1062=VECTOR('',#1061,9.7E-1);
#1063=CARTESIAN_POINT('',(1.755E0,0.E0,-1.7E0));
#1064=LINE('3989',#1063,#1062);
#1065=DIRECTION('',(-4.997224534896E-1,0.E0,8.661855860486E-1));
#1066=VECTOR('',#1065,3.001666203961E-1);
#1067=CARTESIAN_POINT('',(7.85E-1,0.E0,-1.7E0));
#1068=LINE('4002',#1067,#1066);
#1069=DIRECTION('',(-4.997224534896E-1,0.E0,-8.661855860486E-1));
#1070=VECTOR('',#1069,3.001666203961E-1);
#1071=CARTESIAN_POINT('',(6.35E-1,0.E0,-1.44E0));
#1072=LINE('3999',#1071,#1070);
#1073=DIRECTION('',(-1.E0,0.E0,0.E0));
#1074=VECTOR('',#1073,9.7E-1);
#1075=CARTESIAN_POINT('',(4.85E-1,0.E0,-1.7E0));
#1076=LINE('3976',#1075,#1074);
#1077=DIRECTION('',(-4.997224534896E-1,0.E0,8.661855860486E-1));
#1078=VECTOR('',#1077,3.001666203961E-1);
#1079=CARTESIAN_POINT('',(-4.85E-1,0.E0,-1.7E0));
#1080=LINE('3973',#1079,#1078);
#1081=DIRECTION('',(0.E0,0.E0,1.E0));
#1082=VECTOR('',#1081,2.4E-1);
#1083=CARTESIAN_POINT('',(-6.35E-1,0.E0,-1.44E0));
#1084=LINE('4011',#1083,#1082);
#1085=DIRECTION('',(0.E0,1.E0,0.E0));
#1086=VECTOR('',#1085,2.5E0);
#1087=CARTESIAN_POINT('',(1.8415E1,0.E0,-1.44E0));
#1088=LINE('4244',#1087,#1086);
#1089=DIRECTION('',(-4.997224534896E-1,0.E0,-8.661855860486E-1));
#1090=VECTOR('',#1089,3.001666203961E-1);
#1091=CARTESIAN_POINT('',(1.7145E1,2.5E0,-1.44E0));
#1092=LINE('4251',#1091,#1090);
#1093=DIRECTION('',(-4.997224534896E-1,0.E0,8.661855860486E-1));
#1094=VECTOR('',#1093,3.001666203961E-1);
#1095=CARTESIAN_POINT('',(1.7295E1,2.5E0,-1.7E0));
#1096=LINE('4254',#1095,#1094);
#1097=DIRECTION('',(-1.E0,0.E0,0.E0));
#1098=VECTOR('',#1097,9.7E-1);
#1099=CARTESIAN_POINT('',(1.8265E1,2.5E0,-1.7E0));
#1100=LINE('4239',#1099,#1098);
#1101=DIRECTION('',(-4.997224534896E-1,0.E0,-8.661855860486E-1));
#1102=VECTOR('',#1101,3.001666203961E-1);
#1103=CARTESIAN_POINT('',(1.8415E1,2.5E0,-1.44E0));
#1104=LINE('4238',#1103,#1102);
#1105=DIRECTION('',(0.E0,0.E0,-1.E0));
#1106=VECTOR('',#1105,2.88E0);
#1107=CARTESIAN_POINT('',(1.8415E1,2.5E0,1.44E0));
#1108=LINE('4237',#1107,#1106);
#1109=DIRECTION('',(4.997224534896E-1,0.E0,-8.661855860486E-1));
#1110=VECTOR('',#1109,3.001666203961E-1);
#1111=CARTESIAN_POINT('',(1.8265E1,2.5E0,1.7E0));
#1112=LINE('4236',#1111,#1110);
#1113=DIRECTION('',(1.E0,0.E0,0.E0));
#1114=VECTOR('',#1113,9.7E-1);
#1115=CARTESIAN_POINT('',(1.7295E1,2.5E0,1.7E0));
#1116=LINE('4235',#1115,#1114);
#1117=DIRECTION('',(4.997224534896E-1,0.E0,8.661855860486E-1));
#1118=VECTOR('',#1117,3.001666203961E-1);
#1119=CARTESIAN_POINT('',(1.7145E1,2.5E0,1.44E0));
#1120=LINE('4255',#1119,#1118);
#1121=DIRECTION('',(4.997224534896E-1,0.E0,-8.661855860486E-1));
#1122=VECTOR('',#1121,3.001666203961E-1);
#1123=CARTESIAN_POINT('',(1.6995E1,2.5E0,1.7E0));
#1124=LINE('4250',#1123,#1122);
#1125=DIRECTION('',(1.E0,0.E0,0.E0));
#1126=VECTOR('',#1125,9.7E-1);
#1127=CARTESIAN_POINT('',(1.6025E1,2.5E0,1.7E0));
#1128=LINE('4215',#1127,#1126);
#1129=DIRECTION('',(4.997224534896E-1,0.E0,8.661855860486E-1));
#1130=VECTOR('',#1129,3.001666203961E-1);
#1131=CARTESIAN_POINT('',(1.5875E1,2.5E0,1.44E0));
#1132=LINE('4230',#1131,#1130);
#1133=DIRECTION('',(4.997224534896E-1,0.E0,-8.661855860486E-1));
#1134=VECTOR('',#1133,3.001666203961E-1);
#1135=CARTESIAN_POINT('',(1.5725E1,2.5E0,1.7E0));
#1136=LINE('4225',#1135,#1134);
#1137=DIRECTION('',(1.E0,0.E0,0.E0));
#1138=VECTOR('',#1137,9.7E-1);
#1139=CARTESIAN_POINT('',(1.4755E1,2.5E0,1.7E0));
#1140=LINE('4197',#1139,#1138);
#1141=DIRECTION('',(4.997224534896E-1,0.E0,8.661855860486E-1));
#1142=VECTOR('',#1141,3.001666203961E-1);
#1143=CARTESIAN_POINT('',(1.4605E1,2.5E0,1.44E0));
#1144=LINE('4212',#1143,#1142);
#1145=DIRECTION('',(4.997224534896E-1,0.E0,-8.661855860486E-1));
#1146=VECTOR('',#1145,3.001666203961E-1);
#1147=CARTESIAN_POINT('',(1.4455E1,2.5E0,1.7E0));
#1148=LINE('4207',#1147,#1146);
#1149=DIRECTION('',(1.E0,0.E0,0.E0));
#1150=VECTOR('',#1149,9.7E-1);
#1151=CARTESIAN_POINT('',(1.3485E1,2.5E0,1.7E0));
#1152=LINE('4179',#1151,#1150);
#1153=DIRECTION('',(4.997224534896E-1,0.E0,8.661855860486E-1));
#1154=VECTOR('',#1153,3.001666203961E-1);
#1155=CARTESIAN_POINT('',(1.3335E1,2.5E0,1.44E0));
#1156=LINE('4194',#1155,#1154);
#1157=DIRECTION('',(4.997224534896E-1,0.E0,-8.661855860486E-1));
#1158=VECTOR('',#1157,3.001666203961E-1);
#1159=CARTESIAN_POINT('',(1.3185E1,2.5E0,1.7E0));
#1160=LINE('4189',#1159,#1158);
#1161=DIRECTION('',(1.E0,0.E0,0.E0));
#1162=VECTOR('',#1161,9.7E-1);
#1163=CARTESIAN_POINT('',(1.2215E1,2.5E0,1.7E0));
#1164=LINE('4161',#1163,#1162);
#1165=DIRECTION('',(4.997224534896E-1,0.E0,8.661855860486E-1));
#1166=VECTOR('',#1165,3.001666203961E-1);
#1167=CARTESIAN_POINT('',(1.2065E1,2.5E0,1.44E0));
#1168=LINE('4176',#1167,#1166);
#1169=DIRECTION('',(4.997224534896E-1,0.E0,-8.661855860486E-1));
#1170=VECTOR('',#1169,3.001666203961E-1);
#1171=CARTESIAN_POINT('',(1.1915E1,2.5E0,1.7E0));
#1172=LINE('4171',#1171,#1170);
#1173=DIRECTION('',(1.E0,0.E0,0.E0));
#1174=VECTOR('',#1173,9.7E-1);
#1175=CARTESIAN_POINT('',(1.0945E1,2.5E0,1.7E0));
#1176=LINE('4143',#1175,#1174);
#1177=DIRECTION('',(4.997224534896E-1,0.E0,8.661855860486E-1));
#1178=VECTOR('',#1177,3.001666203961E-1);
#1179=CARTESIAN_POINT('',(1.0795E1,2.5E0,1.44E0));
#1180=LINE('4158',#1179,#1178);
#1181=DIRECTION('',(4.997224534896E-1,0.E0,-8.661855860486E-1));
#1182=VECTOR('',#1181,3.001666203961E-1);
#1183=CARTESIAN_POINT('',(1.0645E1,2.5E0,1.7E0));
#1184=LINE('4153',#1183,#1182);
#1185=DIRECTION('',(1.E0,0.E0,0.E0));
#1186=VECTOR('',#1185,9.7E-1);
#1187=CARTESIAN_POINT('',(9.675E0,2.5E0,1.7E0));
#1188=LINE('4125',#1187,#1186);
#1189=DIRECTION('',(4.997224534896E-1,0.E0,8.661855860486E-1));
#1190=VECTOR('',#1189,3.001666203961E-1);
#1191=CARTESIAN_POINT('',(9.525E0,2.5E0,1.44E0));
#1192=LINE('4140',#1191,#1190);
#1193=DIRECTION('',(4.997224534896E-1,0.E0,-8.661855860486E-1));
#1194=VECTOR('',#1193,3.001666203961E-1);
#1195=CARTESIAN_POINT('',(9.375E0,2.5E0,1.7E0));
#1196=LINE('4135',#1195,#1194);
#1197=DIRECTION('',(1.E0,0.E0,0.E0));
#1198=VECTOR('',#1197,9.7E-1);
#1199=CARTESIAN_POINT('',(8.405E0,2.5E0,1.7E0));
#1200=LINE('4107',#1199,#1198);
#1201=DIRECTION('',(4.997224534896E-1,0.E0,8.661855860486E-1));
#1202=VECTOR('',#1201,3.001666203961E-1);
#1203=CARTESIAN_POINT('',(8.255E0,2.5E0,1.44E0));
#1204=LINE('4122',#1203,#1202);
#1205=DIRECTION('',(4.997224534896E-1,0.E0,-8.661855860486E-1));
#1206=VECTOR('',#1205,3.001666203961E-1);
#1207=CARTESIAN_POINT('',(8.105E0,2.5E0,1.7E0));
#1208=LINE('4117',#1207,#1206);
#1209=DIRECTION('',(1.E0,0.E0,0.E0));
#1210=VECTOR('',#1209,9.7E-1);
#1211=CARTESIAN_POINT('',(7.135E0,2.5E0,1.7E0));
#1212=LINE('4089',#1211,#1210);
#1213=DIRECTION('',(4.997224534896E-1,0.E0,8.661855860486E-1));
#1214=VECTOR('',#1213,3.001666203961E-1);
#1215=CARTESIAN_POINT('',(6.985E0,2.5E0,1.44E0));
#1216=LINE('4104',#1215,#1214);
#1217=DIRECTION('',(4.997224534896E-1,0.E0,-8.661855860486E-1));
#1218=VECTOR('',#1217,3.001666203961E-1);
#1219=CARTESIAN_POINT('',(6.835E0,2.5E0,1.7E0));
#1220=LINE('4099',#1219,#1218);
#1221=DIRECTION('',(1.E0,0.E0,0.E0));
#1222=VECTOR('',#1221,9.7E-1);
#1223=CARTESIAN_POINT('',(5.865E0,2.5E0,1.7E0));
#1224=LINE('4071',#1223,#1222);
#1225=DIRECTION('',(4.997224534896E-1,0.E0,8.661855860486E-1));
#1226=VECTOR('',#1225,3.001666203961E-1);
#1227=CARTESIAN_POINT('',(5.715E0,2.5E0,1.44E0));
#1228=LINE('4086',#1227,#1226);
#1229=DIRECTION('',(4.997224534896E-1,0.E0,-8.661855860486E-1));
#1230=VECTOR('',#1229,3.001666203961E-1);
#1231=CARTESIAN_POINT('',(5.565E0,2.5E0,1.7E0));
#1232=LINE('4081',#1231,#1230);
#1233=DIRECTION('',(1.E0,0.E0,0.E0));
#1234=VECTOR('',#1233,9.7E-1);
#1235=CARTESIAN_POINT('',(4.595E0,2.5E0,1.7E0));
#1236=LINE('4053',#1235,#1234);
#1237=DIRECTION('',(4.997224534896E-1,0.E0,8.661855860486E-1));
#1238=VECTOR('',#1237,3.001666203961E-1);
#1239=CARTESIAN_POINT('',(4.445E0,2.5E0,1.44E0));
#1240=LINE('4068',#1239,#1238);
#1241=DIRECTION('',(4.997224534896E-1,0.E0,-8.661855860486E-1));
#1242=VECTOR('',#1241,3.001666203961E-1);
#1243=CARTESIAN_POINT('',(4.295E0,2.5E0,1.7E0));
#1244=LINE('4063',#1243,#1242);
#1245=DIRECTION('',(1.E0,0.E0,0.E0));
#1246=VECTOR('',#1245,9.7E-1);
#1247=CARTESIAN_POINT('',(3.325E0,2.5E0,1.7E0));
#1248=LINE('4035',#1247,#1246);
#1249=DIRECTION('',(4.997224534896E-1,0.E0,8.661855860486E-1));
#1250=VECTOR('',#1249,3.001666203961E-1);
#1251=CARTESIAN_POINT('',(3.175E0,2.5E0,1.44E0));
#1252=LINE('4050',#1251,#1250);
#1253=DIRECTION('',(4.997224534896E-1,0.E0,-8.661855860486E-1));
#1254=VECTOR('',#1253,3.001666203961E-1);
#1255=CARTESIAN_POINT('',(3.025E0,2.5E0,1.7E0));
#1256=LINE('4045',#1255,#1254);
#1257=DIRECTION('',(1.E0,0.E0,0.E0));
#1258=VECTOR('',#1257,9.7E-1);
#1259=CARTESIAN_POINT('',(2.055E0,2.5E0,1.7E0));
#1260=LINE('4017',#1259,#1258);
#1261=DIRECTION('',(4.997224534896E-1,0.E0,8.661855860486E-1));
#1262=VECTOR('',#1261,3.001666203961E-1);
#1263=CARTESIAN_POINT('',(1.905E0,2.5E0,1.44E0));
#1264=LINE('4032',#1263,#1262);
#1265=DIRECTION('',(4.997224534896E-1,0.E0,-8.661855860486E-1));
#1266=VECTOR('',#1265,3.001666203961E-1);
#1267=CARTESIAN_POINT('',(1.755E0,2.5E0,1.7E0));
#1268=LINE('4027',#1267,#1266);
#1269=DIRECTION('',(1.E0,0.E0,0.E0));
#1270=VECTOR('',#1269,9.7E-1);
#1271=CARTESIAN_POINT('',(7.85E-1,2.5E0,1.7E0));
#1272=LINE('3990',#1271,#1270);
#1273=DIRECTION('',(4.997224534896E-1,0.E0,8.661855860486E-1));
#1274=VECTOR('',#1273,3.001666203961E-1);
#1275=CARTESIAN_POINT('',(6.35E-1,2.5E0,1.44E0));
#1276=LINE('4005',#1275,#1274);
#1277=DIRECTION('',(4.997224534896E-1,0.E0,-8.661855860486E-1));
#1278=VECTOR('',#1277,3.001666203961E-1);
#1279=CARTESIAN_POINT('',(4.85E-1,2.5E0,1.7E0));
#1280=LINE('4000',#1279,#1278);
#1281=DIRECTION('',(1.E0,0.E0,0.E0));
#1282=VECTOR('',#1281,9.7E-1);
#1283=CARTESIAN_POINT('',(-4.85E-1,2.5E0,1.7E0));
#1284=LINE('3980',#1283,#1282);
#1285=DIRECTION('',(4.997224534896E-1,0.E0,8.661855860486E-1));
#1286=VECTOR('',#1285,3.001666203961E-1);
#1287=CARTESIAN_POINT('',(-6.35E-1,2.5E0,1.44E0));
#1288=LINE('3979',#1287,#1286);
#1289=DIRECTION('',(0.E0,0.E0,1.E0));
#1290=VECTOR('',#1289,2.88E0);
#1291=CARTESIAN_POINT('',(-6.35E-1,2.5E0,-1.44E0));
#1292=LINE('3978',#1291,#1290);
#1293=DIRECTION('',(-4.997224534896E-1,0.E0,8.661855860486E-1));
#1294=VECTOR('',#1293,3.001666203961E-1);
#1295=CARTESIAN_POINT('',(-4.85E-1,2.5E0,-1.7E0));
#1296=LINE('3977',#1295,#1294);
#1297=DIRECTION('',(-1.E0,0.E0,0.E0));
#1298=VECTOR('',#1297,9.7E-1);
#1299=CARTESIAN_POINT('',(4.85E-1,2.5E0,-1.7E0));
#1300=LINE('3981',#1299,#1298);
#1301=DIRECTION('',(-4.997224534896E-1,0.E0,-8.661855860486E-1));
#1302=VECTOR('',#1301,3.001666203961E-1);
#1303=CARTESIAN_POINT('',(6.35E-1,2.5E0,-1.44E0));
#1304=LINE('4001',#1303,#1302);
#1305=DIRECTION('',(-4.997224534896E-1,0.E0,8.661855860486E-1));
#1306=VECTOR('',#1305,3.001666203961E-1);
#1307=CARTESIAN_POINT('',(7.85E-1,2.5E0,-1.7E0));
#1308=LINE('4004',#1307,#1306);
#1309=DIRECTION('',(-1.E0,0.E0,0.E0));
#1310=VECTOR('',#1309,9.7E-1);
#1311=CARTESIAN_POINT('',(1.755E0,2.5E0,-1.7E0));
#1312=LINE('3991',#1311,#1310);
#1313=DIRECTION('',(-4.997224534896E-1,0.E0,-8.661855860486E-1));
#1314=VECTOR('',#1313,3.001666203961E-1);
#1315=CARTESIAN_POINT('',(1.905E0,2.5E0,-1.44E0));
#1316=LINE('4028',#1315,#1314);
#1317=DIRECTION('',(-4.997224534896E-1,0.E0,8.661855860486E-1));
#1318=VECTOR('',#1317,3.001666203961E-1);
#1319=CARTESIAN_POINT('',(2.055E0,2.5E0,-1.7E0));
#1320=LINE('4031',#1319,#1318);
#1321=DIRECTION('',(-1.E0,0.E0,0.E0));
#1322=VECTOR('',#1321,9.7E-1);
#1323=CARTESIAN_POINT('',(3.025E0,2.5E0,-1.7E0));
#1324=LINE('4018',#1323,#1322);
#1325=DIRECTION('',(-4.997224534896E-1,0.E0,-8.661855860486E-1));
#1326=VECTOR('',#1325,3.001666203961E-1);
#1327=CARTESIAN_POINT('',(3.175E0,2.5E0,-1.44E0));
#1328=LINE('4046',#1327,#1326);
#1329=DIRECTION('',(-4.997224534896E-1,0.E0,8.661855860486E-1));
#1330=VECTOR('',#1329,3.001666203961E-1);
#1331=CARTESIAN_POINT('',(3.325E0,2.5E0,-1.7E0));
#1332=LINE('4049',#1331,#1330);
#1333=DIRECTION('',(-1.E0,0.E0,0.E0));
#1334=VECTOR('',#1333,9.7E-1);
#1335=CARTESIAN_POINT('',(4.295E0,2.5E0,-1.7E0));
#1336=LINE('4036',#1335,#1334);
#1337=DIRECTION('',(-4.997224534896E-1,0.E0,-8.661855860486E-1));
#1338=VECTOR('',#1337,3.001666203961E-1);
#1339=CARTESIAN_POINT('',(4.445E0,2.5E0,-1.44E0));
#1340=LINE('4064',#1339,#1338);
#1341=DIRECTION('',(-4.997224534896E-1,0.E0,8.661855860486E-1));
#1342=VECTOR('',#1341,3.001666203961E-1);
#1343=CARTESIAN_POINT('',(4.595E0,2.5E0,-1.7E0));
#1344=LINE('4067',#1343,#1342);
#1345=DIRECTION('',(-1.E0,0.E0,0.E0));
#1346=VECTOR('',#1345,9.7E-1);
#1347=CARTESIAN_POINT('',(5.565E0,2.5E0,-1.7E0));
#1348=LINE('4054',#1347,#1346);
#1349=DIRECTION('',(-4.997224534896E-1,0.E0,-8.661855860486E-1));
#1350=VECTOR('',#1349,3.001666203961E-1);
#1351=CARTESIAN_POINT('',(5.715E0,2.5E0,-1.44E0));
#1352=LINE('4082',#1351,#1350);
#1353=DIRECTION('',(-4.997224534896E-1,0.E0,8.661855860486E-1));
#1354=VECTOR('',#1353,3.001666203961E-1);
#1355=CARTESIAN_POINT('',(5.865E0,2.5E0,-1.7E0));
#1356=LINE('4085',#1355,#1354);
#1357=DIRECTION('',(-1.E0,0.E0,0.E0));
#1358=VECTOR('',#1357,9.7E-1);
#1359=CARTESIAN_POINT('',(6.835E0,2.5E0,-1.7E0));
#1360=LINE('4072',#1359,#1358);
#1361=DIRECTION('',(-4.997224534896E-1,0.E0,-8.661855860486E-1));
#1362=VECTOR('',#1361,3.001666203961E-1);
#1363=CARTESIAN_POINT('',(6.985E0,2.5E0,-1.44E0));
#1364=LINE('4100',#1363,#1362);
#1365=DIRECTION('',(-4.997224534896E-1,0.E0,8.661855860486E-1));
#1366=VECTOR('',#1365,3.001666203961E-1);
#1367=CARTESIAN_POINT('',(7.135E0,2.5E0,-1.7E0));
#1368=LINE('4103',#1367,#1366);
#1369=DIRECTION('',(-1.E0,0.E0,0.E0));
#1370=VECTOR('',#1369,9.7E-1);
#1371=CARTESIAN_POINT('',(8.105E0,2.5E0,-1.7E0));
#1372=LINE('4090',#1371,#1370);
#1373=DIRECTION('',(-4.997224534896E-1,0.E0,-8.661855860486E-1));
#1374=VECTOR('',#1373,3.001666203961E-1);
#1375=CARTESIAN_POINT('',(8.255E0,2.5E0,-1.44E0));
#1376=LINE('4118',#1375,#1374);
#1377=DIRECTION('',(-4.997224534896E-1,0.E0,8.661855860486E-1));
#1378=VECTOR('',#1377,3.001666203961E-1);
#1379=CARTESIAN_POINT('',(8.405E0,2.5E0,-1.7E0));
#1380=LINE('4121',#1379,#1378);
#1381=DIRECTION('',(-1.E0,0.E0,0.E0));
#1382=VECTOR('',#1381,9.7E-1);
#1383=CARTESIAN_POINT('',(9.375E0,2.5E0,-1.7E0));
#1384=LINE('4108',#1383,#1382);
#1385=DIRECTION('',(-4.997224534896E-1,0.E0,-8.661855860486E-1));
#1386=VECTOR('',#1385,3.001666203961E-1);
#1387=CARTESIAN_POINT('',(9.525E0,2.5E0,-1.44E0));
#1388=LINE('4136',#1387,#1386);
#1389=DIRECTION('',(-4.997224534896E-1,0.E0,8.661855860486E-1));
#1390=VECTOR('',#1389,3.001666203961E-1);
#1391=CARTESIAN_POINT('',(9.675E0,2.5E0,-1.7E0));
#1392=LINE('4139',#1391,#1390);
#1393=DIRECTION('',(-1.E0,0.E0,0.E0));
#1394=VECTOR('',#1393,9.7E-1);
#1395=CARTESIAN_POINT('',(1.0645E1,2.5E0,-1.7E0));
#1396=LINE('4126',#1395,#1394);
#1397=DIRECTION('',(-4.997224534896E-1,0.E0,-8.661855860486E-1));
#1398=VECTOR('',#1397,3.001666203961E-1);
#1399=CARTESIAN_POINT('',(1.0795E1,2.5E0,-1.44E0));
#1400=LINE('4154',#1399,#1398);
#1401=DIRECTION('',(-4.997224534896E-1,0.E0,8.661855860486E-1));
#1402=VECTOR('',#1401,3.001666203961E-1);
#1403=CARTESIAN_POINT('',(1.0945E1,2.5E0,-1.7E0));
#1404=LINE('4157',#1403,#1402);
#1405=DIRECTION('',(-1.E0,0.E0,0.E0));
#1406=VECTOR('',#1405,9.7E-1);
#1407=CARTESIAN_POINT('',(1.1915E1,2.5E0,-1.7E0));
#1408=LINE('4144',#1407,#1406);
#1409=DIRECTION('',(-4.997224534896E-1,0.E0,-8.661855860486E-1));
#1410=VECTOR('',#1409,3.001666203961E-1);
#1411=CARTESIAN_POINT('',(1.2065E1,2.5E0,-1.44E0));
#1412=LINE('4172',#1411,#1410);
#1413=DIRECTION('',(-4.997224534896E-1,0.E0,8.661855860486E-1));
#1414=VECTOR('',#1413,3.001666203961E-1);
#1415=CARTESIAN_POINT('',(1.2215E1,2.5E0,-1.7E0));
#1416=LINE('4175',#1415,#1414);
#1417=DIRECTION('',(-1.E0,0.E0,0.E0));
#1418=VECTOR('',#1417,9.7E-1);
#1419=CARTESIAN_POINT('',(1.3185E1,2.5E0,-1.7E0));
#1420=LINE('4162',#1419,#1418);
#1421=DIRECTION('',(-4.997224534896E-1,0.E0,-8.661855860486E-1));
#1422=VECTOR('',#1421,3.001666203961E-1);
#1423=CARTESIAN_POINT('',(1.3335E1,2.5E0,-1.44E0));
#1424=LINE('4190',#1423,#1422);
#1425=DIRECTION('',(-4.997224534896E-1,0.E0,8.661855860486E-1));
#1426=VECTOR('',#1425,3.001666203961E-1);
#1427=CARTESIAN_POINT('',(1.3485E1,2.5E0,-1.7E0));
#1428=LINE('4193',#1427,#1426);
#1429=DIRECTION('',(-1.E0,0.E0,0.E0));
#1430=VECTOR('',#1429,9.7E-1);
#1431=CARTESIAN_POINT('',(1.4455E1,2.5E0,-1.7E0));
#1432=LINE('4180',#1431,#1430);
#1433=DIRECTION('',(-4.997224534896E-1,0.E0,-8.661855860486E-1));
#1434=VECTOR('',#1433,3.001666203961E-1);
#1435=CARTESIAN_POINT('',(1.4605E1,2.5E0,-1.44E0));
#1436=LINE('4208',#1435,#1434);
#1437=DIRECTION('',(-4.997224534896E-1,0.E0,8.661855860486E-1));
#1438=VECTOR('',#1437,3.001666203961E-1);
#1439=CARTESIAN_POINT('',(1.4755E1,2.5E0,-1.7E0));
#1440=LINE('4211',#1439,#1438);
#1441=DIRECTION('',(-1.E0,0.E0,0.E0));
#1442=VECTOR('',#1441,9.7E-1);
#1443=CARTESIAN_POINT('',(1.5725E1,2.5E0,-1.7E0));
#1444=LINE('4198',#1443,#1442);
#1445=DIRECTION('',(-4.997224534896E-1,0.E0,-8.661855860486E-1));
#1446=VECTOR('',#1445,3.001666203961E-1);
#1447=CARTESIAN_POINT('',(1.5875E1,2.5E0,-1.44E0));
#1448=LINE('4226',#1447,#1446);
#1449=DIRECTION('',(-4.997224534896E-1,0.E0,8.661855860486E-1));
#1450=VECTOR('',#1449,3.001666203961E-1);
#1451=CARTESIAN_POINT('',(1.6025E1,2.5E0,-1.7E0));
#1452=LINE('4229',#1451,#1450);
#1453=DIRECTION('',(-1.E0,0.E0,0.E0));
#1454=VECTOR('',#1453,9.7E-1);
#1455=CARTESIAN_POINT('',(1.6995E1,2.5E0,-1.7E0));
#1456=LINE('4216',#1455,#1454);
#1457=DIRECTION('',(0.E0,0.E0,1.E0));
#1458=VECTOR('',#1457,4.E-1);
#1459=CARTESIAN_POINT('',(-2.E-1,2.5E0,-8.35E-1));
#1460=LINE('4277',#1459,#1458);
#1461=DIRECTION('',(1.E0,0.E0,0.E0));
#1462=VECTOR('',#1461,4.E-1);
#1463=CARTESIAN_POINT('',(-2.E-1,2.5E0,-4.35E-1));
#1464=LINE('4278',#1463,#1462);
#1465=DIRECTION('',(0.E0,0.E0,-1.E0));
#1466=VECTOR('',#1465,4.E-1);
#1467=CARTESIAN_POINT('',(2.E-1,2.5E0,-4.35E-1));
#1468=LINE('4279',#1467,#1466);
#1469=DIRECTION('',(-1.E0,0.E0,0.E0));
#1470=VECTOR('',#1469,4.E-1);
#1471=CARTESIAN_POINT('',(2.E-1,2.5E0,-8.35E-1));
#1472=LINE('4280',#1471,#1470);
#1473=DIRECTION('',(1.E0,0.E0,0.E0));
#1474=VECTOR('',#1473,4.E-1);
#1475=CARTESIAN_POINT('',(-2.E-1,2.5E0,8.35E-1));
#1476=LINE('4281',#1475,#1474);
#1477=DIRECTION('',(0.E0,0.E0,-1.E0));
#1478=VECTOR('',#1477,4.E-1);
#1479=CARTESIAN_POINT('',(2.E-1,2.5E0,8.35E-1));
#1480=LINE('4282',#1479,#1478);
#1481=DIRECTION('',(-1.E0,0.E0,0.E0));
#1482=VECTOR('',#1481,4.E-1);
#1483=CARTESIAN_POINT('',(2.E-1,2.5E0,4.35E-1));
#1484=LINE('4283',#1483,#1482);
#1485=DIRECTION('',(0.E0,0.E0,1.E0));
#1486=VECTOR('',#1485,4.E-1);
#1487=CARTESIAN_POINT('',(-2.E-1,2.5E0,4.35E-1));
#1488=LINE('4284',#1487,#1486);
#1489=DIRECTION('',(0.E0,0.E0,1.E0));
#1490=VECTOR('',#1489,4.E-1);
#1491=CARTESIAN_POINT('',(1.07E0,2.5E0,-8.35E-1));
#1492=LINE('4325',#1491,#1490);
#1493=DIRECTION('',(1.E0,0.E0,0.E0));
#1494=VECTOR('',#1493,4.E-1);
#1495=CARTESIAN_POINT('',(1.07E0,2.5E0,-4.35E-1));
#1496=LINE('4326',#1495,#1494);
#1497=DIRECTION('',(0.E0,0.E0,-1.E0));
#1498=VECTOR('',#1497,4.E-1);
#1499=CARTESIAN_POINT('',(1.47E0,2.5E0,-4.35E-1));
#1500=LINE('4327',#1499,#1498);
#1501=DIRECTION('',(-1.E0,0.E0,0.E0));
#1502=VECTOR('',#1501,4.E-1);
#1503=CARTESIAN_POINT('',(1.47E0,2.5E0,-8.35E-1));
#1504=LINE('4328',#1503,#1502);
#1505=DIRECTION('',(1.E0,0.E0,0.E0));
#1506=VECTOR('',#1505,4.E-1);
#1507=CARTESIAN_POINT('',(1.07E0,2.5E0,8.35E-1));
#1508=LINE('4329',#1507,#1506);
#1509=DIRECTION('',(0.E0,0.E0,-1.E0));
#1510=VECTOR('',#1509,4.E-1);
#1511=CARTESIAN_POINT('',(1.47E0,2.5E0,8.35E-1));
#1512=LINE('4330',#1511,#1510);
#1513=DIRECTION('',(-1.E0,0.E0,0.E0));
#1514=VECTOR('',#1513,4.E-1);
#1515=CARTESIAN_POINT('',(1.47E0,2.5E0,4.35E-1));
#1516=LINE('4331',#1515,#1514);
#1517=DIRECTION('',(0.E0,0.E0,1.E0));
#1518=VECTOR('',#1517,4.E-1);
#1519=CARTESIAN_POINT('',(1.07E0,2.5E0,4.35E-1));
#1520=LINE('4332',#1519,#1518);
#1521=DIRECTION('',(0.E0,0.E0,1.E0));
#1522=VECTOR('',#1521,4.E-1);
#1523=CARTESIAN_POINT('',(2.34E0,2.5E0,-8.35E-1));
#1524=LINE('4373',#1523,#1522);
#1525=DIRECTION('',(1.E0,0.E0,0.E0));
#1526=VECTOR('',#1525,4.E-1);
#1527=CARTESIAN_POINT('',(2.34E0,2.5E0,-4.35E-1));
#1528=LINE('4374',#1527,#1526);
#1529=DIRECTION('',(0.E0,0.E0,-1.E0));
#1530=VECTOR('',#1529,4.E-1);
#1531=CARTESIAN_POINT('',(2.74E0,2.5E0,-4.35E-1));
#1532=LINE('4375',#1531,#1530);
#1533=DIRECTION('',(-1.E0,0.E0,0.E0));
#1534=VECTOR('',#1533,4.E-1);
#1535=CARTESIAN_POINT('',(2.74E0,2.5E0,-8.35E-1));
#1536=LINE('4376',#1535,#1534);
#1537=DIRECTION('',(1.E0,0.E0,0.E0));
#1538=VECTOR('',#1537,4.E-1);
#1539=CARTESIAN_POINT('',(2.34E0,2.5E0,8.35E-1));
#1540=LINE('4377',#1539,#1538);
#1541=DIRECTION('',(0.E0,0.E0,-1.E0));
#1542=VECTOR('',#1541,4.E-1);
#1543=CARTESIAN_POINT('',(2.74E0,2.5E0,8.35E-1));
#1544=LINE('4378',#1543,#1542);
#1545=DIRECTION('',(-1.E0,0.E0,0.E0));
#1546=VECTOR('',#1545,4.E-1);
#1547=CARTESIAN_POINT('',(2.74E0,2.5E0,4.35E-1));
#1548=LINE('4379',#1547,#1546);
#1549=DIRECTION('',(0.E0,0.E0,1.E0));
#1550=VECTOR('',#1549,4.E-1);
#1551=CARTESIAN_POINT('',(2.34E0,2.5E0,4.35E-1));
#1552=LINE('4380',#1551,#1550);
#1553=DIRECTION('',(0.E0,0.E0,1.E0));
#1554=VECTOR('',#1553,4.E-1);
#1555=CARTESIAN_POINT('',(3.61E0,2.5E0,-8.35E-1));
#1556=LINE('4421',#1555,#1554);
#1557=DIRECTION('',(1.E0,0.E0,0.E0));
#1558=VECTOR('',#1557,4.E-1);
#1559=CARTESIAN_POINT('',(3.61E0,2.5E0,-4.35E-1));
#1560=LINE('4422',#1559,#1558);
#1561=DIRECTION('',(0.E0,0.E0,-1.E0));
#1562=VECTOR('',#1561,4.E-1);
#1563=CARTESIAN_POINT('',(4.01E0,2.5E0,-4.35E-1));
#1564=LINE('4423',#1563,#1562);
#1565=DIRECTION('',(-1.E0,0.E0,0.E0));
#1566=VECTOR('',#1565,4.E-1);
#1567=CARTESIAN_POINT('',(4.01E0,2.5E0,-8.35E-1));
#1568=LINE('4424',#1567,#1566);
#1569=DIRECTION('',(1.E0,0.E0,0.E0));
#1570=VECTOR('',#1569,4.E-1);
#1571=CARTESIAN_POINT('',(3.61E0,2.5E0,8.35E-1));
#1572=LINE('4425',#1571,#1570);
#1573=DIRECTION('',(0.E0,0.E0,-1.E0));
#1574=VECTOR('',#1573,4.E-1);
#1575=CARTESIAN_POINT('',(4.01E0,2.5E0,8.35E-1));
#1576=LINE('4426',#1575,#1574);
#1577=DIRECTION('',(-1.E0,0.E0,0.E0));
#1578=VECTOR('',#1577,4.E-1);
#1579=CARTESIAN_POINT('',(4.01E0,2.5E0,4.35E-1));
#1580=LINE('4427',#1579,#1578);
#1581=DIRECTION('',(0.E0,0.E0,1.E0));
#1582=VECTOR('',#1581,4.E-1);
#1583=CARTESIAN_POINT('',(3.61E0,2.5E0,4.35E-1));
#1584=LINE('4428',#1583,#1582);
#1585=DIRECTION('',(0.E0,0.E0,1.E0));
#1586=VECTOR('',#1585,4.E-1);
#1587=CARTESIAN_POINT('',(4.88E0,2.5E0,-8.35E-1));
#1588=LINE('4469',#1587,#1586);
#1589=DIRECTION('',(1.E0,0.E0,0.E0));
#1590=VECTOR('',#1589,4.E-1);
#1591=CARTESIAN_POINT('',(4.88E0,2.5E0,-4.35E-1));
#1592=LINE('4470',#1591,#1590);
#1593=DIRECTION('',(0.E0,0.E0,-1.E0));
#1594=VECTOR('',#1593,4.E-1);
#1595=CARTESIAN_POINT('',(5.28E0,2.5E0,-4.35E-1));
#1596=LINE('4471',#1595,#1594);
#1597=DIRECTION('',(-1.E0,0.E0,0.E0));
#1598=VECTOR('',#1597,4.E-1);
#1599=CARTESIAN_POINT('',(5.28E0,2.5E0,-8.35E-1));
#1600=LINE('4472',#1599,#1598);
#1601=DIRECTION('',(1.E0,0.E0,0.E0));
#1602=VECTOR('',#1601,4.E-1);
#1603=CARTESIAN_POINT('',(4.88E0,2.5E0,8.35E-1));
#1604=LINE('4473',#1603,#1602);
#1605=DIRECTION('',(0.E0,0.E0,-1.E0));
#1606=VECTOR('',#1605,4.E-1);
#1607=CARTESIAN_POINT('',(5.28E0,2.5E0,8.35E-1));
#1608=LINE('4474',#1607,#1606);
#1609=DIRECTION('',(-1.E0,0.E0,0.E0));
#1610=VECTOR('',#1609,4.E-1);
#1611=CARTESIAN_POINT('',(5.28E0,2.5E0,4.35E-1));
#1612=LINE('4475',#1611,#1610);
#1613=DIRECTION('',(0.E0,0.E0,1.E0));
#1614=VECTOR('',#1613,4.E-1);
#1615=CARTESIAN_POINT('',(4.88E0,2.5E0,4.35E-1));
#1616=LINE('4476',#1615,#1614);
#1617=DIRECTION('',(0.E0,0.E0,1.E0));
#1618=VECTOR('',#1617,4.E-1);
#1619=CARTESIAN_POINT('',(6.15E0,2.5E0,-8.35E-1));
#1620=LINE('4517',#1619,#1618);
#1621=DIRECTION('',(1.E0,0.E0,0.E0));
#1622=VECTOR('',#1621,4.E-1);
#1623=CARTESIAN_POINT('',(6.15E0,2.5E0,-4.35E-1));
#1624=LINE('4518',#1623,#1622);
#1625=DIRECTION('',(0.E0,0.E0,-1.E0));
#1626=VECTOR('',#1625,4.E-1);
#1627=CARTESIAN_POINT('',(6.55E0,2.5E0,-4.35E-1));
#1628=LINE('4519',#1627,#1626);
#1629=DIRECTION('',(-1.E0,0.E0,0.E0));
#1630=VECTOR('',#1629,4.E-1);
#1631=CARTESIAN_POINT('',(6.55E0,2.5E0,-8.35E-1));
#1632=LINE('4520',#1631,#1630);
#1633=DIRECTION('',(1.E0,0.E0,0.E0));
#1634=VECTOR('',#1633,4.E-1);
#1635=CARTESIAN_POINT('',(6.15E0,2.5E0,8.35E-1));
#1636=LINE('4521',#1635,#1634);
#1637=DIRECTION('',(0.E0,0.E0,-1.E0));
#1638=VECTOR('',#1637,4.E-1);
#1639=CARTESIAN_POINT('',(6.55E0,2.5E0,8.35E-1));
#1640=LINE('4522',#1639,#1638);
#1641=DIRECTION('',(-1.E0,0.E0,0.E0));
#1642=VECTOR('',#1641,4.E-1);
#1643=CARTESIAN_POINT('',(6.55E0,2.5E0,4.35E-1));
#1644=LINE('4523',#1643,#1642);
#1645=DIRECTION('',(0.E0,0.E0,1.E0));
#1646=VECTOR('',#1645,4.E-1);
#1647=CARTESIAN_POINT('',(6.15E0,2.5E0,4.35E-1));
#1648=LINE('4524',#1647,#1646);
#1649=DIRECTION('',(0.E0,0.E0,1.E0));
#1650=VECTOR('',#1649,4.E-1);
#1651=CARTESIAN_POINT('',(7.42E0,2.5E0,-8.35E-1));
#1652=LINE('4565',#1651,#1650);
#1653=DIRECTION('',(1.E0,0.E0,0.E0));
#1654=VECTOR('',#1653,4.E-1);
#1655=CARTESIAN_POINT('',(7.42E0,2.5E0,-4.35E-1));
#1656=LINE('4566',#1655,#1654);
#1657=DIRECTION('',(0.E0,0.E0,-1.E0));
#1658=VECTOR('',#1657,4.E-1);
#1659=CARTESIAN_POINT('',(7.82E0,2.5E0,-4.35E-1));
#1660=LINE('4567',#1659,#1658);
#1661=DIRECTION('',(-1.E0,0.E0,0.E0));
#1662=VECTOR('',#1661,4.E-1);
#1663=CARTESIAN_POINT('',(7.82E0,2.5E0,-8.35E-1));
#1664=LINE('4568',#1663,#1662);
#1665=DIRECTION('',(1.E0,0.E0,0.E0));
#1666=VECTOR('',#1665,4.E-1);
#1667=CARTESIAN_POINT('',(7.42E0,2.5E0,8.35E-1));
#1668=LINE('4569',#1667,#1666);
#1669=DIRECTION('',(0.E0,0.E0,-1.E0));
#1670=VECTOR('',#1669,4.E-1);
#1671=CARTESIAN_POINT('',(7.82E0,2.5E0,8.35E-1));
#1672=LINE('4570',#1671,#1670);
#1673=DIRECTION('',(-1.E0,0.E0,0.E0));
#1674=VECTOR('',#1673,4.E-1);
#1675=CARTESIAN_POINT('',(7.82E0,2.5E0,4.35E-1));
#1676=LINE('4571',#1675,#1674);
#1677=DIRECTION('',(0.E0,0.E0,1.E0));
#1678=VECTOR('',#1677,4.E-1);
#1679=CARTESIAN_POINT('',(7.42E0,2.5E0,4.35E-1));
#1680=LINE('4572',#1679,#1678);
#1681=DIRECTION('',(0.E0,0.E0,1.E0));
#1682=VECTOR('',#1681,4.E-1);
#1683=CARTESIAN_POINT('',(8.69E0,2.5E0,-8.35E-1));
#1684=LINE('4613',#1683,#1682);
#1685=DIRECTION('',(1.E0,0.E0,0.E0));
#1686=VECTOR('',#1685,4.E-1);
#1687=CARTESIAN_POINT('',(8.69E0,2.5E0,-4.35E-1));
#1688=LINE('4614',#1687,#1686);
#1689=DIRECTION('',(0.E0,0.E0,-1.E0));
#1690=VECTOR('',#1689,4.E-1);
#1691=CARTESIAN_POINT('',(9.09E0,2.5E0,-4.35E-1));
#1692=LINE('4615',#1691,#1690);
#1693=DIRECTION('',(-1.E0,0.E0,0.E0));
#1694=VECTOR('',#1693,4.E-1);
#1695=CARTESIAN_POINT('',(9.09E0,2.5E0,-8.35E-1));
#1696=LINE('4616',#1695,#1694);
#1697=DIRECTION('',(1.E0,0.E0,0.E0));
#1698=VECTOR('',#1697,4.E-1);
#1699=CARTESIAN_POINT('',(8.69E0,2.5E0,8.35E-1));
#1700=LINE('4617',#1699,#1698);
#1701=DIRECTION('',(0.E0,0.E0,-1.E0));
#1702=VECTOR('',#1701,4.E-1);
#1703=CARTESIAN_POINT('',(9.09E0,2.5E0,8.35E-1));
#1704=LINE('4618',#1703,#1702);
#1705=DIRECTION('',(-1.E0,0.E0,0.E0));
#1706=VECTOR('',#1705,4.E-1);
#1707=CARTESIAN_POINT('',(9.09E0,2.5E0,4.35E-1));
#1708=LINE('4619',#1707,#1706);
#1709=DIRECTION('',(0.E0,0.E0,1.E0));
#1710=VECTOR('',#1709,4.E-1);
#1711=CARTESIAN_POINT('',(8.69E0,2.5E0,4.35E-1));
#1712=LINE('4620',#1711,#1710);
#1713=DIRECTION('',(0.E0,0.E0,1.E0));
#1714=VECTOR('',#1713,4.E-1);
#1715=CARTESIAN_POINT('',(9.96E0,2.5E0,-8.35E-1));
#1716=LINE('4661',#1715,#1714);
#1717=DIRECTION('',(1.E0,0.E0,0.E0));
#1718=VECTOR('',#1717,4.E-1);
#1719=CARTESIAN_POINT('',(9.96E0,2.5E0,-4.35E-1));
#1720=LINE('4662',#1719,#1718);
#1721=DIRECTION('',(0.E0,0.E0,-1.E0));
#1722=VECTOR('',#1721,4.E-1);
#1723=CARTESIAN_POINT('',(1.036E1,2.5E0,-4.35E-1));
#1724=LINE('4663',#1723,#1722);
#1725=DIRECTION('',(-1.E0,0.E0,0.E0));
#1726=VECTOR('',#1725,4.E-1);
#1727=CARTESIAN_POINT('',(1.036E1,2.5E0,-8.35E-1));
#1728=LINE('4664',#1727,#1726);
#1729=DIRECTION('',(1.E0,0.E0,0.E0));
#1730=VECTOR('',#1729,4.E-1);
#1731=CARTESIAN_POINT('',(9.96E0,2.5E0,8.35E-1));
#1732=LINE('4665',#1731,#1730);
#1733=DIRECTION('',(0.E0,0.E0,-1.E0));
#1734=VECTOR('',#1733,4.E-1);
#1735=CARTESIAN_POINT('',(1.036E1,2.5E0,8.35E-1));
#1736=LINE('4666',#1735,#1734);
#1737=DIRECTION('',(-1.E0,0.E0,0.E0));
#1738=VECTOR('',#1737,4.E-1);
#1739=CARTESIAN_POINT('',(1.036E1,2.5E0,4.35E-1));
#1740=LINE('4667',#1739,#1738);
#1741=DIRECTION('',(0.E0,0.E0,1.E0));
#1742=VECTOR('',#1741,4.E-1);
#1743=CARTESIAN_POINT('',(9.96E0,2.5E0,4.35E-1));
#1744=LINE('4668',#1743,#1742);
#1745=DIRECTION('',(0.E0,0.E0,1.E0));
#1746=VECTOR('',#1745,4.E-1);
#1747=CARTESIAN_POINT('',(1.123E1,2.5E0,-8.35E-1));
#1748=LINE('4709',#1747,#1746);
#1749=DIRECTION('',(1.E0,0.E0,0.E0));
#1750=VECTOR('',#1749,4.E-1);
#1751=CARTESIAN_POINT('',(1.123E1,2.5E0,-4.35E-1));
#1752=LINE('4710',#1751,#1750);
#1753=DIRECTION('',(0.E0,0.E0,-1.E0));
#1754=VECTOR('',#1753,4.E-1);
#1755=CARTESIAN_POINT('',(1.163E1,2.5E0,-4.35E-1));
#1756=LINE('4711',#1755,#1754);
#1757=DIRECTION('',(-1.E0,0.E0,0.E0));
#1758=VECTOR('',#1757,4.E-1);
#1759=CARTESIAN_POINT('',(1.163E1,2.5E0,-8.35E-1));
#1760=LINE('4712',#1759,#1758);
#1761=DIRECTION('',(1.E0,0.E0,0.E0));
#1762=VECTOR('',#1761,4.E-1);
#1763=CARTESIAN_POINT('',(1.123E1,2.5E0,8.35E-1));
#1764=LINE('4713',#1763,#1762);
#1765=DIRECTION('',(0.E0,0.E0,-1.E0));
#1766=VECTOR('',#1765,4.E-1);
#1767=CARTESIAN_POINT('',(1.163E1,2.5E0,8.35E-1));
#1768=LINE('4714',#1767,#1766);
#1769=DIRECTION('',(-1.E0,0.E0,0.E0));
#1770=VECTOR('',#1769,4.E-1);
#1771=CARTESIAN_POINT('',(1.163E1,2.5E0,4.35E-1));
#1772=LINE('4715',#1771,#1770);
#1773=DIRECTION('',(0.E0,0.E0,1.E0));
#1774=VECTOR('',#1773,4.E-1);
#1775=CARTESIAN_POINT('',(1.123E1,2.5E0,4.35E-1));
#1776=LINE('4716',#1775,#1774);
#1777=DIRECTION('',(0.E0,0.E0,1.E0));
#1778=VECTOR('',#1777,4.E-1);
#1779=CARTESIAN_POINT('',(1.25E1,2.5E0,-8.35E-1));
#1780=LINE('4757',#1779,#1778);
#1781=DIRECTION('',(1.E0,0.E0,0.E0));
#1782=VECTOR('',#1781,4.E-1);
#1783=CARTESIAN_POINT('',(1.25E1,2.5E0,-4.35E-1));
#1784=LINE('4758',#1783,#1782);
#1785=DIRECTION('',(0.E0,0.E0,-1.E0));
#1786=VECTOR('',#1785,4.E-1);
#1787=CARTESIAN_POINT('',(1.29E1,2.5E0,-4.35E-1));
#1788=LINE('4759',#1787,#1786);
#1789=DIRECTION('',(-1.E0,0.E0,0.E0));
#1790=VECTOR('',#1789,4.E-1);
#1791=CARTESIAN_POINT('',(1.29E1,2.5E0,-8.35E-1));
#1792=LINE('4760',#1791,#1790);
#1793=DIRECTION('',(1.E0,0.E0,0.E0));
#1794=VECTOR('',#1793,4.E-1);
#1795=CARTESIAN_POINT('',(1.25E1,2.5E0,8.35E-1));
#1796=LINE('4761',#1795,#1794);
#1797=DIRECTION('',(0.E0,0.E0,-1.E0));
#1798=VECTOR('',#1797,4.E-1);
#1799=CARTESIAN_POINT('',(1.29E1,2.5E0,8.35E-1));
#1800=LINE('4762',#1799,#1798);
#1801=DIRECTION('',(-1.E0,0.E0,0.E0));
#1802=VECTOR('',#1801,4.E-1);
#1803=CARTESIAN_POINT('',(1.29E1,2.5E0,4.35E-1));
#1804=LINE('4763',#1803,#1802);
#1805=DIRECTION('',(0.E0,0.E0,1.E0));
#1806=VECTOR('',#1805,4.E-1);
#1807=CARTESIAN_POINT('',(1.25E1,2.5E0,4.35E-1));
#1808=LINE('4764',#1807,#1806);
#1809=DIRECTION('',(0.E0,0.E0,1.E0));
#1810=VECTOR('',#1809,4.E-1);
#1811=CARTESIAN_POINT('',(1.377E1,2.5E0,-8.35E-1));
#1812=LINE('4805',#1811,#1810);
#1813=DIRECTION('',(1.E0,0.E0,0.E0));
#1814=VECTOR('',#1813,4.E-1);
#1815=CARTESIAN_POINT('',(1.377E1,2.5E0,-4.35E-1));
#1816=LINE('4806',#1815,#1814);
#1817=DIRECTION('',(0.E0,0.E0,-1.E0));
#1818=VECTOR('',#1817,4.E-1);
#1819=CARTESIAN_POINT('',(1.417E1,2.5E0,-4.35E-1));
#1820=LINE('4807',#1819,#1818);
#1821=DIRECTION('',(-1.E0,0.E0,0.E0));
#1822=VECTOR('',#1821,4.E-1);
#1823=CARTESIAN_POINT('',(1.417E1,2.5E0,-8.35E-1));
#1824=LINE('4808',#1823,#1822);
#1825=DIRECTION('',(1.E0,0.E0,0.E0));
#1826=VECTOR('',#1825,4.E-1);
#1827=CARTESIAN_POINT('',(1.377E1,2.5E0,8.35E-1));
#1828=LINE('4809',#1827,#1826);
#1829=DIRECTION('',(0.E0,0.E0,-1.E0));
#1830=VECTOR('',#1829,4.E-1);
#1831=CARTESIAN_POINT('',(1.417E1,2.5E0,8.35E-1));
#1832=LINE('4810',#1831,#1830);
#1833=DIRECTION('',(-1.E0,0.E0,0.E0));
#1834=VECTOR('',#1833,4.E-1);
#1835=CARTESIAN_POINT('',(1.417E1,2.5E0,4.35E-1));
#1836=LINE('4811',#1835,#1834);
#1837=DIRECTION('',(0.E0,0.E0,1.E0));
#1838=VECTOR('',#1837,4.E-1);
#1839=CARTESIAN_POINT('',(1.377E1,2.5E0,4.35E-1));
#1840=LINE('4812',#1839,#1838);
#1841=DIRECTION('',(0.E0,0.E0,1.E0));
#1842=VECTOR('',#1841,4.E-1);
#1843=CARTESIAN_POINT('',(1.504E1,2.5E0,-8.35E-1));
#1844=LINE('4853',#1843,#1842);
#1845=DIRECTION('',(1.E0,0.E0,0.E0));
#1846=VECTOR('',#1845,4.E-1);
#1847=CARTESIAN_POINT('',(1.504E1,2.5E0,-4.35E-1));
#1848=LINE('4854',#1847,#1846);
#1849=DIRECTION('',(0.E0,0.E0,-1.E0));
#1850=VECTOR('',#1849,4.E-1);
#1851=CARTESIAN_POINT('',(1.544E1,2.5E0,-4.35E-1));
#1852=LINE('4855',#1851,#1850);
#1853=DIRECTION('',(-1.E0,0.E0,0.E0));
#1854=VECTOR('',#1853,4.E-1);
#1855=CARTESIAN_POINT('',(1.544E1,2.5E0,-8.35E-1));
#1856=LINE('4856',#1855,#1854);
#1857=DIRECTION('',(1.E0,0.E0,0.E0));
#1858=VECTOR('',#1857,4.E-1);
#1859=CARTESIAN_POINT('',(1.504E1,2.5E0,8.35E-1));
#1860=LINE('4857',#1859,#1858);
#1861=DIRECTION('',(0.E0,0.E0,-1.E0));
#1862=VECTOR('',#1861,4.E-1);
#1863=CARTESIAN_POINT('',(1.544E1,2.5E0,8.35E-1));
#1864=LINE('4858',#1863,#1862);
#1865=DIRECTION('',(-1.E0,0.E0,0.E0));
#1866=VECTOR('',#1865,4.E-1);
#1867=CARTESIAN_POINT('',(1.544E1,2.5E0,4.35E-1));
#1868=LINE('4859',#1867,#1866);
#1869=DIRECTION('',(0.E0,0.E0,1.E0));
#1870=VECTOR('',#1869,4.E-1);
#1871=CARTESIAN_POINT('',(1.504E1,2.5E0,4.35E-1));
#1872=LINE('4860',#1871,#1870);
#1873=DIRECTION('',(0.E0,0.E0,1.E0));
#1874=VECTOR('',#1873,4.E-1);
#1875=CARTESIAN_POINT('',(1.631E1,2.5E0,-8.35E-1));
#1876=LINE('4901',#1875,#1874);
#1877=DIRECTION('',(1.E0,0.E0,0.E0));
#1878=VECTOR('',#1877,4.E-1);
#1879=CARTESIAN_POINT('',(1.631E1,2.5E0,-4.35E-1));
#1880=LINE('4902',#1879,#1878);
#1881=DIRECTION('',(0.E0,0.E0,-1.E0));
#1882=VECTOR('',#1881,4.E-1);
#1883=CARTESIAN_POINT('',(1.671E1,2.5E0,-4.35E-1));
#1884=LINE('4903',#1883,#1882);
#1885=DIRECTION('',(-1.E0,0.E0,0.E0));
#1886=VECTOR('',#1885,4.E-1);
#1887=CARTESIAN_POINT('',(1.671E1,2.5E0,-8.35E-1));
#1888=LINE('4904',#1887,#1886);
#1889=DIRECTION('',(1.E0,0.E0,0.E0));
#1890=VECTOR('',#1889,4.E-1);
#1891=CARTESIAN_POINT('',(1.631E1,2.5E0,8.35E-1));
#1892=LINE('4905',#1891,#1890);
#1893=DIRECTION('',(0.E0,0.E0,-1.E0));
#1894=VECTOR('',#1893,4.E-1);
#1895=CARTESIAN_POINT('',(1.671E1,2.5E0,8.35E-1));
#1896=LINE('4906',#1895,#1894);
#1897=DIRECTION('',(-1.E0,0.E0,0.E0));
#1898=VECTOR('',#1897,4.E-1);
#1899=CARTESIAN_POINT('',(1.671E1,2.5E0,4.35E-1));
#1900=LINE('4907',#1899,#1898);
#1901=DIRECTION('',(0.E0,0.E0,1.E0));
#1902=VECTOR('',#1901,4.E-1);
#1903=CARTESIAN_POINT('',(1.631E1,2.5E0,4.35E-1));
#1904=LINE('4908',#1903,#1902);
#1905=DIRECTION('',(0.E0,0.E0,1.E0));
#1906=VECTOR('',#1905,4.E-1);
#1907=CARTESIAN_POINT('',(1.758E1,2.5E0,-8.35E-1));
#1908=LINE('4949',#1907,#1906);
#1909=DIRECTION('',(1.E0,0.E0,0.E0));
#1910=VECTOR('',#1909,4.E-1);
#1911=CARTESIAN_POINT('',(1.758E1,2.5E0,-4.35E-1));
#1912=LINE('4950',#1911,#1910);
#1913=DIRECTION('',(0.E0,0.E0,-1.E0));
#1914=VECTOR('',#1913,4.E-1);
#1915=CARTESIAN_POINT('',(1.798E1,2.5E0,-4.35E-1));
#1916=LINE('4951',#1915,#1914);
#1917=DIRECTION('',(-1.E0,0.E0,0.E0));
#1918=VECTOR('',#1917,4.E-1);
#1919=CARTESIAN_POINT('',(1.798E1,2.5E0,-8.35E-1));
#1920=LINE('4952',#1919,#1918);
#1921=DIRECTION('',(1.E0,0.E0,0.E0));
#1922=VECTOR('',#1921,4.E-1);
#1923=CARTESIAN_POINT('',(1.758E1,2.5E0,8.35E-1));
#1924=LINE('4953',#1923,#1922);
#1925=DIRECTION('',(0.E0,0.E0,-1.E0));
#1926=VECTOR('',#1925,4.E-1);
#1927=CARTESIAN_POINT('',(1.798E1,2.5E0,8.35E-1));
#1928=LINE('4954',#1927,#1926);
#1929=DIRECTION('',(-1.E0,0.E0,0.E0));
#1930=VECTOR('',#1929,4.E-1);
#1931=CARTESIAN_POINT('',(1.798E1,2.5E0,4.35E-1));
#1932=LINE('4955',#1931,#1930);
#1933=DIRECTION('',(0.E0,0.E0,1.E0));
#1934=VECTOR('',#1933,4.E-1);
#1935=CARTESIAN_POINT('',(1.758E1,2.5E0,4.35E-1));
#1936=LINE('4956',#1935,#1934);
#1937=DIRECTION('',(0.E0,1.E0,0.E0));
#1938=VECTOR('',#1937,2.5E0);
#1939=CARTESIAN_POINT('',(1.7145E1,0.E0,-1.44E0));
#1940=LINE('4247',#1939,#1938);
#1941=DIRECTION('',(0.E0,1.E0,0.E0));
#1942=VECTOR('',#1941,2.5E0);
#1943=CARTESIAN_POINT('',(1.7295E1,0.E0,-1.7E0));
#1944=LINE('4240',#1943,#1942);
#1945=DIRECTION('',(0.E0,1.E0,0.E0));
#1946=VECTOR('',#1945,2.5E0);
#1947=CARTESIAN_POINT('',(1.8265E1,0.E0,-1.7E0));
#1948=LINE('4245',#1947,#1946);
#1949=DIRECTION('',(0.E0,1.E0,0.E0));
#1950=VECTOR('',#1949,2.5E0);
#1951=CARTESIAN_POINT('',(1.6995E1,0.E0,-1.7E0));
#1952=LINE('4220',#1951,#1950);
#1953=DIRECTION('',(0.E0,1.E0,0.E0));
#1954=VECTOR('',#1953,2.5E0);
#1955=CARTESIAN_POINT('',(1.6025E1,0.E0,-1.7E0));
#1956=LINE('4217',#1955,#1954);
#1957=DIRECTION('',(0.E0,1.E0,0.E0));
#1958=VECTOR('',#1957,2.5E0);
#1959=CARTESIAN_POINT('',(1.5875E1,0.E0,-1.44E0));
#1960=LINE('4222',#1959,#1958);
#1961=DIRECTION('',(0.E0,1.E0,0.E0));
#1962=VECTOR('',#1961,2.5E0);
#1963=CARTESIAN_POINT('',(1.5725E1,0.E0,-1.7E0));
#1964=LINE('4202',#1963,#1962);
#1965=DIRECTION('',(0.E0,1.E0,0.E0));
#1966=VECTOR('',#1965,2.5E0);
#1967=CARTESIAN_POINT('',(1.4755E1,0.E0,-1.7E0));
#1968=LINE('4199',#1967,#1966);
#1969=DIRECTION('',(0.E0,1.E0,0.E0));
#1970=VECTOR('',#1969,2.5E0);
#1971=CARTESIAN_POINT('',(1.4605E1,0.E0,-1.44E0));
#1972=LINE('4204',#1971,#1970);
#1973=DIRECTION('',(0.E0,1.E0,0.E0));
#1974=VECTOR('',#1973,2.5E0);
#1975=CARTESIAN_POINT('',(1.4455E1,0.E0,-1.7E0));
#1976=LINE('4184',#1975,#1974);
#1977=DIRECTION('',(0.E0,1.E0,0.E0));
#1978=VECTOR('',#1977,2.5E0);
#1979=CARTESIAN_POINT('',(1.3485E1,0.E0,-1.7E0));
#1980=LINE('4181',#1979,#1978);
#1981=DIRECTION('',(0.E0,1.E0,0.E0));
#1982=VECTOR('',#1981,2.5E0);
#1983=CARTESIAN_POINT('',(1.3335E1,0.E0,-1.44E0));
#1984=LINE('4186',#1983,#1982);
#1985=DIRECTION('',(0.E0,1.E0,0.E0));
#1986=VECTOR('',#1985,2.5E0);
#1987=CARTESIAN_POINT('',(1.3185E1,0.E0,-1.7E0));
#1988=LINE('4166',#1987,#1986);
#1989=DIRECTION('',(0.E0,1.E0,0.E0));
#1990=VECTOR('',#1989,2.5E0);
#1991=CARTESIAN_POINT('',(1.2215E1,0.E0,-1.7E0));
#1992=LINE('4163',#1991,#1990);
#1993=DIRECTION('',(0.E0,1.E0,0.E0));
#1994=VECTOR('',#1993,2.5E0);
#1995=CARTESIAN_POINT('',(1.2065E1,0.E0,-1.44E0));
#1996=LINE('4168',#1995,#1994);
#1997=DIRECTION('',(0.E0,1.E0,0.E0));
#1998=VECTOR('',#1997,2.5E0);
#1999=CARTESIAN_POINT('',(1.1915E1,0.E0,-1.7E0));
#2000=LINE('4148',#1999,#1998);
#2001=DIRECTION('',(0.E0,1.E0,0.E0));
#2002=VECTOR('',#2001,2.5E0);
#2003=CARTESIAN_POINT('',(1.0945E1,0.E0,-1.7E0));
#2004=LINE('4145',#2003,#2002);
#2005=DIRECTION('',(0.E0,1.E0,0.E0));
#2006=VECTOR('',#2005,2.5E0);
#2007=CARTESIAN_POINT('',(1.0795E1,0.E0,-1.44E0));
#2008=LINE('4150',#2007,#2006);
#2009=DIRECTION('',(0.E0,1.E0,0.E0));
#2010=VECTOR('',#2009,2.5E0);
#2011=CARTESIAN_POINT('',(1.0645E1,0.E0,-1.7E0));
#2012=LINE('4130',#2011,#2010);
#2013=DIRECTION('',(0.E0,1.E0,0.E0));
#2014=VECTOR('',#2013,2.5E0);
#2015=CARTESIAN_POINT('',(9.675E0,0.E0,-1.7E0));
#2016=LINE('4127',#2015,#2014);
#2017=DIRECTION('',(0.E0,1.E0,0.E0));
#2018=VECTOR('',#2017,2.5E0);
#2019=CARTESIAN_POINT('',(9.525E0,0.E0,-1.44E0));
#2020=LINE('4132',#2019,#2018);
#2021=DIRECTION('',(0.E0,1.E0,0.E0));
#2022=VECTOR('',#2021,2.5E0);
#2023=CARTESIAN_POINT('',(9.375E0,0.E0,-1.7E0));
#2024=LINE('4112',#2023,#2022);
#2025=DIRECTION('',(0.E0,1.E0,0.E0));
#2026=VECTOR('',#2025,2.5E0);
#2027=CARTESIAN_POINT('',(8.405E0,0.E0,-1.7E0));
#2028=LINE('4109',#2027,#2026);
#2029=DIRECTION('',(0.E0,1.E0,0.E0));
#2030=VECTOR('',#2029,2.5E0);
#2031=CARTESIAN_POINT('',(8.255E0,0.E0,-1.44E0));
#2032=LINE('4114',#2031,#2030);
#2033=DIRECTION('',(0.E0,1.E0,0.E0));
#2034=VECTOR('',#2033,2.5E0);
#2035=CARTESIAN_POINT('',(8.105E0,0.E0,-1.7E0));
#2036=LINE('4094',#2035,#2034);
#2037=DIRECTION('',(0.E0,1.E0,0.E0));
#2038=VECTOR('',#2037,2.5E0);
#2039=CARTESIAN_POINT('',(7.135E0,0.E0,-1.7E0));
#2040=LINE('4091',#2039,#2038);
#2041=DIRECTION('',(0.E0,1.E0,0.E0));
#2042=VECTOR('',#2041,2.5E0);
#2043=CARTESIAN_POINT('',(6.985E0,0.E0,-1.44E0));
#2044=LINE('4096',#2043,#2042);
#2045=DIRECTION('',(0.E0,1.E0,0.E0));
#2046=VECTOR('',#2045,2.5E0);
#2047=CARTESIAN_POINT('',(6.835E0,0.E0,-1.7E0));
#2048=LINE('4076',#2047,#2046);
#2049=DIRECTION('',(0.E0,1.E0,0.E0));
#2050=VECTOR('',#2049,2.5E0);
#2051=CARTESIAN_POINT('',(5.865E0,0.E0,-1.7E0));
#2052=LINE('4073',#2051,#2050);
#2053=DIRECTION('',(0.E0,1.E0,0.E0));
#2054=VECTOR('',#2053,2.5E0);
#2055=CARTESIAN_POINT('',(5.715E0,0.E0,-1.44E0));
#2056=LINE('4078',#2055,#2054);
#2057=DIRECTION('',(0.E0,1.E0,0.E0));
#2058=VECTOR('',#2057,2.5E0);
#2059=CARTESIAN_POINT('',(5.565E0,0.E0,-1.7E0));
#2060=LINE('4058',#2059,#2058);
#2061=DIRECTION('',(0.E0,1.E0,0.E0));
#2062=VECTOR('',#2061,2.5E0);
#2063=CARTESIAN_POINT('',(4.595E0,0.E0,-1.7E0));
#2064=LINE('4055',#2063,#2062);
#2065=DIRECTION('',(0.E0,1.E0,0.E0));
#2066=VECTOR('',#2065,2.5E0);
#2067=CARTESIAN_POINT('',(4.445E0,0.E0,-1.44E0));
#2068=LINE('4060',#2067,#2066);
#2069=DIRECTION('',(0.E0,1.E0,0.E0));
#2070=VECTOR('',#2069,2.5E0);
#2071=CARTESIAN_POINT('',(4.295E0,0.E0,-1.7E0));
#2072=LINE('4040',#2071,#2070);
#2073=DIRECTION('',(0.E0,1.E0,0.E0));
#2074=VECTOR('',#2073,2.5E0);
#2075=CARTESIAN_POINT('',(3.325E0,0.E0,-1.7E0));
#2076=LINE('4037',#2075,#2074);
#2077=DIRECTION('',(0.E0,1.E0,0.E0));
#2078=VECTOR('',#2077,2.5E0);
#2079=CARTESIAN_POINT('',(3.175E0,0.E0,-1.44E0));
#2080=LINE('4042',#2079,#2078);
#2081=DIRECTION('',(0.E0,1.E0,0.E0));
#2082=VECTOR('',#2081,2.5E0);
#2083=CARTESIAN_POINT('',(3.025E0,0.E0,-1.7E0));
#2084=LINE('4022',#2083,#2082);
#2085=DIRECTION('',(0.E0,1.E0,0.E0));
#2086=VECTOR('',#2085,2.5E0);
#2087=CARTESIAN_POINT('',(2.055E0,0.E0,-1.7E0));
#2088=LINE('4019',#2087,#2086);
#2089=DIRECTION('',(0.E0,1.E0,0.E0));
#2090=VECTOR('',#2089,2.5E0);
#2091=CARTESIAN_POINT('',(1.905E0,0.E0,-1.44E0));
#2092=LINE('4024',#2091,#2090);
#2093=DIRECTION('',(0.E0,1.E0,0.E0));
#2094=VECTOR('',#2093,2.5E0);
#2095=CARTESIAN_POINT('',(1.755E0,0.E0,-1.7E0));
#2096=LINE('3995',#2095,#2094);
#2097=DIRECTION('',(0.E0,1.E0,0.E0));
#2098=VECTOR('',#2097,2.5E0);
#2099=CARTESIAN_POINT('',(7.85E-1,0.E0,-1.7E0));
#2100=LINE('3992',#2099,#2098);
#2101=DIRECTION('',(0.E0,1.E0,0.E0));
#2102=VECTOR('',#2101,2.5E0);
#2103=CARTESIAN_POINT('',(6.35E-1,0.E0,-1.44E0));
#2104=LINE('3997',#2103,#2102);
#2105=DIRECTION('',(0.E0,1.E0,0.E0));
#2106=VECTOR('',#2105,2.5E0);
#2107=CARTESIAN_POINT('',(4.85E-1,0.E0,-1.7E0));
#2108=LINE('3987',#2107,#2106);
#2109=DIRECTION('',(0.E0,1.E0,0.E0));
#2110=VECTOR('',#2109,2.5E0);
#2111=CARTESIAN_POINT('',(-4.85E-1,0.E0,-1.7E0));
#2112=LINE('3982',#2111,#2110);
#2113=DIRECTION('',(0.E0,1.E0,0.E0));
#2114=VECTOR('',#2113,3.E0);
#2115=CARTESIAN_POINT('',(-2.E-1,2.5E0,-8.35E-1));
#2116=LINE('4294',#2115,#2114);
#2117=DIRECTION('',(0.E0,1.E0,0.E0));
#2118=VECTOR('',#2117,3.E0);
#2119=CARTESIAN_POINT('',(2.E-1,2.5E0,-8.35E-1));
#2120=LINE('4300',#2119,#2118);
#2121=DIRECTION('',(0.E0,1.E0,0.E0));
#2122=VECTOR('',#2121,3.E0);
#2123=CARTESIAN_POINT('',(2.E-1,2.5E0,-4.35E-1));
#2124=LINE('4298',#2123,#2122);
#2125=DIRECTION('',(0.E0,1.E0,0.E0));
#2126=VECTOR('',#2125,3.E0);
#2127=CARTESIAN_POINT('',(-2.E-1,2.5E0,-4.35E-1));
#2128=LINE('4296',#2127,#2126);
#2129=DIRECTION('',(0.E0,0.E0,1.E0));
#2130=VECTOR('',#2129,4.E-1);
#2131=CARTESIAN_POINT('',(-2.E-1,5.5E0,-8.35E-1));
#2132=LINE('4269',#2131,#2130);
#2133=DIRECTION('',(-1.E0,0.E0,0.E0));
#2134=VECTOR('',#2133,4.E-1);
#2135=CARTESIAN_POINT('',(2.E-1,5.5E0,-8.35E-1));
#2136=LINE('4272',#2135,#2134);
#2137=DIRECTION('',(0.E0,0.E0,-1.E0));
#2138=VECTOR('',#2137,4.E-1);
#2139=CARTESIAN_POINT('',(2.E-1,5.5E0,-4.35E-1));
#2140=LINE('4271',#2139,#2138);
#2141=DIRECTION('',(1.E0,0.E0,0.E0));
#2142=VECTOR('',#2141,4.E-1);
#2143=CARTESIAN_POINT('',(-2.E-1,5.5E0,-4.35E-1));
#2144=LINE('4270',#2143,#2142);
#2145=DIRECTION('',(0.E0,1.E0,0.E0));
#2146=VECTOR('',#2145,3.E0);
#2147=CARTESIAN_POINT('',(-2.E-1,2.5E0,8.35E-1));
#2148=LINE('4302',#2147,#2146);
#2149=DIRECTION('',(0.E0,1.E0,0.E0));
#2150=VECTOR('',#2149,3.E0);
#2151=CARTESIAN_POINT('',(-2.E-1,2.5E0,4.35E-1));
#2152=LINE('4308',#2151,#2150);
#2153=DIRECTION('',(0.E0,1.E0,0.E0));
#2154=VECTOR('',#2153,3.E0);
#2155=CARTESIAN_POINT('',(2.E-1,2.5E0,4.35E-1));
#2156=LINE('4306',#2155,#2154);
#2157=DIRECTION('',(0.E0,1.E0,0.E0));
#2158=VECTOR('',#2157,3.E0);
#2159=CARTESIAN_POINT('',(2.E-1,2.5E0,8.35E-1));
#2160=LINE('4304',#2159,#2158);
#2161=DIRECTION('',(1.E0,0.E0,0.E0));
#2162=VECTOR('',#2161,4.E-1);
#2163=CARTESIAN_POINT('',(-2.E-1,5.5E0,8.35E-1));
#2164=LINE('4273',#2163,#2162);
#2165=DIRECTION('',(0.E0,0.E0,1.E0));
#2166=VECTOR('',#2165,4.E-1);
#2167=CARTESIAN_POINT('',(-2.E-1,5.5E0,4.35E-1));
#2168=LINE('4276',#2167,#2166);
#2169=DIRECTION('',(-1.E0,0.E0,0.E0));
#2170=VECTOR('',#2169,4.E-1);
#2171=CARTESIAN_POINT('',(2.E-1,5.5E0,4.35E-1));
#2172=LINE('4275',#2171,#2170);
#2173=DIRECTION('',(0.E0,0.E0,-1.E0));
#2174=VECTOR('',#2173,4.E-1);
#2175=CARTESIAN_POINT('',(2.E-1,5.5E0,8.35E-1));
#2176=LINE('4274',#2175,#2174);
#2177=DIRECTION('',(0.E0,1.E0,0.E0));
#2178=VECTOR('',#2177,3.E0);
#2179=CARTESIAN_POINT('',(1.07E0,2.5E0,-8.35E-1));
#2180=LINE('4342',#2179,#2178);
#2181=DIRECTION('',(0.E0,1.E0,0.E0));
#2182=VECTOR('',#2181,3.E0);
#2183=CARTESIAN_POINT('',(1.47E0,2.5E0,-8.35E-1));
#2184=LINE('4348',#2183,#2182);
#2185=DIRECTION('',(0.E0,1.E0,0.E0));
#2186=VECTOR('',#2185,3.E0);
#2187=CARTESIAN_POINT('',(1.47E0,2.5E0,-4.35E-1));
#2188=LINE('4346',#2187,#2186);
#2189=DIRECTION('',(0.E0,1.E0,0.E0));
#2190=VECTOR('',#2189,3.E0);
#2191=CARTESIAN_POINT('',(1.07E0,2.5E0,-4.35E-1));
#2192=LINE('4344',#2191,#2190);
#2193=DIRECTION('',(0.E0,0.E0,1.E0));
#2194=VECTOR('',#2193,4.E-1);
#2195=CARTESIAN_POINT('',(1.07E0,5.5E0,-8.35E-1));
#2196=LINE('4317',#2195,#2194);
#2197=DIRECTION('',(-1.E0,0.E0,0.E0));
#2198=VECTOR('',#2197,4.E-1);
#2199=CARTESIAN_POINT('',(1.47E0,5.5E0,-8.35E-1));
#2200=LINE('4320',#2199,#2198);
#2201=DIRECTION('',(0.E0,0.E0,-1.E0));
#2202=VECTOR('',#2201,4.E-1);
#2203=CARTESIAN_POINT('',(1.47E0,5.5E0,-4.35E-1));
#2204=LINE('4319',#2203,#2202);
#2205=DIRECTION('',(1.E0,0.E0,0.E0));
#2206=VECTOR('',#2205,4.E-1);
#2207=CARTESIAN_POINT('',(1.07E0,5.5E0,-4.35E-1));
#2208=LINE('4318',#2207,#2206);
#2209=DIRECTION('',(0.E0,1.E0,0.E0));
#2210=VECTOR('',#2209,3.E0);
#2211=CARTESIAN_POINT('',(1.07E0,2.5E0,8.35E-1));
#2212=LINE('4350',#2211,#2210);
#2213=DIRECTION('',(0.E0,1.E0,0.E0));
#2214=VECTOR('',#2213,3.E0);
#2215=CARTESIAN_POINT('',(1.07E0,2.5E0,4.35E-1));
#2216=LINE('4356',#2215,#2214);
#2217=DIRECTION('',(0.E0,1.E0,0.E0));
#2218=VECTOR('',#2217,3.E0);
#2219=CARTESIAN_POINT('',(1.47E0,2.5E0,4.35E-1));
#2220=LINE('4354',#2219,#2218);
#2221=DIRECTION('',(0.E0,1.E0,0.E0));
#2222=VECTOR('',#2221,3.E0);
#2223=CARTESIAN_POINT('',(1.47E0,2.5E0,8.35E-1));
#2224=LINE('4352',#2223,#2222);
#2225=DIRECTION('',(1.E0,0.E0,0.E0));
#2226=VECTOR('',#2225,4.E-1);
#2227=CARTESIAN_POINT('',(1.07E0,5.5E0,8.35E-1));
#2228=LINE('4321',#2227,#2226);
#2229=DIRECTION('',(0.E0,0.E0,1.E0));
#2230=VECTOR('',#2229,4.E-1);
#2231=CARTESIAN_POINT('',(1.07E0,5.5E0,4.35E-1));
#2232=LINE('4324',#2231,#2230);
#2233=DIRECTION('',(-1.E0,0.E0,0.E0));
#2234=VECTOR('',#2233,4.E-1);
#2235=CARTESIAN_POINT('',(1.47E0,5.5E0,4.35E-1));
#2236=LINE('4323',#2235,#2234);
#2237=DIRECTION('',(0.E0,0.E0,-1.E0));
#2238=VECTOR('',#2237,4.E-1);
#2239=CARTESIAN_POINT('',(1.47E0,5.5E0,8.35E-1));
#2240=LINE('4322',#2239,#2238);
#2241=DIRECTION('',(0.E0,1.E0,0.E0));
#2242=VECTOR('',#2241,3.E0);
#2243=CARTESIAN_POINT('',(2.34E0,2.5E0,-8.35E-1));
#2244=LINE('4390',#2243,#2242);
#2245=DIRECTION('',(0.E0,1.E0,0.E0));
#2246=VECTOR('',#2245,3.E0);
#2247=CARTESIAN_POINT('',(2.74E0,2.5E0,-8.35E-1));
#2248=LINE('4396',#2247,#2246);
#2249=DIRECTION('',(0.E0,1.E0,0.E0));
#2250=VECTOR('',#2249,3.E0);
#2251=CARTESIAN_POINT('',(2.74E0,2.5E0,-4.35E-1));
#2252=LINE('4394',#2251,#2250);
#2253=DIRECTION('',(0.E0,1.E0,0.E0));
#2254=VECTOR('',#2253,3.E0);
#2255=CARTESIAN_POINT('',(2.34E0,2.5E0,-4.35E-1));
#2256=LINE('4392',#2255,#2254);
#2257=DIRECTION('',(0.E0,0.E0,1.E0));
#2258=VECTOR('',#2257,4.E-1);
#2259=CARTESIAN_POINT('',(2.34E0,5.5E0,-8.35E-1));
#2260=LINE('4365',#2259,#2258);
#2261=DIRECTION('',(-1.E0,0.E0,0.E0));
#2262=VECTOR('',#2261,4.E-1);
#2263=CARTESIAN_POINT('',(2.74E0,5.5E0,-8.35E-1));
#2264=LINE('4368',#2263,#2262);
#2265=DIRECTION('',(0.E0,0.E0,-1.E0));
#2266=VECTOR('',#2265,4.E-1);
#2267=CARTESIAN_POINT('',(2.74E0,5.5E0,-4.35E-1));
#2268=LINE('4367',#2267,#2266);
#2269=DIRECTION('',(1.E0,0.E0,0.E0));
#2270=VECTOR('',#2269,4.E-1);
#2271=CARTESIAN_POINT('',(2.34E0,5.5E0,-4.35E-1));
#2272=LINE('4366',#2271,#2270);
#2273=DIRECTION('',(0.E0,1.E0,0.E0));
#2274=VECTOR('',#2273,3.E0);
#2275=CARTESIAN_POINT('',(2.34E0,2.5E0,8.35E-1));
#2276=LINE('4398',#2275,#2274);
#2277=DIRECTION('',(0.E0,1.E0,0.E0));
#2278=VECTOR('',#2277,3.E0);
#2279=CARTESIAN_POINT('',(2.34E0,2.5E0,4.35E-1));
#2280=LINE('4404',#2279,#2278);
#2281=DIRECTION('',(0.E0,1.E0,0.E0));
#2282=VECTOR('',#2281,3.E0);
#2283=CARTESIAN_POINT('',(2.74E0,2.5E0,4.35E-1));
#2284=LINE('4402',#2283,#2282);
#2285=DIRECTION('',(0.E0,1.E0,0.E0));
#2286=VECTOR('',#2285,3.E0);
#2287=CARTESIAN_POINT('',(2.74E0,2.5E0,8.35E-1));
#2288=LINE('4400',#2287,#2286);
#2289=DIRECTION('',(1.E0,0.E0,0.E0));
#2290=VECTOR('',#2289,4.E-1);
#2291=CARTESIAN_POINT('',(2.34E0,5.5E0,8.35E-1));
#2292=LINE('4369',#2291,#2290);
#2293=DIRECTION('',(0.E0,0.E0,1.E0));
#2294=VECTOR('',#2293,4.E-1);
#2295=CARTESIAN_POINT('',(2.34E0,5.5E0,4.35E-1));
#2296=LINE('4372',#2295,#2294);
#2297=DIRECTION('',(-1.E0,0.E0,0.E0));
#2298=VECTOR('',#2297,4.E-1);
#2299=CARTESIAN_POINT('',(2.74E0,5.5E0,4.35E-1));
#2300=LINE('4371',#2299,#2298);
#2301=DIRECTION('',(0.E0,0.E0,-1.E0));
#2302=VECTOR('',#2301,4.E-1);
#2303=CARTESIAN_POINT('',(2.74E0,5.5E0,8.35E-1));
#2304=LINE('4370',#2303,#2302);
#2305=DIRECTION('',(0.E0,1.E0,0.E0));
#2306=VECTOR('',#2305,3.E0);
#2307=CARTESIAN_POINT('',(3.61E0,2.5E0,-8.35E-1));
#2308=LINE('4438',#2307,#2306);
#2309=DIRECTION('',(0.E0,1.E0,0.E0));
#2310=VECTOR('',#2309,3.E0);
#2311=CARTESIAN_POINT('',(4.01E0,2.5E0,-8.35E-1));
#2312=LINE('4444',#2311,#2310);
#2313=DIRECTION('',(0.E0,1.E0,0.E0));
#2314=VECTOR('',#2313,3.E0);
#2315=CARTESIAN_POINT('',(4.01E0,2.5E0,-4.35E-1));
#2316=LINE('4442',#2315,#2314);
#2317=DIRECTION('',(0.E0,1.E0,0.E0));
#2318=VECTOR('',#2317,3.E0);
#2319=CARTESIAN_POINT('',(3.61E0,2.5E0,-4.35E-1));
#2320=LINE('4440',#2319,#2318);
#2321=DIRECTION('',(0.E0,0.E0,1.E0));
#2322=VECTOR('',#2321,4.E-1);
#2323=CARTESIAN_POINT('',(3.61E0,5.5E0,-8.35E-1));
#2324=LINE('4413',#2323,#2322);
#2325=DIRECTION('',(-1.E0,0.E0,0.E0));
#2326=VECTOR('',#2325,4.E-1);
#2327=CARTESIAN_POINT('',(4.01E0,5.5E0,-8.35E-1));
#2328=LINE('4416',#2327,#2326);
#2329=DIRECTION('',(0.E0,0.E0,-1.E0));
#2330=VECTOR('',#2329,4.E-1);
#2331=CARTESIAN_POINT('',(4.01E0,5.5E0,-4.35E-1));
#2332=LINE('4415',#2331,#2330);
#2333=DIRECTION('',(1.E0,0.E0,0.E0));
#2334=VECTOR('',#2333,4.E-1);
#2335=CARTESIAN_POINT('',(3.61E0,5.5E0,-4.35E-1));
#2336=LINE('4414',#2335,#2334);
#2337=DIRECTION('',(0.E0,1.E0,0.E0));
#2338=VECTOR('',#2337,3.E0);
#2339=CARTESIAN_POINT('',(3.61E0,2.5E0,8.35E-1));
#2340=LINE('4446',#2339,#2338);
#2341=DIRECTION('',(0.E0,1.E0,0.E0));
#2342=VECTOR('',#2341,3.E0);
#2343=CARTESIAN_POINT('',(3.61E0,2.5E0,4.35E-1));
#2344=LINE('4452',#2343,#2342);
#2345=DIRECTION('',(0.E0,1.E0,0.E0));
#2346=VECTOR('',#2345,3.E0);
#2347=CARTESIAN_POINT('',(4.01E0,2.5E0,4.35E-1));
#2348=LINE('4450',#2347,#2346);
#2349=DIRECTION('',(0.E0,1.E0,0.E0));
#2350=VECTOR('',#2349,3.E0);
#2351=CARTESIAN_POINT('',(4.01E0,2.5E0,8.35E-1));
#2352=LINE('4448',#2351,#2350);
#2353=DIRECTION('',(1.E0,0.E0,0.E0));
#2354=VECTOR('',#2353,4.E-1);
#2355=CARTESIAN_POINT('',(3.61E0,5.5E0,8.35E-1));
#2356=LINE('4417',#2355,#2354);
#2357=DIRECTION('',(0.E0,0.E0,1.E0));
#2358=VECTOR('',#2357,4.E-1);
#2359=CARTESIAN_POINT('',(3.61E0,5.5E0,4.35E-1));
#2360=LINE('4420',#2359,#2358);
#2361=DIRECTION('',(-1.E0,0.E0,0.E0));
#2362=VECTOR('',#2361,4.E-1);
#2363=CARTESIAN_POINT('',(4.01E0,5.5E0,4.35E-1));
#2364=LINE('4419',#2363,#2362);
#2365=DIRECTION('',(0.E0,0.E0,-1.E0));
#2366=VECTOR('',#2365,4.E-1);
#2367=CARTESIAN_POINT('',(4.01E0,5.5E0,8.35E-1));
#2368=LINE('4418',#2367,#2366);
#2369=DIRECTION('',(0.E0,1.E0,0.E0));
#2370=VECTOR('',#2369,3.E0);
#2371=CARTESIAN_POINT('',(4.88E0,2.5E0,-8.35E-1));
#2372=LINE('4486',#2371,#2370);
#2373=DIRECTION('',(0.E0,1.E0,0.E0));
#2374=VECTOR('',#2373,3.E0);
#2375=CARTESIAN_POINT('',(5.28E0,2.5E0,-8.35E-1));
#2376=LINE('4492',#2375,#2374);
#2377=DIRECTION('',(0.E0,1.E0,0.E0));
#2378=VECTOR('',#2377,3.E0);
#2379=CARTESIAN_POINT('',(5.28E0,2.5E0,-4.35E-1));
#2380=LINE('4490',#2379,#2378);
#2381=DIRECTION('',(0.E0,1.E0,0.E0));
#2382=VECTOR('',#2381,3.E0);
#2383=CARTESIAN_POINT('',(4.88E0,2.5E0,-4.35E-1));
#2384=LINE('4488',#2383,#2382);
#2385=DIRECTION('',(0.E0,0.E0,1.E0));
#2386=VECTOR('',#2385,4.E-1);
#2387=CARTESIAN_POINT('',(4.88E0,5.5E0,-8.35E-1));
#2388=LINE('4461',#2387,#2386);
#2389=DIRECTION('',(-1.E0,0.E0,0.E0));
#2390=VECTOR('',#2389,4.E-1);
#2391=CARTESIAN_POINT('',(5.28E0,5.5E0,-8.35E-1));
#2392=LINE('4464',#2391,#2390);
#2393=DIRECTION('',(0.E0,0.E0,-1.E0));
#2394=VECTOR('',#2393,4.E-1);
#2395=CARTESIAN_POINT('',(5.28E0,5.5E0,-4.35E-1));
#2396=LINE('4463',#2395,#2394);
#2397=DIRECTION('',(1.E0,0.E0,0.E0));
#2398=VECTOR('',#2397,4.E-1);
#2399=CARTESIAN_POINT('',(4.88E0,5.5E0,-4.35E-1));
#2400=LINE('4462',#2399,#2398);
#2401=DIRECTION('',(0.E0,1.E0,0.E0));
#2402=VECTOR('',#2401,3.E0);
#2403=CARTESIAN_POINT('',(4.88E0,2.5E0,8.35E-1));
#2404=LINE('4494',#2403,#2402);
#2405=DIRECTION('',(0.E0,1.E0,0.E0));
#2406=VECTOR('',#2405,3.E0);
#2407=CARTESIAN_POINT('',(4.88E0,2.5E0,4.35E-1));
#2408=LINE('4500',#2407,#2406);
#2409=DIRECTION('',(0.E0,1.E0,0.E0));
#2410=VECTOR('',#2409,3.E0);
#2411=CARTESIAN_POINT('',(5.28E0,2.5E0,4.35E-1));
#2412=LINE('4498',#2411,#2410);
#2413=DIRECTION('',(0.E0,1.E0,0.E0));
#2414=VECTOR('',#2413,3.E0);
#2415=CARTESIAN_POINT('',(5.28E0,2.5E0,8.35E-1));
#2416=LINE('4496',#2415,#2414);
#2417=DIRECTION('',(1.E0,0.E0,0.E0));
#2418=VECTOR('',#2417,4.E-1);
#2419=CARTESIAN_POINT('',(4.88E0,5.5E0,8.35E-1));
#2420=LINE('4465',#2419,#2418);
#2421=DIRECTION('',(0.E0,0.E0,1.E0));
#2422=VECTOR('',#2421,4.E-1);
#2423=CARTESIAN_POINT('',(4.88E0,5.5E0,4.35E-1));
#2424=LINE('4468',#2423,#2422);
#2425=DIRECTION('',(-1.E0,0.E0,0.E0));
#2426=VECTOR('',#2425,4.E-1);
#2427=CARTESIAN_POINT('',(5.28E0,5.5E0,4.35E-1));
#2428=LINE('4467',#2427,#2426);
#2429=DIRECTION('',(0.E0,0.E0,-1.E0));
#2430=VECTOR('',#2429,4.E-1);
#2431=CARTESIAN_POINT('',(5.28E0,5.5E0,8.35E-1));
#2432=LINE('4466',#2431,#2430);
#2433=DIRECTION('',(0.E0,1.E0,0.E0));
#2434=VECTOR('',#2433,3.E0);
#2435=CARTESIAN_POINT('',(6.15E0,2.5E0,-8.35E-1));
#2436=LINE('4534',#2435,#2434);
#2437=DIRECTION('',(0.E0,1.E0,0.E0));
#2438=VECTOR('',#2437,3.E0);
#2439=CARTESIAN_POINT('',(6.55E0,2.5E0,-8.35E-1));
#2440=LINE('4540',#2439,#2438);
#2441=DIRECTION('',(0.E0,1.E0,0.E0));
#2442=VECTOR('',#2441,3.E0);
#2443=CARTESIAN_POINT('',(6.55E0,2.5E0,-4.35E-1));
#2444=LINE('4538',#2443,#2442);
#2445=DIRECTION('',(0.E0,1.E0,0.E0));
#2446=VECTOR('',#2445,3.E0);
#2447=CARTESIAN_POINT('',(6.15E0,2.5E0,-4.35E-1));
#2448=LINE('4536',#2447,#2446);
#2449=DIRECTION('',(0.E0,0.E0,1.E0));
#2450=VECTOR('',#2449,4.E-1);
#2451=CARTESIAN_POINT('',(6.15E0,5.5E0,-8.35E-1));
#2452=LINE('4509',#2451,#2450);
#2453=DIRECTION('',(-1.E0,0.E0,0.E0));
#2454=VECTOR('',#2453,4.E-1);
#2455=CARTESIAN_POINT('',(6.55E0,5.5E0,-8.35E-1));
#2456=LINE('4512',#2455,#2454);
#2457=DIRECTION('',(0.E0,0.E0,-1.E0));
#2458=VECTOR('',#2457,4.E-1);
#2459=CARTESIAN_POINT('',(6.55E0,5.5E0,-4.35E-1));
#2460=LINE('4511',#2459,#2458);
#2461=DIRECTION('',(1.E0,0.E0,0.E0));
#2462=VECTOR('',#2461,4.E-1);
#2463=CARTESIAN_POINT('',(6.15E0,5.5E0,-4.35E-1));
#2464=LINE('4510',#2463,#2462);
#2465=DIRECTION('',(0.E0,1.E0,0.E0));
#2466=VECTOR('',#2465,3.E0);
#2467=CARTESIAN_POINT('',(6.15E0,2.5E0,8.35E-1));
#2468=LINE('4542',#2467,#2466);
#2469=DIRECTION('',(0.E0,1.E0,0.E0));
#2470=VECTOR('',#2469,3.E0);
#2471=CARTESIAN_POINT('',(6.15E0,2.5E0,4.35E-1));
#2472=LINE('4548',#2471,#2470);
#2473=DIRECTION('',(0.E0,1.E0,0.E0));
#2474=VECTOR('',#2473,3.E0);
#2475=CARTESIAN_POINT('',(6.55E0,2.5E0,4.35E-1));
#2476=LINE('4546',#2475,#2474);
#2477=DIRECTION('',(0.E0,1.E0,0.E0));
#2478=VECTOR('',#2477,3.E0);
#2479=CARTESIAN_POINT('',(6.55E0,2.5E0,8.35E-1));
#2480=LINE('4544',#2479,#2478);
#2481=DIRECTION('',(1.E0,0.E0,0.E0));
#2482=VECTOR('',#2481,4.E-1);
#2483=CARTESIAN_POINT('',(6.15E0,5.5E0,8.35E-1));
#2484=LINE('4513',#2483,#2482);
#2485=DIRECTION('',(0.E0,0.E0,1.E0));
#2486=VECTOR('',#2485,4.E-1);
#2487=CARTESIAN_POINT('',(6.15E0,5.5E0,4.35E-1));
#2488=LINE('4516',#2487,#2486);
#2489=DIRECTION('',(-1.E0,0.E0,0.E0));
#2490=VECTOR('',#2489,4.E-1);
#2491=CARTESIAN_POINT('',(6.55E0,5.5E0,4.35E-1));
#2492=LINE('4515',#2491,#2490);
#2493=DIRECTION('',(0.E0,0.E0,-1.E0));
#2494=VECTOR('',#2493,4.E-1);
#2495=CARTESIAN_POINT('',(6.55E0,5.5E0,8.35E-1));
#2496=LINE('4514',#2495,#2494);
#2497=DIRECTION('',(0.E0,1.E0,0.E0));
#2498=VECTOR('',#2497,3.E0);
#2499=CARTESIAN_POINT('',(7.42E0,2.5E0,-8.35E-1));
#2500=LINE('4582',#2499,#2498);
#2501=DIRECTION('',(0.E0,1.E0,0.E0));
#2502=VECTOR('',#2501,3.E0);
#2503=CARTESIAN_POINT('',(7.82E0,2.5E0,-8.35E-1));
#2504=LINE('4588',#2503,#2502);
#2505=DIRECTION('',(0.E0,1.E0,0.E0));
#2506=VECTOR('',#2505,3.E0);
#2507=CARTESIAN_POINT('',(7.82E0,2.5E0,-4.35E-1));
#2508=LINE('4586',#2507,#2506);
#2509=DIRECTION('',(0.E0,1.E0,0.E0));
#2510=VECTOR('',#2509,3.E0);
#2511=CARTESIAN_POINT('',(7.42E0,2.5E0,-4.35E-1));
#2512=LINE('4584',#2511,#2510);
#2513=DIRECTION('',(0.E0,0.E0,1.E0));
#2514=VECTOR('',#2513,4.E-1);
#2515=CARTESIAN_POINT('',(7.42E0,5.5E0,-8.35E-1));
#2516=LINE('4557',#2515,#2514);
#2517=DIRECTION('',(-1.E0,0.E0,0.E0));
#2518=VECTOR('',#2517,4.E-1);
#2519=CARTESIAN_POINT('',(7.82E0,5.5E0,-8.35E-1));
#2520=LINE('4560',#2519,#2518);
#2521=DIRECTION('',(0.E0,0.E0,-1.E0));
#2522=VECTOR('',#2521,4.E-1);
#2523=CARTESIAN_POINT('',(7.82E0,5.5E0,-4.35E-1));
#2524=LINE('4559',#2523,#2522);
#2525=DIRECTION('',(1.E0,0.E0,0.E0));
#2526=VECTOR('',#2525,4.E-1);
#2527=CARTESIAN_POINT('',(7.42E0,5.5E0,-4.35E-1));
#2528=LINE('4558',#2527,#2526);
#2529=DIRECTION('',(0.E0,1.E0,0.E0));
#2530=VECTOR('',#2529,3.E0);
#2531=CARTESIAN_POINT('',(7.42E0,2.5E0,8.35E-1));
#2532=LINE('4590',#2531,#2530);
#2533=DIRECTION('',(0.E0,1.E0,0.E0));
#2534=VECTOR('',#2533,3.E0);
#2535=CARTESIAN_POINT('',(7.42E0,2.5E0,4.35E-1));
#2536=LINE('4596',#2535,#2534);
#2537=DIRECTION('',(0.E0,1.E0,0.E0));
#2538=VECTOR('',#2537,3.E0);
#2539=CARTESIAN_POINT('',(7.82E0,2.5E0,4.35E-1));
#2540=LINE('4594',#2539,#2538);
#2541=DIRECTION('',(0.E0,1.E0,0.E0));
#2542=VECTOR('',#2541,3.E0);
#2543=CARTESIAN_POINT('',(7.82E0,2.5E0,8.35E-1));
#2544=LINE('4592',#2543,#2542);
#2545=DIRECTION('',(1.E0,0.E0,0.E0));
#2546=VECTOR('',#2545,4.E-1);
#2547=CARTESIAN_POINT('',(7.42E0,5.5E0,8.35E-1));
#2548=LINE('4561',#2547,#2546);
#2549=DIRECTION('',(0.E0,0.E0,1.E0));
#2550=VECTOR('',#2549,4.E-1);
#2551=CARTESIAN_POINT('',(7.42E0,5.5E0,4.35E-1));
#2552=LINE('4564',#2551,#2550);
#2553=DIRECTION('',(-1.E0,0.E0,0.E0));
#2554=VECTOR('',#2553,4.E-1);
#2555=CARTESIAN_POINT('',(7.82E0,5.5E0,4.35E-1));
#2556=LINE('4563',#2555,#2554);
#2557=DIRECTION('',(0.E0,0.E0,-1.E0));
#2558=VECTOR('',#2557,4.E-1);
#2559=CARTESIAN_POINT('',(7.82E0,5.5E0,8.35E-1));
#2560=LINE('4562',#2559,#2558);
#2561=DIRECTION('',(0.E0,1.E0,0.E0));
#2562=VECTOR('',#2561,3.E0);
#2563=CARTESIAN_POINT('',(8.69E0,2.5E0,-8.35E-1));
#2564=LINE('4630',#2563,#2562);
#2565=DIRECTION('',(0.E0,1.E0,0.E0));
#2566=VECTOR('',#2565,3.E0);
#2567=CARTESIAN_POINT('',(9.09E0,2.5E0,-8.35E-1));
#2568=LINE('4636',#2567,#2566);
#2569=DIRECTION('',(0.E0,1.E0,0.E0));
#2570=VECTOR('',#2569,3.E0);
#2571=CARTESIAN_POINT('',(9.09E0,2.5E0,-4.35E-1));
#2572=LINE('4634',#2571,#2570);
#2573=DIRECTION('',(0.E0,1.E0,0.E0));
#2574=VECTOR('',#2573,3.E0);
#2575=CARTESIAN_POINT('',(8.69E0,2.5E0,-4.35E-1));
#2576=LINE('4632',#2575,#2574);
#2577=DIRECTION('',(0.E0,0.E0,1.E0));
#2578=VECTOR('',#2577,4.E-1);
#2579=CARTESIAN_POINT('',(8.69E0,5.5E0,-8.35E-1));
#2580=LINE('4605',#2579,#2578);
#2581=DIRECTION('',(-1.E0,0.E0,0.E0));
#2582=VECTOR('',#2581,4.E-1);
#2583=CARTESIAN_POINT('',(9.09E0,5.5E0,-8.35E-1));
#2584=LINE('4608',#2583,#2582);
#2585=DIRECTION('',(0.E0,0.E0,-1.E0));
#2586=VECTOR('',#2585,4.E-1);
#2587=CARTESIAN_POINT('',(9.09E0,5.5E0,-4.35E-1));
#2588=LINE('4607',#2587,#2586);
#2589=DIRECTION('',(1.E0,0.E0,0.E0));
#2590=VECTOR('',#2589,4.E-1);
#2591=CARTESIAN_POINT('',(8.69E0,5.5E0,-4.35E-1));
#2592=LINE('4606',#2591,#2590);
#2593=DIRECTION('',(0.E0,1.E0,0.E0));
#2594=VECTOR('',#2593,3.E0);
#2595=CARTESIAN_POINT('',(8.69E0,2.5E0,8.35E-1));
#2596=LINE('4638',#2595,#2594);
#2597=DIRECTION('',(0.E0,1.E0,0.E0));
#2598=VECTOR('',#2597,3.E0);
#2599=CARTESIAN_POINT('',(8.69E0,2.5E0,4.35E-1));
#2600=LINE('4644',#2599,#2598);
#2601=DIRECTION('',(0.E0,1.E0,0.E0));
#2602=VECTOR('',#2601,3.E0);
#2603=CARTESIAN_POINT('',(9.09E0,2.5E0,4.35E-1));
#2604=LINE('4642',#2603,#2602);
#2605=DIRECTION('',(0.E0,1.E0,0.E0));
#2606=VECTOR('',#2605,3.E0);
#2607=CARTESIAN_POINT('',(9.09E0,2.5E0,8.35E-1));
#2608=LINE('4640',#2607,#2606);
#2609=DIRECTION('',(1.E0,0.E0,0.E0));
#2610=VECTOR('',#2609,4.E-1);
#2611=CARTESIAN_POINT('',(8.69E0,5.5E0,8.35E-1));
#2612=LINE('4609',#2611,#2610);
#2613=DIRECTION('',(0.E0,0.E0,1.E0));
#2614=VECTOR('',#2613,4.E-1);
#2615=CARTESIAN_POINT('',(8.69E0,5.5E0,4.35E-1));
#2616=LINE('4612',#2615,#2614);
#2617=DIRECTION('',(-1.E0,0.E0,0.E0));
#2618=VECTOR('',#2617,4.E-1);
#2619=CARTESIAN_POINT('',(9.09E0,5.5E0,4.35E-1));
#2620=LINE('4611',#2619,#2618);
#2621=DIRECTION('',(0.E0,0.E0,-1.E0));
#2622=VECTOR('',#2621,4.E-1);
#2623=CARTESIAN_POINT('',(9.09E0,5.5E0,8.35E-1));
#2624=LINE('4610',#2623,#2622);
#2625=DIRECTION('',(0.E0,1.E0,0.E0));
#2626=VECTOR('',#2625,3.E0);
#2627=CARTESIAN_POINT('',(9.96E0,2.5E0,-8.35E-1));
#2628=LINE('4678',#2627,#2626);
#2629=DIRECTION('',(0.E0,1.E0,0.E0));
#2630=VECTOR('',#2629,3.E0);
#2631=CARTESIAN_POINT('',(1.036E1,2.5E0,-8.35E-1));
#2632=LINE('4684',#2631,#2630);
#2633=DIRECTION('',(0.E0,1.E0,0.E0));
#2634=VECTOR('',#2633,3.E0);
#2635=CARTESIAN_POINT('',(1.036E1,2.5E0,-4.35E-1));
#2636=LINE('4682',#2635,#2634);
#2637=DIRECTION('',(0.E0,1.E0,0.E0));
#2638=VECTOR('',#2637,3.E0);
#2639=CARTESIAN_POINT('',(9.96E0,2.5E0,-4.35E-1));
#2640=LINE('4680',#2639,#2638);
#2641=DIRECTION('',(0.E0,0.E0,1.E0));
#2642=VECTOR('',#2641,4.E-1);
#2643=CARTESIAN_POINT('',(9.96E0,5.5E0,-8.35E-1));
#2644=LINE('4653',#2643,#2642);
#2645=DIRECTION('',(-1.E0,0.E0,0.E0));
#2646=VECTOR('',#2645,4.E-1);
#2647=CARTESIAN_POINT('',(1.036E1,5.5E0,-8.35E-1));
#2648=LINE('4656',#2647,#2646);
#2649=DIRECTION('',(0.E0,0.E0,-1.E0));
#2650=VECTOR('',#2649,4.E-1);
#2651=CARTESIAN_POINT('',(1.036E1,5.5E0,-4.35E-1));
#2652=LINE('4655',#2651,#2650);
#2653=DIRECTION('',(1.E0,0.E0,0.E0));
#2654=VECTOR('',#2653,4.E-1);
#2655=CARTESIAN_POINT('',(9.96E0,5.5E0,-4.35E-1));
#2656=LINE('4654',#2655,#2654);
#2657=DIRECTION('',(0.E0,1.E0,0.E0));
#2658=VECTOR('',#2657,3.E0);
#2659=CARTESIAN_POINT('',(9.96E0,2.5E0,8.35E-1));
#2660=LINE('4686',#2659,#2658);
#2661=DIRECTION('',(0.E0,1.E0,0.E0));
#2662=VECTOR('',#2661,3.E0);
#2663=CARTESIAN_POINT('',(9.96E0,2.5E0,4.35E-1));
#2664=LINE('4692',#2663,#2662);
#2665=DIRECTION('',(0.E0,1.E0,0.E0));
#2666=VECTOR('',#2665,3.E0);
#2667=CARTESIAN_POINT('',(1.036E1,2.5E0,4.35E-1));
#2668=LINE('4690',#2667,#2666);
#2669=DIRECTION('',(0.E0,1.E0,0.E0));
#2670=VECTOR('',#2669,3.E0);
#2671=CARTESIAN_POINT('',(1.036E1,2.5E0,8.35E-1));
#2672=LINE('4688',#2671,#2670);
#2673=DIRECTION('',(1.E0,0.E0,0.E0));
#2674=VECTOR('',#2673,4.E-1);
#2675=CARTESIAN_POINT('',(9.96E0,5.5E0,8.35E-1));
#2676=LINE('4657',#2675,#2674);
#2677=DIRECTION('',(0.E0,0.E0,1.E0));
#2678=VECTOR('',#2677,4.E-1);
#2679=CARTESIAN_POINT('',(9.96E0,5.5E0,4.35E-1));
#2680=LINE('4660',#2679,#2678);
#2681=DIRECTION('',(-1.E0,0.E0,0.E0));
#2682=VECTOR('',#2681,4.E-1);
#2683=CARTESIAN_POINT('',(1.036E1,5.5E0,4.35E-1));
#2684=LINE('4659',#2683,#2682);
#2685=DIRECTION('',(0.E0,0.E0,-1.E0));
#2686=VECTOR('',#2685,4.E-1);
#2687=CARTESIAN_POINT('',(1.036E1,5.5E0,8.35E-1));
#2688=LINE('4658',#2687,#2686);
#2689=DIRECTION('',(0.E0,1.E0,0.E0));
#2690=VECTOR('',#2689,3.E0);
#2691=CARTESIAN_POINT('',(1.123E1,2.5E0,-8.35E-1));
#2692=LINE('4726',#2691,#2690);
#2693=DIRECTION('',(0.E0,1.E0,0.E0));
#2694=VECTOR('',#2693,3.E0);
#2695=CARTESIAN_POINT('',(1.163E1,2.5E0,-8.35E-1));
#2696=LINE('4732',#2695,#2694);
#2697=DIRECTION('',(0.E0,1.E0,0.E0));
#2698=VECTOR('',#2697,3.E0);
#2699=CARTESIAN_POINT('',(1.163E1,2.5E0,-4.35E-1));
#2700=LINE('4730',#2699,#2698);
#2701=DIRECTION('',(0.E0,1.E0,0.E0));
#2702=VECTOR('',#2701,3.E0);
#2703=CARTESIAN_POINT('',(1.123E1,2.5E0,-4.35E-1));
#2704=LINE('4728',#2703,#2702);
#2705=DIRECTION('',(0.E0,0.E0,1.E0));
#2706=VECTOR('',#2705,4.E-1);
#2707=CARTESIAN_POINT('',(1.123E1,5.5E0,-8.35E-1));
#2708=LINE('4701',#2707,#2706);
#2709=DIRECTION('',(-1.E0,0.E0,0.E0));
#2710=VECTOR('',#2709,4.E-1);
#2711=CARTESIAN_POINT('',(1.163E1,5.5E0,-8.35E-1));
#2712=LINE('4704',#2711,#2710);
#2713=DIRECTION('',(0.E0,0.E0,-1.E0));
#2714=VECTOR('',#2713,4.E-1);
#2715=CARTESIAN_POINT('',(1.163E1,5.5E0,-4.35E-1));
#2716=LINE('4703',#2715,#2714);
#2717=DIRECTION('',(1.E0,0.E0,0.E0));
#2718=VECTOR('',#2717,4.E-1);
#2719=CARTESIAN_POINT('',(1.123E1,5.5E0,-4.35E-1));
#2720=LINE('4702',#2719,#2718);
#2721=DIRECTION('',(0.E0,1.E0,0.E0));
#2722=VECTOR('',#2721,3.E0);
#2723=CARTESIAN_POINT('',(1.123E1,2.5E0,8.35E-1));
#2724=LINE('4734',#2723,#2722);
#2725=DIRECTION('',(0.E0,1.E0,0.E0));
#2726=VECTOR('',#2725,3.E0);
#2727=CARTESIAN_POINT('',(1.123E1,2.5E0,4.35E-1));
#2728=LINE('4740',#2727,#2726);
#2729=DIRECTION('',(0.E0,1.E0,0.E0));
#2730=VECTOR('',#2729,3.E0);
#2731=CARTESIAN_POINT('',(1.163E1,2.5E0,4.35E-1));
#2732=LINE('4738',#2731,#2730);
#2733=DIRECTION('',(0.E0,1.E0,0.E0));
#2734=VECTOR('',#2733,3.E0);
#2735=CARTESIAN_POINT('',(1.163E1,2.5E0,8.35E-1));
#2736=LINE('4736',#2735,#2734);
#2737=DIRECTION('',(1.E0,0.E0,0.E0));
#2738=VECTOR('',#2737,4.E-1);
#2739=CARTESIAN_POINT('',(1.123E1,5.5E0,8.35E-1));
#2740=LINE('4705',#2739,#2738);
#2741=DIRECTION('',(0.E0,0.E0,1.E0));
#2742=VECTOR('',#2741,4.E-1);
#2743=CARTESIAN_POINT('',(1.123E1,5.5E0,4.35E-1));
#2744=LINE('4708',#2743,#2742);
#2745=DIRECTION('',(-1.E0,0.E0,0.E0));
#2746=VECTOR('',#2745,4.E-1);
#2747=CARTESIAN_POINT('',(1.163E1,5.5E0,4.35E-1));
#2748=LINE('4707',#2747,#2746);
#2749=DIRECTION('',(0.E0,0.E0,-1.E0));
#2750=VECTOR('',#2749,4.E-1);
#2751=CARTESIAN_POINT('',(1.163E1,5.5E0,8.35E-1));
#2752=LINE('4706',#2751,#2750);
#2753=DIRECTION('',(0.E0,1.E0,0.E0));
#2754=VECTOR('',#2753,3.E0);
#2755=CARTESIAN_POINT('',(1.25E1,2.5E0,-8.35E-1));
#2756=LINE('4774',#2755,#2754);
#2757=DIRECTION('',(0.E0,1.E0,0.E0));
#2758=VECTOR('',#2757,3.E0);
#2759=CARTESIAN_POINT('',(1.29E1,2.5E0,-8.35E-1));
#2760=LINE('4780',#2759,#2758);
#2761=DIRECTION('',(0.E0,1.E0,0.E0));
#2762=VECTOR('',#2761,3.E0);
#2763=CARTESIAN_POINT('',(1.29E1,2.5E0,-4.35E-1));
#2764=LINE('4778',#2763,#2762);
#2765=DIRECTION('',(0.E0,1.E0,0.E0));
#2766=VECTOR('',#2765,3.E0);
#2767=CARTESIAN_POINT('',(1.25E1,2.5E0,-4.35E-1));
#2768=LINE('4776',#2767,#2766);
#2769=DIRECTION('',(0.E0,0.E0,1.E0));
#2770=VECTOR('',#2769,4.E-1);
#2771=CARTESIAN_POINT('',(1.25E1,5.5E0,-8.35E-1));
#2772=LINE('4749',#2771,#2770);
#2773=DIRECTION('',(-1.E0,0.E0,0.E0));
#2774=VECTOR('',#2773,4.E-1);
#2775=CARTESIAN_POINT('',(1.29E1,5.5E0,-8.35E-1));
#2776=LINE('4752',#2775,#2774);
#2777=DIRECTION('',(0.E0,0.E0,-1.E0));
#2778=VECTOR('',#2777,4.E-1);
#2779=CARTESIAN_POINT('',(1.29E1,5.5E0,-4.35E-1));
#2780=LINE('4751',#2779,#2778);
#2781=DIRECTION('',(1.E0,0.E0,0.E0));
#2782=VECTOR('',#2781,4.E-1);
#2783=CARTESIAN_POINT('',(1.25E1,5.5E0,-4.35E-1));
#2784=LINE('4750',#2783,#2782);
#2785=DIRECTION('',(0.E0,1.E0,0.E0));
#2786=VECTOR('',#2785,3.E0);
#2787=CARTESIAN_POINT('',(1.25E1,2.5E0,8.35E-1));
#2788=LINE('4782',#2787,#2786);
#2789=DIRECTION('',(0.E0,1.E0,0.E0));
#2790=VECTOR('',#2789,3.E0);
#2791=CARTESIAN_POINT('',(1.25E1,2.5E0,4.35E-1));
#2792=LINE('4788',#2791,#2790);
#2793=DIRECTION('',(0.E0,1.E0,0.E0));
#2794=VECTOR('',#2793,3.E0);
#2795=CARTESIAN_POINT('',(1.29E1,2.5E0,4.35E-1));
#2796=LINE('4786',#2795,#2794);
#2797=DIRECTION('',(0.E0,1.E0,0.E0));
#2798=VECTOR('',#2797,3.E0);
#2799=CARTESIAN_POINT('',(1.29E1,2.5E0,8.35E-1));
#2800=LINE('4784',#2799,#2798);
#2801=DIRECTION('',(1.E0,0.E0,0.E0));
#2802=VECTOR('',#2801,4.E-1);
#2803=CARTESIAN_POINT('',(1.25E1,5.5E0,8.35E-1));
#2804=LINE('4753',#2803,#2802);
#2805=DIRECTION('',(0.E0,0.E0,1.E0));
#2806=VECTOR('',#2805,4.E-1);
#2807=CARTESIAN_POINT('',(1.25E1,5.5E0,4.35E-1));
#2808=LINE('4756',#2807,#2806);
#2809=DIRECTION('',(-1.E0,0.E0,0.E0));
#2810=VECTOR('',#2809,4.E-1);
#2811=CARTESIAN_POINT('',(1.29E1,5.5E0,4.35E-1));
#2812=LINE('4755',#2811,#2810);
#2813=DIRECTION('',(0.E0,0.E0,-1.E0));
#2814=VECTOR('',#2813,4.E-1);
#2815=CARTESIAN_POINT('',(1.29E1,5.5E0,8.35E-1));
#2816=LINE('4754',#2815,#2814);
#2817=DIRECTION('',(0.E0,1.E0,0.E0));
#2818=VECTOR('',#2817,3.E0);
#2819=CARTESIAN_POINT('',(1.377E1,2.5E0,-8.35E-1));
#2820=LINE('4822',#2819,#2818);
#2821=DIRECTION('',(0.E0,1.E0,0.E0));
#2822=VECTOR('',#2821,3.E0);
#2823=CARTESIAN_POINT('',(1.417E1,2.5E0,-8.35E-1));
#2824=LINE('4828',#2823,#2822);
#2825=DIRECTION('',(0.E0,1.E0,0.E0));
#2826=VECTOR('',#2825,3.E0);
#2827=CARTESIAN_POINT('',(1.417E1,2.5E0,-4.35E-1));
#2828=LINE('4826',#2827,#2826);
#2829=DIRECTION('',(0.E0,1.E0,0.E0));
#2830=VECTOR('',#2829,3.E0);
#2831=CARTESIAN_POINT('',(1.377E1,2.5E0,-4.35E-1));
#2832=LINE('4824',#2831,#2830);
#2833=DIRECTION('',(0.E0,0.E0,1.E0));
#2834=VECTOR('',#2833,4.E-1);
#2835=CARTESIAN_POINT('',(1.377E1,5.5E0,-8.35E-1));
#2836=LINE('4797',#2835,#2834);
#2837=DIRECTION('',(-1.E0,0.E0,0.E0));
#2838=VECTOR('',#2837,4.E-1);
#2839=CARTESIAN_POINT('',(1.417E1,5.5E0,-8.35E-1));
#2840=LINE('4800',#2839,#2838);
#2841=DIRECTION('',(0.E0,0.E0,-1.E0));
#2842=VECTOR('',#2841,4.E-1);
#2843=CARTESIAN_POINT('',(1.417E1,5.5E0,-4.35E-1));
#2844=LINE('4799',#2843,#2842);
#2845=DIRECTION('',(1.E0,0.E0,0.E0));
#2846=VECTOR('',#2845,4.E-1);
#2847=CARTESIAN_POINT('',(1.377E1,5.5E0,-4.35E-1));
#2848=LINE('4798',#2847,#2846);
#2849=DIRECTION('',(0.E0,1.E0,0.E0));
#2850=VECTOR('',#2849,3.E0);
#2851=CARTESIAN_POINT('',(1.377E1,2.5E0,8.35E-1));
#2852=LINE('4830',#2851,#2850);
#2853=DIRECTION('',(0.E0,1.E0,0.E0));
#2854=VECTOR('',#2853,3.E0);
#2855=CARTESIAN_POINT('',(1.377E1,2.5E0,4.35E-1));
#2856=LINE('4836',#2855,#2854);
#2857=DIRECTION('',(0.E0,1.E0,0.E0));
#2858=VECTOR('',#2857,3.E0);
#2859=CARTESIAN_POINT('',(1.417E1,2.5E0,4.35E-1));
#2860=LINE('4834',#2859,#2858);
#2861=DIRECTION('',(0.E0,1.E0,0.E0));
#2862=VECTOR('',#2861,3.E0);
#2863=CARTESIAN_POINT('',(1.417E1,2.5E0,8.35E-1));
#2864=LINE('4832',#2863,#2862);
#2865=DIRECTION('',(1.E0,0.E0,0.E0));
#2866=VECTOR('',#2865,4.E-1);
#2867=CARTESIAN_POINT('',(1.377E1,5.5E0,8.35E-1));
#2868=LINE('4801',#2867,#2866);
#2869=DIRECTION('',(0.E0,0.E0,1.E0));
#2870=VECTOR('',#2869,4.E-1);
#2871=CARTESIAN_POINT('',(1.377E1,5.5E0,4.35E-1));
#2872=LINE('4804',#2871,#2870);
#2873=DIRECTION('',(-1.E0,0.E0,0.E0));
#2874=VECTOR('',#2873,4.E-1);
#2875=CARTESIAN_POINT('',(1.417E1,5.5E0,4.35E-1));
#2876=LINE('4803',#2875,#2874);
#2877=DIRECTION('',(0.E0,0.E0,-1.E0));
#2878=VECTOR('',#2877,4.E-1);
#2879=CARTESIAN_POINT('',(1.417E1,5.5E0,8.35E-1));
#2880=LINE('4802',#2879,#2878);
#2881=DIRECTION('',(0.E0,1.E0,0.E0));
#2882=VECTOR('',#2881,3.E0);
#2883=CARTESIAN_POINT('',(1.504E1,2.5E0,-8.35E-1));
#2884=LINE('4870',#2883,#2882);
#2885=DIRECTION('',(0.E0,1.E0,0.E0));
#2886=VECTOR('',#2885,3.E0);
#2887=CARTESIAN_POINT('',(1.544E1,2.5E0,-8.35E-1));
#2888=LINE('4876',#2887,#2886);
#2889=DIRECTION('',(0.E0,1.E0,0.E0));
#2890=VECTOR('',#2889,3.E0);
#2891=CARTESIAN_POINT('',(1.544E1,2.5E0,-4.35E-1));
#2892=LINE('4874',#2891,#2890);
#2893=DIRECTION('',(0.E0,1.E0,0.E0));
#2894=VECTOR('',#2893,3.E0);
#2895=CARTESIAN_POINT('',(1.504E1,2.5E0,-4.35E-1));
#2896=LINE('4872',#2895,#2894);
#2897=DIRECTION('',(0.E0,0.E0,1.E0));
#2898=VECTOR('',#2897,4.E-1);
#2899=CARTESIAN_POINT('',(1.504E1,5.5E0,-8.35E-1));
#2900=LINE('4845',#2899,#2898);
#2901=DIRECTION('',(-1.E0,0.E0,0.E0));
#2902=VECTOR('',#2901,4.E-1);
#2903=CARTESIAN_POINT('',(1.544E1,5.5E0,-8.35E-1));
#2904=LINE('4848',#2903,#2902);
#2905=DIRECTION('',(0.E0,0.E0,-1.E0));
#2906=VECTOR('',#2905,4.E-1);
#2907=CARTESIAN_POINT('',(1.544E1,5.5E0,-4.35E-1));
#2908=LINE('4847',#2907,#2906);
#2909=DIRECTION('',(1.E0,0.E0,0.E0));
#2910=VECTOR('',#2909,4.E-1);
#2911=CARTESIAN_POINT('',(1.504E1,5.5E0,-4.35E-1));
#2912=LINE('4846',#2911,#2910);
#2913=DIRECTION('',(0.E0,1.E0,0.E0));
#2914=VECTOR('',#2913,3.E0);
#2915=CARTESIAN_POINT('',(1.504E1,2.5E0,8.35E-1));
#2916=LINE('4878',#2915,#2914);
#2917=DIRECTION('',(0.E0,1.E0,0.E0));
#2918=VECTOR('',#2917,3.E0);
#2919=CARTESIAN_POINT('',(1.504E1,2.5E0,4.35E-1));
#2920=LINE('4884',#2919,#2918);
#2921=DIRECTION('',(0.E0,1.E0,0.E0));
#2922=VECTOR('',#2921,3.E0);
#2923=CARTESIAN_POINT('',(1.544E1,2.5E0,4.35E-1));
#2924=LINE('4882',#2923,#2922);
#2925=DIRECTION('',(0.E0,1.E0,0.E0));
#2926=VECTOR('',#2925,3.E0);
#2927=CARTESIAN_POINT('',(1.544E1,2.5E0,8.35E-1));
#2928=LINE('4880',#2927,#2926);
#2929=DIRECTION('',(1.E0,0.E0,0.E0));
#2930=VECTOR('',#2929,4.E-1);
#2931=CARTESIAN_POINT('',(1.504E1,5.5E0,8.35E-1));
#2932=LINE('4849',#2931,#2930);
#2933=DIRECTION('',(0.E0,0.E0,1.E0));
#2934=VECTOR('',#2933,4.E-1);
#2935=CARTESIAN_POINT('',(1.504E1,5.5E0,4.35E-1));
#2936=LINE('4852',#2935,#2934);
#2937=DIRECTION('',(-1.E0,0.E0,0.E0));
#2938=VECTOR('',#2937,4.E-1);
#2939=CARTESIAN_POINT('',(1.544E1,5.5E0,4.35E-1));
#2940=LINE('4851',#2939,#2938);
#2941=DIRECTION('',(0.E0,0.E0,-1.E0));
#2942=VECTOR('',#2941,4.E-1);
#2943=CARTESIAN_POINT('',(1.544E1,5.5E0,8.35E-1));
#2944=LINE('4850',#2943,#2942);
#2945=DIRECTION('',(0.E0,1.E0,0.E0));
#2946=VECTOR('',#2945,3.E0);
#2947=CARTESIAN_POINT('',(1.631E1,2.5E0,-8.35E-1));
#2948=LINE('4918',#2947,#2946);
#2949=DIRECTION('',(0.E0,1.E0,0.E0));
#2950=VECTOR('',#2949,3.E0);
#2951=CARTESIAN_POINT('',(1.671E1,2.5E0,-8.35E-1));
#2952=LINE('4924',#2951,#2950);
#2953=DIRECTION('',(0.E0,1.E0,0.E0));
#2954=VECTOR('',#2953,3.E0);
#2955=CARTESIAN_POINT('',(1.671E1,2.5E0,-4.35E-1));
#2956=LINE('4922',#2955,#2954);
#2957=DIRECTION('',(0.E0,1.E0,0.E0));
#2958=VECTOR('',#2957,3.E0);
#2959=CARTESIAN_POINT('',(1.631E1,2.5E0,-4.35E-1));
#2960=LINE('4920',#2959,#2958);
#2961=DIRECTION('',(0.E0,0.E0,1.E0));
#2962=VECTOR('',#2961,4.E-1);
#2963=CARTESIAN_POINT('',(1.631E1,5.5E0,-8.35E-1));
#2964=LINE('4893',#2963,#2962);
#2965=DIRECTION('',(-1.E0,0.E0,0.E0));
#2966=VECTOR('',#2965,4.E-1);
#2967=CARTESIAN_POINT('',(1.671E1,5.5E0,-8.35E-1));
#2968=LINE('4896',#2967,#2966);
#2969=DIRECTION('',(0.E0,0.E0,-1.E0));
#2970=VECTOR('',#2969,4.E-1);
#2971=CARTESIAN_POINT('',(1.671E1,5.5E0,-4.35E-1));
#2972=LINE('4895',#2971,#2970);
#2973=DIRECTION('',(1.E0,0.E0,0.E0));
#2974=VECTOR('',#2973,4.E-1);
#2975=CARTESIAN_POINT('',(1.631E1,5.5E0,-4.35E-1));
#2976=LINE('4894',#2975,#2974);
#2977=DIRECTION('',(0.E0,1.E0,0.E0));
#2978=VECTOR('',#2977,3.E0);
#2979=CARTESIAN_POINT('',(1.631E1,2.5E0,8.35E-1));
#2980=LINE('4926',#2979,#2978);
#2981=DIRECTION('',(0.E0,1.E0,0.E0));
#2982=VECTOR('',#2981,3.E0);
#2983=CARTESIAN_POINT('',(1.631E1,2.5E0,4.35E-1));
#2984=LINE('4932',#2983,#2982);
#2985=DIRECTION('',(0.E0,1.E0,0.E0));
#2986=VECTOR('',#2985,3.E0);
#2987=CARTESIAN_POINT('',(1.671E1,2.5E0,4.35E-1));
#2988=LINE('4930',#2987,#2986);
#2989=DIRECTION('',(0.E0,1.E0,0.E0));
#2990=VECTOR('',#2989,3.E0);
#2991=CARTESIAN_POINT('',(1.671E1,2.5E0,8.35E-1));
#2992=LINE('4928',#2991,#2990);
#2993=DIRECTION('',(1.E0,0.E0,0.E0));
#2994=VECTOR('',#2993,4.E-1);
#2995=CARTESIAN_POINT('',(1.631E1,5.5E0,8.35E-1));
#2996=LINE('4897',#2995,#2994);
#2997=DIRECTION('',(0.E0,0.E0,1.E0));
#2998=VECTOR('',#2997,4.E-1);
#2999=CARTESIAN_POINT('',(1.631E1,5.5E0,4.35E-1));
#3000=LINE('4900',#2999,#2998);
#3001=DIRECTION('',(-1.E0,0.E0,0.E0));
#3002=VECTOR('',#3001,4.E-1);
#3003=CARTESIAN_POINT('',(1.671E1,5.5E0,4.35E-1));
#3004=LINE('4899',#3003,#3002);
#3005=DIRECTION('',(0.E0,0.E0,-1.E0));
#3006=VECTOR('',#3005,4.E-1);
#3007=CARTESIAN_POINT('',(1.671E1,5.5E0,8.35E-1));
#3008=LINE('4898',#3007,#3006);
#3009=DIRECTION('',(0.E0,1.E0,0.E0));
#3010=VECTOR('',#3009,3.E0);
#3011=CARTESIAN_POINT('',(1.758E1,2.5E0,-8.35E-1));
#3012=LINE('4966',#3011,#3010);
#3013=DIRECTION('',(0.E0,1.E0,0.E0));
#3014=VECTOR('',#3013,3.E0);
#3015=CARTESIAN_POINT('',(1.798E1,2.5E0,-8.35E-1));
#3016=LINE('4972',#3015,#3014);
#3017=DIRECTION('',(0.E0,1.E0,0.E0));
#3018=VECTOR('',#3017,3.E0);
#3019=CARTESIAN_POINT('',(1.798E1,2.5E0,-4.35E-1));
#3020=LINE('4970',#3019,#3018);
#3021=DIRECTION('',(0.E0,1.E0,0.E0));
#3022=VECTOR('',#3021,3.E0);
#3023=CARTESIAN_POINT('',(1.758E1,2.5E0,-4.35E-1));
#3024=LINE('4968',#3023,#3022);
#3025=DIRECTION('',(0.E0,0.E0,1.E0));
#3026=VECTOR('',#3025,4.E-1);
#3027=CARTESIAN_POINT('',(1.758E1,5.5E0,-8.35E-1));
#3028=LINE('4941',#3027,#3026);
#3029=DIRECTION('',(-1.E0,0.E0,0.E0));
#3030=VECTOR('',#3029,4.E-1);
#3031=CARTESIAN_POINT('',(1.798E1,5.5E0,-8.35E-1));
#3032=LINE('4944',#3031,#3030);
#3033=DIRECTION('',(0.E0,0.E0,-1.E0));
#3034=VECTOR('',#3033,4.E-1);
#3035=CARTESIAN_POINT('',(1.798E1,5.5E0,-4.35E-1));
#3036=LINE('4943',#3035,#3034);
#3037=DIRECTION('',(1.E0,0.E0,0.E0));
#3038=VECTOR('',#3037,4.E-1);
#3039=CARTESIAN_POINT('',(1.758E1,5.5E0,-4.35E-1));
#3040=LINE('4942',#3039,#3038);
#3041=DIRECTION('',(0.E0,1.E0,0.E0));
#3042=VECTOR('',#3041,3.E0);
#3043=CARTESIAN_POINT('',(1.758E1,2.5E0,8.35E-1));
#3044=LINE('4974',#3043,#3042);
#3045=DIRECTION('',(0.E0,1.E0,0.E0));
#3046=VECTOR('',#3045,3.E0);
#3047=CARTESIAN_POINT('',(1.758E1,2.5E0,4.35E-1));
#3048=LINE('4980',#3047,#3046);
#3049=DIRECTION('',(0.E0,1.E0,0.E0));
#3050=VECTOR('',#3049,3.E0);
#3051=CARTESIAN_POINT('',(1.798E1,2.5E0,4.35E-1));
#3052=LINE('4978',#3051,#3050);
#3053=DIRECTION('',(0.E0,1.E0,0.E0));
#3054=VECTOR('',#3053,3.E0);
#3055=CARTESIAN_POINT('',(1.798E1,2.5E0,8.35E-1));
#3056=LINE('4976',#3055,#3054);
#3057=DIRECTION('',(1.E0,0.E0,0.E0));
#3058=VECTOR('',#3057,4.E-1);
#3059=CARTESIAN_POINT('',(1.758E1,5.5E0,8.35E-1));
#3060=LINE('4945',#3059,#3058);
#3061=DIRECTION('',(0.E0,0.E0,1.E0));
#3062=VECTOR('',#3061,4.E-1);
#3063=CARTESIAN_POINT('',(1.758E1,5.5E0,4.35E-1));
#3064=LINE('4948',#3063,#3062);
#3065=DIRECTION('',(-1.E0,0.E0,0.E0));
#3066=VECTOR('',#3065,4.E-1);
#3067=CARTESIAN_POINT('',(1.798E1,5.5E0,4.35E-1));
#3068=LINE('4947',#3067,#3066);
#3069=DIRECTION('',(0.E0,0.E0,-1.E0));
#3070=VECTOR('',#3069,4.E-1);
#3071=CARTESIAN_POINT('',(1.798E1,5.5E0,8.35E-1));
#3072=LINE('4946',#3071,#3070);
#3073=DIRECTION('',(0.E0,1.E0,0.E0));
#3074=VECTOR('',#3073,2.45E0);
#3075=CARTESIAN_POINT('',(-2.E-1,-2.35E0,-8.35E-1));
#3076=LINE('4293',#3075,#3074);
#3077=DIRECTION('',(0.E0,1.E0,0.E0));
#3078=VECTOR('',#3077,2.45E0);
#3079=CARTESIAN_POINT('',(-2.E-1,-2.35E0,-4.35E-1));
#3080=LINE('4295',#3079,#3078);
#3081=DIRECTION('',(0.E0,1.E0,0.E0));
#3082=VECTOR('',#3081,2.45E0);
#3083=CARTESIAN_POINT('',(2.E-1,-2.35E0,-4.35E-1));
#3084=LINE('4297',#3083,#3082);
#3085=DIRECTION('',(0.E0,1.E0,0.E0));
#3086=VECTOR('',#3085,2.45E0);
#3087=CARTESIAN_POINT('',(2.E-1,-2.35E0,-8.35E-1));
#3088=LINE('4299',#3087,#3086);
#3089=DIRECTION('',(0.E0,0.E0,1.E0));
#3090=VECTOR('',#3089,4.E-1);
#3091=CARTESIAN_POINT('',(-2.E-1,-2.35E0,-8.35E-1));
#3092=LINE('4261',#3091,#3090);
#3093=DIRECTION('',(1.E0,0.E0,0.E0));
#3094=VECTOR('',#3093,4.E-1);
#3095=CARTESIAN_POINT('',(-2.E-1,-2.35E0,-4.35E-1));
#3096=LINE('4262',#3095,#3094);
#3097=DIRECTION('',(0.E0,0.E0,-1.E0));
#3098=VECTOR('',#3097,4.E-1);
#3099=CARTESIAN_POINT('',(2.E-1,-2.35E0,-4.35E-1));
#3100=LINE('4263',#3099,#3098);
#3101=DIRECTION('',(-1.E0,0.E0,0.E0));
#3102=VECTOR('',#3101,4.E-1);
#3103=CARTESIAN_POINT('',(2.E-1,-2.35E0,-8.35E-1));
#3104=LINE('4264',#3103,#3102);
#3105=DIRECTION('',(0.E0,1.E0,0.E0));
#3106=VECTOR('',#3105,2.45E0);
#3107=CARTESIAN_POINT('',(-2.E-1,-2.35E0,8.35E-1));
#3108=LINE('4301',#3107,#3106);
#3109=DIRECTION('',(0.E0,1.E0,0.E0));
#3110=VECTOR('',#3109,2.45E0);
#3111=CARTESIAN_POINT('',(2.E-1,-2.35E0,8.35E-1));
#3112=LINE('4303',#3111,#3110);
#3113=DIRECTION('',(0.E0,1.E0,0.E0));
#3114=VECTOR('',#3113,2.45E0);
#3115=CARTESIAN_POINT('',(2.E-1,-2.35E0,4.35E-1));
#3116=LINE('4305',#3115,#3114);
#3117=DIRECTION('',(0.E0,1.E0,0.E0));
#3118=VECTOR('',#3117,2.45E0);
#3119=CARTESIAN_POINT('',(-2.E-1,-2.35E0,4.35E-1));
#3120=LINE('4307',#3119,#3118);
#3121=DIRECTION('',(1.E0,0.E0,0.E0));
#3122=VECTOR('',#3121,4.E-1);
#3123=CARTESIAN_POINT('',(-2.E-1,-2.35E0,8.35E-1));
#3124=LINE('4265',#3123,#3122);
#3125=DIRECTION('',(0.E0,0.E0,-1.E0));
#3126=VECTOR('',#3125,4.E-1);
#3127=CARTESIAN_POINT('',(2.E-1,-2.35E0,8.35E-1));
#3128=LINE('4266',#3127,#3126);
#3129=DIRECTION('',(-1.E0,0.E0,0.E0));
#3130=VECTOR('',#3129,4.E-1);
#3131=CARTESIAN_POINT('',(2.E-1,-2.35E0,4.35E-1));
#3132=LINE('4267',#3131,#3130);
#3133=DIRECTION('',(0.E0,0.E0,1.E0));
#3134=VECTOR('',#3133,4.E-1);
#3135=CARTESIAN_POINT('',(-2.E-1,-2.35E0,4.35E-1));
#3136=LINE('4268',#3135,#3134);
#3137=DIRECTION('',(0.E0,1.E0,0.E0));
#3138=VECTOR('',#3137,2.45E0);
#3139=CARTESIAN_POINT('',(1.07E0,-2.35E0,-8.35E-1));
#3140=LINE('4341',#3139,#3138);
#3141=DIRECTION('',(0.E0,1.E0,0.E0));
#3142=VECTOR('',#3141,2.45E0);
#3143=CARTESIAN_POINT('',(1.07E0,-2.35E0,-4.35E-1));
#3144=LINE('4343',#3143,#3142);
#3145=DIRECTION('',(0.E0,1.E0,0.E0));
#3146=VECTOR('',#3145,2.45E0);
#3147=CARTESIAN_POINT('',(1.47E0,-2.35E0,-4.35E-1));
#3148=LINE('4345',#3147,#3146);
#3149=DIRECTION('',(0.E0,1.E0,0.E0));
#3150=VECTOR('',#3149,2.45E0);
#3151=CARTESIAN_POINT('',(1.47E0,-2.35E0,-8.35E-1));
#3152=LINE('4347',#3151,#3150);
#3153=DIRECTION('',(0.E0,0.E0,1.E0));
#3154=VECTOR('',#3153,4.E-1);
#3155=CARTESIAN_POINT('',(1.07E0,-2.35E0,-8.35E-1));
#3156=LINE('4309',#3155,#3154);
#3157=DIRECTION('',(1.E0,0.E0,0.E0));
#3158=VECTOR('',#3157,4.E-1);
#3159=CARTESIAN_POINT('',(1.07E0,-2.35E0,-4.35E-1));
#3160=LINE('4310',#3159,#3158);
#3161=DIRECTION('',(0.E0,0.E0,-1.E0));
#3162=VECTOR('',#3161,4.E-1);
#3163=CARTESIAN_POINT('',(1.47E0,-2.35E0,-4.35E-1));
#3164=LINE('4311',#3163,#3162);
#3165=DIRECTION('',(-1.E0,0.E0,0.E0));
#3166=VECTOR('',#3165,4.E-1);
#3167=CARTESIAN_POINT('',(1.47E0,-2.35E0,-8.35E-1));
#3168=LINE('4312',#3167,#3166);
#3169=DIRECTION('',(0.E0,1.E0,0.E0));
#3170=VECTOR('',#3169,2.45E0);
#3171=CARTESIAN_POINT('',(1.07E0,-2.35E0,8.35E-1));
#3172=LINE('4349',#3171,#3170);
#3173=DIRECTION('',(0.E0,1.E0,0.E0));
#3174=VECTOR('',#3173,2.45E0);
#3175=CARTESIAN_POINT('',(1.47E0,-2.35E0,8.35E-1));
#3176=LINE('4351',#3175,#3174);
#3177=DIRECTION('',(0.E0,1.E0,0.E0));
#3178=VECTOR('',#3177,2.45E0);
#3179=CARTESIAN_POINT('',(1.47E0,-2.35E0,4.35E-1));
#3180=LINE('4353',#3179,#3178);
#3181=DIRECTION('',(0.E0,1.E0,0.E0));
#3182=VECTOR('',#3181,2.45E0);
#3183=CARTESIAN_POINT('',(1.07E0,-2.35E0,4.35E-1));
#3184=LINE('4355',#3183,#3182);
#3185=DIRECTION('',(1.E0,0.E0,0.E0));
#3186=VECTOR('',#3185,4.E-1);
#3187=CARTESIAN_POINT('',(1.07E0,-2.35E0,8.35E-1));
#3188=LINE('4313',#3187,#3186);
#3189=DIRECTION('',(0.E0,0.E0,-1.E0));
#3190=VECTOR('',#3189,4.E-1);
#3191=CARTESIAN_POINT('',(1.47E0,-2.35E0,8.35E-1));
#3192=LINE('4314',#3191,#3190);
#3193=DIRECTION('',(-1.E0,0.E0,0.E0));
#3194=VECTOR('',#3193,4.E-1);
#3195=CARTESIAN_POINT('',(1.47E0,-2.35E0,4.35E-1));
#3196=LINE('4315',#3195,#3194);
#3197=DIRECTION('',(0.E0,0.E0,1.E0));
#3198=VECTOR('',#3197,4.E-1);
#3199=CARTESIAN_POINT('',(1.07E0,-2.35E0,4.35E-1));
#3200=LINE('4316',#3199,#3198);
#3201=DIRECTION('',(0.E0,1.E0,0.E0));
#3202=VECTOR('',#3201,2.45E0);
#3203=CARTESIAN_POINT('',(2.34E0,-2.35E0,-8.35E-1));
#3204=LINE('4389',#3203,#3202);
#3205=DIRECTION('',(0.E0,1.E0,0.E0));
#3206=VECTOR('',#3205,2.45E0);
#3207=CARTESIAN_POINT('',(2.34E0,-2.35E0,-4.35E-1));
#3208=LINE('4391',#3207,#3206);
#3209=DIRECTION('',(0.E0,1.E0,0.E0));
#3210=VECTOR('',#3209,2.45E0);
#3211=CARTESIAN_POINT('',(2.74E0,-2.35E0,-4.35E-1));
#3212=LINE('4393',#3211,#3210);
#3213=DIRECTION('',(0.E0,1.E0,0.E0));
#3214=VECTOR('',#3213,2.45E0);
#3215=CARTESIAN_POINT('',(2.74E0,-2.35E0,-8.35E-1));
#3216=LINE('4395',#3215,#3214);
#3217=DIRECTION('',(0.E0,0.E0,1.E0));
#3218=VECTOR('',#3217,4.E-1);
#3219=CARTESIAN_POINT('',(2.34E0,-2.35E0,-8.35E-1));
#3220=LINE('4357',#3219,#3218);
#3221=DIRECTION('',(1.E0,0.E0,0.E0));
#3222=VECTOR('',#3221,4.E-1);
#3223=CARTESIAN_POINT('',(2.34E0,-2.35E0,-4.35E-1));
#3224=LINE('4358',#3223,#3222);
#3225=DIRECTION('',(0.E0,0.E0,-1.E0));
#3226=VECTOR('',#3225,4.E-1);
#3227=CARTESIAN_POINT('',(2.74E0,-2.35E0,-4.35E-1));
#3228=LINE('4359',#3227,#3226);
#3229=DIRECTION('',(-1.E0,0.E0,0.E0));
#3230=VECTOR('',#3229,4.E-1);
#3231=CARTESIAN_POINT('',(2.74E0,-2.35E0,-8.35E-1));
#3232=LINE('4360',#3231,#3230);
#3233=DIRECTION('',(0.E0,1.E0,0.E0));
#3234=VECTOR('',#3233,2.45E0);
#3235=CARTESIAN_POINT('',(2.34E0,-2.35E0,8.35E-1));
#3236=LINE('4397',#3235,#3234);
#3237=DIRECTION('',(0.E0,1.E0,0.E0));
#3238=VECTOR('',#3237,2.45E0);
#3239=CARTESIAN_POINT('',(2.74E0,-2.35E0,8.35E-1));
#3240=LINE('4399',#3239,#3238);
#3241=DIRECTION('',(0.E0,1.E0,0.E0));
#3242=VECTOR('',#3241,2.45E0);
#3243=CARTESIAN_POINT('',(2.74E0,-2.35E0,4.35E-1));
#3244=LINE('4401',#3243,#3242);
#3245=DIRECTION('',(0.E0,1.E0,0.E0));
#3246=VECTOR('',#3245,2.45E0);
#3247=CARTESIAN_POINT('',(2.34E0,-2.35E0,4.35E-1));
#3248=LINE('4403',#3247,#3246);
#3249=DIRECTION('',(1.E0,0.E0,0.E0));
#3250=VECTOR('',#3249,4.E-1);
#3251=CARTESIAN_POINT('',(2.34E0,-2.35E0,8.35E-1));
#3252=LINE('4361',#3251,#3250);
#3253=DIRECTION('',(0.E0,0.E0,-1.E0));
#3254=VECTOR('',#3253,4.E-1);
#3255=CARTESIAN_POINT('',(2.74E0,-2.35E0,8.35E-1));
#3256=LINE('4362',#3255,#3254);
#3257=DIRECTION('',(-1.E0,0.E0,0.E0));
#3258=VECTOR('',#3257,4.E-1);
#3259=CARTESIAN_POINT('',(2.74E0,-2.35E0,4.35E-1));
#3260=LINE('4363',#3259,#3258);
#3261=DIRECTION('',(0.E0,0.E0,1.E0));
#3262=VECTOR('',#3261,4.E-1);
#3263=CARTESIAN_POINT('',(2.34E0,-2.35E0,4.35E-1));
#3264=LINE('4364',#3263,#3262);
#3265=DIRECTION('',(0.E0,1.E0,0.E0));
#3266=VECTOR('',#3265,2.45E0);
#3267=CARTESIAN_POINT('',(3.61E0,-2.35E0,-8.35E-1));
#3268=LINE('4437',#3267,#3266);
#3269=DIRECTION('',(0.E0,1.E0,0.E0));
#3270=VECTOR('',#3269,2.45E0);
#3271=CARTESIAN_POINT('',(3.61E0,-2.35E0,-4.35E-1));
#3272=LINE('4439',#3271,#3270);
#3273=DIRECTION('',(0.E0,1.E0,0.E0));
#3274=VECTOR('',#3273,2.45E0);
#3275=CARTESIAN_POINT('',(4.01E0,-2.35E0,-4.35E-1));
#3276=LINE('4441',#3275,#3274);
#3277=DIRECTION('',(0.E0,1.E0,0.E0));
#3278=VECTOR('',#3277,2.45E0);
#3279=CARTESIAN_POINT('',(4.01E0,-2.35E0,-8.35E-1));
#3280=LINE('4443',#3279,#3278);
#3281=DIRECTION('',(0.E0,0.E0,1.E0));
#3282=VECTOR('',#3281,4.E-1);
#3283=CARTESIAN_POINT('',(3.61E0,-2.35E0,-8.35E-1));
#3284=LINE('4405',#3283,#3282);
#3285=DIRECTION('',(1.E0,0.E0,0.E0));
#3286=VECTOR('',#3285,4.E-1);
#3287=CARTESIAN_POINT('',(3.61E0,-2.35E0,-4.35E-1));
#3288=LINE('4406',#3287,#3286);
#3289=DIRECTION('',(0.E0,0.E0,-1.E0));
#3290=VECTOR('',#3289,4.E-1);
#3291=CARTESIAN_POINT('',(4.01E0,-2.35E0,-4.35E-1));
#3292=LINE('4407',#3291,#3290);
#3293=DIRECTION('',(-1.E0,0.E0,0.E0));
#3294=VECTOR('',#3293,4.E-1);
#3295=CARTESIAN_POINT('',(4.01E0,-2.35E0,-8.35E-1));
#3296=LINE('4408',#3295,#3294);
#3297=DIRECTION('',(0.E0,1.E0,0.E0));
#3298=VECTOR('',#3297,2.45E0);
#3299=CARTESIAN_POINT('',(3.61E0,-2.35E0,8.35E-1));
#3300=LINE('4445',#3299,#3298);
#3301=DIRECTION('',(0.E0,1.E0,0.E0));
#3302=VECTOR('',#3301,2.45E0);
#3303=CARTESIAN_POINT('',(4.01E0,-2.35E0,8.35E-1));
#3304=LINE('4447',#3303,#3302);
#3305=DIRECTION('',(0.E0,1.E0,0.E0));
#3306=VECTOR('',#3305,2.45E0);
#3307=CARTESIAN_POINT('',(4.01E0,-2.35E0,4.35E-1));
#3308=LINE('4449',#3307,#3306);
#3309=DIRECTION('',(0.E0,1.E0,0.E0));
#3310=VECTOR('',#3309,2.45E0);
#3311=CARTESIAN_POINT('',(3.61E0,-2.35E0,4.35E-1));
#3312=LINE('4451',#3311,#3310);
#3313=DIRECTION('',(1.E0,0.E0,0.E0));
#3314=VECTOR('',#3313,4.E-1);
#3315=CARTESIAN_POINT('',(3.61E0,-2.35E0,8.35E-1));
#3316=LINE('4409',#3315,#3314);
#3317=DIRECTION('',(0.E0,0.E0,-1.E0));
#3318=VECTOR('',#3317,4.E-1);
#3319=CARTESIAN_POINT('',(4.01E0,-2.35E0,8.35E-1));
#3320=LINE('4410',#3319,#3318);
#3321=DIRECTION('',(-1.E0,0.E0,0.E0));
#3322=VECTOR('',#3321,4.E-1);
#3323=CARTESIAN_POINT('',(4.01E0,-2.35E0,4.35E-1));
#3324=LINE('4411',#3323,#3322);
#3325=DIRECTION('',(0.E0,0.E0,1.E0));
#3326=VECTOR('',#3325,4.E-1);
#3327=CARTESIAN_POINT('',(3.61E0,-2.35E0,4.35E-1));
#3328=LINE('4412',#3327,#3326);
#3329=DIRECTION('',(0.E0,1.E0,0.E0));
#3330=VECTOR('',#3329,2.45E0);
#3331=CARTESIAN_POINT('',(4.88E0,-2.35E0,-8.35E-1));
#3332=LINE('4485',#3331,#3330);
#3333=DIRECTION('',(0.E0,1.E0,0.E0));
#3334=VECTOR('',#3333,2.45E0);
#3335=CARTESIAN_POINT('',(4.88E0,-2.35E0,-4.35E-1));
#3336=LINE('4487',#3335,#3334);
#3337=DIRECTION('',(0.E0,1.E0,0.E0));
#3338=VECTOR('',#3337,2.45E0);
#3339=CARTESIAN_POINT('',(5.28E0,-2.35E0,-4.35E-1));
#3340=LINE('4489',#3339,#3338);
#3341=DIRECTION('',(0.E0,1.E0,0.E0));
#3342=VECTOR('',#3341,2.45E0);
#3343=CARTESIAN_POINT('',(5.28E0,-2.35E0,-8.35E-1));
#3344=LINE('4491',#3343,#3342);
#3345=DIRECTION('',(0.E0,0.E0,1.E0));
#3346=VECTOR('',#3345,4.E-1);
#3347=CARTESIAN_POINT('',(4.88E0,-2.35E0,-8.35E-1));
#3348=LINE('4453',#3347,#3346);
#3349=DIRECTION('',(1.E0,0.E0,0.E0));
#3350=VECTOR('',#3349,4.E-1);
#3351=CARTESIAN_POINT('',(4.88E0,-2.35E0,-4.35E-1));
#3352=LINE('4454',#3351,#3350);
#3353=DIRECTION('',(0.E0,0.E0,-1.E0));
#3354=VECTOR('',#3353,4.E-1);
#3355=CARTESIAN_POINT('',(5.28E0,-2.35E0,-4.35E-1));
#3356=LINE('4455',#3355,#3354);
#3357=DIRECTION('',(-1.E0,0.E0,0.E0));
#3358=VECTOR('',#3357,4.E-1);
#3359=CARTESIAN_POINT('',(5.28E0,-2.35E0,-8.35E-1));
#3360=LINE('4456',#3359,#3358);
#3361=DIRECTION('',(0.E0,1.E0,0.E0));
#3362=VECTOR('',#3361,2.45E0);
#3363=CARTESIAN_POINT('',(4.88E0,-2.35E0,8.35E-1));
#3364=LINE('4493',#3363,#3362);
#3365=DIRECTION('',(0.E0,1.E0,0.E0));
#3366=VECTOR('',#3365,2.45E0);
#3367=CARTESIAN_POINT('',(5.28E0,-2.35E0,8.35E-1));
#3368=LINE('4495',#3367,#3366);
#3369=DIRECTION('',(0.E0,1.E0,0.E0));
#3370=VECTOR('',#3369,2.45E0);
#3371=CARTESIAN_POINT('',(5.28E0,-2.35E0,4.35E-1));
#3372=LINE('4497',#3371,#3370);
#3373=DIRECTION('',(0.E0,1.E0,0.E0));
#3374=VECTOR('',#3373,2.45E0);
#3375=CARTESIAN_POINT('',(4.88E0,-2.35E0,4.35E-1));
#3376=LINE('4499',#3375,#3374);
#3377=DIRECTION('',(1.E0,0.E0,0.E0));
#3378=VECTOR('',#3377,4.E-1);
#3379=CARTESIAN_POINT('',(4.88E0,-2.35E0,8.35E-1));
#3380=LINE('4457',#3379,#3378);
#3381=DIRECTION('',(0.E0,0.E0,-1.E0));
#3382=VECTOR('',#3381,4.E-1);
#3383=CARTESIAN_POINT('',(5.28E0,-2.35E0,8.35E-1));
#3384=LINE('4458',#3383,#3382);
#3385=DIRECTION('',(-1.E0,0.E0,0.E0));
#3386=VECTOR('',#3385,4.E-1);
#3387=CARTESIAN_POINT('',(5.28E0,-2.35E0,4.35E-1));
#3388=LINE('4459',#3387,#3386);
#3389=DIRECTION('',(0.E0,0.E0,1.E0));
#3390=VECTOR('',#3389,4.E-1);
#3391=CARTESIAN_POINT('',(4.88E0,-2.35E0,4.35E-1));
#3392=LINE('4460',#3391,#3390);
#3393=DIRECTION('',(0.E0,1.E0,0.E0));
#3394=VECTOR('',#3393,2.45E0);
#3395=CARTESIAN_POINT('',(6.15E0,-2.35E0,-8.35E-1));
#3396=LINE('4533',#3395,#3394);
#3397=DIRECTION('',(0.E0,1.E0,0.E0));
#3398=VECTOR('',#3397,2.45E0);
#3399=CARTESIAN_POINT('',(6.15E0,-2.35E0,-4.35E-1));
#3400=LINE('4535',#3399,#3398);
#3401=DIRECTION('',(0.E0,1.E0,0.E0));
#3402=VECTOR('',#3401,2.45E0);
#3403=CARTESIAN_POINT('',(6.55E0,-2.35E0,-4.35E-1));
#3404=LINE('4537',#3403,#3402);
#3405=DIRECTION('',(0.E0,1.E0,0.E0));
#3406=VECTOR('',#3405,2.45E0);
#3407=CARTESIAN_POINT('',(6.55E0,-2.35E0,-8.35E-1));
#3408=LINE('4539',#3407,#3406);
#3409=DIRECTION('',(0.E0,0.E0,1.E0));
#3410=VECTOR('',#3409,4.E-1);
#3411=CARTESIAN_POINT('',(6.15E0,-2.35E0,-8.35E-1));
#3412=LINE('4501',#3411,#3410);
#3413=DIRECTION('',(1.E0,0.E0,0.E0));
#3414=VECTOR('',#3413,4.E-1);
#3415=CARTESIAN_POINT('',(6.15E0,-2.35E0,-4.35E-1));
#3416=LINE('4502',#3415,#3414);
#3417=DIRECTION('',(0.E0,0.E0,-1.E0));
#3418=VECTOR('',#3417,4.E-1);
#3419=CARTESIAN_POINT('',(6.55E0,-2.35E0,-4.35E-1));
#3420=LINE('4503',#3419,#3418);
#3421=DIRECTION('',(-1.E0,0.E0,0.E0));
#3422=VECTOR('',#3421,4.E-1);
#3423=CARTESIAN_POINT('',(6.55E0,-2.35E0,-8.35E-1));
#3424=LINE('4504',#3423,#3422);
#3425=DIRECTION('',(0.E0,1.E0,0.E0));
#3426=VECTOR('',#3425,2.45E0);
#3427=CARTESIAN_POINT('',(6.15E0,-2.35E0,8.35E-1));
#3428=LINE('4541',#3427,#3426);
#3429=DIRECTION('',(0.E0,1.E0,0.E0));
#3430=VECTOR('',#3429,2.45E0);
#3431=CARTESIAN_POINT('',(6.55E0,-2.35E0,8.35E-1));
#3432=LINE('4543',#3431,#3430);
#3433=DIRECTION('',(0.E0,1.E0,0.E0));
#3434=VECTOR('',#3433,2.45E0);
#3435=CARTESIAN_POINT('',(6.55E0,-2.35E0,4.35E-1));
#3436=LINE('4545',#3435,#3434);
#3437=DIRECTION('',(0.E0,1.E0,0.E0));
#3438=VECTOR('',#3437,2.45E0);
#3439=CARTESIAN_POINT('',(6.15E0,-2.35E0,4.35E-1));
#3440=LINE('4547',#3439,#3438);
#3441=DIRECTION('',(1.E0,0.E0,0.E0));
#3442=VECTOR('',#3441,4.E-1);
#3443=CARTESIAN_POINT('',(6.15E0,-2.35E0,8.35E-1));
#3444=LINE('4505',#3443,#3442);
#3445=DIRECTION('',(0.E0,0.E0,-1.E0));
#3446=VECTOR('',#3445,4.E-1);
#3447=CARTESIAN_POINT('',(6.55E0,-2.35E0,8.35E-1));
#3448=LINE('4506',#3447,#3446);
#3449=DIRECTION('',(-1.E0,0.E0,0.E0));
#3450=VECTOR('',#3449,4.E-1);
#3451=CARTESIAN_POINT('',(6.55E0,-2.35E0,4.35E-1));
#3452=LINE('4507',#3451,#3450);
#3453=DIRECTION('',(0.E0,0.E0,1.E0));
#3454=VECTOR('',#3453,4.E-1);
#3455=CARTESIAN_POINT('',(6.15E0,-2.35E0,4.35E-1));
#3456=LINE('4508',#3455,#3454);
#3457=DIRECTION('',(0.E0,1.E0,0.E0));
#3458=VECTOR('',#3457,2.45E0);
#3459=CARTESIAN_POINT('',(7.42E0,-2.35E0,-8.35E-1));
#3460=LINE('4581',#3459,#3458);
#3461=DIRECTION('',(0.E0,1.E0,0.E0));
#3462=VECTOR('',#3461,2.45E0);
#3463=CARTESIAN_POINT('',(7.42E0,-2.35E0,-4.35E-1));
#3464=LINE('4583',#3463,#3462);
#3465=DIRECTION('',(0.E0,1.E0,0.E0));
#3466=VECTOR('',#3465,2.45E0);
#3467=CARTESIAN_POINT('',(7.82E0,-2.35E0,-4.35E-1));
#3468=LINE('4585',#3467,#3466);
#3469=DIRECTION('',(0.E0,1.E0,0.E0));
#3470=VECTOR('',#3469,2.45E0);
#3471=CARTESIAN_POINT('',(7.82E0,-2.35E0,-8.35E-1));
#3472=LINE('4587',#3471,#3470);
#3473=DIRECTION('',(0.E0,0.E0,1.E0));
#3474=VECTOR('',#3473,4.E-1);
#3475=CARTESIAN_POINT('',(7.42E0,-2.35E0,-8.35E-1));
#3476=LINE('4549',#3475,#3474);
#3477=DIRECTION('',(1.E0,0.E0,0.E0));
#3478=VECTOR('',#3477,4.E-1);
#3479=CARTESIAN_POINT('',(7.42E0,-2.35E0,-4.35E-1));
#3480=LINE('4550',#3479,#3478);
#3481=DIRECTION('',(0.E0,0.E0,-1.E0));
#3482=VECTOR('',#3481,4.E-1);
#3483=CARTESIAN_POINT('',(7.82E0,-2.35E0,-4.35E-1));
#3484=LINE('4551',#3483,#3482);
#3485=DIRECTION('',(-1.E0,0.E0,0.E0));
#3486=VECTOR('',#3485,4.E-1);
#3487=CARTESIAN_POINT('',(7.82E0,-2.35E0,-8.35E-1));
#3488=LINE('4552',#3487,#3486);
#3489=DIRECTION('',(0.E0,1.E0,0.E0));
#3490=VECTOR('',#3489,2.45E0);
#3491=CARTESIAN_POINT('',(7.42E0,-2.35E0,8.35E-1));
#3492=LINE('4589',#3491,#3490);
#3493=DIRECTION('',(0.E0,1.E0,0.E0));
#3494=VECTOR('',#3493,2.45E0);
#3495=CARTESIAN_POINT('',(7.82E0,-2.35E0,8.35E-1));
#3496=LINE('4591',#3495,#3494);
#3497=DIRECTION('',(0.E0,1.E0,0.E0));
#3498=VECTOR('',#3497,2.45E0);
#3499=CARTESIAN_POINT('',(7.82E0,-2.35E0,4.35E-1));
#3500=LINE('4593',#3499,#3498);
#3501=DIRECTION('',(0.E0,1.E0,0.E0));
#3502=VECTOR('',#3501,2.45E0);
#3503=CARTESIAN_POINT('',(7.42E0,-2.35E0,4.35E-1));
#3504=LINE('4595',#3503,#3502);
#3505=DIRECTION('',(1.E0,0.E0,0.E0));
#3506=VECTOR('',#3505,4.E-1);
#3507=CARTESIAN_POINT('',(7.42E0,-2.35E0,8.35E-1));
#3508=LINE('4553',#3507,#3506);
#3509=DIRECTION('',(0.E0,0.E0,-1.E0));
#3510=VECTOR('',#3509,4.E-1);
#3511=CARTESIAN_POINT('',(7.82E0,-2.35E0,8.35E-1));
#3512=LINE('4554',#3511,#3510);
#3513=DIRECTION('',(-1.E0,0.E0,0.E0));
#3514=VECTOR('',#3513,4.E-1);
#3515=CARTESIAN_POINT('',(7.82E0,-2.35E0,4.35E-1));
#3516=LINE('4555',#3515,#3514);
#3517=DIRECTION('',(0.E0,0.E0,1.E0));
#3518=VECTOR('',#3517,4.E-1);
#3519=CARTESIAN_POINT('',(7.42E0,-2.35E0,4.35E-1));
#3520=LINE('4556',#3519,#3518);
#3521=DIRECTION('',(0.E0,1.E0,0.E0));
#3522=VECTOR('',#3521,2.45E0);
#3523=CARTESIAN_POINT('',(8.69E0,-2.35E0,-8.35E-1));
#3524=LINE('4629',#3523,#3522);
#3525=DIRECTION('',(0.E0,1.E0,0.E0));
#3526=VECTOR('',#3525,2.45E0);
#3527=CARTESIAN_POINT('',(8.69E0,-2.35E0,-4.35E-1));
#3528=LINE('4631',#3527,#3526);
#3529=DIRECTION('',(0.E0,1.E0,0.E0));
#3530=VECTOR('',#3529,2.45E0);
#3531=CARTESIAN_POINT('',(9.09E0,-2.35E0,-4.35E-1));
#3532=LINE('4633',#3531,#3530);
#3533=DIRECTION('',(0.E0,1.E0,0.E0));
#3534=VECTOR('',#3533,2.45E0);
#3535=CARTESIAN_POINT('',(9.09E0,-2.35E0,-8.35E-1));
#3536=LINE('4635',#3535,#3534);
#3537=DIRECTION('',(0.E0,0.E0,1.E0));
#3538=VECTOR('',#3537,4.E-1);
#3539=CARTESIAN_POINT('',(8.69E0,-2.35E0,-8.35E-1));
#3540=LINE('4597',#3539,#3538);
#3541=DIRECTION('',(1.E0,0.E0,0.E0));
#3542=VECTOR('',#3541,4.E-1);
#3543=CARTESIAN_POINT('',(8.69E0,-2.35E0,-4.35E-1));
#3544=LINE('4598',#3543,#3542);
#3545=DIRECTION('',(0.E0,0.E0,-1.E0));
#3546=VECTOR('',#3545,4.E-1);
#3547=CARTESIAN_POINT('',(9.09E0,-2.35E0,-4.35E-1));
#3548=LINE('4599',#3547,#3546);
#3549=DIRECTION('',(-1.E0,0.E0,0.E0));
#3550=VECTOR('',#3549,4.E-1);
#3551=CARTESIAN_POINT('',(9.09E0,-2.35E0,-8.35E-1));
#3552=LINE('4600',#3551,#3550);
#3553=DIRECTION('',(0.E0,1.E0,0.E0));
#3554=VECTOR('',#3553,2.45E0);
#3555=CARTESIAN_POINT('',(8.69E0,-2.35E0,8.35E-1));
#3556=LINE('4637',#3555,#3554);
#3557=DIRECTION('',(0.E0,1.E0,0.E0));
#3558=VECTOR('',#3557,2.45E0);
#3559=CARTESIAN_POINT('',(9.09E0,-2.35E0,8.35E-1));
#3560=LINE('4639',#3559,#3558);
#3561=DIRECTION('',(0.E0,1.E0,0.E0));
#3562=VECTOR('',#3561,2.45E0);
#3563=CARTESIAN_POINT('',(9.09E0,-2.35E0,4.35E-1));
#3564=LINE('4641',#3563,#3562);
#3565=DIRECTION('',(0.E0,1.E0,0.E0));
#3566=VECTOR('',#3565,2.45E0);
#3567=CARTESIAN_POINT('',(8.69E0,-2.35E0,4.35E-1));
#3568=LINE('4643',#3567,#3566);
#3569=DIRECTION('',(1.E0,0.E0,0.E0));
#3570=VECTOR('',#3569,4.E-1);
#3571=CARTESIAN_POINT('',(8.69E0,-2.35E0,8.35E-1));
#3572=LINE('4601',#3571,#3570);
#3573=DIRECTION('',(0.E0,0.E0,-1.E0));
#3574=VECTOR('',#3573,4.E-1);
#3575=CARTESIAN_POINT('',(9.09E0,-2.35E0,8.35E-1));
#3576=LINE('4602',#3575,#3574);
#3577=DIRECTION('',(-1.E0,0.E0,0.E0));
#3578=VECTOR('',#3577,4.E-1);
#3579=CARTESIAN_POINT('',(9.09E0,-2.35E0,4.35E-1));
#3580=LINE('4603',#3579,#3578);
#3581=DIRECTION('',(0.E0,0.E0,1.E0));
#3582=VECTOR('',#3581,4.E-1);
#3583=CARTESIAN_POINT('',(8.69E0,-2.35E0,4.35E-1));
#3584=LINE('4604',#3583,#3582);
#3585=DIRECTION('',(0.E0,1.E0,0.E0));
#3586=VECTOR('',#3585,2.45E0);
#3587=CARTESIAN_POINT('',(9.96E0,-2.35E0,-8.35E-1));
#3588=LINE('4677',#3587,#3586);
#3589=DIRECTION('',(0.E0,1.E0,0.E0));
#3590=VECTOR('',#3589,2.45E0);
#3591=CARTESIAN_POINT('',(9.96E0,-2.35E0,-4.35E-1));
#3592=LINE('4679',#3591,#3590);
#3593=DIRECTION('',(0.E0,1.E0,0.E0));
#3594=VECTOR('',#3593,2.45E0);
#3595=CARTESIAN_POINT('',(1.036E1,-2.35E0,-4.35E-1));
#3596=LINE('4681',#3595,#3594);
#3597=DIRECTION('',(0.E0,1.E0,0.E0));
#3598=VECTOR('',#3597,2.45E0);
#3599=CARTESIAN_POINT('',(1.036E1,-2.35E0,-8.35E-1));
#3600=LINE('4683',#3599,#3598);
#3601=DIRECTION('',(0.E0,0.E0,1.E0));
#3602=VECTOR('',#3601,4.E-1);
#3603=CARTESIAN_POINT('',(9.96E0,-2.35E0,-8.35E-1));
#3604=LINE('4645',#3603,#3602);
#3605=DIRECTION('',(1.E0,0.E0,0.E0));
#3606=VECTOR('',#3605,4.E-1);
#3607=CARTESIAN_POINT('',(9.96E0,-2.35E0,-4.35E-1));
#3608=LINE('4646',#3607,#3606);
#3609=DIRECTION('',(0.E0,0.E0,-1.E0));
#3610=VECTOR('',#3609,4.E-1);
#3611=CARTESIAN_POINT('',(1.036E1,-2.35E0,-4.35E-1));
#3612=LINE('4647',#3611,#3610);
#3613=DIRECTION('',(-1.E0,0.E0,0.E0));
#3614=VECTOR('',#3613,4.E-1);
#3615=CARTESIAN_POINT('',(1.036E1,-2.35E0,-8.35E-1));
#3616=LINE('4648',#3615,#3614);
#3617=DIRECTION('',(0.E0,1.E0,0.E0));
#3618=VECTOR('',#3617,2.45E0);
#3619=CARTESIAN_POINT('',(9.96E0,-2.35E0,8.35E-1));
#3620=LINE('4685',#3619,#3618);
#3621=DIRECTION('',(0.E0,1.E0,0.E0));
#3622=VECTOR('',#3621,2.45E0);
#3623=CARTESIAN_POINT('',(1.036E1,-2.35E0,8.35E-1));
#3624=LINE('4687',#3623,#3622);
#3625=DIRECTION('',(0.E0,1.E0,0.E0));
#3626=VECTOR('',#3625,2.45E0);
#3627=CARTESIAN_POINT('',(1.036E1,-2.35E0,4.35E-1));
#3628=LINE('4689',#3627,#3626);
#3629=DIRECTION('',(0.E0,1.E0,0.E0));
#3630=VECTOR('',#3629,2.45E0);
#3631=CARTESIAN_POINT('',(9.96E0,-2.35E0,4.35E-1));
#3632=LINE('4691',#3631,#3630);
#3633=DIRECTION('',(1.E0,0.E0,0.E0));
#3634=VECTOR('',#3633,4.E-1);
#3635=CARTESIAN_POINT('',(9.96E0,-2.35E0,8.35E-1));
#3636=LINE('4649',#3635,#3634);
#3637=DIRECTION('',(0.E0,0.E0,-1.E0));
#3638=VECTOR('',#3637,4.E-1);
#3639=CARTESIAN_POINT('',(1.036E1,-2.35E0,8.35E-1));
#3640=LINE('4650',#3639,#3638);
#3641=DIRECTION('',(-1.E0,0.E0,0.E0));
#3642=VECTOR('',#3641,4.E-1);
#3643=CARTESIAN_POINT('',(1.036E1,-2.35E0,4.35E-1));
#3644=LINE('4651',#3643,#3642);
#3645=DIRECTION('',(0.E0,0.E0,1.E0));
#3646=VECTOR('',#3645,4.E-1);
#3647=CARTESIAN_POINT('',(9.96E0,-2.35E0,4.35E-1));
#3648=LINE('4652',#3647,#3646);
#3649=DIRECTION('',(0.E0,1.E0,0.E0));
#3650=VECTOR('',#3649,2.45E0);
#3651=CARTESIAN_POINT('',(1.123E1,-2.35E0,-8.35E-1));
#3652=LINE('4725',#3651,#3650);
#3653=DIRECTION('',(0.E0,1.E0,0.E0));
#3654=VECTOR('',#3653,2.45E0);
#3655=CARTESIAN_POINT('',(1.123E1,-2.35E0,-4.35E-1));
#3656=LINE('4727',#3655,#3654);
#3657=DIRECTION('',(0.E0,1.E0,0.E0));
#3658=VECTOR('',#3657,2.45E0);
#3659=CARTESIAN_POINT('',(1.163E1,-2.35E0,-4.35E-1));
#3660=LINE('4729',#3659,#3658);
#3661=DIRECTION('',(0.E0,1.E0,0.E0));
#3662=VECTOR('',#3661,2.45E0);
#3663=CARTESIAN_POINT('',(1.163E1,-2.35E0,-8.35E-1));
#3664=LINE('4731',#3663,#3662);
#3665=DIRECTION('',(0.E0,0.E0,1.E0));
#3666=VECTOR('',#3665,4.E-1);
#3667=CARTESIAN_POINT('',(1.123E1,-2.35E0,-8.35E-1));
#3668=LINE('4693',#3667,#3666);
#3669=DIRECTION('',(1.E0,0.E0,0.E0));
#3670=VECTOR('',#3669,4.E-1);
#3671=CARTESIAN_POINT('',(1.123E1,-2.35E0,-4.35E-1));
#3672=LINE('4694',#3671,#3670);
#3673=DIRECTION('',(0.E0,0.E0,-1.E0));
#3674=VECTOR('',#3673,4.E-1);
#3675=CARTESIAN_POINT('',(1.163E1,-2.35E0,-4.35E-1));
#3676=LINE('4695',#3675,#3674);
#3677=DIRECTION('',(-1.E0,0.E0,0.E0));
#3678=VECTOR('',#3677,4.E-1);
#3679=CARTESIAN_POINT('',(1.163E1,-2.35E0,-8.35E-1));
#3680=LINE('4696',#3679,#3678);
#3681=DIRECTION('',(0.E0,1.E0,0.E0));
#3682=VECTOR('',#3681,2.45E0);
#3683=CARTESIAN_POINT('',(1.123E1,-2.35E0,8.35E-1));
#3684=LINE('4733',#3683,#3682);
#3685=DIRECTION('',(0.E0,1.E0,0.E0));
#3686=VECTOR('',#3685,2.45E0);
#3687=CARTESIAN_POINT('',(1.163E1,-2.35E0,8.35E-1));
#3688=LINE('4735',#3687,#3686);
#3689=DIRECTION('',(0.E0,1.E0,0.E0));
#3690=VECTOR('',#3689,2.45E0);
#3691=CARTESIAN_POINT('',(1.163E1,-2.35E0,4.35E-1));
#3692=LINE('4737',#3691,#3690);
#3693=DIRECTION('',(0.E0,1.E0,0.E0));
#3694=VECTOR('',#3693,2.45E0);
#3695=CARTESIAN_POINT('',(1.123E1,-2.35E0,4.35E-1));
#3696=LINE('4739',#3695,#3694);
#3697=DIRECTION('',(1.E0,0.E0,0.E0));
#3698=VECTOR('',#3697,4.E-1);
#3699=CARTESIAN_POINT('',(1.123E1,-2.35E0,8.35E-1));
#3700=LINE('4697',#3699,#3698);
#3701=DIRECTION('',(0.E0,0.E0,-1.E0));
#3702=VECTOR('',#3701,4.E-1);
#3703=CARTESIAN_POINT('',(1.163E1,-2.35E0,8.35E-1));
#3704=LINE('4698',#3703,#3702);
#3705=DIRECTION('',(-1.E0,0.E0,0.E0));
#3706=VECTOR('',#3705,4.E-1);
#3707=CARTESIAN_POINT('',(1.163E1,-2.35E0,4.35E-1));
#3708=LINE('4699',#3707,#3706);
#3709=DIRECTION('',(0.E0,0.E0,1.E0));
#3710=VECTOR('',#3709,4.E-1);
#3711=CARTESIAN_POINT('',(1.123E1,-2.35E0,4.35E-1));
#3712=LINE('4700',#3711,#3710);
#3713=DIRECTION('',(0.E0,1.E0,0.E0));
#3714=VECTOR('',#3713,2.45E0);
#3715=CARTESIAN_POINT('',(1.25E1,-2.35E0,-8.35E-1));
#3716=LINE('4773',#3715,#3714);
#3717=DIRECTION('',(0.E0,1.E0,0.E0));
#3718=VECTOR('',#3717,2.45E0);
#3719=CARTESIAN_POINT('',(1.25E1,-2.35E0,-4.35E-1));
#3720=LINE('4775',#3719,#3718);
#3721=DIRECTION('',(0.E0,1.E0,0.E0));
#3722=VECTOR('',#3721,2.45E0);
#3723=CARTESIAN_POINT('',(1.29E1,-2.35E0,-4.35E-1));
#3724=LINE('4777',#3723,#3722);
#3725=DIRECTION('',(0.E0,1.E0,0.E0));
#3726=VECTOR('',#3725,2.45E0);
#3727=CARTESIAN_POINT('',(1.29E1,-2.35E0,-8.35E-1));
#3728=LINE('4779',#3727,#3726);
#3729=DIRECTION('',(0.E0,0.E0,1.E0));
#3730=VECTOR('',#3729,4.E-1);
#3731=CARTESIAN_POINT('',(1.25E1,-2.35E0,-8.35E-1));
#3732=LINE('4741',#3731,#3730);
#3733=DIRECTION('',(1.E0,0.E0,0.E0));
#3734=VECTOR('',#3733,4.E-1);
#3735=CARTESIAN_POINT('',(1.25E1,-2.35E0,-4.35E-1));
#3736=LINE('4742',#3735,#3734);
#3737=DIRECTION('',(0.E0,0.E0,-1.E0));
#3738=VECTOR('',#3737,4.E-1);
#3739=CARTESIAN_POINT('',(1.29E1,-2.35E0,-4.35E-1));
#3740=LINE('4743',#3739,#3738);
#3741=DIRECTION('',(-1.E0,0.E0,0.E0));
#3742=VECTOR('',#3741,4.E-1);
#3743=CARTESIAN_POINT('',(1.29E1,-2.35E0,-8.35E-1));
#3744=LINE('4744',#3743,#3742);
#3745=DIRECTION('',(0.E0,1.E0,0.E0));
#3746=VECTOR('',#3745,2.45E0);
#3747=CARTESIAN_POINT('',(1.25E1,-2.35E0,8.35E-1));
#3748=LINE('4781',#3747,#3746);
#3749=DIRECTION('',(0.E0,1.E0,0.E0));
#3750=VECTOR('',#3749,2.45E0);
#3751=CARTESIAN_POINT('',(1.29E1,-2.35E0,8.35E-1));
#3752=LINE('4783',#3751,#3750);
#3753=DIRECTION('',(0.E0,1.E0,0.E0));
#3754=VECTOR('',#3753,2.45E0);
#3755=CARTESIAN_POINT('',(1.29E1,-2.35E0,4.35E-1));
#3756=LINE('4785',#3755,#3754);
#3757=DIRECTION('',(0.E0,1.E0,0.E0));
#3758=VECTOR('',#3757,2.45E0);
#3759=CARTESIAN_POINT('',(1.25E1,-2.35E0,4.35E-1));
#3760=LINE('4787',#3759,#3758);
#3761=DIRECTION('',(1.E0,0.E0,0.E0));
#3762=VECTOR('',#3761,4.E-1);
#3763=CARTESIAN_POINT('',(1.25E1,-2.35E0,8.35E-1));
#3764=LINE('4745',#3763,#3762);
#3765=DIRECTION('',(0.E0,0.E0,-1.E0));
#3766=VECTOR('',#3765,4.E-1);
#3767=CARTESIAN_POINT('',(1.29E1,-2.35E0,8.35E-1));
#3768=LINE('4746',#3767,#3766);
#3769=DIRECTION('',(-1.E0,0.E0,0.E0));
#3770=VECTOR('',#3769,4.E-1);
#3771=CARTESIAN_POINT('',(1.29E1,-2.35E0,4.35E-1));
#3772=LINE('4747',#3771,#3770);
#3773=DIRECTION('',(0.E0,0.E0,1.E0));
#3774=VECTOR('',#3773,4.E-1);
#3775=CARTESIAN_POINT('',(1.25E1,-2.35E0,4.35E-1));
#3776=LINE('4748',#3775,#3774);
#3777=DIRECTION('',(0.E0,1.E0,0.E0));
#3778=VECTOR('',#3777,2.45E0);
#3779=CARTESIAN_POINT('',(1.377E1,-2.35E0,-8.35E-1));
#3780=LINE('4821',#3779,#3778);
#3781=DIRECTION('',(0.E0,1.E0,0.E0));
#3782=VECTOR('',#3781,2.45E0);
#3783=CARTESIAN_POINT('',(1.377E1,-2.35E0,-4.35E-1));
#3784=LINE('4823',#3783,#3782);
#3785=DIRECTION('',(0.E0,1.E0,0.E0));
#3786=VECTOR('',#3785,2.45E0);
#3787=CARTESIAN_POINT('',(1.417E1,-2.35E0,-4.35E-1));
#3788=LINE('4825',#3787,#3786);
#3789=DIRECTION('',(0.E0,1.E0,0.E0));
#3790=VECTOR('',#3789,2.45E0);
#3791=CARTESIAN_POINT('',(1.417E1,-2.35E0,-8.35E-1));
#3792=LINE('4827',#3791,#3790);
#3793=DIRECTION('',(0.E0,0.E0,1.E0));
#3794=VECTOR('',#3793,4.E-1);
#3795=CARTESIAN_POINT('',(1.377E1,-2.35E0,-8.35E-1));
#3796=LINE('4789',#3795,#3794);
#3797=DIRECTION('',(1.E0,0.E0,0.E0));
#3798=VECTOR('',#3797,4.E-1);
#3799=CARTESIAN_POINT('',(1.377E1,-2.35E0,-4.35E-1));
#3800=LINE('4790',#3799,#3798);
#3801=DIRECTION('',(0.E0,0.E0,-1.E0));
#3802=VECTOR('',#3801,4.E-1);
#3803=CARTESIAN_POINT('',(1.417E1,-2.35E0,-4.35E-1));
#3804=LINE('4791',#3803,#3802);
#3805=DIRECTION('',(-1.E0,0.E0,0.E0));
#3806=VECTOR('',#3805,4.E-1);
#3807=CARTESIAN_POINT('',(1.417E1,-2.35E0,-8.35E-1));
#3808=LINE('4792',#3807,#3806);
#3809=DIRECTION('',(0.E0,1.E0,0.E0));
#3810=VECTOR('',#3809,2.45E0);
#3811=CARTESIAN_POINT('',(1.377E1,-2.35E0,8.35E-1));
#3812=LINE('4829',#3811,#3810);
#3813=DIRECTION('',(0.E0,1.E0,0.E0));
#3814=VECTOR('',#3813,2.45E0);
#3815=CARTESIAN_POINT('',(1.417E1,-2.35E0,8.35E-1));
#3816=LINE('4831',#3815,#3814);
#3817=DIRECTION('',(0.E0,1.E0,0.E0));
#3818=VECTOR('',#3817,2.45E0);
#3819=CARTESIAN_POINT('',(1.417E1,-2.35E0,4.35E-1));
#3820=LINE('4833',#3819,#3818);
#3821=DIRECTION('',(0.E0,1.E0,0.E0));
#3822=VECTOR('',#3821,2.45E0);
#3823=CARTESIAN_POINT('',(1.377E1,-2.35E0,4.35E-1));
#3824=LINE('4835',#3823,#3822);
#3825=DIRECTION('',(1.E0,0.E0,0.E0));
#3826=VECTOR('',#3825,4.E-1);
#3827=CARTESIAN_POINT('',(1.377E1,-2.35E0,8.35E-1));
#3828=LINE('4793',#3827,#3826);
#3829=DIRECTION('',(0.E0,0.E0,-1.E0));
#3830=VECTOR('',#3829,4.E-1);
#3831=CARTESIAN_POINT('',(1.417E1,-2.35E0,8.35E-1));
#3832=LINE('4794',#3831,#3830);
#3833=DIRECTION('',(-1.E0,0.E0,0.E0));
#3834=VECTOR('',#3833,4.E-1);
#3835=CARTESIAN_POINT('',(1.417E1,-2.35E0,4.35E-1));
#3836=LINE('4795',#3835,#3834);
#3837=DIRECTION('',(0.E0,0.E0,1.E0));
#3838=VECTOR('',#3837,4.E-1);
#3839=CARTESIAN_POINT('',(1.377E1,-2.35E0,4.35E-1));
#3840=LINE('4796',#3839,#3838);
#3841=DIRECTION('',(0.E0,1.E0,0.E0));
#3842=VECTOR('',#3841,2.45E0);
#3843=CARTESIAN_POINT('',(1.504E1,-2.35E0,-8.35E-1));
#3844=LINE('4869',#3843,#3842);
#3845=DIRECTION('',(0.E0,1.E0,0.E0));
#3846=VECTOR('',#3845,2.45E0);
#3847=CARTESIAN_POINT('',(1.504E1,-2.35E0,-4.35E-1));
#3848=LINE('4871',#3847,#3846);
#3849=DIRECTION('',(0.E0,1.E0,0.E0));
#3850=VECTOR('',#3849,2.45E0);
#3851=CARTESIAN_POINT('',(1.544E1,-2.35E0,-4.35E-1));
#3852=LINE('4873',#3851,#3850);
#3853=DIRECTION('',(0.E0,1.E0,0.E0));
#3854=VECTOR('',#3853,2.45E0);
#3855=CARTESIAN_POINT('',(1.544E1,-2.35E0,-8.35E-1));
#3856=LINE('4875',#3855,#3854);
#3857=DIRECTION('',(0.E0,0.E0,1.E0));
#3858=VECTOR('',#3857,4.E-1);
#3859=CARTESIAN_POINT('',(1.504E1,-2.35E0,-8.35E-1));
#3860=LINE('4837',#3859,#3858);
#3861=DIRECTION('',(1.E0,0.E0,0.E0));
#3862=VECTOR('',#3861,4.E-1);
#3863=CARTESIAN_POINT('',(1.504E1,-2.35E0,-4.35E-1));
#3864=LINE('4838',#3863,#3862);
#3865=DIRECTION('',(0.E0,0.E0,-1.E0));
#3866=VECTOR('',#3865,4.E-1);
#3867=CARTESIAN_POINT('',(1.544E1,-2.35E0,-4.35E-1));
#3868=LINE('4839',#3867,#3866);
#3869=DIRECTION('',(-1.E0,0.E0,0.E0));
#3870=VECTOR('',#3869,4.E-1);
#3871=CARTESIAN_POINT('',(1.544E1,-2.35E0,-8.35E-1));
#3872=LINE('4840',#3871,#3870);
#3873=DIRECTION('',(0.E0,1.E0,0.E0));
#3874=VECTOR('',#3873,2.45E0);
#3875=CARTESIAN_POINT('',(1.504E1,-2.35E0,8.35E-1));
#3876=LINE('4877',#3875,#3874);
#3877=DIRECTION('',(0.E0,1.E0,0.E0));
#3878=VECTOR('',#3877,2.45E0);
#3879=CARTESIAN_POINT('',(1.544E1,-2.35E0,8.35E-1));
#3880=LINE('4879',#3879,#3878);
#3881=DIRECTION('',(0.E0,1.E0,0.E0));
#3882=VECTOR('',#3881,2.45E0);
#3883=CARTESIAN_POINT('',(1.544E1,-2.35E0,4.35E-1));
#3884=LINE('4881',#3883,#3882);
#3885=DIRECTION('',(0.E0,1.E0,0.E0));
#3886=VECTOR('',#3885,2.45E0);
#3887=CARTESIAN_POINT('',(1.504E1,-2.35E0,4.35E-1));
#3888=LINE('4883',#3887,#3886);
#3889=DIRECTION('',(1.E0,0.E0,0.E0));
#3890=VECTOR('',#3889,4.E-1);
#3891=CARTESIAN_POINT('',(1.504E1,-2.35E0,8.35E-1));
#3892=LINE('4841',#3891,#3890);
#3893=DIRECTION('',(0.E0,0.E0,-1.E0));
#3894=VECTOR('',#3893,4.E-1);
#3895=CARTESIAN_POINT('',(1.544E1,-2.35E0,8.35E-1));
#3896=LINE('4842',#3895,#3894);
#3897=DIRECTION('',(-1.E0,0.E0,0.E0));
#3898=VECTOR('',#3897,4.E-1);
#3899=CARTESIAN_POINT('',(1.544E1,-2.35E0,4.35E-1));
#3900=LINE('4843',#3899,#3898);
#3901=DIRECTION('',(0.E0,0.E0,1.E0));
#3902=VECTOR('',#3901,4.E-1);
#3903=CARTESIAN_POINT('',(1.504E1,-2.35E0,4.35E-1));
#3904=LINE('4844',#3903,#3902);
#3905=DIRECTION('',(0.E0,1.E0,0.E0));
#3906=VECTOR('',#3905,2.45E0);
#3907=CARTESIAN_POINT('',(1.631E1,-2.35E0,-8.35E-1));
#3908=LINE('4917',#3907,#3906);
#3909=DIRECTION('',(0.E0,1.E0,0.E0));
#3910=VECTOR('',#3909,2.45E0);
#3911=CARTESIAN_POINT('',(1.631E1,-2.35E0,-4.35E-1));
#3912=LINE('4919',#3911,#3910);
#3913=DIRECTION('',(0.E0,1.E0,0.E0));
#3914=VECTOR('',#3913,2.45E0);
#3915=CARTESIAN_POINT('',(1.671E1,-2.35E0,-4.35E-1));
#3916=LINE('4921',#3915,#3914);
#3917=DIRECTION('',(0.E0,1.E0,0.E0));
#3918=VECTOR('',#3917,2.45E0);
#3919=CARTESIAN_POINT('',(1.671E1,-2.35E0,-8.35E-1));
#3920=LINE('4923',#3919,#3918);
#3921=DIRECTION('',(0.E0,0.E0,1.E0));
#3922=VECTOR('',#3921,4.E-1);
#3923=CARTESIAN_POINT('',(1.631E1,-2.35E0,-8.35E-1));
#3924=LINE('4885',#3923,#3922);
#3925=DIRECTION('',(1.E0,0.E0,0.E0));
#3926=VECTOR('',#3925,4.E-1);
#3927=CARTESIAN_POINT('',(1.631E1,-2.35E0,-4.35E-1));
#3928=LINE('4886',#3927,#3926);
#3929=DIRECTION('',(0.E0,0.E0,-1.E0));
#3930=VECTOR('',#3929,4.E-1);
#3931=CARTESIAN_POINT('',(1.671E1,-2.35E0,-4.35E-1));
#3932=LINE('4887',#3931,#3930);
#3933=DIRECTION('',(-1.E0,0.E0,0.E0));
#3934=VECTOR('',#3933,4.E-1);
#3935=CARTESIAN_POINT('',(1.671E1,-2.35E0,-8.35E-1));
#3936=LINE('4888',#3935,#3934);
#3937=DIRECTION('',(0.E0,1.E0,0.E0));
#3938=VECTOR('',#3937,2.45E0);
#3939=CARTESIAN_POINT('',(1.631E1,-2.35E0,8.35E-1));
#3940=LINE('4925',#3939,#3938);
#3941=DIRECTION('',(0.E0,1.E0,0.E0));
#3942=VECTOR('',#3941,2.45E0);
#3943=CARTESIAN_POINT('',(1.671E1,-2.35E0,8.35E-1));
#3944=LINE('4927',#3943,#3942);
#3945=DIRECTION('',(0.E0,1.E0,0.E0));
#3946=VECTOR('',#3945,2.45E0);
#3947=CARTESIAN_POINT('',(1.671E1,-2.35E0,4.35E-1));
#3948=LINE('4929',#3947,#3946);
#3949=DIRECTION('',(0.E0,1.E0,0.E0));
#3950=VECTOR('',#3949,2.45E0);
#3951=CARTESIAN_POINT('',(1.631E1,-2.35E0,4.35E-1));
#3952=LINE('4931',#3951,#3950);
#3953=DIRECTION('',(1.E0,0.E0,0.E0));
#3954=VECTOR('',#3953,4.E-1);
#3955=CARTESIAN_POINT('',(1.631E1,-2.35E0,8.35E-1));
#3956=LINE('4889',#3955,#3954);
#3957=DIRECTION('',(0.E0,0.E0,-1.E0));
#3958=VECTOR('',#3957,4.E-1);
#3959=CARTESIAN_POINT('',(1.671E1,-2.35E0,8.35E-1));
#3960=LINE('4890',#3959,#3958);
#3961=DIRECTION('',(-1.E0,0.E0,0.E0));
#3962=VECTOR('',#3961,4.E-1);
#3963=CARTESIAN_POINT('',(1.671E1,-2.35E0,4.35E-1));
#3964=LINE('4891',#3963,#3962);
#3965=DIRECTION('',(0.E0,0.E0,1.E0));
#3966=VECTOR('',#3965,4.E-1);
#3967=CARTESIAN_POINT('',(1.631E1,-2.35E0,4.35E-1));
#3968=LINE('4892',#3967,#3966);
#3969=DIRECTION('',(0.E0,1.E0,0.E0));
#3970=VECTOR('',#3969,2.45E0);
#3971=CARTESIAN_POINT('',(1.758E1,-2.35E0,-8.35E-1));
#3972=LINE('4965',#3971,#3970);
#3973=DIRECTION('',(0.E0,1.E0,0.E0));
#3974=VECTOR('',#3973,2.45E0);
#3975=CARTESIAN_POINT('',(1.758E1,-2.35E0,-4.35E-1));
#3976=LINE('4967',#3975,#3974);
#3977=DIRECTION('',(0.E0,1.E0,0.E0));
#3978=VECTOR('',#3977,2.45E0);
#3979=CARTESIAN_POINT('',(1.798E1,-2.35E0,-4.35E-1));
#3980=LINE('4969',#3979,#3978);
#3981=DIRECTION('',(0.E0,1.E0,0.E0));
#3982=VECTOR('',#3981,2.45E0);
#3983=CARTESIAN_POINT('',(1.798E1,-2.35E0,-8.35E-1));
#3984=LINE('4971',#3983,#3982);
#3985=DIRECTION('',(0.E0,0.E0,1.E0));
#3986=VECTOR('',#3985,4.E-1);
#3987=CARTESIAN_POINT('',(1.758E1,-2.35E0,-8.35E-1));
#3988=LINE('4933',#3987,#3986);
#3989=DIRECTION('',(1.E0,0.E0,0.E0));
#3990=VECTOR('',#3989,4.E-1);
#3991=CARTESIAN_POINT('',(1.758E1,-2.35E0,-4.35E-1));
#3992=LINE('4934',#3991,#3990);
#3993=DIRECTION('',(0.E0,0.E0,-1.E0));
#3994=VECTOR('',#3993,4.E-1);
#3995=CARTESIAN_POINT('',(1.798E1,-2.35E0,-4.35E-1));
#3996=LINE('4935',#3995,#3994);
#3997=DIRECTION('',(-1.E0,0.E0,0.E0));
#3998=VECTOR('',#3997,4.E-1);
#3999=CARTESIAN_POINT('',(1.798E1,-2.35E0,-8.35E-1));
#4000=LINE('4936',#3999,#3998);
#4001=DIRECTION('',(0.E0,1.E0,0.E0));
#4002=VECTOR('',#4001,2.45E0);
#4003=CARTESIAN_POINT('',(1.758E1,-2.35E0,8.35E-1));
#4004=LINE('4973',#4003,#4002);
#4005=DIRECTION('',(0.E0,1.E0,0.E0));
#4006=VECTOR('',#4005,2.45E0);
#4007=CARTESIAN_POINT('',(1.798E1,-2.35E0,8.35E-1));
#4008=LINE('4975',#4007,#4006);
#4009=DIRECTION('',(0.E0,1.E0,0.E0));
#4010=VECTOR('',#4009,2.45E0);
#4011=CARTESIAN_POINT('',(1.798E1,-2.35E0,4.35E-1));
#4012=LINE('4977',#4011,#4010);
#4013=DIRECTION('',(0.E0,1.E0,0.E0));
#4014=VECTOR('',#4013,2.45E0);
#4015=CARTESIAN_POINT('',(1.758E1,-2.35E0,4.35E-1));
#4016=LINE('4979',#4015,#4014);
#4017=DIRECTION('',(1.E0,0.E0,0.E0));
#4018=VECTOR('',#4017,4.E-1);
#4019=CARTESIAN_POINT('',(1.758E1,-2.35E0,8.35E-1));
#4020=LINE('4937',#4019,#4018);
#4021=DIRECTION('',(0.E0,0.E0,-1.E0));
#4022=VECTOR('',#4021,4.E-1);
#4023=CARTESIAN_POINT('',(1.798E1,-2.35E0,8.35E-1));
#4024=LINE('4938',#4023,#4022);
#4025=DIRECTION('',(-1.E0,0.E0,0.E0));
#4026=VECTOR('',#4025,4.E-1);
#4027=CARTESIAN_POINT('',(1.798E1,-2.35E0,4.35E-1));
#4028=LINE('4939',#4027,#4026);
#4029=DIRECTION('',(0.E0,0.E0,1.E0));
#4030=VECTOR('',#4029,4.E-1);
#4031=CARTESIAN_POINT('',(1.758E1,-2.35E0,4.35E-1));
#4032=LINE('4940',#4031,#4030);
#4033=CARTESIAN_POINT('',(-4.85E-1,0.E0,-1.7E0));
#4034=CARTESIAN_POINT('',(-6.35E-1,0.E0,-1.44E0));
#4035=VERTEX_POINT('',#4033);
#4036=VERTEX_POINT('',#4034);
#4037=CARTESIAN_POINT('',(-6.35E-1,0.E0,1.44E0));
#4038=CARTESIAN_POINT('',(-4.85E-1,0.E0,1.7E0));
#4039=VERTEX_POINT('',#4037);
#4040=VERTEX_POINT('',#4038);
#4041=CARTESIAN_POINT('',(4.85E-1,0.E0,1.7E0));
#4042=VERTEX_POINT('',#4041);
#4043=CARTESIAN_POINT('',(4.85E-1,0.E0,-1.7E0));
#4044=VERTEX_POINT('',#4043);
#4045=CARTESIAN_POINT('',(-4.85E-1,2.5E0,-1.7E0));
#4046=CARTESIAN_POINT('',(-6.35E-1,2.5E0,-1.44E0));
#4047=VERTEX_POINT('',#4045);
#4048=VERTEX_POINT('',#4046);
#4049=CARTESIAN_POINT('',(-6.35E-1,2.5E0,1.44E0));
#4050=VERTEX_POINT('',#4049);
#4051=CARTESIAN_POINT('',(-4.85E-1,2.5E0,1.7E0));
#4052=VERTEX_POINT('',#4051);
#4053=CARTESIAN_POINT('',(4.85E-1,2.5E0,1.7E0));
#4054=VERTEX_POINT('',#4053);
#4055=CARTESIAN_POINT('',(4.85E-1,2.5E0,-1.7E0));
#4056=VERTEX_POINT('',#4055);
#4057=CARTESIAN_POINT('',(7.85E-1,0.E0,1.7E0));
#4058=CARTESIAN_POINT('',(1.755E0,0.E0,1.7E0));
#4059=VERTEX_POINT('',#4057);
#4060=VERTEX_POINT('',#4058);
#4061=CARTESIAN_POINT('',(1.755E0,0.E0,-1.7E0));
#4062=CARTESIAN_POINT('',(7.85E-1,0.E0,-1.7E0));
#4063=VERTEX_POINT('',#4061);
#4064=VERTEX_POINT('',#4062);
#4065=CARTESIAN_POINT('',(7.85E-1,2.5E0,1.7E0));
#4066=CARTESIAN_POINT('',(1.755E0,2.5E0,1.7E0));
#4067=VERTEX_POINT('',#4065);
#4068=VERTEX_POINT('',#4066);
#4069=CARTESIAN_POINT('',(1.755E0,2.5E0,-1.7E0));
#4070=CARTESIAN_POINT('',(7.85E-1,2.5E0,-1.7E0));
#4071=VERTEX_POINT('',#4069);
#4072=VERTEX_POINT('',#4070);
#4073=CARTESIAN_POINT('',(6.35E-1,0.E0,1.44E0));
#4074=CARTESIAN_POINT('',(6.35E-1,2.5E0,1.44E0));
#4075=VERTEX_POINT('',#4073);
#4076=VERTEX_POINT('',#4074);
#4077=CARTESIAN_POINT('',(6.35E-1,0.E0,-1.44E0));
#4078=CARTESIAN_POINT('',(6.35E-1,2.5E0,-1.44E0));
#4079=VERTEX_POINT('',#4077);
#4080=VERTEX_POINT('',#4078);
#4081=CARTESIAN_POINT('',(-6.35E-1,0.E0,1.2E0));
#4082=CARTESIAN_POINT('',(1.8415E1,0.E0,1.2E0));
#4083=VERTEX_POINT('',#4081);
#4084=VERTEX_POINT('',#4082);
#4085=CARTESIAN_POINT('',(-6.35E-1,0.E0,-1.2E0));
#4086=CARTESIAN_POINT('',(1.8415E1,0.E0,-1.2E0));
#4087=VERTEX_POINT('',#4085);
#4088=VERTEX_POINT('',#4086);
#4089=CARTESIAN_POINT('',(-6.35E-1,1.E-1,1.2E0));
#4090=VERTEX_POINT('',#4089);
#4091=CARTESIAN_POINT('',(-6.35E-1,1.E-1,-1.2E0));
#4092=VERTEX_POINT('',#4091);
#4093=CARTESIAN_POINT('',(1.8415E1,1.E-1,1.2E0));
#4094=VERTEX_POINT('',#4093);
#4095=CARTESIAN_POINT('',(1.8415E1,1.E-1,-1.2E0));
#4096=VERTEX_POINT('',#4095);
#4097=CARTESIAN_POINT('',(2.055E0,0.E0,1.7E0));
#4098=CARTESIAN_POINT('',(3.025E0,0.E0,1.7E0));
#4099=VERTEX_POINT('',#4097);
#4100=VERTEX_POINT('',#4098);
#4101=CARTESIAN_POINT('',(3.025E0,0.E0,-1.7E0));
#4102=CARTESIAN_POINT('',(2.055E0,0.E0,-1.7E0));
#4103=VERTEX_POINT('',#4101);
#4104=VERTEX_POINT('',#4102);
#4105=CARTESIAN_POINT('',(2.055E0,2.5E0,1.7E0));
#4106=CARTESIAN_POINT('',(3.025E0,2.5E0,1.7E0));
#4107=VERTEX_POINT('',#4105);
#4108=VERTEX_POINT('',#4106);
#4109=CARTESIAN_POINT('',(3.025E0,2.5E0,-1.7E0));
#4110=CARTESIAN_POINT('',(2.055E0,2.5E0,-1.7E0));
#4111=VERTEX_POINT('',#4109);
#4112=VERTEX_POINT('',#4110);
#4113=CARTESIAN_POINT('',(1.905E0,0.E0,1.44E0));
#4114=CARTESIAN_POINT('',(1.905E0,2.5E0,1.44E0));
#4115=VERTEX_POINT('',#4113);
#4116=VERTEX_POINT('',#4114);
#4117=CARTESIAN_POINT('',(1.905E0,0.E0,-1.44E0));
#4118=CARTESIAN_POINT('',(1.905E0,2.5E0,-1.44E0));
#4119=VERTEX_POINT('',#4117);
#4120=VERTEX_POINT('',#4118);
#4121=CARTESIAN_POINT('',(3.325E0,0.E0,1.7E0));
#4122=CARTESIAN_POINT('',(4.295E0,0.E0,1.7E0));
#4123=VERTEX_POINT('',#4121);
#4124=VERTEX_POINT('',#4122);
#4125=CARTESIAN_POINT('',(4.295E0,0.E0,-1.7E0));
#4126=CARTESIAN_POINT('',(3.325E0,0.E0,-1.7E0));
#4127=VERTEX_POINT('',#4125);
#4128=VERTEX_POINT('',#4126);
#4129=CARTESIAN_POINT('',(3.325E0,2.5E0,1.7E0));
#4130=CARTESIAN_POINT('',(4.295E0,2.5E0,1.7E0));
#4131=VERTEX_POINT('',#4129);
#4132=VERTEX_POINT('',#4130);
#4133=CARTESIAN_POINT('',(4.295E0,2.5E0,-1.7E0));
#4134=CARTESIAN_POINT('',(3.325E0,2.5E0,-1.7E0));
#4135=VERTEX_POINT('',#4133);
#4136=VERTEX_POINT('',#4134);
#4137=CARTESIAN_POINT('',(3.175E0,0.E0,1.44E0));
#4138=CARTESIAN_POINT('',(3.175E0,2.5E0,1.44E0));
#4139=VERTEX_POINT('',#4137);
#4140=VERTEX_POINT('',#4138);
#4141=CARTESIAN_POINT('',(3.175E0,0.E0,-1.44E0));
#4142=CARTESIAN_POINT('',(3.175E0,2.5E0,-1.44E0));
#4143=VERTEX_POINT('',#4141);
#4144=VERTEX_POINT('',#4142);
#4145=CARTESIAN_POINT('',(4.595E0,0.E0,1.7E0));
#4146=CARTESIAN_POINT('',(5.565E0,0.E0,1.7E0));
#4147=VERTEX_POINT('',#4145);
#4148=VERTEX_POINT('',#4146);
#4149=CARTESIAN_POINT('',(5.565E0,0.E0,-1.7E0));
#4150=CARTESIAN_POINT('',(4.595E0,0.E0,-1.7E0));
#4151=VERTEX_POINT('',#4149);
#4152=VERTEX_POINT('',#4150);
#4153=CARTESIAN_POINT('',(4.595E0,2.5E0,1.7E0));
#4154=CARTESIAN_POINT('',(5.565E0,2.5E0,1.7E0));
#4155=VERTEX_POINT('',#4153);
#4156=VERTEX_POINT('',#4154);
#4157=CARTESIAN_POINT('',(5.565E0,2.5E0,-1.7E0));
#4158=CARTESIAN_POINT('',(4.595E0,2.5E0,-1.7E0));
#4159=VERTEX_POINT('',#4157);
#4160=VERTEX_POINT('',#4158);
#4161=CARTESIAN_POINT('',(4.445E0,0.E0,1.44E0));
#4162=CARTESIAN_POINT('',(4.445E0,2.5E0,1.44E0));
#4163=VERTEX_POINT('',#4161);
#4164=VERTEX_POINT('',#4162);
#4165=CARTESIAN_POINT('',(4.445E0,0.E0,-1.44E0));
#4166=CARTESIAN_POINT('',(4.445E0,2.5E0,-1.44E0));
#4167=VERTEX_POINT('',#4165);
#4168=VERTEX_POINT('',#4166);
#4169=CARTESIAN_POINT('',(5.865E0,0.E0,1.7E0));
#4170=CARTESIAN_POINT('',(6.835E0,0.E0,1.7E0));
#4171=VERTEX_POINT('',#4169);
#4172=VERTEX_POINT('',#4170);
#4173=CARTESIAN_POINT('',(6.835E0,0.E0,-1.7E0));
#4174=CARTESIAN_POINT('',(5.865E0,0.E0,-1.7E0));
#4175=VERTEX_POINT('',#4173);
#4176=VERTEX_POINT('',#4174);
#4177=CARTESIAN_POINT('',(5.865E0,2.5E0,1.7E0));
#4178=CARTESIAN_POINT('',(6.835E0,2.5E0,1.7E0));
#4179=VERTEX_POINT('',#4177);
#4180=VERTEX_POINT('',#4178);
#4181=CARTESIAN_POINT('',(6.835E0,2.5E0,-1.7E0));
#4182=CARTESIAN_POINT('',(5.865E0,2.5E0,-1.7E0));
#4183=VERTEX_POINT('',#4181);
#4184=VERTEX_POINT('',#4182);
#4185=CARTESIAN_POINT('',(5.715E0,0.E0,1.44E0));
#4186=CARTESIAN_POINT('',(5.715E0,2.5E0,1.44E0));
#4187=VERTEX_POINT('',#4185);
#4188=VERTEX_POINT('',#4186);
#4189=CARTESIAN_POINT('',(5.715E0,0.E0,-1.44E0));
#4190=CARTESIAN_POINT('',(5.715E0,2.5E0,-1.44E0));
#4191=VERTEX_POINT('',#4189);
#4192=VERTEX_POINT('',#4190);
#4193=CARTESIAN_POINT('',(7.135E0,0.E0,1.7E0));
#4194=CARTESIAN_POINT('',(8.105E0,0.E0,1.7E0));
#4195=VERTEX_POINT('',#4193);
#4196=VERTEX_POINT('',#4194);
#4197=CARTESIAN_POINT('',(8.105E0,0.E0,-1.7E0));
#4198=CARTESIAN_POINT('',(7.135E0,0.E0,-1.7E0));
#4199=VERTEX_POINT('',#4197);
#4200=VERTEX_POINT('',#4198);
#4201=CARTESIAN_POINT('',(7.135E0,2.5E0,1.7E0));
#4202=CARTESIAN_POINT('',(8.105E0,2.5E0,1.7E0));
#4203=VERTEX_POINT('',#4201);
#4204=VERTEX_POINT('',#4202);
#4205=CARTESIAN_POINT('',(8.105E0,2.5E0,-1.7E0));
#4206=CARTESIAN_POINT('',(7.135E0,2.5E0,-1.7E0));
#4207=VERTEX_POINT('',#4205);
#4208=VERTEX_POINT('',#4206);
#4209=CARTESIAN_POINT('',(6.985E0,0.E0,1.44E0));
#4210=CARTESIAN_POINT('',(6.985E0,2.5E0,1.44E0));
#4211=VERTEX_POINT('',#4209);
#4212=VERTEX_POINT('',#4210);
#4213=CARTESIAN_POINT('',(6.985E0,0.E0,-1.44E0));
#4214=CARTESIAN_POINT('',(6.985E0,2.5E0,-1.44E0));
#4215=VERTEX_POINT('',#4213);
#4216=VERTEX_POINT('',#4214);
#4217=CARTESIAN_POINT('',(8.405E0,0.E0,1.7E0));
#4218=CARTESIAN_POINT('',(9.375E0,0.E0,1.7E0));
#4219=VERTEX_POINT('',#4217);
#4220=VERTEX_POINT('',#4218);
#4221=CARTESIAN_POINT('',(9.375E0,0.E0,-1.7E0));
#4222=CARTESIAN_POINT('',(8.405E0,0.E0,-1.7E0));
#4223=VERTEX_POINT('',#4221);
#4224=VERTEX_POINT('',#4222);
#4225=CARTESIAN_POINT('',(8.405E0,2.5E0,1.7E0));
#4226=CARTESIAN_POINT('',(9.375E0,2.5E0,1.7E0));
#4227=VERTEX_POINT('',#4225);
#4228=VERTEX_POINT('',#4226);
#4229=CARTESIAN_POINT('',(9.375E0,2.5E0,-1.7E0));
#4230=CARTESIAN_POINT('',(8.405E0,2.5E0,-1.7E0));
#4231=VERTEX_POINT('',#4229);
#4232=VERTEX_POINT('',#4230);
#4233=CARTESIAN_POINT('',(8.255E0,0.E0,1.44E0));
#4234=CARTESIAN_POINT('',(8.255E0,2.5E0,1.44E0));
#4235=VERTEX_POINT('',#4233);
#4236=VERTEX_POINT('',#4234);
#4237=CARTESIAN_POINT('',(8.255E0,0.E0,-1.44E0));
#4238=CARTESIAN_POINT('',(8.255E0,2.5E0,-1.44E0));
#4239=VERTEX_POINT('',#4237);
#4240=VERTEX_POINT('',#4238);
#4241=CARTESIAN_POINT('',(9.675E0,0.E0,1.7E0));
#4242=CARTESIAN_POINT('',(1.0645E1,0.E0,1.7E0));
#4243=VERTEX_POINT('',#4241);
#4244=VERTEX_POINT('',#4242);
#4245=CARTESIAN_POINT('',(1.0645E1,0.E0,-1.7E0));
#4246=CARTESIAN_POINT('',(9.675E0,0.E0,-1.7E0));
#4247=VERTEX_POINT('',#4245);
#4248=VERTEX_POINT('',#4246);
#4249=CARTESIAN_POINT('',(9.675E0,2.5E0,1.7E0));
#4250=CARTESIAN_POINT('',(1.0645E1,2.5E0,1.7E0));
#4251=VERTEX_POINT('',#4249);
#4252=VERTEX_POINT('',#4250);
#4253=CARTESIAN_POINT('',(1.0645E1,2.5E0,-1.7E0));
#4254=CARTESIAN_POINT('',(9.675E0,2.5E0,-1.7E0));
#4255=VERTEX_POINT('',#4253);
#4256=VERTEX_POINT('',#4254);
#4257=CARTESIAN_POINT('',(9.525E0,0.E0,1.44E0));
#4258=CARTESIAN_POINT('',(9.525E0,2.5E0,1.44E0));
#4259=VERTEX_POINT('',#4257);
#4260=VERTEX_POINT('',#4258);
#4261=CARTESIAN_POINT('',(9.525E0,0.E0,-1.44E0));
#4262=CARTESIAN_POINT('',(9.525E0,2.5E0,-1.44E0));
#4263=VERTEX_POINT('',#4261);
#4264=VERTEX_POINT('',#4262);
#4265=CARTESIAN_POINT('',(1.0945E1,0.E0,1.7E0));
#4266=CARTESIAN_POINT('',(1.1915E1,0.E0,1.7E0));
#4267=VERTEX_POINT('',#4265);
#4268=VERTEX_POINT('',#4266);
#4269=CARTESIAN_POINT('',(1.1915E1,0.E0,-1.7E0));
#4270=CARTESIAN_POINT('',(1.0945E1,0.E0,-1.7E0));
#4271=VERTEX_POINT('',#4269);
#4272=VERTEX_POINT('',#4270);
#4273=CARTESIAN_POINT('',(1.0945E1,2.5E0,1.7E0));
#4274=CARTESIAN_POINT('',(1.1915E1,2.5E0,1.7E0));
#4275=VERTEX_POINT('',#4273);
#4276=VERTEX_POINT('',#4274);
#4277=CARTESIAN_POINT('',(1.1915E1,2.5E0,-1.7E0));
#4278=CARTESIAN_POINT('',(1.0945E1,2.5E0,-1.7E0));
#4279=VERTEX_POINT('',#4277);
#4280=VERTEX_POINT('',#4278);
#4281=CARTESIAN_POINT('',(1.0795E1,0.E0,1.44E0));
#4282=CARTESIAN_POINT('',(1.0795E1,2.5E0,1.44E0));
#4283=VERTEX_POINT('',#4281);
#4284=VERTEX_POINT('',#4282);
#4285=CARTESIAN_POINT('',(1.0795E1,0.E0,-1.44E0));
#4286=CARTESIAN_POINT('',(1.0795E1,2.5E0,-1.44E0));
#4287=VERTEX_POINT('',#4285);
#4288=VERTEX_POINT('',#4286);
#4289=CARTESIAN_POINT('',(1.2215E1,0.E0,1.7E0));
#4290=CARTESIAN_POINT('',(1.3185E1,0.E0,1.7E0));
#4291=VERTEX_POINT('',#4289);
#4292=VERTEX_POINT('',#4290);
#4293=CARTESIAN_POINT('',(1.3185E1,0.E0,-1.7E0));
#4294=CARTESIAN_POINT('',(1.2215E1,0.E0,-1.7E0));
#4295=VERTEX_POINT('',#4293);
#4296=VERTEX_POINT('',#4294);
#4297=CARTESIAN_POINT('',(1.2215E1,2.5E0,1.7E0));
#4298=CARTESIAN_POINT('',(1.3185E1,2.5E0,1.7E0));
#4299=VERTEX_POINT('',#4297);
#4300=VERTEX_POINT('',#4298);
#4301=CARTESIAN_POINT('',(1.3185E1,2.5E0,-1.7E0));
#4302=CARTESIAN_POINT('',(1.2215E1,2.5E0,-1.7E0));
#4303=VERTEX_POINT('',#4301);
#4304=VERTEX_POINT('',#4302);
#4305=CARTESIAN_POINT('',(1.2065E1,0.E0,1.44E0));
#4306=CARTESIAN_POINT('',(1.2065E1,2.5E0,1.44E0));
#4307=VERTEX_POINT('',#4305);
#4308=VERTEX_POINT('',#4306);
#4309=CARTESIAN_POINT('',(1.2065E1,0.E0,-1.44E0));
#4310=CARTESIAN_POINT('',(1.2065E1,2.5E0,-1.44E0));
#4311=VERTEX_POINT('',#4309);
#4312=VERTEX_POINT('',#4310);
#4313=CARTESIAN_POINT('',(1.3485E1,0.E0,1.7E0));
#4314=CARTESIAN_POINT('',(1.4455E1,0.E0,1.7E0));
#4315=VERTEX_POINT('',#4313);
#4316=VERTEX_POINT('',#4314);
#4317=CARTESIAN_POINT('',(1.4455E1,0.E0,-1.7E0));
#4318=CARTESIAN_POINT('',(1.3485E1,0.E0,-1.7E0));
#4319=VERTEX_POINT('',#4317);
#4320=VERTEX_POINT('',#4318);
#4321=CARTESIAN_POINT('',(1.3485E1,2.5E0,1.7E0));
#4322=CARTESIAN_POINT('',(1.4455E1,2.5E0,1.7E0));
#4323=VERTEX_POINT('',#4321);
#4324=VERTEX_POINT('',#4322);
#4325=CARTESIAN_POINT('',(1.4455E1,2.5E0,-1.7E0));
#4326=CARTESIAN_POINT('',(1.3485E1,2.5E0,-1.7E0));
#4327=VERTEX_POINT('',#4325);
#4328=VERTEX_POINT('',#4326);
#4329=CARTESIAN_POINT('',(1.3335E1,0.E0,1.44E0));
#4330=CARTESIAN_POINT('',(1.3335E1,2.5E0,1.44E0));
#4331=VERTEX_POINT('',#4329);
#4332=VERTEX_POINT('',#4330);
#4333=CARTESIAN_POINT('',(1.3335E1,0.E0,-1.44E0));
#4334=CARTESIAN_POINT('',(1.3335E1,2.5E0,-1.44E0));
#4335=VERTEX_POINT('',#4333);
#4336=VERTEX_POINT('',#4334);
#4337=CARTESIAN_POINT('',(1.4755E1,0.E0,1.7E0));
#4338=CARTESIAN_POINT('',(1.5725E1,0.E0,1.7E0));
#4339=VERTEX_POINT('',#4337);
#4340=VERTEX_POINT('',#4338);
#4341=CARTESIAN_POINT('',(1.5725E1,0.E0,-1.7E0));
#4342=CARTESIAN_POINT('',(1.4755E1,0.E0,-1.7E0));
#4343=VERTEX_POINT('',#4341);
#4344=VERTEX_POINT('',#4342);
#4345=CARTESIAN_POINT('',(1.4755E1,2.5E0,1.7E0));
#4346=CARTESIAN_POINT('',(1.5725E1,2.5E0,1.7E0));
#4347=VERTEX_POINT('',#4345);
#4348=VERTEX_POINT('',#4346);
#4349=CARTESIAN_POINT('',(1.5725E1,2.5E0,-1.7E0));
#4350=CARTESIAN_POINT('',(1.4755E1,2.5E0,-1.7E0));
#4351=VERTEX_POINT('',#4349);
#4352=VERTEX_POINT('',#4350);
#4353=CARTESIAN_POINT('',(1.4605E1,0.E0,1.44E0));
#4354=CARTESIAN_POINT('',(1.4605E1,2.5E0,1.44E0));
#4355=VERTEX_POINT('',#4353);
#4356=VERTEX_POINT('',#4354);
#4357=CARTESIAN_POINT('',(1.4605E1,0.E0,-1.44E0));
#4358=CARTESIAN_POINT('',(1.4605E1,2.5E0,-1.44E0));
#4359=VERTEX_POINT('',#4357);
#4360=VERTEX_POINT('',#4358);
#4361=CARTESIAN_POINT('',(1.6025E1,0.E0,1.7E0));
#4362=CARTESIAN_POINT('',(1.6995E1,0.E0,1.7E0));
#4363=VERTEX_POINT('',#4361);
#4364=VERTEX_POINT('',#4362);
#4365=CARTESIAN_POINT('',(1.6995E1,0.E0,-1.7E0));
#4366=CARTESIAN_POINT('',(1.6025E1,0.E0,-1.7E0));
#4367=VERTEX_POINT('',#4365);
#4368=VERTEX_POINT('',#4366);
#4369=CARTESIAN_POINT('',(1.6025E1,2.5E0,1.7E0));
#4370=CARTESIAN_POINT('',(1.6995E1,2.5E0,1.7E0));
#4371=VERTEX_POINT('',#4369);
#4372=VERTEX_POINT('',#4370);
#4373=CARTESIAN_POINT('',(1.6995E1,2.5E0,-1.7E0));
#4374=CARTESIAN_POINT('',(1.6025E1,2.5E0,-1.7E0));
#4375=VERTEX_POINT('',#4373);
#4376=VERTEX_POINT('',#4374);
#4377=CARTESIAN_POINT('',(1.5875E1,0.E0,1.44E0));
#4378=CARTESIAN_POINT('',(1.5875E1,2.5E0,1.44E0));
#4379=VERTEX_POINT('',#4377);
#4380=VERTEX_POINT('',#4378);
#4381=CARTESIAN_POINT('',(1.5875E1,0.E0,-1.44E0));
#4382=CARTESIAN_POINT('',(1.5875E1,2.5E0,-1.44E0));
#4383=VERTEX_POINT('',#4381);
#4384=VERTEX_POINT('',#4382);
#4385=CARTESIAN_POINT('',(1.7295E1,0.E0,1.7E0));
#4386=CARTESIAN_POINT('',(1.8265E1,0.E0,1.7E0));
#4387=VERTEX_POINT('',#4385);
#4388=VERTEX_POINT('',#4386);
#4389=CARTESIAN_POINT('',(1.8415E1,0.E0,1.44E0));
#4390=VERTEX_POINT('',#4389);
#4391=CARTESIAN_POINT('',(1.8415E1,0.E0,-1.44E0));
#4392=CARTESIAN_POINT('',(1.8265E1,0.E0,-1.7E0));
#4393=VERTEX_POINT('',#4391);
#4394=VERTEX_POINT('',#4392);
#4395=CARTESIAN_POINT('',(1.7295E1,0.E0,-1.7E0));
#4396=VERTEX_POINT('',#4395);
#4397=CARTESIAN_POINT('',(1.7295E1,2.5E0,1.7E0));
#4398=CARTESIAN_POINT('',(1.8265E1,2.5E0,1.7E0));
#4399=VERTEX_POINT('',#4397);
#4400=VERTEX_POINT('',#4398);
#4401=CARTESIAN_POINT('',(1.8415E1,2.5E0,1.44E0));
#4402=VERTEX_POINT('',#4401);
#4403=CARTESIAN_POINT('',(1.8415E1,2.5E0,-1.44E0));
#4404=VERTEX_POINT('',#4403);
#4405=CARTESIAN_POINT('',(1.8265E1,2.5E0,-1.7E0));
#4406=VERTEX_POINT('',#4405);
#4407=CARTESIAN_POINT('',(1.7295E1,2.5E0,-1.7E0));
#4408=VERTEX_POINT('',#4407);
#4409=CARTESIAN_POINT('',(1.7145E1,0.E0,1.44E0));
#4410=CARTESIAN_POINT('',(1.7145E1,2.5E0,1.44E0));
#4411=VERTEX_POINT('',#4409);
#4412=VERTEX_POINT('',#4410);
#4413=CARTESIAN_POINT('',(1.7145E1,0.E0,-1.44E0));
#4414=CARTESIAN_POINT('',(1.7145E1,2.5E0,-1.44E0));
#4415=VERTEX_POINT('',#4413);
#4416=VERTEX_POINT('',#4414);
#4417=CARTESIAN_POINT('',(-2.E-1,-2.35E0,-8.35E-1));
#4418=CARTESIAN_POINT('',(-2.E-1,-2.35E0,-4.35E-1));
#4419=VERTEX_POINT('',#4417);
#4420=VERTEX_POINT('',#4418);
#4421=CARTESIAN_POINT('',(2.E-1,-2.35E0,-4.35E-1));
#4422=VERTEX_POINT('',#4421);
#4423=CARTESIAN_POINT('',(2.E-1,-2.35E0,-8.35E-1));
#4424=VERTEX_POINT('',#4423);
#4425=CARTESIAN_POINT('',(-2.E-1,-2.35E0,8.35E-1));
#4426=CARTESIAN_POINT('',(2.E-1,-2.35E0,8.35E-1));
#4427=VERTEX_POINT('',#4425);
#4428=VERTEX_POINT('',#4426);
#4429=CARTESIAN_POINT('',(2.E-1,-2.35E0,4.35E-1));
#4430=VERTEX_POINT('',#4429);
#4431=CARTESIAN_POINT('',(-2.E-1,-2.35E0,4.35E-1));
#4432=VERTEX_POINT('',#4431);
#4433=CARTESIAN_POINT('',(-2.E-1,5.5E0,-8.35E-1));
#4434=CARTESIAN_POINT('',(-2.E-1,5.5E0,-4.35E-1));
#4435=VERTEX_POINT('',#4433);
#4436=VERTEX_POINT('',#4434);
#4437=CARTESIAN_POINT('',(2.E-1,5.5E0,-4.35E-1));
#4438=VERTEX_POINT('',#4437);
#4439=CARTESIAN_POINT('',(2.E-1,5.5E0,-8.35E-1));
#4440=VERTEX_POINT('',#4439);
#4441=CARTESIAN_POINT('',(-2.E-1,5.5E0,8.35E-1));
#4442=CARTESIAN_POINT('',(2.E-1,5.5E0,8.35E-1));
#4443=VERTEX_POINT('',#4441);
#4444=VERTEX_POINT('',#4442);
#4445=CARTESIAN_POINT('',(2.E-1,5.5E0,4.35E-1));
#4446=VERTEX_POINT('',#4445);
#4447=CARTESIAN_POINT('',(-2.E-1,5.5E0,4.35E-1));
#4448=VERTEX_POINT('',#4447);
#4449=CARTESIAN_POINT('',(-2.E-1,2.5E0,-8.35E-1));
#4450=CARTESIAN_POINT('',(-2.E-1,2.5E0,-4.35E-1));
#4451=VERTEX_POINT('',#4449);
#4452=VERTEX_POINT('',#4450);
#4453=CARTESIAN_POINT('',(2.E-1,2.5E0,-4.35E-1));
#4454=VERTEX_POINT('',#4453);
#4455=CARTESIAN_POINT('',(2.E-1,2.5E0,-8.35E-1));
#4456=VERTEX_POINT('',#4455);
#4457=CARTESIAN_POINT('',(-2.E-1,2.5E0,8.35E-1));
#4458=CARTESIAN_POINT('',(2.E-1,2.5E0,8.35E-1));
#4459=VERTEX_POINT('',#4457);
#4460=VERTEX_POINT('',#4458);
#4461=CARTESIAN_POINT('',(2.E-1,2.5E0,4.35E-1));
#4462=VERTEX_POINT('',#4461);
#4463=CARTESIAN_POINT('',(-2.E-1,2.5E0,4.35E-1));
#4464=VERTEX_POINT('',#4463);
#4465=CARTESIAN_POINT('',(-2.E-1,1.E-1,-8.35E-1));
#4466=CARTESIAN_POINT('',(-2.E-1,1.E-1,-4.35E-1));
#4467=VERTEX_POINT('',#4465);
#4468=VERTEX_POINT('',#4466);
#4469=CARTESIAN_POINT('',(2.E-1,1.E-1,-4.35E-1));
#4470=VERTEX_POINT('',#4469);
#4471=CARTESIAN_POINT('',(2.E-1,1.E-1,-8.35E-1));
#4472=VERTEX_POINT('',#4471);
#4473=CARTESIAN_POINT('',(-2.E-1,1.E-1,8.35E-1));
#4474=CARTESIAN_POINT('',(2.E-1,1.E-1,8.35E-1));
#4475=VERTEX_POINT('',#4473);
#4476=VERTEX_POINT('',#4474);
#4477=CARTESIAN_POINT('',(2.E-1,1.E-1,4.35E-1));
#4478=VERTEX_POINT('',#4477);
#4479=CARTESIAN_POINT('',(-2.E-1,1.E-1,4.35E-1));
#4480=VERTEX_POINT('',#4479);
#4481=CARTESIAN_POINT('',(1.07E0,-2.35E0,-8.35E-1));
#4482=CARTESIAN_POINT('',(1.07E0,-2.35E0,-4.35E-1));
#4483=VERTEX_POINT('',#4481);
#4484=VERTEX_POINT('',#4482);
#4485=CARTESIAN_POINT('',(1.47E0,-2.35E0,-4.35E-1));
#4486=VERTEX_POINT('',#4485);
#4487=CARTESIAN_POINT('',(1.47E0,-2.35E0,-8.35E-1));
#4488=VERTEX_POINT('',#4487);
#4489=CARTESIAN_POINT('',(1.07E0,-2.35E0,8.35E-1));
#4490=CARTESIAN_POINT('',(1.47E0,-2.35E0,8.35E-1));
#4491=VERTEX_POINT('',#4489);
#4492=VERTEX_POINT('',#4490);
#4493=CARTESIAN_POINT('',(1.47E0,-2.35E0,4.35E-1));
#4494=VERTEX_POINT('',#4493);
#4495=CARTESIAN_POINT('',(1.07E0,-2.35E0,4.35E-1));
#4496=VERTEX_POINT('',#4495);
#4497=CARTESIAN_POINT('',(1.07E0,5.5E0,-8.35E-1));
#4498=CARTESIAN_POINT('',(1.07E0,5.5E0,-4.35E-1));
#4499=VERTEX_POINT('',#4497);
#4500=VERTEX_POINT('',#4498);
#4501=CARTESIAN_POINT('',(1.47E0,5.5E0,-4.35E-1));
#4502=VERTEX_POINT('',#4501);
#4503=CARTESIAN_POINT('',(1.47E0,5.5E0,-8.35E-1));
#4504=VERTEX_POINT('',#4503);
#4505=CARTESIAN_POINT('',(1.07E0,5.5E0,8.35E-1));
#4506=CARTESIAN_POINT('',(1.47E0,5.5E0,8.35E-1));
#4507=VERTEX_POINT('',#4505);
#4508=VERTEX_POINT('',#4506);
#4509=CARTESIAN_POINT('',(1.47E0,5.5E0,4.35E-1));
#4510=VERTEX_POINT('',#4509);
#4511=CARTESIAN_POINT('',(1.07E0,5.5E0,4.35E-1));
#4512=VERTEX_POINT('',#4511);
#4513=CARTESIAN_POINT('',(1.07E0,2.5E0,-8.35E-1));
#4514=CARTESIAN_POINT('',(1.07E0,2.5E0,-4.35E-1));
#4515=VERTEX_POINT('',#4513);
#4516=VERTEX_POINT('',#4514);
#4517=CARTESIAN_POINT('',(1.47E0,2.5E0,-4.35E-1));
#4518=VERTEX_POINT('',#4517);
#4519=CARTESIAN_POINT('',(1.47E0,2.5E0,-8.35E-1));
#4520=VERTEX_POINT('',#4519);
#4521=CARTESIAN_POINT('',(1.07E0,2.5E0,8.35E-1));
#4522=CARTESIAN_POINT('',(1.47E0,2.5E0,8.35E-1));
#4523=VERTEX_POINT('',#4521);
#4524=VERTEX_POINT('',#4522);
#4525=CARTESIAN_POINT('',(1.47E0,2.5E0,4.35E-1));
#4526=VERTEX_POINT('',#4525);
#4527=CARTESIAN_POINT('',(1.07E0,2.5E0,4.35E-1));
#4528=VERTEX_POINT('',#4527);
#4529=CARTESIAN_POINT('',(1.07E0,1.E-1,-8.35E-1));
#4530=CARTESIAN_POINT('',(1.07E0,1.E-1,-4.35E-1));
#4531=VERTEX_POINT('',#4529);
#4532=VERTEX_POINT('',#4530);
#4533=CARTESIAN_POINT('',(1.47E0,1.E-1,-4.35E-1));
#4534=VERTEX_POINT('',#4533);
#4535=CARTESIAN_POINT('',(1.47E0,1.E-1,-8.35E-1));
#4536=VERTEX_POINT('',#4535);
#4537=CARTESIAN_POINT('',(1.07E0,1.E-1,8.35E-1));
#4538=CARTESIAN_POINT('',(1.47E0,1.E-1,8.35E-1));
#4539=VERTEX_POINT('',#4537);
#4540=VERTEX_POINT('',#4538);
#4541=CARTESIAN_POINT('',(1.47E0,1.E-1,4.35E-1));
#4542=VERTEX_POINT('',#4541);
#4543=CARTESIAN_POINT('',(1.07E0,1.E-1,4.35E-1));
#4544=VERTEX_POINT('',#4543);
#4545=CARTESIAN_POINT('',(2.34E0,-2.35E0,-8.35E-1));
#4546=CARTESIAN_POINT('',(2.34E0,-2.35E0,-4.35E-1));
#4547=VERTEX_POINT('',#4545);
#4548=VERTEX_POINT('',#4546);
#4549=CARTESIAN_POINT('',(2.74E0,-2.35E0,-4.35E-1));
#4550=VERTEX_POINT('',#4549);
#4551=CARTESIAN_POINT('',(2.74E0,-2.35E0,-8.35E-1));
#4552=VERTEX_POINT('',#4551);
#4553=CARTESIAN_POINT('',(2.34E0,-2.35E0,8.35E-1));
#4554=CARTESIAN_POINT('',(2.74E0,-2.35E0,8.35E-1));
#4555=VERTEX_POINT('',#4553);
#4556=VERTEX_POINT('',#4554);
#4557=CARTESIAN_POINT('',(2.74E0,-2.35E0,4.35E-1));
#4558=VERTEX_POINT('',#4557);
#4559=CARTESIAN_POINT('',(2.34E0,-2.35E0,4.35E-1));
#4560=VERTEX_POINT('',#4559);
#4561=CARTESIAN_POINT('',(2.34E0,5.5E0,-8.35E-1));
#4562=CARTESIAN_POINT('',(2.34E0,5.5E0,-4.35E-1));
#4563=VERTEX_POINT('',#4561);
#4564=VERTEX_POINT('',#4562);
#4565=CARTESIAN_POINT('',(2.74E0,5.5E0,-4.35E-1));
#4566=VERTEX_POINT('',#4565);
#4567=CARTESIAN_POINT('',(2.74E0,5.5E0,-8.35E-1));
#4568=VERTEX_POINT('',#4567);
#4569=CARTESIAN_POINT('',(2.34E0,5.5E0,8.35E-1));
#4570=CARTESIAN_POINT('',(2.74E0,5.5E0,8.35E-1));
#4571=VERTEX_POINT('',#4569);
#4572=VERTEX_POINT('',#4570);
#4573=CARTESIAN_POINT('',(2.74E0,5.5E0,4.35E-1));
#4574=VERTEX_POINT('',#4573);
#4575=CARTESIAN_POINT('',(2.34E0,5.5E0,4.35E-1));
#4576=VERTEX_POINT('',#4575);
#4577=CARTESIAN_POINT('',(2.34E0,2.5E0,-8.35E-1));
#4578=CARTESIAN_POINT('',(2.34E0,2.5E0,-4.35E-1));
#4579=VERTEX_POINT('',#4577);
#4580=VERTEX_POINT('',#4578);
#4581=CARTESIAN_POINT('',(2.74E0,2.5E0,-4.35E-1));
#4582=VERTEX_POINT('',#4581);
#4583=CARTESIAN_POINT('',(2.74E0,2.5E0,-8.35E-1));
#4584=VERTEX_POINT('',#4583);
#4585=CARTESIAN_POINT('',(2.34E0,2.5E0,8.35E-1));
#4586=CARTESIAN_POINT('',(2.74E0,2.5E0,8.35E-1));
#4587=VERTEX_POINT('',#4585);
#4588=VERTEX_POINT('',#4586);
#4589=CARTESIAN_POINT('',(2.74E0,2.5E0,4.35E-1));
#4590=VERTEX_POINT('',#4589);
#4591=CARTESIAN_POINT('',(2.34E0,2.5E0,4.35E-1));
#4592=VERTEX_POINT('',#4591);
#4593=CARTESIAN_POINT('',(2.34E0,1.E-1,-8.35E-1));
#4594=CARTESIAN_POINT('',(2.34E0,1.E-1,-4.35E-1));
#4595=VERTEX_POINT('',#4593);
#4596=VERTEX_POINT('',#4594);
#4597=CARTESIAN_POINT('',(2.74E0,1.E-1,-4.35E-1));
#4598=VERTEX_POINT('',#4597);
#4599=CARTESIAN_POINT('',(2.74E0,1.E-1,-8.35E-1));
#4600=VERTEX_POINT('',#4599);
#4601=CARTESIAN_POINT('',(2.34E0,1.E-1,8.35E-1));
#4602=CARTESIAN_POINT('',(2.74E0,1.E-1,8.35E-1));
#4603=VERTEX_POINT('',#4601);
#4604=VERTEX_POINT('',#4602);
#4605=CARTESIAN_POINT('',(2.74E0,1.E-1,4.35E-1));
#4606=VERTEX_POINT('',#4605);
#4607=CARTESIAN_POINT('',(2.34E0,1.E-1,4.35E-1));
#4608=VERTEX_POINT('',#4607);
#4609=CARTESIAN_POINT('',(3.61E0,-2.35E0,-8.35E-1));
#4610=CARTESIAN_POINT('',(3.61E0,-2.35E0,-4.35E-1));
#4611=VERTEX_POINT('',#4609);
#4612=VERTEX_POINT('',#4610);
#4613=CARTESIAN_POINT('',(4.01E0,-2.35E0,-4.35E-1));
#4614=VERTEX_POINT('',#4613);
#4615=CARTESIAN_POINT('',(4.01E0,-2.35E0,-8.35E-1));
#4616=VERTEX_POINT('',#4615);
#4617=CARTESIAN_POINT('',(3.61E0,-2.35E0,8.35E-1));
#4618=CARTESIAN_POINT('',(4.01E0,-2.35E0,8.35E-1));
#4619=VERTEX_POINT('',#4617);
#4620=VERTEX_POINT('',#4618);
#4621=CARTESIAN_POINT('',(4.01E0,-2.35E0,4.35E-1));
#4622=VERTEX_POINT('',#4621);
#4623=CARTESIAN_POINT('',(3.61E0,-2.35E0,4.35E-1));
#4624=VERTEX_POINT('',#4623);
#4625=CARTESIAN_POINT('',(3.61E0,5.5E0,-8.35E-1));
#4626=CARTESIAN_POINT('',(3.61E0,5.5E0,-4.35E-1));
#4627=VERTEX_POINT('',#4625);
#4628=VERTEX_POINT('',#4626);
#4629=CARTESIAN_POINT('',(4.01E0,5.5E0,-4.35E-1));
#4630=VERTEX_POINT('',#4629);
#4631=CARTESIAN_POINT('',(4.01E0,5.5E0,-8.35E-1));
#4632=VERTEX_POINT('',#4631);
#4633=CARTESIAN_POINT('',(3.61E0,5.5E0,8.35E-1));
#4634=CARTESIAN_POINT('',(4.01E0,5.5E0,8.35E-1));
#4635=VERTEX_POINT('',#4633);
#4636=VERTEX_POINT('',#4634);
#4637=CARTESIAN_POINT('',(4.01E0,5.5E0,4.35E-1));
#4638=VERTEX_POINT('',#4637);
#4639=CARTESIAN_POINT('',(3.61E0,5.5E0,4.35E-1));
#4640=VERTEX_POINT('',#4639);
#4641=CARTESIAN_POINT('',(3.61E0,2.5E0,-8.35E-1));
#4642=CARTESIAN_POINT('',(3.61E0,2.5E0,-4.35E-1));
#4643=VERTEX_POINT('',#4641);
#4644=VERTEX_POINT('',#4642);
#4645=CARTESIAN_POINT('',(4.01E0,2.5E0,-4.35E-1));
#4646=VERTEX_POINT('',#4645);
#4647=CARTESIAN_POINT('',(4.01E0,2.5E0,-8.35E-1));
#4648=VERTEX_POINT('',#4647);
#4649=CARTESIAN_POINT('',(3.61E0,2.5E0,8.35E-1));
#4650=CARTESIAN_POINT('',(4.01E0,2.5E0,8.35E-1));
#4651=VERTEX_POINT('',#4649);
#4652=VERTEX_POINT('',#4650);
#4653=CARTESIAN_POINT('',(4.01E0,2.5E0,4.35E-1));
#4654=VERTEX_POINT('',#4653);
#4655=CARTESIAN_POINT('',(3.61E0,2.5E0,4.35E-1));
#4656=VERTEX_POINT('',#4655);
#4657=CARTESIAN_POINT('',(3.61E0,1.E-1,-8.35E-1));
#4658=CARTESIAN_POINT('',(3.61E0,1.E-1,-4.35E-1));
#4659=VERTEX_POINT('',#4657);
#4660=VERTEX_POINT('',#4658);
#4661=CARTESIAN_POINT('',(4.01E0,1.E-1,-4.35E-1));
#4662=VERTEX_POINT('',#4661);
#4663=CARTESIAN_POINT('',(4.01E0,1.E-1,-8.35E-1));
#4664=VERTEX_POINT('',#4663);
#4665=CARTESIAN_POINT('',(3.61E0,1.E-1,8.35E-1));
#4666=CARTESIAN_POINT('',(4.01E0,1.E-1,8.35E-1));
#4667=VERTEX_POINT('',#4665);
#4668=VERTEX_POINT('',#4666);
#4669=CARTESIAN_POINT('',(4.01E0,1.E-1,4.35E-1));
#4670=VERTEX_POINT('',#4669);
#4671=CARTESIAN_POINT('',(3.61E0,1.E-1,4.35E-1));
#4672=VERTEX_POINT('',#4671);
#4673=CARTESIAN_POINT('',(4.88E0,-2.35E0,-8.35E-1));
#4674=CARTESIAN_POINT('',(4.88E0,-2.35E0,-4.35E-1));
#4675=VERTEX_POINT('',#4673);
#4676=VERTEX_POINT('',#4674);
#4677=CARTESIAN_POINT('',(5.28E0,-2.35E0,-4.35E-1));
#4678=VERTEX_POINT('',#4677);
#4679=CARTESIAN_POINT('',(5.28E0,-2.35E0,-8.35E-1));
#4680=VERTEX_POINT('',#4679);
#4681=CARTESIAN_POINT('',(4.88E0,-2.35E0,8.35E-1));
#4682=CARTESIAN_POINT('',(5.28E0,-2.35E0,8.35E-1));
#4683=VERTEX_POINT('',#4681);
#4684=VERTEX_POINT('',#4682);
#4685=CARTESIAN_POINT('',(5.28E0,-2.35E0,4.35E-1));
#4686=VERTEX_POINT('',#4685);
#4687=CARTESIAN_POINT('',(4.88E0,-2.35E0,4.35E-1));
#4688=VERTEX_POINT('',#4687);
#4689=CARTESIAN_POINT('',(4.88E0,5.5E0,-8.35E-1));
#4690=CARTESIAN_POINT('',(4.88E0,5.5E0,-4.35E-1));
#4691=VERTEX_POINT('',#4689);
#4692=VERTEX_POINT('',#4690);
#4693=CARTESIAN_POINT('',(5.28E0,5.5E0,-4.35E-1));
#4694=VERTEX_POINT('',#4693);
#4695=CARTESIAN_POINT('',(5.28E0,5.5E0,-8.35E-1));
#4696=VERTEX_POINT('',#4695);
#4697=CARTESIAN_POINT('',(4.88E0,5.5E0,8.35E-1));
#4698=CARTESIAN_POINT('',(5.28E0,5.5E0,8.35E-1));
#4699=VERTEX_POINT('',#4697);
#4700=VERTEX_POINT('',#4698);
#4701=CARTESIAN_POINT('',(5.28E0,5.5E0,4.35E-1));
#4702=VERTEX_POINT('',#4701);
#4703=CARTESIAN_POINT('',(4.88E0,5.5E0,4.35E-1));
#4704=VERTEX_POINT('',#4703);
#4705=CARTESIAN_POINT('',(4.88E0,2.5E0,-8.35E-1));
#4706=CARTESIAN_POINT('',(4.88E0,2.5E0,-4.35E-1));
#4707=VERTEX_POINT('',#4705);
#4708=VERTEX_POINT('',#4706);
#4709=CARTESIAN_POINT('',(5.28E0,2.5E0,-4.35E-1));
#4710=VERTEX_POINT('',#4709);
#4711=CARTESIAN_POINT('',(5.28E0,2.5E0,-8.35E-1));
#4712=VERTEX_POINT('',#4711);
#4713=CARTESIAN_POINT('',(4.88E0,2.5E0,8.35E-1));
#4714=CARTESIAN_POINT('',(5.28E0,2.5E0,8.35E-1));
#4715=VERTEX_POINT('',#4713);
#4716=VERTEX_POINT('',#4714);
#4717=CARTESIAN_POINT('',(5.28E0,2.5E0,4.35E-1));
#4718=VERTEX_POINT('',#4717);
#4719=CARTESIAN_POINT('',(4.88E0,2.5E0,4.35E-1));
#4720=VERTEX_POINT('',#4719);
#4721=CARTESIAN_POINT('',(4.88E0,1.E-1,-8.35E-1));
#4722=CARTESIAN_POINT('',(4.88E0,1.E-1,-4.35E-1));
#4723=VERTEX_POINT('',#4721);
#4724=VERTEX_POINT('',#4722);
#4725=CARTESIAN_POINT('',(5.28E0,1.E-1,-4.35E-1));
#4726=VERTEX_POINT('',#4725);
#4727=CARTESIAN_POINT('',(5.28E0,1.E-1,-8.35E-1));
#4728=VERTEX_POINT('',#4727);
#4729=CARTESIAN_POINT('',(4.88E0,1.E-1,8.35E-1));
#4730=CARTESIAN_POINT('',(5.28E0,1.E-1,8.35E-1));
#4731=VERTEX_POINT('',#4729);
#4732=VERTEX_POINT('',#4730);
#4733=CARTESIAN_POINT('',(5.28E0,1.E-1,4.35E-1));
#4734=VERTEX_POINT('',#4733);
#4735=CARTESIAN_POINT('',(4.88E0,1.E-1,4.35E-1));
#4736=VERTEX_POINT('',#4735);
#4737=CARTESIAN_POINT('',(6.15E0,-2.35E0,-8.35E-1));
#4738=CARTESIAN_POINT('',(6.15E0,-2.35E0,-4.35E-1));
#4739=VERTEX_POINT('',#4737);
#4740=VERTEX_POINT('',#4738);
#4741=CARTESIAN_POINT('',(6.55E0,-2.35E0,-4.35E-1));
#4742=VERTEX_POINT('',#4741);
#4743=CARTESIAN_POINT('',(6.55E0,-2.35E0,-8.35E-1));
#4744=VERTEX_POINT('',#4743);
#4745=CARTESIAN_POINT('',(6.15E0,-2.35E0,8.35E-1));
#4746=CARTESIAN_POINT('',(6.55E0,-2.35E0,8.35E-1));
#4747=VERTEX_POINT('',#4745);
#4748=VERTEX_POINT('',#4746);
#4749=CARTESIAN_POINT('',(6.55E0,-2.35E0,4.35E-1));
#4750=VERTEX_POINT('',#4749);
#4751=CARTESIAN_POINT('',(6.15E0,-2.35E0,4.35E-1));
#4752=VERTEX_POINT('',#4751);
#4753=CARTESIAN_POINT('',(6.15E0,5.5E0,-8.35E-1));
#4754=CARTESIAN_POINT('',(6.15E0,5.5E0,-4.35E-1));
#4755=VERTEX_POINT('',#4753);
#4756=VERTEX_POINT('',#4754);
#4757=CARTESIAN_POINT('',(6.55E0,5.5E0,-4.35E-1));
#4758=VERTEX_POINT('',#4757);
#4759=CARTESIAN_POINT('',(6.55E0,5.5E0,-8.35E-1));
#4760=VERTEX_POINT('',#4759);
#4761=CARTESIAN_POINT('',(6.15E0,5.5E0,8.35E-1));
#4762=CARTESIAN_POINT('',(6.55E0,5.5E0,8.35E-1));
#4763=VERTEX_POINT('',#4761);
#4764=VERTEX_POINT('',#4762);
#4765=CARTESIAN_POINT('',(6.55E0,5.5E0,4.35E-1));
#4766=VERTEX_POINT('',#4765);
#4767=CARTESIAN_POINT('',(6.15E0,5.5E0,4.35E-1));
#4768=VERTEX_POINT('',#4767);
#4769=CARTESIAN_POINT('',(6.15E0,2.5E0,-8.35E-1));
#4770=CARTESIAN_POINT('',(6.15E0,2.5E0,-4.35E-1));
#4771=VERTEX_POINT('',#4769);
#4772=VERTEX_POINT('',#4770);
#4773=CARTESIAN_POINT('',(6.55E0,2.5E0,-4.35E-1));
#4774=VERTEX_POINT('',#4773);
#4775=CARTESIAN_POINT('',(6.55E0,2.5E0,-8.35E-1));
#4776=VERTEX_POINT('',#4775);
#4777=CARTESIAN_POINT('',(6.15E0,2.5E0,8.35E-1));
#4778=CARTESIAN_POINT('',(6.55E0,2.5E0,8.35E-1));
#4779=VERTEX_POINT('',#4777);
#4780=VERTEX_POINT('',#4778);
#4781=CARTESIAN_POINT('',(6.55E0,2.5E0,4.35E-1));
#4782=VERTEX_POINT('',#4781);
#4783=CARTESIAN_POINT('',(6.15E0,2.5E0,4.35E-1));
#4784=VERTEX_POINT('',#4783);
#4785=CARTESIAN_POINT('',(6.15E0,1.E-1,-8.35E-1));
#4786=CARTESIAN_POINT('',(6.15E0,1.E-1,-4.35E-1));
#4787=VERTEX_POINT('',#4785);
#4788=VERTEX_POINT('',#4786);
#4789=CARTESIAN_POINT('',(6.55E0,1.E-1,-4.35E-1));
#4790=VERTEX_POINT('',#4789);
#4791=CARTESIAN_POINT('',(6.55E0,1.E-1,-8.35E-1));
#4792=VERTEX_POINT('',#4791);
#4793=CARTESIAN_POINT('',(6.15E0,1.E-1,8.35E-1));
#4794=CARTESIAN_POINT('',(6.55E0,1.E-1,8.35E-1));
#4795=VERTEX_POINT('',#4793);
#4796=VERTEX_POINT('',#4794);
#4797=CARTESIAN_POINT('',(6.55E0,1.E-1,4.35E-1));
#4798=VERTEX_POINT('',#4797);
#4799=CARTESIAN_POINT('',(6.15E0,1.E-1,4.35E-1));
#4800=VERTEX_POINT('',#4799);
#4801=CARTESIAN_POINT('',(7.42E0,-2.35E0,-8.35E-1));
#4802=CARTESIAN_POINT('',(7.42E0,-2.35E0,-4.35E-1));
#4803=VERTEX_POINT('',#4801);
#4804=VERTEX_POINT('',#4802);
#4805=CARTESIAN_POINT('',(7.82E0,-2.35E0,-4.35E-1));
#4806=VERTEX_POINT('',#4805);
#4807=CARTESIAN_POINT('',(7.82E0,-2.35E0,-8.35E-1));
#4808=VERTEX_POINT('',#4807);
#4809=CARTESIAN_POINT('',(7.42E0,-2.35E0,8.35E-1));
#4810=CARTESIAN_POINT('',(7.82E0,-2.35E0,8.35E-1));
#4811=VERTEX_POINT('',#4809);
#4812=VERTEX_POINT('',#4810);
#4813=CARTESIAN_POINT('',(7.82E0,-2.35E0,4.35E-1));
#4814=VERTEX_POINT('',#4813);
#4815=CARTESIAN_POINT('',(7.42E0,-2.35E0,4.35E-1));
#4816=VERTEX_POINT('',#4815);
#4817=CARTESIAN_POINT('',(7.42E0,5.5E0,-8.35E-1));
#4818=CARTESIAN_POINT('',(7.42E0,5.5E0,-4.35E-1));
#4819=VERTEX_POINT('',#4817);
#4820=VERTEX_POINT('',#4818);
#4821=CARTESIAN_POINT('',(7.82E0,5.5E0,-4.35E-1));
#4822=VERTEX_POINT('',#4821);
#4823=CARTESIAN_POINT('',(7.82E0,5.5E0,-8.35E-1));
#4824=VERTEX_POINT('',#4823);
#4825=CARTESIAN_POINT('',(7.42E0,5.5E0,8.35E-1));
#4826=CARTESIAN_POINT('',(7.82E0,5.5E0,8.35E-1));
#4827=VERTEX_POINT('',#4825);
#4828=VERTEX_POINT('',#4826);
#4829=CARTESIAN_POINT('',(7.82E0,5.5E0,4.35E-1));
#4830=VERTEX_POINT('',#4829);
#4831=CARTESIAN_POINT('',(7.42E0,5.5E0,4.35E-1));
#4832=VERTEX_POINT('',#4831);
#4833=CARTESIAN_POINT('',(7.42E0,2.5E0,-8.35E-1));
#4834=CARTESIAN_POINT('',(7.42E0,2.5E0,-4.35E-1));
#4835=VERTEX_POINT('',#4833);
#4836=VERTEX_POINT('',#4834);
#4837=CARTESIAN_POINT('',(7.82E0,2.5E0,-4.35E-1));
#4838=VERTEX_POINT('',#4837);
#4839=CARTESIAN_POINT('',(7.82E0,2.5E0,-8.35E-1));
#4840=VERTEX_POINT('',#4839);
#4841=CARTESIAN_POINT('',(7.42E0,2.5E0,8.35E-1));
#4842=CARTESIAN_POINT('',(7.82E0,2.5E0,8.35E-1));
#4843=VERTEX_POINT('',#4841);
#4844=VERTEX_POINT('',#4842);
#4845=CARTESIAN_POINT('',(7.82E0,2.5E0,4.35E-1));
#4846=VERTEX_POINT('',#4845);
#4847=CARTESIAN_POINT('',(7.42E0,2.5E0,4.35E-1));
#4848=VERTEX_POINT('',#4847);
#4849=CARTESIAN_POINT('',(7.42E0,1.E-1,-8.35E-1));
#4850=CARTESIAN_POINT('',(7.42E0,1.E-1,-4.35E-1));
#4851=VERTEX_POINT('',#4849);
#4852=VERTEX_POINT('',#4850);
#4853=CARTESIAN_POINT('',(7.82E0,1.E-1,-4.35E-1));
#4854=VERTEX_POINT('',#4853);
#4855=CARTESIAN_POINT('',(7.82E0,1.E-1,-8.35E-1));
#4856=VERTEX_POINT('',#4855);
#4857=CARTESIAN_POINT('',(7.42E0,1.E-1,8.35E-1));
#4858=CARTESIAN_POINT('',(7.82E0,1.E-1,8.35E-1));
#4859=VERTEX_POINT('',#4857);
#4860=VERTEX_POINT('',#4858);
#4861=CARTESIAN_POINT('',(7.82E0,1.E-1,4.35E-1));
#4862=VERTEX_POINT('',#4861);
#4863=CARTESIAN_POINT('',(7.42E0,1.E-1,4.35E-1));
#4864=VERTEX_POINT('',#4863);
#4865=CARTESIAN_POINT('',(8.69E0,-2.35E0,-8.35E-1));
#4866=CARTESIAN_POINT('',(8.69E0,-2.35E0,-4.35E-1));
#4867=VERTEX_POINT('',#4865);
#4868=VERTEX_POINT('',#4866);
#4869=CARTESIAN_POINT('',(9.09E0,-2.35E0,-4.35E-1));
#4870=VERTEX_POINT('',#4869);
#4871=CARTESIAN_POINT('',(9.09E0,-2.35E0,-8.35E-1));
#4872=VERTEX_POINT('',#4871);
#4873=CARTESIAN_POINT('',(8.69E0,-2.35E0,8.35E-1));
#4874=CARTESIAN_POINT('',(9.09E0,-2.35E0,8.35E-1));
#4875=VERTEX_POINT('',#4873);
#4876=VERTEX_POINT('',#4874);
#4877=CARTESIAN_POINT('',(9.09E0,-2.35E0,4.35E-1));
#4878=VERTEX_POINT('',#4877);
#4879=CARTESIAN_POINT('',(8.69E0,-2.35E0,4.35E-1));
#4880=VERTEX_POINT('',#4879);
#4881=CARTESIAN_POINT('',(8.69E0,5.5E0,-8.35E-1));
#4882=CARTESIAN_POINT('',(8.69E0,5.5E0,-4.35E-1));
#4883=VERTEX_POINT('',#4881);
#4884=VERTEX_POINT('',#4882);
#4885=CARTESIAN_POINT('',(9.09E0,5.5E0,-4.35E-1));
#4886=VERTEX_POINT('',#4885);
#4887=CARTESIAN_POINT('',(9.09E0,5.5E0,-8.35E-1));
#4888=VERTEX_POINT('',#4887);
#4889=CARTESIAN_POINT('',(8.69E0,5.5E0,8.35E-1));
#4890=CARTESIAN_POINT('',(9.09E0,5.5E0,8.35E-1));
#4891=VERTEX_POINT('',#4889);
#4892=VERTEX_POINT('',#4890);
#4893=CARTESIAN_POINT('',(9.09E0,5.5E0,4.35E-1));
#4894=VERTEX_POINT('',#4893);
#4895=CARTESIAN_POINT('',(8.69E0,5.5E0,4.35E-1));
#4896=VERTEX_POINT('',#4895);
#4897=CARTESIAN_POINT('',(8.69E0,2.5E0,-8.35E-1));
#4898=CARTESIAN_POINT('',(8.69E0,2.5E0,-4.35E-1));
#4899=VERTEX_POINT('',#4897);
#4900=VERTEX_POINT('',#4898);
#4901=CARTESIAN_POINT('',(9.09E0,2.5E0,-4.35E-1));
#4902=VERTEX_POINT('',#4901);
#4903=CARTESIAN_POINT('',(9.09E0,2.5E0,-8.35E-1));
#4904=VERTEX_POINT('',#4903);
#4905=CARTESIAN_POINT('',(8.69E0,2.5E0,8.35E-1));
#4906=CARTESIAN_POINT('',(9.09E0,2.5E0,8.35E-1));
#4907=VERTEX_POINT('',#4905);
#4908=VERTEX_POINT('',#4906);
#4909=CARTESIAN_POINT('',(9.09E0,2.5E0,4.35E-1));
#4910=VERTEX_POINT('',#4909);
#4911=CARTESIAN_POINT('',(8.69E0,2.5E0,4.35E-1));
#4912=VERTEX_POINT('',#4911);
#4913=CARTESIAN_POINT('',(8.69E0,1.E-1,-8.35E-1));
#4914=CARTESIAN_POINT('',(8.69E0,1.E-1,-4.35E-1));
#4915=VERTEX_POINT('',#4913);
#4916=VERTEX_POINT('',#4914);
#4917=CARTESIAN_POINT('',(9.09E0,1.E-1,-4.35E-1));
#4918=VERTEX_POINT('',#4917);
#4919=CARTESIAN_POINT('',(9.09E0,1.E-1,-8.35E-1));
#4920=VERTEX_POINT('',#4919);
#4921=CARTESIAN_POINT('',(8.69E0,1.E-1,8.35E-1));
#4922=CARTESIAN_POINT('',(9.09E0,1.E-1,8.35E-1));
#4923=VERTEX_POINT('',#4921);
#4924=VERTEX_POINT('',#4922);
#4925=CARTESIAN_POINT('',(9.09E0,1.E-1,4.35E-1));
#4926=VERTEX_POINT('',#4925);
#4927=CARTESIAN_POINT('',(8.69E0,1.E-1,4.35E-1));
#4928=VERTEX_POINT('',#4927);
#4929=CARTESIAN_POINT('',(9.96E0,-2.35E0,-8.35E-1));
#4930=CARTESIAN_POINT('',(9.96E0,-2.35E0,-4.35E-1));
#4931=VERTEX_POINT('',#4929);
#4932=VERTEX_POINT('',#4930);
#4933=CARTESIAN_POINT('',(1.036E1,-2.35E0,-4.35E-1));
#4934=VERTEX_POINT('',#4933);
#4935=CARTESIAN_POINT('',(1.036E1,-2.35E0,-8.35E-1));
#4936=VERTEX_POINT('',#4935);
#4937=CARTESIAN_POINT('',(9.96E0,-2.35E0,8.35E-1));
#4938=CARTESIAN_POINT('',(1.036E1,-2.35E0,8.35E-1));
#4939=VERTEX_POINT('',#4937);
#4940=VERTEX_POINT('',#4938);
#4941=CARTESIAN_POINT('',(1.036E1,-2.35E0,4.35E-1));
#4942=VERTEX_POINT('',#4941);
#4943=CARTESIAN_POINT('',(9.96E0,-2.35E0,4.35E-1));
#4944=VERTEX_POINT('',#4943);
#4945=CARTESIAN_POINT('',(9.96E0,5.5E0,-8.35E-1));
#4946=CARTESIAN_POINT('',(9.96E0,5.5E0,-4.35E-1));
#4947=VERTEX_POINT('',#4945);
#4948=VERTEX_POINT('',#4946);
#4949=CARTESIAN_POINT('',(1.036E1,5.5E0,-4.35E-1));
#4950=VERTEX_POINT('',#4949);
#4951=CARTESIAN_POINT('',(1.036E1,5.5E0,-8.35E-1));
#4952=VERTEX_POINT('',#4951);
#4953=CARTESIAN_POINT('',(9.96E0,5.5E0,8.35E-1));
#4954=CARTESIAN_POINT('',(1.036E1,5.5E0,8.35E-1));
#4955=VERTEX_POINT('',#4953);
#4956=VERTEX_POINT('',#4954);
#4957=CARTESIAN_POINT('',(1.036E1,5.5E0,4.35E-1));
#4958=VERTEX_POINT('',#4957);
#4959=CARTESIAN_POINT('',(9.96E0,5.5E0,4.35E-1));
#4960=VERTEX_POINT('',#4959);
#4961=CARTESIAN_POINT('',(9.96E0,2.5E0,-8.35E-1));
#4962=CARTESIAN_POINT('',(9.96E0,2.5E0,-4.35E-1));
#4963=VERTEX_POINT('',#4961);
#4964=VERTEX_POINT('',#4962);
#4965=CARTESIAN_POINT('',(1.036E1,2.5E0,-4.35E-1));
#4966=VERTEX_POINT('',#4965);
#4967=CARTESIAN_POINT('',(1.036E1,2.5E0,-8.35E-1));
#4968=VERTEX_POINT('',#4967);
#4969=CARTESIAN_POINT('',(9.96E0,2.5E0,8.35E-1));
#4970=CARTESIAN_POINT('',(1.036E1,2.5E0,8.35E-1));
#4971=VERTEX_POINT('',#4969);
#4972=VERTEX_POINT('',#4970);
#4973=CARTESIAN_POINT('',(1.036E1,2.5E0,4.35E-1));
#4974=VERTEX_POINT('',#4973);
#4975=CARTESIAN_POINT('',(9.96E0,2.5E0,4.35E-1));
#4976=VERTEX_POINT('',#4975);
#4977=CARTESIAN_POINT('',(9.96E0,1.E-1,-8.35E-1));
#4978=CARTESIAN_POINT('',(9.96E0,1.E-1,-4.35E-1));
#4979=VERTEX_POINT('',#4977);
#4980=VERTEX_POINT('',#4978);
#4981=CARTESIAN_POINT('',(1.036E1,1.E-1,-4.35E-1));
#4982=VERTEX_POINT('',#4981);
#4983=CARTESIAN_POINT('',(1.036E1,1.E-1,-8.35E-1));
#4984=VERTEX_POINT('',#4983);
#4985=CARTESIAN_POINT('',(9.96E0,1.E-1,8.35E-1));
#4986=CARTESIAN_POINT('',(1.036E1,1.E-1,8.35E-1));
#4987=VERTEX_POINT('',#4985);
#4988=VERTEX_POINT('',#4986);
#4989=CARTESIAN_POINT('',(1.036E1,1.E-1,4.35E-1));
#4990=VERTEX_POINT('',#4989);
#4991=CARTESIAN_POINT('',(9.96E0,1.E-1,4.35E-1));
#4992=VERTEX_POINT('',#4991);
#4993=CARTESIAN_POINT('',(1.123E1,-2.35E0,-8.35E-1));
#4994=CARTESIAN_POINT('',(1.123E1,-2.35E0,-4.35E-1));
#4995=VERTEX_POINT('',#4993);
#4996=VERTEX_POINT('',#4994);
#4997=CARTESIAN_POINT('',(1.163E1,-2.35E0,-4.35E-1));
#4998=VERTEX_POINT('',#4997);
#4999=CARTESIAN_POINT('',(1.163E1,-2.35E0,-8.35E-1));
#5000=VERTEX_POINT('',#4999);
#5001=CARTESIAN_POINT('',(1.123E1,-2.35E0,8.35E-1));
#5002=CARTESIAN_POINT('',(1.163E1,-2.35E0,8.35E-1));
#5003=VERTEX_POINT('',#5001);
#5004=VERTEX_POINT('',#5002);
#5005=CARTESIAN_POINT('',(1.163E1,-2.35E0,4.35E-1));
#5006=VERTEX_POINT('',#5005);
#5007=CARTESIAN_POINT('',(1.123E1,-2.35E0,4.35E-1));
#5008=VERTEX_POINT('',#5007);
#5009=CARTESIAN_POINT('',(1.123E1,5.5E0,-8.35E-1));
#5010=CARTESIAN_POINT('',(1.123E1,5.5E0,-4.35E-1));
#5011=VERTEX_POINT('',#5009);
#5012=VERTEX_POINT('',#5010);
#5013=CARTESIAN_POINT('',(1.163E1,5.5E0,-4.35E-1));
#5014=VERTEX_POINT('',#5013);
#5015=CARTESIAN_POINT('',(1.163E1,5.5E0,-8.35E-1));
#5016=VERTEX_POINT('',#5015);
#5017=CARTESIAN_POINT('',(1.123E1,5.5E0,8.35E-1));
#5018=CARTESIAN_POINT('',(1.163E1,5.5E0,8.35E-1));
#5019=VERTEX_POINT('',#5017);
#5020=VERTEX_POINT('',#5018);
#5021=CARTESIAN_POINT('',(1.163E1,5.5E0,4.35E-1));
#5022=VERTEX_POINT('',#5021);
#5023=CARTESIAN_POINT('',(1.123E1,5.5E0,4.35E-1));
#5024=VERTEX_POINT('',#5023);
#5025=CARTESIAN_POINT('',(1.123E1,2.5E0,-8.35E-1));
#5026=CARTESIAN_POINT('',(1.123E1,2.5E0,-4.35E-1));
#5027=VERTEX_POINT('',#5025);
#5028=VERTEX_POINT('',#5026);
#5029=CARTESIAN_POINT('',(1.163E1,2.5E0,-4.35E-1));
#5030=VERTEX_POINT('',#5029);
#5031=CARTESIAN_POINT('',(1.163E1,2.5E0,-8.35E-1));
#5032=VERTEX_POINT('',#5031);
#5033=CARTESIAN_POINT('',(1.123E1,2.5E0,8.35E-1));
#5034=CARTESIAN_POINT('',(1.163E1,2.5E0,8.35E-1));
#5035=VERTEX_POINT('',#5033);
#5036=VERTEX_POINT('',#5034);
#5037=CARTESIAN_POINT('',(1.163E1,2.5E0,4.35E-1));
#5038=VERTEX_POINT('',#5037);
#5039=CARTESIAN_POINT('',(1.123E1,2.5E0,4.35E-1));
#5040=VERTEX_POINT('',#5039);
#5041=CARTESIAN_POINT('',(1.123E1,1.E-1,-8.35E-1));
#5042=CARTESIAN_POINT('',(1.123E1,1.E-1,-4.35E-1));
#5043=VERTEX_POINT('',#5041);
#5044=VERTEX_POINT('',#5042);
#5045=CARTESIAN_POINT('',(1.163E1,1.E-1,-4.35E-1));
#5046=VERTEX_POINT('',#5045);
#5047=CARTESIAN_POINT('',(1.163E1,1.E-1,-8.35E-1));
#5048=VERTEX_POINT('',#5047);
#5049=CARTESIAN_POINT('',(1.123E1,1.E-1,8.35E-1));
#5050=CARTESIAN_POINT('',(1.163E1,1.E-1,8.35E-1));
#5051=VERTEX_POINT('',#5049);
#5052=VERTEX_POINT('',#5050);
#5053=CARTESIAN_POINT('',(1.163E1,1.E-1,4.35E-1));
#5054=VERTEX_POINT('',#5053);
#5055=CARTESIAN_POINT('',(1.123E1,1.E-1,4.35E-1));
#5056=VERTEX_POINT('',#5055);
#5057=CARTESIAN_POINT('',(1.25E1,-2.35E0,-8.35E-1));
#5058=CARTESIAN_POINT('',(1.25E1,-2.35E0,-4.35E-1));
#5059=VERTEX_POINT('',#5057);
#5060=VERTEX_POINT('',#5058);
#5061=CARTESIAN_POINT('',(1.29E1,-2.35E0,-4.35E-1));
#5062=VERTEX_POINT('',#5061);
#5063=CARTESIAN_POINT('',(1.29E1,-2.35E0,-8.35E-1));
#5064=VERTEX_POINT('',#5063);
#5065=CARTESIAN_POINT('',(1.25E1,-2.35E0,8.35E-1));
#5066=CARTESIAN_POINT('',(1.29E1,-2.35E0,8.35E-1));
#5067=VERTEX_POINT('',#5065);
#5068=VERTEX_POINT('',#5066);
#5069=CARTESIAN_POINT('',(1.29E1,-2.35E0,4.35E-1));
#5070=VERTEX_POINT('',#5069);
#5071=CARTESIAN_POINT('',(1.25E1,-2.35E0,4.35E-1));
#5072=VERTEX_POINT('',#5071);
#5073=CARTESIAN_POINT('',(1.25E1,5.5E0,-8.35E-1));
#5074=CARTESIAN_POINT('',(1.25E1,5.5E0,-4.35E-1));
#5075=VERTEX_POINT('',#5073);
#5076=VERTEX_POINT('',#5074);
#5077=CARTESIAN_POINT('',(1.29E1,5.5E0,-4.35E-1));
#5078=VERTEX_POINT('',#5077);
#5079=CARTESIAN_POINT('',(1.29E1,5.5E0,-8.35E-1));
#5080=VERTEX_POINT('',#5079);
#5081=CARTESIAN_POINT('',(1.25E1,5.5E0,8.35E-1));
#5082=CARTESIAN_POINT('',(1.29E1,5.5E0,8.35E-1));
#5083=VERTEX_POINT('',#5081);
#5084=VERTEX_POINT('',#5082);
#5085=CARTESIAN_POINT('',(1.29E1,5.5E0,4.35E-1));
#5086=VERTEX_POINT('',#5085);
#5087=CARTESIAN_POINT('',(1.25E1,5.5E0,4.35E-1));
#5088=VERTEX_POINT('',#5087);
#5089=CARTESIAN_POINT('',(1.25E1,2.5E0,-8.35E-1));
#5090=CARTESIAN_POINT('',(1.25E1,2.5E0,-4.35E-1));
#5091=VERTEX_POINT('',#5089);
#5092=VERTEX_POINT('',#5090);
#5093=CARTESIAN_POINT('',(1.29E1,2.5E0,-4.35E-1));
#5094=VERTEX_POINT('',#5093);
#5095=CARTESIAN_POINT('',(1.29E1,2.5E0,-8.35E-1));
#5096=VERTEX_POINT('',#5095);
#5097=CARTESIAN_POINT('',(1.25E1,2.5E0,8.35E-1));
#5098=CARTESIAN_POINT('',(1.29E1,2.5E0,8.35E-1));
#5099=VERTEX_POINT('',#5097);
#5100=VERTEX_POINT('',#5098);
#5101=CARTESIAN_POINT('',(1.29E1,2.5E0,4.35E-1));
#5102=VERTEX_POINT('',#5101);
#5103=CARTESIAN_POINT('',(1.25E1,2.5E0,4.35E-1));
#5104=VERTEX_POINT('',#5103);
#5105=CARTESIAN_POINT('',(1.25E1,1.E-1,-8.35E-1));
#5106=CARTESIAN_POINT('',(1.25E1,1.E-1,-4.35E-1));
#5107=VERTEX_POINT('',#5105);
#5108=VERTEX_POINT('',#5106);
#5109=CARTESIAN_POINT('',(1.29E1,1.E-1,-4.35E-1));
#5110=VERTEX_POINT('',#5109);
#5111=CARTESIAN_POINT('',(1.29E1,1.E-1,-8.35E-1));
#5112=VERTEX_POINT('',#5111);
#5113=CARTESIAN_POINT('',(1.25E1,1.E-1,8.35E-1));
#5114=CARTESIAN_POINT('',(1.29E1,1.E-1,8.35E-1));
#5115=VERTEX_POINT('',#5113);
#5116=VERTEX_POINT('',#5114);
#5117=CARTESIAN_POINT('',(1.29E1,1.E-1,4.35E-1));
#5118=VERTEX_POINT('',#5117);
#5119=CARTESIAN_POINT('',(1.25E1,1.E-1,4.35E-1));
#5120=VERTEX_POINT('',#5119);
#5121=CARTESIAN_POINT('',(1.377E1,-2.35E0,-8.35E-1));
#5122=CARTESIAN_POINT('',(1.377E1,-2.35E0,-4.35E-1));
#5123=VERTEX_POINT('',#5121);
#5124=VERTEX_POINT('',#5122);
#5125=CARTESIAN_POINT('',(1.417E1,-2.35E0,-4.35E-1));
#5126=VERTEX_POINT('',#5125);
#5127=CARTESIAN_POINT('',(1.417E1,-2.35E0,-8.35E-1));
#5128=VERTEX_POINT('',#5127);
#5129=CARTESIAN_POINT('',(1.377E1,-2.35E0,8.35E-1));
#5130=CARTESIAN_POINT('',(1.417E1,-2.35E0,8.35E-1));
#5131=VERTEX_POINT('',#5129);
#5132=VERTEX_POINT('',#5130);
#5133=CARTESIAN_POINT('',(1.417E1,-2.35E0,4.35E-1));
#5134=VERTEX_POINT('',#5133);
#5135=CARTESIAN_POINT('',(1.377E1,-2.35E0,4.35E-1));
#5136=VERTEX_POINT('',#5135);
#5137=CARTESIAN_POINT('',(1.377E1,5.5E0,-8.35E-1));
#5138=CARTESIAN_POINT('',(1.377E1,5.5E0,-4.35E-1));
#5139=VERTEX_POINT('',#5137);
#5140=VERTEX_POINT('',#5138);
#5141=CARTESIAN_POINT('',(1.417E1,5.5E0,-4.35E-1));
#5142=VERTEX_POINT('',#5141);
#5143=CARTESIAN_POINT('',(1.417E1,5.5E0,-8.35E-1));
#5144=VERTEX_POINT('',#5143);
#5145=CARTESIAN_POINT('',(1.377E1,5.5E0,8.35E-1));
#5146=CARTESIAN_POINT('',(1.417E1,5.5E0,8.35E-1));
#5147=VERTEX_POINT('',#5145);
#5148=VERTEX_POINT('',#5146);
#5149=CARTESIAN_POINT('',(1.417E1,5.5E0,4.35E-1));
#5150=VERTEX_POINT('',#5149);
#5151=CARTESIAN_POINT('',(1.377E1,5.5E0,4.35E-1));
#5152=VERTEX_POINT('',#5151);
#5153=CARTESIAN_POINT('',(1.377E1,2.5E0,-8.35E-1));
#5154=CARTESIAN_POINT('',(1.377E1,2.5E0,-4.35E-1));
#5155=VERTEX_POINT('',#5153);
#5156=VERTEX_POINT('',#5154);
#5157=CARTESIAN_POINT('',(1.417E1,2.5E0,-4.35E-1));
#5158=VERTEX_POINT('',#5157);
#5159=CARTESIAN_POINT('',(1.417E1,2.5E0,-8.35E-1));
#5160=VERTEX_POINT('',#5159);
#5161=CARTESIAN_POINT('',(1.377E1,2.5E0,8.35E-1));
#5162=CARTESIAN_POINT('',(1.417E1,2.5E0,8.35E-1));
#5163=VERTEX_POINT('',#5161);
#5164=VERTEX_POINT('',#5162);
#5165=CARTESIAN_POINT('',(1.417E1,2.5E0,4.35E-1));
#5166=VERTEX_POINT('',#5165);
#5167=CARTESIAN_POINT('',(1.377E1,2.5E0,4.35E-1));
#5168=VERTEX_POINT('',#5167);
#5169=CARTESIAN_POINT('',(1.377E1,1.E-1,-8.35E-1));
#5170=CARTESIAN_POINT('',(1.377E1,1.E-1,-4.35E-1));
#5171=VERTEX_POINT('',#5169);
#5172=VERTEX_POINT('',#5170);
#5173=CARTESIAN_POINT('',(1.417E1,1.E-1,-4.35E-1));
#5174=VERTEX_POINT('',#5173);
#5175=CARTESIAN_POINT('',(1.417E1,1.E-1,-8.35E-1));
#5176=VERTEX_POINT('',#5175);
#5177=CARTESIAN_POINT('',(1.377E1,1.E-1,8.35E-1));
#5178=CARTESIAN_POINT('',(1.417E1,1.E-1,8.35E-1));
#5179=VERTEX_POINT('',#5177);
#5180=VERTEX_POINT('',#5178);
#5181=CARTESIAN_POINT('',(1.417E1,1.E-1,4.35E-1));
#5182=VERTEX_POINT('',#5181);
#5183=CARTESIAN_POINT('',(1.377E1,1.E-1,4.35E-1));
#5184=VERTEX_POINT('',#5183);
#5185=CARTESIAN_POINT('',(1.504E1,-2.35E0,-8.35E-1));
#5186=CARTESIAN_POINT('',(1.504E1,-2.35E0,-4.35E-1));
#5187=VERTEX_POINT('',#5185);
#5188=VERTEX_POINT('',#5186);
#5189=CARTESIAN_POINT('',(1.544E1,-2.35E0,-4.35E-1));
#5190=VERTEX_POINT('',#5189);
#5191=CARTESIAN_POINT('',(1.544E1,-2.35E0,-8.35E-1));
#5192=VERTEX_POINT('',#5191);
#5193=CARTESIAN_POINT('',(1.504E1,-2.35E0,8.35E-1));
#5194=CARTESIAN_POINT('',(1.544E1,-2.35E0,8.35E-1));
#5195=VERTEX_POINT('',#5193);
#5196=VERTEX_POINT('',#5194);
#5197=CARTESIAN_POINT('',(1.544E1,-2.35E0,4.35E-1));
#5198=VERTEX_POINT('',#5197);
#5199=CARTESIAN_POINT('',(1.504E1,-2.35E0,4.35E-1));
#5200=VERTEX_POINT('',#5199);
#5201=CARTESIAN_POINT('',(1.504E1,5.5E0,-8.35E-1));
#5202=CARTESIAN_POINT('',(1.504E1,5.5E0,-4.35E-1));
#5203=VERTEX_POINT('',#5201);
#5204=VERTEX_POINT('',#5202);
#5205=CARTESIAN_POINT('',(1.544E1,5.5E0,-4.35E-1));
#5206=VERTEX_POINT('',#5205);
#5207=CARTESIAN_POINT('',(1.544E1,5.5E0,-8.35E-1));
#5208=VERTEX_POINT('',#5207);
#5209=CARTESIAN_POINT('',(1.504E1,5.5E0,8.35E-1));
#5210=CARTESIAN_POINT('',(1.544E1,5.5E0,8.35E-1));
#5211=VERTEX_POINT('',#5209);
#5212=VERTEX_POINT('',#5210);
#5213=CARTESIAN_POINT('',(1.544E1,5.5E0,4.35E-1));
#5214=VERTEX_POINT('',#5213);
#5215=CARTESIAN_POINT('',(1.504E1,5.5E0,4.35E-1));
#5216=VERTEX_POINT('',#5215);
#5217=CARTESIAN_POINT('',(1.504E1,2.5E0,-8.35E-1));
#5218=CARTESIAN_POINT('',(1.504E1,2.5E0,-4.35E-1));
#5219=VERTEX_POINT('',#5217);
#5220=VERTEX_POINT('',#5218);
#5221=CARTESIAN_POINT('',(1.544E1,2.5E0,-4.35E-1));
#5222=VERTEX_POINT('',#5221);
#5223=CARTESIAN_POINT('',(1.544E1,2.5E0,-8.35E-1));
#5224=VERTEX_POINT('',#5223);
#5225=CARTESIAN_POINT('',(1.504E1,2.5E0,8.35E-1));
#5226=CARTESIAN_POINT('',(1.544E1,2.5E0,8.35E-1));
#5227=VERTEX_POINT('',#5225);
#5228=VERTEX_POINT('',#5226);
#5229=CARTESIAN_POINT('',(1.544E1,2.5E0,4.35E-1));
#5230=VERTEX_POINT('',#5229);
#5231=CARTESIAN_POINT('',(1.504E1,2.5E0,4.35E-1));
#5232=VERTEX_POINT('',#5231);
#5233=CARTESIAN_POINT('',(1.504E1,1.E-1,-8.35E-1));
#5234=CARTESIAN_POINT('',(1.504E1,1.E-1,-4.35E-1));
#5235=VERTEX_POINT('',#5233);
#5236=VERTEX_POINT('',#5234);
#5237=CARTESIAN_POINT('',(1.544E1,1.E-1,-4.35E-1));
#5238=VERTEX_POINT('',#5237);
#5239=CARTESIAN_POINT('',(1.544E1,1.E-1,-8.35E-1));
#5240=VERTEX_POINT('',#5239);
#5241=CARTESIAN_POINT('',(1.504E1,1.E-1,8.35E-1));
#5242=CARTESIAN_POINT('',(1.544E1,1.E-1,8.35E-1));
#5243=VERTEX_POINT('',#5241);
#5244=VERTEX_POINT('',#5242);
#5245=CARTESIAN_POINT('',(1.544E1,1.E-1,4.35E-1));
#5246=VERTEX_POINT('',#5245);
#5247=CARTESIAN_POINT('',(1.504E1,1.E-1,4.35E-1));
#5248=VERTEX_POINT('',#5247);
#5249=CARTESIAN_POINT('',(1.631E1,-2.35E0,-8.35E-1));
#5250=CARTESIAN_POINT('',(1.631E1,-2.35E0,-4.35E-1));
#5251=VERTEX_POINT('',#5249);
#5252=VERTEX_POINT('',#5250);
#5253=CARTESIAN_POINT('',(1.671E1,-2.35E0,-4.35E-1));
#5254=VERTEX_POINT('',#5253);
#5255=CARTESIAN_POINT('',(1.671E1,-2.35E0,-8.35E-1));
#5256=VERTEX_POINT('',#5255);
#5257=CARTESIAN_POINT('',(1.631E1,-2.35E0,8.35E-1));
#5258=CARTESIAN_POINT('',(1.671E1,-2.35E0,8.35E-1));
#5259=VERTEX_POINT('',#5257);
#5260=VERTEX_POINT('',#5258);
#5261=CARTESIAN_POINT('',(1.671E1,-2.35E0,4.35E-1));
#5262=VERTEX_POINT('',#5261);
#5263=CARTESIAN_POINT('',(1.631E1,-2.35E0,4.35E-1));
#5264=VERTEX_POINT('',#5263);
#5265=CARTESIAN_POINT('',(1.631E1,5.5E0,-8.35E-1));
#5266=CARTESIAN_POINT('',(1.631E1,5.5E0,-4.35E-1));
#5267=VERTEX_POINT('',#5265);
#5268=VERTEX_POINT('',#5266);
#5269=CARTESIAN_POINT('',(1.671E1,5.5E0,-4.35E-1));
#5270=VERTEX_POINT('',#5269);
#5271=CARTESIAN_POINT('',(1.671E1,5.5E0,-8.35E-1));
#5272=VERTEX_POINT('',#5271);
#5273=CARTESIAN_POINT('',(1.631E1,5.5E0,8.35E-1));
#5274=CARTESIAN_POINT('',(1.671E1,5.5E0,8.35E-1));
#5275=VERTEX_POINT('',#5273);
#5276=VERTEX_POINT('',#5274);
#5277=CARTESIAN_POINT('',(1.671E1,5.5E0,4.35E-1));
#5278=VERTEX_POINT('',#5277);
#5279=CARTESIAN_POINT('',(1.631E1,5.5E0,4.35E-1));
#5280=VERTEX_POINT('',#5279);
#5281=CARTESIAN_POINT('',(1.631E1,2.5E0,-8.35E-1));
#5282=CARTESIAN_POINT('',(1.631E1,2.5E0,-4.35E-1));
#5283=VERTEX_POINT('',#5281);
#5284=VERTEX_POINT('',#5282);
#5285=CARTESIAN_POINT('',(1.671E1,2.5E0,-4.35E-1));
#5286=VERTEX_POINT('',#5285);
#5287=CARTESIAN_POINT('',(1.671E1,2.5E0,-8.35E-1));
#5288=VERTEX_POINT('',#5287);
#5289=CARTESIAN_POINT('',(1.631E1,2.5E0,8.35E-1));
#5290=CARTESIAN_POINT('',(1.671E1,2.5E0,8.35E-1));
#5291=VERTEX_POINT('',#5289);
#5292=VERTEX_POINT('',#5290);
#5293=CARTESIAN_POINT('',(1.671E1,2.5E0,4.35E-1));
#5294=VERTEX_POINT('',#5293);
#5295=CARTESIAN_POINT('',(1.631E1,2.5E0,4.35E-1));
#5296=VERTEX_POINT('',#5295);
#5297=CARTESIAN_POINT('',(1.631E1,1.E-1,-8.35E-1));
#5298=CARTESIAN_POINT('',(1.631E1,1.E-1,-4.35E-1));
#5299=VERTEX_POINT('',#5297);
#5300=VERTEX_POINT('',#5298);
#5301=CARTESIAN_POINT('',(1.671E1,1.E-1,-4.35E-1));
#5302=VERTEX_POINT('',#5301);
#5303=CARTESIAN_POINT('',(1.671E1,1.E-1,-8.35E-1));
#5304=VERTEX_POINT('',#5303);
#5305=CARTESIAN_POINT('',(1.631E1,1.E-1,8.35E-1));
#5306=CARTESIAN_POINT('',(1.671E1,1.E-1,8.35E-1));
#5307=VERTEX_POINT('',#5305);
#5308=VERTEX_POINT('',#5306);
#5309=CARTESIAN_POINT('',(1.671E1,1.E-1,4.35E-1));
#5310=VERTEX_POINT('',#5309);
#5311=CARTESIAN_POINT('',(1.631E1,1.E-1,4.35E-1));
#5312=VERTEX_POINT('',#5311);
#5313=CARTESIAN_POINT('',(1.758E1,-2.35E0,-8.35E-1));
#5314=CARTESIAN_POINT('',(1.758E1,-2.35E0,-4.35E-1));
#5315=VERTEX_POINT('',#5313);
#5316=VERTEX_POINT('',#5314);
#5317=CARTESIAN_POINT('',(1.798E1,-2.35E0,-4.35E-1));
#5318=VERTEX_POINT('',#5317);
#5319=CARTESIAN_POINT('',(1.798E1,-2.35E0,-8.35E-1));
#5320=VERTEX_POINT('',#5319);
#5321=CARTESIAN_POINT('',(1.758E1,-2.35E0,8.35E-1));
#5322=CARTESIAN_POINT('',(1.798E1,-2.35E0,8.35E-1));
#5323=VERTEX_POINT('',#5321);
#5324=VERTEX_POINT('',#5322);
#5325=CARTESIAN_POINT('',(1.798E1,-2.35E0,4.35E-1));
#5326=VERTEX_POINT('',#5325);
#5327=CARTESIAN_POINT('',(1.758E1,-2.35E0,4.35E-1));
#5328=VERTEX_POINT('',#5327);
#5329=CARTESIAN_POINT('',(1.758E1,5.5E0,-8.35E-1));
#5330=CARTESIAN_POINT('',(1.758E1,5.5E0,-4.35E-1));
#5331=VERTEX_POINT('',#5329);
#5332=VERTEX_POINT('',#5330);
#5333=CARTESIAN_POINT('',(1.798E1,5.5E0,-4.35E-1));
#5334=VERTEX_POINT('',#5333);
#5335=CARTESIAN_POINT('',(1.798E1,5.5E0,-8.35E-1));
#5336=VERTEX_POINT('',#5335);
#5337=CARTESIAN_POINT('',(1.758E1,5.5E0,8.35E-1));
#5338=CARTESIAN_POINT('',(1.798E1,5.5E0,8.35E-1));
#5339=VERTEX_POINT('',#5337);
#5340=VERTEX_POINT('',#5338);
#5341=CARTESIAN_POINT('',(1.798E1,5.5E0,4.35E-1));
#5342=VERTEX_POINT('',#5341);
#5343=CARTESIAN_POINT('',(1.758E1,5.5E0,4.35E-1));
#5344=VERTEX_POINT('',#5343);
#5345=CARTESIAN_POINT('',(1.758E1,2.5E0,-8.35E-1));
#5346=CARTESIAN_POINT('',(1.758E1,2.5E0,-4.35E-1));
#5347=VERTEX_POINT('',#5345);
#5348=VERTEX_POINT('',#5346);
#5349=CARTESIAN_POINT('',(1.798E1,2.5E0,-4.35E-1));
#5350=VERTEX_POINT('',#5349);
#5351=CARTESIAN_POINT('',(1.798E1,2.5E0,-8.35E-1));
#5352=VERTEX_POINT('',#5351);
#5353=CARTESIAN_POINT('',(1.758E1,2.5E0,8.35E-1));
#5354=CARTESIAN_POINT('',(1.798E1,2.5E0,8.35E-1));
#5355=VERTEX_POINT('',#5353);
#5356=VERTEX_POINT('',#5354);
#5357=CARTESIAN_POINT('',(1.798E1,2.5E0,4.35E-1));
#5358=VERTEX_POINT('',#5357);
#5359=CARTESIAN_POINT('',(1.758E1,2.5E0,4.35E-1));
#5360=VERTEX_POINT('',#5359);
#5361=CARTESIAN_POINT('',(1.758E1,1.E-1,-8.35E-1));
#5362=CARTESIAN_POINT('',(1.758E1,1.E-1,-4.35E-1));
#5363=VERTEX_POINT('',#5361);
#5364=VERTEX_POINT('',#5362);
#5365=CARTESIAN_POINT('',(1.798E1,1.E-1,-4.35E-1));
#5366=VERTEX_POINT('',#5365);
#5367=CARTESIAN_POINT('',(1.798E1,1.E-1,-8.35E-1));
#5368=VERTEX_POINT('',#5367);
#5369=CARTESIAN_POINT('',(1.758E1,1.E-1,8.35E-1));
#5370=CARTESIAN_POINT('',(1.798E1,1.E-1,8.35E-1));
#5371=VERTEX_POINT('',#5369);
#5372=VERTEX_POINT('',#5370);
#5373=CARTESIAN_POINT('',(1.798E1,1.E-1,4.35E-1));
#5374=VERTEX_POINT('',#5373);
#5375=CARTESIAN_POINT('',(1.758E1,1.E-1,4.35E-1));
#5376=VERTEX_POINT('',#5375);
#5377=CARTESIAN_POINT('',(0.E0,0.E0,0.E0));
#5378=DIRECTION('',(0.E0,1.E0,0.E0));
#5379=DIRECTION('',(1.E0,0.E0,0.E0));
#5380=AXIS2_PLACEMENT_3D('',#5377,#5378,#5379);
#5381=PLANE('3575',#5380);
#5383=ORIENTED_EDGE('4006',*,*,#5382,.F.);
#5385=ORIENTED_EDGE('4012',*,*,#5384,.T.);
#5387=ORIENTED_EDGE('3974',*,*,#5386,.T.);
#5389=ORIENTED_EDGE('3975',*,*,#5388,.T.);
#5391=ORIENTED_EDGE('3998',*,*,#5390,.T.);
#5393=ORIENTED_EDGE('4003',*,*,#5392,.T.);
#5395=ORIENTED_EDGE('3988',*,*,#5394,.T.);
#5397=ORIENTED_EDGE('4025',*,*,#5396,.T.);
#5399=ORIENTED_EDGE('4030',*,*,#5398,.T.);
#5401=ORIENTED_EDGE('4015',*,*,#5400,.T.);
#5403=ORIENTED_EDGE('4043',*,*,#5402,.T.);
#5405=ORIENTED_EDGE('4048',*,*,#5404,.T.);
#5407=ORIENTED_EDGE('4033',*,*,#5406,.T.);
#5409=ORIENTED_EDGE('4061',*,*,#5408,.T.);
#5411=ORIENTED_EDGE('4066',*,*,#5410,.T.);
#5413=ORIENTED_EDGE('4051',*,*,#5412,.T.);
#5415=ORIENTED_EDGE('4079',*,*,#5414,.T.);
#5417=ORIENTED_EDGE('4084',*,*,#5416,.T.);
#5419=ORIENTED_EDGE('4069',*,*,#5418,.T.);
#5421=ORIENTED_EDGE('4097',*,*,#5420,.T.);
#5423=ORIENTED_EDGE('4102',*,*,#5422,.T.);
#5425=ORIENTED_EDGE('4087',*,*,#5424,.T.);
#5427=ORIENTED_EDGE('4115',*,*,#5426,.T.);
#5429=ORIENTED_EDGE('4120',*,*,#5428,.T.);
#5431=ORIENTED_EDGE('4105',*,*,#5430,.T.);
#5433=ORIENTED_EDGE('4133',*,*,#5432,.T.);
#5435=ORIENTED_EDGE('4138',*,*,#5434,.T.);
#5437=ORIENTED_EDGE('4123',*,*,#5436,.T.);
#5439=ORIENTED_EDGE('4151',*,*,#5438,.T.);
#5441=ORIENTED_EDGE('4156',*,*,#5440,.T.);
#5443=ORIENTED_EDGE('4141',*,*,#5442,.T.);
#5445=ORIENTED_EDGE('4169',*,*,#5444,.T.);
#5447=ORIENTED_EDGE('4174',*,*,#5446,.T.);
#5449=ORIENTED_EDGE('4159',*,*,#5448,.T.);
#5451=ORIENTED_EDGE('4187',*,*,#5450,.T.);
#5453=ORIENTED_EDGE('4192',*,*,#5452,.T.);
#5455=ORIENTED_EDGE('4177',*,*,#5454,.T.);
#5457=ORIENTED_EDGE('4205',*,*,#5456,.T.);
#5459=ORIENTED_EDGE('4210',*,*,#5458,.T.);
#5461=ORIENTED_EDGE('4195',*,*,#5460,.T.);
#5463=ORIENTED_EDGE('4223',*,*,#5462,.T.);
#5465=ORIENTED_EDGE('4228',*,*,#5464,.T.);
#5467=ORIENTED_EDGE('4213',*,*,#5466,.T.);
#5469=ORIENTED_EDGE('4248',*,*,#5468,.T.);
#5471=ORIENTED_EDGE('4253',*,*,#5470,.T.);
#5473=ORIENTED_EDGE('4231',*,*,#5472,.T.);
#5475=ORIENTED_EDGE('4232',*,*,#5474,.T.);
#5477=ORIENTED_EDGE('4259',*,*,#5476,.T.);
#5478=EDGE_LOOP('3575',(#5383,#5385,#5387,#5389,#5391,#5393,#5395,#5397,#5399,
#5401,#5403,#5405,#5407,#5409,#5411,#5413,#5415,#5417,#5419,#5421,#5423,#5425,
#5427,#5429,#5431,#5433,#5435,#5437,#5439,#5441,#5443,#5445,#5447,#5449,#5451,
#5453,#5455,#5457,#5459,#5461,#5463,#5465,#5467,#5469,#5471,#5473,#5475,#5477));
#5479=FACE_OUTER_BOUND('3575',#5478,.F.);
#5480=ADVANCED_FACE('3575',(#5479),#5381,.F.);
#5481=CARTESIAN_POINT('',(-6.35E-1,0.E0,1.2E0));
#5482=DIRECTION('',(0.E0,0.E0,1.E0));
#5483=DIRECTION('',(0.E0,1.E0,0.E0));
#5484=AXIS2_PLACEMENT_3D('',#5481,#5482,#5483);
#5485=PLANE('3590',#5484);
#5486=ORIENTED_EDGE('4006',*,*,#5382,.T.);
#5488=ORIENTED_EDGE('4256',*,*,#5487,.T.);
#5490=ORIENTED_EDGE('4013',*,*,#5489,.F.);
#5492=ORIENTED_EDGE('4008',*,*,#5491,.F.);
#5493=EDGE_LOOP('3590',(#5486,#5488,#5490,#5492));
#5494=FACE_OUTER_BOUND('3590',#5493,.F.);
#5495=ADVANCED_FACE('3590',(#5494),#5485,.F.);
#5496=CARTESIAN_POINT('',(1.8415E1,0.E0,1.44E0));
#5497=DIRECTION('',(1.E0,0.E0,0.E0));
#5498=DIRECTION('',(0.E0,0.E0,-1.E0));
#5499=AXIS2_PLACEMENT_3D('',#5496,#5497,#5498);
#5500=PLANE('3669',#5499);
#5501=ORIENTED_EDGE('4256',*,*,#5487,.F.);
#5502=ORIENTED_EDGE('4259',*,*,#5476,.F.);
#5504=ORIENTED_EDGE('4243',*,*,#5503,.T.);
#5506=ORIENTED_EDGE('4237',*,*,#5505,.T.);
#5508=ORIENTED_EDGE('4244',*,*,#5507,.F.);
#5510=ORIENTED_EDGE('4260',*,*,#5509,.F.);
#5512=ORIENTED_EDGE('4258',*,*,#5511,.T.);
#5514=ORIENTED_EDGE('4257',*,*,#5513,.F.);
#5515=EDGE_LOOP('3669',(#5501,#5502,#5504,#5506,#5508,#5510,#5512,#5514));
#5516=FACE_OUTER_BOUND('3669',#5515,.F.);
#5517=ADVANCED_FACE('3669',(#5516),#5500,.T.);
#5518=CARTESIAN_POINT('',(1.8265E1,0.E0,1.7E0));
#5519=DIRECTION('',(8.661855860486E-1,0.E0,4.997224534896E-1));
#5520=DIRECTION('',(4.997224534896E-1,0.E0,-8.661855860486E-1));
#5521=AXIS2_PLACEMENT_3D('',#5518,#5519,#5520);
#5522=PLANE('3668',#5521);
#5523=ORIENTED_EDGE('4232',*,*,#5474,.F.);
#5525=ORIENTED_EDGE('4242',*,*,#5524,.T.);
#5527=ORIENTED_EDGE('4236',*,*,#5526,.T.);
#5528=ORIENTED_EDGE('4243',*,*,#5503,.F.);
#5529=EDGE_LOOP('3668',(#5523,#5525,#5527,#5528));
#5530=FACE_OUTER_BOUND('3668',#5529,.F.);
#5531=ADVANCED_FACE('3668',(#5530),#5522,.T.);
#5532=CARTESIAN_POINT('',(1.7295E1,0.E0,1.7E0));
#5533=DIRECTION('',(0.E0,0.E0,1.E0));
#5534=DIRECTION('',(1.E0,0.E0,0.E0));
#5535=AXIS2_PLACEMENT_3D('',#5532,#5533,#5534);
#5536=PLANE('3667',#5535);
#5537=ORIENTED_EDGE('4231',*,*,#5472,.F.);
#5539=ORIENTED_EDGE('4241',*,*,#5538,.T.);
#5541=ORIENTED_EDGE('4235',*,*,#5540,.T.);
#5542=ORIENTED_EDGE('4242',*,*,#5524,.F.);
#5543=EDGE_LOOP('3667',(#5537,#5539,#5541,#5542));
#5544=FACE_OUTER_BOUND('3667',#5543,.F.);
#5545=ADVANCED_FACE('3667',(#5544),#5536,.T.);
#5546=CARTESIAN_POINT('',(1.7145E1,0.E0,1.44E0));
#5547=DIRECTION('',(-8.661855860486E-1,0.E0,4.997224534896E-1));
#5548=DIRECTION('',(4.997224534896E-1,0.E0,8.661855860486E-1));
#5549=AXIS2_PLACEMENT_3D('',#5546,#5547,#5548);
#5550=PLANE('3666',#5549);
#5552=ORIENTED_EDGE('4246',*,*,#5551,.T.);
#5554=ORIENTED_EDGE('4255',*,*,#5553,.T.);
#5555=ORIENTED_EDGE('4241',*,*,#5538,.F.);
#5556=ORIENTED_EDGE('4253',*,*,#5470,.F.);
#5557=EDGE_LOOP('3666',(#5552,#5554,#5555,#5556));
#5558=FACE_OUTER_BOUND('3666',#5557,.F.);
#5559=ADVANCED_FACE('3666',(#5558),#5550,.T.);
#5560=CARTESIAN_POINT('',(1.6995E1,0.E0,1.7E0));
#5561=DIRECTION('',(8.661855860486E-1,0.E0,4.997224534896E-1));
#5562=DIRECTION('',(4.997224534896E-1,0.E0,-8.661855860486E-1));
#5563=AXIS2_PLACEMENT_3D('',#5560,#5561,#5562);
#5564=PLANE('3662',#5563);
#5565=ORIENTED_EDGE('4246',*,*,#5551,.F.);
#5566=ORIENTED_EDGE('4248',*,*,#5468,.F.);
#5568=ORIENTED_EDGE('4219',*,*,#5567,.T.);
#5570=ORIENTED_EDGE('4250',*,*,#5569,.T.);
#5571=EDGE_LOOP('3662',(#5565,#5566,#5568,#5570));
#5572=FACE_OUTER_BOUND('3662',#5571,.F.);
#5573=ADVANCED_FACE('3662',(#5572),#5564,.T.);
#5574=CARTESIAN_POINT('',(1.6025E1,0.E0,1.7E0));
#5575=DIRECTION('',(0.E0,0.E0,1.E0));
#5576=DIRECTION('',(1.E0,0.E0,0.E0));
#5577=AXIS2_PLACEMENT_3D('',#5574,#5575,#5576);
#5578=PLANE('3661',#5577);
#5579=ORIENTED_EDGE('4213',*,*,#5466,.F.);
#5581=ORIENTED_EDGE('4218',*,*,#5580,.T.);
#5583=ORIENTED_EDGE('4215',*,*,#5582,.T.);
#5584=ORIENTED_EDGE('4219',*,*,#5567,.F.);
#5585=EDGE_LOOP('3661',(#5579,#5581,#5583,#5584));
#5586=FACE_OUTER_BOUND('3661',#5585,.F.);
#5587=ADVANCED_FACE('3661',(#5586),#5578,.T.);
#5588=CARTESIAN_POINT('',(1.5875E1,0.E0,1.44E0));
#5589=DIRECTION('',(-8.661855860486E-1,0.E0,4.997224534896E-1));
#5590=DIRECTION('',(4.997224534896E-1,0.E0,8.661855860486E-1));
#5591=AXIS2_PLACEMENT_3D('',#5588,#5589,#5590);
#5592=PLANE('3660',#5591);
#5594=ORIENTED_EDGE('4221',*,*,#5593,.T.);
#5596=ORIENTED_EDGE('4230',*,*,#5595,.T.);
#5597=ORIENTED_EDGE('4218',*,*,#5580,.F.);
#5598=ORIENTED_EDGE('4228',*,*,#5464,.F.);
#5599=EDGE_LOOP('3660',(#5594,#5596,#5597,#5598));
#5600=FACE_OUTER_BOUND('3660',#5599,.F.);
#5601=ADVANCED_FACE('3660',(#5600),#5592,.T.);
#5602=CARTESIAN_POINT('',(1.5725E1,0.E0,1.7E0));
#5603=DIRECTION('',(8.661855860486E-1,0.E0,4.997224534896E-1));
#5604=DIRECTION('',(4.997224534896E-1,0.E0,-8.661855860486E-1));
#5605=AXIS2_PLACEMENT_3D('',#5602,#5603,#5604);
#5606=PLANE('3656',#5605);
#5607=ORIENTED_EDGE('4221',*,*,#5593,.F.);
#5608=ORIENTED_EDGE('4223',*,*,#5462,.F.);
#5610=ORIENTED_EDGE('4201',*,*,#5609,.T.);
#5612=ORIENTED_EDGE('4225',*,*,#5611,.T.);
#5613=EDGE_LOOP('3656',(#5607,#5608,#5610,#5612));
#5614=FACE_OUTER_BOUND('3656',#5613,.F.);
#5615=ADVANCED_FACE('3656',(#5614),#5606,.T.);
#5616=CARTESIAN_POINT('',(1.4755E1,0.E0,1.7E0));
#5617=DIRECTION('',(0.E0,0.E0,1.E0));
#5618=DIRECTION('',(1.E0,0.E0,0.E0));
#5619=AXIS2_PLACEMENT_3D('',#5616,#5617,#5618);
#5620=PLANE('3655',#5619);
#5621=ORIENTED_EDGE('4195',*,*,#5460,.F.);
#5623=ORIENTED_EDGE('4200',*,*,#5622,.T.);
#5625=ORIENTED_EDGE('4197',*,*,#5624,.T.);
#5626=ORIENTED_EDGE('4201',*,*,#5609,.F.);
#5627=EDGE_LOOP('3655',(#5621,#5623,#5625,#5626));
#5628=FACE_OUTER_BOUND('3655',#5627,.F.);
#5629=ADVANCED_FACE('3655',(#5628),#5620,.T.);
#5630=CARTESIAN_POINT('',(1.4605E1,0.E0,1.44E0));
#5631=DIRECTION('',(-8.661855860486E-1,0.E0,4.997224534896E-1));
#5632=DIRECTION('',(4.997224534896E-1,0.E0,8.661855860486E-1));
#5633=AXIS2_PLACEMENT_3D('',#5630,#5631,#5632);
#5634=PLANE('3654',#5633);
#5636=ORIENTED_EDGE('4203',*,*,#5635,.T.);
#5638=ORIENTED_EDGE('4212',*,*,#5637,.T.);
#5639=ORIENTED_EDGE('4200',*,*,#5622,.F.);
#5640=ORIENTED_EDGE('4210',*,*,#5458,.F.);
#5641=EDGE_LOOP('3654',(#5636,#5638,#5639,#5640));
#5642=FACE_OUTER_BOUND('3654',#5641,.F.);
#5643=ADVANCED_FACE('3654',(#5642),#5634,.T.);
#5644=CARTESIAN_POINT('',(1.4455E1,0.E0,1.7E0));
#5645=DIRECTION('',(8.661855860486E-1,0.E0,4.997224534896E-1));
#5646=DIRECTION('',(4.997224534896E-1,0.E0,-8.661855860486E-1));
#5647=AXIS2_PLACEMENT_3D('',#5644,#5645,#5646);
#5648=PLANE('3650',#5647);
#5649=ORIENTED_EDGE('4203',*,*,#5635,.F.);
#5650=ORIENTED_EDGE('4205',*,*,#5456,.F.);
#5652=ORIENTED_EDGE('4183',*,*,#5651,.T.);
#5654=ORIENTED_EDGE('4207',*,*,#5653,.T.);
#5655=EDGE_LOOP('3650',(#5649,#5650,#5652,#5654));
#5656=FACE_OUTER_BOUND('3650',#5655,.F.);
#5657=ADVANCED_FACE('3650',(#5656),#5648,.T.);
#5658=CARTESIAN_POINT('',(1.3485E1,0.E0,1.7E0));
#5659=DIRECTION('',(0.E0,0.E0,1.E0));
#5660=DIRECTION('',(1.E0,0.E0,0.E0));
#5661=AXIS2_PLACEMENT_3D('',#5658,#5659,#5660);
#5662=PLANE('3649',#5661);
#5663=ORIENTED_EDGE('4177',*,*,#5454,.F.);
#5665=ORIENTED_EDGE('4182',*,*,#5664,.T.);
#5667=ORIENTED_EDGE('4179',*,*,#5666,.T.);
#5668=ORIENTED_EDGE('4183',*,*,#5651,.F.);
#5669=EDGE_LOOP('3649',(#5663,#5665,#5667,#5668));
#5670=FACE_OUTER_BOUND('3649',#5669,.F.);
#5671=ADVANCED_FACE('3649',(#5670),#5662,.T.);
#5672=CARTESIAN_POINT('',(1.3335E1,0.E0,1.44E0));
#5673=DIRECTION('',(-8.661855860486E-1,0.E0,4.997224534896E-1));
#5674=DIRECTION('',(4.997224534896E-1,0.E0,8.661855860486E-1));
#5675=AXIS2_PLACEMENT_3D('',#5672,#5673,#5674);
#5676=PLANE('3648',#5675);
#5678=ORIENTED_EDGE('4185',*,*,#5677,.T.);
#5680=ORIENTED_EDGE('4194',*,*,#5679,.T.);
#5681=ORIENTED_EDGE('4182',*,*,#5664,.F.);
#5682=ORIENTED_EDGE('4192',*,*,#5452,.F.);
#5683=EDGE_LOOP('3648',(#5678,#5680,#5681,#5682));
#5684=FACE_OUTER_BOUND('3648',#5683,.F.);
#5685=ADVANCED_FACE('3648',(#5684),#5676,.T.);
#5686=CARTESIAN_POINT('',(1.3185E1,0.E0,1.7E0));
#5687=DIRECTION('',(8.661855860486E-1,0.E0,4.997224534896E-1));
#5688=DIRECTION('',(4.997224534896E-1,0.E0,-8.661855860486E-1));
#5689=AXIS2_PLACEMENT_3D('',#5686,#5687,#5688);
#5690=PLANE('3644',#5689);
#5691=ORIENTED_EDGE('4185',*,*,#5677,.F.);
#5692=ORIENTED_EDGE('4187',*,*,#5450,.F.);
#5694=ORIENTED_EDGE('4165',*,*,#5693,.T.);
#5696=ORIENTED_EDGE('4189',*,*,#5695,.T.);
#5697=EDGE_LOOP('3644',(#5691,#5692,#5694,#5696));
#5698=FACE_OUTER_BOUND('3644',#5697,.F.);
#5699=ADVANCED_FACE('3644',(#5698),#5690,.T.);
#5700=CARTESIAN_POINT('',(1.2215E1,0.E0,1.7E0));
#5701=DIRECTION('',(0.E0,0.E0,1.E0));
#5702=DIRECTION('',(1.E0,0.E0,0.E0));
#5703=AXIS2_PLACEMENT_3D('',#5700,#5701,#5702);
#5704=PLANE('3643',#5703);
#5705=ORIENTED_EDGE('4159',*,*,#5448,.F.);
#5707=ORIENTED_EDGE('4164',*,*,#5706,.T.);
#5709=ORIENTED_EDGE('4161',*,*,#5708,.T.);
#5710=ORIENTED_EDGE('4165',*,*,#5693,.F.);
#5711=EDGE_LOOP('3643',(#5705,#5707,#5709,#5710));
#5712=FACE_OUTER_BOUND('3643',#5711,.F.);
#5713=ADVANCED_FACE('3643',(#5712),#5704,.T.);
#5714=CARTESIAN_POINT('',(1.2065E1,0.E0,1.44E0));
#5715=DIRECTION('',(-8.661855860486E-1,0.E0,4.997224534896E-1));
#5716=DIRECTION('',(4.997224534896E-1,0.E0,8.661855860486E-1));
#5717=AXIS2_PLACEMENT_3D('',#5714,#5715,#5716);
#5718=PLANE('3642',#5717);
#5720=ORIENTED_EDGE('4167',*,*,#5719,.T.);
#5722=ORIENTED_EDGE('4176',*,*,#5721,.T.);
#5723=ORIENTED_EDGE('4164',*,*,#5706,.F.);
#5724=ORIENTED_EDGE('4174',*,*,#5446,.F.);
#5725=EDGE_LOOP('3642',(#5720,#5722,#5723,#5724));
#5726=FACE_OUTER_BOUND('3642',#5725,.F.);
#5727=ADVANCED_FACE('3642',(#5726),#5718,.T.);
#5728=CARTESIAN_POINT('',(1.1915E1,0.E0,1.7E0));
#5729=DIRECTION('',(8.661855860486E-1,0.E0,4.997224534896E-1));
#5730=DIRECTION('',(4.997224534896E-1,0.E0,-8.661855860486E-1));
#5731=AXIS2_PLACEMENT_3D('',#5728,#5729,#5730);
#5732=PLANE('3638',#5731);
#5733=ORIENTED_EDGE('4167',*,*,#5719,.F.);
#5734=ORIENTED_EDGE('4169',*,*,#5444,.F.);
#5736=ORIENTED_EDGE('4147',*,*,#5735,.T.);
#5738=ORIENTED_EDGE('4171',*,*,#5737,.T.);
#5739=EDGE_LOOP('3638',(#5733,#5734,#5736,#5738));
#5740=FACE_OUTER_BOUND('3638',#5739,.F.);
#5741=ADVANCED_FACE('3638',(#5740),#5732,.T.);
#5742=CARTESIAN_POINT('',(1.0945E1,0.E0,1.7E0));
#5743=DIRECTION('',(0.E0,0.E0,1.E0));
#5744=DIRECTION('',(1.E0,0.E0,0.E0));
#5745=AXIS2_PLACEMENT_3D('',#5742,#5743,#5744);
#5746=PLANE('3637',#5745);
#5747=ORIENTED_EDGE('4141',*,*,#5442,.F.);
#5749=ORIENTED_EDGE('4146',*,*,#5748,.T.);
#5751=ORIENTED_EDGE('4143',*,*,#5750,.T.);
#5752=ORIENTED_EDGE('4147',*,*,#5735,.F.);
#5753=EDGE_LOOP('3637',(#5747,#5749,#5751,#5752));
#5754=FACE_OUTER_BOUND('3637',#5753,.F.);
#5755=ADVANCED_FACE('3637',(#5754),#5746,.T.);
#5756=CARTESIAN_POINT('',(1.0795E1,0.E0,1.44E0));
#5757=DIRECTION('',(-8.661855860486E-1,0.E0,4.997224534896E-1));
#5758=DIRECTION('',(4.997224534896E-1,0.E0,8.661855860486E-1));
#5759=AXIS2_PLACEMENT_3D('',#5756,#5757,#5758);
#5760=PLANE('3636',#5759);
#5762=ORIENTED_EDGE('4149',*,*,#5761,.T.);
#5764=ORIENTED_EDGE('4158',*,*,#5763,.T.);
#5765=ORIENTED_EDGE('4146',*,*,#5748,.F.);
#5766=ORIENTED_EDGE('4156',*,*,#5440,.F.);
#5767=EDGE_LOOP('3636',(#5762,#5764,#5765,#5766));
#5768=FACE_OUTER_BOUND('3636',#5767,.F.);
#5769=ADVANCED_FACE('3636',(#5768),#5760,.T.);
#5770=CARTESIAN_POINT('',(1.0645E1,0.E0,1.7E0));
#5771=DIRECTION('',(8.661855860486E-1,0.E0,4.997224534896E-1));
#5772=DIRECTION('',(4.997224534896E-1,0.E0,-8.661855860486E-1));
#5773=AXIS2_PLACEMENT_3D('',#5770,#5771,#5772);
#5774=PLANE('3632',#5773);
#5775=ORIENTED_EDGE('4149',*,*,#5761,.F.);
#5776=ORIENTED_EDGE('4151',*,*,#5438,.F.);
#5778=ORIENTED_EDGE('4129',*,*,#5777,.T.);
#5780=ORIENTED_EDGE('4153',*,*,#5779,.T.);
#5781=EDGE_LOOP('3632',(#5775,#5776,#5778,#5780));
#5782=FACE_OUTER_BOUND('3632',#5781,.F.);
#5783=ADVANCED_FACE('3632',(#5782),#5774,.T.);
#5784=CARTESIAN_POINT('',(9.675E0,0.E0,1.7E0));
#5785=DIRECTION('',(0.E0,0.E0,1.E0));
#5786=DIRECTION('',(1.E0,0.E0,0.E0));
#5787=AXIS2_PLACEMENT_3D('',#5784,#5785,#5786);
#5788=PLANE('3631',#5787);
#5789=ORIENTED_EDGE('4123',*,*,#5436,.F.);
#5791=ORIENTED_EDGE('4128',*,*,#5790,.T.);
#5793=ORIENTED_EDGE('4125',*,*,#5792,.T.);
#5794=ORIENTED_EDGE('4129',*,*,#5777,.F.);
#5795=EDGE_LOOP('3631',(#5789,#5791,#5793,#5794));
#5796=FACE_OUTER_BOUND('3631',#5795,.F.);
#5797=ADVANCED_FACE('3631',(#5796),#5788,.T.);
#5798=CARTESIAN_POINT('',(9.525E0,0.E0,1.44E0));
#5799=DIRECTION('',(-8.661855860486E-1,0.E0,4.997224534896E-1));
#5800=DIRECTION('',(4.997224534896E-1,0.E0,8.661855860486E-1));
#5801=AXIS2_PLACEMENT_3D('',#5798,#5799,#5800);
#5802=PLANE('3630',#5801);
#5804=ORIENTED_EDGE('4131',*,*,#5803,.T.);
#5806=ORIENTED_EDGE('4140',*,*,#5805,.T.);
#5807=ORIENTED_EDGE('4128',*,*,#5790,.F.);
#5808=ORIENTED_EDGE('4138',*,*,#5434,.F.);
#5809=EDGE_LOOP('3630',(#5804,#5806,#5807,#5808));
#5810=FACE_OUTER_BOUND('3630',#5809,.F.);
#5811=ADVANCED_FACE('3630',(#5810),#5802,.T.);
#5812=CARTESIAN_POINT('',(9.375E0,0.E0,1.7E0));
#5813=DIRECTION('',(8.661855860486E-1,0.E0,4.997224534896E-1));
#5814=DIRECTION('',(4.997224534896E-1,0.E0,-8.661855860486E-1));
#5815=AXIS2_PLACEMENT_3D('',#5812,#5813,#5814);
#5816=PLANE('3626',#5815);
#5817=ORIENTED_EDGE('4131',*,*,#5803,.F.);
#5818=ORIENTED_EDGE('4133',*,*,#5432,.F.);
#5820=ORIENTED_EDGE('4111',*,*,#5819,.T.);
#5822=ORIENTED_EDGE('4135',*,*,#5821,.T.);
#5823=EDGE_LOOP('3626',(#5817,#5818,#5820,#5822));
#5824=FACE_OUTER_BOUND('3626',#5823,.F.);
#5825=ADVANCED_FACE('3626',(#5824),#5816,.T.);
#5826=CARTESIAN_POINT('',(8.405E0,0.E0,1.7E0));
#5827=DIRECTION('',(0.E0,0.E0,1.E0));
#5828=DIRECTION('',(1.E0,0.E0,0.E0));
#5829=AXIS2_PLACEMENT_3D('',#5826,#5827,#5828);
#5830=PLANE('3625',#5829);
#5831=ORIENTED_EDGE('4105',*,*,#5430,.F.);
#5833=ORIENTED_EDGE('4110',*,*,#5832,.T.);
#5835=ORIENTED_EDGE('4107',*,*,#5834,.T.);
#5836=ORIENTED_EDGE('4111',*,*,#5819,.F.);
#5837=EDGE_LOOP('3625',(#5831,#5833,#5835,#5836));
#5838=FACE_OUTER_BOUND('3625',#5837,.F.);
#5839=ADVANCED_FACE('3625',(#5838),#5830,.T.);
#5840=CARTESIAN_POINT('',(8.255E0,0.E0,1.44E0));
#5841=DIRECTION('',(-8.661855860486E-1,0.E0,4.997224534896E-1));
#5842=DIRECTION('',(4.997224534896E-1,0.E0,8.661855860486E-1));
#5843=AXIS2_PLACEMENT_3D('',#5840,#5841,#5842);
#5844=PLANE('3624',#5843);
#5846=ORIENTED_EDGE('4113',*,*,#5845,.T.);
#5848=ORIENTED_EDGE('4122',*,*,#5847,.T.);
#5849=ORIENTED_EDGE('4110',*,*,#5832,.F.);
#5850=ORIENTED_EDGE('4120',*,*,#5428,.F.);
#5851=EDGE_LOOP('3624',(#5846,#5848,#5849,#5850));
#5852=FACE_OUTER_BOUND('3624',#5851,.F.);
#5853=ADVANCED_FACE('3624',(#5852),#5844,.T.);
#5854=CARTESIAN_POINT('',(8.105E0,0.E0,1.7E0));
#5855=DIRECTION('',(8.661855860486E-1,0.E0,4.997224534896E-1));
#5856=DIRECTION('',(4.997224534896E-1,0.E0,-8.661855860486E-1));
#5857=AXIS2_PLACEMENT_3D('',#5854,#5855,#5856);
#5858=PLANE('3620',#5857);
#5859=ORIENTED_EDGE('4113',*,*,#5845,.F.);
#5860=ORIENTED_EDGE('4115',*,*,#5426,.F.);
#5862=ORIENTED_EDGE('4093',*,*,#5861,.T.);
#5864=ORIENTED_EDGE('4117',*,*,#5863,.T.);
#5865=EDGE_LOOP('3620',(#5859,#5860,#5862,#5864));
#5866=FACE_OUTER_BOUND('3620',#5865,.F.);
#5867=ADVANCED_FACE('3620',(#5866),#5858,.T.);
#5868=CARTESIAN_POINT('',(7.135E0,0.E0,1.7E0));
#5869=DIRECTION('',(0.E0,0.E0,1.E0));
#5870=DIRECTION('',(1.E0,0.E0,0.E0));
#5871=AXIS2_PLACEMENT_3D('',#5868,#5869,#5870);
#5872=PLANE('3619',#5871);
#5873=ORIENTED_EDGE('4087',*,*,#5424,.F.);
#5875=ORIENTED_EDGE('4092',*,*,#5874,.T.);
#5877=ORIENTED_EDGE('4089',*,*,#5876,.T.);
#5878=ORIENTED_EDGE('4093',*,*,#5861,.F.);
#5879=EDGE_LOOP('3619',(#5873,#5875,#5877,#5878));
#5880=FACE_OUTER_BOUND('3619',#5879,.F.);
#5881=ADVANCED_FACE('3619',(#5880),#5872,.T.);
#5882=CARTESIAN_POINT('',(6.985E0,0.E0,1.44E0));
#5883=DIRECTION('',(-8.661855860486E-1,0.E0,4.997224534896E-1));
#5884=DIRECTION('',(4.997224534896E-1,0.E0,8.661855860486E-1));
#5885=AXIS2_PLACEMENT_3D('',#5882,#5883,#5884);
#5886=PLANE('3618',#5885);
#5888=ORIENTED_EDGE('4095',*,*,#5887,.T.);
#5890=ORIENTED_EDGE('4104',*,*,#5889,.T.);
#5891=ORIENTED_EDGE('4092',*,*,#5874,.F.);
#5892=ORIENTED_EDGE('4102',*,*,#5422,.F.);
#5893=EDGE_LOOP('3618',(#5888,#5890,#5891,#5892));
#5894=FACE_OUTER_BOUND('3618',#5893,.F.);
#5895=ADVANCED_FACE('3618',(#5894),#5886,.T.);
#5896=CARTESIAN_POINT('',(6.835E0,0.E0,1.7E0));
#5897=DIRECTION('',(8.661855860486E-1,0.E0,4.997224534896E-1));
#5898=DIRECTION('',(4.997224534896E-1,0.E0,-8.661855860486E-1));
#5899=AXIS2_PLACEMENT_3D('',#5896,#5897,#5898);
#5900=PLANE('3614',#5899);
#5901=ORIENTED_EDGE('4095',*,*,#5887,.F.);
#5902=ORIENTED_EDGE('4097',*,*,#5420,.F.);
#5904=ORIENTED_EDGE('4075',*,*,#5903,.T.);
#5906=ORIENTED_EDGE('4099',*,*,#5905,.T.);
#5907=EDGE_LOOP('3614',(#5901,#5902,#5904,#5906));
#5908=FACE_OUTER_BOUND('3614',#5907,.F.);
#5909=ADVANCED_FACE('3614',(#5908),#5900,.T.);
#5910=CARTESIAN_POINT('',(5.865E0,0.E0,1.7E0));
#5911=DIRECTION('',(0.E0,0.E0,1.E0));
#5912=DIRECTION('',(1.E0,0.E0,0.E0));
#5913=AXIS2_PLACEMENT_3D('',#5910,#5911,#5912);
#5914=PLANE('3613',#5913);
#5915=ORIENTED_EDGE('4069',*,*,#5418,.F.);
#5917=ORIENTED_EDGE('4074',*,*,#5916,.T.);
#5919=ORIENTED_EDGE('4071',*,*,#5918,.T.);
#5920=ORIENTED_EDGE('4075',*,*,#5903,.F.);
#5921=EDGE_LOOP('3613',(#5915,#5917,#5919,#5920));
#5922=FACE_OUTER_BOUND('3613',#5921,.F.);
#5923=ADVANCED_FACE('3613',(#5922),#5914,.T.);
#5924=CARTESIAN_POINT('',(5.715E0,0.E0,1.44E0));
#5925=DIRECTION('',(-8.661855860486E-1,0.E0,4.997224534896E-1));
#5926=DIRECTION('',(4.997224534896E-1,0.E0,8.661855860486E-1));
#5927=AXIS2_PLACEMENT_3D('',#5924,#5925,#5926);
#5928=PLANE('3612',#5927);
#5930=ORIENTED_EDGE('4077',*,*,#5929,.T.);
#5932=ORIENTED_EDGE('4086',*,*,#5931,.T.);
#5933=ORIENTED_EDGE('4074',*,*,#5916,.F.);
#5934=ORIENTED_EDGE('4084',*,*,#5416,.F.);
#5935=EDGE_LOOP('3612',(#5930,#5932,#5933,#5934));
#5936=FACE_OUTER_BOUND('3612',#5935,.F.);
#5937=ADVANCED_FACE('3612',(#5936),#5928,.T.);
#5938=CARTESIAN_POINT('',(5.565E0,0.E0,1.7E0));
#5939=DIRECTION('',(8.661855860486E-1,0.E0,4.997224534896E-1));
#5940=DIRECTION('',(4.997224534896E-1,0.E0,-8.661855860486E-1));
#5941=AXIS2_PLACEMENT_3D('',#5938,#5939,#5940);
#5942=PLANE('3608',#5941);
#5943=ORIENTED_EDGE('4077',*,*,#5929,.F.);
#5944=ORIENTED_EDGE('4079',*,*,#5414,.F.);
#5946=ORIENTED_EDGE('4057',*,*,#5945,.T.);
#5948=ORIENTED_EDGE('4081',*,*,#5947,.T.);
#5949=EDGE_LOOP('3608',(#5943,#5944,#5946,#5948));
#5950=FACE_OUTER_BOUND('3608',#5949,.F.);
#5951=ADVANCED_FACE('3608',(#5950),#5942,.T.);
#5952=CARTESIAN_POINT('',(4.595E0,0.E0,1.7E0));
#5953=DIRECTION('',(0.E0,0.E0,1.E0));
#5954=DIRECTION('',(1.E0,0.E0,0.E0));
#5955=AXIS2_PLACEMENT_3D('',#5952,#5953,#5954);
#5956=PLANE('3607',#5955);
#5957=ORIENTED_EDGE('4051',*,*,#5412,.F.);
#5959=ORIENTED_EDGE('4056',*,*,#5958,.T.);
#5961=ORIENTED_EDGE('4053',*,*,#5960,.T.);
#5962=ORIENTED_EDGE('4057',*,*,#5945,.F.);
#5963=EDGE_LOOP('3607',(#5957,#5959,#5961,#5962));
#5964=FACE_OUTER_BOUND('3607',#5963,.F.);
#5965=ADVANCED_FACE('3607',(#5964),#5956,.T.);
#5966=CARTESIAN_POINT('',(4.445E0,0.E0,1.44E0));
#5967=DIRECTION('',(-8.661855860486E-1,0.E0,4.997224534896E-1));
#5968=DIRECTION('',(4.997224534896E-1,0.E0,8.661855860486E-1));
#5969=AXIS2_PLACEMENT_3D('',#5966,#5967,#5968);
#5970=PLANE('3606',#5969);
#5972=ORIENTED_EDGE('4059',*,*,#5971,.T.);
#5974=ORIENTED_EDGE('4068',*,*,#5973,.T.);
#5975=ORIENTED_EDGE('4056',*,*,#5958,.F.);
#5976=ORIENTED_EDGE('4066',*,*,#5410,.F.);
#5977=EDGE_LOOP('3606',(#5972,#5974,#5975,#5976));
#5978=FACE_OUTER_BOUND('3606',#5977,.F.);
#5979=ADVANCED_FACE('3606',(#5978),#5970,.T.);
#5980=CARTESIAN_POINT('',(4.295E0,0.E0,1.7E0));
#5981=DIRECTION('',(8.661855860486E-1,0.E0,4.997224534896E-1));
#5982=DIRECTION('',(4.997224534896E-1,0.E0,-8.661855860486E-1));
#5983=AXIS2_PLACEMENT_3D('',#5980,#5981,#5982);
#5984=PLANE('3602',#5983);
#5985=ORIENTED_EDGE('4059',*,*,#5971,.F.);
#5986=ORIENTED_EDGE('4061',*,*,#5408,.F.);
#5988=ORIENTED_EDGE('4039',*,*,#5987,.T.);
#5990=ORIENTED_EDGE('4063',*,*,#5989,.T.);
#5991=EDGE_LOOP('3602',(#5985,#5986,#5988,#5990));
#5992=FACE_OUTER_BOUND('3602',#5991,.F.);
#5993=ADVANCED_FACE('3602',(#5992),#5984,.T.);
#5994=CARTESIAN_POINT('',(3.325E0,0.E0,1.7E0));
#5995=DIRECTION('',(0.E0,0.E0,1.E0));
#5996=DIRECTION('',(1.E0,0.E0,0.E0));
#5997=AXIS2_PLACEMENT_3D('',#5994,#5995,#5996);
#5998=PLANE('3601',#5997);
#5999=ORIENTED_EDGE('4033',*,*,#5406,.F.);
#6001=ORIENTED_EDGE('4038',*,*,#6000,.T.);
#6003=ORIENTED_EDGE('4035',*,*,#6002,.T.);
#6004=ORIENTED_EDGE('4039',*,*,#5987,.F.);
#6005=EDGE_LOOP('3601',(#5999,#6001,#6003,#6004));
#6006=FACE_OUTER_BOUND('3601',#6005,.F.);
#6007=ADVANCED_FACE('3601',(#6006),#5998,.T.);
#6008=CARTESIAN_POINT('',(3.175E0,0.E0,1.44E0));
#6009=DIRECTION('',(-8.661855860486E-1,0.E0,4.997224534896E-1));
#6010=DIRECTION('',(4.997224534896E-1,0.E0,8.661855860486E-1));
#6011=AXIS2_PLACEMENT_3D('',#6008,#6009,#6010);
#6012=PLANE('3600',#6011);
#6014=ORIENTED_EDGE('4041',*,*,#6013,.T.);
#6016=ORIENTED_EDGE('4050',*,*,#6015,.T.);
#6017=ORIENTED_EDGE('4038',*,*,#6000,.F.);
#6018=ORIENTED_EDGE('4048',*,*,#5404,.F.);
#6019=EDGE_LOOP('3600',(#6014,#6016,#6017,#6018));
#6020=FACE_OUTER_BOUND('3600',#6019,.F.);
#6021=ADVANCED_FACE('3600',(#6020),#6012,.T.);
#6022=CARTESIAN_POINT('',(3.025E0,0.E0,1.7E0));
#6023=DIRECTION('',(8.661855860486E-1,0.E0,4.997224534896E-1));
#6024=DIRECTION('',(4.997224534896E-1,0.E0,-8.661855860486E-1));
#6025=AXIS2_PLACEMENT_3D('',#6022,#6023,#6024);
#6026=PLANE('3596',#6025);
#6027=ORIENTED_EDGE('4041',*,*,#6013,.F.);
#6028=ORIENTED_EDGE('4043',*,*,#5402,.F.);
#6030=ORIENTED_EDGE('4021',*,*,#6029,.T.);
#6032=ORIENTED_EDGE('4045',*,*,#6031,.T.);
#6033=EDGE_LOOP('3596',(#6027,#6028,#6030,#6032));
#6034=FACE_OUTER_BOUND('3596',#6033,.F.);
#6035=ADVANCED_FACE('3596',(#6034),#6026,.T.);
#6036=CARTESIAN_POINT('',(2.055E0,0.E0,1.7E0));
#6037=DIRECTION('',(0.E0,0.E0,1.E0));
#6038=DIRECTION('',(1.E0,0.E0,0.E0));
#6039=AXIS2_PLACEMENT_3D('',#6036,#6037,#6038);
#6040=PLANE('3595',#6039);
#6041=ORIENTED_EDGE('4015',*,*,#5400,.F.);
#6043=ORIENTED_EDGE('4020',*,*,#6042,.T.);
#6045=ORIENTED_EDGE('4017',*,*,#6044,.T.);
#6046=ORIENTED_EDGE('4021',*,*,#6029,.F.);
#6047=EDGE_LOOP('3595',(#6041,#6043,#6045,#6046));
#6048=FACE_OUTER_BOUND('3595',#6047,.F.);
#6049=ADVANCED_FACE('3595',(#6048),#6040,.T.);
#6050=CARTESIAN_POINT('',(1.905E0,0.E0,1.44E0));
#6051=DIRECTION('',(-8.661855860486E-1,0.E0,4.997224534896E-1));
#6052=DIRECTION('',(4.997224534896E-1,0.E0,8.661855860486E-1));
#6053=AXIS2_PLACEMENT_3D('',#6050,#6051,#6052);
#6054=PLANE('3594',#6053);
#6056=ORIENTED_EDGE('4023',*,*,#6055,.T.);
#6058=ORIENTED_EDGE('4032',*,*,#6057,.T.);
#6059=ORIENTED_EDGE('4020',*,*,#6042,.F.);
#6060=ORIENTED_EDGE('4030',*,*,#5398,.F.);
#6061=EDGE_LOOP('3594',(#6056,#6058,#6059,#6060));
#6062=FACE_OUTER_BOUND('3594',#6061,.F.);
#6063=ADVANCED_FACE('3594',(#6062),#6054,.T.);
#6064=CARTESIAN_POINT('',(1.755E0,0.E0,1.7E0));
#6065=DIRECTION('',(8.661855860486E-1,0.E0,4.997224534896E-1));
#6066=DIRECTION('',(4.997224534896E-1,0.E0,-8.661855860486E-1));
#6067=AXIS2_PLACEMENT_3D('',#6064,#6065,#6066);
#6068=PLANE('3587',#6067);
#6069=ORIENTED_EDGE('4023',*,*,#6055,.F.);
#6070=ORIENTED_EDGE('4025',*,*,#5396,.F.);
#6072=ORIENTED_EDGE('3994',*,*,#6071,.T.);
#6074=ORIENTED_EDGE('4027',*,*,#6073,.T.);
#6075=EDGE_LOOP('3587',(#6069,#6070,#6072,#6074));
#6076=FACE_OUTER_BOUND('3587',#6075,.F.);
#6077=ADVANCED_FACE('3587',(#6076),#6068,.T.);
#6078=CARTESIAN_POINT('',(7.85E-1,0.E0,1.7E0));
#6079=DIRECTION('',(0.E0,0.E0,1.E0));
#6080=DIRECTION('',(1.E0,0.E0,0.E0));
#6081=AXIS2_PLACEMENT_3D('',#6078,#6079,#6080);
#6082=PLANE('3586',#6081);
#6083=ORIENTED_EDGE('3988',*,*,#5394,.F.);
#6085=ORIENTED_EDGE('3993',*,*,#6084,.T.);
#6087=ORIENTED_EDGE('3990',*,*,#6086,.T.);
#6088=ORIENTED_EDGE('3994',*,*,#6071,.F.);
#6089=EDGE_LOOP('3586',(#6083,#6085,#6087,#6088));
#6090=FACE_OUTER_BOUND('3586',#6089,.F.);
#6091=ADVANCED_FACE('3586',(#6090),#6082,.T.);
#6092=CARTESIAN_POINT('',(6.35E-1,0.E0,1.44E0));
#6093=DIRECTION('',(-8.661855860486E-1,0.E0,4.997224534896E-1));
#6094=DIRECTION('',(4.997224534896E-1,0.E0,8.661855860486E-1));
#6095=AXIS2_PLACEMENT_3D('',#6092,#6093,#6094);
#6096=PLANE('3585',#6095);
#6098=ORIENTED_EDGE('3996',*,*,#6097,.T.);
#6100=ORIENTED_EDGE('4005',*,*,#6099,.T.);
#6101=ORIENTED_EDGE('3993',*,*,#6084,.F.);
#6102=ORIENTED_EDGE('4003',*,*,#5392,.F.);
#6103=EDGE_LOOP('3585',(#6098,#6100,#6101,#6102));
#6104=FACE_OUTER_BOUND('3585',#6103,.F.);
#6105=ADVANCED_FACE('3585',(#6104),#6096,.T.);
#6106=CARTESIAN_POINT('',(4.85E-1,0.E0,1.7E0));
#6107=DIRECTION('',(8.661855860486E-1,0.E0,4.997224534896E-1));
#6108=DIRECTION('',(4.997224534896E-1,0.E0,-8.661855860486E-1));
#6109=AXIS2_PLACEMENT_3D('',#6106,#6107,#6108);
#6110=PLANE('3581',#6109);
#6111=ORIENTED_EDGE('3996',*,*,#6097,.F.);
#6112=ORIENTED_EDGE('3998',*,*,#5390,.F.);
#6114=ORIENTED_EDGE('3986',*,*,#6113,.T.);
#6116=ORIENTED_EDGE('4000',*,*,#6115,.T.);
#6117=EDGE_LOOP('3581',(#6111,#6112,#6114,#6116));
#6118=FACE_OUTER_BOUND('3581',#6117,.F.);
#6119=ADVANCED_FACE('3581',(#6118),#6110,.T.);
#6120=CARTESIAN_POINT('',(-4.85E-1,0.E0,1.7E0));
#6121=DIRECTION('',(0.E0,0.E0,1.E0));
#6122=DIRECTION('',(1.E0,0.E0,0.E0));
#6123=AXIS2_PLACEMENT_3D('',#6120,#6121,#6122);
#6124=PLANE('3580',#6123);
#6125=ORIENTED_EDGE('3975',*,*,#5388,.F.);
#6127=ORIENTED_EDGE('3985',*,*,#6126,.T.);
#6129=ORIENTED_EDGE('3980',*,*,#6128,.T.);
#6130=ORIENTED_EDGE('3986',*,*,#6113,.F.);
#6131=EDGE_LOOP('3580',(#6125,#6127,#6129,#6130));
#6132=FACE_OUTER_BOUND('3580',#6131,.F.);
#6133=ADVANCED_FACE('3580',(#6132),#6124,.T.);
#6134=CARTESIAN_POINT('',(-6.35E-1,0.E0,1.44E0));
#6135=DIRECTION('',(-8.661855860486E-1,0.E0,4.997224534896E-1));
#6136=DIRECTION('',(4.997224534896E-1,0.E0,8.661855860486E-1));
#6137=AXIS2_PLACEMENT_3D('',#6134,#6135,#6136);
#6138=PLANE('3579',#6137);
#6139=ORIENTED_EDGE('3974',*,*,#5386,.F.);
#6141=ORIENTED_EDGE('3984',*,*,#6140,.T.);
#6143=ORIENTED_EDGE('3979',*,*,#6142,.T.);
#6144=ORIENTED_EDGE('3985',*,*,#6126,.F.);
#6145=EDGE_LOOP('3579',(#6139,#6141,#6143,#6144));
#6146=FACE_OUTER_BOUND('3579',#6145,.F.);
#6147=ADVANCED_FACE('3579',(#6146),#6138,.T.);
#6148=CARTESIAN_POINT('',(-6.35E-1,0.E0,-1.44E0));
#6149=DIRECTION('',(-1.E0,0.E0,0.E0));
#6150=DIRECTION('',(0.E0,0.E0,1.E0));
#6151=AXIS2_PLACEMENT_3D('',#6148,#6149,#6150);
#6152=PLANE('3578',#6151);
#6153=ORIENTED_EDGE('4008',*,*,#5491,.T.);
#6155=ORIENTED_EDGE('4009',*,*,#6154,.T.);
#6157=ORIENTED_EDGE('4010',*,*,#6156,.F.);
#6159=ORIENTED_EDGE('4011',*,*,#6158,.F.);
#6161=ORIENTED_EDGE('3983',*,*,#6160,.T.);
#6163=ORIENTED_EDGE('3978',*,*,#6162,.T.);
#6164=ORIENTED_EDGE('3984',*,*,#6140,.F.);
#6165=ORIENTED_EDGE('4012',*,*,#5384,.F.);
#6166=EDGE_LOOP('3578',(#6153,#6155,#6157,#6159,#6161,#6163,#6164,#6165));
#6167=FACE_OUTER_BOUND('3578',#6166,.F.);
#6168=ADVANCED_FACE('3578',(#6167),#6152,.T.);
#6169=CARTESIAN_POINT('',(-6.35E-1,1.E-1,1.2E0));
#6170=DIRECTION('',(0.E0,1.E0,0.E0));
#6171=DIRECTION('',(0.E0,0.E0,-1.E0));
#6172=AXIS2_PLACEMENT_3D('',#6169,#6170,#6171);
#6173=PLANE('3591',#6172);
#6174=ORIENTED_EDGE('4009',*,*,#6154,.F.);
#6175=ORIENTED_EDGE('4013',*,*,#5489,.T.);
#6176=ORIENTED_EDGE('4257',*,*,#5513,.T.);
#6178=ORIENTED_EDGE('4014',*,*,#6177,.F.);
#6179=EDGE_LOOP('3591',(#6174,#6175,#6176,#6178));
#6180=FACE_OUTER_BOUND('3591',#6179,.F.);
#6182=ORIENTED_EDGE('4285',*,*,#6181,.F.);
#6184=ORIENTED_EDGE('4288',*,*,#6183,.F.);
#6186=ORIENTED_EDGE('4287',*,*,#6185,.F.);
#6188=ORIENTED_EDGE('4286',*,*,#6187,.F.);
#6189=EDGE_LOOP('3591',(#6182,#6184,#6186,#6188));
#6190=FACE_BOUND('3591',#6189,.F.);
#6192=ORIENTED_EDGE('4289',*,*,#6191,.F.);
#6194=ORIENTED_EDGE('4292',*,*,#6193,.F.);
#6196=ORIENTED_EDGE('4291',*,*,#6195,.F.);
#6198=ORIENTED_EDGE('4290',*,*,#6197,.F.);
#6199=EDGE_LOOP('3591',(#6192,#6194,#6196,#6198));
#6200=FACE_BOUND('3591',#6199,.F.);
#6202=ORIENTED_EDGE('4333',*,*,#6201,.F.);
#6204=ORIENTED_EDGE('4336',*,*,#6203,.F.);
#6206=ORIENTED_EDGE('4335',*,*,#6205,.F.);
#6208=ORIENTED_EDGE('4334',*,*,#6207,.F.);
#6209=EDGE_LOOP('3591',(#6202,#6204,#6206,#6208));
#6210=FACE_BOUND('3591',#6209,.F.);
#6212=ORIENTED_EDGE('4337',*,*,#6211,.F.);
#6214=ORIENTED_EDGE('4340',*,*,#6213,.F.);
#6216=ORIENTED_EDGE('4339',*,*,#6215,.F.);
#6218=ORIENTED_EDGE('4338',*,*,#6217,.F.);
#6219=EDGE_LOOP('3591',(#6212,#6214,#6216,#6218));
#6220=FACE_BOUND('3591',#6219,.F.);
#6222=ORIENTED_EDGE('4381',*,*,#6221,.F.);
#6224=ORIENTED_EDGE('4384',*,*,#6223,.F.);
#6226=ORIENTED_EDGE('4383',*,*,#6225,.F.);
#6228=ORIENTED_EDGE('4382',*,*,#6227,.F.);
#6229=EDGE_LOOP('3591',(#6222,#6224,#6226,#6228));
#6230=FACE_BOUND('3591',#6229,.F.);
#6232=ORIENTED_EDGE('4385',*,*,#6231,.F.);
#6234=ORIENTED_EDGE('4388',*,*,#6233,.F.);
#6236=ORIENTED_EDGE('4387',*,*,#6235,.F.);
#6238=ORIENTED_EDGE('4386',*,*,#6237,.F.);
#6239=EDGE_LOOP('3591',(#6232,#6234,#6236,#6238));
#6240=FACE_BOUND('3591',#6239,.F.);
#6242=ORIENTED_EDGE('4429',*,*,#6241,.F.);
#6244=ORIENTED_EDGE('4432',*,*,#6243,.F.);
#6246=ORIENTED_EDGE('4431',*,*,#6245,.F.);
#6248=ORIENTED_EDGE('4430',*,*,#6247,.F.);
#6249=EDGE_LOOP('3591',(#6242,#6244,#6246,#6248));
#6250=FACE_BOUND('3591',#6249,.F.);
#6252=ORIENTED_EDGE('4433',*,*,#6251,.F.);
#6254=ORIENTED_EDGE('4436',*,*,#6253,.F.);
#6256=ORIENTED_EDGE('4435',*,*,#6255,.F.);
#6258=ORIENTED_EDGE('4434',*,*,#6257,.F.);
#6259=EDGE_LOOP('3591',(#6252,#6254,#6256,#6258));
#6260=FACE_BOUND('3591',#6259,.F.);
#6262=ORIENTED_EDGE('4477',*,*,#6261,.F.);
#6264=ORIENTED_EDGE('4480',*,*,#6263,.F.);
#6266=ORIENTED_EDGE('4479',*,*,#6265,.F.);
#6268=ORIENTED_EDGE('4478',*,*,#6267,.F.);
#6269=EDGE_LOOP('3591',(#6262,#6264,#6266,#6268));
#6270=FACE_BOUND('3591',#6269,.F.);
#6272=ORIENTED_EDGE('4481',*,*,#6271,.F.);
#6274=ORIENTED_EDGE('4484',*,*,#6273,.F.);
#6276=ORIENTED_EDGE('4483',*,*,#6275,.F.);
#6278=ORIENTED_EDGE('4482',*,*,#6277,.F.);
#6279=EDGE_LOOP('3591',(#6272,#6274,#6276,#6278));
#6280=FACE_BOUND('3591',#6279,.F.);
#6282=ORIENTED_EDGE('4525',*,*,#6281,.F.);
#6284=ORIENTED_EDGE('4528',*,*,#6283,.F.);
#6286=ORIENTED_EDGE('4527',*,*,#6285,.F.);
#6288=ORIENTED_EDGE('4526',*,*,#6287,.F.);
#6289=EDGE_LOOP('3591',(#6282,#6284,#6286,#6288));
#6290=FACE_BOUND('3591',#6289,.F.);
#6292=ORIENTED_EDGE('4529',*,*,#6291,.F.);
#6294=ORIENTED_EDGE('4532',*,*,#6293,.F.);
#6296=ORIENTED_EDGE('4531',*,*,#6295,.F.);
#6298=ORIENTED_EDGE('4530',*,*,#6297,.F.);
#6299=EDGE_LOOP('3591',(#6292,#6294,#6296,#6298));
#6300=FACE_BOUND('3591',#6299,.F.);
#6302=ORIENTED_EDGE('4573',*,*,#6301,.F.);
#6304=ORIENTED_EDGE('4576',*,*,#6303,.F.);
#6306=ORIENTED_EDGE('4575',*,*,#6305,.F.);
#6308=ORIENTED_EDGE('4574',*,*,#6307,.F.);
#6309=EDGE_LOOP('3591',(#6302,#6304,#6306,#6308));
#6310=FACE_BOUND('3591',#6309,.F.);
#6312=ORIENTED_EDGE('4577',*,*,#6311,.F.);
#6314=ORIENTED_EDGE('4580',*,*,#6313,.F.);
#6316=ORIENTED_EDGE('4579',*,*,#6315,.F.);
#6318=ORIENTED_EDGE('4578',*,*,#6317,.F.);
#6319=EDGE_LOOP('3591',(#6312,#6314,#6316,#6318));
#6320=FACE_BOUND('3591',#6319,.F.);
#6322=ORIENTED_EDGE('4621',*,*,#6321,.F.);
#6324=ORIENTED_EDGE('4624',*,*,#6323,.F.);
#6326=ORIENTED_EDGE('4623',*,*,#6325,.F.);
#6328=ORIENTED_EDGE('4622',*,*,#6327,.F.);
#6329=EDGE_LOOP('3591',(#6322,#6324,#6326,#6328));
#6330=FACE_BOUND('3591',#6329,.F.);
#6332=ORIENTED_EDGE('4625',*,*,#6331,.F.);
#6334=ORIENTED_EDGE('4628',*,*,#6333,.F.);
#6336=ORIENTED_EDGE('4627',*,*,#6335,.F.);
#6338=ORIENTED_EDGE('4626',*,*,#6337,.F.);
#6339=EDGE_LOOP('3591',(#6332,#6334,#6336,#6338));
#6340=FACE_BOUND('3591',#6339,.F.);
#6342=ORIENTED_EDGE('4669',*,*,#6341,.F.);
#6344=ORIENTED_EDGE('4672',*,*,#6343,.F.);
#6346=ORIENTED_EDGE('4671',*,*,#6345,.F.);
#6348=ORIENTED_EDGE('4670',*,*,#6347,.F.);
#6349=EDGE_LOOP('3591',(#6342,#6344,#6346,#6348));
#6350=FACE_BOUND('3591',#6349,.F.);
#6352=ORIENTED_EDGE('4673',*,*,#6351,.F.);
#6354=ORIENTED_EDGE('4676',*,*,#6353,.F.);
#6356=ORIENTED_EDGE('4675',*,*,#6355,.F.);
#6358=ORIENTED_EDGE('4674',*,*,#6357,.F.);
#6359=EDGE_LOOP('3591',(#6352,#6354,#6356,#6358));
#6360=FACE_BOUND('3591',#6359,.F.);
#6362=ORIENTED_EDGE('4717',*,*,#6361,.F.);
#6364=ORIENTED_EDGE('4720',*,*,#6363,.F.);
#6366=ORIENTED_EDGE('4719',*,*,#6365,.F.);
#6368=ORIENTED_EDGE('4718',*,*,#6367,.F.);
#6369=EDGE_LOOP('3591',(#6362,#6364,#6366,#6368));
#6370=FACE_BOUND('3591',#6369,.F.);
#6372=ORIENTED_EDGE('4721',*,*,#6371,.F.);
#6374=ORIENTED_EDGE('4724',*,*,#6373,.F.);
#6376=ORIENTED_EDGE('4723',*,*,#6375,.F.);
#6378=ORIENTED_EDGE('4722',*,*,#6377,.F.);
#6379=EDGE_LOOP('3591',(#6372,#6374,#6376,#6378));
#6380=FACE_BOUND('3591',#6379,.F.);
#6382=ORIENTED_EDGE('4765',*,*,#6381,.F.);
#6384=ORIENTED_EDGE('4768',*,*,#6383,.F.);
#6386=ORIENTED_EDGE('4767',*,*,#6385,.F.);
#6388=ORIENTED_EDGE('4766',*,*,#6387,.F.);
#6389=EDGE_LOOP('3591',(#6382,#6384,#6386,#6388));
#6390=FACE_BOUND('3591',#6389,.F.);
#6392=ORIENTED_EDGE('4769',*,*,#6391,.F.);
#6394=ORIENTED_EDGE('4772',*,*,#6393,.F.);
#6396=ORIENTED_EDGE('4771',*,*,#6395,.F.);
#6398=ORIENTED_EDGE('4770',*,*,#6397,.F.);
#6399=EDGE_LOOP('3591',(#6392,#6394,#6396,#6398));
#6400=FACE_BOUND('3591',#6399,.F.);
#6402=ORIENTED_EDGE('4813',*,*,#6401,.F.);
#6404=ORIENTED_EDGE('4816',*,*,#6403,.F.);
#6406=ORIENTED_EDGE('4815',*,*,#6405,.F.);
#6408=ORIENTED_EDGE('4814',*,*,#6407,.F.);
#6409=EDGE_LOOP('3591',(#6402,#6404,#6406,#6408));
#6410=FACE_BOUND('3591',#6409,.F.);
#6412=ORIENTED_EDGE('4817',*,*,#6411,.F.);
#6414=ORIENTED_EDGE('4820',*,*,#6413,.F.);
#6416=ORIENTED_EDGE('4819',*,*,#6415,.F.);
#6418=ORIENTED_EDGE('4818',*,*,#6417,.F.);
#6419=EDGE_LOOP('3591',(#6412,#6414,#6416,#6418));
#6420=FACE_BOUND('3591',#6419,.F.);
#6422=ORIENTED_EDGE('4861',*,*,#6421,.F.);
#6424=ORIENTED_EDGE('4864',*,*,#6423,.F.);
#6426=ORIENTED_EDGE('4863',*,*,#6425,.F.);
#6428=ORIENTED_EDGE('4862',*,*,#6427,.F.);
#6429=EDGE_LOOP('3591',(#6422,#6424,#6426,#6428));
#6430=FACE_BOUND('3591',#6429,.F.);
#6432=ORIENTED_EDGE('4865',*,*,#6431,.F.);
#6434=ORIENTED_EDGE('4868',*,*,#6433,.F.);
#6436=ORIENTED_EDGE('4867',*,*,#6435,.F.);
#6438=ORIENTED_EDGE('4866',*,*,#6437,.F.);
#6439=EDGE_LOOP('3591',(#6432,#6434,#6436,#6438));
#6440=FACE_BOUND('3591',#6439,.F.);
#6442=ORIENTED_EDGE('4909',*,*,#6441,.F.);
#6444=ORIENTED_EDGE('4912',*,*,#6443,.F.);
#6446=ORIENTED_EDGE('4911',*,*,#6445,.F.);
#6448=ORIENTED_EDGE('4910',*,*,#6447,.F.);
#6449=EDGE_LOOP('3591',(#6442,#6444,#6446,#6448));
#6450=FACE_BOUND('3591',#6449,.F.);
#6452=ORIENTED_EDGE('4913',*,*,#6451,.F.);
#6454=ORIENTED_EDGE('4916',*,*,#6453,.F.);
#6456=ORIENTED_EDGE('4915',*,*,#6455,.F.);
#6458=ORIENTED_EDGE('4914',*,*,#6457,.F.);
#6459=EDGE_LOOP('3591',(#6452,#6454,#6456,#6458));
#6460=FACE_BOUND('3591',#6459,.F.);
#6462=ORIENTED_EDGE('4957',*,*,#6461,.F.);
#6464=ORIENTED_EDGE('4960',*,*,#6463,.F.);
#6466=ORIENTED_EDGE('4959',*,*,#6465,.F.);
#6468=ORIENTED_EDGE('4958',*,*,#6467,.F.);
#6469=EDGE_LOOP('3591',(#6462,#6464,#6466,#6468));
#6470=FACE_BOUND('3591',#6469,.F.);
#6472=ORIENTED_EDGE('4961',*,*,#6471,.F.);
#6474=ORIENTED_EDGE('4964',*,*,#6473,.F.);
#6476=ORIENTED_EDGE('4963',*,*,#6475,.F.);
#6478=ORIENTED_EDGE('4962',*,*,#6477,.F.);
#6479=EDGE_LOOP('3591',(#6472,#6474,#6476,#6478));
#6480=FACE_BOUND('3591',#6479,.F.);
#6481=ADVANCED_FACE('3591',(#6180,#6190,#6200,#6210,#6220,#6230,#6240,#6250,
#6260,#6270,#6280,#6290,#6300,#6310,#6320,#6330,#6340,#6350,#6360,#6370,#6380,
#6390,#6400,#6410,#6420,#6430,#6440,#6450,#6460,#6470,#6480),#6173,.F.);
#6482=CARTESIAN_POINT('',(-6.35E-1,1.E-1,-1.2E0));
#6483=DIRECTION('',(0.E0,0.E0,-1.E0));
#6484=DIRECTION('',(0.E0,-1.E0,0.E0));
#6485=AXIS2_PLACEMENT_3D('',#6482,#6483,#6484);
#6486=PLANE('3592',#6485);
#6488=ORIENTED_EDGE('4007',*,*,#6487,.F.);
#6489=ORIENTED_EDGE('4010',*,*,#6156,.T.);
#6490=ORIENTED_EDGE('4014',*,*,#6177,.T.);
#6491=ORIENTED_EDGE('4258',*,*,#5511,.F.);
#6492=EDGE_LOOP('3592',(#6488,#6489,#6490,#6491));
#6493=FACE_OUTER_BOUND('3592',#6492,.F.);
#6494=ADVANCED_FACE('3592',(#6493),#6486,.F.);
#6495=CARTESIAN_POINT('',(0.E0,0.E0,0.E0));
#6496=DIRECTION('',(0.E0,1.E0,0.E0));
#6497=DIRECTION('',(1.E0,0.E0,0.E0));
#6498=AXIS2_PLACEMENT_3D('',#6495,#6496,#6497);
#6499=PLANE('3822',#6498);
#6500=ORIENTED_EDGE('4007',*,*,#6487,.T.);
#6501=ORIENTED_EDGE('4260',*,*,#5509,.T.);
#6503=ORIENTED_EDGE('4233',*,*,#6502,.T.);
#6505=ORIENTED_EDGE('4234',*,*,#6504,.T.);
#6507=ORIENTED_EDGE('4252',*,*,#6506,.T.);
#6509=ORIENTED_EDGE('4249',*,*,#6508,.T.);
#6511=ORIENTED_EDGE('4214',*,*,#6510,.T.);
#6513=ORIENTED_EDGE('4227',*,*,#6512,.T.);
#6515=ORIENTED_EDGE('4224',*,*,#6514,.T.);
#6517=ORIENTED_EDGE('4196',*,*,#6516,.T.);
#6519=ORIENTED_EDGE('4209',*,*,#6518,.T.);
#6521=ORIENTED_EDGE('4206',*,*,#6520,.T.);
#6523=ORIENTED_EDGE('4178',*,*,#6522,.T.);
#6525=ORIENTED_EDGE('4191',*,*,#6524,.T.);
#6527=ORIENTED_EDGE('4188',*,*,#6526,.T.);
#6529=ORIENTED_EDGE('4160',*,*,#6528,.T.);
#6531=ORIENTED_EDGE('4173',*,*,#6530,.T.);
#6533=ORIENTED_EDGE('4170',*,*,#6532,.T.);
#6535=ORIENTED_EDGE('4142',*,*,#6534,.T.);
#6537=ORIENTED_EDGE('4155',*,*,#6536,.T.);
#6539=ORIENTED_EDGE('4152',*,*,#6538,.T.);
#6541=ORIENTED_EDGE('4124',*,*,#6540,.T.);
#6543=ORIENTED_EDGE('4137',*,*,#6542,.T.);
#6545=ORIENTED_EDGE('4134',*,*,#6544,.T.);
#6547=ORIENTED_EDGE('4106',*,*,#6546,.T.);
#6549=ORIENTED_EDGE('4119',*,*,#6548,.T.);
#6551=ORIENTED_EDGE('4116',*,*,#6550,.T.);
#6553=ORIENTED_EDGE('4088',*,*,#6552,.T.);
#6555=ORIENTED_EDGE('4101',*,*,#6554,.T.);
#6557=ORIENTED_EDGE('4098',*,*,#6556,.T.);
#6559=ORIENTED_EDGE('4070',*,*,#6558,.T.);
#6561=ORIENTED_EDGE('4083',*,*,#6560,.T.);
#6563=ORIENTED_EDGE('4080',*,*,#6562,.T.);
#6565=ORIENTED_EDGE('4052',*,*,#6564,.T.);
#6567=ORIENTED_EDGE('4065',*,*,#6566,.T.);
#6569=ORIENTED_EDGE('4062',*,*,#6568,.T.);
#6571=ORIENTED_EDGE('4034',*,*,#6570,.T.);
#6573=ORIENTED_EDGE('4047',*,*,#6572,.T.);
#6575=ORIENTED_EDGE('4044',*,*,#6574,.T.);
#6577=ORIENTED_EDGE('4016',*,*,#6576,.T.);
#6579=ORIENTED_EDGE('4029',*,*,#6578,.T.);
#6581=ORIENTED_EDGE('4026',*,*,#6580,.T.);
#6583=ORIENTED_EDGE('3989',*,*,#6582,.T.);
#6585=ORIENTED_EDGE('4002',*,*,#6584,.T.);
#6587=ORIENTED_EDGE('3999',*,*,#6586,.T.);
#6589=ORIENTED_EDGE('3976',*,*,#6588,.T.);
#6591=ORIENTED_EDGE('3973',*,*,#6590,.T.);
#6592=ORIENTED_EDGE('4011',*,*,#6158,.T.);
#6593=EDGE_LOOP('3822',(#6500,#6501,#6503,#6505,#6507,#6509,#6511,#6513,#6515,
#6517,#6519,#6521,#6523,#6525,#6527,#6529,#6531,#6533,#6535,#6537,#6539,#6541,
#6543,#6545,#6547,#6549,#6551,#6553,#6555,#6557,#6559,#6561,#6563,#6565,#6567,
#6569,#6571,#6573,#6575,#6577,#6579,#6581,#6583,#6585,#6587,#6589,#6591,#6592));
#6594=FACE_OUTER_BOUND('3822',#6593,.F.);
#6595=ADVANCED_FACE('3822',(#6594),#6499,.F.);
#6596=CARTESIAN_POINT('',(1.8415E1,0.E0,-1.44E0));
#6597=DIRECTION('',(8.661855860486E-1,0.E0,-4.997224534896E-1));
#6598=DIRECTION('',(-4.997224534896E-1,0.E0,-8.661855860486E-1));
#6599=AXIS2_PLACEMENT_3D('',#6596,#6597,#6598);
#6600=PLANE('3670',#6599);
#6601=ORIENTED_EDGE('4233',*,*,#6502,.F.);
#6602=ORIENTED_EDGE('4244',*,*,#5507,.T.);
#6604=ORIENTED_EDGE('4238',*,*,#6603,.T.);
#6606=ORIENTED_EDGE('4245',*,*,#6605,.F.);
#6607=EDGE_LOOP('3670',(#6601,#6602,#6604,#6606));
#6608=FACE_OUTER_BOUND('3670',#6607,.F.);
#6609=ADVANCED_FACE('3670',(#6608),#6600,.T.);
#6610=CARTESIAN_POINT('',(0.E0,2.5E0,0.E0));
#6611=DIRECTION('',(0.E0,1.E0,0.E0));
#6612=DIRECTION('',(1.E0,0.E0,0.E0));
#6613=AXIS2_PLACEMENT_3D('',#6610,#6611,#6612);
#6614=PLANE('3576',#6613);
#6616=ORIENTED_EDGE('4251',*,*,#6615,.F.);
#6618=ORIENTED_EDGE('4254',*,*,#6617,.F.);
#6620=ORIENTED_EDGE('4239',*,*,#6619,.F.);
#6621=ORIENTED_EDGE('4238',*,*,#6603,.F.);
#6622=ORIENTED_EDGE('4237',*,*,#5505,.F.);
#6623=ORIENTED_EDGE('4236',*,*,#5526,.F.);
#6624=ORIENTED_EDGE('4235',*,*,#5540,.F.);
#6625=ORIENTED_EDGE('4255',*,*,#5553,.F.);
#6626=ORIENTED_EDGE('4250',*,*,#5569,.F.);
#6627=ORIENTED_EDGE('4215',*,*,#5582,.F.);
#6628=ORIENTED_EDGE('4230',*,*,#5595,.F.);
#6629=ORIENTED_EDGE('4225',*,*,#5611,.F.);
#6630=ORIENTED_EDGE('4197',*,*,#5624,.F.);
#6631=ORIENTED_EDGE('4212',*,*,#5637,.F.);
#6632=ORIENTED_EDGE('4207',*,*,#5653,.F.);
#6633=ORIENTED_EDGE('4179',*,*,#5666,.F.);
#6634=ORIENTED_EDGE('4194',*,*,#5679,.F.);
#6635=ORIENTED_EDGE('4189',*,*,#5695,.F.);
#6636=ORIENTED_EDGE('4161',*,*,#5708,.F.);
#6637=ORIENTED_EDGE('4176',*,*,#5721,.F.);
#6638=ORIENTED_EDGE('4171',*,*,#5737,.F.);
#6639=ORIENTED_EDGE('4143',*,*,#5750,.F.);
#6640=ORIENTED_EDGE('4158',*,*,#5763,.F.);
#6641=ORIENTED_EDGE('4153',*,*,#5779,.F.);
#6642=ORIENTED_EDGE('4125',*,*,#5792,.F.);
#6643=ORIENTED_EDGE('4140',*,*,#5805,.F.);
#6644=ORIENTED_EDGE('4135',*,*,#5821,.F.);
#6645=ORIENTED_EDGE('4107',*,*,#5834,.F.);
#6646=ORIENTED_EDGE('4122',*,*,#5847,.F.);
#6647=ORIENTED_EDGE('4117',*,*,#5863,.F.);
#6648=ORIENTED_EDGE('4089',*,*,#5876,.F.);
#6649=ORIENTED_EDGE('4104',*,*,#5889,.F.);
#6650=ORIENTED_EDGE('4099',*,*,#5905,.F.);
#6651=ORIENTED_EDGE('4071',*,*,#5918,.F.);
#6652=ORIENTED_EDGE('4086',*,*,#5931,.F.);
#6653=ORIENTED_EDGE('4081',*,*,#5947,.F.);
#6654=ORIENTED_EDGE('4053',*,*,#5960,.F.);
#6655=ORIENTED_EDGE('4068',*,*,#5973,.F.);
#6656=ORIENTED_EDGE('4063',*,*,#5989,.F.);
#6657=ORIENTED_EDGE('4035',*,*,#6002,.F.);
#6658=ORIENTED_EDGE('4050',*,*,#6015,.F.);
#6659=ORIENTED_EDGE('4045',*,*,#6031,.F.);
#6660=ORIENTED_EDGE('4017',*,*,#6044,.F.);
#6661=ORIENTED_EDGE('4032',*,*,#6057,.F.);
#6662=ORIENTED_EDGE('4027',*,*,#6073,.F.);
#6663=ORIENTED_EDGE('3990',*,*,#6086,.F.);
#6664=ORIENTED_EDGE('4005',*,*,#6099,.F.);
#6665=ORIENTED_EDGE('4000',*,*,#6115,.F.);
#6666=ORIENTED_EDGE('3980',*,*,#6128,.F.);
#6667=ORIENTED_EDGE('3979',*,*,#6142,.F.);
#6668=ORIENTED_EDGE('3978',*,*,#6162,.F.);
#6670=ORIENTED_EDGE('3977',*,*,#6669,.F.);
#6672=ORIENTED_EDGE('3981',*,*,#6671,.F.);
#6674=ORIENTED_EDGE('4001',*,*,#6673,.F.);
#6676=ORIENTED_EDGE('4004',*,*,#6675,.F.);
#6678=ORIENTED_EDGE('3991',*,*,#6677,.F.);
#6680=ORIENTED_EDGE('4028',*,*,#6679,.F.);
#6682=ORIENTED_EDGE('4031',*,*,#6681,.F.);
#6684=ORIENTED_EDGE('4018',*,*,#6683,.F.);
#6686=ORIENTED_EDGE('4046',*,*,#6685,.F.);
#6688=ORIENTED_EDGE('4049',*,*,#6687,.F.);
#6690=ORIENTED_EDGE('4036',*,*,#6689,.F.);
#6692=ORIENTED_EDGE('4064',*,*,#6691,.F.);
#6694=ORIENTED_EDGE('4067',*,*,#6693,.F.);
#6696=ORIENTED_EDGE('4054',*,*,#6695,.F.);
#6698=ORIENTED_EDGE('4082',*,*,#6697,.F.);
#6700=ORIENTED_EDGE('4085',*,*,#6699,.F.);
#6702=ORIENTED_EDGE('4072',*,*,#6701,.F.);
#6704=ORIENTED_EDGE('4100',*,*,#6703,.F.);
#6706=ORIENTED_EDGE('4103',*,*,#6705,.F.);
#6708=ORIENTED_EDGE('4090',*,*,#6707,.F.);
#6710=ORIENTED_EDGE('4118',*,*,#6709,.F.);
#6712=ORIENTED_EDGE('4121',*,*,#6711,.F.);
#6714=ORIENTED_EDGE('4108',*,*,#6713,.F.);
#6716=ORIENTED_EDGE('4136',*,*,#6715,.F.);
#6718=ORIENTED_EDGE('4139',*,*,#6717,.F.);
#6720=ORIENTED_EDGE('4126',*,*,#6719,.F.);
#6722=ORIENTED_EDGE('4154',*,*,#6721,.F.);
#6724=ORIENTED_EDGE('4157',*,*,#6723,.F.);
#6726=ORIENTED_EDGE('4144',*,*,#6725,.F.);
#6728=ORIENTED_EDGE('4172',*,*,#6727,.F.);
#6730=ORIENTED_EDGE('4175',*,*,#6729,.F.);
#6732=ORIENTED_EDGE('4162',*,*,#6731,.F.);
#6734=ORIENTED_EDGE('4190',*,*,#6733,.F.);
#6736=ORIENTED_EDGE('4193',*,*,#6735,.F.);
#6738=ORIENTED_EDGE('4180',*,*,#6737,.F.);
#6740=ORIENTED_EDGE('4208',*,*,#6739,.F.);
#6742=ORIENTED_EDGE('4211',*,*,#6741,.F.);
#6744=ORIENTED_EDGE('4198',*,*,#6743,.F.);
#6746=ORIENTED_EDGE('4226',*,*,#6745,.F.);
#6748=ORIENTED_EDGE('4229',*,*,#6747,.F.);
#6750=ORIENTED_EDGE('4216',*,*,#6749,.F.);
#6751=EDGE_LOOP('3576',(#6616,#6618,#6620,#6621,#6622,#6623,#6624,#6625,#6626,
#6627,#6628,#6629,#6630,#6631,#6632,#6633,#6634,#6635,#6636,#6637,#6638,#6639,
#6640,#6641,#6642,#6643,#6644,#6645,#6646,#6647,#6648,#6649,#6650,#6651,#6652,
#6653,#6654,#6655,#6656,#6657,#6658,#6659,#6660,#6661,#6662,#6663,#6664,#6665,
#6666,#6667,#6668,#6670,#6672,#6674,#6676,#6678,#6680,#6682,#6684,#6686,#6688,
#6690,#6692,#6694,#6696,#6698,#6700,#6702,#6704,#6706,#6708,#6710,#6712,#6714,
#6716,#6718,#6720,#6722,#6724,#6726,#6728,#6730,#6732,#6734,#6736,#6738,#6740,
#6742,#6744,#6746,#6748,#6750));
#6752=FACE_OUTER_BOUND('3576',#6751,.F.);
#6754=ORIENTED_EDGE('4277',*,*,#6753,.T.);
#6756=ORIENTED_EDGE('4278',*,*,#6755,.T.);
#6758=ORIENTED_EDGE('4279',*,*,#6757,.T.);
#6760=ORIENTED_EDGE('4280',*,*,#6759,.T.);
#6761=EDGE_LOOP('3576',(#6754,#6756,#6758,#6760));
#6762=FACE_BOUND('3576',#6761,.F.);
#6764=ORIENTED_EDGE('4281',*,*,#6763,.T.);
#6766=ORIENTED_EDGE('4282',*,*,#6765,.T.);
#6768=ORIENTED_EDGE('4283',*,*,#6767,.T.);
#6770=ORIENTED_EDGE('4284',*,*,#6769,.T.);
#6771=EDGE_LOOP('3576',(#6764,#6766,#6768,#6770));
#6772=FACE_BOUND('3576',#6771,.F.);
#6774=ORIENTED_EDGE('4325',*,*,#6773,.T.);
#6776=ORIENTED_EDGE('4326',*,*,#6775,.T.);
#6778=ORIENTED_EDGE('4327',*,*,#6777,.T.);
#6780=ORIENTED_EDGE('4328',*,*,#6779,.T.);
#6781=EDGE_LOOP('3576',(#6774,#6776,#6778,#6780));
#6782=FACE_BOUND('3576',#6781,.F.);
#6784=ORIENTED_EDGE('4329',*,*,#6783,.T.);
#6786=ORIENTED_EDGE('4330',*,*,#6785,.T.);
#6788=ORIENTED_EDGE('4331',*,*,#6787,.T.);
#6790=ORIENTED_EDGE('4332',*,*,#6789,.T.);
#6791=EDGE_LOOP('3576',(#6784,#6786,#6788,#6790));
#6792=FACE_BOUND('3576',#6791,.F.);
#6794=ORIENTED_EDGE('4373',*,*,#6793,.T.);
#6796=ORIENTED_EDGE('4374',*,*,#6795,.T.);
#6798=ORIENTED_EDGE('4375',*,*,#6797,.T.);
#6800=ORIENTED_EDGE('4376',*,*,#6799,.T.);
#6801=EDGE_LOOP('3576',(#6794,#6796,#6798,#6800));
#6802=FACE_BOUND('3576',#6801,.F.);
#6804=ORIENTED_EDGE('4377',*,*,#6803,.T.);
#6806=ORIENTED_EDGE('4378',*,*,#6805,.T.);
#6808=ORIENTED_EDGE('4379',*,*,#6807,.T.);
#6810=ORIENTED_EDGE('4380',*,*,#6809,.T.);
#6811=EDGE_LOOP('3576',(#6804,#6806,#6808,#6810));
#6812=FACE_BOUND('3576',#6811,.F.);
#6814=ORIENTED_EDGE('4421',*,*,#6813,.T.);
#6816=ORIENTED_EDGE('4422',*,*,#6815,.T.);
#6818=ORIENTED_EDGE('4423',*,*,#6817,.T.);
#6820=ORIENTED_EDGE('4424',*,*,#6819,.T.);
#6821=EDGE_LOOP('3576',(#6814,#6816,#6818,#6820));
#6822=FACE_BOUND('3576',#6821,.F.);
#6824=ORIENTED_EDGE('4425',*,*,#6823,.T.);
#6826=ORIENTED_EDGE('4426',*,*,#6825,.T.);
#6828=ORIENTED_EDGE('4427',*,*,#6827,.T.);
#6830=ORIENTED_EDGE('4428',*,*,#6829,.T.);
#6831=EDGE_LOOP('3576',(#6824,#6826,#6828,#6830));
#6832=FACE_BOUND('3576',#6831,.F.);
#6834=ORIENTED_EDGE('4469',*,*,#6833,.T.);
#6836=ORIENTED_EDGE('4470',*,*,#6835,.T.);
#6838=ORIENTED_EDGE('4471',*,*,#6837,.T.);
#6840=ORIENTED_EDGE('4472',*,*,#6839,.T.);
#6841=EDGE_LOOP('3576',(#6834,#6836,#6838,#6840));
#6842=FACE_BOUND('3576',#6841,.F.);
#6844=ORIENTED_EDGE('4473',*,*,#6843,.T.);
#6846=ORIENTED_EDGE('4474',*,*,#6845,.T.);
#6848=ORIENTED_EDGE('4475',*,*,#6847,.T.);
#6850=ORIENTED_EDGE('4476',*,*,#6849,.T.);
#6851=EDGE_LOOP('3576',(#6844,#6846,#6848,#6850));
#6852=FACE_BOUND('3576',#6851,.F.);
#6854=ORIENTED_EDGE('4517',*,*,#6853,.T.);
#6856=ORIENTED_EDGE('4518',*,*,#6855,.T.);
#6858=ORIENTED_EDGE('4519',*,*,#6857,.T.);
#6860=ORIENTED_EDGE('4520',*,*,#6859,.T.);
#6861=EDGE_LOOP('3576',(#6854,#6856,#6858,#6860));
#6862=FACE_BOUND('3576',#6861,.F.);
#6864=ORIENTED_EDGE('4521',*,*,#6863,.T.);
#6866=ORIENTED_EDGE('4522',*,*,#6865,.T.);
#6868=ORIENTED_EDGE('4523',*,*,#6867,.T.);
#6870=ORIENTED_EDGE('4524',*,*,#6869,.T.);
#6871=EDGE_LOOP('3576',(#6864,#6866,#6868,#6870));
#6872=FACE_BOUND('3576',#6871,.F.);
#6874=ORIENTED_EDGE('4565',*,*,#6873,.T.);
#6876=ORIENTED_EDGE('4566',*,*,#6875,.T.);
#6878=ORIENTED_EDGE('4567',*,*,#6877,.T.);
#6880=ORIENTED_EDGE('4568',*,*,#6879,.T.);
#6881=EDGE_LOOP('3576',(#6874,#6876,#6878,#6880));
#6882=FACE_BOUND('3576',#6881,.F.);
#6884=ORIENTED_EDGE('4569',*,*,#6883,.T.);
#6886=ORIENTED_EDGE('4570',*,*,#6885,.T.);
#6888=ORIENTED_EDGE('4571',*,*,#6887,.T.);
#6890=ORIENTED_EDGE('4572',*,*,#6889,.T.);
#6891=EDGE_LOOP('3576',(#6884,#6886,#6888,#6890));
#6892=FACE_BOUND('3576',#6891,.F.);
#6894=ORIENTED_EDGE('4613',*,*,#6893,.T.);
#6896=ORIENTED_EDGE('4614',*,*,#6895,.T.);
#6898=ORIENTED_EDGE('4615',*,*,#6897,.T.);
#6900=ORIENTED_EDGE('4616',*,*,#6899,.T.);
#6901=EDGE_LOOP('3576',(#6894,#6896,#6898,#6900));
#6902=FACE_BOUND('3576',#6901,.F.);
#6904=ORIENTED_EDGE('4617',*,*,#6903,.T.);
#6906=ORIENTED_EDGE('4618',*,*,#6905,.T.);
#6908=ORIENTED_EDGE('4619',*,*,#6907,.T.);
#6910=ORIENTED_EDGE('4620',*,*,#6909,.T.);
#6911=EDGE_LOOP('3576',(#6904,#6906,#6908,#6910));
#6912=FACE_BOUND('3576',#6911,.F.);
#6914=ORIENTED_EDGE('4661',*,*,#6913,.T.);
#6916=ORIENTED_EDGE('4662',*,*,#6915,.T.);
#6918=ORIENTED_EDGE('4663',*,*,#6917,.T.);
#6920=ORIENTED_EDGE('4664',*,*,#6919,.T.);
#6921=EDGE_LOOP('3576',(#6914,#6916,#6918,#6920));
#6922=FACE_BOUND('3576',#6921,.F.);
#6924=ORIENTED_EDGE('4665',*,*,#6923,.T.);
#6926=ORIENTED_EDGE('4666',*,*,#6925,.T.);
#6928=ORIENTED_EDGE('4667',*,*,#6927,.T.);
#6930=ORIENTED_EDGE('4668',*,*,#6929,.T.);
#6931=EDGE_LOOP('3576',(#6924,#6926,#6928,#6930));
#6932=FACE_BOUND('3576',#6931,.F.);
#6934=ORIENTED_EDGE('4709',*,*,#6933,.T.);
#6936=ORIENTED_EDGE('4710',*,*,#6935,.T.);
#6938=ORIENTED_EDGE('4711',*,*,#6937,.T.);
#6940=ORIENTED_EDGE('4712',*,*,#6939,.T.);
#6941=EDGE_LOOP('3576',(#6934,#6936,#6938,#6940));
#6942=FACE_BOUND('3576',#6941,.F.);
#6944=ORIENTED_EDGE('4713',*,*,#6943,.T.);
#6946=ORIENTED_EDGE('4714',*,*,#6945,.T.);
#6948=ORIENTED_EDGE('4715',*,*,#6947,.T.);
#6950=ORIENTED_EDGE('4716',*,*,#6949,.T.);
#6951=EDGE_LOOP('3576',(#6944,#6946,#6948,#6950));
#6952=FACE_BOUND('3576',#6951,.F.);
#6954=ORIENTED_EDGE('4757',*,*,#6953,.T.);
#6956=ORIENTED_EDGE('4758',*,*,#6955,.T.);
#6958=ORIENTED_EDGE('4759',*,*,#6957,.T.);
#6960=ORIENTED_EDGE('4760',*,*,#6959,.T.);
#6961=EDGE_LOOP('3576',(#6954,#6956,#6958,#6960));
#6962=FACE_BOUND('3576',#6961,.F.);
#6964=ORIENTED_EDGE('4761',*,*,#6963,.T.);
#6966=ORIENTED_EDGE('4762',*,*,#6965,.T.);
#6968=ORIENTED_EDGE('4763',*,*,#6967,.T.);
#6970=ORIENTED_EDGE('4764',*,*,#6969,.T.);
#6971=EDGE_LOOP('3576',(#6964,#6966,#6968,#6970));
#6972=FACE_BOUND('3576',#6971,.F.);
#6974=ORIENTED_EDGE('4805',*,*,#6973,.T.);
#6976=ORIENTED_EDGE('4806',*,*,#6975,.T.);
#6978=ORIENTED_EDGE('4807',*,*,#6977,.T.);
#6980=ORIENTED_EDGE('4808',*,*,#6979,.T.);
#6981=EDGE_LOOP('3576',(#6974,#6976,#6978,#6980));
#6982=FACE_BOUND('3576',#6981,.F.);
#6984=ORIENTED_EDGE('4809',*,*,#6983,.T.);
#6986=ORIENTED_EDGE('4810',*,*,#6985,.T.);
#6988=ORIENTED_EDGE('4811',*,*,#6987,.T.);
#6990=ORIENTED_EDGE('4812',*,*,#6989,.T.);
#6991=EDGE_LOOP('3576',(#6984,#6986,#6988,#6990));
#6992=FACE_BOUND('3576',#6991,.F.);
#6994=ORIENTED_EDGE('4853',*,*,#6993,.T.);
#6996=ORIENTED_EDGE('4854',*,*,#6995,.T.);
#6998=ORIENTED_EDGE('4855',*,*,#6997,.T.);
#7000=ORIENTED_EDGE('4856',*,*,#6999,.T.);
#7001=EDGE_LOOP('3576',(#6994,#6996,#6998,#7000));
#7002=FACE_BOUND('3576',#7001,.F.);
#7004=ORIENTED_EDGE('4857',*,*,#7003,.T.);
#7006=ORIENTED_EDGE('4858',*,*,#7005,.T.);
#7008=ORIENTED_EDGE('4859',*,*,#7007,.T.);
#7010=ORIENTED_EDGE('4860',*,*,#7009,.T.);
#7011=EDGE_LOOP('3576',(#7004,#7006,#7008,#7010));
#7012=FACE_BOUND('3576',#7011,.F.);
#7014=ORIENTED_EDGE('4901',*,*,#7013,.T.);
#7016=ORIENTED_EDGE('4902',*,*,#7015,.T.);
#7018=ORIENTED_EDGE('4903',*,*,#7017,.T.);
#7020=ORIENTED_EDGE('4904',*,*,#7019,.T.);
#7021=EDGE_LOOP('3576',(#7014,#7016,#7018,#7020));
#7022=FACE_BOUND('3576',#7021,.F.);
#7024=ORIENTED_EDGE('4905',*,*,#7023,.T.);
#7026=ORIENTED_EDGE('4906',*,*,#7025,.T.);
#7028=ORIENTED_EDGE('4907',*,*,#7027,.T.);
#7030=ORIENTED_EDGE('4908',*,*,#7029,.T.);
#7031=EDGE_LOOP('3576',(#7024,#7026,#7028,#7030));
#7032=FACE_BOUND('3576',#7031,.F.);
#7034=ORIENTED_EDGE('4949',*,*,#7033,.T.);
#7036=ORIENTED_EDGE('4950',*,*,#7035,.T.);
#7038=ORIENTED_EDGE('4951',*,*,#7037,.T.);
#7040=ORIENTED_EDGE('4952',*,*,#7039,.T.);
#7041=EDGE_LOOP('3576',(#7034,#7036,#7038,#7040));
#7042=FACE_BOUND('3576',#7041,.F.);
#7044=ORIENTED_EDGE('4953',*,*,#7043,.T.);
#7046=ORIENTED_EDGE('4954',*,*,#7045,.T.);
#7048=ORIENTED_EDGE('4955',*,*,#7047,.T.);
#7050=ORIENTED_EDGE('4956',*,*,#7049,.T.);
#7051=EDGE_LOOP('3576',(#7044,#7046,#7048,#7050));
#7052=FACE_BOUND('3576',#7051,.F.);
#7053=ADVANCED_FACE('3576',(#6752,#6762,#6772,#6782,#6792,#6802,#6812,#6822,
#6832,#6842,#6852,#6862,#6872,#6882,#6892,#6902,#6912,#6922,#6932,#6942,#6952,
#6962,#6972,#6982,#6992,#7002,#7012,#7022,#7032,#7042,#7052),#6614,.T.);
#7054=CARTESIAN_POINT('',(1.7145E1,0.E0,-1.44E0));
#7055=DIRECTION('',(8.661855860486E-1,0.E0,-4.997224534896E-1));
#7056=DIRECTION('',(-4.997224534896E-1,0.E0,-8.661855860486E-1));
#7057=AXIS2_PLACEMENT_3D('',#7054,#7055,#7056);
#7058=PLANE('3663',#7057);
#7060=ORIENTED_EDGE('4247',*,*,#7059,.T.);
#7061=ORIENTED_EDGE('4251',*,*,#6615,.T.);
#7063=ORIENTED_EDGE('4220',*,*,#7062,.F.);
#7064=ORIENTED_EDGE('4249',*,*,#6508,.F.);
#7065=EDGE_LOOP('3663',(#7060,#7061,#7063,#7064));
#7066=FACE_OUTER_BOUND('3663',#7065,.F.);
#7067=ADVANCED_FACE('3663',(#7066),#7058,.T.);
#7068=CARTESIAN_POINT('',(1.7295E1,0.E0,-1.7E0));
#7069=DIRECTION('',(-8.661855860486E-1,0.E0,-4.997224534896E-1));
#7070=DIRECTION('',(-4.997224534896E-1,0.E0,8.661855860486E-1));
#7071=AXIS2_PLACEMENT_3D('',#7068,#7069,#7070);
#7072=PLANE('3665',#7071);
#7073=ORIENTED_EDGE('4247',*,*,#7059,.F.);
#7074=ORIENTED_EDGE('4252',*,*,#6506,.F.);
#7076=ORIENTED_EDGE('4240',*,*,#7075,.T.);
#7077=ORIENTED_EDGE('4254',*,*,#6617,.T.);
#7078=EDGE_LOOP('3665',(#7073,#7074,#7076,#7077));
#7079=FACE_OUTER_BOUND('3665',#7078,.F.);
#7080=ADVANCED_FACE('3665',(#7079),#7072,.T.);
#7081=CARTESIAN_POINT('',(1.8265E1,0.E0,-1.7E0));
#7082=DIRECTION('',(0.E0,0.E0,-1.E0));
#7083=DIRECTION('',(-1.E0,0.E0,0.E0));
#7084=AXIS2_PLACEMENT_3D('',#7081,#7082,#7083);
#7085=PLANE('3671',#7084);
#7086=ORIENTED_EDGE('4234',*,*,#6504,.F.);
#7087=ORIENTED_EDGE('4245',*,*,#6605,.T.);
#7088=ORIENTED_EDGE('4239',*,*,#6619,.T.);
#7089=ORIENTED_EDGE('4240',*,*,#7075,.F.);
#7090=EDGE_LOOP('3671',(#7086,#7087,#7088,#7089));
#7091=FACE_OUTER_BOUND('3671',#7090,.F.);
#7092=ADVANCED_FACE('3671',(#7091),#7085,.T.);
#7093=CARTESIAN_POINT('',(1.6995E1,0.E0,-1.7E0));
#7094=DIRECTION('',(0.E0,0.E0,-1.E0));
#7095=DIRECTION('',(-1.E0,0.E0,0.E0));
#7096=AXIS2_PLACEMENT_3D('',#7093,#7094,#7095);
#7097=PLANE('3664',#7096);
#7098=ORIENTED_EDGE('4214',*,*,#6510,.F.);
#7099=ORIENTED_EDGE('4220',*,*,#7062,.T.);
#7100=ORIENTED_EDGE('4216',*,*,#6749,.T.);
#7102=ORIENTED_EDGE('4217',*,*,#7101,.F.);
#7103=EDGE_LOOP('3664',(#7098,#7099,#7100,#7102));
#7104=FACE_OUTER_BOUND('3664',#7103,.F.);
#7105=ADVANCED_FACE('3664',(#7104),#7097,.T.);
#7106=CARTESIAN_POINT('',(1.6025E1,0.E0,-1.7E0));
#7107=DIRECTION('',(-8.661855860486E-1,0.E0,-4.997224534896E-1));
#7108=DIRECTION('',(-4.997224534896E-1,0.E0,8.661855860486E-1));
#7109=AXIS2_PLACEMENT_3D('',#7106,#7107,#7108);
#7110=PLANE('3659',#7109);
#7112=ORIENTED_EDGE('4222',*,*,#7111,.F.);
#7113=ORIENTED_EDGE('4227',*,*,#6512,.F.);
#7114=ORIENTED_EDGE('4217',*,*,#7101,.T.);
#7115=ORIENTED_EDGE('4229',*,*,#6747,.T.);
#7116=EDGE_LOOP('3659',(#7112,#7113,#7114,#7115));
#7117=FACE_OUTER_BOUND('3659',#7116,.F.);
#7118=ADVANCED_FACE('3659',(#7117),#7110,.T.);
#7119=CARTESIAN_POINT('',(1.5875E1,0.E0,-1.44E0));
#7120=DIRECTION('',(8.661855860486E-1,0.E0,-4.997224534896E-1));
#7121=DIRECTION('',(-4.997224534896E-1,0.E0,-8.661855860486E-1));
#7122=AXIS2_PLACEMENT_3D('',#7119,#7120,#7121);
#7123=PLANE('3657',#7122);
#7124=ORIENTED_EDGE('4222',*,*,#7111,.T.);
#7125=ORIENTED_EDGE('4226',*,*,#6745,.T.);
#7127=ORIENTED_EDGE('4202',*,*,#7126,.F.);
#7128=ORIENTED_EDGE('4224',*,*,#6514,.F.);
#7129=EDGE_LOOP('3657',(#7124,#7125,#7127,#7128));
#7130=FACE_OUTER_BOUND('3657',#7129,.F.);
#7131=ADVANCED_FACE('3657',(#7130),#7123,.T.);
#7132=CARTESIAN_POINT('',(1.5725E1,0.E0,-1.7E0));
#7133=DIRECTION('',(0.E0,0.E0,-1.E0));
#7134=DIRECTION('',(-1.E0,0.E0,0.E0));
#7135=AXIS2_PLACEMENT_3D('',#7132,#7133,#7134);
#7136=PLANE('3658',#7135);
#7137=ORIENTED_EDGE('4196',*,*,#6516,.F.);
#7138=ORIENTED_EDGE('4202',*,*,#7126,.T.);
#7139=ORIENTED_EDGE('4198',*,*,#6743,.T.);
#7141=ORIENTED_EDGE('4199',*,*,#7140,.F.);
#7142=EDGE_LOOP('3658',(#7137,#7138,#7139,#7141));
#7143=FACE_OUTER_BOUND('3658',#7142,.F.);
#7144=ADVANCED_FACE('3658',(#7143),#7136,.T.);
#7145=CARTESIAN_POINT('',(1.4755E1,0.E0,-1.7E0));
#7146=DIRECTION('',(-8.661855860486E-1,0.E0,-4.997224534896E-1));
#7147=DIRECTION('',(-4.997224534896E-1,0.E0,8.661855860486E-1));
#7148=AXIS2_PLACEMENT_3D('',#7145,#7146,#7147);
#7149=PLANE('3653',#7148);
#7151=ORIENTED_EDGE('4204',*,*,#7150,.F.);
#7152=ORIENTED_EDGE('4209',*,*,#6518,.F.);
#7153=ORIENTED_EDGE('4199',*,*,#7140,.T.);
#7154=ORIENTED_EDGE('4211',*,*,#6741,.T.);
#7155=EDGE_LOOP('3653',(#7151,#7152,#7153,#7154));
#7156=FACE_OUTER_BOUND('3653',#7155,.F.);
#7157=ADVANCED_FACE('3653',(#7156),#7149,.T.);
#7158=CARTESIAN_POINT('',(1.4605E1,0.E0,-1.44E0));
#7159=DIRECTION('',(8.661855860486E-1,0.E0,-4.997224534896E-1));
#7160=DIRECTION('',(-4.997224534896E-1,0.E0,-8.661855860486E-1));
#7161=AXIS2_PLACEMENT_3D('',#7158,#7159,#7160);
#7162=PLANE('3651',#7161);
#7163=ORIENTED_EDGE('4204',*,*,#7150,.T.);
#7164=ORIENTED_EDGE('4208',*,*,#6739,.T.);
#7166=ORIENTED_EDGE('4184',*,*,#7165,.F.);
#7167=ORIENTED_EDGE('4206',*,*,#6520,.F.);
#7168=EDGE_LOOP('3651',(#7163,#7164,#7166,#7167));
#7169=FACE_OUTER_BOUND('3651',#7168,.F.);
#7170=ADVANCED_FACE('3651',(#7169),#7162,.T.);
#7171=CARTESIAN_POINT('',(1.4455E1,0.E0,-1.7E0));
#7172=DIRECTION('',(0.E0,0.E0,-1.E0));
#7173=DIRECTION('',(-1.E0,0.E0,0.E0));
#7174=AXIS2_PLACEMENT_3D('',#7171,#7172,#7173);
#7175=PLANE('3652',#7174);
#7176=ORIENTED_EDGE('4178',*,*,#6522,.F.);
#7177=ORIENTED_EDGE('4184',*,*,#7165,.T.);
#7178=ORIENTED_EDGE('4180',*,*,#6737,.T.);
#7180=ORIENTED_EDGE('4181',*,*,#7179,.F.);
#7181=EDGE_LOOP('3652',(#7176,#7177,#7178,#7180));
#7182=FACE_OUTER_BOUND('3652',#7181,.F.);
#7183=ADVANCED_FACE('3652',(#7182),#7175,.T.);
#7184=CARTESIAN_POINT('',(1.3485E1,0.E0,-1.7E0));
#7185=DIRECTION('',(-8.661855860486E-1,0.E0,-4.997224534896E-1));
#7186=DIRECTION('',(-4.997224534896E-1,0.E0,8.661855860486E-1));
#7187=AXIS2_PLACEMENT_3D('',#7184,#7185,#7186);
#7188=PLANE('3647',#7187);
#7190=ORIENTED_EDGE('4186',*,*,#7189,.F.);
#7191=ORIENTED_EDGE('4191',*,*,#6524,.F.);
#7192=ORIENTED_EDGE('4181',*,*,#7179,.T.);
#7193=ORIENTED_EDGE('4193',*,*,#6735,.T.);
#7194=EDGE_LOOP('3647',(#7190,#7191,#7192,#7193));
#7195=FACE_OUTER_BOUND('3647',#7194,.F.);
#7196=ADVANCED_FACE('3647',(#7195),#7188,.T.);
#7197=CARTESIAN_POINT('',(1.3335E1,0.E0,-1.44E0));
#7198=DIRECTION('',(8.661855860486E-1,0.E0,-4.997224534896E-1));
#7199=DIRECTION('',(-4.997224534896E-1,0.E0,-8.661855860486E-1));
#7200=AXIS2_PLACEMENT_3D('',#7197,#7198,#7199);
#7201=PLANE('3645',#7200);
#7202=ORIENTED_EDGE('4186',*,*,#7189,.T.);
#7203=ORIENTED_EDGE('4190',*,*,#6733,.T.);
#7205=ORIENTED_EDGE('4166',*,*,#7204,.F.);
#7206=ORIENTED_EDGE('4188',*,*,#6526,.F.);
#7207=EDGE_LOOP('3645',(#7202,#7203,#7205,#7206));
#7208=FACE_OUTER_BOUND('3645',#7207,.F.);
#7209=ADVANCED_FACE('3645',(#7208),#7201,.T.);
#7210=CARTESIAN_POINT('',(1.3185E1,0.E0,-1.7E0));
#7211=DIRECTION('',(0.E0,0.E0,-1.E0));
#7212=DIRECTION('',(-1.E0,0.E0,0.E0));
#7213=AXIS2_PLACEMENT_3D('',#7210,#7211,#7212);
#7214=PLANE('3646',#7213);
#7215=ORIENTED_EDGE('4160',*,*,#6528,.F.);
#7216=ORIENTED_EDGE('4166',*,*,#7204,.T.);
#7217=ORIENTED_EDGE('4162',*,*,#6731,.T.);
#7219=ORIENTED_EDGE('4163',*,*,#7218,.F.);
#7220=EDGE_LOOP('3646',(#7215,#7216,#7217,#7219));
#7221=FACE_OUTER_BOUND('3646',#7220,.F.);
#7222=ADVANCED_FACE('3646',(#7221),#7214,.T.);
#7223=CARTESIAN_POINT('',(1.2215E1,0.E0,-1.7E0));
#7224=DIRECTION('',(-8.661855860486E-1,0.E0,-4.997224534896E-1));
#7225=DIRECTION('',(-4.997224534896E-1,0.E0,8.661855860486E-1));
#7226=AXIS2_PLACEMENT_3D('',#7223,#7224,#7225);
#7227=PLANE('3641',#7226);
#7229=ORIENTED_EDGE('4168',*,*,#7228,.F.);
#7230=ORIENTED_EDGE('4173',*,*,#6530,.F.);
#7231=ORIENTED_EDGE('4163',*,*,#7218,.T.);
#7232=ORIENTED_EDGE('4175',*,*,#6729,.T.);
#7233=EDGE_LOOP('3641',(#7229,#7230,#7231,#7232));
#7234=FACE_OUTER_BOUND('3641',#7233,.F.);
#7235=ADVANCED_FACE('3641',(#7234),#7227,.T.);
#7236=CARTESIAN_POINT('',(1.2065E1,0.E0,-1.44E0));
#7237=DIRECTION('',(8.661855860486E-1,0.E0,-4.997224534896E-1));
#7238=DIRECTION('',(-4.997224534896E-1,0.E0,-8.661855860486E-1));
#7239=AXIS2_PLACEMENT_3D('',#7236,#7237,#7238);
#7240=PLANE('3639',#7239);
#7241=ORIENTED_EDGE('4168',*,*,#7228,.T.);
#7242=ORIENTED_EDGE('4172',*,*,#6727,.T.);
#7244=ORIENTED_EDGE('4148',*,*,#7243,.F.);
#7245=ORIENTED_EDGE('4170',*,*,#6532,.F.);
#7246=EDGE_LOOP('3639',(#7241,#7242,#7244,#7245));
#7247=FACE_OUTER_BOUND('3639',#7246,.F.);
#7248=ADVANCED_FACE('3639',(#7247),#7240,.T.);
#7249=CARTESIAN_POINT('',(1.1915E1,0.E0,-1.7E0));
#7250=DIRECTION('',(0.E0,0.E0,-1.E0));
#7251=DIRECTION('',(-1.E0,0.E0,0.E0));
#7252=AXIS2_PLACEMENT_3D('',#7249,#7250,#7251);
#7253=PLANE('3640',#7252);
#7254=ORIENTED_EDGE('4142',*,*,#6534,.F.);
#7255=ORIENTED_EDGE('4148',*,*,#7243,.T.);
#7256=ORIENTED_EDGE('4144',*,*,#6725,.T.);
#7258=ORIENTED_EDGE('4145',*,*,#7257,.F.);
#7259=EDGE_LOOP('3640',(#7254,#7255,#7256,#7258));
#7260=FACE_OUTER_BOUND('3640',#7259,.F.);
#7261=ADVANCED_FACE('3640',(#7260),#7253,.T.);
#7262=CARTESIAN_POINT('',(1.0945E1,0.E0,-1.7E0));
#7263=DIRECTION('',(-8.661855860486E-1,0.E0,-4.997224534896E-1));
#7264=DIRECTION('',(-4.997224534896E-1,0.E0,8.661855860486E-1));
#7265=AXIS2_PLACEMENT_3D('',#7262,#7263,#7264);
#7266=PLANE('3635',#7265);
#7268=ORIENTED_EDGE('4150',*,*,#7267,.F.);
#7269=ORIENTED_EDGE('4155',*,*,#6536,.F.);
#7270=ORIENTED_EDGE('4145',*,*,#7257,.T.);
#7271=ORIENTED_EDGE('4157',*,*,#6723,.T.);
#7272=EDGE_LOOP('3635',(#7268,#7269,#7270,#7271));
#7273=FACE_OUTER_BOUND('3635',#7272,.F.);
#7274=ADVANCED_FACE('3635',(#7273),#7266,.T.);
#7275=CARTESIAN_POINT('',(1.0795E1,0.E0,-1.44E0));
#7276=DIRECTION('',(8.661855860486E-1,0.E0,-4.997224534896E-1));
#7277=DIRECTION('',(-4.997224534896E-1,0.E0,-8.661855860486E-1));
#7278=AXIS2_PLACEMENT_3D('',#7275,#7276,#7277);
#7279=PLANE('3633',#7278);
#7280=ORIENTED_EDGE('4150',*,*,#7267,.T.);
#7281=ORIENTED_EDGE('4154',*,*,#6721,.T.);
#7283=ORIENTED_EDGE('4130',*,*,#7282,.F.);
#7284=ORIENTED_EDGE('4152',*,*,#6538,.F.);
#7285=EDGE_LOOP('3633',(#7280,#7281,#7283,#7284));
#7286=FACE_OUTER_BOUND('3633',#7285,.F.);
#7287=ADVANCED_FACE('3633',(#7286),#7279,.T.);
#7288=CARTESIAN_POINT('',(1.0645E1,0.E0,-1.7E0));
#7289=DIRECTION('',(0.E0,0.E0,-1.E0));
#7290=DIRECTION('',(-1.E0,0.E0,0.E0));
#7291=AXIS2_PLACEMENT_3D('',#7288,#7289,#7290);
#7292=PLANE('3634',#7291);
#7293=ORIENTED_EDGE('4124',*,*,#6540,.F.);
#7294=ORIENTED_EDGE('4130',*,*,#7282,.T.);
#7295=ORIENTED_EDGE('4126',*,*,#6719,.T.);
#7297=ORIENTED_EDGE('4127',*,*,#7296,.F.);
#7298=EDGE_LOOP('3634',(#7293,#7294,#7295,#7297));
#7299=FACE_OUTER_BOUND('3634',#7298,.F.);
#7300=ADVANCED_FACE('3634',(#7299),#7292,.T.);
#7301=CARTESIAN_POINT('',(9.675E0,0.E0,-1.7E0));
#7302=DIRECTION('',(-8.661855860486E-1,0.E0,-4.997224534896E-1));
#7303=DIRECTION('',(-4.997224534896E-1,0.E0,8.661855860486E-1));
#7304=AXIS2_PLACEMENT_3D('',#7301,#7302,#7303);
#7305=PLANE('3629',#7304);
#7307=ORIENTED_EDGE('4132',*,*,#7306,.F.);
#7308=ORIENTED_EDGE('4137',*,*,#6542,.F.);
#7309=ORIENTED_EDGE('4127',*,*,#7296,.T.);
#7310=ORIENTED_EDGE('4139',*,*,#6717,.T.);
#7311=EDGE_LOOP('3629',(#7307,#7308,#7309,#7310));
#7312=FACE_OUTER_BOUND('3629',#7311,.F.);
#7313=ADVANCED_FACE('3629',(#7312),#7305,.T.);
#7314=CARTESIAN_POINT('',(9.525E0,0.E0,-1.44E0));
#7315=DIRECTION('',(8.661855860486E-1,0.E0,-4.997224534896E-1));
#7316=DIRECTION('',(-4.997224534896E-1,0.E0,-8.661855860486E-1));
#7317=AXIS2_PLACEMENT_3D('',#7314,#7315,#7316);
#7318=PLANE('3627',#7317);
#7319=ORIENTED_EDGE('4132',*,*,#7306,.T.);
#7320=ORIENTED_EDGE('4136',*,*,#6715,.T.);
#7322=ORIENTED_EDGE('4112',*,*,#7321,.F.);
#7323=ORIENTED_EDGE('4134',*,*,#6544,.F.);
#7324=EDGE_LOOP('3627',(#7319,#7320,#7322,#7323));
#7325=FACE_OUTER_BOUND('3627',#7324,.F.);
#7326=ADVANCED_FACE('3627',(#7325),#7318,.T.);
#7327=CARTESIAN_POINT('',(9.375E0,0.E0,-1.7E0));
#7328=DIRECTION('',(0.E0,0.E0,-1.E0));
#7329=DIRECTION('',(-1.E0,0.E0,0.E0));
#7330=AXIS2_PLACEMENT_3D('',#7327,#7328,#7329);
#7331=PLANE('3628',#7330);
#7332=ORIENTED_EDGE('4106',*,*,#6546,.F.);
#7333=ORIENTED_EDGE('4112',*,*,#7321,.T.);
#7334=ORIENTED_EDGE('4108',*,*,#6713,.T.);
#7336=ORIENTED_EDGE('4109',*,*,#7335,.F.);
#7337=EDGE_LOOP('3628',(#7332,#7333,#7334,#7336));
#7338=FACE_OUTER_BOUND('3628',#7337,.F.);
#7339=ADVANCED_FACE('3628',(#7338),#7331,.T.);
#7340=CARTESIAN_POINT('',(8.405E0,0.E0,-1.7E0));
#7341=DIRECTION('',(-8.661855860486E-1,0.E0,-4.997224534896E-1));
#7342=DIRECTION('',(-4.997224534896E-1,0.E0,8.661855860486E-1));
#7343=AXIS2_PLACEMENT_3D('',#7340,#7341,#7342);
#7344=PLANE('3623',#7343);
#7346=ORIENTED_EDGE('4114',*,*,#7345,.F.);
#7347=ORIENTED_EDGE('4119',*,*,#6548,.F.);
#7348=ORIENTED_EDGE('4109',*,*,#7335,.T.);
#7349=ORIENTED_EDGE('4121',*,*,#6711,.T.);
#7350=EDGE_LOOP('3623',(#7346,#7347,#7348,#7349));
#7351=FACE_OUTER_BOUND('3623',#7350,.F.);
#7352=ADVANCED_FACE('3623',(#7351),#7344,.T.);
#7353=CARTESIAN_POINT('',(8.255E0,0.E0,-1.44E0));
#7354=DIRECTION('',(8.661855860486E-1,0.E0,-4.997224534896E-1));
#7355=DIRECTION('',(-4.997224534896E-1,0.E0,-8.661855860486E-1));
#7356=AXIS2_PLACEMENT_3D('',#7353,#7354,#7355);
#7357=PLANE('3621',#7356);
#7358=ORIENTED_EDGE('4114',*,*,#7345,.T.);
#7359=ORIENTED_EDGE('4118',*,*,#6709,.T.);
#7361=ORIENTED_EDGE('4094',*,*,#7360,.F.);
#7362=ORIENTED_EDGE('4116',*,*,#6550,.F.);
#7363=EDGE_LOOP('3621',(#7358,#7359,#7361,#7362));
#7364=FACE_OUTER_BOUND('3621',#7363,.F.);
#7365=ADVANCED_FACE('3621',(#7364),#7357,.T.);
#7366=CARTESIAN_POINT('',(8.105E0,0.E0,-1.7E0));
#7367=DIRECTION('',(0.E0,0.E0,-1.E0));
#7368=DIRECTION('',(-1.E0,0.E0,0.E0));
#7369=AXIS2_PLACEMENT_3D('',#7366,#7367,#7368);
#7370=PLANE('3622',#7369);
#7371=ORIENTED_EDGE('4088',*,*,#6552,.F.);
#7372=ORIENTED_EDGE('4094',*,*,#7360,.T.);
#7373=ORIENTED_EDGE('4090',*,*,#6707,.T.);
#7375=ORIENTED_EDGE('4091',*,*,#7374,.F.);
#7376=EDGE_LOOP('3622',(#7371,#7372,#7373,#7375));
#7377=FACE_OUTER_BOUND('3622',#7376,.F.);
#7378=ADVANCED_FACE('3622',(#7377),#7370,.T.);
#7379=CARTESIAN_POINT('',(7.135E0,0.E0,-1.7E0));
#7380=DIRECTION('',(-8.661855860486E-1,0.E0,-4.997224534896E-1));
#7381=DIRECTION('',(-4.997224534896E-1,0.E0,8.661855860486E-1));
#7382=AXIS2_PLACEMENT_3D('',#7379,#7380,#7381);
#7383=PLANE('3617',#7382);
#7385=ORIENTED_EDGE('4096',*,*,#7384,.F.);
#7386=ORIENTED_EDGE('4101',*,*,#6554,.F.);
#7387=ORIENTED_EDGE('4091',*,*,#7374,.T.);
#7388=ORIENTED_EDGE('4103',*,*,#6705,.T.);
#7389=EDGE_LOOP('3617',(#7385,#7386,#7387,#7388));
#7390=FACE_OUTER_BOUND('3617',#7389,.F.);
#7391=ADVANCED_FACE('3617',(#7390),#7383,.T.);
#7392=CARTESIAN_POINT('',(6.985E0,0.E0,-1.44E0));
#7393=DIRECTION('',(8.661855860486E-1,0.E0,-4.997224534896E-1));
#7394=DIRECTION('',(-4.997224534896E-1,0.E0,-8.661855860486E-1));
#7395=AXIS2_PLACEMENT_3D('',#7392,#7393,#7394);
#7396=PLANE('3615',#7395);
#7397=ORIENTED_EDGE('4096',*,*,#7384,.T.);
#7398=ORIENTED_EDGE('4100',*,*,#6703,.T.);
#7400=ORIENTED_EDGE('4076',*,*,#7399,.F.);
#7401=ORIENTED_EDGE('4098',*,*,#6556,.F.);
#7402=EDGE_LOOP('3615',(#7397,#7398,#7400,#7401));
#7403=FACE_OUTER_BOUND('3615',#7402,.F.);
#7404=ADVANCED_FACE('3615',(#7403),#7396,.T.);
#7405=CARTESIAN_POINT('',(6.835E0,0.E0,-1.7E0));
#7406=DIRECTION('',(0.E0,0.E0,-1.E0));
#7407=DIRECTION('',(-1.E0,0.E0,0.E0));
#7408=AXIS2_PLACEMENT_3D('',#7405,#7406,#7407);
#7409=PLANE('3616',#7408);
#7410=ORIENTED_EDGE('4070',*,*,#6558,.F.);
#7411=ORIENTED_EDGE('4076',*,*,#7399,.T.);
#7412=ORIENTED_EDGE('4072',*,*,#6701,.T.);
#7414=ORIENTED_EDGE('4073',*,*,#7413,.F.);
#7415=EDGE_LOOP('3616',(#7410,#7411,#7412,#7414));
#7416=FACE_OUTER_BOUND('3616',#7415,.F.);
#7417=ADVANCED_FACE('3616',(#7416),#7409,.T.);
#7418=CARTESIAN_POINT('',(5.865E0,0.E0,-1.7E0));
#7419=DIRECTION('',(-8.661855860486E-1,0.E0,-4.997224534896E-1));
#7420=DIRECTION('',(-4.997224534896E-1,0.E0,8.661855860486E-1));
#7421=AXIS2_PLACEMENT_3D('',#7418,#7419,#7420);
#7422=PLANE('3611',#7421);
#7424=ORIENTED_EDGE('4078',*,*,#7423,.F.);
#7425=ORIENTED_EDGE('4083',*,*,#6560,.F.);
#7426=ORIENTED_EDGE('4073',*,*,#7413,.T.);
#7427=ORIENTED_EDGE('4085',*,*,#6699,.T.);
#7428=EDGE_LOOP('3611',(#7424,#7425,#7426,#7427));
#7429=FACE_OUTER_BOUND('3611',#7428,.F.);
#7430=ADVANCED_FACE('3611',(#7429),#7422,.T.);
#7431=CARTESIAN_POINT('',(5.715E0,0.E0,-1.44E0));
#7432=DIRECTION('',(8.661855860486E-1,0.E0,-4.997224534896E-1));
#7433=DIRECTION('',(-4.997224534896E-1,0.E0,-8.661855860486E-1));
#7434=AXIS2_PLACEMENT_3D('',#7431,#7432,#7433);
#7435=PLANE('3609',#7434);
#7436=ORIENTED_EDGE('4078',*,*,#7423,.T.);
#7437=ORIENTED_EDGE('4082',*,*,#6697,.T.);
#7439=ORIENTED_EDGE('4058',*,*,#7438,.F.);
#7440=ORIENTED_EDGE('4080',*,*,#6562,.F.);
#7441=EDGE_LOOP('3609',(#7436,#7437,#7439,#7440));
#7442=FACE_OUTER_BOUND('3609',#7441,.F.);
#7443=ADVANCED_FACE('3609',(#7442),#7435,.T.);
#7444=CARTESIAN_POINT('',(5.565E0,0.E0,-1.7E0));
#7445=DIRECTION('',(0.E0,0.E0,-1.E0));
#7446=DIRECTION('',(-1.E0,0.E0,0.E0));
#7447=AXIS2_PLACEMENT_3D('',#7444,#7445,#7446);
#7448=PLANE('3610',#7447);
#7449=ORIENTED_EDGE('4052',*,*,#6564,.F.);
#7450=ORIENTED_EDGE('4058',*,*,#7438,.T.);
#7451=ORIENTED_EDGE('4054',*,*,#6695,.T.);
#7453=ORIENTED_EDGE('4055',*,*,#7452,.F.);
#7454=EDGE_LOOP('3610',(#7449,#7450,#7451,#7453));
#7455=FACE_OUTER_BOUND('3610',#7454,.F.);
#7456=ADVANCED_FACE('3610',(#7455),#7448,.T.);
#7457=CARTESIAN_POINT('',(4.595E0,0.E0,-1.7E0));
#7458=DIRECTION('',(-8.661855860486E-1,0.E0,-4.997224534896E-1));
#7459=DIRECTION('',(-4.997224534896E-1,0.E0,8.661855860486E-1));
#7460=AXIS2_PLACEMENT_3D('',#7457,#7458,#7459);
#7461=PLANE('3605',#7460);
#7463=ORIENTED_EDGE('4060',*,*,#7462,.F.);
#7464=ORIENTED_EDGE('4065',*,*,#6566,.F.);
#7465=ORIENTED_EDGE('4055',*,*,#7452,.T.);
#7466=ORIENTED_EDGE('4067',*,*,#6693,.T.);
#7467=EDGE_LOOP('3605',(#7463,#7464,#7465,#7466));
#7468=FACE_OUTER_BOUND('3605',#7467,.F.);
#7469=ADVANCED_FACE('3605',(#7468),#7461,.T.);
#7470=CARTESIAN_POINT('',(4.445E0,0.E0,-1.44E0));
#7471=DIRECTION('',(8.661855860486E-1,0.E0,-4.997224534896E-1));
#7472=DIRECTION('',(-4.997224534896E-1,0.E0,-8.661855860486E-1));
#7473=AXIS2_PLACEMENT_3D('',#7470,#7471,#7472);
#7474=PLANE('3603',#7473);
#7475=ORIENTED_EDGE('4060',*,*,#7462,.T.);
#7476=ORIENTED_EDGE('4064',*,*,#6691,.T.);
#7478=ORIENTED_EDGE('4040',*,*,#7477,.F.);
#7479=ORIENTED_EDGE('4062',*,*,#6568,.F.);
#7480=EDGE_LOOP('3603',(#7475,#7476,#7478,#7479));
#7481=FACE_OUTER_BOUND('3603',#7480,.F.);
#7482=ADVANCED_FACE('3603',(#7481),#7474,.T.);
#7483=CARTESIAN_POINT('',(4.295E0,0.E0,-1.7E0));
#7484=DIRECTION('',(0.E0,0.E0,-1.E0));
#7485=DIRECTION('',(-1.E0,0.E0,0.E0));
#7486=AXIS2_PLACEMENT_3D('',#7483,#7484,#7485);
#7487=PLANE('3604',#7486);
#7488=ORIENTED_EDGE('4034',*,*,#6570,.F.);
#7489=ORIENTED_EDGE('4040',*,*,#7477,.T.);
#7490=ORIENTED_EDGE('4036',*,*,#6689,.T.);
#7492=ORIENTED_EDGE('4037',*,*,#7491,.F.);
#7493=EDGE_LOOP('3604',(#7488,#7489,#7490,#7492));
#7494=FACE_OUTER_BOUND('3604',#7493,.F.);
#7495=ADVANCED_FACE('3604',(#7494),#7487,.T.);
#7496=CARTESIAN_POINT('',(3.325E0,0.E0,-1.7E0));
#7497=DIRECTION('',(-8.661855860486E-1,0.E0,-4.997224534896E-1));
#7498=DIRECTION('',(-4.997224534896E-1,0.E0,8.661855860486E-1));
#7499=AXIS2_PLACEMENT_3D('',#7496,#7497,#7498);
#7500=PLANE('3599',#7499);
#7502=ORIENTED_EDGE('4042',*,*,#7501,.F.);
#7503=ORIENTED_EDGE('4047',*,*,#6572,.F.);
#7504=ORIENTED_EDGE('4037',*,*,#7491,.T.);
#7505=ORIENTED_EDGE('4049',*,*,#6687,.T.);
#7506=EDGE_LOOP('3599',(#7502,#7503,#7504,#7505));
#7507=FACE_OUTER_BOUND('3599',#7506,.F.);
#7508=ADVANCED_FACE('3599',(#7507),#7500,.T.);
#7509=CARTESIAN_POINT('',(3.175E0,0.E0,-1.44E0));
#7510=DIRECTION('',(8.661855860486E-1,0.E0,-4.997224534896E-1));
#7511=DIRECTION('',(-4.997224534896E-1,0.E0,-8.661855860486E-1));
#7512=AXIS2_PLACEMENT_3D('',#7509,#7510,#7511);
#7513=PLANE('3597',#7512);
#7514=ORIENTED_EDGE('4042',*,*,#7501,.T.);
#7515=ORIENTED_EDGE('4046',*,*,#6685,.T.);
#7517=ORIENTED_EDGE('4022',*,*,#7516,.F.);
#7518=ORIENTED_EDGE('4044',*,*,#6574,.F.);
#7519=EDGE_LOOP('3597',(#7514,#7515,#7517,#7518));
#7520=FACE_OUTER_BOUND('3597',#7519,.F.);
#7521=ADVANCED_FACE('3597',(#7520),#7513,.T.);
#7522=CARTESIAN_POINT('',(3.025E0,0.E0,-1.7E0));
#7523=DIRECTION('',(0.E0,0.E0,-1.E0));
#7524=DIRECTION('',(-1.E0,0.E0,0.E0));
#7525=AXIS2_PLACEMENT_3D('',#7522,#7523,#7524);
#7526=PLANE('3598',#7525);
#7527=ORIENTED_EDGE('4016',*,*,#6576,.F.);
#7528=ORIENTED_EDGE('4022',*,*,#7516,.T.);
#7529=ORIENTED_EDGE('4018',*,*,#6683,.T.);
#7531=ORIENTED_EDGE('4019',*,*,#7530,.F.);
#7532=EDGE_LOOP('3598',(#7527,#7528,#7529,#7531));
#7533=FACE_OUTER_BOUND('3598',#7532,.F.);
#7534=ADVANCED_FACE('3598',(#7533),#7526,.T.);
#7535=CARTESIAN_POINT('',(2.055E0,0.E0,-1.7E0));
#7536=DIRECTION('',(-8.661855860486E-1,0.E0,-4.997224534896E-1));
#7537=DIRECTION('',(-4.997224534896E-1,0.E0,8.661855860486E-1));
#7538=AXIS2_PLACEMENT_3D('',#7535,#7536,#7537);
#7539=PLANE('3593',#7538);
#7541=ORIENTED_EDGE('4024',*,*,#7540,.F.);
#7542=ORIENTED_EDGE('4029',*,*,#6578,.F.);
#7543=ORIENTED_EDGE('4019',*,*,#7530,.T.);
#7544=ORIENTED_EDGE('4031',*,*,#6681,.T.);
#7545=EDGE_LOOP('3593',(#7541,#7542,#7543,#7544));
#7546=FACE_OUTER_BOUND('3593',#7545,.F.);
#7547=ADVANCED_FACE('3593',(#7546),#7539,.T.);
#7548=CARTESIAN_POINT('',(1.905E0,0.E0,-1.44E0));
#7549=DIRECTION('',(8.661855860486E-1,0.E0,-4.997224534896E-1));
#7550=DIRECTION('',(-4.997224534896E-1,0.E0,-8.661855860486E-1));
#7551=AXIS2_PLACEMENT_3D('',#7548,#7549,#7550);
#7552=PLANE('3588',#7551);
#7553=ORIENTED_EDGE('4024',*,*,#7540,.T.);
#7554=ORIENTED_EDGE('4028',*,*,#6679,.T.);
#7556=ORIENTED_EDGE('3995',*,*,#7555,.F.);
#7557=ORIENTED_EDGE('4026',*,*,#6580,.F.);
#7558=EDGE_LOOP('3588',(#7553,#7554,#7556,#7557));
#7559=FACE_OUTER_BOUND('3588',#7558,.F.);
#7560=ADVANCED_FACE('3588',(#7559),#7552,.T.);
#7561=CARTESIAN_POINT('',(1.755E0,0.E0,-1.7E0));
#7562=DIRECTION('',(0.E0,0.E0,-1.E0));
#7563=DIRECTION('',(-1.E0,0.E0,0.E0));
#7564=AXIS2_PLACEMENT_3D('',#7561,#7562,#7563);
#7565=PLANE('3589',#7564);
#7566=ORIENTED_EDGE('3989',*,*,#6582,.F.);
#7567=ORIENTED_EDGE('3995',*,*,#7555,.T.);
#7568=ORIENTED_EDGE('3991',*,*,#6677,.T.);
#7570=ORIENTED_EDGE('3992',*,*,#7569,.F.);
#7571=EDGE_LOOP('3589',(#7566,#7567,#7568,#7570));
#7572=FACE_OUTER_BOUND('3589',#7571,.F.);
#7573=ADVANCED_FACE('3589',(#7572),#7565,.T.);
#7574=CARTESIAN_POINT('',(7.85E-1,0.E0,-1.7E0));
#7575=DIRECTION('',(-8.661855860486E-1,0.E0,-4.997224534896E-1));
#7576=DIRECTION('',(-4.997224534896E-1,0.E0,8.661855860486E-1));
#7577=AXIS2_PLACEMENT_3D('',#7574,#7575,#7576);
#7578=PLANE('3584',#7577);
#7580=ORIENTED_EDGE('3997',*,*,#7579,.F.);
#7581=ORIENTED_EDGE('4002',*,*,#6584,.F.);
#7582=ORIENTED_EDGE('3992',*,*,#7569,.T.);
#7583=ORIENTED_EDGE('4004',*,*,#6675,.T.);
#7584=EDGE_LOOP('3584',(#7580,#7581,#7582,#7583));
#7585=FACE_OUTER_BOUND('3584',#7584,.F.);
#7586=ADVANCED_FACE('3584',(#7585),#7578,.T.);
#7587=CARTESIAN_POINT('',(6.35E-1,0.E0,-1.44E0));
#7588=DIRECTION('',(8.661855860486E-1,0.E0,-4.997224534896E-1));
#7589=DIRECTION('',(-4.997224534896E-1,0.E0,-8.661855860486E-1));
#7590=AXIS2_PLACEMENT_3D('',#7587,#7588,#7589);
#7591=PLANE('3582',#7590);
#7592=ORIENTED_EDGE('3997',*,*,#7579,.T.);
#7593=ORIENTED_EDGE('4001',*,*,#6673,.T.);
#7595=ORIENTED_EDGE('3987',*,*,#7594,.F.);
#7596=ORIENTED_EDGE('3999',*,*,#6586,.F.);
#7597=EDGE_LOOP('3582',(#7592,#7593,#7595,#7596));
#7598=FACE_OUTER_BOUND('3582',#7597,.F.);
#7599=ADVANCED_FACE('3582',(#7598),#7591,.T.);
#7600=CARTESIAN_POINT('',(4.85E-1,0.E0,-1.7E0));
#7601=DIRECTION('',(0.E0,0.E0,-1.E0));
#7602=DIRECTION('',(-1.E0,0.E0,0.E0));
#7603=AXIS2_PLACEMENT_3D('',#7600,#7601,#7602);
#7604=PLANE('3583',#7603);
#7605=ORIENTED_EDGE('3976',*,*,#6588,.F.);
#7606=ORIENTED_EDGE('3987',*,*,#7594,.T.);
#7607=ORIENTED_EDGE('3981',*,*,#6671,.T.);
#7609=ORIENTED_EDGE('3982',*,*,#7608,.F.);
#7610=EDGE_LOOP('3583',(#7605,#7606,#7607,#7609));
#7611=FACE_OUTER_BOUND('3583',#7610,.F.);
#7612=ADVANCED_FACE('3583',(#7611),#7604,.T.);
#7613=CARTESIAN_POINT('',(-4.85E-1,0.E0,-1.7E0));
#7614=DIRECTION('',(-8.661855860486E-1,0.E0,-4.997224534896E-1));
#7615=DIRECTION('',(-4.997224534896E-1,0.E0,8.661855860486E-1));
#7616=AXIS2_PLACEMENT_3D('',#7613,#7614,#7615);
#7617=PLANE('3577',#7616);
#7618=ORIENTED_EDGE('3973',*,*,#6590,.F.);
#7619=ORIENTED_EDGE('3982',*,*,#7608,.T.);
#7620=ORIENTED_EDGE('3977',*,*,#6669,.T.);
#7621=ORIENTED_EDGE('3983',*,*,#6160,.F.);
#7622=EDGE_LOOP('3577',(#7618,#7619,#7620,#7621));
#7623=FACE_OUTER_BOUND('3577',#7622,.F.);
#7624=ADVANCED_FACE('3577',(#7623),#7617,.T.);
#7625=CARTESIAN_POINT('',(-2.E-1,-2.35E0,-8.35E-1));
#7626=DIRECTION('',(-1.E0,0.E0,0.E0));
#7627=DIRECTION('',(0.E0,0.E0,1.E0));
#7628=AXIS2_PLACEMENT_3D('',#7625,#7626,#7627);
#7629=PLANE('3825',#7628);
#7630=ORIENTED_EDGE('4277',*,*,#6753,.F.);
#7632=ORIENTED_EDGE('4294',*,*,#7631,.T.);
#7634=ORIENTED_EDGE('4269',*,*,#7633,.T.);
#7636=ORIENTED_EDGE('4296',*,*,#7635,.F.);
#7637=EDGE_LOOP('3825',(#7630,#7632,#7634,#7636));
#7638=FACE_OUTER_BOUND('3825',#7637,.F.);
#7639=ADVANCED_FACE('3825',(#7638),#7629,.T.);
#7640=CARTESIAN_POINT('',(2.E-1,-2.35E0,-8.35E-1));
#7641=DIRECTION('',(0.E0,0.E0,-1.E0));
#7642=DIRECTION('',(-1.E0,0.E0,0.E0));
#7643=AXIS2_PLACEMENT_3D('',#7640,#7641,#7642);
#7644=PLANE('3828',#7643);
#7645=ORIENTED_EDGE('4280',*,*,#6759,.F.);
#7647=ORIENTED_EDGE('4300',*,*,#7646,.T.);
#7649=ORIENTED_EDGE('4272',*,*,#7648,.T.);
#7650=ORIENTED_EDGE('4294',*,*,#7631,.F.);
#7651=EDGE_LOOP('3828',(#7645,#7647,#7649,#7650));
#7652=FACE_OUTER_BOUND('3828',#7651,.F.);
#7653=ADVANCED_FACE('3828',(#7652),#7644,.T.);
#7654=CARTESIAN_POINT('',(2.E-1,-2.35E0,-4.35E-1));
#7655=DIRECTION('',(1.E0,0.E0,0.E0));
#7656=DIRECTION('',(0.E0,0.E0,-1.E0));
#7657=AXIS2_PLACEMENT_3D('',#7654,#7655,#7656);
#7658=PLANE('3827',#7657);
#7659=ORIENTED_EDGE('4279',*,*,#6757,.F.);
#7661=ORIENTED_EDGE('4298',*,*,#7660,.T.);
#7663=ORIENTED_EDGE('4271',*,*,#7662,.T.);
#7664=ORIENTED_EDGE('4300',*,*,#7646,.F.);
#7665=EDGE_LOOP('3827',(#7659,#7661,#7663,#7664));
#7666=FACE_OUTER_BOUND('3827',#7665,.F.);
#7667=ADVANCED_FACE('3827',(#7666),#7658,.T.);
#7668=CARTESIAN_POINT('',(-2.E-1,-2.35E0,-4.35E-1));
#7669=DIRECTION('',(0.E0,0.E0,1.E0));
#7670=DIRECTION('',(1.E0,0.E0,0.E0));
#7671=AXIS2_PLACEMENT_3D('',#7668,#7669,#7670);
#7672=PLANE('3826',#7671);
#7673=ORIENTED_EDGE('4278',*,*,#6755,.F.);
#7674=ORIENTED_EDGE('4296',*,*,#7635,.T.);
#7676=ORIENTED_EDGE('4270',*,*,#7675,.T.);
#7677=ORIENTED_EDGE('4298',*,*,#7660,.F.);
#7678=EDGE_LOOP('3826',(#7673,#7674,#7676,#7677));
#7679=FACE_OUTER_BOUND('3826',#7678,.F.);
#7680=ADVANCED_FACE('3826',(#7679),#7672,.T.);
#7681=CARTESIAN_POINT('',(0.E0,5.5E0,0.E0));
#7682=DIRECTION('',(0.E0,1.E0,0.E0));
#7683=DIRECTION('',(1.E0,0.E0,0.E0));
#7684=AXIS2_PLACEMENT_3D('',#7681,#7682,#7683);
#7685=PLANE('3824',#7684);
#7686=ORIENTED_EDGE('4269',*,*,#7633,.F.);
#7687=ORIENTED_EDGE('4272',*,*,#7648,.F.);
#7688=ORIENTED_EDGE('4271',*,*,#7662,.F.);
#7689=ORIENTED_EDGE('4270',*,*,#7675,.F.);
#7690=EDGE_LOOP('3824',(#7686,#7687,#7688,#7689));
#7691=FACE_OUTER_BOUND('3824',#7690,.F.);
#7692=ADVANCED_FACE('3824',(#7691),#7685,.T.);
#7693=CARTESIAN_POINT('',(-2.E-1,-2.35E0,8.35E-1));
#7694=DIRECTION('',(0.E0,0.E0,1.E0));
#7695=DIRECTION('',(1.E0,0.E0,0.E0));
#7696=AXIS2_PLACEMENT_3D('',#7693,#7694,#7695);
#7697=PLANE('3829',#7696);
#7698=ORIENTED_EDGE('4281',*,*,#6763,.F.);
#7700=ORIENTED_EDGE('4302',*,*,#7699,.T.);
#7702=ORIENTED_EDGE('4273',*,*,#7701,.T.);
#7704=ORIENTED_EDGE('4304',*,*,#7703,.F.);
#7705=EDGE_LOOP('3829',(#7698,#7700,#7702,#7704));
#7706=FACE_OUTER_BOUND('3829',#7705,.F.);
#7707=ADVANCED_FACE('3829',(#7706),#7697,.T.);
#7708=CARTESIAN_POINT('',(-2.E-1,-2.35E0,4.35E-1));
#7709=DIRECTION('',(-1.E0,0.E0,0.E0));
#7710=DIRECTION('',(0.E0,0.E0,1.E0));
#7711=AXIS2_PLACEMENT_3D('',#7708,#7709,#7710);
#7712=PLANE('3832',#7711);
#7713=ORIENTED_EDGE('4284',*,*,#6769,.F.);
#7715=ORIENTED_EDGE('4308',*,*,#7714,.T.);
#7717=ORIENTED_EDGE('4276',*,*,#7716,.T.);
#7718=ORIENTED_EDGE('4302',*,*,#7699,.F.);
#7719=EDGE_LOOP('3832',(#7713,#7715,#7717,#7718));
#7720=FACE_OUTER_BOUND('3832',#7719,.F.);
#7721=ADVANCED_FACE('3832',(#7720),#7712,.T.);
#7722=CARTESIAN_POINT('',(2.E-1,-2.35E0,4.35E-1));
#7723=DIRECTION('',(0.E0,0.E0,-1.E0));
#7724=DIRECTION('',(-1.E0,0.E0,0.E0));
#7725=AXIS2_PLACEMENT_3D('',#7722,#7723,#7724);
#7726=PLANE('3831',#7725);
#7727=ORIENTED_EDGE('4283',*,*,#6767,.F.);
#7729=ORIENTED_EDGE('4306',*,*,#7728,.T.);
#7731=ORIENTED_EDGE('4275',*,*,#7730,.T.);
#7732=ORIENTED_EDGE('4308',*,*,#7714,.F.);
#7733=EDGE_LOOP('3831',(#7727,#7729,#7731,#7732));
#7734=FACE_OUTER_BOUND('3831',#7733,.F.);
#7735=ADVANCED_FACE('3831',(#7734),#7726,.T.);
#7736=CARTESIAN_POINT('',(2.E-1,-2.35E0,8.35E-1));
#7737=DIRECTION('',(1.E0,0.E0,0.E0));
#7738=DIRECTION('',(0.E0,0.E0,-1.E0));
#7739=AXIS2_PLACEMENT_3D('',#7736,#7737,#7738);
#7740=PLANE('3830',#7739);
#7741=ORIENTED_EDGE('4282',*,*,#6765,.F.);
#7742=ORIENTED_EDGE('4304',*,*,#7703,.T.);
#7744=ORIENTED_EDGE('4274',*,*,#7743,.T.);
#7745=ORIENTED_EDGE('4306',*,*,#7728,.F.);
#7746=EDGE_LOOP('3830',(#7741,#7742,#7744,#7745));
#7747=FACE_OUTER_BOUND('3830',#7746,.F.);
#7748=ADVANCED_FACE('3830',(#7747),#7740,.T.);
#7749=CARTESIAN_POINT('',(0.E0,5.5E0,0.E0));
#7750=DIRECTION('',(0.E0,1.E0,0.E0));
#7751=DIRECTION('',(1.E0,0.E0,0.E0));
#7752=AXIS2_PLACEMENT_3D('',#7749,#7750,#7751);
#7753=PLANE('3673',#7752);
#7754=ORIENTED_EDGE('4273',*,*,#7701,.F.);
#7755=ORIENTED_EDGE('4276',*,*,#7716,.F.);
#7756=ORIENTED_EDGE('4275',*,*,#7730,.F.);
#7757=ORIENTED_EDGE('4274',*,*,#7743,.F.);
#7758=EDGE_LOOP('3673',(#7754,#7755,#7756,#7757));
#7759=FACE_OUTER_BOUND('3673',#7758,.F.);
#7760=ADVANCED_FACE('3673',(#7759),#7753,.T.);
#7761=CARTESIAN_POINT('',(1.07E0,-2.35E0,-8.35E-1));
#7762=DIRECTION('',(-1.E0,0.E0,0.E0));
#7763=DIRECTION('',(0.E0,0.E0,1.E0));
#7764=AXIS2_PLACEMENT_3D('',#7761,#7762,#7763);
#7765=PLANE('3835',#7764);
#7766=ORIENTED_EDGE('4325',*,*,#6773,.F.);
#7768=ORIENTED_EDGE('4342',*,*,#7767,.T.);
#7770=ORIENTED_EDGE('4317',*,*,#7769,.T.);
#7772=ORIENTED_EDGE('4344',*,*,#7771,.F.);
#7773=EDGE_LOOP('3835',(#7766,#7768,#7770,#7772));
#7774=FACE_OUTER_BOUND('3835',#7773,.F.);
#7775=ADVANCED_FACE('3835',(#7774),#7765,.T.);
#7776=CARTESIAN_POINT('',(1.47E0,-2.35E0,-8.35E-1));
#7777=DIRECTION('',(0.E0,0.E0,-1.E0));
#7778=DIRECTION('',(-1.E0,0.E0,0.E0));
#7779=AXIS2_PLACEMENT_3D('',#7776,#7777,#7778);
#7780=PLANE('3838',#7779);
#7781=ORIENTED_EDGE('4328',*,*,#6779,.F.);
#7783=ORIENTED_EDGE('4348',*,*,#7782,.T.);
#7785=ORIENTED_EDGE('4320',*,*,#7784,.T.);
#7786=ORIENTED_EDGE('4342',*,*,#7767,.F.);
#7787=EDGE_LOOP('3838',(#7781,#7783,#7785,#7786));
#7788=FACE_OUTER_BOUND('3838',#7787,.F.);
#7789=ADVANCED_FACE('3838',(#7788),#7780,.T.);
#7790=CARTESIAN_POINT('',(1.47E0,-2.35E0,-4.35E-1));
#7791=DIRECTION('',(1.E0,0.E0,0.E0));
#7792=DIRECTION('',(0.E0,0.E0,-1.E0));
#7793=AXIS2_PLACEMENT_3D('',#7790,#7791,#7792);
#7794=PLANE('3837',#7793);
#7795=ORIENTED_EDGE('4327',*,*,#6777,.F.);
#7797=ORIENTED_EDGE('4346',*,*,#7796,.T.);
#7799=ORIENTED_EDGE('4319',*,*,#7798,.T.);
#7800=ORIENTED_EDGE('4348',*,*,#7782,.F.);
#7801=EDGE_LOOP('3837',(#7795,#7797,#7799,#7800));
#7802=FACE_OUTER_BOUND('3837',#7801,.F.);
#7803=ADVANCED_FACE('3837',(#7802),#7794,.T.);
#7804=CARTESIAN_POINT('',(1.07E0,-2.35E0,-4.35E-1));
#7805=DIRECTION('',(0.E0,0.E0,1.E0));
#7806=DIRECTION('',(1.E0,0.E0,0.E0));
#7807=AXIS2_PLACEMENT_3D('',#7804,#7805,#7806);
#7808=PLANE('3836',#7807);
#7809=ORIENTED_EDGE('4326',*,*,#6775,.F.);
#7810=ORIENTED_EDGE('4344',*,*,#7771,.T.);
#7812=ORIENTED_EDGE('4318',*,*,#7811,.T.);
#7813=ORIENTED_EDGE('4346',*,*,#7796,.F.);
#7814=EDGE_LOOP('3836',(#7809,#7810,#7812,#7813));
#7815=FACE_OUTER_BOUND('3836',#7814,.F.);
#7816=ADVANCED_FACE('3836',(#7815),#7808,.T.);
#7817=CARTESIAN_POINT('',(1.27E0,5.5E0,0.E0));
#7818=DIRECTION('',(0.E0,1.E0,0.E0));
#7819=DIRECTION('',(1.E0,0.E0,0.E0));
#7820=AXIS2_PLACEMENT_3D('',#7817,#7818,#7819);
#7821=PLANE('3834',#7820);
#7822=ORIENTED_EDGE('4317',*,*,#7769,.F.);
#7823=ORIENTED_EDGE('4320',*,*,#7784,.F.);
#7824=ORIENTED_EDGE('4319',*,*,#7798,.F.);
#7825=ORIENTED_EDGE('4318',*,*,#7811,.F.);
#7826=EDGE_LOOP('3834',(#7822,#7823,#7824,#7825));
#7827=FACE_OUTER_BOUND('3834',#7826,.F.);
#7828=ADVANCED_FACE('3834',(#7827),#7821,.T.);
#7829=CARTESIAN_POINT('',(1.07E0,-2.35E0,8.35E-1));
#7830=DIRECTION('',(0.E0,0.E0,1.E0));
#7831=DIRECTION('',(1.E0,0.E0,0.E0));
#7832=AXIS2_PLACEMENT_3D('',#7829,#7830,#7831);
#7833=PLANE('3839',#7832);
#7834=ORIENTED_EDGE('4329',*,*,#6783,.F.);
#7836=ORIENTED_EDGE('4350',*,*,#7835,.T.);
#7838=ORIENTED_EDGE('4321',*,*,#7837,.T.);
#7840=ORIENTED_EDGE('4352',*,*,#7839,.F.);
#7841=EDGE_LOOP('3839',(#7834,#7836,#7838,#7840));
#7842=FACE_OUTER_BOUND('3839',#7841,.F.);
#7843=ADVANCED_FACE('3839',(#7842),#7833,.T.);
#7844=CARTESIAN_POINT('',(1.07E0,-2.35E0,4.35E-1));
#7845=DIRECTION('',(-1.E0,0.E0,0.E0));
#7846=DIRECTION('',(0.E0,0.E0,1.E0));
#7847=AXIS2_PLACEMENT_3D('',#7844,#7845,#7846);
#7848=PLANE('3842',#7847);
#7849=ORIENTED_EDGE('4332',*,*,#6789,.F.);
#7851=ORIENTED_EDGE('4356',*,*,#7850,.T.);
#7853=ORIENTED_EDGE('4324',*,*,#7852,.T.);
#7854=ORIENTED_EDGE('4350',*,*,#7835,.F.);
#7855=EDGE_LOOP('3842',(#7849,#7851,#7853,#7854));
#7856=FACE_OUTER_BOUND('3842',#7855,.F.);
#7857=ADVANCED_FACE('3842',(#7856),#7848,.T.);
#7858=CARTESIAN_POINT('',(1.47E0,-2.35E0,4.35E-1));
#7859=DIRECTION('',(0.E0,0.E0,-1.E0));
#7860=DIRECTION('',(-1.E0,0.E0,0.E0));
#7861=AXIS2_PLACEMENT_3D('',#7858,#7859,#7860);
#7862=PLANE('3841',#7861);
#7863=ORIENTED_EDGE('4331',*,*,#6787,.F.);
#7865=ORIENTED_EDGE('4354',*,*,#7864,.T.);
#7867=ORIENTED_EDGE('4323',*,*,#7866,.T.);
#7868=ORIENTED_EDGE('4356',*,*,#7850,.F.);
#7869=EDGE_LOOP('3841',(#7863,#7865,#7867,#7868));
#7870=FACE_OUTER_BOUND('3841',#7869,.F.);
#7871=ADVANCED_FACE('3841',(#7870),#7862,.T.);
#7872=CARTESIAN_POINT('',(1.47E0,-2.35E0,8.35E-1));
#7873=DIRECTION('',(1.E0,0.E0,0.E0));
#7874=DIRECTION('',(0.E0,0.E0,-1.E0));
#7875=AXIS2_PLACEMENT_3D('',#7872,#7873,#7874);
#7876=PLANE('3840',#7875);
#7877=ORIENTED_EDGE('4330',*,*,#6785,.F.);
#7878=ORIENTED_EDGE('4352',*,*,#7839,.T.);
#7880=ORIENTED_EDGE('4322',*,*,#7879,.T.);
#7881=ORIENTED_EDGE('4354',*,*,#7864,.F.);
#7882=EDGE_LOOP('3840',(#7877,#7878,#7880,#7881));
#7883=FACE_OUTER_BOUND('3840',#7882,.F.);
#7884=ADVANCED_FACE('3840',(#7883),#7876,.T.);
#7885=CARTESIAN_POINT('',(1.27E0,5.5E0,0.E0));
#7886=DIRECTION('',(0.E0,1.E0,0.E0));
#7887=DIRECTION('',(1.E0,0.E0,0.E0));
#7888=AXIS2_PLACEMENT_3D('',#7885,#7886,#7887);
#7889=PLANE('3683',#7888);
#7890=ORIENTED_EDGE('4321',*,*,#7837,.F.);
#7891=ORIENTED_EDGE('4324',*,*,#7852,.F.);
#7892=ORIENTED_EDGE('4323',*,*,#7866,.F.);
#7893=ORIENTED_EDGE('4322',*,*,#7879,.F.);
#7894=EDGE_LOOP('3683',(#7890,#7891,#7892,#7893));
#7895=FACE_OUTER_BOUND('3683',#7894,.F.);
#7896=ADVANCED_FACE('3683',(#7895),#7889,.T.);
#7897=CARTESIAN_POINT('',(2.34E0,-2.35E0,-8.35E-1));
#7898=DIRECTION('',(-1.E0,0.E0,0.E0));
#7899=DIRECTION('',(0.E0,0.E0,1.E0));
#7900=AXIS2_PLACEMENT_3D('',#7897,#7898,#7899);
#7901=PLANE('3845',#7900);
#7902=ORIENTED_EDGE('4373',*,*,#6793,.F.);
#7904=ORIENTED_EDGE('4390',*,*,#7903,.T.);
#7906=ORIENTED_EDGE('4365',*,*,#7905,.T.);
#7908=ORIENTED_EDGE('4392',*,*,#7907,.F.);
#7909=EDGE_LOOP('3845',(#7902,#7904,#7906,#7908));
#7910=FACE_OUTER_BOUND('3845',#7909,.F.);
#7911=ADVANCED_FACE('3845',(#7910),#7901,.T.);
#7912=CARTESIAN_POINT('',(2.74E0,-2.35E0,-8.35E-1));
#7913=DIRECTION('',(0.E0,0.E0,-1.E0));
#7914=DIRECTION('',(-1.E0,0.E0,0.E0));
#7915=AXIS2_PLACEMENT_3D('',#7912,#7913,#7914);
#7916=PLANE('3848',#7915);
#7917=ORIENTED_EDGE('4376',*,*,#6799,.F.);
#7919=ORIENTED_EDGE('4396',*,*,#7918,.T.);
#7921=ORIENTED_EDGE('4368',*,*,#7920,.T.);
#7922=ORIENTED_EDGE('4390',*,*,#7903,.F.);
#7923=EDGE_LOOP('3848',(#7917,#7919,#7921,#7922));
#7924=FACE_OUTER_BOUND('3848',#7923,.F.);
#7925=ADVANCED_FACE('3848',(#7924),#7916,.T.);
#7926=CARTESIAN_POINT('',(2.74E0,-2.35E0,-4.35E-1));
#7927=DIRECTION('',(1.E0,0.E0,0.E0));
#7928=DIRECTION('',(0.E0,0.E0,-1.E0));
#7929=AXIS2_PLACEMENT_3D('',#7926,#7927,#7928);
#7930=PLANE('3847',#7929);
#7931=ORIENTED_EDGE('4375',*,*,#6797,.F.);
#7933=ORIENTED_EDGE('4394',*,*,#7932,.T.);
#7935=ORIENTED_EDGE('4367',*,*,#7934,.T.);
#7936=ORIENTED_EDGE('4396',*,*,#7918,.F.);
#7937=EDGE_LOOP('3847',(#7931,#7933,#7935,#7936));
#7938=FACE_OUTER_BOUND('3847',#7937,.F.);
#7939=ADVANCED_FACE('3847',(#7938),#7930,.T.);
#7940=CARTESIAN_POINT('',(2.34E0,-2.35E0,-4.35E-1));
#7941=DIRECTION('',(0.E0,0.E0,1.E0));
#7942=DIRECTION('',(1.E0,0.E0,0.E0));
#7943=AXIS2_PLACEMENT_3D('',#7940,#7941,#7942);
#7944=PLANE('3846',#7943);
#7945=ORIENTED_EDGE('4374',*,*,#6795,.F.);
#7946=ORIENTED_EDGE('4392',*,*,#7907,.T.);
#7948=ORIENTED_EDGE('4366',*,*,#7947,.T.);
#7949=ORIENTED_EDGE('4394',*,*,#7932,.F.);
#7950=EDGE_LOOP('3846',(#7945,#7946,#7948,#7949));
#7951=FACE_OUTER_BOUND('3846',#7950,.F.);
#7952=ADVANCED_FACE('3846',(#7951),#7944,.T.);
#7953=CARTESIAN_POINT('',(2.54E0,5.5E0,0.E0));
#7954=DIRECTION('',(0.E0,1.E0,0.E0));
#7955=DIRECTION('',(1.E0,0.E0,0.E0));
#7956=AXIS2_PLACEMENT_3D('',#7953,#7954,#7955);
#7957=PLANE('3844',#7956);
#7958=ORIENTED_EDGE('4365',*,*,#7905,.F.);
#7959=ORIENTED_EDGE('4368',*,*,#7920,.F.);
#7960=ORIENTED_EDGE('4367',*,*,#7934,.F.);
#7961=ORIENTED_EDGE('4366',*,*,#7947,.F.);
#7962=EDGE_LOOP('3844',(#7958,#7959,#7960,#7961));
#7963=FACE_OUTER_BOUND('3844',#7962,.F.);
#7964=ADVANCED_FACE('3844',(#7963),#7957,.T.);
#7965=CARTESIAN_POINT('',(2.34E0,-2.35E0,8.35E-1));
#7966=DIRECTION('',(0.E0,0.E0,1.E0));
#7967=DIRECTION('',(1.E0,0.E0,0.E0));
#7968=AXIS2_PLACEMENT_3D('',#7965,#7966,#7967);
#7969=PLANE('3849',#7968);
#7970=ORIENTED_EDGE('4377',*,*,#6803,.F.);
#7972=ORIENTED_EDGE('4398',*,*,#7971,.T.);
#7974=ORIENTED_EDGE('4369',*,*,#7973,.T.);
#7976=ORIENTED_EDGE('4400',*,*,#7975,.F.);
#7977=EDGE_LOOP('3849',(#7970,#7972,#7974,#7976));
#7978=FACE_OUTER_BOUND('3849',#7977,.F.);
#7979=ADVANCED_FACE('3849',(#7978),#7969,.T.);
#7980=CARTESIAN_POINT('',(2.34E0,-2.35E0,4.35E-1));
#7981=DIRECTION('',(-1.E0,0.E0,0.E0));
#7982=DIRECTION('',(0.E0,0.E0,1.E0));
#7983=AXIS2_PLACEMENT_3D('',#7980,#7981,#7982);
#7984=PLANE('3852',#7983);
#7985=ORIENTED_EDGE('4380',*,*,#6809,.F.);
#7987=ORIENTED_EDGE('4404',*,*,#7986,.T.);
#7989=ORIENTED_EDGE('4372',*,*,#7988,.T.);
#7990=ORIENTED_EDGE('4398',*,*,#7971,.F.);
#7991=EDGE_LOOP('3852',(#7985,#7987,#7989,#7990));
#7992=FACE_OUTER_BOUND('3852',#7991,.F.);
#7993=ADVANCED_FACE('3852',(#7992),#7984,.T.);
#7994=CARTESIAN_POINT('',(2.74E0,-2.35E0,4.35E-1));
#7995=DIRECTION('',(0.E0,0.E0,-1.E0));
#7996=DIRECTION('',(-1.E0,0.E0,0.E0));
#7997=AXIS2_PLACEMENT_3D('',#7994,#7995,#7996);
#7998=PLANE('3851',#7997);
#7999=ORIENTED_EDGE('4379',*,*,#6807,.F.);
#8001=ORIENTED_EDGE('4402',*,*,#8000,.T.);
#8003=ORIENTED_EDGE('4371',*,*,#8002,.T.);
#8004=ORIENTED_EDGE('4404',*,*,#7986,.F.);
#8005=EDGE_LOOP('3851',(#7999,#8001,#8003,#8004));
#8006=FACE_OUTER_BOUND('3851',#8005,.F.);
#8007=ADVANCED_FACE('3851',(#8006),#7998,.T.);
#8008=CARTESIAN_POINT('',(2.74E0,-2.35E0,8.35E-1));
#8009=DIRECTION('',(1.E0,0.E0,0.E0));
#8010=DIRECTION('',(0.E0,0.E0,-1.E0));
#8011=AXIS2_PLACEMENT_3D('',#8008,#8009,#8010);
#8012=PLANE('3850',#8011);
#8013=ORIENTED_EDGE('4378',*,*,#6805,.F.);
#8014=ORIENTED_EDGE('4400',*,*,#7975,.T.);
#8016=ORIENTED_EDGE('4370',*,*,#8015,.T.);
#8017=ORIENTED_EDGE('4402',*,*,#8000,.F.);
#8018=EDGE_LOOP('3850',(#8013,#8014,#8016,#8017));
#8019=FACE_OUTER_BOUND('3850',#8018,.F.);
#8020=ADVANCED_FACE('3850',(#8019),#8012,.T.);
#8021=CARTESIAN_POINT('',(2.54E0,5.5E0,0.E0));
#8022=DIRECTION('',(0.E0,1.E0,0.E0));
#8023=DIRECTION('',(1.E0,0.E0,0.E0));
#8024=AXIS2_PLACEMENT_3D('',#8021,#8022,#8023);
#8025=PLANE('3693',#8024);
#8026=ORIENTED_EDGE('4369',*,*,#7973,.F.);
#8027=ORIENTED_EDGE('4372',*,*,#7988,.F.);
#8028=ORIENTED_EDGE('4371',*,*,#8002,.F.);
#8029=ORIENTED_EDGE('4370',*,*,#8015,.F.);
#8030=EDGE_LOOP('3693',(#8026,#8027,#8028,#8029));
#8031=FACE_OUTER_BOUND('3693',#8030,.F.);
#8032=ADVANCED_FACE('3693',(#8031),#8025,.T.);
#8033=CARTESIAN_POINT('',(3.61E0,-2.35E0,-8.35E-1));
#8034=DIRECTION('',(-1.E0,0.E0,0.E0));
#8035=DIRECTION('',(0.E0,0.E0,1.E0));
#8036=AXIS2_PLACEMENT_3D('',#8033,#8034,#8035);
#8037=PLANE('3855',#8036);
#8038=ORIENTED_EDGE('4421',*,*,#6813,.F.);
#8040=ORIENTED_EDGE('4438',*,*,#8039,.T.);
#8042=ORIENTED_EDGE('4413',*,*,#8041,.T.);
#8044=ORIENTED_EDGE('4440',*,*,#8043,.F.);
#8045=EDGE_LOOP('3855',(#8038,#8040,#8042,#8044));
#8046=FACE_OUTER_BOUND('3855',#8045,.F.);
#8047=ADVANCED_FACE('3855',(#8046),#8037,.T.);
#8048=CARTESIAN_POINT('',(4.01E0,-2.35E0,-8.35E-1));
#8049=DIRECTION('',(0.E0,0.E0,-1.E0));
#8050=DIRECTION('',(-1.E0,0.E0,0.E0));
#8051=AXIS2_PLACEMENT_3D('',#8048,#8049,#8050);
#8052=PLANE('3858',#8051);
#8053=ORIENTED_EDGE('4424',*,*,#6819,.F.);
#8055=ORIENTED_EDGE('4444',*,*,#8054,.T.);
#8057=ORIENTED_EDGE('4416',*,*,#8056,.T.);
#8058=ORIENTED_EDGE('4438',*,*,#8039,.F.);
#8059=EDGE_LOOP('3858',(#8053,#8055,#8057,#8058));
#8060=FACE_OUTER_BOUND('3858',#8059,.F.);
#8061=ADVANCED_FACE('3858',(#8060),#8052,.T.);
#8062=CARTESIAN_POINT('',(4.01E0,-2.35E0,-4.35E-1));
#8063=DIRECTION('',(1.E0,0.E0,0.E0));
#8064=DIRECTION('',(0.E0,0.E0,-1.E0));
#8065=AXIS2_PLACEMENT_3D('',#8062,#8063,#8064);
#8066=PLANE('3857',#8065);
#8067=ORIENTED_EDGE('4423',*,*,#6817,.F.);
#8069=ORIENTED_EDGE('4442',*,*,#8068,.T.);
#8071=ORIENTED_EDGE('4415',*,*,#8070,.T.);
#8072=ORIENTED_EDGE('4444',*,*,#8054,.F.);
#8073=EDGE_LOOP('3857',(#8067,#8069,#8071,#8072));
#8074=FACE_OUTER_BOUND('3857',#8073,.F.);
#8075=ADVANCED_FACE('3857',(#8074),#8066,.T.);
#8076=CARTESIAN_POINT('',(3.61E0,-2.35E0,-4.35E-1));
#8077=DIRECTION('',(0.E0,0.E0,1.E0));
#8078=DIRECTION('',(1.E0,0.E0,0.E0));
#8079=AXIS2_PLACEMENT_3D('',#8076,#8077,#8078);
#8080=PLANE('3856',#8079);
#8081=ORIENTED_EDGE('4422',*,*,#6815,.F.);
#8082=ORIENTED_EDGE('4440',*,*,#8043,.T.);
#8084=ORIENTED_EDGE('4414',*,*,#8083,.T.);
#8085=ORIENTED_EDGE('4442',*,*,#8068,.F.);
#8086=EDGE_LOOP('3856',(#8081,#8082,#8084,#8085));
#8087=FACE_OUTER_BOUND('3856',#8086,.F.);
#8088=ADVANCED_FACE('3856',(#8087),#8080,.T.);
#8089=CARTESIAN_POINT('',(3.81E0,5.5E0,0.E0));
#8090=DIRECTION('',(0.E0,1.E0,0.E0));
#8091=DIRECTION('',(1.E0,0.E0,0.E0));
#8092=AXIS2_PLACEMENT_3D('',#8089,#8090,#8091);
#8093=PLANE('3854',#8092);
#8094=ORIENTED_EDGE('4413',*,*,#8041,.F.);
#8095=ORIENTED_EDGE('4416',*,*,#8056,.F.);
#8096=ORIENTED_EDGE('4415',*,*,#8070,.F.);
#8097=ORIENTED_EDGE('4414',*,*,#8083,.F.);
#8098=EDGE_LOOP('3854',(#8094,#8095,#8096,#8097));
#8099=FACE_OUTER_BOUND('3854',#8098,.F.);
#8100=ADVANCED_FACE('3854',(#8099),#8093,.T.);
#8101=CARTESIAN_POINT('',(3.61E0,-2.35E0,8.35E-1));
#8102=DIRECTION('',(0.E0,0.E0,1.E0));
#8103=DIRECTION('',(1.E0,0.E0,0.E0));
#8104=AXIS2_PLACEMENT_3D('',#8101,#8102,#8103);
#8105=PLANE('3859',#8104);
#8106=ORIENTED_EDGE('4425',*,*,#6823,.F.);
#8108=ORIENTED_EDGE('4446',*,*,#8107,.T.);
#8110=ORIENTED_EDGE('4417',*,*,#8109,.T.);
#8112=ORIENTED_EDGE('4448',*,*,#8111,.F.);
#8113=EDGE_LOOP('3859',(#8106,#8108,#8110,#8112));
#8114=FACE_OUTER_BOUND('3859',#8113,.F.);
#8115=ADVANCED_FACE('3859',(#8114),#8105,.T.);
#8116=CARTESIAN_POINT('',(3.61E0,-2.35E0,4.35E-1));
#8117=DIRECTION('',(-1.E0,0.E0,0.E0));
#8118=DIRECTION('',(0.E0,0.E0,1.E0));
#8119=AXIS2_PLACEMENT_3D('',#8116,#8117,#8118);
#8120=PLANE('3862',#8119);
#8121=ORIENTED_EDGE('4428',*,*,#6829,.F.);
#8123=ORIENTED_EDGE('4452',*,*,#8122,.T.);
#8125=ORIENTED_EDGE('4420',*,*,#8124,.T.);
#8126=ORIENTED_EDGE('4446',*,*,#8107,.F.);
#8127=EDGE_LOOP('3862',(#8121,#8123,#8125,#8126));
#8128=FACE_OUTER_BOUND('3862',#8127,.F.);
#8129=ADVANCED_FACE('3862',(#8128),#8120,.T.);
#8130=CARTESIAN_POINT('',(4.01E0,-2.35E0,4.35E-1));
#8131=DIRECTION('',(0.E0,0.E0,-1.E0));
#8132=DIRECTION('',(-1.E0,0.E0,0.E0));
#8133=AXIS2_PLACEMENT_3D('',#8130,#8131,#8132);
#8134=PLANE('3861',#8133);
#8135=ORIENTED_EDGE('4427',*,*,#6827,.F.);
#8137=ORIENTED_EDGE('4450',*,*,#8136,.T.);
#8139=ORIENTED_EDGE('4419',*,*,#8138,.T.);
#8140=ORIENTED_EDGE('4452',*,*,#8122,.F.);
#8141=EDGE_LOOP('3861',(#8135,#8137,#8139,#8140));
#8142=FACE_OUTER_BOUND('3861',#8141,.F.);
#8143=ADVANCED_FACE('3861',(#8142),#8134,.T.);
#8144=CARTESIAN_POINT('',(4.01E0,-2.35E0,8.35E-1));
#8145=DIRECTION('',(1.E0,0.E0,0.E0));
#8146=DIRECTION('',(0.E0,0.E0,-1.E0));
#8147=AXIS2_PLACEMENT_3D('',#8144,#8145,#8146);
#8148=PLANE('3860',#8147);
#8149=ORIENTED_EDGE('4426',*,*,#6825,.F.);
#8150=ORIENTED_EDGE('4448',*,*,#8111,.T.);
#8152=ORIENTED_EDGE('4418',*,*,#8151,.T.);
#8153=ORIENTED_EDGE('4450',*,*,#8136,.F.);
#8154=EDGE_LOOP('3860',(#8149,#8150,#8152,#8153));
#8155=FACE_OUTER_BOUND('3860',#8154,.F.);
#8156=ADVANCED_FACE('3860',(#8155),#8148,.T.);
#8157=CARTESIAN_POINT('',(3.81E0,5.5E0,0.E0));
#8158=DIRECTION('',(0.E0,1.E0,0.E0));
#8159=DIRECTION('',(1.E0,0.E0,0.E0));
#8160=AXIS2_PLACEMENT_3D('',#8157,#8158,#8159);
#8161=PLANE('3703',#8160);
#8162=ORIENTED_EDGE('4417',*,*,#8109,.F.);
#8163=ORIENTED_EDGE('4420',*,*,#8124,.F.);
#8164=ORIENTED_EDGE('4419',*,*,#8138,.F.);
#8165=ORIENTED_EDGE('4418',*,*,#8151,.F.);
#8166=EDGE_LOOP('3703',(#8162,#8163,#8164,#8165));
#8167=FACE_OUTER_BOUND('3703',#8166,.F.);
#8168=ADVANCED_FACE('3703',(#8167),#8161,.T.);
#8169=CARTESIAN_POINT('',(4.88E0,-2.35E0,-8.35E-1));
#8170=DIRECTION('',(-1.E0,0.E0,0.E0));
#8171=DIRECTION('',(0.E0,0.E0,1.E0));
#8172=AXIS2_PLACEMENT_3D('',#8169,#8170,#8171);
#8173=PLANE('3865',#8172);
#8174=ORIENTED_EDGE('4469',*,*,#6833,.F.);
#8176=ORIENTED_EDGE('4486',*,*,#8175,.T.);
#8178=ORIENTED_EDGE('4461',*,*,#8177,.T.);
#8180=ORIENTED_EDGE('4488',*,*,#8179,.F.);
#8181=EDGE_LOOP('3865',(#8174,#8176,#8178,#8180));
#8182=FACE_OUTER_BOUND('3865',#8181,.F.);
#8183=ADVANCED_FACE('3865',(#8182),#8173,.T.);
#8184=CARTESIAN_POINT('',(5.28E0,-2.35E0,-8.35E-1));
#8185=DIRECTION('',(0.E0,0.E0,-1.E0));
#8186=DIRECTION('',(-1.E0,0.E0,0.E0));
#8187=AXIS2_PLACEMENT_3D('',#8184,#8185,#8186);
#8188=PLANE('3868',#8187);
#8189=ORIENTED_EDGE('4472',*,*,#6839,.F.);
#8191=ORIENTED_EDGE('4492',*,*,#8190,.T.);
#8193=ORIENTED_EDGE('4464',*,*,#8192,.T.);
#8194=ORIENTED_EDGE('4486',*,*,#8175,.F.);
#8195=EDGE_LOOP('3868',(#8189,#8191,#8193,#8194));
#8196=FACE_OUTER_BOUND('3868',#8195,.F.);
#8197=ADVANCED_FACE('3868',(#8196),#8188,.T.);
#8198=CARTESIAN_POINT('',(5.28E0,-2.35E0,-4.35E-1));
#8199=DIRECTION('',(1.E0,0.E0,0.E0));
#8200=DIRECTION('',(0.E0,0.E0,-1.E0));
#8201=AXIS2_PLACEMENT_3D('',#8198,#8199,#8200);
#8202=PLANE('3867',#8201);
#8203=ORIENTED_EDGE('4471',*,*,#6837,.F.);
#8205=ORIENTED_EDGE('4490',*,*,#8204,.T.);
#8207=ORIENTED_EDGE('4463',*,*,#8206,.T.);
#8208=ORIENTED_EDGE('4492',*,*,#8190,.F.);
#8209=EDGE_LOOP('3867',(#8203,#8205,#8207,#8208));
#8210=FACE_OUTER_BOUND('3867',#8209,.F.);
#8211=ADVANCED_FACE('3867',(#8210),#8202,.T.);
#8212=CARTESIAN_POINT('',(4.88E0,-2.35E0,-4.35E-1));
#8213=DIRECTION('',(0.E0,0.E0,1.E0));
#8214=DIRECTION('',(1.E0,0.E0,0.E0));
#8215=AXIS2_PLACEMENT_3D('',#8212,#8213,#8214);
#8216=PLANE('3866',#8215);
#8217=ORIENTED_EDGE('4470',*,*,#6835,.F.);
#8218=ORIENTED_EDGE('4488',*,*,#8179,.T.);
#8220=ORIENTED_EDGE('4462',*,*,#8219,.T.);
#8221=ORIENTED_EDGE('4490',*,*,#8204,.F.);
#8222=EDGE_LOOP('3866',(#8217,#8218,#8220,#8221));
#8223=FACE_OUTER_BOUND('3866',#8222,.F.);
#8224=ADVANCED_FACE('3866',(#8223),#8216,.T.);
#8225=CARTESIAN_POINT('',(5.08E0,5.5E0,0.E0));
#8226=DIRECTION('',(0.E0,1.E0,0.E0));
#8227=DIRECTION('',(1.E0,0.E0,0.E0));
#8228=AXIS2_PLACEMENT_3D('',#8225,#8226,#8227);
#8229=PLANE('3864',#8228);
#8230=ORIENTED_EDGE('4461',*,*,#8177,.F.);
#8231=ORIENTED_EDGE('4464',*,*,#8192,.F.);
#8232=ORIENTED_EDGE('4463',*,*,#8206,.F.);
#8233=ORIENTED_EDGE('4462',*,*,#8219,.F.);
#8234=EDGE_LOOP('3864',(#8230,#8231,#8232,#8233));
#8235=FACE_OUTER_BOUND('3864',#8234,.F.);
#8236=ADVANCED_FACE('3864',(#8235),#8229,.T.);
#8237=CARTESIAN_POINT('',(4.88E0,-2.35E0,8.35E-1));
#8238=DIRECTION('',(0.E0,0.E0,1.E0));
#8239=DIRECTION('',(1.E0,0.E0,0.E0));
#8240=AXIS2_PLACEMENT_3D('',#8237,#8238,#8239);
#8241=PLANE('3869',#8240);
#8242=ORIENTED_EDGE('4473',*,*,#6843,.F.);
#8244=ORIENTED_EDGE('4494',*,*,#8243,.T.);
#8246=ORIENTED_EDGE('4465',*,*,#8245,.T.);
#8248=ORIENTED_EDGE('4496',*,*,#8247,.F.);
#8249=EDGE_LOOP('3869',(#8242,#8244,#8246,#8248));
#8250=FACE_OUTER_BOUND('3869',#8249,.F.);
#8251=ADVANCED_FACE('3869',(#8250),#8241,.T.);
#8252=CARTESIAN_POINT('',(4.88E0,-2.35E0,4.35E-1));
#8253=DIRECTION('',(-1.E0,0.E0,0.E0));
#8254=DIRECTION('',(0.E0,0.E0,1.E0));
#8255=AXIS2_PLACEMENT_3D('',#8252,#8253,#8254);
#8256=PLANE('3872',#8255);
#8257=ORIENTED_EDGE('4476',*,*,#6849,.F.);
#8259=ORIENTED_EDGE('4500',*,*,#8258,.T.);
#8261=ORIENTED_EDGE('4468',*,*,#8260,.T.);
#8262=ORIENTED_EDGE('4494',*,*,#8243,.F.);
#8263=EDGE_LOOP('3872',(#8257,#8259,#8261,#8262));
#8264=FACE_OUTER_BOUND('3872',#8263,.F.);
#8265=ADVANCED_FACE('3872',(#8264),#8256,.T.);
#8266=CARTESIAN_POINT('',(5.28E0,-2.35E0,4.35E-1));
#8267=DIRECTION('',(0.E0,0.E0,-1.E0));
#8268=DIRECTION('',(-1.E0,0.E0,0.E0));
#8269=AXIS2_PLACEMENT_3D('',#8266,#8267,#8268);
#8270=PLANE('3871',#8269);
#8271=ORIENTED_EDGE('4475',*,*,#6847,.F.);
#8273=ORIENTED_EDGE('4498',*,*,#8272,.T.);
#8275=ORIENTED_EDGE('4467',*,*,#8274,.T.);
#8276=ORIENTED_EDGE('4500',*,*,#8258,.F.);
#8277=EDGE_LOOP('3871',(#8271,#8273,#8275,#8276));
#8278=FACE_OUTER_BOUND('3871',#8277,.F.);
#8279=ADVANCED_FACE('3871',(#8278),#8270,.T.);
#8280=CARTESIAN_POINT('',(5.28E0,-2.35E0,8.35E-1));
#8281=DIRECTION('',(1.E0,0.E0,0.E0));
#8282=DIRECTION('',(0.E0,0.E0,-1.E0));
#8283=AXIS2_PLACEMENT_3D('',#8280,#8281,#8282);
#8284=PLANE('3870',#8283);
#8285=ORIENTED_EDGE('4474',*,*,#6845,.F.);
#8286=ORIENTED_EDGE('4496',*,*,#8247,.T.);
#8288=ORIENTED_EDGE('4466',*,*,#8287,.T.);
#8289=ORIENTED_EDGE('4498',*,*,#8272,.F.);
#8290=EDGE_LOOP('3870',(#8285,#8286,#8288,#8289));
#8291=FACE_OUTER_BOUND('3870',#8290,.F.);
#8292=ADVANCED_FACE('3870',(#8291),#8284,.T.);
#8293=CARTESIAN_POINT('',(5.08E0,5.5E0,0.E0));
#8294=DIRECTION('',(0.E0,1.E0,0.E0));
#8295=DIRECTION('',(1.E0,0.E0,0.E0));
#8296=AXIS2_PLACEMENT_3D('',#8293,#8294,#8295);
#8297=PLANE('3713',#8296);
#8298=ORIENTED_EDGE('4465',*,*,#8245,.F.);
#8299=ORIENTED_EDGE('4468',*,*,#8260,.F.);
#8300=ORIENTED_EDGE('4467',*,*,#8274,.F.);
#8301=ORIENTED_EDGE('4466',*,*,#8287,.F.);
#8302=EDGE_LOOP('3713',(#8298,#8299,#8300,#8301));
#8303=FACE_OUTER_BOUND('3713',#8302,.F.);
#8304=ADVANCED_FACE('3713',(#8303),#8297,.T.);
#8305=CARTESIAN_POINT('',(6.15E0,-2.35E0,-8.35E-1));
#8306=DIRECTION('',(-1.E0,0.E0,0.E0));
#8307=DIRECTION('',(0.E0,0.E0,1.E0));
#8308=AXIS2_PLACEMENT_3D('',#8305,#8306,#8307);
#8309=PLANE('3875',#8308);
#8310=ORIENTED_EDGE('4517',*,*,#6853,.F.);
#8312=ORIENTED_EDGE('4534',*,*,#8311,.T.);
#8314=ORIENTED_EDGE('4509',*,*,#8313,.T.);
#8316=ORIENTED_EDGE('4536',*,*,#8315,.F.);
#8317=EDGE_LOOP('3875',(#8310,#8312,#8314,#8316));
#8318=FACE_OUTER_BOUND('3875',#8317,.F.);
#8319=ADVANCED_FACE('3875',(#8318),#8309,.T.);
#8320=CARTESIAN_POINT('',(6.55E0,-2.35E0,-8.35E-1));
#8321=DIRECTION('',(0.E0,0.E0,-1.E0));
#8322=DIRECTION('',(-1.E0,0.E0,0.E0));
#8323=AXIS2_PLACEMENT_3D('',#8320,#8321,#8322);
#8324=PLANE('3878',#8323);
#8325=ORIENTED_EDGE('4520',*,*,#6859,.F.);
#8327=ORIENTED_EDGE('4540',*,*,#8326,.T.);
#8329=ORIENTED_EDGE('4512',*,*,#8328,.T.);
#8330=ORIENTED_EDGE('4534',*,*,#8311,.F.);
#8331=EDGE_LOOP('3878',(#8325,#8327,#8329,#8330));
#8332=FACE_OUTER_BOUND('3878',#8331,.F.);
#8333=ADVANCED_FACE('3878',(#8332),#8324,.T.);
#8334=CARTESIAN_POINT('',(6.55E0,-2.35E0,-4.35E-1));
#8335=DIRECTION('',(1.E0,0.E0,0.E0));
#8336=DIRECTION('',(0.E0,0.E0,-1.E0));
#8337=AXIS2_PLACEMENT_3D('',#8334,#8335,#8336);
#8338=PLANE('3877',#8337);
#8339=ORIENTED_EDGE('4519',*,*,#6857,.F.);
#8341=ORIENTED_EDGE('4538',*,*,#8340,.T.);
#8343=ORIENTED_EDGE('4511',*,*,#8342,.T.);
#8344=ORIENTED_EDGE('4540',*,*,#8326,.F.);
#8345=EDGE_LOOP('3877',(#8339,#8341,#8343,#8344));
#8346=FACE_OUTER_BOUND('3877',#8345,.F.);
#8347=ADVANCED_FACE('3877',(#8346),#8338,.T.);
#8348=CARTESIAN_POINT('',(6.15E0,-2.35E0,-4.35E-1));
#8349=DIRECTION('',(0.E0,0.E0,1.E0));
#8350=DIRECTION('',(1.E0,0.E0,0.E0));
#8351=AXIS2_PLACEMENT_3D('',#8348,#8349,#8350);
#8352=PLANE('3876',#8351);
#8353=ORIENTED_EDGE('4518',*,*,#6855,.F.);
#8354=ORIENTED_EDGE('4536',*,*,#8315,.T.);
#8356=ORIENTED_EDGE('4510',*,*,#8355,.T.);
#8357=ORIENTED_EDGE('4538',*,*,#8340,.F.);
#8358=EDGE_LOOP('3876',(#8353,#8354,#8356,#8357));
#8359=FACE_OUTER_BOUND('3876',#8358,.F.);
#8360=ADVANCED_FACE('3876',(#8359),#8352,.T.);
#8361=CARTESIAN_POINT('',(6.35E0,5.5E0,0.E0));
#8362=DIRECTION('',(0.E0,1.E0,0.E0));
#8363=DIRECTION('',(1.E0,0.E0,0.E0));
#8364=AXIS2_PLACEMENT_3D('',#8361,#8362,#8363);
#8365=PLANE('3874',#8364);
#8366=ORIENTED_EDGE('4509',*,*,#8313,.F.);
#8367=ORIENTED_EDGE('4512',*,*,#8328,.F.);
#8368=ORIENTED_EDGE('4511',*,*,#8342,.F.);
#8369=ORIENTED_EDGE('4510',*,*,#8355,.F.);
#8370=EDGE_LOOP('3874',(#8366,#8367,#8368,#8369));
#8371=FACE_OUTER_BOUND('3874',#8370,.F.);
#8372=ADVANCED_FACE('3874',(#8371),#8365,.T.);
#8373=CARTESIAN_POINT('',(6.15E0,-2.35E0,8.35E-1));
#8374=DIRECTION('',(0.E0,0.E0,1.E0));
#8375=DIRECTION('',(1.E0,0.E0,0.E0));
#8376=AXIS2_PLACEMENT_3D('',#8373,#8374,#8375);
#8377=PLANE('3879',#8376);
#8378=ORIENTED_EDGE('4521',*,*,#6863,.F.);
#8380=ORIENTED_EDGE('4542',*,*,#8379,.T.);
#8382=ORIENTED_EDGE('4513',*,*,#8381,.T.);
#8384=ORIENTED_EDGE('4544',*,*,#8383,.F.);
#8385=EDGE_LOOP('3879',(#8378,#8380,#8382,#8384));
#8386=FACE_OUTER_BOUND('3879',#8385,.F.);
#8387=ADVANCED_FACE('3879',(#8386),#8377,.T.);
#8388=CARTESIAN_POINT('',(6.15E0,-2.35E0,4.35E-1));
#8389=DIRECTION('',(-1.E0,0.E0,0.E0));
#8390=DIRECTION('',(0.E0,0.E0,1.E0));
#8391=AXIS2_PLACEMENT_3D('',#8388,#8389,#8390);
#8392=PLANE('3882',#8391);
#8393=ORIENTED_EDGE('4524',*,*,#6869,.F.);
#8395=ORIENTED_EDGE('4548',*,*,#8394,.T.);
#8397=ORIENTED_EDGE('4516',*,*,#8396,.T.);
#8398=ORIENTED_EDGE('4542',*,*,#8379,.F.);
#8399=EDGE_LOOP('3882',(#8393,#8395,#8397,#8398));
#8400=FACE_OUTER_BOUND('3882',#8399,.F.);
#8401=ADVANCED_FACE('3882',(#8400),#8392,.T.);
#8402=CARTESIAN_POINT('',(6.55E0,-2.35E0,4.35E-1));
#8403=DIRECTION('',(0.E0,0.E0,-1.E0));
#8404=DIRECTION('',(-1.E0,0.E0,0.E0));
#8405=AXIS2_PLACEMENT_3D('',#8402,#8403,#8404);
#8406=PLANE('3881',#8405);
#8407=ORIENTED_EDGE('4523',*,*,#6867,.F.);
#8409=ORIENTED_EDGE('4546',*,*,#8408,.T.);
#8411=ORIENTED_EDGE('4515',*,*,#8410,.T.);
#8412=ORIENTED_EDGE('4548',*,*,#8394,.F.);
#8413=EDGE_LOOP('3881',(#8407,#8409,#8411,#8412));
#8414=FACE_OUTER_BOUND('3881',#8413,.F.);
#8415=ADVANCED_FACE('3881',(#8414),#8406,.T.);
#8416=CARTESIAN_POINT('',(6.55E0,-2.35E0,8.35E-1));
#8417=DIRECTION('',(1.E0,0.E0,0.E0));
#8418=DIRECTION('',(0.E0,0.E0,-1.E0));
#8419=AXIS2_PLACEMENT_3D('',#8416,#8417,#8418);
#8420=PLANE('3880',#8419);
#8421=ORIENTED_EDGE('4522',*,*,#6865,.F.);
#8422=ORIENTED_EDGE('4544',*,*,#8383,.T.);
#8424=ORIENTED_EDGE('4514',*,*,#8423,.T.);
#8425=ORIENTED_EDGE('4546',*,*,#8408,.F.);
#8426=EDGE_LOOP('3880',(#8421,#8422,#8424,#8425));
#8427=FACE_OUTER_BOUND('3880',#8426,.F.);
#8428=ADVANCED_FACE('3880',(#8427),#8420,.T.);
#8429=CARTESIAN_POINT('',(6.35E0,5.5E0,0.E0));
#8430=DIRECTION('',(0.E0,1.E0,0.E0));
#8431=DIRECTION('',(1.E0,0.E0,0.E0));
#8432=AXIS2_PLACEMENT_3D('',#8429,#8430,#8431);
#8433=PLANE('3723',#8432);
#8434=ORIENTED_EDGE('4513',*,*,#8381,.F.);
#8435=ORIENTED_EDGE('4516',*,*,#8396,.F.);
#8436=ORIENTED_EDGE('4515',*,*,#8410,.F.);
#8437=ORIENTED_EDGE('4514',*,*,#8423,.F.);
#8438=EDGE_LOOP('3723',(#8434,#8435,#8436,#8437));
#8439=FACE_OUTER_BOUND('3723',#8438,.F.);
#8440=ADVANCED_FACE('3723',(#8439),#8433,.T.);
#8441=CARTESIAN_POINT('',(7.42E0,-2.35E0,-8.35E-1));
#8442=DIRECTION('',(-1.E0,0.E0,0.E0));
#8443=DIRECTION('',(0.E0,0.E0,1.E0));
#8444=AXIS2_PLACEMENT_3D('',#8441,#8442,#8443);
#8445=PLANE('3885',#8444);
#8446=ORIENTED_EDGE('4565',*,*,#6873,.F.);
#8448=ORIENTED_EDGE('4582',*,*,#8447,.T.);
#8450=ORIENTED_EDGE('4557',*,*,#8449,.T.);
#8452=ORIENTED_EDGE('4584',*,*,#8451,.F.);
#8453=EDGE_LOOP('3885',(#8446,#8448,#8450,#8452));
#8454=FACE_OUTER_BOUND('3885',#8453,.F.);
#8455=ADVANCED_FACE('3885',(#8454),#8445,.T.);
#8456=CARTESIAN_POINT('',(7.82E0,-2.35E0,-8.35E-1));
#8457=DIRECTION('',(0.E0,0.E0,-1.E0));
#8458=DIRECTION('',(-1.E0,0.E0,0.E0));
#8459=AXIS2_PLACEMENT_3D('',#8456,#8457,#8458);
#8460=PLANE('3888',#8459);
#8461=ORIENTED_EDGE('4568',*,*,#6879,.F.);
#8463=ORIENTED_EDGE('4588',*,*,#8462,.T.);
#8465=ORIENTED_EDGE('4560',*,*,#8464,.T.);
#8466=ORIENTED_EDGE('4582',*,*,#8447,.F.);
#8467=EDGE_LOOP('3888',(#8461,#8463,#8465,#8466));
#8468=FACE_OUTER_BOUND('3888',#8467,.F.);
#8469=ADVANCED_FACE('3888',(#8468),#8460,.T.);
#8470=CARTESIAN_POINT('',(7.82E0,-2.35E0,-4.35E-1));
#8471=DIRECTION('',(1.E0,0.E0,0.E0));
#8472=DIRECTION('',(0.E0,0.E0,-1.E0));
#8473=AXIS2_PLACEMENT_3D('',#8470,#8471,#8472);
#8474=PLANE('3887',#8473);
#8475=ORIENTED_EDGE('4567',*,*,#6877,.F.);
#8477=ORIENTED_EDGE('4586',*,*,#8476,.T.);
#8479=ORIENTED_EDGE('4559',*,*,#8478,.T.);
#8480=ORIENTED_EDGE('4588',*,*,#8462,.F.);
#8481=EDGE_LOOP('3887',(#8475,#8477,#8479,#8480));
#8482=FACE_OUTER_BOUND('3887',#8481,.F.);
#8483=ADVANCED_FACE('3887',(#8482),#8474,.T.);
#8484=CARTESIAN_POINT('',(7.42E0,-2.35E0,-4.35E-1));
#8485=DIRECTION('',(0.E0,0.E0,1.E0));
#8486=DIRECTION('',(1.E0,0.E0,0.E0));
#8487=AXIS2_PLACEMENT_3D('',#8484,#8485,#8486);
#8488=PLANE('3886',#8487);
#8489=ORIENTED_EDGE('4566',*,*,#6875,.F.);
#8490=ORIENTED_EDGE('4584',*,*,#8451,.T.);
#8492=ORIENTED_EDGE('4558',*,*,#8491,.T.);
#8493=ORIENTED_EDGE('4586',*,*,#8476,.F.);
#8494=EDGE_LOOP('3886',(#8489,#8490,#8492,#8493));
#8495=FACE_OUTER_BOUND('3886',#8494,.F.);
#8496=ADVANCED_FACE('3886',(#8495),#8488,.T.);
#8497=CARTESIAN_POINT('',(7.62E0,5.5E0,0.E0));
#8498=DIRECTION('',(0.E0,1.E0,0.E0));
#8499=DIRECTION('',(1.E0,0.E0,0.E0));
#8500=AXIS2_PLACEMENT_3D('',#8497,#8498,#8499);
#8501=PLANE('3884',#8500);
#8502=ORIENTED_EDGE('4557',*,*,#8449,.F.);
#8503=ORIENTED_EDGE('4560',*,*,#8464,.F.);
#8504=ORIENTED_EDGE('4559',*,*,#8478,.F.);
#8505=ORIENTED_EDGE('4558',*,*,#8491,.F.);
#8506=EDGE_LOOP('3884',(#8502,#8503,#8504,#8505));
#8507=FACE_OUTER_BOUND('3884',#8506,.F.);
#8508=ADVANCED_FACE('3884',(#8507),#8501,.T.);
#8509=CARTESIAN_POINT('',(7.42E0,-2.35E0,8.35E-1));
#8510=DIRECTION('',(0.E0,0.E0,1.E0));
#8511=DIRECTION('',(1.E0,0.E0,0.E0));
#8512=AXIS2_PLACEMENT_3D('',#8509,#8510,#8511);
#8513=PLANE('3889',#8512);
#8514=ORIENTED_EDGE('4569',*,*,#6883,.F.);
#8516=ORIENTED_EDGE('4590',*,*,#8515,.T.);
#8518=ORIENTED_EDGE('4561',*,*,#8517,.T.);
#8520=ORIENTED_EDGE('4592',*,*,#8519,.F.);
#8521=EDGE_LOOP('3889',(#8514,#8516,#8518,#8520));
#8522=FACE_OUTER_BOUND('3889',#8521,.F.);
#8523=ADVANCED_FACE('3889',(#8522),#8513,.T.);
#8524=CARTESIAN_POINT('',(7.42E0,-2.35E0,4.35E-1));
#8525=DIRECTION('',(-1.E0,0.E0,0.E0));
#8526=DIRECTION('',(0.E0,0.E0,1.E0));
#8527=AXIS2_PLACEMENT_3D('',#8524,#8525,#8526);
#8528=PLANE('3892',#8527);
#8529=ORIENTED_EDGE('4572',*,*,#6889,.F.);
#8531=ORIENTED_EDGE('4596',*,*,#8530,.T.);
#8533=ORIENTED_EDGE('4564',*,*,#8532,.T.);
#8534=ORIENTED_EDGE('4590',*,*,#8515,.F.);
#8535=EDGE_LOOP('3892',(#8529,#8531,#8533,#8534));
#8536=FACE_OUTER_BOUND('3892',#8535,.F.);
#8537=ADVANCED_FACE('3892',(#8536),#8528,.T.);
#8538=CARTESIAN_POINT('',(7.82E0,-2.35E0,4.35E-1));
#8539=DIRECTION('',(0.E0,0.E0,-1.E0));
#8540=DIRECTION('',(-1.E0,0.E0,0.E0));
#8541=AXIS2_PLACEMENT_3D('',#8538,#8539,#8540);
#8542=PLANE('3891',#8541);
#8543=ORIENTED_EDGE('4571',*,*,#6887,.F.);
#8545=ORIENTED_EDGE('4594',*,*,#8544,.T.);
#8547=ORIENTED_EDGE('4563',*,*,#8546,.T.);
#8548=ORIENTED_EDGE('4596',*,*,#8530,.F.);
#8549=EDGE_LOOP('3891',(#8543,#8545,#8547,#8548));
#8550=FACE_OUTER_BOUND('3891',#8549,.F.);
#8551=ADVANCED_FACE('3891',(#8550),#8542,.T.);
#8552=CARTESIAN_POINT('',(7.82E0,-2.35E0,8.35E-1));
#8553=DIRECTION('',(1.E0,0.E0,0.E0));
#8554=DIRECTION('',(0.E0,0.E0,-1.E0));
#8555=AXIS2_PLACEMENT_3D('',#8552,#8553,#8554);
#8556=PLANE('3890',#8555);
#8557=ORIENTED_EDGE('4570',*,*,#6885,.F.);
#8558=ORIENTED_EDGE('4592',*,*,#8519,.T.);
#8560=ORIENTED_EDGE('4562',*,*,#8559,.T.);
#8561=ORIENTED_EDGE('4594',*,*,#8544,.F.);
#8562=EDGE_LOOP('3890',(#8557,#8558,#8560,#8561));
#8563=FACE_OUTER_BOUND('3890',#8562,.F.);
#8564=ADVANCED_FACE('3890',(#8563),#8556,.T.);
#8565=CARTESIAN_POINT('',(7.62E0,5.5E0,0.E0));
#8566=DIRECTION('',(0.E0,1.E0,0.E0));
#8567=DIRECTION('',(1.E0,0.E0,0.E0));
#8568=AXIS2_PLACEMENT_3D('',#8565,#8566,#8567);
#8569=PLANE('3733',#8568);
#8570=ORIENTED_EDGE('4561',*,*,#8517,.F.);
#8571=ORIENTED_EDGE('4564',*,*,#8532,.F.);
#8572=ORIENTED_EDGE('4563',*,*,#8546,.F.);
#8573=ORIENTED_EDGE('4562',*,*,#8559,.F.);
#8574=EDGE_LOOP('3733',(#8570,#8571,#8572,#8573));
#8575=FACE_OUTER_BOUND('3733',#8574,.F.);
#8576=ADVANCED_FACE('3733',(#8575),#8569,.T.);
#8577=CARTESIAN_POINT('',(8.69E0,-2.35E0,-8.35E-1));
#8578=DIRECTION('',(-1.E0,0.E0,0.E0));
#8579=DIRECTION('',(0.E0,0.E0,1.E0));
#8580=AXIS2_PLACEMENT_3D('',#8577,#8578,#8579);
#8581=PLANE('3895',#8580);
#8582=ORIENTED_EDGE('4613',*,*,#6893,.F.);
#8584=ORIENTED_EDGE('4630',*,*,#8583,.T.);
#8586=ORIENTED_EDGE('4605',*,*,#8585,.T.);
#8588=ORIENTED_EDGE('4632',*,*,#8587,.F.);
#8589=EDGE_LOOP('3895',(#8582,#8584,#8586,#8588));
#8590=FACE_OUTER_BOUND('3895',#8589,.F.);
#8591=ADVANCED_FACE('3895',(#8590),#8581,.T.);
#8592=CARTESIAN_POINT('',(9.09E0,-2.35E0,-8.35E-1));
#8593=DIRECTION('',(0.E0,0.E0,-1.E0));
#8594=DIRECTION('',(-1.E0,0.E0,0.E0));
#8595=AXIS2_PLACEMENT_3D('',#8592,#8593,#8594);
#8596=PLANE('3898',#8595);
#8597=ORIENTED_EDGE('4616',*,*,#6899,.F.);
#8599=ORIENTED_EDGE('4636',*,*,#8598,.T.);
#8601=ORIENTED_EDGE('4608',*,*,#8600,.T.);
#8602=ORIENTED_EDGE('4630',*,*,#8583,.F.);
#8603=EDGE_LOOP('3898',(#8597,#8599,#8601,#8602));
#8604=FACE_OUTER_BOUND('3898',#8603,.F.);
#8605=ADVANCED_FACE('3898',(#8604),#8596,.T.);
#8606=CARTESIAN_POINT('',(9.09E0,-2.35E0,-4.35E-1));
#8607=DIRECTION('',(1.E0,0.E0,0.E0));
#8608=DIRECTION('',(0.E0,0.E0,-1.E0));
#8609=AXIS2_PLACEMENT_3D('',#8606,#8607,#8608);
#8610=PLANE('3897',#8609);
#8611=ORIENTED_EDGE('4615',*,*,#6897,.F.);
#8613=ORIENTED_EDGE('4634',*,*,#8612,.T.);
#8615=ORIENTED_EDGE('4607',*,*,#8614,.T.);
#8616=ORIENTED_EDGE('4636',*,*,#8598,.F.);
#8617=EDGE_LOOP('3897',(#8611,#8613,#8615,#8616));
#8618=FACE_OUTER_BOUND('3897',#8617,.F.);
#8619=ADVANCED_FACE('3897',(#8618),#8610,.T.);
#8620=CARTESIAN_POINT('',(8.69E0,-2.35E0,-4.35E-1));
#8621=DIRECTION('',(0.E0,0.E0,1.E0));
#8622=DIRECTION('',(1.E0,0.E0,0.E0));
#8623=AXIS2_PLACEMENT_3D('',#8620,#8621,#8622);
#8624=PLANE('3896',#8623);
#8625=ORIENTED_EDGE('4614',*,*,#6895,.F.);
#8626=ORIENTED_EDGE('4632',*,*,#8587,.T.);
#8628=ORIENTED_EDGE('4606',*,*,#8627,.T.);
#8629=ORIENTED_EDGE('4634',*,*,#8612,.F.);
#8630=EDGE_LOOP('3896',(#8625,#8626,#8628,#8629));
#8631=FACE_OUTER_BOUND('3896',#8630,.F.);
#8632=ADVANCED_FACE('3896',(#8631),#8624,.T.);
#8633=CARTESIAN_POINT('',(8.89E0,5.5E0,0.E0));
#8634=DIRECTION('',(0.E0,1.E0,0.E0));
#8635=DIRECTION('',(1.E0,0.E0,0.E0));
#8636=AXIS2_PLACEMENT_3D('',#8633,#8634,#8635);
#8637=PLANE('3894',#8636);
#8638=ORIENTED_EDGE('4605',*,*,#8585,.F.);
#8639=ORIENTED_EDGE('4608',*,*,#8600,.F.);
#8640=ORIENTED_EDGE('4607',*,*,#8614,.F.);
#8641=ORIENTED_EDGE('4606',*,*,#8627,.F.);
#8642=EDGE_LOOP('3894',(#8638,#8639,#8640,#8641));
#8643=FACE_OUTER_BOUND('3894',#8642,.F.);
#8644=ADVANCED_FACE('3894',(#8643),#8637,.T.);
#8645=CARTESIAN_POINT('',(8.69E0,-2.35E0,8.35E-1));
#8646=DIRECTION('',(0.E0,0.E0,1.E0));
#8647=DIRECTION('',(1.E0,0.E0,0.E0));
#8648=AXIS2_PLACEMENT_3D('',#8645,#8646,#8647);
#8649=PLANE('3899',#8648);
#8650=ORIENTED_EDGE('4617',*,*,#6903,.F.);
#8652=ORIENTED_EDGE('4638',*,*,#8651,.T.);
#8654=ORIENTED_EDGE('4609',*,*,#8653,.T.);
#8656=ORIENTED_EDGE('4640',*,*,#8655,.F.);
#8657=EDGE_LOOP('3899',(#8650,#8652,#8654,#8656));
#8658=FACE_OUTER_BOUND('3899',#8657,.F.);
#8659=ADVANCED_FACE('3899',(#8658),#8649,.T.);
#8660=CARTESIAN_POINT('',(8.69E0,-2.35E0,4.35E-1));
#8661=DIRECTION('',(-1.E0,0.E0,0.E0));
#8662=DIRECTION('',(0.E0,0.E0,1.E0));
#8663=AXIS2_PLACEMENT_3D('',#8660,#8661,#8662);
#8664=PLANE('3902',#8663);
#8665=ORIENTED_EDGE('4620',*,*,#6909,.F.);
#8667=ORIENTED_EDGE('4644',*,*,#8666,.T.);
#8669=ORIENTED_EDGE('4612',*,*,#8668,.T.);
#8670=ORIENTED_EDGE('4638',*,*,#8651,.F.);
#8671=EDGE_LOOP('3902',(#8665,#8667,#8669,#8670));
#8672=FACE_OUTER_BOUND('3902',#8671,.F.);
#8673=ADVANCED_FACE('3902',(#8672),#8664,.T.);
#8674=CARTESIAN_POINT('',(9.09E0,-2.35E0,4.35E-1));
#8675=DIRECTION('',(0.E0,0.E0,-1.E0));
#8676=DIRECTION('',(-1.E0,0.E0,0.E0));
#8677=AXIS2_PLACEMENT_3D('',#8674,#8675,#8676);
#8678=PLANE('3901',#8677);
#8679=ORIENTED_EDGE('4619',*,*,#6907,.F.);
#8681=ORIENTED_EDGE('4642',*,*,#8680,.T.);
#8683=ORIENTED_EDGE('4611',*,*,#8682,.T.);
#8684=ORIENTED_EDGE('4644',*,*,#8666,.F.);
#8685=EDGE_LOOP('3901',(#8679,#8681,#8683,#8684));
#8686=FACE_OUTER_BOUND('3901',#8685,.F.);
#8687=ADVANCED_FACE('3901',(#8686),#8678,.T.);
#8688=CARTESIAN_POINT('',(9.09E0,-2.35E0,8.35E-1));
#8689=DIRECTION('',(1.E0,0.E0,0.E0));
#8690=DIRECTION('',(0.E0,0.E0,-1.E0));
#8691=AXIS2_PLACEMENT_3D('',#8688,#8689,#8690);
#8692=PLANE('3900',#8691);
#8693=ORIENTED_EDGE('4618',*,*,#6905,.F.);
#8694=ORIENTED_EDGE('4640',*,*,#8655,.T.);
#8696=ORIENTED_EDGE('4610',*,*,#8695,.T.);
#8697=ORIENTED_EDGE('4642',*,*,#8680,.F.);
#8698=EDGE_LOOP('3900',(#8693,#8694,#8696,#8697));
#8699=FACE_OUTER_BOUND('3900',#8698,.F.);
#8700=ADVANCED_FACE('3900',(#8699),#8692,.T.);
#8701=CARTESIAN_POINT('',(8.89E0,5.5E0,0.E0));
#8702=DIRECTION('',(0.E0,1.E0,0.E0));
#8703=DIRECTION('',(1.E0,0.E0,0.E0));
#8704=AXIS2_PLACEMENT_3D('',#8701,#8702,#8703);
#8705=PLANE('3743',#8704);
#8706=ORIENTED_EDGE('4609',*,*,#8653,.F.);
#8707=ORIENTED_EDGE('4612',*,*,#8668,.F.);
#8708=ORIENTED_EDGE('4611',*,*,#8682,.F.);
#8709=ORIENTED_EDGE('4610',*,*,#8695,.F.);
#8710=EDGE_LOOP('3743',(#8706,#8707,#8708,#8709));
#8711=FACE_OUTER_BOUND('3743',#8710,.F.);
#8712=ADVANCED_FACE('3743',(#8711),#8705,.T.);
#8713=CARTESIAN_POINT('',(9.96E0,-2.35E0,-8.35E-1));
#8714=DIRECTION('',(-1.E0,0.E0,0.E0));
#8715=DIRECTION('',(0.E0,0.E0,1.E0));
#8716=AXIS2_PLACEMENT_3D('',#8713,#8714,#8715);
#8717=PLANE('3905',#8716);
#8718=ORIENTED_EDGE('4661',*,*,#6913,.F.);
#8720=ORIENTED_EDGE('4678',*,*,#8719,.T.);
#8722=ORIENTED_EDGE('4653',*,*,#8721,.T.);
#8724=ORIENTED_EDGE('4680',*,*,#8723,.F.);
#8725=EDGE_LOOP('3905',(#8718,#8720,#8722,#8724));
#8726=FACE_OUTER_BOUND('3905',#8725,.F.);
#8727=ADVANCED_FACE('3905',(#8726),#8717,.T.);
#8728=CARTESIAN_POINT('',(1.036E1,-2.35E0,-8.35E-1));
#8729=DIRECTION('',(0.E0,0.E0,-1.E0));
#8730=DIRECTION('',(-1.E0,0.E0,0.E0));
#8731=AXIS2_PLACEMENT_3D('',#8728,#8729,#8730);
#8732=PLANE('3908',#8731);
#8733=ORIENTED_EDGE('4664',*,*,#6919,.F.);
#8735=ORIENTED_EDGE('4684',*,*,#8734,.T.);
#8737=ORIENTED_EDGE('4656',*,*,#8736,.T.);
#8738=ORIENTED_EDGE('4678',*,*,#8719,.F.);
#8739=EDGE_LOOP('3908',(#8733,#8735,#8737,#8738));
#8740=FACE_OUTER_BOUND('3908',#8739,.F.);
#8741=ADVANCED_FACE('3908',(#8740),#8732,.T.);
#8742=CARTESIAN_POINT('',(1.036E1,-2.35E0,-4.35E-1));
#8743=DIRECTION('',(1.E0,0.E0,0.E0));
#8744=DIRECTION('',(0.E0,0.E0,-1.E0));
#8745=AXIS2_PLACEMENT_3D('',#8742,#8743,#8744);
#8746=PLANE('3907',#8745);
#8747=ORIENTED_EDGE('4663',*,*,#6917,.F.);
#8749=ORIENTED_EDGE('4682',*,*,#8748,.T.);
#8751=ORIENTED_EDGE('4655',*,*,#8750,.T.);
#8752=ORIENTED_EDGE('4684',*,*,#8734,.F.);
#8753=EDGE_LOOP('3907',(#8747,#8749,#8751,#8752));
#8754=FACE_OUTER_BOUND('3907',#8753,.F.);
#8755=ADVANCED_FACE('3907',(#8754),#8746,.T.);
#8756=CARTESIAN_POINT('',(9.96E0,-2.35E0,-4.35E-1));
#8757=DIRECTION('',(0.E0,0.E0,1.E0));
#8758=DIRECTION('',(1.E0,0.E0,0.E0));
#8759=AXIS2_PLACEMENT_3D('',#8756,#8757,#8758);
#8760=PLANE('3906',#8759);
#8761=ORIENTED_EDGE('4662',*,*,#6915,.F.);
#8762=ORIENTED_EDGE('4680',*,*,#8723,.T.);
#8764=ORIENTED_EDGE('4654',*,*,#8763,.T.);
#8765=ORIENTED_EDGE('4682',*,*,#8748,.F.);
#8766=EDGE_LOOP('3906',(#8761,#8762,#8764,#8765));
#8767=FACE_OUTER_BOUND('3906',#8766,.F.);
#8768=ADVANCED_FACE('3906',(#8767),#8760,.T.);
#8769=CARTESIAN_POINT('',(1.016E1,5.5E0,0.E0));
#8770=DIRECTION('',(0.E0,1.E0,0.E0));
#8771=DIRECTION('',(1.E0,0.E0,0.E0));
#8772=AXIS2_PLACEMENT_3D('',#8769,#8770,#8771);
#8773=PLANE('3904',#8772);
#8774=ORIENTED_EDGE('4653',*,*,#8721,.F.);
#8775=ORIENTED_EDGE('4656',*,*,#8736,.F.);
#8776=ORIENTED_EDGE('4655',*,*,#8750,.F.);
#8777=ORIENTED_EDGE('4654',*,*,#8763,.F.);
#8778=EDGE_LOOP('3904',(#8774,#8775,#8776,#8777));
#8779=FACE_OUTER_BOUND('3904',#8778,.F.);
#8780=ADVANCED_FACE('3904',(#8779),#8773,.T.);
#8781=CARTESIAN_POINT('',(9.96E0,-2.35E0,8.35E-1));
#8782=DIRECTION('',(0.E0,0.E0,1.E0));
#8783=DIRECTION('',(1.E0,0.E0,0.E0));
#8784=AXIS2_PLACEMENT_3D('',#8781,#8782,#8783);
#8785=PLANE('3909',#8784);
#8786=ORIENTED_EDGE('4665',*,*,#6923,.F.);
#8788=ORIENTED_EDGE('4686',*,*,#8787,.T.);
#8790=ORIENTED_EDGE('4657',*,*,#8789,.T.);
#8792=ORIENTED_EDGE('4688',*,*,#8791,.F.);
#8793=EDGE_LOOP('3909',(#8786,#8788,#8790,#8792));
#8794=FACE_OUTER_BOUND('3909',#8793,.F.);
#8795=ADVANCED_FACE('3909',(#8794),#8785,.T.);
#8796=CARTESIAN_POINT('',(9.96E0,-2.35E0,4.35E-1));
#8797=DIRECTION('',(-1.E0,0.E0,0.E0));
#8798=DIRECTION('',(0.E0,0.E0,1.E0));
#8799=AXIS2_PLACEMENT_3D('',#8796,#8797,#8798);
#8800=PLANE('3912',#8799);
#8801=ORIENTED_EDGE('4668',*,*,#6929,.F.);
#8803=ORIENTED_EDGE('4692',*,*,#8802,.T.);
#8805=ORIENTED_EDGE('4660',*,*,#8804,.T.);
#8806=ORIENTED_EDGE('4686',*,*,#8787,.F.);
#8807=EDGE_LOOP('3912',(#8801,#8803,#8805,#8806));
#8808=FACE_OUTER_BOUND('3912',#8807,.F.);
#8809=ADVANCED_FACE('3912',(#8808),#8800,.T.);
#8810=CARTESIAN_POINT('',(1.036E1,-2.35E0,4.35E-1));
#8811=DIRECTION('',(0.E0,0.E0,-1.E0));
#8812=DIRECTION('',(-1.E0,0.E0,0.E0));
#8813=AXIS2_PLACEMENT_3D('',#8810,#8811,#8812);
#8814=PLANE('3911',#8813);
#8815=ORIENTED_EDGE('4667',*,*,#6927,.F.);
#8817=ORIENTED_EDGE('4690',*,*,#8816,.T.);
#8819=ORIENTED_EDGE('4659',*,*,#8818,.T.);
#8820=ORIENTED_EDGE('4692',*,*,#8802,.F.);
#8821=EDGE_LOOP('3911',(#8815,#8817,#8819,#8820));
#8822=FACE_OUTER_BOUND('3911',#8821,.F.);
#8823=ADVANCED_FACE('3911',(#8822),#8814,.T.);
#8824=CARTESIAN_POINT('',(1.036E1,-2.35E0,8.35E-1));
#8825=DIRECTION('',(1.E0,0.E0,0.E0));
#8826=DIRECTION('',(0.E0,0.E0,-1.E0));
#8827=AXIS2_PLACEMENT_3D('',#8824,#8825,#8826);
#8828=PLANE('3910',#8827);
#8829=ORIENTED_EDGE('4666',*,*,#6925,.F.);
#8830=ORIENTED_EDGE('4688',*,*,#8791,.T.);
#8832=ORIENTED_EDGE('4658',*,*,#8831,.T.);
#8833=ORIENTED_EDGE('4690',*,*,#8816,.F.);
#8834=EDGE_LOOP('3910',(#8829,#8830,#8832,#8833));
#8835=FACE_OUTER_BOUND('3910',#8834,.F.);
#8836=ADVANCED_FACE('3910',(#8835),#8828,.T.);
#8837=CARTESIAN_POINT('',(1.016E1,5.5E0,0.E0));
#8838=DIRECTION('',(0.E0,1.E0,0.E0));
#8839=DIRECTION('',(1.E0,0.E0,0.E0));
#8840=AXIS2_PLACEMENT_3D('',#8837,#8838,#8839);
#8841=PLANE('3753',#8840);
#8842=ORIENTED_EDGE('4657',*,*,#8789,.F.);
#8843=ORIENTED_EDGE('4660',*,*,#8804,.F.);
#8844=ORIENTED_EDGE('4659',*,*,#8818,.F.);
#8845=ORIENTED_EDGE('4658',*,*,#8831,.F.);
#8846=EDGE_LOOP('3753',(#8842,#8843,#8844,#8845));
#8847=FACE_OUTER_BOUND('3753',#8846,.F.);
#8848=ADVANCED_FACE('3753',(#8847),#8841,.T.);
#8849=CARTESIAN_POINT('',(1.123E1,-2.35E0,-8.35E-1));
#8850=DIRECTION('',(-1.E0,0.E0,0.E0));
#8851=DIRECTION('',(0.E0,0.E0,1.E0));
#8852=AXIS2_PLACEMENT_3D('',#8849,#8850,#8851);
#8853=PLANE('3915',#8852);
#8854=ORIENTED_EDGE('4709',*,*,#6933,.F.);
#8856=ORIENTED_EDGE('4726',*,*,#8855,.T.);
#8858=ORIENTED_EDGE('4701',*,*,#8857,.T.);
#8860=ORIENTED_EDGE('4728',*,*,#8859,.F.);
#8861=EDGE_LOOP('3915',(#8854,#8856,#8858,#8860));
#8862=FACE_OUTER_BOUND('3915',#8861,.F.);
#8863=ADVANCED_FACE('3915',(#8862),#8853,.T.);
#8864=CARTESIAN_POINT('',(1.163E1,-2.35E0,-8.35E-1));
#8865=DIRECTION('',(0.E0,0.E0,-1.E0));
#8866=DIRECTION('',(-1.E0,0.E0,0.E0));
#8867=AXIS2_PLACEMENT_3D('',#8864,#8865,#8866);
#8868=PLANE('3918',#8867);
#8869=ORIENTED_EDGE('4712',*,*,#6939,.F.);
#8871=ORIENTED_EDGE('4732',*,*,#8870,.T.);
#8873=ORIENTED_EDGE('4704',*,*,#8872,.T.);
#8874=ORIENTED_EDGE('4726',*,*,#8855,.F.);
#8875=EDGE_LOOP('3918',(#8869,#8871,#8873,#8874));
#8876=FACE_OUTER_BOUND('3918',#8875,.F.);
#8877=ADVANCED_FACE('3918',(#8876),#8868,.T.);
#8878=CARTESIAN_POINT('',(1.163E1,-2.35E0,-4.35E-1));
#8879=DIRECTION('',(1.E0,0.E0,0.E0));
#8880=DIRECTION('',(0.E0,0.E0,-1.E0));
#8881=AXIS2_PLACEMENT_3D('',#8878,#8879,#8880);
#8882=PLANE('3917',#8881);
#8883=ORIENTED_EDGE('4711',*,*,#6937,.F.);
#8885=ORIENTED_EDGE('4730',*,*,#8884,.T.);
#8887=ORIENTED_EDGE('4703',*,*,#8886,.T.);
#8888=ORIENTED_EDGE('4732',*,*,#8870,.F.);
#8889=EDGE_LOOP('3917',(#8883,#8885,#8887,#8888));
#8890=FACE_OUTER_BOUND('3917',#8889,.F.);
#8891=ADVANCED_FACE('3917',(#8890),#8882,.T.);
#8892=CARTESIAN_POINT('',(1.123E1,-2.35E0,-4.35E-1));
#8893=DIRECTION('',(0.E0,0.E0,1.E0));
#8894=DIRECTION('',(1.E0,0.E0,0.E0));
#8895=AXIS2_PLACEMENT_3D('',#8892,#8893,#8894);
#8896=PLANE('3916',#8895);
#8897=ORIENTED_EDGE('4710',*,*,#6935,.F.);
#8898=ORIENTED_EDGE('4728',*,*,#8859,.T.);
#8900=ORIENTED_EDGE('4702',*,*,#8899,.T.);
#8901=ORIENTED_EDGE('4730',*,*,#8884,.F.);
#8902=EDGE_LOOP('3916',(#8897,#8898,#8900,#8901));
#8903=FACE_OUTER_BOUND('3916',#8902,.F.);
#8904=ADVANCED_FACE('3916',(#8903),#8896,.T.);
#8905=CARTESIAN_POINT('',(1.143E1,5.5E0,0.E0));
#8906=DIRECTION('',(0.E0,1.E0,0.E0));
#8907=DIRECTION('',(1.E0,0.E0,0.E0));
#8908=AXIS2_PLACEMENT_3D('',#8905,#8906,#8907);
#8909=PLANE('3914',#8908);
#8910=ORIENTED_EDGE('4701',*,*,#8857,.F.);
#8911=ORIENTED_EDGE('4704',*,*,#8872,.F.);
#8912=ORIENTED_EDGE('4703',*,*,#8886,.F.);
#8913=ORIENTED_EDGE('4702',*,*,#8899,.F.);
#8914=EDGE_LOOP('3914',(#8910,#8911,#8912,#8913));
#8915=FACE_OUTER_BOUND('3914',#8914,.F.);
#8916=ADVANCED_FACE('3914',(#8915),#8909,.T.);
#8917=CARTESIAN_POINT('',(1.123E1,-2.35E0,8.35E-1));
#8918=DIRECTION('',(0.E0,0.E0,1.E0));
#8919=DIRECTION('',(1.E0,0.E0,0.E0));
#8920=AXIS2_PLACEMENT_3D('',#8917,#8918,#8919);
#8921=PLANE('3919',#8920);
#8922=ORIENTED_EDGE('4713',*,*,#6943,.F.);
#8924=ORIENTED_EDGE('4734',*,*,#8923,.T.);
#8926=ORIENTED_EDGE('4705',*,*,#8925,.T.);
#8928=ORIENTED_EDGE('4736',*,*,#8927,.F.);
#8929=EDGE_LOOP('3919',(#8922,#8924,#8926,#8928));
#8930=FACE_OUTER_BOUND('3919',#8929,.F.);
#8931=ADVANCED_FACE('3919',(#8930),#8921,.T.);
#8932=CARTESIAN_POINT('',(1.123E1,-2.35E0,4.35E-1));
#8933=DIRECTION('',(-1.E0,0.E0,0.E0));
#8934=DIRECTION('',(0.E0,0.E0,1.E0));
#8935=AXIS2_PLACEMENT_3D('',#8932,#8933,#8934);
#8936=PLANE('3922',#8935);
#8937=ORIENTED_EDGE('4716',*,*,#6949,.F.);
#8939=ORIENTED_EDGE('4740',*,*,#8938,.T.);
#8941=ORIENTED_EDGE('4708',*,*,#8940,.T.);
#8942=ORIENTED_EDGE('4734',*,*,#8923,.F.);
#8943=EDGE_LOOP('3922',(#8937,#8939,#8941,#8942));
#8944=FACE_OUTER_BOUND('3922',#8943,.F.);
#8945=ADVANCED_FACE('3922',(#8944),#8936,.T.);
#8946=CARTESIAN_POINT('',(1.163E1,-2.35E0,4.35E-1));
#8947=DIRECTION('',(0.E0,0.E0,-1.E0));
#8948=DIRECTION('',(-1.E0,0.E0,0.E0));
#8949=AXIS2_PLACEMENT_3D('',#8946,#8947,#8948);
#8950=PLANE('3921',#8949);
#8951=ORIENTED_EDGE('4715',*,*,#6947,.F.);
#8953=ORIENTED_EDGE('4738',*,*,#8952,.T.);
#8955=ORIENTED_EDGE('4707',*,*,#8954,.T.);
#8956=ORIENTED_EDGE('4740',*,*,#8938,.F.);
#8957=EDGE_LOOP('3921',(#8951,#8953,#8955,#8956));
#8958=FACE_OUTER_BOUND('3921',#8957,.F.);
#8959=ADVANCED_FACE('3921',(#8958),#8950,.T.);
#8960=CARTESIAN_POINT('',(1.163E1,-2.35E0,8.35E-1));
#8961=DIRECTION('',(1.E0,0.E0,0.E0));
#8962=DIRECTION('',(0.E0,0.E0,-1.E0));
#8963=AXIS2_PLACEMENT_3D('',#8960,#8961,#8962);
#8964=PLANE('3920',#8963);
#8965=ORIENTED_EDGE('4714',*,*,#6945,.F.);
#8966=ORIENTED_EDGE('4736',*,*,#8927,.T.);
#8968=ORIENTED_EDGE('4706',*,*,#8967,.T.);
#8969=ORIENTED_EDGE('4738',*,*,#8952,.F.);
#8970=EDGE_LOOP('3920',(#8965,#8966,#8968,#8969));
#8971=FACE_OUTER_BOUND('3920',#8970,.F.);
#8972=ADVANCED_FACE('3920',(#8971),#8964,.T.);
#8973=CARTESIAN_POINT('',(1.143E1,5.5E0,0.E0));
#8974=DIRECTION('',(0.E0,1.E0,0.E0));
#8975=DIRECTION('',(1.E0,0.E0,0.E0));
#8976=AXIS2_PLACEMENT_3D('',#8973,#8974,#8975);
#8977=PLANE('3763',#8976);
#8978=ORIENTED_EDGE('4705',*,*,#8925,.F.);
#8979=ORIENTED_EDGE('4708',*,*,#8940,.F.);
#8980=ORIENTED_EDGE('4707',*,*,#8954,.F.);
#8981=ORIENTED_EDGE('4706',*,*,#8967,.F.);
#8982=EDGE_LOOP('3763',(#8978,#8979,#8980,#8981));
#8983=FACE_OUTER_BOUND('3763',#8982,.F.);
#8984=ADVANCED_FACE('3763',(#8983),#8977,.T.);
#8985=CARTESIAN_POINT('',(1.25E1,-2.35E0,-8.35E-1));
#8986=DIRECTION('',(-1.E0,0.E0,0.E0));
#8987=DIRECTION('',(0.E0,0.E0,1.E0));
#8988=AXIS2_PLACEMENT_3D('',#8985,#8986,#8987);
#8989=PLANE('3925',#8988);
#8990=ORIENTED_EDGE('4757',*,*,#6953,.F.);
#8992=ORIENTED_EDGE('4774',*,*,#8991,.T.);
#8994=ORIENTED_EDGE('4749',*,*,#8993,.T.);
#8996=ORIENTED_EDGE('4776',*,*,#8995,.F.);
#8997=EDGE_LOOP('3925',(#8990,#8992,#8994,#8996));
#8998=FACE_OUTER_BOUND('3925',#8997,.F.);
#8999=ADVANCED_FACE('3925',(#8998),#8989,.T.);
#9000=CARTESIAN_POINT('',(1.29E1,-2.35E0,-8.35E-1));
#9001=DIRECTION('',(0.E0,0.E0,-1.E0));
#9002=DIRECTION('',(-1.E0,0.E0,0.E0));
#9003=AXIS2_PLACEMENT_3D('',#9000,#9001,#9002);
#9004=PLANE('3928',#9003);
#9005=ORIENTED_EDGE('4760',*,*,#6959,.F.);
#9007=ORIENTED_EDGE('4780',*,*,#9006,.T.);
#9009=ORIENTED_EDGE('4752',*,*,#9008,.T.);
#9010=ORIENTED_EDGE('4774',*,*,#8991,.F.);
#9011=EDGE_LOOP('3928',(#9005,#9007,#9009,#9010));
#9012=FACE_OUTER_BOUND('3928',#9011,.F.);
#9013=ADVANCED_FACE('3928',(#9012),#9004,.T.);
#9014=CARTESIAN_POINT('',(1.29E1,-2.35E0,-4.35E-1));
#9015=DIRECTION('',(1.E0,0.E0,0.E0));
#9016=DIRECTION('',(0.E0,0.E0,-1.E0));
#9017=AXIS2_PLACEMENT_3D('',#9014,#9015,#9016);
#9018=PLANE('3927',#9017);
#9019=ORIENTED_EDGE('4759',*,*,#6957,.F.);
#9021=ORIENTED_EDGE('4778',*,*,#9020,.T.);
#9023=ORIENTED_EDGE('4751',*,*,#9022,.T.);
#9024=ORIENTED_EDGE('4780',*,*,#9006,.F.);
#9025=EDGE_LOOP('3927',(#9019,#9021,#9023,#9024));
#9026=FACE_OUTER_BOUND('3927',#9025,.F.);
#9027=ADVANCED_FACE('3927',(#9026),#9018,.T.);
#9028=CARTESIAN_POINT('',(1.25E1,-2.35E0,-4.35E-1));
#9029=DIRECTION('',(0.E0,0.E0,1.E0));
#9030=DIRECTION('',(1.E0,0.E0,0.E0));
#9031=AXIS2_PLACEMENT_3D('',#9028,#9029,#9030);
#9032=PLANE('3926',#9031);
#9033=ORIENTED_EDGE('4758',*,*,#6955,.F.);
#9034=ORIENTED_EDGE('4776',*,*,#8995,.T.);
#9036=ORIENTED_EDGE('4750',*,*,#9035,.T.);
#9037=ORIENTED_EDGE('4778',*,*,#9020,.F.);
#9038=EDGE_LOOP('3926',(#9033,#9034,#9036,#9037));
#9039=FACE_OUTER_BOUND('3926',#9038,.F.);
#9040=ADVANCED_FACE('3926',(#9039),#9032,.T.);
#9041=CARTESIAN_POINT('',(1.27E1,5.5E0,0.E0));
#9042=DIRECTION('',(0.E0,1.E0,0.E0));
#9043=DIRECTION('',(1.E0,0.E0,0.E0));
#9044=AXIS2_PLACEMENT_3D('',#9041,#9042,#9043);
#9045=PLANE('3924',#9044);
#9046=ORIENTED_EDGE('4749',*,*,#8993,.F.);
#9047=ORIENTED_EDGE('4752',*,*,#9008,.F.);
#9048=ORIENTED_EDGE('4751',*,*,#9022,.F.);
#9049=ORIENTED_EDGE('4750',*,*,#9035,.F.);
#9050=EDGE_LOOP('3924',(#9046,#9047,#9048,#9049));
#9051=FACE_OUTER_BOUND('3924',#9050,.F.);
#9052=ADVANCED_FACE('3924',(#9051),#9045,.T.);
#9053=CARTESIAN_POINT('',(1.25E1,-2.35E0,8.35E-1));
#9054=DIRECTION('',(0.E0,0.E0,1.E0));
#9055=DIRECTION('',(1.E0,0.E0,0.E0));
#9056=AXIS2_PLACEMENT_3D('',#9053,#9054,#9055);
#9057=PLANE('3929',#9056);
#9058=ORIENTED_EDGE('4761',*,*,#6963,.F.);
#9060=ORIENTED_EDGE('4782',*,*,#9059,.T.);
#9062=ORIENTED_EDGE('4753',*,*,#9061,.T.);
#9064=ORIENTED_EDGE('4784',*,*,#9063,.F.);
#9065=EDGE_LOOP('3929',(#9058,#9060,#9062,#9064));
#9066=FACE_OUTER_BOUND('3929',#9065,.F.);
#9067=ADVANCED_FACE('3929',(#9066),#9057,.T.);
#9068=CARTESIAN_POINT('',(1.25E1,-2.35E0,4.35E-1));
#9069=DIRECTION('',(-1.E0,0.E0,0.E0));
#9070=DIRECTION('',(0.E0,0.E0,1.E0));
#9071=AXIS2_PLACEMENT_3D('',#9068,#9069,#9070);
#9072=PLANE('3932',#9071);
#9073=ORIENTED_EDGE('4764',*,*,#6969,.F.);
#9075=ORIENTED_EDGE('4788',*,*,#9074,.T.);
#9077=ORIENTED_EDGE('4756',*,*,#9076,.T.);
#9078=ORIENTED_EDGE('4782',*,*,#9059,.F.);
#9079=EDGE_LOOP('3932',(#9073,#9075,#9077,#9078));
#9080=FACE_OUTER_BOUND('3932',#9079,.F.);
#9081=ADVANCED_FACE('3932',(#9080),#9072,.T.);
#9082=CARTESIAN_POINT('',(1.29E1,-2.35E0,4.35E-1));
#9083=DIRECTION('',(0.E0,0.E0,-1.E0));
#9084=DIRECTION('',(-1.E0,0.E0,0.E0));
#9085=AXIS2_PLACEMENT_3D('',#9082,#9083,#9084);
#9086=PLANE('3931',#9085);
#9087=ORIENTED_EDGE('4763',*,*,#6967,.F.);
#9089=ORIENTED_EDGE('4786',*,*,#9088,.T.);
#9091=ORIENTED_EDGE('4755',*,*,#9090,.T.);
#9092=ORIENTED_EDGE('4788',*,*,#9074,.F.);
#9093=EDGE_LOOP('3931',(#9087,#9089,#9091,#9092));
#9094=FACE_OUTER_BOUND('3931',#9093,.F.);
#9095=ADVANCED_FACE('3931',(#9094),#9086,.T.);
#9096=CARTESIAN_POINT('',(1.29E1,-2.35E0,8.35E-1));
#9097=DIRECTION('',(1.E0,0.E0,0.E0));
#9098=DIRECTION('',(0.E0,0.E0,-1.E0));
#9099=AXIS2_PLACEMENT_3D('',#9096,#9097,#9098);
#9100=PLANE('3930',#9099);
#9101=ORIENTED_EDGE('4762',*,*,#6965,.F.);
#9102=ORIENTED_EDGE('4784',*,*,#9063,.T.);
#9104=ORIENTED_EDGE('4754',*,*,#9103,.T.);
#9105=ORIENTED_EDGE('4786',*,*,#9088,.F.);
#9106=EDGE_LOOP('3930',(#9101,#9102,#9104,#9105));
#9107=FACE_OUTER_BOUND('3930',#9106,.F.);
#9108=ADVANCED_FACE('3930',(#9107),#9100,.T.);
#9109=CARTESIAN_POINT('',(1.27E1,5.5E0,0.E0));
#9110=DIRECTION('',(0.E0,1.E0,0.E0));
#9111=DIRECTION('',(1.E0,0.E0,0.E0));
#9112=AXIS2_PLACEMENT_3D('',#9109,#9110,#9111);
#9113=PLANE('3773',#9112);
#9114=ORIENTED_EDGE('4753',*,*,#9061,.F.);
#9115=ORIENTED_EDGE('4756',*,*,#9076,.F.);
#9116=ORIENTED_EDGE('4755',*,*,#9090,.F.);
#9117=ORIENTED_EDGE('4754',*,*,#9103,.F.);
#9118=EDGE_LOOP('3773',(#9114,#9115,#9116,#9117));
#9119=FACE_OUTER_BOUND('3773',#9118,.F.);
#9120=ADVANCED_FACE('3773',(#9119),#9113,.T.);
#9121=CARTESIAN_POINT('',(1.377E1,-2.35E0,-8.35E-1));
#9122=DIRECTION('',(-1.E0,0.E0,0.E0));
#9123=DIRECTION('',(0.E0,0.E0,1.E0));
#9124=AXIS2_PLACEMENT_3D('',#9121,#9122,#9123);
#9125=PLANE('3935',#9124);
#9126=ORIENTED_EDGE('4805',*,*,#6973,.F.);
#9128=ORIENTED_EDGE('4822',*,*,#9127,.T.);
#9130=ORIENTED_EDGE('4797',*,*,#9129,.T.);
#9132=ORIENTED_EDGE('4824',*,*,#9131,.F.);
#9133=EDGE_LOOP('3935',(#9126,#9128,#9130,#9132));
#9134=FACE_OUTER_BOUND('3935',#9133,.F.);
#9135=ADVANCED_FACE('3935',(#9134),#9125,.T.);
#9136=CARTESIAN_POINT('',(1.417E1,-2.35E0,-8.35E-1));
#9137=DIRECTION('',(0.E0,0.E0,-1.E0));
#9138=DIRECTION('',(-1.E0,0.E0,0.E0));
#9139=AXIS2_PLACEMENT_3D('',#9136,#9137,#9138);
#9140=PLANE('3938',#9139);
#9141=ORIENTED_EDGE('4808',*,*,#6979,.F.);
#9143=ORIENTED_EDGE('4828',*,*,#9142,.T.);
#9145=ORIENTED_EDGE('4800',*,*,#9144,.T.);
#9146=ORIENTED_EDGE('4822',*,*,#9127,.F.);
#9147=EDGE_LOOP('3938',(#9141,#9143,#9145,#9146));
#9148=FACE_OUTER_BOUND('3938',#9147,.F.);
#9149=ADVANCED_FACE('3938',(#9148),#9140,.T.);
#9150=CARTESIAN_POINT('',(1.417E1,-2.35E0,-4.35E-1));
#9151=DIRECTION('',(1.E0,0.E0,0.E0));
#9152=DIRECTION('',(0.E0,0.E0,-1.E0));
#9153=AXIS2_PLACEMENT_3D('',#9150,#9151,#9152);
#9154=PLANE('3937',#9153);
#9155=ORIENTED_EDGE('4807',*,*,#6977,.F.);
#9157=ORIENTED_EDGE('4826',*,*,#9156,.T.);
#9159=ORIENTED_EDGE('4799',*,*,#9158,.T.);
#9160=ORIENTED_EDGE('4828',*,*,#9142,.F.);
#9161=EDGE_LOOP('3937',(#9155,#9157,#9159,#9160));
#9162=FACE_OUTER_BOUND('3937',#9161,.F.);
#9163=ADVANCED_FACE('3937',(#9162),#9154,.T.);
#9164=CARTESIAN_POINT('',(1.377E1,-2.35E0,-4.35E-1));
#9165=DIRECTION('',(0.E0,0.E0,1.E0));
#9166=DIRECTION('',(1.E0,0.E0,0.E0));
#9167=AXIS2_PLACEMENT_3D('',#9164,#9165,#9166);
#9168=PLANE('3936',#9167);
#9169=ORIENTED_EDGE('4806',*,*,#6975,.F.);
#9170=ORIENTED_EDGE('4824',*,*,#9131,.T.);
#9172=ORIENTED_EDGE('4798',*,*,#9171,.T.);
#9173=ORIENTED_EDGE('4826',*,*,#9156,.F.);
#9174=EDGE_LOOP('3936',(#9169,#9170,#9172,#9173));
#9175=FACE_OUTER_BOUND('3936',#9174,.F.);
#9176=ADVANCED_FACE('3936',(#9175),#9168,.T.);
#9177=CARTESIAN_POINT('',(1.397E1,5.5E0,0.E0));
#9178=DIRECTION('',(0.E0,1.E0,0.E0));
#9179=DIRECTION('',(1.E0,0.E0,0.E0));
#9180=AXIS2_PLACEMENT_3D('',#9177,#9178,#9179);
#9181=PLANE('3934',#9180);
#9182=ORIENTED_EDGE('4797',*,*,#9129,.F.);
#9183=ORIENTED_EDGE('4800',*,*,#9144,.F.);
#9184=ORIENTED_EDGE('4799',*,*,#9158,.F.);
#9185=ORIENTED_EDGE('4798',*,*,#9171,.F.);
#9186=EDGE_LOOP('3934',(#9182,#9183,#9184,#9185));
#9187=FACE_OUTER_BOUND('3934',#9186,.F.);
#9188=ADVANCED_FACE('3934',(#9187),#9181,.T.);
#9189=CARTESIAN_POINT('',(1.377E1,-2.35E0,8.35E-1));
#9190=DIRECTION('',(0.E0,0.E0,1.E0));
#9191=DIRECTION('',(1.E0,0.E0,0.E0));
#9192=AXIS2_PLACEMENT_3D('',#9189,#9190,#9191);
#9193=PLANE('3939',#9192);
#9194=ORIENTED_EDGE('4809',*,*,#6983,.F.);
#9196=ORIENTED_EDGE('4830',*,*,#9195,.T.);
#9198=ORIENTED_EDGE('4801',*,*,#9197,.T.);
#9200=ORIENTED_EDGE('4832',*,*,#9199,.F.);
#9201=EDGE_LOOP('3939',(#9194,#9196,#9198,#9200));
#9202=FACE_OUTER_BOUND('3939',#9201,.F.);
#9203=ADVANCED_FACE('3939',(#9202),#9193,.T.);
#9204=CARTESIAN_POINT('',(1.377E1,-2.35E0,4.35E-1));
#9205=DIRECTION('',(-1.E0,0.E0,0.E0));
#9206=DIRECTION('',(0.E0,0.E0,1.E0));
#9207=AXIS2_PLACEMENT_3D('',#9204,#9205,#9206);
#9208=PLANE('3942',#9207);
#9209=ORIENTED_EDGE('4812',*,*,#6989,.F.);
#9211=ORIENTED_EDGE('4836',*,*,#9210,.T.);
#9213=ORIENTED_EDGE('4804',*,*,#9212,.T.);
#9214=ORIENTED_EDGE('4830',*,*,#9195,.F.);
#9215=EDGE_LOOP('3942',(#9209,#9211,#9213,#9214));
#9216=FACE_OUTER_BOUND('3942',#9215,.F.);
#9217=ADVANCED_FACE('3942',(#9216),#9208,.T.);
#9218=CARTESIAN_POINT('',(1.417E1,-2.35E0,4.35E-1));
#9219=DIRECTION('',(0.E0,0.E0,-1.E0));
#9220=DIRECTION('',(-1.E0,0.E0,0.E0));
#9221=AXIS2_PLACEMENT_3D('',#9218,#9219,#9220);
#9222=PLANE('3941',#9221);
#9223=ORIENTED_EDGE('4811',*,*,#6987,.F.);
#9225=ORIENTED_EDGE('4834',*,*,#9224,.T.);
#9227=ORIENTED_EDGE('4803',*,*,#9226,.T.);
#9228=ORIENTED_EDGE('4836',*,*,#9210,.F.);
#9229=EDGE_LOOP('3941',(#9223,#9225,#9227,#9228));
#9230=FACE_OUTER_BOUND('3941',#9229,.F.);
#9231=ADVANCED_FACE('3941',(#9230),#9222,.T.);
#9232=CARTESIAN_POINT('',(1.417E1,-2.35E0,8.35E-1));
#9233=DIRECTION('',(1.E0,0.E0,0.E0));
#9234=DIRECTION('',(0.E0,0.E0,-1.E0));
#9235=AXIS2_PLACEMENT_3D('',#9232,#9233,#9234);
#9236=PLANE('3940',#9235);
#9237=ORIENTED_EDGE('4810',*,*,#6985,.F.);
#9238=ORIENTED_EDGE('4832',*,*,#9199,.T.);
#9240=ORIENTED_EDGE('4802',*,*,#9239,.T.);
#9241=ORIENTED_EDGE('4834',*,*,#9224,.F.);
#9242=EDGE_LOOP('3940',(#9237,#9238,#9240,#9241));
#9243=FACE_OUTER_BOUND('3940',#9242,.F.);
#9244=ADVANCED_FACE('3940',(#9243),#9236,.T.);
#9245=CARTESIAN_POINT('',(1.397E1,5.5E0,0.E0));
#9246=DIRECTION('',(0.E0,1.E0,0.E0));
#9247=DIRECTION('',(1.E0,0.E0,0.E0));
#9248=AXIS2_PLACEMENT_3D('',#9245,#9246,#9247);
#9249=PLANE('3783',#9248);
#9250=ORIENTED_EDGE('4801',*,*,#9197,.F.);
#9251=ORIENTED_EDGE('4804',*,*,#9212,.F.);
#9252=ORIENTED_EDGE('4803',*,*,#9226,.F.);
#9253=ORIENTED_EDGE('4802',*,*,#9239,.F.);
#9254=EDGE_LOOP('3783',(#9250,#9251,#9252,#9253));
#9255=FACE_OUTER_BOUND('3783',#9254,.F.);
#9256=ADVANCED_FACE('3783',(#9255),#9249,.T.);
#9257=CARTESIAN_POINT('',(1.504E1,-2.35E0,-8.35E-1));
#9258=DIRECTION('',(-1.E0,0.E0,0.E0));
#9259=DIRECTION('',(0.E0,0.E0,1.E0));
#9260=AXIS2_PLACEMENT_3D('',#9257,#9258,#9259);
#9261=PLANE('3945',#9260);
#9262=ORIENTED_EDGE('4853',*,*,#6993,.F.);
#9264=ORIENTED_EDGE('4870',*,*,#9263,.T.);
#9266=ORIENTED_EDGE('4845',*,*,#9265,.T.);
#9268=ORIENTED_EDGE('4872',*,*,#9267,.F.);
#9269=EDGE_LOOP('3945',(#9262,#9264,#9266,#9268));
#9270=FACE_OUTER_BOUND('3945',#9269,.F.);
#9271=ADVANCED_FACE('3945',(#9270),#9261,.T.);
#9272=CARTESIAN_POINT('',(1.544E1,-2.35E0,-8.35E-1));
#9273=DIRECTION('',(0.E0,0.E0,-1.E0));
#9274=DIRECTION('',(-1.E0,0.E0,0.E0));
#9275=AXIS2_PLACEMENT_3D('',#9272,#9273,#9274);
#9276=PLANE('3948',#9275);
#9277=ORIENTED_EDGE('4856',*,*,#6999,.F.);
#9279=ORIENTED_EDGE('4876',*,*,#9278,.T.);
#9281=ORIENTED_EDGE('4848',*,*,#9280,.T.);
#9282=ORIENTED_EDGE('4870',*,*,#9263,.F.);
#9283=EDGE_LOOP('3948',(#9277,#9279,#9281,#9282));
#9284=FACE_OUTER_BOUND('3948',#9283,.F.);
#9285=ADVANCED_FACE('3948',(#9284),#9276,.T.);
#9286=CARTESIAN_POINT('',(1.544E1,-2.35E0,-4.35E-1));
#9287=DIRECTION('',(1.E0,0.E0,0.E0));
#9288=DIRECTION('',(0.E0,0.E0,-1.E0));
#9289=AXIS2_PLACEMENT_3D('',#9286,#9287,#9288);
#9290=PLANE('3947',#9289);
#9291=ORIENTED_EDGE('4855',*,*,#6997,.F.);
#9293=ORIENTED_EDGE('4874',*,*,#9292,.T.);
#9295=ORIENTED_EDGE('4847',*,*,#9294,.T.);
#9296=ORIENTED_EDGE('4876',*,*,#9278,.F.);
#9297=EDGE_LOOP('3947',(#9291,#9293,#9295,#9296));
#9298=FACE_OUTER_BOUND('3947',#9297,.F.);
#9299=ADVANCED_FACE('3947',(#9298),#9290,.T.);
#9300=CARTESIAN_POINT('',(1.504E1,-2.35E0,-4.35E-1));
#9301=DIRECTION('',(0.E0,0.E0,1.E0));
#9302=DIRECTION('',(1.E0,0.E0,0.E0));
#9303=AXIS2_PLACEMENT_3D('',#9300,#9301,#9302);
#9304=PLANE('3946',#9303);
#9305=ORIENTED_EDGE('4854',*,*,#6995,.F.);
#9306=ORIENTED_EDGE('4872',*,*,#9267,.T.);
#9308=ORIENTED_EDGE('4846',*,*,#9307,.T.);
#9309=ORIENTED_EDGE('4874',*,*,#9292,.F.);
#9310=EDGE_LOOP('3946',(#9305,#9306,#9308,#9309));
#9311=FACE_OUTER_BOUND('3946',#9310,.F.);
#9312=ADVANCED_FACE('3946',(#9311),#9304,.T.);
#9313=CARTESIAN_POINT('',(1.524E1,5.5E0,0.E0));
#9314=DIRECTION('',(0.E0,1.E0,0.E0));
#9315=DIRECTION('',(1.E0,0.E0,0.E0));
#9316=AXIS2_PLACEMENT_3D('',#9313,#9314,#9315);
#9317=PLANE('3944',#9316);
#9318=ORIENTED_EDGE('4845',*,*,#9265,.F.);
#9319=ORIENTED_EDGE('4848',*,*,#9280,.F.);
#9320=ORIENTED_EDGE('4847',*,*,#9294,.F.);
#9321=ORIENTED_EDGE('4846',*,*,#9307,.F.);
#9322=EDGE_LOOP('3944',(#9318,#9319,#9320,#9321));
#9323=FACE_OUTER_BOUND('3944',#9322,.F.);
#9324=ADVANCED_FACE('3944',(#9323),#9317,.T.);
#9325=CARTESIAN_POINT('',(1.504E1,-2.35E0,8.35E-1));
#9326=DIRECTION('',(0.E0,0.E0,1.E0));
#9327=DIRECTION('',(1.E0,0.E0,0.E0));
#9328=AXIS2_PLACEMENT_3D('',#9325,#9326,#9327);
#9329=PLANE('3949',#9328);
#9330=ORIENTED_EDGE('4857',*,*,#7003,.F.);
#9332=ORIENTED_EDGE('4878',*,*,#9331,.T.);
#9334=ORIENTED_EDGE('4849',*,*,#9333,.T.);
#9336=ORIENTED_EDGE('4880',*,*,#9335,.F.);
#9337=EDGE_LOOP('3949',(#9330,#9332,#9334,#9336));
#9338=FACE_OUTER_BOUND('3949',#9337,.F.);
#9339=ADVANCED_FACE('3949',(#9338),#9329,.T.);
#9340=CARTESIAN_POINT('',(1.504E1,-2.35E0,4.35E-1));
#9341=DIRECTION('',(-1.E0,0.E0,0.E0));
#9342=DIRECTION('',(0.E0,0.E0,1.E0));
#9343=AXIS2_PLACEMENT_3D('',#9340,#9341,#9342);
#9344=PLANE('3952',#9343);
#9345=ORIENTED_EDGE('4860',*,*,#7009,.F.);
#9347=ORIENTED_EDGE('4884',*,*,#9346,.T.);
#9349=ORIENTED_EDGE('4852',*,*,#9348,.T.);
#9350=ORIENTED_EDGE('4878',*,*,#9331,.F.);
#9351=EDGE_LOOP('3952',(#9345,#9347,#9349,#9350));
#9352=FACE_OUTER_BOUND('3952',#9351,.F.);
#9353=ADVANCED_FACE('3952',(#9352),#9344,.T.);
#9354=CARTESIAN_POINT('',(1.544E1,-2.35E0,4.35E-1));
#9355=DIRECTION('',(0.E0,0.E0,-1.E0));
#9356=DIRECTION('',(-1.E0,0.E0,0.E0));
#9357=AXIS2_PLACEMENT_3D('',#9354,#9355,#9356);
#9358=PLANE('3951',#9357);
#9359=ORIENTED_EDGE('4859',*,*,#7007,.F.);
#9361=ORIENTED_EDGE('4882',*,*,#9360,.T.);
#9363=ORIENTED_EDGE('4851',*,*,#9362,.T.);
#9364=ORIENTED_EDGE('4884',*,*,#9346,.F.);
#9365=EDGE_LOOP('3951',(#9359,#9361,#9363,#9364));
#9366=FACE_OUTER_BOUND('3951',#9365,.F.);
#9367=ADVANCED_FACE('3951',(#9366),#9358,.T.);
#9368=CARTESIAN_POINT('',(1.544E1,-2.35E0,8.35E-1));
#9369=DIRECTION('',(1.E0,0.E0,0.E0));
#9370=DIRECTION('',(0.E0,0.E0,-1.E0));
#9371=AXIS2_PLACEMENT_3D('',#9368,#9369,#9370);
#9372=PLANE('3950',#9371);
#9373=ORIENTED_EDGE('4858',*,*,#7005,.F.);
#9374=ORIENTED_EDGE('4880',*,*,#9335,.T.);
#9376=ORIENTED_EDGE('4850',*,*,#9375,.T.);
#9377=ORIENTED_EDGE('4882',*,*,#9360,.F.);
#9378=EDGE_LOOP('3950',(#9373,#9374,#9376,#9377));
#9379=FACE_OUTER_BOUND('3950',#9378,.F.);
#9380=ADVANCED_FACE('3950',(#9379),#9372,.T.);
#9381=CARTESIAN_POINT('',(1.524E1,5.5E0,0.E0));
#9382=DIRECTION('',(0.E0,1.E0,0.E0));
#9383=DIRECTION('',(1.E0,0.E0,0.E0));
#9384=AXIS2_PLACEMENT_3D('',#9381,#9382,#9383);
#9385=PLANE('3793',#9384);
#9386=ORIENTED_EDGE('4849',*,*,#9333,.F.);
#9387=ORIENTED_EDGE('4852',*,*,#9348,.F.);
#9388=ORIENTED_EDGE('4851',*,*,#9362,.F.);
#9389=ORIENTED_EDGE('4850',*,*,#9375,.F.);
#9390=EDGE_LOOP('3793',(#9386,#9387,#9388,#9389));
#9391=FACE_OUTER_BOUND('3793',#9390,.F.);
#9392=ADVANCED_FACE('3793',(#9391),#9385,.T.);
#9393=CARTESIAN_POINT('',(1.631E1,-2.35E0,-8.35E-1));
#9394=DIRECTION('',(-1.E0,0.E0,0.E0));
#9395=DIRECTION('',(0.E0,0.E0,1.E0));
#9396=AXIS2_PLACEMENT_3D('',#9393,#9394,#9395);
#9397=PLANE('3955',#9396);
#9398=ORIENTED_EDGE('4901',*,*,#7013,.F.);
#9400=ORIENTED_EDGE('4918',*,*,#9399,.T.);
#9402=ORIENTED_EDGE('4893',*,*,#9401,.T.);
#9404=ORIENTED_EDGE('4920',*,*,#9403,.F.);
#9405=EDGE_LOOP('3955',(#9398,#9400,#9402,#9404));
#9406=FACE_OUTER_BOUND('3955',#9405,.F.);
#9407=ADVANCED_FACE('3955',(#9406),#9397,.T.);
#9408=CARTESIAN_POINT('',(1.671E1,-2.35E0,-8.35E-1));
#9409=DIRECTION('',(0.E0,0.E0,-1.E0));
#9410=DIRECTION('',(-1.E0,0.E0,0.E0));
#9411=AXIS2_PLACEMENT_3D('',#9408,#9409,#9410);
#9412=PLANE('3958',#9411);
#9413=ORIENTED_EDGE('4904',*,*,#7019,.F.);
#9415=ORIENTED_EDGE('4924',*,*,#9414,.T.);
#9417=ORIENTED_EDGE('4896',*,*,#9416,.T.);
#9418=ORIENTED_EDGE('4918',*,*,#9399,.F.);
#9419=EDGE_LOOP('3958',(#9413,#9415,#9417,#9418));
#9420=FACE_OUTER_BOUND('3958',#9419,.F.);
#9421=ADVANCED_FACE('3958',(#9420),#9412,.T.);
#9422=CARTESIAN_POINT('',(1.671E1,-2.35E0,-4.35E-1));
#9423=DIRECTION('',(1.E0,0.E0,0.E0));
#9424=DIRECTION('',(0.E0,0.E0,-1.E0));
#9425=AXIS2_PLACEMENT_3D('',#9422,#9423,#9424);
#9426=PLANE('3957',#9425);
#9427=ORIENTED_EDGE('4903',*,*,#7017,.F.);
#9429=ORIENTED_EDGE('4922',*,*,#9428,.T.);
#9431=ORIENTED_EDGE('4895',*,*,#9430,.T.);
#9432=ORIENTED_EDGE('4924',*,*,#9414,.F.);
#9433=EDGE_LOOP('3957',(#9427,#9429,#9431,#9432));
#9434=FACE_OUTER_BOUND('3957',#9433,.F.);
#9435=ADVANCED_FACE('3957',(#9434),#9426,.T.);
#9436=CARTESIAN_POINT('',(1.631E1,-2.35E0,-4.35E-1));
#9437=DIRECTION('',(0.E0,0.E0,1.E0));
#9438=DIRECTION('',(1.E0,0.E0,0.E0));
#9439=AXIS2_PLACEMENT_3D('',#9436,#9437,#9438);
#9440=PLANE('3956',#9439);
#9441=ORIENTED_EDGE('4902',*,*,#7015,.F.);
#9442=ORIENTED_EDGE('4920',*,*,#9403,.T.);
#9444=ORIENTED_EDGE('4894',*,*,#9443,.T.);
#9445=ORIENTED_EDGE('4922',*,*,#9428,.F.);
#9446=EDGE_LOOP('3956',(#9441,#9442,#9444,#9445));
#9447=FACE_OUTER_BOUND('3956',#9446,.F.);
#9448=ADVANCED_FACE('3956',(#9447),#9440,.T.);
#9449=CARTESIAN_POINT('',(1.651E1,5.5E0,0.E0));
#9450=DIRECTION('',(0.E0,1.E0,0.E0));
#9451=DIRECTION('',(1.E0,0.E0,0.E0));
#9452=AXIS2_PLACEMENT_3D('',#9449,#9450,#9451);
#9453=PLANE('3954',#9452);
#9454=ORIENTED_EDGE('4893',*,*,#9401,.F.);
#9455=ORIENTED_EDGE('4896',*,*,#9416,.F.);
#9456=ORIENTED_EDGE('4895',*,*,#9430,.F.);
#9457=ORIENTED_EDGE('4894',*,*,#9443,.F.);
#9458=EDGE_LOOP('3954',(#9454,#9455,#9456,#9457));
#9459=FACE_OUTER_BOUND('3954',#9458,.F.);
#9460=ADVANCED_FACE('3954',(#9459),#9453,.T.);
#9461=CARTESIAN_POINT('',(1.631E1,-2.35E0,8.35E-1));
#9462=DIRECTION('',(0.E0,0.E0,1.E0));
#9463=DIRECTION('',(1.E0,0.E0,0.E0));
#9464=AXIS2_PLACEMENT_3D('',#9461,#9462,#9463);
#9465=PLANE('3959',#9464);
#9466=ORIENTED_EDGE('4905',*,*,#7023,.F.);
#9468=ORIENTED_EDGE('4926',*,*,#9467,.T.);
#9470=ORIENTED_EDGE('4897',*,*,#9469,.T.);
#9472=ORIENTED_EDGE('4928',*,*,#9471,.F.);
#9473=EDGE_LOOP('3959',(#9466,#9468,#9470,#9472));
#9474=FACE_OUTER_BOUND('3959',#9473,.F.);
#9475=ADVANCED_FACE('3959',(#9474),#9465,.T.);
#9476=CARTESIAN_POINT('',(1.631E1,-2.35E0,4.35E-1));
#9477=DIRECTION('',(-1.E0,0.E0,0.E0));
#9478=DIRECTION('',(0.E0,0.E0,1.E0));
#9479=AXIS2_PLACEMENT_3D('',#9476,#9477,#9478);
#9480=PLANE('3962',#9479);
#9481=ORIENTED_EDGE('4908',*,*,#7029,.F.);
#9483=ORIENTED_EDGE('4932',*,*,#9482,.T.);
#9485=ORIENTED_EDGE('4900',*,*,#9484,.T.);
#9486=ORIENTED_EDGE('4926',*,*,#9467,.F.);
#9487=EDGE_LOOP('3962',(#9481,#9483,#9485,#9486));
#9488=FACE_OUTER_BOUND('3962',#9487,.F.);
#9489=ADVANCED_FACE('3962',(#9488),#9480,.T.);
#9490=CARTESIAN_POINT('',(1.671E1,-2.35E0,4.35E-1));
#9491=DIRECTION('',(0.E0,0.E0,-1.E0));
#9492=DIRECTION('',(-1.E0,0.E0,0.E0));
#9493=AXIS2_PLACEMENT_3D('',#9490,#9491,#9492);
#9494=PLANE('3961',#9493);
#9495=ORIENTED_EDGE('4907',*,*,#7027,.F.);
#9497=ORIENTED_EDGE('4930',*,*,#9496,.T.);
#9499=ORIENTED_EDGE('4899',*,*,#9498,.T.);
#9500=ORIENTED_EDGE('4932',*,*,#9482,.F.);
#9501=EDGE_LOOP('3961',(#9495,#9497,#9499,#9500));
#9502=FACE_OUTER_BOUND('3961',#9501,.F.);
#9503=ADVANCED_FACE('3961',(#9502),#9494,.T.);
#9504=CARTESIAN_POINT('',(1.671E1,-2.35E0,8.35E-1));
#9505=DIRECTION('',(1.E0,0.E0,0.E0));
#9506=DIRECTION('',(0.E0,0.E0,-1.E0));
#9507=AXIS2_PLACEMENT_3D('',#9504,#9505,#9506);
#9508=PLANE('3960',#9507);
#9509=ORIENTED_EDGE('4906',*,*,#7025,.F.);
#9510=ORIENTED_EDGE('4928',*,*,#9471,.T.);
#9512=ORIENTED_EDGE('4898',*,*,#9511,.T.);
#9513=ORIENTED_EDGE('4930',*,*,#9496,.F.);
#9514=EDGE_LOOP('3960',(#9509,#9510,#9512,#9513));
#9515=FACE_OUTER_BOUND('3960',#9514,.F.);
#9516=ADVANCED_FACE('3960',(#9515),#9508,.T.);
#9517=CARTESIAN_POINT('',(1.651E1,5.5E0,0.E0));
#9518=DIRECTION('',(0.E0,1.E0,0.E0));
#9519=DIRECTION('',(1.E0,0.E0,0.E0));
#9520=AXIS2_PLACEMENT_3D('',#9517,#9518,#9519);
#9521=PLANE('3803',#9520);
#9522=ORIENTED_EDGE('4897',*,*,#9469,.F.);
#9523=ORIENTED_EDGE('4900',*,*,#9484,.F.);
#9524=ORIENTED_EDGE('4899',*,*,#9498,.F.);
#9525=ORIENTED_EDGE('4898',*,*,#9511,.F.);
#9526=EDGE_LOOP('3803',(#9522,#9523,#9524,#9525));
#9527=FACE_OUTER_BOUND('3803',#9526,.F.);
#9528=ADVANCED_FACE('3803',(#9527),#9521,.T.);
#9529=CARTESIAN_POINT('',(1.758E1,-2.35E0,-8.35E-1));
#9530=DIRECTION('',(-1.E0,0.E0,0.E0));
#9531=DIRECTION('',(0.E0,0.E0,1.E0));
#9532=AXIS2_PLACEMENT_3D('',#9529,#9530,#9531);
#9533=PLANE('3965',#9532);
#9534=ORIENTED_EDGE('4949',*,*,#7033,.F.);
#9536=ORIENTED_EDGE('4966',*,*,#9535,.T.);
#9538=ORIENTED_EDGE('4941',*,*,#9537,.T.);
#9540=ORIENTED_EDGE('4968',*,*,#9539,.F.);
#9541=EDGE_LOOP('3965',(#9534,#9536,#9538,#9540));
#9542=FACE_OUTER_BOUND('3965',#9541,.F.);
#9543=ADVANCED_FACE('3965',(#9542),#9533,.T.);
#9544=CARTESIAN_POINT('',(1.798E1,-2.35E0,-8.35E-1));
#9545=DIRECTION('',(0.E0,0.E0,-1.E0));
#9546=DIRECTION('',(-1.E0,0.E0,0.E0));
#9547=AXIS2_PLACEMENT_3D('',#9544,#9545,#9546);
#9548=PLANE('3968',#9547);
#9549=ORIENTED_EDGE('4952',*,*,#7039,.F.);
#9551=ORIENTED_EDGE('4972',*,*,#9550,.T.);
#9553=ORIENTED_EDGE('4944',*,*,#9552,.T.);
#9554=ORIENTED_EDGE('4966',*,*,#9535,.F.);
#9555=EDGE_LOOP('3968',(#9549,#9551,#9553,#9554));
#9556=FACE_OUTER_BOUND('3968',#9555,.F.);
#9557=ADVANCED_FACE('3968',(#9556),#9548,.T.);
#9558=CARTESIAN_POINT('',(1.798E1,-2.35E0,-4.35E-1));
#9559=DIRECTION('',(1.E0,0.E0,0.E0));
#9560=DIRECTION('',(0.E0,0.E0,-1.E0));
#9561=AXIS2_PLACEMENT_3D('',#9558,#9559,#9560);
#9562=PLANE('3967',#9561);
#9563=ORIENTED_EDGE('4951',*,*,#7037,.F.);
#9565=ORIENTED_EDGE('4970',*,*,#9564,.T.);
#9567=ORIENTED_EDGE('4943',*,*,#9566,.T.);
#9568=ORIENTED_EDGE('4972',*,*,#9550,.F.);
#9569=EDGE_LOOP('3967',(#9563,#9565,#9567,#9568));
#9570=FACE_OUTER_BOUND('3967',#9569,.F.);
#9571=ADVANCED_FACE('3967',(#9570),#9562,.T.);
#9572=CARTESIAN_POINT('',(1.758E1,-2.35E0,-4.35E-1));
#9573=DIRECTION('',(0.E0,0.E0,1.E0));
#9574=DIRECTION('',(1.E0,0.E0,0.E0));
#9575=AXIS2_PLACEMENT_3D('',#9572,#9573,#9574);
#9576=PLANE('3966',#9575);
#9577=ORIENTED_EDGE('4950',*,*,#7035,.F.);
#9578=ORIENTED_EDGE('4968',*,*,#9539,.T.);
#9580=ORIENTED_EDGE('4942',*,*,#9579,.T.);
#9581=ORIENTED_EDGE('4970',*,*,#9564,.F.);
#9582=EDGE_LOOP('3966',(#9577,#9578,#9580,#9581));
#9583=FACE_OUTER_BOUND('3966',#9582,.F.);
#9584=ADVANCED_FACE('3966',(#9583),#9576,.T.);
#9585=CARTESIAN_POINT('',(1.778E1,5.5E0,0.E0));
#9586=DIRECTION('',(0.E0,1.E0,0.E0));
#9587=DIRECTION('',(1.E0,0.E0,0.E0));
#9588=AXIS2_PLACEMENT_3D('',#9585,#9586,#9587);
#9589=PLANE('3964',#9588);
#9590=ORIENTED_EDGE('4941',*,*,#9537,.F.);
#9591=ORIENTED_EDGE('4944',*,*,#9552,.F.);
#9592=ORIENTED_EDGE('4943',*,*,#9566,.F.);
#9593=ORIENTED_EDGE('4942',*,*,#9579,.F.);
#9594=EDGE_LOOP('3964',(#9590,#9591,#9592,#9593));
#9595=FACE_OUTER_BOUND('3964',#9594,.F.);
#9596=ADVANCED_FACE('3964',(#9595),#9589,.T.);
#9597=CARTESIAN_POINT('',(1.758E1,-2.35E0,8.35E-1));
#9598=DIRECTION('',(0.E0,0.E0,1.E0));
#9599=DIRECTION('',(1.E0,0.E0,0.E0));
#9600=AXIS2_PLACEMENT_3D('',#9597,#9598,#9599);
#9601=PLANE('3969',#9600);
#9602=ORIENTED_EDGE('4953',*,*,#7043,.F.);
#9604=ORIENTED_EDGE('4974',*,*,#9603,.T.);
#9606=ORIENTED_EDGE('4945',*,*,#9605,.T.);
#9608=ORIENTED_EDGE('4976',*,*,#9607,.F.);
#9609=EDGE_LOOP('3969',(#9602,#9604,#9606,#9608));
#9610=FACE_OUTER_BOUND('3969',#9609,.F.);
#9611=ADVANCED_FACE('3969',(#9610),#9601,.T.);
#9612=CARTESIAN_POINT('',(1.758E1,-2.35E0,4.35E-1));
#9613=DIRECTION('',(-1.E0,0.E0,0.E0));
#9614=DIRECTION('',(0.E0,0.E0,1.E0));
#9615=AXIS2_PLACEMENT_3D('',#9612,#9613,#9614);
#9616=PLANE('3972',#9615);
#9617=ORIENTED_EDGE('4956',*,*,#7049,.F.);
#9619=ORIENTED_EDGE('4980',*,*,#9618,.T.);
#9621=ORIENTED_EDGE('4948',*,*,#9620,.T.);
#9622=ORIENTED_EDGE('4974',*,*,#9603,.F.);
#9623=EDGE_LOOP('3972',(#9617,#9619,#9621,#9622));
#9624=FACE_OUTER_BOUND('3972',#9623,.F.);
#9625=ADVANCED_FACE('3972',(#9624),#9616,.T.);
#9626=CARTESIAN_POINT('',(1.798E1,-2.35E0,4.35E-1));
#9627=DIRECTION('',(0.E0,0.E0,-1.E0));
#9628=DIRECTION('',(-1.E0,0.E0,0.E0));
#9629=AXIS2_PLACEMENT_3D('',#9626,#9627,#9628);
#9630=PLANE('3971',#9629);
#9631=ORIENTED_EDGE('4955',*,*,#7047,.F.);
#9633=ORIENTED_EDGE('4978',*,*,#9632,.T.);
#9635=ORIENTED_EDGE('4947',*,*,#9634,.T.);
#9636=ORIENTED_EDGE('4980',*,*,#9618,.F.);
#9637=EDGE_LOOP('3971',(#9631,#9633,#9635,#9636));
#9638=FACE_OUTER_BOUND('3971',#9637,.F.);
#9639=ADVANCED_FACE('3971',(#9638),#9630,.T.);
#9640=CARTESIAN_POINT('',(1.798E1,-2.35E0,8.35E-1));
#9641=DIRECTION('',(1.E0,0.E0,0.E0));
#9642=DIRECTION('',(0.E0,0.E0,-1.E0));
#9643=AXIS2_PLACEMENT_3D('',#9640,#9641,#9642);
#9644=PLANE('3970',#9643);
#9645=ORIENTED_EDGE('4954',*,*,#7045,.F.);
#9646=ORIENTED_EDGE('4976',*,*,#9607,.T.);
#9648=ORIENTED_EDGE('4946',*,*,#9647,.T.);
#9649=ORIENTED_EDGE('4978',*,*,#9632,.F.);
#9650=EDGE_LOOP('3970',(#9645,#9646,#9648,#9649));
#9651=FACE_OUTER_BOUND('3970',#9650,.F.);
#9652=ADVANCED_FACE('3970',(#9651),#9644,.T.);
#9653=CARTESIAN_POINT('',(1.778E1,5.5E0,0.E0));
#9654=DIRECTION('',(0.E0,1.E0,0.E0));
#9655=DIRECTION('',(1.E0,0.E0,0.E0));
#9656=AXIS2_PLACEMENT_3D('',#9653,#9654,#9655);
#9657=PLANE('3813',#9656);
#9658=ORIENTED_EDGE('4945',*,*,#9605,.F.);
#9659=ORIENTED_EDGE('4948',*,*,#9620,.F.);
#9660=ORIENTED_EDGE('4947',*,*,#9634,.F.);
#9661=ORIENTED_EDGE('4946',*,*,#9647,.F.);
#9662=EDGE_LOOP('3813',(#9658,#9659,#9660,#9661));
#9663=FACE_OUTER_BOUND('3813',#9662,.F.);
#9664=ADVANCED_FACE('3813',(#9663),#9657,.T.);
#9665=CARTESIAN_POINT('',(-2.E-1,-2.35E0,-8.35E-1));
#9666=DIRECTION('',(-1.E0,0.E0,0.E0));
#9667=DIRECTION('',(0.E0,0.E0,1.E0));
#9668=AXIS2_PLACEMENT_3D('',#9665,#9666,#9667);
#9669=PLANE('3674',#9668);
#9670=ORIENTED_EDGE('4285',*,*,#6181,.T.);
#9672=ORIENTED_EDGE('4295',*,*,#9671,.F.);
#9674=ORIENTED_EDGE('4261',*,*,#9673,.F.);
#9676=ORIENTED_EDGE('4293',*,*,#9675,.T.);
#9677=EDGE_LOOP('3674',(#9670,#9672,#9674,#9676));
#9678=FACE_OUTER_BOUND('3674',#9677,.F.);
#9679=ADVANCED_FACE('3674',(#9678),#9669,.T.);
#9680=CARTESIAN_POINT('',(-2.E-1,-2.35E0,-4.35E-1));
#9681=DIRECTION('',(0.E0,0.E0,1.E0));
#9682=DIRECTION('',(1.E0,0.E0,0.E0));
#9683=AXIS2_PLACEMENT_3D('',#9680,#9681,#9682);
#9684=PLANE('3675',#9683);
#9685=ORIENTED_EDGE('4286',*,*,#6187,.T.);
#9687=ORIENTED_EDGE('4297',*,*,#9686,.F.);
#9689=ORIENTED_EDGE('4262',*,*,#9688,.F.);
#9690=ORIENTED_EDGE('4295',*,*,#9671,.T.);
#9691=EDGE_LOOP('3675',(#9685,#9687,#9689,#9690));
#9692=FACE_OUTER_BOUND('3675',#9691,.F.);
#9693=ADVANCED_FACE('3675',(#9692),#9684,.T.);
#9694=CARTESIAN_POINT('',(2.E-1,-2.35E0,-4.35E-1));
#9695=DIRECTION('',(1.E0,0.E0,0.E0));
#9696=DIRECTION('',(0.E0,0.E0,-1.E0));
#9697=AXIS2_PLACEMENT_3D('',#9694,#9695,#9696);
#9698=PLANE('3676',#9697);
#9699=ORIENTED_EDGE('4287',*,*,#6185,.T.);
#9701=ORIENTED_EDGE('4299',*,*,#9700,.F.);
#9703=ORIENTED_EDGE('4263',*,*,#9702,.F.);
#9704=ORIENTED_EDGE('4297',*,*,#9686,.T.);
#9705=EDGE_LOOP('3676',(#9699,#9701,#9703,#9704));
#9706=FACE_OUTER_BOUND('3676',#9705,.F.);
#9707=ADVANCED_FACE('3676',(#9706),#9698,.T.);
#9708=CARTESIAN_POINT('',(2.E-1,-2.35E0,-8.35E-1));
#9709=DIRECTION('',(0.E0,0.E0,-1.E0));
#9710=DIRECTION('',(-1.E0,0.E0,0.E0));
#9711=AXIS2_PLACEMENT_3D('',#9708,#9709,#9710);
#9712=PLANE('3677',#9711);
#9713=ORIENTED_EDGE('4288',*,*,#6183,.T.);
#9714=ORIENTED_EDGE('4293',*,*,#9675,.F.);
#9716=ORIENTED_EDGE('4264',*,*,#9715,.F.);
#9717=ORIENTED_EDGE('4299',*,*,#9700,.T.);
#9718=EDGE_LOOP('3677',(#9713,#9714,#9716,#9717));
#9719=FACE_OUTER_BOUND('3677',#9718,.F.);
#9720=ADVANCED_FACE('3677',(#9719),#9712,.T.);
#9721=CARTESIAN_POINT('',(0.E0,-2.35E0,0.E0));
#9722=DIRECTION('',(0.E0,1.E0,0.E0));
#9723=DIRECTION('',(1.E0,0.E0,0.E0));
#9724=AXIS2_PLACEMENT_3D('',#9721,#9722,#9723);
#9725=PLANE('3823',#9724);
#9726=ORIENTED_EDGE('4261',*,*,#9673,.T.);
#9727=ORIENTED_EDGE('4262',*,*,#9688,.T.);
#9728=ORIENTED_EDGE('4263',*,*,#9702,.T.);
#9729=ORIENTED_EDGE('4264',*,*,#9715,.T.);
#9730=EDGE_LOOP('3823',(#9726,#9727,#9728,#9729));
#9731=FACE_OUTER_BOUND('3823',#9730,.F.);
#9732=ADVANCED_FACE('3823',(#9731),#9725,.F.);
#9733=CARTESIAN_POINT('',(-2.E-1,-2.35E0,8.35E-1));
#9734=DIRECTION('',(0.E0,0.E0,1.E0));
#9735=DIRECTION('',(1.E0,0.E0,0.E0));
#9736=AXIS2_PLACEMENT_3D('',#9733,#9734,#9735);
#9737=PLANE('3678',#9736);
#9738=ORIENTED_EDGE('4289',*,*,#6191,.T.);
#9740=ORIENTED_EDGE('4303',*,*,#9739,.F.);
#9742=ORIENTED_EDGE('4265',*,*,#9741,.F.);
#9744=ORIENTED_EDGE('4301',*,*,#9743,.T.);
#9745=EDGE_LOOP('3678',(#9738,#9740,#9742,#9744));
#9746=FACE_OUTER_BOUND('3678',#9745,.F.);
#9747=ADVANCED_FACE('3678',(#9746),#9737,.T.);
#9748=CARTESIAN_POINT('',(2.E-1,-2.35E0,8.35E-1));
#9749=DIRECTION('',(1.E0,0.E0,0.E0));
#9750=DIRECTION('',(0.E0,0.E0,-1.E0));
#9751=AXIS2_PLACEMENT_3D('',#9748,#9749,#9750);
#9752=PLANE('3679',#9751);
#9753=ORIENTED_EDGE('4290',*,*,#6197,.T.);
#9755=ORIENTED_EDGE('4305',*,*,#9754,.F.);
#9757=ORIENTED_EDGE('4266',*,*,#9756,.F.);
#9758=ORIENTED_EDGE('4303',*,*,#9739,.T.);
#9759=EDGE_LOOP('3679',(#9753,#9755,#9757,#9758));
#9760=FACE_OUTER_BOUND('3679',#9759,.F.);
#9761=ADVANCED_FACE('3679',(#9760),#9752,.T.);
#9762=CARTESIAN_POINT('',(2.E-1,-2.35E0,4.35E-1));
#9763=DIRECTION('',(0.E0,0.E0,-1.E0));
#9764=DIRECTION('',(-1.E0,0.E0,0.E0));
#9765=AXIS2_PLACEMENT_3D('',#9762,#9763,#9764);
#9766=PLANE('3680',#9765);
#9767=ORIENTED_EDGE('4291',*,*,#6195,.T.);
#9769=ORIENTED_EDGE('4307',*,*,#9768,.F.);
#9771=ORIENTED_EDGE('4267',*,*,#9770,.F.);
#9772=ORIENTED_EDGE('4305',*,*,#9754,.T.);
#9773=EDGE_LOOP('3680',(#9767,#9769,#9771,#9772));
#9774=FACE_OUTER_BOUND('3680',#9773,.F.);
#9775=ADVANCED_FACE('3680',(#9774),#9766,.T.);
#9776=CARTESIAN_POINT('',(-2.E-1,-2.35E0,4.35E-1));
#9777=DIRECTION('',(-1.E0,0.E0,0.E0));
#9778=DIRECTION('',(0.E0,0.E0,1.E0));
#9779=AXIS2_PLACEMENT_3D('',#9776,#9777,#9778);
#9780=PLANE('3681',#9779);
#9781=ORIENTED_EDGE('4292',*,*,#6193,.T.);
#9782=ORIENTED_EDGE('4301',*,*,#9743,.F.);
#9784=ORIENTED_EDGE('4268',*,*,#9783,.F.);
#9785=ORIENTED_EDGE('4307',*,*,#9768,.T.);
#9786=EDGE_LOOP('3681',(#9781,#9782,#9784,#9785));
#9787=FACE_OUTER_BOUND('3681',#9786,.F.);
#9788=ADVANCED_FACE('3681',(#9787),#9780,.T.);
#9789=CARTESIAN_POINT('',(0.E0,-2.35E0,0.E0));
#9790=DIRECTION('',(0.E0,1.E0,0.E0));
#9791=DIRECTION('',(1.E0,0.E0,0.E0));
#9792=AXIS2_PLACEMENT_3D('',#9789,#9790,#9791);
#9793=PLANE('3672',#9792);
#9794=ORIENTED_EDGE('4265',*,*,#9741,.T.);
#9795=ORIENTED_EDGE('4266',*,*,#9756,.T.);
#9796=ORIENTED_EDGE('4267',*,*,#9770,.T.);
#9797=ORIENTED_EDGE('4268',*,*,#9783,.T.);
#9798=EDGE_LOOP('3672',(#9794,#9795,#9796,#9797));
#9799=FACE_OUTER_BOUND('3672',#9798,.F.);
#9800=ADVANCED_FACE('3672',(#9799),#9793,.F.);
#9801=CARTESIAN_POINT('',(1.07E0,-2.35E0,-8.35E-1));
#9802=DIRECTION('',(-1.E0,0.E0,0.E0));
#9803=DIRECTION('',(0.E0,0.E0,1.E0));
#9804=AXIS2_PLACEMENT_3D('',#9801,#9802,#9803);
#9805=PLANE('3684',#9804);
#9806=ORIENTED_EDGE('4333',*,*,#6201,.T.);
#9808=ORIENTED_EDGE('4343',*,*,#9807,.F.);
#9810=ORIENTED_EDGE('4309',*,*,#9809,.F.);
#9812=ORIENTED_EDGE('4341',*,*,#9811,.T.);
#9813=EDGE_LOOP('3684',(#9806,#9808,#9810,#9812));
#9814=FACE_OUTER_BOUND('3684',#9813,.F.);
#9815=ADVANCED_FACE('3684',(#9814),#9805,.T.);
#9816=CARTESIAN_POINT('',(1.07E0,-2.35E0,-4.35E-1));
#9817=DIRECTION('',(0.E0,0.E0,1.E0));
#9818=DIRECTION('',(1.E0,0.E0,0.E0));
#9819=AXIS2_PLACEMENT_3D('',#9816,#9817,#9818);
#9820=PLANE('3685',#9819);
#9821=ORIENTED_EDGE('4334',*,*,#6207,.T.);
#9823=ORIENTED_EDGE('4345',*,*,#9822,.F.);
#9825=ORIENTED_EDGE('4310',*,*,#9824,.F.);
#9826=ORIENTED_EDGE('4343',*,*,#9807,.T.);
#9827=EDGE_LOOP('3685',(#9821,#9823,#9825,#9826));
#9828=FACE_OUTER_BOUND('3685',#9827,.F.);
#9829=ADVANCED_FACE('3685',(#9828),#9820,.T.);
#9830=CARTESIAN_POINT('',(1.47E0,-2.35E0,-4.35E-1));
#9831=DIRECTION('',(1.E0,0.E0,0.E0));
#9832=DIRECTION('',(0.E0,0.E0,-1.E0));
#9833=AXIS2_PLACEMENT_3D('',#9830,#9831,#9832);
#9834=PLANE('3686',#9833);
#9835=ORIENTED_EDGE('4335',*,*,#6205,.T.);
#9837=ORIENTED_EDGE('4347',*,*,#9836,.F.);
#9839=ORIENTED_EDGE('4311',*,*,#9838,.F.);
#9840=ORIENTED_EDGE('4345',*,*,#9822,.T.);
#9841=EDGE_LOOP('3686',(#9835,#9837,#9839,#9840));
#9842=FACE_OUTER_BOUND('3686',#9841,.F.);
#9843=ADVANCED_FACE('3686',(#9842),#9834,.T.);
#9844=CARTESIAN_POINT('',(1.47E0,-2.35E0,-8.35E-1));
#9845=DIRECTION('',(0.E0,0.E0,-1.E0));
#9846=DIRECTION('',(-1.E0,0.E0,0.E0));
#9847=AXIS2_PLACEMENT_3D('',#9844,#9845,#9846);
#9848=PLANE('3687',#9847);
#9849=ORIENTED_EDGE('4336',*,*,#6203,.T.);
#9850=ORIENTED_EDGE('4341',*,*,#9811,.F.);
#9852=ORIENTED_EDGE('4312',*,*,#9851,.F.);
#9853=ORIENTED_EDGE('4347',*,*,#9836,.T.);
#9854=EDGE_LOOP('3687',(#9849,#9850,#9852,#9853));
#9855=FACE_OUTER_BOUND('3687',#9854,.F.);
#9856=ADVANCED_FACE('3687',(#9855),#9848,.T.);
#9857=CARTESIAN_POINT('',(1.27E0,-2.35E0,0.E0));
#9858=DIRECTION('',(0.E0,1.E0,0.E0));
#9859=DIRECTION('',(1.E0,0.E0,0.E0));
#9860=AXIS2_PLACEMENT_3D('',#9857,#9858,#9859);
#9861=PLANE('3833',#9860);
#9862=ORIENTED_EDGE('4309',*,*,#9809,.T.);
#9863=ORIENTED_EDGE('4310',*,*,#9824,.T.);
#9864=ORIENTED_EDGE('4311',*,*,#9838,.T.);
#9865=ORIENTED_EDGE('4312',*,*,#9851,.T.);
#9866=EDGE_LOOP('3833',(#9862,#9863,#9864,#9865));
#9867=FACE_OUTER_BOUND('3833',#9866,.F.);
#9868=ADVANCED_FACE('3833',(#9867),#9861,.F.);
#9869=CARTESIAN_POINT('',(1.07E0,-2.35E0,8.35E-1));
#9870=DIRECTION('',(0.E0,0.E0,1.E0));
#9871=DIRECTION('',(1.E0,0.E0,0.E0));
#9872=AXIS2_PLACEMENT_3D('',#9869,#9870,#9871);
#9873=PLANE('3688',#9872);
#9874=ORIENTED_EDGE('4337',*,*,#6211,.T.);
#9876=ORIENTED_EDGE('4351',*,*,#9875,.F.);
#9878=ORIENTED_EDGE('4313',*,*,#9877,.F.);
#9880=ORIENTED_EDGE('4349',*,*,#9879,.T.);
#9881=EDGE_LOOP('3688',(#9874,#9876,#9878,#9880));
#9882=FACE_OUTER_BOUND('3688',#9881,.F.);
#9883=ADVANCED_FACE('3688',(#9882),#9873,.T.);
#9884=CARTESIAN_POINT('',(1.47E0,-2.35E0,8.35E-1));
#9885=DIRECTION('',(1.E0,0.E0,0.E0));
#9886=DIRECTION('',(0.E0,0.E0,-1.E0));
#9887=AXIS2_PLACEMENT_3D('',#9884,#9885,#9886);
#9888=PLANE('3689',#9887);
#9889=ORIENTED_EDGE('4338',*,*,#6217,.T.);
#9891=ORIENTED_EDGE('4353',*,*,#9890,.F.);
#9893=ORIENTED_EDGE('4314',*,*,#9892,.F.);
#9894=ORIENTED_EDGE('4351',*,*,#9875,.T.);
#9895=EDGE_LOOP('3689',(#9889,#9891,#9893,#9894));
#9896=FACE_OUTER_BOUND('3689',#9895,.F.);
#9897=ADVANCED_FACE('3689',(#9896),#9888,.T.);
#9898=CARTESIAN_POINT('',(1.47E0,-2.35E0,4.35E-1));
#9899=DIRECTION('',(0.E0,0.E0,-1.E0));
#9900=DIRECTION('',(-1.E0,0.E0,0.E0));
#9901=AXIS2_PLACEMENT_3D('',#9898,#9899,#9900);
#9902=PLANE('3690',#9901);
#9903=ORIENTED_EDGE('4339',*,*,#6215,.T.);
#9905=ORIENTED_EDGE('4355',*,*,#9904,.F.);
#9907=ORIENTED_EDGE('4315',*,*,#9906,.F.);
#9908=ORIENTED_EDGE('4353',*,*,#9890,.T.);
#9909=EDGE_LOOP('3690',(#9903,#9905,#9907,#9908));
#9910=FACE_OUTER_BOUND('3690',#9909,.F.);
#9911=ADVANCED_FACE('3690',(#9910),#9902,.T.);
#9912=CARTESIAN_POINT('',(1.07E0,-2.35E0,4.35E-1));
#9913=DIRECTION('',(-1.E0,0.E0,0.E0));
#9914=DIRECTION('',(0.E0,0.E0,1.E0));
#9915=AXIS2_PLACEMENT_3D('',#9912,#9913,#9914);
#9916=PLANE('3691',#9915);
#9917=ORIENTED_EDGE('4340',*,*,#6213,.T.);
#9918=ORIENTED_EDGE('4349',*,*,#9879,.F.);
#9920=ORIENTED_EDGE('4316',*,*,#9919,.F.);
#9921=ORIENTED_EDGE('4355',*,*,#9904,.T.);
#9922=EDGE_LOOP('3691',(#9917,#9918,#9920,#9921));
#9923=FACE_OUTER_BOUND('3691',#9922,.F.);
#9924=ADVANCED_FACE('3691',(#9923),#9916,.T.);
#9925=CARTESIAN_POINT('',(1.27E0,-2.35E0,0.E0));
#9926=DIRECTION('',(0.E0,1.E0,0.E0));
#9927=DIRECTION('',(1.E0,0.E0,0.E0));
#9928=AXIS2_PLACEMENT_3D('',#9925,#9926,#9927);
#9929=PLANE('3682',#9928);
#9930=ORIENTED_EDGE('4313',*,*,#9877,.T.);
#9931=ORIENTED_EDGE('4314',*,*,#9892,.T.);
#9932=ORIENTED_EDGE('4315',*,*,#9906,.T.);
#9933=ORIENTED_EDGE('4316',*,*,#9919,.T.);
#9934=EDGE_LOOP('3682',(#9930,#9931,#9932,#9933));
#9935=FACE_OUTER_BOUND('3682',#9934,.F.);
#9936=ADVANCED_FACE('3682',(#9935),#9929,.F.);
#9937=CARTESIAN_POINT('',(2.34E0,-2.35E0,-8.35E-1));
#9938=DIRECTION('',(-1.E0,0.E0,0.E0));
#9939=DIRECTION('',(0.E0,0.E0,1.E0));
#9940=AXIS2_PLACEMENT_3D('',#9937,#9938,#9939);
#9941=PLANE('3694',#9940);
#9942=ORIENTED_EDGE('4381',*,*,#6221,.T.);
#9944=ORIENTED_EDGE('4391',*,*,#9943,.F.);
#9946=ORIENTED_EDGE('4357',*,*,#9945,.F.);
#9948=ORIENTED_EDGE('4389',*,*,#9947,.T.);
#9949=EDGE_LOOP('3694',(#9942,#9944,#9946,#9948));
#9950=FACE_OUTER_BOUND('3694',#9949,.F.);
#9951=ADVANCED_FACE('3694',(#9950),#9941,.T.);
#9952=CARTESIAN_POINT('',(2.34E0,-2.35E0,-4.35E-1));
#9953=DIRECTION('',(0.E0,0.E0,1.E0));
#9954=DIRECTION('',(1.E0,0.E0,0.E0));
#9955=AXIS2_PLACEMENT_3D('',#9952,#9953,#9954);
#9956=PLANE('3695',#9955);
#9957=ORIENTED_EDGE('4382',*,*,#6227,.T.);
#9959=ORIENTED_EDGE('4393',*,*,#9958,.F.);
#9961=ORIENTED_EDGE('4358',*,*,#9960,.F.);
#9962=ORIENTED_EDGE('4391',*,*,#9943,.T.);
#9963=EDGE_LOOP('3695',(#9957,#9959,#9961,#9962));
#9964=FACE_OUTER_BOUND('3695',#9963,.F.);
#9965=ADVANCED_FACE('3695',(#9964),#9956,.T.);
#9966=CARTESIAN_POINT('',(2.74E0,-2.35E0,-4.35E-1));
#9967=DIRECTION('',(1.E0,0.E0,0.E0));
#9968=DIRECTION('',(0.E0,0.E0,-1.E0));
#9969=AXIS2_PLACEMENT_3D('',#9966,#9967,#9968);
#9970=PLANE('3696',#9969);
#9971=ORIENTED_EDGE('4383',*,*,#6225,.T.);
#9973=ORIENTED_EDGE('4395',*,*,#9972,.F.);
#9975=ORIENTED_EDGE('4359',*,*,#9974,.F.);
#9976=ORIENTED_EDGE('4393',*,*,#9958,.T.);
#9977=EDGE_LOOP('3696',(#9971,#9973,#9975,#9976));
#9978=FACE_OUTER_BOUND('3696',#9977,.F.);
#9979=ADVANCED_FACE('3696',(#9978),#9970,.T.);
#9980=CARTESIAN_POINT('',(2.74E0,-2.35E0,-8.35E-1));
#9981=DIRECTION('',(0.E0,0.E0,-1.E0));
#9982=DIRECTION('',(-1.E0,0.E0,0.E0));
#9983=AXIS2_PLACEMENT_3D('',#9980,#9981,#9982);
#9984=PLANE('3697',#9983);
#9985=ORIENTED_EDGE('4384',*,*,#6223,.T.);
#9986=ORIENTED_EDGE('4389',*,*,#9947,.F.);
#9988=ORIENTED_EDGE('4360',*,*,#9987,.F.);
#9989=ORIENTED_EDGE('4395',*,*,#9972,.T.);
#9990=EDGE_LOOP('3697',(#9985,#9986,#9988,#9989));
#9991=FACE_OUTER_BOUND('3697',#9990,.F.);
#9992=ADVANCED_FACE('3697',(#9991),#9984,.T.);
#9993=CARTESIAN_POINT('',(2.54E0,-2.35E0,0.E0));
#9994=DIRECTION('',(0.E0,1.E0,0.E0));
#9995=DIRECTION('',(1.E0,0.E0,0.E0));
#9996=AXIS2_PLACEMENT_3D('',#9993,#9994,#9995);
#9997=PLANE('3843',#9996);
#9998=ORIENTED_EDGE('4357',*,*,#9945,.T.);
#9999=ORIENTED_EDGE('4358',*,*,#9960,.T.);
#10000=ORIENTED_EDGE('4359',*,*,#9974,.T.);
#10001=ORIENTED_EDGE('4360',*,*,#9987,.T.);
#10002=EDGE_LOOP('3843',(#9998,#9999,#10000,#10001));
#10003=FACE_OUTER_BOUND('3843',#10002,.F.);
#10004=ADVANCED_FACE('3843',(#10003),#9997,.F.);
#10005=CARTESIAN_POINT('',(2.34E0,-2.35E0,8.35E-1));
#10006=DIRECTION('',(0.E0,0.E0,1.E0));
#10007=DIRECTION('',(1.E0,0.E0,0.E0));
#10008=AXIS2_PLACEMENT_3D('',#10005,#10006,#10007);
#10009=PLANE('3698',#10008);
#10010=ORIENTED_EDGE('4385',*,*,#6231,.T.);
#10012=ORIENTED_EDGE('4399',*,*,#10011,.F.);
#10014=ORIENTED_EDGE('4361',*,*,#10013,.F.);
#10016=ORIENTED_EDGE('4397',*,*,#10015,.T.);
#10017=EDGE_LOOP('3698',(#10010,#10012,#10014,#10016));
#10018=FACE_OUTER_BOUND('3698',#10017,.F.);
#10019=ADVANCED_FACE('3698',(#10018),#10009,.T.);
#10020=CARTESIAN_POINT('',(2.74E0,-2.35E0,8.35E-1));
#10021=DIRECTION('',(1.E0,0.E0,0.E0));
#10022=DIRECTION('',(0.E0,0.E0,-1.E0));
#10023=AXIS2_PLACEMENT_3D('',#10020,#10021,#10022);
#10024=PLANE('3699',#10023);
#10025=ORIENTED_EDGE('4386',*,*,#6237,.T.);
#10027=ORIENTED_EDGE('4401',*,*,#10026,.F.);
#10029=ORIENTED_EDGE('4362',*,*,#10028,.F.);
#10030=ORIENTED_EDGE('4399',*,*,#10011,.T.);
#10031=EDGE_LOOP('3699',(#10025,#10027,#10029,#10030));
#10032=FACE_OUTER_BOUND('3699',#10031,.F.);
#10033=ADVANCED_FACE('3699',(#10032),#10024,.T.);
#10034=CARTESIAN_POINT('',(2.74E0,-2.35E0,4.35E-1));
#10035=DIRECTION('',(0.E0,0.E0,-1.E0));
#10036=DIRECTION('',(-1.E0,0.E0,0.E0));
#10037=AXIS2_PLACEMENT_3D('',#10034,#10035,#10036);
#10038=PLANE('3700',#10037);
#10039=ORIENTED_EDGE('4387',*,*,#6235,.T.);
#10041=ORIENTED_EDGE('4403',*,*,#10040,.F.);
#10043=ORIENTED_EDGE('4363',*,*,#10042,.F.);
#10044=ORIENTED_EDGE('4401',*,*,#10026,.T.);
#10045=EDGE_LOOP('3700',(#10039,#10041,#10043,#10044));
#10046=FACE_OUTER_BOUND('3700',#10045,.F.);
#10047=ADVANCED_FACE('3700',(#10046),#10038,.T.);
#10048=CARTESIAN_POINT('',(2.34E0,-2.35E0,4.35E-1));
#10049=DIRECTION('',(-1.E0,0.E0,0.E0));
#10050=DIRECTION('',(0.E0,0.E0,1.E0));
#10051=AXIS2_PLACEMENT_3D('',#10048,#10049,#10050);
#10052=PLANE('3701',#10051);
#10053=ORIENTED_EDGE('4388',*,*,#6233,.T.);
#10054=ORIENTED_EDGE('4397',*,*,#10015,.F.);
#10056=ORIENTED_EDGE('4364',*,*,#10055,.F.);
#10057=ORIENTED_EDGE('4403',*,*,#10040,.T.);
#10058=EDGE_LOOP('3701',(#10053,#10054,#10056,#10057));
#10059=FACE_OUTER_BOUND('3701',#10058,.F.);
#10060=ADVANCED_FACE('3701',(#10059),#10052,.T.);
#10061=CARTESIAN_POINT('',(2.54E0,-2.35E0,0.E0));
#10062=DIRECTION('',(0.E0,1.E0,0.E0));
#10063=DIRECTION('',(1.E0,0.E0,0.E0));
#10064=AXIS2_PLACEMENT_3D('',#10061,#10062,#10063);
#10065=PLANE('3692',#10064);
#10066=ORIENTED_EDGE('4361',*,*,#10013,.T.);
#10067=ORIENTED_EDGE('4362',*,*,#10028,.T.);
#10068=ORIENTED_EDGE('4363',*,*,#10042,.T.);
#10069=ORIENTED_EDGE('4364',*,*,#10055,.T.);
#10070=EDGE_LOOP('3692',(#10066,#10067,#10068,#10069));
#10071=FACE_OUTER_BOUND('3692',#10070,.F.);
#10072=ADVANCED_FACE('3692',(#10071),#10065,.F.);
#10073=CARTESIAN_POINT('',(3.61E0,-2.35E0,-8.35E-1));
#10074=DIRECTION('',(-1.E0,0.E0,0.E0));
#10075=DIRECTION('',(0.E0,0.E0,1.E0));
#10076=AXIS2_PLACEMENT_3D('',#10073,#10074,#10075);
#10077=PLANE('3704',#10076);
#10078=ORIENTED_EDGE('4429',*,*,#6241,.T.);
#10080=ORIENTED_EDGE('4439',*,*,#10079,.F.);
#10082=ORIENTED_EDGE('4405',*,*,#10081,.F.);
#10084=ORIENTED_EDGE('4437',*,*,#10083,.T.);
#10085=EDGE_LOOP('3704',(#10078,#10080,#10082,#10084));
#10086=FACE_OUTER_BOUND('3704',#10085,.F.);
#10087=ADVANCED_FACE('3704',(#10086),#10077,.T.);
#10088=CARTESIAN_POINT('',(3.61E0,-2.35E0,-4.35E-1));
#10089=DIRECTION('',(0.E0,0.E0,1.E0));
#10090=DIRECTION('',(1.E0,0.E0,0.E0));
#10091=AXIS2_PLACEMENT_3D('',#10088,#10089,#10090);
#10092=PLANE('3705',#10091);
#10093=ORIENTED_EDGE('4430',*,*,#6247,.T.);
#10095=ORIENTED_EDGE('4441',*,*,#10094,.F.);
#10097=ORIENTED_EDGE('4406',*,*,#10096,.F.);
#10098=ORIENTED_EDGE('4439',*,*,#10079,.T.);
#10099=EDGE_LOOP('3705',(#10093,#10095,#10097,#10098));
#10100=FACE_OUTER_BOUND('3705',#10099,.F.);
#10101=ADVANCED_FACE('3705',(#10100),#10092,.T.);
#10102=CARTESIAN_POINT('',(4.01E0,-2.35E0,-4.35E-1));
#10103=DIRECTION('',(1.E0,0.E0,0.E0));
#10104=DIRECTION('',(0.E0,0.E0,-1.E0));
#10105=AXIS2_PLACEMENT_3D('',#10102,#10103,#10104);
#10106=PLANE('3706',#10105);
#10107=ORIENTED_EDGE('4431',*,*,#6245,.T.);
#10109=ORIENTED_EDGE('4443',*,*,#10108,.F.);
#10111=ORIENTED_EDGE('4407',*,*,#10110,.F.);
#10112=ORIENTED_EDGE('4441',*,*,#10094,.T.);
#10113=EDGE_LOOP('3706',(#10107,#10109,#10111,#10112));
#10114=FACE_OUTER_BOUND('3706',#10113,.F.);
#10115=ADVANCED_FACE('3706',(#10114),#10106,.T.);
#10116=CARTESIAN_POINT('',(4.01E0,-2.35E0,-8.35E-1));
#10117=DIRECTION('',(0.E0,0.E0,-1.E0));
#10118=DIRECTION('',(-1.E0,0.E0,0.E0));
#10119=AXIS2_PLACEMENT_3D('',#10116,#10117,#10118);
#10120=PLANE('3707',#10119);
#10121=ORIENTED_EDGE('4432',*,*,#6243,.T.);
#10122=ORIENTED_EDGE('4437',*,*,#10083,.F.);
#10124=ORIENTED_EDGE('4408',*,*,#10123,.F.);
#10125=ORIENTED_EDGE('4443',*,*,#10108,.T.);
#10126=EDGE_LOOP('3707',(#10121,#10122,#10124,#10125));
#10127=FACE_OUTER_BOUND('3707',#10126,.F.);
#10128=ADVANCED_FACE('3707',(#10127),#10120,.T.);
#10129=CARTESIAN_POINT('',(3.81E0,-2.35E0,0.E0));
#10130=DIRECTION('',(0.E0,1.E0,0.E0));
#10131=DIRECTION('',(1.E0,0.E0,0.E0));
#10132=AXIS2_PLACEMENT_3D('',#10129,#10130,#10131);
#10133=PLANE('3853',#10132);
#10134=ORIENTED_EDGE('4405',*,*,#10081,.T.);
#10135=ORIENTED_EDGE('4406',*,*,#10096,.T.);
#10136=ORIENTED_EDGE('4407',*,*,#10110,.T.);
#10137=ORIENTED_EDGE('4408',*,*,#10123,.T.);
#10138=EDGE_LOOP('3853',(#10134,#10135,#10136,#10137));
#10139=FACE_OUTER_BOUND('3853',#10138,.F.);
#10140=ADVANCED_FACE('3853',(#10139),#10133,.F.);
#10141=CARTESIAN_POINT('',(3.61E0,-2.35E0,8.35E-1));
#10142=DIRECTION('',(0.E0,0.E0,1.E0));
#10143=DIRECTION('',(1.E0,0.E0,0.E0));
#10144=AXIS2_PLACEMENT_3D('',#10141,#10142,#10143);
#10145=PLANE('3708',#10144);
#10146=ORIENTED_EDGE('4433',*,*,#6251,.T.);
#10148=ORIENTED_EDGE('4447',*,*,#10147,.F.);
#10150=ORIENTED_EDGE('4409',*,*,#10149,.F.);
#10152=ORIENTED_EDGE('4445',*,*,#10151,.T.);
#10153=EDGE_LOOP('3708',(#10146,#10148,#10150,#10152));
#10154=FACE_OUTER_BOUND('3708',#10153,.F.);
#10155=ADVANCED_FACE('3708',(#10154),#10145,.T.);
#10156=CARTESIAN_POINT('',(4.01E0,-2.35E0,8.35E-1));
#10157=DIRECTION('',(1.E0,0.E0,0.E0));
#10158=DIRECTION('',(0.E0,0.E0,-1.E0));
#10159=AXIS2_PLACEMENT_3D('',#10156,#10157,#10158);
#10160=PLANE('3709',#10159);
#10161=ORIENTED_EDGE('4434',*,*,#6257,.T.);
#10163=ORIENTED_EDGE('4449',*,*,#10162,.F.);
#10165=ORIENTED_EDGE('4410',*,*,#10164,.F.);
#10166=ORIENTED_EDGE('4447',*,*,#10147,.T.);
#10167=EDGE_LOOP('3709',(#10161,#10163,#10165,#10166));
#10168=FACE_OUTER_BOUND('3709',#10167,.F.);
#10169=ADVANCED_FACE('3709',(#10168),#10160,.T.);
#10170=CARTESIAN_POINT('',(4.01E0,-2.35E0,4.35E-1));
#10171=DIRECTION('',(0.E0,0.E0,-1.E0));
#10172=DIRECTION('',(-1.E0,0.E0,0.E0));
#10173=AXIS2_PLACEMENT_3D('',#10170,#10171,#10172);
#10174=PLANE('3710',#10173);
#10175=ORIENTED_EDGE('4435',*,*,#6255,.T.);
#10177=ORIENTED_EDGE('4451',*,*,#10176,.F.);
#10179=ORIENTED_EDGE('4411',*,*,#10178,.F.);
#10180=ORIENTED_EDGE('4449',*,*,#10162,.T.);
#10181=EDGE_LOOP('3710',(#10175,#10177,#10179,#10180));
#10182=FACE_OUTER_BOUND('3710',#10181,.F.);
#10183=ADVANCED_FACE('3710',(#10182),#10174,.T.);
#10184=CARTESIAN_POINT('',(3.61E0,-2.35E0,4.35E-1));
#10185=DIRECTION('',(-1.E0,0.E0,0.E0));
#10186=DIRECTION('',(0.E0,0.E0,1.E0));
#10187=AXIS2_PLACEMENT_3D('',#10184,#10185,#10186);
#10188=PLANE('3711',#10187);
#10189=ORIENTED_EDGE('4436',*,*,#6253,.T.);
#10190=ORIENTED_EDGE('4445',*,*,#10151,.F.);
#10192=ORIENTED_EDGE('4412',*,*,#10191,.F.);
#10193=ORIENTED_EDGE('4451',*,*,#10176,.T.);
#10194=EDGE_LOOP('3711',(#10189,#10190,#10192,#10193));
#10195=FACE_OUTER_BOUND('3711',#10194,.F.);
#10196=ADVANCED_FACE('3711',(#10195),#10188,.T.);
#10197=CARTESIAN_POINT('',(3.81E0,-2.35E0,0.E0));
#10198=DIRECTION('',(0.E0,1.E0,0.E0));
#10199=DIRECTION('',(1.E0,0.E0,0.E0));
#10200=AXIS2_PLACEMENT_3D('',#10197,#10198,#10199);
#10201=PLANE('3702',#10200);
#10202=ORIENTED_EDGE('4409',*,*,#10149,.T.);
#10203=ORIENTED_EDGE('4410',*,*,#10164,.T.);
#10204=ORIENTED_EDGE('4411',*,*,#10178,.T.);
#10205=ORIENTED_EDGE('4412',*,*,#10191,.T.);
#10206=EDGE_LOOP('3702',(#10202,#10203,#10204,#10205));
#10207=FACE_OUTER_BOUND('3702',#10206,.F.);
#10208=ADVANCED_FACE('3702',(#10207),#10201,.F.);
#10209=CARTESIAN_POINT('',(4.88E0,-2.35E0,-8.35E-1));
#10210=DIRECTION('',(-1.E0,0.E0,0.E0));
#10211=DIRECTION('',(0.E0,0.E0,1.E0));
#10212=AXIS2_PLACEMENT_3D('',#10209,#10210,#10211);
#10213=PLANE('3714',#10212);
#10214=ORIENTED_EDGE('4477',*,*,#6261,.T.);
#10216=ORIENTED_EDGE('4487',*,*,#10215,.F.);
#10218=ORIENTED_EDGE('4453',*,*,#10217,.F.);
#10220=ORIENTED_EDGE('4485',*,*,#10219,.T.);
#10221=EDGE_LOOP('3714',(#10214,#10216,#10218,#10220));
#10222=FACE_OUTER_BOUND('3714',#10221,.F.);
#10223=ADVANCED_FACE('3714',(#10222),#10213,.T.);
#10224=CARTESIAN_POINT('',(4.88E0,-2.35E0,-4.35E-1));
#10225=DIRECTION('',(0.E0,0.E0,1.E0));
#10226=DIRECTION('',(1.E0,0.E0,0.E0));
#10227=AXIS2_PLACEMENT_3D('',#10224,#10225,#10226);
#10228=PLANE('3715',#10227);
#10229=ORIENTED_EDGE('4478',*,*,#6267,.T.);
#10231=ORIENTED_EDGE('4489',*,*,#10230,.F.);
#10233=ORIENTED_EDGE('4454',*,*,#10232,.F.);
#10234=ORIENTED_EDGE('4487',*,*,#10215,.T.);
#10235=EDGE_LOOP('3715',(#10229,#10231,#10233,#10234));
#10236=FACE_OUTER_BOUND('3715',#10235,.F.);
#10237=ADVANCED_FACE('3715',(#10236),#10228,.T.);
#10238=CARTESIAN_POINT('',(5.28E0,-2.35E0,-4.35E-1));
#10239=DIRECTION('',(1.E0,0.E0,0.E0));
#10240=DIRECTION('',(0.E0,0.E0,-1.E0));
#10241=AXIS2_PLACEMENT_3D('',#10238,#10239,#10240);
#10242=PLANE('3716',#10241);
#10243=ORIENTED_EDGE('4479',*,*,#6265,.T.);
#10245=ORIENTED_EDGE('4491',*,*,#10244,.F.);
#10247=ORIENTED_EDGE('4455',*,*,#10246,.F.);
#10248=ORIENTED_EDGE('4489',*,*,#10230,.T.);
#10249=EDGE_LOOP('3716',(#10243,#10245,#10247,#10248));
#10250=FACE_OUTER_BOUND('3716',#10249,.F.);
#10251=ADVANCED_FACE('3716',(#10250),#10242,.T.);
#10252=CARTESIAN_POINT('',(5.28E0,-2.35E0,-8.35E-1));
#10253=DIRECTION('',(0.E0,0.E0,-1.E0));
#10254=DIRECTION('',(-1.E0,0.E0,0.E0));
#10255=AXIS2_PLACEMENT_3D('',#10252,#10253,#10254);
#10256=PLANE('3717',#10255);
#10257=ORIENTED_EDGE('4480',*,*,#6263,.T.);
#10258=ORIENTED_EDGE('4485',*,*,#10219,.F.);
#10260=ORIENTED_EDGE('4456',*,*,#10259,.F.);
#10261=ORIENTED_EDGE('4491',*,*,#10244,.T.);
#10262=EDGE_LOOP('3717',(#10257,#10258,#10260,#10261));
#10263=FACE_OUTER_BOUND('3717',#10262,.F.);
#10264=ADVANCED_FACE('3717',(#10263),#10256,.T.);
#10265=CARTESIAN_POINT('',(5.08E0,-2.35E0,0.E0));
#10266=DIRECTION('',(0.E0,1.E0,0.E0));
#10267=DIRECTION('',(1.E0,0.E0,0.E0));
#10268=AXIS2_PLACEMENT_3D('',#10265,#10266,#10267);
#10269=PLANE('3863',#10268);
#10270=ORIENTED_EDGE('4453',*,*,#10217,.T.);
#10271=ORIENTED_EDGE('4454',*,*,#10232,.T.);
#10272=ORIENTED_EDGE('4455',*,*,#10246,.T.);
#10273=ORIENTED_EDGE('4456',*,*,#10259,.T.);
#10274=EDGE_LOOP('3863',(#10270,#10271,#10272,#10273));
#10275=FACE_OUTER_BOUND('3863',#10274,.F.);
#10276=ADVANCED_FACE('3863',(#10275),#10269,.F.);
#10277=CARTESIAN_POINT('',(4.88E0,-2.35E0,8.35E-1));
#10278=DIRECTION('',(0.E0,0.E0,1.E0));
#10279=DIRECTION('',(1.E0,0.E0,0.E0));
#10280=AXIS2_PLACEMENT_3D('',#10277,#10278,#10279);
#10281=PLANE('3718',#10280);
#10282=ORIENTED_EDGE('4481',*,*,#6271,.T.);
#10284=ORIENTED_EDGE('4495',*,*,#10283,.F.);
#10286=ORIENTED_EDGE('4457',*,*,#10285,.F.);
#10288=ORIENTED_EDGE('4493',*,*,#10287,.T.);
#10289=EDGE_LOOP('3718',(#10282,#10284,#10286,#10288));
#10290=FACE_OUTER_BOUND('3718',#10289,.F.);
#10291=ADVANCED_FACE('3718',(#10290),#10281,.T.);
#10292=CARTESIAN_POINT('',(5.28E0,-2.35E0,8.35E-1));
#10293=DIRECTION('',(1.E0,0.E0,0.E0));
#10294=DIRECTION('',(0.E0,0.E0,-1.E0));
#10295=AXIS2_PLACEMENT_3D('',#10292,#10293,#10294);
#10296=PLANE('3719',#10295);
#10297=ORIENTED_EDGE('4482',*,*,#6277,.T.);
#10299=ORIENTED_EDGE('4497',*,*,#10298,.F.);
#10301=ORIENTED_EDGE('4458',*,*,#10300,.F.);
#10302=ORIENTED_EDGE('4495',*,*,#10283,.T.);
#10303=EDGE_LOOP('3719',(#10297,#10299,#10301,#10302));
#10304=FACE_OUTER_BOUND('3719',#10303,.F.);
#10305=ADVANCED_FACE('3719',(#10304),#10296,.T.);
#10306=CARTESIAN_POINT('',(5.28E0,-2.35E0,4.35E-1));
#10307=DIRECTION('',(0.E0,0.E0,-1.E0));
#10308=DIRECTION('',(-1.E0,0.E0,0.E0));
#10309=AXIS2_PLACEMENT_3D('',#10306,#10307,#10308);
#10310=PLANE('3720',#10309);
#10311=ORIENTED_EDGE('4483',*,*,#6275,.T.);
#10313=ORIENTED_EDGE('4499',*,*,#10312,.F.);
#10315=ORIENTED_EDGE('4459',*,*,#10314,.F.);
#10316=ORIENTED_EDGE('4497',*,*,#10298,.T.);
#10317=EDGE_LOOP('3720',(#10311,#10313,#10315,#10316));
#10318=FACE_OUTER_BOUND('3720',#10317,.F.);
#10319=ADVANCED_FACE('3720',(#10318),#10310,.T.);
#10320=CARTESIAN_POINT('',(4.88E0,-2.35E0,4.35E-1));
#10321=DIRECTION('',(-1.E0,0.E0,0.E0));
#10322=DIRECTION('',(0.E0,0.E0,1.E0));
#10323=AXIS2_PLACEMENT_3D('',#10320,#10321,#10322);
#10324=PLANE('3721',#10323);
#10325=ORIENTED_EDGE('4484',*,*,#6273,.T.);
#10326=ORIENTED_EDGE('4493',*,*,#10287,.F.);
#10328=ORIENTED_EDGE('4460',*,*,#10327,.F.);
#10329=ORIENTED_EDGE('4499',*,*,#10312,.T.);
#10330=EDGE_LOOP('3721',(#10325,#10326,#10328,#10329));
#10331=FACE_OUTER_BOUND('3721',#10330,.F.);
#10332=ADVANCED_FACE('3721',(#10331),#10324,.T.);
#10333=CARTESIAN_POINT('',(5.08E0,-2.35E0,0.E0));
#10334=DIRECTION('',(0.E0,1.E0,0.E0));
#10335=DIRECTION('',(1.E0,0.E0,0.E0));
#10336=AXIS2_PLACEMENT_3D('',#10333,#10334,#10335);
#10337=PLANE('3712',#10336);
#10338=ORIENTED_EDGE('4457',*,*,#10285,.T.);
#10339=ORIENTED_EDGE('4458',*,*,#10300,.T.);
#10340=ORIENTED_EDGE('4459',*,*,#10314,.T.);
#10341=ORIENTED_EDGE('4460',*,*,#10327,.T.);
#10342=EDGE_LOOP('3712',(#10338,#10339,#10340,#10341));
#10343=FACE_OUTER_BOUND('3712',#10342,.F.);
#10344=ADVANCED_FACE('3712',(#10343),#10337,.F.);
#10345=CARTESIAN_POINT('',(6.15E0,-2.35E0,-8.35E-1));
#10346=DIRECTION('',(-1.E0,0.E0,0.E0));
#10347=DIRECTION('',(0.E0,0.E0,1.E0));
#10348=AXIS2_PLACEMENT_3D('',#10345,#10346,#10347);
#10349=PLANE('3724',#10348);
#10350=ORIENTED_EDGE('4525',*,*,#6281,.T.);
#10352=ORIENTED_EDGE('4535',*,*,#10351,.F.);
#10354=ORIENTED_EDGE('4501',*,*,#10353,.F.);
#10356=ORIENTED_EDGE('4533',*,*,#10355,.T.);
#10357=EDGE_LOOP('3724',(#10350,#10352,#10354,#10356));
#10358=FACE_OUTER_BOUND('3724',#10357,.F.);
#10359=ADVANCED_FACE('3724',(#10358),#10349,.T.);
#10360=CARTESIAN_POINT('',(6.15E0,-2.35E0,-4.35E-1));
#10361=DIRECTION('',(0.E0,0.E0,1.E0));
#10362=DIRECTION('',(1.E0,0.E0,0.E0));
#10363=AXIS2_PLACEMENT_3D('',#10360,#10361,#10362);
#10364=PLANE('3725',#10363);
#10365=ORIENTED_EDGE('4526',*,*,#6287,.T.);
#10367=ORIENTED_EDGE('4537',*,*,#10366,.F.);
#10369=ORIENTED_EDGE('4502',*,*,#10368,.F.);
#10370=ORIENTED_EDGE('4535',*,*,#10351,.T.);
#10371=EDGE_LOOP('3725',(#10365,#10367,#10369,#10370));
#10372=FACE_OUTER_BOUND('3725',#10371,.F.);
#10373=ADVANCED_FACE('3725',(#10372),#10364,.T.);
#10374=CARTESIAN_POINT('',(6.55E0,-2.35E0,-4.35E-1));
#10375=DIRECTION('',(1.E0,0.E0,0.E0));
#10376=DIRECTION('',(0.E0,0.E0,-1.E0));
#10377=AXIS2_PLACEMENT_3D('',#10374,#10375,#10376);
#10378=PLANE('3726',#10377);
#10379=ORIENTED_EDGE('4527',*,*,#6285,.T.);
#10381=ORIENTED_EDGE('4539',*,*,#10380,.F.);
#10383=ORIENTED_EDGE('4503',*,*,#10382,.F.);
#10384=ORIENTED_EDGE('4537',*,*,#10366,.T.);
#10385=EDGE_LOOP('3726',(#10379,#10381,#10383,#10384));
#10386=FACE_OUTER_BOUND('3726',#10385,.F.);
#10387=ADVANCED_FACE('3726',(#10386),#10378,.T.);
#10388=CARTESIAN_POINT('',(6.55E0,-2.35E0,-8.35E-1));
#10389=DIRECTION('',(0.E0,0.E0,-1.E0));
#10390=DIRECTION('',(-1.E0,0.E0,0.E0));
#10391=AXIS2_PLACEMENT_3D('',#10388,#10389,#10390);
#10392=PLANE('3727',#10391);
#10393=ORIENTED_EDGE('4528',*,*,#6283,.T.);
#10394=ORIENTED_EDGE('4533',*,*,#10355,.F.);
#10396=ORIENTED_EDGE('4504',*,*,#10395,.F.);
#10397=ORIENTED_EDGE('4539',*,*,#10380,.T.);
#10398=EDGE_LOOP('3727',(#10393,#10394,#10396,#10397));
#10399=FACE_OUTER_BOUND('3727',#10398,.F.);
#10400=ADVANCED_FACE('3727',(#10399),#10392,.T.);
#10401=CARTESIAN_POINT('',(6.35E0,-2.35E0,0.E0));
#10402=DIRECTION('',(0.E0,1.E0,0.E0));
#10403=DIRECTION('',(1.E0,0.E0,0.E0));
#10404=AXIS2_PLACEMENT_3D('',#10401,#10402,#10403);
#10405=PLANE('3873',#10404);
#10406=ORIENTED_EDGE('4501',*,*,#10353,.T.);
#10407=ORIENTED_EDGE('4502',*,*,#10368,.T.);
#10408=ORIENTED_EDGE('4503',*,*,#10382,.T.);
#10409=ORIENTED_EDGE('4504',*,*,#10395,.T.);
#10410=EDGE_LOOP('3873',(#10406,#10407,#10408,#10409));
#10411=FACE_OUTER_BOUND('3873',#10410,.F.);
#10412=ADVANCED_FACE('3873',(#10411),#10405,.F.);
#10413=CARTESIAN_POINT('',(6.15E0,-2.35E0,8.35E-1));
#10414=DIRECTION('',(0.E0,0.E0,1.E0));
#10415=DIRECTION('',(1.E0,0.E0,0.E0));
#10416=AXIS2_PLACEMENT_3D('',#10413,#10414,#10415);
#10417=PLANE('3728',#10416);
#10418=ORIENTED_EDGE('4529',*,*,#6291,.T.);
#10420=ORIENTED_EDGE('4543',*,*,#10419,.F.);
#10422=ORIENTED_EDGE('4505',*,*,#10421,.F.);
#10424=ORIENTED_EDGE('4541',*,*,#10423,.T.);
#10425=EDGE_LOOP('3728',(#10418,#10420,#10422,#10424));
#10426=FACE_OUTER_BOUND('3728',#10425,.F.);
#10427=ADVANCED_FACE('3728',(#10426),#10417,.T.);
#10428=CARTESIAN_POINT('',(6.55E0,-2.35E0,8.35E-1));
#10429=DIRECTION('',(1.E0,0.E0,0.E0));
#10430=DIRECTION('',(0.E0,0.E0,-1.E0));
#10431=AXIS2_PLACEMENT_3D('',#10428,#10429,#10430);
#10432=PLANE('3729',#10431);
#10433=ORIENTED_EDGE('4530',*,*,#6297,.T.);
#10435=ORIENTED_EDGE('4545',*,*,#10434,.F.);
#10437=ORIENTED_EDGE('4506',*,*,#10436,.F.);
#10438=ORIENTED_EDGE('4543',*,*,#10419,.T.);
#10439=EDGE_LOOP('3729',(#10433,#10435,#10437,#10438));
#10440=FACE_OUTER_BOUND('3729',#10439,.F.);
#10441=ADVANCED_FACE('3729',(#10440),#10432,.T.);
#10442=CARTESIAN_POINT('',(6.55E0,-2.35E0,4.35E-1));
#10443=DIRECTION('',(0.E0,0.E0,-1.E0));
#10444=DIRECTION('',(-1.E0,0.E0,0.E0));
#10445=AXIS2_PLACEMENT_3D('',#10442,#10443,#10444);
#10446=PLANE('3730',#10445);
#10447=ORIENTED_EDGE('4531',*,*,#6295,.T.);
#10449=ORIENTED_EDGE('4547',*,*,#10448,.F.);
#10451=ORIENTED_EDGE('4507',*,*,#10450,.F.);
#10452=ORIENTED_EDGE('4545',*,*,#10434,.T.);
#10453=EDGE_LOOP('3730',(#10447,#10449,#10451,#10452));
#10454=FACE_OUTER_BOUND('3730',#10453,.F.);
#10455=ADVANCED_FACE('3730',(#10454),#10446,.T.);
#10456=CARTESIAN_POINT('',(6.15E0,-2.35E0,4.35E-1));
#10457=DIRECTION('',(-1.E0,0.E0,0.E0));
#10458=DIRECTION('',(0.E0,0.E0,1.E0));
#10459=AXIS2_PLACEMENT_3D('',#10456,#10457,#10458);
#10460=PLANE('3731',#10459);
#10461=ORIENTED_EDGE('4532',*,*,#6293,.T.);
#10462=ORIENTED_EDGE('4541',*,*,#10423,.F.);
#10464=ORIENTED_EDGE('4508',*,*,#10463,.F.);
#10465=ORIENTED_EDGE('4547',*,*,#10448,.T.);
#10466=EDGE_LOOP('3731',(#10461,#10462,#10464,#10465));
#10467=FACE_OUTER_BOUND('3731',#10466,.F.);
#10468=ADVANCED_FACE('3731',(#10467),#10460,.T.);
#10469=CARTESIAN_POINT('',(6.35E0,-2.35E0,0.E0));
#10470=DIRECTION('',(0.E0,1.E0,0.E0));
#10471=DIRECTION('',(1.E0,0.E0,0.E0));
#10472=AXIS2_PLACEMENT_3D('',#10469,#10470,#10471);
#10473=PLANE('3722',#10472);
#10474=ORIENTED_EDGE('4505',*,*,#10421,.T.);
#10475=ORIENTED_EDGE('4506',*,*,#10436,.T.);
#10476=ORIENTED_EDGE('4507',*,*,#10450,.T.);
#10477=ORIENTED_EDGE('4508',*,*,#10463,.T.);
#10478=EDGE_LOOP('3722',(#10474,#10475,#10476,#10477));
#10479=FACE_OUTER_BOUND('3722',#10478,.F.);
#10480=ADVANCED_FACE('3722',(#10479),#10473,.F.);
#10481=CARTESIAN_POINT('',(7.42E0,-2.35E0,-8.35E-1));
#10482=DIRECTION('',(-1.E0,0.E0,0.E0));
#10483=DIRECTION('',(0.E0,0.E0,1.E0));
#10484=AXIS2_PLACEMENT_3D('',#10481,#10482,#10483);
#10485=PLANE('3734',#10484);
#10486=ORIENTED_EDGE('4573',*,*,#6301,.T.);
#10488=ORIENTED_EDGE('4583',*,*,#10487,.F.);
#10490=ORIENTED_EDGE('4549',*,*,#10489,.F.);
#10492=ORIENTED_EDGE('4581',*,*,#10491,.T.);
#10493=EDGE_LOOP('3734',(#10486,#10488,#10490,#10492));
#10494=FACE_OUTER_BOUND('3734',#10493,.F.);
#10495=ADVANCED_FACE('3734',(#10494),#10485,.T.);
#10496=CARTESIAN_POINT('',(7.42E0,-2.35E0,-4.35E-1));
#10497=DIRECTION('',(0.E0,0.E0,1.E0));
#10498=DIRECTION('',(1.E0,0.E0,0.E0));
#10499=AXIS2_PLACEMENT_3D('',#10496,#10497,#10498);
#10500=PLANE('3735',#10499);
#10501=ORIENTED_EDGE('4574',*,*,#6307,.T.);
#10503=ORIENTED_EDGE('4585',*,*,#10502,.F.);
#10505=ORIENTED_EDGE('4550',*,*,#10504,.F.);
#10506=ORIENTED_EDGE('4583',*,*,#10487,.T.);
#10507=EDGE_LOOP('3735',(#10501,#10503,#10505,#10506));
#10508=FACE_OUTER_BOUND('3735',#10507,.F.);
#10509=ADVANCED_FACE('3735',(#10508),#10500,.T.);
#10510=CARTESIAN_POINT('',(7.82E0,-2.35E0,-4.35E-1));
#10511=DIRECTION('',(1.E0,0.E0,0.E0));
#10512=DIRECTION('',(0.E0,0.E0,-1.E0));
#10513=AXIS2_PLACEMENT_3D('',#10510,#10511,#10512);
#10514=PLANE('3736',#10513);
#10515=ORIENTED_EDGE('4575',*,*,#6305,.T.);
#10517=ORIENTED_EDGE('4587',*,*,#10516,.F.);
#10519=ORIENTED_EDGE('4551',*,*,#10518,.F.);
#10520=ORIENTED_EDGE('4585',*,*,#10502,.T.);
#10521=EDGE_LOOP('3736',(#10515,#10517,#10519,#10520));
#10522=FACE_OUTER_BOUND('3736',#10521,.F.);
#10523=ADVANCED_FACE('3736',(#10522),#10514,.T.);
#10524=CARTESIAN_POINT('',(7.82E0,-2.35E0,-8.35E-1));
#10525=DIRECTION('',(0.E0,0.E0,-1.E0));
#10526=DIRECTION('',(-1.E0,0.E0,0.E0));
#10527=AXIS2_PLACEMENT_3D('',#10524,#10525,#10526);
#10528=PLANE('3737',#10527);
#10529=ORIENTED_EDGE('4576',*,*,#6303,.T.);
#10530=ORIENTED_EDGE('4581',*,*,#10491,.F.);
#10532=ORIENTED_EDGE('4552',*,*,#10531,.F.);
#10533=ORIENTED_EDGE('4587',*,*,#10516,.T.);
#10534=EDGE_LOOP('3737',(#10529,#10530,#10532,#10533));
#10535=FACE_OUTER_BOUND('3737',#10534,.F.);
#10536=ADVANCED_FACE('3737',(#10535),#10528,.T.);
#10537=CARTESIAN_POINT('',(7.62E0,-2.35E0,0.E0));
#10538=DIRECTION('',(0.E0,1.E0,0.E0));
#10539=DIRECTION('',(1.E0,0.E0,0.E0));
#10540=AXIS2_PLACEMENT_3D('',#10537,#10538,#10539);
#10541=PLANE('3883',#10540);
#10542=ORIENTED_EDGE('4549',*,*,#10489,.T.);
#10543=ORIENTED_EDGE('4550',*,*,#10504,.T.);
#10544=ORIENTED_EDGE('4551',*,*,#10518,.T.);
#10545=ORIENTED_EDGE('4552',*,*,#10531,.T.);
#10546=EDGE_LOOP('3883',(#10542,#10543,#10544,#10545));
#10547=FACE_OUTER_BOUND('3883',#10546,.F.);
#10548=ADVANCED_FACE('3883',(#10547),#10541,.F.);
#10549=CARTESIAN_POINT('',(7.42E0,-2.35E0,8.35E-1));
#10550=DIRECTION('',(0.E0,0.E0,1.E0));
#10551=DIRECTION('',(1.E0,0.E0,0.E0));
#10552=AXIS2_PLACEMENT_3D('',#10549,#10550,#10551);
#10553=PLANE('3738',#10552);
#10554=ORIENTED_EDGE('4577',*,*,#6311,.T.);
#10556=ORIENTED_EDGE('4591',*,*,#10555,.F.);
#10558=ORIENTED_EDGE('4553',*,*,#10557,.F.);
#10560=ORIENTED_EDGE('4589',*,*,#10559,.T.);
#10561=EDGE_LOOP('3738',(#10554,#10556,#10558,#10560));
#10562=FACE_OUTER_BOUND('3738',#10561,.F.);
#10563=ADVANCED_FACE('3738',(#10562),#10553,.T.);
#10564=CARTESIAN_POINT('',(7.82E0,-2.35E0,8.35E-1));
#10565=DIRECTION('',(1.E0,0.E0,0.E0));
#10566=DIRECTION('',(0.E0,0.E0,-1.E0));
#10567=AXIS2_PLACEMENT_3D('',#10564,#10565,#10566);
#10568=PLANE('3739',#10567);
#10569=ORIENTED_EDGE('4578',*,*,#6317,.T.);
#10571=ORIENTED_EDGE('4593',*,*,#10570,.F.);
#10573=ORIENTED_EDGE('4554',*,*,#10572,.F.);
#10574=ORIENTED_EDGE('4591',*,*,#10555,.T.);
#10575=EDGE_LOOP('3739',(#10569,#10571,#10573,#10574));
#10576=FACE_OUTER_BOUND('3739',#10575,.F.);
#10577=ADVANCED_FACE('3739',(#10576),#10568,.T.);
#10578=CARTESIAN_POINT('',(7.82E0,-2.35E0,4.35E-1));
#10579=DIRECTION('',(0.E0,0.E0,-1.E0));
#10580=DIRECTION('',(-1.E0,0.E0,0.E0));
#10581=AXIS2_PLACEMENT_3D('',#10578,#10579,#10580);
#10582=PLANE('3740',#10581);
#10583=ORIENTED_EDGE('4579',*,*,#6315,.T.);
#10585=ORIENTED_EDGE('4595',*,*,#10584,.F.);
#10587=ORIENTED_EDGE('4555',*,*,#10586,.F.);
#10588=ORIENTED_EDGE('4593',*,*,#10570,.T.);
#10589=EDGE_LOOP('3740',(#10583,#10585,#10587,#10588));
#10590=FACE_OUTER_BOUND('3740',#10589,.F.);
#10591=ADVANCED_FACE('3740',(#10590),#10582,.T.);
#10592=CARTESIAN_POINT('',(7.42E0,-2.35E0,4.35E-1));
#10593=DIRECTION('',(-1.E0,0.E0,0.E0));
#10594=DIRECTION('',(0.E0,0.E0,1.E0));
#10595=AXIS2_PLACEMENT_3D('',#10592,#10593,#10594);
#10596=PLANE('3741',#10595);
#10597=ORIENTED_EDGE('4580',*,*,#6313,.T.);
#10598=ORIENTED_EDGE('4589',*,*,#10559,.F.);
#10600=ORIENTED_EDGE('4556',*,*,#10599,.F.);
#10601=ORIENTED_EDGE('4595',*,*,#10584,.T.);
#10602=EDGE_LOOP('3741',(#10597,#10598,#10600,#10601));
#10603=FACE_OUTER_BOUND('3741',#10602,.F.);
#10604=ADVANCED_FACE('3741',(#10603),#10596,.T.);
#10605=CARTESIAN_POINT('',(7.62E0,-2.35E0,0.E0));
#10606=DIRECTION('',(0.E0,1.E0,0.E0));
#10607=DIRECTION('',(1.E0,0.E0,0.E0));
#10608=AXIS2_PLACEMENT_3D('',#10605,#10606,#10607);
#10609=PLANE('3732',#10608);
#10610=ORIENTED_EDGE('4553',*,*,#10557,.T.);
#10611=ORIENTED_EDGE('4554',*,*,#10572,.T.);
#10612=ORIENTED_EDGE('4555',*,*,#10586,.T.);
#10613=ORIENTED_EDGE('4556',*,*,#10599,.T.);
#10614=EDGE_LOOP('3732',(#10610,#10611,#10612,#10613));
#10615=FACE_OUTER_BOUND('3732',#10614,.F.);
#10616=ADVANCED_FACE('3732',(#10615),#10609,.F.);
#10617=CARTESIAN_POINT('',(8.69E0,-2.35E0,-8.35E-1));
#10618=DIRECTION('',(-1.E0,0.E0,0.E0));
#10619=DIRECTION('',(0.E0,0.E0,1.E0));
#10620=AXIS2_PLACEMENT_3D('',#10617,#10618,#10619);
#10621=PLANE('3744',#10620);
#10622=ORIENTED_EDGE('4621',*,*,#6321,.T.);
#10624=ORIENTED_EDGE('4631',*,*,#10623,.F.);
#10626=ORIENTED_EDGE('4597',*,*,#10625,.F.);
#10628=ORIENTED_EDGE('4629',*,*,#10627,.T.);
#10629=EDGE_LOOP('3744',(#10622,#10624,#10626,#10628));
#10630=FACE_OUTER_BOUND('3744',#10629,.F.);
#10631=ADVANCED_FACE('3744',(#10630),#10621,.T.);
#10632=CARTESIAN_POINT('',(8.69E0,-2.35E0,-4.35E-1));
#10633=DIRECTION('',(0.E0,0.E0,1.E0));
#10634=DIRECTION('',(1.E0,0.E0,0.E0));
#10635=AXIS2_PLACEMENT_3D('',#10632,#10633,#10634);
#10636=PLANE('3745',#10635);
#10637=ORIENTED_EDGE('4622',*,*,#6327,.T.);
#10639=ORIENTED_EDGE('4633',*,*,#10638,.F.);
#10641=ORIENTED_EDGE('4598',*,*,#10640,.F.);
#10642=ORIENTED_EDGE('4631',*,*,#10623,.T.);
#10643=EDGE_LOOP('3745',(#10637,#10639,#10641,#10642));
#10644=FACE_OUTER_BOUND('3745',#10643,.F.);
#10645=ADVANCED_FACE('3745',(#10644),#10636,.T.);
#10646=CARTESIAN_POINT('',(9.09E0,-2.35E0,-4.35E-1));
#10647=DIRECTION('',(1.E0,0.E0,0.E0));
#10648=DIRECTION('',(0.E0,0.E0,-1.E0));
#10649=AXIS2_PLACEMENT_3D('',#10646,#10647,#10648);
#10650=PLANE('3746',#10649);
#10651=ORIENTED_EDGE('4623',*,*,#6325,.T.);
#10653=ORIENTED_EDGE('4635',*,*,#10652,.F.);
#10655=ORIENTED_EDGE('4599',*,*,#10654,.F.);
#10656=ORIENTED_EDGE('4633',*,*,#10638,.T.);
#10657=EDGE_LOOP('3746',(#10651,#10653,#10655,#10656));
#10658=FACE_OUTER_BOUND('3746',#10657,.F.);
#10659=ADVANCED_FACE('3746',(#10658),#10650,.T.);
#10660=CARTESIAN_POINT('',(9.09E0,-2.35E0,-8.35E-1));
#10661=DIRECTION('',(0.E0,0.E0,-1.E0));
#10662=DIRECTION('',(-1.E0,0.E0,0.E0));
#10663=AXIS2_PLACEMENT_3D('',#10660,#10661,#10662);
#10664=PLANE('3747',#10663);
#10665=ORIENTED_EDGE('4624',*,*,#6323,.T.);
#10666=ORIENTED_EDGE('4629',*,*,#10627,.F.);
#10668=ORIENTED_EDGE('4600',*,*,#10667,.F.);
#10669=ORIENTED_EDGE('4635',*,*,#10652,.T.);
#10670=EDGE_LOOP('3747',(#10665,#10666,#10668,#10669));
#10671=FACE_OUTER_BOUND('3747',#10670,.F.);
#10672=ADVANCED_FACE('3747',(#10671),#10664,.T.);
#10673=CARTESIAN_POINT('',(8.89E0,-2.35E0,0.E0));
#10674=DIRECTION('',(0.E0,1.E0,0.E0));
#10675=DIRECTION('',(1.E0,0.E0,0.E0));
#10676=AXIS2_PLACEMENT_3D('',#10673,#10674,#10675);
#10677=PLANE('3893',#10676);
#10678=ORIENTED_EDGE('4597',*,*,#10625,.T.);
#10679=ORIENTED_EDGE('4598',*,*,#10640,.T.);
#10680=ORIENTED_EDGE('4599',*,*,#10654,.T.);
#10681=ORIENTED_EDGE('4600',*,*,#10667,.T.);
#10682=EDGE_LOOP('3893',(#10678,#10679,#10680,#10681));
#10683=FACE_OUTER_BOUND('3893',#10682,.F.);
#10684=ADVANCED_FACE('3893',(#10683),#10677,.F.);
#10685=CARTESIAN_POINT('',(8.69E0,-2.35E0,8.35E-1));
#10686=DIRECTION('',(0.E0,0.E0,1.E0));
#10687=DIRECTION('',(1.E0,0.E0,0.E0));
#10688=AXIS2_PLACEMENT_3D('',#10685,#10686,#10687);
#10689=PLANE('3748',#10688);
#10690=ORIENTED_EDGE('4625',*,*,#6331,.T.);
#10692=ORIENTED_EDGE('4639',*,*,#10691,.F.);
#10694=ORIENTED_EDGE('4601',*,*,#10693,.F.);
#10696=ORIENTED_EDGE('4637',*,*,#10695,.T.);
#10697=EDGE_LOOP('3748',(#10690,#10692,#10694,#10696));
#10698=FACE_OUTER_BOUND('3748',#10697,.F.);
#10699=ADVANCED_FACE('3748',(#10698),#10689,.T.);
#10700=CARTESIAN_POINT('',(9.09E0,-2.35E0,8.35E-1));
#10701=DIRECTION('',(1.E0,0.E0,0.E0));
#10702=DIRECTION('',(0.E0,0.E0,-1.E0));
#10703=AXIS2_PLACEMENT_3D('',#10700,#10701,#10702);
#10704=PLANE('3749',#10703);
#10705=ORIENTED_EDGE('4626',*,*,#6337,.T.);
#10707=ORIENTED_EDGE('4641',*,*,#10706,.F.);
#10709=ORIENTED_EDGE('4602',*,*,#10708,.F.);
#10710=ORIENTED_EDGE('4639',*,*,#10691,.T.);
#10711=EDGE_LOOP('3749',(#10705,#10707,#10709,#10710));
#10712=FACE_OUTER_BOUND('3749',#10711,.F.);
#10713=ADVANCED_FACE('3749',(#10712),#10704,.T.);
#10714=CARTESIAN_POINT('',(9.09E0,-2.35E0,4.35E-1));
#10715=DIRECTION('',(0.E0,0.E0,-1.E0));
#10716=DIRECTION('',(-1.E0,0.E0,0.E0));
#10717=AXIS2_PLACEMENT_3D('',#10714,#10715,#10716);
#10718=PLANE('3750',#10717);
#10719=ORIENTED_EDGE('4627',*,*,#6335,.T.);
#10721=ORIENTED_EDGE('4643',*,*,#10720,.F.);
#10723=ORIENTED_EDGE('4603',*,*,#10722,.F.);
#10724=ORIENTED_EDGE('4641',*,*,#10706,.T.);
#10725=EDGE_LOOP('3750',(#10719,#10721,#10723,#10724));
#10726=FACE_OUTER_BOUND('3750',#10725,.F.);
#10727=ADVANCED_FACE('3750',(#10726),#10718,.T.);
#10728=CARTESIAN_POINT('',(8.69E0,-2.35E0,4.35E-1));
#10729=DIRECTION('',(-1.E0,0.E0,0.E0));
#10730=DIRECTION('',(0.E0,0.E0,1.E0));
#10731=AXIS2_PLACEMENT_3D('',#10728,#10729,#10730);
#10732=PLANE('3751',#10731);
#10733=ORIENTED_EDGE('4628',*,*,#6333,.T.);
#10734=ORIENTED_EDGE('4637',*,*,#10695,.F.);
#10736=ORIENTED_EDGE('4604',*,*,#10735,.F.);
#10737=ORIENTED_EDGE('4643',*,*,#10720,.T.);
#10738=EDGE_LOOP('3751',(#10733,#10734,#10736,#10737));
#10739=FACE_OUTER_BOUND('3751',#10738,.F.);
#10740=ADVANCED_FACE('3751',(#10739),#10732,.T.);
#10741=CARTESIAN_POINT('',(8.89E0,-2.35E0,0.E0));
#10742=DIRECTION('',(0.E0,1.E0,0.E0));
#10743=DIRECTION('',(1.E0,0.E0,0.E0));
#10744=AXIS2_PLACEMENT_3D('',#10741,#10742,#10743);
#10745=PLANE('3742',#10744);
#10746=ORIENTED_EDGE('4601',*,*,#10693,.T.);
#10747=ORIENTED_EDGE('4602',*,*,#10708,.T.);
#10748=ORIENTED_EDGE('4603',*,*,#10722,.T.);
#10749=ORIENTED_EDGE('4604',*,*,#10735,.T.);
#10750=EDGE_LOOP('3742',(#10746,#10747,#10748,#10749));
#10751=FACE_OUTER_BOUND('3742',#10750,.F.);
#10752=ADVANCED_FACE('3742',(#10751),#10745,.F.);
#10753=CARTESIAN_POINT('',(9.96E0,-2.35E0,-8.35E-1));
#10754=DIRECTION('',(-1.E0,0.E0,0.E0));
#10755=DIRECTION('',(0.E0,0.E0,1.E0));
#10756=AXIS2_PLACEMENT_3D('',#10753,#10754,#10755);
#10757=PLANE('3754',#10756);
#10758=ORIENTED_EDGE('4669',*,*,#6341,.T.);
#10760=ORIENTED_EDGE('4679',*,*,#10759,.F.);
#10762=ORIENTED_EDGE('4645',*,*,#10761,.F.);
#10764=ORIENTED_EDGE('4677',*,*,#10763,.T.);
#10765=EDGE_LOOP('3754',(#10758,#10760,#10762,#10764));
#10766=FACE_OUTER_BOUND('3754',#10765,.F.);
#10767=ADVANCED_FACE('3754',(#10766),#10757,.T.);
#10768=CARTESIAN_POINT('',(9.96E0,-2.35E0,-4.35E-1));
#10769=DIRECTION('',(0.E0,0.E0,1.E0));
#10770=DIRECTION('',(1.E0,0.E0,0.E0));
#10771=AXIS2_PLACEMENT_3D('',#10768,#10769,#10770);
#10772=PLANE('3755',#10771);
#10773=ORIENTED_EDGE('4670',*,*,#6347,.T.);
#10775=ORIENTED_EDGE('4681',*,*,#10774,.F.);
#10777=ORIENTED_EDGE('4646',*,*,#10776,.F.);
#10778=ORIENTED_EDGE('4679',*,*,#10759,.T.);
#10779=EDGE_LOOP('3755',(#10773,#10775,#10777,#10778));
#10780=FACE_OUTER_BOUND('3755',#10779,.F.);
#10781=ADVANCED_FACE('3755',(#10780),#10772,.T.);
#10782=CARTESIAN_POINT('',(1.036E1,-2.35E0,-4.35E-1));
#10783=DIRECTION('',(1.E0,0.E0,0.E0));
#10784=DIRECTION('',(0.E0,0.E0,-1.E0));
#10785=AXIS2_PLACEMENT_3D('',#10782,#10783,#10784);
#10786=PLANE('3756',#10785);
#10787=ORIENTED_EDGE('4671',*,*,#6345,.T.);
#10789=ORIENTED_EDGE('4683',*,*,#10788,.F.);
#10791=ORIENTED_EDGE('4647',*,*,#10790,.F.);
#10792=ORIENTED_EDGE('4681',*,*,#10774,.T.);
#10793=EDGE_LOOP('3756',(#10787,#10789,#10791,#10792));
#10794=FACE_OUTER_BOUND('3756',#10793,.F.);
#10795=ADVANCED_FACE('3756',(#10794),#10786,.T.);
#10796=CARTESIAN_POINT('',(1.036E1,-2.35E0,-8.35E-1));
#10797=DIRECTION('',(0.E0,0.E0,-1.E0));
#10798=DIRECTION('',(-1.E0,0.E0,0.E0));
#10799=AXIS2_PLACEMENT_3D('',#10796,#10797,#10798);
#10800=PLANE('3757',#10799);
#10801=ORIENTED_EDGE('4672',*,*,#6343,.T.);
#10802=ORIENTED_EDGE('4677',*,*,#10763,.F.);
#10804=ORIENTED_EDGE('4648',*,*,#10803,.F.);
#10805=ORIENTED_EDGE('4683',*,*,#10788,.T.);
#10806=EDGE_LOOP('3757',(#10801,#10802,#10804,#10805));
#10807=FACE_OUTER_BOUND('3757',#10806,.F.);
#10808=ADVANCED_FACE('3757',(#10807),#10800,.T.);
#10809=CARTESIAN_POINT('',(1.016E1,-2.35E0,0.E0));
#10810=DIRECTION('',(0.E0,1.E0,0.E0));
#10811=DIRECTION('',(1.E0,0.E0,0.E0));
#10812=AXIS2_PLACEMENT_3D('',#10809,#10810,#10811);
#10813=PLANE('3903',#10812);
#10814=ORIENTED_EDGE('4645',*,*,#10761,.T.);
#10815=ORIENTED_EDGE('4646',*,*,#10776,.T.);
#10816=ORIENTED_EDGE('4647',*,*,#10790,.T.);
#10817=ORIENTED_EDGE('4648',*,*,#10803,.T.);
#10818=EDGE_LOOP('3903',(#10814,#10815,#10816,#10817));
#10819=FACE_OUTER_BOUND('3903',#10818,.F.);
#10820=ADVANCED_FACE('3903',(#10819),#10813,.F.);
#10821=CARTESIAN_POINT('',(9.96E0,-2.35E0,8.35E-1));
#10822=DIRECTION('',(0.E0,0.E0,1.E0));
#10823=DIRECTION('',(1.E0,0.E0,0.E0));
#10824=AXIS2_PLACEMENT_3D('',#10821,#10822,#10823);
#10825=PLANE('3758',#10824);
#10826=ORIENTED_EDGE('4673',*,*,#6351,.T.);
#10828=ORIENTED_EDGE('4687',*,*,#10827,.F.);
#10830=ORIENTED_EDGE('4649',*,*,#10829,.F.);
#10832=ORIENTED_EDGE('4685',*,*,#10831,.T.);
#10833=EDGE_LOOP('3758',(#10826,#10828,#10830,#10832));
#10834=FACE_OUTER_BOUND('3758',#10833,.F.);
#10835=ADVANCED_FACE('3758',(#10834),#10825,.T.);
#10836=CARTESIAN_POINT('',(1.036E1,-2.35E0,8.35E-1));
#10837=DIRECTION('',(1.E0,0.E0,0.E0));
#10838=DIRECTION('',(0.E0,0.E0,-1.E0));
#10839=AXIS2_PLACEMENT_3D('',#10836,#10837,#10838);
#10840=PLANE('3759',#10839);
#10841=ORIENTED_EDGE('4674',*,*,#6357,.T.);
#10843=ORIENTED_EDGE('4689',*,*,#10842,.F.);
#10845=ORIENTED_EDGE('4650',*,*,#10844,.F.);
#10846=ORIENTED_EDGE('4687',*,*,#10827,.T.);
#10847=EDGE_LOOP('3759',(#10841,#10843,#10845,#10846));
#10848=FACE_OUTER_BOUND('3759',#10847,.F.);
#10849=ADVANCED_FACE('3759',(#10848),#10840,.T.);
#10850=CARTESIAN_POINT('',(1.036E1,-2.35E0,4.35E-1));
#10851=DIRECTION('',(0.E0,0.E0,-1.E0));
#10852=DIRECTION('',(-1.E0,0.E0,0.E0));
#10853=AXIS2_PLACEMENT_3D('',#10850,#10851,#10852);
#10854=PLANE('3760',#10853);
#10855=ORIENTED_EDGE('4675',*,*,#6355,.T.);
#10857=ORIENTED_EDGE('4691',*,*,#10856,.F.);
#10859=ORIENTED_EDGE('4651',*,*,#10858,.F.);
#10860=ORIENTED_EDGE('4689',*,*,#10842,.T.);
#10861=EDGE_LOOP('3760',(#10855,#10857,#10859,#10860));
#10862=FACE_OUTER_BOUND('3760',#10861,.F.);
#10863=ADVANCED_FACE('3760',(#10862),#10854,.T.);
#10864=CARTESIAN_POINT('',(9.96E0,-2.35E0,4.35E-1));
#10865=DIRECTION('',(-1.E0,0.E0,0.E0));
#10866=DIRECTION('',(0.E0,0.E0,1.E0));
#10867=AXIS2_PLACEMENT_3D('',#10864,#10865,#10866);
#10868=PLANE('3761',#10867);
#10869=ORIENTED_EDGE('4676',*,*,#6353,.T.);
#10870=ORIENTED_EDGE('4685',*,*,#10831,.F.);
#10872=ORIENTED_EDGE('4652',*,*,#10871,.F.);
#10873=ORIENTED_EDGE('4691',*,*,#10856,.T.);
#10874=EDGE_LOOP('3761',(#10869,#10870,#10872,#10873));
#10875=FACE_OUTER_BOUND('3761',#10874,.F.);
#10876=ADVANCED_FACE('3761',(#10875),#10868,.T.);
#10877=CARTESIAN_POINT('',(1.016E1,-2.35E0,0.E0));
#10878=DIRECTION('',(0.E0,1.E0,0.E0));
#10879=DIRECTION('',(1.E0,0.E0,0.E0));
#10880=AXIS2_PLACEMENT_3D('',#10877,#10878,#10879);
#10881=PLANE('3752',#10880);
#10882=ORIENTED_EDGE('4649',*,*,#10829,.T.);
#10883=ORIENTED_EDGE('4650',*,*,#10844,.T.);
#10884=ORIENTED_EDGE('4651',*,*,#10858,.T.);
#10885=ORIENTED_EDGE('4652',*,*,#10871,.T.);
#10886=EDGE_LOOP('3752',(#10882,#10883,#10884,#10885));
#10887=FACE_OUTER_BOUND('3752',#10886,.F.);
#10888=ADVANCED_FACE('3752',(#10887),#10881,.F.);
#10889=CARTESIAN_POINT('',(1.123E1,-2.35E0,-8.35E-1));
#10890=DIRECTION('',(-1.E0,0.E0,0.E0));
#10891=DIRECTION('',(0.E0,0.E0,1.E0));
#10892=AXIS2_PLACEMENT_3D('',#10889,#10890,#10891);
#10893=PLANE('3764',#10892);
#10894=ORIENTED_EDGE('4717',*,*,#6361,.T.);
#10896=ORIENTED_EDGE('4727',*,*,#10895,.F.);
#10898=ORIENTED_EDGE('4693',*,*,#10897,.F.);
#10900=ORIENTED_EDGE('4725',*,*,#10899,.T.);
#10901=EDGE_LOOP('3764',(#10894,#10896,#10898,#10900));
#10902=FACE_OUTER_BOUND('3764',#10901,.F.);
#10903=ADVANCED_FACE('3764',(#10902),#10893,.T.);
#10904=CARTESIAN_POINT('',(1.123E1,-2.35E0,-4.35E-1));
#10905=DIRECTION('',(0.E0,0.E0,1.E0));
#10906=DIRECTION('',(1.E0,0.E0,0.E0));
#10907=AXIS2_PLACEMENT_3D('',#10904,#10905,#10906);
#10908=PLANE('3765',#10907);
#10909=ORIENTED_EDGE('4718',*,*,#6367,.T.);
#10911=ORIENTED_EDGE('4729',*,*,#10910,.F.);
#10913=ORIENTED_EDGE('4694',*,*,#10912,.F.);
#10914=ORIENTED_EDGE('4727',*,*,#10895,.T.);
#10915=EDGE_LOOP('3765',(#10909,#10911,#10913,#10914));
#10916=FACE_OUTER_BOUND('3765',#10915,.F.);
#10917=ADVANCED_FACE('3765',(#10916),#10908,.T.);
#10918=CARTESIAN_POINT('',(1.163E1,-2.35E0,-4.35E-1));
#10919=DIRECTION('',(1.E0,0.E0,0.E0));
#10920=DIRECTION('',(0.E0,0.E0,-1.E0));
#10921=AXIS2_PLACEMENT_3D('',#10918,#10919,#10920);
#10922=PLANE('3766',#10921);
#10923=ORIENTED_EDGE('4719',*,*,#6365,.T.);
#10925=ORIENTED_EDGE('4731',*,*,#10924,.F.);
#10927=ORIENTED_EDGE('4695',*,*,#10926,.F.);
#10928=ORIENTED_EDGE('4729',*,*,#10910,.T.);
#10929=EDGE_LOOP('3766',(#10923,#10925,#10927,#10928));
#10930=FACE_OUTER_BOUND('3766',#10929,.F.);
#10931=ADVANCED_FACE('3766',(#10930),#10922,.T.);
#10932=CARTESIAN_POINT('',(1.163E1,-2.35E0,-8.35E-1));
#10933=DIRECTION('',(0.E0,0.E0,-1.E0));
#10934=DIRECTION('',(-1.E0,0.E0,0.E0));
#10935=AXIS2_PLACEMENT_3D('',#10932,#10933,#10934);
#10936=PLANE('3767',#10935);
#10937=ORIENTED_EDGE('4720',*,*,#6363,.T.);
#10938=ORIENTED_EDGE('4725',*,*,#10899,.F.);
#10940=ORIENTED_EDGE('4696',*,*,#10939,.F.);
#10941=ORIENTED_EDGE('4731',*,*,#10924,.T.);
#10942=EDGE_LOOP('3767',(#10937,#10938,#10940,#10941));
#10943=FACE_OUTER_BOUND('3767',#10942,.F.);
#10944=ADVANCED_FACE('3767',(#10943),#10936,.T.);
#10945=CARTESIAN_POINT('',(1.143E1,-2.35E0,0.E0));
#10946=DIRECTION('',(0.E0,1.E0,0.E0));
#10947=DIRECTION('',(1.E0,0.E0,0.E0));
#10948=AXIS2_PLACEMENT_3D('',#10945,#10946,#10947);
#10949=PLANE('3913',#10948);
#10950=ORIENTED_EDGE('4693',*,*,#10897,.T.);
#10951=ORIENTED_EDGE('4694',*,*,#10912,.T.);
#10952=ORIENTED_EDGE('4695',*,*,#10926,.T.);
#10953=ORIENTED_EDGE('4696',*,*,#10939,.T.);
#10954=EDGE_LOOP('3913',(#10950,#10951,#10952,#10953));
#10955=FACE_OUTER_BOUND('3913',#10954,.F.);
#10956=ADVANCED_FACE('3913',(#10955),#10949,.F.);
#10957=CARTESIAN_POINT('',(1.123E1,-2.35E0,8.35E-1));
#10958=DIRECTION('',(0.E0,0.E0,1.E0));
#10959=DIRECTION('',(1.E0,0.E0,0.E0));
#10960=AXIS2_PLACEMENT_3D('',#10957,#10958,#10959);
#10961=PLANE('3768',#10960);
#10962=ORIENTED_EDGE('4721',*,*,#6371,.T.);
#10964=ORIENTED_EDGE('4735',*,*,#10963,.F.);
#10966=ORIENTED_EDGE('4697',*,*,#10965,.F.);
#10968=ORIENTED_EDGE('4733',*,*,#10967,.T.);
#10969=EDGE_LOOP('3768',(#10962,#10964,#10966,#10968));
#10970=FACE_OUTER_BOUND('3768',#10969,.F.);
#10971=ADVANCED_FACE('3768',(#10970),#10961,.T.);
#10972=CARTESIAN_POINT('',(1.163E1,-2.35E0,8.35E-1));
#10973=DIRECTION('',(1.E0,0.E0,0.E0));
#10974=DIRECTION('',(0.E0,0.E0,-1.E0));
#10975=AXIS2_PLACEMENT_3D('',#10972,#10973,#10974);
#10976=PLANE('3769',#10975);
#10977=ORIENTED_EDGE('4722',*,*,#6377,.T.);
#10979=ORIENTED_EDGE('4737',*,*,#10978,.F.);
#10981=ORIENTED_EDGE('4698',*,*,#10980,.F.);
#10982=ORIENTED_EDGE('4735',*,*,#10963,.T.);
#10983=EDGE_LOOP('3769',(#10977,#10979,#10981,#10982));
#10984=FACE_OUTER_BOUND('3769',#10983,.F.);
#10985=ADVANCED_FACE('3769',(#10984),#10976,.T.);
#10986=CARTESIAN_POINT('',(1.163E1,-2.35E0,4.35E-1));
#10987=DIRECTION('',(0.E0,0.E0,-1.E0));
#10988=DIRECTION('',(-1.E0,0.E0,0.E0));
#10989=AXIS2_PLACEMENT_3D('',#10986,#10987,#10988);
#10990=PLANE('3770',#10989);
#10991=ORIENTED_EDGE('4723',*,*,#6375,.T.);
#10993=ORIENTED_EDGE('4739',*,*,#10992,.F.);
#10995=ORIENTED_EDGE('4699',*,*,#10994,.F.);
#10996=ORIENTED_EDGE('4737',*,*,#10978,.T.);
#10997=EDGE_LOOP('3770',(#10991,#10993,#10995,#10996));
#10998=FACE_OUTER_BOUND('3770',#10997,.F.);
#10999=ADVANCED_FACE('3770',(#10998),#10990,.T.);
#11000=CARTESIAN_POINT('',(1.123E1,-2.35E0,4.35E-1));
#11001=DIRECTION('',(-1.E0,0.E0,0.E0));
#11002=DIRECTION('',(0.E0,0.E0,1.E0));
#11003=AXIS2_PLACEMENT_3D('',#11000,#11001,#11002);
#11004=PLANE('3771',#11003);
#11005=ORIENTED_EDGE('4724',*,*,#6373,.T.);
#11006=ORIENTED_EDGE('4733',*,*,#10967,.F.);
#11008=ORIENTED_EDGE('4700',*,*,#11007,.F.);
#11009=ORIENTED_EDGE('4739',*,*,#10992,.T.);
#11010=EDGE_LOOP('3771',(#11005,#11006,#11008,#11009));
#11011=FACE_OUTER_BOUND('3771',#11010,.F.);
#11012=ADVANCED_FACE('3771',(#11011),#11004,.T.);
#11013=CARTESIAN_POINT('',(1.143E1,-2.35E0,0.E0));
#11014=DIRECTION('',(0.E0,1.E0,0.E0));
#11015=DIRECTION('',(1.E0,0.E0,0.E0));
#11016=AXIS2_PLACEMENT_3D('',#11013,#11014,#11015);
#11017=PLANE('3762',#11016);
#11018=ORIENTED_EDGE('4697',*,*,#10965,.T.);
#11019=ORIENTED_EDGE('4698',*,*,#10980,.T.);
#11020=ORIENTED_EDGE('4699',*,*,#10994,.T.);
#11021=ORIENTED_EDGE('4700',*,*,#11007,.T.);
#11022=EDGE_LOOP('3762',(#11018,#11019,#11020,#11021));
#11023=FACE_OUTER_BOUND('3762',#11022,.F.);
#11024=ADVANCED_FACE('3762',(#11023),#11017,.F.);
#11025=CARTESIAN_POINT('',(1.25E1,-2.35E0,-8.35E-1));
#11026=DIRECTION('',(-1.E0,0.E0,0.E0));
#11027=DIRECTION('',(0.E0,0.E0,1.E0));
#11028=AXIS2_PLACEMENT_3D('',#11025,#11026,#11027);
#11029=PLANE('3774',#11028);
#11030=ORIENTED_EDGE('4765',*,*,#6381,.T.);
#11032=ORIENTED_EDGE('4775',*,*,#11031,.F.);
#11034=ORIENTED_EDGE('4741',*,*,#11033,.F.);
#11036=ORIENTED_EDGE('4773',*,*,#11035,.T.);
#11037=EDGE_LOOP('3774',(#11030,#11032,#11034,#11036));
#11038=FACE_OUTER_BOUND('3774',#11037,.F.);
#11039=ADVANCED_FACE('3774',(#11038),#11029,.T.);
#11040=CARTESIAN_POINT('',(1.25E1,-2.35E0,-4.35E-1));
#11041=DIRECTION('',(0.E0,0.E0,1.E0));
#11042=DIRECTION('',(1.E0,0.E0,0.E0));
#11043=AXIS2_PLACEMENT_3D('',#11040,#11041,#11042);
#11044=PLANE('3775',#11043);
#11045=ORIENTED_EDGE('4766',*,*,#6387,.T.);
#11047=ORIENTED_EDGE('4777',*,*,#11046,.F.);
#11049=ORIENTED_EDGE('4742',*,*,#11048,.F.);
#11050=ORIENTED_EDGE('4775',*,*,#11031,.T.);
#11051=EDGE_LOOP('3775',(#11045,#11047,#11049,#11050));
#11052=FACE_OUTER_BOUND('3775',#11051,.F.);
#11053=ADVANCED_FACE('3775',(#11052),#11044,.T.);
#11054=CARTESIAN_POINT('',(1.29E1,-2.35E0,-4.35E-1));
#11055=DIRECTION('',(1.E0,0.E0,0.E0));
#11056=DIRECTION('',(0.E0,0.E0,-1.E0));
#11057=AXIS2_PLACEMENT_3D('',#11054,#11055,#11056);
#11058=PLANE('3776',#11057);
#11059=ORIENTED_EDGE('4767',*,*,#6385,.T.);
#11061=ORIENTED_EDGE('4779',*,*,#11060,.F.);
#11063=ORIENTED_EDGE('4743',*,*,#11062,.F.);
#11064=ORIENTED_EDGE('4777',*,*,#11046,.T.);
#11065=EDGE_LOOP('3776',(#11059,#11061,#11063,#11064));
#11066=FACE_OUTER_BOUND('3776',#11065,.F.);
#11067=ADVANCED_FACE('3776',(#11066),#11058,.T.);
#11068=CARTESIAN_POINT('',(1.29E1,-2.35E0,-8.35E-1));
#11069=DIRECTION('',(0.E0,0.E0,-1.E0));
#11070=DIRECTION('',(-1.E0,0.E0,0.E0));
#11071=AXIS2_PLACEMENT_3D('',#11068,#11069,#11070);
#11072=PLANE('3777',#11071);
#11073=ORIENTED_EDGE('4768',*,*,#6383,.T.);
#11074=ORIENTED_EDGE('4773',*,*,#11035,.F.);
#11076=ORIENTED_EDGE('4744',*,*,#11075,.F.);
#11077=ORIENTED_EDGE('4779',*,*,#11060,.T.);
#11078=EDGE_LOOP('3777',(#11073,#11074,#11076,#11077));
#11079=FACE_OUTER_BOUND('3777',#11078,.F.);
#11080=ADVANCED_FACE('3777',(#11079),#11072,.T.);
#11081=CARTESIAN_POINT('',(1.27E1,-2.35E0,0.E0));
#11082=DIRECTION('',(0.E0,1.E0,0.E0));
#11083=DIRECTION('',(1.E0,0.E0,0.E0));
#11084=AXIS2_PLACEMENT_3D('',#11081,#11082,#11083);
#11085=PLANE('3923',#11084);
#11086=ORIENTED_EDGE('4741',*,*,#11033,.T.);
#11087=ORIENTED_EDGE('4742',*,*,#11048,.T.);
#11088=ORIENTED_EDGE('4743',*,*,#11062,.T.);
#11089=ORIENTED_EDGE('4744',*,*,#11075,.T.);
#11090=EDGE_LOOP('3923',(#11086,#11087,#11088,#11089));
#11091=FACE_OUTER_BOUND('3923',#11090,.F.);
#11092=ADVANCED_FACE('3923',(#11091),#11085,.F.);
#11093=CARTESIAN_POINT('',(1.25E1,-2.35E0,8.35E-1));
#11094=DIRECTION('',(0.E0,0.E0,1.E0));
#11095=DIRECTION('',(1.E0,0.E0,0.E0));
#11096=AXIS2_PLACEMENT_3D('',#11093,#11094,#11095);
#11097=PLANE('3778',#11096);
#11098=ORIENTED_EDGE('4769',*,*,#6391,.T.);
#11100=ORIENTED_EDGE('4783',*,*,#11099,.F.);
#11102=ORIENTED_EDGE('4745',*,*,#11101,.F.);
#11104=ORIENTED_EDGE('4781',*,*,#11103,.T.);
#11105=EDGE_LOOP('3778',(#11098,#11100,#11102,#11104));
#11106=FACE_OUTER_BOUND('3778',#11105,.F.);
#11107=ADVANCED_FACE('3778',(#11106),#11097,.T.);
#11108=CARTESIAN_POINT('',(1.29E1,-2.35E0,8.35E-1));
#11109=DIRECTION('',(1.E0,0.E0,0.E0));
#11110=DIRECTION('',(0.E0,0.E0,-1.E0));
#11111=AXIS2_PLACEMENT_3D('',#11108,#11109,#11110);
#11112=PLANE('3779',#11111);
#11113=ORIENTED_EDGE('4770',*,*,#6397,.T.);
#11115=ORIENTED_EDGE('4785',*,*,#11114,.F.);
#11117=ORIENTED_EDGE('4746',*,*,#11116,.F.);
#11118=ORIENTED_EDGE('4783',*,*,#11099,.T.);
#11119=EDGE_LOOP('3779',(#11113,#11115,#11117,#11118));
#11120=FACE_OUTER_BOUND('3779',#11119,.F.);
#11121=ADVANCED_FACE('3779',(#11120),#11112,.T.);
#11122=CARTESIAN_POINT('',(1.29E1,-2.35E0,4.35E-1));
#11123=DIRECTION('',(0.E0,0.E0,-1.E0));
#11124=DIRECTION('',(-1.E0,0.E0,0.E0));
#11125=AXIS2_PLACEMENT_3D('',#11122,#11123,#11124);
#11126=PLANE('3780',#11125);
#11127=ORIENTED_EDGE('4771',*,*,#6395,.T.);
#11129=ORIENTED_EDGE('4787',*,*,#11128,.F.);
#11131=ORIENTED_EDGE('4747',*,*,#11130,.F.);
#11132=ORIENTED_EDGE('4785',*,*,#11114,.T.);
#11133=EDGE_LOOP('3780',(#11127,#11129,#11131,#11132));
#11134=FACE_OUTER_BOUND('3780',#11133,.F.);
#11135=ADVANCED_FACE('3780',(#11134),#11126,.T.);
#11136=CARTESIAN_POINT('',(1.25E1,-2.35E0,4.35E-1));
#11137=DIRECTION('',(-1.E0,0.E0,0.E0));
#11138=DIRECTION('',(0.E0,0.E0,1.E0));
#11139=AXIS2_PLACEMENT_3D('',#11136,#11137,#11138);
#11140=PLANE('3781',#11139);
#11141=ORIENTED_EDGE('4772',*,*,#6393,.T.);
#11142=ORIENTED_EDGE('4781',*,*,#11103,.F.);
#11144=ORIENTED_EDGE('4748',*,*,#11143,.F.);
#11145=ORIENTED_EDGE('4787',*,*,#11128,.T.);
#11146=EDGE_LOOP('3781',(#11141,#11142,#11144,#11145));
#11147=FACE_OUTER_BOUND('3781',#11146,.F.);
#11148=ADVANCED_FACE('3781',(#11147),#11140,.T.);
#11149=CARTESIAN_POINT('',(1.27E1,-2.35E0,0.E0));
#11150=DIRECTION('',(0.E0,1.E0,0.E0));
#11151=DIRECTION('',(1.E0,0.E0,0.E0));
#11152=AXIS2_PLACEMENT_3D('',#11149,#11150,#11151);
#11153=PLANE('3772',#11152);
#11154=ORIENTED_EDGE('4745',*,*,#11101,.T.);
#11155=ORIENTED_EDGE('4746',*,*,#11116,.T.);
#11156=ORIENTED_EDGE('4747',*,*,#11130,.T.);
#11157=ORIENTED_EDGE('4748',*,*,#11143,.T.);
#11158=EDGE_LOOP('3772',(#11154,#11155,#11156,#11157));
#11159=FACE_OUTER_BOUND('3772',#11158,.F.);
#11160=ADVANCED_FACE('3772',(#11159),#11153,.F.);
#11161=CARTESIAN_POINT('',(1.377E1,-2.35E0,-8.35E-1));
#11162=DIRECTION('',(-1.E0,0.E0,0.E0));
#11163=DIRECTION('',(0.E0,0.E0,1.E0));
#11164=AXIS2_PLACEMENT_3D('',#11161,#11162,#11163);
#11165=PLANE('3784',#11164);
#11166=ORIENTED_EDGE('4813',*,*,#6401,.T.);
#11168=ORIENTED_EDGE('4823',*,*,#11167,.F.);
#11170=ORIENTED_EDGE('4789',*,*,#11169,.F.);
#11172=ORIENTED_EDGE('4821',*,*,#11171,.T.);
#11173=EDGE_LOOP('3784',(#11166,#11168,#11170,#11172));
#11174=FACE_OUTER_BOUND('3784',#11173,.F.);
#11175=ADVANCED_FACE('3784',(#11174),#11165,.T.);
#11176=CARTESIAN_POINT('',(1.377E1,-2.35E0,-4.35E-1));
#11177=DIRECTION('',(0.E0,0.E0,1.E0));
#11178=DIRECTION('',(1.E0,0.E0,0.E0));
#11179=AXIS2_PLACEMENT_3D('',#11176,#11177,#11178);
#11180=PLANE('3785',#11179);
#11181=ORIENTED_EDGE('4814',*,*,#6407,.T.);
#11183=ORIENTED_EDGE('4825',*,*,#11182,.F.);
#11185=ORIENTED_EDGE('4790',*,*,#11184,.F.);
#11186=ORIENTED_EDGE('4823',*,*,#11167,.T.);
#11187=EDGE_LOOP('3785',(#11181,#11183,#11185,#11186));
#11188=FACE_OUTER_BOUND('3785',#11187,.F.);
#11189=ADVANCED_FACE('3785',(#11188),#11180,.T.);
#11190=CARTESIAN_POINT('',(1.417E1,-2.35E0,-4.35E-1));
#11191=DIRECTION('',(1.E0,0.E0,0.E0));
#11192=DIRECTION('',(0.E0,0.E0,-1.E0));
#11193=AXIS2_PLACEMENT_3D('',#11190,#11191,#11192);
#11194=PLANE('3786',#11193);
#11195=ORIENTED_EDGE('4815',*,*,#6405,.T.);
#11197=ORIENTED_EDGE('4827',*,*,#11196,.F.);
#11199=ORIENTED_EDGE('4791',*,*,#11198,.F.);
#11200=ORIENTED_EDGE('4825',*,*,#11182,.T.);
#11201=EDGE_LOOP('3786',(#11195,#11197,#11199,#11200));
#11202=FACE_OUTER_BOUND('3786',#11201,.F.);
#11203=ADVANCED_FACE('3786',(#11202),#11194,.T.);
#11204=CARTESIAN_POINT('',(1.417E1,-2.35E0,-8.35E-1));
#11205=DIRECTION('',(0.E0,0.E0,-1.E0));
#11206=DIRECTION('',(-1.E0,0.E0,0.E0));
#11207=AXIS2_PLACEMENT_3D('',#11204,#11205,#11206);
#11208=PLANE('3787',#11207);
#11209=ORIENTED_EDGE('4816',*,*,#6403,.T.);
#11210=ORIENTED_EDGE('4821',*,*,#11171,.F.);
#11212=ORIENTED_EDGE('4792',*,*,#11211,.F.);
#11213=ORIENTED_EDGE('4827',*,*,#11196,.T.);
#11214=EDGE_LOOP('3787',(#11209,#11210,#11212,#11213));
#11215=FACE_OUTER_BOUND('3787',#11214,.F.);
#11216=ADVANCED_FACE('3787',(#11215),#11208,.T.);
#11217=CARTESIAN_POINT('',(1.397E1,-2.35E0,0.E0));
#11218=DIRECTION('',(0.E0,1.E0,0.E0));
#11219=DIRECTION('',(1.E0,0.E0,0.E0));
#11220=AXIS2_PLACEMENT_3D('',#11217,#11218,#11219);
#11221=PLANE('3933',#11220);
#11222=ORIENTED_EDGE('4789',*,*,#11169,.T.);
#11223=ORIENTED_EDGE('4790',*,*,#11184,.T.);
#11224=ORIENTED_EDGE('4791',*,*,#11198,.T.);
#11225=ORIENTED_EDGE('4792',*,*,#11211,.T.);
#11226=EDGE_LOOP('3933',(#11222,#11223,#11224,#11225));
#11227=FACE_OUTER_BOUND('3933',#11226,.F.);
#11228=ADVANCED_FACE('3933',(#11227),#11221,.F.);
#11229=CARTESIAN_POINT('',(1.377E1,-2.35E0,8.35E-1));
#11230=DIRECTION('',(0.E0,0.E0,1.E0));
#11231=DIRECTION('',(1.E0,0.E0,0.E0));
#11232=AXIS2_PLACEMENT_3D('',#11229,#11230,#11231);
#11233=PLANE('3788',#11232);
#11234=ORIENTED_EDGE('4817',*,*,#6411,.T.);
#11236=ORIENTED_EDGE('4831',*,*,#11235,.F.);
#11238=ORIENTED_EDGE('4793',*,*,#11237,.F.);
#11240=ORIENTED_EDGE('4829',*,*,#11239,.T.);
#11241=EDGE_LOOP('3788',(#11234,#11236,#11238,#11240));
#11242=FACE_OUTER_BOUND('3788',#11241,.F.);
#11243=ADVANCED_FACE('3788',(#11242),#11233,.T.);
#11244=CARTESIAN_POINT('',(1.417E1,-2.35E0,8.35E-1));
#11245=DIRECTION('',(1.E0,0.E0,0.E0));
#11246=DIRECTION('',(0.E0,0.E0,-1.E0));
#11247=AXIS2_PLACEMENT_3D('',#11244,#11245,#11246);
#11248=PLANE('3789',#11247);
#11249=ORIENTED_EDGE('4818',*,*,#6417,.T.);
#11251=ORIENTED_EDGE('4833',*,*,#11250,.F.);
#11253=ORIENTED_EDGE('4794',*,*,#11252,.F.);
#11254=ORIENTED_EDGE('4831',*,*,#11235,.T.);
#11255=EDGE_LOOP('3789',(#11249,#11251,#11253,#11254));
#11256=FACE_OUTER_BOUND('3789',#11255,.F.);
#11257=ADVANCED_FACE('3789',(#11256),#11248,.T.);
#11258=CARTESIAN_POINT('',(1.417E1,-2.35E0,4.35E-1));
#11259=DIRECTION('',(0.E0,0.E0,-1.E0));
#11260=DIRECTION('',(-1.E0,0.E0,0.E0));
#11261=AXIS2_PLACEMENT_3D('',#11258,#11259,#11260);
#11262=PLANE('3790',#11261);
#11263=ORIENTED_EDGE('4819',*,*,#6415,.T.);
#11265=ORIENTED_EDGE('4835',*,*,#11264,.F.);
#11267=ORIENTED_EDGE('4795',*,*,#11266,.F.);
#11268=ORIENTED_EDGE('4833',*,*,#11250,.T.);
#11269=EDGE_LOOP('3790',(#11263,#11265,#11267,#11268));
#11270=FACE_OUTER_BOUND('3790',#11269,.F.);
#11271=ADVANCED_FACE('3790',(#11270),#11262,.T.);
#11272=CARTESIAN_POINT('',(1.377E1,-2.35E0,4.35E-1));
#11273=DIRECTION('',(-1.E0,0.E0,0.E0));
#11274=DIRECTION('',(0.E0,0.E0,1.E0));
#11275=AXIS2_PLACEMENT_3D('',#11272,#11273,#11274);
#11276=PLANE('3791',#11275);
#11277=ORIENTED_EDGE('4820',*,*,#6413,.T.);
#11278=ORIENTED_EDGE('4829',*,*,#11239,.F.);
#11280=ORIENTED_EDGE('4796',*,*,#11279,.F.);
#11281=ORIENTED_EDGE('4835',*,*,#11264,.T.);
#11282=EDGE_LOOP('3791',(#11277,#11278,#11280,#11281));
#11283=FACE_OUTER_BOUND('3791',#11282,.F.);
#11284=ADVANCED_FACE('3791',(#11283),#11276,.T.);
#11285=CARTESIAN_POINT('',(1.397E1,-2.35E0,0.E0));
#11286=DIRECTION('',(0.E0,1.E0,0.E0));
#11287=DIRECTION('',(1.E0,0.E0,0.E0));
#11288=AXIS2_PLACEMENT_3D('',#11285,#11286,#11287);
#11289=PLANE('3782',#11288);
#11290=ORIENTED_EDGE('4793',*,*,#11237,.T.);
#11291=ORIENTED_EDGE('4794',*,*,#11252,.T.);
#11292=ORIENTED_EDGE('4795',*,*,#11266,.T.);
#11293=ORIENTED_EDGE('4796',*,*,#11279,.T.);
#11294=EDGE_LOOP('3782',(#11290,#11291,#11292,#11293));
#11295=FACE_OUTER_BOUND('3782',#11294,.F.);
#11296=ADVANCED_FACE('3782',(#11295),#11289,.F.);
#11297=CARTESIAN_POINT('',(1.504E1,-2.35E0,-8.35E-1));
#11298=DIRECTION('',(-1.E0,0.E0,0.E0));
#11299=DIRECTION('',(0.E0,0.E0,1.E0));
#11300=AXIS2_PLACEMENT_3D('',#11297,#11298,#11299);
#11301=PLANE('3794',#11300);
#11302=ORIENTED_EDGE('4861',*,*,#6421,.T.);
#11304=ORIENTED_EDGE('4871',*,*,#11303,.F.);
#11306=ORIENTED_EDGE('4837',*,*,#11305,.F.);
#11308=ORIENTED_EDGE('4869',*,*,#11307,.T.);
#11309=EDGE_LOOP('3794',(#11302,#11304,#11306,#11308));
#11310=FACE_OUTER_BOUND('3794',#11309,.F.);
#11311=ADVANCED_FACE('3794',(#11310),#11301,.T.);
#11312=CARTESIAN_POINT('',(1.504E1,-2.35E0,-4.35E-1));
#11313=DIRECTION('',(0.E0,0.E0,1.E0));
#11314=DIRECTION('',(1.E0,0.E0,0.E0));
#11315=AXIS2_PLACEMENT_3D('',#11312,#11313,#11314);
#11316=PLANE('3795',#11315);
#11317=ORIENTED_EDGE('4862',*,*,#6427,.T.);
#11319=ORIENTED_EDGE('4873',*,*,#11318,.F.);
#11321=ORIENTED_EDGE('4838',*,*,#11320,.F.);
#11322=ORIENTED_EDGE('4871',*,*,#11303,.T.);
#11323=EDGE_LOOP('3795',(#11317,#11319,#11321,#11322));
#11324=FACE_OUTER_BOUND('3795',#11323,.F.);
#11325=ADVANCED_FACE('3795',(#11324),#11316,.T.);
#11326=CARTESIAN_POINT('',(1.544E1,-2.35E0,-4.35E-1));
#11327=DIRECTION('',(1.E0,0.E0,0.E0));
#11328=DIRECTION('',(0.E0,0.E0,-1.E0));
#11329=AXIS2_PLACEMENT_3D('',#11326,#11327,#11328);
#11330=PLANE('3796',#11329);
#11331=ORIENTED_EDGE('4863',*,*,#6425,.T.);
#11333=ORIENTED_EDGE('4875',*,*,#11332,.F.);
#11335=ORIENTED_EDGE('4839',*,*,#11334,.F.);
#11336=ORIENTED_EDGE('4873',*,*,#11318,.T.);
#11337=EDGE_LOOP('3796',(#11331,#11333,#11335,#11336));
#11338=FACE_OUTER_BOUND('3796',#11337,.F.);
#11339=ADVANCED_FACE('3796',(#11338),#11330,.T.);
#11340=CARTESIAN_POINT('',(1.544E1,-2.35E0,-8.35E-1));
#11341=DIRECTION('',(0.E0,0.E0,-1.E0));
#11342=DIRECTION('',(-1.E0,0.E0,0.E0));
#11343=AXIS2_PLACEMENT_3D('',#11340,#11341,#11342);
#11344=PLANE('3797',#11343);
#11345=ORIENTED_EDGE('4864',*,*,#6423,.T.);
#11346=ORIENTED_EDGE('4869',*,*,#11307,.F.);
#11348=ORIENTED_EDGE('4840',*,*,#11347,.F.);
#11349=ORIENTED_EDGE('4875',*,*,#11332,.T.);
#11350=EDGE_LOOP('3797',(#11345,#11346,#11348,#11349));
#11351=FACE_OUTER_BOUND('3797',#11350,.F.);
#11352=ADVANCED_FACE('3797',(#11351),#11344,.T.);
#11353=CARTESIAN_POINT('',(1.524E1,-2.35E0,0.E0));
#11354=DIRECTION('',(0.E0,1.E0,0.E0));
#11355=DIRECTION('',(1.E0,0.E0,0.E0));
#11356=AXIS2_PLACEMENT_3D('',#11353,#11354,#11355);
#11357=PLANE('3943',#11356);
#11358=ORIENTED_EDGE('4837',*,*,#11305,.T.);
#11359=ORIENTED_EDGE('4838',*,*,#11320,.T.);
#11360=ORIENTED_EDGE('4839',*,*,#11334,.T.);
#11361=ORIENTED_EDGE('4840',*,*,#11347,.T.);
#11362=EDGE_LOOP('3943',(#11358,#11359,#11360,#11361));
#11363=FACE_OUTER_BOUND('3943',#11362,.F.);
#11364=ADVANCED_FACE('3943',(#11363),#11357,.F.);
#11365=CARTESIAN_POINT('',(1.504E1,-2.35E0,8.35E-1));
#11366=DIRECTION('',(0.E0,0.E0,1.E0));
#11367=DIRECTION('',(1.E0,0.E0,0.E0));
#11368=AXIS2_PLACEMENT_3D('',#11365,#11366,#11367);
#11369=PLANE('3798',#11368);
#11370=ORIENTED_EDGE('4865',*,*,#6431,.T.);
#11372=ORIENTED_EDGE('4879',*,*,#11371,.F.);
#11374=ORIENTED_EDGE('4841',*,*,#11373,.F.);
#11376=ORIENTED_EDGE('4877',*,*,#11375,.T.);
#11377=EDGE_LOOP('3798',(#11370,#11372,#11374,#11376));
#11378=FACE_OUTER_BOUND('3798',#11377,.F.);
#11379=ADVANCED_FACE('3798',(#11378),#11369,.T.);
#11380=CARTESIAN_POINT('',(1.544E1,-2.35E0,8.35E-1));
#11381=DIRECTION('',(1.E0,0.E0,0.E0));
#11382=DIRECTION('',(0.E0,0.E0,-1.E0));
#11383=AXIS2_PLACEMENT_3D('',#11380,#11381,#11382);
#11384=PLANE('3799',#11383);
#11385=ORIENTED_EDGE('4866',*,*,#6437,.T.);
#11387=ORIENTED_EDGE('4881',*,*,#11386,.F.);
#11389=ORIENTED_EDGE('4842',*,*,#11388,.F.);
#11390=ORIENTED_EDGE('4879',*,*,#11371,.T.);
#11391=EDGE_LOOP('3799',(#11385,#11387,#11389,#11390));
#11392=FACE_OUTER_BOUND('3799',#11391,.F.);
#11393=ADVANCED_FACE('3799',(#11392),#11384,.T.);
#11394=CARTESIAN_POINT('',(1.544E1,-2.35E0,4.35E-1));
#11395=DIRECTION('',(0.E0,0.E0,-1.E0));
#11396=DIRECTION('',(-1.E0,0.E0,0.E0));
#11397=AXIS2_PLACEMENT_3D('',#11394,#11395,#11396);
#11398=PLANE('3800',#11397);
#11399=ORIENTED_EDGE('4867',*,*,#6435,.T.);
#11401=ORIENTED_EDGE('4883',*,*,#11400,.F.);
#11403=ORIENTED_EDGE('4843',*,*,#11402,.F.);
#11404=ORIENTED_EDGE('4881',*,*,#11386,.T.);
#11405=EDGE_LOOP('3800',(#11399,#11401,#11403,#11404));
#11406=FACE_OUTER_BOUND('3800',#11405,.F.);
#11407=ADVANCED_FACE('3800',(#11406),#11398,.T.);
#11408=CARTESIAN_POINT('',(1.504E1,-2.35E0,4.35E-1));
#11409=DIRECTION('',(-1.E0,0.E0,0.E0));
#11410=DIRECTION('',(0.E0,0.E0,1.E0));
#11411=AXIS2_PLACEMENT_3D('',#11408,#11409,#11410);
#11412=PLANE('3801',#11411);
#11413=ORIENTED_EDGE('4868',*,*,#6433,.T.);
#11414=ORIENTED_EDGE('4877',*,*,#11375,.F.);
#11416=ORIENTED_EDGE('4844',*,*,#11415,.F.);
#11417=ORIENTED_EDGE('4883',*,*,#11400,.T.);
#11418=EDGE_LOOP('3801',(#11413,#11414,#11416,#11417));
#11419=FACE_OUTER_BOUND('3801',#11418,.F.);
#11420=ADVANCED_FACE('3801',(#11419),#11412,.T.);
#11421=CARTESIAN_POINT('',(1.524E1,-2.35E0,0.E0));
#11422=DIRECTION('',(0.E0,1.E0,0.E0));
#11423=DIRECTION('',(1.E0,0.E0,0.E0));
#11424=AXIS2_PLACEMENT_3D('',#11421,#11422,#11423);
#11425=PLANE('3792',#11424);
#11426=ORIENTED_EDGE('4841',*,*,#11373,.T.);
#11427=ORIENTED_EDGE('4842',*,*,#11388,.T.);
#11428=ORIENTED_EDGE('4843',*,*,#11402,.T.);
#11429=ORIENTED_EDGE('4844',*,*,#11415,.T.);
#11430=EDGE_LOOP('3792',(#11426,#11427,#11428,#11429));
#11431=FACE_OUTER_BOUND('3792',#11430,.F.);
#11432=ADVANCED_FACE('3792',(#11431),#11425,.F.);
#11433=CARTESIAN_POINT('',(1.631E1,-2.35E0,-8.35E-1));
#11434=DIRECTION('',(-1.E0,0.E0,0.E0));
#11435=DIRECTION('',(0.E0,0.E0,1.E0));
#11436=AXIS2_PLACEMENT_3D('',#11433,#11434,#11435);
#11437=PLANE('3804',#11436);
#11438=ORIENTED_EDGE('4909',*,*,#6441,.T.);
#11440=ORIENTED_EDGE('4919',*,*,#11439,.F.);
#11442=ORIENTED_EDGE('4885',*,*,#11441,.F.);
#11444=ORIENTED_EDGE('4917',*,*,#11443,.T.);
#11445=EDGE_LOOP('3804',(#11438,#11440,#11442,#11444));
#11446=FACE_OUTER_BOUND('3804',#11445,.F.);
#11447=ADVANCED_FACE('3804',(#11446),#11437,.T.);
#11448=CARTESIAN_POINT('',(1.631E1,-2.35E0,-4.35E-1));
#11449=DIRECTION('',(0.E0,0.E0,1.E0));
#11450=DIRECTION('',(1.E0,0.E0,0.E0));
#11451=AXIS2_PLACEMENT_3D('',#11448,#11449,#11450);
#11452=PLANE('3805',#11451);
#11453=ORIENTED_EDGE('4910',*,*,#6447,.T.);
#11455=ORIENTED_EDGE('4921',*,*,#11454,.F.);
#11457=ORIENTED_EDGE('4886',*,*,#11456,.F.);
#11458=ORIENTED_EDGE('4919',*,*,#11439,.T.);
#11459=EDGE_LOOP('3805',(#11453,#11455,#11457,#11458));
#11460=FACE_OUTER_BOUND('3805',#11459,.F.);
#11461=ADVANCED_FACE('3805',(#11460),#11452,.T.);
#11462=CARTESIAN_POINT('',(1.671E1,-2.35E0,-4.35E-1));
#11463=DIRECTION('',(1.E0,0.E0,0.E0));
#11464=DIRECTION('',(0.E0,0.E0,-1.E0));
#11465=AXIS2_PLACEMENT_3D('',#11462,#11463,#11464);
#11466=PLANE('3806',#11465);
#11467=ORIENTED_EDGE('4911',*,*,#6445,.T.);
#11469=ORIENTED_EDGE('4923',*,*,#11468,.F.);
#11471=ORIENTED_EDGE('4887',*,*,#11470,.F.);
#11472=ORIENTED_EDGE('4921',*,*,#11454,.T.);
#11473=EDGE_LOOP('3806',(#11467,#11469,#11471,#11472));
#11474=FACE_OUTER_BOUND('3806',#11473,.F.);
#11475=ADVANCED_FACE('3806',(#11474),#11466,.T.);
#11476=CARTESIAN_POINT('',(1.671E1,-2.35E0,-8.35E-1));
#11477=DIRECTION('',(0.E0,0.E0,-1.E0));
#11478=DIRECTION('',(-1.E0,0.E0,0.E0));
#11479=AXIS2_PLACEMENT_3D('',#11476,#11477,#11478);
#11480=PLANE('3807',#11479);
#11481=ORIENTED_EDGE('4912',*,*,#6443,.T.);
#11482=ORIENTED_EDGE('4917',*,*,#11443,.F.);
#11484=ORIENTED_EDGE('4888',*,*,#11483,.F.);
#11485=ORIENTED_EDGE('4923',*,*,#11468,.T.);
#11486=EDGE_LOOP('3807',(#11481,#11482,#11484,#11485));
#11487=FACE_OUTER_BOUND('3807',#11486,.F.);
#11488=ADVANCED_FACE('3807',(#11487),#11480,.T.);
#11489=CARTESIAN_POINT('',(1.651E1,-2.35E0,0.E0));
#11490=DIRECTION('',(0.E0,1.E0,0.E0));
#11491=DIRECTION('',(1.E0,0.E0,0.E0));
#11492=AXIS2_PLACEMENT_3D('',#11489,#11490,#11491);
#11493=PLANE('3953',#11492);
#11494=ORIENTED_EDGE('4885',*,*,#11441,.T.);
#11495=ORIENTED_EDGE('4886',*,*,#11456,.T.);
#11496=ORIENTED_EDGE('4887',*,*,#11470,.T.);
#11497=ORIENTED_EDGE('4888',*,*,#11483,.T.);
#11498=EDGE_LOOP('3953',(#11494,#11495,#11496,#11497));
#11499=FACE_OUTER_BOUND('3953',#11498,.F.);
#11500=ADVANCED_FACE('3953',(#11499),#11493,.F.);
#11501=CARTESIAN_POINT('',(1.631E1,-2.35E0,8.35E-1));
#11502=DIRECTION('',(0.E0,0.E0,1.E0));
#11503=DIRECTION('',(1.E0,0.E0,0.E0));
#11504=AXIS2_PLACEMENT_3D('',#11501,#11502,#11503);
#11505=PLANE('3808',#11504);
#11506=ORIENTED_EDGE('4913',*,*,#6451,.T.);
#11508=ORIENTED_EDGE('4927',*,*,#11507,.F.);
#11510=ORIENTED_EDGE('4889',*,*,#11509,.F.);
#11512=ORIENTED_EDGE('4925',*,*,#11511,.T.);
#11513=EDGE_LOOP('3808',(#11506,#11508,#11510,#11512));
#11514=FACE_OUTER_BOUND('3808',#11513,.F.);
#11515=ADVANCED_FACE('3808',(#11514),#11505,.T.);
#11516=CARTESIAN_POINT('',(1.671E1,-2.35E0,8.35E-1));
#11517=DIRECTION('',(1.E0,0.E0,0.E0));
#11518=DIRECTION('',(0.E0,0.E0,-1.E0));
#11519=AXIS2_PLACEMENT_3D('',#11516,#11517,#11518);
#11520=PLANE('3809',#11519);
#11521=ORIENTED_EDGE('4914',*,*,#6457,.T.);
#11523=ORIENTED_EDGE('4929',*,*,#11522,.F.);
#11525=ORIENTED_EDGE('4890',*,*,#11524,.F.);
#11526=ORIENTED_EDGE('4927',*,*,#11507,.T.);
#11527=EDGE_LOOP('3809',(#11521,#11523,#11525,#11526));
#11528=FACE_OUTER_BOUND('3809',#11527,.F.);
#11529=ADVANCED_FACE('3809',(#11528),#11520,.T.);
#11530=CARTESIAN_POINT('',(1.671E1,-2.35E0,4.35E-1));
#11531=DIRECTION('',(0.E0,0.E0,-1.E0));
#11532=DIRECTION('',(-1.E0,0.E0,0.E0));
#11533=AXIS2_PLACEMENT_3D('',#11530,#11531,#11532);
#11534=PLANE('3810',#11533);
#11535=ORIENTED_EDGE('4915',*,*,#6455,.T.);
#11537=ORIENTED_EDGE('4931',*,*,#11536,.F.);
#11539=ORIENTED_EDGE('4891',*,*,#11538,.F.);
#11540=ORIENTED_EDGE('4929',*,*,#11522,.T.);
#11541=EDGE_LOOP('3810',(#11535,#11537,#11539,#11540));
#11542=FACE_OUTER_BOUND('3810',#11541,.F.);
#11543=ADVANCED_FACE('3810',(#11542),#11534,.T.);
#11544=CARTESIAN_POINT('',(1.631E1,-2.35E0,4.35E-1));
#11545=DIRECTION('',(-1.E0,0.E0,0.E0));
#11546=DIRECTION('',(0.E0,0.E0,1.E0));
#11547=AXIS2_PLACEMENT_3D('',#11544,#11545,#11546);
#11548=PLANE('3811',#11547);
#11549=ORIENTED_EDGE('4916',*,*,#6453,.T.);
#11550=ORIENTED_EDGE('4925',*,*,#11511,.F.);
#11552=ORIENTED_EDGE('4892',*,*,#11551,.F.);
#11553=ORIENTED_EDGE('4931',*,*,#11536,.T.);
#11554=EDGE_LOOP('3811',(#11549,#11550,#11552,#11553));
#11555=FACE_OUTER_BOUND('3811',#11554,.F.);
#11556=ADVANCED_FACE('3811',(#11555),#11548,.T.);
#11557=CARTESIAN_POINT('',(1.651E1,-2.35E0,0.E0));
#11558=DIRECTION('',(0.E0,1.E0,0.E0));
#11559=DIRECTION('',(1.E0,0.E0,0.E0));
#11560=AXIS2_PLACEMENT_3D('',#11557,#11558,#11559);
#11561=PLANE('3802',#11560);
#11562=ORIENTED_EDGE('4889',*,*,#11509,.T.);
#11563=ORIENTED_EDGE('4890',*,*,#11524,.T.);
#11564=ORIENTED_EDGE('4891',*,*,#11538,.T.);
#11565=ORIENTED_EDGE('4892',*,*,#11551,.T.);
#11566=EDGE_LOOP('3802',(#11562,#11563,#11564,#11565));
#11567=FACE_OUTER_BOUND('3802',#11566,.F.);
#11568=ADVANCED_FACE('3802',(#11567),#11561,.F.);
#11569=CARTESIAN_POINT('',(1.758E1,-2.35E0,-8.35E-1));
#11570=DIRECTION('',(-1.E0,0.E0,0.E0));
#11571=DIRECTION('',(0.E0,0.E0,1.E0));
#11572=AXIS2_PLACEMENT_3D('',#11569,#11570,#11571);
#11573=PLANE('3814',#11572);
#11574=ORIENTED_EDGE('4957',*,*,#6461,.T.);
#11576=ORIENTED_EDGE('4967',*,*,#11575,.F.);
#11578=ORIENTED_EDGE('4933',*,*,#11577,.F.);
#11580=ORIENTED_EDGE('4965',*,*,#11579,.T.);
#11581=EDGE_LOOP('3814',(#11574,#11576,#11578,#11580));
#11582=FACE_OUTER_BOUND('3814',#11581,.F.);
#11583=ADVANCED_FACE('3814',(#11582),#11573,.T.);
#11584=CARTESIAN_POINT('',(1.758E1,-2.35E0,-4.35E-1));
#11585=DIRECTION('',(0.E0,0.E0,1.E0));
#11586=DIRECTION('',(1.E0,0.E0,0.E0));
#11587=AXIS2_PLACEMENT_3D('',#11584,#11585,#11586);
#11588=PLANE('3815',#11587);
#11589=ORIENTED_EDGE('4958',*,*,#6467,.T.);
#11591=ORIENTED_EDGE('4969',*,*,#11590,.F.);
#11593=ORIENTED_EDGE('4934',*,*,#11592,.F.);
#11594=ORIENTED_EDGE('4967',*,*,#11575,.T.);
#11595=EDGE_LOOP('3815',(#11589,#11591,#11593,#11594));
#11596=FACE_OUTER_BOUND('3815',#11595,.F.);
#11597=ADVANCED_FACE('3815',(#11596),#11588,.T.);
#11598=CARTESIAN_POINT('',(1.798E1,-2.35E0,-4.35E-1));
#11599=DIRECTION('',(1.E0,0.E0,0.E0));
#11600=DIRECTION('',(0.E0,0.E0,-1.E0));
#11601=AXIS2_PLACEMENT_3D('',#11598,#11599,#11600);
#11602=PLANE('3816',#11601);
#11603=ORIENTED_EDGE('4959',*,*,#6465,.T.);
#11605=ORIENTED_EDGE('4971',*,*,#11604,.F.);
#11607=ORIENTED_EDGE('4935',*,*,#11606,.F.);
#11608=ORIENTED_EDGE('4969',*,*,#11590,.T.);
#11609=EDGE_LOOP('3816',(#11603,#11605,#11607,#11608));
#11610=FACE_OUTER_BOUND('3816',#11609,.F.);
#11611=ADVANCED_FACE('3816',(#11610),#11602,.T.);
#11612=CARTESIAN_POINT('',(1.798E1,-2.35E0,-8.35E-1));
#11613=DIRECTION('',(0.E0,0.E0,-1.E0));
#11614=DIRECTION('',(-1.E0,0.E0,0.E0));
#11615=AXIS2_PLACEMENT_3D('',#11612,#11613,#11614);
#11616=PLANE('3817',#11615);
#11617=ORIENTED_EDGE('4960',*,*,#6463,.T.);
#11618=ORIENTED_EDGE('4965',*,*,#11579,.F.);
#11620=ORIENTED_EDGE('4936',*,*,#11619,.F.);
#11621=ORIENTED_EDGE('4971',*,*,#11604,.T.);
#11622=EDGE_LOOP('3817',(#11617,#11618,#11620,#11621));
#11623=FACE_OUTER_BOUND('3817',#11622,.F.);
#11624=ADVANCED_FACE('3817',(#11623),#11616,.T.);
#11625=CARTESIAN_POINT('',(1.778E1,-2.35E0,0.E0));
#11626=DIRECTION('',(0.E0,1.E0,0.E0));
#11627=DIRECTION('',(1.E0,0.E0,0.E0));
#11628=AXIS2_PLACEMENT_3D('',#11625,#11626,#11627);
#11629=PLANE('3963',#11628);
#11630=ORIENTED_EDGE('4933',*,*,#11577,.T.);
#11631=ORIENTED_EDGE('4934',*,*,#11592,.T.);
#11632=ORIENTED_EDGE('4935',*,*,#11606,.T.);
#11633=ORIENTED_EDGE('4936',*,*,#11619,.T.);
#11634=EDGE_LOOP('3963',(#11630,#11631,#11632,#11633));
#11635=FACE_OUTER_BOUND('3963',#11634,.F.);
#11636=ADVANCED_FACE('3963',(#11635),#11629,.F.);
#11637=CARTESIAN_POINT('',(1.758E1,-2.35E0,8.35E-1));
#11638=DIRECTION('',(0.E0,0.E0,1.E0));
#11639=DIRECTION('',(1.E0,0.E0,0.E0));
#11640=AXIS2_PLACEMENT_3D('',#11637,#11638,#11639);
#11641=PLANE('3818',#11640);
#11642=ORIENTED_EDGE('4961',*,*,#6471,.T.);
#11644=ORIENTED_EDGE('4975',*,*,#11643,.F.);
#11646=ORIENTED_EDGE('4937',*,*,#11645,.F.);
#11648=ORIENTED_EDGE('4973',*,*,#11647,.T.);
#11649=EDGE_LOOP('3818',(#11642,#11644,#11646,#11648));
#11650=FACE_OUTER_BOUND('3818',#11649,.F.);
#11651=ADVANCED_FACE('3818',(#11650),#11641,.T.);
#11652=CARTESIAN_POINT('',(1.798E1,-2.35E0,8.35E-1));
#11653=DIRECTION('',(1.E0,0.E0,0.E0));
#11654=DIRECTION('',(0.E0,0.E0,-1.E0));
#11655=AXIS2_PLACEMENT_3D('',#11652,#11653,#11654);
#11656=PLANE('3819',#11655);
#11657=ORIENTED_EDGE('4962',*,*,#6477,.T.);
#11659=ORIENTED_EDGE('4977',*,*,#11658,.F.);
#11661=ORIENTED_EDGE('4938',*,*,#11660,.F.);
#11662=ORIENTED_EDGE('4975',*,*,#11643,.T.);
#11663=EDGE_LOOP('3819',(#11657,#11659,#11661,#11662));
#11664=FACE_OUTER_BOUND('3819',#11663,.F.);
#11665=ADVANCED_FACE('3819',(#11664),#11656,.T.);
#11666=CARTESIAN_POINT('',(1.798E1,-2.35E0,4.35E-1));
#11667=DIRECTION('',(0.E0,0.E0,-1.E0));
#11668=DIRECTION('',(-1.E0,0.E0,0.E0));
#11669=AXIS2_PLACEMENT_3D('',#11666,#11667,#11668);
#11670=PLANE('3820',#11669);
#11671=ORIENTED_EDGE('4963',*,*,#6475,.T.);
#11673=ORIENTED_EDGE('4979',*,*,#11672,.F.);
#11675=ORIENTED_EDGE('4939',*,*,#11674,.F.);
#11676=ORIENTED_EDGE('4977',*,*,#11658,.T.);
#11677=EDGE_LOOP('3820',(#11671,#11673,#11675,#11676));
#11678=FACE_OUTER_BOUND('3820',#11677,.F.);
#11679=ADVANCED_FACE('3820',(#11678),#11670,.T.);
#11680=CARTESIAN_POINT('',(1.758E1,-2.35E0,4.35E-1));
#11681=DIRECTION('',(-1.E0,0.E0,0.E0));
#11682=DIRECTION('',(0.E0,0.E0,1.E0));
#11683=AXIS2_PLACEMENT_3D('',#11680,#11681,#11682);
#11684=PLANE('3821',#11683);
#11685=ORIENTED_EDGE('4964',*,*,#6473,.T.);
#11686=ORIENTED_EDGE('4973',*,*,#11647,.F.);
#11688=ORIENTED_EDGE('4940',*,*,#11687,.F.);
#11689=ORIENTED_EDGE('4979',*,*,#11672,.T.);
#11690=EDGE_LOOP('3821',(#11685,#11686,#11688,#11689));
#11691=FACE_OUTER_BOUND('3821',#11690,.F.);
#11692=ADVANCED_FACE('3821',(#11691),#11684,.T.);
#11693=CARTESIAN_POINT('',(1.778E1,-2.35E0,0.E0));
#11694=DIRECTION('',(0.E0,1.E0,0.E0));
#11695=DIRECTION('',(1.E0,0.E0,0.E0));
#11696=AXIS2_PLACEMENT_3D('',#11693,#11694,#11695);
#11697=PLANE('3812',#11696);
#11698=ORIENTED_EDGE('4937',*,*,#11645,.T.);
#11699=ORIENTED_EDGE('4938',*,*,#11660,.T.);
#11700=ORIENTED_EDGE('4939',*,*,#11674,.T.);
#11701=ORIENTED_EDGE('4940',*,*,#11687,.T.);
#11702=EDGE_LOOP('3812',(#11698,#11699,#11700,#11701));
#11703=FACE_OUTER_BOUND('3812',#11702,.F.);
#11704=ADVANCED_FACE('3812',(#11703),#11697,.F.);
#11705=CLOSED_SHELL('',(#5480,#5495,#5517,#5531,#5545,#5559,#5573,#5587,#5601,
#5615,#5629,#5643,#5657,#5671,#5685,#5699,#5713,#5727,#5741,#5755,#5769,#5783,
#5797,#5811,#5825,#5839,#5853,#5867,#5881,#5895,#5909,#5923,#5937,#5951,#5965,
#5979,#5993,#6007,#6021,#6035,#6049,#6063,#6077,#6091,#6105,#6119,#6133,#6147,
#6168,#6481,#6494,#6595,#6609,#7053,#7067,#7080,#7092,#7105,#7118,#7131,#7144,
#7157,#7170,#7183,#7196,#7209,#7222,#7235,#7248,#7261,#7274,#7287,#7300,#7313,
#7326,#7339,#7352,#7365,#7378,#7391,#7404,#7417,#7430,#7443,#7456,#7469,#7482,
#7495,#7508,#7521,#7534,#7547,#7560,#7573,#7586,#7599,#7612,#7624,#7639,#7653,
#7667,#7680,#7692,#7707,#7721,#7735,#7748,#7760,#7775,#7789,#7803,#7816,#7828,
#7843,#7857,#7871,#7884,#7896,#7911,#7925,#7939,#7952,#7964,#7979,#7993,#8007,
#8020,#8032,#8047,#8061,#8075,#8088,#8100,#8115,#8129,#8143,#8156,#8168,#8183,
#8197,#8211,#8224,#8236,#8251,#8265,#8279,#8292,#8304,#8319,#8333,#8347,#8360,
#8372,#8387,#8401,#8415,#8428,#8440,#8455,#8469,#8483,#8496,#8508,#8523,#8537,
#8551,#8564,#8576,#8591,#8605,#8619,#8632,#8644,#8659,#8673,#8687,#8700,#8712,
#8727,#8741,#8755,#8768,#8780,#8795,#8809,#8823,#8836,#8848,#8863,#8877,#8891,
#8904,#8916,#8931,#8945,#8959,#8972,#8984,#8999,#9013,#9027,#9040,#9052,#9067,
#9081,#9095,#9108,#9120,#9135,#9149,#9163,#9176,#9188,#9203,#9217,#9231,#9244,
#9256,#9271,#9285,#9299,#9312,#9324,#9339,#9353,#9367,#9380,#9392,#9407,#9421,
#9435,#9448,#9460,#9475,#9489,#9503,#9516,#9528,#9543,#9557,#9571,#9584,#9596,
#9611,#9625,#9639,#9652,#9664,#9679,#9693,#9707,#9720,#9732,#9747,#9761,#9775,
#9788,#9800,#9815,#9829,#9843,#9856,#9868,#9883,#9897,#9911,#9924,#9936,#9951,
#9965,#9979,#9992,#10004,#10019,#10033,#10047,#10060,#10072,#10087,#10101,
#10115,#10128,#10140,#10155,#10169,#10183,#10196,#10208,#10223,#10237,#10251,
#10264,#10276,#10291,#10305,#10319,#10332,#10344,#10359,#10373,#10387,#10400,
#10412,#10427,#10441,#10455,#10468,#10480,#10495,#10509,#10523,#10536,#10548,
#10563,#10577,#10591,#10604,#10616,#10631,#10645,#10659,#10672,#10684,#10699,
#10713,#10727,#10740,#10752,#10767,#10781,#10795,#10808,#10820,#10835,#10849,
#10863,#10876,#10888,#10903,#10917,#10931,#10944,#10956,#10971,#10985,#10999,
#11012,#11024,#11039,#11053,#11067,#11080,#11092,#11107,#11121,#11135,#11148,
#11160,#11175,#11189,#11203,#11216,#11228,#11243,#11257,#11271,#11284,#11296,
#11311,#11325,#11339,#11352,#11364,#11379,#11393,#11407,#11420,#11432,#11447,
#11461,#11475,#11488,#11500,#11515,#11529,#11543,#11556,#11568,#11583,#11597,
#11611,#11624,#11636,#11651,#11665,#11679,#11692,#11704));
#11706=MANIFOLD_SOLID_BREP('',#11705);
#11707=(LENGTH_UNIT()NAMED_UNIT(*)SI_UNIT(.MILLI.,.METRE.));
#11708=DIMENSIONAL_EXPONENTS(0.E0,0.E0,0.E0,0.E0,0.E0,0.E0,0.E0);
#11709=(NAMED_UNIT(*)PLANE_ANGLE_UNIT()SI_UNIT($,.RADIAN.));
#11710=PLANE_ANGLE_MEASURE_WITH_UNIT(PLANE_ANGLE_MEASURE(1.745329251994E-2),
#11709);
#11711=(CONVERSION_BASED_UNIT('DEGREE',#11710)NAMED_UNIT(#11708)PLANE_ANGLE_UNIT());
#11712=(NAMED_UNIT(*)SI_UNIT($,.STERADIAN.)SOLID_ANGLE_UNIT());
#11713=UNCERTAINTY_MEASURE_WITH_UNIT(LENGTH_MEASURE(8.035311717122E-4),#11707,
'closure',
'Maximum model space distance between geometric entities at asserted connectivities');
#11714=(GEOMETRIC_REPRESENTATION_CONTEXT(3)GLOBAL_UNCERTAINTY_ASSIGNED_CONTEXT((
#11713))GLOBAL_UNIT_ASSIGNED_CONTEXT((#11707,#11711,#11712))REPRESENTATION_CONTEXT('ID1','3'));
#11716=APPLICATION_CONTEXT(
'CONFIGURATION CONTROLLED 3D DESIGNS OF MECHANICAL PARTS AND ASSEMBLIES');
#11717=APPLICATION_PROTOCOL_DEFINITION('international standard',
'config_control_design',1994,#11716);
#11718=DESIGN_CONTEXT('',#11716,'design');
#11719=MECHANICAL_CONTEXT('',#11716,'mechanical');
#11720=PRODUCT('20021111-00030XXLFC','20021111-00030XXLFC','NOT SPECIFIED',(
#11719));
#11721=PRODUCT_DEFINITION_FORMATION_WITH_SPECIFIED_SOURCE('2','LAST_VERSION',
#11720,.MADE.);
#11725=PRODUCT_CATEGORY('part','');
#11726=PRODUCT_RELATED_PRODUCT_CATEGORY('detail','',(#11720));
#11727=PRODUCT_CATEGORY_RELATIONSHIP('','',#11725,#11726);
#11728=SECURITY_CLASSIFICATION_LEVEL('unclassified');
#11729=SECURITY_CLASSIFICATION('','',#11728);
#11730=CC_DESIGN_SECURITY_CLASSIFICATION(#11729,(#11721));
#11731=APPROVAL_STATUS('approved');
#11732=APPROVAL(#11731,'');
#11733=CC_DESIGN_APPROVAL(#11732,(#11729,#11721,#11722));
#11734=CALENDAR_DATE(109,29,7);
#11735=COORDINATED_UNIVERSAL_TIME_OFFSET(5,30,.AHEAD.);
#11736=LOCAL_TIME(9,47,4.E0,#11735);
#11737=DATE_AND_TIME(#11734,#11736);
#11738=APPROVAL_DATE_TIME(#11737,#11732);
#11739=DATE_TIME_ROLE('creation_date');
#11740=CC_DESIGN_DATE_AND_TIME_ASSIGNMENT(#11737,#11739,(#11722));
#11741=DATE_TIME_ROLE('classification_date');
#11742=CC_DESIGN_DATE_AND_TIME_ASSIGNMENT(#11737,#11741,(#11729));
#11743=PERSON('UNSPECIFIED','UNSPECIFIED',$,$,$,$);
#11744=ORGANIZATION('UNSPECIFIED','UNSPECIFIED','UNSPECIFIED');
#11745=PERSON_AND_ORGANIZATION(#11743,#11744);
#11746=APPROVAL_ROLE('approver');
#11747=APPROVAL_PERSON_ORGANIZATION(#11745,#11732,#11746);
#11748=PERSON_AND_ORGANIZATION_ROLE('creator');
#11749=CC_DESIGN_PERSON_AND_ORGANIZATION_ASSIGNMENT(#11745,#11748,(#11721,
#11722));
#11750=PERSON_AND_ORGANIZATION_ROLE('design_supplier');
#11751=CC_DESIGN_PERSON_AND_ORGANIZATION_ASSIGNMENT(#11745,#11750,(#11721));
#11752=PERSON_AND_ORGANIZATION_ROLE('classification_officer');
#11753=CC_DESIGN_PERSON_AND_ORGANIZATION_ASSIGNMENT(#11745,#11752,(#11729));
#11754=PERSON_AND_ORGANIZATION_ROLE('design_owner');
#11755=CC_DESIGN_PERSON_AND_ORGANIZATION_ASSIGNMENT(#11745,#11754,(#11720));
#5382=EDGE_CURVE('4006',#4083,#4084,#4,.T.);
#5384=EDGE_CURVE('4012',#4083,#4039,#8,.T.);
#5386=EDGE_CURVE('3974',#4039,#4040,#12,.T.);
#5388=EDGE_CURVE('3975',#4040,#4042,#16,.T.);
#5390=EDGE_CURVE('3998',#4042,#4075,#20,.T.);
#5392=EDGE_CURVE('4003',#4075,#4059,#24,.T.);
#5394=EDGE_CURVE('3988',#4059,#4060,#28,.T.);
#5396=EDGE_CURVE('4025',#4060,#4115,#32,.T.);
#5398=EDGE_CURVE('4030',#4115,#4099,#36,.T.);
#5400=EDGE_CURVE('4015',#4099,#4100,#40,.T.);
#5402=EDGE_CURVE('4043',#4100,#4139,#44,.T.);
#5404=EDGE_CURVE('4048',#4139,#4123,#48,.T.);
#5406=EDGE_CURVE('4033',#4123,#4124,#52,.T.);
#5408=EDGE_CURVE('4061',#4124,#4163,#56,.T.);
#5410=EDGE_CURVE('4066',#4163,#4147,#60,.T.);
#5412=EDGE_CURVE('4051',#4147,#4148,#64,.T.);
#5414=EDGE_CURVE('4079',#4148,#4187,#68,.T.);
#5416=EDGE_CURVE('4084',#4187,#4171,#72,.T.);
#5418=EDGE_CURVE('4069',#4171,#4172,#76,.T.);
#5420=EDGE_CURVE('4097',#4172,#4211,#80,.T.);
#5422=EDGE_CURVE('4102',#4211,#4195,#84,.T.);
#5424=EDGE_CURVE('4087',#4195,#4196,#88,.T.);
#5426=EDGE_CURVE('4115',#4196,#4235,#92,.T.);
#5428=EDGE_CURVE('4120',#4235,#4219,#96,.T.);
#5430=EDGE_CURVE('4105',#4219,#4220,#100,.T.);
#5432=EDGE_CURVE('4133',#4220,#4259,#104,.T.);
#5434=EDGE_CURVE('4138',#4259,#4243,#108,.T.);
#5436=EDGE_CURVE('4123',#4243,#4244,#112,.T.);
#5438=EDGE_CURVE('4151',#4244,#4283,#116,.T.);
#5440=EDGE_CURVE('4156',#4283,#4267,#120,.T.);
#5442=EDGE_CURVE('4141',#4267,#4268,#124,.T.);
#5444=EDGE_CURVE('4169',#4268,#4307,#128,.T.);
#5446=EDGE_CURVE('4174',#4307,#4291,#132,.T.);
#5448=EDGE_CURVE('4159',#4291,#4292,#136,.T.);
#5450=EDGE_CURVE('4187',#4292,#4331,#140,.T.);
#5452=EDGE_CURVE('4192',#4331,#4315,#144,.T.);
#5454=EDGE_CURVE('4177',#4315,#4316,#148,.T.);
#5456=EDGE_CURVE('4205',#4316,#4355,#152,.T.);
#5458=EDGE_CURVE('4210',#4355,#4339,#156,.T.);
#5460=EDGE_CURVE('4195',#4339,#4340,#160,.T.);
#5462=EDGE_CURVE('4223',#4340,#4379,#164,.T.);
#5464=EDGE_CURVE('4228',#4379,#4363,#168,.T.);
#5466=EDGE_CURVE('4213',#4363,#4364,#172,.T.);
#5468=EDGE_CURVE('4248',#4364,#4411,#176,.T.);
#5470=EDGE_CURVE('4253',#4411,#4387,#180,.T.);
#5472=EDGE_CURVE('4231',#4387,#4388,#184,.T.);
#5474=EDGE_CURVE('4232',#4388,#4390,#188,.T.);
#5476=EDGE_CURVE('4259',#4390,#4084,#192,.T.);
#5487=EDGE_CURVE('4256',#4084,#4094,#196,.T.);
#5489=EDGE_CURVE('4013',#4090,#4094,#408,.T.);
#5491=EDGE_CURVE('4008',#4083,#4090,#392,.T.);
#5503=EDGE_CURVE('4243',#4390,#4402,#200,.T.);
#5505=EDGE_CURVE('4237',#4402,#4404,#1108,.T.);
#5507=EDGE_CURVE('4244',#4393,#4404,#1088,.T.);
#5509=EDGE_CURVE('4260',#4088,#4393,#900,.T.);
#5511=EDGE_CURVE('4258',#4088,#4096,#204,.T.);
#5513=EDGE_CURVE('4257',#4094,#4096,#208,.T.);
#5524=EDGE_CURVE('4242',#4388,#4400,#212,.T.);
#5526=EDGE_CURVE('4236',#4400,#4402,#1112,.T.);
#5538=EDGE_CURVE('4241',#4387,#4399,#216,.T.);
#5540=EDGE_CURVE('4235',#4399,#4400,#1116,.T.);
#5551=EDGE_CURVE('4246',#4411,#4412,#220,.T.);
#5553=EDGE_CURVE('4255',#4412,#4399,#1120,.T.);
#5567=EDGE_CURVE('4219',#4364,#4372,#224,.T.);
#5569=EDGE_CURVE('4250',#4372,#4412,#1124,.T.);
#5580=EDGE_CURVE('4218',#4363,#4371,#228,.T.);
#5582=EDGE_CURVE('4215',#4371,#4372,#1128,.T.);
#5593=EDGE_CURVE('4221',#4379,#4380,#232,.T.);
#5595=EDGE_CURVE('4230',#4380,#4371,#1132,.T.);
#5609=EDGE_CURVE('4201',#4340,#4348,#236,.T.);
#5611=EDGE_CURVE('4225',#4348,#4380,#1136,.T.);
#5622=EDGE_CURVE('4200',#4339,#4347,#240,.T.);
#5624=EDGE_CURVE('4197',#4347,#4348,#1140,.T.);
#5635=EDGE_CURVE('4203',#4355,#4356,#244,.T.);
#5637=EDGE_CURVE('4212',#4356,#4347,#1144,.T.);
#5651=EDGE_CURVE('4183',#4316,#4324,#248,.T.);
#5653=EDGE_CURVE('4207',#4324,#4356,#1148,.T.);
#5664=EDGE_CURVE('4182',#4315,#4323,#252,.T.);
#5666=EDGE_CURVE('4179',#4323,#4324,#1152,.T.);
#5677=EDGE_CURVE('4185',#4331,#4332,#256,.T.);
#5679=EDGE_CURVE('4194',#4332,#4323,#1156,.T.);
#5693=EDGE_CURVE('4165',#4292,#4300,#260,.T.);
#5695=EDGE_CURVE('4189',#4300,#4332,#1160,.T.);
#5706=EDGE_CURVE('4164',#4291,#4299,#264,.T.);
#5708=EDGE_CURVE('4161',#4299,#4300,#1164,.T.);
#5719=EDGE_CURVE('4167',#4307,#4308,#268,.T.);
#5721=EDGE_CURVE('4176',#4308,#4299,#1168,.T.);
#5735=EDGE_CURVE('4147',#4268,#4276,#272,.T.);
#5737=EDGE_CURVE('4171',#4276,#4308,#1172,.T.);
#5748=EDGE_CURVE('4146',#4267,#4275,#276,.T.);
#5750=EDGE_CURVE('4143',#4275,#4276,#1176,.T.);
#5761=EDGE_CURVE('4149',#4283,#4284,#280,.T.);
#5763=EDGE_CURVE('4158',#4284,#4275,#1180,.T.);
#5777=EDGE_CURVE('4129',#4244,#4252,#284,.T.);
#5779=EDGE_CURVE('4153',#4252,#4284,#1184,.T.);
#5790=EDGE_CURVE('4128',#4243,#4251,#288,.T.);
#5792=EDGE_CURVE('4125',#4251,#4252,#1188,.T.);
#5803=EDGE_CURVE('4131',#4259,#4260,#292,.T.);
#5805=EDGE_CURVE('4140',#4260,#4251,#1192,.T.);
#5819=EDGE_CURVE('4111',#4220,#4228,#296,.T.);
#5821=EDGE_CURVE('4135',#4228,#4260,#1196,.T.);
#5832=EDGE_CURVE('4110',#4219,#4227,#300,.T.);
#5834=EDGE_CURVE('4107',#4227,#4228,#1200,.T.);
#5845=EDGE_CURVE('4113',#4235,#4236,#304,.T.);
#5847=EDGE_CURVE('4122',#4236,#4227,#1204,.T.);
#5861=EDGE_CURVE('4093',#4196,#4204,#308,.T.);
#5863=EDGE_CURVE('4117',#4204,#4236,#1208,.T.);
#5874=EDGE_CURVE('4092',#4195,#4203,#312,.T.);
#5876=EDGE_CURVE('4089',#4203,#4204,#1212,.T.);
#5887=EDGE_CURVE('4095',#4211,#4212,#316,.T.);
#5889=EDGE_CURVE('4104',#4212,#4203,#1216,.T.);
#5903=EDGE_CURVE('4075',#4172,#4180,#320,.T.);
#5905=EDGE_CURVE('4099',#4180,#4212,#1220,.T.);
#5916=EDGE_CURVE('4074',#4171,#4179,#324,.T.);
#5918=EDGE_CURVE('4071',#4179,#4180,#1224,.T.);
#5929=EDGE_CURVE('4077',#4187,#4188,#328,.T.);
#5931=EDGE_CURVE('4086',#4188,#4179,#1228,.T.);
#5945=EDGE_CURVE('4057',#4148,#4156,#332,.T.);
#5947=EDGE_CURVE('4081',#4156,#4188,#1232,.T.);
#5958=EDGE_CURVE('4056',#4147,#4155,#336,.T.);
#5960=EDGE_CURVE('4053',#4155,#4156,#1236,.T.);
#5971=EDGE_CURVE('4059',#4163,#4164,#340,.T.);
#5973=EDGE_CURVE('4068',#4164,#4155,#1240,.T.);
#5987=EDGE_CURVE('4039',#4124,#4132,#344,.T.);
#5989=EDGE_CURVE('4063',#4132,#4164,#1244,.T.);
#6000=EDGE_CURVE('4038',#4123,#4131,#348,.T.);
#6002=EDGE_CURVE('4035',#4131,#4132,#1248,.T.);
#6013=EDGE_CURVE('4041',#4139,#4140,#352,.T.);
#6015=EDGE_CURVE('4050',#4140,#4131,#1252,.T.);
#6029=EDGE_CURVE('4021',#4100,#4108,#356,.T.);
#6031=EDGE_CURVE('4045',#4108,#4140,#1256,.T.);
#6042=EDGE_CURVE('4020',#4099,#4107,#360,.T.);
#6044=EDGE_CURVE('4017',#4107,#4108,#1260,.T.);
#6055=EDGE_CURVE('4023',#4115,#4116,#364,.T.);
#6057=EDGE_CURVE('4032',#4116,#4107,#1264,.T.);
#6071=EDGE_CURVE('3994',#4060,#4068,#368,.T.);
#6073=EDGE_CURVE('4027',#4068,#4116,#1268,.T.);
#6084=EDGE_CURVE('3993',#4059,#4067,#372,.T.);
#6086=EDGE_CURVE('3990',#4067,#4068,#1272,.T.);
#6097=EDGE_CURVE('3996',#4075,#4076,#376,.T.);
#6099=EDGE_CURVE('4005',#4076,#4067,#1276,.T.);
#6113=EDGE_CURVE('3986',#4042,#4054,#380,.T.);
#6115=EDGE_CURVE('4000',#4054,#4076,#1280,.T.);
#6126=EDGE_CURVE('3985',#4040,#4052,#384,.T.);
#6128=EDGE_CURVE('3980',#4052,#4054,#1284,.T.);
#6140=EDGE_CURVE('3984',#4039,#4050,#388,.T.);
#6142=EDGE_CURVE('3979',#4050,#4052,#1288,.T.);
#6154=EDGE_CURVE('4009',#4090,#4092,#396,.T.);
#6156=EDGE_CURVE('4010',#4087,#4092,#400,.T.);
#6158=EDGE_CURVE('4011',#4036,#4087,#1084,.T.);
#6160=EDGE_CURVE('3983',#4036,#4048,#404,.T.);
#6162=EDGE_CURVE('3978',#4048,#4050,#1292,.T.);
#6177=EDGE_CURVE('4014',#4092,#4096,#892,.T.);
#6181=EDGE_CURVE('4285',#4467,#4468,#412,.T.);
#6183=EDGE_CURVE('4288',#4472,#4467,#416,.T.);
#6185=EDGE_CURVE('4287',#4470,#4472,#420,.T.);
#6187=EDGE_CURVE('4286',#4468,#4470,#424,.T.);
#6191=EDGE_CURVE('4289',#4475,#4476,#428,.T.);
#6193=EDGE_CURVE('4292',#4480,#4475,#432,.T.);
#6195=EDGE_CURVE('4291',#4478,#4480,#436,.T.);
#6197=EDGE_CURVE('4290',#4476,#4478,#440,.T.);
#6201=EDGE_CURVE('4333',#4531,#4532,#444,.T.);
#6203=EDGE_CURVE('4336',#4536,#4531,#448,.T.);
#6205=EDGE_CURVE('4335',#4534,#4536,#452,.T.);
#6207=EDGE_CURVE('4334',#4532,#4534,#456,.T.);
#6211=EDGE_CURVE('4337',#4539,#4540,#460,.T.);
#6213=EDGE_CURVE('4340',#4544,#4539,#464,.T.);
#6215=EDGE_CURVE('4339',#4542,#4544,#468,.T.);
#6217=EDGE_CURVE('4338',#4540,#4542,#472,.T.);
#6221=EDGE_CURVE('4381',#4595,#4596,#476,.T.);
#6223=EDGE_CURVE('4384',#4600,#4595,#480,.T.);
#6225=EDGE_CURVE('4383',#4598,#4600,#484,.T.);
#6227=EDGE_CURVE('4382',#4596,#4598,#488,.T.);
#6231=EDGE_CURVE('4385',#4603,#4604,#492,.T.);
#6233=EDGE_CURVE('4388',#4608,#4603,#496,.T.);
#6235=EDGE_CURVE('4387',#4606,#4608,#500,.T.);
#6237=EDGE_CURVE('4386',#4604,#4606,#504,.T.);
#6241=EDGE_CURVE('4429',#4659,#4660,#508,.T.);
#6243=EDGE_CURVE('4432',#4664,#4659,#512,.T.);
#6245=EDGE_CURVE('4431',#4662,#4664,#516,.T.);
#6247=EDGE_CURVE('4430',#4660,#4662,#520,.T.);
#6251=EDGE_CURVE('4433',#4667,#4668,#524,.T.);
#6253=EDGE_CURVE('4436',#4672,#4667,#528,.T.);
#6255=EDGE_CURVE('4435',#4670,#4672,#532,.T.);
#6257=EDGE_CURVE('4434',#4668,#4670,#536,.T.);
#6261=EDGE_CURVE('4477',#4723,#4724,#540,.T.);
#6263=EDGE_CURVE('4480',#4728,#4723,#544,.T.);
#6265=EDGE_CURVE('4479',#4726,#4728,#548,.T.);
#6267=EDGE_CURVE('4478',#4724,#4726,#552,.T.);
#6271=EDGE_CURVE('4481',#4731,#4732,#556,.T.);
#6273=EDGE_CURVE('4484',#4736,#4731,#560,.T.);
#6275=EDGE_CURVE('4483',#4734,#4736,#564,.T.);
#6277=EDGE_CURVE('4482',#4732,#4734,#568,.T.);
#6281=EDGE_CURVE('4525',#4787,#4788,#572,.T.);
#6283=EDGE_CURVE('4528',#4792,#4787,#576,.T.);
#6285=EDGE_CURVE('4527',#4790,#4792,#580,.T.);
#6287=EDGE_CURVE('4526',#4788,#4790,#584,.T.);
#6291=EDGE_CURVE('4529',#4795,#4796,#588,.T.);
#6293=EDGE_CURVE('4532',#4800,#4795,#592,.T.);
#6295=EDGE_CURVE('4531',#4798,#4800,#596,.T.);
#6297=EDGE_CURVE('4530',#4796,#4798,#600,.T.);
#6301=EDGE_CURVE('4573',#4851,#4852,#604,.T.);
#6303=EDGE_CURVE('4576',#4856,#4851,#608,.T.);
#6305=EDGE_CURVE('4575',#4854,#4856,#612,.T.);
#6307=EDGE_CURVE('4574',#4852,#4854,#616,.T.);
#6311=EDGE_CURVE('4577',#4859,#4860,#620,.T.);
#6313=EDGE_CURVE('4580',#4864,#4859,#624,.T.);
#6315=EDGE_CURVE('4579',#4862,#4864,#628,.T.);
#6317=EDGE_CURVE('4578',#4860,#4862,#632,.T.);
#6321=EDGE_CURVE('4621',#4915,#4916,#636,.T.);
#6323=EDGE_CURVE('4624',#4920,#4915,#640,.T.);
#6325=EDGE_CURVE('4623',#4918,#4920,#644,.T.);
#6327=EDGE_CURVE('4622',#4916,#4918,#648,.T.);
#6331=EDGE_CURVE('4625',#4923,#4924,#652,.T.);
#6333=EDGE_CURVE('4628',#4928,#4923,#656,.T.);
#6335=EDGE_CURVE('4627',#4926,#4928,#660,.T.);
#6337=EDGE_CURVE('4626',#4924,#4926,#664,.T.);
#6341=EDGE_CURVE('4669',#4979,#4980,#668,.T.);
#6343=EDGE_CURVE('4672',#4984,#4979,#672,.T.);
#6345=EDGE_CURVE('4671',#4982,#4984,#676,.T.);
#6347=EDGE_CURVE('4670',#4980,#4982,#680,.T.);
#6351=EDGE_CURVE('4673',#4987,#4988,#684,.T.);
#6353=EDGE_CURVE('4676',#4992,#4987,#688,.T.);
#6355=EDGE_CURVE('4675',#4990,#4992,#692,.T.);
#6357=EDGE_CURVE('4674',#4988,#4990,#696,.T.);
#6361=EDGE_CURVE('4717',#5043,#5044,#700,.T.);
#6363=EDGE_CURVE('4720',#5048,#5043,#704,.T.);
#6365=EDGE_CURVE('4719',#5046,#5048,#708,.T.);
#6367=EDGE_CURVE('4718',#5044,#5046,#712,.T.);
#6371=EDGE_CURVE('4721',#5051,#5052,#716,.T.);
#6373=EDGE_CURVE('4724',#5056,#5051,#720,.T.);
#6375=EDGE_CURVE('4723',#5054,#5056,#724,.T.);
#6377=EDGE_CURVE('4722',#5052,#5054,#728,.T.);
#6381=EDGE_CURVE('4765',#5107,#5108,#732,.T.);
#6383=EDGE_CURVE('4768',#5112,#5107,#736,.T.);
#6385=EDGE_CURVE('4767',#5110,#5112,#740,.T.);
#6387=EDGE_CURVE('4766',#5108,#5110,#744,.T.);
#6391=EDGE_CURVE('4769',#5115,#5116,#748,.T.);
#6393=EDGE_CURVE('4772',#5120,#5115,#752,.T.);
#6395=EDGE_CURVE('4771',#5118,#5120,#756,.T.);
#6397=EDGE_CURVE('4770',#5116,#5118,#760,.T.);
#6401=EDGE_CURVE('4813',#5171,#5172,#764,.T.);
#6403=EDGE_CURVE('4816',#5176,#5171,#768,.T.);
#6405=EDGE_CURVE('4815',#5174,#5176,#772,.T.);
#6407=EDGE_CURVE('4814',#5172,#5174,#776,.T.);
#6411=EDGE_CURVE('4817',#5179,#5180,#780,.T.);
#6413=EDGE_CURVE('4820',#5184,#5179,#784,.T.);
#6415=EDGE_CURVE('4819',#5182,#5184,#788,.T.);
#6417=EDGE_CURVE('4818',#5180,#5182,#792,.T.);
#6421=EDGE_CURVE('4861',#5235,#5236,#796,.T.);
#6423=EDGE_CURVE('4864',#5240,#5235,#800,.T.);
#6425=EDGE_CURVE('4863',#5238,#5240,#804,.T.);
#6427=EDGE_CURVE('4862',#5236,#5238,#808,.T.);
#6431=EDGE_CURVE('4865',#5243,#5244,#812,.T.);
#6433=EDGE_CURVE('4868',#5248,#5243,#816,.T.);
#6435=EDGE_CURVE('4867',#5246,#5248,#820,.T.);
#6437=EDGE_CURVE('4866',#5244,#5246,#824,.T.);
#6441=EDGE_CURVE('4909',#5299,#5300,#828,.T.);
#6443=EDGE_CURVE('4912',#5304,#5299,#832,.T.);
#6445=EDGE_CURVE('4911',#5302,#5304,#836,.T.);
#6447=EDGE_CURVE('4910',#5300,#5302,#840,.T.);
#6451=EDGE_CURVE('4913',#5307,#5308,#844,.T.);
#6453=EDGE_CURVE('4916',#5312,#5307,#848,.T.);
#6455=EDGE_CURVE('4915',#5310,#5312,#852,.T.);
#6457=EDGE_CURVE('4914',#5308,#5310,#856,.T.);
#6461=EDGE_CURVE('4957',#5363,#5364,#860,.T.);
#6463=EDGE_CURVE('4960',#5368,#5363,#864,.T.);
#6465=EDGE_CURVE('4959',#5366,#5368,#868,.T.);
#6467=EDGE_CURVE('4958',#5364,#5366,#872,.T.);
#6471=EDGE_CURVE('4961',#5371,#5372,#876,.T.);
#6473=EDGE_CURVE('4964',#5376,#5371,#880,.T.);
#6475=EDGE_CURVE('4963',#5374,#5376,#884,.T.);
#6477=EDGE_CURVE('4962',#5372,#5374,#888,.T.);
#6487=EDGE_CURVE('4007',#4087,#4088,#896,.T.);
#6502=EDGE_CURVE('4233',#4393,#4394,#904,.T.);
#6504=EDGE_CURVE('4234',#4394,#4396,#908,.T.);
#6506=EDGE_CURVE('4252',#4396,#4415,#912,.T.);
#6508=EDGE_CURVE('4249',#4415,#4367,#916,.T.);
#6510=EDGE_CURVE('4214',#4367,#4368,#920,.T.);
#6512=EDGE_CURVE('4227',#4368,#4383,#924,.T.);
#6514=EDGE_CURVE('4224',#4383,#4343,#928,.T.);
#6516=EDGE_CURVE('4196',#4343,#4344,#932,.T.);
#6518=EDGE_CURVE('4209',#4344,#4359,#936,.T.);
#6520=EDGE_CURVE('4206',#4359,#4319,#940,.T.);
#6522=EDGE_CURVE('4178',#4319,#4320,#944,.T.);
#6524=EDGE_CURVE('4191',#4320,#4335,#948,.T.);
#6526=EDGE_CURVE('4188',#4335,#4295,#952,.T.);
#6528=EDGE_CURVE('4160',#4295,#4296,#956,.T.);
#6530=EDGE_CURVE('4173',#4296,#4311,#960,.T.);
#6532=EDGE_CURVE('4170',#4311,#4271,#964,.T.);
#6534=EDGE_CURVE('4142',#4271,#4272,#968,.T.);
#6536=EDGE_CURVE('4155',#4272,#4287,#972,.T.);
#6538=EDGE_CURVE('4152',#4287,#4247,#976,.T.);
#6540=EDGE_CURVE('4124',#4247,#4248,#980,.T.);
#6542=EDGE_CURVE('4137',#4248,#4263,#984,.T.);
#6544=EDGE_CURVE('4134',#4263,#4223,#988,.T.);
#6546=EDGE_CURVE('4106',#4223,#4224,#992,.T.);
#6548=EDGE_CURVE('4119',#4224,#4239,#996,.T.);
#6550=EDGE_CURVE('4116',#4239,#4199,#1000,.T.);
#6552=EDGE_CURVE('4088',#4199,#4200,#1004,.T.);
#6554=EDGE_CURVE('4101',#4200,#4215,#1008,.T.);
#6556=EDGE_CURVE('4098',#4215,#4175,#1012,.T.);
#6558=EDGE_CURVE('4070',#4175,#4176,#1016,.T.);
#6560=EDGE_CURVE('4083',#4176,#4191,#1020,.T.);
#6562=EDGE_CURVE('4080',#4191,#4151,#1024,.T.);
#6564=EDGE_CURVE('4052',#4151,#4152,#1028,.T.);
#6566=EDGE_CURVE('4065',#4152,#4167,#1032,.T.);
#6568=EDGE_CURVE('4062',#4167,#4127,#1036,.T.);
#6570=EDGE_CURVE('4034',#4127,#4128,#1040,.T.);
#6572=EDGE_CURVE('4047',#4128,#4143,#1044,.T.);
#6574=EDGE_CURVE('4044',#4143,#4103,#1048,.T.);
#6576=EDGE_CURVE('4016',#4103,#4104,#1052,.T.);
#6578=EDGE_CURVE('4029',#4104,#4119,#1056,.T.);
#6580=EDGE_CURVE('4026',#4119,#4063,#1060,.T.);
#6582=EDGE_CURVE('3989',#4063,#4064,#1064,.T.);
#6584=EDGE_CURVE('4002',#4064,#4079,#1068,.T.);
#6586=EDGE_CURVE('3999',#4079,#4044,#1072,.T.);
#6588=EDGE_CURVE('3976',#4044,#4035,#1076,.T.);
#6590=EDGE_CURVE('3973',#4035,#4036,#1080,.T.);
#6603=EDGE_CURVE('4238',#4404,#4406,#1104,.T.);
#6605=EDGE_CURVE('4245',#4394,#4406,#1948,.T.);
#6615=EDGE_CURVE('4251',#4416,#4375,#1092,.T.);
#6617=EDGE_CURVE('4254',#4408,#4416,#1096,.T.);
#6619=EDGE_CURVE('4239',#4406,#4408,#1100,.T.);
#6669=EDGE_CURVE('3977',#4047,#4048,#1296,.T.);
#6671=EDGE_CURVE('3981',#4056,#4047,#1300,.T.);
#6673=EDGE_CURVE('4001',#4080,#4056,#1304,.T.);
#6675=EDGE_CURVE('4004',#4072,#4080,#1308,.T.);
#6677=EDGE_CURVE('3991',#4071,#4072,#1312,.T.);
#6679=EDGE_CURVE('4028',#4120,#4071,#1316,.T.);
#6681=EDGE_CURVE('4031',#4112,#4120,#1320,.T.);
#6683=EDGE_CURVE('4018',#4111,#4112,#1324,.T.);
#6685=EDGE_CURVE('4046',#4144,#4111,#1328,.T.);
#6687=EDGE_CURVE('4049',#4136,#4144,#1332,.T.);
#6689=EDGE_CURVE('4036',#4135,#4136,#1336,.T.);
#6691=EDGE_CURVE('4064',#4168,#4135,#1340,.T.);
#6693=EDGE_CURVE('4067',#4160,#4168,#1344,.T.);
#6695=EDGE_CURVE('4054',#4159,#4160,#1348,.T.);
#6697=EDGE_CURVE('4082',#4192,#4159,#1352,.T.);
#6699=EDGE_CURVE('4085',#4184,#4192,#1356,.T.);
#6701=EDGE_CURVE('4072',#4183,#4184,#1360,.T.);
#6703=EDGE_CURVE('4100',#4216,#4183,#1364,.T.);
#6705=EDGE_CURVE('4103',#4208,#4216,#1368,.T.);
#6707=EDGE_CURVE('4090',#4207,#4208,#1372,.T.);
#6709=EDGE_CURVE('4118',#4240,#4207,#1376,.T.);
#6711=EDGE_CURVE('4121',#4232,#4240,#1380,.T.);
#6713=EDGE_CURVE('4108',#4231,#4232,#1384,.T.);
#6715=EDGE_CURVE('4136',#4264,#4231,#1388,.T.);
#6717=EDGE_CURVE('4139',#4256,#4264,#1392,.T.);
#6719=EDGE_CURVE('4126',#4255,#4256,#1396,.T.);
#6721=EDGE_CURVE('4154',#4288,#4255,#1400,.T.);
#6723=EDGE_CURVE('4157',#4280,#4288,#1404,.T.);
#6725=EDGE_CURVE('4144',#4279,#4280,#1408,.T.);
#6727=EDGE_CURVE('4172',#4312,#4279,#1412,.T.);
#6729=EDGE_CURVE('4175',#4304,#4312,#1416,.T.);
#6731=EDGE_CURVE('4162',#4303,#4304,#1420,.T.);
#6733=EDGE_CURVE('4190',#4336,#4303,#1424,.T.);
#6735=EDGE_CURVE('4193',#4328,#4336,#1428,.T.);
#6737=EDGE_CURVE('4180',#4327,#4328,#1432,.T.);
#6739=EDGE_CURVE('4208',#4360,#4327,#1436,.T.);
#6741=EDGE_CURVE('4211',#4352,#4360,#1440,.T.);
#6743=EDGE_CURVE('4198',#4351,#4352,#1444,.T.);
#6745=EDGE_CURVE('4226',#4384,#4351,#1448,.T.);
#6747=EDGE_CURVE('4229',#4376,#4384,#1452,.T.);
#6749=EDGE_CURVE('4216',#4375,#4376,#1456,.T.);
#6753=EDGE_CURVE('4277',#4451,#4452,#1460,.T.);
#6755=EDGE_CURVE('4278',#4452,#4454,#1464,.T.);
#6757=EDGE_CURVE('4279',#4454,#4456,#1468,.T.);
#6759=EDGE_CURVE('4280',#4456,#4451,#1472,.T.);
#6763=EDGE_CURVE('4281',#4459,#4460,#1476,.T.);
#6765=EDGE_CURVE('4282',#4460,#4462,#1480,.T.);
#6767=EDGE_CURVE('4283',#4462,#4464,#1484,.T.);
#6769=EDGE_CURVE('4284',#4464,#4459,#1488,.T.);
#6773=EDGE_CURVE('4325',#4515,#4516,#1492,.T.);
#6775=EDGE_CURVE('4326',#4516,#4518,#1496,.T.);
#6777=EDGE_CURVE('4327',#4518,#4520,#1500,.T.);
#6779=EDGE_CURVE('4328',#4520,#4515,#1504,.T.);
#6783=EDGE_CURVE('4329',#4523,#4524,#1508,.T.);
#6785=EDGE_CURVE('4330',#4524,#4526,#1512,.T.);
#6787=EDGE_CURVE('4331',#4526,#4528,#1516,.T.);
#6789=EDGE_CURVE('4332',#4528,#4523,#1520,.T.);
#6793=EDGE_CURVE('4373',#4579,#4580,#1524,.T.);
#6795=EDGE_CURVE('4374',#4580,#4582,#1528,.T.);
#6797=EDGE_CURVE('4375',#4582,#4584,#1532,.T.);
#6799=EDGE_CURVE('4376',#4584,#4579,#1536,.T.);
#6803=EDGE_CURVE('4377',#4587,#4588,#1540,.T.);
#6805=EDGE_CURVE('4378',#4588,#4590,#1544,.T.);
#6807=EDGE_CURVE('4379',#4590,#4592,#1548,.T.);
#6809=EDGE_CURVE('4380',#4592,#4587,#1552,.T.);
#6813=EDGE_CURVE('4421',#4643,#4644,#1556,.T.);
#6815=EDGE_CURVE('4422',#4644,#4646,#1560,.T.);
#6817=EDGE_CURVE('4423',#4646,#4648,#1564,.T.);
#6819=EDGE_CURVE('4424',#4648,#4643,#1568,.T.);
#6823=EDGE_CURVE('4425',#4651,#4652,#1572,.T.);
#6825=EDGE_CURVE('4426',#4652,#4654,#1576,.T.);
#6827=EDGE_CURVE('4427',#4654,#4656,#1580,.T.);
#6829=EDGE_CURVE('4428',#4656,#4651,#1584,.T.);
#6833=EDGE_CURVE('4469',#4707,#4708,#1588,.T.);
#6835=EDGE_CURVE('4470',#4708,#4710,#1592,.T.);
#6837=EDGE_CURVE('4471',#4710,#4712,#1596,.T.);
#6839=EDGE_CURVE('4472',#4712,#4707,#1600,.T.);
#6843=EDGE_CURVE('4473',#4715,#4716,#1604,.T.);
#6845=EDGE_CURVE('4474',#4716,#4718,#1608,.T.);
#6847=EDGE_CURVE('4475',#4718,#4720,#1612,.T.);
#6849=EDGE_CURVE('4476',#4720,#4715,#1616,.T.);
#6853=EDGE_CURVE('4517',#4771,#4772,#1620,.T.);
#6855=EDGE_CURVE('4518',#4772,#4774,#1624,.T.);
#6857=EDGE_CURVE('4519',#4774,#4776,#1628,.T.);
#6859=EDGE_CURVE('4520',#4776,#4771,#1632,.T.);
#6863=EDGE_CURVE('4521',#4779,#4780,#1636,.T.);
#6865=EDGE_CURVE('4522',#4780,#4782,#1640,.T.);
#6867=EDGE_CURVE('4523',#4782,#4784,#1644,.T.);
#6869=EDGE_CURVE('4524',#4784,#4779,#1648,.T.);
#6873=EDGE_CURVE('4565',#4835,#4836,#1652,.T.);
#6875=EDGE_CURVE('4566',#4836,#4838,#1656,.T.);
#6877=EDGE_CURVE('4567',#4838,#4840,#1660,.T.);
#6879=EDGE_CURVE('4568',#4840,#4835,#1664,.T.);
#6883=EDGE_CURVE('4569',#4843,#4844,#1668,.T.);
#6885=EDGE_CURVE('4570',#4844,#4846,#1672,.T.);
#6887=EDGE_CURVE('4571',#4846,#4848,#1676,.T.);
#6889=EDGE_CURVE('4572',#4848,#4843,#1680,.T.);
#6893=EDGE_CURVE('4613',#4899,#4900,#1684,.T.);
#6895=EDGE_CURVE('4614',#4900,#4902,#1688,.T.);
#6897=EDGE_CURVE('4615',#4902,#4904,#1692,.T.);
#6899=EDGE_CURVE('4616',#4904,#4899,#1696,.T.);
#6903=EDGE_CURVE('4617',#4907,#4908,#1700,.T.);
#6905=EDGE_CURVE('4618',#4908,#4910,#1704,.T.);
#6907=EDGE_CURVE('4619',#4910,#4912,#1708,.T.);
#6909=EDGE_CURVE('4620',#4912,#4907,#1712,.T.);
#6913=EDGE_CURVE('4661',#4963,#4964,#1716,.T.);
#6915=EDGE_CURVE('4662',#4964,#4966,#1720,.T.);
#6917=EDGE_CURVE('4663',#4966,#4968,#1724,.T.);
#6919=EDGE_CURVE('4664',#4968,#4963,#1728,.T.);
#6923=EDGE_CURVE('4665',#4971,#4972,#1732,.T.);
#6925=EDGE_CURVE('4666',#4972,#4974,#1736,.T.);
#6927=EDGE_CURVE('4667',#4974,#4976,#1740,.T.);
#6929=EDGE_CURVE('4668',#4976,#4971,#1744,.T.);
#6933=EDGE_CURVE('4709',#5027,#5028,#1748,.T.);
#6935=EDGE_CURVE('4710',#5028,#5030,#1752,.T.);
#6937=EDGE_CURVE('4711',#5030,#5032,#1756,.T.);
#6939=EDGE_CURVE('4712',#5032,#5027,#1760,.T.);
#6943=EDGE_CURVE('4713',#5035,#5036,#1764,.T.);
#6945=EDGE_CURVE('4714',#5036,#5038,#1768,.T.);
#6947=EDGE_CURVE('4715',#5038,#5040,#1772,.T.);
#6949=EDGE_CURVE('4716',#5040,#5035,#1776,.T.);
#6953=EDGE_CURVE('4757',#5091,#5092,#1780,.T.);
#6955=EDGE_CURVE('4758',#5092,#5094,#1784,.T.);
#6957=EDGE_CURVE('4759',#5094,#5096,#1788,.T.);
#6959=EDGE_CURVE('4760',#5096,#5091,#1792,.T.);
#6963=EDGE_CURVE('4761',#5099,#5100,#1796,.T.);
#6965=EDGE_CURVE('4762',#5100,#5102,#1800,.T.);
#6967=EDGE_CURVE('4763',#5102,#5104,#1804,.T.);
#6969=EDGE_CURVE('4764',#5104,#5099,#1808,.T.);
#6973=EDGE_CURVE('4805',#5155,#5156,#1812,.T.);
#6975=EDGE_CURVE('4806',#5156,#5158,#1816,.T.);
#6977=EDGE_CURVE('4807',#5158,#5160,#1820,.T.);
#6979=EDGE_CURVE('4808',#5160,#5155,#1824,.T.);
#6983=EDGE_CURVE('4809',#5163,#5164,#1828,.T.);
#6985=EDGE_CURVE('4810',#5164,#5166,#1832,.T.);
#6987=EDGE_CURVE('4811',#5166,#5168,#1836,.T.);
#6989=EDGE_CURVE('4812',#5168,#5163,#1840,.T.);
#6993=EDGE_CURVE('4853',#5219,#5220,#1844,.T.);
#6995=EDGE_CURVE('4854',#5220,#5222,#1848,.T.);
#6997=EDGE_CURVE('4855',#5222,#5224,#1852,.T.);
#6999=EDGE_CURVE('4856',#5224,#5219,#1856,.T.);
#7003=EDGE_CURVE('4857',#5227,#5228,#1860,.T.);
#7005=EDGE_CURVE('4858',#5228,#5230,#1864,.T.);
#7007=EDGE_CURVE('4859',#5230,#5232,#1868,.T.);
#7009=EDGE_CURVE('4860',#5232,#5227,#1872,.T.);
#7013=EDGE_CURVE('4901',#5283,#5284,#1876,.T.);
#7015=EDGE_CURVE('4902',#5284,#5286,#1880,.T.);
#7017=EDGE_CURVE('4903',#5286,#5288,#1884,.T.);
#7019=EDGE_CURVE('4904',#5288,#5283,#1888,.T.);
#7023=EDGE_CURVE('4905',#5291,#5292,#1892,.T.);
#7025=EDGE_CURVE('4906',#5292,#5294,#1896,.T.);
#7027=EDGE_CURVE('4907',#5294,#5296,#1900,.T.);
#7029=EDGE_CURVE('4908',#5296,#5291,#1904,.T.);
#7033=EDGE_CURVE('4949',#5347,#5348,#1908,.T.);
#7035=EDGE_CURVE('4950',#5348,#5350,#1912,.T.);
#7037=EDGE_CURVE('4951',#5350,#5352,#1916,.T.);
#7039=EDGE_CURVE('4952',#5352,#5347,#1920,.T.);
#7043=EDGE_CURVE('4953',#5355,#5356,#1924,.T.);
#7045=EDGE_CURVE('4954',#5356,#5358,#1928,.T.);
#7047=EDGE_CURVE('4955',#5358,#5360,#1932,.T.);
#7049=EDGE_CURVE('4956',#5360,#5355,#1936,.T.);
#7059=EDGE_CURVE('4247',#4415,#4416,#1940,.T.);
#7062=EDGE_CURVE('4220',#4367,#4375,#1952,.T.);
#7075=EDGE_CURVE('4240',#4396,#4408,#1944,.T.);
#7101=EDGE_CURVE('4217',#4368,#4376,#1956,.T.);
#7111=EDGE_CURVE('4222',#4383,#4384,#1960,.T.);
#7126=EDGE_CURVE('4202',#4343,#4351,#1964,.T.);
#7140=EDGE_CURVE('4199',#4344,#4352,#1968,.T.);
#7150=EDGE_CURVE('4204',#4359,#4360,#1972,.T.);
#7165=EDGE_CURVE('4184',#4319,#4327,#1976,.T.);
#7179=EDGE_CURVE('4181',#4320,#4328,#1980,.T.);
#7189=EDGE_CURVE('4186',#4335,#4336,#1984,.T.);
#7204=EDGE_CURVE('4166',#4295,#4303,#1988,.T.);
#7218=EDGE_CURVE('4163',#4296,#4304,#1992,.T.);
#7228=EDGE_CURVE('4168',#4311,#4312,#1996,.T.);
#7243=EDGE_CURVE('4148',#4271,#4279,#2000,.T.);
#7257=EDGE_CURVE('4145',#4272,#4280,#2004,.T.);
#7267=EDGE_CURVE('4150',#4287,#4288,#2008,.T.);
#7282=EDGE_CURVE('4130',#4247,#4255,#2012,.T.);
#7296=EDGE_CURVE('4127',#4248,#4256,#2016,.T.);
#7306=EDGE_CURVE('4132',#4263,#4264,#2020,.T.);
#7321=EDGE_CURVE('4112',#4223,#4231,#2024,.T.);
#7335=EDGE_CURVE('4109',#4224,#4232,#2028,.T.);
#7345=EDGE_CURVE('4114',#4239,#4240,#2032,.T.);
#7360=EDGE_CURVE('4094',#4199,#4207,#2036,.T.);
#7374=EDGE_CURVE('4091',#4200,#4208,#2040,.T.);
#7384=EDGE_CURVE('4096',#4215,#4216,#2044,.T.);
#7399=EDGE_CURVE('4076',#4175,#4183,#2048,.T.);
#7413=EDGE_CURVE('4073',#4176,#4184,#2052,.T.);
#7423=EDGE_CURVE('4078',#4191,#4192,#2056,.T.);
#7438=EDGE_CURVE('4058',#4151,#4159,#2060,.T.);
#7452=EDGE_CURVE('4055',#4152,#4160,#2064,.T.);
#7462=EDGE_CURVE('4060',#4167,#4168,#2068,.T.);
#7477=EDGE_CURVE('4040',#4127,#4135,#2072,.T.);
#7491=EDGE_CURVE('4037',#4128,#4136,#2076,.T.);
#7501=EDGE_CURVE('4042',#4143,#4144,#2080,.T.);
#7516=EDGE_CURVE('4022',#4103,#4111,#2084,.T.);
#7530=EDGE_CURVE('4019',#4104,#4112,#2088,.T.);
#7540=EDGE_CURVE('4024',#4119,#4120,#2092,.T.);
#7555=EDGE_CURVE('3995',#4063,#4071,#2096,.T.);
#7569=EDGE_CURVE('3992',#4064,#4072,#2100,.T.);
#7579=EDGE_CURVE('3997',#4079,#4080,#2104,.T.);
#7594=EDGE_CURVE('3987',#4044,#4056,#2108,.T.);
#7608=EDGE_CURVE('3982',#4035,#4047,#2112,.T.);
#7631=EDGE_CURVE('4294',#4451,#4435,#2116,.T.);
#7633=EDGE_CURVE('4269',#4435,#4436,#2132,.T.);
#7635=EDGE_CURVE('4296',#4452,#4436,#2128,.T.);
#7646=EDGE_CURVE('4300',#4456,#4440,#2120,.T.);
#7648=EDGE_CURVE('4272',#4440,#4435,#2136,.T.);
#7660=EDGE_CURVE('4298',#4454,#4438,#2124,.T.);
#7662=EDGE_CURVE('4271',#4438,#4440,#2140,.T.);
#7675=EDGE_CURVE('4270',#4436,#4438,#2144,.T.);
#7699=EDGE_CURVE('4302',#4459,#4443,#2148,.T.);
#7701=EDGE_CURVE('4273',#4443,#4444,#2164,.T.);
#7703=EDGE_CURVE('4304',#4460,#4444,#2160,.T.);
#7714=EDGE_CURVE('4308',#4464,#4448,#2152,.T.);
#7716=EDGE_CURVE('4276',#4448,#4443,#2168,.T.);
#7728=EDGE_CURVE('4306',#4462,#4446,#2156,.T.);
#7730=EDGE_CURVE('4275',#4446,#4448,#2172,.T.);
#7743=EDGE_CURVE('4274',#4444,#4446,#2176,.T.);
#7767=EDGE_CURVE('4342',#4515,#4499,#2180,.T.);
#7769=EDGE_CURVE('4317',#4499,#4500,#2196,.T.);
#7771=EDGE_CURVE('4344',#4516,#4500,#2192,.T.);
#7782=EDGE_CURVE('4348',#4520,#4504,#2184,.T.);
#7784=EDGE_CURVE('4320',#4504,#4499,#2200,.T.);
#7796=EDGE_CURVE('4346',#4518,#4502,#2188,.T.);
#7798=EDGE_CURVE('4319',#4502,#4504,#2204,.T.);
#7811=EDGE_CURVE('4318',#4500,#4502,#2208,.T.);
#7835=EDGE_CURVE('4350',#4523,#4507,#2212,.T.);
#7837=EDGE_CURVE('4321',#4507,#4508,#2228,.T.);
#7839=EDGE_CURVE('4352',#4524,#4508,#2224,.T.);
#7850=EDGE_CURVE('4356',#4528,#4512,#2216,.T.);
#7852=EDGE_CURVE('4324',#4512,#4507,#2232,.T.);
#7864=EDGE_CURVE('4354',#4526,#4510,#2220,.T.);
#7866=EDGE_CURVE('4323',#4510,#4512,#2236,.T.);
#7879=EDGE_CURVE('4322',#4508,#4510,#2240,.T.);
#7903=EDGE_CURVE('4390',#4579,#4563,#2244,.T.);
#7905=EDGE_CURVE('4365',#4563,#4564,#2260,.T.);
#7907=EDGE_CURVE('4392',#4580,#4564,#2256,.T.);
#7918=EDGE_CURVE('4396',#4584,#4568,#2248,.T.);
#7920=EDGE_CURVE('4368',#4568,#4563,#2264,.T.);
#7932=EDGE_CURVE('4394',#4582,#4566,#2252,.T.);
#7934=EDGE_CURVE('4367',#4566,#4568,#2268,.T.);
#7947=EDGE_CURVE('4366',#4564,#4566,#2272,.T.);
#7971=EDGE_CURVE('4398',#4587,#4571,#2276,.T.);
#7973=EDGE_CURVE('4369',#4571,#4572,#2292,.T.);
#7975=EDGE_CURVE('4400',#4588,#4572,#2288,.T.);
#7986=EDGE_CURVE('4404',#4592,#4576,#2280,.T.);
#7988=EDGE_CURVE('4372',#4576,#4571,#2296,.T.);
#8000=EDGE_CURVE('4402',#4590,#4574,#2284,.T.);
#8002=EDGE_CURVE('4371',#4574,#4576,#2300,.T.);
#8015=EDGE_CURVE('4370',#4572,#4574,#2304,.T.);
#8039=EDGE_CURVE('4438',#4643,#4627,#2308,.T.);
#8041=EDGE_CURVE('4413',#4627,#4628,#2324,.T.);
#8043=EDGE_CURVE('4440',#4644,#4628,#2320,.T.);
#8054=EDGE_CURVE('4444',#4648,#4632,#2312,.T.);
#8056=EDGE_CURVE('4416',#4632,#4627,#2328,.T.);
#8068=EDGE_CURVE('4442',#4646,#4630,#2316,.T.);
#8070=EDGE_CURVE('4415',#4630,#4632,#2332,.T.);
#8083=EDGE_CURVE('4414',#4628,#4630,#2336,.T.);
#8107=EDGE_CURVE('4446',#4651,#4635,#2340,.T.);
#8109=EDGE_CURVE('4417',#4635,#4636,#2356,.T.);
#8111=EDGE_CURVE('4448',#4652,#4636,#2352,.T.);
#8122=EDGE_CURVE('4452',#4656,#4640,#2344,.T.);
#8124=EDGE_CURVE('4420',#4640,#4635,#2360,.T.);
#8136=EDGE_CURVE('4450',#4654,#4638,#2348,.T.);
#8138=EDGE_CURVE('4419',#4638,#4640,#2364,.T.);
#8151=EDGE_CURVE('4418',#4636,#4638,#2368,.T.);
#8175=EDGE_CURVE('4486',#4707,#4691,#2372,.T.);
#8177=EDGE_CURVE('4461',#4691,#4692,#2388,.T.);
#8179=EDGE_CURVE('4488',#4708,#4692,#2384,.T.);
#8190=EDGE_CURVE('4492',#4712,#4696,#2376,.T.);
#8192=EDGE_CURVE('4464',#4696,#4691,#2392,.T.);
#8204=EDGE_CURVE('4490',#4710,#4694,#2380,.T.);
#8206=EDGE_CURVE('4463',#4694,#4696,#2396,.T.);
#8219=EDGE_CURVE('4462',#4692,#4694,#2400,.T.);
#8243=EDGE_CURVE('4494',#4715,#4699,#2404,.T.);
#8245=EDGE_CURVE('4465',#4699,#4700,#2420,.T.);
#8247=EDGE_CURVE('4496',#4716,#4700,#2416,.T.);
#8258=EDGE_CURVE('4500',#4720,#4704,#2408,.T.);
#8260=EDGE_CURVE('4468',#4704,#4699,#2424,.T.);
#8272=EDGE_CURVE('4498',#4718,#4702,#2412,.T.);
#8274=EDGE_CURVE('4467',#4702,#4704,#2428,.T.);
#8287=EDGE_CURVE('4466',#4700,#4702,#2432,.T.);
#8311=EDGE_CURVE('4534',#4771,#4755,#2436,.T.);
#8313=EDGE_CURVE('4509',#4755,#4756,#2452,.T.);
#8315=EDGE_CURVE('4536',#4772,#4756,#2448,.T.);
#8326=EDGE_CURVE('4540',#4776,#4760,#2440,.T.);
#8328=EDGE_CURVE('4512',#4760,#4755,#2456,.T.);
#8340=EDGE_CURVE('4538',#4774,#4758,#2444,.T.);
#8342=EDGE_CURVE('4511',#4758,#4760,#2460,.T.);
#8355=EDGE_CURVE('4510',#4756,#4758,#2464,.T.);
#8379=EDGE_CURVE('4542',#4779,#4763,#2468,.T.);
#8381=EDGE_CURVE('4513',#4763,#4764,#2484,.T.);
#8383=EDGE_CURVE('4544',#4780,#4764,#2480,.T.);
#8394=EDGE_CURVE('4548',#4784,#4768,#2472,.T.);
#8396=EDGE_CURVE('4516',#4768,#4763,#2488,.T.);
#8408=EDGE_CURVE('4546',#4782,#4766,#2476,.T.);
#8410=EDGE_CURVE('4515',#4766,#4768,#2492,.T.);
#8423=EDGE_CURVE('4514',#4764,#4766,#2496,.T.);
#8447=EDGE_CURVE('4582',#4835,#4819,#2500,.T.);
#8449=EDGE_CURVE('4557',#4819,#4820,#2516,.T.);
#8451=EDGE_CURVE('4584',#4836,#4820,#2512,.T.);
#8462=EDGE_CURVE('4588',#4840,#4824,#2504,.T.);
#8464=EDGE_CURVE('4560',#4824,#4819,#2520,.T.);
#8476=EDGE_CURVE('4586',#4838,#4822,#2508,.T.);
#8478=EDGE_CURVE('4559',#4822,#4824,#2524,.T.);
#8491=EDGE_CURVE('4558',#4820,#4822,#2528,.T.);
#8515=EDGE_CURVE('4590',#4843,#4827,#2532,.T.);
#8517=EDGE_CURVE('4561',#4827,#4828,#2548,.T.);
#8519=EDGE_CURVE('4592',#4844,#4828,#2544,.T.);
#8530=EDGE_CURVE('4596',#4848,#4832,#2536,.T.);
#8532=EDGE_CURVE('4564',#4832,#4827,#2552,.T.);
#8544=EDGE_CURVE('4594',#4846,#4830,#2540,.T.);
#8546=EDGE_CURVE('4563',#4830,#4832,#2556,.T.);
#8559=EDGE_CURVE('4562',#4828,#4830,#2560,.T.);
#8583=EDGE_CURVE('4630',#4899,#4883,#2564,.T.);
#8585=EDGE_CURVE('4605',#4883,#4884,#2580,.T.);
#8587=EDGE_CURVE('4632',#4900,#4884,#2576,.T.);
#8598=EDGE_CURVE('4636',#4904,#4888,#2568,.T.);
#8600=EDGE_CURVE('4608',#4888,#4883,#2584,.T.);
#8612=EDGE_CURVE('4634',#4902,#4886,#2572,.T.);
#8614=EDGE_CURVE('4607',#4886,#4888,#2588,.T.);
#8627=EDGE_CURVE('4606',#4884,#4886,#2592,.T.);
#8651=EDGE_CURVE('4638',#4907,#4891,#2596,.T.);
#8653=EDGE_CURVE('4609',#4891,#4892,#2612,.T.);
#8655=EDGE_CURVE('4640',#4908,#4892,#2608,.T.);
#8666=EDGE_CURVE('4644',#4912,#4896,#2600,.T.);
#8668=EDGE_CURVE('4612',#4896,#4891,#2616,.T.);
#8680=EDGE_CURVE('4642',#4910,#4894,#2604,.T.);
#8682=EDGE_CURVE('4611',#4894,#4896,#2620,.T.);
#8695=EDGE_CURVE('4610',#4892,#4894,#2624,.T.);
#8719=EDGE_CURVE('4678',#4963,#4947,#2628,.T.);
#8721=EDGE_CURVE('4653',#4947,#4948,#2644,.T.);
#8723=EDGE_CURVE('4680',#4964,#4948,#2640,.T.);
#8734=EDGE_CURVE('4684',#4968,#4952,#2632,.T.);
#8736=EDGE_CURVE('4656',#4952,#4947,#2648,.T.);
#8748=EDGE_CURVE('4682',#4966,#4950,#2636,.T.);
#8750=EDGE_CURVE('4655',#4950,#4952,#2652,.T.);
#8763=EDGE_CURVE('4654',#4948,#4950,#2656,.T.);
#8787=EDGE_CURVE('4686',#4971,#4955,#2660,.T.);
#8789=EDGE_CURVE('4657',#4955,#4956,#2676,.T.);
#8791=EDGE_CURVE('4688',#4972,#4956,#2672,.T.);
#8802=EDGE_CURVE('4692',#4976,#4960,#2664,.T.);
#8804=EDGE_CURVE('4660',#4960,#4955,#2680,.T.);
#8816=EDGE_CURVE('4690',#4974,#4958,#2668,.T.);
#8818=EDGE_CURVE('4659',#4958,#4960,#2684,.T.);
#8831=EDGE_CURVE('4658',#4956,#4958,#2688,.T.);
#8855=EDGE_CURVE('4726',#5027,#5011,#2692,.T.);
#8857=EDGE_CURVE('4701',#5011,#5012,#2708,.T.);
#8859=EDGE_CURVE('4728',#5028,#5012,#2704,.T.);
#8870=EDGE_CURVE('4732',#5032,#5016,#2696,.T.);
#8872=EDGE_CURVE('4704',#5016,#5011,#2712,.T.);
#8884=EDGE_CURVE('4730',#5030,#5014,#2700,.T.);
#8886=EDGE_CURVE('4703',#5014,#5016,#2716,.T.);
#8899=EDGE_CURVE('4702',#5012,#5014,#2720,.T.);
#8923=EDGE_CURVE('4734',#5035,#5019,#2724,.T.);
#8925=EDGE_CURVE('4705',#5019,#5020,#2740,.T.);
#8927=EDGE_CURVE('4736',#5036,#5020,#2736,.T.);
#8938=EDGE_CURVE('4740',#5040,#5024,#2728,.T.);
#8940=EDGE_CURVE('4708',#5024,#5019,#2744,.T.);
#8952=EDGE_CURVE('4738',#5038,#5022,#2732,.T.);
#8954=EDGE_CURVE('4707',#5022,#5024,#2748,.T.);
#8967=EDGE_CURVE('4706',#5020,#5022,#2752,.T.);
#8991=EDGE_CURVE('4774',#5091,#5075,#2756,.T.);
#8993=EDGE_CURVE('4749',#5075,#5076,#2772,.T.);
#8995=EDGE_CURVE('4776',#5092,#5076,#2768,.T.);
#9006=EDGE_CURVE('4780',#5096,#5080,#2760,.T.);
#9008=EDGE_CURVE('4752',#5080,#5075,#2776,.T.);
#9020=EDGE_CURVE('4778',#5094,#5078,#2764,.T.);
#9022=EDGE_CURVE('4751',#5078,#5080,#2780,.T.);
#9035=EDGE_CURVE('4750',#5076,#5078,#2784,.T.);
#9059=EDGE_CURVE('4782',#5099,#5083,#2788,.T.);
#9061=EDGE_CURVE('4753',#5083,#5084,#2804,.T.);
#9063=EDGE_CURVE('4784',#5100,#5084,#2800,.T.);
#9074=EDGE_CURVE('4788',#5104,#5088,#2792,.T.);
#9076=EDGE_CURVE('4756',#5088,#5083,#2808,.T.);
#9088=EDGE_CURVE('4786',#5102,#5086,#2796,.T.);
#9090=EDGE_CURVE('4755',#5086,#5088,#2812,.T.);
#9103=EDGE_CURVE('4754',#5084,#5086,#2816,.T.);
#9127=EDGE_CURVE('4822',#5155,#5139,#2820,.T.);
#9129=EDGE_CURVE('4797',#5139,#5140,#2836,.T.);
#9131=EDGE_CURVE('4824',#5156,#5140,#2832,.T.);
#9142=EDGE_CURVE('4828',#5160,#5144,#2824,.T.);
#9144=EDGE_CURVE('4800',#5144,#5139,#2840,.T.);
#9156=EDGE_CURVE('4826',#5158,#5142,#2828,.T.);
#9158=EDGE_CURVE('4799',#5142,#5144,#2844,.T.);
#9171=EDGE_CURVE('4798',#5140,#5142,#2848,.T.);
#9195=EDGE_CURVE('4830',#5163,#5147,#2852,.T.);
#9197=EDGE_CURVE('4801',#5147,#5148,#2868,.T.);
#9199=EDGE_CURVE('4832',#5164,#5148,#2864,.T.);
#9210=EDGE_CURVE('4836',#5168,#5152,#2856,.T.);
#9212=EDGE_CURVE('4804',#5152,#5147,#2872,.T.);
#9224=EDGE_CURVE('4834',#5166,#5150,#2860,.T.);
#9226=EDGE_CURVE('4803',#5150,#5152,#2876,.T.);
#9239=EDGE_CURVE('4802',#5148,#5150,#2880,.T.);
#9263=EDGE_CURVE('4870',#5219,#5203,#2884,.T.);
#9265=EDGE_CURVE('4845',#5203,#5204,#2900,.T.);
#9267=EDGE_CURVE('4872',#5220,#5204,#2896,.T.);
#9278=EDGE_CURVE('4876',#5224,#5208,#2888,.T.);
#9280=EDGE_CURVE('4848',#5208,#5203,#2904,.T.);
#9292=EDGE_CURVE('4874',#5222,#5206,#2892,.T.);
#9294=EDGE_CURVE('4847',#5206,#5208,#2908,.T.);
#9307=EDGE_CURVE('4846',#5204,#5206,#2912,.T.);
#9331=EDGE_CURVE('4878',#5227,#5211,#2916,.T.);
#9333=EDGE_CURVE('4849',#5211,#5212,#2932,.T.);
#9335=EDGE_CURVE('4880',#5228,#5212,#2928,.T.);
#9346=EDGE_CURVE('4884',#5232,#5216,#2920,.T.);
#9348=EDGE_CURVE('4852',#5216,#5211,#2936,.T.);
#9360=EDGE_CURVE('4882',#5230,#5214,#2924,.T.);
#9362=EDGE_CURVE('4851',#5214,#5216,#2940,.T.);
#9375=EDGE_CURVE('4850',#5212,#5214,#2944,.T.);
#9399=EDGE_CURVE('4918',#5283,#5267,#2948,.T.);
#9401=EDGE_CURVE('4893',#5267,#5268,#2964,.T.);
#9403=EDGE_CURVE('4920',#5284,#5268,#2960,.T.);
#9414=EDGE_CURVE('4924',#5288,#5272,#2952,.T.);
#9416=EDGE_CURVE('4896',#5272,#5267,#2968,.T.);
#9428=EDGE_CURVE('4922',#5286,#5270,#2956,.T.);
#9430=EDGE_CURVE('4895',#5270,#5272,#2972,.T.);
#9443=EDGE_CURVE('4894',#5268,#5270,#2976,.T.);
#9467=EDGE_CURVE('4926',#5291,#5275,#2980,.T.);
#9469=EDGE_CURVE('4897',#5275,#5276,#2996,.T.);
#9471=EDGE_CURVE('4928',#5292,#5276,#2992,.T.);
#9482=EDGE_CURVE('4932',#5296,#5280,#2984,.T.);
#9484=EDGE_CURVE('4900',#5280,#5275,#3000,.T.);
#9496=EDGE_CURVE('4930',#5294,#5278,#2988,.T.);
#9498=EDGE_CURVE('4899',#5278,#5280,#3004,.T.);
#9511=EDGE_CURVE('4898',#5276,#5278,#3008,.T.);
#9535=EDGE_CURVE('4966',#5347,#5331,#3012,.T.);
#9537=EDGE_CURVE('4941',#5331,#5332,#3028,.T.);
#9539=EDGE_CURVE('4968',#5348,#5332,#3024,.T.);
#9550=EDGE_CURVE('4972',#5352,#5336,#3016,.T.);
#9552=EDGE_CURVE('4944',#5336,#5331,#3032,.T.);
#9564=EDGE_CURVE('4970',#5350,#5334,#3020,.T.);
#9566=EDGE_CURVE('4943',#5334,#5336,#3036,.T.);
#9579=EDGE_CURVE('4942',#5332,#5334,#3040,.T.);
#9603=EDGE_CURVE('4974',#5355,#5339,#3044,.T.);
#9605=EDGE_CURVE('4945',#5339,#5340,#3060,.T.);
#9607=EDGE_CURVE('4976',#5356,#5340,#3056,.T.);
#9618=EDGE_CURVE('4980',#5360,#5344,#3048,.T.);
#9620=EDGE_CURVE('4948',#5344,#5339,#3064,.T.);
#9632=EDGE_CURVE('4978',#5358,#5342,#3052,.T.);
#9634=EDGE_CURVE('4947',#5342,#5344,#3068,.T.);
#9647=EDGE_CURVE('4946',#5340,#5342,#3072,.T.);
#9671=EDGE_CURVE('4295',#4420,#4468,#3080,.T.);
#9673=EDGE_CURVE('4261',#4419,#4420,#3092,.T.);
#9675=EDGE_CURVE('4293',#4419,#4467,#3076,.T.);
#9686=EDGE_CURVE('4297',#4422,#4470,#3084,.T.);
#9688=EDGE_CURVE('4262',#4420,#4422,#3096,.T.);
#9700=EDGE_CURVE('4299',#4424,#4472,#3088,.T.);
#9702=EDGE_CURVE('4263',#4422,#4424,#3100,.T.);
#9715=EDGE_CURVE('4264',#4424,#4419,#3104,.T.);
#9739=EDGE_CURVE('4303',#4428,#4476,#3112,.T.);
#9741=EDGE_CURVE('4265',#4427,#4428,#3124,.T.);
#9743=EDGE_CURVE('4301',#4427,#4475,#3108,.T.);
#9754=EDGE_CURVE('4305',#4430,#4478,#3116,.T.);
#9756=EDGE_CURVE('4266',#4428,#4430,#3128,.T.);
#9768=EDGE_CURVE('4307',#4432,#4480,#3120,.T.);
#9770=EDGE_CURVE('4267',#4430,#4432,#3132,.T.);
#9783=EDGE_CURVE('4268',#4432,#4427,#3136,.T.);
#9807=EDGE_CURVE('4343',#4484,#4532,#3144,.T.);
#9809=EDGE_CURVE('4309',#4483,#4484,#3156,.T.);
#9811=EDGE_CURVE('4341',#4483,#4531,#3140,.T.);
#9822=EDGE_CURVE('4345',#4486,#4534,#3148,.T.);
#9824=EDGE_CURVE('4310',#4484,#4486,#3160,.T.);
#9836=EDGE_CURVE('4347',#4488,#4536,#3152,.T.);
#9838=EDGE_CURVE('4311',#4486,#4488,#3164,.T.);
#9851=EDGE_CURVE('4312',#4488,#4483,#3168,.T.);
#9875=EDGE_CURVE('4351',#4492,#4540,#3176,.T.);
#9877=EDGE_CURVE('4313',#4491,#4492,#3188,.T.);
#9879=EDGE_CURVE('4349',#4491,#4539,#3172,.T.);
#9890=EDGE_CURVE('4353',#4494,#4542,#3180,.T.);
#9892=EDGE_CURVE('4314',#4492,#4494,#3192,.T.);
#9904=EDGE_CURVE('4355',#4496,#4544,#3184,.T.);
#9906=EDGE_CURVE('4315',#4494,#4496,#3196,.T.);
#9919=EDGE_CURVE('4316',#4496,#4491,#3200,.T.);
#9943=EDGE_CURVE('4391',#4548,#4596,#3208,.T.);
#9945=EDGE_CURVE('4357',#4547,#4548,#3220,.T.);
#9947=EDGE_CURVE('4389',#4547,#4595,#3204,.T.);
#9958=EDGE_CURVE('4393',#4550,#4598,#3212,.T.);
#9960=EDGE_CURVE('4358',#4548,#4550,#3224,.T.);
#9972=EDGE_CURVE('4395',#4552,#4600,#3216,.T.);
#9974=EDGE_CURVE('4359',#4550,#4552,#3228,.T.);
#9987=EDGE_CURVE('4360',#4552,#4547,#3232,.T.);
#10011=EDGE_CURVE('4399',#4556,#4604,#3240,.T.);
#10013=EDGE_CURVE('4361',#4555,#4556,#3252,.T.);
#10015=EDGE_CURVE('4397',#4555,#4603,#3236,.T.);
#10026=EDGE_CURVE('4401',#4558,#4606,#3244,.T.);
#10028=EDGE_CURVE('4362',#4556,#4558,#3256,.T.);
#10040=EDGE_CURVE('4403',#4560,#4608,#3248,.T.);
#10042=EDGE_CURVE('4363',#4558,#4560,#3260,.T.);
#10055=EDGE_CURVE('4364',#4560,#4555,#3264,.T.);
#10079=EDGE_CURVE('4439',#4612,#4660,#3272,.T.);
#10081=EDGE_CURVE('4405',#4611,#4612,#3284,.T.);
#10083=EDGE_CURVE('4437',#4611,#4659,#3268,.T.);
#10094=EDGE_CURVE('4441',#4614,#4662,#3276,.T.);
#10096=EDGE_CURVE('4406',#4612,#4614,#3288,.T.);
#10108=EDGE_CURVE('4443',#4616,#4664,#3280,.T.);
#10110=EDGE_CURVE('4407',#4614,#4616,#3292,.T.);
#10123=EDGE_CURVE('4408',#4616,#4611,#3296,.T.);
#10147=EDGE_CURVE('4447',#4620,#4668,#3304,.T.);
#10149=EDGE_CURVE('4409',#4619,#4620,#3316,.T.);
#10151=EDGE_CURVE('4445',#4619,#4667,#3300,.T.);
#10162=EDGE_CURVE('4449',#4622,#4670,#3308,.T.);
#10164=EDGE_CURVE('4410',#4620,#4622,#3320,.T.);
#10176=EDGE_CURVE('4451',#4624,#4672,#3312,.T.);
#10178=EDGE_CURVE('4411',#4622,#4624,#3324,.T.);
#10191=EDGE_CURVE('4412',#4624,#4619,#3328,.T.);
#10215=EDGE_CURVE('4487',#4676,#4724,#3336,.T.);
#10217=EDGE_CURVE('4453',#4675,#4676,#3348,.T.);
#10219=EDGE_CURVE('4485',#4675,#4723,#3332,.T.);
#10230=EDGE_CURVE('4489',#4678,#4726,#3340,.T.);
#10232=EDGE_CURVE('4454',#4676,#4678,#3352,.T.);
#10244=EDGE_CURVE('4491',#4680,#4728,#3344,.T.);
#10246=EDGE_CURVE('4455',#4678,#4680,#3356,.T.);
#10259=EDGE_CURVE('4456',#4680,#4675,#3360,.T.);
#10283=EDGE_CURVE('4495',#4684,#4732,#3368,.T.);
#10285=EDGE_CURVE('4457',#4683,#4684,#3380,.T.);
#10287=EDGE_CURVE('4493',#4683,#4731,#3364,.T.);
#10298=EDGE_CURVE('4497',#4686,#4734,#3372,.T.);
#10300=EDGE_CURVE('4458',#4684,#4686,#3384,.T.);
#10312=EDGE_CURVE('4499',#4688,#4736,#3376,.T.);
#10314=EDGE_CURVE('4459',#4686,#4688,#3388,.T.);
#10327=EDGE_CURVE('4460',#4688,#4683,#3392,.T.);
#10351=EDGE_CURVE('4535',#4740,#4788,#3400,.T.);
#10353=EDGE_CURVE('4501',#4739,#4740,#3412,.T.);
#10355=EDGE_CURVE('4533',#4739,#4787,#3396,.T.);
#10366=EDGE_CURVE('4537',#4742,#4790,#3404,.T.);
#10368=EDGE_CURVE('4502',#4740,#4742,#3416,.T.);
#10380=EDGE_CURVE('4539',#4744,#4792,#3408,.T.);
#10382=EDGE_CURVE('4503',#4742,#4744,#3420,.T.);
#10395=EDGE_CURVE('4504',#4744,#4739,#3424,.T.);
#10419=EDGE_CURVE('4543',#4748,#4796,#3432,.T.);
#10421=EDGE_CURVE('4505',#4747,#4748,#3444,.T.);
#10423=EDGE_CURVE('4541',#4747,#4795,#3428,.T.);
#10434=EDGE_CURVE('4545',#4750,#4798,#3436,.T.);
#10436=EDGE_CURVE('4506',#4748,#4750,#3448,.T.);
#10448=EDGE_CURVE('4547',#4752,#4800,#3440,.T.);
#10450=EDGE_CURVE('4507',#4750,#4752,#3452,.T.);
#10463=EDGE_CURVE('4508',#4752,#4747,#3456,.T.);
#10487=EDGE_CURVE('4583',#4804,#4852,#3464,.T.);
#10489=EDGE_CURVE('4549',#4803,#4804,#3476,.T.);
#10491=EDGE_CURVE('4581',#4803,#4851,#3460,.T.);
#10502=EDGE_CURVE('4585',#4806,#4854,#3468,.T.);
#10504=EDGE_CURVE('4550',#4804,#4806,#3480,.T.);
#10516=EDGE_CURVE('4587',#4808,#4856,#3472,.T.);
#10518=EDGE_CURVE('4551',#4806,#4808,#3484,.T.);
#10531=EDGE_CURVE('4552',#4808,#4803,#3488,.T.);
#10555=EDGE_CURVE('4591',#4812,#4860,#3496,.T.);
#10557=EDGE_CURVE('4553',#4811,#4812,#3508,.T.);
#10559=EDGE_CURVE('4589',#4811,#4859,#3492,.T.);
#10570=EDGE_CURVE('4593',#4814,#4862,#3500,.T.);
#10572=EDGE_CURVE('4554',#4812,#4814,#3512,.T.);
#10584=EDGE_CURVE('4595',#4816,#4864,#3504,.T.);
#10586=EDGE_CURVE('4555',#4814,#4816,#3516,.T.);
#10599=EDGE_CURVE('4556',#4816,#4811,#3520,.T.);
#10623=EDGE_CURVE('4631',#4868,#4916,#3528,.T.);
#10625=EDGE_CURVE('4597',#4867,#4868,#3540,.T.);
#10627=EDGE_CURVE('4629',#4867,#4915,#3524,.T.);
#10638=EDGE_CURVE('4633',#4870,#4918,#3532,.T.);
#10640=EDGE_CURVE('4598',#4868,#4870,#3544,.T.);
#10652=EDGE_CURVE('4635',#4872,#4920,#3536,.T.);
#10654=EDGE_CURVE('4599',#4870,#4872,#3548,.T.);
#10667=EDGE_CURVE('4600',#4872,#4867,#3552,.T.);
#10691=EDGE_CURVE('4639',#4876,#4924,#3560,.T.);
#10693=EDGE_CURVE('4601',#4875,#4876,#3572,.T.);
#10695=EDGE_CURVE('4637',#4875,#4923,#3556,.T.);
#10706=EDGE_CURVE('4641',#4878,#4926,#3564,.T.);
#10708=EDGE_CURVE('4602',#4876,#4878,#3576,.T.);
#10720=EDGE_CURVE('4643',#4880,#4928,#3568,.T.);
#10722=EDGE_CURVE('4603',#4878,#4880,#3580,.T.);
#10735=EDGE_CURVE('4604',#4880,#4875,#3584,.T.);
#10759=EDGE_CURVE('4679',#4932,#4980,#3592,.T.);
#10761=EDGE_CURVE('4645',#4931,#4932,#3604,.T.);
#10763=EDGE_CURVE('4677',#4931,#4979,#3588,.T.);
#10774=EDGE_CURVE('4681',#4934,#4982,#3596,.T.);
#10776=EDGE_CURVE('4646',#4932,#4934,#3608,.T.);
#10788=EDGE_CURVE('4683',#4936,#4984,#3600,.T.);
#10790=EDGE_CURVE('4647',#4934,#4936,#3612,.T.);
#10803=EDGE_CURVE('4648',#4936,#4931,#3616,.T.);
#10827=EDGE_CURVE('4687',#4940,#4988,#3624,.T.);
#10829=EDGE_CURVE('4649',#4939,#4940,#3636,.T.);
#10831=EDGE_CURVE('4685',#4939,#4987,#3620,.T.);
#10842=EDGE_CURVE('4689',#4942,#4990,#3628,.T.);
#10844=EDGE_CURVE('4650',#4940,#4942,#3640,.T.);
#10856=EDGE_CURVE('4691',#4944,#4992,#3632,.T.);
#10858=EDGE_CURVE('4651',#4942,#4944,#3644,.T.);
#10871=EDGE_CURVE('4652',#4944,#4939,#3648,.T.);
#10895=EDGE_CURVE('4727',#4996,#5044,#3656,.T.);
#10897=EDGE_CURVE('4693',#4995,#4996,#3668,.T.);
#10899=EDGE_CURVE('4725',#4995,#5043,#3652,.T.);
#10910=EDGE_CURVE('4729',#4998,#5046,#3660,.T.);
#10912=EDGE_CURVE('4694',#4996,#4998,#3672,.T.);
#10924=EDGE_CURVE('4731',#5000,#5048,#3664,.T.);
#10926=EDGE_CURVE('4695',#4998,#5000,#3676,.T.);
#10939=EDGE_CURVE('4696',#5000,#4995,#3680,.T.);
#10963=EDGE_CURVE('4735',#5004,#5052,#3688,.T.);
#10965=EDGE_CURVE('4697',#5003,#5004,#3700,.T.);
#10967=EDGE_CURVE('4733',#5003,#5051,#3684,.T.);
#10978=EDGE_CURVE('4737',#5006,#5054,#3692,.T.);
#10980=EDGE_CURVE('4698',#5004,#5006,#3704,.T.);
#10992=EDGE_CURVE('4739',#5008,#5056,#3696,.T.);
#10994=EDGE_CURVE('4699',#5006,#5008,#3708,.T.);
#11007=EDGE_CURVE('4700',#5008,#5003,#3712,.T.);
#11031=EDGE_CURVE('4775',#5060,#5108,#3720,.T.);
#11033=EDGE_CURVE('4741',#5059,#5060,#3732,.T.);
#11035=EDGE_CURVE('4773',#5059,#5107,#3716,.T.);
#11046=EDGE_CURVE('4777',#5062,#5110,#3724,.T.);
#11048=EDGE_CURVE('4742',#5060,#5062,#3736,.T.);
#11060=EDGE_CURVE('4779',#5064,#5112,#3728,.T.);
#11062=EDGE_CURVE('4743',#5062,#5064,#3740,.T.);
#11075=EDGE_CURVE('4744',#5064,#5059,#3744,.T.);
#11099=EDGE_CURVE('4783',#5068,#5116,#3752,.T.);
#11101=EDGE_CURVE('4745',#5067,#5068,#3764,.T.);
#11103=EDGE_CURVE('4781',#5067,#5115,#3748,.T.);
#11114=EDGE_CURVE('4785',#5070,#5118,#3756,.T.);
#11116=EDGE_CURVE('4746',#5068,#5070,#3768,.T.);
#11128=EDGE_CURVE('4787',#5072,#5120,#3760,.T.);
#11130=EDGE_CURVE('4747',#5070,#5072,#3772,.T.);
#11143=EDGE_CURVE('4748',#5072,#5067,#3776,.T.);
#11167=EDGE_CURVE('4823',#5124,#5172,#3784,.T.);
#11169=EDGE_CURVE('4789',#5123,#5124,#3796,.T.);
#11171=EDGE_CURVE('4821',#5123,#5171,#3780,.T.);
#11182=EDGE_CURVE('4825',#5126,#5174,#3788,.T.);
#11184=EDGE_CURVE('4790',#5124,#5126,#3800,.T.);
#11196=EDGE_CURVE('4827',#5128,#5176,#3792,.T.);
#11198=EDGE_CURVE('4791',#5126,#5128,#3804,.T.);
#11211=EDGE_CURVE('4792',#5128,#5123,#3808,.T.);
#11235=EDGE_CURVE('4831',#5132,#5180,#3816,.T.);
#11237=EDGE_CURVE('4793',#5131,#5132,#3828,.T.);
#11239=EDGE_CURVE('4829',#5131,#5179,#3812,.T.);
#11250=EDGE_CURVE('4833',#5134,#5182,#3820,.T.);
#11252=EDGE_CURVE('4794',#5132,#5134,#3832,.T.);
#11264=EDGE_CURVE('4835',#5136,#5184,#3824,.T.);
#11266=EDGE_CURVE('4795',#5134,#5136,#3836,.T.);
#11279=EDGE_CURVE('4796',#5136,#5131,#3840,.T.);
#11303=EDGE_CURVE('4871',#5188,#5236,#3848,.T.);
#11305=EDGE_CURVE('4837',#5187,#5188,#3860,.T.);
#11307=EDGE_CURVE('4869',#5187,#5235,#3844,.T.);
#11318=EDGE_CURVE('4873',#5190,#5238,#3852,.T.);
#11320=EDGE_CURVE('4838',#5188,#5190,#3864,.T.);
#11332=EDGE_CURVE('4875',#5192,#5240,#3856,.T.);
#11334=EDGE_CURVE('4839',#5190,#5192,#3868,.T.);
#11347=EDGE_CURVE('4840',#5192,#5187,#3872,.T.);
#11371=EDGE_CURVE('4879',#5196,#5244,#3880,.T.);
#11373=EDGE_CURVE('4841',#5195,#5196,#3892,.T.);
#11375=EDGE_CURVE('4877',#5195,#5243,#3876,.T.);
#11386=EDGE_CURVE('4881',#5198,#5246,#3884,.T.);
#11388=EDGE_CURVE('4842',#5196,#5198,#3896,.T.);
#11400=EDGE_CURVE('4883',#5200,#5248,#3888,.T.);
#11402=EDGE_CURVE('4843',#5198,#5200,#3900,.T.);
#11415=EDGE_CURVE('4844',#5200,#5195,#3904,.T.);
#11439=EDGE_CURVE('4919',#5252,#5300,#3912,.T.);
#11441=EDGE_CURVE('4885',#5251,#5252,#3924,.T.);
#11443=EDGE_CURVE('4917',#5251,#5299,#3908,.T.);
#11454=EDGE_CURVE('4921',#5254,#5302,#3916,.T.);
#11456=EDGE_CURVE('4886',#5252,#5254,#3928,.T.);
#11468=EDGE_CURVE('4923',#5256,#5304,#3920,.T.);
#11470=EDGE_CURVE('4887',#5254,#5256,#3932,.T.);
#11483=EDGE_CURVE('4888',#5256,#5251,#3936,.T.);
#11507=EDGE_CURVE('4927',#5260,#5308,#3944,.T.);
#11509=EDGE_CURVE('4889',#5259,#5260,#3956,.T.);
#11511=EDGE_CURVE('4925',#5259,#5307,#3940,.T.);
#11522=EDGE_CURVE('4929',#5262,#5310,#3948,.T.);
#11524=EDGE_CURVE('4890',#5260,#5262,#3960,.T.);
#11536=EDGE_CURVE('4931',#5264,#5312,#3952,.T.);
#11538=EDGE_CURVE('4891',#5262,#5264,#3964,.T.);
#11551=EDGE_CURVE('4892',#5264,#5259,#3968,.T.);
#11575=EDGE_CURVE('4967',#5316,#5364,#3976,.T.);
#11577=EDGE_CURVE('4933',#5315,#5316,#3988,.T.);
#11579=EDGE_CURVE('4965',#5315,#5363,#3972,.T.);
#11590=EDGE_CURVE('4969',#5318,#5366,#3980,.T.);
#11592=EDGE_CURVE('4934',#5316,#5318,#3992,.T.);
#11604=EDGE_CURVE('4971',#5320,#5368,#3984,.T.);
#11606=EDGE_CURVE('4935',#5318,#5320,#3996,.T.);
#11619=EDGE_CURVE('4936',#5320,#5315,#4000,.T.);
#11643=EDGE_CURVE('4975',#5324,#5372,#4008,.T.);
#11645=EDGE_CURVE('4937',#5323,#5324,#4020,.T.);
#11647=EDGE_CURVE('4973',#5323,#5371,#4004,.T.);
#11658=EDGE_CURVE('4977',#5326,#5374,#4012,.T.);
#11660=EDGE_CURVE('4938',#5324,#5326,#4024,.T.);
#11672=EDGE_CURVE('4979',#5328,#5376,#4016,.T.);
#11674=EDGE_CURVE('4939',#5326,#5328,#4028,.T.);
#11687=EDGE_CURVE('4940',#5328,#5323,#4032,.T.);
#11715=ADVANCED_BREP_SHAPE_REPRESENTATION('',(#11706),#11714);
#11722=PRODUCT_DEFINITION('design','',#11721,#11718);
#11723=PRODUCT_DEFINITION_SHAPE('','SHAPE FOR 20021111-00030XXLFC.',#11722);
#11724=SHAPE_DEFINITION_REPRESENTATION(#11723,#11715);
ENDSEC;
END-ISO-10303-21;
