ISO-10303-21;
HEADER;
/* Generated by software containing ST-Developer
 * from STEP Tools, Inc. (www.steptools.com) 
 */

FILE_DESCRIPTION(
/* description */ (''),
/* implementation_level */ '2;1');

FILE_NAME(
/* name */ 'C:\\Work\\Mentor\\OPTO\\step_creation\\2814.2831.stp',
/* time_stamp */ '2022-05-26T10:05:32+03:00',
/* author */ ('ildiko sezer'),
/* organization */ (''),
/* preprocessor_version */ 'ST-DEVELOPER v16.5',
/* originating_system */ 'Autodesk Inventor 2017',
/* authorisation */ '');

FILE_SCHEMA (('AUTOMOTIVE_DESIGN { 1 0 10303 214 3 1 1 }'));
ENDSEC;

DATA;
#10=MECHANICAL_DESIGN_GEOMETRIC_PRESENTATION_REPRESENTATION('',(#1854,#1855,
#1853,#1851,#1852,#1856,#1859,#1864,#1860,#1862,#1858,#1857,#1863,#1861,
#1866,#1875,#1876,#1867,#1870,#1871,#1865,#1873,#1869,#1872,#1874,#1868,
#1880,#1878,#1885,#1877,#1879,#1886,#1887,#1884,#1882,#1881,#1883,#1888,
#1898,#1894,#1889,#1892,#1897,#1890,#1893,#1891,#1899,#1900,#1895,#1896,
#1905,#1910,#1901,#1908,#1902,#1906,#1907,#1903,#1909,#1911,#1912,#1904,
#1915,#1920,#1914,#1916,#1919,#1923,#1921,#1918,#1917,#1913,#1922,#1924,
#1927,#1926,#1928,#1925,#1930,#1931,#1929,#1940,#1943,#1939,#1938,#1933,
#1935,#1936,#1937,#1934,#1932,#1941,#1942,#1957,#1945,#1952,#1956,#1946,
#1950,#1949,#1951,#1953,#1948,#1944,#1954,#1955,#1947,#1960,#1959,#1971,
#1962,#1963,#1964,#1966,#1961,#1967,#1958,#1965,#1968,#1969,#1970),#3346);
#11=SHAPE_REPRESENTATION_RELATIONSHIP('SRR','None',#3355,#12);
#12=ADVANCED_BREP_SHAPE_REPRESENTATION('',(#13),#3345);
#13=MANIFOLD_SOLID_BREP('Solid1',#2092);
#14=CONICAL_SURFACE('',#2126,0.176776695296637,45.);
#15=CONICAL_SURFACE('',#2128,0.176776695296637,45.);
#16=CONICAL_SURFACE('',#2130,0.530330085889911,44.9999999999999);
#17=CONICAL_SURFACE('',#2132,0.53033008588991,45.);
#18=CONICAL_SURFACE('',#2137,0.176776695296638,45.);
#19=CONICAL_SURFACE('',#2139,0.530330085889911,45.);
#20=CONICAL_SURFACE('',#2141,0.530330085889911,45.);
#21=CONICAL_SURFACE('',#2143,0.176776695296637,45.);
#22=CONICAL_SURFACE('',#2149,0.530330085889912,44.9999999999999);
#23=CONICAL_SURFACE('',#2152,0.530330085889912,45.0000000000001);
#24=CONICAL_SURFACE('',#2154,0.353553390593275,45.0000000000001);
#25=CONICAL_SURFACE('',#2155,0.176776695296637,45.);
#26=CONICAL_SURFACE('',#2160,0.530330085889912,45.);
#27=CONICAL_SURFACE('',#2163,0.353553390593274,44.9999999999999);
#28=CONICAL_SURFACE('',#2164,0.176776695296638,45.);
#29=CONICAL_SURFACE('',#2166,0.530330085889912,45.0000000000001);
#30=CONICAL_SURFACE('',#2172,0.530330085889912,44.9999999999999);
#31=CONICAL_SURFACE('',#2175,0.530330085889912,45.0000000000001);
#32=CONICAL_SURFACE('',#2177,0.353553390593275,45.0000000000001);
#33=CONICAL_SURFACE('',#2178,0.176776695296637,45.);
#34=CONICAL_SURFACE('',#2183,0.530330085889912,45.);
#35=CONICAL_SURFACE('',#2186,0.353553390593274,44.9999999999999);
#36=CONICAL_SURFACE('',#2187,0.176776695296638,45.);
#37=CONICAL_SURFACE('',#2189,0.530330085889912,45.0000000000001);
#38=LINE('',#2813,#271);
#39=LINE('',#2817,#272);
#40=LINE('',#2822,#273);
#41=LINE('',#2826,#274);
#42=LINE('',#2833,#275);
#43=LINE('',#2835,#276);
#44=LINE('',#2837,#277);
#45=LINE('',#2838,#278);
#46=LINE('',#2841,#279);
#47=LINE('',#2843,#280);
#48=LINE('',#2845,#281);
#49=LINE('',#2846,#282);
#50=LINE('',#2849,#283);
#51=LINE('',#2852,#284);
#52=LINE('',#2856,#285);
#53=LINE('',#2858,#286);
#54=LINE('',#2860,#287);
#55=LINE('',#2861,#288);
#56=LINE('',#2864,#289);
#57=LINE('',#2866,#290);
#58=LINE('',#2867,#291);
#59=LINE('',#2870,#292);
#60=LINE('',#2872,#293);
#61=LINE('',#2873,#294);
#62=LINE('',#2875,#295);
#63=LINE('',#2876,#296);
#64=LINE('',#2880,#297);
#65=LINE('',#2884,#298);
#66=LINE('',#2888,#299);
#67=LINE('',#2891,#300);
#68=LINE('',#2894,#301);
#69=LINE('',#2896,#302);
#70=LINE('',#2897,#303);
#71=LINE('',#2900,#304);
#72=LINE('',#2901,#305);
#73=LINE('',#2904,#306);
#74=LINE('',#2905,#307);
#75=LINE('',#2907,#308);
#76=LINE('',#2910,#309);
#77=LINE('',#2914,#310);
#78=LINE('',#2918,#311);
#79=LINE('',#2921,#312);
#80=LINE('',#2925,#313);
#81=LINE('',#2927,#314);
#82=LINE('',#2929,#315);
#83=LINE('',#2930,#316);
#84=LINE('',#2933,#317);
#85=LINE('',#2935,#318);
#86=LINE('',#2936,#319);
#87=LINE('',#2939,#320);
#88=LINE('',#2941,#321);
#89=LINE('',#2942,#322);
#90=LINE('',#2944,#323);
#91=LINE('',#2945,#324);
#92=LINE('',#2950,#325);
#93=LINE('',#2955,#326);
#94=LINE('',#2958,#327);
#95=LINE('',#2960,#328);
#96=LINE('',#2963,#329);
#97=LINE('',#2965,#330);
#98=LINE('',#2966,#331);
#99=LINE('',#2969,#332);
#100=LINE('',#2970,#333);
#101=LINE('',#2973,#334);
#102=LINE('',#2974,#335);
#103=LINE('',#2976,#336);
#104=LINE('',#2980,#337);
#105=LINE('',#2984,#338);
#106=LINE('',#2987,#339);
#107=LINE('',#2990,#340);
#108=LINE('',#2994,#341);
#109=LINE('',#2996,#342);
#110=LINE('',#2998,#343);
#111=LINE('',#2999,#344);
#112=LINE('',#3002,#345);
#113=LINE('',#3004,#346);
#114=LINE('',#3005,#347);
#115=LINE('',#3008,#348);
#116=LINE('',#3010,#349);
#117=LINE('',#3011,#350);
#118=LINE('',#3013,#351);
#119=LINE('',#3014,#352);
#120=LINE('',#3019,#353);
#121=LINE('',#3024,#354);
#122=LINE('',#3027,#355);
#123=LINE('',#3029,#356);
#124=LINE('',#3032,#357);
#125=LINE('',#3034,#358);
#126=LINE('',#3035,#359);
#127=LINE('',#3038,#360);
#128=LINE('',#3039,#361);
#129=LINE('',#3042,#362);
#130=LINE('',#3043,#363);
#131=LINE('',#3045,#364);
#132=LINE('',#3049,#365);
#133=LINE('',#3053,#366);
#134=LINE('',#3056,#367);
#135=LINE('',#3059,#368);
#136=LINE('',#3063,#369);
#137=LINE('',#3064,#370);
#138=LINE('',#3065,#371);
#139=LINE('',#3068,#372);
#140=LINE('',#3069,#373);
#141=LINE('',#3072,#374);
#142=LINE('',#3073,#375);
#143=LINE('',#3075,#376);
#144=LINE('',#3079,#377);
#145=LINE('',#3080,#378);
#146=LINE('',#3081,#379);
#147=LINE('',#3084,#380);
#148=LINE('',#3085,#381);
#149=LINE('',#3088,#382);
#150=LINE('',#3089,#383);
#151=LINE('',#3091,#384);
#152=LINE('',#3095,#385);
#153=LINE('',#3096,#386);
#154=LINE('',#3097,#387);
#155=LINE('',#3100,#388);
#156=LINE('',#3101,#389);
#157=LINE('',#3104,#390);
#158=LINE('',#3105,#391);
#159=LINE('',#3107,#392);
#160=LINE('',#3110,#393);
#161=LINE('',#3112,#394);
#162=LINE('',#3114,#395);
#163=LINE('',#3116,#396);
#164=LINE('',#3118,#397);
#165=LINE('',#3119,#398);
#166=LINE('',#3123,#399);
#167=LINE('',#3125,#400);
#168=LINE('',#3127,#401);
#169=LINE('',#3129,#402);
#170=LINE('',#3130,#403);
#171=LINE('',#3131,#404);
#172=LINE('',#3135,#405);
#173=LINE('',#3137,#406);
#174=LINE('',#3139,#407);
#175=LINE('',#3140,#408);
#176=LINE('',#3143,#409);
#177=LINE('',#3145,#410);
#178=LINE('',#3147,#411);
#179=LINE('',#3149,#412);
#180=LINE('',#3151,#413);
#181=LINE('',#3153,#414);
#182=LINE('',#3155,#415);
#183=LINE('',#3157,#416);
#184=LINE('',#3159,#417);
#185=LINE('',#3161,#418);
#186=LINE('',#3163,#419);
#187=LINE('',#3165,#420);
#188=LINE('',#3167,#421);
#189=LINE('',#3169,#422);
#190=LINE('',#3170,#423);
#191=LINE('',#3172,#424);
#192=LINE('',#3174,#425);
#193=LINE('',#3176,#426);
#194=LINE('',#3178,#427);
#195=LINE('',#3180,#428);
#196=LINE('',#3182,#429);
#197=LINE('',#3184,#430);
#198=LINE('',#3185,#431);
#199=LINE('',#3188,#432);
#200=LINE('',#3189,#433);
#201=LINE('',#3192,#434);
#202=LINE('',#3194,#435);
#203=LINE('',#3195,#436);
#204=LINE('',#3198,#437);
#205=LINE('',#3199,#438);
#206=LINE('',#3202,#439);
#207=LINE('',#3204,#440);
#208=LINE('',#3205,#441);
#209=LINE('',#3208,#442);
#210=LINE('',#3210,#443);
#211=LINE('',#3211,#444);
#212=LINE('',#3215,#445);
#213=LINE('',#3216,#446);
#214=LINE('',#3217,#447);
#215=LINE('',#3220,#448);
#216=LINE('',#3221,#449);
#217=LINE('',#3224,#450);
#218=LINE('',#3226,#451);
#219=LINE('',#3227,#452);
#220=LINE('',#3231,#453);
#221=LINE('',#3232,#454);
#222=LINE('',#3233,#455);
#223=LINE('',#3236,#456);
#224=LINE('',#3237,#457);
#225=LINE('',#3240,#458);
#226=LINE('',#3242,#459);
#227=LINE('',#3243,#460);
#228=LINE('',#3246,#461);
#229=LINE('',#3247,#462);
#230=LINE('',#3250,#463);
#231=LINE('',#3251,#464);
#232=LINE('',#3253,#465);
#233=LINE('',#3254,#466);
#234=LINE('',#3256,#467);
#235=LINE('',#3258,#468);
#236=LINE('',#3260,#469);
#237=LINE('',#3262,#470);
#238=LINE('',#3263,#471);
#239=LINE('',#3265,#472);
#240=LINE('',#3267,#473);
#241=LINE('',#3268,#474);
#242=LINE('',#3271,#475);
#243=LINE('',#3274,#476);
#244=LINE('',#3275,#477);
#245=LINE('',#3277,#478);
#246=LINE('',#3293,#479);
#247=LINE('',#3294,#480);
#248=LINE('',#3295,#481);
#249=LINE('',#3298,#482);
#250=LINE('',#3299,#483);
#251=LINE('',#3302,#484);
#252=LINE('',#3303,#485);
#253=LINE('',#3305,#486);
#254=LINE('',#3307,#487);
#255=LINE('',#3308,#488);
#256=LINE('',#3311,#489);
#257=LINE('',#3313,#490);
#258=LINE('',#3315,#491);
#259=LINE('',#3317,#492);
#260=LINE('',#3318,#493);
#261=LINE('',#3321,#494);
#262=LINE('',#3322,#495);
#263=LINE('',#3325,#496);
#264=LINE('',#3328,#497);
#265=LINE('',#3332,#498);
#266=LINE('',#3333,#499);
#267=LINE('',#3335,#500);
#268=LINE('',#3337,#501);
#269=LINE('',#3339,#502);
#270=LINE('',#3341,#503);
#271=VECTOR('',#2274,10.);
#272=VECTOR('',#2277,10.);
#273=VECTOR('',#2282,10.);
#274=VECTOR('',#2285,10.);
#275=VECTOR('',#2296,10.);
#276=VECTOR('',#2297,10.);
#277=VECTOR('',#2298,10.);
#278=VECTOR('',#2299,10.);
#279=VECTOR('',#2302,10.);
#280=VECTOR('',#2303,10.);
#281=VECTOR('',#2304,10.);
#282=VECTOR('',#2305,10.);
#283=VECTOR('',#2308,10.);
#284=VECTOR('',#2311,10.);
#285=VECTOR('',#2314,10.);
#286=VECTOR('',#2315,10.);
#287=VECTOR('',#2316,10.);
#288=VECTOR('',#2317,10.);
#289=VECTOR('',#2320,10.);
#290=VECTOR('',#2321,10.);
#291=VECTOR('',#2322,10.);
#292=VECTOR('',#2325,10.);
#293=VECTOR('',#2326,10.);
#294=VECTOR('',#2327,10.);
#295=VECTOR('',#2330,10.);
#296=VECTOR('',#2331,10.);
#297=VECTOR('',#2336,10.);
#298=VECTOR('',#2341,10.);
#299=VECTOR('',#2346,10.);
#300=VECTOR('',#2351,10.);
#301=VECTOR('',#2354,10.);
#302=VECTOR('',#2355,10.);
#303=VECTOR('',#2356,10.);
#304=VECTOR('',#2359,10.);
#305=VECTOR('',#2360,10.);
#306=VECTOR('',#2363,10.);
#307=VECTOR('',#2364,10.);
#308=VECTOR('',#2367,10.);
#309=VECTOR('',#2370,10.);
#310=VECTOR('',#2375,10.);
#311=VECTOR('',#2380,10.);
#312=VECTOR('',#2385,10.);
#313=VECTOR('',#2388,10.);
#314=VECTOR('',#2389,10.);
#315=VECTOR('',#2390,10.);
#316=VECTOR('',#2391,10.);
#317=VECTOR('',#2394,10.);
#318=VECTOR('',#2395,10.);
#319=VECTOR('',#2396,10.);
#320=VECTOR('',#2399,10.);
#321=VECTOR('',#2400,10.);
#322=VECTOR('',#2401,10.);
#323=VECTOR('',#2404,10.);
#324=VECTOR('',#2405,10.);
#325=VECTOR('',#2410,10.);
#326=VECTOR('',#2417,10.);
#327=VECTOR('',#2422,10.);
#328=VECTOR('',#2425,10.);
#329=VECTOR('',#2428,10.);
#330=VECTOR('',#2429,10.);
#331=VECTOR('',#2430,10.);
#332=VECTOR('',#2433,10.);
#333=VECTOR('',#2434,10.);
#334=VECTOR('',#2437,10.);
#335=VECTOR('',#2438,10.);
#336=VECTOR('',#2441,10.);
#337=VECTOR('',#2444,10.);
#338=VECTOR('',#2451,10.);
#339=VECTOR('',#2454,10.);
#340=VECTOR('',#2459,10.);
#341=VECTOR('',#2462,10.);
#342=VECTOR('',#2463,10.);
#343=VECTOR('',#2464,10.);
#344=VECTOR('',#2465,10.);
#345=VECTOR('',#2468,10.);
#346=VECTOR('',#2469,10.);
#347=VECTOR('',#2470,10.);
#348=VECTOR('',#2473,10.);
#349=VECTOR('',#2474,10.);
#350=VECTOR('',#2475,10.);
#351=VECTOR('',#2478,10.);
#352=VECTOR('',#2479,10.);
#353=VECTOR('',#2484,10.);
#354=VECTOR('',#2491,10.);
#355=VECTOR('',#2496,10.);
#356=VECTOR('',#2499,10.);
#357=VECTOR('',#2502,10.);
#358=VECTOR('',#2503,10.);
#359=VECTOR('',#2504,10.);
#360=VECTOR('',#2507,10.);
#361=VECTOR('',#2508,10.);
#362=VECTOR('',#2511,10.);
#363=VECTOR('',#2512,10.);
#364=VECTOR('',#2515,10.);
#365=VECTOR('',#2518,10.);
#366=VECTOR('',#2525,10.);
#367=VECTOR('',#2528,10.);
#368=VECTOR('',#2533,10.);
#369=VECTOR('',#2536,10.);
#370=VECTOR('',#2537,10.);
#371=VECTOR('',#2538,10.);
#372=VECTOR('',#2541,10.);
#373=VECTOR('',#2542,10.);
#374=VECTOR('',#2545,10.);
#375=VECTOR('',#2546,10.);
#376=VECTOR('',#2549,10.);
#377=VECTOR('',#2552,10.);
#378=VECTOR('',#2553,10.);
#379=VECTOR('',#2554,10.);
#380=VECTOR('',#2557,10.);
#381=VECTOR('',#2558,10.);
#382=VECTOR('',#2561,10.);
#383=VECTOR('',#2562,10.);
#384=VECTOR('',#2565,10.);
#385=VECTOR('',#2568,10.);
#386=VECTOR('',#2569,10.);
#387=VECTOR('',#2570,10.);
#388=VECTOR('',#2573,10.);
#389=VECTOR('',#2574,10.);
#390=VECTOR('',#2577,10.);
#391=VECTOR('',#2578,10.);
#392=VECTOR('',#2581,10.);
#393=VECTOR('',#2584,10.);
#394=VECTOR('',#2585,10.);
#395=VECTOR('',#2586,10.);
#396=VECTOR('',#2587,10.);
#397=VECTOR('',#2588,10.);
#398=VECTOR('',#2589,10.);
#399=VECTOR('',#2592,10.);
#400=VECTOR('',#2593,10.);
#401=VECTOR('',#2594,10.);
#402=VECTOR('',#2595,10.);
#403=VECTOR('',#2596,10.);
#404=VECTOR('',#2597,10.);
#405=VECTOR('',#2600,10.);
#406=VECTOR('',#2601,10.);
#407=VECTOR('',#2602,10.);
#408=VECTOR('',#2603,10.);
#409=VECTOR('',#2606,10.);
#410=VECTOR('',#2607,10.);
#411=VECTOR('',#2608,10.);
#412=VECTOR('',#2609,10.);
#413=VECTOR('',#2610,10.);
#414=VECTOR('',#2611,10.);
#415=VECTOR('',#2612,10.);
#416=VECTOR('',#2613,10.);
#417=VECTOR('',#2614,10.);
#418=VECTOR('',#2615,10.);
#419=VECTOR('',#2616,10.);
#420=VECTOR('',#2617,10.);
#421=VECTOR('',#2618,10.);
#422=VECTOR('',#2619,10.);
#423=VECTOR('',#2620,10.);
#424=VECTOR('',#2621,10.);
#425=VECTOR('',#2622,10.);
#426=VECTOR('',#2623,10.);
#427=VECTOR('',#2624,10.);
#428=VECTOR('',#2625,10.);
#429=VECTOR('',#2626,10.);
#430=VECTOR('',#2627,10.);
#431=VECTOR('',#2628,10.);
#432=VECTOR('',#2631,10.);
#433=VECTOR('',#2632,10.);
#434=VECTOR('',#2635,10.);
#435=VECTOR('',#2636,10.);
#436=VECTOR('',#2637,10.);
#437=VECTOR('',#2640,10.);
#438=VECTOR('',#2641,10.);
#439=VECTOR('',#2644,10.);
#440=VECTOR('',#2645,10.);
#441=VECTOR('',#2646,10.);
#442=VECTOR('',#2649,10.);
#443=VECTOR('',#2650,10.);
#444=VECTOR('',#2651,10.);
#445=VECTOR('',#2654,10.);
#446=VECTOR('',#2655,10.);
#447=VECTOR('',#2656,10.);
#448=VECTOR('',#2659,10.);
#449=VECTOR('',#2660,10.);
#450=VECTOR('',#2663,10.);
#451=VECTOR('',#2664,10.);
#452=VECTOR('',#2665,10.);
#453=VECTOR('',#2668,10.);
#454=VECTOR('',#2669,10.);
#455=VECTOR('',#2670,10.);
#456=VECTOR('',#2673,10.);
#457=VECTOR('',#2674,10.);
#458=VECTOR('',#2677,10.);
#459=VECTOR('',#2678,10.);
#460=VECTOR('',#2679,10.);
#461=VECTOR('',#2682,10.);
#462=VECTOR('',#2683,10.);
#463=VECTOR('',#2686,10.);
#464=VECTOR('',#2687,10.);
#465=VECTOR('',#2690,10.);
#466=VECTOR('',#2691,10.);
#467=VECTOR('',#2694,10.);
#468=VECTOR('',#2697,10.);
#469=VECTOR('',#2700,10.);
#470=VECTOR('',#2703,10.);
#471=VECTOR('',#2704,10.);
#472=VECTOR('',#2707,10.);
#473=VECTOR('',#2710,10.);
#474=VECTOR('',#2711,10.);
#475=VECTOR('',#2716,10.);
#476=VECTOR('',#2719,10.);
#477=VECTOR('',#2720,10.);
#478=VECTOR('',#2723,10.);
#479=VECTOR('',#2742,10.);
#480=VECTOR('',#2743,10.);
#481=VECTOR('',#2744,10.);
#482=VECTOR('',#2747,10.);
#483=VECTOR('',#2748,10.);
#484=VECTOR('',#2751,10.);
#485=VECTOR('',#2752,10.);
#486=VECTOR('',#2755,10.);
#487=VECTOR('',#2756,10.);
#488=VECTOR('',#2757,10.);
#489=VECTOR('',#2760,10.);
#490=VECTOR('',#2761,10.);
#491=VECTOR('',#2762,10.);
#492=VECTOR('',#2763,10.);
#493=VECTOR('',#2764,10.);
#494=VECTOR('',#2767,10.);
#495=VECTOR('',#2768,10.);
#496=VECTOR('',#2771,10.);
#497=VECTOR('',#2776,10.);
#498=VECTOR('',#2781,10.);
#499=VECTOR('',#2782,10.);
#500=VECTOR('',#2785,10.);
#501=VECTOR('',#2788,10.);
#502=VECTOR('',#2791,10.);
#503=VECTOR('',#2794,10.);
#504=PLANE('',#2107);
#505=PLANE('',#2114);
#506=PLANE('',#2117);
#507=PLANE('',#2118);
#508=PLANE('',#2121);
#509=PLANE('',#2122);
#510=PLANE('',#2123);
#511=PLANE('',#2124);
#512=PLANE('',#2125);
#513=PLANE('',#2133);
#514=PLANE('',#2134);
#515=PLANE('',#2135);
#516=PLANE('',#2136);
#517=PLANE('',#2144);
#518=PLANE('',#2145);
#519=PLANE('',#2146);
#520=PLANE('',#2147);
#521=PLANE('',#2148);
#522=PLANE('',#2156);
#523=PLANE('',#2157);
#524=PLANE('',#2158);
#525=PLANE('',#2159);
#526=PLANE('',#2167);
#527=PLANE('',#2168);
#528=PLANE('',#2169);
#529=PLANE('',#2170);
#530=PLANE('',#2171);
#531=PLANE('',#2179);
#532=PLANE('',#2180);
#533=PLANE('',#2181);
#534=PLANE('',#2182);
#535=PLANE('',#2190);
#536=PLANE('',#2191);
#537=PLANE('',#2192);
#538=PLANE('',#2193);
#539=PLANE('',#2194);
#540=PLANE('',#2195);
#541=PLANE('',#2196);
#542=PLANE('',#2197);
#543=PLANE('',#2198);
#544=PLANE('',#2199);
#545=PLANE('',#2200);
#546=PLANE('',#2201);
#547=PLANE('',#2202);
#548=PLANE('',#2203);
#549=PLANE('',#2204);
#550=PLANE('',#2205);
#551=PLANE('',#2206);
#552=PLANE('',#2207);
#553=PLANE('',#2208);
#554=PLANE('',#2209);
#555=PLANE('',#2210);
#556=PLANE('',#2211);
#557=PLANE('',#2212);
#558=PLANE('',#2213);
#559=PLANE('',#2214);
#560=PLANE('',#2215);
#561=PLANE('',#2216);
#562=PLANE('',#2217);
#563=PLANE('',#2218);
#564=PLANE('',#2219);
#565=PLANE('',#2220);
#566=PLANE('',#2221);
#567=PLANE('',#2222);
#568=PLANE('',#2223);
#569=PLANE('',#2224);
#570=PLANE('',#2225);
#571=PLANE('',#2226);
#572=PLANE('',#2227);
#573=PLANE('',#2228);
#574=PLANE('',#2229);
#575=PLANE('',#2233);
#576=PLANE('',#2237);
#577=PLANE('',#2238);
#578=PLANE('',#2239);
#579=PLANE('',#2240);
#580=PLANE('',#2241);
#581=PLANE('',#2242);
#582=PLANE('',#2243);
#583=PLANE('',#2246);
#584=PLANE('',#2247);
#585=PLANE('',#2248);
#586=PLANE('',#2249);
#587=PLANE('',#2250);
#588=PLANE('',#2251);
#589=PLANE('',#2252);
#590=PLANE('',#2253);
#591=FACE_OUTER_BOUND('',#729,.T.);
#592=FACE_OUTER_BOUND('',#731,.T.);
#593=FACE_OUTER_BOUND('',#733,.T.);
#594=FACE_OUTER_BOUND('',#735,.T.);
#595=FACE_OUTER_BOUND('',#736,.T.);
#596=FACE_OUTER_BOUND('',#737,.T.);
#597=FACE_OUTER_BOUND('',#739,.T.);
#598=FACE_OUTER_BOUND('',#740,.T.);
#599=FACE_OUTER_BOUND('',#741,.T.);
#600=FACE_OUTER_BOUND('',#742,.T.);
#601=FACE_OUTER_BOUND('',#743,.T.);
#602=FACE_OUTER_BOUND('',#744,.T.);
#603=FACE_OUTER_BOUND('',#745,.T.);
#604=FACE_OUTER_BOUND('',#746,.T.);
#605=FACE_OUTER_BOUND('',#747,.T.);
#606=FACE_OUTER_BOUND('',#748,.T.);
#607=FACE_OUTER_BOUND('',#749,.T.);
#608=FACE_OUTER_BOUND('',#750,.T.);
#609=FACE_OUTER_BOUND('',#751,.T.);
#610=FACE_OUTER_BOUND('',#752,.T.);
#611=FACE_OUTER_BOUND('',#753,.T.);
#612=FACE_OUTER_BOUND('',#754,.T.);
#613=FACE_OUTER_BOUND('',#755,.T.);
#614=FACE_OUTER_BOUND('',#756,.T.);
#615=FACE_OUTER_BOUND('',#757,.T.);
#616=FACE_OUTER_BOUND('',#758,.T.);
#617=FACE_OUTER_BOUND('',#759,.T.);
#618=FACE_OUTER_BOUND('',#760,.T.);
#619=FACE_OUTER_BOUND('',#761,.T.);
#620=FACE_OUTER_BOUND('',#762,.T.);
#621=FACE_OUTER_BOUND('',#763,.T.);
#622=FACE_OUTER_BOUND('',#764,.T.);
#623=FACE_OUTER_BOUND('',#765,.T.);
#624=FACE_OUTER_BOUND('',#766,.T.);
#625=FACE_OUTER_BOUND('',#767,.T.);
#626=FACE_OUTER_BOUND('',#768,.T.);
#627=FACE_OUTER_BOUND('',#769,.T.);
#628=FACE_OUTER_BOUND('',#770,.T.);
#629=FACE_OUTER_BOUND('',#771,.T.);
#630=FACE_OUTER_BOUND('',#772,.T.);
#631=FACE_OUTER_BOUND('',#773,.T.);
#632=FACE_OUTER_BOUND('',#774,.T.);
#633=FACE_OUTER_BOUND('',#775,.T.);
#634=FACE_OUTER_BOUND('',#776,.T.);
#635=FACE_OUTER_BOUND('',#777,.T.);
#636=FACE_OUTER_BOUND('',#778,.T.);
#637=FACE_OUTER_BOUND('',#779,.T.);
#638=FACE_OUTER_BOUND('',#780,.T.);
#639=FACE_OUTER_BOUND('',#781,.T.);
#640=FACE_OUTER_BOUND('',#782,.T.);
#641=FACE_OUTER_BOUND('',#783,.T.);
#642=FACE_OUTER_BOUND('',#784,.T.);
#643=FACE_OUTER_BOUND('',#785,.T.);
#644=FACE_OUTER_BOUND('',#786,.T.);
#645=FACE_OUTER_BOUND('',#787,.T.);
#646=FACE_OUTER_BOUND('',#788,.T.);
#647=FACE_OUTER_BOUND('',#789,.T.);
#648=FACE_OUTER_BOUND('',#790,.T.);
#649=FACE_OUTER_BOUND('',#791,.T.);
#650=FACE_OUTER_BOUND('',#792,.T.);
#651=FACE_OUTER_BOUND('',#793,.T.);
#652=FACE_OUTER_BOUND('',#794,.T.);
#653=FACE_OUTER_BOUND('',#795,.T.);
#654=FACE_OUTER_BOUND('',#796,.T.);
#655=FACE_OUTER_BOUND('',#797,.T.);
#656=FACE_OUTER_BOUND('',#798,.T.);
#657=FACE_OUTER_BOUND('',#799,.T.);
#658=FACE_OUTER_BOUND('',#800,.T.);
#659=FACE_OUTER_BOUND('',#801,.T.);
#660=FACE_OUTER_BOUND('',#802,.T.);
#661=FACE_OUTER_BOUND('',#803,.T.);
#662=FACE_OUTER_BOUND('',#804,.T.);
#663=FACE_OUTER_BOUND('',#805,.T.);
#664=FACE_OUTER_BOUND('',#806,.T.);
#665=FACE_OUTER_BOUND('',#807,.T.);
#666=FACE_OUTER_BOUND('',#808,.T.);
#667=FACE_OUTER_BOUND('',#809,.T.);
#668=FACE_OUTER_BOUND('',#810,.T.);
#669=FACE_OUTER_BOUND('',#811,.T.);
#670=FACE_OUTER_BOUND('',#812,.T.);
#671=FACE_OUTER_BOUND('',#813,.T.);
#672=FACE_OUTER_BOUND('',#814,.T.);
#673=FACE_OUTER_BOUND('',#815,.T.);
#674=FACE_OUTER_BOUND('',#816,.T.);
#675=FACE_OUTER_BOUND('',#817,.T.);
#676=FACE_OUTER_BOUND('',#818,.T.);
#677=FACE_OUTER_BOUND('',#819,.T.);
#678=FACE_OUTER_BOUND('',#820,.T.);
#679=FACE_OUTER_BOUND('',#821,.T.);
#680=FACE_OUTER_BOUND('',#822,.T.);
#681=FACE_OUTER_BOUND('',#823,.T.);
#682=FACE_OUTER_BOUND('',#824,.T.);
#683=FACE_OUTER_BOUND('',#825,.T.);
#684=FACE_OUTER_BOUND('',#826,.T.);
#685=FACE_OUTER_BOUND('',#827,.T.);
#686=FACE_OUTER_BOUND('',#828,.T.);
#687=FACE_OUTER_BOUND('',#829,.T.);
#688=FACE_OUTER_BOUND('',#830,.T.);
#689=FACE_OUTER_BOUND('',#831,.T.);
#690=FACE_OUTER_BOUND('',#832,.T.);
#691=FACE_OUTER_BOUND('',#834,.T.);
#692=FACE_OUTER_BOUND('',#836,.T.);
#693=FACE_OUTER_BOUND('',#837,.T.);
#694=FACE_OUTER_BOUND('',#839,.T.);
#695=FACE_OUTER_BOUND('',#840,.T.);
#696=FACE_OUTER_BOUND('',#841,.T.);
#697=FACE_OUTER_BOUND('',#842,.T.);
#698=FACE_OUTER_BOUND('',#843,.T.);
#699=FACE_OUTER_BOUND('',#844,.T.);
#700=FACE_OUTER_BOUND('',#847,.T.);
#701=FACE_OUTER_BOUND('',#848,.T.);
#702=FACE_OUTER_BOUND('',#849,.T.);
#703=FACE_OUTER_BOUND('',#850,.T.);
#704=FACE_OUTER_BOUND('',#851,.T.);
#705=FACE_OUTER_BOUND('',#852,.T.);
#706=FACE_OUTER_BOUND('',#853,.T.);
#707=FACE_OUTER_BOUND('',#854,.T.);
#708=FACE_OUTER_BOUND('',#855,.T.);
#709=FACE_OUTER_BOUND('',#856,.T.);
#710=CYLINDRICAL_SURFACE('',#2102,1.5);
#711=CYLINDRICAL_SURFACE('',#2104,1.7);
#712=CYLINDRICAL_SURFACE('',#2108,1.75);
#713=CYLINDRICAL_SURFACE('',#2111,1.75);
#714=CYLINDRICAL_SURFACE('',#2119,1.75);
#715=CYLINDRICAL_SURFACE('',#2230,0.5);
#716=CYLINDRICAL_SURFACE('',#2234,0.5);
#717=CYLINDRICAL_SURFACE('',#2244,1.75);
#718=FACE_BOUND('',#728,.T.);
#719=FACE_BOUND('',#730,.T.);
#720=FACE_BOUND('',#732,.T.);
#721=FACE_BOUND('',#734,.T.);
#722=FACE_BOUND('',#738,.T.);
#723=FACE_BOUND('',#833,.T.);
#724=FACE_BOUND('',#835,.T.);
#725=FACE_BOUND('',#838,.T.);
#726=FACE_BOUND('',#845,.T.);
#727=FACE_BOUND('',#846,.T.);
#728=EDGE_LOOP('',(#1316));
#729=EDGE_LOOP('',(#1317));
#730=EDGE_LOOP('',(#1318));
#731=EDGE_LOOP('',(#1319));
#732=EDGE_LOOP('',(#1320));
#733=EDGE_LOOP('',(#1321));
#734=EDGE_LOOP('',(#1322));
#735=EDGE_LOOP('',(#1323,#1324,#1325,#1326));
#736=EDGE_LOOP('',(#1327,#1328,#1329,#1330));
#737=EDGE_LOOP('',(#1331,#1332,#1333,#1334));
#738=EDGE_LOOP('',(#1335));
#739=EDGE_LOOP('',(#1336,#1337,#1338,#1339,#1340));
#740=EDGE_LOOP('',(#1341,#1342,#1343,#1344,#1345));
#741=EDGE_LOOP('',(#1346,#1347,#1348,#1349));
#742=EDGE_LOOP('',(#1350,#1351,#1352,#1353));
#743=EDGE_LOOP('',(#1354,#1355,#1356,#1357));
#744=EDGE_LOOP('',(#1358,#1359,#1360,#1361));
#745=EDGE_LOOP('',(#1362,#1363,#1364,#1365));
#746=EDGE_LOOP('',(#1366,#1367,#1368,#1369));
#747=EDGE_LOOP('',(#1370,#1371,#1372));
#748=EDGE_LOOP('',(#1373,#1374,#1375));
#749=EDGE_LOOP('',(#1376,#1377,#1378,#1379));
#750=EDGE_LOOP('',(#1380,#1381,#1382,#1383));
#751=EDGE_LOOP('',(#1384,#1385,#1386,#1387));
#752=EDGE_LOOP('',(#1388,#1389,#1390,#1391));
#753=EDGE_LOOP('',(#1392,#1393,#1394,#1395));
#754=EDGE_LOOP('',(#1396,#1397,#1398,#1399));
#755=EDGE_LOOP('',(#1400,#1401,#1402));
#756=EDGE_LOOP('',(#1403,#1404,#1405,#1406));
#757=EDGE_LOOP('',(#1407,#1408,#1409,#1410));
#758=EDGE_LOOP('',(#1411,#1412,#1413));
#759=EDGE_LOOP('',(#1414,#1415,#1416,#1417));
#760=EDGE_LOOP('',(#1418,#1419,#1420,#1421));
#761=EDGE_LOOP('',(#1422,#1423,#1424,#1425));
#762=EDGE_LOOP('',(#1426,#1427,#1428,#1429));
#763=EDGE_LOOP('',(#1430,#1431,#1432,#1433));
#764=EDGE_LOOP('',(#1434,#1435,#1436,#1437));
#765=EDGE_LOOP('',(#1438,#1439,#1440,#1441));
#766=EDGE_LOOP('',(#1442,#1443,#1444));
#767=EDGE_LOOP('',(#1445,#1446,#1447));
#768=EDGE_LOOP('',(#1448,#1449,#1450,#1451));
#769=EDGE_LOOP('',(#1452,#1453,#1454,#1455));
#770=EDGE_LOOP('',(#1456,#1457,#1458,#1459));
#771=EDGE_LOOP('',(#1460,#1461,#1462,#1463));
#772=EDGE_LOOP('',(#1464,#1465,#1466,#1467));
#773=EDGE_LOOP('',(#1468,#1469,#1470));
#774=EDGE_LOOP('',(#1471,#1472,#1473));
#775=EDGE_LOOP('',(#1474,#1475,#1476,#1477));
#776=EDGE_LOOP('',(#1478,#1479,#1480,#1481));
#777=EDGE_LOOP('',(#1482,#1483,#1484,#1485));
#778=EDGE_LOOP('',(#1486,#1487,#1488,#1489));
#779=EDGE_LOOP('',(#1490,#1491,#1492,#1493));
#780=EDGE_LOOP('',(#1494,#1495,#1496,#1497));
#781=EDGE_LOOP('',(#1498,#1499,#1500,#1501));
#782=EDGE_LOOP('',(#1502,#1503,#1504,#1505));
#783=EDGE_LOOP('',(#1506,#1507,#1508));
#784=EDGE_LOOP('',(#1509,#1510,#1511));
#785=EDGE_LOOP('',(#1512,#1513,#1514,#1515));
#786=EDGE_LOOP('',(#1516,#1517,#1518,#1519));
#787=EDGE_LOOP('',(#1520,#1521,#1522,#1523));
#788=EDGE_LOOP('',(#1524,#1525,#1526,#1527));
#789=EDGE_LOOP('',(#1528,#1529,#1530,#1531));
#790=EDGE_LOOP('',(#1532,#1533,#1534));
#791=EDGE_LOOP('',(#1535,#1536,#1537));
#792=EDGE_LOOP('',(#1538,#1539,#1540,#1541));
#793=EDGE_LOOP('',(#1542,#1543,#1544,#1545));
#794=EDGE_LOOP('',(#1546,#1547,#1548,#1549));
#795=EDGE_LOOP('',(#1550,#1551,#1552,#1553));
#796=EDGE_LOOP('',(#1554,#1555,#1556,#1557));
#797=EDGE_LOOP('',(#1558,#1559,#1560,#1561));
#798=EDGE_LOOP('',(#1562,#1563,#1564,#1565));
#799=EDGE_LOOP('',(#1566,#1567,#1568,#1569));
#800=EDGE_LOOP('',(#1570,#1571,#1572,#1573));
#801=EDGE_LOOP('',(#1574,#1575,#1576,#1577));
#802=EDGE_LOOP('',(#1578,#1579,#1580,#1581));
#803=EDGE_LOOP('',(#1582,#1583,#1584,#1585));
#804=EDGE_LOOP('',(#1586,#1587,#1588,#1589));
#805=EDGE_LOOP('',(#1590,#1591,#1592,#1593,#1594,#1595,#1596,#1597,#1598,
#1599));
#806=EDGE_LOOP('',(#1600,#1601,#1602,#1603,#1604,#1605,#1606,#1607,#1608,
#1609));
#807=EDGE_LOOP('',(#1610,#1611,#1612,#1613));
#808=EDGE_LOOP('',(#1614,#1615,#1616,#1617,#1618,#1619,#1620,#1621,#1622,
#1623,#1624,#1625,#1626,#1627,#1628,#1629,#1630,#1631,#1632,#1633,#1634,
#1635,#1636,#1637,#1638));
#809=EDGE_LOOP('',(#1639,#1640,#1641,#1642));
#810=EDGE_LOOP('',(#1643,#1644,#1645,#1646));
#811=EDGE_LOOP('',(#1647,#1648,#1649,#1650));
#812=EDGE_LOOP('',(#1651,#1652,#1653,#1654,#1655,#1656));
#813=EDGE_LOOP('',(#1657,#1658,#1659,#1660));
#814=EDGE_LOOP('',(#1661,#1662,#1663,#1664));
#815=EDGE_LOOP('',(#1665,#1666,#1667,#1668));
#816=EDGE_LOOP('',(#1669,#1670,#1671,#1672));
#817=EDGE_LOOP('',(#1673,#1674,#1675,#1676));
#818=EDGE_LOOP('',(#1677,#1678,#1679,#1680));
#819=EDGE_LOOP('',(#1681,#1682,#1683,#1684));
#820=EDGE_LOOP('',(#1685,#1686,#1687,#1688));
#821=EDGE_LOOP('',(#1689,#1690,#1691,#1692));
#822=EDGE_LOOP('',(#1693,#1694,#1695,#1696,#1697,#1698));
#823=EDGE_LOOP('',(#1699,#1700,#1701,#1702));
#824=EDGE_LOOP('',(#1703,#1704,#1705,#1706));
#825=EDGE_LOOP('',(#1707,#1708,#1709,#1710,#1711,#1712));
#826=EDGE_LOOP('',(#1713,#1714,#1715,#1716,#1717,#1718));
#827=EDGE_LOOP('',(#1719,#1720,#1721,#1722));
#828=EDGE_LOOP('',(#1723,#1724,#1725,#1726,#1727,#1728));
#829=EDGE_LOOP('',(#1729,#1730,#1731,#1732));
#830=EDGE_LOOP('',(#1733,#1734,#1735,#1736));
#831=EDGE_LOOP('',(#1737,#1738,#1739,#1740,#1741,#1742));
#832=EDGE_LOOP('',(#1743,#1744,#1745,#1746,#1747));
#833=EDGE_LOOP('',(#1748,#1749,#1750,#1751));
#834=EDGE_LOOP('',(#1752));
#835=EDGE_LOOP('',(#1753));
#836=EDGE_LOOP('',(#1754));
#837=EDGE_LOOP('',(#1755));
#838=EDGE_LOOP('',(#1756));
#839=EDGE_LOOP('',(#1757));
#840=EDGE_LOOP('',(#1758,#1759,#1760,#1761));
#841=EDGE_LOOP('',(#1762,#1763,#1764,#1765));
#842=EDGE_LOOP('',(#1766,#1767,#1768,#1769));
#843=EDGE_LOOP('',(#1770,#1771,#1772,#1773,#1774,#1775));
#844=EDGE_LOOP('',(#1776,#1777,#1778,#1779,#1780,#1781,#1782,#1783,#1784,
#1785));
#845=EDGE_LOOP('',(#1786));
#846=EDGE_LOOP('',(#1787));
#847=EDGE_LOOP('',(#1788,#1789,#1790,#1791,#1792));
#848=EDGE_LOOP('',(#1793,#1794,#1795,#1796));
#849=EDGE_LOOP('',(#1797,#1798,#1799,#1800,#1801));
#850=EDGE_LOOP('',(#1802,#1803,#1804,#1805,#1806));
#851=EDGE_LOOP('',(#1807,#1808,#1809,#1810,#1811));
#852=EDGE_LOOP('',(#1812,#1813,#1814,#1815,#1816));
#853=EDGE_LOOP('',(#1817,#1818,#1819,#1820,#1821));
#854=EDGE_LOOP('',(#1822,#1823,#1824,#1825));
#855=EDGE_LOOP('',(#1826,#1827,#1828,#1829,#1830,#1831));
#856=EDGE_LOOP('',(#1832,#1833,#1834,#1835,#1836,#1837,#1838,#1839,#1840,
#1841,#1842,#1843,#1844,#1845,#1846,#1847,#1848,#1849));
#857=CIRCLE('',#2101,1.5);
#858=CIRCLE('',#2103,1.5);
#859=CIRCLE('',#2105,1.7);
#860=CIRCLE('',#2106,1.7);
#861=CIRCLE('',#2109,1.75);
#862=CIRCLE('',#2110,1.75);
#863=CIRCLE('',#2112,1.75);
#864=CIRCLE('',#2113,1.75);
#865=CIRCLE('',#2115,1.75);
#866=CIRCLE('',#2116,1.75);
#867=CIRCLE('',#2120,1.75);
#868=CIRCLE('',#2127,0.353553390593273);
#869=CIRCLE('',#2129,0.353553390593274);
#870=CIRCLE('',#2131,0.707106781186548);
#871=CIRCLE('',#2138,0.353553390593274);
#872=CIRCLE('',#2140,0.707106781186548);
#873=CIRCLE('',#2142,0.353553390593274);
#874=CIRCLE('',#2150,0.353553390593276);
#875=CIRCLE('',#2151,0.707106781186549);
#876=CIRCLE('',#2153,0.353553390593276);
#877=CIRCLE('',#2161,0.707106781186549);
#878=CIRCLE('',#2162,0.353553390593274);
#879=CIRCLE('',#2165,0.353553390593274);
#880=CIRCLE('',#2173,0.353553390593276);
#881=CIRCLE('',#2174,0.707106781186549);
#882=CIRCLE('',#2176,0.353553390593276);
#883=CIRCLE('',#2184,0.707106781186549);
#884=CIRCLE('',#2185,0.353553390593274);
#885=CIRCLE('',#2188,0.353553390593274);
#886=CIRCLE('',#2231,0.5);
#887=CIRCLE('',#2232,0.5);
#888=CIRCLE('',#2235,0.5);
#889=CIRCLE('',#2236,0.5);
#890=CIRCLE('',#2245,1.75);
#891=VERTEX_POINT('',#2799);
#892=VERTEX_POINT('',#2802);
#893=VERTEX_POINT('',#2805);
#894=VERTEX_POINT('',#2807);
#895=VERTEX_POINT('',#2811);
#896=VERTEX_POINT('',#2812);
#897=VERTEX_POINT('',#2814);
#898=VERTEX_POINT('',#2816);
#899=VERTEX_POINT('',#2820);
#900=VERTEX_POINT('',#2821);
#901=VERTEX_POINT('',#2823);
#902=VERTEX_POINT('',#2825);
#903=VERTEX_POINT('',#2832);
#904=VERTEX_POINT('',#2834);
#905=VERTEX_POINT('',#2836);
#906=VERTEX_POINT('',#2840);
#907=VERTEX_POINT('',#2842);
#908=VERTEX_POINT('',#2844);
#909=VERTEX_POINT('',#2848);
#910=VERTEX_POINT('',#2850);
#911=VERTEX_POINT('',#2854);
#912=VERTEX_POINT('',#2855);
#913=VERTEX_POINT('',#2857);
#914=VERTEX_POINT('',#2859);
#915=VERTEX_POINT('',#2863);
#916=VERTEX_POINT('',#2865);
#917=VERTEX_POINT('',#2869);
#918=VERTEX_POINT('',#2871);
#919=VERTEX_POINT('',#2879);
#920=VERTEX_POINT('',#2883);
#921=VERTEX_POINT('',#2887);
#922=VERTEX_POINT('',#2893);
#923=VERTEX_POINT('',#2895);
#924=VERTEX_POINT('',#2899);
#925=VERTEX_POINT('',#2903);
#926=VERTEX_POINT('',#2909);
#927=VERTEX_POINT('',#2913);
#928=VERTEX_POINT('',#2917);
#929=VERTEX_POINT('',#2923);
#930=VERTEX_POINT('',#2924);
#931=VERTEX_POINT('',#2926);
#932=VERTEX_POINT('',#2928);
#933=VERTEX_POINT('',#2932);
#934=VERTEX_POINT('',#2934);
#935=VERTEX_POINT('',#2938);
#936=VERTEX_POINT('',#2940);
#937=VERTEX_POINT('',#2948);
#938=VERTEX_POINT('',#2949);
#939=VERTEX_POINT('',#2954);
#940=VERTEX_POINT('',#2962);
#941=VERTEX_POINT('',#2964);
#942=VERTEX_POINT('',#2968);
#943=VERTEX_POINT('',#2972);
#944=VERTEX_POINT('',#2978);
#945=VERTEX_POINT('',#2979);
#946=VERTEX_POINT('',#2986);
#947=VERTEX_POINT('',#2992);
#948=VERTEX_POINT('',#2993);
#949=VERTEX_POINT('',#2995);
#950=VERTEX_POINT('',#2997);
#951=VERTEX_POINT('',#3001);
#952=VERTEX_POINT('',#3003);
#953=VERTEX_POINT('',#3007);
#954=VERTEX_POINT('',#3009);
#955=VERTEX_POINT('',#3017);
#956=VERTEX_POINT('',#3018);
#957=VERTEX_POINT('',#3023);
#958=VERTEX_POINT('',#3031);
#959=VERTEX_POINT('',#3033);
#960=VERTEX_POINT('',#3037);
#961=VERTEX_POINT('',#3041);
#962=VERTEX_POINT('',#3047);
#963=VERTEX_POINT('',#3048);
#964=VERTEX_POINT('',#3055);
#965=VERTEX_POINT('',#3061);
#966=VERTEX_POINT('',#3062);
#967=VERTEX_POINT('',#3067);
#968=VERTEX_POINT('',#3071);
#969=VERTEX_POINT('',#3077);
#970=VERTEX_POINT('',#3078);
#971=VERTEX_POINT('',#3083);
#972=VERTEX_POINT('',#3087);
#973=VERTEX_POINT('',#3093);
#974=VERTEX_POINT('',#3094);
#975=VERTEX_POINT('',#3099);
#976=VERTEX_POINT('',#3103);
#977=VERTEX_POINT('',#3109);
#978=VERTEX_POINT('',#3111);
#979=VERTEX_POINT('',#3113);
#980=VERTEX_POINT('',#3115);
#981=VERTEX_POINT('',#3117);
#982=VERTEX_POINT('',#3121);
#983=VERTEX_POINT('',#3122);
#984=VERTEX_POINT('',#3124);
#985=VERTEX_POINT('',#3126);
#986=VERTEX_POINT('',#3128);
#987=VERTEX_POINT('',#3133);
#988=VERTEX_POINT('',#3134);
#989=VERTEX_POINT('',#3136);
#990=VERTEX_POINT('',#3138);
#991=VERTEX_POINT('',#3142);
#992=VERTEX_POINT('',#3144);
#993=VERTEX_POINT('',#3146);
#994=VERTEX_POINT('',#3148);
#995=VERTEX_POINT('',#3150);
#996=VERTEX_POINT('',#3152);
#997=VERTEX_POINT('',#3154);
#998=VERTEX_POINT('',#3156);
#999=VERTEX_POINT('',#3158);
#1000=VERTEX_POINT('',#3160);
#1001=VERTEX_POINT('',#3162);
#1002=VERTEX_POINT('',#3164);
#1003=VERTEX_POINT('',#3166);
#1004=VERTEX_POINT('',#3168);
#1005=VERTEX_POINT('',#3171);
#1006=VERTEX_POINT('',#3173);
#1007=VERTEX_POINT('',#3175);
#1008=VERTEX_POINT('',#3177);
#1009=VERTEX_POINT('',#3179);
#1010=VERTEX_POINT('',#3181);
#1011=VERTEX_POINT('',#3183);
#1012=VERTEX_POINT('',#3187);
#1013=VERTEX_POINT('',#3191);
#1014=VERTEX_POINT('',#3193);
#1015=VERTEX_POINT('',#3197);
#1016=VERTEX_POINT('',#3201);
#1017=VERTEX_POINT('',#3203);
#1018=VERTEX_POINT('',#3207);
#1019=VERTEX_POINT('',#3209);
#1020=VERTEX_POINT('',#3213);
#1021=VERTEX_POINT('',#3214);
#1022=VERTEX_POINT('',#3219);
#1023=VERTEX_POINT('',#3223);
#1024=VERTEX_POINT('',#3225);
#1025=VERTEX_POINT('',#3229);
#1026=VERTEX_POINT('',#3230);
#1027=VERTEX_POINT('',#3235);
#1028=VERTEX_POINT('',#3239);
#1029=VERTEX_POINT('',#3241);
#1030=VERTEX_POINT('',#3245);
#1031=VERTEX_POINT('',#3249);
#1032=VERTEX_POINT('',#3273);
#1033=VERTEX_POINT('',#3279);
#1034=VERTEX_POINT('',#3281);
#1035=VERTEX_POINT('',#3285);
#1036=VERTEX_POINT('',#3287);
#1037=VERTEX_POINT('',#3291);
#1038=VERTEX_POINT('',#3292);
#1039=VERTEX_POINT('',#3297);
#1040=VERTEX_POINT('',#3301);
#1041=VERTEX_POINT('',#3306);
#1042=VERTEX_POINT('',#3310);
#1043=VERTEX_POINT('',#3312);
#1044=VERTEX_POINT('',#3314);
#1045=VERTEX_POINT('',#3316);
#1046=VERTEX_POINT('',#3320);
#1047=VERTEX_POINT('',#3324);
#1048=VERTEX_POINT('',#3331);
#1049=EDGE_CURVE('',#891,#891,#857,.T.);
#1050=EDGE_CURVE('',#892,#892,#858,.T.);
#1051=EDGE_CURVE('',#893,#893,#859,.T.);
#1052=EDGE_CURVE('',#894,#894,#860,.T.);
#1053=EDGE_CURVE('',#895,#896,#38,.T.);
#1054=EDGE_CURVE('',#897,#895,#861,.T.);
#1055=EDGE_CURVE('',#897,#898,#39,.T.);
#1056=EDGE_CURVE('',#898,#896,#862,.T.);
#1057=EDGE_CURVE('',#899,#900,#40,.T.);
#1058=EDGE_CURVE('',#900,#901,#863,.T.);
#1059=EDGE_CURVE('',#902,#901,#41,.T.);
#1060=EDGE_CURVE('',#899,#902,#864,.T.);
#1061=EDGE_CURVE('',#901,#898,#865,.T.);
#1062=EDGE_CURVE('',#896,#900,#866,.T.);
#1063=EDGE_CURVE('',#895,#903,#42,.T.);
#1064=EDGE_CURVE('',#904,#903,#43,.T.);
#1065=EDGE_CURVE('',#904,#905,#44,.T.);
#1066=EDGE_CURVE('',#905,#897,#45,.T.);
#1067=EDGE_CURVE('',#902,#906,#46,.T.);
#1068=EDGE_CURVE('',#907,#906,#47,.T.);
#1069=EDGE_CURVE('',#907,#908,#48,.T.);
#1070=EDGE_CURVE('',#908,#899,#49,.T.);
#1071=EDGE_CURVE('',#898,#909,#50,.T.);
#1072=EDGE_CURVE('',#909,#910,#867,.T.);
#1073=EDGE_CURVE('',#901,#910,#51,.T.);
#1074=EDGE_CURVE('',#911,#912,#52,.T.);
#1075=EDGE_CURVE('',#913,#912,#53,.T.);
#1076=EDGE_CURVE('',#913,#914,#54,.T.);
#1077=EDGE_CURVE('',#914,#911,#55,.T.);
#1078=EDGE_CURVE('',#912,#915,#56,.T.);
#1079=EDGE_CURVE('',#916,#915,#57,.T.);
#1080=EDGE_CURVE('',#916,#913,#58,.T.);
#1081=EDGE_CURVE('',#915,#917,#59,.T.);
#1082=EDGE_CURVE('',#918,#917,#60,.T.);
#1083=EDGE_CURVE('',#918,#916,#61,.T.);
#1084=EDGE_CURVE('',#917,#911,#62,.T.);
#1085=EDGE_CURVE('',#914,#918,#63,.T.);
#1086=EDGE_CURVE('',#919,#918,#64,.T.);
#1087=EDGE_CURVE('',#919,#916,#868,.T.);
#1088=EDGE_CURVE('',#918,#920,#65,.T.);
#1089=EDGE_CURVE('',#920,#914,#869,.T.);
#1090=EDGE_CURVE('',#920,#921,#66,.T.);
#1091=EDGE_CURVE('',#921,#913,#870,.T.);
#1092=EDGE_CURVE('',#921,#919,#67,.T.);
#1093=EDGE_CURVE('',#922,#920,#68,.T.);
#1094=EDGE_CURVE('',#922,#923,#69,.T.);
#1095=EDGE_CURVE('',#923,#918,#70,.T.);
#1096=EDGE_CURVE('',#924,#921,#71,.T.);
#1097=EDGE_CURVE('',#924,#922,#72,.T.);
#1098=EDGE_CURVE('',#925,#919,#73,.T.);
#1099=EDGE_CURVE('',#925,#924,#74,.T.);
#1100=EDGE_CURVE('',#923,#925,#75,.T.);
#1101=EDGE_CURVE('',#926,#924,#76,.T.);
#1102=EDGE_CURVE('',#926,#925,#871,.T.);
#1103=EDGE_CURVE('',#927,#926,#77,.T.);
#1104=EDGE_CURVE('',#927,#923,#872,.T.);
#1105=EDGE_CURVE('',#928,#927,#78,.T.);
#1106=EDGE_CURVE('',#928,#922,#873,.T.);
#1107=EDGE_CURVE('',#924,#928,#79,.T.);
#1108=EDGE_CURVE('',#929,#930,#80,.T.);
#1109=EDGE_CURVE('',#931,#930,#81,.T.);
#1110=EDGE_CURVE('',#931,#932,#82,.T.);
#1111=EDGE_CURVE('',#932,#929,#83,.T.);
#1112=EDGE_CURVE('',#930,#933,#84,.T.);
#1113=EDGE_CURVE('',#934,#933,#85,.T.);
#1114=EDGE_CURVE('',#934,#931,#86,.T.);
#1115=EDGE_CURVE('',#933,#935,#87,.T.);
#1116=EDGE_CURVE('',#936,#935,#88,.T.);
#1117=EDGE_CURVE('',#936,#934,#89,.T.);
#1118=EDGE_CURVE('',#935,#929,#90,.T.);
#1119=EDGE_CURVE('',#932,#936,#91,.T.);
#1120=EDGE_CURVE('',#937,#938,#92,.T.);
#1121=EDGE_CURVE('',#937,#934,#874,.T.);
#1122=EDGE_CURVE('',#938,#936,#875,.T.);
#1123=EDGE_CURVE('',#938,#939,#93,.T.);
#1124=EDGE_CURVE('',#939,#932,#876,.T.);
#1125=EDGE_CURVE('',#939,#931,#94,.T.);
#1126=EDGE_CURVE('',#931,#937,#95,.T.);
#1127=EDGE_CURVE('',#940,#939,#96,.T.);
#1128=EDGE_CURVE('',#940,#941,#97,.T.);
#1129=EDGE_CURVE('',#941,#938,#98,.T.);
#1130=EDGE_CURVE('',#942,#931,#99,.T.);
#1131=EDGE_CURVE('',#942,#940,#100,.T.);
#1132=EDGE_CURVE('',#943,#937,#101,.T.);
#1133=EDGE_CURVE('',#943,#942,#102,.T.);
#1134=EDGE_CURVE('',#941,#943,#103,.T.);
#1135=EDGE_CURVE('',#944,#945,#104,.T.);
#1136=EDGE_CURVE('',#945,#942,#877,.T.);
#1137=EDGE_CURVE('',#944,#943,#878,.T.);
#1138=EDGE_CURVE('',#941,#944,#105,.T.);
#1139=EDGE_CURVE('',#946,#941,#106,.T.);
#1140=EDGE_CURVE('',#946,#940,#879,.T.);
#1141=EDGE_CURVE('',#945,#946,#107,.T.);
#1142=EDGE_CURVE('',#947,#948,#108,.T.);
#1143=EDGE_CURVE('',#949,#948,#109,.T.);
#1144=EDGE_CURVE('',#949,#950,#110,.T.);
#1145=EDGE_CURVE('',#950,#947,#111,.T.);
#1146=EDGE_CURVE('',#948,#951,#112,.T.);
#1147=EDGE_CURVE('',#952,#951,#113,.T.);
#1148=EDGE_CURVE('',#952,#949,#114,.T.);
#1149=EDGE_CURVE('',#951,#953,#115,.T.);
#1150=EDGE_CURVE('',#954,#953,#116,.T.);
#1151=EDGE_CURVE('',#954,#952,#117,.T.);
#1152=EDGE_CURVE('',#953,#947,#118,.T.);
#1153=EDGE_CURVE('',#950,#954,#119,.T.);
#1154=EDGE_CURVE('',#955,#956,#120,.T.);
#1155=EDGE_CURVE('',#955,#952,#880,.T.);
#1156=EDGE_CURVE('',#956,#954,#881,.T.);
#1157=EDGE_CURVE('',#956,#957,#121,.T.);
#1158=EDGE_CURVE('',#957,#950,#882,.T.);
#1159=EDGE_CURVE('',#957,#949,#122,.T.);
#1160=EDGE_CURVE('',#949,#955,#123,.T.);
#1161=EDGE_CURVE('',#958,#957,#124,.T.);
#1162=EDGE_CURVE('',#958,#959,#125,.T.);
#1163=EDGE_CURVE('',#959,#956,#126,.T.);
#1164=EDGE_CURVE('',#960,#949,#127,.T.);
#1165=EDGE_CURVE('',#960,#958,#128,.T.);
#1166=EDGE_CURVE('',#961,#955,#129,.T.);
#1167=EDGE_CURVE('',#961,#960,#130,.T.);
#1168=EDGE_CURVE('',#959,#961,#131,.T.);
#1169=EDGE_CURVE('',#962,#963,#132,.T.);
#1170=EDGE_CURVE('',#963,#960,#883,.T.);
#1171=EDGE_CURVE('',#962,#961,#884,.T.);
#1172=EDGE_CURVE('',#959,#962,#133,.T.);
#1173=EDGE_CURVE('',#964,#959,#134,.T.);
#1174=EDGE_CURVE('',#964,#958,#885,.T.);
#1175=EDGE_CURVE('',#963,#964,#135,.T.);
#1176=EDGE_CURVE('',#965,#966,#136,.T.);
#1177=EDGE_CURVE('',#965,#924,#137,.T.);
#1178=EDGE_CURVE('',#966,#926,#138,.T.);
#1179=EDGE_CURVE('',#966,#967,#139,.T.);
#1180=EDGE_CURVE('',#967,#927,#140,.T.);
#1181=EDGE_CURVE('',#967,#968,#141,.T.);
#1182=EDGE_CURVE('',#968,#928,#142,.T.);
#1183=EDGE_CURVE('',#968,#965,#143,.T.);
#1184=EDGE_CURVE('',#969,#970,#144,.T.);
#1185=EDGE_CURVE('',#969,#963,#145,.T.);
#1186=EDGE_CURVE('',#970,#962,#146,.T.);
#1187=EDGE_CURVE('',#970,#971,#147,.T.);
#1188=EDGE_CURVE('',#971,#959,#148,.T.);
#1189=EDGE_CURVE('',#971,#972,#149,.T.);
#1190=EDGE_CURVE('',#972,#964,#150,.T.);
#1191=EDGE_CURVE('',#972,#969,#151,.T.);
#1192=EDGE_CURVE('',#973,#974,#152,.T.);
#1193=EDGE_CURVE('',#973,#941,#153,.T.);
#1194=EDGE_CURVE('',#974,#946,#154,.T.);
#1195=EDGE_CURVE('',#974,#975,#155,.T.);
#1196=EDGE_CURVE('',#975,#945,#156,.T.);
#1197=EDGE_CURVE('',#975,#976,#157,.T.);
#1198=EDGE_CURVE('',#976,#944,#158,.T.);
#1199=EDGE_CURVE('',#976,#973,#159,.T.);
#1200=EDGE_CURVE('',#977,#969,#160,.T.);
#1201=EDGE_CURVE('',#978,#977,#161,.T.);
#1202=EDGE_CURVE('',#979,#978,#162,.T.);
#1203=EDGE_CURVE('',#980,#979,#163,.T.);
#1204=EDGE_CURVE('',#981,#980,#164,.T.);
#1205=EDGE_CURVE('',#969,#981,#165,.T.);
#1206=EDGE_CURVE('',#982,#983,#166,.T.);
#1207=EDGE_CURVE('',#984,#982,#167,.T.);
#1208=EDGE_CURVE('',#985,#984,#168,.T.);
#1209=EDGE_CURVE('',#986,#985,#169,.T.);
#1210=EDGE_CURVE('',#975,#986,#170,.T.);
#1211=EDGE_CURVE('',#983,#975,#171,.T.);
#1212=EDGE_CURVE('',#987,#988,#172,.T.);
#1213=EDGE_CURVE('',#989,#987,#173,.T.);
#1214=EDGE_CURVE('',#990,#989,#174,.T.);
#1215=EDGE_CURVE('',#988,#990,#175,.T.);
#1216=EDGE_CURVE('',#989,#991,#176,.T.);
#1217=EDGE_CURVE('',#991,#992,#177,.T.);
#1218=EDGE_CURVE('',#992,#993,#178,.T.);
#1219=EDGE_CURVE('',#993,#994,#179,.T.);
#1220=EDGE_CURVE('',#994,#995,#180,.T.);
#1221=EDGE_CURVE('',#995,#996,#181,.T.);
#1222=EDGE_CURVE('',#996,#997,#182,.T.);
#1223=EDGE_CURVE('',#997,#998,#183,.T.);
#1224=EDGE_CURVE('',#999,#998,#184,.T.);
#1225=EDGE_CURVE('',#999,#1000,#185,.T.);
#1226=EDGE_CURVE('',#1000,#1001,#186,.T.);
#1227=EDGE_CURVE('',#1001,#1002,#187,.T.);
#1228=EDGE_CURVE('',#1003,#1002,#188,.T.);
#1229=EDGE_CURVE('',#1003,#1004,#189,.T.);
#1230=EDGE_CURVE('',#1004,#908,#190,.T.);
#1231=EDGE_CURVE('',#1005,#907,#191,.T.);
#1232=EDGE_CURVE('',#1005,#1006,#192,.T.);
#1233=EDGE_CURVE('',#1006,#1007,#193,.T.);
#1234=EDGE_CURVE('',#1007,#1008,#194,.T.);
#1235=EDGE_CURVE('',#1008,#1009,#195,.T.);
#1236=EDGE_CURVE('',#1009,#1010,#196,.T.);
#1237=EDGE_CURVE('',#1010,#1011,#197,.T.);
#1238=EDGE_CURVE('',#1011,#990,#198,.T.);
#1239=EDGE_CURVE('',#1012,#987,#199,.T.);
#1240=EDGE_CURVE('',#991,#1012,#200,.T.);
#1241=EDGE_CURVE('',#1013,#987,#201,.T.);
#1242=EDGE_CURVE('',#1014,#1013,#202,.T.);
#1243=EDGE_CURVE('',#1014,#1012,#203,.T.);
#1244=EDGE_CURVE('',#1015,#988,#204,.T.);
#1245=EDGE_CURVE('',#1013,#1015,#205,.T.);
#1246=EDGE_CURVE('',#1016,#1014,#206,.T.);
#1247=EDGE_CURVE('',#1016,#1017,#207,.T.);
#1248=EDGE_CURVE('',#992,#1017,#208,.T.);
#1249=EDGE_CURVE('',#1018,#1015,#209,.T.);
#1250=EDGE_CURVE('',#1018,#1019,#210,.T.);
#1251=EDGE_CURVE('',#1019,#1013,#211,.T.);
#1252=EDGE_CURVE('',#1020,#1021,#212,.T.);
#1253=EDGE_CURVE('',#1008,#1020,#213,.T.);
#1254=EDGE_CURVE('',#1021,#1007,#214,.T.);
#1255=EDGE_CURVE('',#1022,#1020,#215,.T.);
#1256=EDGE_CURVE('',#1009,#1022,#216,.T.);
#1257=EDGE_CURVE('',#1023,#1020,#217,.T.);
#1258=EDGE_CURVE('',#1024,#1023,#218,.T.);
#1259=EDGE_CURVE('',#1024,#1022,#219,.T.);
#1260=EDGE_CURVE('',#1025,#1026,#220,.T.);
#1261=EDGE_CURVE('',#995,#1025,#221,.T.);
#1262=EDGE_CURVE('',#1026,#994,#222,.T.);
#1263=EDGE_CURVE('',#1027,#1025,#223,.T.);
#1264=EDGE_CURVE('',#996,#1027,#224,.T.);
#1265=EDGE_CURVE('',#1028,#1025,#225,.T.);
#1266=EDGE_CURVE('',#1029,#1028,#226,.T.);
#1267=EDGE_CURVE('',#1029,#1027,#227,.T.);
#1268=EDGE_CURVE('',#1030,#1021,#228,.T.);
#1269=EDGE_CURVE('',#1023,#1030,#229,.T.);
#1270=EDGE_CURVE('',#1031,#1026,#230,.T.);
#1271=EDGE_CURVE('',#1028,#1031,#231,.T.);
#1272=EDGE_CURVE('',#978,#1024,#232,.T.);
#1273=EDGE_CURVE('',#1010,#977,#233,.T.);
#1274=EDGE_CURVE('',#979,#1023,#234,.T.);
#1275=EDGE_CURVE('',#980,#1030,#235,.T.);
#1276=EDGE_CURVE('',#981,#1006,#236,.T.);
#1277=EDGE_CURVE('',#982,#1029,#237,.T.);
#1278=EDGE_CURVE('',#997,#983,#238,.T.);
#1279=EDGE_CURVE('',#984,#1028,#239,.T.);
#1280=EDGE_CURVE('',#986,#993,#240,.T.);
#1281=EDGE_CURVE('',#985,#1031,#241,.T.);
#1282=EDGE_CURVE('',#1019,#1016,#242,.T.);
#1283=EDGE_CURVE('',#1032,#1011,#243,.T.);
#1284=EDGE_CURVE('',#1032,#1018,#244,.T.);
#1285=EDGE_CURVE('',#1017,#1032,#245,.T.);
#1286=EDGE_CURVE('',#1033,#1033,#886,.T.);
#1287=EDGE_CURVE('',#1034,#1034,#887,.T.);
#1288=EDGE_CURVE('',#1035,#1035,#888,.T.);
#1289=EDGE_CURVE('',#1036,#1036,#889,.T.);
#1290=EDGE_CURVE('',#1037,#1038,#246,.T.);
#1291=EDGE_CURVE('',#1002,#1037,#247,.T.);
#1292=EDGE_CURVE('',#1001,#1038,#248,.T.);
#1293=EDGE_CURVE('',#1038,#1039,#249,.T.);
#1294=EDGE_CURVE('',#1000,#1039,#250,.T.);
#1295=EDGE_CURVE('',#1039,#1040,#251,.T.);
#1296=EDGE_CURVE('',#1040,#999,#252,.T.);
#1297=EDGE_CURVE('',#1037,#904,#253,.T.);
#1298=EDGE_CURVE('',#903,#1041,#254,.T.);
#1299=EDGE_CURVE('',#1041,#1003,#255,.T.);
#1300=EDGE_CURVE('',#1042,#1040,#256,.T.);
#1301=EDGE_CURVE('',#1043,#1042,#257,.T.);
#1302=EDGE_CURVE('',#1044,#1043,#258,.T.);
#1303=EDGE_CURVE('',#1044,#1045,#259,.T.);
#1304=EDGE_CURVE('',#1045,#905,#260,.T.);
#1305=EDGE_CURVE('',#896,#1046,#261,.T.);
#1306=EDGE_CURVE('',#1046,#1041,#262,.T.);
#1307=EDGE_CURVE('',#900,#1047,#263,.T.);
#1308=EDGE_CURVE('',#1047,#1046,#890,.T.);
#1309=EDGE_CURVE('',#1004,#1047,#264,.T.);
#1310=EDGE_CURVE('',#910,#1048,#265,.T.);
#1311=EDGE_CURVE('',#906,#1048,#266,.T.);
#1312=EDGE_CURVE('',#1045,#909,#267,.T.);
#1313=EDGE_CURVE('',#1048,#1044,#268,.T.);
#1314=EDGE_CURVE('',#998,#1042,#269,.T.);
#1315=EDGE_CURVE('',#1043,#1005,#270,.T.);
#1316=ORIENTED_EDGE('',*,*,#1049,.T.);
#1317=ORIENTED_EDGE('',*,*,#1049,.F.);
#1318=ORIENTED_EDGE('',*,*,#1050,.F.);
#1319=ORIENTED_EDGE('',*,*,#1051,.F.);
#1320=ORIENTED_EDGE('',*,*,#1052,.F.);
#1321=ORIENTED_EDGE('',*,*,#1051,.T.);
#1322=ORIENTED_EDGE('',*,*,#1050,.T.);
#1323=ORIENTED_EDGE('',*,*,#1053,.F.);
#1324=ORIENTED_EDGE('',*,*,#1054,.F.);
#1325=ORIENTED_EDGE('',*,*,#1055,.T.);
#1326=ORIENTED_EDGE('',*,*,#1056,.T.);
#1327=ORIENTED_EDGE('',*,*,#1057,.T.);
#1328=ORIENTED_EDGE('',*,*,#1058,.T.);
#1329=ORIENTED_EDGE('',*,*,#1059,.F.);
#1330=ORIENTED_EDGE('',*,*,#1060,.F.);
#1331=ORIENTED_EDGE('',*,*,#1056,.F.);
#1332=ORIENTED_EDGE('',*,*,#1061,.F.);
#1333=ORIENTED_EDGE('',*,*,#1058,.F.);
#1334=ORIENTED_EDGE('',*,*,#1062,.F.);
#1335=ORIENTED_EDGE('',*,*,#1052,.T.);
#1336=ORIENTED_EDGE('',*,*,#1054,.T.);
#1337=ORIENTED_EDGE('',*,*,#1063,.T.);
#1338=ORIENTED_EDGE('',*,*,#1064,.F.);
#1339=ORIENTED_EDGE('',*,*,#1065,.T.);
#1340=ORIENTED_EDGE('',*,*,#1066,.T.);
#1341=ORIENTED_EDGE('',*,*,#1060,.T.);
#1342=ORIENTED_EDGE('',*,*,#1067,.T.);
#1343=ORIENTED_EDGE('',*,*,#1068,.F.);
#1344=ORIENTED_EDGE('',*,*,#1069,.T.);
#1345=ORIENTED_EDGE('',*,*,#1070,.T.);
#1346=ORIENTED_EDGE('',*,*,#1061,.T.);
#1347=ORIENTED_EDGE('',*,*,#1071,.T.);
#1348=ORIENTED_EDGE('',*,*,#1072,.T.);
#1349=ORIENTED_EDGE('',*,*,#1073,.F.);
#1350=ORIENTED_EDGE('',*,*,#1074,.T.);
#1351=ORIENTED_EDGE('',*,*,#1075,.F.);
#1352=ORIENTED_EDGE('',*,*,#1076,.T.);
#1353=ORIENTED_EDGE('',*,*,#1077,.T.);
#1354=ORIENTED_EDGE('',*,*,#1078,.T.);
#1355=ORIENTED_EDGE('',*,*,#1079,.F.);
#1356=ORIENTED_EDGE('',*,*,#1080,.T.);
#1357=ORIENTED_EDGE('',*,*,#1075,.T.);
#1358=ORIENTED_EDGE('',*,*,#1081,.T.);
#1359=ORIENTED_EDGE('',*,*,#1082,.F.);
#1360=ORIENTED_EDGE('',*,*,#1083,.T.);
#1361=ORIENTED_EDGE('',*,*,#1079,.T.);
#1362=ORIENTED_EDGE('',*,*,#1084,.T.);
#1363=ORIENTED_EDGE('',*,*,#1077,.F.);
#1364=ORIENTED_EDGE('',*,*,#1085,.T.);
#1365=ORIENTED_EDGE('',*,*,#1082,.T.);
#1366=ORIENTED_EDGE('',*,*,#1081,.F.);
#1367=ORIENTED_EDGE('',*,*,#1078,.F.);
#1368=ORIENTED_EDGE('',*,*,#1074,.F.);
#1369=ORIENTED_EDGE('',*,*,#1084,.F.);
#1370=ORIENTED_EDGE('',*,*,#1086,.F.);
#1371=ORIENTED_EDGE('',*,*,#1087,.T.);
#1372=ORIENTED_EDGE('',*,*,#1083,.F.);
#1373=ORIENTED_EDGE('',*,*,#1088,.F.);
#1374=ORIENTED_EDGE('',*,*,#1085,.F.);
#1375=ORIENTED_EDGE('',*,*,#1089,.F.);
#1376=ORIENTED_EDGE('',*,*,#1090,.F.);
#1377=ORIENTED_EDGE('',*,*,#1089,.T.);
#1378=ORIENTED_EDGE('',*,*,#1076,.F.);
#1379=ORIENTED_EDGE('',*,*,#1091,.F.);
#1380=ORIENTED_EDGE('',*,*,#1092,.F.);
#1381=ORIENTED_EDGE('',*,*,#1091,.T.);
#1382=ORIENTED_EDGE('',*,*,#1080,.F.);
#1383=ORIENTED_EDGE('',*,*,#1087,.F.);
#1384=ORIENTED_EDGE('',*,*,#1088,.T.);
#1385=ORIENTED_EDGE('',*,*,#1093,.F.);
#1386=ORIENTED_EDGE('',*,*,#1094,.T.);
#1387=ORIENTED_EDGE('',*,*,#1095,.T.);
#1388=ORIENTED_EDGE('',*,*,#1090,.T.);
#1389=ORIENTED_EDGE('',*,*,#1096,.F.);
#1390=ORIENTED_EDGE('',*,*,#1097,.T.);
#1391=ORIENTED_EDGE('',*,*,#1093,.T.);
#1392=ORIENTED_EDGE('',*,*,#1092,.T.);
#1393=ORIENTED_EDGE('',*,*,#1098,.F.);
#1394=ORIENTED_EDGE('',*,*,#1099,.T.);
#1395=ORIENTED_EDGE('',*,*,#1096,.T.);
#1396=ORIENTED_EDGE('',*,*,#1086,.T.);
#1397=ORIENTED_EDGE('',*,*,#1095,.F.);
#1398=ORIENTED_EDGE('',*,*,#1100,.T.);
#1399=ORIENTED_EDGE('',*,*,#1098,.T.);
#1400=ORIENTED_EDGE('',*,*,#1101,.T.);
#1401=ORIENTED_EDGE('',*,*,#1099,.F.);
#1402=ORIENTED_EDGE('',*,*,#1102,.F.);
#1403=ORIENTED_EDGE('',*,*,#1103,.T.);
#1404=ORIENTED_EDGE('',*,*,#1102,.T.);
#1405=ORIENTED_EDGE('',*,*,#1100,.F.);
#1406=ORIENTED_EDGE('',*,*,#1104,.F.);
#1407=ORIENTED_EDGE('',*,*,#1105,.T.);
#1408=ORIENTED_EDGE('',*,*,#1104,.T.);
#1409=ORIENTED_EDGE('',*,*,#1094,.F.);
#1410=ORIENTED_EDGE('',*,*,#1106,.F.);
#1411=ORIENTED_EDGE('',*,*,#1107,.T.);
#1412=ORIENTED_EDGE('',*,*,#1106,.T.);
#1413=ORIENTED_EDGE('',*,*,#1097,.F.);
#1414=ORIENTED_EDGE('',*,*,#1108,.T.);
#1415=ORIENTED_EDGE('',*,*,#1109,.F.);
#1416=ORIENTED_EDGE('',*,*,#1110,.T.);
#1417=ORIENTED_EDGE('',*,*,#1111,.T.);
#1418=ORIENTED_EDGE('',*,*,#1112,.T.);
#1419=ORIENTED_EDGE('',*,*,#1113,.F.);
#1420=ORIENTED_EDGE('',*,*,#1114,.T.);
#1421=ORIENTED_EDGE('',*,*,#1109,.T.);
#1422=ORIENTED_EDGE('',*,*,#1115,.T.);
#1423=ORIENTED_EDGE('',*,*,#1116,.F.);
#1424=ORIENTED_EDGE('',*,*,#1117,.T.);
#1425=ORIENTED_EDGE('',*,*,#1113,.T.);
#1426=ORIENTED_EDGE('',*,*,#1118,.T.);
#1427=ORIENTED_EDGE('',*,*,#1111,.F.);
#1428=ORIENTED_EDGE('',*,*,#1119,.T.);
#1429=ORIENTED_EDGE('',*,*,#1116,.T.);
#1430=ORIENTED_EDGE('',*,*,#1115,.F.);
#1431=ORIENTED_EDGE('',*,*,#1112,.F.);
#1432=ORIENTED_EDGE('',*,*,#1108,.F.);
#1433=ORIENTED_EDGE('',*,*,#1118,.F.);
#1434=ORIENTED_EDGE('',*,*,#1120,.F.);
#1435=ORIENTED_EDGE('',*,*,#1121,.T.);
#1436=ORIENTED_EDGE('',*,*,#1117,.F.);
#1437=ORIENTED_EDGE('',*,*,#1122,.F.);
#1438=ORIENTED_EDGE('',*,*,#1123,.F.);
#1439=ORIENTED_EDGE('',*,*,#1122,.T.);
#1440=ORIENTED_EDGE('',*,*,#1119,.F.);
#1441=ORIENTED_EDGE('',*,*,#1124,.F.);
#1442=ORIENTED_EDGE('',*,*,#1125,.F.);
#1443=ORIENTED_EDGE('',*,*,#1124,.T.);
#1444=ORIENTED_EDGE('',*,*,#1110,.F.);
#1445=ORIENTED_EDGE('',*,*,#1126,.F.);
#1446=ORIENTED_EDGE('',*,*,#1114,.F.);
#1447=ORIENTED_EDGE('',*,*,#1121,.F.);
#1448=ORIENTED_EDGE('',*,*,#1123,.T.);
#1449=ORIENTED_EDGE('',*,*,#1127,.F.);
#1450=ORIENTED_EDGE('',*,*,#1128,.T.);
#1451=ORIENTED_EDGE('',*,*,#1129,.T.);
#1452=ORIENTED_EDGE('',*,*,#1125,.T.);
#1453=ORIENTED_EDGE('',*,*,#1130,.F.);
#1454=ORIENTED_EDGE('',*,*,#1131,.T.);
#1455=ORIENTED_EDGE('',*,*,#1127,.T.);
#1456=ORIENTED_EDGE('',*,*,#1126,.T.);
#1457=ORIENTED_EDGE('',*,*,#1132,.F.);
#1458=ORIENTED_EDGE('',*,*,#1133,.T.);
#1459=ORIENTED_EDGE('',*,*,#1130,.T.);
#1460=ORIENTED_EDGE('',*,*,#1120,.T.);
#1461=ORIENTED_EDGE('',*,*,#1129,.F.);
#1462=ORIENTED_EDGE('',*,*,#1134,.T.);
#1463=ORIENTED_EDGE('',*,*,#1132,.T.);
#1464=ORIENTED_EDGE('',*,*,#1135,.T.);
#1465=ORIENTED_EDGE('',*,*,#1136,.T.);
#1466=ORIENTED_EDGE('',*,*,#1133,.F.);
#1467=ORIENTED_EDGE('',*,*,#1137,.F.);
#1468=ORIENTED_EDGE('',*,*,#1138,.T.);
#1469=ORIENTED_EDGE('',*,*,#1137,.T.);
#1470=ORIENTED_EDGE('',*,*,#1134,.F.);
#1471=ORIENTED_EDGE('',*,*,#1139,.T.);
#1472=ORIENTED_EDGE('',*,*,#1128,.F.);
#1473=ORIENTED_EDGE('',*,*,#1140,.F.);
#1474=ORIENTED_EDGE('',*,*,#1141,.T.);
#1475=ORIENTED_EDGE('',*,*,#1140,.T.);
#1476=ORIENTED_EDGE('',*,*,#1131,.F.);
#1477=ORIENTED_EDGE('',*,*,#1136,.F.);
#1478=ORIENTED_EDGE('',*,*,#1142,.T.);
#1479=ORIENTED_EDGE('',*,*,#1143,.F.);
#1480=ORIENTED_EDGE('',*,*,#1144,.T.);
#1481=ORIENTED_EDGE('',*,*,#1145,.T.);
#1482=ORIENTED_EDGE('',*,*,#1146,.T.);
#1483=ORIENTED_EDGE('',*,*,#1147,.F.);
#1484=ORIENTED_EDGE('',*,*,#1148,.T.);
#1485=ORIENTED_EDGE('',*,*,#1143,.T.);
#1486=ORIENTED_EDGE('',*,*,#1149,.T.);
#1487=ORIENTED_EDGE('',*,*,#1150,.F.);
#1488=ORIENTED_EDGE('',*,*,#1151,.T.);
#1489=ORIENTED_EDGE('',*,*,#1147,.T.);
#1490=ORIENTED_EDGE('',*,*,#1152,.T.);
#1491=ORIENTED_EDGE('',*,*,#1145,.F.);
#1492=ORIENTED_EDGE('',*,*,#1153,.T.);
#1493=ORIENTED_EDGE('',*,*,#1150,.T.);
#1494=ORIENTED_EDGE('',*,*,#1149,.F.);
#1495=ORIENTED_EDGE('',*,*,#1146,.F.);
#1496=ORIENTED_EDGE('',*,*,#1142,.F.);
#1497=ORIENTED_EDGE('',*,*,#1152,.F.);
#1498=ORIENTED_EDGE('',*,*,#1154,.F.);
#1499=ORIENTED_EDGE('',*,*,#1155,.T.);
#1500=ORIENTED_EDGE('',*,*,#1151,.F.);
#1501=ORIENTED_EDGE('',*,*,#1156,.F.);
#1502=ORIENTED_EDGE('',*,*,#1157,.F.);
#1503=ORIENTED_EDGE('',*,*,#1156,.T.);
#1504=ORIENTED_EDGE('',*,*,#1153,.F.);
#1505=ORIENTED_EDGE('',*,*,#1158,.F.);
#1506=ORIENTED_EDGE('',*,*,#1159,.F.);
#1507=ORIENTED_EDGE('',*,*,#1158,.T.);
#1508=ORIENTED_EDGE('',*,*,#1144,.F.);
#1509=ORIENTED_EDGE('',*,*,#1160,.F.);
#1510=ORIENTED_EDGE('',*,*,#1148,.F.);
#1511=ORIENTED_EDGE('',*,*,#1155,.F.);
#1512=ORIENTED_EDGE('',*,*,#1157,.T.);
#1513=ORIENTED_EDGE('',*,*,#1161,.F.);
#1514=ORIENTED_EDGE('',*,*,#1162,.T.);
#1515=ORIENTED_EDGE('',*,*,#1163,.T.);
#1516=ORIENTED_EDGE('',*,*,#1159,.T.);
#1517=ORIENTED_EDGE('',*,*,#1164,.F.);
#1518=ORIENTED_EDGE('',*,*,#1165,.T.);
#1519=ORIENTED_EDGE('',*,*,#1161,.T.);
#1520=ORIENTED_EDGE('',*,*,#1160,.T.);
#1521=ORIENTED_EDGE('',*,*,#1166,.F.);
#1522=ORIENTED_EDGE('',*,*,#1167,.T.);
#1523=ORIENTED_EDGE('',*,*,#1164,.T.);
#1524=ORIENTED_EDGE('',*,*,#1154,.T.);
#1525=ORIENTED_EDGE('',*,*,#1163,.F.);
#1526=ORIENTED_EDGE('',*,*,#1168,.T.);
#1527=ORIENTED_EDGE('',*,*,#1166,.T.);
#1528=ORIENTED_EDGE('',*,*,#1169,.T.);
#1529=ORIENTED_EDGE('',*,*,#1170,.T.);
#1530=ORIENTED_EDGE('',*,*,#1167,.F.);
#1531=ORIENTED_EDGE('',*,*,#1171,.F.);
#1532=ORIENTED_EDGE('',*,*,#1172,.T.);
#1533=ORIENTED_EDGE('',*,*,#1171,.T.);
#1534=ORIENTED_EDGE('',*,*,#1168,.F.);
#1535=ORIENTED_EDGE('',*,*,#1173,.T.);
#1536=ORIENTED_EDGE('',*,*,#1162,.F.);
#1537=ORIENTED_EDGE('',*,*,#1174,.F.);
#1538=ORIENTED_EDGE('',*,*,#1175,.T.);
#1539=ORIENTED_EDGE('',*,*,#1174,.T.);
#1540=ORIENTED_EDGE('',*,*,#1165,.F.);
#1541=ORIENTED_EDGE('',*,*,#1170,.F.);
#1542=ORIENTED_EDGE('',*,*,#1176,.F.);
#1543=ORIENTED_EDGE('',*,*,#1177,.T.);
#1544=ORIENTED_EDGE('',*,*,#1101,.F.);
#1545=ORIENTED_EDGE('',*,*,#1178,.F.);
#1546=ORIENTED_EDGE('',*,*,#1179,.F.);
#1547=ORIENTED_EDGE('',*,*,#1178,.T.);
#1548=ORIENTED_EDGE('',*,*,#1103,.F.);
#1549=ORIENTED_EDGE('',*,*,#1180,.F.);
#1550=ORIENTED_EDGE('',*,*,#1181,.F.);
#1551=ORIENTED_EDGE('',*,*,#1180,.T.);
#1552=ORIENTED_EDGE('',*,*,#1105,.F.);
#1553=ORIENTED_EDGE('',*,*,#1182,.F.);
#1554=ORIENTED_EDGE('',*,*,#1183,.F.);
#1555=ORIENTED_EDGE('',*,*,#1182,.T.);
#1556=ORIENTED_EDGE('',*,*,#1107,.F.);
#1557=ORIENTED_EDGE('',*,*,#1177,.F.);
#1558=ORIENTED_EDGE('',*,*,#1184,.F.);
#1559=ORIENTED_EDGE('',*,*,#1185,.T.);
#1560=ORIENTED_EDGE('',*,*,#1169,.F.);
#1561=ORIENTED_EDGE('',*,*,#1186,.F.);
#1562=ORIENTED_EDGE('',*,*,#1187,.F.);
#1563=ORIENTED_EDGE('',*,*,#1186,.T.);
#1564=ORIENTED_EDGE('',*,*,#1172,.F.);
#1565=ORIENTED_EDGE('',*,*,#1188,.F.);
#1566=ORIENTED_EDGE('',*,*,#1189,.F.);
#1567=ORIENTED_EDGE('',*,*,#1188,.T.);
#1568=ORIENTED_EDGE('',*,*,#1173,.F.);
#1569=ORIENTED_EDGE('',*,*,#1190,.F.);
#1570=ORIENTED_EDGE('',*,*,#1191,.F.);
#1571=ORIENTED_EDGE('',*,*,#1190,.T.);
#1572=ORIENTED_EDGE('',*,*,#1175,.F.);
#1573=ORIENTED_EDGE('',*,*,#1185,.F.);
#1574=ORIENTED_EDGE('',*,*,#1192,.F.);
#1575=ORIENTED_EDGE('',*,*,#1193,.T.);
#1576=ORIENTED_EDGE('',*,*,#1139,.F.);
#1577=ORIENTED_EDGE('',*,*,#1194,.F.);
#1578=ORIENTED_EDGE('',*,*,#1195,.F.);
#1579=ORIENTED_EDGE('',*,*,#1194,.T.);
#1580=ORIENTED_EDGE('',*,*,#1141,.F.);
#1581=ORIENTED_EDGE('',*,*,#1196,.F.);
#1582=ORIENTED_EDGE('',*,*,#1197,.F.);
#1583=ORIENTED_EDGE('',*,*,#1196,.T.);
#1584=ORIENTED_EDGE('',*,*,#1135,.F.);
#1585=ORIENTED_EDGE('',*,*,#1198,.F.);
#1586=ORIENTED_EDGE('',*,*,#1199,.F.);
#1587=ORIENTED_EDGE('',*,*,#1198,.T.);
#1588=ORIENTED_EDGE('',*,*,#1138,.F.);
#1589=ORIENTED_EDGE('',*,*,#1193,.F.);
#1590=ORIENTED_EDGE('',*,*,#1200,.F.);
#1591=ORIENTED_EDGE('',*,*,#1201,.F.);
#1592=ORIENTED_EDGE('',*,*,#1202,.F.);
#1593=ORIENTED_EDGE('',*,*,#1203,.F.);
#1594=ORIENTED_EDGE('',*,*,#1204,.F.);
#1595=ORIENTED_EDGE('',*,*,#1205,.F.);
#1596=ORIENTED_EDGE('',*,*,#1184,.T.);
#1597=ORIENTED_EDGE('',*,*,#1187,.T.);
#1598=ORIENTED_EDGE('',*,*,#1189,.T.);
#1599=ORIENTED_EDGE('',*,*,#1191,.T.);
#1600=ORIENTED_EDGE('',*,*,#1206,.F.);
#1601=ORIENTED_EDGE('',*,*,#1207,.F.);
#1602=ORIENTED_EDGE('',*,*,#1208,.F.);
#1603=ORIENTED_EDGE('',*,*,#1209,.F.);
#1604=ORIENTED_EDGE('',*,*,#1210,.F.);
#1605=ORIENTED_EDGE('',*,*,#1197,.T.);
#1606=ORIENTED_EDGE('',*,*,#1199,.T.);
#1607=ORIENTED_EDGE('',*,*,#1192,.T.);
#1608=ORIENTED_EDGE('',*,*,#1195,.T.);
#1609=ORIENTED_EDGE('',*,*,#1211,.F.);
#1610=ORIENTED_EDGE('',*,*,#1212,.F.);
#1611=ORIENTED_EDGE('',*,*,#1213,.F.);
#1612=ORIENTED_EDGE('',*,*,#1214,.F.);
#1613=ORIENTED_EDGE('',*,*,#1215,.F.);
#1614=ORIENTED_EDGE('',*,*,#1214,.T.);
#1615=ORIENTED_EDGE('',*,*,#1216,.T.);
#1616=ORIENTED_EDGE('',*,*,#1217,.T.);
#1617=ORIENTED_EDGE('',*,*,#1218,.T.);
#1618=ORIENTED_EDGE('',*,*,#1219,.T.);
#1619=ORIENTED_EDGE('',*,*,#1220,.T.);
#1620=ORIENTED_EDGE('',*,*,#1221,.T.);
#1621=ORIENTED_EDGE('',*,*,#1222,.T.);
#1622=ORIENTED_EDGE('',*,*,#1223,.T.);
#1623=ORIENTED_EDGE('',*,*,#1224,.F.);
#1624=ORIENTED_EDGE('',*,*,#1225,.T.);
#1625=ORIENTED_EDGE('',*,*,#1226,.T.);
#1626=ORIENTED_EDGE('',*,*,#1227,.T.);
#1627=ORIENTED_EDGE('',*,*,#1228,.F.);
#1628=ORIENTED_EDGE('',*,*,#1229,.T.);
#1629=ORIENTED_EDGE('',*,*,#1230,.T.);
#1630=ORIENTED_EDGE('',*,*,#1069,.F.);
#1631=ORIENTED_EDGE('',*,*,#1231,.F.);
#1632=ORIENTED_EDGE('',*,*,#1232,.T.);
#1633=ORIENTED_EDGE('',*,*,#1233,.T.);
#1634=ORIENTED_EDGE('',*,*,#1234,.T.);
#1635=ORIENTED_EDGE('',*,*,#1235,.T.);
#1636=ORIENTED_EDGE('',*,*,#1236,.T.);
#1637=ORIENTED_EDGE('',*,*,#1237,.T.);
#1638=ORIENTED_EDGE('',*,*,#1238,.T.);
#1639=ORIENTED_EDGE('',*,*,#1239,.F.);
#1640=ORIENTED_EDGE('',*,*,#1240,.F.);
#1641=ORIENTED_EDGE('',*,*,#1216,.F.);
#1642=ORIENTED_EDGE('',*,*,#1213,.T.);
#1643=ORIENTED_EDGE('',*,*,#1241,.F.);
#1644=ORIENTED_EDGE('',*,*,#1242,.F.);
#1645=ORIENTED_EDGE('',*,*,#1243,.T.);
#1646=ORIENTED_EDGE('',*,*,#1239,.T.);
#1647=ORIENTED_EDGE('',*,*,#1244,.F.);
#1648=ORIENTED_EDGE('',*,*,#1245,.F.);
#1649=ORIENTED_EDGE('',*,*,#1241,.T.);
#1650=ORIENTED_EDGE('',*,*,#1212,.T.);
#1651=ORIENTED_EDGE('',*,*,#1246,.F.);
#1652=ORIENTED_EDGE('',*,*,#1247,.T.);
#1653=ORIENTED_EDGE('',*,*,#1248,.F.);
#1654=ORIENTED_EDGE('',*,*,#1217,.F.);
#1655=ORIENTED_EDGE('',*,*,#1240,.T.);
#1656=ORIENTED_EDGE('',*,*,#1243,.F.);
#1657=ORIENTED_EDGE('',*,*,#1245,.T.);
#1658=ORIENTED_EDGE('',*,*,#1249,.F.);
#1659=ORIENTED_EDGE('',*,*,#1250,.T.);
#1660=ORIENTED_EDGE('',*,*,#1251,.T.);
#1661=ORIENTED_EDGE('',*,*,#1252,.F.);
#1662=ORIENTED_EDGE('',*,*,#1253,.F.);
#1663=ORIENTED_EDGE('',*,*,#1234,.F.);
#1664=ORIENTED_EDGE('',*,*,#1254,.F.);
#1665=ORIENTED_EDGE('',*,*,#1255,.F.);
#1666=ORIENTED_EDGE('',*,*,#1256,.F.);
#1667=ORIENTED_EDGE('',*,*,#1235,.F.);
#1668=ORIENTED_EDGE('',*,*,#1253,.T.);
#1669=ORIENTED_EDGE('',*,*,#1257,.F.);
#1670=ORIENTED_EDGE('',*,*,#1258,.F.);
#1671=ORIENTED_EDGE('',*,*,#1259,.T.);
#1672=ORIENTED_EDGE('',*,*,#1255,.T.);
#1673=ORIENTED_EDGE('',*,*,#1260,.F.);
#1674=ORIENTED_EDGE('',*,*,#1261,.F.);
#1675=ORIENTED_EDGE('',*,*,#1220,.F.);
#1676=ORIENTED_EDGE('',*,*,#1262,.F.);
#1677=ORIENTED_EDGE('',*,*,#1263,.F.);
#1678=ORIENTED_EDGE('',*,*,#1264,.F.);
#1679=ORIENTED_EDGE('',*,*,#1221,.F.);
#1680=ORIENTED_EDGE('',*,*,#1261,.T.);
#1681=ORIENTED_EDGE('',*,*,#1265,.F.);
#1682=ORIENTED_EDGE('',*,*,#1266,.F.);
#1683=ORIENTED_EDGE('',*,*,#1267,.T.);
#1684=ORIENTED_EDGE('',*,*,#1263,.T.);
#1685=ORIENTED_EDGE('',*,*,#1268,.F.);
#1686=ORIENTED_EDGE('',*,*,#1269,.F.);
#1687=ORIENTED_EDGE('',*,*,#1257,.T.);
#1688=ORIENTED_EDGE('',*,*,#1252,.T.);
#1689=ORIENTED_EDGE('',*,*,#1270,.F.);
#1690=ORIENTED_EDGE('',*,*,#1271,.F.);
#1691=ORIENTED_EDGE('',*,*,#1265,.T.);
#1692=ORIENTED_EDGE('',*,*,#1260,.T.);
#1693=ORIENTED_EDGE('',*,*,#1272,.F.);
#1694=ORIENTED_EDGE('',*,*,#1201,.T.);
#1695=ORIENTED_EDGE('',*,*,#1273,.F.);
#1696=ORIENTED_EDGE('',*,*,#1236,.F.);
#1697=ORIENTED_EDGE('',*,*,#1256,.T.);
#1698=ORIENTED_EDGE('',*,*,#1259,.F.);
#1699=ORIENTED_EDGE('',*,*,#1258,.T.);
#1700=ORIENTED_EDGE('',*,*,#1274,.F.);
#1701=ORIENTED_EDGE('',*,*,#1202,.T.);
#1702=ORIENTED_EDGE('',*,*,#1272,.T.);
#1703=ORIENTED_EDGE('',*,*,#1269,.T.);
#1704=ORIENTED_EDGE('',*,*,#1275,.F.);
#1705=ORIENTED_EDGE('',*,*,#1203,.T.);
#1706=ORIENTED_EDGE('',*,*,#1274,.T.);
#1707=ORIENTED_EDGE('',*,*,#1276,.F.);
#1708=ORIENTED_EDGE('',*,*,#1204,.T.);
#1709=ORIENTED_EDGE('',*,*,#1275,.T.);
#1710=ORIENTED_EDGE('',*,*,#1268,.T.);
#1711=ORIENTED_EDGE('',*,*,#1254,.T.);
#1712=ORIENTED_EDGE('',*,*,#1233,.F.);
#1713=ORIENTED_EDGE('',*,*,#1277,.F.);
#1714=ORIENTED_EDGE('',*,*,#1206,.T.);
#1715=ORIENTED_EDGE('',*,*,#1278,.F.);
#1716=ORIENTED_EDGE('',*,*,#1222,.F.);
#1717=ORIENTED_EDGE('',*,*,#1264,.T.);
#1718=ORIENTED_EDGE('',*,*,#1267,.F.);
#1719=ORIENTED_EDGE('',*,*,#1266,.T.);
#1720=ORIENTED_EDGE('',*,*,#1279,.F.);
#1721=ORIENTED_EDGE('',*,*,#1207,.T.);
#1722=ORIENTED_EDGE('',*,*,#1277,.T.);
#1723=ORIENTED_EDGE('',*,*,#1280,.F.);
#1724=ORIENTED_EDGE('',*,*,#1209,.T.);
#1725=ORIENTED_EDGE('',*,*,#1281,.T.);
#1726=ORIENTED_EDGE('',*,*,#1270,.T.);
#1727=ORIENTED_EDGE('',*,*,#1262,.T.);
#1728=ORIENTED_EDGE('',*,*,#1219,.F.);
#1729=ORIENTED_EDGE('',*,*,#1271,.T.);
#1730=ORIENTED_EDGE('',*,*,#1281,.F.);
#1731=ORIENTED_EDGE('',*,*,#1208,.T.);
#1732=ORIENTED_EDGE('',*,*,#1279,.T.);
#1733=ORIENTED_EDGE('',*,*,#1242,.T.);
#1734=ORIENTED_EDGE('',*,*,#1251,.F.);
#1735=ORIENTED_EDGE('',*,*,#1282,.T.);
#1736=ORIENTED_EDGE('',*,*,#1246,.T.);
#1737=ORIENTED_EDGE('',*,*,#1283,.F.);
#1738=ORIENTED_EDGE('',*,*,#1284,.T.);
#1739=ORIENTED_EDGE('',*,*,#1249,.T.);
#1740=ORIENTED_EDGE('',*,*,#1244,.T.);
#1741=ORIENTED_EDGE('',*,*,#1215,.T.);
#1742=ORIENTED_EDGE('',*,*,#1238,.F.);
#1743=ORIENTED_EDGE('',*,*,#1250,.F.);
#1744=ORIENTED_EDGE('',*,*,#1284,.F.);
#1745=ORIENTED_EDGE('',*,*,#1285,.F.);
#1746=ORIENTED_EDGE('',*,*,#1247,.F.);
#1747=ORIENTED_EDGE('',*,*,#1282,.F.);
#1748=ORIENTED_EDGE('',*,*,#1176,.T.);
#1749=ORIENTED_EDGE('',*,*,#1179,.T.);
#1750=ORIENTED_EDGE('',*,*,#1181,.T.);
#1751=ORIENTED_EDGE('',*,*,#1183,.T.);
#1752=ORIENTED_EDGE('',*,*,#1286,.F.);
#1753=ORIENTED_EDGE('',*,*,#1287,.F.);
#1754=ORIENTED_EDGE('',*,*,#1286,.T.);
#1755=ORIENTED_EDGE('',*,*,#1288,.F.);
#1756=ORIENTED_EDGE('',*,*,#1289,.F.);
#1757=ORIENTED_EDGE('',*,*,#1288,.T.);
#1758=ORIENTED_EDGE('',*,*,#1290,.F.);
#1759=ORIENTED_EDGE('',*,*,#1291,.F.);
#1760=ORIENTED_EDGE('',*,*,#1227,.F.);
#1761=ORIENTED_EDGE('',*,*,#1292,.T.);
#1762=ORIENTED_EDGE('',*,*,#1293,.F.);
#1763=ORIENTED_EDGE('',*,*,#1292,.F.);
#1764=ORIENTED_EDGE('',*,*,#1226,.F.);
#1765=ORIENTED_EDGE('',*,*,#1294,.T.);
#1766=ORIENTED_EDGE('',*,*,#1295,.F.);
#1767=ORIENTED_EDGE('',*,*,#1294,.F.);
#1768=ORIENTED_EDGE('',*,*,#1225,.F.);
#1769=ORIENTED_EDGE('',*,*,#1296,.F.);
#1770=ORIENTED_EDGE('',*,*,#1291,.T.);
#1771=ORIENTED_EDGE('',*,*,#1297,.T.);
#1772=ORIENTED_EDGE('',*,*,#1064,.T.);
#1773=ORIENTED_EDGE('',*,*,#1298,.T.);
#1774=ORIENTED_EDGE('',*,*,#1299,.T.);
#1775=ORIENTED_EDGE('',*,*,#1228,.T.);
#1776=ORIENTED_EDGE('',*,*,#1290,.T.);
#1777=ORIENTED_EDGE('',*,*,#1293,.T.);
#1778=ORIENTED_EDGE('',*,*,#1295,.T.);
#1779=ORIENTED_EDGE('',*,*,#1300,.F.);
#1780=ORIENTED_EDGE('',*,*,#1301,.F.);
#1781=ORIENTED_EDGE('',*,*,#1302,.F.);
#1782=ORIENTED_EDGE('',*,*,#1303,.T.);
#1783=ORIENTED_EDGE('',*,*,#1304,.T.);
#1784=ORIENTED_EDGE('',*,*,#1065,.F.);
#1785=ORIENTED_EDGE('',*,*,#1297,.F.);
#1786=ORIENTED_EDGE('',*,*,#1287,.T.);
#1787=ORIENTED_EDGE('',*,*,#1289,.T.);
#1788=ORIENTED_EDGE('',*,*,#1063,.F.);
#1789=ORIENTED_EDGE('',*,*,#1053,.T.);
#1790=ORIENTED_EDGE('',*,*,#1305,.T.);
#1791=ORIENTED_EDGE('',*,*,#1306,.T.);
#1792=ORIENTED_EDGE('',*,*,#1298,.F.);
#1793=ORIENTED_EDGE('',*,*,#1062,.T.);
#1794=ORIENTED_EDGE('',*,*,#1307,.T.);
#1795=ORIENTED_EDGE('',*,*,#1308,.T.);
#1796=ORIENTED_EDGE('',*,*,#1305,.F.);
#1797=ORIENTED_EDGE('',*,*,#1070,.F.);
#1798=ORIENTED_EDGE('',*,*,#1230,.F.);
#1799=ORIENTED_EDGE('',*,*,#1309,.T.);
#1800=ORIENTED_EDGE('',*,*,#1307,.F.);
#1801=ORIENTED_EDGE('',*,*,#1057,.F.);
#1802=ORIENTED_EDGE('',*,*,#1299,.F.);
#1803=ORIENTED_EDGE('',*,*,#1306,.F.);
#1804=ORIENTED_EDGE('',*,*,#1308,.F.);
#1805=ORIENTED_EDGE('',*,*,#1309,.F.);
#1806=ORIENTED_EDGE('',*,*,#1229,.F.);
#1807=ORIENTED_EDGE('',*,*,#1067,.F.);
#1808=ORIENTED_EDGE('',*,*,#1059,.T.);
#1809=ORIENTED_EDGE('',*,*,#1073,.T.);
#1810=ORIENTED_EDGE('',*,*,#1310,.T.);
#1811=ORIENTED_EDGE('',*,*,#1311,.F.);
#1812=ORIENTED_EDGE('',*,*,#1066,.F.);
#1813=ORIENTED_EDGE('',*,*,#1304,.F.);
#1814=ORIENTED_EDGE('',*,*,#1312,.T.);
#1815=ORIENTED_EDGE('',*,*,#1071,.F.);
#1816=ORIENTED_EDGE('',*,*,#1055,.F.);
#1817=ORIENTED_EDGE('',*,*,#1313,.F.);
#1818=ORIENTED_EDGE('',*,*,#1310,.F.);
#1819=ORIENTED_EDGE('',*,*,#1072,.F.);
#1820=ORIENTED_EDGE('',*,*,#1312,.F.);
#1821=ORIENTED_EDGE('',*,*,#1303,.F.);
#1822=ORIENTED_EDGE('',*,*,#1296,.T.);
#1823=ORIENTED_EDGE('',*,*,#1224,.T.);
#1824=ORIENTED_EDGE('',*,*,#1314,.T.);
#1825=ORIENTED_EDGE('',*,*,#1300,.T.);
#1826=ORIENTED_EDGE('',*,*,#1311,.T.);
#1827=ORIENTED_EDGE('',*,*,#1313,.T.);
#1828=ORIENTED_EDGE('',*,*,#1302,.T.);
#1829=ORIENTED_EDGE('',*,*,#1315,.T.);
#1830=ORIENTED_EDGE('',*,*,#1231,.T.);
#1831=ORIENTED_EDGE('',*,*,#1068,.T.);
#1832=ORIENTED_EDGE('',*,*,#1280,.T.);
#1833=ORIENTED_EDGE('',*,*,#1218,.F.);
#1834=ORIENTED_EDGE('',*,*,#1248,.T.);
#1835=ORIENTED_EDGE('',*,*,#1285,.T.);
#1836=ORIENTED_EDGE('',*,*,#1283,.T.);
#1837=ORIENTED_EDGE('',*,*,#1237,.F.);
#1838=ORIENTED_EDGE('',*,*,#1273,.T.);
#1839=ORIENTED_EDGE('',*,*,#1200,.T.);
#1840=ORIENTED_EDGE('',*,*,#1205,.T.);
#1841=ORIENTED_EDGE('',*,*,#1276,.T.);
#1842=ORIENTED_EDGE('',*,*,#1232,.F.);
#1843=ORIENTED_EDGE('',*,*,#1315,.F.);
#1844=ORIENTED_EDGE('',*,*,#1301,.T.);
#1845=ORIENTED_EDGE('',*,*,#1314,.F.);
#1846=ORIENTED_EDGE('',*,*,#1223,.F.);
#1847=ORIENTED_EDGE('',*,*,#1278,.T.);
#1848=ORIENTED_EDGE('',*,*,#1211,.T.);
#1849=ORIENTED_EDGE('',*,*,#1210,.T.);
#1850=SPHERICAL_SURFACE('',#2100,1.5);
#1851=STYLED_ITEM('',(#3365),#1972);
#1852=STYLED_ITEM('',(#3365),#1973);
#1853=STYLED_ITEM('',(#3365),#1974);
#1854=STYLED_ITEM('',(#3365),#1975);
#1855=STYLED_ITEM('',(#3366),#1976);
#1856=STYLED_ITEM('',(#3366),#1977);
#1857=STYLED_ITEM('',(#3366),#1978);
#1858=STYLED_ITEM('',(#3366),#1979);
#1859=STYLED_ITEM('',(#3366),#1980);
#1860=STYLED_ITEM('',(#3366),#1981);
#1861=STYLED_ITEM('',(#3367),#1982);
#1862=STYLED_ITEM('',(#3367),#1983);
#1863=STYLED_ITEM('',(#3367),#1984);
#1864=STYLED_ITEM('',(#3367),#1985);
#1865=STYLED_ITEM('',(#3367),#1986);
#1866=STYLED_ITEM('',(#3367),#1987);
#1867=STYLED_ITEM('',(#3367),#1988);
#1868=STYLED_ITEM('',(#3367),#1989);
#1869=STYLED_ITEM('',(#3367),#1990);
#1870=STYLED_ITEM('',(#3367),#1991);
#1871=STYLED_ITEM('',(#3367),#1992);
#1872=STYLED_ITEM('',(#3367),#1993);
#1873=STYLED_ITEM('',(#3367),#1994);
#1874=STYLED_ITEM('',(#3367),#1995);
#1875=STYLED_ITEM('',(#3367),#1996);
#1876=STYLED_ITEM('',(#3367),#1997);
#1877=STYLED_ITEM('',(#3367),#1998);
#1878=STYLED_ITEM('',(#3367),#1999);
#1879=STYLED_ITEM('',(#3367),#2000);
#1880=STYLED_ITEM('',(#3367),#2001);
#1881=STYLED_ITEM('',(#3367),#2002);
#1882=STYLED_ITEM('',(#3367),#2003);
#1883=STYLED_ITEM('',(#3367),#2004);
#1884=STYLED_ITEM('',(#3367),#2005);
#1885=STYLED_ITEM('',(#3367),#2006);
#1886=STYLED_ITEM('',(#3367),#2007);
#1887=STYLED_ITEM('',(#3367),#2008);
#1888=STYLED_ITEM('',(#3367),#2009);
#1889=STYLED_ITEM('',(#3367),#2010);
#1890=STYLED_ITEM('',(#3367),#2011);
#1891=STYLED_ITEM('',(#3367),#2012);
#1892=STYLED_ITEM('',(#3367),#2013);
#1893=STYLED_ITEM('',(#3367),#2014);
#1894=STYLED_ITEM('',(#3367),#2015);
#1895=STYLED_ITEM('',(#3367),#2016);
#1896=STYLED_ITEM('',(#3367),#2017);
#1897=STYLED_ITEM('',(#3367),#2018);
#1898=STYLED_ITEM('',(#3367),#2019);
#1899=STYLED_ITEM('',(#3367),#2020);
#1900=STYLED_ITEM('',(#3367),#2021);
#1901=STYLED_ITEM('',(#3367),#2022);
#1902=STYLED_ITEM('',(#3367),#2023);
#1903=STYLED_ITEM('',(#3367),#2024);
#1904=STYLED_ITEM('',(#3367),#2025);
#1905=STYLED_ITEM('',(#3367),#2026);
#1906=STYLED_ITEM('',(#3367),#2027);
#1907=STYLED_ITEM('',(#3367),#2028);
#1908=STYLED_ITEM('',(#3367),#2029);
#1909=STYLED_ITEM('',(#3367),#2030);
#1910=STYLED_ITEM('',(#3367),#2031);
#1911=STYLED_ITEM('',(#3367),#2032);
#1912=STYLED_ITEM('',(#3367),#2033);
#1913=STYLED_ITEM('',(#3367),#2034);
#1914=STYLED_ITEM('',(#3367),#2035);
#1915=STYLED_ITEM('',(#3367),#2036);
#1916=STYLED_ITEM('',(#3367),#2037);
#1917=STYLED_ITEM('',(#3367),#2038);
#1918=STYLED_ITEM('',(#3367),#2039);
#1919=STYLED_ITEM('',(#3367),#2040);
#1920=STYLED_ITEM('',(#3367),#2041);
#1921=STYLED_ITEM('',(#3367),#2042);
#1922=STYLED_ITEM('',(#3367),#2043);
#1923=STYLED_ITEM('',(#3367),#2044);
#1924=STYLED_ITEM('',(#3366),#2045);
#1925=STYLED_ITEM('',(#3366),#2046);
#1926=STYLED_ITEM('',(#3366),#2047);
#1927=STYLED_ITEM('',(#3366),#2048);
#1928=STYLED_ITEM('',(#3366),#2049);
#1929=STYLED_ITEM('',(#3366),#2050);
#1930=STYLED_ITEM('',(#3366),#2051);
#1931=STYLED_ITEM('',(#3366),#2052);
#1932=STYLED_ITEM('',(#3366),#2053);
#1933=STYLED_ITEM('',(#3366),#2054);
#1934=STYLED_ITEM('',(#3366),#2055);
#1935=STYLED_ITEM('',(#3366),#2056);
#1936=STYLED_ITEM('',(#3366),#2057);
#1937=STYLED_ITEM('',(#3366),#2058);
#1938=STYLED_ITEM('',(#3366),#2059);
#1939=STYLED_ITEM('',(#3366),#2060);
#1940=STYLED_ITEM('',(#3366),#2061);
#1941=STYLED_ITEM('',(#3366),#2062);
#1942=STYLED_ITEM('',(#3366),#2063);
#1943=STYLED_ITEM('',(#3366),#2064);
#1944=STYLED_ITEM('',(#3366),#2065);
#1945=STYLED_ITEM('',(#3366),#2066);
#1946=STYLED_ITEM('',(#3366),#2067);
#1947=STYLED_ITEM('',(#3366),#2068);
#1948=STYLED_ITEM('',(#3366),#2069);
#1949=STYLED_ITEM('',(#3366),#2070);
#1950=STYLED_ITEM('',(#3366),#2071);
#1951=STYLED_ITEM('',(#3366),#2072);
#1952=STYLED_ITEM('',(#3366),#2073);
#1953=STYLED_ITEM('',(#3366),#2074);
#1954=STYLED_ITEM('',(#3366),#2075);
#1955=STYLED_ITEM('',(#3366),#2076);
#1956=STYLED_ITEM('',(#3366),#2077);
#1957=STYLED_ITEM('',(#3366),#2078);
#1958=STYLED_ITEM('',(#3366),#2079);
#1959=STYLED_ITEM('',(#3366),#2080);
#1960=STYLED_ITEM('',(#3366),#2081);
#1961=STYLED_ITEM('',(#3366),#2082);
#1962=STYLED_ITEM('',(#3366),#2083);
#1963=STYLED_ITEM('',(#3366),#2084);
#1964=STYLED_ITEM('',(#3366),#2085);
#1965=STYLED_ITEM('',(#3366),#2086);
#1966=STYLED_ITEM('',(#3366),#2087);
#1967=STYLED_ITEM('',(#3366),#2088);
#1968=STYLED_ITEM('',(#3366),#2089);
#1969=STYLED_ITEM('',(#3366),#2090);
#1970=STYLED_ITEM('',(#3366),#2091);
#1971=STYLED_ITEM('',(#3364),#13);
#1972=ADVANCED_FACE('',(#718),#1850,.T.);
#1973=ADVANCED_FACE('',(#591,#719),#710,.T.);
#1974=ADVANCED_FACE('',(#592,#720),#711,.T.);
#1975=ADVANCED_FACE('',(#593,#721),#504,.T.);
#1976=ADVANCED_FACE('',(#594),#712,.F.);
#1977=ADVANCED_FACE('',(#595),#713,.F.);
#1978=ADVANCED_FACE('',(#596,#722),#505,.T.);
#1979=ADVANCED_FACE('',(#597),#506,.T.);
#1980=ADVANCED_FACE('',(#598),#507,.T.);
#1981=ADVANCED_FACE('',(#599),#714,.T.);
#1982=ADVANCED_FACE('',(#600),#508,.T.);
#1983=ADVANCED_FACE('',(#601),#509,.T.);
#1984=ADVANCED_FACE('',(#602),#510,.T.);
#1985=ADVANCED_FACE('',(#603),#511,.T.);
#1986=ADVANCED_FACE('',(#604),#512,.T.);
#1987=ADVANCED_FACE('',(#605),#14,.F.);
#1988=ADVANCED_FACE('',(#606),#15,.F.);
#1989=ADVANCED_FACE('',(#607),#16,.T.);
#1990=ADVANCED_FACE('',(#608),#17,.T.);
#1991=ADVANCED_FACE('',(#609),#513,.T.);
#1992=ADVANCED_FACE('',(#610),#514,.T.);
#1993=ADVANCED_FACE('',(#611),#515,.T.);
#1994=ADVANCED_FACE('',(#612),#516,.T.);
#1995=ADVANCED_FACE('',(#613),#18,.F.);
#1996=ADVANCED_FACE('',(#614),#19,.T.);
#1997=ADVANCED_FACE('',(#615),#20,.T.);
#1998=ADVANCED_FACE('',(#616),#21,.F.);
#1999=ADVANCED_FACE('',(#617),#517,.T.);
#2000=ADVANCED_FACE('',(#618),#518,.T.);
#2001=ADVANCED_FACE('',(#619),#519,.T.);
#2002=ADVANCED_FACE('',(#620),#520,.T.);
#2003=ADVANCED_FACE('',(#621),#521,.T.);
#2004=ADVANCED_FACE('',(#622),#22,.T.);
#2005=ADVANCED_FACE('',(#623),#23,.T.);
#2006=ADVANCED_FACE('',(#624),#24,.F.);
#2007=ADVANCED_FACE('',(#625),#25,.F.);
#2008=ADVANCED_FACE('',(#626),#522,.T.);
#2009=ADVANCED_FACE('',(#627),#523,.T.);
#2010=ADVANCED_FACE('',(#628),#524,.T.);
#2011=ADVANCED_FACE('',(#629),#525,.T.);
#2012=ADVANCED_FACE('',(#630),#26,.T.);
#2013=ADVANCED_FACE('',(#631),#27,.F.);
#2014=ADVANCED_FACE('',(#632),#28,.F.);
#2015=ADVANCED_FACE('',(#633),#29,.T.);
#2016=ADVANCED_FACE('',(#634),#526,.T.);
#2017=ADVANCED_FACE('',(#635),#527,.T.);
#2018=ADVANCED_FACE('',(#636),#528,.T.);
#2019=ADVANCED_FACE('',(#637),#529,.T.);
#2020=ADVANCED_FACE('',(#638),#530,.T.);
#2021=ADVANCED_FACE('',(#639),#30,.T.);
#2022=ADVANCED_FACE('',(#640),#31,.T.);
#2023=ADVANCED_FACE('',(#641),#32,.F.);
#2024=ADVANCED_FACE('',(#642),#33,.F.);
#2025=ADVANCED_FACE('',(#643),#531,.T.);
#2026=ADVANCED_FACE('',(#644),#532,.T.);
#2027=ADVANCED_FACE('',(#645),#533,.T.);
#2028=ADVANCED_FACE('',(#646),#534,.T.);
#2029=ADVANCED_FACE('',(#647),#34,.T.);
#2030=ADVANCED_FACE('',(#648),#35,.F.);
#2031=ADVANCED_FACE('',(#649),#36,.F.);
#2032=ADVANCED_FACE('',(#650),#37,.T.);
#2033=ADVANCED_FACE('',(#651),#535,.T.);
#2034=ADVANCED_FACE('',(#652),#536,.T.);
#2035=ADVANCED_FACE('',(#653),#537,.T.);
#2036=ADVANCED_FACE('',(#654),#538,.T.);
#2037=ADVANCED_FACE('',(#655),#539,.T.);
#2038=ADVANCED_FACE('',(#656),#540,.T.);
#2039=ADVANCED_FACE('',(#657),#541,.T.);
#2040=ADVANCED_FACE('',(#658),#542,.T.);
#2041=ADVANCED_FACE('',(#659),#543,.T.);
#2042=ADVANCED_FACE('',(#660),#544,.T.);
#2043=ADVANCED_FACE('',(#661),#545,.T.);
#2044=ADVANCED_FACE('',(#662),#546,.T.);
#2045=ADVANCED_FACE('',(#663),#547,.T.);
#2046=ADVANCED_FACE('',(#664),#548,.F.);
#2047=ADVANCED_FACE('',(#665),#549,.F.);
#2048=ADVANCED_FACE('',(#666),#550,.T.);
#2049=ADVANCED_FACE('',(#667),#551,.F.);
#2050=ADVANCED_FACE('',(#668),#552,.F.);
#2051=ADVANCED_FACE('',(#669),#553,.F.);
#2052=ADVANCED_FACE('',(#670),#554,.F.);
#2053=ADVANCED_FACE('',(#671),#555,.F.);
#2054=ADVANCED_FACE('',(#672),#556,.F.);
#2055=ADVANCED_FACE('',(#673),#557,.F.);
#2056=ADVANCED_FACE('',(#674),#558,.F.);
#2057=ADVANCED_FACE('',(#675),#559,.F.);
#2058=ADVANCED_FACE('',(#676),#560,.F.);
#2059=ADVANCED_FACE('',(#677),#561,.F.);
#2060=ADVANCED_FACE('',(#678),#562,.F.);
#2061=ADVANCED_FACE('',(#679),#563,.F.);
#2062=ADVANCED_FACE('',(#680),#564,.F.);
#2063=ADVANCED_FACE('',(#681),#565,.F.);
#2064=ADVANCED_FACE('',(#682),#566,.F.);
#2065=ADVANCED_FACE('',(#683),#567,.F.);
#2066=ADVANCED_FACE('',(#684),#568,.F.);
#2067=ADVANCED_FACE('',(#685),#569,.F.);
#2068=ADVANCED_FACE('',(#686),#570,.F.);
#2069=ADVANCED_FACE('',(#687),#571,.F.);
#2070=ADVANCED_FACE('',(#688),#572,.F.);
#2071=ADVANCED_FACE('',(#689),#573,.F.);
#2072=ADVANCED_FACE('',(#690,#723),#574,.T.);
#2073=ADVANCED_FACE('',(#691,#724),#715,.T.);
#2074=ADVANCED_FACE('',(#692),#575,.F.);
#2075=ADVANCED_FACE('',(#693,#725),#716,.T.);
#2076=ADVANCED_FACE('',(#694),#576,.F.);
#2077=ADVANCED_FACE('',(#695),#577,.F.);
#2078=ADVANCED_FACE('',(#696),#578,.F.);
#2079=ADVANCED_FACE('',(#697),#579,.F.);
#2080=ADVANCED_FACE('',(#698),#580,.T.);
#2081=ADVANCED_FACE('',(#699,#726,#727),#581,.T.);
#2082=ADVANCED_FACE('',(#700),#582,.F.);
#2083=ADVANCED_FACE('',(#701),#717,.T.);
#2084=ADVANCED_FACE('',(#702),#583,.F.);
#2085=ADVANCED_FACE('',(#703),#584,.F.);
#2086=ADVANCED_FACE('',(#704),#585,.F.);
#2087=ADVANCED_FACE('',(#705),#586,.F.);
#2088=ADVANCED_FACE('',(#706),#587,.F.);
#2089=ADVANCED_FACE('',(#707),#588,.T.);
#2090=ADVANCED_FACE('',(#708),#589,.T.);
#2091=ADVANCED_FACE('',(#709),#590,.T.);
#2092=CLOSED_SHELL('',(#1972,#1973,#1974,#1975,#1976,#1977,#1978,#1979,
#1980,#1981,#1982,#1983,#1984,#1985,#1986,#1987,#1988,#1989,#1990,#1991,
#1992,#1993,#1994,#1995,#1996,#1997,#1998,#1999,#2000,#2001,#2002,#2003,
#2004,#2005,#2006,#2007,#2008,#2009,#2010,#2011,#2012,#2013,#2014,#2015,
#2016,#2017,#2018,#2019,#2020,#2021,#2022,#2023,#2024,#2025,#2026,#2027,
#2028,#2029,#2030,#2031,#2032,#2033,#2034,#2035,#2036,#2037,#2038,#2039,
#2040,#2041,#2042,#2043,#2044,#2045,#2046,#2047,#2048,#2049,#2050,#2051,
#2052,#2053,#2054,#2055,#2056,#2057,#2058,#2059,#2060,#2061,#2062,#2063,
#2064,#2065,#2066,#2067,#2068,#2069,#2070,#2071,#2072,#2073,#2074,#2075,
#2076,#2077,#2078,#2079,#2080,#2081,#2082,#2083,#2084,#2085,#2086,#2087,
#2088,#2089,#2090,#2091));
#2093=DATE_TIME_ROLE('creation_date');
#2094=APPLIED_DATE_AND_TIME_ASSIGNMENT(#2095,#2093,(#3357));
#2095=DATE_AND_TIME(#2096,#2097);
#2096=CALENDAR_DATE(2022,25,5);
#2097=LOCAL_TIME(10,13,30.,#2098);
#2098=COORDINATED_UNIVERSAL_TIME_OFFSET(0,0,.BEHIND.);
#2099=AXIS2_PLACEMENT_3D('placement',#2797,#2254,#2255);
#2100=AXIS2_PLACEMENT_3D('',#2798,#2256,#2257);
#2101=AXIS2_PLACEMENT_3D('',#2800,#2258,#2259);
#2102=AXIS2_PLACEMENT_3D('',#2801,#2260,#2261);
#2103=AXIS2_PLACEMENT_3D('',#2803,#2262,#2263);
#2104=AXIS2_PLACEMENT_3D('',#2804,#2264,#2265);
#2105=AXIS2_PLACEMENT_3D('',#2806,#2266,#2267);
#2106=AXIS2_PLACEMENT_3D('',#2808,#2268,#2269);
#2107=AXIS2_PLACEMENT_3D('',#2809,#2270,#2271);
#2108=AXIS2_PLACEMENT_3D('',#2810,#2272,#2273);
#2109=AXIS2_PLACEMENT_3D('',#2815,#2275,#2276);
#2110=AXIS2_PLACEMENT_3D('',#2818,#2278,#2279);
#2111=AXIS2_PLACEMENT_3D('',#2819,#2280,#2281);
#2112=AXIS2_PLACEMENT_3D('',#2824,#2283,#2284);
#2113=AXIS2_PLACEMENT_3D('',#2827,#2286,#2287);
#2114=AXIS2_PLACEMENT_3D('',#2828,#2288,#2289);
#2115=AXIS2_PLACEMENT_3D('',#2829,#2290,#2291);
#2116=AXIS2_PLACEMENT_3D('',#2830,#2292,#2293);
#2117=AXIS2_PLACEMENT_3D('',#2831,#2294,#2295);
#2118=AXIS2_PLACEMENT_3D('',#2839,#2300,#2301);
#2119=AXIS2_PLACEMENT_3D('',#2847,#2306,#2307);
#2120=AXIS2_PLACEMENT_3D('',#2851,#2309,#2310);
#2121=AXIS2_PLACEMENT_3D('',#2853,#2312,#2313);
#2122=AXIS2_PLACEMENT_3D('',#2862,#2318,#2319);
#2123=AXIS2_PLACEMENT_3D('',#2868,#2323,#2324);
#2124=AXIS2_PLACEMENT_3D('',#2874,#2328,#2329);
#2125=AXIS2_PLACEMENT_3D('',#2877,#2332,#2333);
#2126=AXIS2_PLACEMENT_3D('',#2878,#2334,#2335);
#2127=AXIS2_PLACEMENT_3D('',#2881,#2337,#2338);
#2128=AXIS2_PLACEMENT_3D('',#2882,#2339,#2340);
#2129=AXIS2_PLACEMENT_3D('',#2885,#2342,#2343);
#2130=AXIS2_PLACEMENT_3D('',#2886,#2344,#2345);
#2131=AXIS2_PLACEMENT_3D('',#2889,#2347,#2348);
#2132=AXIS2_PLACEMENT_3D('',#2890,#2349,#2350);
#2133=AXIS2_PLACEMENT_3D('',#2892,#2352,#2353);
#2134=AXIS2_PLACEMENT_3D('',#2898,#2357,#2358);
#2135=AXIS2_PLACEMENT_3D('',#2902,#2361,#2362);
#2136=AXIS2_PLACEMENT_3D('',#2906,#2365,#2366);
#2137=AXIS2_PLACEMENT_3D('',#2908,#2368,#2369);
#2138=AXIS2_PLACEMENT_3D('',#2911,#2371,#2372);
#2139=AXIS2_PLACEMENT_3D('',#2912,#2373,#2374);
#2140=AXIS2_PLACEMENT_3D('',#2915,#2376,#2377);
#2141=AXIS2_PLACEMENT_3D('',#2916,#2378,#2379);
#2142=AXIS2_PLACEMENT_3D('',#2919,#2381,#2382);
#2143=AXIS2_PLACEMENT_3D('',#2920,#2383,#2384);
#2144=AXIS2_PLACEMENT_3D('',#2922,#2386,#2387);
#2145=AXIS2_PLACEMENT_3D('',#2931,#2392,#2393);
#2146=AXIS2_PLACEMENT_3D('',#2937,#2397,#2398);
#2147=AXIS2_PLACEMENT_3D('',#2943,#2402,#2403);
#2148=AXIS2_PLACEMENT_3D('',#2946,#2406,#2407);
#2149=AXIS2_PLACEMENT_3D('',#2947,#2408,#2409);
#2150=AXIS2_PLACEMENT_3D('',#2951,#2411,#2412);
#2151=AXIS2_PLACEMENT_3D('',#2952,#2413,#2414);
#2152=AXIS2_PLACEMENT_3D('',#2953,#2415,#2416);
#2153=AXIS2_PLACEMENT_3D('',#2956,#2418,#2419);
#2154=AXIS2_PLACEMENT_3D('',#2957,#2420,#2421);
#2155=AXIS2_PLACEMENT_3D('',#2959,#2423,#2424);
#2156=AXIS2_PLACEMENT_3D('',#2961,#2426,#2427);
#2157=AXIS2_PLACEMENT_3D('',#2967,#2431,#2432);
#2158=AXIS2_PLACEMENT_3D('',#2971,#2435,#2436);
#2159=AXIS2_PLACEMENT_3D('',#2975,#2439,#2440);
#2160=AXIS2_PLACEMENT_3D('',#2977,#2442,#2443);
#2161=AXIS2_PLACEMENT_3D('',#2981,#2445,#2446);
#2162=AXIS2_PLACEMENT_3D('',#2982,#2447,#2448);
#2163=AXIS2_PLACEMENT_3D('',#2983,#2449,#2450);
#2164=AXIS2_PLACEMENT_3D('',#2985,#2452,#2453);
#2165=AXIS2_PLACEMENT_3D('',#2988,#2455,#2456);
#2166=AXIS2_PLACEMENT_3D('',#2989,#2457,#2458);
#2167=AXIS2_PLACEMENT_3D('',#2991,#2460,#2461);
#2168=AXIS2_PLACEMENT_3D('',#3000,#2466,#2467);
#2169=AXIS2_PLACEMENT_3D('',#3006,#2471,#2472);
#2170=AXIS2_PLACEMENT_3D('',#3012,#2476,#2477);
#2171=AXIS2_PLACEMENT_3D('',#3015,#2480,#2481);
#2172=AXIS2_PLACEMENT_3D('',#3016,#2482,#2483);
#2173=AXIS2_PLACEMENT_3D('',#3020,#2485,#2486);
#2174=AXIS2_PLACEMENT_3D('',#3021,#2487,#2488);
#2175=AXIS2_PLACEMENT_3D('',#3022,#2489,#2490);
#2176=AXIS2_PLACEMENT_3D('',#3025,#2492,#2493);
#2177=AXIS2_PLACEMENT_3D('',#3026,#2494,#2495);
#2178=AXIS2_PLACEMENT_3D('',#3028,#2497,#2498);
#2179=AXIS2_PLACEMENT_3D('',#3030,#2500,#2501);
#2180=AXIS2_PLACEMENT_3D('',#3036,#2505,#2506);
#2181=AXIS2_PLACEMENT_3D('',#3040,#2509,#2510);
#2182=AXIS2_PLACEMENT_3D('',#3044,#2513,#2514);
#2183=AXIS2_PLACEMENT_3D('',#3046,#2516,#2517);
#2184=AXIS2_PLACEMENT_3D('',#3050,#2519,#2520);
#2185=AXIS2_PLACEMENT_3D('',#3051,#2521,#2522);
#2186=AXIS2_PLACEMENT_3D('',#3052,#2523,#2524);
#2187=AXIS2_PLACEMENT_3D('',#3054,#2526,#2527);
#2188=AXIS2_PLACEMENT_3D('',#3057,#2529,#2530);
#2189=AXIS2_PLACEMENT_3D('',#3058,#2531,#2532);
#2190=AXIS2_PLACEMENT_3D('',#3060,#2534,#2535);
#2191=AXIS2_PLACEMENT_3D('',#3066,#2539,#2540);
#2192=AXIS2_PLACEMENT_3D('',#3070,#2543,#2544);
#2193=AXIS2_PLACEMENT_3D('',#3074,#2547,#2548);
#2194=AXIS2_PLACEMENT_3D('',#3076,#2550,#2551);
#2195=AXIS2_PLACEMENT_3D('',#3082,#2555,#2556);
#2196=AXIS2_PLACEMENT_3D('',#3086,#2559,#2560);
#2197=AXIS2_PLACEMENT_3D('',#3090,#2563,#2564);
#2198=AXIS2_PLACEMENT_3D('',#3092,#2566,#2567);
#2199=AXIS2_PLACEMENT_3D('',#3098,#2571,#2572);
#2200=AXIS2_PLACEMENT_3D('',#3102,#2575,#2576);
#2201=AXIS2_PLACEMENT_3D('',#3106,#2579,#2580);
#2202=AXIS2_PLACEMENT_3D('',#3108,#2582,#2583);
#2203=AXIS2_PLACEMENT_3D('',#3120,#2590,#2591);
#2204=AXIS2_PLACEMENT_3D('',#3132,#2598,#2599);
#2205=AXIS2_PLACEMENT_3D('',#3141,#2604,#2605);
#2206=AXIS2_PLACEMENT_3D('',#3186,#2629,#2630);
#2207=AXIS2_PLACEMENT_3D('',#3190,#2633,#2634);
#2208=AXIS2_PLACEMENT_3D('',#3196,#2638,#2639);
#2209=AXIS2_PLACEMENT_3D('',#3200,#2642,#2643);
#2210=AXIS2_PLACEMENT_3D('',#3206,#2647,#2648);
#2211=AXIS2_PLACEMENT_3D('',#3212,#2652,#2653);
#2212=AXIS2_PLACEMENT_3D('',#3218,#2657,#2658);
#2213=AXIS2_PLACEMENT_3D('',#3222,#2661,#2662);
#2214=AXIS2_PLACEMENT_3D('',#3228,#2666,#2667);
#2215=AXIS2_PLACEMENT_3D('',#3234,#2671,#2672);
#2216=AXIS2_PLACEMENT_3D('',#3238,#2675,#2676);
#2217=AXIS2_PLACEMENT_3D('',#3244,#2680,#2681);
#2218=AXIS2_PLACEMENT_3D('',#3248,#2684,#2685);
#2219=AXIS2_PLACEMENT_3D('',#3252,#2688,#2689);
#2220=AXIS2_PLACEMENT_3D('',#3255,#2692,#2693);
#2221=AXIS2_PLACEMENT_3D('',#3257,#2695,#2696);
#2222=AXIS2_PLACEMENT_3D('',#3259,#2698,#2699);
#2223=AXIS2_PLACEMENT_3D('',#3261,#2701,#2702);
#2224=AXIS2_PLACEMENT_3D('',#3264,#2705,#2706);
#2225=AXIS2_PLACEMENT_3D('',#3266,#2708,#2709);
#2226=AXIS2_PLACEMENT_3D('',#3269,#2712,#2713);
#2227=AXIS2_PLACEMENT_3D('',#3270,#2714,#2715);
#2228=AXIS2_PLACEMENT_3D('',#3272,#2717,#2718);
#2229=AXIS2_PLACEMENT_3D('',#3276,#2721,#2722);
#2230=AXIS2_PLACEMENT_3D('',#3278,#2724,#2725);
#2231=AXIS2_PLACEMENT_3D('',#3280,#2726,#2727);
#2232=AXIS2_PLACEMENT_3D('',#3282,#2728,#2729);
#2233=AXIS2_PLACEMENT_3D('',#3283,#2730,#2731);
#2234=AXIS2_PLACEMENT_3D('',#3284,#2732,#2733);
#2235=AXIS2_PLACEMENT_3D('',#3286,#2734,#2735);
#2236=AXIS2_PLACEMENT_3D('',#3288,#2736,#2737);
#2237=AXIS2_PLACEMENT_3D('',#3289,#2738,#2739);
#2238=AXIS2_PLACEMENT_3D('',#3290,#2740,#2741);
#2239=AXIS2_PLACEMENT_3D('',#3296,#2745,#2746);
#2240=AXIS2_PLACEMENT_3D('',#3300,#2749,#2750);
#2241=AXIS2_PLACEMENT_3D('',#3304,#2753,#2754);
#2242=AXIS2_PLACEMENT_3D('',#3309,#2758,#2759);
#2243=AXIS2_PLACEMENT_3D('',#3319,#2765,#2766);
#2244=AXIS2_PLACEMENT_3D('',#3323,#2769,#2770);
#2245=AXIS2_PLACEMENT_3D('',#3326,#2772,#2773);
#2246=AXIS2_PLACEMENT_3D('',#3327,#2774,#2775);
#2247=AXIS2_PLACEMENT_3D('',#3329,#2777,#2778);
#2248=AXIS2_PLACEMENT_3D('',#3330,#2779,#2780);
#2249=AXIS2_PLACEMENT_3D('',#3334,#2783,#2784);
#2250=AXIS2_PLACEMENT_3D('',#3336,#2786,#2787);
#2251=AXIS2_PLACEMENT_3D('',#3338,#2789,#2790);
#2252=AXIS2_PLACEMENT_3D('',#3340,#2792,#2793);
#2253=AXIS2_PLACEMENT_3D('',#3342,#2795,#2796);
#2254=DIRECTION('axis',(0.,0.,1.));
#2255=DIRECTION('refdir',(1.,0.,0.));
#2256=DIRECTION('center_axis',(0.,0.,1.));
#2257=DIRECTION('ref_axis',(1.,0.,0.));
#2258=DIRECTION('center_axis',(-1.,-9.0567119616344E-17,0.));
#2259=DIRECTION('ref_axis',(0.,0.,-1.));
#2260=DIRECTION('center_axis',(-1.,-9.0567119616344E-17,0.));
#2261=DIRECTION('ref_axis',(0.,0.,-1.));
#2262=DIRECTION('center_axis',(1.,9.0567119616344E-17,0.));
#2263=DIRECTION('ref_axis',(0.,0.,-1.));
#2264=DIRECTION('center_axis',(-1.,-9.0567119616344E-17,0.));
#2265=DIRECTION('ref_axis',(0.,0.,-1.));
#2266=DIRECTION('center_axis',(-1.,-9.0567119616344E-17,0.));
#2267=DIRECTION('ref_axis',(0.,0.,-1.));
#2268=DIRECTION('center_axis',(1.,9.0567119616344E-17,0.));
#2269=DIRECTION('ref_axis',(0.,0.,-1.));
#2270=DIRECTION('center_axis',(-1.,-9.0567119616344E-17,0.));
#2271=DIRECTION('ref_axis',(0.,0.,1.));
#2272=DIRECTION('center_axis',(1.,9.05671196163441E-17,0.));
#2273=DIRECTION('ref_axis',(0.,0.,-1.));
#2274=DIRECTION('',(1.,1.09923071745065E-16,0.));
#2275=DIRECTION('center_axis',(1.,9.0567119616344E-17,0.));
#2276=DIRECTION('ref_axis',(0.,0.,-1.));
#2277=DIRECTION('',(1.,1.09923071745065E-16,0.));
#2278=DIRECTION('center_axis',(1.,9.0567119616344E-17,0.));
#2279=DIRECTION('ref_axis',(0.,0.,-1.));
#2280=DIRECTION('center_axis',(1.,9.05671196163441E-17,0.));
#2281=DIRECTION('ref_axis',(0.,0.,-1.));
#2282=DIRECTION('',(1.,1.09923071745065E-16,0.));
#2283=DIRECTION('center_axis',(1.,9.0567119616344E-17,0.));
#2284=DIRECTION('ref_axis',(0.,0.,-1.));
#2285=DIRECTION('',(1.,1.09923071745065E-16,0.));
#2286=DIRECTION('center_axis',(1.,9.0567119616344E-17,0.));
#2287=DIRECTION('ref_axis',(0.,0.,-1.));
#2288=DIRECTION('center_axis',(-1.,-9.0567119616344E-17,0.));
#2289=DIRECTION('ref_axis',(0.,0.,1.));
#2290=DIRECTION('center_axis',(1.,9.0567119616344E-17,0.));
#2291=DIRECTION('ref_axis',(8.8034031844186E-17,-0.800869466678985,0.598838957768545));
#2292=DIRECTION('center_axis',(1.,9.0567119616344E-17,0.));
#2293=DIRECTION('ref_axis',(-8.80340318441862E-17,0.800869466678987,-0.598838957768543));
#2294=DIRECTION('center_axis',(-1.,-9.0567119616344E-17,0.));
#2295=DIRECTION('ref_axis',(9.0567119616344E-17,-1.,0.));
#2296=DIRECTION('',(6.40406244332501E-17,-0.707106781186548,0.707106781186547));
#2297=DIRECTION('',(9.0567119616344E-17,-1.,0.));
#2298=DIRECTION('',(0.,0.,-1.));
#2299=DIRECTION('',(6.40406244332501E-17,-0.707106781186548,0.707106781186547));
#2300=DIRECTION('center_axis',(-1.,-9.0567119616344E-17,0.));
#2301=DIRECTION('ref_axis',(9.0567119616344E-17,-1.,0.));
#2302=DIRECTION('',(-6.40406244332501E-17,0.707106781186548,-0.707106781186547));
#2303=DIRECTION('',(-9.0567119616344E-17,1.,0.));
#2304=DIRECTION('',(0.,0.,1.));
#2305=DIRECTION('',(-6.40406244332501E-17,0.707106781186548,-0.707106781186547));
#2306=DIRECTION('center_axis',(1.,1.09923071745065E-16,0.));
#2307=DIRECTION('ref_axis',(8.8034031844186E-17,-0.800869466678985,0.598838957768545));
#2308=DIRECTION('',(1.,1.09923071745065E-16,0.));
#2309=DIRECTION('center_axis',(-1.,-9.0567119616344E-17,6.16297582203915E-33));
#2310=DIRECTION('ref_axis',(7.25324407857933E-17,-0.800869466678985,0.598838957768545));
#2311=DIRECTION('',(1.,1.09923071745065E-16,0.));
#2312=DIRECTION('center_axis',(-0.707106781186548,-1.39792341031854E-16,
-0.707106781186547));
#2313=DIRECTION('ref_axis',(0.707106781186547,-1.33226762955019E-16,-0.707106781186549));
#2314=DIRECTION('',(-0.707106781186547,-7.85046229341886E-17,0.707106781186548));
#2315=DIRECTION('',(0.,-1.,1.97696224603134E-16));
#2316=DIRECTION('',(0.707106781186546,-1.24387608908194E-16,-0.707106781186549));
#2317=DIRECTION('',(0.,-1.,1.97696224603134E-16));
#2318=DIRECTION('center_axis',(-0.707106781186547,1.39792341031855E-16,
0.707106781186548));
#2319=DIRECTION('ref_axis',(-0.707106781186548,-1.77635683940025E-16,-0.707106781186547));
#2320=DIRECTION('',(0.707106781186548,7.85046229341888E-17,0.707106781186547));
#2321=DIRECTION('',(0.,-1.,1.97696224603134E-16));
#2322=DIRECTION('',(-0.707106781186548,-1.65873252151144E-16,-0.707106781186547));
#2323=DIRECTION('center_axis',(0.707106781186548,1.39792341031854E-16,0.707106781186547));
#2324=DIRECTION('ref_axis',(-0.707106781186547,1.33226762955019E-16,0.707106781186548));
#2325=DIRECTION('',(0.707106781186547,7.85046229341886E-17,-0.707106781186548));
#2326=DIRECTION('',(0.,-1.,1.97696224603134E-16));
#2327=DIRECTION('',(-0.707106781186547,1.24387608908194E-16,0.707106781186548));
#2328=DIRECTION('center_axis',(0.707106781186547,-1.39792341031855E-16,
-0.707106781186548));
#2329=DIRECTION('ref_axis',(0.707106781186548,1.77635683940025E-16,0.707106781186547));
#2330=DIRECTION('',(-0.707106781186548,-7.85046229341888E-17,-0.707106781186547));
#2331=DIRECTION('',(0.707106781186547,1.65873252151145E-16,0.707106781186548));
#2332=DIRECTION('center_axis',(1.11022302462516E-16,-1.,0.));
#2333=DIRECTION('ref_axis',(0.,0.,-1.));
#2334=DIRECTION('center_axis',(-2.25429776247392E-32,2.03049091261194E-16,
1.));
#2335=DIRECTION('ref_axis',(8.8901978775489E-33,1.,-2.05245423168104E-16));
#2336=DIRECTION('',(6.404062443325E-17,-0.707106781186547,-0.707106781186548));
#2337=DIRECTION('center_axis',(3.35039435413618E-16,-1.38777878078146E-16,
1.));
#2338=DIRECTION('ref_axis',(0.,1.,1.96261557335472E-16));
#2339=DIRECTION('center_axis',(2.25429776247392E-32,-2.03049091261194E-16,
-1.));
#2340=DIRECTION('ref_axis',(8.8901978775489E-33,1.,-2.05245423168104E-16));
#2341=DIRECTION('',(-6.404062443325E-17,0.707106781186547,-0.707106781186548));
#2342=DIRECTION('center_axis',(-1.22519038313981E-15,1.61771349781075E-15,
1.));
#2343=DIRECTION('ref_axis',(0.,1.,-1.57009245868377E-15));
#2344=DIRECTION('center_axis',(-2.25429776247392E-32,2.03049091261194E-16,
1.));
#2345=DIRECTION('ref_axis',(8.8901978775489E-33,1.,-2.05245423168104E-16));
#2346=DIRECTION('',(-6.404062443325E-17,0.707106781186546,0.707106781186548));
#2347=DIRECTION('center_axis',(-1.38777878078145E-16,3.35039435413617E-16,
1.));
#2348=DIRECTION('ref_axis',(-1.57009245868377E-15,1.,-3.35039435413617E-16));
#2349=DIRECTION('center_axis',(2.25429776247392E-32,-2.03049091261194E-16,
-1.));
#2350=DIRECTION('ref_axis',(8.8901978775489E-33,1.,-2.05245423168104E-16));
#2351=DIRECTION('',(6.40406244332501E-17,-0.707106781186548,0.707106781186547));
#2352=DIRECTION('center_axis',(6.23248492048927E-17,-0.707106781186548,
-0.707106781186547));
#2353=DIRECTION('ref_axis',(0.,-0.707106781186547,0.707106781186548));
#2354=DIRECTION('',(-1.,-8.81406470184172E-17,0.));
#2355=DIRECTION('',(4.32978028117747E-17,-0.707106781186548,0.707106781186547));
#2356=DIRECTION('',(-1.,-8.81406470184172E-17,0.));
#2357=DIRECTION('center_axis',(-6.23248492048928E-17,0.707106781186549,
-0.707106781186547));
#2358=DIRECTION('ref_axis',(0.,-0.707106781186547,-0.707106781186548));
#2359=DIRECTION('',(-1.,-8.81406470184172E-17,0.));
#2360=DIRECTION('',(4.32978028117746E-17,-0.707106781186547,-0.707106781186548));
#2361=DIRECTION('center_axis',(-6.23248492048927E-17,0.707106781186547,
0.707106781186548));
#2362=DIRECTION('ref_axis',(0.,0.707106781186548,-0.707106781186547));
#2363=DIRECTION('',(-1.,-8.81406470184172E-17,0.));
#2364=DIRECTION('',(-4.32978028117747E-17,0.707106781186548,-0.707106781186548));
#2365=DIRECTION('center_axis',(6.23248492048928E-17,-0.707106781186548,
0.707106781186547));
#2366=DIRECTION('ref_axis',(0.,0.707106781186547,0.707106781186548));
#2367=DIRECTION('',(-4.32978028117746E-17,0.707106781186547,0.707106781186548));
#2368=DIRECTION('center_axis',(0.,0.,1.));
#2369=DIRECTION('ref_axis',(1.,0.,0.));
#2370=DIRECTION('',(-0.707106781186548,0.,-0.707106781186548));
#2371=DIRECTION('center_axis',(9.47634626983522E-16,-9.47634626983522E-16,
-1.));
#2372=DIRECTION('ref_axis',(1.,-7.85046229341887E-16,9.81307786677358E-16));
#2373=DIRECTION('center_axis',(0.,0.,-1.));
#2374=DIRECTION('ref_axis',(1.,0.,0.));
#2375=DIRECTION('',(-0.707106781186547,0.,0.707106781186548));
#2376=DIRECTION('center_axis',(1.26323869016947E-16,-1.37453080125347E-16,
-1.));
#2377=DIRECTION('ref_axis',(1.,-1.57009245868377E-15,1.26323869016947E-16));
#2378=DIRECTION('center_axis',(0.,0.,1.));
#2379=DIRECTION('ref_axis',(1.,0.,0.));
#2380=DIRECTION('',(0.707106781186548,0.,0.707106781186547));
#2381=DIRECTION('center_axis',(0.,0.,-1.));
#2382=DIRECTION('ref_axis',(1.,-2.35513868802566E-15,0.));
#2383=DIRECTION('center_axis',(0.,0.,-1.));
#2384=DIRECTION('ref_axis',(1.,0.,0.));
#2385=DIRECTION('',(0.707106781186547,0.,-0.707106781186548));
#2386=DIRECTION('center_axis',(0.707106781186546,1.29039084029405E-16,0.707106781186549));
#2387=DIRECTION('ref_axis',(-0.707106781186549,8.88178419700125E-17,0.707106781186546));
#2388=DIRECTION('',(0.707106781186549,7.85046229341889E-17,-0.707106781186546));
#2389=DIRECTION('',(0.,-1.,1.82488822710585E-16));
#2390=DIRECTION('',(-0.707106781186549,1.01926815701269E-16,0.707106781186546));
#2391=DIRECTION('',(0.,-1.,1.82488822710585E-16));
#2392=DIRECTION('center_axis',(0.707106781186548,-1.29039084029404E-16,
-0.707106781186548));
#2393=DIRECTION('ref_axis',(0.707106781186548,1.33226762955019E-16,0.707106781186548));
#2394=DIRECTION('',(-0.707106781186548,-7.85046229341888E-17,-0.707106781186548));
#2395=DIRECTION('',(0.,-1.,1.82488822710585E-16));
#2396=DIRECTION('',(0.707106781186547,1.43412458944221E-16,0.707106781186548));
#2397=DIRECTION('center_axis',(-0.707106781186548,-1.29039084029404E-16,
-0.707106781186547));
#2398=DIRECTION('ref_axis',(0.707106781186547,-8.88178419700125E-17,-0.707106781186548));
#2399=DIRECTION('',(-0.707106781186547,-7.85046229341887E-17,0.707106781186548));
#2400=DIRECTION('',(0.,-1.,1.82488822710585E-16));
#2401=DIRECTION('',(0.707106781186547,-1.0192681570127E-16,-0.707106781186548));
#2402=DIRECTION('center_axis',(-0.707106781186548,1.29039084029404E-16,
0.707106781186548));
#2403=DIRECTION('ref_axis',(-0.707106781186548,-1.33226762955019E-16,-0.707106781186548));
#2404=DIRECTION('',(0.707106781186548,7.85046229341888E-17,0.707106781186548));
#2405=DIRECTION('',(-0.707106781186548,-1.4341245894422E-16,-0.707106781186547));
#2406=DIRECTION('center_axis',(1.11022302462516E-16,-1.,0.));
#2407=DIRECTION('ref_axis',(0.,0.,-1.));
#2408=DIRECTION('center_axis',(-8.29058928620326E-33,2.24024968920161E-16,
1.));
#2409=DIRECTION('ref_axis',(-8.29058928620326E-33,1.,-1.73481064793215E-16));
#2410=DIRECTION('',(-6.40406244332499E-17,0.707106781186546,0.707106781186549));
#2411=DIRECTION('center_axis',(0.,0.,1.));
#2412=DIRECTION('ref_axis',(-3.14018491736753E-15,1.,0.));
#2413=DIRECTION('center_axis',(0.,0.,1.));
#2414=DIRECTION('ref_axis',(1.57009245868377E-15,1.,0.));
#2415=DIRECTION('center_axis',(8.29058928620326E-33,-2.24024968920161E-16,
-1.));
#2416=DIRECTION('ref_axis',(-8.29058928620326E-33,1.,-1.73481064793215E-16));
#2417=DIRECTION('',(6.40406244332501E-17,-0.707106781186548,0.707106781186547));
#2418=DIRECTION('center_axis',(9.47634626983522E-16,-9.47634626983523E-16,
1.));
#2419=DIRECTION('ref_axis',(-3.14018491736753E-15,1.,7.85046229341882E-16));
#2420=DIRECTION('center_axis',(-8.29058928620326E-33,2.24024968920161E-16,
1.));
#2421=DIRECTION('ref_axis',(-8.29058928620326E-33,1.,-1.73481064793215E-16));
#2422=DIRECTION('',(6.40406244332502E-17,-0.707106781186549,-0.707106781186546));
#2423=DIRECTION('center_axis',(8.29058928620326E-33,-2.24024968920161E-16,
-1.));
#2424=DIRECTION('ref_axis',(-8.29058928620326E-33,1.,-1.73481064793215E-16));
#2425=DIRECTION('',(-6.404062443325E-17,0.707106781186547,-0.707106781186548));
#2426=DIRECTION('center_axis',(-6.23248492048927E-17,0.707106781186547,
0.707106781186548));
#2427=DIRECTION('ref_axis',(0.,0.707106781186548,-0.707106781186547));
#2428=DIRECTION('',(-1.,-8.81406470184174E-17,0.));
#2429=DIRECTION('',(-4.32978028117747E-17,0.707106781186548,-0.707106781186548));
#2430=DIRECTION('',(-1.,-8.81406470184174E-17,0.));
#2431=DIRECTION('center_axis',(6.23248492048927E-17,-0.707106781186546,
0.707106781186549));
#2432=DIRECTION('ref_axis',(0.,0.707106781186549,0.707106781186546));
#2433=DIRECTION('',(-1.,-8.81406470184174E-17,0.));
#2434=DIRECTION('',(-4.32978028117748E-17,0.707106781186549,0.707106781186546));
#2435=DIRECTION('center_axis',(6.23248492048928E-17,-0.707106781186548,
-0.707106781186547));
#2436=DIRECTION('ref_axis',(0.,-0.707106781186547,0.707106781186548));
#2437=DIRECTION('',(-1.,-8.81406470184174E-17,0.));
#2438=DIRECTION('',(4.32978028117746E-17,-0.707106781186547,0.707106781186548));
#2439=DIRECTION('center_axis',(-6.23248492048929E-17,0.707106781186549,
-0.707106781186546));
#2440=DIRECTION('ref_axis',(0.,-0.707106781186546,-0.707106781186549));
#2441=DIRECTION('',(4.32978028117746E-17,-0.707106781186546,-0.707106781186549));
#2442=DIRECTION('center_axis',(0.,0.,1.));
#2443=DIRECTION('ref_axis',(1.,0.,0.));
#2444=DIRECTION('',(0.70710678118655,0.,0.707106781186545));
#2445=DIRECTION('center_axis',(0.,0.,-1.));
#2446=DIRECTION('ref_axis',(1.,3.92523114670943E-16,0.));
#2447=DIRECTION('center_axis',(0.,0.,-1.));
#2448=DIRECTION('ref_axis',(1.,-7.85046229341887E-16,0.));
#2449=DIRECTION('center_axis',(0.,0.,-1.));
#2450=DIRECTION('ref_axis',(1.,0.,0.));
#2451=DIRECTION('',(0.707106781186546,0.,-0.707106781186549));
#2452=DIRECTION('center_axis',(0.,0.,1.));
#2453=DIRECTION('ref_axis',(1.,0.,0.));
#2454=DIRECTION('',(-0.707106781186548,0.,-0.707106781186548));
#2455=DIRECTION('center_axis',(0.,0.,-1.));
#2456=DIRECTION('ref_axis',(1.,-7.85046229341887E-16,0.));
#2457=DIRECTION('center_axis',(0.,0.,-1.));
#2458=DIRECTION('ref_axis',(1.,0.,0.));
#2459=DIRECTION('',(-0.707106781186546,0.,0.707106781186549));
#2460=DIRECTION('center_axis',(0.707106781186546,1.29039084029405E-16,0.707106781186549));
#2461=DIRECTION('ref_axis',(-0.707106781186549,8.88178419700125E-17,0.707106781186546));
#2462=DIRECTION('',(0.707106781186549,7.85046229341889E-17,-0.707106781186546));
#2463=DIRECTION('',(0.,-1.,1.82488822710585E-16));
#2464=DIRECTION('',(-0.707106781186549,1.01926815701269E-16,0.707106781186546));
#2465=DIRECTION('',(0.,-1.,1.82488822710585E-16));
#2466=DIRECTION('center_axis',(0.707106781186548,-1.29039084029404E-16,
-0.707106781186548));
#2467=DIRECTION('ref_axis',(0.707106781186548,1.33226762955019E-16,0.707106781186548));
#2468=DIRECTION('',(-0.707106781186548,-7.85046229341888E-17,-0.707106781186548));
#2469=DIRECTION('',(0.,-1.,1.82488822710585E-16));
#2470=DIRECTION('',(0.707106781186547,1.43412458944221E-16,0.707106781186548));
#2471=DIRECTION('center_axis',(-0.707106781186548,-1.29039084029404E-16,
-0.707106781186547));
#2472=DIRECTION('ref_axis',(0.707106781186547,-8.88178419700125E-17,-0.707106781186548));
#2473=DIRECTION('',(-0.707106781186547,-7.85046229341887E-17,0.707106781186548));
#2474=DIRECTION('',(0.,-1.,1.82488822710585E-16));
#2475=DIRECTION('',(0.707106781186547,-1.0192681570127E-16,-0.707106781186548));
#2476=DIRECTION('center_axis',(-0.707106781186548,1.29039084029404E-16,
0.707106781186548));
#2477=DIRECTION('ref_axis',(-0.707106781186548,-1.33226762955019E-16,-0.707106781186548));
#2478=DIRECTION('',(0.707106781186548,7.85046229341888E-17,0.707106781186548));
#2479=DIRECTION('',(-0.707106781186548,-1.4341245894422E-16,-0.707106781186547));
#2480=DIRECTION('center_axis',(1.11022302462516E-16,-1.,0.));
#2481=DIRECTION('ref_axis',(0.,0.,-1.));
#2482=DIRECTION('center_axis',(-8.29058928620326E-33,2.24024968920161E-16,
1.));
#2483=DIRECTION('ref_axis',(-8.29058928620326E-33,1.,-1.73481064793215E-16));
#2484=DIRECTION('',(-6.40406244332499E-17,0.707106781186546,0.707106781186549));
#2485=DIRECTION('center_axis',(0.,0.,1.));
#2486=DIRECTION('ref_axis',(-3.14018491736753E-15,1.,0.));
#2487=DIRECTION('center_axis',(0.,0.,1.));
#2488=DIRECTION('ref_axis',(1.57009245868377E-15,1.,0.));
#2489=DIRECTION('center_axis',(8.29058928620326E-33,-2.24024968920161E-16,
-1.));
#2490=DIRECTION('ref_axis',(-8.29058928620326E-33,1.,-1.73481064793215E-16));
#2491=DIRECTION('',(6.40406244332501E-17,-0.707106781186548,0.707106781186547));
#2492=DIRECTION('center_axis',(9.47634626983522E-16,-9.47634626983523E-16,
1.));
#2493=DIRECTION('ref_axis',(-3.14018491736753E-15,1.,7.85046229341882E-16));
#2494=DIRECTION('center_axis',(-8.29058928620326E-33,2.24024968920161E-16,
1.));
#2495=DIRECTION('ref_axis',(-8.29058928620326E-33,1.,-1.73481064793215E-16));
#2496=DIRECTION('',(6.40406244332502E-17,-0.707106781186549,-0.707106781186546));
#2497=DIRECTION('center_axis',(8.29058928620326E-33,-2.24024968920161E-16,
-1.));
#2498=DIRECTION('ref_axis',(-8.29058928620326E-33,1.,-1.73481064793215E-16));
#2499=DIRECTION('',(-6.404062443325E-17,0.707106781186547,-0.707106781186548));
#2500=DIRECTION('center_axis',(-6.23248492048927E-17,0.707106781186547,
0.707106781186548));
#2501=DIRECTION('ref_axis',(0.,0.707106781186548,-0.707106781186547));
#2502=DIRECTION('',(-1.,-8.81406470184174E-17,0.));
#2503=DIRECTION('',(-4.32978028117747E-17,0.707106781186548,-0.707106781186548));
#2504=DIRECTION('',(-1.,-8.81406470184174E-17,0.));
#2505=DIRECTION('center_axis',(6.23248492048927E-17,-0.707106781186546,
0.707106781186549));
#2506=DIRECTION('ref_axis',(0.,0.707106781186549,0.707106781186546));
#2507=DIRECTION('',(-1.,-8.81406470184174E-17,0.));
#2508=DIRECTION('',(-4.32978028117748E-17,0.707106781186549,0.707106781186546));
#2509=DIRECTION('center_axis',(6.23248492048928E-17,-0.707106781186548,
-0.707106781186547));
#2510=DIRECTION('ref_axis',(0.,-0.707106781186547,0.707106781186548));
#2511=DIRECTION('',(-1.,-8.81406470184174E-17,0.));
#2512=DIRECTION('',(4.32978028117746E-17,-0.707106781186547,0.707106781186548));
#2513=DIRECTION('center_axis',(-6.23248492048929E-17,0.707106781186549,
-0.707106781186546));
#2514=DIRECTION('ref_axis',(0.,-0.707106781186546,-0.707106781186549));
#2515=DIRECTION('',(4.32978028117746E-17,-0.707106781186546,-0.707106781186549));
#2516=DIRECTION('center_axis',(0.,0.,1.));
#2517=DIRECTION('ref_axis',(1.,0.,0.));
#2518=DIRECTION('',(0.707106781186547,0.,0.707106781186548));
#2519=DIRECTION('center_axis',(0.,0.,-1.));
#2520=DIRECTION('ref_axis',(1.,3.92523114670943E-16,0.));
#2521=DIRECTION('center_axis',(0.,0.,-1.));
#2522=DIRECTION('ref_axis',(1.,-7.85046229341887E-16,0.));
#2523=DIRECTION('center_axis',(0.,0.,-1.));
#2524=DIRECTION('ref_axis',(1.,0.,0.));
#2525=DIRECTION('',(0.707106781186546,0.,-0.707106781186549));
#2526=DIRECTION('center_axis',(0.,0.,1.));
#2527=DIRECTION('ref_axis',(1.,0.,0.));
#2528=DIRECTION('',(-0.707106781186548,0.,-0.707106781186548));
#2529=DIRECTION('center_axis',(0.,0.,-1.));
#2530=DIRECTION('ref_axis',(1.,-7.85046229341887E-16,0.));
#2531=DIRECTION('center_axis',(0.,0.,-1.));
#2532=DIRECTION('ref_axis',(1.,0.,0.));
#2533=DIRECTION('',(-0.707106781186549,0.,0.707106781186546));
#2534=DIRECTION('center_axis',(-0.707106781186548,0.,0.707106781186548));
#2535=DIRECTION('ref_axis',(-0.707106781186548,0.,-0.707106781186548));
#2536=DIRECTION('',(0.707106781186548,0.,0.707106781186548));
#2537=DIRECTION('',(0.,-1.,0.));
#2538=DIRECTION('',(0.,-1.,0.));
#2539=DIRECTION('center_axis',(0.707106781186548,0.,0.707106781186547));
#2540=DIRECTION('ref_axis',(-0.707106781186547,0.,0.707106781186548));
#2541=DIRECTION('',(0.707106781186547,0.,-0.707106781186548));
#2542=DIRECTION('',(0.,-1.,0.));
#2543=DIRECTION('center_axis',(0.707106781186547,0.,-0.707106781186548));
#2544=DIRECTION('ref_axis',(0.707106781186548,0.,0.707106781186547));
#2545=DIRECTION('',(-0.707106781186548,0.,-0.707106781186547));
#2546=DIRECTION('',(0.,-1.,0.));
#2547=DIRECTION('center_axis',(-0.707106781186548,0.,-0.707106781186547));
#2548=DIRECTION('ref_axis',(0.707106781186547,0.,-0.707106781186548));
#2549=DIRECTION('',(-0.707106781186547,0.,0.707106781186548));
#2550=DIRECTION('center_axis',(0.707106781186548,0.,-0.707106781186547));
#2551=DIRECTION('ref_axis',(0.707106781186547,0.,0.707106781186548));
#2552=DIRECTION('',(-0.707106781186547,0.,-0.707106781186548));
#2553=DIRECTION('',(0.,-1.,0.));
#2554=DIRECTION('',(0.,-1.,0.));
#2555=DIRECTION('center_axis',(-0.707106781186549,0.,-0.707106781186546));
#2556=DIRECTION('ref_axis',(0.707106781186546,0.,-0.707106781186549));
#2557=DIRECTION('',(-0.707106781186546,0.,0.707106781186549));
#2558=DIRECTION('',(0.,-1.,0.));
#2559=DIRECTION('center_axis',(-0.707106781186548,0.,0.707106781186548));
#2560=DIRECTION('ref_axis',(-0.707106781186548,0.,-0.707106781186548));
#2561=DIRECTION('',(0.707106781186548,0.,0.707106781186548));
#2562=DIRECTION('',(0.,-1.,0.));
#2563=DIRECTION('center_axis',(0.707106781186546,0.,0.707106781186549));
#2564=DIRECTION('ref_axis',(-0.707106781186549,0.,0.707106781186546));
#2565=DIRECTION('',(0.707106781186549,0.,-0.707106781186546));
#2566=DIRECTION('center_axis',(-0.707106781186548,0.,0.707106781186548));
#2567=DIRECTION('ref_axis',(-0.707106781186548,0.,-0.707106781186548));
#2568=DIRECTION('',(0.707106781186548,0.,0.707106781186548));
#2569=DIRECTION('',(0.,-1.,0.));
#2570=DIRECTION('',(0.,-1.,0.));
#2571=DIRECTION('center_axis',(0.707106781186549,0.,0.707106781186546));
#2572=DIRECTION('ref_axis',(-0.707106781186546,0.,0.707106781186549));
#2573=DIRECTION('',(0.707106781186546,0.,-0.707106781186549));
#2574=DIRECTION('',(0.,-1.,0.));
#2575=DIRECTION('center_axis',(0.707106781186545,0.,-0.70710678118655));
#2576=DIRECTION('ref_axis',(0.70710678118655,0.,0.707106781186545));
#2577=DIRECTION('',(-0.70710678118655,0.,-0.707106781186545));
#2578=DIRECTION('',(0.,-1.,0.));
#2579=DIRECTION('center_axis',(-0.707106781186549,0.,-0.707106781186546));
#2580=DIRECTION('ref_axis',(0.707106781186546,0.,-0.707106781186549));
#2581=DIRECTION('',(-0.707106781186546,0.,0.707106781186549));
#2582=DIRECTION('center_axis',(0.,-1.,0.));
#2583=DIRECTION('ref_axis',(0.,0.,-1.));
#2584=DIRECTION('',(0.,0.,-1.));
#2585=DIRECTION('',(1.,0.,3.27102595559122E-16));
#2586=DIRECTION('',(0.70710678118655,0.,0.707106781186545));
#2587=DIRECTION('',(-0.707106781186548,0.,0.707106781186547));
#2588=DIRECTION('',(-1.,0.,0.));
#2589=DIRECTION('',(0.,0.,-1.));
#2590=DIRECTION('center_axis',(0.,1.,0.));
#2591=DIRECTION('ref_axis',(0.,0.,1.));
#2592=DIRECTION('',(1.,0.,6.5420519111824E-16));
#2593=DIRECTION('',(0.707106781186549,0.,0.707106781186546));
#2594=DIRECTION('',(-0.707106781186547,0.,0.707106781186548));
#2595=DIRECTION('',(-1.,0.,6.5420519111824E-16));
#2596=DIRECTION('',(0.,0.,-1.));
#2597=DIRECTION('',(0.,0.,-1.));
#2598=DIRECTION('center_axis',(-0.707106781186548,0.,-0.707106781186547));
#2599=DIRECTION('ref_axis',(-0.707106781186547,-8.88178419700125E-17,0.707106781186548));
#2600=DIRECTION('',(0.577350269189625,-0.577350269189627,-0.577350269189626));
#2601=DIRECTION('',(0.,1.,0.));
#2602=DIRECTION('',(-0.707106781186547,-7.85046229341887E-17,0.707106781186548));
#2603=DIRECTION('',(0.,-1.,6.54205191118241E-16));
#2604=DIRECTION('center_axis',(1.11022302462516E-16,-1.,0.));
#2605=DIRECTION('ref_axis',(1.,8.88178419700125E-17,0.));
#2606=DIRECTION('',(0.707106781186547,7.85046229341887E-17,0.707106781186548));
#2607=DIRECTION('',(1.,1.11022302462516E-16,-2.90525466403509E-31));
#2608=DIRECTION('',(0.,0.,1.));
#2609=DIRECTION('',(-1.,-1.11022302462516E-16,6.5420519111824E-16));
#2610=DIRECTION('',(-0.707106781186547,-7.85046229341887E-17,0.707106781186548));
#2611=DIRECTION('',(0.707106781186548,7.85046229341888E-17,0.707106781186547));
#2612=DIRECTION('',(1.,1.11022302462516E-16,2.90525466403508E-31));
#2613=DIRECTION('',(0.,0.,1.));
#2614=DIRECTION('',(1.,1.11022302462516E-16,0.));
#2615=DIRECTION('',(-2.22044604925031E-15,-2.46519032881566E-31,-1.));
#2616=DIRECTION('',(-1.,-1.11022302462516E-16,0.));
#2617=DIRECTION('',(-4.44089209850063E-15,-4.93038065763132E-31,1.));
#2618=DIRECTION('',(1.,1.11022302462516E-16,0.));
#2619=DIRECTION('',(-8.3389522770215E-33,-9.25809681919964E-49,-1.));
#2620=DIRECTION('',(-1.,-1.11022302462516E-16,1.09923071745065E-18));
#2621=DIRECTION('',(-1.,-1.11022302462516E-16,0.));
#2622=DIRECTION('',(0.,0.,1.));
#2623=DIRECTION('',(-1.,-1.11022302462516E-16,0.));
#2624=DIRECTION('',(-0.707106781186547,-7.85046229341887E-17,0.707106781186548));
#2625=DIRECTION('',(0.707106781186547,7.85046229341887E-17,0.707106781186548));
#2626=DIRECTION('',(1.,1.11022302462516E-16,3.27102595559122E-16));
#2627=DIRECTION('',(0.,0.,1.));
#2628=DIRECTION('',(-1.,-1.11022302462516E-16,7.26313666008772E-32));
#2629=DIRECTION('center_axis',(-0.707106781186548,0.,0.707106781186547));
#2630=DIRECTION('ref_axis',(0.707106781186547,8.88178419700125E-17,0.707106781186548));
#2631=DIRECTION('',(-0.577350269189625,0.577350269189626,-0.577350269189626));
#2632=DIRECTION('',(0.,1.,-2.61682076447296E-15));
#2633=DIRECTION('center_axis',(0.,0.707106781186548,0.707106781186548));
#2634=DIRECTION('ref_axis',(0.,0.707106781186548,-0.707106781186548));
#2635=DIRECTION('',(-1.,0.,0.));
#2636=DIRECTION('',(-0.577350269189625,0.577350269189626,-0.577350269189626));
#2637=DIRECTION('',(-1.,0.,0.));
#2638=DIRECTION('center_axis',(0.,0.707106781186547,-0.707106781186548));
#2639=DIRECTION('ref_axis',(0.,-0.707106781186548,-0.707106781186547));
#2640=DIRECTION('',(-1.,0.,0.));
#2641=DIRECTION('',(0.577350269189625,-0.577350269189627,-0.577350269189625));
#2642=DIRECTION('center_axis',(1.63820836008936E-16,0.,1.));
#2643=DIRECTION('ref_axis',(-1.,0.,1.66533453693773E-16));
#2644=DIRECTION('',(0.,-1.,0.));
#2645=DIRECTION('',(1.,0.,-1.63820836008936E-16));
#2646=DIRECTION('',(0.,1.,0.));
#2647=DIRECTION('center_axis',(-0.707106781186548,0.,-0.707106781186547));
#2648=DIRECTION('ref_axis',(0.707106781186548,0.,-0.707106781186548));
#2649=DIRECTION('',(0.,-1.,0.));
#2650=DIRECTION('',(-0.707106781186547,0.,0.707106781186548));
#2651=DIRECTION('',(0.,-1.,0.));
#2652=DIRECTION('center_axis',(-0.707106781186548,0.,-0.707106781186547));
#2653=DIRECTION('ref_axis',(-0.707106781186547,-8.88178419700125E-17,0.707106781186548));
#2654=DIRECTION('',(0.577350269189626,-0.577350269189626,-0.577350269189626));
#2655=DIRECTION('',(0.,1.,0.));
#2656=DIRECTION('',(0.,-1.,6.5420519111824E-16));
#2657=DIRECTION('center_axis',(-0.707106781186548,0.,0.707106781186547));
#2658=DIRECTION('ref_axis',(0.707106781186547,8.88178419700125E-17,0.707106781186548));
#2659=DIRECTION('',(-0.577350269189625,0.577350269189626,-0.577350269189626));
#2660=DIRECTION('',(0.,1.,2.61682076447296E-15));
#2661=DIRECTION('center_axis',(0.,0.707106781186547,0.707106781186548));
#2662=DIRECTION('ref_axis',(0.,0.707106781186548,-0.707106781186547));
#2663=DIRECTION('',(-1.,0.,0.));
#2664=DIRECTION('',(-0.577350269189629,0.577350269189625,-0.577350269189624));
#2665=DIRECTION('',(-1.,0.,0.));
#2666=DIRECTION('center_axis',(-0.707106781186548,0.,-0.707106781186547));
#2667=DIRECTION('ref_axis',(-0.707106781186547,-8.88178419700125E-17,0.707106781186548));
#2668=DIRECTION('',(0.577350269189625,-0.577350269189627,-0.577350269189626));
#2669=DIRECTION('',(0.,1.,0.));
#2670=DIRECTION('',(0.,-1.,-2.61682076447296E-15));
#2671=DIRECTION('center_axis',(-0.707106781186547,0.,0.707106781186548));
#2672=DIRECTION('ref_axis',(0.707106781186548,8.88178419700125E-17,0.707106781186547));
#2673=DIRECTION('',(-0.577350269189627,0.577350269189625,-0.577350269189626));
#2674=DIRECTION('',(0.,1.,2.61682076447296E-15));
#2675=DIRECTION('center_axis',(0.,0.707106781186548,0.707106781186547));
#2676=DIRECTION('ref_axis',(0.,0.707106781186547,-0.707106781186548));
#2677=DIRECTION('',(-1.,0.,0.));
#2678=DIRECTION('',(-0.577350269189627,0.577350269189625,-0.577350269189625));
#2679=DIRECTION('',(-1.,0.,0.));
#2680=DIRECTION('center_axis',(0.,0.707106781186548,-0.707106781186547));
#2681=DIRECTION('ref_axis',(0.,-0.707106781186547,-0.707106781186548));
#2682=DIRECTION('',(-1.,0.,0.));
#2683=DIRECTION('',(0.577350269189627,-0.577350269189625,-0.577350269189625));
#2684=DIRECTION('center_axis',(0.,0.707106781186546,-0.707106781186549));
#2685=DIRECTION('ref_axis',(0.,-0.707106781186549,-0.707106781186546));
#2686=DIRECTION('',(-1.,0.,0.));
#2687=DIRECTION('',(0.577350269189625,-0.577350269189627,-0.577350269189626));
#2688=DIRECTION('center_axis',(-3.27102595559122E-16,0.,1.));
#2689=DIRECTION('ref_axis',(-1.,0.,-3.21964677141295E-16));
#2690=DIRECTION('',(0.,-1.,0.));
#2691=DIRECTION('',(0.,1.,0.));
#2692=DIRECTION('center_axis',(-0.707106781186545,0.,0.70710678118655));
#2693=DIRECTION('ref_axis',(-0.70710678118655,0.,-0.707106781186545));
#2694=DIRECTION('',(0.,-1.,0.));
#2695=DIRECTION('center_axis',(-0.707106781186547,0.,-0.707106781186548));
#2696=DIRECTION('ref_axis',(0.707106781186548,0.,-0.707106781186547));
#2697=DIRECTION('',(0.,-1.,0.));
#2698=DIRECTION('center_axis',(0.,0.,-1.));
#2699=DIRECTION('ref_axis',(1.,0.,0.));
#2700=DIRECTION('',(0.,-1.,0.));
#2701=DIRECTION('center_axis',(-6.5420519111824E-16,0.,1.));
#2702=DIRECTION('ref_axis',(-1.,0.,-6.43929354282591E-16));
#2703=DIRECTION('',(0.,-1.,0.));
#2704=DIRECTION('',(0.,1.,0.));
#2705=DIRECTION('center_axis',(-0.707106781186546,0.,0.707106781186549));
#2706=DIRECTION('ref_axis',(-0.707106781186549,0.,-0.707106781186546));
#2707=DIRECTION('',(0.,-1.,0.));
#2708=DIRECTION('center_axis',(-6.5420519111824E-16,0.,-1.));
#2709=DIRECTION('ref_axis',(1.,0.,-6.55031584528842E-16));
#2710=DIRECTION('',(0.,-1.,0.));
#2711=DIRECTION('',(0.,-1.,0.));
#2712=DIRECTION('center_axis',(-0.707106781186548,0.,-0.707106781186547));
#2713=DIRECTION('ref_axis',(0.707106781186547,0.,-0.707106781186548));
#2714=DIRECTION('center_axis',(-0.707106781186548,0.,0.707106781186547));
#2715=DIRECTION('ref_axis',(-0.707106781186547,0.,-0.707106781186548));
#2716=DIRECTION('',(0.707106781186547,0.,0.707106781186548));
#2717=DIRECTION('center_axis',(-1.63820836008936E-16,0.,-1.));
#2718=DIRECTION('ref_axis',(1.,0.,-1.66533453693773E-16));
#2719=DIRECTION('',(0.,-1.,0.));
#2720=DIRECTION('',(-1.,0.,1.63820836008936E-16));
#2721=DIRECTION('center_axis',(0.,-1.,0.));
#2722=DIRECTION('ref_axis',(0.,0.,-1.));
#2723=DIRECTION('',(0.,0.,-1.));
#2724=DIRECTION('center_axis',(0.,1.,0.));
#2725=DIRECTION('ref_axis',(-1.,0.,0.));
#2726=DIRECTION('center_axis',(-5.55111512312578E-17,1.,0.));
#2727=DIRECTION('ref_axis',(-1.,-5.55111512312578E-17,0.));
#2728=DIRECTION('center_axis',(5.55111512312578E-17,-1.,0.));
#2729=DIRECTION('ref_axis',(-1.,0.,0.));
#2730=DIRECTION('center_axis',(5.55111512312578E-17,-1.,0.));
#2731=DIRECTION('ref_axis',(0.,0.,-1.));
#2732=DIRECTION('center_axis',(0.,1.,0.));
#2733=DIRECTION('ref_axis',(-1.,0.,0.));
#2734=DIRECTION('center_axis',(-5.55111512312578E-17,1.,0.));
#2735=DIRECTION('ref_axis',(-1.,-5.55111512312578E-17,0.));
#2736=DIRECTION('center_axis',(5.55111512312578E-17,-1.,0.));
#2737=DIRECTION('ref_axis',(-1.,0.,0.));
#2738=DIRECTION('center_axis',(5.55111512312578E-17,-1.,0.));
#2739=DIRECTION('ref_axis',(0.,0.,-1.));
#2740=DIRECTION('center_axis',(-1.,-1.46564095660087E-16,-4.44089209850063E-15));
#2741=DIRECTION('ref_axis',(-4.44089209850063E-15,0.,1.));
#2742=DIRECTION('',(4.44089209850063E-15,2.46519032881566E-31,-1.));
#2743=DIRECTION('',(-1.46564095660087E-16,1.,0.));
#2744=DIRECTION('',(-1.46564095660087E-16,1.,0.));
#2745=DIRECTION('center_axis',(0.,0.,-1.));
#2746=DIRECTION('ref_axis',(-1.,-1.33226762955019E-16,0.));
#2747=DIRECTION('',(1.,5.55111512312578E-17,0.));
#2748=DIRECTION('',(-1.46564095660087E-16,1.,0.));
#2749=DIRECTION('center_axis',(1.,1.46564095660087E-16,-2.22044604925031E-15));
#2750=DIRECTION('ref_axis',(-2.22044604925031E-15,0.,-1.));
#2751=DIRECTION('',(2.22044604925031E-15,1.23259516440783E-31,1.));
#2752=DIRECTION('',(1.46564095660087E-16,-1.,0.));
#2753=DIRECTION('center_axis',(0.,0.,1.));
#2754=DIRECTION('ref_axis',(1.,0.,0.));
#2755=DIRECTION('',(-1.,-5.55111512312578E-17,0.));
#2756=DIRECTION('',(1.,1.09923071745065E-16,0.));
#2757=DIRECTION('',(9.0567119616344E-17,-1.,0.));
#2758=DIRECTION('center_axis',(-5.55111512312578E-17,1.,0.));
#2759=DIRECTION('ref_axis',(-1.,-4.44089209850063E-17,0.));
#2760=DIRECTION('',(-1.,-5.55111512312578E-17,0.));
#2761=DIRECTION('',(0.,0.,1.));
#2762=DIRECTION('',(1.,5.55111512312578E-17,0.));
#2763=DIRECTION('',(8.3389522770215E-33,4.62904840959982E-49,1.));
#2764=DIRECTION('',(-1.,-5.55111512312578E-17,-5.44119205138071E-17));
#2765=DIRECTION('center_axis',(-7.77273494397908E-17,0.707106781186547,
0.707106781186548));
#2766=DIRECTION('ref_axis',(6.40406244332501E-17,-0.707106781186548,0.707106781186547));
#2767=DIRECTION('',(1.,1.09923071745065E-16,0.));
#2768=DIRECTION('',(6.40406244332501E-17,-0.707106781186548,0.707106781186547));
#2769=DIRECTION('center_axis',(1.,1.09923071745065E-16,0.));
#2770=DIRECTION('ref_axis',(-8.80340318441862E-17,0.800869466678987,-0.598838957768543));
#2771=DIRECTION('',(1.,1.09923071745065E-16,0.));
#2772=DIRECTION('center_axis',(-1.,-9.0567119616344E-17,6.16297582203915E-33));
#2773=DIRECTION('ref_axis',(-7.25324407857935E-17,0.800869466678987,-0.598838957768543));
#2774=DIRECTION('center_axis',(7.77273494397908E-17,-0.707106781186547,
-0.707106781186548));
#2775=DIRECTION('ref_axis',(-6.40406244332501E-17,0.707106781186548,-0.707106781186547));
#2776=DIRECTION('',(-6.40406244332501E-17,0.707106781186548,-0.707106781186547));
#2777=DIRECTION('center_axis',(1.,9.0567119616344E-17,-8.3389522770215E-33));
#2778=DIRECTION('ref_axis',(0.,0.,-1.));
#2779=DIRECTION('center_axis',(7.77273494397908E-17,-0.707106781186547,
-0.707106781186548));
#2780=DIRECTION('ref_axis',(-6.40406244332501E-17,0.707106781186548,-0.707106781186547));
#2781=DIRECTION('',(-6.40406244332501E-17,0.707106781186548,-0.707106781186547));
#2782=DIRECTION('',(1.,1.09923071745065E-16,0.));
#2783=DIRECTION('center_axis',(-7.77273494397908E-17,0.707106781186547,
0.707106781186548));
#2784=DIRECTION('ref_axis',(6.40406244332501E-17,-0.707106781186548,0.707106781186547));
#2785=DIRECTION('',(6.40406244332501E-17,-0.707106781186548,0.707106781186547));
#2786=DIRECTION('center_axis',(1.,9.0567119616344E-17,-8.3389522770215E-33));
#2787=DIRECTION('ref_axis',(0.,0.,-1.));
#2788=DIRECTION('',(-9.0567119616344E-17,1.,0.));
#2789=DIRECTION('center_axis',(0.,0.,1.));
#2790=DIRECTION('ref_axis',(1.,0.,0.));
#2791=DIRECTION('',(0.,1.,0.));
#2792=DIRECTION('center_axis',(0.,0.,-1.));
#2793=DIRECTION('ref_axis',(-1.,0.,0.));
#2794=DIRECTION('',(0.,-1.,0.));
#2795=DIRECTION('center_axis',(1.,0.,0.));
#2796=DIRECTION('ref_axis',(0.,1.,0.));
#2797=CARTESIAN_POINT('',(0.,0.,0.));
#2798=CARTESIAN_POINT('Origin',(-2.1,-9.03993156125106E-16,4.54066098963868E-17));
#2799=CARTESIAN_POINT('',(-2.1,-7.20296136253003E-16,1.5));
#2800=CARTESIAN_POINT('Origin',(-2.1,-9.03993156125106E-16,4.54066098963868E-17));
#2801=CARTESIAN_POINT('Origin',(2.77555756156289E-16,-7.13802204930783E-16,
4.54066098963868E-17));
#2802=CARTESIAN_POINT('',(2.77555756156289E-16,-5.3010518505868E-16,1.5));
#2803=CARTESIAN_POINT('Origin',(2.77555756156289E-16,-7.13802204930783E-16,
4.54066098963868E-17));
#2804=CARTESIAN_POINT('Origin',(1.,0.,0.));
#2805=CARTESIAN_POINT('',(2.77555756156289E-16,1.17622836238706E-16,1.7));
#2806=CARTESIAN_POINT('Origin',(2.77555756156289E-16,-9.0567119616344E-17,
0.));
#2807=CARTESIAN_POINT('',(1.,2.0818995585505E-16,1.7));
#2808=CARTESIAN_POINT('Origin',(1.,-6.22251794856239E-48,0.));
#2809=CARTESIAN_POINT('Origin',(2.77555756156289E-16,-5.65529338128772E-17,
-1.53405906201788E-16));
#2810=CARTESIAN_POINT('Origin',(2.28681977031269E-16,-8.32667268468867E-16,
0.));
#2811=CARTESIAN_POINT('',(3.23593436189782E-16,-1.04796817609495,1.40152156668823));
#2812=CARTESIAN_POINT('',(1.,-1.04796817609495,1.40152156668823));
#2813=CARTESIAN_POINT('',(3.23593436189782E-16,-1.04796817609495,1.40152156668823));
#2814=CARTESIAN_POINT('',(1.0175020565613E-16,1.40152156668822,-1.04796817609495));
#2815=CARTESIAN_POINT('Origin',(2.28681977031269E-16,-8.32667268468867E-16,
0.));
#2816=CARTESIAN_POINT('',(1.,1.40152156668822,-1.04796817609495));
#2817=CARTESIAN_POINT('',(1.0175020565613E-16,1.40152156668822,-1.04796817609495));
#2818=CARTESIAN_POINT('Origin',(1.,-7.42100148852523E-16,0.));
#2819=CARTESIAN_POINT('Origin',(2.28681977031269E-16,-8.32667268468867E-16,
0.));
#2820=CARTESIAN_POINT('',(3.55613748406407E-16,-1.40152156668823,1.04796817609495));
#2821=CARTESIAN_POINT('',(1.,-1.40152156668823,1.04796817609495));
#2822=CARTESIAN_POINT('',(3.55613748406407E-16,-1.40152156668823,1.04796817609495));
#2823=CARTESIAN_POINT('',(1.,1.04796817609495,-1.40152156668823));
#2824=CARTESIAN_POINT('Origin',(1.,-7.42100148852523E-16,0.));
#2825=CARTESIAN_POINT('',(1.33770517872755E-16,1.04796817609495,-1.40152156668823));
#2826=CARTESIAN_POINT('',(1.33770517872755E-16,1.04796817609495,-1.40152156668823));
#2827=CARTESIAN_POINT('Origin',(2.28681977031269E-16,-8.32667268468867E-16,
0.));
#2828=CARTESIAN_POINT('Origin',(1.,-7.58621324814207E-16,-2.16113544027772E-16));
#2829=CARTESIAN_POINT('Origin',(1.,1.09923071745065E-16,0.));
#2830=CARTESIAN_POINT('Origin',(1.,1.09923071745065E-16,0.));
#2831=CARTESIAN_POINT('Origin',(0.,2.525,0.));
#2832=CARTESIAN_POINT('',(4.25343641845912E-16,-2.17144660940672,2.525));
#2833=CARTESIAN_POINT('',(2.10962134298552E-16,0.195654259600844,0.157899130992433));
#2834=CARTESIAN_POINT('',(0.,2.525,2.525));
#2835=CARTESIAN_POINT('',(0.,2.525,2.525));
#2836=CARTESIAN_POINT('',(0.,2.525,-2.17144660940673));
#2837=CARTESIAN_POINT('',(0.,2.525,0.));
#2838=CARTESIAN_POINT('',(4.91654162036609E-17,1.98213834764832,-1.62858495705505));
#2839=CARTESIAN_POINT('Origin',(0.,2.525,0.));
#2840=CARTESIAN_POINT('',(3.20203122166251E-17,2.17144660940673,-2.525));
#2841=CARTESIAN_POINT('',(1.32060831248351E-16,1.06684574039916,-1.42039913099243));
#2842=CARTESIAN_POINT('',(4.57363954062537E-16,-2.525,-2.525));
#2843=CARTESIAN_POINT('',(0.,2.525,-2.525));
#2844=CARTESIAN_POINT('',(4.57363954062537E-16,-2.525,2.17144660940672));
#2845=CARTESIAN_POINT('',(4.57363954062537E-16,-2.525,0.));
#2846=CARTESIAN_POINT('',(2.93857549343242E-16,-0.71963834764832,0.366084957055043));
#2847=CARTESIAN_POINT('Origin',(2.28681977031269E-16,0.,0.));
#2848=CARTESIAN_POINT('',(5.05,1.40152156668822,-1.04796817609495));
#2849=CARTESIAN_POINT('',(1.0175020565613E-16,1.40152156668822,-1.04796817609495));
#2850=CARTESIAN_POINT('',(5.05,1.04796817609495,-1.40152156668823));
#2851=CARTESIAN_POINT('Origin',(5.05,5.55111512312578E-16,0.));
#2852=CARTESIAN_POINT('',(1.33770517872755E-16,1.04796817609495,-1.40152156668823));
#2853=CARTESIAN_POINT('Origin',(5.21644660940673,-2.48310678118655,-1.38777878078144E-16));
#2854=CARTESIAN_POINT('',(5.57,-5.525,-0.353553390593274));
#2855=CARTESIAN_POINT('',(5.21644660940673,-5.525,4.62592926927149E-16));
#2856=CARTESIAN_POINT('',(5.30483495705505,-5.525,-0.0883883476483183));
#2857=CARTESIAN_POINT('',(5.21644660940673,-2.48310678118655,-1.38777878078145E-16));
#2858=CARTESIAN_POINT('',(5.21644660940673,-2.48310678118655,-1.38777878078144E-16));
#2859=CARTESIAN_POINT('',(5.57,-2.48310678118655,-0.353553390593274));
#2860=CARTESIAN_POINT('',(5.21644660940673,-2.48310678118655,-1.97769977974884E-16));
#2861=CARTESIAN_POINT('',(5.57,-2.48310678118655,-0.353553390593274));
#2862=CARTESIAN_POINT('Origin',(5.57,-2.48310678118655,0.353553390593274));
#2863=CARTESIAN_POINT('',(5.57,-5.525,0.353553390593274));
#2864=CARTESIAN_POINT('',(5.48161165235168,-5.525,0.265165042944956));
#2865=CARTESIAN_POINT('',(5.57,-2.48310678118655,0.353553390593274));
#2866=CARTESIAN_POINT('',(5.57,-2.48310678118655,0.353553390593274));
#2867=CARTESIAN_POINT('',(5.57,-2.48310678118655,0.353553390593274));
#2868=CARTESIAN_POINT('Origin',(5.92355339059328,-2.48310678118655,-2.77555756156289E-16));
#2869=CARTESIAN_POINT('',(5.92355339059328,-5.525,3.23815048849004E-16));
#2870=CARTESIAN_POINT('',(5.83516504294496,-5.525,0.0883883476483184));
#2871=CARTESIAN_POINT('',(5.92355339059328,-2.48310678118655,2.08166817117217E-16));
#2872=CARTESIAN_POINT('',(5.92355339059328,-2.48310678118655,-2.77555756156289E-16));
#2873=CARTESIAN_POINT('',(5.92355339059328,-2.48310678118655,4.45914299629257E-16));
#2874=CARTESIAN_POINT('Origin',(5.57,-2.48310678118655,-0.353553390593274));
#2875=CARTESIAN_POINT('',(5.65838834764832,-5.525,-0.265165042944955));
#2876=CARTESIAN_POINT('',(5.57,-2.48310678118655,-0.353553390593274));
#2877=CARTESIAN_POINT('Origin',(5.57,-5.525,3.81473374290801E-16));
#2878=CARTESIAN_POINT('Origin',(5.92355339059328,-2.48310678118655,0.176776695296637));
#2879=CARTESIAN_POINT('',(5.92355339059328,-2.12955339059327,0.353553390593274));
#2880=CARTESIAN_POINT('',(5.92355339059328,-2.39471843353823,0.0883883476483186));
#2881=CARTESIAN_POINT('Origin',(5.92355339059328,-2.48310678118655,0.353553390593274));
#2882=CARTESIAN_POINT('Origin',(5.92355339059328,-2.48310678118655,-0.176776695296637));
#2883=CARTESIAN_POINT('',(5.92355339059328,-2.12955339059327,-0.353553390593274));
#2884=CARTESIAN_POINT('',(5.92355339059328,-2.21794173824159,-0.265165042944956));
#2885=CARTESIAN_POINT('Origin',(5.92355339059328,-2.48310678118655,-0.353553390593274));
#2886=CARTESIAN_POINT('Origin',(5.92355339059328,-2.48310678118655,-0.176776695296637));
#2887=CARTESIAN_POINT('',(5.92355339059328,-1.776,-2.08166817117217E-16));
#2888=CARTESIAN_POINT('',(5.92355339059328,-1.86438834764832,-0.0883883476483186));
#2889=CARTESIAN_POINT('Origin',(5.92355339059328,-2.48310678118655,-4.06470994104082E-17));
#2890=CARTESIAN_POINT('Origin',(5.92355339059328,-2.48310678118655,0.176776695296637));
#2891=CARTESIAN_POINT('',(5.92355339059328,-2.04116504294496,0.265165042944955));
#2892=CARTESIAN_POINT('Origin',(8.02289321881345,-2.12955339059327,-0.353553390593274));
#2893=CARTESIAN_POINT('',(8.02289321881345,-2.12955339059327,-0.353553390593274));
#2894=CARTESIAN_POINT('',(8.02289321881345,-2.12955339059327,-0.353553390593274));
#2895=CARTESIAN_POINT('',(8.02289321881345,-2.48310678118655,-3.46944695195361E-17));
#2896=CARTESIAN_POINT('',(8.02289321881345,-2.12955339059327,-0.353553390593274));
#2897=CARTESIAN_POINT('',(8.02289321881345,-2.48310678118655,2.08166817117217E-16));
#2898=CARTESIAN_POINT('Origin',(8.02289321881345,-1.776,-2.08166817117217E-16));
#2899=CARTESIAN_POINT('',(8.02289321881345,-1.776,-5.08791250176688E-16));
#2900=CARTESIAN_POINT('',(8.02289321881345,-1.776,-2.08166817117217E-16));
#2901=CARTESIAN_POINT('',(8.02289321881345,-1.776,-5.08791250176688E-16));
#2902=CARTESIAN_POINT('Origin',(8.02289321881345,-2.12955339059327,0.353553390593274));
#2903=CARTESIAN_POINT('',(8.02289321881345,-2.12955339059327,0.353553390593274));
#2904=CARTESIAN_POINT('',(8.02289321881345,-2.12955339059327,0.353553390593274));
#2905=CARTESIAN_POINT('',(8.02289321881345,-2.12955339059327,0.353553390593274));
#2906=CARTESIAN_POINT('Origin',(8.02289321881345,-2.48310678118655,2.08166817117217E-16));
#2907=CARTESIAN_POINT('',(8.02289321881345,-2.48310678118655,-4.25640101635424E-17));
#2908=CARTESIAN_POINT('Origin',(8.02289321881345,-1.776,0.176776695296637));
#2909=CARTESIAN_POINT('',(8.37644660940673,-1.776,0.353553390593274));
#2910=CARTESIAN_POINT('',(8.37644660940673,-1.776,0.353553390593274));
#2911=CARTESIAN_POINT('Origin',(8.02289321881345,-1.776,0.353553390593273));
#2912=CARTESIAN_POINT('Origin',(8.02289321881345,-1.776,0.176776695296637));
#2913=CARTESIAN_POINT('',(8.73,-1.776,-4.25640101635424E-17));
#2914=CARTESIAN_POINT('',(8.73,-1.776,-6.93889390390723E-17));
#2915=CARTESIAN_POINT('Origin',(8.02289321881345,-1.776,-1.31888474571147E-16));
#2916=CARTESIAN_POINT('Origin',(8.02289321881345,-1.776,-0.176776695296637));
#2917=CARTESIAN_POINT('',(8.37644660940673,-1.776,-0.353553390593274));
#2918=CARTESIAN_POINT('',(8.37644660940673,-1.776,-0.353553390593274));
#2919=CARTESIAN_POINT('Origin',(8.02289321881345,-1.776,-0.353553390593274));
#2920=CARTESIAN_POINT('Origin',(8.02289321881345,-1.776,-0.176776695296637));
#2921=CARTESIAN_POINT('',(8.02289321881345,-1.776,-4.85722573273506E-16));
#2922=CARTESIAN_POINT('Origin',(7.19355339059327,-2.48310678118655,1.27));
#2923=CARTESIAN_POINT('',(6.84,-5.525,1.62355339059327));
#2924=CARTESIAN_POINT('',(7.19355339059327,-5.525,1.27));
#2925=CARTESIAN_POINT('',(7.10516504294496,-5.525,1.35838834764832));
#2926=CARTESIAN_POINT('',(7.19355339059327,-2.48310678118655,1.27));
#2927=CARTESIAN_POINT('',(7.19355339059327,-2.48310678118655,1.27));
#2928=CARTESIAN_POINT('',(6.84,-2.48310678118655,1.62355339059327));
#2929=CARTESIAN_POINT('',(7.19355339059327,-2.48310678118655,1.27));
#2930=CARTESIAN_POINT('',(6.84,-2.48310678118655,1.62355339059327));
#2931=CARTESIAN_POINT('Origin',(6.84,-2.48310678118655,0.916446609406725));
#2932=CARTESIAN_POINT('',(6.84,-5.525,0.916446609406726));
#2933=CARTESIAN_POINT('',(6.92838834764832,-5.525,1.00483495705504));
#2934=CARTESIAN_POINT('',(6.84,-2.48310678118655,0.916446609406725));
#2935=CARTESIAN_POINT('',(6.84,-2.48310678118655,0.916446609406725));
#2936=CARTESIAN_POINT('',(6.84,-2.48310678118655,0.916446609406725));
#2937=CARTESIAN_POINT('Origin',(6.48644660940673,-2.48310678118655,1.27));
#2938=CARTESIAN_POINT('',(6.48644660940673,-5.525,1.27));
#2939=CARTESIAN_POINT('',(6.57483495705504,-5.525,1.18161165235168));
#2940=CARTESIAN_POINT('',(6.48644660940673,-2.48310678118655,1.27));
#2941=CARTESIAN_POINT('',(6.48644660940673,-2.48310678118655,1.27));
#2942=CARTESIAN_POINT('',(6.48644660940673,-2.48310678118655,1.27));
#2943=CARTESIAN_POINT('Origin',(6.84,-2.48310678118655,1.62355339059327));
#2944=CARTESIAN_POINT('',(6.75161165235168,-5.525,1.53516504294496));
#2945=CARTESIAN_POINT('',(6.84,-2.48310678118655,1.62355339059327));
#2946=CARTESIAN_POINT('Origin',(6.84,-5.525,1.27));
#2947=CARTESIAN_POINT('Origin',(7.19355339059327,-2.48310678118655,1.09322330470336));
#2948=CARTESIAN_POINT('',(7.19355339059327,-2.12955339059327,0.916446609406725));
#2949=CARTESIAN_POINT('',(7.19355339059327,-1.776,1.27));
#2950=CARTESIAN_POINT('',(7.19355339059327,-1.86438834764832,1.18161165235168));
#2951=CARTESIAN_POINT('Origin',(7.19355339059328,-2.48310678118655,0.916446609406725));
#2952=CARTESIAN_POINT('Origin',(7.19355339059327,-2.48310678118655,1.27));
#2953=CARTESIAN_POINT('Origin',(7.19355339059327,-2.48310678118655,1.44677669529664));
#2954=CARTESIAN_POINT('',(7.19355339059327,-2.12955339059327,1.62355339059327));
#2955=CARTESIAN_POINT('',(7.19355339059327,-2.04116504294496,1.53516504294496));
#2956=CARTESIAN_POINT('Origin',(7.19355339059328,-2.48310678118655,1.62355339059327));
#2957=CARTESIAN_POINT('Origin',(7.19355339059327,-2.48310678118655,1.62355339059327));
#2958=CARTESIAN_POINT('',(7.19355339059327,-2.39471843353823,1.35838834764832));
#2959=CARTESIAN_POINT('Origin',(7.19355339059327,-2.48310678118655,1.09322330470336));
#2960=CARTESIAN_POINT('',(7.19355339059327,-2.21794173824159,1.00483495705504));
#2961=CARTESIAN_POINT('Origin',(9.29289321881345,-2.12955339059327,1.62355339059327));
#2962=CARTESIAN_POINT('',(9.29289321881345,-2.12955339059327,1.62355339059327));
#2963=CARTESIAN_POINT('',(9.29289321881345,-2.12955339059327,1.62355339059327));
#2964=CARTESIAN_POINT('',(9.29289321881345,-1.776,1.27));
#2965=CARTESIAN_POINT('',(9.29289321881345,-2.12955339059327,1.62355339059327));
#2966=CARTESIAN_POINT('',(9.29289321881345,-1.776,1.27));
#2967=CARTESIAN_POINT('Origin',(9.29289321881345,-2.48310678118655,1.27));
#2968=CARTESIAN_POINT('',(9.29289321881345,-2.48310678118655,1.27));
#2969=CARTESIAN_POINT('',(9.29289321881345,-2.48310678118655,1.27));
#2970=CARTESIAN_POINT('',(9.29289321881345,-2.48310678118655,1.27));
#2971=CARTESIAN_POINT('Origin',(9.29289321881345,-2.12955339059327,0.916446609406725));
#2972=CARTESIAN_POINT('',(9.29289321881345,-2.12955339059327,0.916446609406725));
#2973=CARTESIAN_POINT('',(9.29289321881345,-2.12955339059327,0.916446609406725));
#2974=CARTESIAN_POINT('',(9.29289321881345,-2.12955339059327,0.916446609406725));
#2975=CARTESIAN_POINT('Origin',(9.29289321881345,-1.776,1.27));
#2976=CARTESIAN_POINT('',(9.29289321881345,-1.776,1.27));
#2977=CARTESIAN_POINT('Origin',(9.29289321881345,-1.776,1.09322330470336));
#2978=CARTESIAN_POINT('',(9.64644660940673,-1.776,0.916446609406727));
#2979=CARTESIAN_POINT('',(10.,-1.776,1.27));
#2980=CARTESIAN_POINT('',(9.64644660940673,-1.776,0.916446609406727));
#2981=CARTESIAN_POINT('Origin',(9.29289321881345,-1.776,1.27));
#2982=CARTESIAN_POINT('Origin',(9.29289321881345,-1.776,0.916446609406725));
#2983=CARTESIAN_POINT('Origin',(9.29289321881345,-1.776,0.916446609406725));
#2984=CARTESIAN_POINT('',(9.29289321881345,-1.776,1.27));
#2985=CARTESIAN_POINT('Origin',(9.29289321881345,-1.776,1.44677669529664));
#2986=CARTESIAN_POINT('',(9.64644660940673,-1.776,1.62355339059327));
#2987=CARTESIAN_POINT('',(9.64644660940673,-1.776,1.62355339059327));
#2988=CARTESIAN_POINT('Origin',(9.29289321881345,-1.776,1.62355339059327));
#2989=CARTESIAN_POINT('Origin',(9.29289321881345,-1.776,1.44677669529664));
#2990=CARTESIAN_POINT('',(10.,-1.776,1.27));
#2991=CARTESIAN_POINT('Origin',(7.19355339059327,-2.48310678118655,-1.27));
#2992=CARTESIAN_POINT('',(6.84,-5.525,-0.916446609406726));
#2993=CARTESIAN_POINT('',(7.19355339059327,-5.525,-1.27));
#2994=CARTESIAN_POINT('',(7.10516504294496,-5.525,-1.18161165235168));
#2995=CARTESIAN_POINT('',(7.19355339059327,-2.48310678118655,-1.27));
#2996=CARTESIAN_POINT('',(7.19355339059327,-2.48310678118655,-1.27));
#2997=CARTESIAN_POINT('',(6.84,-2.48310678118655,-0.916446609406726));
#2998=CARTESIAN_POINT('',(7.19355339059327,-2.48310678118655,-1.27));
#2999=CARTESIAN_POINT('',(6.84,-2.48310678118655,-0.916446609406726));
#3000=CARTESIAN_POINT('Origin',(6.84,-2.48310678118655,-1.62355339059328));
#3001=CARTESIAN_POINT('',(6.84,-5.525,-1.62355339059327));
#3002=CARTESIAN_POINT('',(6.92838834764832,-5.525,-1.53516504294496));
#3003=CARTESIAN_POINT('',(6.84,-2.48310678118655,-1.62355339059328));
#3004=CARTESIAN_POINT('',(6.84,-2.48310678118655,-1.62355339059328));
#3005=CARTESIAN_POINT('',(6.84,-2.48310678118655,-1.62355339059328));
#3006=CARTESIAN_POINT('Origin',(6.48644660940673,-2.48310678118655,-1.27));
#3007=CARTESIAN_POINT('',(6.48644660940673,-5.525,-1.27));
#3008=CARTESIAN_POINT('',(6.57483495705504,-5.525,-1.35838834764832));
#3009=CARTESIAN_POINT('',(6.48644660940673,-2.48310678118655,-1.27));
#3010=CARTESIAN_POINT('',(6.48644660940673,-2.48310678118655,-1.27));
#3011=CARTESIAN_POINT('',(6.48644660940673,-2.48310678118655,-1.27));
#3012=CARTESIAN_POINT('Origin',(6.84,-2.48310678118655,-0.916446609406726));
#3013=CARTESIAN_POINT('',(6.75161165235168,-5.525,-1.00483495705504));
#3014=CARTESIAN_POINT('',(6.84,-2.48310678118655,-0.916446609406726));
#3015=CARTESIAN_POINT('Origin',(6.84,-5.525,-1.27));
#3016=CARTESIAN_POINT('Origin',(7.19355339059327,-2.48310678118655,-1.44677669529664));
#3017=CARTESIAN_POINT('',(7.19355339059327,-2.12955339059327,-1.62355339059328));
#3018=CARTESIAN_POINT('',(7.19355339059327,-1.776,-1.27));
#3019=CARTESIAN_POINT('',(7.19355339059327,-1.86438834764832,-1.35838834764832));
#3020=CARTESIAN_POINT('Origin',(7.19355339059328,-2.48310678118655,-1.62355339059328));
#3021=CARTESIAN_POINT('Origin',(7.19355339059327,-2.48310678118655,-1.27));
#3022=CARTESIAN_POINT('Origin',(7.19355339059327,-2.48310678118655,-1.09322330470336));
#3023=CARTESIAN_POINT('',(7.19355339059327,-2.12955339059327,-0.916446609406726));
#3024=CARTESIAN_POINT('',(7.19355339059327,-2.04116504294496,-1.00483495705504));
#3025=CARTESIAN_POINT('Origin',(7.19355339059328,-2.48310678118655,-0.916446609406726));
#3026=CARTESIAN_POINT('Origin',(7.19355339059327,-2.48310678118655,-0.916446609406726));
#3027=CARTESIAN_POINT('',(7.19355339059327,-2.39471843353823,-1.18161165235168));
#3028=CARTESIAN_POINT('Origin',(7.19355339059327,-2.48310678118655,-1.44677669529664));
#3029=CARTESIAN_POINT('',(7.19355339059327,-2.21794173824159,-1.53516504294496));
#3030=CARTESIAN_POINT('Origin',(9.29289321881345,-2.12955339059327,-0.916446609406726));
#3031=CARTESIAN_POINT('',(9.29289321881345,-2.12955339059327,-0.916446609406726));
#3032=CARTESIAN_POINT('',(9.29289321881345,-2.12955339059327,-0.916446609406726));
#3033=CARTESIAN_POINT('',(9.29289321881345,-1.776,-1.27));
#3034=CARTESIAN_POINT('',(9.29289321881345,-2.12955339059327,-0.916446609406726));
#3035=CARTESIAN_POINT('',(9.29289321881345,-1.776,-1.27));
#3036=CARTESIAN_POINT('Origin',(9.29289321881345,-2.48310678118655,-1.27));
#3037=CARTESIAN_POINT('',(9.29289321881345,-2.48310678118655,-1.27));
#3038=CARTESIAN_POINT('',(9.29289321881345,-2.48310678118655,-1.27));
#3039=CARTESIAN_POINT('',(9.29289321881345,-2.48310678118655,-1.27));
#3040=CARTESIAN_POINT('Origin',(9.29289321881345,-2.12955339059327,-1.62355339059328));
#3041=CARTESIAN_POINT('',(9.29289321881345,-2.12955339059327,-1.62355339059328));
#3042=CARTESIAN_POINT('',(9.29289321881345,-2.12955339059327,-1.62355339059328));
#3043=CARTESIAN_POINT('',(9.29289321881345,-2.12955339059327,-1.62355339059328));
#3044=CARTESIAN_POINT('Origin',(9.29289321881345,-1.776,-1.27));
#3045=CARTESIAN_POINT('',(9.29289321881345,-1.776,-1.27));
#3046=CARTESIAN_POINT('Origin',(9.29289321881345,-1.776,-1.44677669529664));
#3047=CARTESIAN_POINT('',(9.64644660940673,-1.776,-1.62355339059328));
#3048=CARTESIAN_POINT('',(10.,-1.776,-1.27));
#3049=CARTESIAN_POINT('',(9.64644660940673,-1.776,-1.62355339059328));
#3050=CARTESIAN_POINT('Origin',(9.29289321881345,-1.776,-1.27));
#3051=CARTESIAN_POINT('Origin',(9.29289321881345,-1.776,-1.62355339059328));
#3052=CARTESIAN_POINT('Origin',(9.29289321881345,-1.776,-1.62355339059328));
#3053=CARTESIAN_POINT('',(9.29289321881345,-1.776,-1.27));
#3054=CARTESIAN_POINT('Origin',(9.29289321881345,-1.776,-1.09322330470336));
#3055=CARTESIAN_POINT('',(9.64644660940673,-1.776,-0.916446609406726));
#3056=CARTESIAN_POINT('',(9.64644660940673,-1.776,-0.916446609406726));
#3057=CARTESIAN_POINT('Origin',(9.29289321881345,-1.776,-0.916446609406726));
#3058=CARTESIAN_POINT('Origin',(9.29289321881345,-1.776,-1.09322330470336));
#3059=CARTESIAN_POINT('',(10.,-1.776,-1.27));
#3060=CARTESIAN_POINT('Origin',(8.37644660940673,0.,0.353553390593274));
#3061=CARTESIAN_POINT('',(8.02289321881345,0.,-5.08791250176688E-16));
#3062=CARTESIAN_POINT('',(8.37644660940673,0.,0.353553390593274));
#3063=CARTESIAN_POINT('',(8.27038059222874,0.,0.247487373415292));
#3064=CARTESIAN_POINT('',(8.02289321881345,0.,-5.08791250176688E-16));
#3065=CARTESIAN_POINT('',(8.37644660940673,0.,0.353553390593274));
#3066=CARTESIAN_POINT('Origin',(8.73,0.,-5.59764746013073E-17));
#3067=CARTESIAN_POINT('',(8.73,0.,-4.25640101635424E-17));
#3068=CARTESIAN_POINT('',(8.62393398282202,0.,0.106066017177982));
#3069=CARTESIAN_POINT('',(8.73,0.,-4.25640101635424E-17));
#3070=CARTESIAN_POINT('Origin',(8.37644660940673,0.,-0.353553390593274));
#3071=CARTESIAN_POINT('',(8.37644660940673,0.,-0.353553390593274));
#3072=CARTESIAN_POINT('',(8.44715728752538,0.,-0.282842712474619));
#3073=CARTESIAN_POINT('',(8.37644660940673,0.,-0.353553390593274));
#3074=CARTESIAN_POINT('Origin',(8.02289321881345,0.,-4.97256911725097E-16));
#3075=CARTESIAN_POINT('',(8.09360389693211,0.,-0.0707106781186551));
#3076=CARTESIAN_POINT('Origin',(9.64644660940673,0.,-1.62355339059328));
#3077=CARTESIAN_POINT('',(10.,0.,-1.27));
#3078=CARTESIAN_POINT('',(9.64644660940673,0.,-1.62355339059328));
#3079=CARTESIAN_POINT('',(9.71715728752538,0.,-1.55284271247462));
#3080=CARTESIAN_POINT('',(10.,0.,-1.27));
#3081=CARTESIAN_POINT('',(9.64644660940673,0.,-1.62355339059328));
#3082=CARTESIAN_POINT('Origin',(9.29289321881345,0.,-1.27));
#3083=CARTESIAN_POINT('',(9.29289321881345,0.,-1.27));
#3084=CARTESIAN_POINT('',(9.50073593128807,0.,-1.47784271247462));
#3085=CARTESIAN_POINT('',(9.29289321881345,0.,-1.27));
#3086=CARTESIAN_POINT('Origin',(9.64644660940673,0.,-0.916446609406726));
#3087=CARTESIAN_POINT('',(9.64644660940673,0.,-0.916446609406726));
#3088=CARTESIAN_POINT('',(9.54038059222874,0.,-1.02251262658471));
#3089=CARTESIAN_POINT('',(9.64644660940673,0.,-0.916446609406726));
#3090=CARTESIAN_POINT('Origin',(10.,0.,-1.27));
#3091=CARTESIAN_POINT('',(10.031066017178,0.,-1.30106601717798));
#3092=CARTESIAN_POINT('Origin',(9.64644660940673,0.,1.62355339059327));
#3093=CARTESIAN_POINT('',(9.29289321881345,0.,1.27));
#3094=CARTESIAN_POINT('',(9.64644660940673,0.,1.62355339059327));
#3095=CARTESIAN_POINT('',(9.56501262658471,0.,1.54211940777126));
#3096=CARTESIAN_POINT('',(9.29289321881345,0.,1.27));
#3097=CARTESIAN_POINT('',(9.64644660940673,0.,1.62355339059327));
#3098=CARTESIAN_POINT('Origin',(10.,0.,1.27));
#3099=CARTESIAN_POINT('',(10.,0.,1.27));
#3100=CARTESIAN_POINT('',(9.91856601717798,0.,1.35143398282202));
#3101=CARTESIAN_POINT('',(10.,0.,1.27));
#3102=CARTESIAN_POINT('Origin',(9.64644660940673,0.,0.916446609406727));
#3103=CARTESIAN_POINT('',(9.64644660940673,0.,0.916446609406727));
#3104=CARTESIAN_POINT('',(9.74178932188135,0.,1.01178932188135));
#3105=CARTESIAN_POINT('',(9.64644660940673,0.,0.916446609406727));
#3106=CARTESIAN_POINT('Origin',(9.29289321881345,0.,1.27));
#3107=CARTESIAN_POINT('',(9.38823593128807,0.,1.17465728752538));
#3108=CARTESIAN_POINT('Origin',(9.85,0.,-1.54426406871193));
#3109=CARTESIAN_POINT('',(10.,0.,-0.845735931288072));
#3110=CARTESIAN_POINT('',(10.,0.,-0.772132034355964));
#3111=CARTESIAN_POINT('',(9.57573593128807,0.,-0.845735931288073));
#3112=CARTESIAN_POINT('',(9.57573593128807,0.,-0.845735931288073));
#3113=CARTESIAN_POINT('',(9.15147186257614,0.,-1.27));
#3114=CARTESIAN_POINT('',(9.15147186257614,0.,-1.27));
#3115=CARTESIAN_POINT('',(9.57573593128807,0.,-1.69426406871193));
#3116=CARTESIAN_POINT('',(9.57573593128807,0.,-1.69426406871193));
#3117=CARTESIAN_POINT('',(10.,0.,-1.69426406871193));
#3118=CARTESIAN_POINT('',(10.,0.,-1.69426406871193));
#3119=CARTESIAN_POINT('',(10.,0.,-0.772132034355964));
#3120=CARTESIAN_POINT('Origin',(9.67426406871193,0.,1.27));
#3121=CARTESIAN_POINT('',(9.57573593128807,0.,1.69426406871193));
#3122=CARTESIAN_POINT('',(10.,0.,1.69426406871193));
#3123=CARTESIAN_POINT('',(9.57573593128807,0.,1.69426406871193));
#3124=CARTESIAN_POINT('',(9.15147186257614,0.,1.27));
#3125=CARTESIAN_POINT('',(9.15147186257614,0.,1.27));
#3126=CARTESIAN_POINT('',(9.57573593128807,0.,0.845735931288072));
#3127=CARTESIAN_POINT('',(9.57573593128807,0.,0.845735931288072));
#3128=CARTESIAN_POINT('',(10.,0.,0.845735931288071));
#3129=CARTESIAN_POINT('',(10.,0.,0.845735931288071));
#3130=CARTESIAN_POINT('',(10.,0.,0.635));
#3131=CARTESIAN_POINT('',(10.,0.,0.635));
#3132=CARTESIAN_POINT('Origin',(5.57,-2.525,-0.424264068711928));
#3133=CARTESIAN_POINT('',(5.14573593128807,-1.67647186257614,-5.55111512312578E-16));
#3134=CARTESIAN_POINT('',(5.57,-2.10073593128807,-0.424264068711928));
#3135=CARTESIAN_POINT('',(5.57,-2.10073593128807,-0.424264068711928));
#3136=CARTESIAN_POINT('',(5.14573593128807,-2.525,-5.55111512312578E-16));
#3137=CARTESIAN_POINT('',(5.14573593128807,-2.525,-5.55111512312578E-16));
#3138=CARTESIAN_POINT('',(5.57,-2.525,-0.424264068711928));
#3139=CARTESIAN_POINT('',(4.07143398282202,-2.525,1.07430194846605));
#3140=CARTESIAN_POINT('',(5.57,-2.525,-0.424264068711928));
#3141=CARTESIAN_POINT('Origin',(4.57363954062537E-16,-2.525,0.));
#3142=CARTESIAN_POINT('',(5.57,-2.525,0.424264068711929));
#3143=CARTESIAN_POINT('',(3.85930194846606,-2.525,-1.28643398282202));
#3144=CARTESIAN_POINT('',(10.,-2.525,0.424264068711929));
#3145=CARTESIAN_POINT('',(5.,-2.525,0.424264068711929));
#3146=CARTESIAN_POINT('',(10.,-2.525,0.845735931288071));
#3147=CARTESIAN_POINT('',(10.,-2.525,0.));
#3148=CARTESIAN_POINT('',(6.24,-2.525,0.845735931288071));
#3149=CARTESIAN_POINT('',(4.78786796564404,-2.525,0.845735931288075));
#3150=CARTESIAN_POINT('',(5.81573593128807,-2.525,1.27));
#3151=CARTESIAN_POINT('',(4.89143398282202,-2.525,2.19430194846605));
#3152=CARTESIAN_POINT('',(6.24,-2.525,1.69426406871193));
#3153=CARTESIAN_POINT('',(4.04430194846605,-2.525,-0.501433982822018));
#3154=CARTESIAN_POINT('',(10.,-2.525,1.69426406871193));
#3155=CARTESIAN_POINT('',(5.,-2.525,1.69426406871193));
#3156=CARTESIAN_POINT('',(10.,-2.525,2.525));
#3157=CARTESIAN_POINT('',(10.,-2.525,0.));
#3158=CARTESIAN_POINT('',(7.34,-2.525,2.525));
#3159=CARTESIAN_POINT('',(0.,-2.525,2.525));
#3160=CARTESIAN_POINT('',(7.34,-2.525,2.025));
#3161=CARTESIAN_POINT('',(7.34,-2.525,1.26249999999999));
#3162=CARTESIAN_POINT('',(6.34,-2.525,2.025));
#3163=CARTESIAN_POINT('',(3.67,-2.525,2.025));
#3164=CARTESIAN_POINT('',(6.34,-2.525,2.525));
#3165=CARTESIAN_POINT('',(6.34000000000001,-2.525,1.01250000000001));
#3166=CARTESIAN_POINT('',(5.05,-2.525,2.525));
#3167=CARTESIAN_POINT('',(0.,-2.525,2.525));
#3168=CARTESIAN_POINT('',(5.05,-2.525,2.17144660940672));
#3169=CARTESIAN_POINT('',(5.05,-2.525,0.92275540359735));
#3170=CARTESIAN_POINT('',(4.58557414469719E-16,-2.525,2.17144660940672));
#3171=CARTESIAN_POINT('',(10.,-2.525,-2.525));
#3172=CARTESIAN_POINT('',(0.,-2.525,-2.525));
#3173=CARTESIAN_POINT('',(10.,-2.525,-1.69426406871193));
#3174=CARTESIAN_POINT('',(10.,-2.525,0.));
#3175=CARTESIAN_POINT('',(6.24,-2.525,-1.69426406871193));
#3176=CARTESIAN_POINT('',(4.78786796564404,-2.525,-1.69426406871193));
#3177=CARTESIAN_POINT('',(5.81573593128807,-2.525,-1.27));
#3178=CARTESIAN_POINT('',(4.25643398282202,-2.525,0.289301948466055));
#3179=CARTESIAN_POINT('',(6.24,-2.525,-0.845735931288072));
#3180=CARTESIAN_POINT('',(4.67930194846606,-2.525,-2.40643398282202));
#3181=CARTESIAN_POINT('',(10.,-2.525,-0.845735931288072));
#3182=CARTESIAN_POINT('',(5.,-2.525,-0.845735931288074));
#3183=CARTESIAN_POINT('',(10.,-2.525,-0.424264068711928));
#3184=CARTESIAN_POINT('',(10.,-2.525,0.));
#3185=CARTESIAN_POINT('',(5.,-2.525,-0.424264068711928));
#3186=CARTESIAN_POINT('Origin',(5.14573593128807,-2.525,-6.24500451351651E-16));
#3187=CARTESIAN_POINT('',(5.57,-2.10073593128807,0.424264068711928));
#3188=CARTESIAN_POINT('',(5.42857864376269,-1.95931457505076,0.282842712474618));
#3189=CARTESIAN_POINT('',(5.57,-2.10073593128807,0.424264068711928));
#3190=CARTESIAN_POINT('Origin',(10.,-2.10073593128807,0.424264068711928));
#3191=CARTESIAN_POINT('',(7.88147186257615,-1.67647186257614,-5.55111512312578E-16));
#3192=CARTESIAN_POINT('',(10.,-1.67647186257614,-5.55111512312578E-16));
#3193=CARTESIAN_POINT('',(8.30573593128807,-2.10073593128807,0.424264068711928));
#3194=CARTESIAN_POINT('',(8.23799062085871,-2.03299062085871,0.35651875828257));
#3195=CARTESIAN_POINT('',(10.,-2.10073593128807,0.424264068711928));
#3196=CARTESIAN_POINT('Origin',(10.,-1.67647186257614,-5.55111512312578E-16));
#3197=CARTESIAN_POINT('',(8.30573593128807,-2.10073593128807,-0.424264068711928));
#3198=CARTESIAN_POINT('',(10.,-2.10073593128807,-0.424264068711928));
#3199=CARTESIAN_POINT('',(7.9551479083841,-1.75014790838409,-0.0736760458079517));
#3200=CARTESIAN_POINT('Origin',(10.,0.,0.424264068711929));
#3201=CARTESIAN_POINT('',(8.30573593128807,0.,0.424264068711929));
#3202=CARTESIAN_POINT('',(8.30573593128807,0.,0.424264068711929));
#3203=CARTESIAN_POINT('',(10.,0.,0.424264068711929));
#3204=CARTESIAN_POINT('',(8.30573593128807,0.,0.424264068711929));
#3205=CARTESIAN_POINT('',(10.,-1.2625,0.424264068711929));
#3206=CARTESIAN_POINT('Origin',(7.88147186257615,0.,6.93889390390723E-17));
#3207=CARTESIAN_POINT('',(8.30573593128807,0.,-0.424264068711928));
#3208=CARTESIAN_POINT('',(8.30573593128807,0.,-0.424264068711928));
#3209=CARTESIAN_POINT('',(7.88147186257615,0.,4.54066098963868E-17));
#3210=CARTESIAN_POINT('',(8.30573593128807,0.,-0.424264068711928));
#3211=CARTESIAN_POINT('',(7.88147186257615,0.,4.54066098963868E-17));
#3212=CARTESIAN_POINT('Origin',(6.24,-2.525,-1.69426406871193));
#3213=CARTESIAN_POINT('',(5.81573593128807,-1.67647186257614,-1.27));
#3214=CARTESIAN_POINT('',(6.24,-2.10073593128807,-1.69426406871193));
#3215=CARTESIAN_POINT('',(6.24,-2.10073593128807,-1.69426406871193));
#3216=CARTESIAN_POINT('',(5.81573593128807,-2.525,-1.27));
#3217=CARTESIAN_POINT('',(6.24,-2.525,-1.69426406871193));
#3218=CARTESIAN_POINT('Origin',(5.81573593128807,-2.525,-1.27));
#3219=CARTESIAN_POINT('',(6.24,-2.10073593128807,-0.845735931288071));
#3220=CARTESIAN_POINT('',(6.09857864376269,-1.95931457505076,-0.98715728752538));
#3221=CARTESIAN_POINT('',(6.24,-2.10073593128807,-0.845735931288071));
#3222=CARTESIAN_POINT('Origin',(10.,-2.10073593128807,-0.845735931288071));
#3223=CARTESIAN_POINT('',(9.15147186257614,-1.67647186257614,-1.27));
#3224=CARTESIAN_POINT('',(10.,-1.67647186257614,-1.27));
#3225=CARTESIAN_POINT('',(9.57573593128807,-2.10073593128807,-0.845735931288073));
#3226=CARTESIAN_POINT('',(9.29632395419205,-1.82132395419205,-1.12514790838409));
#3227=CARTESIAN_POINT('',(10.,-2.10073593128807,-0.845735931288071));
#3228=CARTESIAN_POINT('Origin',(6.24,-2.525,0.845735931288071));
#3229=CARTESIAN_POINT('',(5.81573593128807,-1.67647186257614,1.27));
#3230=CARTESIAN_POINT('',(6.24,-2.10073593128807,0.845735931288072));
#3231=CARTESIAN_POINT('',(6.24,-2.10073593128807,0.845735931288072));
#3232=CARTESIAN_POINT('',(5.81573593128807,-2.525,1.27));
#3233=CARTESIAN_POINT('',(6.24,-2.525,0.845735931288071));
#3234=CARTESIAN_POINT('Origin',(5.81573593128807,-2.525,1.27));
#3235=CARTESIAN_POINT('',(6.24,-2.10073593128807,1.69426406871193));
#3236=CARTESIAN_POINT('',(6.09857864376269,-1.95931457505076,1.55284271247462));
#3237=CARTESIAN_POINT('',(6.24,-2.10073593128807,1.69426406871193));
#3238=CARTESIAN_POINT('Origin',(10.,-2.10073593128807,1.69426406871193));
#3239=CARTESIAN_POINT('',(9.15147186257614,-1.67647186257614,1.27));
#3240=CARTESIAN_POINT('',(10.,-1.67647186257614,1.27));
#3241=CARTESIAN_POINT('',(9.57573593128807,-2.10073593128807,1.69426406871193));
#3242=CARTESIAN_POINT('',(9.29632395419205,-1.82132395419205,1.41485209161591));
#3243=CARTESIAN_POINT('',(10.,-2.10073593128807,1.69426406871193));
#3244=CARTESIAN_POINT('Origin',(10.,-1.67647186257614,-1.27));
#3245=CARTESIAN_POINT('',(9.57573593128807,-2.10073593128807,-1.69426406871193));
#3246=CARTESIAN_POINT('',(10.,-2.10073593128807,-1.69426406871193));
#3247=CARTESIAN_POINT('',(9.01348124171743,-1.53848124171743,-1.13200937914129));
#3248=CARTESIAN_POINT('Origin',(10.,-1.67647186257614,1.27));
#3249=CARTESIAN_POINT('',(9.57573593128807,-2.10073593128807,0.845735931288072));
#3250=CARTESIAN_POINT('',(10.,-2.10073593128807,0.845735931288072));
#3251=CARTESIAN_POINT('',(9.01348124171743,-1.53848124171743,1.40799062085872));
#3252=CARTESIAN_POINT('Origin',(10.,0.,-0.845735931288072));
#3253=CARTESIAN_POINT('',(9.57573593128807,0.,-0.845735931288073));
#3254=CARTESIAN_POINT('',(10.,-1.2625,-0.845735931288072));
#3255=CARTESIAN_POINT('Origin',(9.57573593128807,0.,-0.845735931288072));
#3256=CARTESIAN_POINT('',(9.15147186257614,0.,-1.27));
#3257=CARTESIAN_POINT('Origin',(9.15147186257614,0.,-1.27));
#3258=CARTESIAN_POINT('',(9.57573593128807,0.,-1.69426406871193));
#3259=CARTESIAN_POINT('Origin',(9.57573593128807,0.,-1.69426406871193));
#3260=CARTESIAN_POINT('',(10.,-1.2625,-1.69426406871193));
#3261=CARTESIAN_POINT('Origin',(10.,0.,1.69426406871193));
#3262=CARTESIAN_POINT('',(9.57573593128807,0.,1.69426406871193));
#3263=CARTESIAN_POINT('',(10.,-1.2625,1.69426406871193));
#3264=CARTESIAN_POINT('Origin',(9.57573593128807,0.,1.69426406871193));
#3265=CARTESIAN_POINT('',(9.15147186257614,0.,1.27));
#3266=CARTESIAN_POINT('Origin',(9.57573593128807,0.,0.845735931288072));
#3267=CARTESIAN_POINT('',(10.,-1.2625,0.845735931288071));
#3268=CARTESIAN_POINT('',(9.57573593128807,0.,0.845735931288072));
#3269=CARTESIAN_POINT('Origin',(9.15147186257614,0.,1.27));
#3270=CARTESIAN_POINT('Origin',(8.30573593128807,0.,0.424264068711929));
#3271=CARTESIAN_POINT('',(7.88147186257615,0.,6.93889390390723E-17));
#3272=CARTESIAN_POINT('Origin',(8.30573593128807,0.,-0.424264068711928));
#3273=CARTESIAN_POINT('',(10.,0.,-0.424264068711928));
#3274=CARTESIAN_POINT('',(10.,-1.2625,-0.424264068711928));
#3275=CARTESIAN_POINT('',(10.,0.,-0.424264068711928));
#3276=CARTESIAN_POINT('Origin',(8.30573593128807,0.,3.04931861011548E-16));
#3277=CARTESIAN_POINT('',(10.,0.,1.52465930505774E-16));
#3278=CARTESIAN_POINT('Origin',(4.84,2.525,-1.27));
#3279=CARTESIAN_POINT('',(5.34,3.025,-1.27));
#3280=CARTESIAN_POINT('Origin',(4.84,3.025,-1.27));
#3281=CARTESIAN_POINT('',(5.34,2.525,-1.27));
#3282=CARTESIAN_POINT('Origin',(4.84,2.525,-1.27));
#3283=CARTESIAN_POINT('Origin',(4.84,3.025,-1.27));
#3284=CARTESIAN_POINT('Origin',(6.84,2.525,-1.27));
#3285=CARTESIAN_POINT('',(7.34,3.025,-1.27));
#3286=CARTESIAN_POINT('Origin',(6.84,3.025,-1.27));
#3287=CARTESIAN_POINT('',(7.34,2.525,-1.27));
#3288=CARTESIAN_POINT('Origin',(6.84,2.525,-1.27));
#3289=CARTESIAN_POINT('Origin',(6.84,3.025,-1.27));
#3290=CARTESIAN_POINT('Origin',(6.34,-2.525,2.025));
#3291=CARTESIAN_POINT('',(6.34,2.525,2.525));
#3292=CARTESIAN_POINT('',(6.34,2.525,2.025));
#3293=CARTESIAN_POINT('',(6.34000000000001,2.525,1.01249999999999));
#3294=CARTESIAN_POINT('',(6.34,-1.2625,2.525));
#3295=CARTESIAN_POINT('',(6.34,-2.525,2.025));
#3296=CARTESIAN_POINT('Origin',(7.34,-2.525,2.025));
#3297=CARTESIAN_POINT('',(7.34,2.525,2.025));
#3298=CARTESIAN_POINT('',(8.67,2.525,2.025));
#3299=CARTESIAN_POINT('',(7.34,-2.525,2.025));
#3300=CARTESIAN_POINT('Origin',(7.34,-2.525,2.525));
#3301=CARTESIAN_POINT('',(7.34,2.525,2.525));
#3302=CARTESIAN_POINT('',(7.34,2.525,1.2625));
#3303=CARTESIAN_POINT('',(7.34,-1.2625,2.525));
#3304=CARTESIAN_POINT('Origin',(5.,0.,2.525));
#3305=CARTESIAN_POINT('',(10.,2.525,2.525));
#3306=CARTESIAN_POINT('',(5.05,-2.17144660940672,2.525));
#3307=CARTESIAN_POINT('',(2.5,-2.17144660940672,2.525));
#3308=CARTESIAN_POINT('',(5.05,-0.922755403597349,2.525));
#3309=CARTESIAN_POINT('Origin',(10.,2.525,0.));
#3310=CARTESIAN_POINT('',(10.,2.525,2.525));
#3311=CARTESIAN_POINT('',(10.,2.525,2.525));
#3312=CARTESIAN_POINT('',(10.,2.525,-2.525));
#3313=CARTESIAN_POINT('',(10.,2.525,0.));
#3314=CARTESIAN_POINT('',(5.05,2.525,-2.525));
#3315=CARTESIAN_POINT('',(10.,2.525,-2.525));
#3316=CARTESIAN_POINT('',(5.05,2.525,-2.17144660940673));
#3317=CARTESIAN_POINT('',(5.05,2.525,-0.92275540359735));
#3318=CARTESIAN_POINT('',(5.,2.525,-2.17144660940673));
#3319=CARTESIAN_POINT('Origin',(3.23593436189782E-16,-1.04796817609495,
1.40152156668823));
#3320=CARTESIAN_POINT('',(5.05,-1.04796817609495,1.40152156668823));
#3321=CARTESIAN_POINT('',(3.23593436189782E-16,-1.04796817609495,1.40152156668823));
#3322=CARTESIAN_POINT('',(5.05,-2.17144660940672,2.525));
#3323=CARTESIAN_POINT('Origin',(2.28681977031269E-16,0.,0.));
#3324=CARTESIAN_POINT('',(5.05,-1.40152156668823,1.04796817609495));
#3325=CARTESIAN_POINT('',(3.55613748406407E-16,-1.40152156668823,1.04796817609495));
#3326=CARTESIAN_POINT('Origin',(5.05,5.55111512312578E-16,0.));
#3327=CARTESIAN_POINT('Origin',(4.57363954062537E-16,-2.525,2.17144660940672));
#3328=CARTESIAN_POINT('',(5.05,-1.40152156668823,1.04796817609495));
#3329=CARTESIAN_POINT('Origin',(5.05,-1.8455108071947,1.8455108071947));
#3330=CARTESIAN_POINT('Origin',(1.33770517872755E-16,1.04796817609495,-1.40152156668823));
#3331=CARTESIAN_POINT('',(5.05,2.17144660940673,-2.525));
#3332=CARTESIAN_POINT('',(5.05,2.17144660940673,-2.525));
#3333=CARTESIAN_POINT('',(2.5,2.17144660940673,-2.525));
#3334=CARTESIAN_POINT('Origin',(0.,2.525,-2.17144660940673));
#3335=CARTESIAN_POINT('',(5.05,1.40152156668822,-1.04796817609495));
#3336=CARTESIAN_POINT('Origin',(5.05,1.8455108071947,-1.8455108071947));
#3337=CARTESIAN_POINT('',(5.05,0.92275540359735,-2.525));
#3338=CARTESIAN_POINT('Origin',(5.,0.,2.525));
#3339=CARTESIAN_POINT('',(10.,-2.525,2.525));
#3340=CARTESIAN_POINT('Origin',(5.,0.,-2.525));
#3341=CARTESIAN_POINT('',(10.,-2.525,-2.525));
#3342=CARTESIAN_POINT('Origin',(10.,-2.525,0.));
#3343=UNCERTAINTY_MEASURE_WITH_UNIT(LENGTH_MEASURE(0.01),#3347,
'DISTANCE_ACCURACY_VALUE',
'Maximum model space distance between geometric entities at asserted c
onnectivities');
#3344=UNCERTAINTY_MEASURE_WITH_UNIT(LENGTH_MEASURE(1.E-6),#3347,
'DISTANCE_ACCURACY_VALUE',
'Maximum model space distance between geometric entities at asserted c
onnectivities');
#3345=(
GEOMETRIC_REPRESENTATION_CONTEXT(3)
GLOBAL_UNCERTAINTY_ASSIGNED_CONTEXT((#3343))
GLOBAL_UNIT_ASSIGNED_CONTEXT((#3347,#3350,#3348))
REPRESENTATION_CONTEXT('','3D')
);
#3346=(
GEOMETRIC_REPRESENTATION_CONTEXT(3)
GLOBAL_UNCERTAINTY_ASSIGNED_CONTEXT((#3344))
GLOBAL_UNIT_ASSIGNED_CONTEXT((#3347,#3350,#3348))
REPRESENTATION_CONTEXT('','3D')
);
#3347=(
LENGTH_UNIT()
NAMED_UNIT(*)
SI_UNIT(.MILLI.,.METRE.)
);
#3348=(
NAMED_UNIT(*)
SI_UNIT($,.STERADIAN.)
SOLID_ANGLE_UNIT()
);
#3349=DIMENSIONAL_EXPONENTS(0.,0.,0.,0.,0.,0.,0.);
#3350=(
CONVERSION_BASED_UNIT('degree',#3352)
NAMED_UNIT(#3349)
PLANE_ANGLE_UNIT()
);
#3351=(
NAMED_UNIT(*)
PLANE_ANGLE_UNIT()
SI_UNIT($,.RADIAN.)
);
#3352=PLANE_ANGLE_MEASURE_WITH_UNIT(PLANE_ANGLE_MEASURE(0.01745329252),
#3351);
#3353=SHAPE_DEFINITION_REPRESENTATION(#3354,#3355);
#3354=PRODUCT_DEFINITION_SHAPE('',$,#3357);
#3355=SHAPE_REPRESENTATION('',(#2099),#3345);
#3356=PRODUCT_DEFINITION_CONTEXT('part definition',#3361,'design');
#3357=PRODUCT_DEFINITION('2814.2831','2814.2831',#3358,#3356);
#3358=PRODUCT_DEFINITION_FORMATION('',$,#3363);
#3359=PRODUCT_RELATED_PRODUCT_CATEGORY('2814.2831','2814.2831',(#3363));
#3360=APPLICATION_PROTOCOL_DEFINITION('international standard',
'automotive_design',2009,#3361);
#3361=APPLICATION_CONTEXT(
'Core Data for Automotive Mechanical Design Process');
#3362=PRODUCT_CONTEXT('part definition',#3361,'mechanical');
#3363=PRODUCT('2814.2831','2814.2831',$,(#3362));
#3364=PRESENTATION_STYLE_ASSIGNMENT((#3368));
#3365=PRESENTATION_STYLE_ASSIGNMENT((#3369));
#3366=PRESENTATION_STYLE_ASSIGNMENT((#3370));
#3367=PRESENTATION_STYLE_ASSIGNMENT((#3371));
#3368=SURFACE_STYLE_USAGE(.BOTH.,#3372);
#3369=SURFACE_STYLE_USAGE(.BOTH.,#3373);
#3370=SURFACE_STYLE_USAGE(.BOTH.,#3374);
#3371=SURFACE_STYLE_USAGE(.BOTH.,#3375);
#3372=SURFACE_SIDE_STYLE('',(#3376));
#3373=SURFACE_SIDE_STYLE('',(#3377));
#3374=SURFACE_SIDE_STYLE('',(#3378));
#3375=SURFACE_SIDE_STYLE('',(#3379));
#3376=SURFACE_STYLE_FILL_AREA(#3380);
#3377=SURFACE_STYLE_FILL_AREA(#3381);
#3378=SURFACE_STYLE_FILL_AREA(#3382);
#3379=SURFACE_STYLE_FILL_AREA(#3383);
#3380=FILL_AREA_STYLE('',(#3384));
#3381=FILL_AREA_STYLE('',(#3385));
#3382=FILL_AREA_STYLE('',(#3386));
#3383=FILL_AREA_STYLE('',(#3387));
#3384=FILL_AREA_STYLE_COLOUR('',#3388);
#3385=FILL_AREA_STYLE_COLOUR('',#3389);
#3386=FILL_AREA_STYLE_COLOUR('',#3390);
#3387=FILL_AREA_STYLE_COLOUR('',#3391);
#3388=COLOUR_RGB('',0.749019607843137,0.749019607843137,0.749019607843137);
#3389=COLOUR_RGB('',0.901960784313726,0.913725490196078,0.925490196078431);
#3390=COLOUR_RGB('',0.411764705882353,0.411764705882353,0.411764705882353);
#3391=COLOUR_RGB('',1.,0.996078431372549,0.964705882352941);
ENDSEC;
END-ISO-10303-21;
