ISO-10303-21;
HEADER;
FILE_DESCRIPTION(('STEP AP214'),'1');
FILE_NAME('m40-3010346r.stp','2024-05-15T12:52:25',('TraceParts'),('TraceParts S.A.'),'Spatial InterOp 3D',' ',' ');
FILE_SCHEMA(('AUTOMOTIVE_DESIGN { 1 0 10303 214 1 1 1 1 }'));
ENDSEC;
DATA;
#1=MECHANICAL_DESIGN_GEOMETRIC_PRESENTATION_REPRESENTATION(' ',(#15,#16,#17,#18,#19,#20,#21,#22,#23,#24,#25,#26,#27,#28,#29,#30,#31,#32,#33,#34,#35,#36,#37,#38,#39,#40,#41,#42,#43,#44,#45,#46,#47,#48,#49,#50,#51,#52,#53,#54,#55,#56,#57,#58,#59,#60,#61,#62,#63,#64,#65,#66,#67,#68,#69,#70,#71,#72,#73,#74,#75,#76,#77,#78,#79,#80,#81,#82,#83,#84,#85,#86,#87,#88,#89,#90,#91,#92,#93,#94,#95,#96,#97,#98,#99,#100,#101,#102,#103,#104,#105,#106,#107,#108,#109,#110,#111,#112,#113,#114,#115,#116,#117,#118,#119,#120,#121,#122,#123,#124,#125,#126,#127,#128,#129,#130,#131,#132,#133,#134,#135,#136,#137,#138,#139,#140,#141,#142,#143,#144,#145,#146,#147,#148,#149,#150,#151,#152,#153,#154,#155,#156,#157,#158,#159,#160,#161,#162,#163,#164,#165,#166,#167,#168,#169,#170,#171,#172,#173,#174,#175,#176,#177,#178,#179,#180,#181,#182,#183,#184,#185,#186,#187,#188,#189,#190,#191,#192,#193,#194,#195,#196,#197,#198,#199,#200,#201,#202,#203,#204,#205,#206,#207,#208,#209,#210,#211,#212,#213,#214,#215,#216,#217,#218,#219,#220,#221,#222,#223,#224,#225,#226,#227,#228,#229,#230,#231,#232,#233,#234,#235,#236,#237,#238,#239,#240,#241,#242,#243,#244,#245,#246,#247,#248,#249,#250,#251,#252,#253,#254,#255,#256,#257,#258,#259,#260,#261,#262,#263,#264,#265,#266,#267,#268,#269,#270,#271,#272,#273,#274,#275,#276,#277,#278,#279,#280,#281,#282,#283,#284,#285,#286,#287,#288,#289,#290,#291,#292,#293,#294,#295,#296,#297,#298,#299,#300,#301,#302,#303,#304,#305,#306,#307,#308,#309,#310,#311,#312,#313,#314,#315,#316,#317,#318,#319,#320,#321,#322,#323,#324,#325,#326,#327,#328,#329,#330,#331,#332,#333,#334,#335,#336,#337,#338,#339,#340,#341,#342,#343,#344,#345,#346,#347,#348,#349,#350,#351,#352,#353,#354,#355,#356,#357,#358,#359,#360,#361,#362,#363,#364,#365,#366,#367,#368,#369,#370,#371,#372,#373,#374,#375,#376,#377,#378,#379,#380,#381,#382,#383,#384,#385,#386,#387,#388,#389,#390,#391,#392,#393,#394,#395,#396,#397,#398,#399,#400,#401,#402,#403,#404,#405,#406,#407,#408,#409,#410,#411,#412,#413,#414,#415,#416,#417,#418,#419,#420,#421,#422,#423,#424,#425,#426,#427,#428,#429,#430,#431,#432,#433,#434,#435,#436,#437,#438,#439,#440,#441,#442,#443,#444,#445,#446,#447,#448,#449,#450,#451,#452,#453,#454,#455,#456,#457,#458,#459,#460,#461,#462,#463,#464,#465,#466,#467,#468,#469,#470,#471,#472,#473,#474,#475,#476,#477,#478,#479,#480,#481,#482,#483,#484,#485,#486,#487,#488,#489,#490,#491,#492,#493,#494,#495,#496,#497,#498,#499,#500,#501,#502,#503,#504,#505,#506,#507,#508,#509,#510,#511,#512,#513,#514,#515,#516,#517,#518,#519,#520,#521,#522,#523,#524,#525,#526,#527,#528,#529,#530,#531,#532,#533,#534,#535,#536,#537,#538,#539,#540,#541,#542,#543,#544,#545,#546,#547,#548,#549,#550,#551,#552,#553,#554,#555,#556,#557,#558,#559,#560,#561,#562,#563,#564,#565,#566,#567,#568,#569,#570,#571,#572,#573,#574,#575,#576,#577,#578,#579,#580,#581,#582,#583,#584,#585,#586,#587,#588,#589,#590,#591,#592,#593,#594,#595,#596,#597,#598,#599,#600,#601,#602,#603,#604,#605,#606,#607,#608,#609,#610,#611,#612,#613,#614,#615,#616,#617,#618,#619,#620,#621,#622,#623,#624,#625,#626,#627,#628,#629,#630,#631,#632,#633,#634,#635,#636,#637,#638,#639,#640,#641,#642),#11);
#2=PRODUCT_DEFINITION_CONTEXT('',#643,'design');
#3=APPLICATION_PROTOCOL_DEFINITION('INTERNATIONAL STANDARD','automotive_design',1994,#643);
#4=PRODUCT_CATEGORY_RELATIONSHIP('NONE','NONE',#644,#645);
#5=SHAPE_DEFINITION_REPRESENTATION(#646,#647);
#6=SHAPE_DEFINITION_REPRESENTATION(#646,#648);
#7=SHAPE_DEFINITION_REPRESENTATION(#646,#649);
#8=SHAPE_DEFINITION_REPRESENTATION(#646,#650);
#9=SHAPE_DEFINITION_REPRESENTATION(#646,#651);
#10=SHAPE_DEFINITION_REPRESENTATION(#646,#652);
#11= (GEOMETRIC_REPRESENTATION_CONTEXT(3)GLOBAL_UNCERTAINTY_ASSIGNED_CONTEXT((#655))GLOBAL_UNIT_ASSIGNED_CONTEXT((#657,#658,#659))REPRESENTATION_CONTEXT('NONE','WORKSPACE'));
#15=STYLED_ITEM('',(#661),#662);
#16=STYLED_ITEM('',(#663),#664);
#17=STYLED_ITEM('',(#665),#666);
#18=STYLED_ITEM('',(#667),#668);
#19=STYLED_ITEM('',(#669),#670);
#20=STYLED_ITEM('',(#671),#672);
#21=STYLED_ITEM('',(#673),#674);
#22=STYLED_ITEM('',(#675),#676);
#23=STYLED_ITEM('',(#677),#678);
#24=STYLED_ITEM('',(#679),#680);
#25=STYLED_ITEM('',(#681),#682);
#26=STYLED_ITEM('',(#683),#684);
#27=STYLED_ITEM('',(#685),#686);
#28=STYLED_ITEM('',(#687),#688);
#29=STYLED_ITEM('',(#689),#690);
#30=STYLED_ITEM('',(#691),#692);
#31=STYLED_ITEM('',(#693),#694);
#32=STYLED_ITEM('',(#695),#696);
#33=STYLED_ITEM('',(#697),#698);
#34=STYLED_ITEM('',(#699),#700);
#35=STYLED_ITEM('',(#701),#702);
#36=STYLED_ITEM('',(#703),#704);
#37=STYLED_ITEM('',(#705),#706);
#38=STYLED_ITEM('',(#707),#708);
#39=STYLED_ITEM('',(#709),#710);
#40=STYLED_ITEM('',(#711),#712);
#41=STYLED_ITEM('',(#713),#714);
#42=STYLED_ITEM('',(#715),#716);
#43=STYLED_ITEM('',(#717),#718);
#44=STYLED_ITEM('',(#719),#720);
#45=STYLED_ITEM('',(#721),#722);
#46=STYLED_ITEM('',(#723),#724);
#47=STYLED_ITEM('',(#725),#726);
#48=STYLED_ITEM('',(#727),#728);
#49=STYLED_ITEM('',(#729),#730);
#50=STYLED_ITEM('',(#731),#732);
#51=STYLED_ITEM('',(#733),#734);
#52=STYLED_ITEM('',(#735),#736);
#53=STYLED_ITEM('',(#737),#738);
#54=STYLED_ITEM('',(#739),#740);
#55=STYLED_ITEM('',(#741),#742);
#56=STYLED_ITEM('',(#743),#744);
#57=STYLED_ITEM('',(#745),#746);
#58=STYLED_ITEM('',(#747),#748);
#59=STYLED_ITEM('',(#749),#750);
#60=STYLED_ITEM('',(#751),#752);
#61=STYLED_ITEM('',(#753),#754);
#62=STYLED_ITEM('',(#755),#756);
#63=STYLED_ITEM('',(#757),#758);
#64=STYLED_ITEM('',(#759),#760);
#65=STYLED_ITEM('',(#761),#762);
#66=STYLED_ITEM('',(#763),#764);
#67=STYLED_ITEM('',(#765),#766);
#68=STYLED_ITEM('',(#767),#768);
#69=STYLED_ITEM('',(#769),#770);
#70=STYLED_ITEM('',(#771),#772);
#71=STYLED_ITEM('',(#773),#774);
#72=STYLED_ITEM('',(#775),#776);
#73=STYLED_ITEM('',(#777),#778);
#74=STYLED_ITEM('',(#779),#780);
#75=STYLED_ITEM('',(#781),#782);
#76=STYLED_ITEM('',(#783),#784);
#77=STYLED_ITEM('',(#785),#786);
#78=STYLED_ITEM('',(#787),#788);
#79=STYLED_ITEM('',(#789),#790);
#80=STYLED_ITEM('',(#791),#792);
#81=STYLED_ITEM('',(#793),#794);
#82=STYLED_ITEM('',(#795),#796);
#83=STYLED_ITEM('',(#797),#798);
#84=STYLED_ITEM('',(#799),#800);
#85=STYLED_ITEM('',(#801),#802);
#86=STYLED_ITEM('',(#803),#804);
#87=STYLED_ITEM('',(#805),#806);
#88=STYLED_ITEM('',(#807),#808);
#89=STYLED_ITEM('',(#809),#810);
#90=STYLED_ITEM('',(#811),#812);
#91=STYLED_ITEM('',(#813),#814);
#92=STYLED_ITEM('',(#815),#816);
#93=STYLED_ITEM('',(#817),#818);
#94=STYLED_ITEM('',(#819),#820);
#95=STYLED_ITEM('',(#821),#822);
#96=STYLED_ITEM('',(#823),#824);
#97=STYLED_ITEM('',(#825),#826);
#98=STYLED_ITEM('',(#827),#828);
#99=STYLED_ITEM('',(#829),#830);
#100=STYLED_ITEM('',(#831),#832);
#101=STYLED_ITEM('',(#833),#834);
#102=STYLED_ITEM('',(#835),#836);
#103=STYLED_ITEM('',(#837),#838);
#104=STYLED_ITEM('',(#839),#840);
#105=STYLED_ITEM('',(#841),#842);
#106=STYLED_ITEM('',(#843),#844);
#107=STYLED_ITEM('',(#845),#846);
#108=STYLED_ITEM('',(#847),#848);
#109=STYLED_ITEM('',(#849),#850);
#110=STYLED_ITEM('',(#851),#852);
#111=STYLED_ITEM('',(#853),#854);
#112=STYLED_ITEM('',(#855),#856);
#113=STYLED_ITEM('',(#857),#858);
#114=STYLED_ITEM('',(#859),#860);
#115=STYLED_ITEM('',(#861),#862);
#116=STYLED_ITEM('',(#863),#864);
#117=STYLED_ITEM('',(#865),#866);
#118=STYLED_ITEM('',(#867),#868);
#119=STYLED_ITEM('',(#869),#870);
#120=STYLED_ITEM('',(#871),#872);
#121=STYLED_ITEM('',(#873),#874);
#122=STYLED_ITEM('',(#875),#876);
#123=STYLED_ITEM('',(#877),#878);
#124=STYLED_ITEM('',(#879),#880);
#125=STYLED_ITEM('',(#881),#882);
#126=STYLED_ITEM('',(#883),#884);
#127=STYLED_ITEM('',(#885),#886);
#128=STYLED_ITEM('',(#887),#888);
#129=STYLED_ITEM('',(#889),#890);
#130=STYLED_ITEM('',(#891),#892);
#131=STYLED_ITEM('',(#893),#894);
#132=STYLED_ITEM('',(#895),#896);
#133=STYLED_ITEM('',(#897),#898);
#134=STYLED_ITEM('',(#899),#900);
#135=STYLED_ITEM('',(#901),#902);
#136=STYLED_ITEM('',(#903),#904);
#137=STYLED_ITEM('',(#905),#906);
#138=STYLED_ITEM('',(#907),#908);
#139=STYLED_ITEM('',(#909),#910);
#140=STYLED_ITEM('',(#911),#912);
#141=STYLED_ITEM('',(#913),#914);
#142=STYLED_ITEM('',(#915),#916);
#143=STYLED_ITEM('',(#917),#918);
#144=STYLED_ITEM('',(#919),#920);
#145=STYLED_ITEM('',(#921),#922);
#146=STYLED_ITEM('',(#923),#924);
#147=STYLED_ITEM('',(#925),#926);
#148=STYLED_ITEM('',(#927),#928);
#149=STYLED_ITEM('',(#929),#930);
#150=STYLED_ITEM('',(#931),#932);
#151=STYLED_ITEM('',(#933),#934);
#152=STYLED_ITEM('',(#935),#936);
#153=STYLED_ITEM('',(#937),#938);
#154=STYLED_ITEM('',(#939),#940);
#155=STYLED_ITEM('',(#941),#942);
#156=STYLED_ITEM('',(#943),#944);
#157=STYLED_ITEM('',(#945),#946);
#158=STYLED_ITEM('',(#947),#948);
#159=STYLED_ITEM('',(#949),#950);
#160=STYLED_ITEM('',(#951),#952);
#161=STYLED_ITEM('',(#953),#954);
#162=STYLED_ITEM('',(#955),#956);
#163=STYLED_ITEM('',(#957),#958);
#164=STYLED_ITEM('',(#959),#960);
#165=STYLED_ITEM('',(#961),#962);
#166=STYLED_ITEM('',(#963),#964);
#167=STYLED_ITEM('',(#965),#966);
#168=STYLED_ITEM('',(#967),#968);
#169=STYLED_ITEM('',(#969),#970);
#170=STYLED_ITEM('',(#971),#972);
#171=STYLED_ITEM('',(#973),#974);
#172=STYLED_ITEM('',(#975),#976);
#173=STYLED_ITEM('',(#977),#978);
#174=STYLED_ITEM('',(#979),#980);
#175=STYLED_ITEM('',(#981),#982);
#176=STYLED_ITEM('',(#983),#984);
#177=STYLED_ITEM('',(#985),#986);
#178=STYLED_ITEM('',(#987),#988);
#179=STYLED_ITEM('',(#989),#990);
#180=STYLED_ITEM('',(#991),#992);
#181=STYLED_ITEM('',(#993),#994);
#182=STYLED_ITEM('',(#995),#996);
#183=STYLED_ITEM('',(#997),#998);
#184=STYLED_ITEM('',(#999),#1000);
#185=STYLED_ITEM('',(#1001),#1002);
#186=STYLED_ITEM('',(#1003),#1004);
#187=STYLED_ITEM('',(#1005),#1006);
#188=STYLED_ITEM('',(#1007),#1008);
#189=STYLED_ITEM('',(#1009),#1010);
#190=STYLED_ITEM('',(#1011),#1012);
#191=STYLED_ITEM('',(#1013),#1014);
#192=STYLED_ITEM('',(#1015),#1016);
#193=STYLED_ITEM('',(#1017),#1018);
#194=STYLED_ITEM('',(#1019),#1020);
#195=STYLED_ITEM('',(#1021),#1022);
#196=STYLED_ITEM('',(#1023),#1024);
#197=STYLED_ITEM('',(#1025),#1026);
#198=STYLED_ITEM('',(#1027),#1028);
#199=STYLED_ITEM('',(#1029),#1030);
#200=STYLED_ITEM('',(#1031),#1032);
#201=STYLED_ITEM('',(#1033),#1034);
#202=STYLED_ITEM('',(#1035),#1036);
#203=STYLED_ITEM('',(#1037),#1038);
#204=STYLED_ITEM('',(#1039),#1040);
#205=STYLED_ITEM('',(#1041),#1042);
#206=STYLED_ITEM('',(#1043),#1044);
#207=STYLED_ITEM('',(#1045),#1046);
#208=STYLED_ITEM('',(#1047),#1048);
#209=STYLED_ITEM('',(#1049),#1050);
#210=STYLED_ITEM('',(#1051),#1052);
#211=STYLED_ITEM('',(#1053),#1054);
#212=STYLED_ITEM('',(#1055),#1056);
#213=STYLED_ITEM('',(#1057),#1058);
#214=STYLED_ITEM('',(#1059),#1060);
#215=STYLED_ITEM('',(#1061),#1062);
#216=STYLED_ITEM('',(#1063),#1064);
#217=STYLED_ITEM('',(#1065),#1066);
#218=STYLED_ITEM('',(#1067),#1068);
#219=STYLED_ITEM('',(#1069),#1070);
#220=STYLED_ITEM('',(#1071),#1072);
#221=STYLED_ITEM('',(#1073),#1074);
#222=STYLED_ITEM('',(#1075),#1076);
#223=STYLED_ITEM('',(#1077),#1078);
#224=STYLED_ITEM('',(#1079),#1080);
#225=STYLED_ITEM('',(#1081),#1082);
#226=STYLED_ITEM('',(#1083),#1084);
#227=STYLED_ITEM('',(#1085),#1086);
#228=STYLED_ITEM('',(#1087),#1088);
#229=STYLED_ITEM('',(#1089),#1090);
#230=STYLED_ITEM('',(#1091),#1092);
#231=STYLED_ITEM('',(#1093),#1094);
#232=STYLED_ITEM('',(#1095),#1096);
#233=STYLED_ITEM('',(#1097),#1098);
#234=STYLED_ITEM('',(#1099),#1100);
#235=STYLED_ITEM('',(#1101),#1102);
#236=STYLED_ITEM('',(#1103),#1104);
#237=STYLED_ITEM('',(#1105),#1106);
#238=STYLED_ITEM('',(#1107),#1108);
#239=STYLED_ITEM('',(#1109),#1110);
#240=STYLED_ITEM('',(#1111),#1112);
#241=STYLED_ITEM('',(#1113),#1114);
#242=STYLED_ITEM('',(#1115),#1116);
#243=STYLED_ITEM('',(#1117),#1118);
#244=STYLED_ITEM('',(#1119),#1120);
#245=STYLED_ITEM('',(#1121),#1122);
#246=STYLED_ITEM('',(#1123),#1124);
#247=STYLED_ITEM('',(#1125),#1126);
#248=STYLED_ITEM('',(#1127),#1128);
#249=STYLED_ITEM('',(#1129),#1130);
#250=STYLED_ITEM('',(#1131),#1132);
#251=STYLED_ITEM('',(#1133),#1134);
#252=STYLED_ITEM('',(#1135),#1136);
#253=STYLED_ITEM('',(#1137),#1138);
#254=STYLED_ITEM('',(#1139),#1140);
#255=STYLED_ITEM('',(#1141),#1142);
#256=STYLED_ITEM('',(#1143),#1144);
#257=STYLED_ITEM('',(#1145),#1146);
#258=STYLED_ITEM('',(#1147),#1148);
#259=STYLED_ITEM('',(#1149),#1150);
#260=STYLED_ITEM('',(#1151),#1152);
#261=STYLED_ITEM('',(#1153),#1154);
#262=STYLED_ITEM('',(#1155),#1156);
#263=STYLED_ITEM('',(#1157),#1158);
#264=STYLED_ITEM('',(#1159),#1160);
#265=STYLED_ITEM('',(#1161),#1162);
#266=STYLED_ITEM('',(#1163),#1164);
#267=STYLED_ITEM('',(#1165),#1166);
#268=STYLED_ITEM('',(#1167),#1168);
#269=STYLED_ITEM('',(#1169),#1170);
#270=STYLED_ITEM('',(#1171),#1172);
#271=STYLED_ITEM('',(#1173),#1174);
#272=STYLED_ITEM('',(#1175),#1176);
#273=STYLED_ITEM('',(#1177),#1178);
#274=STYLED_ITEM('',(#1179),#1180);
#275=STYLED_ITEM('',(#1181),#1182);
#276=STYLED_ITEM('',(#1183),#1184);
#277=STYLED_ITEM('',(#1185),#1186);
#278=STYLED_ITEM('',(#1187),#1188);
#279=STYLED_ITEM('',(#1189),#1190);
#280=STYLED_ITEM('',(#1191),#1192);
#281=STYLED_ITEM('',(#1193),#1194);
#282=STYLED_ITEM('',(#1195),#1196);
#283=STYLED_ITEM('',(#1197),#1198);
#284=STYLED_ITEM('',(#1199),#1200);
#285=STYLED_ITEM('',(#1201),#1202);
#286=STYLED_ITEM('',(#1203),#1204);
#287=STYLED_ITEM('',(#1205),#1206);
#288=STYLED_ITEM('',(#1207),#1208);
#289=STYLED_ITEM('',(#1209),#1210);
#290=STYLED_ITEM('',(#1211),#1212);
#291=STYLED_ITEM('',(#1213),#1214);
#292=STYLED_ITEM('',(#1215),#1216);
#293=STYLED_ITEM('',(#1217),#1218);
#294=STYLED_ITEM('',(#1219),#1220);
#295=STYLED_ITEM('',(#1221),#1222);
#296=STYLED_ITEM('',(#1223),#1224);
#297=STYLED_ITEM('',(#1225),#1226);
#298=STYLED_ITEM('',(#1227),#1228);
#299=STYLED_ITEM('',(#1229),#1230);
#300=STYLED_ITEM('',(#1231),#1232);
#301=STYLED_ITEM('',(#1233),#1234);
#302=STYLED_ITEM('',(#1235),#1236);
#303=STYLED_ITEM('',(#1237),#1238);
#304=STYLED_ITEM('',(#1239),#1240);
#305=STYLED_ITEM('',(#1241),#1242);
#306=STYLED_ITEM('',(#1243),#1244);
#307=STYLED_ITEM('',(#1245),#1246);
#308=STYLED_ITEM('',(#1247),#1248);
#309=STYLED_ITEM('',(#1249),#1250);
#310=STYLED_ITEM('',(#1251),#1252);
#311=STYLED_ITEM('',(#1253),#1254);
#312=STYLED_ITEM('',(#1255),#1256);
#313=STYLED_ITEM('',(#1257),#1258);
#314=STYLED_ITEM('',(#1259),#1260);
#315=STYLED_ITEM('',(#1261),#1262);
#316=STYLED_ITEM('',(#1263),#1264);
#317=STYLED_ITEM('',(#1265),#1266);
#318=STYLED_ITEM('',(#1267),#1268);
#319=STYLED_ITEM('',(#1269),#1270);
#320=STYLED_ITEM('',(#1271),#1272);
#321=STYLED_ITEM('',(#1273),#1274);
#322=STYLED_ITEM('',(#1275),#1276);
#323=STYLED_ITEM('',(#1277),#1278);
#324=STYLED_ITEM('',(#1279),#1280);
#325=STYLED_ITEM('',(#1281),#1282);
#326=STYLED_ITEM('',(#1283),#1284);
#327=STYLED_ITEM('',(#1285),#1286);
#328=STYLED_ITEM('',(#1287),#1288);
#329=STYLED_ITEM('',(#1289),#1290);
#330=STYLED_ITEM('',(#1291),#1292);
#331=STYLED_ITEM('',(#1293),#1294);
#332=STYLED_ITEM('',(#1295),#1296);
#333=STYLED_ITEM('',(#1297),#1298);
#334=STYLED_ITEM('',(#1299),#1300);
#335=STYLED_ITEM('',(#1301),#1302);
#336=STYLED_ITEM('',(#1303),#1304);
#337=STYLED_ITEM('',(#1305),#1306);
#338=STYLED_ITEM('',(#1307),#1308);
#339=STYLED_ITEM('',(#1309),#1310);
#340=STYLED_ITEM('',(#1311),#1312);
#341=STYLED_ITEM('',(#1313),#1314);
#342=STYLED_ITEM('',(#1315),#1316);
#343=STYLED_ITEM('',(#1317),#1318);
#344=STYLED_ITEM('',(#1319),#1320);
#345=STYLED_ITEM('',(#1321),#1322);
#346=STYLED_ITEM('',(#1323),#1324);
#347=STYLED_ITEM('',(#1325),#1326);
#348=STYLED_ITEM('',(#1327),#1328);
#349=STYLED_ITEM('',(#1329),#1330);
#350=STYLED_ITEM('',(#1331),#1332);
#351=STYLED_ITEM('',(#1333),#1334);
#352=STYLED_ITEM('',(#1335),#1336);
#353=STYLED_ITEM('',(#1337),#1338);
#354=STYLED_ITEM('',(#1339),#1340);
#355=STYLED_ITEM('',(#1341),#1342);
#356=STYLED_ITEM('',(#1343),#1344);
#357=STYLED_ITEM('',(#1345),#1346);
#358=STYLED_ITEM('',(#1347),#1348);
#359=STYLED_ITEM('',(#1349),#1350);
#360=STYLED_ITEM('',(#1351),#1352);
#361=STYLED_ITEM('',(#1353),#1354);
#362=STYLED_ITEM('',(#1355),#1356);
#363=STYLED_ITEM('',(#1357),#1358);
#364=STYLED_ITEM('',(#1359),#1360);
#365=STYLED_ITEM('',(#1361),#1362);
#366=STYLED_ITEM('',(#1363),#1364);
#367=STYLED_ITEM('',(#1365),#1366);
#368=STYLED_ITEM('',(#1367),#1368);
#369=STYLED_ITEM('',(#1369),#1370);
#370=STYLED_ITEM('',(#1371),#1372);
#371=STYLED_ITEM('',(#1373),#1374);
#372=STYLED_ITEM('',(#1375),#1376);
#373=STYLED_ITEM('',(#1377),#1378);
#374=STYLED_ITEM('',(#1379),#1380);
#375=STYLED_ITEM('',(#1381),#1382);
#376=STYLED_ITEM('',(#1383),#1384);
#377=STYLED_ITEM('',(#1385),#1386);
#378=STYLED_ITEM('',(#1387),#1388);
#379=STYLED_ITEM('',(#1389),#1390);
#380=STYLED_ITEM('',(#1391),#1392);
#381=STYLED_ITEM('',(#1393),#1394);
#382=STYLED_ITEM('',(#1395),#1396);
#383=STYLED_ITEM('',(#1397),#1398);
#384=STYLED_ITEM('',(#1399),#1400);
#385=STYLED_ITEM('',(#1401),#1402);
#386=STYLED_ITEM('',(#1403),#1404);
#387=STYLED_ITEM('',(#1405),#1406);
#388=STYLED_ITEM('',(#1407),#1408);
#389=STYLED_ITEM('',(#1409),#1410);
#390=STYLED_ITEM('',(#1411),#1412);
#391=STYLED_ITEM('',(#1413),#1414);
#392=STYLED_ITEM('',(#1415),#1416);
#393=STYLED_ITEM('',(#1417),#1418);
#394=STYLED_ITEM('',(#1419),#1420);
#395=STYLED_ITEM('',(#1421),#1422);
#396=STYLED_ITEM('',(#1423),#1424);
#397=STYLED_ITEM('',(#1425),#1426);
#398=STYLED_ITEM('',(#1427),#1428);
#399=STYLED_ITEM('',(#1429),#1430);
#400=STYLED_ITEM('',(#1431),#1432);
#401=STYLED_ITEM('',(#1433),#1434);
#402=STYLED_ITEM('',(#1435),#1436);
#403=STYLED_ITEM('',(#1437),#1438);
#404=STYLED_ITEM('',(#1439),#1440);
#405=STYLED_ITEM('',(#1441),#1442);
#406=STYLED_ITEM('',(#1443),#1444);
#407=STYLED_ITEM('',(#1445),#1446);
#408=STYLED_ITEM('',(#1447),#1448);
#409=STYLED_ITEM('',(#1449),#1450);
#410=STYLED_ITEM('',(#1451),#1452);
#411=STYLED_ITEM('',(#1453),#1454);
#412=STYLED_ITEM('',(#1455),#1456);
#413=STYLED_ITEM('',(#1457),#1458);
#414=STYLED_ITEM('',(#1459),#1460);
#415=STYLED_ITEM('',(#1461),#1462);
#416=STYLED_ITEM('',(#1463),#1464);
#417=STYLED_ITEM('',(#1465),#1466);
#418=STYLED_ITEM('',(#1467),#1468);
#419=STYLED_ITEM('',(#1469),#1470);
#420=STYLED_ITEM('',(#1471),#1472);
#421=STYLED_ITEM('',(#1473),#1474);
#422=STYLED_ITEM('',(#1475),#1476);
#423=STYLED_ITEM('',(#1477),#1478);
#424=STYLED_ITEM('',(#1479),#1480);
#425=STYLED_ITEM('',(#1481),#1482);
#426=STYLED_ITEM('',(#1483),#1484);
#427=STYLED_ITEM('',(#1485),#1486);
#428=STYLED_ITEM('',(#1487),#1488);
#429=STYLED_ITEM('',(#1489),#1490);
#430=STYLED_ITEM('',(#1491),#1492);
#431=STYLED_ITEM('',(#1493),#1494);
#432=STYLED_ITEM('',(#1495),#1496);
#433=STYLED_ITEM('',(#1497),#1498);
#434=STYLED_ITEM('',(#1499),#1500);
#435=STYLED_ITEM('',(#1501),#1502);
#436=STYLED_ITEM('',(#1503),#1504);
#437=STYLED_ITEM('',(#1505),#1506);
#438=STYLED_ITEM('',(#1507),#1508);
#439=STYLED_ITEM('',(#1509),#1510);
#440=STYLED_ITEM('',(#1511),#1512);
#441=STYLED_ITEM('',(#1513),#1514);
#442=STYLED_ITEM('',(#1515),#1516);
#443=STYLED_ITEM('',(#1517),#1518);
#444=STYLED_ITEM('',(#1519),#1520);
#445=STYLED_ITEM('',(#1521),#1522);
#446=STYLED_ITEM('',(#1523),#1524);
#447=STYLED_ITEM('',(#1525),#1526);
#448=STYLED_ITEM('',(#1527),#1528);
#449=STYLED_ITEM('',(#1529),#1530);
#450=STYLED_ITEM('',(#1531),#1532);
#451=STYLED_ITEM('',(#1533),#1534);
#452=STYLED_ITEM('',(#1535),#1536);
#453=STYLED_ITEM('',(#1537),#1538);
#454=STYLED_ITEM('',(#1539),#1540);
#455=STYLED_ITEM('',(#1541),#1542);
#456=STYLED_ITEM('',(#1543),#1544);
#457=STYLED_ITEM('',(#1545),#1546);
#458=STYLED_ITEM('',(#1547),#1548);
#459=STYLED_ITEM('',(#1549),#1550);
#460=STYLED_ITEM('',(#1551),#1552);
#461=STYLED_ITEM('',(#1553),#1554);
#462=STYLED_ITEM('',(#1555),#1556);
#463=STYLED_ITEM('',(#1557),#1558);
#464=STYLED_ITEM('',(#1559),#1560);
#465=STYLED_ITEM('',(#1561),#1562);
#466=STYLED_ITEM('',(#1563),#1564);
#467=STYLED_ITEM('',(#1565),#1566);
#468=STYLED_ITEM('',(#1567),#1568);
#469=STYLED_ITEM('',(#1569),#1570);
#470=STYLED_ITEM('',(#1571),#1572);
#471=STYLED_ITEM('',(#1573),#1574);
#472=STYLED_ITEM('',(#1575),#1576);
#473=STYLED_ITEM('',(#1577),#1578);
#474=STYLED_ITEM('',(#1579),#1580);
#475=STYLED_ITEM('',(#1581),#1582);
#476=STYLED_ITEM('',(#1583),#1584);
#477=STYLED_ITEM('',(#1585),#1586);
#478=STYLED_ITEM('',(#1587),#1588);
#479=STYLED_ITEM('',(#1589),#1590);
#480=STYLED_ITEM('',(#1591),#1592);
#481=STYLED_ITEM('',(#1593),#1594);
#482=STYLED_ITEM('',(#1595),#1596);
#483=STYLED_ITEM('',(#1597),#1598);
#484=STYLED_ITEM('',(#1599),#1600);
#485=STYLED_ITEM('',(#1601),#1602);
#486=STYLED_ITEM('',(#1603),#1604);
#487=STYLED_ITEM('',(#1605),#1606);
#488=STYLED_ITEM('',(#1607),#1608);
#489=STYLED_ITEM('',(#1609),#1610);
#490=STYLED_ITEM('',(#1611),#1612);
#491=STYLED_ITEM('',(#1613),#1614);
#492=STYLED_ITEM('',(#1615),#1616);
#493=STYLED_ITEM('',(#1617),#1618);
#494=STYLED_ITEM('',(#1619),#1620);
#495=STYLED_ITEM('',(#1621),#1622);
#496=STYLED_ITEM('',(#1623),#1624);
#497=STYLED_ITEM('',(#1625),#1626);
#498=STYLED_ITEM('',(#1627),#1628);
#499=STYLED_ITEM('',(#1629),#1630);
#500=STYLED_ITEM('',(#1631),#1632);
#501=STYLED_ITEM('',(#1633),#1634);
#502=STYLED_ITEM('',(#1635),#1636);
#503=STYLED_ITEM('',(#1637),#1638);
#504=STYLED_ITEM('',(#1639),#1640);
#505=STYLED_ITEM('',(#1641),#1642);
#506=STYLED_ITEM('',(#1643),#1644);
#507=STYLED_ITEM('',(#1645),#1646);
#508=STYLED_ITEM('',(#1647),#1648);
#509=STYLED_ITEM('',(#1649),#1650);
#510=STYLED_ITEM('',(#1651),#1652);
#511=STYLED_ITEM('',(#1653),#1654);
#512=STYLED_ITEM('',(#1655),#1656);
#513=STYLED_ITEM('',(#1657),#1658);
#514=STYLED_ITEM('',(#1659),#1660);
#515=STYLED_ITEM('',(#1661),#1662);
#516=STYLED_ITEM('',(#1663),#1664);
#517=STYLED_ITEM('',(#1665),#1666);
#518=STYLED_ITEM('',(#1667),#1668);
#519=STYLED_ITEM('',(#1669),#1670);
#520=STYLED_ITEM('',(#1671),#1672);
#521=STYLED_ITEM('',(#1673),#1674);
#522=STYLED_ITEM('',(#1675),#1676);
#523=STYLED_ITEM('',(#1677),#1678);
#524=STYLED_ITEM('',(#1679),#1680);
#525=STYLED_ITEM('',(#1681),#1682);
#526=STYLED_ITEM('',(#1683),#1684);
#527=STYLED_ITEM('',(#1685),#1686);
#528=STYLED_ITEM('',(#1687),#1688);
#529=STYLED_ITEM('',(#1689),#1690);
#530=STYLED_ITEM('',(#1691),#1692);
#531=STYLED_ITEM('',(#1693),#1694);
#532=STYLED_ITEM('',(#1695),#1696);
#533=STYLED_ITEM('',(#1697),#1698);
#534=STYLED_ITEM('',(#1699),#1700);
#535=STYLED_ITEM('',(#1701),#1702);
#536=STYLED_ITEM('',(#1703),#1704);
#537=STYLED_ITEM('',(#1705),#1706);
#538=STYLED_ITEM('',(#1707),#1708);
#539=STYLED_ITEM('',(#1709),#1710);
#540=STYLED_ITEM('',(#1711),#1712);
#541=STYLED_ITEM('',(#1713),#1714);
#542=STYLED_ITEM('',(#1715),#1716);
#543=STYLED_ITEM('',(#1717),#1718);
#544=STYLED_ITEM('',(#1719),#1720);
#545=STYLED_ITEM('',(#1721),#1722);
#546=STYLED_ITEM('',(#1723),#1724);
#547=STYLED_ITEM('',(#1725),#1726);
#548=STYLED_ITEM('',(#1727),#1728);
#549=STYLED_ITEM('',(#1729),#1730);
#550=STYLED_ITEM('',(#1731),#1732);
#551=STYLED_ITEM('',(#1733),#1734);
#552=STYLED_ITEM('',(#1735),#1736);
#553=STYLED_ITEM('',(#1737),#1738);
#554=STYLED_ITEM('',(#1739),#1740);
#555=STYLED_ITEM('',(#1741),#1742);
#556=STYLED_ITEM('',(#1743),#1744);
#557=STYLED_ITEM('',(#1745),#1746);
#558=STYLED_ITEM('',(#1747),#1748);
#559=STYLED_ITEM('',(#1749),#1750);
#560=STYLED_ITEM('',(#1751),#1752);
#561=STYLED_ITEM('',(#1753),#1754);
#562=STYLED_ITEM('',(#1755),#1756);
#563=STYLED_ITEM('',(#1757),#1758);
#564=STYLED_ITEM('',(#1759),#1760);
#565=STYLED_ITEM('',(#1761),#1762);
#566=STYLED_ITEM('',(#1763),#1764);
#567=STYLED_ITEM('',(#1765),#1766);
#568=STYLED_ITEM('',(#1767),#1768);
#569=STYLED_ITEM('',(#1769),#1770);
#570=STYLED_ITEM('',(#1771),#1772);
#571=STYLED_ITEM('',(#1773),#1774);
#572=STYLED_ITEM('',(#1775),#1776);
#573=STYLED_ITEM('',(#1777),#1778);
#574=STYLED_ITEM('',(#1779),#1780);
#575=STYLED_ITEM('',(#1781),#1782);
#576=STYLED_ITEM('',(#1783),#1784);
#577=STYLED_ITEM('',(#1785),#1786);
#578=STYLED_ITEM('',(#1787),#1788);
#579=STYLED_ITEM('',(#1789),#1790);
#580=STYLED_ITEM('',(#1791),#1792);
#581=STYLED_ITEM('',(#1793),#1794);
#582=STYLED_ITEM('',(#1795),#1796);
#583=STYLED_ITEM('',(#1797),#1798);
#584=STYLED_ITEM('',(#1799),#1800);
#585=STYLED_ITEM('',(#1801),#1802);
#586=STYLED_ITEM('',(#1803),#1804);
#587=STYLED_ITEM('',(#1805),#1806);
#588=STYLED_ITEM('',(#1807),#1808);
#589=STYLED_ITEM('',(#1809),#1810);
#590=STYLED_ITEM('',(#1811),#1812);
#591=STYLED_ITEM('',(#1813),#1814);
#592=STYLED_ITEM('',(#1815),#1816);
#593=STYLED_ITEM('',(#1817),#1818);
#594=STYLED_ITEM('',(#1819),#1820);
#595=STYLED_ITEM('',(#1821),#1822);
#596=STYLED_ITEM('',(#1823),#1824);
#597=STYLED_ITEM('',(#1825),#1826);
#598=STYLED_ITEM('',(#1827),#1828);
#599=STYLED_ITEM('',(#1829),#1830);
#600=STYLED_ITEM('',(#1831),#1832);
#601=STYLED_ITEM('',(#1833),#1834);
#602=STYLED_ITEM('',(#1835),#1836);
#603=STYLED_ITEM('',(#1837),#1838);
#604=STYLED_ITEM('',(#1839),#1840);
#605=STYLED_ITEM('',(#1841),#1842);
#606=STYLED_ITEM('',(#1843),#1844);
#607=STYLED_ITEM('',(#1845),#1846);
#608=STYLED_ITEM('',(#1847),#1848);
#609=STYLED_ITEM('',(#1849),#1850);
#610=STYLED_ITEM('',(#1851),#1852);
#611=STYLED_ITEM('',(#1853),#1854);
#612=STYLED_ITEM('',(#1855),#1856);
#613=STYLED_ITEM('',(#1857),#1858);
#614=STYLED_ITEM('',(#1859),#1860);
#615=STYLED_ITEM('',(#1861),#1862);
#616=STYLED_ITEM('',(#1863),#1864);
#617=STYLED_ITEM('',(#1865),#1866);
#618=STYLED_ITEM('',(#1867),#1868);
#619=STYLED_ITEM('',(#1869),#1870);
#620=STYLED_ITEM('',(#1871),#1872);
#621=STYLED_ITEM('',(#1873),#1874);
#622=STYLED_ITEM('',(#1875),#1876);
#623=STYLED_ITEM('',(#1877),#1878);
#624=STYLED_ITEM('',(#1879),#1880);
#625=STYLED_ITEM('',(#1881),#1882);
#626=STYLED_ITEM('',(#1883),#1884);
#627=STYLED_ITEM('',(#1885),#1886);
#628=STYLED_ITEM('',(#1887),#1888);
#629=STYLED_ITEM('',(#1889),#1890);
#630=STYLED_ITEM('',(#1891),#1892);
#631=STYLED_ITEM('',(#1893),#1894);
#632=STYLED_ITEM('',(#1895),#1896);
#633=STYLED_ITEM('',(#1897),#1898);
#634=STYLED_ITEM('',(#1899),#1900);
#635=STYLED_ITEM('',(#1901),#1902);
#636=STYLED_ITEM('',(#1903),#1904);
#637=STYLED_ITEM('',(#1905),#1906);
#638=STYLED_ITEM('',(#1907),#1908);
#639=STYLED_ITEM('',(#1909),#1910);
#640=STYLED_ITEM('',(#1911),#1912);
#641=STYLED_ITEM('',(#1913),#1914);
#642=STYLED_ITEM('',(#1915),#1916);
#643=APPLICATION_CONTEXT(' ');
#644=PRODUCT_CATEGORY('part','NONE');
#645=PRODUCT_RELATED_PRODUCT_CATEGORY('detail',' ',(#1917));
#646=PRODUCT_DEFINITION_SHAPE('NONE','NONE',#1918);
#647=ADVANCED_BREP_SHAPE_REPRESENTATION('m40-3010346r_1',(#1348,#1919),#11);
#648=ADVANCED_BREP_SHAPE_REPRESENTATION('m40-3010346r_2',(#1464,#1920),#11);
#649=ADVANCED_BREP_SHAPE_REPRESENTATION('m40-3010346r_3',(#1580,#1921),#11);
#650=ADVANCED_BREP_SHAPE_REPRESENTATION('m40-3010346r_4',(#1696,#1922),#11);
#651=ADVANCED_BREP_SHAPE_REPRESENTATION('m40-3010346r_5',(#1806,#1923),#11);
#652=ADVANCED_BREP_SHAPE_REPRESENTATION('m40-3010346r_6',(#1916,#1924),#11);
#655=UNCERTAINTY_MEASURE_WITH_UNIT(LENGTH_MEASURE(1.0E-06),#657,'','');
#657= (CONVERSION_BASED_UNIT('MILLIMETRE',#1927)LENGTH_UNIT()NAMED_UNIT(#1930));
#658= (NAMED_UNIT(#1932)PLANE_ANGLE_UNIT()SI_UNIT($,.RADIAN.));
#659= (NAMED_UNIT(#1932)SOLID_ANGLE_UNIT()SI_UNIT($,.STERADIAN.));
#661=PRESENTATION_STYLE_ASSIGNMENT((#1938));
#662=EDGE_CURVE('',#1939,#1940,#1941,.T.);
#663=PRESENTATION_STYLE_ASSIGNMENT((#1942));
#664=EDGE_CURVE('',#1943,#1939,#1944,.T.);
#665=PRESENTATION_STYLE_ASSIGNMENT((#1945));
#666=EDGE_CURVE('',#1943,#1946,#1947,.T.);
#667=PRESENTATION_STYLE_ASSIGNMENT((#1948));
#668=EDGE_CURVE('',#1949,#1946,#1950,.T.);
#669=PRESENTATION_STYLE_ASSIGNMENT((#1951));
#670=EDGE_CURVE('',#1952,#1949,#1953,.T.);
#671=PRESENTATION_STYLE_ASSIGNMENT((#1954));
#672=EDGE_CURVE('',#1952,#1955,#1956,.T.);
#673=PRESENTATION_STYLE_ASSIGNMENT((#1957));
#674=EDGE_CURVE('',#1955,#1958,#1959,.T.);
#675=PRESENTATION_STYLE_ASSIGNMENT((#1960));
#676=EDGE_CURVE('',#1958,#1940,#1961,.T.);
#677=PRESENTATION_STYLE_ASSIGNMENT((#1962));
#678=EDGE_CURVE('',#1963,#1964,#1965,.T.);
#679=PRESENTATION_STYLE_ASSIGNMENT((#1966));
#680=EDGE_CURVE('',#1963,#1967,#1968,.T.);
#681=PRESENTATION_STYLE_ASSIGNMENT((#1969));
#682=EDGE_CURVE('',#1967,#1970,#1971,.T.);
#683=PRESENTATION_STYLE_ASSIGNMENT((#1972));
#684=EDGE_CURVE('',#1970,#1964,#1973,.T.);
#685=PRESENTATION_STYLE_ASSIGNMENT((#1974));
#686=EDGE_CURVE('',#1975,#1976,#1977,.T.);
#687=PRESENTATION_STYLE_ASSIGNMENT((#1978));
#688=EDGE_CURVE('',#1976,#1979,#1980,.T.);
#689=PRESENTATION_STYLE_ASSIGNMENT((#1981));
#690=EDGE_CURVE('',#1979,#1982,#1983,.T.);
#691=PRESENTATION_STYLE_ASSIGNMENT((#1984));
#692=EDGE_CURVE('',#1982,#1985,#1986,.T.);
#693=PRESENTATION_STYLE_ASSIGNMENT((#1987));
#694=EDGE_CURVE('',#1988,#1985,#1989,.T.);
#695=PRESENTATION_STYLE_ASSIGNMENT((#1990));
#696=EDGE_CURVE('',#1991,#1988,#1992,.T.);
#697=PRESENTATION_STYLE_ASSIGNMENT((#1993));
#698=EDGE_CURVE('',#1994,#1991,#1995,.T.);
#699=PRESENTATION_STYLE_ASSIGNMENT((#1996));
#700=EDGE_CURVE('',#1994,#1975,#1997,.T.);
#701=PRESENTATION_STYLE_ASSIGNMENT((#1998));
#702=EDGE_CURVE('',#1999,#2000,#2001,.T.);
#703=PRESENTATION_STYLE_ASSIGNMENT((#2002));
#704=EDGE_CURVE('',#1999,#2003,#2004,.T.);
#705=PRESENTATION_STYLE_ASSIGNMENT((#2005));
#706=EDGE_CURVE('',#2003,#2006,#2007,.T.);
#707=PRESENTATION_STYLE_ASSIGNMENT((#2008));
#708=EDGE_CURVE('',#2006,#2000,#2009,.T.);
#709=PRESENTATION_STYLE_ASSIGNMENT((#2010));
#710=EDGE_CURVE('',#1940,#2011,#2012,.T.);
#711=PRESENTATION_STYLE_ASSIGNMENT((#2013));
#712=EDGE_CURVE('',#2014,#1958,#2015,.T.);
#713=PRESENTATION_STYLE_ASSIGNMENT((#2016));
#714=EDGE_CURVE('',#2014,#2011,#2017,.T.);
#715=PRESENTATION_STYLE_ASSIGNMENT((#2018));
#716=EDGE_CURVE('',#2019,#2014,#2020,.T.);
#717=PRESENTATION_STYLE_ASSIGNMENT((#2021));
#718=EDGE_CURVE('',#2019,#2022,#2023,.T.);
#719=PRESENTATION_STYLE_ASSIGNMENT((#2024));
#720=EDGE_CURVE('',#2022,#2025,#2026,.T.);
#721=PRESENTATION_STYLE_ASSIGNMENT((#2027));
#722=EDGE_CURVE('',#2025,#2028,#2029,.T.);
#723=PRESENTATION_STYLE_ASSIGNMENT((#2030));
#724=EDGE_CURVE('',#2028,#2031,#2032,.T.);
#725=PRESENTATION_STYLE_ASSIGNMENT((#2033));
#726=EDGE_CURVE('',#2031,#2034,#2035,.T.);
#727=PRESENTATION_STYLE_ASSIGNMENT((#2036));
#728=EDGE_CURVE('',#2034,#2037,#2038,.T.);
#729=PRESENTATION_STYLE_ASSIGNMENT((#2039));
#730=EDGE_CURVE('',#2037,#2040,#2041,.T.);
#731=PRESENTATION_STYLE_ASSIGNMENT((#2042));
#732=EDGE_CURVE('',#2040,#2043,#2044,.T.);
#733=PRESENTATION_STYLE_ASSIGNMENT((#2045));
#734=EDGE_CURVE('',#2043,#2046,#2047,.T.);
#735=PRESENTATION_STYLE_ASSIGNMENT((#2048));
#736=EDGE_CURVE('',#2011,#2046,#2049,.T.);
#737=PRESENTATION_STYLE_ASSIGNMENT((#2050));
#738=EDGE_CURVE('',#1991,#2051,#2052,.T.);
#739=PRESENTATION_STYLE_ASSIGNMENT((#2053));
#740=EDGE_CURVE('',#2051,#2054,#2055,.T.);
#741=PRESENTATION_STYLE_ASSIGNMENT((#2056));
#742=EDGE_CURVE('',#2054,#2057,#2058,.T.);
#743=PRESENTATION_STYLE_ASSIGNMENT((#2059));
#744=EDGE_CURVE('',#2060,#2057,#2061,.T.);
#745=PRESENTATION_STYLE_ASSIGNMENT((#2062));
#746=EDGE_CURVE('',#2060,#2063,#2064,.T.);
#747=PRESENTATION_STYLE_ASSIGNMENT((#2065));
#748=EDGE_CURVE('',#2063,#2066,#2067,.T.);
#749=PRESENTATION_STYLE_ASSIGNMENT((#2068));
#750=EDGE_CURVE('',#2066,#2069,#2070,.T.);
#751=PRESENTATION_STYLE_ASSIGNMENT((#2071));
#752=EDGE_CURVE('',#2072,#2069,#2073,.T.);
#753=PRESENTATION_STYLE_ASSIGNMENT((#2074));
#754=EDGE_CURVE('',#2072,#2075,#2076,.T.);
#755=PRESENTATION_STYLE_ASSIGNMENT((#2077));
#756=EDGE_CURVE('',#2075,#2078,#2079,.T.);
#757=PRESENTATION_STYLE_ASSIGNMENT((#2080));
#758=EDGE_CURVE('',#2078,#2081,#2082,.T.);
#759=PRESENTATION_STYLE_ASSIGNMENT((#2083));
#760=EDGE_CURVE('',#2084,#2081,#2085,.T.);
#761=PRESENTATION_STYLE_ASSIGNMENT((#2086));
#762=EDGE_CURVE('',#2087,#2084,#2088,.T.);
#763=PRESENTATION_STYLE_ASSIGNMENT((#2089));
#764=EDGE_CURVE('',#2090,#2087,#2091,.T.);
#765=PRESENTATION_STYLE_ASSIGNMENT((#2092));
#766=EDGE_CURVE('',#1939,#2090,#2093,.T.);
#767=PRESENTATION_STYLE_ASSIGNMENT((#2094));
#768=EDGE_CURVE('',#2046,#2095,#2096,.T.);
#769=PRESENTATION_STYLE_ASSIGNMENT((#2097));
#770=EDGE_CURVE('',#2098,#2095,#2099,.T.);
#771=PRESENTATION_STYLE_ASSIGNMENT((#2100));
#772=EDGE_CURVE('',#2098,#1963,#2101,.T.);
#773=PRESENTATION_STYLE_ASSIGNMENT((#2102));
#774=EDGE_CURVE('',#1964,#2103,#2104,.T.);
#775=PRESENTATION_STYLE_ASSIGNMENT((#2105));
#776=EDGE_CURVE('',#2103,#2106,#2107,.T.);
#777=PRESENTATION_STYLE_ASSIGNMENT((#2108));
#778=EDGE_CURVE('',#2106,#2109,#2110,.T.);
#779=PRESENTATION_STYLE_ASSIGNMENT((#2111));
#780=EDGE_CURVE('',#2112,#2109,#2113,.T.);
#781=PRESENTATION_STYLE_ASSIGNMENT((#2114));
#782=EDGE_CURVE('',#2112,#1999,#2115,.T.);
#783=PRESENTATION_STYLE_ASSIGNMENT((#2116));
#784=EDGE_CURVE('',#2000,#2117,#2118,.T.);
#785=PRESENTATION_STYLE_ASSIGNMENT((#2119));
#786=EDGE_CURVE('',#2117,#2120,#2121,.T.);
#787=PRESENTATION_STYLE_ASSIGNMENT((#2122));
#788=EDGE_CURVE('',#2120,#2123,#2124,.T.);
#789=PRESENTATION_STYLE_ASSIGNMENT((#2125));
#790=EDGE_CURVE('',#2126,#2123,#2127,.T.);
#791=PRESENTATION_STYLE_ASSIGNMENT((#2128));
#792=EDGE_CURVE('',#2126,#1994,#2129,.T.);
#793=PRESENTATION_STYLE_ASSIGNMENT((#2130));
#794=EDGE_CURVE('',#1975,#2131,#2132,.T.);
#795=PRESENTATION_STYLE_ASSIGNMENT((#2133));
#796=EDGE_CURVE('',#2126,#2131,#2134,.T.);
#797=PRESENTATION_STYLE_ASSIGNMENT((#2135));
#798=EDGE_CURVE('',#2136,#2123,#2137,.T.);
#799=PRESENTATION_STYLE_ASSIGNMENT((#2138));
#800=EDGE_CURVE('',#2139,#2136,#2140,.T.);
#801=PRESENTATION_STYLE_ASSIGNMENT((#2141));
#802=EDGE_CURVE('',#2139,#2142,#2143,.T.);
#803=PRESENTATION_STYLE_ASSIGNMENT((#2144));
#804=EDGE_CURVE('',#2145,#2142,#2146,.T.);
#805=PRESENTATION_STYLE_ASSIGNMENT((#2147));
#806=EDGE_CURVE('',#2148,#2145,#2149,.T.);
#807=PRESENTATION_STYLE_ASSIGNMENT((#2150));
#808=EDGE_CURVE('',#2151,#2148,#2152,.T.);
#809=PRESENTATION_STYLE_ASSIGNMENT((#2153));
#810=EDGE_CURVE('',#2151,#2154,#2155,.T.);
#811=PRESENTATION_STYLE_ASSIGNMENT((#2156));
#812=EDGE_CURVE('',#2157,#2154,#2158,.T.);
#813=PRESENTATION_STYLE_ASSIGNMENT((#2159));
#814=EDGE_CURVE('',#2160,#2157,#2161,.T.);
#815=PRESENTATION_STYLE_ASSIGNMENT((#2162));
#816=EDGE_CURVE('',#2160,#2131,#2163,.T.);
#817=PRESENTATION_STYLE_ASSIGNMENT((#2164));
#818=EDGE_CURVE('',#2165,#2166,#2167,.T.);
#819=PRESENTATION_STYLE_ASSIGNMENT((#2168));
#820=EDGE_CURVE('',#2165,#2169,#2170,.T.);
#821=PRESENTATION_STYLE_ASSIGNMENT((#2171));
#822=EDGE_CURVE('',#2169,#2172,#2173,.T.);
#823=PRESENTATION_STYLE_ASSIGNMENT((#2174));
#824=EDGE_CURVE('',#2166,#2172,#2175,.T.);
#825=PRESENTATION_STYLE_ASSIGNMENT((#2176));
#826=EDGE_CURVE('',#2177,#2178,#2179,.T.);
#827=PRESENTATION_STYLE_ASSIGNMENT((#2180));
#828=EDGE_CURVE('',#2181,#2177,#2182,.T.);
#829=PRESENTATION_STYLE_ASSIGNMENT((#2183));
#830=EDGE_CURVE('',#2181,#2184,#2185,.T.);
#831=PRESENTATION_STYLE_ASSIGNMENT((#2186));
#832=EDGE_CURVE('',#2184,#2178,#2187,.T.);
#833=PRESENTATION_STYLE_ASSIGNMENT((#2188));
#834=EDGE_CURVE('',#1955,#2189,#2190,.T.);
#835=PRESENTATION_STYLE_ASSIGNMENT((#2191));
#836=EDGE_CURVE('',#2019,#2189,#2192,.T.);
#837=PRESENTATION_STYLE_ASSIGNMENT((#2193));
#838=EDGE_CURVE('',#1967,#2194,#2195,.T.);
#839=PRESENTATION_STYLE_ASSIGNMENT((#2196));
#840=EDGE_CURVE('',#2197,#2194,#2198,.T.);
#841=PRESENTATION_STYLE_ASSIGNMENT((#2199));
#842=EDGE_CURVE('',#2200,#2197,#2201,.T.);
#843=PRESENTATION_STYLE_ASSIGNMENT((#2202));
#844=EDGE_CURVE('',#2200,#2203,#2204,.T.);
#845=PRESENTATION_STYLE_ASSIGNMENT((#2205));
#846=EDGE_CURVE('',#2203,#1970,#2206,.T.);
#847=PRESENTATION_STYLE_ASSIGNMENT((#2207));
#848=EDGE_CURVE('',#2003,#2208,#2209,.T.);
#849=PRESENTATION_STYLE_ASSIGNMENT((#2210));
#850=EDGE_CURVE('',#2211,#2208,#2212,.T.);
#851=PRESENTATION_STYLE_ASSIGNMENT((#2213));
#852=EDGE_CURVE('',#2214,#2211,#2215,.T.);
#853=PRESENTATION_STYLE_ASSIGNMENT((#2216));
#854=EDGE_CURVE('',#2214,#2217,#2218,.T.);
#855=PRESENTATION_STYLE_ASSIGNMENT((#2219));
#856=EDGE_CURVE('',#2217,#2006,#2220,.T.);
#857=PRESENTATION_STYLE_ASSIGNMENT((#2221));
#858=EDGE_CURVE('',#2222,#2160,#2223,.T.);
#859=PRESENTATION_STYLE_ASSIGNMENT((#2224));
#860=EDGE_CURVE('',#2222,#1976,#2225,.T.);
#861=PRESENTATION_STYLE_ASSIGNMENT((#2226));
#862=EDGE_CURVE('',#2227,#2166,#2228,.T.);
#863=PRESENTATION_STYLE_ASSIGNMENT((#2229));
#864=EDGE_CURVE('',#2172,#2230,#2231,.T.);
#865=PRESENTATION_STYLE_ASSIGNMENT((#2232));
#866=EDGE_CURVE('',#2230,#1985,#2233,.T.);
#867=PRESENTATION_STYLE_ASSIGNMENT((#2234));
#868=EDGE_CURVE('',#2235,#1982,#2236,.T.);
#869=PRESENTATION_STYLE_ASSIGNMENT((#2237));
#870=EDGE_CURVE('',#2235,#2238,#2239,.T.);
#871=PRESENTATION_STYLE_ASSIGNMENT((#2240));
#872=EDGE_CURVE('',#2238,#2241,#2242,.T.);
#873=PRESENTATION_STYLE_ASSIGNMENT((#2243));
#874=EDGE_CURVE('',#2244,#2241,#2245,.T.);
#875=PRESENTATION_STYLE_ASSIGNMENT((#2246));
#876=EDGE_CURVE('',#2247,#2244,#2248,.T.);
#877=PRESENTATION_STYLE_ASSIGNMENT((#2249));
#878=EDGE_CURVE('',#2250,#2247,#2251,.T.);
#879=PRESENTATION_STYLE_ASSIGNMENT((#2252));
#880=EDGE_CURVE('',#2253,#2250,#2254,.T.);
#881=PRESENTATION_STYLE_ASSIGNMENT((#2255));
#882=EDGE_CURVE('',#2256,#2253,#2257,.T.);
#883=PRESENTATION_STYLE_ASSIGNMENT((#2258));
#884=EDGE_CURVE('',#2259,#2256,#2260,.T.);
#885=PRESENTATION_STYLE_ASSIGNMENT((#2261));
#886=EDGE_CURVE('',#2227,#2259,#2262,.T.);
#887=PRESENTATION_STYLE_ASSIGNMENT((#2263));
#888=EDGE_CURVE('',#2264,#2265,#2266,.T.);
#889=PRESENTATION_STYLE_ASSIGNMENT((#2267));
#890=EDGE_CURVE('',#2268,#2264,#2269,.T.);
#891=PRESENTATION_STYLE_ASSIGNMENT((#2270));
#892=EDGE_CURVE('',#2268,#2227,#2271,.T.);
#893=PRESENTATION_STYLE_ASSIGNMENT((#2272));
#894=EDGE_CURVE('',#2273,#2259,#2274,.T.);
#895=PRESENTATION_STYLE_ASSIGNMENT((#2275));
#896=EDGE_CURVE('',#2273,#2276,#2277,.T.);
#897=PRESENTATION_STYLE_ASSIGNMENT((#2278));
#898=EDGE_CURVE('',#2279,#2276,#2280,.T.);
#899=PRESENTATION_STYLE_ASSIGNMENT((#2281));
#900=EDGE_CURVE('',#2279,#2282,#2283,.T.);
#901=PRESENTATION_STYLE_ASSIGNMENT((#2284));
#902=EDGE_CURVE('',#2282,#2285,#2286,.T.);
#903=PRESENTATION_STYLE_ASSIGNMENT((#2287));
#904=EDGE_CURVE('',#2288,#2285,#2289,.T.);
#905=PRESENTATION_STYLE_ASSIGNMENT((#2290));
#906=EDGE_CURVE('',#2291,#2288,#2292,.T.);
#907=PRESENTATION_STYLE_ASSIGNMENT((#2293));
#908=EDGE_CURVE('',#2291,#2294,#2295,.T.);
#909=PRESENTATION_STYLE_ASSIGNMENT((#2296));
#910=EDGE_CURVE('',#2297,#2294,#2298,.T.);
#911=PRESENTATION_STYLE_ASSIGNMENT((#2299));
#912=EDGE_CURVE('',#2300,#2297,#2301,.T.);
#913=PRESENTATION_STYLE_ASSIGNMENT((#2302));
#914=EDGE_CURVE('',#2265,#2300,#2303,.T.);
#915=PRESENTATION_STYLE_ASSIGNMENT((#2304));
#916=EDGE_CURVE('',#2300,#2305,#2306,.T.);
#917=PRESENTATION_STYLE_ASSIGNMENT((#2307));
#918=EDGE_CURVE('',#2308,#2305,#2309,.T.);
#919=PRESENTATION_STYLE_ASSIGNMENT((#2310));
#920=EDGE_CURVE('',#2265,#2308,#2311,.T.);
#921=PRESENTATION_STYLE_ASSIGNMENT((#2312));
#922=EDGE_CURVE('',#2297,#2313,#2314,.T.);
#923=PRESENTATION_STYLE_ASSIGNMENT((#2315));
#924=EDGE_CURVE('',#2294,#2316,#2317,.T.);
#925=PRESENTATION_STYLE_ASSIGNMENT((#2318));
#926=EDGE_CURVE('',#2316,#2319,#2320,.T.);
#927=PRESENTATION_STYLE_ASSIGNMENT((#2321));
#928=EDGE_CURVE('',#2319,#2084,#2322,.T.);
#929=PRESENTATION_STYLE_ASSIGNMENT((#2323));
#930=EDGE_CURVE('',#2324,#2081,#2325,.T.);
#931=PRESENTATION_STYLE_ASSIGNMENT((#2326));
#932=EDGE_CURVE('',#2324,#2327,#2328,.T.);
#933=PRESENTATION_STYLE_ASSIGNMENT((#2329));
#934=EDGE_CURVE('',#2327,#2072,#2330,.T.);
#935=PRESENTATION_STYLE_ASSIGNMENT((#2331));
#936=EDGE_CURVE('',#2332,#2069,#2333,.T.);
#937=PRESENTATION_STYLE_ASSIGNMENT((#2334));
#938=EDGE_CURVE('',#2332,#2335,#2336,.T.);
#939=PRESENTATION_STYLE_ASSIGNMENT((#2337));
#940=EDGE_CURVE('',#2335,#2060,#2338,.T.);
#941=PRESENTATION_STYLE_ASSIGNMENT((#2339));
#942=EDGE_CURVE('',#2340,#2057,#2341,.T.);
#943=PRESENTATION_STYLE_ASSIGNMENT((#2342));
#944=EDGE_CURVE('',#2343,#2340,#2344,.T.);
#945=PRESENTATION_STYLE_ASSIGNMENT((#2345));
#946=EDGE_CURVE('',#2343,#2264,#2346,.T.);
#947=PRESENTATION_STYLE_ASSIGNMENT((#2347));
#948=EDGE_CURVE('',#2313,#2308,#2348,.T.);
#949=PRESENTATION_STYLE_ASSIGNMENT((#2349));
#950=EDGE_CURVE('',#2350,#2351,#2352,.T.);
#951=PRESENTATION_STYLE_ASSIGNMENT((#2353));
#952=EDGE_CURVE('',#2351,#2354,#2355,.T.);
#953=PRESENTATION_STYLE_ASSIGNMENT((#2356));
#954=EDGE_CURVE('',#2354,#2357,#2358,.T.);
#955=PRESENTATION_STYLE_ASSIGNMENT((#2359));
#956=EDGE_CURVE('',#2357,#2360,#2361,.T.);
#957=PRESENTATION_STYLE_ASSIGNMENT((#2362));
#958=EDGE_CURVE('',#2360,#2363,#2364,.T.);
#959=PRESENTATION_STYLE_ASSIGNMENT((#2365));
#960=EDGE_CURVE('',#2363,#2366,#2367,.T.);
#961=PRESENTATION_STYLE_ASSIGNMENT((#2368));
#962=EDGE_CURVE('',#2366,#2369,#2370,.T.);
#963=PRESENTATION_STYLE_ASSIGNMENT((#2371));
#964=EDGE_CURVE('',#2369,#2372,#2373,.T.);
#965=PRESENTATION_STYLE_ASSIGNMENT((#2374));
#966=EDGE_CURVE('',#2372,#2375,#2376,.T.);
#967=PRESENTATION_STYLE_ASSIGNMENT((#2377));
#968=EDGE_CURVE('',#2375,#2378,#2379,.T.);
#969=PRESENTATION_STYLE_ASSIGNMENT((#2380));
#970=EDGE_CURVE('',#2378,#2381,#2382,.T.);
#971=PRESENTATION_STYLE_ASSIGNMENT((#2383));
#972=EDGE_CURVE('',#2381,#2350,#2384,.T.);
#973=PRESENTATION_STYLE_ASSIGNMENT((#2385));
#974=EDGE_CURVE('',#2386,#2350,#2387,.T.);
#975=PRESENTATION_STYLE_ASSIGNMENT((#2388));
#976=EDGE_CURVE('',#2389,#2381,#2390,.T.);
#977=PRESENTATION_STYLE_ASSIGNMENT((#2391));
#978=EDGE_CURVE('',#2389,#2386,#2392,.T.);
#979=PRESENTATION_STYLE_ASSIGNMENT((#2393));
#980=EDGE_CURVE('',#2389,#2394,#2395,.T.);
#981=PRESENTATION_STYLE_ASSIGNMENT((#2396));
#982=EDGE_CURVE('',#2397,#2394,#2398,.T.);
#983=PRESENTATION_STYLE_ASSIGNMENT((#2399));
#984=EDGE_CURVE('',#2386,#2397,#2400,.T.);
#985=PRESENTATION_STYLE_ASSIGNMENT((#2401));
#986=EDGE_CURVE('',#2402,#2403,#2404,.T.);
#987=PRESENTATION_STYLE_ASSIGNMENT((#2405));
#988=EDGE_CURVE('',#2406,#2403,#2407,.T.);
#989=PRESENTATION_STYLE_ASSIGNMENT((#2408));
#990=EDGE_CURVE('',#2409,#2406,#2410,.T.);
#991=PRESENTATION_STYLE_ASSIGNMENT((#2411));
#992=EDGE_CURVE('',#2402,#2409,#2412,.T.);
#993=PRESENTATION_STYLE_ASSIGNMENT((#2413));
#994=EDGE_CURVE('',#2414,#2397,#2415,.T.);
#995=PRESENTATION_STYLE_ASSIGNMENT((#2416));
#996=EDGE_CURVE('',#2417,#2414,#2418,.T.);
#997=PRESENTATION_STYLE_ASSIGNMENT((#2419));
#998=EDGE_CURVE('',#2386,#2417,#2420,.T.);
#999=PRESENTATION_STYLE_ASSIGNMENT((#2421));
#1000=EDGE_CURVE('',#2422,#2423,#2424,.T.);
#1001=PRESENTATION_STYLE_ASSIGNMENT((#2425));
#1002=EDGE_CURVE('',#2426,#2423,#2427,.T.);
#1003=PRESENTATION_STYLE_ASSIGNMENT((#2428));
#1004=EDGE_CURVE('',#2429,#2426,#2430,.T.);
#1005=PRESENTATION_STYLE_ASSIGNMENT((#2431));
#1006=EDGE_CURVE('',#2422,#2429,#2432,.T.);
#1007=PRESENTATION_STYLE_ASSIGNMENT((#2433));
#1008=EDGE_CURVE('',#2417,#2351,#2434,.T.);
#1009=PRESENTATION_STYLE_ASSIGNMENT((#2435));
#1010=EDGE_CURVE('',#2417,#2436,#2437,.T.);
#1011=PRESENTATION_STYLE_ASSIGNMENT((#2438));
#1012=EDGE_CURVE('',#2436,#2354,#2439,.T.);
#1013=PRESENTATION_STYLE_ASSIGNMENT((#2440));
#1014=EDGE_CURVE('',#2436,#2402,#2441,.T.);
#1015=PRESENTATION_STYLE_ASSIGNMENT((#2442));
#1016=EDGE_CURVE('',#2402,#2357,#2443,.T.);
#1017=PRESENTATION_STYLE_ASSIGNMENT((#2444));
#1018=EDGE_CURVE('',#2409,#2360,#2445,.T.);
#1019=PRESENTATION_STYLE_ASSIGNMENT((#2446));
#1020=EDGE_CURVE('',#2409,#2447,#2448,.T.);
#1021=PRESENTATION_STYLE_ASSIGNMENT((#2449));
#1022=EDGE_CURVE('',#2447,#2363,#2450,.T.);
#1023=PRESENTATION_STYLE_ASSIGNMENT((#2451));
#1024=EDGE_CURVE('',#2452,#2366,#2453,.T.);
#1025=PRESENTATION_STYLE_ASSIGNMENT((#2454));
#1026=EDGE_CURVE('',#2447,#2452,#2455,.T.);
#1027=PRESENTATION_STYLE_ASSIGNMENT((#2456));
#1028=EDGE_CURVE('',#2447,#2457,#2458,.T.);
#1029=PRESENTATION_STYLE_ASSIGNMENT((#2459));
#1030=EDGE_CURVE('',#2460,#2457,#2461,.T.);
#1031=PRESENTATION_STYLE_ASSIGNMENT((#2462));
#1032=EDGE_CURVE('',#2452,#2460,#2463,.T.);
#1033=PRESENTATION_STYLE_ASSIGNMENT((#2464));
#1034=EDGE_CURVE('',#2465,#2426,#2466,.T.);
#1035=PRESENTATION_STYLE_ASSIGNMENT((#2467));
#1036=EDGE_CURVE('',#2468,#2465,#2469,.T.);
#1037=PRESENTATION_STYLE_ASSIGNMENT((#2470));
#1038=EDGE_CURVE('',#2429,#2468,#2471,.T.);
#1039=PRESENTATION_STYLE_ASSIGNMENT((#2472));
#1040=EDGE_CURVE('',#2436,#2473,#2474,.T.);
#1041=PRESENTATION_STYLE_ASSIGNMENT((#2475));
#1042=EDGE_CURVE('',#2403,#2473,#2476,.T.);
#1043=PRESENTATION_STYLE_ASSIGNMENT((#2477));
#1044=EDGE_CURVE('',#2478,#2460,#2479,.T.);
#1045=PRESENTATION_STYLE_ASSIGNMENT((#2480));
#1046=EDGE_CURVE('',#2481,#2478,#2482,.T.);
#1047=PRESENTATION_STYLE_ASSIGNMENT((#2483));
#1048=EDGE_CURVE('',#2452,#2481,#2484,.T.);
#1049=PRESENTATION_STYLE_ASSIGNMENT((#2485));
#1050=EDGE_CURVE('',#2394,#2465,#2486,.T.);
#1051=PRESENTATION_STYLE_ASSIGNMENT((#2487));
#1052=EDGE_CURVE('',#2423,#2478,#2488,.T.);
#1053=PRESENTATION_STYLE_ASSIGNMENT((#2489));
#1054=EDGE_CURVE('',#2457,#2406,#2490,.T.);
#1055=PRESENTATION_STYLE_ASSIGNMENT((#2491));
#1056=EDGE_CURVE('',#2473,#2414,#2492,.T.);
#1057=PRESENTATION_STYLE_ASSIGNMENT((#2493));
#1058=EDGE_CURVE('',#2040,#2494,#2495,.T.);
#1059=PRESENTATION_STYLE_ASSIGNMENT((#2496));
#1060=EDGE_CURVE('',#2037,#2497,#2498,.T.);
#1061=PRESENTATION_STYLE_ASSIGNMENT((#2499));
#1062=EDGE_CURVE('',#2497,#2494,#2500,.T.);
#1063=PRESENTATION_STYLE_ASSIGNMENT((#2501));
#1064=EDGE_CURVE('',#2028,#2502,#2503,.T.);
#1065=PRESENTATION_STYLE_ASSIGNMENT((#2504));
#1066=EDGE_CURVE('',#2025,#2505,#2506,.T.);
#1067=PRESENTATION_STYLE_ASSIGNMENT((#2507));
#1068=EDGE_CURVE('',#2505,#2502,#2508,.T.);
#1069=PRESENTATION_STYLE_ASSIGNMENT((#2509));
#1070=EDGE_CURVE('',#2510,#2511,#2512,.T.);
#1071=PRESENTATION_STYLE_ASSIGNMENT((#2513));
#1072=EDGE_CURVE('',#2510,#2514,#2515,.T.);
#1073=PRESENTATION_STYLE_ASSIGNMENT((#2516));
#1074=EDGE_CURVE('',#2514,#2517,#2518,.T.);
#1075=PRESENTATION_STYLE_ASSIGNMENT((#2519));
#1076=EDGE_CURVE('',#2511,#2517,#2520,.T.);
#1077=PRESENTATION_STYLE_ASSIGNMENT((#2521));
#1078=EDGE_CURVE('',#2522,#2523,#2524,.T.);
#1079=PRESENTATION_STYLE_ASSIGNMENT((#2525));
#1080=EDGE_CURVE('',#2522,#2526,#2527,.T.);
#1081=PRESENTATION_STYLE_ASSIGNMENT((#2528));
#1082=EDGE_CURVE('',#2526,#2529,#2530,.T.);
#1083=PRESENTATION_STYLE_ASSIGNMENT((#2531));
#1084=EDGE_CURVE('',#2523,#2529,#2532,.T.);
#1085=PRESENTATION_STYLE_ASSIGNMENT((#2533));
#1086=EDGE_CURVE('',#2534,#2139,#2535,.T.);
#1087=PRESENTATION_STYLE_ASSIGNMENT((#2536));
#1088=EDGE_CURVE('',#2534,#2537,#2538,.T.);
#1089=PRESENTATION_STYLE_ASSIGNMENT((#2539));
#1090=EDGE_CURVE('',#2537,#2142,#2540,.T.);
#1091=PRESENTATION_STYLE_ASSIGNMENT((#2541));
#1092=EDGE_CURVE('',#2542,#2151,#2543,.T.);
#1093=PRESENTATION_STYLE_ASSIGNMENT((#2544));
#1094=EDGE_CURVE('',#2542,#2545,#2546,.T.);
#1095=PRESENTATION_STYLE_ASSIGNMENT((#2547));
#1096=EDGE_CURVE('',#2545,#2154,#2548,.T.);
#1097=PRESENTATION_STYLE_ASSIGNMENT((#2549));
#1098=EDGE_CURVE('',#2481,#2422,#2550,.T.);
#1099=PRESENTATION_STYLE_ASSIGNMENT((#2551));
#1100=EDGE_CURVE('',#2422,#2372,#2552,.T.);
#1101=PRESENTATION_STYLE_ASSIGNMENT((#2553));
#1102=EDGE_CURVE('',#2481,#2369,#2554,.T.);
#1103=PRESENTATION_STYLE_ASSIGNMENT((#2555));
#1104=EDGE_CURVE('',#2429,#2375,#2556,.T.);
#1105=PRESENTATION_STYLE_ASSIGNMENT((#2557));
#1106=EDGE_CURVE('',#2468,#2378,#2558,.T.);
#1107=PRESENTATION_STYLE_ASSIGNMENT((#2559));
#1108=EDGE_CURVE('',#2468,#2389,#2560,.T.);
#1109=PRESENTATION_STYLE_ASSIGNMENT((#2561));
#1110=EDGE_CURVE('',#2562,#2095,#2563,.T.);
#1111=PRESENTATION_STYLE_ASSIGNMENT((#2564));
#1112=EDGE_CURVE('',#2494,#2562,#2565,.T.);
#1113=PRESENTATION_STYLE_ASSIGNMENT((#2566));
#1114=EDGE_CURVE('',#2567,#2497,#2568,.T.);
#1115=PRESENTATION_STYLE_ASSIGNMENT((#2569));
#1116=EDGE_CURVE('',#2570,#2567,#2571,.T.);
#1117=PRESENTATION_STYLE_ASSIGNMENT((#2572));
#1118=EDGE_CURVE('',#2502,#2570,#2573,.T.);
#1119=PRESENTATION_STYLE_ASSIGNMENT((#2574));
#1120=EDGE_CURVE('',#2575,#2505,#2576,.T.);
#1121=PRESENTATION_STYLE_ASSIGNMENT((#2577));
#1122=EDGE_CURVE('',#2197,#2575,#2578,.T.);
#1123=PRESENTATION_STYLE_ASSIGNMENT((#2579));
#1124=EDGE_CURVE('',#2098,#2194,#2580,.T.);
#1125=PRESENTATION_STYLE_ASSIGNMENT((#2581));
#1126=EDGE_CURVE('',#2211,#2582,#2583,.T.);
#1127=PRESENTATION_STYLE_ASSIGNMENT((#2584));
#1128=EDGE_CURVE('',#2582,#2585,#2586,.T.);
#1129=PRESENTATION_STYLE_ASSIGNMENT((#2587));
#1130=EDGE_CURVE('',#2200,#2585,#2588,.T.);
#1131=PRESENTATION_STYLE_ASSIGNMENT((#2589));
#1132=EDGE_CURVE('',#2575,#2022,#2590,.T.);
#1133=PRESENTATION_STYLE_ASSIGNMENT((#2591));
#1134=EDGE_CURVE('',#2189,#2279,#2592,.T.);
#1135=PRESENTATION_STYLE_ASSIGNMENT((#2593));
#1136=EDGE_CURVE('',#2222,#2276,#2594,.T.);
#1137=PRESENTATION_STYLE_ASSIGNMENT((#2595));
#1138=EDGE_CURVE('',#2157,#2596,#2597,.T.);
#1139=PRESENTATION_STYLE_ASSIGNMENT((#2598));
#1140=EDGE_CURVE('',#2214,#2596,#2599,.T.);
#1141=PRESENTATION_STYLE_ASSIGNMENT((#2600));
#1142=EDGE_CURVE('',#2596,#2545,#2601,.T.);
#1143=PRESENTATION_STYLE_ASSIGNMENT((#2602));
#1144=EDGE_CURVE('',#2542,#2603,#2604,.T.);
#1145=PRESENTATION_STYLE_ASSIGNMENT((#2605));
#1146=EDGE_CURVE('',#2603,#2606,#2607,.T.);
#1147=PRESENTATION_STYLE_ASSIGNMENT((#2608));
#1148=EDGE_CURVE('',#2606,#2537,#2609,.T.);
#1149=PRESENTATION_STYLE_ASSIGNMENT((#2610));
#1150=EDGE_CURVE('',#2534,#2611,#2612,.T.);
#1151=PRESENTATION_STYLE_ASSIGNMENT((#2613));
#1152=EDGE_CURVE('',#2611,#2120,#2614,.T.);
#1153=PRESENTATION_STYLE_ASSIGNMENT((#2615));
#1154=EDGE_CURVE('',#2217,#2117,#2616,.T.);
#1155=PRESENTATION_STYLE_ASSIGNMENT((#2617));
#1156=EDGE_CURVE('',#2136,#2611,#2618,.T.);
#1157=PRESENTATION_STYLE_ASSIGNMENT((#2619));
#1158=EDGE_CURVE('',#2145,#2606,#2620,.T.);
#1159=PRESENTATION_STYLE_ASSIGNMENT((#2621));
#1160=EDGE_CURVE('',#2148,#2603,#2622,.T.);
#1161=PRESENTATION_STYLE_ASSIGNMENT((#2623));
#1162=EDGE_CURVE('',#2273,#2624,#2625,.T.);
#1163=PRESENTATION_STYLE_ASSIGNMENT((#2626));
#1164=EDGE_CURVE('',#2624,#2627,#2628,.T.);
#1165=PRESENTATION_STYLE_ASSIGNMENT((#2629));
#1166=EDGE_CURVE('',#2627,#2630,#2631,.T.);
#1167=PRESENTATION_STYLE_ASSIGNMENT((#2632));
#1168=EDGE_CURVE('',#2630,#2633,#2634,.T.);
#1169=PRESENTATION_STYLE_ASSIGNMENT((#2635));
#1170=EDGE_CURVE('',#2633,#2636,#2637,.T.);
#1171=PRESENTATION_STYLE_ASSIGNMENT((#2638));
#1172=EDGE_CURVE('',#2636,#2340,#2639,.T.);
#1173=PRESENTATION_STYLE_ASSIGNMENT((#2640));
#1174=EDGE_CURVE('',#2054,#2641,#2642,.T.);
#1175=PRESENTATION_STYLE_ASSIGNMENT((#2643));
#1176=EDGE_CURVE('',#2641,#1979,#2644,.T.);
#1177=PRESENTATION_STYLE_ASSIGNMENT((#2645));
#1178=EDGE_CURVE('',#2641,#2235,#2646,.T.);
#1179=PRESENTATION_STYLE_ASSIGNMENT((#2647));
#1180=EDGE_CURVE('',#2051,#2648,#2649,.T.);
#1181=PRESENTATION_STYLE_ASSIGNMENT((#2650));
#1182=EDGE_CURVE('',#2648,#2235,#2651,.T.);
#1183=PRESENTATION_STYLE_ASSIGNMENT((#2652));
#1184=EDGE_CURVE('',#2653,#2648,#2654,.T.);
#1185=PRESENTATION_STYLE_ASSIGNMENT((#2655));
#1186=EDGE_CURVE('',#2653,#2238,#2656,.T.);
#1187=PRESENTATION_STYLE_ASSIGNMENT((#2657));
#1188=EDGE_CURVE('',#2653,#2658,#2659,.T.);
#1189=PRESENTATION_STYLE_ASSIGNMENT((#2660));
#1190=EDGE_CURVE('',#2658,#2241,#2661,.T.);
#1191=PRESENTATION_STYLE_ASSIGNMENT((#2662));
#1192=EDGE_CURVE('',#2343,#2658,#2663,.T.);
#1193=PRESENTATION_STYLE_ASSIGNMENT((#2664));
#1194=EDGE_CURVE('',#2636,#2244,#2665,.T.);
#1195=PRESENTATION_STYLE_ASSIGNMENT((#2666));
#1196=EDGE_CURVE('',#2633,#2247,#2667,.T.);
#1197=PRESENTATION_STYLE_ASSIGNMENT((#2668));
#1198=EDGE_CURVE('',#2630,#2250,#2669,.T.);
#1199=PRESENTATION_STYLE_ASSIGNMENT((#2670));
#1200=EDGE_CURVE('',#2627,#2253,#2671,.T.);
#1201=PRESENTATION_STYLE_ASSIGNMENT((#2672));
#1202=EDGE_CURVE('',#2624,#2256,#2673,.T.);
#1203=PRESENTATION_STYLE_ASSIGNMENT((#2674));
#1204=EDGE_CURVE('',#1988,#2675,#2676,.T.);
#1205=PRESENTATION_STYLE_ASSIGNMENT((#2677));
#1206=EDGE_CURVE('',#2169,#2675,#2678,.T.);
#1207=PRESENTATION_STYLE_ASSIGNMENT((#2679));
#1208=EDGE_CURVE('',#2268,#2165,#2680,.T.);
#1209=PRESENTATION_STYLE_ASSIGNMENT((#2681));
#1210=EDGE_CURVE('',#2675,#2230,#2682,.T.);
#1211=PRESENTATION_STYLE_ASSIGNMENT((#2683));
#1212=EDGE_CURVE('',#2319,#2684,#2685,.T.);
#1213=PRESENTATION_STYLE_ASSIGNMENT((#2686));
#1214=EDGE_CURVE('',#2687,#2684,#2688,.T.);
#1215=PRESENTATION_STYLE_ASSIGNMENT((#2689));
#1216=EDGE_CURVE('',#2690,#2687,#2691,.T.);
#1217=PRESENTATION_STYLE_ASSIGNMENT((#2692));
#1218=EDGE_CURVE('',#2693,#2690,#2694,.T.);
#1219=PRESENTATION_STYLE_ASSIGNMENT((#2695));
#1220=EDGE_CURVE('',#2696,#2693,#2697,.T.);
#1221=PRESENTATION_STYLE_ASSIGNMENT((#2698));
#1222=EDGE_CURVE('',#2282,#2696,#2699,.T.);
#1223=PRESENTATION_STYLE_ASSIGNMENT((#2700));
#1224=EDGE_CURVE('',#2701,#1952,#2702,.T.);
#1225=PRESENTATION_STYLE_ASSIGNMENT((#2703));
#1226=EDGE_CURVE('',#2087,#2701,#2704,.T.);
#1227=PRESENTATION_STYLE_ASSIGNMENT((#2705));
#1228=EDGE_CURVE('',#2090,#2706,#2707,.T.);
#1229=PRESENTATION_STYLE_ASSIGNMENT((#2708));
#1230=EDGE_CURVE('',#2701,#2709,#2710,.T.);
#1231=PRESENTATION_STYLE_ASSIGNMENT((#2711));
#1232=EDGE_CURVE('',#2706,#2709,#2712,.T.);
#1233=PRESENTATION_STYLE_ASSIGNMENT((#2713));
#1234=EDGE_CURVE('',#2714,#2715,#2716,.T.);
#1235=PRESENTATION_STYLE_ASSIGNMENT((#2717));
#1236=EDGE_CURVE('',#2714,#2706,#2718,.T.);
#1237=PRESENTATION_STYLE_ASSIGNMENT((#2719));
#1238=EDGE_CURVE('',#2709,#2715,#2720,.T.);
#1239=PRESENTATION_STYLE_ASSIGNMENT((#2721));
#1240=EDGE_CURVE('',#2285,#2722,#2723,.T.);
#1241=PRESENTATION_STYLE_ASSIGNMENT((#2724));
#1242=EDGE_CURVE('',#2722,#2725,#2726,.T.);
#1243=PRESENTATION_STYLE_ASSIGNMENT((#2727));
#1244=EDGE_CURVE('',#2725,#2728,#2729,.T.);
#1245=PRESENTATION_STYLE_ASSIGNMENT((#2730));
#1246=EDGE_CURVE('',#2728,#2731,#2732,.T.);
#1247=PRESENTATION_STYLE_ASSIGNMENT((#2733));
#1248=EDGE_CURVE('',#2731,#2734,#2735,.T.);
#1249=PRESENTATION_STYLE_ASSIGNMENT((#2736));
#1250=EDGE_CURVE('',#2734,#2737,#2738,.T.);
#1251=PRESENTATION_STYLE_ASSIGNMENT((#2739));
#1252=EDGE_CURVE('',#2715,#2737,#2740,.T.);
#1253=PRESENTATION_STYLE_ASSIGNMENT((#2741));
#1254=EDGE_CURVE('',#2709,#1949,#2742,.T.);
#1255=PRESENTATION_STYLE_ASSIGNMENT((#2743));
#1256=EDGE_CURVE('',#2744,#1946,#2745,.T.);
#1257=PRESENTATION_STYLE_ASSIGNMENT((#2746));
#1258=EDGE_CURVE('',#2178,#2744,#2747,.T.);
#1259=PRESENTATION_STYLE_ASSIGNMENT((#2748));
#1260=EDGE_CURVE('',#2288,#2184,#2749,.T.);
#1261=PRESENTATION_STYLE_ASSIGNMENT((#2750));
#1262=EDGE_CURVE('',#2291,#2181,#2751,.T.);
#1263=PRESENTATION_STYLE_ASSIGNMENT((#2752));
#1264=EDGE_CURVE('',#2177,#2753,#2754,.T.);
#1265=PRESENTATION_STYLE_ASSIGNMENT((#2755));
#1266=EDGE_CURVE('',#1943,#2753,#2756,.T.);
#1267=PRESENTATION_STYLE_ASSIGNMENT((#2757));
#1268=EDGE_CURVE('',#2714,#2758,#2759,.T.);
#1269=PRESENTATION_STYLE_ASSIGNMENT((#2760));
#1270=EDGE_CURVE('',#2316,#2758,#2761,.T.);
#1271=PRESENTATION_STYLE_ASSIGNMENT((#2762));
#1272=EDGE_CURVE('',#2758,#2737,#2763,.T.);
#1273=PRESENTATION_STYLE_ASSIGNMENT((#2764));
#1274=EDGE_CURVE('',#2684,#2734,#2765,.T.);
#1275=PRESENTATION_STYLE_ASSIGNMENT((#2766));
#1276=EDGE_CURVE('',#2687,#2731,#2767,.T.);
#1277=PRESENTATION_STYLE_ASSIGNMENT((#2768));
#1278=EDGE_CURVE('',#2690,#2728,#2769,.T.);
#1279=PRESENTATION_STYLE_ASSIGNMENT((#2770));
#1280=EDGE_CURVE('',#2693,#2725,#2771,.T.);
#1281=PRESENTATION_STYLE_ASSIGNMENT((#2772));
#1282=EDGE_CURVE('',#2696,#2722,#2773,.T.);
#1283=PRESENTATION_STYLE_ASSIGNMENT((#2774));
#1284=EDGE_CURVE('',#2753,#2744,#2775,.T.);
#1285=PRESENTATION_STYLE_ASSIGNMENT((#2776));
#1286=EDGE_CURVE('',#2585,#2526,#2777,.T.);
#1287=PRESENTATION_STYLE_ASSIGNMENT((#2778));
#1288=EDGE_CURVE('',#2522,#2779,#2780,.T.);
#1289=PRESENTATION_STYLE_ASSIGNMENT((#2781));
#1290=EDGE_CURVE('',#2779,#2782,#2783,.T.);
#1291=PRESENTATION_STYLE_ASSIGNMENT((#2784));
#1292=EDGE_CURVE('',#2782,#2514,#2785,.T.);
#1293=PRESENTATION_STYLE_ASSIGNMENT((#2786));
#1294=EDGE_CURVE('',#2510,#2787,#2788,.T.);
#1295=PRESENTATION_STYLE_ASSIGNMENT((#2789));
#1296=EDGE_CURVE('',#2787,#2106,#2790,.T.);
#1297=PRESENTATION_STYLE_ASSIGNMENT((#2791));
#1298=EDGE_CURVE('',#2203,#2103,#2792,.T.);
#1299=PRESENTATION_STYLE_ASSIGNMENT((#2793));
#1300=EDGE_CURVE('',#2794,#2787,#2795,.T.);
#1301=PRESENTATION_STYLE_ASSIGNMENT((#2796));
#1302=EDGE_CURVE('',#2794,#2109,#2797,.T.);
#1303=PRESENTATION_STYLE_ASSIGNMENT((#2798));
#1304=EDGE_CURVE('',#2511,#2794,#2799,.T.);
#1305=PRESENTATION_STYLE_ASSIGNMENT((#2800));
#1306=EDGE_CURVE('',#2801,#2517,#2802,.T.);
#1307=PRESENTATION_STYLE_ASSIGNMENT((#2803));
#1308=EDGE_CURVE('',#2804,#2801,#2805,.T.);
#1309=PRESENTATION_STYLE_ASSIGNMENT((#2806));
#1310=EDGE_CURVE('',#2523,#2804,#2807,.T.);
#1311=PRESENTATION_STYLE_ASSIGNMENT((#2808));
#1312=EDGE_CURVE('',#2582,#2529,#2809,.T.);
#1313=PRESENTATION_STYLE_ASSIGNMENT((#2810));
#1314=EDGE_CURVE('',#2112,#2208,#2811,.T.);
#1315=PRESENTATION_STYLE_ASSIGNMENT((#2812));
#1316=EDGE_CURVE('',#2804,#2779,#2813,.T.);
#1317=PRESENTATION_STYLE_ASSIGNMENT((#2814));
#1318=EDGE_CURVE('',#2801,#2782,#2815,.T.);
#1319=PRESENTATION_STYLE_ASSIGNMENT((#2816));
#1320=EDGE_CURVE('',#2570,#2031,#2817,.T.);
#1321=PRESENTATION_STYLE_ASSIGNMENT((#2818));
#1322=EDGE_CURVE('',#2567,#2034,#2819,.T.);
#1323=PRESENTATION_STYLE_ASSIGNMENT((#2820));
#1324=EDGE_CURVE('',#2562,#2043,#2821,.T.);
#1325=PRESENTATION_STYLE_ASSIGNMENT((#2822));
#1326=EDGE_CURVE('',#2305,#2313,#2823,.T.);
#1327=PRESENTATION_STYLE_ASSIGNMENT((#2824));
#1328=EDGE_CURVE('',#2335,#2825,#2826,.T.);
#1329=PRESENTATION_STYLE_ASSIGNMENT((#2827));
#1330=EDGE_CURVE('',#2825,#2063,#2828,.T.);
#1331=PRESENTATION_STYLE_ASSIGNMENT((#2829));
#1332=EDGE_CURVE('',#2830,#2066,#2831,.T.);
#1333=PRESENTATION_STYLE_ASSIGNMENT((#2832));
#1334=EDGE_CURVE('',#2825,#2830,#2833,.T.);
#1335=PRESENTATION_STYLE_ASSIGNMENT((#2834));
#1336=EDGE_CURVE('',#2332,#2830,#2835,.T.);
#1337=PRESENTATION_STYLE_ASSIGNMENT((#2836));
#1338=EDGE_CURVE('',#2324,#2837,#2838,.T.);
#1339=PRESENTATION_STYLE_ASSIGNMENT((#2839));
#1340=EDGE_CURVE('',#2840,#2837,#2841,.T.);
#1341=PRESENTATION_STYLE_ASSIGNMENT((#2842));
#1342=EDGE_CURVE('',#2327,#2840,#2843,.T.);
#1343=PRESENTATION_STYLE_ASSIGNMENT((#2844));
#1344=EDGE_CURVE('',#2840,#2075,#2845,.T.);
#1345=PRESENTATION_STYLE_ASSIGNMENT((#2846));
#1346=EDGE_CURVE('',#2837,#2078,#2847,.T.);
#1347=PRESENTATION_STYLE_ASSIGNMENT((#2848));
#1348=MANIFOLD_SOLID_BREP('m40-3010346r_1',#2849);
#1349=PRESENTATION_STYLE_ASSIGNMENT((#2850));
#1350=EDGE_CURVE('',#2851,#2852,#2853,.T.);
#1351=PRESENTATION_STYLE_ASSIGNMENT((#2854));
#1352=EDGE_CURVE('',#2855,#2851,#2856,.T.);
#1353=PRESENTATION_STYLE_ASSIGNMENT((#2857));
#1354=EDGE_CURVE('',#2858,#2855,#2859,.T.);
#1355=PRESENTATION_STYLE_ASSIGNMENT((#2860));
#1356=EDGE_CURVE('',#2861,#2858,#2862,.T.);
#1357=PRESENTATION_STYLE_ASSIGNMENT((#2863));
#1358=EDGE_CURVE('',#2864,#2861,#2865,.T.);
#1359=PRESENTATION_STYLE_ASSIGNMENT((#2866));
#1360=EDGE_CURVE('',#2867,#2864,#2868,.T.);
#1361=PRESENTATION_STYLE_ASSIGNMENT((#2869));
#1362=EDGE_CURVE('',#2870,#2867,#2871,.T.);
#1363=PRESENTATION_STYLE_ASSIGNMENT((#2872));
#1364=EDGE_CURVE('',#2870,#2873,#2874,.T.);
#1365=PRESENTATION_STYLE_ASSIGNMENT((#2875));
#1366=EDGE_CURVE('',#2876,#2873,#2877,.T.);
#1367=PRESENTATION_STYLE_ASSIGNMENT((#2878));
#1368=EDGE_CURVE('',#2876,#2879,#2880,.T.);
#1369=PRESENTATION_STYLE_ASSIGNMENT((#2881));
#1370=EDGE_CURVE('',#2882,#2879,#2883,.T.);
#1371=PRESENTATION_STYLE_ASSIGNMENT((#2884));
#1372=EDGE_CURVE('',#2885,#2882,#2886,.T.);
#1373=PRESENTATION_STYLE_ASSIGNMENT((#2887));
#1374=EDGE_CURVE('',#2888,#2885,#2889,.T.);
#1375=PRESENTATION_STYLE_ASSIGNMENT((#2890));
#1376=EDGE_CURVE('',#2891,#2888,#2892,.T.);
#1377=PRESENTATION_STYLE_ASSIGNMENT((#2893));
#1378=EDGE_CURVE('',#2894,#2891,#2895,.T.);
#1379=PRESENTATION_STYLE_ASSIGNMENT((#2896));
#1380=EDGE_CURVE('',#2897,#2894,#2898,.T.);
#1381=PRESENTATION_STYLE_ASSIGNMENT((#2899));
#1382=EDGE_CURVE('',#2900,#2897,#2901,.T.);
#1383=PRESENTATION_STYLE_ASSIGNMENT((#2902));
#1384=EDGE_CURVE('',#2903,#2900,#2904,.T.);
#1385=PRESENTATION_STYLE_ASSIGNMENT((#2905));
#1386=EDGE_CURVE('',#2903,#2852,#2906,.T.);
#1387=PRESENTATION_STYLE_ASSIGNMENT((#2907));
#1388=EDGE_CURVE('',#2908,#2903,#2909,.T.);
#1389=PRESENTATION_STYLE_ASSIGNMENT((#2910));
#1390=EDGE_CURVE('',#2911,#2908,#2912,.T.);
#1391=PRESENTATION_STYLE_ASSIGNMENT((#2913));
#1392=EDGE_CURVE('',#2911,#2852,#2914,.T.);
#1393=PRESENTATION_STYLE_ASSIGNMENT((#2915));
#1394=EDGE_CURVE('',#2916,#2911,#2917,.T.);
#1395=PRESENTATION_STYLE_ASSIGNMENT((#2918));
#1396=EDGE_CURVE('',#2851,#2916,#2919,.T.);
#1397=PRESENTATION_STYLE_ASSIGNMENT((#2920));
#1398=EDGE_CURVE('',#2921,#2916,#2922,.T.);
#1399=PRESENTATION_STYLE_ASSIGNMENT((#2923));
#1400=EDGE_CURVE('',#2855,#2921,#2924,.T.);
#1401=PRESENTATION_STYLE_ASSIGNMENT((#2925));
#1402=EDGE_CURVE('',#2926,#2921,#2927,.T.);
#1403=PRESENTATION_STYLE_ASSIGNMENT((#2928));
#1404=EDGE_CURVE('',#2858,#2926,#2929,.T.);
#1405=PRESENTATION_STYLE_ASSIGNMENT((#2930));
#1406=EDGE_CURVE('',#2931,#2926,#2932,.T.);
#1407=PRESENTATION_STYLE_ASSIGNMENT((#2933));
#1408=EDGE_CURVE('',#2861,#2931,#2934,.T.);
#1409=PRESENTATION_STYLE_ASSIGNMENT((#2935));
#1410=EDGE_CURVE('',#2936,#2931,#2937,.T.);
#1411=PRESENTATION_STYLE_ASSIGNMENT((#2938));
#1412=EDGE_CURVE('',#2864,#2936,#2939,.T.);
#1413=PRESENTATION_STYLE_ASSIGNMENT((#2940));
#1414=EDGE_CURVE('',#2941,#2936,#2942,.T.);
#1415=PRESENTATION_STYLE_ASSIGNMENT((#2943));
#1416=EDGE_CURVE('',#2867,#2941,#2944,.T.);
#1417=PRESENTATION_STYLE_ASSIGNMENT((#2945));
#1418=EDGE_CURVE('',#2946,#2941,#2947,.T.);
#1419=PRESENTATION_STYLE_ASSIGNMENT((#2948));
#1420=EDGE_CURVE('',#2946,#2870,#2949,.T.);
#1421=PRESENTATION_STYLE_ASSIGNMENT((#2950));
#1422=EDGE_CURVE('',#2951,#2946,#2952,.T.);
#1423=PRESENTATION_STYLE_ASSIGNMENT((#2953));
#1424=EDGE_CURVE('',#2951,#2873,#2954,.T.);
#1425=PRESENTATION_STYLE_ASSIGNMENT((#2955));
#1426=EDGE_CURVE('',#2956,#2951,#2957,.T.);
#1427=PRESENTATION_STYLE_ASSIGNMENT((#2958));
#1428=EDGE_CURVE('',#2956,#2876,#2959,.T.);
#1429=PRESENTATION_STYLE_ASSIGNMENT((#2960));
#1430=EDGE_CURVE('',#2961,#2956,#2962,.T.);
#1431=PRESENTATION_STYLE_ASSIGNMENT((#2963));
#1432=EDGE_CURVE('',#2961,#2879,#2964,.T.);
#1433=PRESENTATION_STYLE_ASSIGNMENT((#2965));
#1434=EDGE_CURVE('',#2966,#2961,#2967,.T.);
#1435=PRESENTATION_STYLE_ASSIGNMENT((#2968));
#1436=EDGE_CURVE('',#2882,#2966,#2969,.T.);
#1437=PRESENTATION_STYLE_ASSIGNMENT((#2970));
#1438=EDGE_CURVE('',#2971,#2966,#2972,.T.);
#1439=PRESENTATION_STYLE_ASSIGNMENT((#2973));
#1440=EDGE_CURVE('',#2885,#2971,#2974,.T.);
#1441=PRESENTATION_STYLE_ASSIGNMENT((#2975));
#1442=EDGE_CURVE('',#2976,#2971,#2977,.T.);
#1443=PRESENTATION_STYLE_ASSIGNMENT((#2978));
#1444=EDGE_CURVE('',#2888,#2976,#2979,.T.);
#1445=PRESENTATION_STYLE_ASSIGNMENT((#2980));
#1446=EDGE_CURVE('',#2981,#2976,#2982,.T.);
#1447=PRESENTATION_STYLE_ASSIGNMENT((#2983));
#1448=EDGE_CURVE('',#2891,#2981,#2984,.T.);
#1449=PRESENTATION_STYLE_ASSIGNMENT((#2985));
#1450=EDGE_CURVE('',#2986,#2981,#2987,.T.);
#1451=PRESENTATION_STYLE_ASSIGNMENT((#2988));
#1452=EDGE_CURVE('',#2894,#2986,#2989,.T.);
#1453=PRESENTATION_STYLE_ASSIGNMENT((#2990));
#1454=EDGE_CURVE('',#2991,#2986,#2992,.T.);
#1455=PRESENTATION_STYLE_ASSIGNMENT((#2993));
#1456=EDGE_CURVE('',#2897,#2991,#2994,.T.);
#1457=PRESENTATION_STYLE_ASSIGNMENT((#2995));
#1458=EDGE_CURVE('',#2996,#2991,#2997,.T.);
#1459=PRESENTATION_STYLE_ASSIGNMENT((#2998));
#1460=EDGE_CURVE('',#2900,#2996,#2999,.T.);
#1461=PRESENTATION_STYLE_ASSIGNMENT((#3000));
#1462=EDGE_CURVE('',#2908,#2996,#3001,.T.);
#1463=PRESENTATION_STYLE_ASSIGNMENT((#3002));
#1464=MANIFOLD_SOLID_BREP('m40-3010346r_2',#3003);
#1465=PRESENTATION_STYLE_ASSIGNMENT((#3004));
#1466=EDGE_CURVE('',#3005,#3006,#3007,.T.);
#1467=PRESENTATION_STYLE_ASSIGNMENT((#3008));
#1468=EDGE_CURVE('',#3009,#3005,#3010,.T.);
#1469=PRESENTATION_STYLE_ASSIGNMENT((#3011));
#1470=EDGE_CURVE('',#3012,#3009,#3013,.T.);
#1471=PRESENTATION_STYLE_ASSIGNMENT((#3014));
#1472=EDGE_CURVE('',#3015,#3012,#3016,.T.);
#1473=PRESENTATION_STYLE_ASSIGNMENT((#3017));
#1474=EDGE_CURVE('',#3018,#3015,#3019,.T.);
#1475=PRESENTATION_STYLE_ASSIGNMENT((#3020));
#1476=EDGE_CURVE('',#3021,#3018,#3022,.T.);
#1477=PRESENTATION_STYLE_ASSIGNMENT((#3023));
#1478=EDGE_CURVE('',#3024,#3021,#3025,.T.);
#1479=PRESENTATION_STYLE_ASSIGNMENT((#3026));
#1480=EDGE_CURVE('',#3024,#3027,#3028,.T.);
#1481=PRESENTATION_STYLE_ASSIGNMENT((#3029));
#1482=EDGE_CURVE('',#3030,#3027,#3031,.T.);
#1483=PRESENTATION_STYLE_ASSIGNMENT((#3032));
#1484=EDGE_CURVE('',#3030,#3033,#3034,.T.);
#1485=PRESENTATION_STYLE_ASSIGNMENT((#3035));
#1486=EDGE_CURVE('',#3036,#3033,#3037,.T.);
#1487=PRESENTATION_STYLE_ASSIGNMENT((#3038));
#1488=EDGE_CURVE('',#3039,#3036,#3040,.T.);
#1489=PRESENTATION_STYLE_ASSIGNMENT((#3041));
#1490=EDGE_CURVE('',#3042,#3039,#3043,.T.);
#1491=PRESENTATION_STYLE_ASSIGNMENT((#3044));
#1492=EDGE_CURVE('',#3045,#3042,#3046,.T.);
#1493=PRESENTATION_STYLE_ASSIGNMENT((#3047));
#1494=EDGE_CURVE('',#3048,#3045,#3049,.T.);
#1495=PRESENTATION_STYLE_ASSIGNMENT((#3050));
#1496=EDGE_CURVE('',#3051,#3048,#3052,.T.);
#1497=PRESENTATION_STYLE_ASSIGNMENT((#3053));
#1498=EDGE_CURVE('',#3054,#3051,#3055,.T.);
#1499=PRESENTATION_STYLE_ASSIGNMENT((#3056));
#1500=EDGE_CURVE('',#3057,#3054,#3058,.T.);
#1501=PRESENTATION_STYLE_ASSIGNMENT((#3059));
#1502=EDGE_CURVE('',#3057,#3006,#3060,.T.);
#1503=PRESENTATION_STYLE_ASSIGNMENT((#3061));
#1504=EDGE_CURVE('',#3062,#3057,#3063,.T.);
#1505=PRESENTATION_STYLE_ASSIGNMENT((#3064));
#1506=EDGE_CURVE('',#3065,#3062,#3066,.T.);
#1507=PRESENTATION_STYLE_ASSIGNMENT((#3067));
#1508=EDGE_CURVE('',#3065,#3006,#3068,.T.);
#1509=PRESENTATION_STYLE_ASSIGNMENT((#3069));
#1510=EDGE_CURVE('',#3070,#3065,#3071,.T.);
#1511=PRESENTATION_STYLE_ASSIGNMENT((#3072));
#1512=EDGE_CURVE('',#3005,#3070,#3073,.T.);
#1513=PRESENTATION_STYLE_ASSIGNMENT((#3074));
#1514=EDGE_CURVE('',#3075,#3070,#3076,.T.);
#1515=PRESENTATION_STYLE_ASSIGNMENT((#3077));
#1516=EDGE_CURVE('',#3009,#3075,#3078,.T.);
#1517=PRESENTATION_STYLE_ASSIGNMENT((#3079));
#1518=EDGE_CURVE('',#3080,#3075,#3081,.T.);
#1519=PRESENTATION_STYLE_ASSIGNMENT((#3082));
#1520=EDGE_CURVE('',#3012,#3080,#3083,.T.);
#1521=PRESENTATION_STYLE_ASSIGNMENT((#3084));
#1522=EDGE_CURVE('',#3085,#3080,#3086,.T.);
#1523=PRESENTATION_STYLE_ASSIGNMENT((#3087));
#1524=EDGE_CURVE('',#3015,#3085,#3088,.T.);
#1525=PRESENTATION_STYLE_ASSIGNMENT((#3089));
#1526=EDGE_CURVE('',#3090,#3085,#3091,.T.);
#1527=PRESENTATION_STYLE_ASSIGNMENT((#3092));
#1528=EDGE_CURVE('',#3018,#3090,#3093,.T.);
#1529=PRESENTATION_STYLE_ASSIGNMENT((#3094));
#1530=EDGE_CURVE('',#3095,#3090,#3096,.T.);
#1531=PRESENTATION_STYLE_ASSIGNMENT((#3097));
#1532=EDGE_CURVE('',#3021,#3095,#3098,.T.);
#1533=PRESENTATION_STYLE_ASSIGNMENT((#3099));
#1534=EDGE_CURVE('',#3100,#3095,#3101,.T.);
#1535=PRESENTATION_STYLE_ASSIGNMENT((#3102));
#1536=EDGE_CURVE('',#3100,#3024,#3103,.T.);
#1537=PRESENTATION_STYLE_ASSIGNMENT((#3104));
#1538=EDGE_CURVE('',#3105,#3100,#3106,.T.);
#1539=PRESENTATION_STYLE_ASSIGNMENT((#3107));
#1540=EDGE_CURVE('',#3105,#3027,#3108,.T.);
#1541=PRESENTATION_STYLE_ASSIGNMENT((#3109));
#1542=EDGE_CURVE('',#3110,#3105,#3111,.T.);
#1543=PRESENTATION_STYLE_ASSIGNMENT((#3112));
#1544=EDGE_CURVE('',#3110,#3030,#3113,.T.);
#1545=PRESENTATION_STYLE_ASSIGNMENT((#3114));
#1546=EDGE_CURVE('',#3115,#3110,#3116,.T.);
#1547=PRESENTATION_STYLE_ASSIGNMENT((#3117));
#1548=EDGE_CURVE('',#3115,#3033,#3118,.T.);
#1549=PRESENTATION_STYLE_ASSIGNMENT((#3119));
#1550=EDGE_CURVE('',#3120,#3115,#3121,.T.);
#1551=PRESENTATION_STYLE_ASSIGNMENT((#3122));
#1552=EDGE_CURVE('',#3036,#3120,#3123,.T.);
#1553=PRESENTATION_STYLE_ASSIGNMENT((#3124));
#1554=EDGE_CURVE('',#3125,#3120,#3126,.T.);
#1555=PRESENTATION_STYLE_ASSIGNMENT((#3127));
#1556=EDGE_CURVE('',#3039,#3125,#3128,.T.);
#1557=PRESENTATION_STYLE_ASSIGNMENT((#3129));
#1558=EDGE_CURVE('',#3130,#3125,#3131,.T.);
#1559=PRESENTATION_STYLE_ASSIGNMENT((#3132));
#1560=EDGE_CURVE('',#3042,#3130,#3133,.T.);
#1561=PRESENTATION_STYLE_ASSIGNMENT((#3134));
#1562=EDGE_CURVE('',#3135,#3130,#3136,.T.);
#1563=PRESENTATION_STYLE_ASSIGNMENT((#3137));
#1564=EDGE_CURVE('',#3045,#3135,#3138,.T.);
#1565=PRESENTATION_STYLE_ASSIGNMENT((#3139));
#1566=EDGE_CURVE('',#3140,#3135,#3141,.T.);
#1567=PRESENTATION_STYLE_ASSIGNMENT((#3142));
#1568=EDGE_CURVE('',#3048,#3140,#3143,.T.);
#1569=PRESENTATION_STYLE_ASSIGNMENT((#3144));
#1570=EDGE_CURVE('',#3145,#3140,#3146,.T.);
#1571=PRESENTATION_STYLE_ASSIGNMENT((#3147));
#1572=EDGE_CURVE('',#3051,#3145,#3148,.T.);
#1573=PRESENTATION_STYLE_ASSIGNMENT((#3149));
#1574=EDGE_CURVE('',#3150,#3145,#3151,.T.);
#1575=PRESENTATION_STYLE_ASSIGNMENT((#3152));
#1576=EDGE_CURVE('',#3054,#3150,#3153,.T.);
#1577=PRESENTATION_STYLE_ASSIGNMENT((#3154));
#1578=EDGE_CURVE('',#3062,#3150,#3155,.T.);
#1579=PRESENTATION_STYLE_ASSIGNMENT((#3156));
#1580=MANIFOLD_SOLID_BREP('m40-3010346r_3',#3157);
#1581=PRESENTATION_STYLE_ASSIGNMENT((#3158));
#1582=EDGE_CURVE('',#3159,#3160,#3161,.T.);
#1583=PRESENTATION_STYLE_ASSIGNMENT((#3162));
#1584=EDGE_CURVE('',#3163,#3159,#3164,.T.);
#1585=PRESENTATION_STYLE_ASSIGNMENT((#3165));
#1586=EDGE_CURVE('',#3166,#3163,#3167,.T.);
#1587=PRESENTATION_STYLE_ASSIGNMENT((#3168));
#1588=EDGE_CURVE('',#3169,#3166,#3170,.T.);
#1589=PRESENTATION_STYLE_ASSIGNMENT((#3171));
#1590=EDGE_CURVE('',#3172,#3169,#3173,.T.);
#1591=PRESENTATION_STYLE_ASSIGNMENT((#3174));
#1592=EDGE_CURVE('',#3175,#3172,#3176,.T.);
#1593=PRESENTATION_STYLE_ASSIGNMENT((#3177));
#1594=EDGE_CURVE('',#3178,#3175,#3179,.T.);
#1595=PRESENTATION_STYLE_ASSIGNMENT((#3180));
#1596=EDGE_CURVE('',#3178,#3181,#3182,.T.);
#1597=PRESENTATION_STYLE_ASSIGNMENT((#3183));
#1598=EDGE_CURVE('',#3184,#3181,#3185,.T.);
#1599=PRESENTATION_STYLE_ASSIGNMENT((#3186));
#1600=EDGE_CURVE('',#3184,#3187,#3188,.T.);
#1601=PRESENTATION_STYLE_ASSIGNMENT((#3189));
#1602=EDGE_CURVE('',#3190,#3187,#3191,.T.);
#1603=PRESENTATION_STYLE_ASSIGNMENT((#3192));
#1604=EDGE_CURVE('',#3193,#3190,#3194,.T.);
#1605=PRESENTATION_STYLE_ASSIGNMENT((#3195));
#1606=EDGE_CURVE('',#3196,#3193,#3197,.T.);
#1607=PRESENTATION_STYLE_ASSIGNMENT((#3198));
#1608=EDGE_CURVE('',#3199,#3196,#3200,.T.);
#1609=PRESENTATION_STYLE_ASSIGNMENT((#3201));
#1610=EDGE_CURVE('',#3202,#3199,#3203,.T.);
#1611=PRESENTATION_STYLE_ASSIGNMENT((#3204));
#1612=EDGE_CURVE('',#3205,#3202,#3206,.T.);
#1613=PRESENTATION_STYLE_ASSIGNMENT((#3207));
#1614=EDGE_CURVE('',#3208,#3205,#3209,.T.);
#1615=PRESENTATION_STYLE_ASSIGNMENT((#3210));
#1616=EDGE_CURVE('',#3211,#3208,#3212,.T.);
#1617=PRESENTATION_STYLE_ASSIGNMENT((#3213));
#1618=EDGE_CURVE('',#3211,#3160,#3214,.T.);
#1619=PRESENTATION_STYLE_ASSIGNMENT((#3215));
#1620=EDGE_CURVE('',#3216,#3211,#3217,.T.);
#1621=PRESENTATION_STYLE_ASSIGNMENT((#3218));
#1622=EDGE_CURVE('',#3219,#3216,#3220,.T.);
#1623=PRESENTATION_STYLE_ASSIGNMENT((#3221));
#1624=EDGE_CURVE('',#3219,#3160,#3222,.T.);
#1625=PRESENTATION_STYLE_ASSIGNMENT((#3223));
#1626=EDGE_CURVE('',#3224,#3219,#3225,.T.);
#1627=PRESENTATION_STYLE_ASSIGNMENT((#3226));
#1628=EDGE_CURVE('',#3159,#3224,#3227,.T.);
#1629=PRESENTATION_STYLE_ASSIGNMENT((#3228));
#1630=EDGE_CURVE('',#3229,#3224,#3230,.T.);
#1631=PRESENTATION_STYLE_ASSIGNMENT((#3231));
#1632=EDGE_CURVE('',#3163,#3229,#3232,.T.);
#1633=PRESENTATION_STYLE_ASSIGNMENT((#3233));
#1634=EDGE_CURVE('',#3234,#3229,#3235,.T.);
#1635=PRESENTATION_STYLE_ASSIGNMENT((#3236));
#1636=EDGE_CURVE('',#3166,#3234,#3237,.T.);
#1637=PRESENTATION_STYLE_ASSIGNMENT((#3238));
#1638=EDGE_CURVE('',#3239,#3234,#3240,.T.);
#1639=PRESENTATION_STYLE_ASSIGNMENT((#3241));
#1640=EDGE_CURVE('',#3169,#3239,#3242,.T.);
#1641=PRESENTATION_STYLE_ASSIGNMENT((#3243));
#1642=EDGE_CURVE('',#3244,#3239,#3245,.T.);
#1643=PRESENTATION_STYLE_ASSIGNMENT((#3246));
#1644=EDGE_CURVE('',#3172,#3244,#3247,.T.);
#1645=PRESENTATION_STYLE_ASSIGNMENT((#3248));
#1646=EDGE_CURVE('',#3249,#3244,#3250,.T.);
#1647=PRESENTATION_STYLE_ASSIGNMENT((#3251));
#1648=EDGE_CURVE('',#3175,#3249,#3252,.T.);
#1649=PRESENTATION_STYLE_ASSIGNMENT((#3253));
#1650=EDGE_CURVE('',#3254,#3249,#3255,.T.);
#1651=PRESENTATION_STYLE_ASSIGNMENT((#3256));
#1652=EDGE_CURVE('',#3254,#3178,#3257,.T.);
#1653=PRESENTATION_STYLE_ASSIGNMENT((#3258));
#1654=EDGE_CURVE('',#3259,#3254,#3260,.T.);
#1655=PRESENTATION_STYLE_ASSIGNMENT((#3261));
#1656=EDGE_CURVE('',#3259,#3181,#3262,.T.);
#1657=PRESENTATION_STYLE_ASSIGNMENT((#3263));
#1658=EDGE_CURVE('',#3264,#3259,#3265,.T.);
#1659=PRESENTATION_STYLE_ASSIGNMENT((#3266));
#1660=EDGE_CURVE('',#3264,#3184,#3267,.T.);
#1661=PRESENTATION_STYLE_ASSIGNMENT((#3268));
#1662=EDGE_CURVE('',#3269,#3264,#3270,.T.);
#1663=PRESENTATION_STYLE_ASSIGNMENT((#3271));
#1664=EDGE_CURVE('',#3269,#3187,#3272,.T.);
#1665=PRESENTATION_STYLE_ASSIGNMENT((#3273));
#1666=EDGE_CURVE('',#3274,#3269,#3275,.T.);
#1667=PRESENTATION_STYLE_ASSIGNMENT((#3276));
#1668=EDGE_CURVE('',#3190,#3274,#3277,.T.);
#1669=PRESENTATION_STYLE_ASSIGNMENT((#3278));
#1670=EDGE_CURVE('',#3279,#3274,#3280,.T.);
#1671=PRESENTATION_STYLE_ASSIGNMENT((#3281));
#1672=EDGE_CURVE('',#3193,#3279,#3282,.T.);
#1673=PRESENTATION_STYLE_ASSIGNMENT((#3283));
#1674=EDGE_CURVE('',#3284,#3279,#3285,.T.);
#1675=PRESENTATION_STYLE_ASSIGNMENT((#3286));
#1676=EDGE_CURVE('',#3196,#3284,#3287,.T.);
#1677=PRESENTATION_STYLE_ASSIGNMENT((#3288));
#1678=EDGE_CURVE('',#3289,#3284,#3290,.T.);
#1679=PRESENTATION_STYLE_ASSIGNMENT((#3291));
#1680=EDGE_CURVE('',#3199,#3289,#3292,.T.);
#1681=PRESENTATION_STYLE_ASSIGNMENT((#3293));
#1682=EDGE_CURVE('',#3294,#3289,#3295,.T.);
#1683=PRESENTATION_STYLE_ASSIGNMENT((#3296));
#1684=EDGE_CURVE('',#3202,#3294,#3297,.T.);
#1685=PRESENTATION_STYLE_ASSIGNMENT((#3298));
#1686=EDGE_CURVE('',#3299,#3294,#3300,.T.);
#1687=PRESENTATION_STYLE_ASSIGNMENT((#3301));
#1688=EDGE_CURVE('',#3205,#3299,#3302,.T.);
#1689=PRESENTATION_STYLE_ASSIGNMENT((#3303));
#1690=EDGE_CURVE('',#3304,#3299,#3305,.T.);
#1691=PRESENTATION_STYLE_ASSIGNMENT((#3306));
#1692=EDGE_CURVE('',#3208,#3304,#3307,.T.);
#1693=PRESENTATION_STYLE_ASSIGNMENT((#3308));
#1694=EDGE_CURVE('',#3216,#3304,#3309,.T.);
#1695=PRESENTATION_STYLE_ASSIGNMENT((#3310));
#1696=MANIFOLD_SOLID_BREP('m40-3010346r_4',#3311);
#1697=PRESENTATION_STYLE_ASSIGNMENT((#3312));
#1698=EDGE_CURVE('',#3313,#3314,#3315,.T.);
#1699=PRESENTATION_STYLE_ASSIGNMENT((#3316));
#1700=EDGE_CURVE('',#3317,#3313,#3318,.T.);
#1701=PRESENTATION_STYLE_ASSIGNMENT((#3319));
#1702=EDGE_CURVE('',#3320,#3317,#3321,.T.);
#1703=PRESENTATION_STYLE_ASSIGNMENT((#3322));
#1704=EDGE_CURVE('',#3323,#3320,#3324,.T.);
#1705=PRESENTATION_STYLE_ASSIGNMENT((#3325));
#1706=EDGE_CURVE('',#3326,#3323,#3327,.T.);
#1707=PRESENTATION_STYLE_ASSIGNMENT((#3328));
#1708=EDGE_CURVE('',#3329,#3326,#3330,.T.);
#1709=PRESENTATION_STYLE_ASSIGNMENT((#3331));
#1710=EDGE_CURVE('',#3332,#3329,#3333,.T.);
#1711=PRESENTATION_STYLE_ASSIGNMENT((#3334));
#1712=EDGE_CURVE('',#3335,#3332,#3336,.T.);
#1713=PRESENTATION_STYLE_ASSIGNMENT((#3337));
#1714=EDGE_CURVE('',#3338,#3335,#3339,.T.);
#1715=PRESENTATION_STYLE_ASSIGNMENT((#3340));
#1716=EDGE_CURVE('',#3341,#3338,#3342,.T.);
#1717=PRESENTATION_STYLE_ASSIGNMENT((#3343));
#1718=EDGE_CURVE('',#3344,#3341,#3345,.T.);
#1719=PRESENTATION_STYLE_ASSIGNMENT((#3346));
#1720=EDGE_CURVE('',#3347,#3344,#3348,.T.);
#1721=PRESENTATION_STYLE_ASSIGNMENT((#3349));
#1722=EDGE_CURVE('',#3350,#3347,#3351,.T.);
#1723=PRESENTATION_STYLE_ASSIGNMENT((#3352));
#1724=EDGE_CURVE('',#3353,#3350,#3354,.T.);
#1725=PRESENTATION_STYLE_ASSIGNMENT((#3355));
#1726=EDGE_CURVE('',#3356,#3353,#3357,.T.);
#1727=PRESENTATION_STYLE_ASSIGNMENT((#3358));
#1728=EDGE_CURVE('',#3359,#3356,#3360,.T.);
#1729=PRESENTATION_STYLE_ASSIGNMENT((#3361));
#1730=EDGE_CURVE('',#3362,#3359,#3363,.T.);
#1731=PRESENTATION_STYLE_ASSIGNMENT((#3364));
#1732=EDGE_CURVE('',#3314,#3362,#3365,.T.);
#1733=PRESENTATION_STYLE_ASSIGNMENT((#3366));
#1734=EDGE_CURVE('',#3362,#3367,#3368,.T.);
#1735=PRESENTATION_STYLE_ASSIGNMENT((#3369));
#1736=EDGE_CURVE('',#3370,#3367,#3371,.T.);
#1737=PRESENTATION_STYLE_ASSIGNMENT((#3372));
#1738=EDGE_CURVE('',#3314,#3370,#3373,.T.);
#1739=PRESENTATION_STYLE_ASSIGNMENT((#3374));
#1740=EDGE_CURVE('',#3375,#3370,#3376,.T.);
#1741=PRESENTATION_STYLE_ASSIGNMENT((#3377));
#1742=EDGE_CURVE('',#3313,#3375,#3378,.T.);
#1743=PRESENTATION_STYLE_ASSIGNMENT((#3379));
#1744=EDGE_CURVE('',#3380,#3375,#3381,.T.);
#1745=PRESENTATION_STYLE_ASSIGNMENT((#3382));
#1746=EDGE_CURVE('',#3317,#3380,#3383,.T.);
#1747=PRESENTATION_STYLE_ASSIGNMENT((#3384));
#1748=EDGE_CURVE('',#3385,#3380,#3386,.T.);
#1749=PRESENTATION_STYLE_ASSIGNMENT((#3387));
#1750=EDGE_CURVE('',#3320,#3385,#3388,.T.);
#1751=PRESENTATION_STYLE_ASSIGNMENT((#3389));
#1752=EDGE_CURVE('',#3390,#3385,#3391,.T.);
#1753=PRESENTATION_STYLE_ASSIGNMENT((#3392));
#1754=EDGE_CURVE('',#3323,#3390,#3393,.T.);
#1755=PRESENTATION_STYLE_ASSIGNMENT((#3394));
#1756=EDGE_CURVE('',#3395,#3390,#3396,.T.);
#1757=PRESENTATION_STYLE_ASSIGNMENT((#3397));
#1758=EDGE_CURVE('',#3326,#3395,#3398,.T.);
#1759=PRESENTATION_STYLE_ASSIGNMENT((#3399));
#1760=EDGE_CURVE('',#3400,#3395,#3401,.T.);
#1761=PRESENTATION_STYLE_ASSIGNMENT((#3402));
#1762=EDGE_CURVE('',#3329,#3400,#3403,.T.);
#1763=PRESENTATION_STYLE_ASSIGNMENT((#3404));
#1764=EDGE_CURVE('',#3405,#3400,#3406,.T.);
#1765=PRESENTATION_STYLE_ASSIGNMENT((#3407));
#1766=EDGE_CURVE('',#3332,#3405,#3408,.T.);
#1767=PRESENTATION_STYLE_ASSIGNMENT((#3409));
#1768=EDGE_CURVE('',#3410,#3405,#3411,.T.);
#1769=PRESENTATION_STYLE_ASSIGNMENT((#3412));
#1770=EDGE_CURVE('',#3335,#3410,#3413,.T.);
#1771=PRESENTATION_STYLE_ASSIGNMENT((#3414));
#1772=EDGE_CURVE('',#3415,#3410,#3416,.T.);
#1773=PRESENTATION_STYLE_ASSIGNMENT((#3417));
#1774=EDGE_CURVE('',#3338,#3415,#3418,.T.);
#1775=PRESENTATION_STYLE_ASSIGNMENT((#3419));
#1776=EDGE_CURVE('',#3420,#3415,#3421,.T.);
#1777=PRESENTATION_STYLE_ASSIGNMENT((#3422));
#1778=EDGE_CURVE('',#3341,#3420,#3423,.T.);
#1779=PRESENTATION_STYLE_ASSIGNMENT((#3424));
#1780=EDGE_CURVE('',#3425,#3420,#3426,.T.);
#1781=PRESENTATION_STYLE_ASSIGNMENT((#3427));
#1782=EDGE_CURVE('',#3344,#3425,#3428,.T.);
#1783=PRESENTATION_STYLE_ASSIGNMENT((#3429));
#1784=EDGE_CURVE('',#3430,#3425,#3431,.T.);
#1785=PRESENTATION_STYLE_ASSIGNMENT((#3432));
#1786=EDGE_CURVE('',#3347,#3430,#3433,.T.);
#1787=PRESENTATION_STYLE_ASSIGNMENT((#3434));
#1788=EDGE_CURVE('',#3435,#3430,#3436,.T.);
#1789=PRESENTATION_STYLE_ASSIGNMENT((#3437));
#1790=EDGE_CURVE('',#3350,#3435,#3438,.T.);
#1791=PRESENTATION_STYLE_ASSIGNMENT((#3439));
#1792=EDGE_CURVE('',#3440,#3435,#3441,.T.);
#1793=PRESENTATION_STYLE_ASSIGNMENT((#3442));
#1794=EDGE_CURVE('',#3353,#3440,#3443,.T.);
#1795=PRESENTATION_STYLE_ASSIGNMENT((#3444));
#1796=EDGE_CURVE('',#3445,#3440,#3446,.T.);
#1797=PRESENTATION_STYLE_ASSIGNMENT((#3447));
#1798=EDGE_CURVE('',#3356,#3445,#3448,.T.);
#1799=PRESENTATION_STYLE_ASSIGNMENT((#3449));
#1800=EDGE_CURVE('',#3450,#3445,#3451,.T.);
#1801=PRESENTATION_STYLE_ASSIGNMENT((#3452));
#1802=EDGE_CURVE('',#3359,#3450,#3453,.T.);
#1803=PRESENTATION_STYLE_ASSIGNMENT((#3454));
#1804=EDGE_CURVE('',#3367,#3450,#3455,.T.);
#1805=PRESENTATION_STYLE_ASSIGNMENT((#3456));
#1806=MANIFOLD_SOLID_BREP('m40-3010346r_5',#3457);
#1807=PRESENTATION_STYLE_ASSIGNMENT((#3458));
#1808=EDGE_CURVE('',#3459,#3460,#3461,.T.);
#1809=PRESENTATION_STYLE_ASSIGNMENT((#3462));
#1810=EDGE_CURVE('',#3463,#3459,#3464,.T.);
#1811=PRESENTATION_STYLE_ASSIGNMENT((#3465));
#1812=EDGE_CURVE('',#3466,#3463,#3467,.T.);
#1813=PRESENTATION_STYLE_ASSIGNMENT((#3468));
#1814=EDGE_CURVE('',#3469,#3466,#3470,.T.);
#1815=PRESENTATION_STYLE_ASSIGNMENT((#3471));
#1816=EDGE_CURVE('',#3472,#3469,#3473,.T.);
#1817=PRESENTATION_STYLE_ASSIGNMENT((#3474));
#1818=EDGE_CURVE('',#3475,#3472,#3476,.T.);
#1819=PRESENTATION_STYLE_ASSIGNMENT((#3477));
#1820=EDGE_CURVE('',#3478,#3475,#3479,.T.);
#1821=PRESENTATION_STYLE_ASSIGNMENT((#3480));
#1822=EDGE_CURVE('',#3481,#3478,#3482,.T.);
#1823=PRESENTATION_STYLE_ASSIGNMENT((#3483));
#1824=EDGE_CURVE('',#3484,#3481,#3485,.T.);
#1825=PRESENTATION_STYLE_ASSIGNMENT((#3486));
#1826=EDGE_CURVE('',#3487,#3484,#3488,.T.);
#1827=PRESENTATION_STYLE_ASSIGNMENT((#3489));
#1828=EDGE_CURVE('',#3490,#3487,#3491,.T.);
#1829=PRESENTATION_STYLE_ASSIGNMENT((#3492));
#1830=EDGE_CURVE('',#3493,#3490,#3494,.T.);
#1831=PRESENTATION_STYLE_ASSIGNMENT((#3495));
#1832=EDGE_CURVE('',#3496,#3493,#3497,.T.);
#1833=PRESENTATION_STYLE_ASSIGNMENT((#3498));
#1834=EDGE_CURVE('',#3499,#3496,#3500,.T.);
#1835=PRESENTATION_STYLE_ASSIGNMENT((#3501));
#1836=EDGE_CURVE('',#3502,#3499,#3503,.T.);
#1837=PRESENTATION_STYLE_ASSIGNMENT((#3504));
#1838=EDGE_CURVE('',#3505,#3502,#3506,.T.);
#1839=PRESENTATION_STYLE_ASSIGNMENT((#3507));
#1840=EDGE_CURVE('',#3508,#3505,#3509,.T.);
#1841=PRESENTATION_STYLE_ASSIGNMENT((#3510));
#1842=EDGE_CURVE('',#3460,#3508,#3511,.T.);
#1843=PRESENTATION_STYLE_ASSIGNMENT((#3512));
#1844=EDGE_CURVE('',#3508,#3513,#3514,.T.);
#1845=PRESENTATION_STYLE_ASSIGNMENT((#3515));
#1846=EDGE_CURVE('',#3516,#3513,#3517,.T.);
#1847=PRESENTATION_STYLE_ASSIGNMENT((#3518));
#1848=EDGE_CURVE('',#3460,#3516,#3519,.T.);
#1849=PRESENTATION_STYLE_ASSIGNMENT((#3520));
#1850=EDGE_CURVE('',#3521,#3516,#3522,.T.);
#1851=PRESENTATION_STYLE_ASSIGNMENT((#3523));
#1852=EDGE_CURVE('',#3459,#3521,#3524,.T.);
#1853=PRESENTATION_STYLE_ASSIGNMENT((#3525));
#1854=EDGE_CURVE('',#3526,#3521,#3527,.T.);
#1855=PRESENTATION_STYLE_ASSIGNMENT((#3528));
#1856=EDGE_CURVE('',#3463,#3526,#3529,.T.);
#1857=PRESENTATION_STYLE_ASSIGNMENT((#3530));
#1858=EDGE_CURVE('',#3531,#3526,#3532,.T.);
#1859=PRESENTATION_STYLE_ASSIGNMENT((#3533));
#1860=EDGE_CURVE('',#3466,#3531,#3534,.T.);
#1861=PRESENTATION_STYLE_ASSIGNMENT((#3535));
#1862=EDGE_CURVE('',#3536,#3531,#3537,.T.);
#1863=PRESENTATION_STYLE_ASSIGNMENT((#3538));
#1864=EDGE_CURVE('',#3469,#3536,#3539,.T.);
#1865=PRESENTATION_STYLE_ASSIGNMENT((#3540));
#1866=EDGE_CURVE('',#3541,#3536,#3542,.T.);
#1867=PRESENTATION_STYLE_ASSIGNMENT((#3543));
#1868=EDGE_CURVE('',#3472,#3541,#3544,.T.);
#1869=PRESENTATION_STYLE_ASSIGNMENT((#3545));
#1870=EDGE_CURVE('',#3546,#3541,#3547,.T.);
#1871=PRESENTATION_STYLE_ASSIGNMENT((#3548));
#1872=EDGE_CURVE('',#3475,#3546,#3549,.T.);
#1873=PRESENTATION_STYLE_ASSIGNMENT((#3550));
#1874=EDGE_CURVE('',#3551,#3546,#3552,.T.);
#1875=PRESENTATION_STYLE_ASSIGNMENT((#3553));
#1876=EDGE_CURVE('',#3478,#3551,#3554,.T.);
#1877=PRESENTATION_STYLE_ASSIGNMENT((#3555));
#1878=EDGE_CURVE('',#3556,#3551,#3557,.T.);
#1879=PRESENTATION_STYLE_ASSIGNMENT((#3558));
#1880=EDGE_CURVE('',#3481,#3556,#3559,.T.);
#1881=PRESENTATION_STYLE_ASSIGNMENT((#3560));
#1882=EDGE_CURVE('',#3561,#3556,#3562,.T.);
#1883=PRESENTATION_STYLE_ASSIGNMENT((#3563));
#1884=EDGE_CURVE('',#3484,#3561,#3564,.T.);
#1885=PRESENTATION_STYLE_ASSIGNMENT((#3565));
#1886=EDGE_CURVE('',#3566,#3561,#3567,.T.);
#1887=PRESENTATION_STYLE_ASSIGNMENT((#3568));
#1888=EDGE_CURVE('',#3487,#3566,#3569,.T.);
#1889=PRESENTATION_STYLE_ASSIGNMENT((#3570));
#1890=EDGE_CURVE('',#3571,#3566,#3572,.T.);
#1891=PRESENTATION_STYLE_ASSIGNMENT((#3573));
#1892=EDGE_CURVE('',#3490,#3571,#3574,.T.);
#1893=PRESENTATION_STYLE_ASSIGNMENT((#3575));
#1894=EDGE_CURVE('',#3576,#3571,#3577,.T.);
#1895=PRESENTATION_STYLE_ASSIGNMENT((#3578));
#1896=EDGE_CURVE('',#3493,#3576,#3579,.T.);
#1897=PRESENTATION_STYLE_ASSIGNMENT((#3580));
#1898=EDGE_CURVE('',#3581,#3576,#3582,.T.);
#1899=PRESENTATION_STYLE_ASSIGNMENT((#3583));
#1900=EDGE_CURVE('',#3496,#3581,#3584,.T.);
#1901=PRESENTATION_STYLE_ASSIGNMENT((#3585));
#1902=EDGE_CURVE('',#3586,#3581,#3587,.T.);
#1903=PRESENTATION_STYLE_ASSIGNMENT((#3588));
#1904=EDGE_CURVE('',#3499,#3586,#3589,.T.);
#1905=PRESENTATION_STYLE_ASSIGNMENT((#3590));
#1906=EDGE_CURVE('',#3591,#3586,#3592,.T.);
#1907=PRESENTATION_STYLE_ASSIGNMENT((#3593));
#1908=EDGE_CURVE('',#3502,#3591,#3594,.T.);
#1909=PRESENTATION_STYLE_ASSIGNMENT((#3595));
#1910=EDGE_CURVE('',#3596,#3591,#3597,.T.);
#1911=PRESENTATION_STYLE_ASSIGNMENT((#3598));
#1912=EDGE_CURVE('',#3505,#3596,#3599,.T.);
#1913=PRESENTATION_STYLE_ASSIGNMENT((#3600));
#1914=EDGE_CURVE('',#3513,#3596,#3601,.T.);
#1915=PRESENTATION_STYLE_ASSIGNMENT((#3602));
#1916=MANIFOLD_SOLID_BREP('m40-3010346r_6',#3603);
#1917=PRODUCT('m40-3010346r_1','','PART--DESC',(#3604));
#1918=PRODUCT_DEFINITION('','NONE',#3605,#2);
#1919=AXIS2_PLACEMENT_3D('',#3606,#3607,#3608);
#1920=AXIS2_PLACEMENT_3D('',#3609,#3610,#3611);
#1921=AXIS2_PLACEMENT_3D('',#3612,#3613,#3614);
#1922=AXIS2_PLACEMENT_3D('',#3615,#3616,#3617);
#1923=AXIS2_PLACEMENT_3D('',#3618,#3619,#3620);
#1924=AXIS2_PLACEMENT_3D('',#3621,#3622,#3623);
#1927=LENGTH_MEASURE_WITH_UNIT(LENGTH_MEASURE(1.0),#3624);
#1930=DIMENSIONAL_EXPONENTS(1.0,0.0,0.0,0.0,0.0,0.0,0.0);
#1932=DIMENSIONAL_EXPONENTS(0.0,0.0,0.0,0.0,0.0,0.0,0.0);
#1938=CURVE_STYLE('',#3625,POSITIVE_LENGTH_MEASURE(0.02),#3626);
#1939=VERTEX_POINT('',#3627);
#1940=VERTEX_POINT('',#3628);
#1941=LINE('',#3629,#3630);
#1942=CURVE_STYLE('',#3631,POSITIVE_LENGTH_MEASURE(0.02),#3632);
#1943=VERTEX_POINT('',#3633);
#1944=LINE('',#3634,#3635);
#1945=CURVE_STYLE('',#3636,POSITIVE_LENGTH_MEASURE(0.02),#3637);
#1946=VERTEX_POINT('',#3638);
#1947=LINE('',#3639,#3640);
#1948=CURVE_STYLE('',#3641,POSITIVE_LENGTH_MEASURE(0.02),#3642);
#1949=VERTEX_POINT('',#3643);
#1950=LINE('',#3644,#3645);
#1951=CURVE_STYLE('',#3646,POSITIVE_LENGTH_MEASURE(0.02),#3647);
#1952=VERTEX_POINT('',#3648);
#1953=LINE('',#3649,#3650);
#1954=CURVE_STYLE('',#3651,POSITIVE_LENGTH_MEASURE(0.02),#3652);
#1955=VERTEX_POINT('',#3653);
#1956=LINE('',#3654,#3655);
#1957=CURVE_STYLE('',#3656,POSITIVE_LENGTH_MEASURE(0.02),#3657);
#1958=VERTEX_POINT('',#3658);
#1959=LINE('',#3659,#3660);
#1960=CURVE_STYLE('',#3661,POSITIVE_LENGTH_MEASURE(0.02),#3662);
#1961=LINE('',#3663,#3664);
#1962=CURVE_STYLE('',#3665,POSITIVE_LENGTH_MEASURE(0.02),#3666);
#1963=VERTEX_POINT('',#3667);
#1964=VERTEX_POINT('',#3668);
#1965=LINE('',#3669,#3670);
#1966=CURVE_STYLE('',#3671,POSITIVE_LENGTH_MEASURE(0.02),#3672);
#1967=VERTEX_POINT('',#3673);
#1968=LINE('',#3674,#3675);
#1969=CURVE_STYLE('',#3676,POSITIVE_LENGTH_MEASURE(0.02),#3677);
#1970=VERTEX_POINT('',#3678);
#1971=LINE('',#3679,#3680);
#1972=CURVE_STYLE('',#3681,POSITIVE_LENGTH_MEASURE(0.02),#3682);
#1973=LINE('',#3683,#3684);
#1974=CURVE_STYLE('',#3685,POSITIVE_LENGTH_MEASURE(0.02),#3686);
#1975=VERTEX_POINT('',#3687);
#1976=VERTEX_POINT('',#3688);
#1977=LINE('',#3689,#3690);
#1978=CURVE_STYLE('',#3691,POSITIVE_LENGTH_MEASURE(0.02),#3692);
#1979=VERTEX_POINT('',#3693);
#1980=LINE('',#3694,#3695);
#1981=CURVE_STYLE('',#3696,POSITIVE_LENGTH_MEASURE(0.02),#3697);
#1982=VERTEX_POINT('',#3698);
#1983=LINE('',#3699,#3700);
#1984=CURVE_STYLE('',#3701,POSITIVE_LENGTH_MEASURE(0.02),#3702);
#1985=VERTEX_POINT('',#3703);
#1986=LINE('',#3704,#3705);
#1987=CURVE_STYLE('',#3706,POSITIVE_LENGTH_MEASURE(0.02),#3707);
#1988=VERTEX_POINT('',#3708);
#1989=LINE('',#3709,#3710);
#1990=CURVE_STYLE('',#3711,POSITIVE_LENGTH_MEASURE(0.02),#3712);
#1991=VERTEX_POINT('',#3713);
#1992=LINE('',#3714,#3715);
#1993=CURVE_STYLE('',#3716,POSITIVE_LENGTH_MEASURE(0.02),#3717);
#1994=VERTEX_POINT('',#3718);
#1995=LINE('',#3719,#3720);
#1996=CURVE_STYLE('',#3721,POSITIVE_LENGTH_MEASURE(0.02),#3722);
#1997=LINE('',#3723,#3724);
#1998=CURVE_STYLE('',#3725,POSITIVE_LENGTH_MEASURE(0.02),#3726);
#1999=VERTEX_POINT('',#3727);
#2000=VERTEX_POINT('',#3728);
#2001=LINE('',#3729,#3730);
#2002=CURVE_STYLE('',#3731,POSITIVE_LENGTH_MEASURE(0.02),#3732);
#2003=VERTEX_POINT('',#3733);
#2004=LINE('',#3734,#3735);
#2005=CURVE_STYLE('',#3736,POSITIVE_LENGTH_MEASURE(0.02),#3737);
#2006=VERTEX_POINT('',#3738);
#2007=LINE('',#3739,#3740);
#2008=CURVE_STYLE('',#3741,POSITIVE_LENGTH_MEASURE(0.02),#3742);
#2009=LINE('',#3743,#3744);
#2010=CURVE_STYLE('',#3745,POSITIVE_LENGTH_MEASURE(0.02),#3746);
#2011=VERTEX_POINT('',#3747);
#2012=LINE('',#3748,#3749);
#2013=CURVE_STYLE('',#3750,POSITIVE_LENGTH_MEASURE(0.02),#3751);
#2014=VERTEX_POINT('',#3752);
#2015=LINE('',#3753,#3754);
#2016=CURVE_STYLE('',#3755,POSITIVE_LENGTH_MEASURE(0.02),#3756);
#2017=LINE('',#3757,#3758);
#2018=CURVE_STYLE('',#3759,POSITIVE_LENGTH_MEASURE(0.02),#3760);
#2019=VERTEX_POINT('',#3761);
#2020=LINE('',#3762,#3763);
#2021=CURVE_STYLE('',#3764,POSITIVE_LENGTH_MEASURE(0.02),#3765);
#2022=VERTEX_POINT('',#3766);
#2023=LINE('',#3767,#3768);
#2024=CURVE_STYLE('',#3769,POSITIVE_LENGTH_MEASURE(0.02),#3770);
#2025=VERTEX_POINT('',#3771);
#2026=LINE('',#3772,#3773);
#2027=CURVE_STYLE('',#3774,POSITIVE_LENGTH_MEASURE(0.02),#3775);
#2028=VERTEX_POINT('',#3776);
#2029=LINE('',#3777,#3778);
#2030=CURVE_STYLE('',#3779,POSITIVE_LENGTH_MEASURE(0.02),#3780);
#2031=VERTEX_POINT('',#3781);
#2032=LINE('',#3782,#3783);
#2033=CURVE_STYLE('',#3784,POSITIVE_LENGTH_MEASURE(0.02),#3785);
#2034=VERTEX_POINT('',#3786);
#2035=LINE('',#3787,#3788);
#2036=CURVE_STYLE('',#3789,POSITIVE_LENGTH_MEASURE(0.02),#3790);
#2037=VERTEX_POINT('',#3791);
#2038=LINE('',#3792,#3793);
#2039=CURVE_STYLE('',#3794,POSITIVE_LENGTH_MEASURE(0.02),#3795);
#2040=VERTEX_POINT('',#3796);
#2041=LINE('',#3797,#3798);
#2042=CURVE_STYLE('',#3799,POSITIVE_LENGTH_MEASURE(0.02),#3800);
#2043=VERTEX_POINT('',#3801);
#2044=LINE('',#3802,#3803);
#2045=CURVE_STYLE('',#3804,POSITIVE_LENGTH_MEASURE(0.02),#3805);
#2046=VERTEX_POINT('',#3806);
#2047=LINE('',#3807,#3808);
#2048=CURVE_STYLE('',#3809,POSITIVE_LENGTH_MEASURE(0.02),#3810);
#2049=LINE('',#3811,#3812);
#2050=CURVE_STYLE('',#3813,POSITIVE_LENGTH_MEASURE(0.02),#3814);
#2051=VERTEX_POINT('',#3815);
#2052=LINE('',#3816,#3817);
#2053=CURVE_STYLE('',#3818,POSITIVE_LENGTH_MEASURE(0.02),#3819);
#2054=VERTEX_POINT('',#3820);
#2055=LINE('',#3821,#3822);
#2056=CURVE_STYLE('',#3823,POSITIVE_LENGTH_MEASURE(0.02),#3824);
#2057=VERTEX_POINT('',#3825);
#2058=LINE('',#3826,#3827);
#2059=CURVE_STYLE('',#3828,POSITIVE_LENGTH_MEASURE(0.02),#3829);
#2060=VERTEX_POINT('',#3830);
#2061=LINE('',#3831,#3832);
#2062=CURVE_STYLE('',#3833,POSITIVE_LENGTH_MEASURE(0.02),#3834);
#2063=VERTEX_POINT('',#3835);
#2064=LINE('',#3836,#3837);
#2065=CURVE_STYLE('',#3838,POSITIVE_LENGTH_MEASURE(0.02),#3839);
#2066=VERTEX_POINT('',#3840);
#2067=LINE('',#3841,#3842);
#2068=CURVE_STYLE('',#3843,POSITIVE_LENGTH_MEASURE(0.02),#3844);
#2069=VERTEX_POINT('',#3845);
#2070=LINE('',#3846,#3847);
#2071=CURVE_STYLE('',#3848,POSITIVE_LENGTH_MEASURE(0.02),#3849);
#2072=VERTEX_POINT('',#3850);
#2073=LINE('',#3851,#3852);
#2074=CURVE_STYLE('',#3853,POSITIVE_LENGTH_MEASURE(0.02),#3854);
#2075=VERTEX_POINT('',#3855);
#2076=LINE('',#3856,#3857);
#2077=CURVE_STYLE('',#3858,POSITIVE_LENGTH_MEASURE(0.02),#3859);
#2078=VERTEX_POINT('',#3860);
#2079=LINE('',#3861,#3862);
#2080=CURVE_STYLE('',#3863,POSITIVE_LENGTH_MEASURE(0.02),#3864);
#2081=VERTEX_POINT('',#3865);
#2082=LINE('',#3866,#3867);
#2083=CURVE_STYLE('',#3868,POSITIVE_LENGTH_MEASURE(0.02),#3869);
#2084=VERTEX_POINT('',#3870);
#2085=LINE('',#3871,#3872);
#2086=CURVE_STYLE('',#3873,POSITIVE_LENGTH_MEASURE(0.02),#3874);
#2087=VERTEX_POINT('',#3875);
#2088=LINE('',#3876,#3877);
#2089=CURVE_STYLE('',#3878,POSITIVE_LENGTH_MEASURE(0.02),#3879);
#2090=VERTEX_POINT('',#3880);
#2091=LINE('',#3881,#3882);
#2092=CURVE_STYLE('',#3883,POSITIVE_LENGTH_MEASURE(0.02),#3884);
#2093=LINE('',#3885,#3886);
#2094=CURVE_STYLE('',#3887,POSITIVE_LENGTH_MEASURE(0.02),#3888);
#2095=VERTEX_POINT('',#3889);
#2096=LINE('',#3890,#3891);
#2097=CURVE_STYLE('',#3892,POSITIVE_LENGTH_MEASURE(0.02),#3893);
#2098=VERTEX_POINT('',#3894);
#2099=LINE('',#3895,#3896);
#2100=CURVE_STYLE('',#3897,POSITIVE_LENGTH_MEASURE(0.02),#3898);
#2101=LINE('',#3899,#3900);
#2102=CURVE_STYLE('',#3901,POSITIVE_LENGTH_MEASURE(0.02),#3902);
#2103=VERTEX_POINT('',#3903);
#2104=LINE('',#3904,#3905);
#2105=CURVE_STYLE('',#3906,POSITIVE_LENGTH_MEASURE(0.02),#3907);
#2106=VERTEX_POINT('',#3908);
#2107=LINE('',#3909,#3910);
#2108=CURVE_STYLE('',#3911,POSITIVE_LENGTH_MEASURE(0.02),#3912);
#2109=VERTEX_POINT('',#3913);
#2110=LINE('',#3914,#3915);
#2111=CURVE_STYLE('',#3916,POSITIVE_LENGTH_MEASURE(0.02),#3917);
#2112=VERTEX_POINT('',#3918);
#2113=LINE('',#3919,#3920);
#2114=CURVE_STYLE('',#3921,POSITIVE_LENGTH_MEASURE(0.02),#3922);
#2115=LINE('',#3923,#3924);
#2116=CURVE_STYLE('',#3925,POSITIVE_LENGTH_MEASURE(0.02),#3926);
#2117=VERTEX_POINT('',#3927);
#2118=LINE('',#3928,#3929);
#2119=CURVE_STYLE('',#3930,POSITIVE_LENGTH_MEASURE(0.02),#3931);
#2120=VERTEX_POINT('',#3932);
#2121=LINE('',#3933,#3934);
#2122=CURVE_STYLE('',#3935,POSITIVE_LENGTH_MEASURE(0.02),#3936);
#2123=VERTEX_POINT('',#3937);
#2124=LINE('',#3938,#3939);
#2125=CURVE_STYLE('',#3940,POSITIVE_LENGTH_MEASURE(0.02),#3941);
#2126=VERTEX_POINT('',#3942);
#2127=LINE('',#3943,#3944);
#2128=CURVE_STYLE('',#3945,POSITIVE_LENGTH_MEASURE(0.02),#3946);
#2129=LINE('',#3947,#3948);
#2130=CURVE_STYLE('',#3949,POSITIVE_LENGTH_MEASURE(0.02),#3950);
#2131=VERTEX_POINT('',#3951);
#2132=LINE('',#3952,#3953);
#2133=CURVE_STYLE('',#3954,POSITIVE_LENGTH_MEASURE(0.02),#3955);
#2134=LINE('',#3956,#3957);
#2135=CURVE_STYLE('',#3958,POSITIVE_LENGTH_MEASURE(0.02),#3959);
#2136=VERTEX_POINT('',#3960);
#2137=LINE('',#3961,#3962);
#2138=CURVE_STYLE('',#3963,POSITIVE_LENGTH_MEASURE(0.02),#3964);
#2139=VERTEX_POINT('',#3965);
#2140=LINE('',#3966,#3967);
#2141=CURVE_STYLE('',#3968,POSITIVE_LENGTH_MEASURE(0.02),#3969);
#2142=VERTEX_POINT('',#3970);
#2143=LINE('',#3971,#3972);
#2144=CURVE_STYLE('',#3973,POSITIVE_LENGTH_MEASURE(0.02),#3974);
#2145=VERTEX_POINT('',#3975);
#2146=LINE('',#3976,#3977);
#2147=CURVE_STYLE('',#3978,POSITIVE_LENGTH_MEASURE(0.02),#3979);
#2148=VERTEX_POINT('',#3980);
#2149=LINE('',#3981,#3982);
#2150=CURVE_STYLE('',#3983,POSITIVE_LENGTH_MEASURE(0.02),#3984);
#2151=VERTEX_POINT('',#3985);
#2152=LINE('',#3986,#3987);
#2153=CURVE_STYLE('',#3988,POSITIVE_LENGTH_MEASURE(0.02),#3989);
#2154=VERTEX_POINT('',#3990);
#2155=LINE('',#3991,#3992);
#2156=CURVE_STYLE('',#3993,POSITIVE_LENGTH_MEASURE(0.02),#3994);
#2157=VERTEX_POINT('',#3995);
#2158=LINE('',#3996,#3997);
#2159=CURVE_STYLE('',#3998,POSITIVE_LENGTH_MEASURE(0.02),#3999);
#2160=VERTEX_POINT('',#4000);
#2161=LINE('',#4001,#4002);
#2162=CURVE_STYLE('',#4003,POSITIVE_LENGTH_MEASURE(0.02),#4004);
#2163=LINE('',#4005,#4006);
#2164=CURVE_STYLE('',#4007,POSITIVE_LENGTH_MEASURE(0.02),#4008);
#2165=VERTEX_POINT('',#4009);
#2166=VERTEX_POINT('',#4010);
#2167=LINE('',#4011,#4012);
#2168=CURVE_STYLE('',#4013,POSITIVE_LENGTH_MEASURE(0.02),#4014);
#2169=VERTEX_POINT('',#4015);
#2170=LINE('',#4016,#4017);
#2171=CURVE_STYLE('',#4018,POSITIVE_LENGTH_MEASURE(0.02),#4019);
#2172=VERTEX_POINT('',#4020);
#2173=LINE('',#4021,#4022);
#2174=CURVE_STYLE('',#4023,POSITIVE_LENGTH_MEASURE(0.02),#4024);
#2175=LINE('',#4025,#4026);
#2176=CURVE_STYLE('',#4027,POSITIVE_LENGTH_MEASURE(0.02),#4028);
#2177=VERTEX_POINT('',#4029);
#2178=VERTEX_POINT('',#4030);
#2179=LINE('',#4031,#4032);
#2180=CURVE_STYLE('',#4033,POSITIVE_LENGTH_MEASURE(0.02),#4034);
#2181=VERTEX_POINT('',#4035);
#2182=LINE('',#4036,#4037);
#2183=CURVE_STYLE('',#4038,POSITIVE_LENGTH_MEASURE(0.02),#4039);
#2184=VERTEX_POINT('',#4040);
#2185=LINE('',#4041,#4042);
#2186=CURVE_STYLE('',#4043,POSITIVE_LENGTH_MEASURE(0.02),#4044);
#2187=LINE('',#4045,#4046);
#2188=CURVE_STYLE('',#4047,POSITIVE_LENGTH_MEASURE(0.02),#4048);
#2189=VERTEX_POINT('',#4049);
#2190=LINE('',#4050,#4051);
#2191=CURVE_STYLE('',#4052,POSITIVE_LENGTH_MEASURE(0.02),#4053);
#2192=LINE('',#4054,#4055);
#2193=CURVE_STYLE('',#4056,POSITIVE_LENGTH_MEASURE(0.02),#4057);
#2194=VERTEX_POINT('',#4058);
#2195=LINE('',#4059,#4060);
#2196=CURVE_STYLE('',#4061,POSITIVE_LENGTH_MEASURE(0.02),#4062);
#2197=VERTEX_POINT('',#4063);
#2198=LINE('',#4064,#4065);
#2199=CURVE_STYLE('',#4066,POSITIVE_LENGTH_MEASURE(0.02),#4067);
#2200=VERTEX_POINT('',#4068);
#2201=LINE('',#4069,#4070);
#2202=CURVE_STYLE('',#4071,POSITIVE_LENGTH_MEASURE(0.02),#4072);
#2203=VERTEX_POINT('',#4073);
#2204=LINE('',#4074,#4075);
#2205=CURVE_STYLE('',#4076,POSITIVE_LENGTH_MEASURE(0.02),#4077);
#2206=LINE('',#4078,#4079);
#2207=CURVE_STYLE('',#4080,POSITIVE_LENGTH_MEASURE(0.02),#4081);
#2208=VERTEX_POINT('',#4082);
#2209=LINE('',#4083,#4084);
#2210=CURVE_STYLE('',#4085,POSITIVE_LENGTH_MEASURE(0.02),#4086);
#2211=VERTEX_POINT('',#4087);
#2212=LINE('',#4088,#4089);
#2213=CURVE_STYLE('',#4090,POSITIVE_LENGTH_MEASURE(0.02),#4091);
#2214=VERTEX_POINT('',#4092);
#2215=LINE('',#4093,#4094);
#2216=CURVE_STYLE('',#4095,POSITIVE_LENGTH_MEASURE(0.02),#4096);
#2217=VERTEX_POINT('',#4097);
#2218=LINE('',#4098,#4099);
#2219=CURVE_STYLE('',#4100,POSITIVE_LENGTH_MEASURE(0.02),#4101);
#2220=LINE('',#4102,#4103);
#2221=CURVE_STYLE('',#4104,POSITIVE_LENGTH_MEASURE(0.02),#4105);
#2222=VERTEX_POINT('',#4106);
#2223=LINE('',#4107,#4108);
#2224=CURVE_STYLE('',#4109,POSITIVE_LENGTH_MEASURE(0.02),#4110);
#2225=LINE('',#4111,#4112);
#2226=CURVE_STYLE('',#4113,POSITIVE_LENGTH_MEASURE(0.02),#4114);
#2227=VERTEX_POINT('',#4115);
#2228=LINE('',#4116,#4117);
#2229=CURVE_STYLE('',#4118,POSITIVE_LENGTH_MEASURE(0.02),#4119);
#2230=VERTEX_POINT('',#4120);
#2231=LINE('',#4121,#4122);
#2232=CURVE_STYLE('',#4123,POSITIVE_LENGTH_MEASURE(0.02),#4124);
#2233=LINE('',#4125,#4126);
#2234=CURVE_STYLE('',#4127,POSITIVE_LENGTH_MEASURE(0.02),#4128);
#2235=VERTEX_POINT('',#4129);
#2236=LINE('',#4130,#4131);
#2237=CURVE_STYLE('',#4132,POSITIVE_LENGTH_MEASURE(0.02),#4133);
#2238=VERTEX_POINT('',#4134);
#2239=LINE('',#4135,#4136);
#2240=CURVE_STYLE('',#4137,POSITIVE_LENGTH_MEASURE(0.02),#4138);
#2241=VERTEX_POINT('',#4139);
#2242=LINE('',#4140,#4141);
#2243=CURVE_STYLE('',#4142,POSITIVE_LENGTH_MEASURE(0.02),#4143);
#2244=VERTEX_POINT('',#4144);
#2245=LINE('',#4145,#4146);
#2246=CURVE_STYLE('',#4147,POSITIVE_LENGTH_MEASURE(0.02),#4148);
#2247=VERTEX_POINT('',#4149);
#2248=LINE('',#4150,#4151);
#2249=CURVE_STYLE('',#4152,POSITIVE_LENGTH_MEASURE(0.02),#4153);
#2250=VERTEX_POINT('',#4154);
#2251=LINE('',#4155,#4156);
#2252=CURVE_STYLE('',#4157,POSITIVE_LENGTH_MEASURE(0.02),#4158);
#2253=VERTEX_POINT('',#4159);
#2254=LINE('',#4160,#4161);
#2255=CURVE_STYLE('',#4162,POSITIVE_LENGTH_MEASURE(0.02),#4163);
#2256=VERTEX_POINT('',#4164);
#2257=LINE('',#4165,#4166);
#2258=CURVE_STYLE('',#4167,POSITIVE_LENGTH_MEASURE(0.02),#4168);
#2259=VERTEX_POINT('',#4169);
#2260=LINE('',#4170,#4171);
#2261=CURVE_STYLE('',#4172,POSITIVE_LENGTH_MEASURE(0.02),#4173);
#2262=LINE('',#4174,#4175);
#2263=CURVE_STYLE('',#4176,POSITIVE_LENGTH_MEASURE(0.02),#4177);
#2264=VERTEX_POINT('',#4178);
#2265=VERTEX_POINT('',#4179);
#2266=LINE('',#4180,#4181);
#2267=CURVE_STYLE('',#4182,POSITIVE_LENGTH_MEASURE(0.02),#4183);
#2268=VERTEX_POINT('',#4184);
#2269=LINE('',#4185,#4186);
#2270=CURVE_STYLE('',#4187,POSITIVE_LENGTH_MEASURE(0.02),#4188);
#2271=LINE('',#4189,#4190);
#2272=CURVE_STYLE('',#4191,POSITIVE_LENGTH_MEASURE(0.02),#4192);
#2273=VERTEX_POINT('',#4193);
#2274=LINE('',#4194,#4195);
#2275=CURVE_STYLE('',#4196,POSITIVE_LENGTH_MEASURE(0.02),#4197);
#2276=VERTEX_POINT('',#4198);
#2277=LINE('',#4199,#4200);
#2278=CURVE_STYLE('',#4201,POSITIVE_LENGTH_MEASURE(0.02),#4202);
#2279=VERTEX_POINT('',#4203);
#2280=LINE('',#4204,#4205);
#2281=CURVE_STYLE('',#4206,POSITIVE_LENGTH_MEASURE(0.02),#4207);
#2282=VERTEX_POINT('',#4208);
#2283=LINE('',#4209,#4210);
#2284=CURVE_STYLE('',#4211,POSITIVE_LENGTH_MEASURE(0.02),#4212);
#2285=VERTEX_POINT('',#4213);
#2286=LINE('',#4214,#4215);
#2287=CURVE_STYLE('',#4216,POSITIVE_LENGTH_MEASURE(0.02),#4217);
#2288=VERTEX_POINT('',#4218);
#2289=LINE('',#4219,#4220);
#2290=CURVE_STYLE('',#4221,POSITIVE_LENGTH_MEASURE(0.02),#4222);
#2291=VERTEX_POINT('',#4223);
#2292=LINE('',#4224,#4225);
#2293=CURVE_STYLE('',#4226,POSITIVE_LENGTH_MEASURE(0.02),#4227);
#2294=VERTEX_POINT('',#4228);
#2295=LINE('',#4229,#4230);
#2296=CURVE_STYLE('',#4231,POSITIVE_LENGTH_MEASURE(0.02),#4232);
#2297=VERTEX_POINT('',#4233);
#2298=LINE('',#4234,#4235);
#2299=CURVE_STYLE('',#4236,POSITIVE_LENGTH_MEASURE(0.02),#4237);
#2300=VERTEX_POINT('',#4238);
#2301=LINE('',#4239,#4240);
#2302=CURVE_STYLE('',#4241,POSITIVE_LENGTH_MEASURE(0.02),#4242);
#2303=LINE('',#4243,#4244);
#2304=CURVE_STYLE('',#4245,POSITIVE_LENGTH_MEASURE(0.02),#4246);
#2305=VERTEX_POINT('',#4247);
#2306=LINE('',#4248,#4249);
#2307=CURVE_STYLE('',#4250,POSITIVE_LENGTH_MEASURE(0.02),#4251);
#2308=VERTEX_POINT('',#4252);
#2309=LINE('',#4253,#4254);
#2310=CURVE_STYLE('',#4255,POSITIVE_LENGTH_MEASURE(0.02),#4256);
#2311=LINE('',#4257,#4258);
#2312=CURVE_STYLE('',#4259,POSITIVE_LENGTH_MEASURE(0.02),#4260);
#2313=VERTEX_POINT('',#4261);
#2314=LINE('',#4262,#4263);
#2315=CURVE_STYLE('',#4264,POSITIVE_LENGTH_MEASURE(0.02),#4265);
#2316=VERTEX_POINT('',#4266);
#2317=LINE('',#4267,#4268);
#2318=CURVE_STYLE('',#4269,POSITIVE_LENGTH_MEASURE(0.02),#4270);
#2319=VERTEX_POINT('',#4271);
#2320=LINE('',#4272,#4273);
#2321=CURVE_STYLE('',#4274,POSITIVE_LENGTH_MEASURE(0.02),#4275);
#2322=LINE('',#4276,#4277);
#2323=CURVE_STYLE('',#4278,POSITIVE_LENGTH_MEASURE(0.02),#4279);
#2324=VERTEX_POINT('',#4280);
#2325=LINE('',#4281,#4282);
#2326=CURVE_STYLE('',#4283,POSITIVE_LENGTH_MEASURE(0.02),#4284);
#2327=VERTEX_POINT('',#4285);
#2328=LINE('',#4286,#4287);
#2329=CURVE_STYLE('',#4288,POSITIVE_LENGTH_MEASURE(0.02),#4289);
#2330=LINE('',#4290,#4291);
#2331=CURVE_STYLE('',#4292,POSITIVE_LENGTH_MEASURE(0.02),#4293);
#2332=VERTEX_POINT('',#4294);
#2333=LINE('',#4295,#4296);
#2334=CURVE_STYLE('',#4297,POSITIVE_LENGTH_MEASURE(0.02),#4298);
#2335=VERTEX_POINT('',#4299);
#2336=LINE('',#4300,#4301);
#2337=CURVE_STYLE('',#4302,POSITIVE_LENGTH_MEASURE(0.02),#4303);
#2338=LINE('',#4304,#4305);
#2339=CURVE_STYLE('',#4306,POSITIVE_LENGTH_MEASURE(0.02),#4307);
#2340=VERTEX_POINT('',#4308);
#2341=LINE('',#4309,#4310);
#2342=CURVE_STYLE('',#4311,POSITIVE_LENGTH_MEASURE(0.02),#4312);
#2343=VERTEX_POINT('',#4313);
#2344=LINE('',#4314,#4315);
#2345=CURVE_STYLE('',#4316,POSITIVE_LENGTH_MEASURE(0.02),#4317);
#2346=LINE('',#4318,#4319);
#2347=CURVE_STYLE('',#4320,POSITIVE_LENGTH_MEASURE(0.02),#4321);
#2348=LINE('',#4322,#4323);
#2349=CURVE_STYLE('',#4324,POSITIVE_LENGTH_MEASURE(0.02),#4325);
#2350=VERTEX_POINT('',#4326);
#2351=VERTEX_POINT('',#4327);
#2352=LINE('',#4328,#4329);
#2353=CURVE_STYLE('',#4330,POSITIVE_LENGTH_MEASURE(0.02),#4331);
#2354=VERTEX_POINT('',#4332);
#2355=LINE('',#4333,#4334);
#2356=CURVE_STYLE('',#4335,POSITIVE_LENGTH_MEASURE(0.02),#4336);
#2357=VERTEX_POINT('',#4337);
#2358=LINE('',#4338,#4339);
#2359=CURVE_STYLE('',#4340,POSITIVE_LENGTH_MEASURE(0.02),#4341);
#2360=VERTEX_POINT('',#4342);
#2361=LINE('',#4343,#4344);
#2362=CURVE_STYLE('',#4345,POSITIVE_LENGTH_MEASURE(0.02),#4346);
#2363=VERTEX_POINT('',#4347);
#2364=LINE('',#4348,#4349);
#2365=CURVE_STYLE('',#4350,POSITIVE_LENGTH_MEASURE(0.02),#4351);
#2366=VERTEX_POINT('',#4352);
#2367=LINE('',#4353,#4354);
#2368=CURVE_STYLE('',#4355,POSITIVE_LENGTH_MEASURE(0.02),#4356);
#2369=VERTEX_POINT('',#4357);
#2370=LINE('',#4358,#4359);
#2371=CURVE_STYLE('',#4360,POSITIVE_LENGTH_MEASURE(0.02),#4361);
#2372=VERTEX_POINT('',#4362);
#2373=LINE('',#4363,#4364);
#2374=CURVE_STYLE('',#4365,POSITIVE_LENGTH_MEASURE(0.02),#4366);
#2375=VERTEX_POINT('',#4367);
#2376=LINE('',#4368,#4369);
#2377=CURVE_STYLE('',#4370,POSITIVE_LENGTH_MEASURE(0.02),#4371);
#2378=VERTEX_POINT('',#4372);
#2379=LINE('',#4373,#4374);
#2380=CURVE_STYLE('',#4375,POSITIVE_LENGTH_MEASURE(0.02),#4376);
#2381=VERTEX_POINT('',#4377);
#2382=LINE('',#4378,#4379);
#2383=CURVE_STYLE('',#4380,POSITIVE_LENGTH_MEASURE(0.02),#4381);
#2384=LINE('',#4382,#4383);
#2385=CURVE_STYLE('',#4384,POSITIVE_LENGTH_MEASURE(0.02),#4385);
#2386=VERTEX_POINT('',#4386);
#2387=LINE('',#4387,#4388);
#2388=CURVE_STYLE('',#4389,POSITIVE_LENGTH_MEASURE(0.02),#4390);
#2389=VERTEX_POINT('',#4391);
#2390=LINE('',#4392,#4393);
#2391=CURVE_STYLE('',#4394,POSITIVE_LENGTH_MEASURE(0.02),#4395);
#2392=LINE('',#4396,#4397);
#2393=CURVE_STYLE('',#4398,POSITIVE_LENGTH_MEASURE(0.02),#4399);
#2394=VERTEX_POINT('',#4400);
#2395=LINE('',#4401,#4402);
#2396=CURVE_STYLE('',#4403,POSITIVE_LENGTH_MEASURE(0.02),#4404);
#2397=VERTEX_POINT('',#4405);
#2398=LINE('',#4406,#4407);
#2399=CURVE_STYLE('',#4408,POSITIVE_LENGTH_MEASURE(0.02),#4409);
#2400=LINE('',#4410,#4411);
#2401=CURVE_STYLE('',#4412,POSITIVE_LENGTH_MEASURE(0.02),#4413);
#2402=VERTEX_POINT('',#4414);
#2403=VERTEX_POINT('',#4415);
#2404=LINE('',#4416,#4417);
#2405=CURVE_STYLE('',#4418,POSITIVE_LENGTH_MEASURE(0.02),#4419);
#2406=VERTEX_POINT('',#4420);
#2407=LINE('',#4421,#4422);
#2408=CURVE_STYLE('',#4423,POSITIVE_LENGTH_MEASURE(0.02),#4424);
#2409=VERTEX_POINT('',#4425);
#2410=LINE('',#4426,#4427);
#2411=CURVE_STYLE('',#4428,POSITIVE_LENGTH_MEASURE(0.02),#4429);
#2412=LINE('',#4430,#4431);
#2413=CURVE_STYLE('',#4432,POSITIVE_LENGTH_MEASURE(0.02),#4433);
#2414=VERTEX_POINT('',#4434);
#2415=LINE('',#4435,#4436);
#2416=CURVE_STYLE('',#4437,POSITIVE_LENGTH_MEASURE(0.02),#4438);
#2417=VERTEX_POINT('',#4439);
#2418=LINE('',#4440,#4441);
#2419=CURVE_STYLE('',#4442,POSITIVE_LENGTH_MEASURE(0.02),#4443);
#2420=LINE('',#4444,#4445);
#2421=CURVE_STYLE('',#4446,POSITIVE_LENGTH_MEASURE(0.02),#4447);
#2422=VERTEX_POINT('',#4448);
#2423=VERTEX_POINT('',#4449);
#2424=LINE('',#4450,#4451);
#2425=CURVE_STYLE('',#4452,POSITIVE_LENGTH_MEASURE(0.02),#4453);
#2426=VERTEX_POINT('',#4454);
#2427=LINE('',#4455,#4456);
#2428=CURVE_STYLE('',#4457,POSITIVE_LENGTH_MEASURE(0.02),#4458);
#2429=VERTEX_POINT('',#4459);
#2430=LINE('',#4460,#4461);
#2431=CURVE_STYLE('',#4462,POSITIVE_LENGTH_MEASURE(0.02),#4463);
#2432=LINE('',#4464,#4465);
#2433=CURVE_STYLE('',#4466,POSITIVE_LENGTH_MEASURE(0.02),#4467);
#2434=LINE('',#4468,#4469);
#2435=CURVE_STYLE('',#4470,POSITIVE_LENGTH_MEASURE(0.02),#4471);
#2436=VERTEX_POINT('',#4472);
#2437=LINE('',#4473,#4474);
#2438=CURVE_STYLE('',#4475,POSITIVE_LENGTH_MEASURE(0.02),#4476);
#2439=LINE('',#4477,#4478);
#2440=CURVE_STYLE('',#4479,POSITIVE_LENGTH_MEASURE(0.02),#4480);
#2441=LINE('',#4481,#4482);
#2442=CURVE_STYLE('',#4483,POSITIVE_LENGTH_MEASURE(0.02),#4484);
#2443=LINE('',#4485,#4486);
#2444=CURVE_STYLE('',#4487,POSITIVE_LENGTH_MEASURE(0.02),#4488);
#2445=LINE('',#4489,#4490);
#2446=CURVE_STYLE('',#4491,POSITIVE_LENGTH_MEASURE(0.02),#4492);
#2447=VERTEX_POINT('',#4493);
#2448=LINE('',#4494,#4495);
#2449=CURVE_STYLE('',#4496,POSITIVE_LENGTH_MEASURE(0.02),#4497);
#2450=LINE('',#4498,#4499);
#2451=CURVE_STYLE('',#4500,POSITIVE_LENGTH_MEASURE(0.02),#4501);
#2452=VERTEX_POINT('',#4502);
#2453=LINE('',#4503,#4504);
#2454=CURVE_STYLE('',#4505,POSITIVE_LENGTH_MEASURE(0.02),#4506);
#2455=LINE('',#4507,#4508);
#2456=CURVE_STYLE('',#4509,POSITIVE_LENGTH_MEASURE(0.02),#4510);
#2457=VERTEX_POINT('',#4511);
#2458=LINE('',#4512,#4513);
#2459=CURVE_STYLE('',#4514,POSITIVE_LENGTH_MEASURE(0.02),#4515);
#2460=VERTEX_POINT('',#4516);
#2461=LINE('',#4517,#4518);
#2462=CURVE_STYLE('',#4519,POSITIVE_LENGTH_MEASURE(0.02),#4520);
#2463=LINE('',#4521,#4522);
#2464=CURVE_STYLE('',#4523,POSITIVE_LENGTH_MEASURE(0.02),#4524);
#2465=VERTEX_POINT('',#4525);
#2466=LINE('',#4526,#4527);
#2467=CURVE_STYLE('',#4528,POSITIVE_LENGTH_MEASURE(0.02),#4529);
#2468=VERTEX_POINT('',#4530);
#2469=LINE('',#4531,#4532);
#2470=CURVE_STYLE('',#4533,POSITIVE_LENGTH_MEASURE(0.02),#4534);
#2471=LINE('',#4535,#4536);
#2472=CURVE_STYLE('',#4537,POSITIVE_LENGTH_MEASURE(0.02),#4538);
#2473=VERTEX_POINT('',#4539);
#2474=LINE('',#4540,#4541);
#2475=CURVE_STYLE('',#4542,POSITIVE_LENGTH_MEASURE(0.02),#4543);
#2476=LINE('',#4544,#4545);
#2477=CURVE_STYLE('',#4546,POSITIVE_LENGTH_MEASURE(0.02),#4547);
#2478=VERTEX_POINT('',#4548);
#2479=LINE('',#4549,#4550);
#2480=CURVE_STYLE('',#4551,POSITIVE_LENGTH_MEASURE(0.02),#4552);
#2481=VERTEX_POINT('',#4553);
#2482=LINE('',#4554,#4555);
#2483=CURVE_STYLE('',#4556,POSITIVE_LENGTH_MEASURE(0.02),#4557);
#2484=LINE('',#4558,#4559);
#2485=CURVE_STYLE('',#4560,POSITIVE_LENGTH_MEASURE(0.02),#4561);
#2486=LINE('',#4562,#4563);
#2487=CURVE_STYLE('',#4564,POSITIVE_LENGTH_MEASURE(0.02),#4565);
#2488=LINE('',#4566,#4567);
#2489=CURVE_STYLE('',#4568,POSITIVE_LENGTH_MEASURE(0.02),#4569);
#2490=LINE('',#4570,#4571);
#2491=CURVE_STYLE('',#4572,POSITIVE_LENGTH_MEASURE(0.02),#4573);
#2492=LINE('',#4574,#4575);
#2493=CURVE_STYLE('',#4576,POSITIVE_LENGTH_MEASURE(0.02),#4577);
#2494=VERTEX_POINT('',#4578);
#2495=LINE('',#4579,#4580);
#2496=CURVE_STYLE('',#4581,POSITIVE_LENGTH_MEASURE(0.02),#4582);
#2497=VERTEX_POINT('',#4583);
#2498=LINE('',#4584,#4585);
#2499=CURVE_STYLE('',#4586,POSITIVE_LENGTH_MEASURE(0.02),#4587);
#2500=LINE('',#4588,#4589);
#2501=CURVE_STYLE('',#4590,POSITIVE_LENGTH_MEASURE(0.02),#4591);
#2502=VERTEX_POINT('',#4592);
#2503=LINE('',#4593,#4594);
#2504=CURVE_STYLE('',#4595,POSITIVE_LENGTH_MEASURE(0.02),#4596);
#2505=VERTEX_POINT('',#4597);
#2506=LINE('',#4598,#4599);
#2507=CURVE_STYLE('',#4600,POSITIVE_LENGTH_MEASURE(0.02),#4601);
#2508=LINE('',#4602,#4603);
#2509=CURVE_STYLE('',#4604,POSITIVE_LENGTH_MEASURE(0.02),#4605);
#2510=VERTEX_POINT('',#4606);
#2511=VERTEX_POINT('',#4607);
#2512=LINE('',#4608,#4609);
#2513=CURVE_STYLE('',#4610,POSITIVE_LENGTH_MEASURE(0.02),#4611);
#2514=VERTEX_POINT('',#4612);
#2515=LINE('',#4613,#4614);
#2516=CURVE_STYLE('',#4615,POSITIVE_LENGTH_MEASURE(0.02),#4616);
#2517=VERTEX_POINT('',#4617);
#2518=LINE('',#4618,#4619);
#2519=CURVE_STYLE('',#4620,POSITIVE_LENGTH_MEASURE(0.02),#4621);
#2520=LINE('',#4622,#4623);
#2521=CURVE_STYLE('',#4624,POSITIVE_LENGTH_MEASURE(0.02),#4625);
#2522=VERTEX_POINT('',#4626);
#2523=VERTEX_POINT('',#4627);
#2524=LINE('',#4628,#4629);
#2525=CURVE_STYLE('',#4630,POSITIVE_LENGTH_MEASURE(0.02),#4631);
#2526=VERTEX_POINT('',#4632);
#2527=LINE('',#4633,#4634);
#2528=CURVE_STYLE('',#4635,POSITIVE_LENGTH_MEASURE(0.02),#4636);
#2529=VERTEX_POINT('',#4637);
#2530=LINE('',#4638,#4639);
#2531=CURVE_STYLE('',#4640,POSITIVE_LENGTH_MEASURE(0.02),#4641);
#2532=LINE('',#4642,#4643);
#2533=CURVE_STYLE('',#4644,POSITIVE_LENGTH_MEASURE(0.02),#4645);
#2534=VERTEX_POINT('',#4646);
#2535=LINE('',#4647,#4648);
#2536=CURVE_STYLE('',#4649,POSITIVE_LENGTH_MEASURE(0.02),#4650);
#2537=VERTEX_POINT('',#4651);
#2538=LINE('',#4652,#4653);
#2539=CURVE_STYLE('',#4654,POSITIVE_LENGTH_MEASURE(0.02),#4655);
#2540=LINE('',#4656,#4657);
#2541=CURVE_STYLE('',#4658,POSITIVE_LENGTH_MEASURE(0.02),#4659);
#2542=VERTEX_POINT('',#4660);
#2543=LINE('',#4661,#4662);
#2544=CURVE_STYLE('',#4663,POSITIVE_LENGTH_MEASURE(0.02),#4664);
#2545=VERTEX_POINT('',#4665);
#2546=LINE('',#4666,#4667);
#2547=CURVE_STYLE('',#4668,POSITIVE_LENGTH_MEASURE(0.02),#4669);
#2548=LINE('',#4670,#4671);
#2549=CURVE_STYLE('',#4672,POSITIVE_LENGTH_MEASURE(0.02),#4673);
#2550=LINE('',#4674,#4675);
#2551=CURVE_STYLE('',#4676,POSITIVE_LENGTH_MEASURE(0.02),#4677);
#2552=LINE('',#4678,#4679);
#2553=CURVE_STYLE('',#4680,POSITIVE_LENGTH_MEASURE(0.02),#4681);
#2554=LINE('',#4682,#4683);
#2555=CURVE_STYLE('',#4684,POSITIVE_LENGTH_MEASURE(0.02),#4685);
#2556=LINE('',#4686,#4687);
#2557=CURVE_STYLE('',#4688,POSITIVE_LENGTH_MEASURE(0.02),#4689);
#2558=LINE('',#4690,#4691);
#2559=CURVE_STYLE('',#4692,POSITIVE_LENGTH_MEASURE(0.02),#4693);
#2560=LINE('',#4694,#4695);
#2561=CURVE_STYLE('',#4696,POSITIVE_LENGTH_MEASURE(0.02),#4697);
#2562=VERTEX_POINT('',#4698);
#2563=LINE('',#4699,#4700);
#2564=CURVE_STYLE('',#4701,POSITIVE_LENGTH_MEASURE(0.02),#4702);
#2565=LINE('',#4703,#4704);
#2566=CURVE_STYLE('',#4705,POSITIVE_LENGTH_MEASURE(0.02),#4706);
#2567=VERTEX_POINT('',#4707);
#2568=LINE('',#4708,#4709);
#2569=CURVE_STYLE('',#4710,POSITIVE_LENGTH_MEASURE(0.02),#4711);
#2570=VERTEX_POINT('',#4712);
#2571=LINE('',#4713,#4714);
#2572=CURVE_STYLE('',#4715,POSITIVE_LENGTH_MEASURE(0.02),#4716);
#2573=LINE('',#4717,#4718);
#2574=CURVE_STYLE('',#4719,POSITIVE_LENGTH_MEASURE(0.02),#4720);
#2575=VERTEX_POINT('',#4721);
#2576=LINE('',#4722,#4723);
#2577=CURVE_STYLE('',#4724,POSITIVE_LENGTH_MEASURE(0.02),#4725);
#2578=LINE('',#4726,#4727);
#2579=CURVE_STYLE('',#4728,POSITIVE_LENGTH_MEASURE(0.02),#4729);
#2580=LINE('',#4730,#4731);
#2581=CURVE_STYLE('',#4732,POSITIVE_LENGTH_MEASURE(0.02),#4733);
#2582=VERTEX_POINT('',#4734);
#2583=LINE('',#4735,#4736);
#2584=CURVE_STYLE('',#4737,POSITIVE_LENGTH_MEASURE(0.02),#4738);
#2585=VERTEX_POINT('',#4739);
#2586=LINE('',#4740,#4741);
#2587=CURVE_STYLE('',#4742,POSITIVE_LENGTH_MEASURE(0.02),#4743);
#2588=LINE('',#4744,#4745);
#2589=CURVE_STYLE('',#4746,POSITIVE_LENGTH_MEASURE(0.02),#4747);
#2590=LINE('',#4748,#4749);
#2591=CURVE_STYLE('',#4750,POSITIVE_LENGTH_MEASURE(0.02),#4751);
#2592=LINE('',#4752,#4753);
#2593=CURVE_STYLE('',#4754,POSITIVE_LENGTH_MEASURE(0.02),#4755);
#2594=LINE('',#4756,#4757);
#2595=CURVE_STYLE('',#4758,POSITIVE_LENGTH_MEASURE(0.02),#4759);
#2596=VERTEX_POINT('',#4760);
#2597=LINE('',#4761,#4762);
#2598=CURVE_STYLE('',#4763,POSITIVE_LENGTH_MEASURE(0.02),#4764);
#2599=LINE('',#4765,#4766);
#2600=CURVE_STYLE('',#4767,POSITIVE_LENGTH_MEASURE(0.02),#4768);
#2601=LINE('',#4769,#4770);
#2602=CURVE_STYLE('',#4771,POSITIVE_LENGTH_MEASURE(0.02),#4772);
#2603=VERTEX_POINT('',#4773);
#2604=LINE('',#4774,#4775);
#2605=CURVE_STYLE('',#4776,POSITIVE_LENGTH_MEASURE(0.02),#4777);
#2606=VERTEX_POINT('',#4778);
#2607=LINE('',#4779,#4780);
#2608=CURVE_STYLE('',#4781,POSITIVE_LENGTH_MEASURE(0.02),#4782);
#2609=LINE('',#4783,#4784);
#2610=CURVE_STYLE('',#4785,POSITIVE_LENGTH_MEASURE(0.02),#4786);
#2611=VERTEX_POINT('',#4787);
#2612=LINE('',#4788,#4789);
#2613=CURVE_STYLE('',#4790,POSITIVE_LENGTH_MEASURE(0.02),#4791);
#2614=LINE('',#4792,#4793);
#2615=CURVE_STYLE('',#4794,POSITIVE_LENGTH_MEASURE(0.02),#4795);
#2616=LINE('',#4796,#4797);
#2617=CURVE_STYLE('',#4798,POSITIVE_LENGTH_MEASURE(0.02),#4799);
#2618=LINE('',#4800,#4801);
#2619=CURVE_STYLE('',#4802,POSITIVE_LENGTH_MEASURE(0.02),#4803);
#2620=LINE('',#4804,#4805);
#2621=CURVE_STYLE('',#4806,POSITIVE_LENGTH_MEASURE(0.02),#4807);
#2622=LINE('',#4808,#4809);
#2623=CURVE_STYLE('',#4810,POSITIVE_LENGTH_MEASURE(0.02),#4811);
#2624=VERTEX_POINT('',#4812);
#2625=LINE('',#4813,#4814);
#2626=CURVE_STYLE('',#4815,POSITIVE_LENGTH_MEASURE(0.02),#4816);
#2627=VERTEX_POINT('',#4817);
#2628=LINE('',#4818,#4819);
#2629=CURVE_STYLE('',#4820,POSITIVE_LENGTH_MEASURE(0.02),#4821);
#2630=VERTEX_POINT('',#4822);
#2631=LINE('',#4823,#4824);
#2632=CURVE_STYLE('',#4825,POSITIVE_LENGTH_MEASURE(0.02),#4826);
#2633=VERTEX_POINT('',#4827);
#2634=LINE('',#4828,#4829);
#2635=CURVE_STYLE('',#4830,POSITIVE_LENGTH_MEASURE(0.02),#4831);
#2636=VERTEX_POINT('',#4832);
#2637=LINE('',#4833,#4834);
#2638=CURVE_STYLE('',#4835,POSITIVE_LENGTH_MEASURE(0.02),#4836);
#2639=LINE('',#4837,#4838);
#2640=CURVE_STYLE('',#4839,POSITIVE_LENGTH_MEASURE(0.02),#4840);
#2641=VERTEX_POINT('',#4841);
#2642=LINE('',#4842,#4843);
#2643=CURVE_STYLE('',#4844,POSITIVE_LENGTH_MEASURE(0.02),#4845);
#2644=LINE('',#4846,#4847);
#2645=CURVE_STYLE('',#4848,POSITIVE_LENGTH_MEASURE(0.02),#4849);
#2646=LINE('',#4850,#4851);
#2647=CURVE_STYLE('',#4852,POSITIVE_LENGTH_MEASURE(0.02),#4853);
#2648=VERTEX_POINT('',#4854);
#2649=LINE('',#4855,#4856);
#2650=CURVE_STYLE('',#4857,POSITIVE_LENGTH_MEASURE(0.02),#4858);
#2651=LINE('',#4859,#4860);
#2652=CURVE_STYLE('',#4861,POSITIVE_LENGTH_MEASURE(0.02),#4862);
#2653=VERTEX_POINT('',#4863);
#2654=LINE('',#4864,#4865);
#2655=CURVE_STYLE('',#4866,POSITIVE_LENGTH_MEASURE(0.02),#4867);
#2656=LINE('',#4868,#4869);
#2657=CURVE_STYLE('',#4870,POSITIVE_LENGTH_MEASURE(0.02),#4871);
#2658=VERTEX_POINT('',#4872);
#2659=LINE('',#4873,#4874);
#2660=CURVE_STYLE('',#4875,POSITIVE_LENGTH_MEASURE(0.02),#4876);
#2661=LINE('',#4877,#4878);
#2662=CURVE_STYLE('',#4879,POSITIVE_LENGTH_MEASURE(0.02),#4880);
#2663=LINE('',#4881,#4882);
#2664=CURVE_STYLE('',#4883,POSITIVE_LENGTH_MEASURE(0.02),#4884);
#2665=LINE('',#4885,#4886);
#2666=CURVE_STYLE('',#4887,POSITIVE_LENGTH_MEASURE(0.02),#4888);
#2667=LINE('',#4889,#4890);
#2668=CURVE_STYLE('',#4891,POSITIVE_LENGTH_MEASURE(0.02),#4892);
#2669=LINE('',#4893,#4894);
#2670=CURVE_STYLE('',#4895,POSITIVE_LENGTH_MEASURE(0.02),#4896);
#2671=LINE('',#4897,#4898);
#2672=CURVE_STYLE('',#4899,POSITIVE_LENGTH_MEASURE(0.02),#4900);
#2673=LINE('',#4901,#4902);
#2674=CURVE_STYLE('',#4903,POSITIVE_LENGTH_MEASURE(0.02),#4904);
#2675=VERTEX_POINT('',#4905);
#2676=LINE('',#4906,#4907);
#2677=CURVE_STYLE('',#4908,POSITIVE_LENGTH_MEASURE(0.02),#4909);
#2678=LINE('',#4910,#4911);
#2679=CURVE_STYLE('',#4912,POSITIVE_LENGTH_MEASURE(0.02),#4913);
#2680=LINE('',#4914,#4915);
#2681=CURVE_STYLE('',#4916,POSITIVE_LENGTH_MEASURE(0.02),#4917);
#2682=LINE('',#4918,#4919);
#2683=CURVE_STYLE('',#4920,POSITIVE_LENGTH_MEASURE(0.02),#4921);
#2684=VERTEX_POINT('',#4922);
#2685=LINE('',#4923,#4924);
#2686=CURVE_STYLE('',#4925,POSITIVE_LENGTH_MEASURE(0.02),#4926);
#2687=VERTEX_POINT('',#4927);
#2688=LINE('',#4928,#4929);
#2689=CURVE_STYLE('',#4930,POSITIVE_LENGTH_MEASURE(0.02),#4931);
#2690=VERTEX_POINT('',#4932);
#2691=LINE('',#4933,#4934);
#2692=CURVE_STYLE('',#4935,POSITIVE_LENGTH_MEASURE(0.02),#4936);
#2693=VERTEX_POINT('',#4937);
#2694=LINE('',#4938,#4939);
#2695=CURVE_STYLE('',#4940,POSITIVE_LENGTH_MEASURE(0.02),#4941);
#2696=VERTEX_POINT('',#4942);
#2697=LINE('',#4943,#4944);
#2698=CURVE_STYLE('',#4945,POSITIVE_LENGTH_MEASURE(0.02),#4946);
#2699=LINE('',#4947,#4948);
#2700=CURVE_STYLE('',#4949,POSITIVE_LENGTH_MEASURE(0.02),#4950);
#2701=VERTEX_POINT('',#4951);
#2702=LINE('',#4952,#4953);
#2703=CURVE_STYLE('',#4954,POSITIVE_LENGTH_MEASURE(0.02),#4955);
#2704=LINE('',#4956,#4957);
#2705=CURVE_STYLE('',#4958,POSITIVE_LENGTH_MEASURE(0.02),#4959);
#2706=VERTEX_POINT('',#4960);
#2707=LINE('',#4961,#4962);
#2708=CURVE_STYLE('',#4963,POSITIVE_LENGTH_MEASURE(0.02),#4964);
#2709=VERTEX_POINT('',#4965);
#2710=LINE('',#4966,#4967);
#2711=CURVE_STYLE('',#4968,POSITIVE_LENGTH_MEASURE(0.02),#4969);
#2712=LINE('',#4970,#4971);
#2713=CURVE_STYLE('',#4972,POSITIVE_LENGTH_MEASURE(0.02),#4973);
#2714=VERTEX_POINT('',#4974);
#2715=VERTEX_POINT('',#4975);
#2716=LINE('',#4976,#4977);
#2717=CURVE_STYLE('',#4978,POSITIVE_LENGTH_MEASURE(0.02),#4979);
#2718=LINE('',#4980,#4981);
#2719=CURVE_STYLE('',#4982,POSITIVE_LENGTH_MEASURE(0.02),#4983);
#2720=LINE('',#4984,#4985);
#2721=CURVE_STYLE('',#4986,POSITIVE_LENGTH_MEASURE(0.02),#4987);
#2722=VERTEX_POINT('',#4988);
#2723=LINE('',#4989,#4990);
#2724=CURVE_STYLE('',#4991,POSITIVE_LENGTH_MEASURE(0.02),#4992);
#2725=VERTEX_POINT('',#4993);
#2726=LINE('',#4994,#4995);
#2727=CURVE_STYLE('',#4996,POSITIVE_LENGTH_MEASURE(0.02),#4997);
#2728=VERTEX_POINT('',#4998);
#2729=LINE('',#4999,#5000);
#2730=CURVE_STYLE('',#5001,POSITIVE_LENGTH_MEASURE(0.02),#5002);
#2731=VERTEX_POINT('',#5003);
#2732=LINE('',#5004,#5005);
#2733=CURVE_STYLE('',#5006,POSITIVE_LENGTH_MEASURE(0.02),#5007);
#2734=VERTEX_POINT('',#5008);
#2735=LINE('',#5009,#5010);
#2736=CURVE_STYLE('',#5011,POSITIVE_LENGTH_MEASURE(0.02),#5012);
#2737=VERTEX_POINT('',#5013);
#2738=LINE('',#5014,#5015);
#2739=CURVE_STYLE('',#5016,POSITIVE_LENGTH_MEASURE(0.02),#5017);
#2740=LINE('',#5018,#5019);
#2741=CURVE_STYLE('',#5020,POSITIVE_LENGTH_MEASURE(0.02),#5021);
#2742=LINE('',#5022,#5023);
#2743=CURVE_STYLE('',#5024,POSITIVE_LENGTH_MEASURE(0.02),#5025);
#2744=VERTEX_POINT('',#5026);
#2745=LINE('',#5027,#5028);
#2746=CURVE_STYLE('',#5029,POSITIVE_LENGTH_MEASURE(0.02),#5030);
#2747=LINE('',#5031,#5032);
#2748=CURVE_STYLE('',#5033,POSITIVE_LENGTH_MEASURE(0.02),#5034);
#2749=LINE('',#5035,#5036);
#2750=CURVE_STYLE('',#5037,POSITIVE_LENGTH_MEASURE(0.02),#5038);
#2751=LINE('',#5039,#5040);
#2752=CURVE_STYLE('',#5041,POSITIVE_LENGTH_MEASURE(0.02),#5042);
#2753=VERTEX_POINT('',#5043);
#2754=LINE('',#5044,#5045);
#2755=CURVE_STYLE('',#5046,POSITIVE_LENGTH_MEASURE(0.02),#5047);
#2756=LINE('',#5048,#5049);
#2757=CURVE_STYLE('',#5050,POSITIVE_LENGTH_MEASURE(0.02),#5051);
#2758=VERTEX_POINT('',#5052);
#2759=LINE('',#5053,#5054);
#2760=CURVE_STYLE('',#5055,POSITIVE_LENGTH_MEASURE(0.02),#5056);
#2761=LINE('',#5057,#5058);
#2762=CURVE_STYLE('',#5059,POSITIVE_LENGTH_MEASURE(0.02),#5060);
#2763=LINE('',#5061,#5062);
#2764=CURVE_STYLE('',#5063,POSITIVE_LENGTH_MEASURE(0.02),#5064);
#2765=LINE('',#5065,#5066);
#2766=CURVE_STYLE('',#5067,POSITIVE_LENGTH_MEASURE(0.02),#5068);
#2767=LINE('',#5069,#5070);
#2768=CURVE_STYLE('',#5071,POSITIVE_LENGTH_MEASURE(0.02),#5072);
#2769=LINE('',#5073,#5074);
#2770=CURVE_STYLE('',#5075,POSITIVE_LENGTH_MEASURE(0.02),#5076);
#2771=LINE('',#5077,#5078);
#2772=CURVE_STYLE('',#5079,POSITIVE_LENGTH_MEASURE(0.02),#5080);
#2773=LINE('',#5081,#5082);
#2774=CURVE_STYLE('',#5083,POSITIVE_LENGTH_MEASURE(0.02),#5084);
#2775=LINE('',#5085,#5086);
#2776=CURVE_STYLE('',#5087,POSITIVE_LENGTH_MEASURE(0.02),#5088);
#2777=LINE('',#5089,#5090);
#2778=CURVE_STYLE('',#5091,POSITIVE_LENGTH_MEASURE(0.02),#5092);
#2779=VERTEX_POINT('',#5093);
#2780=LINE('',#5094,#5095);
#2781=CURVE_STYLE('',#5096,POSITIVE_LENGTH_MEASURE(0.02),#5097);
#2782=VERTEX_POINT('',#5098);
#2783=LINE('',#5099,#5100);
#2784=CURVE_STYLE('',#5101,POSITIVE_LENGTH_MEASURE(0.02),#5102);
#2785=LINE('',#5103,#5104);
#2786=CURVE_STYLE('',#5105,POSITIVE_LENGTH_MEASURE(0.02),#5106);
#2787=VERTEX_POINT('',#5107);
#2788=LINE('',#5108,#5109);
#2789=CURVE_STYLE('',#5110,POSITIVE_LENGTH_MEASURE(0.02),#5111);
#2790=LINE('',#5112,#5113);
#2791=CURVE_STYLE('',#5114,POSITIVE_LENGTH_MEASURE(0.02),#5115);
#2792=LINE('',#5116,#5117);
#2793=CURVE_STYLE('',#5118,POSITIVE_LENGTH_MEASURE(0.02),#5119);
#2794=VERTEX_POINT('',#5120);
#2795=LINE('',#5121,#5122);
#2796=CURVE_STYLE('',#5123,POSITIVE_LENGTH_MEASURE(0.02),#5124);
#2797=LINE('',#5125,#5126);
#2798=CURVE_STYLE('',#5127,POSITIVE_LENGTH_MEASURE(0.02),#5128);
#2799=LINE('',#5129,#5130);
#2800=CURVE_STYLE('',#5131,POSITIVE_LENGTH_MEASURE(0.02),#5132);
#2801=VERTEX_POINT('',#5133);
#2802=LINE('',#5134,#5135);
#2803=CURVE_STYLE('',#5136,POSITIVE_LENGTH_MEASURE(0.02),#5137);
#2804=VERTEX_POINT('',#5138);
#2805=LINE('',#5139,#5140);
#2806=CURVE_STYLE('',#5141,POSITIVE_LENGTH_MEASURE(0.02),#5142);
#2807=LINE('',#5143,#5144);
#2808=CURVE_STYLE('',#5145,POSITIVE_LENGTH_MEASURE(0.02),#5146);
#2809=LINE('',#5147,#5148);
#2810=CURVE_STYLE('',#5149,POSITIVE_LENGTH_MEASURE(0.02),#5150);
#2811=LINE('',#5151,#5152);
#2812=CURVE_STYLE('',#5153,POSITIVE_LENGTH_MEASURE(0.02),#5154);
#2813=LINE('',#5155,#5156);
#2814=CURVE_STYLE('',#5157,POSITIVE_LENGTH_MEASURE(0.02),#5158);
#2815=LINE('',#5159,#5160);
#2816=CURVE_STYLE('',#5161,POSITIVE_LENGTH_MEASURE(0.02),#5162);
#2817=LINE('',#5163,#5164);
#2818=CURVE_STYLE('',#5165,POSITIVE_LENGTH_MEASURE(0.02),#5166);
#2819=LINE('',#5167,#5168);
#2820=CURVE_STYLE('',#5169,POSITIVE_LENGTH_MEASURE(0.02),#5170);
#2821=LINE('',#5171,#5172);
#2822=CURVE_STYLE('',#5173,POSITIVE_LENGTH_MEASURE(0.02),#5174);
#2823=LINE('',#5175,#5176);
#2824=CURVE_STYLE('',#5177,POSITIVE_LENGTH_MEASURE(0.02),#5178);
#2825=VERTEX_POINT('',#5179);
#2826=LINE('',#5180,#5181);
#2827=CURVE_STYLE('',#5182,POSITIVE_LENGTH_MEASURE(0.02),#5183);
#2828=LINE('',#5184,#5185);
#2829=CURVE_STYLE('',#5186,POSITIVE_LENGTH_MEASURE(0.02),#5187);
#2830=VERTEX_POINT('',#5188);
#2831=LINE('',#5189,#5190);
#2832=CURVE_STYLE('',#5191,POSITIVE_LENGTH_MEASURE(0.02),#5192);
#2833=LINE('',#5193,#5194);
#2834=CURVE_STYLE('',#5195,POSITIVE_LENGTH_MEASURE(0.02),#5196);
#2835=LINE('',#5197,#5198);
#2836=CURVE_STYLE('',#5199,POSITIVE_LENGTH_MEASURE(0.02),#5200);
#2837=VERTEX_POINT('',#5201);
#2838=LINE('',#5202,#5203);
#2839=CURVE_STYLE('',#5204,POSITIVE_LENGTH_MEASURE(0.02),#5205);
#2840=VERTEX_POINT('',#5206);
#2841=LINE('',#5207,#5208);
#2842=CURVE_STYLE('',#5209,POSITIVE_LENGTH_MEASURE(0.02),#5210);
#2843=LINE('',#5211,#5212);
#2844=CURVE_STYLE('',#5213,POSITIVE_LENGTH_MEASURE(0.02),#5214);
#2845=LINE('',#5215,#5216);
#2846=CURVE_STYLE('',#5217,POSITIVE_LENGTH_MEASURE(0.02),#5218);
#2847=LINE('',#5219,#5220);
#2848=SURFACE_STYLE_USAGE(.BOTH.,#5221);
#2849=CLOSED_SHELL('',(#5222,#5223,#5224,#5225,#5226,#5227,#5228,#5229,#5230,#5231,#5232,#5233,#5234,#5235,#5236,#5237,#5238,#5239,#5240,#5241,#5242,#5243,#5244,#5245,#5246,#5247,#5248,#5249,#5250,#5251,#5252,#5253,#5254,#5255,#5256,#5257,#5258,#5259,#5260,#5261,#5262,#5263,#5264,#5265,#5266,#5267,#5268,#5269,#5270,#5271,#5272,#5273,#5274,#5275,#5276,#5277,#5278,#5279,#5280,#5281,#5282,#5283,#5284,#5285,#5286,#5287,#5288,#5289,#5290,#5291,#5292,#5293,#5294,#5295,#5296,#5297,#5298,#5299,#5300,#5301,#5302,#5303,#5304,#5305,#5306,#5307,#5308,#5309,#5310,#5311,#5312,#5313,#5314,#5315,#5316,#5317,#5318,#5319,#5320,#5321,#5322,#5323,#5324,#5325,#5326,#5327,#5328,#5329,#5330,#5331,#5332,#5333));
#2850=CURVE_STYLE('',#5334,POSITIVE_LENGTH_MEASURE(0.02),#5335);
#2851=VERTEX_POINT('',#5336);
#2852=VERTEX_POINT('',#5337);
#2853=LINE('',#5338,#5339);
#2854=CURVE_STYLE('',#5340,POSITIVE_LENGTH_MEASURE(0.02),#5341);
#2855=VERTEX_POINT('',#5342);
#2856=LINE('',#5343,#5344);
#2857=CURVE_STYLE('',#5345,POSITIVE_LENGTH_MEASURE(0.02),#5346);
#2858=VERTEX_POINT('',#5347);
#2859=LINE('',#5348,#5349);
#2860=CURVE_STYLE('',#5350,POSITIVE_LENGTH_MEASURE(0.02),#5351);
#2861=VERTEX_POINT('',#5352);
#2862=LINE('',#5353,#5354);
#2863=CURVE_STYLE('',#5355,POSITIVE_LENGTH_MEASURE(0.02),#5356);
#2864=VERTEX_POINT('',#5357);
#2865=LINE('',#5358,#5359);
#2866=CURVE_STYLE('',#5360,POSITIVE_LENGTH_MEASURE(0.02),#5361);
#2867=VERTEX_POINT('',#5362);
#2868=LINE('',#5363,#5364);
#2869=CURVE_STYLE('',#5365,POSITIVE_LENGTH_MEASURE(0.02),#5366);
#2870=VERTEX_POINT('',#5367);
#2871=LINE('',#5368,#5369);
#2872=CURVE_STYLE('',#5370,POSITIVE_LENGTH_MEASURE(0.02),#5371);
#2873=VERTEX_POINT('',#5372);
#2874=LINE('',#5373,#5374);
#2875=CURVE_STYLE('',#5375,POSITIVE_LENGTH_MEASURE(0.02),#5376);
#2876=VERTEX_POINT('',#5377);
#2877=LINE('',#5378,#5379);
#2878=CURVE_STYLE('',#5380,POSITIVE_LENGTH_MEASURE(0.02),#5381);
#2879=VERTEX_POINT('',#5382);
#2880=LINE('',#5383,#5384);
#2881=CURVE_STYLE('',#5385,POSITIVE_LENGTH_MEASURE(0.02),#5386);
#2882=VERTEX_POINT('',#5387);
#2883=LINE('',#5388,#5389);
#2884=CURVE_STYLE('',#5390,POSITIVE_LENGTH_MEASURE(0.02),#5391);
#2885=VERTEX_POINT('',#5392);
#2886=LINE('',#5393,#5394);
#2887=CURVE_STYLE('',#5395,POSITIVE_LENGTH_MEASURE(0.02),#5396);
#2888=VERTEX_POINT('',#5397);
#2889=LINE('',#5398,#5399);
#2890=CURVE_STYLE('',#5400,POSITIVE_LENGTH_MEASURE(0.02),#5401);
#2891=VERTEX_POINT('',#5402);
#2892=LINE('',#5403,#5404);
#2893=CURVE_STYLE('',#5405,POSITIVE_LENGTH_MEASURE(0.02),#5406);
#2894=VERTEX_POINT('',#5407);
#2895=LINE('',#5408,#5409);
#2896=CURVE_STYLE('',#5410,POSITIVE_LENGTH_MEASURE(0.02),#5411);
#2897=VERTEX_POINT('',#5412);
#2898=LINE('',#5413,#5414);
#2899=CURVE_STYLE('',#5415,POSITIVE_LENGTH_MEASURE(0.02),#5416);
#2900=VERTEX_POINT('',#5417);
#2901=LINE('',#5418,#5419);
#2902=CURVE_STYLE('',#5420,POSITIVE_LENGTH_MEASURE(0.02),#5421);
#2903=VERTEX_POINT('',#5422);
#2904=LINE('',#5423,#5424);
#2905=CURVE_STYLE('',#5425,POSITIVE_LENGTH_MEASURE(0.02),#5426);
#2906=LINE('',#5427,#5428);
#2907=CURVE_STYLE('',#5429,POSITIVE_LENGTH_MEASURE(0.02),#5430);
#2908=VERTEX_POINT('',#5431);
#2909=LINE('',#5432,#5433);
#2910=CURVE_STYLE('',#5434,POSITIVE_LENGTH_MEASURE(0.02),#5435);
#2911=VERTEX_POINT('',#5436);
#2912=LINE('',#5437,#5438);
#2913=CURVE_STYLE('',#5439,POSITIVE_LENGTH_MEASURE(0.02),#5440);
#2914=LINE('',#5441,#5442);
#2915=CURVE_STYLE('',#5443,POSITIVE_LENGTH_MEASURE(0.02),#5444);
#2916=VERTEX_POINT('',#5445);
#2917=LINE('',#5446,#5447);
#2918=CURVE_STYLE('',#5448,POSITIVE_LENGTH_MEASURE(0.02),#5449);
#2919=LINE('',#5450,#5451);
#2920=CURVE_STYLE('',#5452,POSITIVE_LENGTH_MEASURE(0.02),#5453);
#2921=VERTEX_POINT('',#5454);
#2922=LINE('',#5455,#5456);
#2923=CURVE_STYLE('',#5457,POSITIVE_LENGTH_MEASURE(0.02),#5458);
#2924=LINE('',#5459,#5460);
#2925=CURVE_STYLE('',#5461,POSITIVE_LENGTH_MEASURE(0.02),#5462);
#2926=VERTEX_POINT('',#5463);
#2927=LINE('',#5464,#5465);
#2928=CURVE_STYLE('',#5466,POSITIVE_LENGTH_MEASURE(0.02),#5467);
#2929=LINE('',#5468,#5469);
#2930=CURVE_STYLE('',#5470,POSITIVE_LENGTH_MEASURE(0.02),#5471);
#2931=VERTEX_POINT('',#5472);
#2932=LINE('',#5473,#5474);
#2933=CURVE_STYLE('',#5475,POSITIVE_LENGTH_MEASURE(0.02),#5476);
#2934=LINE('',#5477,#5478);
#2935=CURVE_STYLE('',#5479,POSITIVE_LENGTH_MEASURE(0.02),#5480);
#2936=VERTEX_POINT('',#5481);
#2937=LINE('',#5482,#5483);
#2938=CURVE_STYLE('',#5484,POSITIVE_LENGTH_MEASURE(0.02),#5485);
#2939=LINE('',#5486,#5487);
#2940=CURVE_STYLE('',#5488,POSITIVE_LENGTH_MEASURE(0.02),#5489);
#2941=VERTEX_POINT('',#5490);
#2942=LINE('',#5491,#5492);
#2943=CURVE_STYLE('',#5493,POSITIVE_LENGTH_MEASURE(0.02),#5494);
#2944=LINE('',#5495,#5496);
#2945=CURVE_STYLE('',#5497,POSITIVE_LENGTH_MEASURE(0.02),#5498);
#2946=VERTEX_POINT('',#5499);
#2947=LINE('',#5500,#5501);
#2948=CURVE_STYLE('',#5502,POSITIVE_LENGTH_MEASURE(0.02),#5503);
#2949=LINE('',#5504,#5505);
#2950=CURVE_STYLE('',#5506,POSITIVE_LENGTH_MEASURE(0.02),#5507);
#2951=VERTEX_POINT('',#5508);
#2952=LINE('',#5509,#5510);
#2953=CURVE_STYLE('',#5511,POSITIVE_LENGTH_MEASURE(0.02),#5512);
#2954=LINE('',#5513,#5514);
#2955=CURVE_STYLE('',#5515,POSITIVE_LENGTH_MEASURE(0.02),#5516);
#2956=VERTEX_POINT('',#5517);
#2957=LINE('',#5518,#5519);
#2958=CURVE_STYLE('',#5520,POSITIVE_LENGTH_MEASURE(0.02),#5521);
#2959=LINE('',#5522,#5523);
#2960=CURVE_STYLE('',#5524,POSITIVE_LENGTH_MEASURE(0.02),#5525);
#2961=VERTEX_POINT('',#5526);
#2962=LINE('',#5527,#5528);
#2963=CURVE_STYLE('',#5529,POSITIVE_LENGTH_MEASURE(0.02),#5530);
#2964=LINE('',#5531,#5532);
#2965=CURVE_STYLE('',#5533,POSITIVE_LENGTH_MEASURE(0.02),#5534);
#2966=VERTEX_POINT('',#5535);
#2967=LINE('',#5536,#5537);
#2968=CURVE_STYLE('',#5538,POSITIVE_LENGTH_MEASURE(0.02),#5539);
#2969=LINE('',#5540,#5541);
#2970=CURVE_STYLE('',#5542,POSITIVE_LENGTH_MEASURE(0.02),#5543);
#2971=VERTEX_POINT('',#5544);
#2972=LINE('',#5545,#5546);
#2973=CURVE_STYLE('',#5547,POSITIVE_LENGTH_MEASURE(0.02),#5548);
#2974=LINE('',#5549,#5550);
#2975=CURVE_STYLE('',#5551,POSITIVE_LENGTH_MEASURE(0.02),#5552);
#2976=VERTEX_POINT('',#5553);
#2977=LINE('',#5554,#5555);
#2978=CURVE_STYLE('',#5556,POSITIVE_LENGTH_MEASURE(0.02),#5557);
#2979=LINE('',#5558,#5559);
#2980=CURVE_STYLE('',#5560,POSITIVE_LENGTH_MEASURE(0.02),#5561);
#2981=VERTEX_POINT('',#5562);
#2982=LINE('',#5563,#5564);
#2983=CURVE_STYLE('',#5565,POSITIVE_LENGTH_MEASURE(0.02),#5566);
#2984=LINE('',#5567,#5568);
#2985=CURVE_STYLE('',#5569,POSITIVE_LENGTH_MEASURE(0.02),#5570);
#2986=VERTEX_POINT('',#5571);
#2987=LINE('',#5572,#5573);
#2988=CURVE_STYLE('',#5574,POSITIVE_LENGTH_MEASURE(0.02),#5575);
#2989=LINE('',#5576,#5577);
#2990=CURVE_STYLE('',#5578,POSITIVE_LENGTH_MEASURE(0.02),#5579);
#2991=VERTEX_POINT('',#5580);
#2992=LINE('',#5581,#5582);
#2993=CURVE_STYLE('',#5583,POSITIVE_LENGTH_MEASURE(0.02),#5584);
#2994=LINE('',#5585,#5586);
#2995=CURVE_STYLE('',#5587,POSITIVE_LENGTH_MEASURE(0.02),#5588);
#2996=VERTEX_POINT('',#5589);
#2997=LINE('',#5590,#5591);
#2998=CURVE_STYLE('',#5592,POSITIVE_LENGTH_MEASURE(0.02),#5593);
#2999=LINE('',#5594,#5595);
#3000=CURVE_STYLE('',#5596,POSITIVE_LENGTH_MEASURE(0.02),#5597);
#3001=LINE('',#5598,#5599);
#3002=SURFACE_STYLE_USAGE(.BOTH.,#5600);
#3003=CLOSED_SHELL('',(#5601,#5602,#5603,#5604,#5605,#5606,#5607,#5608,#5609,#5610,#5611,#5612,#5613,#5614,#5615,#5616,#5617,#5618,#5619,#5620,#5621));
#3004=CURVE_STYLE('',#5622,POSITIVE_LENGTH_MEASURE(0.02),#5623);
#3005=VERTEX_POINT('',#5624);
#3006=VERTEX_POINT('',#5625);
#3007=LINE('',#5626,#5627);
#3008=CURVE_STYLE('',#5628,POSITIVE_LENGTH_MEASURE(0.02),#5629);
#3009=VERTEX_POINT('',#5630);
#3010=LINE('',#5631,#5632);
#3011=CURVE_STYLE('',#5633,POSITIVE_LENGTH_MEASURE(0.02),#5634);
#3012=VERTEX_POINT('',#5635);
#3013=LINE('',#5636,#5637);
#3014=CURVE_STYLE('',#5638,POSITIVE_LENGTH_MEASURE(0.02),#5639);
#3015=VERTEX_POINT('',#5640);
#3016=LINE('',#5641,#5642);
#3017=CURVE_STYLE('',#5643,POSITIVE_LENGTH_MEASURE(0.02),#5644);
#3018=VERTEX_POINT('',#5645);
#3019=LINE('',#5646,#5647);
#3020=CURVE_STYLE('',#5648,POSITIVE_LENGTH_MEASURE(0.02),#5649);
#3021=VERTEX_POINT('',#5650);
#3022=LINE('',#5651,#5652);
#3023=CURVE_STYLE('',#5653,POSITIVE_LENGTH_MEASURE(0.02),#5654);
#3024=VERTEX_POINT('',#5655);
#3025=LINE('',#5656,#5657);
#3026=CURVE_STYLE('',#5658,POSITIVE_LENGTH_MEASURE(0.02),#5659);
#3027=VERTEX_POINT('',#5660);
#3028=LINE('',#5661,#5662);
#3029=CURVE_STYLE('',#5663,POSITIVE_LENGTH_MEASURE(0.02),#5664);
#3030=VERTEX_POINT('',#5665);
#3031=LINE('',#5666,#5667);
#3032=CURVE_STYLE('',#5668,POSITIVE_LENGTH_MEASURE(0.02),#5669);
#3033=VERTEX_POINT('',#5670);
#3034=LINE('',#5671,#5672);
#3035=CURVE_STYLE('',#5673,POSITIVE_LENGTH_MEASURE(0.02),#5674);
#3036=VERTEX_POINT('',#5675);
#3037=LINE('',#5676,#5677);
#3038=CURVE_STYLE('',#5678,POSITIVE_LENGTH_MEASURE(0.02),#5679);
#3039=VERTEX_POINT('',#5680);
#3040=LINE('',#5681,#5682);
#3041=CURVE_STYLE('',#5683,POSITIVE_LENGTH_MEASURE(0.02),#5684);
#3042=VERTEX_POINT('',#5685);
#3043=LINE('',#5686,#5687);
#3044=CURVE_STYLE('',#5688,POSITIVE_LENGTH_MEASURE(0.02),#5689);
#3045=VERTEX_POINT('',#5690);
#3046=LINE('',#5691,#5692);
#3047=CURVE_STYLE('',#5693,POSITIVE_LENGTH_MEASURE(0.02),#5694);
#3048=VERTEX_POINT('',#5695);
#3049=LINE('',#5696,#5697);
#3050=CURVE_STYLE('',#5698,POSITIVE_LENGTH_MEASURE(0.02),#5699);
#3051=VERTEX_POINT('',#5700);
#3052=LINE('',#5701,#5702);
#3053=CURVE_STYLE('',#5703,POSITIVE_LENGTH_MEASURE(0.02),#5704);
#3054=VERTEX_POINT('',#5705);
#3055=LINE('',#5706,#5707);
#3056=CURVE_STYLE('',#5708,POSITIVE_LENGTH_MEASURE(0.02),#5709);
#3057=VERTEX_POINT('',#5710);
#3058=LINE('',#5711,#5712);
#3059=CURVE_STYLE('',#5713,POSITIVE_LENGTH_MEASURE(0.02),#5714);
#3060=LINE('',#5715,#5716);
#3061=CURVE_STYLE('',#5717,POSITIVE_LENGTH_MEASURE(0.02),#5718);
#3062=VERTEX_POINT('',#5719);
#3063=LINE('',#5720,#5721);
#3064=CURVE_STYLE('',#5722,POSITIVE_LENGTH_MEASURE(0.02),#5723);
#3065=VERTEX_POINT('',#5724);
#3066=LINE('',#5725,#5726);
#3067=CURVE_STYLE('',#5727,POSITIVE_LENGTH_MEASURE(0.02),#5728);
#3068=LINE('',#5729,#5730);
#3069=CURVE_STYLE('',#5731,POSITIVE_LENGTH_MEASURE(0.02),#5732);
#3070=VERTEX_POINT('',#5733);
#3071=LINE('',#5734,#5735);
#3072=CURVE_STYLE('',#5736,POSITIVE_LENGTH_MEASURE(0.02),#5737);
#3073=LINE('',#5738,#5739);
#3074=CURVE_STYLE('',#5740,POSITIVE_LENGTH_MEASURE(0.02),#5741);
#3075=VERTEX_POINT('',#5742);
#3076=LINE('',#5743,#5744);
#3077=CURVE_STYLE('',#5745,POSITIVE_LENGTH_MEASURE(0.02),#5746);
#3078=LINE('',#5747,#5748);
#3079=CURVE_STYLE('',#5749,POSITIVE_LENGTH_MEASURE(0.02),#5750);
#3080=VERTEX_POINT('',#5751);
#3081=LINE('',#5752,#5753);
#3082=CURVE_STYLE('',#5754,POSITIVE_LENGTH_MEASURE(0.02),#5755);
#3083=LINE('',#5756,#5757);
#3084=CURVE_STYLE('',#5758,POSITIVE_LENGTH_MEASURE(0.02),#5759);
#3085=VERTEX_POINT('',#5760);
#3086=LINE('',#5761,#5762);
#3087=CURVE_STYLE('',#5763,POSITIVE_LENGTH_MEASURE(0.02),#5764);
#3088=LINE('',#5765,#5766);
#3089=CURVE_STYLE('',#5767,POSITIVE_LENGTH_MEASURE(0.02),#5768);
#3090=VERTEX_POINT('',#5769);
#3091=LINE('',#5770,#5771);
#3092=CURVE_STYLE('',#5772,POSITIVE_LENGTH_MEASURE(0.02),#5773);
#3093=LINE('',#5774,#5775);
#3094=CURVE_STYLE('',#5776,POSITIVE_LENGTH_MEASURE(0.02),#5777);
#3095=VERTEX_POINT('',#5778);
#3096=LINE('',#5779,#5780);
#3097=CURVE_STYLE('',#5781,POSITIVE_LENGTH_MEASURE(0.02),#5782);
#3098=LINE('',#5783,#5784);
#3099=CURVE_STYLE('',#5785,POSITIVE_LENGTH_MEASURE(0.02),#5786);
#3100=VERTEX_POINT('',#5787);
#3101=LINE('',#5788,#5789);
#3102=CURVE_STYLE('',#5790,POSITIVE_LENGTH_MEASURE(0.02),#5791);
#3103=LINE('',#5792,#5793);
#3104=CURVE_STYLE('',#5794,POSITIVE_LENGTH_MEASURE(0.02),#5795);
#3105=VERTEX_POINT('',#5796);
#3106=LINE('',#5797,#5798);
#3107=CURVE_STYLE('',#5799,POSITIVE_LENGTH_MEASURE(0.02),#5800);
#3108=LINE('',#5801,#5802);
#3109=CURVE_STYLE('',#5803,POSITIVE_LENGTH_MEASURE(0.02),#5804);
#3110=VERTEX_POINT('',#5805);
#3111=LINE('',#5806,#5807);
#3112=CURVE_STYLE('',#5808,POSITIVE_LENGTH_MEASURE(0.02),#5809);
#3113=LINE('',#5810,#5811);
#3114=CURVE_STYLE('',#5812,POSITIVE_LENGTH_MEASURE(0.02),#5813);
#3115=VERTEX_POINT('',#5814);
#3116=LINE('',#5815,#5816);
#3117=CURVE_STYLE('',#5817,POSITIVE_LENGTH_MEASURE(0.02),#5818);
#3118=LINE('',#5819,#5820);
#3119=CURVE_STYLE('',#5821,POSITIVE_LENGTH_MEASURE(0.02),#5822);
#3120=VERTEX_POINT('',#5823);
#3121=LINE('',#5824,#5825);
#3122=CURVE_STYLE('',#5826,POSITIVE_LENGTH_MEASURE(0.02),#5827);
#3123=LINE('',#5828,#5829);
#3124=CURVE_STYLE('',#5830,POSITIVE_LENGTH_MEASURE(0.02),#5831);
#3125=VERTEX_POINT('',#5832);
#3126=LINE('',#5833,#5834);
#3127=CURVE_STYLE('',#5835,POSITIVE_LENGTH_MEASURE(0.02),#5836);
#3128=LINE('',#5837,#5838);
#3129=CURVE_STYLE('',#5839,POSITIVE_LENGTH_MEASURE(0.02),#5840);
#3130=VERTEX_POINT('',#5841);
#3131=LINE('',#5842,#5843);
#3132=CURVE_STYLE('',#5844,POSITIVE_LENGTH_MEASURE(0.02),#5845);
#3133=LINE('',#5846,#5847);
#3134=CURVE_STYLE('',#5848,POSITIVE_LENGTH_MEASURE(0.02),#5849);
#3135=VERTEX_POINT('',#5850);
#3136=LINE('',#5851,#5852);
#3137=CURVE_STYLE('',#5853,POSITIVE_LENGTH_MEASURE(0.02),#5854);
#3138=LINE('',#5855,#5856);
#3139=CURVE_STYLE('',#5857,POSITIVE_LENGTH_MEASURE(0.02),#5858);
#3140=VERTEX_POINT('',#5859);
#3141=LINE('',#5860,#5861);
#3142=CURVE_STYLE('',#5862,POSITIVE_LENGTH_MEASURE(0.02),#5863);
#3143=LINE('',#5864,#5865);
#3144=CURVE_STYLE('',#5866,POSITIVE_LENGTH_MEASURE(0.02),#5867);
#3145=VERTEX_POINT('',#5868);
#3146=LINE('',#5869,#5870);
#3147=CURVE_STYLE('',#5871,POSITIVE_LENGTH_MEASURE(0.02),#5872);
#3148=LINE('',#5873,#5874);
#3149=CURVE_STYLE('',#5875,POSITIVE_LENGTH_MEASURE(0.02),#5876);
#3150=VERTEX_POINT('',#5877);
#3151=LINE('',#5878,#5879);
#3152=CURVE_STYLE('',#5880,POSITIVE_LENGTH_MEASURE(0.02),#5881);
#3153=LINE('',#5882,#5883);
#3154=CURVE_STYLE('',#5884,POSITIVE_LENGTH_MEASURE(0.02),#5885);
#3155=LINE('',#5886,#5887);
#3156=SURFACE_STYLE_USAGE(.BOTH.,#5888);
#3157=CLOSED_SHELL('',(#5889,#5890,#5891,#5892,#5893,#5894,#5895,#5896,#5897,#5898,#5899,#5900,#5901,#5902,#5903,#5904,#5905,#5906,#5907,#5908,#5909));
#3158=CURVE_STYLE('',#5910,POSITIVE_LENGTH_MEASURE(0.02),#5911);
#3159=VERTEX_POINT('',#5912);
#3160=VERTEX_POINT('',#5913);
#3161=LINE('',#5914,#5915);
#3162=CURVE_STYLE('',#5916,POSITIVE_LENGTH_MEASURE(0.02),#5917);
#3163=VERTEX_POINT('',#5918);
#3164=LINE('',#5919,#5920);
#3165=CURVE_STYLE('',#5921,POSITIVE_LENGTH_MEASURE(0.02),#5922);
#3166=VERTEX_POINT('',#5923);
#3167=LINE('',#5924,#5925);
#3168=CURVE_STYLE('',#5926,POSITIVE_LENGTH_MEASURE(0.02),#5927);
#3169=VERTEX_POINT('',#5928);
#3170=LINE('',#5929,#5930);
#3171=CURVE_STYLE('',#5931,POSITIVE_LENGTH_MEASURE(0.02),#5932);
#3172=VERTEX_POINT('',#5933);
#3173=LINE('',#5934,#5935);
#3174=CURVE_STYLE('',#5936,POSITIVE_LENGTH_MEASURE(0.02),#5937);
#3175=VERTEX_POINT('',#5938);
#3176=LINE('',#5939,#5940);
#3177=CURVE_STYLE('',#5941,POSITIVE_LENGTH_MEASURE(0.02),#5942);
#3178=VERTEX_POINT('',#5943);
#3179=LINE('',#5944,#5945);
#3180=CURVE_STYLE('',#5946,POSITIVE_LENGTH_MEASURE(0.02),#5947);
#3181=VERTEX_POINT('',#5948);
#3182=LINE('',#5949,#5950);
#3183=CURVE_STYLE('',#5951,POSITIVE_LENGTH_MEASURE(0.02),#5952);
#3184=VERTEX_POINT('',#5953);
#3185=LINE('',#5954,#5955);
#3186=CURVE_STYLE('',#5956,POSITIVE_LENGTH_MEASURE(0.02),#5957);
#3187=VERTEX_POINT('',#5958);
#3188=LINE('',#5959,#5960);
#3189=CURVE_STYLE('',#5961,POSITIVE_LENGTH_MEASURE(0.02),#5962);
#3190=VERTEX_POINT('',#5963);
#3191=LINE('',#5964,#5965);
#3192=CURVE_STYLE('',#5966,POSITIVE_LENGTH_MEASURE(0.02),#5967);
#3193=VERTEX_POINT('',#5968);
#3194=LINE('',#5969,#5970);
#3195=CURVE_STYLE('',#5971,POSITIVE_LENGTH_MEASURE(0.02),#5972);
#3196=VERTEX_POINT('',#5973);
#3197=LINE('',#5974,#5975);
#3198=CURVE_STYLE('',#5976,POSITIVE_LENGTH_MEASURE(0.02),#5977);
#3199=VERTEX_POINT('',#5978);
#3200=LINE('',#5979,#5980);
#3201=CURVE_STYLE('',#5981,POSITIVE_LENGTH_MEASURE(0.02),#5982);
#3202=VERTEX_POINT('',#5983);
#3203=LINE('',#5984,#5985);
#3204=CURVE_STYLE('',#5986,POSITIVE_LENGTH_MEASURE(0.02),#5987);
#3205=VERTEX_POINT('',#5988);
#3206=LINE('',#5989,#5990);
#3207=CURVE_STYLE('',#5991,POSITIVE_LENGTH_MEASURE(0.02),#5992);
#3208=VERTEX_POINT('',#5993);
#3209=LINE('',#5994,#5995);
#3210=CURVE_STYLE('',#5996,POSITIVE_LENGTH_MEASURE(0.02),#5997);
#3211=VERTEX_POINT('',#5998);
#3212=LINE('',#5999,#6000);
#3213=CURVE_STYLE('',#6001,POSITIVE_LENGTH_MEASURE(0.02),#6002);
#3214=LINE('',#6003,#6004);
#3215=CURVE_STYLE('',#6005,POSITIVE_LENGTH_MEASURE(0.02),#6006);
#3216=VERTEX_POINT('',#6007);
#3217=LINE('',#6008,#6009);
#3218=CURVE_STYLE('',#6010,POSITIVE_LENGTH_MEASURE(0.02),#6011);
#3219=VERTEX_POINT('',#6012);
#3220=LINE('',#6013,#6014);
#3221=CURVE_STYLE('',#6015,POSITIVE_LENGTH_MEASURE(0.02),#6016);
#3222=LINE('',#6017,#6018);
#3223=CURVE_STYLE('',#6019,POSITIVE_LENGTH_MEASURE(0.02),#6020);
#3224=VERTEX_POINT('',#6021);
#3225=LINE('',#6022,#6023);
#3226=CURVE_STYLE('',#6024,POSITIVE_LENGTH_MEASURE(0.02),#6025);
#3227=LINE('',#6026,#6027);
#3228=CURVE_STYLE('',#6028,POSITIVE_LENGTH_MEASURE(0.02),#6029);
#3229=VERTEX_POINT('',#6030);
#3230=LINE('',#6031,#6032);
#3231=CURVE_STYLE('',#6033,POSITIVE_LENGTH_MEASURE(0.02),#6034);
#3232=LINE('',#6035,#6036);
#3233=CURVE_STYLE('',#6037,POSITIVE_LENGTH_MEASURE(0.02),#6038);
#3234=VERTEX_POINT('',#6039);
#3235=LINE('',#6040,#6041);
#3236=CURVE_STYLE('',#6042,POSITIVE_LENGTH_MEASURE(0.02),#6043);
#3237=LINE('',#6044,#6045);
#3238=CURVE_STYLE('',#6046,POSITIVE_LENGTH_MEASURE(0.02),#6047);
#3239=VERTEX_POINT('',#6048);
#3240=LINE('',#6049,#6050);
#3241=CURVE_STYLE('',#6051,POSITIVE_LENGTH_MEASURE(0.02),#6052);
#3242=LINE('',#6053,#6054);
#3243=CURVE_STYLE('',#6055,POSITIVE_LENGTH_MEASURE(0.02),#6056);
#3244=VERTEX_POINT('',#6057);
#3245=LINE('',#6058,#6059);
#3246=CURVE_STYLE('',#6060,POSITIVE_LENGTH_MEASURE(0.02),#6061);
#3247=LINE('',#6062,#6063);
#3248=CURVE_STYLE('',#6064,POSITIVE_LENGTH_MEASURE(0.02),#6065);
#3249=VERTEX_POINT('',#6066);
#3250=LINE('',#6067,#6068);
#3251=CURVE_STYLE('',#6069,POSITIVE_LENGTH_MEASURE(0.02),#6070);
#3252=LINE('',#6071,#6072);
#3253=CURVE_STYLE('',#6073,POSITIVE_LENGTH_MEASURE(0.02),#6074);
#3254=VERTEX_POINT('',#6075);
#3255=LINE('',#6076,#6077);
#3256=CURVE_STYLE('',#6078,POSITIVE_LENGTH_MEASURE(0.02),#6079);
#3257=LINE('',#6080,#6081);
#3258=CURVE_STYLE('',#6082,POSITIVE_LENGTH_MEASURE(0.02),#6083);
#3259=VERTEX_POINT('',#6084);
#3260=LINE('',#6085,#6086);
#3261=CURVE_STYLE('',#6087,POSITIVE_LENGTH_MEASURE(0.02),#6088);
#3262=LINE('',#6089,#6090);
#3263=CURVE_STYLE('',#6091,POSITIVE_LENGTH_MEASURE(0.02),#6092);
#3264=VERTEX_POINT('',#6093);
#3265=LINE('',#6094,#6095);
#3266=CURVE_STYLE('',#6096,POSITIVE_LENGTH_MEASURE(0.02),#6097);
#3267=LINE('',#6098,#6099);
#3268=CURVE_STYLE('',#6100,POSITIVE_LENGTH_MEASURE(0.02),#6101);
#3269=VERTEX_POINT('',#6102);
#3270=LINE('',#6103,#6104);
#3271=CURVE_STYLE('',#6105,POSITIVE_LENGTH_MEASURE(0.02),#6106);
#3272=LINE('',#6107,#6108);
#3273=CURVE_STYLE('',#6109,POSITIVE_LENGTH_MEASURE(0.02),#6110);
#3274=VERTEX_POINT('',#6111);
#3275=LINE('',#6112,#6113);
#3276=CURVE_STYLE('',#6114,POSITIVE_LENGTH_MEASURE(0.02),#6115);
#3277=LINE('',#6116,#6117);
#3278=CURVE_STYLE('',#6118,POSITIVE_LENGTH_MEASURE(0.02),#6119);
#3279=VERTEX_POINT('',#6120);
#3280=LINE('',#6121,#6122);
#3281=CURVE_STYLE('',#6123,POSITIVE_LENGTH_MEASURE(0.02),#6124);
#3282=LINE('',#6125,#6126);
#3283=CURVE_STYLE('',#6127,POSITIVE_LENGTH_MEASURE(0.02),#6128);
#3284=VERTEX_POINT('',#6129);
#3285=LINE('',#6130,#6131);
#3286=CURVE_STYLE('',#6132,POSITIVE_LENGTH_MEASURE(0.02),#6133);
#3287=LINE('',#6134,#6135);
#3288=CURVE_STYLE('',#6136,POSITIVE_LENGTH_MEASURE(0.02),#6137);
#3289=VERTEX_POINT('',#6138);
#3290=LINE('',#6139,#6140);
#3291=CURVE_STYLE('',#6141,POSITIVE_LENGTH_MEASURE(0.02),#6142);
#3292=LINE('',#6143,#6144);
#3293=CURVE_STYLE('',#6145,POSITIVE_LENGTH_MEASURE(0.02),#6146);
#3294=VERTEX_POINT('',#6147);
#3295=LINE('',#6148,#6149);
#3296=CURVE_STYLE('',#6150,POSITIVE_LENGTH_MEASURE(0.02),#6151);
#3297=LINE('',#6152,#6153);
#3298=CURVE_STYLE('',#6154,POSITIVE_LENGTH_MEASURE(0.02),#6155);
#3299=VERTEX_POINT('',#6156);
#3300=LINE('',#6157,#6158);
#3301=CURVE_STYLE('',#6159,POSITIVE_LENGTH_MEASURE(0.02),#6160);
#3302=LINE('',#6161,#6162);
#3303=CURVE_STYLE('',#6163,POSITIVE_LENGTH_MEASURE(0.02),#6164);
#3304=VERTEX_POINT('',#6165);
#3305=LINE('',#6166,#6167);
#3306=CURVE_STYLE('',#6168,POSITIVE_LENGTH_MEASURE(0.02),#6169);
#3307=LINE('',#6170,#6171);
#3308=CURVE_STYLE('',#6172,POSITIVE_LENGTH_MEASURE(0.02),#6173);
#3309=LINE('',#6174,#6175);
#3310=SURFACE_STYLE_USAGE(.BOTH.,#6176);
#3311=CLOSED_SHELL('',(#6177,#6178,#6179,#6180,#6181,#6182,#6183,#6184,#6185,#6186,#6187,#6188,#6189,#6190,#6191,#6192,#6193,#6194,#6195,#6196,#6197));
#3312=CURVE_STYLE('',#6198,POSITIVE_LENGTH_MEASURE(0.02),#6199);
#3313=VERTEX_POINT('',#6200);
#3314=VERTEX_POINT('',#6201);
#3315=LINE('',#6202,#6203);
#3316=CURVE_STYLE('',#6204,POSITIVE_LENGTH_MEASURE(0.02),#6205);
#3317=VERTEX_POINT('',#6206);
#3318=LINE('',#6207,#6208);
#3319=CURVE_STYLE('',#6209,POSITIVE_LENGTH_MEASURE(0.02),#6210);
#3320=VERTEX_POINT('',#6211);
#3321=LINE('',#6212,#6213);
#3322=CURVE_STYLE('',#6214,POSITIVE_LENGTH_MEASURE(0.02),#6215);
#3323=VERTEX_POINT('',#6216);
#3324=LINE('',#6217,#6218);
#3325=CURVE_STYLE('',#6219,POSITIVE_LENGTH_MEASURE(0.02),#6220);
#3326=VERTEX_POINT('',#6221);
#3327=LINE('',#6222,#6223);
#3328=CURVE_STYLE('',#6224,POSITIVE_LENGTH_MEASURE(0.02),#6225);
#3329=VERTEX_POINT('',#6226);
#3330=LINE('',#6227,#6228);
#3331=CURVE_STYLE('',#6229,POSITIVE_LENGTH_MEASURE(0.02),#6230);
#3332=VERTEX_POINT('',#6231);
#3333=LINE('',#6232,#6233);
#3334=CURVE_STYLE('',#6234,POSITIVE_LENGTH_MEASURE(0.02),#6235);
#3335=VERTEX_POINT('',#6236);
#3336=LINE('',#6237,#6238);
#3337=CURVE_STYLE('',#6239,POSITIVE_LENGTH_MEASURE(0.02),#6240);
#3338=VERTEX_POINT('',#6241);
#3339=LINE('',#6242,#6243);
#3340=CURVE_STYLE('',#6244,POSITIVE_LENGTH_MEASURE(0.02),#6245);
#3341=VERTEX_POINT('',#6246);
#3342=LINE('',#6247,#6248);
#3343=CURVE_STYLE('',#6249,POSITIVE_LENGTH_MEASURE(0.02),#6250);
#3344=VERTEX_POINT('',#6251);
#3345=LINE('',#6252,#6253);
#3346=CURVE_STYLE('',#6254,POSITIVE_LENGTH_MEASURE(0.02),#6255);
#3347=VERTEX_POINT('',#6256);
#3348=LINE('',#6257,#6258);
#3349=CURVE_STYLE('',#6259,POSITIVE_LENGTH_MEASURE(0.02),#6260);
#3350=VERTEX_POINT('',#6261);
#3351=LINE('',#6262,#6263);
#3352=CURVE_STYLE('',#6264,POSITIVE_LENGTH_MEASURE(0.02),#6265);
#3353=VERTEX_POINT('',#6266);
#3354=LINE('',#6267,#6268);
#3355=CURVE_STYLE('',#6269,POSITIVE_LENGTH_MEASURE(0.02),#6270);
#3356=VERTEX_POINT('',#6271);
#3357=LINE('',#6272,#6273);
#3358=CURVE_STYLE('',#6274,POSITIVE_LENGTH_MEASURE(0.02),#6275);
#3359=VERTEX_POINT('',#6276);
#3360=LINE('',#6277,#6278);
#3361=CURVE_STYLE('',#6279,POSITIVE_LENGTH_MEASURE(0.02),#6280);
#3362=VERTEX_POINT('',#6281);
#3363=LINE('',#6282,#6283);
#3364=CURVE_STYLE('',#6284,POSITIVE_LENGTH_MEASURE(0.02),#6285);
#3365=LINE('',#6286,#6287);
#3366=CURVE_STYLE('',#6288,POSITIVE_LENGTH_MEASURE(0.02),#6289);
#3367=VERTEX_POINT('',#6290);
#3368=LINE('',#6291,#6292);
#3369=CURVE_STYLE('',#6293,POSITIVE_LENGTH_MEASURE(0.02),#6294);
#3370=VERTEX_POINT('',#6295);
#3371=LINE('',#6296,#6297);
#3372=CURVE_STYLE('',#6298,POSITIVE_LENGTH_MEASURE(0.02),#6299);
#3373=LINE('',#6300,#6301);
#3374=CURVE_STYLE('',#6302,POSITIVE_LENGTH_MEASURE(0.02),#6303);
#3375=VERTEX_POINT('',#6304);
#3376=LINE('',#6305,#6306);
#3377=CURVE_STYLE('',#6307,POSITIVE_LENGTH_MEASURE(0.02),#6308);
#3378=LINE('',#6309,#6310);
#3379=CURVE_STYLE('',#6311,POSITIVE_LENGTH_MEASURE(0.02),#6312);
#3380=VERTEX_POINT('',#6313);
#3381=LINE('',#6314,#6315);
#3382=CURVE_STYLE('',#6316,POSITIVE_LENGTH_MEASURE(0.02),#6317);
#3383=LINE('',#6318,#6319);
#3384=CURVE_STYLE('',#6320,POSITIVE_LENGTH_MEASURE(0.02),#6321);
#3385=VERTEX_POINT('',#6322);
#3386=LINE('',#6323,#6324);
#3387=CURVE_STYLE('',#6325,POSITIVE_LENGTH_MEASURE(0.02),#6326);
#3388=LINE('',#6327,#6328);
#3389=CURVE_STYLE('',#6329,POSITIVE_LENGTH_MEASURE(0.02),#6330);
#3390=VERTEX_POINT('',#6331);
#3391=LINE('',#6332,#6333);
#3392=CURVE_STYLE('',#6334,POSITIVE_LENGTH_MEASURE(0.02),#6335);
#3393=LINE('',#6336,#6337);
#3394=CURVE_STYLE('',#6338,POSITIVE_LENGTH_MEASURE(0.02),#6339);
#3395=VERTEX_POINT('',#6340);
#3396=LINE('',#6341,#6342);
#3397=CURVE_STYLE('',#6343,POSITIVE_LENGTH_MEASURE(0.02),#6344);
#3398=LINE('',#6345,#6346);
#3399=CURVE_STYLE('',#6347,POSITIVE_LENGTH_MEASURE(0.02),#6348);
#3400=VERTEX_POINT('',#6349);
#3401=LINE('',#6350,#6351);
#3402=CURVE_STYLE('',#6352,POSITIVE_LENGTH_MEASURE(0.02),#6353);
#3403=LINE('',#6354,#6355);
#3404=CURVE_STYLE('',#6356,POSITIVE_LENGTH_MEASURE(0.02),#6357);
#3405=VERTEX_POINT('',#6358);
#3406=LINE('',#6359,#6360);
#3407=CURVE_STYLE('',#6361,POSITIVE_LENGTH_MEASURE(0.02),#6362);
#3408=LINE('',#6363,#6364);
#3409=CURVE_STYLE('',#6365,POSITIVE_LENGTH_MEASURE(0.02),#6366);
#3410=VERTEX_POINT('',#6367);
#3411=LINE('',#6368,#6369);
#3412=CURVE_STYLE('',#6370,POSITIVE_LENGTH_MEASURE(0.02),#6371);
#3413=LINE('',#6372,#6373);
#3414=CURVE_STYLE('',#6374,POSITIVE_LENGTH_MEASURE(0.02),#6375);
#3415=VERTEX_POINT('',#6376);
#3416=LINE('',#6377,#6378);
#3417=CURVE_STYLE('',#6379,POSITIVE_LENGTH_MEASURE(0.02),#6380);
#3418=LINE('',#6381,#6382);
#3419=CURVE_STYLE('',#6383,POSITIVE_LENGTH_MEASURE(0.02),#6384);
#3420=VERTEX_POINT('',#6385);
#3421=LINE('',#6386,#6387);
#3422=CURVE_STYLE('',#6388,POSITIVE_LENGTH_MEASURE(0.02),#6389);
#3423=LINE('',#6390,#6391);
#3424=CURVE_STYLE('',#6392,POSITIVE_LENGTH_MEASURE(0.02),#6393);
#3425=VERTEX_POINT('',#6394);
#3426=LINE('',#6395,#6396);
#3427=CURVE_STYLE('',#6397,POSITIVE_LENGTH_MEASURE(0.02),#6398);
#3428=LINE('',#6399,#6400);
#3429=CURVE_STYLE('',#6401,POSITIVE_LENGTH_MEASURE(0.02),#6402);
#3430=VERTEX_POINT('',#6403);
#3431=LINE('',#6404,#6405);
#3432=CURVE_STYLE('',#6406,POSITIVE_LENGTH_MEASURE(0.02),#6407);
#3433=LINE('',#6408,#6409);
#3434=CURVE_STYLE('',#6410,POSITIVE_LENGTH_MEASURE(0.02),#6411);
#3435=VERTEX_POINT('',#6412);
#3436=LINE('',#6413,#6414);
#3437=CURVE_STYLE('',#6415,POSITIVE_LENGTH_MEASURE(0.02),#6416);
#3438=LINE('',#6417,#6418);
#3439=CURVE_STYLE('',#6419,POSITIVE_LENGTH_MEASURE(0.02),#6420);
#3440=VERTEX_POINT('',#6421);
#3441=LINE('',#6422,#6423);
#3442=CURVE_STYLE('',#6424,POSITIVE_LENGTH_MEASURE(0.02),#6425);
#3443=LINE('',#6426,#6427);
#3444=CURVE_STYLE('',#6428,POSITIVE_LENGTH_MEASURE(0.02),#6429);
#3445=VERTEX_POINT('',#6430);
#3446=LINE('',#6431,#6432);
#3447=CURVE_STYLE('',#6433,POSITIVE_LENGTH_MEASURE(0.02),#6434);
#3448=LINE('',#6435,#6436);
#3449=CURVE_STYLE('',#6437,POSITIVE_LENGTH_MEASURE(0.02),#6438);
#3450=VERTEX_POINT('',#6439);
#3451=LINE('',#6440,#6441);
#3452=CURVE_STYLE('',#6442,POSITIVE_LENGTH_MEASURE(0.02),#6443);
#3453=LINE('',#6444,#6445);
#3454=CURVE_STYLE('',#6446,POSITIVE_LENGTH_MEASURE(0.02),#6447);
#3455=LINE('',#6448,#6449);
#3456=SURFACE_STYLE_USAGE(.BOTH.,#6450);
#3457=CLOSED_SHELL('',(#6451,#6452,#6453,#6454,#6455,#6456,#6457,#6458,#6459,#6460,#6461,#6462,#6463,#6464,#6465,#6466,#6467,#6468,#6469,#6470));
#3458=CURVE_STYLE('',#6471,POSITIVE_LENGTH_MEASURE(0.02),#6472);
#3459=VERTEX_POINT('',#6473);
#3460=VERTEX_POINT('',#6474);
#3461=LINE('',#6475,#6476);
#3462=CURVE_STYLE('',#6477,POSITIVE_LENGTH_MEASURE(0.02),#6478);
#3463=VERTEX_POINT('',#6479);
#3464=LINE('',#6480,#6481);
#3465=CURVE_STYLE('',#6482,POSITIVE_LENGTH_MEASURE(0.02),#6483);
#3466=VERTEX_POINT('',#6484);
#3467=LINE('',#6485,#6486);
#3468=CURVE_STYLE('',#6487,POSITIVE_LENGTH_MEASURE(0.02),#6488);
#3469=VERTEX_POINT('',#6489);
#3470=LINE('',#6490,#6491);
#3471=CURVE_STYLE('',#6492,POSITIVE_LENGTH_MEASURE(0.02),#6493);
#3472=VERTEX_POINT('',#6494);
#3473=LINE('',#6495,#6496);
#3474=CURVE_STYLE('',#6497,POSITIVE_LENGTH_MEASURE(0.02),#6498);
#3475=VERTEX_POINT('',#6499);
#3476=LINE('',#6500,#6501);
#3477=CURVE_STYLE('',#6502,POSITIVE_LENGTH_MEASURE(0.02),#6503);
#3478=VERTEX_POINT('',#6504);
#3479=LINE('',#6505,#6506);
#3480=CURVE_STYLE('',#6507,POSITIVE_LENGTH_MEASURE(0.02),#6508);
#3481=VERTEX_POINT('',#6509);
#3482=LINE('',#6510,#6511);
#3483=CURVE_STYLE('',#6512,POSITIVE_LENGTH_MEASURE(0.02),#6513);
#3484=VERTEX_POINT('',#6514);
#3485=LINE('',#6515,#6516);
#3486=CURVE_STYLE('',#6517,POSITIVE_LENGTH_MEASURE(0.02),#6518);
#3487=VERTEX_POINT('',#6519);
#3488=LINE('',#6520,#6521);
#3489=CURVE_STYLE('',#6522,POSITIVE_LENGTH_MEASURE(0.02),#6523);
#3490=VERTEX_POINT('',#6524);
#3491=LINE('',#6525,#6526);
#3492=CURVE_STYLE('',#6527,POSITIVE_LENGTH_MEASURE(0.02),#6528);
#3493=VERTEX_POINT('',#6529);
#3494=LINE('',#6530,#6531);
#3495=CURVE_STYLE('',#6532,POSITIVE_LENGTH_MEASURE(0.02),#6533);
#3496=VERTEX_POINT('',#6534);
#3497=LINE('',#6535,#6536);
#3498=CURVE_STYLE('',#6537,POSITIVE_LENGTH_MEASURE(0.02),#6538);
#3499=VERTEX_POINT('',#6539);
#3500=LINE('',#6540,#6541);
#3501=CURVE_STYLE('',#6542,POSITIVE_LENGTH_MEASURE(0.02),#6543);
#3502=VERTEX_POINT('',#6544);
#3503=LINE('',#6545,#6546);
#3504=CURVE_STYLE('',#6547,POSITIVE_LENGTH_MEASURE(0.02),#6548);
#3505=VERTEX_POINT('',#6549);
#3506=LINE('',#6550,#6551);
#3507=CURVE_STYLE('',#6552,POSITIVE_LENGTH_MEASURE(0.02),#6553);
#3508=VERTEX_POINT('',#6554);
#3509=LINE('',#6555,#6556);
#3510=CURVE_STYLE('',#6557,POSITIVE_LENGTH_MEASURE(0.02),#6558);
#3511=LINE('',#6559,#6560);
#3512=CURVE_STYLE('',#6561,POSITIVE_LENGTH_MEASURE(0.02),#6562);
#3513=VERTEX_POINT('',#6563);
#3514=LINE('',#6564,#6565);
#3515=CURVE_STYLE('',#6566,POSITIVE_LENGTH_MEASURE(0.02),#6567);
#3516=VERTEX_POINT('',#6568);
#3517=LINE('',#6569,#6570);
#3518=CURVE_STYLE('',#6571,POSITIVE_LENGTH_MEASURE(0.02),#6572);
#3519=LINE('',#6573,#6574);
#3520=CURVE_STYLE('',#6575,POSITIVE_LENGTH_MEASURE(0.02),#6576);
#3521=VERTEX_POINT('',#6577);
#3522=LINE('',#6578,#6579);
#3523=CURVE_STYLE('',#6580,POSITIVE_LENGTH_MEASURE(0.02),#6581);
#3524=LINE('',#6582,#6583);
#3525=CURVE_STYLE('',#6584,POSITIVE_LENGTH_MEASURE(0.02),#6585);
#3526=VERTEX_POINT('',#6586);
#3527=LINE('',#6587,#6588);
#3528=CURVE_STYLE('',#6589,POSITIVE_LENGTH_MEASURE(0.02),#6590);
#3529=LINE('',#6591,#6592);
#3530=CURVE_STYLE('',#6593,POSITIVE_LENGTH_MEASURE(0.02),#6594);
#3531=VERTEX_POINT('',#6595);
#3532=LINE('',#6596,#6597);
#3533=CURVE_STYLE('',#6598,POSITIVE_LENGTH_MEASURE(0.02),#6599);
#3534=LINE('',#6600,#6601);
#3535=CURVE_STYLE('',#6602,POSITIVE_LENGTH_MEASURE(0.02),#6603);
#3536=VERTEX_POINT('',#6604);
#3537=LINE('',#6605,#6606);
#3538=CURVE_STYLE('',#6607,POSITIVE_LENGTH_MEASURE(0.02),#6608);
#3539=LINE('',#6609,#6610);
#3540=CURVE_STYLE('',#6611,POSITIVE_LENGTH_MEASURE(0.02),#6612);
#3541=VERTEX_POINT('',#6613);
#3542=LINE('',#6614,#6615);
#3543=CURVE_STYLE('',#6616,POSITIVE_LENGTH_MEASURE(0.02),#6617);
#3544=LINE('',#6618,#6619);
#3545=CURVE_STYLE('',#6620,POSITIVE_LENGTH_MEASURE(0.02),#6621);
#3546=VERTEX_POINT('',#6622);
#3547=LINE('',#6623,#6624);
#3548=CURVE_STYLE('',#6625,POSITIVE_LENGTH_MEASURE(0.02),#6626);
#3549=LINE('',#6627,#6628);
#3550=CURVE_STYLE('',#6629,POSITIVE_LENGTH_MEASURE(0.02),#6630);
#3551=VERTEX_POINT('',#6631);
#3552=LINE('',#6632,#6633);
#3553=CURVE_STYLE('',#6634,POSITIVE_LENGTH_MEASURE(0.02),#6635);
#3554=LINE('',#6636,#6637);
#3555=CURVE_STYLE('',#6638,POSITIVE_LENGTH_MEASURE(0.02),#6639);
#3556=VERTEX_POINT('',#6640);
#3557=LINE('',#6641,#6642);
#3558=CURVE_STYLE('',#6643,POSITIVE_LENGTH_MEASURE(0.02),#6644);
#3559=LINE('',#6645,#6646);
#3560=CURVE_STYLE('',#6647,POSITIVE_LENGTH_MEASURE(0.02),#6648);
#3561=VERTEX_POINT('',#6649);
#3562=LINE('',#6650,#6651);
#3563=CURVE_STYLE('',#6652,POSITIVE_LENGTH_MEASURE(0.02),#6653);
#3564=LINE('',#6654,#6655);
#3565=CURVE_STYLE('',#6656,POSITIVE_LENGTH_MEASURE(0.02),#6657);
#3566=VERTEX_POINT('',#6658);
#3567=LINE('',#6659,#6660);
#3568=CURVE_STYLE('',#6661,POSITIVE_LENGTH_MEASURE(0.02),#6662);
#3569=LINE('',#6663,#6664);
#3570=CURVE_STYLE('',#6665,POSITIVE_LENGTH_MEASURE(0.02),#6666);
#3571=VERTEX_POINT('',#6667);
#3572=LINE('',#6668,#6669);
#3573=CURVE_STYLE('',#6670,POSITIVE_LENGTH_MEASURE(0.02),#6671);
#3574=LINE('',#6672,#6673);
#3575=CURVE_STYLE('',#6674,POSITIVE_LENGTH_MEASURE(0.02),#6675);
#3576=VERTEX_POINT('',#6676);
#3577=LINE('',#6677,#6678);
#3578=CURVE_STYLE('',#6679,POSITIVE_LENGTH_MEASURE(0.02),#6680);
#3579=LINE('',#6681,#6682);
#3580=CURVE_STYLE('',#6683,POSITIVE_LENGTH_MEASURE(0.02),#6684);
#3581=VERTEX_POINT('',#6685);
#3582=LINE('',#6686,#6687);
#3583=CURVE_STYLE('',#6688,POSITIVE_LENGTH_MEASURE(0.02),#6689);
#3584=LINE('',#6690,#6691);
#3585=CURVE_STYLE('',#6692,POSITIVE_LENGTH_MEASURE(0.02),#6693);
#3586=VERTEX_POINT('',#6694);
#3587=LINE('',#6695,#6696);
#3588=CURVE_STYLE('',#6697,POSITIVE_LENGTH_MEASURE(0.02),#6698);
#3589=LINE('',#6699,#6700);
#3590=CURVE_STYLE('',#6701,POSITIVE_LENGTH_MEASURE(0.02),#6702);
#3591=VERTEX_POINT('',#6703);
#3592=LINE('',#6704,#6705);
#3593=CURVE_STYLE('',#6706,POSITIVE_LENGTH_MEASURE(0.02),#6707);
#3594=LINE('',#6708,#6709);
#3595=CURVE_STYLE('',#6710,POSITIVE_LENGTH_MEASURE(0.02),#6711);
#3596=VERTEX_POINT('',#6712);
#3597=LINE('',#6713,#6714);
#3598=CURVE_STYLE('',#6715,POSITIVE_LENGTH_MEASURE(0.02),#6716);
#3599=LINE('',#6717,#6718);
#3600=CURVE_STYLE('',#6719,POSITIVE_LENGTH_MEASURE(0.02),#6720);
#3601=LINE('',#6721,#6722);
#3602=SURFACE_STYLE_USAGE(.BOTH.,#6723);
#3603=CLOSED_SHELL('',(#6724,#6725,#6726,#6727,#6728,#6729,#6730,#6731,#6732,#6733,#6734,#6735,#6736,#6737,#6738,#6739,#6740,#6741,#6742,#6743));
#3604=PRODUCT_CONTEXT('',#643,'mechanical');
#3605=PRODUCT_DEFINITION_FORMATION_WITH_SPECIFIED_SOURCE(' ','NONE',#1917,.NOT_KNOWN.);
#3606=CARTESIAN_POINT('',(0.0,0.0,0.0));
#3607=DIRECTION('',(0.0,0.0,1.0));
#3608=DIRECTION('',(1.0,0.0,0.0));
#3609=CARTESIAN_POINT('',(0.0,0.0,0.0));
#3610=DIRECTION('',(0.0,0.0,1.0));
#3611=DIRECTION('',(1.0,0.0,0.0));
#3612=CARTESIAN_POINT('',(0.0,0.0,0.0));
#3613=DIRECTION('',(0.0,0.0,1.0));
#3614=DIRECTION('',(1.0,0.0,0.0));
#3615=CARTESIAN_POINT('',(0.0,0.0,0.0));
#3616=DIRECTION('',(0.0,0.0,1.0));
#3617=DIRECTION('',(1.0,0.0,0.0));
#3618=CARTESIAN_POINT('',(0.0,0.0,0.0));
#3619=DIRECTION('',(0.0,0.0,1.0));
#3620=DIRECTION('',(1.0,0.0,0.0));
#3621=CARTESIAN_POINT('',(0.0,0.0,0.0));
#3622=DIRECTION('',(0.0,0.0,1.0));
#3623=DIRECTION('',(1.0,0.0,0.0));
#3624= (NAMED_UNIT(#1930)LENGTH_UNIT()SI_UNIT(.MILLI.,.METRE.));
#3625=DRAUGHTING_PRE_DEFINED_CURVE_FONT('continuous');
#3626=COLOUR_RGB('',0.97486799955368,1.0,0.854254007339478);
#3627=CARTESIAN_POINT('',(-2.5,0.0,1.925));
#3628=CARTESIAN_POINT('',(-1.31,0.0,1.925));
#3629=CARTESIAN_POINT('',(-2.5,0.0,1.925));
#3630=VECTOR('',#6745,1.19);
#3631=DRAUGHTING_PRE_DEFINED_CURVE_FONT('continuous');
#3632=COLOUR_RGB('',0.97486799955368,1.0,0.854254007339478);
#3633=CARTESIAN_POINT('',(-2.5,0.0,0.675));
#3634=CARTESIAN_POINT('',(-2.5,0.0,0.675));
#3635=VECTOR('',#6746,1.25);
#3636=DRAUGHTING_PRE_DEFINED_CURVE_FONT('continuous');
#3637=COLOUR_RGB('',0.97486799955368,1.0,0.854254007339478);
#3638=CARTESIAN_POINT('',(-2.225,0.0,0.675));
#3639=CARTESIAN_POINT('',(-2.5,0.0,0.675));
#3640=VECTOR('',#6747,0.275);
#3641=DRAUGHTING_PRE_DEFINED_CURVE_FONT('continuous');
#3642=COLOUR_RGB('',0.97486799955368,1.0,0.854254007339478);
#3643=CARTESIAN_POINT('',(-2.225,0.0,1.725));
#3644=CARTESIAN_POINT('',(-2.225,0.0,1.725));
#3645=VECTOR('',#6748,1.05);
#3646=DRAUGHTING_PRE_DEFINED_CURVE_FONT('continuous');
#3647=COLOUR_RGB('',0.97486799955368,1.0,0.854254007339478);
#3648=CARTESIAN_POINT('',(-2.025,0.0,1.725));
#3649=CARTESIAN_POINT('',(-2.025,0.0,1.725));
#3650=VECTOR('',#6749,0.2);
#3651=DRAUGHTING_PRE_DEFINED_CURVE_FONT('continuous');
#3652=COLOUR_RGB('',0.97486799955368,1.0,0.854254007339478);
#3653=CARTESIAN_POINT('',(-2.025,0.0,-0.675));
#3654=CARTESIAN_POINT('',(-2.025,0.0,1.725));
#3655=VECTOR('',#6750,2.4);
#3656=DRAUGHTING_PRE_DEFINED_CURVE_FONT('continuous');
#3657=COLOUR_RGB('',0.97486799955368,1.0,0.854254007339478);
#3658=CARTESIAN_POINT('',(-1.31,0.0,-0.675));
#3659=CARTESIAN_POINT('',(-2.025,0.0,-0.675));
#3660=VECTOR('',#6751,0.715);
#3661=DRAUGHTING_PRE_DEFINED_CURVE_FONT('continuous');
#3662=COLOUR_RGB('',0.97486799955368,1.0,0.854254007339478);
#3663=CARTESIAN_POINT('',(-1.31,0.0,-0.675));
#3664=VECTOR('',#6752,2.6);
#3665=DRAUGHTING_PRE_DEFINED_CURVE_FONT('continuous');
#3666=COLOUR_RGB('',0.97486799955368,1.0,0.854254007339478);
#3667=CARTESIAN_POINT('',(-0.69,0.0,1.925));
#3668=CARTESIAN_POINT('',(-0.31,0.0,1.925));
#3669=CARTESIAN_POINT('',(-0.69,0.0,1.925));
#3670=VECTOR('',#6753,0.38);
#3671=DRAUGHTING_PRE_DEFINED_CURVE_FONT('continuous');
#3672=COLOUR_RGB('',0.97486799955368,1.0,0.854254007339478);
#3673=CARTESIAN_POINT('',(-0.69,0.0,-0.675));
#3674=CARTESIAN_POINT('',(-0.69,0.0,1.925));
#3675=VECTOR('',#6754,2.6);
#3676=DRAUGHTING_PRE_DEFINED_CURVE_FONT('continuous');
#3677=COLOUR_RGB('',0.97486799955368,1.0,0.854254007339478);
#3678=CARTESIAN_POINT('',(-0.31,0.0,-0.675));
#3679=CARTESIAN_POINT('',(-0.69,0.0,-0.675));
#3680=VECTOR('',#6755,0.38);
#3681=DRAUGHTING_PRE_DEFINED_CURVE_FONT('continuous');
#3682=COLOUR_RGB('',0.97486799955368,1.0,0.854254007339478);
#3683=CARTESIAN_POINT('',(-0.31,0.0,-0.675));
#3684=VECTOR('',#6756,2.6);
#3685=DRAUGHTING_PRE_DEFINED_CURVE_FONT('continuous');
#3686=COLOUR_RGB('',0.97486799955368,1.0,0.854254007339478);
#3687=CARTESIAN_POINT('',(1.31,0.0,-0.675));
#3688=CARTESIAN_POINT('',(2.025,0.0,-0.675));
#3689=CARTESIAN_POINT('',(1.31,0.0,-0.675));
#3690=VECTOR('',#6757,0.715);
#3691=DRAUGHTING_PRE_DEFINED_CURVE_FONT('continuous');
#3692=COLOUR_RGB('',0.97486799955368,1.0,0.854254007339478);
#3693=CARTESIAN_POINT('',(2.025,0.0,1.725));
#3694=CARTESIAN_POINT('',(2.025,0.0,-0.675));
#3695=VECTOR('',#6758,2.4);
#3696=DRAUGHTING_PRE_DEFINED_CURVE_FONT('continuous');
#3697=COLOUR_RGB('',0.97486799955368,1.0,0.854254007339478);
#3698=CARTESIAN_POINT('',(2.225,0.0,1.725));
#3699=CARTESIAN_POINT('',(2.025,0.0,1.725));
#3700=VECTOR('',#6759,0.2);
#3701=DRAUGHTING_PRE_DEFINED_CURVE_FONT('continuous');
#3702=COLOUR_RGB('',0.97486799955368,1.0,0.854254007339478);
#3703=CARTESIAN_POINT('',(2.225,0.0,0.675));
#3704=CARTESIAN_POINT('',(2.225,0.0,1.725));
#3705=VECTOR('',#6760,1.05);
#3706=DRAUGHTING_PRE_DEFINED_CURVE_FONT('continuous');
#3707=COLOUR_RGB('',0.97486799955368,1.0,0.854254007339478);
#3708=CARTESIAN_POINT('',(2.5,0.0,0.675));
#3709=CARTESIAN_POINT('',(2.5,0.0,0.675));
#3710=VECTOR('',#6761,0.275);
#3711=DRAUGHTING_PRE_DEFINED_CURVE_FONT('continuous');
#3712=COLOUR_RGB('',0.97486799955368,1.0,0.854254007339478);
#3713=CARTESIAN_POINT('',(2.5,0.0,1.925));
#3714=CARTESIAN_POINT('',(2.5,0.0,1.925));
#3715=VECTOR('',#6762,1.25);
#3716=DRAUGHTING_PRE_DEFINED_CURVE_FONT('continuous');
#3717=COLOUR_RGB('',0.97486799955368,1.0,0.854254007339478);
#3718=CARTESIAN_POINT('',(1.31,0.0,1.925));
#3719=CARTESIAN_POINT('',(1.31,0.0,1.925));
#3720=VECTOR('',#6763,1.19);
#3721=DRAUGHTING_PRE_DEFINED_CURVE_FONT('continuous');
#3722=COLOUR_RGB('',0.97486799955368,1.0,0.854254007339478);
#3723=CARTESIAN_POINT('',(1.31,0.0,1.925));
#3724=VECTOR('',#6764,2.6);
#3725=DRAUGHTING_PRE_DEFINED_CURVE_FONT('continuous');
#3726=COLOUR_RGB('',0.97486799955368,1.0,0.854254007339478);
#3727=CARTESIAN_POINT('',(0.31,0.0,1.925));
#3728=CARTESIAN_POINT('',(0.69,0.0,1.925));
#3729=CARTESIAN_POINT('',(0.31,0.0,1.925));
#3730=VECTOR('',#6765,0.38);
#3731=DRAUGHTING_PRE_DEFINED_CURVE_FONT('continuous');
#3732=COLOUR_RGB('',0.97486799955368,1.0,0.854254007339478);
#3733=CARTESIAN_POINT('',(0.31,0.0,-0.675));
#3734=CARTESIAN_POINT('',(0.31,0.0,1.925));
#3735=VECTOR('',#6766,2.6);
#3736=DRAUGHTING_PRE_DEFINED_CURVE_FONT('continuous');
#3737=COLOUR_RGB('',0.97486799955368,1.0,0.854254007339478);
#3738=CARTESIAN_POINT('',(0.69,0.0,-0.675));
#3739=CARTESIAN_POINT('',(0.31,0.0,-0.675));
#3740=VECTOR('',#6767,0.38);
#3741=DRAUGHTING_PRE_DEFINED_CURVE_FONT('continuous');
#3742=COLOUR_RGB('',0.97486799955368,1.0,0.854254007339478);
#3743=CARTESIAN_POINT('',(0.69,0.0,-0.675));
#3744=VECTOR('',#6768,2.6);
#3745=DRAUGHTING_PRE_DEFINED_CURVE_FONT('continuous');
#3746=COLOUR_RGB('',0.97486799955368,1.0,0.854254007339478);
#3747=CARTESIAN_POINT('',(-1.11,0.2,1.925));
#3748=CARTESIAN_POINT('',(-1.31,0.0,1.925));
#3749=VECTOR('',#6769,0.2828427124746);
#3750=DRAUGHTING_PRE_DEFINED_CURVE_FONT('continuous');
#3751=COLOUR_RGB('',0.97486799955368,1.0,0.854254007339478);
#3752=CARTESIAN_POINT('',(-1.11,0.2,-0.675));
#3753=CARTESIAN_POINT('',(-1.11,0.2,-0.675));
#3754=VECTOR('',#6770,0.2828427124746);
#3755=DRAUGHTING_PRE_DEFINED_CURVE_FONT('continuous');
#3756=COLOUR_RGB('',0.97486799955368,1.0,0.854254007339478);
#3757=CARTESIAN_POINT('',(-1.11,0.2,-0.675));
#3758=VECTOR('',#6771,2.6);
#3759=DRAUGHTING_PRE_DEFINED_CURVE_FONT('continuous');
#3760=COLOUR_RGB('',0.97486799955368,1.0,0.854254007339478);
#3761=CARTESIAN_POINT('',(-1.11,0.65,-0.675));
#3762=CARTESIAN_POINT('',(-1.11,0.65,-0.675));
#3763=VECTOR('',#6772,0.45);
#3764=DRAUGHTING_PRE_DEFINED_CURVE_FONT('continuous');
#3765=COLOUR_RGB('',0.97486799955368,1.0,0.854254007339478);
#3766=CARTESIAN_POINT('',(-1.11,0.65,-0.225));
#3767=CARTESIAN_POINT('',(-1.11,0.65,-0.675));
#3768=VECTOR('',#6773,0.45);
#3769=DRAUGHTING_PRE_DEFINED_CURVE_FONT('continuous');
#3770=COLOUR_RGB('',0.97486799955368,1.0,0.854254007339478);
#3771=CARTESIAN_POINT('',(-1.11,1.2,-0.225));
#3772=CARTESIAN_POINT('',(-1.11,0.65,-0.225));
#3773=VECTOR('',#6774,0.55);
#3774=DRAUGHTING_PRE_DEFINED_CURVE_FONT('continuous');
#3775=COLOUR_RGB('',0.97486799955368,1.0,0.854254007339478);
#3776=CARTESIAN_POINT('',(-1.11,1.2,0.225));
#3777=CARTESIAN_POINT('',(-1.11,1.2,-0.225));
#3778=VECTOR('',#6775,0.45);
#3779=DRAUGHTING_PRE_DEFINED_CURVE_FONT('continuous');
#3780=COLOUR_RGB('',0.97486799955368,1.0,0.854254007339478);
#3781=CARTESIAN_POINT('',(-1.11,0.65,0.225));
#3782=CARTESIAN_POINT('',(-1.11,1.2,0.225));
#3783=VECTOR('',#6776,0.55);
#3784=DRAUGHTING_PRE_DEFINED_CURVE_FONT('continuous');
#3785=COLOUR_RGB('',0.97486799955368,1.0,0.854254007339478);
#3786=CARTESIAN_POINT('',(-1.11,0.65,1.025));
#3787=CARTESIAN_POINT('',(-1.11,0.65,0.225));
#3788=VECTOR('',#6777,0.8);
#3789=DRAUGHTING_PRE_DEFINED_CURVE_FONT('continuous');
#3790=COLOUR_RGB('',0.97486799955368,1.0,0.854254007339478);
#3791=CARTESIAN_POINT('',(-1.11,1.2,1.025));
#3792=CARTESIAN_POINT('',(-1.11,0.65,1.025));
#3793=VECTOR('',#6778,0.55);
#3794=DRAUGHTING_PRE_DEFINED_CURVE_FONT('continuous');
#3795=COLOUR_RGB('',0.97486799955368,1.0,0.854254007339478);
#3796=CARTESIAN_POINT('',(-1.11,1.2,1.425));
#3797=CARTESIAN_POINT('',(-1.11,1.2,1.025));
#3798=VECTOR('',#6779,0.4);
#3799=DRAUGHTING_PRE_DEFINED_CURVE_FONT('continuous');
#3800=COLOUR_RGB('',0.97486799955368,1.0,0.854254007339478);
#3801=CARTESIAN_POINT('',(-1.11,0.65,1.425));
#3802=CARTESIAN_POINT('',(-1.11,1.2,1.425));
#3803=VECTOR('',#6780,0.55);
#3804=DRAUGHTING_PRE_DEFINED_CURVE_FONT('continuous');
#3805=COLOUR_RGB('',0.97486799955368,1.0,0.854254007339478);
#3806=CARTESIAN_POINT('',(-1.11,0.65,1.925));
#3807=CARTESIAN_POINT('',(-1.11,0.65,1.425));
#3808=VECTOR('',#6781,0.5);
#3809=DRAUGHTING_PRE_DEFINED_CURVE_FONT('continuous');
#3810=COLOUR_RGB('',0.97486799955368,1.0,0.854254007339478);
#3811=CARTESIAN_POINT('',(-1.11,0.2,1.925));
#3812=VECTOR('',#6782,0.45);
#3813=DRAUGHTING_PRE_DEFINED_CURVE_FONT('continuous');
#3814=COLOUR_RGB('',0.97486799955368,1.0,0.854254007339478);
#3815=CARTESIAN_POINT('',(2.5,2.85,1.925));
#3816=CARTESIAN_POINT('',(2.5,0.0,1.925));
#3817=VECTOR('',#6783,2.85);
#3818=DRAUGHTING_PRE_DEFINED_CURVE_FONT('continuous');
#3819=COLOUR_RGB('',0.97486799955368,1.0,0.854254007339478);
#3820=CARTESIAN_POINT('',(2.025,2.85,1.925));
#3821=CARTESIAN_POINT('',(2.5,2.85,1.925));
#3822=VECTOR('',#6784,0.475);
#3823=DRAUGHTING_PRE_DEFINED_CURVE_FONT('continuous');
#3824=COLOUR_RGB('',0.97486799955368,1.0,0.854254007339478);
#3825=CARTESIAN_POINT('',(2.025,4.25,1.925));
#3826=CARTESIAN_POINT('',(2.025,2.85,1.925));
#3827=VECTOR('',#6785,1.4);
#3828=DRAUGHTING_PRE_DEFINED_CURVE_FONT('continuous');
#3829=COLOUR_RGB('',0.97486799955368,1.0,0.854254007339478);
#3830=CARTESIAN_POINT('',(1.6,4.25,1.925));
#3831=CARTESIAN_POINT('',(1.6,4.25,1.925));
#3832=VECTOR('',#6786,0.425);
#3833=DRAUGHTING_PRE_DEFINED_CURVE_FONT('continuous');
#3834=COLOUR_RGB('',0.97486799955368,1.0,0.854254007339478);
#3835=CARTESIAN_POINT('',(1.6,1.1,1.925));
#3836=CARTESIAN_POINT('',(1.6,4.25,1.925));
#3837=VECTOR('',#6787,3.15);
#3838=DRAUGHTING_PRE_DEFINED_CURVE_FONT('continuous');
#3839=COLOUR_RGB('',0.97486799955368,1.0,0.854254007339478);
#3840=CARTESIAN_POINT('',(0.5,1.1,1.925));
#3841=CARTESIAN_POINT('',(1.6,1.1,1.925));
#3842=VECTOR('',#6788,1.1);
#3843=DRAUGHTING_PRE_DEFINED_CURVE_FONT('continuous');
#3844=COLOUR_RGB('',0.97486799955368,1.0,0.854254007339478);
#3845=CARTESIAN_POINT('',(0.5,4.25,1.925));
#3846=CARTESIAN_POINT('',(0.5,1.1,1.925));
#3847=VECTOR('',#6789,3.15);
#3848=DRAUGHTING_PRE_DEFINED_CURVE_FONT('continuous');
#3849=COLOUR_RGB('',0.97486799955368,1.0,0.854254007339478);
#3850=CARTESIAN_POINT('',(-0.5,4.25,1.925));
#3851=CARTESIAN_POINT('',(-0.5,4.25,1.925));
#3852=VECTOR('',#6790,1.0);
#3853=DRAUGHTING_PRE_DEFINED_CURVE_FONT('continuous');
#3854=COLOUR_RGB('',0.97486799955368,1.0,0.854254007339478);
#3855=CARTESIAN_POINT('',(-0.5,1.1,1.925));
#3856=CARTESIAN_POINT('',(-0.5,4.25,1.925));
#3857=VECTOR('',#6791,3.15);
#3858=DRAUGHTING_PRE_DEFINED_CURVE_FONT('continuous');
#3859=COLOUR_RGB('',0.97486799955368,1.0,0.854254007339478);
#3860=CARTESIAN_POINT('',(-1.6,1.1,1.925));
#3861=CARTESIAN_POINT('',(-0.5,1.1,1.925));
#3862=VECTOR('',#6792,1.1);
#3863=DRAUGHTING_PRE_DEFINED_CURVE_FONT('continuous');
#3864=COLOUR_RGB('',0.97486799955368,1.0,0.854254007339478);
#3865=CARTESIAN_POINT('',(-1.6,4.25,1.925));
#3866=CARTESIAN_POINT('',(-1.6,1.1,1.925));
#3867=VECTOR('',#6793,3.15);
#3868=DRAUGHTING_PRE_DEFINED_CURVE_FONT('continuous');
#3869=COLOUR_RGB('',0.97486799955368,1.0,0.854254007339478);
#3870=CARTESIAN_POINT('',(-2.025,4.25,1.925));
#3871=CARTESIAN_POINT('',(-2.025,4.25,1.925));
#3872=VECTOR('',#6794,0.425);
#3873=DRAUGHTING_PRE_DEFINED_CURVE_FONT('continuous');
#3874=COLOUR_RGB('',0.97486799955368,1.0,0.854254007339478);
#3875=CARTESIAN_POINT('',(-2.025,2.85,1.925));
#3876=CARTESIAN_POINT('',(-2.025,2.85,1.925));
#3877=VECTOR('',#6795,1.4);
#3878=DRAUGHTING_PRE_DEFINED_CURVE_FONT('continuous');
#3879=COLOUR_RGB('',0.97486799955368,1.0,0.854254007339478);
#3880=CARTESIAN_POINT('',(-2.5,2.85,1.925));
#3881=CARTESIAN_POINT('',(-2.5,2.85,1.925));
#3882=VECTOR('',#6796,0.475);
#3883=DRAUGHTING_PRE_DEFINED_CURVE_FONT('continuous');
#3884=COLOUR_RGB('',0.97486799955368,1.0,0.854254007339478);
#3885=CARTESIAN_POINT('',(-2.5,0.0,1.925));
#3886=VECTOR('',#6797,2.85);
#3887=DRAUGHTING_PRE_DEFINED_CURVE_FONT('continuous');
#3888=COLOUR_RGB('',0.97486799955368,1.0,0.854254007339478);
#3889=CARTESIAN_POINT('',(-0.89,0.65,1.925));
#3890=CARTESIAN_POINT('',(-1.11,0.65,1.925));
#3891=VECTOR('',#6798,0.22);
#3892=DRAUGHTING_PRE_DEFINED_CURVE_FONT('continuous');
#3893=COLOUR_RGB('',0.97486799955368,1.0,0.854254007339478);
#3894=CARTESIAN_POINT('',(-0.89,0.2,1.925));
#3895=CARTESIAN_POINT('',(-0.89,0.2,1.925));
#3896=VECTOR('',#6799,0.45);
#3897=DRAUGHTING_PRE_DEFINED_CURVE_FONT('continuous');
#3898=COLOUR_RGB('',0.97486799955368,1.0,0.854254007339478);
#3899=CARTESIAN_POINT('',(-0.89,0.2,1.925));
#3900=VECTOR('',#6800,0.2828427124746);
#3901=DRAUGHTING_PRE_DEFINED_CURVE_FONT('continuous');
#3902=COLOUR_RGB('',0.97486799955368,1.0,0.854254007339478);
#3903=CARTESIAN_POINT('',(-0.11,0.2,1.925));
#3904=CARTESIAN_POINT('',(-0.31,0.0,1.925));
#3905=VECTOR('',#6801,0.2828427124746);
#3906=DRAUGHTING_PRE_DEFINED_CURVE_FONT('continuous');
#3907=COLOUR_RGB('',0.97486799955368,1.0,0.854254007339478);
#3908=CARTESIAN_POINT('',(-0.11,0.65,1.925));
#3909=CARTESIAN_POINT('',(-0.11,0.2,1.925));
#3910=VECTOR('',#6802,0.45);
#3911=DRAUGHTING_PRE_DEFINED_CURVE_FONT('continuous');
#3912=COLOUR_RGB('',0.97486799955368,1.0,0.854254007339478);
#3913=CARTESIAN_POINT('',(0.11,0.65,1.925));
#3914=CARTESIAN_POINT('',(-0.11,0.65,1.925));
#3915=VECTOR('',#6803,0.22);
#3916=DRAUGHTING_PRE_DEFINED_CURVE_FONT('continuous');
#3917=COLOUR_RGB('',0.97486799955368,1.0,0.854254007339478);
#3918=CARTESIAN_POINT('',(0.11,0.2,1.925));
#3919=CARTESIAN_POINT('',(0.11,0.2,1.925));
#3920=VECTOR('',#6804,0.45);
#3921=DRAUGHTING_PRE_DEFINED_CURVE_FONT('continuous');
#3922=COLOUR_RGB('',0.97486799955368,1.0,0.854254007339478);
#3923=CARTESIAN_POINT('',(0.11,0.2,1.925));
#3924=VECTOR('',#6805,0.2828427124746);
#3925=DRAUGHTING_PRE_DEFINED_CURVE_FONT('continuous');
#3926=COLOUR_RGB('',0.97486799955368,1.0,0.854254007339478);
#3927=CARTESIAN_POINT('',(0.89,0.2,1.925));
#3928=CARTESIAN_POINT('',(0.69,0.0,1.925));
#3929=VECTOR('',#6806,0.2828427124746);
#3930=DRAUGHTING_PRE_DEFINED_CURVE_FONT('continuous');
#3931=COLOUR_RGB('',0.97486799955368,1.0,0.854254007339478);
#3932=CARTESIAN_POINT('',(0.89,0.65,1.925));
#3933=CARTESIAN_POINT('',(0.89,0.2,1.925));
#3934=VECTOR('',#6807,0.45);
#3935=DRAUGHTING_PRE_DEFINED_CURVE_FONT('continuous');
#3936=COLOUR_RGB('',0.97486799955368,1.0,0.854254007339478);
#3937=CARTESIAN_POINT('',(1.11,0.65,1.925));
#3938=CARTESIAN_POINT('',(0.89,0.65,1.925));
#3939=VECTOR('',#6808,0.22);
#3940=DRAUGHTING_PRE_DEFINED_CURVE_FONT('continuous');
#3941=COLOUR_RGB('',0.97486799955368,1.0,0.854254007339478);
#3942=CARTESIAN_POINT('',(1.11,0.2,1.925));
#3943=CARTESIAN_POINT('',(1.11,0.2,1.925));
#3944=VECTOR('',#6809,0.45);
#3945=DRAUGHTING_PRE_DEFINED_CURVE_FONT('continuous');
#3946=COLOUR_RGB('',0.97486799955368,1.0,0.854254007339478);
#3947=CARTESIAN_POINT('',(1.11,0.2,1.925));
#3948=VECTOR('',#6810,0.2828427124746);
#3949=DRAUGHTING_PRE_DEFINED_CURVE_FONT('continuous');
#3950=COLOUR_RGB('',0.97486799955368,1.0,0.854254007339478);
#3951=CARTESIAN_POINT('',(1.11,0.2,-0.675));
#3952=CARTESIAN_POINT('',(1.31,0.0,-0.675));
#3953=VECTOR('',#6811,0.2828427124746);
#3954=DRAUGHTING_PRE_DEFINED_CURVE_FONT('continuous');
#3955=COLOUR_RGB('',0.97486799955368,1.0,0.854254007339478);
#3956=CARTESIAN_POINT('',(1.11,0.2,1.925));
#3957=VECTOR('',#6812,2.6);
#3958=DRAUGHTING_PRE_DEFINED_CURVE_FONT('continuous');
#3959=COLOUR_RGB('',0.97486799955368,1.0,0.854254007339478);
#3960=CARTESIAN_POINT('',(1.11,0.65,1.425));
#3961=CARTESIAN_POINT('',(1.11,0.65,1.425));
#3962=VECTOR('',#6813,0.5);
#3963=DRAUGHTING_PRE_DEFINED_CURVE_FONT('continuous');
#3964=COLOUR_RGB('',0.97486799955368,1.0,0.854254007339478);
#3965=CARTESIAN_POINT('',(1.11,1.2,1.425));
#3966=CARTESIAN_POINT('',(1.11,1.2,1.425));
#3967=VECTOR('',#6814,0.55);
#3968=DRAUGHTING_PRE_DEFINED_CURVE_FONT('continuous');
#3969=COLOUR_RGB('',0.97486799955368,1.0,0.854254007339478);
#3970=CARTESIAN_POINT('',(1.11,1.2,1.025));
#3971=CARTESIAN_POINT('',(1.11,1.2,1.425));
#3972=VECTOR('',#6815,0.4);
#3973=DRAUGHTING_PRE_DEFINED_CURVE_FONT('continuous');
#3974=COLOUR_RGB('',0.97486799955368,1.0,0.854254007339478);
#3975=CARTESIAN_POINT('',(1.11,0.65,1.025));
#3976=CARTESIAN_POINT('',(1.11,0.65,1.025));
#3977=VECTOR('',#6816,0.55);
#3978=DRAUGHTING_PRE_DEFINED_CURVE_FONT('continuous');
#3979=COLOUR_RGB('',0.97486799955368,1.0,0.854254007339478);
#3980=CARTESIAN_POINT('',(1.11,0.65,0.225));
#3981=CARTESIAN_POINT('',(1.11,0.65,0.225));
#3982=VECTOR('',#6817,0.8);
#3983=DRAUGHTING_PRE_DEFINED_CURVE_FONT('continuous');
#3984=COLOUR_RGB('',0.97486799955368,1.0,0.854254007339478);
#3985=CARTESIAN_POINT('',(1.11,1.2,0.225));
#3986=CARTESIAN_POINT('',(1.11,1.2,0.225));
#3987=VECTOR('',#6818,0.55);
#3988=DRAUGHTING_PRE_DEFINED_CURVE_FONT('continuous');
#3989=COLOUR_RGB('',0.97486799955368,1.0,0.854254007339478);
#3990=CARTESIAN_POINT('',(1.11,1.2,-0.225));
#3991=CARTESIAN_POINT('',(1.11,1.2,0.225));
#3992=VECTOR('',#6819,0.45);
#3993=DRAUGHTING_PRE_DEFINED_CURVE_FONT('continuous');
#3994=COLOUR_RGB('',0.97486799955368,1.0,0.854254007339478);
#3995=CARTESIAN_POINT('',(1.11,0.65,-0.225));
#3996=CARTESIAN_POINT('',(1.11,0.65,-0.225));
#3997=VECTOR('',#6820,0.55);
#3998=DRAUGHTING_PRE_DEFINED_CURVE_FONT('continuous');
#3999=COLOUR_RGB('',0.97486799955368,1.0,0.854254007339478);
#4000=CARTESIAN_POINT('',(1.11,0.65,-0.675));
#4001=CARTESIAN_POINT('',(1.11,0.65,-0.675));
#4002=VECTOR('',#6821,0.45);
#4003=DRAUGHTING_PRE_DEFINED_CURVE_FONT('continuous');
#4004=COLOUR_RGB('',0.97486799955368,1.0,0.854254007339478);
#4005=CARTESIAN_POINT('',(1.11,0.65,-0.675));
#4006=VECTOR('',#6822,0.45);
#4007=DRAUGHTING_PRE_DEFINED_CURVE_FONT('continuous');
#4008=COLOUR_RGB('',0.97486799955368,1.0,0.854254007339478);
#4009=CARTESIAN_POINT('',(2.5,1.0,-0.675));
#4010=CARTESIAN_POINT('',(2.225,1.0,-0.675));
#4011=CARTESIAN_POINT('',(2.5,1.0,-0.675));
#4012=VECTOR('',#6823,0.275);
#4013=DRAUGHTING_PRE_DEFINED_CURVE_FONT('continuous');
#4014=COLOUR_RGB('',0.97486799955368,1.0,0.854254007339478);
#4015=CARTESIAN_POINT('',(2.5,0.25,-0.675));
#4016=CARTESIAN_POINT('',(2.5,1.0,-0.675));
#4017=VECTOR('',#6824,0.75);
#4018=DRAUGHTING_PRE_DEFINED_CURVE_FONT('continuous');
#4019=COLOUR_RGB('',0.97486799955368,1.0,0.854254007339478);
#4020=CARTESIAN_POINT('',(2.225,0.25,-0.675));
#4021=CARTESIAN_POINT('',(2.5,0.25,-0.675));
#4022=VECTOR('',#6825,0.275);
#4023=DRAUGHTING_PRE_DEFINED_CURVE_FONT('continuous');
#4024=COLOUR_RGB('',0.97486799955368,1.0,0.854254007339478);
#4025=CARTESIAN_POINT('',(2.225,1.0,-0.675));
#4026=VECTOR('',#6826,0.75);
#4027=DRAUGHTING_PRE_DEFINED_CURVE_FONT('continuous');
#4028=COLOUR_RGB('',0.97486799955368,1.0,0.854254007339478);
#4029=CARTESIAN_POINT('',(-2.5,0.25,-0.675));
#4030=CARTESIAN_POINT('',(-2.225,0.25,-0.675));
#4031=CARTESIAN_POINT('',(-2.5,0.25,-0.675));
#4032=VECTOR('',#6827,0.275);
#4033=DRAUGHTING_PRE_DEFINED_CURVE_FONT('continuous');
#4034=COLOUR_RGB('',0.97486799955368,1.0,0.854254007339478);
#4035=CARTESIAN_POINT('',(-2.5,1.0,-0.675));
#4036=CARTESIAN_POINT('',(-2.5,1.0,-0.675));
#4037=VECTOR('',#6828,0.75);
#4038=DRAUGHTING_PRE_DEFINED_CURVE_FONT('continuous');
#4039=COLOUR_RGB('',0.97486799955368,1.0,0.854254007339478);
#4040=CARTESIAN_POINT('',(-2.225,1.0,-0.675));
#4041=CARTESIAN_POINT('',(-2.5,1.0,-0.675));
#4042=VECTOR('',#6829,0.275);
#4043=DRAUGHTING_PRE_DEFINED_CURVE_FONT('continuous');
#4044=COLOUR_RGB('',0.97486799955368,1.0,0.854254007339478);
#4045=CARTESIAN_POINT('',(-2.225,1.0,-0.675));
#4046=VECTOR('',#6830,0.75);
#4047=DRAUGHTING_PRE_DEFINED_CURVE_FONT('continuous');
#4048=COLOUR_RGB('',0.97486799955368,1.0,0.854254007339478);
#4049=CARTESIAN_POINT('',(-2.025,0.65,-0.675));
#4050=CARTESIAN_POINT('',(-2.025,0.0,-0.675));
#4051=VECTOR('',#6831,0.65);
#4052=DRAUGHTING_PRE_DEFINED_CURVE_FONT('continuous');
#4053=COLOUR_RGB('',0.97486799955368,1.0,0.854254007339478);
#4054=CARTESIAN_POINT('',(-1.11,0.65,-0.675));
#4055=VECTOR('',#6832,0.915);
#4056=DRAUGHTING_PRE_DEFINED_CURVE_FONT('continuous');
#4057=COLOUR_RGB('',0.97486799955368,1.0,0.854254007339478);
#4058=CARTESIAN_POINT('',(-0.89,0.2,-0.675));
#4059=CARTESIAN_POINT('',(-0.69,0.0,-0.675));
#4060=VECTOR('',#6833,0.2828427124746);
#4061=DRAUGHTING_PRE_DEFINED_CURVE_FONT('continuous');
#4062=COLOUR_RGB('',0.97486799955368,1.0,0.854254007339478);
#4063=CARTESIAN_POINT('',(-0.89,0.65,-0.675));
#4064=CARTESIAN_POINT('',(-0.89,0.65,-0.675));
#4065=VECTOR('',#6834,0.45);
#4066=DRAUGHTING_PRE_DEFINED_CURVE_FONT('continuous');
#4067=COLOUR_RGB('',0.97486799955368,1.0,0.854254007339478);
#4068=CARTESIAN_POINT('',(-0.11,0.65,-0.675));
#4069=CARTESIAN_POINT('',(-0.11,0.65,-0.675));
#4070=VECTOR('',#6835,0.78);
#4071=DRAUGHTING_PRE_DEFINED_CURVE_FONT('continuous');
#4072=COLOUR_RGB('',0.97486799955368,1.0,0.854254007339478);
#4073=CARTESIAN_POINT('',(-0.11,0.2,-0.675));
#4074=CARTESIAN_POINT('',(-0.11,0.65,-0.675));
#4075=VECTOR('',#6836,0.45);
#4076=DRAUGHTING_PRE_DEFINED_CURVE_FONT('continuous');
#4077=COLOUR_RGB('',0.97486799955368,1.0,0.854254007339478);
#4078=CARTESIAN_POINT('',(-0.11,0.2,-0.675));
#4079=VECTOR('',#6837,0.2828427124746);
#4080=DRAUGHTING_PRE_DEFINED_CURVE_FONT('continuous');
#4081=COLOUR_RGB('',0.97486799955368,1.0,0.854254007339478);
#4082=CARTESIAN_POINT('',(0.11,0.2,-0.675));
#4083=CARTESIAN_POINT('',(0.31,0.0,-0.675));
#4084=VECTOR('',#6838,0.2828427124746);
#4085=DRAUGHTING_PRE_DEFINED_CURVE_FONT('continuous');
#4086=COLOUR_RGB('',0.97486799955368,1.0,0.854254007339478);
#4087=CARTESIAN_POINT('',(0.11,0.65,-0.675));
#4088=CARTESIAN_POINT('',(0.11,0.65,-0.675));
#4089=VECTOR('',#6839,0.45);
#4090=DRAUGHTING_PRE_DEFINED_CURVE_FONT('continuous');
#4091=COLOUR_RGB('',0.97486799955368,1.0,0.854254007339478);
#4092=CARTESIAN_POINT('',(0.89,0.65,-0.675));
#4093=CARTESIAN_POINT('',(0.89,0.65,-0.675));
#4094=VECTOR('',#6840,0.78);
#4095=DRAUGHTING_PRE_DEFINED_CURVE_FONT('continuous');
#4096=COLOUR_RGB('',0.97486799955368,1.0,0.854254007339478);
#4097=CARTESIAN_POINT('',(0.89,0.2,-0.675));
#4098=CARTESIAN_POINT('',(0.89,0.65,-0.675));
#4099=VECTOR('',#6841,0.45);
#4100=DRAUGHTING_PRE_DEFINED_CURVE_FONT('continuous');
#4101=COLOUR_RGB('',0.97486799955368,1.0,0.854254007339478);
#4102=CARTESIAN_POINT('',(0.89,0.2,-0.675));
#4103=VECTOR('',#6842,0.2828427124746);
#4104=DRAUGHTING_PRE_DEFINED_CURVE_FONT('continuous');
#4105=COLOUR_RGB('',0.97486799955368,1.0,0.854254007339478);
#4106=CARTESIAN_POINT('',(2.025,0.65,-0.675));
#4107=CARTESIAN_POINT('',(2.025,0.65,-0.675));
#4108=VECTOR('',#6843,0.915);
#4109=DRAUGHTING_PRE_DEFINED_CURVE_FONT('continuous');
#4110=COLOUR_RGB('',0.97486799955368,1.0,0.854254007339478);
#4111=CARTESIAN_POINT('',(2.025,0.65,-0.675));
#4112=VECTOR('',#6844,0.65);
#4113=DRAUGHTING_PRE_DEFINED_CURVE_FONT('continuous');
#4114=COLOUR_RGB('',0.97486799955368,1.0,0.854254007339478);
#4115=CARTESIAN_POINT('',(2.225,1.0,-0.925));
#4116=CARTESIAN_POINT('',(2.225,1.0,-0.925));
#4117=VECTOR('',#6845,0.25);
#4118=DRAUGHTING_PRE_DEFINED_CURVE_FONT('continuous');
#4119=COLOUR_RGB('',0.97486799955368,1.0,0.854254007339478);
#4120=CARTESIAN_POINT('',(2.225,0.25,0.675));
#4121=CARTESIAN_POINT('',(2.225,0.25,-0.675));
#4122=VECTOR('',#6846,1.35);
#4123=DRAUGHTING_PRE_DEFINED_CURVE_FONT('continuous');
#4124=COLOUR_RGB('',0.97486799955368,1.0,0.854254007339478);
#4125=CARTESIAN_POINT('',(2.225,0.25,0.675));
#4126=VECTOR('',#6847,0.25);
#4127=DRAUGHTING_PRE_DEFINED_CURVE_FONT('continuous');
#4128=COLOUR_RGB('',0.97486799955368,1.0,0.854254007339478);
#4129=CARTESIAN_POINT('',(2.225,2.85,1.725));
#4130=CARTESIAN_POINT('',(2.225,2.85,1.725));
#4131=VECTOR('',#6848,2.85);
#4132=DRAUGHTING_PRE_DEFINED_CURVE_FONT('continuous');
#4133=COLOUR_RGB('',0.97486799955368,1.0,0.854254007339478);
#4134=CARTESIAN_POINT('',(2.225,4.05,1.725));
#4135=CARTESIAN_POINT('',(2.225,2.85,1.725));
#4136=VECTOR('',#6849,1.2);
#4137=DRAUGHTING_PRE_DEFINED_CURVE_FONT('continuous');
#4138=COLOUR_RGB('',0.97486799955368,1.0,0.854254007339478);
#4139=CARTESIAN_POINT('',(2.225,4.05,0.775));
#4140=CARTESIAN_POINT('',(2.225,4.05,1.725));
#4141=VECTOR('',#6850,0.95);
#4142=DRAUGHTING_PRE_DEFINED_CURVE_FONT('continuous');
#4143=COLOUR_RGB('',0.97486799955368,1.0,0.854254007339478);
#4144=CARTESIAN_POINT('',(2.225,0.95,0.775));
#4145=CARTESIAN_POINT('',(2.225,0.95,0.775));
#4146=VECTOR('',#6851,3.1);
#4147=DRAUGHTING_PRE_DEFINED_CURVE_FONT('continuous');
#4148=COLOUR_RGB('',0.97486799955368,1.0,0.854254007339478);
#4149=CARTESIAN_POINT('',(2.225,0.95,-0.325));
#4150=CARTESIAN_POINT('',(2.225,0.95,-0.325));
#4151=VECTOR('',#6852,1.1);
#4152=DRAUGHTING_PRE_DEFINED_CURVE_FONT('continuous');
#4153=COLOUR_RGB('',0.97486799955368,1.0,0.854254007339478);
#4154=CARTESIAN_POINT('',(2.225,2.95,-0.325));
#4155=CARTESIAN_POINT('',(2.225,2.95,-0.325));
#4156=VECTOR('',#6853,2.0);
#4157=DRAUGHTING_PRE_DEFINED_CURVE_FONT('continuous');
#4158=COLOUR_RGB('',0.97486799955368,1.0,0.854254007339478);
#4159=CARTESIAN_POINT('',(2.225,2.95,-0.675));
#4160=CARTESIAN_POINT('',(2.225,2.95,-0.675));
#4161=VECTOR('',#6854,0.35);
#4162=DRAUGHTING_PRE_DEFINED_CURVE_FONT('continuous');
#4163=COLOUR_RGB('',0.97486799955368,1.0,0.854254007339478);
#4164=CARTESIAN_POINT('',(2.225,2.15,-0.675));
#4165=CARTESIAN_POINT('',(2.225,2.15,-0.675));
#4166=VECTOR('',#6855,0.8);
#4167=DRAUGHTING_PRE_DEFINED_CURVE_FONT('continuous');
#4168=COLOUR_RGB('',0.97486799955368,1.0,0.854254007339478);
#4169=CARTESIAN_POINT('',(2.225,2.15,-0.925));
#4170=CARTESIAN_POINT('',(2.225,2.15,-0.925));
#4171=VECTOR('',#6856,0.25);
#4172=DRAUGHTING_PRE_DEFINED_CURVE_FONT('continuous');
#4173=COLOUR_RGB('',0.97486799955368,1.0,0.854254007339478);
#4174=CARTESIAN_POINT('',(2.225,1.0,-0.925));
#4175=VECTOR('',#6857,1.15);
#4176=DRAUGHTING_PRE_DEFINED_CURVE_FONT('continuous');
#4177=COLOUR_RGB('',0.97486799955368,1.0,0.854254007339478);
#4178=CARTESIAN_POINT('',(2.5,4.25,-0.925));
#4179=CARTESIAN_POINT('',(-1.711324865405,4.25,-0.925));
#4180=CARTESIAN_POINT('',(2.5,4.25,-0.925));
#4181=VECTOR('',#6858,4.211324865405);
#4182=DRAUGHTING_PRE_DEFINED_CURVE_FONT('continuous');
#4183=COLOUR_RGB('',0.97486799955368,1.0,0.854254007339478);
#4184=CARTESIAN_POINT('',(2.5,1.0,-0.925));
#4185=CARTESIAN_POINT('',(2.5,1.0,-0.925));
#4186=VECTOR('',#6859,3.25);
#4187=DRAUGHTING_PRE_DEFINED_CURVE_FONT('continuous');
#4188=COLOUR_RGB('',0.97486799955368,1.0,0.854254007339478);
#4189=CARTESIAN_POINT('',(2.5,1.0,-0.925));
#4190=VECTOR('',#6860,0.275);
#4191=DRAUGHTING_PRE_DEFINED_CURVE_FONT('continuous');
#4192=COLOUR_RGB('',0.97486799955368,1.0,0.854254007339478);
#4193=CARTESIAN_POINT('',(2.025,2.15,-0.925));
#4194=CARTESIAN_POINT('',(2.025,2.15,-0.925));
#4195=VECTOR('',#6861,0.2);
#4196=DRAUGHTING_PRE_DEFINED_CURVE_FONT('continuous');
#4197=COLOUR_RGB('',0.97486799955368,1.0,0.854254007339478);
#4198=CARTESIAN_POINT('',(2.025,0.65,-0.925));
#4199=CARTESIAN_POINT('',(2.025,2.15,-0.925));
#4200=VECTOR('',#6862,1.5);
#4201=DRAUGHTING_PRE_DEFINED_CURVE_FONT('continuous');
#4202=COLOUR_RGB('',0.97486799955368,1.0,0.854254007339478);
#4203=CARTESIAN_POINT('',(-2.025,0.65,-0.925));
#4204=CARTESIAN_POINT('',(-2.025,0.65,-0.925));
#4205=VECTOR('',#6863,4.05);
#4206=DRAUGHTING_PRE_DEFINED_CURVE_FONT('continuous');
#4207=COLOUR_RGB('',0.97486799955368,1.0,0.854254007339478);
#4208=CARTESIAN_POINT('',(-2.025,2.15,-0.925));
#4209=CARTESIAN_POINT('',(-2.025,0.65,-0.925));
#4210=VECTOR('',#6864,1.5);
#4211=DRAUGHTING_PRE_DEFINED_CURVE_FONT('continuous');
#4212=COLOUR_RGB('',0.97486799955368,1.0,0.854254007339478);
#4213=CARTESIAN_POINT('',(-2.225,2.15,-0.925));
#4214=CARTESIAN_POINT('',(-2.025,2.15,-0.925));
#4215=VECTOR('',#6865,0.2);
#4216=DRAUGHTING_PRE_DEFINED_CURVE_FONT('continuous');
#4217=COLOUR_RGB('',0.97486799955368,1.0,0.854254007339478);
#4218=CARTESIAN_POINT('',(-2.225,1.0,-0.925));
#4219=CARTESIAN_POINT('',(-2.225,1.0,-0.925));
#4220=VECTOR('',#6866,1.15);
#4221=DRAUGHTING_PRE_DEFINED_CURVE_FONT('continuous');
#4222=COLOUR_RGB('',0.97486799955368,1.0,0.854254007339478);
#4223=CARTESIAN_POINT('',(-2.5,1.0,-0.925));
#4224=CARTESIAN_POINT('',(-2.5,1.0,-0.925));
#4225=VECTOR('',#6867,0.275);
#4226=DRAUGHTING_PRE_DEFINED_CURVE_FONT('continuous');
#4227=COLOUR_RGB('',0.97486799955368,1.0,0.854254007339478);
#4228=CARTESIAN_POINT('',(-2.5,4.25,-0.925));
#4229=CARTESIAN_POINT('',(-2.5,1.0,-0.925));
#4230=VECTOR('',#6868,3.25);
#4231=DRAUGHTING_PRE_DEFINED_CURVE_FONT('continuous');
#4232=COLOUR_RGB('',0.97486799955368,1.0,0.854254007339478);
#4233=CARTESIAN_POINT('',(-2.288675134595,4.25,-0.925));
#4234=CARTESIAN_POINT('',(-2.288675134595,4.25,-0.925));
#4235=VECTOR('',#6869,0.2113248654052);
#4236=DRAUGHTING_PRE_DEFINED_CURVE_FONT('continuous');
#4237=COLOUR_RGB('',0.97486799955368,1.0,0.854254007339478);
#4238=CARTESIAN_POINT('',(-2.0,3.75,-0.925));
#4239=CARTESIAN_POINT('',(-2.0,3.75,-0.925));
#4240=VECTOR('',#6870,0.5773502691896);
#4241=DRAUGHTING_PRE_DEFINED_CURVE_FONT('continuous');
#4242=COLOUR_RGB('',0.97486799955368,1.0,0.854254007339478);
#4243=CARTESIAN_POINT('',(-1.711324865405,4.25,-0.925));
#4244=VECTOR('',#6871,0.5773502691896);
#4245=DRAUGHTING_PRE_DEFINED_CURVE_FONT('continuous');
#4246=COLOUR_RGB('',0.97486799955368,1.0,0.854254007339478);
#4247=CARTESIAN_POINT('',(-2.0,3.75,-0.875));
#4248=CARTESIAN_POINT('',(-2.0,3.75,-0.925));
#4249=VECTOR('',#6872,0.05);
#4250=DRAUGHTING_PRE_DEFINED_CURVE_FONT('continuous');
#4251=COLOUR_RGB('',0.97486799955368,1.0,0.854254007339478);
#4252=CARTESIAN_POINT('',(-1.711324865405,4.25,-0.875));
#4253=CARTESIAN_POINT('',(-1.711324865405,4.25,-0.875));
#4254=VECTOR('',#6873,0.5773502691896);
#4255=DRAUGHTING_PRE_DEFINED_CURVE_FONT('continuous');
#4256=COLOUR_RGB('',0.97486799955368,1.0,0.854254007339478);
#4257=CARTESIAN_POINT('',(-1.711324865405,4.25,-0.925));
#4258=VECTOR('',#6874,0.05);
#4259=DRAUGHTING_PRE_DEFINED_CURVE_FONT('continuous');
#4260=COLOUR_RGB('',0.97486799955368,1.0,0.854254007339478);
#4261=CARTESIAN_POINT('',(-2.288675134595,4.25,-0.875));
#4262=CARTESIAN_POINT('',(-2.288675134595,4.25,-0.925));
#4263=VECTOR('',#6875,0.05);
#4264=DRAUGHTING_PRE_DEFINED_CURVE_FONT('continuous');
#4265=COLOUR_RGB('',0.97486799955368,1.0,0.854254007339478);
#4266=CARTESIAN_POINT('',(-2.5,4.25,0.775));
#4267=CARTESIAN_POINT('',(-2.5,4.25,-0.925));
#4268=VECTOR('',#6876,1.7);
#4269=DRAUGHTING_PRE_DEFINED_CURVE_FONT('continuous');
#4270=COLOUR_RGB('',0.97486799955368,1.0,0.854254007339478);
#4271=CARTESIAN_POINT('',(-2.025,4.25,0.775));
#4272=CARTESIAN_POINT('',(-2.5,4.25,0.775));
#4273=VECTOR('',#6877,0.475);
#4274=DRAUGHTING_PRE_DEFINED_CURVE_FONT('continuous');
#4275=COLOUR_RGB('',0.97486799955368,1.0,0.854254007339478);
#4276=CARTESIAN_POINT('',(-2.025,4.25,0.775));
#4277=VECTOR('',#6878,1.15);
#4278=DRAUGHTING_PRE_DEFINED_CURVE_FONT('continuous');
#4279=COLOUR_RGB('',0.97486799955368,1.0,0.854254007339478);
#4280=CARTESIAN_POINT('',(-1.6,4.25,1.975));
#4281=CARTESIAN_POINT('',(-1.6,4.25,1.975));
#4282=VECTOR('',#6879,0.05);
#4283=DRAUGHTING_PRE_DEFINED_CURVE_FONT('continuous');
#4284=COLOUR_RGB('',0.97486799955368,1.0,0.854254007339478);
#4285=CARTESIAN_POINT('',(-0.5,4.25,1.975));
#4286=CARTESIAN_POINT('',(-1.6,4.25,1.975));
#4287=VECTOR('',#6880,1.1);
#4288=DRAUGHTING_PRE_DEFINED_CURVE_FONT('continuous');
#4289=COLOUR_RGB('',0.97486799955368,1.0,0.854254007339478);
#4290=CARTESIAN_POINT('',(-0.5,4.25,1.975));
#4291=VECTOR('',#6881,0.05);
#4292=DRAUGHTING_PRE_DEFINED_CURVE_FONT('continuous');
#4293=COLOUR_RGB('',0.97486799955368,1.0,0.854254007339478);
#4294=CARTESIAN_POINT('',(0.5,4.25,1.975));
#4295=CARTESIAN_POINT('',(0.5,4.25,1.975));
#4296=VECTOR('',#6882,0.05);
#4297=DRAUGHTING_PRE_DEFINED_CURVE_FONT('continuous');
#4298=COLOUR_RGB('',0.97486799955368,1.0,0.854254007339478);
#4299=CARTESIAN_POINT('',(1.6,4.25,1.975));
#4300=CARTESIAN_POINT('',(0.5,4.25,1.975));
#4301=VECTOR('',#6883,1.1);
#4302=DRAUGHTING_PRE_DEFINED_CURVE_FONT('continuous');
#4303=COLOUR_RGB('',0.97486799955368,1.0,0.854254007339478);
#4304=CARTESIAN_POINT('',(1.6,4.25,1.975));
#4305=VECTOR('',#6884,0.05);
#4306=DRAUGHTING_PRE_DEFINED_CURVE_FONT('continuous');
#4307=COLOUR_RGB('',0.97486799955368,1.0,0.854254007339478);
#4308=CARTESIAN_POINT('',(2.025,4.25,0.775));
#4309=CARTESIAN_POINT('',(2.025,4.25,0.775));
#4310=VECTOR('',#6885,1.15);
#4311=DRAUGHTING_PRE_DEFINED_CURVE_FONT('continuous');
#4312=COLOUR_RGB('',0.97486799955368,1.0,0.854254007339478);
#4313=CARTESIAN_POINT('',(2.5,4.25,0.775));
#4314=CARTESIAN_POINT('',(2.5,4.25,0.775));
#4315=VECTOR('',#6886,0.475);
#4316=DRAUGHTING_PRE_DEFINED_CURVE_FONT('continuous');
#4317=COLOUR_RGB('',0.97486799955368,1.0,0.854254007339478);
#4318=CARTESIAN_POINT('',(2.5,4.25,0.775));
#4319=VECTOR('',#6887,1.7);
#4320=DRAUGHTING_PRE_DEFINED_CURVE_FONT('continuous');
#4321=COLOUR_RGB('',0.97486799955368,1.0,0.854254007339478);
#4322=CARTESIAN_POINT('',(-2.288675134595,4.25,-0.875));
#4323=VECTOR('',#6888,0.5773502691896);
#4324=DRAUGHTING_PRE_DEFINED_CURVE_FONT('continuous');
#4325=COLOUR_RGB('',0.97486799955368,1.0,0.854254007339478);
#4326=CARTESIAN_POINT('',(1.725,4.25,-0.275));
#4327=CARTESIAN_POINT('',(2.25,4.25,-0.275));
#4328=CARTESIAN_POINT('',(1.725,4.25,-0.275));
#4329=VECTOR('',#6889,0.525);
#4330=DRAUGHTING_PRE_DEFINED_CURVE_FONT('continuous');
#4331=COLOUR_RGB('',0.97486799955368,1.0,0.854254007339478);
#4332=CARTESIAN_POINT('',(2.25,4.25,0.675));
#4333=CARTESIAN_POINT('',(2.25,4.25,-0.275));
#4334=VECTOR('',#6890,0.95);
#4335=DRAUGHTING_PRE_DEFINED_CURVE_FONT('continuous');
#4336=COLOUR_RGB('',0.97486799955368,1.0,0.854254007339478);
#4337=CARTESIAN_POINT('',(1.725,4.25,0.675));
#4338=CARTESIAN_POINT('',(2.25,4.25,0.675));
#4339=VECTOR('',#6891,0.525);
#4340=DRAUGHTING_PRE_DEFINED_CURVE_FONT('continuous');
#4341=COLOUR_RGB('',0.97486799955368,1.0,0.854254007339478);
#4342=CARTESIAN_POINT('',(1.725,4.25,1.725));
#4343=CARTESIAN_POINT('',(1.725,4.25,0.675));
#4344=VECTOR('',#6892,1.05);
#4345=DRAUGHTING_PRE_DEFINED_CURVE_FONT('continuous');
#4346=COLOUR_RGB('',0.97486799955368,1.0,0.854254007339478);
#4347=CARTESIAN_POINT('',(-1.725,4.25,1.725));
#4348=CARTESIAN_POINT('',(1.725,4.25,1.725));
#4349=VECTOR('',#6893,3.45);
#4350=DRAUGHTING_PRE_DEFINED_CURVE_FONT('continuous');
#4351=COLOUR_RGB('',0.97486799955368,1.0,0.854254007339478);
#4352=CARTESIAN_POINT('',(-1.725,4.25,0.675));
#4353=CARTESIAN_POINT('',(-1.725,4.25,1.725));
#4354=VECTOR('',#6894,1.05);
#4355=DRAUGHTING_PRE_DEFINED_CURVE_FONT('continuous');
#4356=COLOUR_RGB('',0.97486799955368,1.0,0.854254007339478);
#4357=CARTESIAN_POINT('',(-2.25,4.25,0.675));
#4358=CARTESIAN_POINT('',(-1.725,4.25,0.675));
#4359=VECTOR('',#6895,0.525);
#4360=DRAUGHTING_PRE_DEFINED_CURVE_FONT('continuous');
#4361=COLOUR_RGB('',0.97486799955368,1.0,0.854254007339478);
#4362=CARTESIAN_POINT('',(-2.25,4.25,-0.275));
#4363=CARTESIAN_POINT('',(-2.25,4.25,0.675));
#4364=VECTOR('',#6896,0.95);
#4365=DRAUGHTING_PRE_DEFINED_CURVE_FONT('continuous');
#4366=COLOUR_RGB('',0.97486799955368,1.0,0.854254007339478);
#4367=CARTESIAN_POINT('',(-1.725,4.25,-0.275));
#4368=CARTESIAN_POINT('',(-2.25,4.25,-0.275));
#4369=VECTOR('',#6897,0.525);
#4370=DRAUGHTING_PRE_DEFINED_CURVE_FONT('continuous');
#4371=COLOUR_RGB('',0.97486799955368,1.0,0.854254007339478);
#4372=CARTESIAN_POINT('',(-1.725,4.25,-0.675));
#4373=CARTESIAN_POINT('',(-1.725,4.25,-0.275));
#4374=VECTOR('',#6898,0.4);
#4375=DRAUGHTING_PRE_DEFINED_CURVE_FONT('continuous');
#4376=COLOUR_RGB('',0.97486799955368,1.0,0.854254007339478);
#4377=CARTESIAN_POINT('',(1.725,4.25,-0.675));
#4378=CARTESIAN_POINT('',(-1.725,4.25,-0.675));
#4379=VECTOR('',#6899,3.45);
#4380=DRAUGHTING_PRE_DEFINED_CURVE_FONT('continuous');
#4381=COLOUR_RGB('',0.97486799955368,1.0,0.854254007339478);
#4382=CARTESIAN_POINT('',(1.725,4.25,-0.675));
#4383=VECTOR('',#6900,0.4);
#4384=DRAUGHTING_PRE_DEFINED_CURVE_FONT('continuous');
#4385=COLOUR_RGB('',0.97486799955368,1.0,0.854254007339478);
#4386=CARTESIAN_POINT('',(1.625,4.05,-0.175));
#4387=CARTESIAN_POINT('',(1.625,4.05,-0.175));
#4388=VECTOR('',#6901,0.2449489742783);
#4389=DRAUGHTING_PRE_DEFINED_CURVE_FONT('continuous');
#4390=COLOUR_RGB('',0.97486799955368,1.0,0.854254007339478);
#4391=CARTESIAN_POINT('',(1.625,4.05,-0.575));
#4392=CARTESIAN_POINT('',(1.625,4.05,-0.575));
#4393=VECTOR('',#6902,0.2449489742783);
#4394=DRAUGHTING_PRE_DEFINED_CURVE_FONT('continuous');
#4395=COLOUR_RGB('',0.97486799955368,1.0,0.854254007339478);
#4396=CARTESIAN_POINT('',(1.625,4.05,-0.575));
#4397=VECTOR('',#6903,0.4);
#4398=DRAUGHTING_PRE_DEFINED_CURVE_FONT('continuous');
#4399=COLOUR_RGB('',0.97486799955368,1.0,0.854254007339478);
#4400=CARTESIAN_POINT('',(1.625,1.2,-0.575));
#4401=CARTESIAN_POINT('',(1.625,4.05,-0.575));
#4402=VECTOR('',#6904,2.85);
#4403=DRAUGHTING_PRE_DEFINED_CURVE_FONT('continuous');
#4404=COLOUR_RGB('',0.97486799955368,1.0,0.854254007339478);
#4405=CARTESIAN_POINT('',(1.625,1.2,-0.175));
#4406=CARTESIAN_POINT('',(1.625,1.2,-0.175));
#4407=VECTOR('',#6905,0.4);
#4408=DRAUGHTING_PRE_DEFINED_CURVE_FONT('continuous');
#4409=COLOUR_RGB('',0.97486799955368,1.0,0.854254007339478);
#4410=CARTESIAN_POINT('',(1.625,4.05,-0.175));
#4411=VECTOR('',#6906,2.85);
#4412=DRAUGHTING_PRE_DEFINED_CURVE_FONT('continuous');
#4413=COLOUR_RGB('',0.97486799955368,1.0,0.854254007339478);
#4414=CARTESIAN_POINT('',(1.625,4.05,0.575));
#4415=CARTESIAN_POINT('',(1.625,1.2,0.575));
#4416=CARTESIAN_POINT('',(1.625,4.05,0.575));
#4417=VECTOR('',#6907,2.85);
#4418=DRAUGHTING_PRE_DEFINED_CURVE_FONT('continuous');
#4419=COLOUR_RGB('',0.97486799955368,1.0,0.854254007339478);
#4420=CARTESIAN_POINT('',(1.625,1.2,1.625));
#4421=CARTESIAN_POINT('',(1.625,1.2,1.625));
#4422=VECTOR('',#6908,1.05);
#4423=DRAUGHTING_PRE_DEFINED_CURVE_FONT('continuous');
#4424=COLOUR_RGB('',0.97486799955368,1.0,0.854254007339478);
#4425=CARTESIAN_POINT('',(1.625,4.05,1.625));
#4426=CARTESIAN_POINT('',(1.625,4.05,1.625));
#4427=VECTOR('',#6909,2.85);
#4428=DRAUGHTING_PRE_DEFINED_CURVE_FONT('continuous');
#4429=COLOUR_RGB('',0.97486799955368,1.0,0.854254007339478);
#4430=CARTESIAN_POINT('',(1.625,4.05,0.575));
#4431=VECTOR('',#6910,1.05);
#4432=DRAUGHTING_PRE_DEFINED_CURVE_FONT('continuous');
#4433=COLOUR_RGB('',0.97486799955368,1.0,0.854254007339478);
#4434=CARTESIAN_POINT('',(2.15,1.2,-0.175));
#4435=CARTESIAN_POINT('',(2.15,1.2,-0.175));
#4436=VECTOR('',#6911,0.525);
#4437=DRAUGHTING_PRE_DEFINED_CURVE_FONT('continuous');
#4438=COLOUR_RGB('',0.97486799955368,1.0,0.854254007339478);
#4439=CARTESIAN_POINT('',(2.15,4.05,-0.175));
#4440=CARTESIAN_POINT('',(2.15,4.05,-0.175));
#4441=VECTOR('',#6912,2.85);
#4442=DRAUGHTING_PRE_DEFINED_CURVE_FONT('continuous');
#4443=COLOUR_RGB('',0.97486799955368,1.0,0.854254007339478);
#4444=CARTESIAN_POINT('',(1.625,4.05,-0.175));
#4445=VECTOR('',#6913,0.525);
#4446=DRAUGHTING_PRE_DEFINED_CURVE_FONT('continuous');
#4447=COLOUR_RGB('',0.97486799955368,1.0,0.854254007339478);
#4448=CARTESIAN_POINT('',(-2.15,4.05,-0.175));
#4449=CARTESIAN_POINT('',(-2.15,1.2,-0.175));
#4450=CARTESIAN_POINT('',(-2.15,4.05,-0.175));
#4451=VECTOR('',#6914,2.85);
#4452=DRAUGHTING_PRE_DEFINED_CURVE_FONT('continuous');
#4453=COLOUR_RGB('',0.97486799955368,1.0,0.854254007339478);
#4454=CARTESIAN_POINT('',(-1.625,1.2,-0.175));
#4455=CARTESIAN_POINT('',(-1.625,1.2,-0.175));
#4456=VECTOR('',#6915,0.525);
#4457=DRAUGHTING_PRE_DEFINED_CURVE_FONT('continuous');
#4458=COLOUR_RGB('',0.97486799955368,1.0,0.854254007339478);
#4459=CARTESIAN_POINT('',(-1.625,4.05,-0.175));
#4460=CARTESIAN_POINT('',(-1.625,4.05,-0.175));
#4461=VECTOR('',#6916,2.85);
#4462=DRAUGHTING_PRE_DEFINED_CURVE_FONT('continuous');
#4463=COLOUR_RGB('',0.97486799955368,1.0,0.854254007339478);
#4464=CARTESIAN_POINT('',(-2.15,4.05,-0.175));
#4465=VECTOR('',#6917,0.525);
#4466=DRAUGHTING_PRE_DEFINED_CURVE_FONT('continuous');
#4467=COLOUR_RGB('',0.97486799955368,1.0,0.854254007339478);
#4468=CARTESIAN_POINT('',(2.15,4.05,-0.175));
#4469=VECTOR('',#6918,0.2449489742783);
#4470=DRAUGHTING_PRE_DEFINED_CURVE_FONT('continuous');
#4471=COLOUR_RGB('',0.97486799955368,1.0,0.854254007339478);
#4472=CARTESIAN_POINT('',(2.15,4.05,0.575));
#4473=CARTESIAN_POINT('',(2.15,4.05,-0.175));
#4474=VECTOR('',#6919,0.75);
#4475=DRAUGHTING_PRE_DEFINED_CURVE_FONT('continuous');
#4476=COLOUR_RGB('',0.97486799955368,1.0,0.854254007339478);
#4477=CARTESIAN_POINT('',(2.15,4.05,0.575));
#4478=VECTOR('',#6920,0.2449489742783);
#4479=DRAUGHTING_PRE_DEFINED_CURVE_FONT('continuous');
#4480=COLOUR_RGB('',0.97486799955368,1.0,0.854254007339478);
#4481=CARTESIAN_POINT('',(2.15,4.05,0.575));
#4482=VECTOR('',#6921,0.525);
#4483=DRAUGHTING_PRE_DEFINED_CURVE_FONT('continuous');
#4484=COLOUR_RGB('',0.97486799955368,1.0,0.854254007339478);
#4485=CARTESIAN_POINT('',(1.625,4.05,0.575));
#4486=VECTOR('',#6922,0.2449489742783);
#4487=DRAUGHTING_PRE_DEFINED_CURVE_FONT('continuous');
#4488=COLOUR_RGB('',0.97486799955368,1.0,0.854254007339478);
#4489=CARTESIAN_POINT('',(1.625,4.05,1.625));
#4490=VECTOR('',#6923,0.2449489742783);
#4491=DRAUGHTING_PRE_DEFINED_CURVE_FONT('continuous');
#4492=COLOUR_RGB('',0.97486799955368,1.0,0.854254007339478);
#4493=CARTESIAN_POINT('',(-1.625,4.05,1.625));
#4494=CARTESIAN_POINT('',(1.625,4.05,1.625));
#4495=VECTOR('',#6924,3.25);
#4496=DRAUGHTING_PRE_DEFINED_CURVE_FONT('continuous');
#4497=COLOUR_RGB('',0.97486799955368,1.0,0.854254007339478);
#4498=CARTESIAN_POINT('',(-1.625,4.05,1.625));
#4499=VECTOR('',#6925,0.2449489742783);
#4500=DRAUGHTING_PRE_DEFINED_CURVE_FONT('continuous');
#4501=COLOUR_RGB('',0.97486799955368,1.0,0.854254007339478);
#4502=CARTESIAN_POINT('',(-1.625,4.05,0.575));
#4503=CARTESIAN_POINT('',(-1.625,4.05,0.575));
#4504=VECTOR('',#6926,0.2449489742783);
#4505=DRAUGHTING_PRE_DEFINED_CURVE_FONT('continuous');
#4506=COLOUR_RGB('',0.97486799955368,1.0,0.854254007339478);
#4507=CARTESIAN_POINT('',(-1.625,4.05,1.625));
#4508=VECTOR('',#6927,1.05);
#4509=DRAUGHTING_PRE_DEFINED_CURVE_FONT('continuous');
#4510=COLOUR_RGB('',0.97486799955368,1.0,0.854254007339478);
#4511=CARTESIAN_POINT('',(-1.625,1.2,1.625));
#4512=CARTESIAN_POINT('',(-1.625,4.05,1.625));
#4513=VECTOR('',#6928,2.85);
#4514=DRAUGHTING_PRE_DEFINED_CURVE_FONT('continuous');
#4515=COLOUR_RGB('',0.97486799955368,1.0,0.854254007339478);
#4516=CARTESIAN_POINT('',(-1.625,1.2,0.575));
#4517=CARTESIAN_POINT('',(-1.625,1.2,0.575));
#4518=VECTOR('',#6929,1.05);
#4519=DRAUGHTING_PRE_DEFINED_CURVE_FONT('continuous');
#4520=COLOUR_RGB('',0.97486799955368,1.0,0.854254007339478);
#4521=CARTESIAN_POINT('',(-1.625,4.05,0.575));
#4522=VECTOR('',#6930,2.85);
#4523=DRAUGHTING_PRE_DEFINED_CURVE_FONT('continuous');
#4524=COLOUR_RGB('',0.97486799955368,1.0,0.854254007339478);
#4525=CARTESIAN_POINT('',(-1.625,1.2,-0.575));
#4526=CARTESIAN_POINT('',(-1.625,1.2,-0.575));
#4527=VECTOR('',#6931,0.4);
#4528=DRAUGHTING_PRE_DEFINED_CURVE_FONT('continuous');
#4529=COLOUR_RGB('',0.97486799955368,1.0,0.854254007339478);
#4530=CARTESIAN_POINT('',(-1.625,4.05,-0.575));
#4531=CARTESIAN_POINT('',(-1.625,4.05,-0.575));
#4532=VECTOR('',#6932,2.85);
#4533=DRAUGHTING_PRE_DEFINED_CURVE_FONT('continuous');
#4534=COLOUR_RGB('',0.97486799955368,1.0,0.854254007339478);
#4535=CARTESIAN_POINT('',(-1.625,4.05,-0.175));
#4536=VECTOR('',#6933,0.4);
#4537=DRAUGHTING_PRE_DEFINED_CURVE_FONT('continuous');
#4538=COLOUR_RGB('',0.97486799955368,1.0,0.854254007339478);
#4539=CARTESIAN_POINT('',(2.15,1.2,0.575));
#4540=CARTESIAN_POINT('',(2.15,4.05,0.575));
#4541=VECTOR('',#6934,2.85);
#4542=DRAUGHTING_PRE_DEFINED_CURVE_FONT('continuous');
#4543=COLOUR_RGB('',0.97486799955368,1.0,0.854254007339478);
#4544=CARTESIAN_POINT('',(1.625,1.2,0.575));
#4545=VECTOR('',#6935,0.525);
#4546=DRAUGHTING_PRE_DEFINED_CURVE_FONT('continuous');
#4547=COLOUR_RGB('',0.97486799955368,1.0,0.854254007339478);
#4548=CARTESIAN_POINT('',(-2.15,1.2,0.575));
#4549=CARTESIAN_POINT('',(-2.15,1.2,0.575));
#4550=VECTOR('',#6936,0.525);
#4551=DRAUGHTING_PRE_DEFINED_CURVE_FONT('continuous');
#4552=COLOUR_RGB('',0.97486799955368,1.0,0.854254007339478);
#4553=CARTESIAN_POINT('',(-2.15,4.05,0.575));
#4554=CARTESIAN_POINT('',(-2.15,4.05,0.575));
#4555=VECTOR('',#6937,2.85);
#4556=DRAUGHTING_PRE_DEFINED_CURVE_FONT('continuous');
#4557=COLOUR_RGB('',0.97486799955368,1.0,0.854254007339478);
#4558=CARTESIAN_POINT('',(-1.625,4.05,0.575));
#4559=VECTOR('',#6938,0.525);
#4560=DRAUGHTING_PRE_DEFINED_CURVE_FONT('continuous');
#4561=COLOUR_RGB('',0.97486799955368,1.0,0.854254007339478);
#4562=CARTESIAN_POINT('',(1.625,1.2,-0.575));
#4563=VECTOR('',#6939,3.25);
#4564=DRAUGHTING_PRE_DEFINED_CURVE_FONT('continuous');
#4565=COLOUR_RGB('',0.97486799955368,1.0,0.854254007339478);
#4566=CARTESIAN_POINT('',(-2.15,1.2,-0.175));
#4567=VECTOR('',#6940,0.75);
#4568=DRAUGHTING_PRE_DEFINED_CURVE_FONT('continuous');
#4569=COLOUR_RGB('',0.97486799955368,1.0,0.854254007339478);
#4570=CARTESIAN_POINT('',(-1.625,1.2,1.625));
#4571=VECTOR('',#6941,3.25);
#4572=DRAUGHTING_PRE_DEFINED_CURVE_FONT('continuous');
#4573=COLOUR_RGB('',0.97486799955368,1.0,0.854254007339478);
#4574=CARTESIAN_POINT('',(2.15,1.2,0.575));
#4575=VECTOR('',#6942,0.75);
#4576=DRAUGHTING_PRE_DEFINED_CURVE_FONT('continuous');
#4577=COLOUR_RGB('',0.97486799955368,1.0,0.854254007339478);
#4578=CARTESIAN_POINT('',(-0.89,1.2,1.425));
#4579=CARTESIAN_POINT('',(-1.11,1.2,1.425));
#4580=VECTOR('',#6943,0.22);
#4581=DRAUGHTING_PRE_DEFINED_CURVE_FONT('continuous');
#4582=COLOUR_RGB('',0.97486799955368,1.0,0.854254007339478);
#4583=CARTESIAN_POINT('',(-0.89,1.2,1.025));
#4584=CARTESIAN_POINT('',(-1.11,1.2,1.025));
#4585=VECTOR('',#6944,0.22);
#4586=DRAUGHTING_PRE_DEFINED_CURVE_FONT('continuous');
#4587=COLOUR_RGB('',0.97486799955368,1.0,0.854254007339478);
#4588=CARTESIAN_POINT('',(-0.89,1.2,1.025));
#4589=VECTOR('',#6945,0.4);
#4590=DRAUGHTING_PRE_DEFINED_CURVE_FONT('continuous');
#4591=COLOUR_RGB('',0.97486799955368,1.0,0.854254007339478);
#4592=CARTESIAN_POINT('',(-0.89,1.2,0.225));
#4593=CARTESIAN_POINT('',(-1.11,1.2,0.225));
#4594=VECTOR('',#6946,0.22);
#4595=DRAUGHTING_PRE_DEFINED_CURVE_FONT('continuous');
#4596=COLOUR_RGB('',0.97486799955368,1.0,0.854254007339478);
#4597=CARTESIAN_POINT('',(-0.89,1.2,-0.225));
#4598=CARTESIAN_POINT('',(-1.11,1.2,-0.225));
#4599=VECTOR('',#6947,0.22);
#4600=DRAUGHTING_PRE_DEFINED_CURVE_FONT('continuous');
#4601=COLOUR_RGB('',0.97486799955368,1.0,0.854254007339478);
#4602=CARTESIAN_POINT('',(-0.89,1.2,-0.225));
#4603=VECTOR('',#6948,0.45);
#4604=DRAUGHTING_PRE_DEFINED_CURVE_FONT('continuous');
#4605=COLOUR_RGB('',0.97486799955368,1.0,0.854254007339478);
#4606=CARTESIAN_POINT('',(-0.11,1.2,1.425));
#4607=CARTESIAN_POINT('',(0.11,1.2,1.425));
#4608=CARTESIAN_POINT('',(-0.11,1.2,1.425));
#4609=VECTOR('',#6949,0.22);
#4610=DRAUGHTING_PRE_DEFINED_CURVE_FONT('continuous');
#4611=COLOUR_RGB('',0.97486799955368,1.0,0.854254007339478);
#4612=CARTESIAN_POINT('',(-0.11,1.2,1.025));
#4613=CARTESIAN_POINT('',(-0.11,1.2,1.425));
#4614=VECTOR('',#6950,0.4);
#4615=DRAUGHTING_PRE_DEFINED_CURVE_FONT('continuous');
#4616=COLOUR_RGB('',0.97486799955368,1.0,0.854254007339478);
#4617=CARTESIAN_POINT('',(0.11,1.2,1.025));
#4618=CARTESIAN_POINT('',(-0.11,1.2,1.025));
#4619=VECTOR('',#6951,0.22);
#4620=DRAUGHTING_PRE_DEFINED_CURVE_FONT('continuous');
#4621=COLOUR_RGB('',0.97486799955368,1.0,0.854254007339478);
#4622=CARTESIAN_POINT('',(0.11,1.2,1.425));
#4623=VECTOR('',#6952,0.4);
#4624=DRAUGHTING_PRE_DEFINED_CURVE_FONT('continuous');
#4625=COLOUR_RGB('',0.97486799955368,1.0,0.854254007339478);
#4626=CARTESIAN_POINT('',(-0.11,1.2,0.225));
#4627=CARTESIAN_POINT('',(0.11,1.2,0.225));
#4628=CARTESIAN_POINT('',(-0.11,1.2,0.225));
#4629=VECTOR('',#6953,0.22);
#4630=DRAUGHTING_PRE_DEFINED_CURVE_FONT('continuous');
#4631=COLOUR_RGB('',0.97486799955368,1.0,0.854254007339478);
#4632=CARTESIAN_POINT('',(-0.11,1.2,-0.225));
#4633=CARTESIAN_POINT('',(-0.11,1.2,0.225));
#4634=VECTOR('',#6954,0.45);
#4635=DRAUGHTING_PRE_DEFINED_CURVE_FONT('continuous');
#4636=COLOUR_RGB('',0.97486799955368,1.0,0.854254007339478);
#4637=CARTESIAN_POINT('',(0.11,1.2,-0.225));
#4638=CARTESIAN_POINT('',(-0.11,1.2,-0.225));
#4639=VECTOR('',#6955,0.22);
#4640=DRAUGHTING_PRE_DEFINED_CURVE_FONT('continuous');
#4641=COLOUR_RGB('',0.97486799955368,1.0,0.854254007339478);
#4642=CARTESIAN_POINT('',(0.11,1.2,0.225));
#4643=VECTOR('',#6956,0.45);
#4644=DRAUGHTING_PRE_DEFINED_CURVE_FONT('continuous');
#4645=COLOUR_RGB('',0.97486799955368,1.0,0.854254007339478);
#4646=CARTESIAN_POINT('',(0.89,1.2,1.425));
#4647=CARTESIAN_POINT('',(0.89,1.2,1.425));
#4648=VECTOR('',#6957,0.22);
#4649=DRAUGHTING_PRE_DEFINED_CURVE_FONT('continuous');
#4650=COLOUR_RGB('',0.97486799955368,1.0,0.854254007339478);
#4651=CARTESIAN_POINT('',(0.89,1.2,1.025));
#4652=CARTESIAN_POINT('',(0.89,1.2,1.425));
#4653=VECTOR('',#6958,0.4);
#4654=DRAUGHTING_PRE_DEFINED_CURVE_FONT('continuous');
#4655=COLOUR_RGB('',0.97486799955368,1.0,0.854254007339478);
#4656=CARTESIAN_POINT('',(0.89,1.2,1.025));
#4657=VECTOR('',#6959,0.22);
#4658=DRAUGHTING_PRE_DEFINED_CURVE_FONT('continuous');
#4659=COLOUR_RGB('',0.97486799955368,1.0,0.854254007339478);
#4660=CARTESIAN_POINT('',(0.89,1.2,0.225));
#4661=CARTESIAN_POINT('',(0.89,1.2,0.225));
#4662=VECTOR('',#6960,0.22);
#4663=DRAUGHTING_PRE_DEFINED_CURVE_FONT('continuous');
#4664=COLOUR_RGB('',0.97486799955368,1.0,0.854254007339478);
#4665=CARTESIAN_POINT('',(0.89,1.2,-0.225));
#4666=CARTESIAN_POINT('',(0.89,1.2,0.225));
#4667=VECTOR('',#6961,0.45);
#4668=DRAUGHTING_PRE_DEFINED_CURVE_FONT('continuous');
#4669=COLOUR_RGB('',0.97486799955368,1.0,0.854254007339478);
#4670=CARTESIAN_POINT('',(0.89,1.2,-0.225));
#4671=VECTOR('',#6962,0.22);
#4672=DRAUGHTING_PRE_DEFINED_CURVE_FONT('continuous');
#4673=COLOUR_RGB('',0.97486799955368,1.0,0.854254007339478);
#4674=CARTESIAN_POINT('',(-2.15,4.05,0.575));
#4675=VECTOR('',#6963,0.75);
#4676=DRAUGHTING_PRE_DEFINED_CURVE_FONT('continuous');
#4677=COLOUR_RGB('',0.97486799955368,1.0,0.854254007339478);
#4678=CARTESIAN_POINT('',(-2.15,4.05,-0.175));
#4679=VECTOR('',#6964,0.2449489742783);
#4680=DRAUGHTING_PRE_DEFINED_CURVE_FONT('continuous');
#4681=COLOUR_RGB('',0.97486799955368,1.0,0.854254007339478);
#4682=CARTESIAN_POINT('',(-2.15,4.05,0.575));
#4683=VECTOR('',#6965,0.2449489742783);
#4684=DRAUGHTING_PRE_DEFINED_CURVE_FONT('continuous');
#4685=COLOUR_RGB('',0.97486799955368,1.0,0.854254007339478);
#4686=CARTESIAN_POINT('',(-1.625,4.05,-0.175));
#4687=VECTOR('',#6966,0.2449489742783);
#4688=DRAUGHTING_PRE_DEFINED_CURVE_FONT('continuous');
#4689=COLOUR_RGB('',0.97486799955368,1.0,0.854254007339478);
#4690=CARTESIAN_POINT('',(-1.625,4.05,-0.575));
#4691=VECTOR('',#6967,0.2449489742783);
#4692=DRAUGHTING_PRE_DEFINED_CURVE_FONT('continuous');
#4693=COLOUR_RGB('',0.97486799955368,1.0,0.854254007339478);
#4694=CARTESIAN_POINT('',(-1.625,4.05,-0.575));
#4695=VECTOR('',#6968,3.25);
#4696=DRAUGHTING_PRE_DEFINED_CURVE_FONT('continuous');
#4697=COLOUR_RGB('',0.97486799955368,1.0,0.854254007339478);
#4698=CARTESIAN_POINT('',(-0.89,0.65,1.425));
#4699=CARTESIAN_POINT('',(-0.89,0.65,1.425));
#4700=VECTOR('',#6969,0.5);
#4701=DRAUGHTING_PRE_DEFINED_CURVE_FONT('continuous');
#4702=COLOUR_RGB('',0.97486799955368,1.0,0.854254007339478);
#4703=CARTESIAN_POINT('',(-0.89,1.2,1.425));
#4704=VECTOR('',#6970,0.55);
#4705=DRAUGHTING_PRE_DEFINED_CURVE_FONT('continuous');
#4706=COLOUR_RGB('',0.97486799955368,1.0,0.854254007339478);
#4707=CARTESIAN_POINT('',(-0.89,0.65,1.025));
#4708=CARTESIAN_POINT('',(-0.89,0.65,1.025));
#4709=VECTOR('',#6971,0.55);
#4710=DRAUGHTING_PRE_DEFINED_CURVE_FONT('continuous');
#4711=COLOUR_RGB('',0.97486799955368,1.0,0.854254007339478);
#4712=CARTESIAN_POINT('',(-0.89,0.65,0.225));
#4713=CARTESIAN_POINT('',(-0.89,0.65,0.225));
#4714=VECTOR('',#6972,0.8);
#4715=DRAUGHTING_PRE_DEFINED_CURVE_FONT('continuous');
#4716=COLOUR_RGB('',0.97486799955368,1.0,0.854254007339478);
#4717=CARTESIAN_POINT('',(-0.89,1.2,0.225));
#4718=VECTOR('',#6973,0.55);
#4719=DRAUGHTING_PRE_DEFINED_CURVE_FONT('continuous');
#4720=COLOUR_RGB('',0.97486799955368,1.0,0.854254007339478);
#4721=CARTESIAN_POINT('',(-0.89,0.65,-0.225));
#4722=CARTESIAN_POINT('',(-0.89,0.65,-0.225));
#4723=VECTOR('',#6974,0.55);
#4724=DRAUGHTING_PRE_DEFINED_CURVE_FONT('continuous');
#4725=COLOUR_RGB('',0.97486799955368,1.0,0.854254007339478);
#4726=CARTESIAN_POINT('',(-0.89,0.65,-0.675));
#4727=VECTOR('',#6975,0.45);
#4728=DRAUGHTING_PRE_DEFINED_CURVE_FONT('continuous');
#4729=COLOUR_RGB('',0.97486799955368,1.0,0.854254007339478);
#4730=CARTESIAN_POINT('',(-0.89,0.2,1.925));
#4731=VECTOR('',#6976,2.6);
#4732=DRAUGHTING_PRE_DEFINED_CURVE_FONT('continuous');
#4733=COLOUR_RGB('',0.97486799955368,1.0,0.854254007339478);
#4734=CARTESIAN_POINT('',(0.11,0.65,-0.225));
#4735=CARTESIAN_POINT('',(0.11,0.65,-0.675));
#4736=VECTOR('',#6977,0.45);
#4737=DRAUGHTING_PRE_DEFINED_CURVE_FONT('continuous');
#4738=COLOUR_RGB('',0.97486799955368,1.0,0.854254007339478);
#4739=CARTESIAN_POINT('',(-0.11,0.65,-0.225));
#4740=CARTESIAN_POINT('',(0.11,0.65,-0.225));
#4741=VECTOR('',#6978,0.22);
#4742=DRAUGHTING_PRE_DEFINED_CURVE_FONT('continuous');
#4743=COLOUR_RGB('',0.97486799955368,1.0,0.854254007339478);
#4744=CARTESIAN_POINT('',(-0.11,0.65,-0.675));
#4745=VECTOR('',#6979,0.45);
#4746=DRAUGHTING_PRE_DEFINED_CURVE_FONT('continuous');
#4747=COLOUR_RGB('',0.97486799955368,1.0,0.854254007339478);
#4748=CARTESIAN_POINT('',(-0.89,0.65,-0.225));
#4749=VECTOR('',#6980,0.22);
#4750=DRAUGHTING_PRE_DEFINED_CURVE_FONT('continuous');
#4751=COLOUR_RGB('',0.97486799955368,1.0,0.854254007339478);
#4752=CARTESIAN_POINT('',(-2.025,0.65,-0.675));
#4753=VECTOR('',#6981,0.25);
#4754=DRAUGHTING_PRE_DEFINED_CURVE_FONT('continuous');
#4755=COLOUR_RGB('',0.97486799955368,1.0,0.854254007339478);
#4756=CARTESIAN_POINT('',(2.025,0.65,-0.675));
#4757=VECTOR('',#6982,0.25);
#4758=DRAUGHTING_PRE_DEFINED_CURVE_FONT('continuous');
#4759=COLOUR_RGB('',0.97486799955368,1.0,0.854254007339478);
#4760=CARTESIAN_POINT('',(0.89,0.65,-0.225));
#4761=CARTESIAN_POINT('',(1.11,0.65,-0.225));
#4762=VECTOR('',#6983,0.22);
#4763=DRAUGHTING_PRE_DEFINED_CURVE_FONT('continuous');
#4764=COLOUR_RGB('',0.97486799955368,1.0,0.854254007339478);
#4765=CARTESIAN_POINT('',(0.89,0.65,-0.675));
#4766=VECTOR('',#6984,0.45);
#4767=DRAUGHTING_PRE_DEFINED_CURVE_FONT('continuous');
#4768=COLOUR_RGB('',0.97486799955368,1.0,0.854254007339478);
#4769=CARTESIAN_POINT('',(0.89,0.65,-0.225));
#4770=VECTOR('',#6985,0.55);
#4771=DRAUGHTING_PRE_DEFINED_CURVE_FONT('continuous');
#4772=COLOUR_RGB('',0.97486799955368,1.0,0.854254007339478);
#4773=CARTESIAN_POINT('',(0.89,0.65,0.225));
#4774=CARTESIAN_POINT('',(0.89,1.2,0.225));
#4775=VECTOR('',#6986,0.55);
#4776=DRAUGHTING_PRE_DEFINED_CURVE_FONT('continuous');
#4777=COLOUR_RGB('',0.97486799955368,1.0,0.854254007339478);
#4778=CARTESIAN_POINT('',(0.89,0.65,1.025));
#4779=CARTESIAN_POINT('',(0.89,0.65,0.225));
#4780=VECTOR('',#6987,0.8);
#4781=DRAUGHTING_PRE_DEFINED_CURVE_FONT('continuous');
#4782=COLOUR_RGB('',0.97486799955368,1.0,0.854254007339478);
#4783=CARTESIAN_POINT('',(0.89,0.65,1.025));
#4784=VECTOR('',#6988,0.55);
#4785=DRAUGHTING_PRE_DEFINED_CURVE_FONT('continuous');
#4786=COLOUR_RGB('',0.97486799955368,1.0,0.854254007339478);
#4787=CARTESIAN_POINT('',(0.89,0.65,1.425));
#4788=CARTESIAN_POINT('',(0.89,1.2,1.425));
#4789=VECTOR('',#6989,0.55);
#4790=DRAUGHTING_PRE_DEFINED_CURVE_FONT('continuous');
#4791=COLOUR_RGB('',0.97486799955368,1.0,0.854254007339478);
#4792=CARTESIAN_POINT('',(0.89,0.65,1.425));
#4793=VECTOR('',#6990,0.5);
#4794=DRAUGHTING_PRE_DEFINED_CURVE_FONT('continuous');
#4795=COLOUR_RGB('',0.97486799955368,1.0,0.854254007339478);
#4796=CARTESIAN_POINT('',(0.89,0.2,-0.675));
#4797=VECTOR('',#6991,2.6);
#4798=DRAUGHTING_PRE_DEFINED_CURVE_FONT('continuous');
#4799=COLOUR_RGB('',0.97486799955368,1.0,0.854254007339478);
#4800=CARTESIAN_POINT('',(1.11,0.65,1.425));
#4801=VECTOR('',#6992,0.22);
#4802=DRAUGHTING_PRE_DEFINED_CURVE_FONT('continuous');
#4803=COLOUR_RGB('',0.97486799955368,1.0,0.854254007339478);
#4804=CARTESIAN_POINT('',(1.11,0.65,1.025));
#4805=VECTOR('',#6993,0.22);
#4806=DRAUGHTING_PRE_DEFINED_CURVE_FONT('continuous');
#4807=COLOUR_RGB('',0.97486799955368,1.0,0.854254007339478);
#4808=CARTESIAN_POINT('',(1.11,0.65,0.225));
#4809=VECTOR('',#6994,0.22);
#4810=DRAUGHTING_PRE_DEFINED_CURVE_FONT('continuous');
#4811=COLOUR_RGB('',0.97486799955368,1.0,0.854254007339478);
#4812=CARTESIAN_POINT('',(2.025,2.15,-0.675));
#4813=CARTESIAN_POINT('',(2.025,2.15,-0.925));
#4814=VECTOR('',#6995,0.25);
#4815=DRAUGHTING_PRE_DEFINED_CURVE_FONT('continuous');
#4816=COLOUR_RGB('',0.97486799955368,1.0,0.854254007339478);
#4817=CARTESIAN_POINT('',(2.025,2.95,-0.675));
#4818=CARTESIAN_POINT('',(2.025,2.15,-0.675));
#4819=VECTOR('',#6996,0.8);
#4820=DRAUGHTING_PRE_DEFINED_CURVE_FONT('continuous');
#4821=COLOUR_RGB('',0.97486799955368,1.0,0.854254007339478);
#4822=CARTESIAN_POINT('',(2.025,2.95,-0.325));
#4823=CARTESIAN_POINT('',(2.025,2.95,-0.675));
#4824=VECTOR('',#6997,0.35);
#4825=DRAUGHTING_PRE_DEFINED_CURVE_FONT('continuous');
#4826=COLOUR_RGB('',0.97486799955368,1.0,0.854254007339478);
#4827=CARTESIAN_POINT('',(2.025,0.95,-0.325));
#4828=CARTESIAN_POINT('',(2.025,2.95,-0.325));
#4829=VECTOR('',#6998,2.0);
#4830=DRAUGHTING_PRE_DEFINED_CURVE_FONT('continuous');
#4831=COLOUR_RGB('',0.97486799955368,1.0,0.854254007339478);
#4832=CARTESIAN_POINT('',(2.025,0.95,0.775));
#4833=CARTESIAN_POINT('',(2.025,0.95,-0.325));
#4834=VECTOR('',#6999,1.1);
#4835=DRAUGHTING_PRE_DEFINED_CURVE_FONT('continuous');
#4836=COLOUR_RGB('',0.97486799955368,1.0,0.854254007339478);
#4837=CARTESIAN_POINT('',(2.025,0.95,0.775));
#4838=VECTOR('',#7000,3.3);
#4839=DRAUGHTING_PRE_DEFINED_CURVE_FONT('continuous');
#4840=COLOUR_RGB('',0.97486799955368,1.0,0.854254007339478);
#4841=CARTESIAN_POINT('',(2.025,2.85,1.725));
#4842=CARTESIAN_POINT('',(2.025,2.85,1.925));
#4843=VECTOR('',#7001,0.2);
#4844=DRAUGHTING_PRE_DEFINED_CURVE_FONT('continuous');
#4845=COLOUR_RGB('',0.97486799955368,1.0,0.854254007339478);
#4846=CARTESIAN_POINT('',(2.025,2.85,1.725));
#4847=VECTOR('',#7002,2.85);
#4848=DRAUGHTING_PRE_DEFINED_CURVE_FONT('continuous');
#4849=COLOUR_RGB('',0.97486799955368,1.0,0.854254007339478);
#4850=CARTESIAN_POINT('',(2.025,2.85,1.725));
#4851=VECTOR('',#7003,0.2);
#4852=DRAUGHTING_PRE_DEFINED_CURVE_FONT('continuous');
#4853=COLOUR_RGB('',0.97486799955368,1.0,0.854254007339478);
#4854=CARTESIAN_POINT('',(2.5,2.85,1.725));
#4855=CARTESIAN_POINT('',(2.5,2.85,1.925));
#4856=VECTOR('',#7004,0.2);
#4857=DRAUGHTING_PRE_DEFINED_CURVE_FONT('continuous');
#4858=COLOUR_RGB('',0.97486799955368,1.0,0.854254007339478);
#4859=CARTESIAN_POINT('',(2.5,2.85,1.725));
#4860=VECTOR('',#7005,0.275);
#4861=DRAUGHTING_PRE_DEFINED_CURVE_FONT('continuous');
#4862=COLOUR_RGB('',0.97486799955368,1.0,0.854254007339478);
#4863=CARTESIAN_POINT('',(2.5,4.05,1.725));
#4864=CARTESIAN_POINT('',(2.5,4.05,1.725));
#4865=VECTOR('',#7006,1.2);
#4866=DRAUGHTING_PRE_DEFINED_CURVE_FONT('continuous');
#4867=COLOUR_RGB('',0.97486799955368,1.0,0.854254007339478);
#4868=CARTESIAN_POINT('',(2.5,4.05,1.725));
#4869=VECTOR('',#7007,0.275);
#4870=DRAUGHTING_PRE_DEFINED_CURVE_FONT('continuous');
#4871=COLOUR_RGB('',0.97486799955368,1.0,0.854254007339478);
#4872=CARTESIAN_POINT('',(2.5,4.05,0.775));
#4873=CARTESIAN_POINT('',(2.5,4.05,1.725));
#4874=VECTOR('',#7008,0.95);
#4875=DRAUGHTING_PRE_DEFINED_CURVE_FONT('continuous');
#4876=COLOUR_RGB('',0.97486799955368,1.0,0.854254007339478);
#4877=CARTESIAN_POINT('',(2.5,4.05,0.775));
#4878=VECTOR('',#7009,0.275);
#4879=DRAUGHTING_PRE_DEFINED_CURVE_FONT('continuous');
#4880=COLOUR_RGB('',0.97486799955368,1.0,0.854254007339478);
#4881=CARTESIAN_POINT('',(2.5,4.25,0.775));
#4882=VECTOR('',#7010,0.2);
#4883=DRAUGHTING_PRE_DEFINED_CURVE_FONT('continuous');
#4884=COLOUR_RGB('',0.97486799955368,1.0,0.854254007339478);
#4885=CARTESIAN_POINT('',(2.025,0.95,0.775));
#4886=VECTOR('',#7011,0.2);
#4887=DRAUGHTING_PRE_DEFINED_CURVE_FONT('continuous');
#4888=COLOUR_RGB('',0.97486799955368,1.0,0.854254007339478);
#4889=CARTESIAN_POINT('',(2.025,0.95,-0.325));
#4890=VECTOR('',#7012,0.2);
#4891=DRAUGHTING_PRE_DEFINED_CURVE_FONT('continuous');
#4892=COLOUR_RGB('',0.97486799955368,1.0,0.854254007339478);
#4893=CARTESIAN_POINT('',(2.025,2.95,-0.325));
#4894=VECTOR('',#7013,0.2);
#4895=DRAUGHTING_PRE_DEFINED_CURVE_FONT('continuous');
#4896=COLOUR_RGB('',0.97486799955368,1.0,0.854254007339478);
#4897=CARTESIAN_POINT('',(2.025,2.95,-0.675));
#4898=VECTOR('',#7014,0.2);
#4899=DRAUGHTING_PRE_DEFINED_CURVE_FONT('continuous');
#4900=COLOUR_RGB('',0.97486799955368,1.0,0.854254007339478);
#4901=CARTESIAN_POINT('',(2.025,2.15,-0.675));
#4902=VECTOR('',#7015,0.2);
#4903=DRAUGHTING_PRE_DEFINED_CURVE_FONT('continuous');
#4904=COLOUR_RGB('',0.97486799955368,1.0,0.854254007339478);
#4905=CARTESIAN_POINT('',(2.5,0.25,0.675));
#4906=CARTESIAN_POINT('',(2.5,0.0,0.675));
#4907=VECTOR('',#7016,0.25);
#4908=DRAUGHTING_PRE_DEFINED_CURVE_FONT('continuous');
#4909=COLOUR_RGB('',0.97486799955368,1.0,0.854254007339478);
#4910=CARTESIAN_POINT('',(2.5,0.25,-0.675));
#4911=VECTOR('',#7017,1.35);
#4912=DRAUGHTING_PRE_DEFINED_CURVE_FONT('continuous');
#4913=COLOUR_RGB('',0.97486799955368,1.0,0.854254007339478);
#4914=CARTESIAN_POINT('',(2.5,1.0,-0.925));
#4915=VECTOR('',#7018,0.25);
#4916=DRAUGHTING_PRE_DEFINED_CURVE_FONT('continuous');
#4917=COLOUR_RGB('',0.97486799955368,1.0,0.854254007339478);
#4918=CARTESIAN_POINT('',(2.5,0.25,0.675));
#4919=VECTOR('',#7019,0.275);
#4920=DRAUGHTING_PRE_DEFINED_CURVE_FONT('continuous');
#4921=COLOUR_RGB('',0.97486799955368,1.0,0.854254007339478);
#4922=CARTESIAN_POINT('',(-2.025,0.95,0.775));
#4923=CARTESIAN_POINT('',(-2.025,4.25,0.775));
#4924=VECTOR('',#7020,3.3);
#4925=DRAUGHTING_PRE_DEFINED_CURVE_FONT('continuous');
#4926=COLOUR_RGB('',0.97486799955368,1.0,0.854254007339478);
#4927=CARTESIAN_POINT('',(-2.025,0.95,-0.325));
#4928=CARTESIAN_POINT('',(-2.025,0.95,-0.325));
#4929=VECTOR('',#7021,1.1);
#4930=DRAUGHTING_PRE_DEFINED_CURVE_FONT('continuous');
#4931=COLOUR_RGB('',0.97486799955368,1.0,0.854254007339478);
#4932=CARTESIAN_POINT('',(-2.025,2.95,-0.325));
#4933=CARTESIAN_POINT('',(-2.025,2.95,-0.325));
#4934=VECTOR('',#7022,2.0);
#4935=DRAUGHTING_PRE_DEFINED_CURVE_FONT('continuous');
#4936=COLOUR_RGB('',0.97486799955368,1.0,0.854254007339478);
#4937=CARTESIAN_POINT('',(-2.025,2.95,-0.675));
#4938=CARTESIAN_POINT('',(-2.025,2.95,-0.675));
#4939=VECTOR('',#7023,0.35);
#4940=DRAUGHTING_PRE_DEFINED_CURVE_FONT('continuous');
#4941=COLOUR_RGB('',0.97486799955368,1.0,0.854254007339478);
#4942=CARTESIAN_POINT('',(-2.025,2.15,-0.675));
#4943=CARTESIAN_POINT('',(-2.025,2.15,-0.675));
#4944=VECTOR('',#7024,0.8);
#4945=DRAUGHTING_PRE_DEFINED_CURVE_FONT('continuous');
#4946=COLOUR_RGB('',0.97486799955368,1.0,0.854254007339478);
#4947=CARTESIAN_POINT('',(-2.025,2.15,-0.925));
#4948=VECTOR('',#7025,0.25);
#4949=DRAUGHTING_PRE_DEFINED_CURVE_FONT('continuous');
#4950=COLOUR_RGB('',0.97486799955368,1.0,0.854254007339478);
#4951=CARTESIAN_POINT('',(-2.025,2.85,1.725));
#4952=CARTESIAN_POINT('',(-2.025,2.85,1.725));
#4953=VECTOR('',#7026,2.85);
#4954=DRAUGHTING_PRE_DEFINED_CURVE_FONT('continuous');
#4955=COLOUR_RGB('',0.97486799955368,1.0,0.854254007339478);
#4956=CARTESIAN_POINT('',(-2.025,2.85,1.925));
#4957=VECTOR('',#7027,0.2);
#4958=DRAUGHTING_PRE_DEFINED_CURVE_FONT('continuous');
#4959=COLOUR_RGB('',0.97486799955368,1.0,0.854254007339478);
#4960=CARTESIAN_POINT('',(-2.5,2.85,1.725));
#4961=CARTESIAN_POINT('',(-2.5,2.85,1.925));
#4962=VECTOR('',#7028,0.2);
#4963=DRAUGHTING_PRE_DEFINED_CURVE_FONT('continuous');
#4964=COLOUR_RGB('',0.97486799955368,1.0,0.854254007339478);
#4965=CARTESIAN_POINT('',(-2.225,2.85,1.725));
#4966=CARTESIAN_POINT('',(-2.025,2.85,1.725));
#4967=VECTOR('',#7029,0.2);
#4968=DRAUGHTING_PRE_DEFINED_CURVE_FONT('continuous');
#4969=COLOUR_RGB('',0.97486799955368,1.0,0.854254007339478);
#4970=CARTESIAN_POINT('',(-2.5,2.85,1.725));
#4971=VECTOR('',#7030,0.275);
#4972=DRAUGHTING_PRE_DEFINED_CURVE_FONT('continuous');
#4973=COLOUR_RGB('',0.97486799955368,1.0,0.854254007339478);
#4974=CARTESIAN_POINT('',(-2.5,4.05,1.725));
#4975=CARTESIAN_POINT('',(-2.225,4.05,1.725));
#4976=CARTESIAN_POINT('',(-2.5,4.05,1.725));
#4977=VECTOR('',#7031,0.275);
#4978=DRAUGHTING_PRE_DEFINED_CURVE_FONT('continuous');
#4979=COLOUR_RGB('',0.97486799955368,1.0,0.854254007339478);
#4980=CARTESIAN_POINT('',(-2.5,4.05,1.725));
#4981=VECTOR('',#7032,1.2);
#4982=DRAUGHTING_PRE_DEFINED_CURVE_FONT('continuous');
#4983=COLOUR_RGB('',0.97486799955368,1.0,0.854254007339478);
#4984=CARTESIAN_POINT('',(-2.225,2.85,1.725));
#4985=VECTOR('',#7033,1.2);
#4986=DRAUGHTING_PRE_DEFINED_CURVE_FONT('continuous');
#4987=COLOUR_RGB('',0.97486799955368,1.0,0.854254007339478);
#4988=CARTESIAN_POINT('',(-2.225,2.15,-0.675));
#4989=CARTESIAN_POINT('',(-2.225,2.15,-0.925));
#4990=VECTOR('',#7034,0.25);
#4991=DRAUGHTING_PRE_DEFINED_CURVE_FONT('continuous');
#4992=COLOUR_RGB('',0.97486799955368,1.0,0.854254007339478);
#4993=CARTESIAN_POINT('',(-2.225,2.95,-0.675));
#4994=CARTESIAN_POINT('',(-2.225,2.15,-0.675));
#4995=VECTOR('',#7035,0.8);
#4996=DRAUGHTING_PRE_DEFINED_CURVE_FONT('continuous');
#4997=COLOUR_RGB('',0.97486799955368,1.0,0.854254007339478);
#4998=CARTESIAN_POINT('',(-2.225,2.95,-0.325));
#4999=CARTESIAN_POINT('',(-2.225,2.95,-0.675));
#5000=VECTOR('',#7036,0.35);
#5001=DRAUGHTING_PRE_DEFINED_CURVE_FONT('continuous');
#5002=COLOUR_RGB('',0.97486799955368,1.0,0.854254007339478);
#5003=CARTESIAN_POINT('',(-2.225,0.95,-0.325));
#5004=CARTESIAN_POINT('',(-2.225,2.95,-0.325));
#5005=VECTOR('',#7037,2.0);
#5006=DRAUGHTING_PRE_DEFINED_CURVE_FONT('continuous');
#5007=COLOUR_RGB('',0.97486799955368,1.0,0.854254007339478);
#5008=CARTESIAN_POINT('',(-2.225,0.95,0.775));
#5009=CARTESIAN_POINT('',(-2.225,0.95,-0.325));
#5010=VECTOR('',#7038,1.1);
#5011=DRAUGHTING_PRE_DEFINED_CURVE_FONT('continuous');
#5012=COLOUR_RGB('',0.97486799955368,1.0,0.854254007339478);
#5013=CARTESIAN_POINT('',(-2.225,4.05,0.775));
#5014=CARTESIAN_POINT('',(-2.225,0.95,0.775));
#5015=VECTOR('',#7039,3.1);
#5016=DRAUGHTING_PRE_DEFINED_CURVE_FONT('continuous');
#5017=COLOUR_RGB('',0.97486799955368,1.0,0.854254007339478);
#5018=CARTESIAN_POINT('',(-2.225,4.05,1.725));
#5019=VECTOR('',#7040,0.95);
#5020=DRAUGHTING_PRE_DEFINED_CURVE_FONT('continuous');
#5021=COLOUR_RGB('',0.97486799955368,1.0,0.854254007339478);
#5022=CARTESIAN_POINT('',(-2.225,2.85,1.725));
#5023=VECTOR('',#7041,2.85);
#5024=DRAUGHTING_PRE_DEFINED_CURVE_FONT('continuous');
#5025=COLOUR_RGB('',0.97486799955368,1.0,0.854254007339478);
#5026=CARTESIAN_POINT('',(-2.225,0.25,0.675));
#5027=CARTESIAN_POINT('',(-2.225,0.25,0.675));
#5028=VECTOR('',#7042,0.25);
#5029=DRAUGHTING_PRE_DEFINED_CURVE_FONT('continuous');
#5030=COLOUR_RGB('',0.97486799955368,1.0,0.854254007339478);
#5031=CARTESIAN_POINT('',(-2.225,0.25,-0.675));
#5032=VECTOR('',#7043,1.35);
#5033=DRAUGHTING_PRE_DEFINED_CURVE_FONT('continuous');
#5034=COLOUR_RGB('',0.97486799955368,1.0,0.854254007339478);
#5035=CARTESIAN_POINT('',(-2.225,1.0,-0.925));
#5036=VECTOR('',#7044,0.25);
#5037=DRAUGHTING_PRE_DEFINED_CURVE_FONT('continuous');
#5038=COLOUR_RGB('',0.97486799955368,1.0,0.854254007339478);
#5039=CARTESIAN_POINT('',(-2.5,1.0,-0.925));
#5040=VECTOR('',#7045,0.25);
#5041=DRAUGHTING_PRE_DEFINED_CURVE_FONT('continuous');
#5042=COLOUR_RGB('',0.97486799955368,1.0,0.854254007339478);
#5043=CARTESIAN_POINT('',(-2.5,0.25,0.675));
#5044=CARTESIAN_POINT('',(-2.5,0.25,-0.675));
#5045=VECTOR('',#7046,1.35);
#5046=DRAUGHTING_PRE_DEFINED_CURVE_FONT('continuous');
#5047=COLOUR_RGB('',0.97486799955368,1.0,0.854254007339478);
#5048=CARTESIAN_POINT('',(-2.5,0.0,0.675));
#5049=VECTOR('',#7047,0.25);
#5050=DRAUGHTING_PRE_DEFINED_CURVE_FONT('continuous');
#5051=COLOUR_RGB('',0.97486799955368,1.0,0.854254007339478);
#5052=CARTESIAN_POINT('',(-2.5,4.05,0.775));
#5053=CARTESIAN_POINT('',(-2.5,4.05,1.725));
#5054=VECTOR('',#7048,0.95);
#5055=DRAUGHTING_PRE_DEFINED_CURVE_FONT('continuous');
#5056=COLOUR_RGB('',0.97486799955368,1.0,0.854254007339478);
#5057=CARTESIAN_POINT('',(-2.5,4.25,0.775));
#5058=VECTOR('',#7049,0.2);
#5059=DRAUGHTING_PRE_DEFINED_CURVE_FONT('continuous');
#5060=COLOUR_RGB('',0.97486799955368,1.0,0.854254007339478);
#5061=CARTESIAN_POINT('',(-2.5,4.05,0.775));
#5062=VECTOR('',#7050,0.275);
#5063=DRAUGHTING_PRE_DEFINED_CURVE_FONT('continuous');
#5064=COLOUR_RGB('',0.97486799955368,1.0,0.854254007339478);
#5065=CARTESIAN_POINT('',(-2.025,0.95,0.775));
#5066=VECTOR('',#7051,0.2);
#5067=DRAUGHTING_PRE_DEFINED_CURVE_FONT('continuous');
#5068=COLOUR_RGB('',0.97486799955368,1.0,0.854254007339478);
#5069=CARTESIAN_POINT('',(-2.025,0.95,-0.325));
#5070=VECTOR('',#7052,0.2);
#5071=DRAUGHTING_PRE_DEFINED_CURVE_FONT('continuous');
#5072=COLOUR_RGB('',0.97486799955368,1.0,0.854254007339478);
#5073=CARTESIAN_POINT('',(-2.025,2.95,-0.325));
#5074=VECTOR('',#7053,0.2);
#5075=DRAUGHTING_PRE_DEFINED_CURVE_FONT('continuous');
#5076=COLOUR_RGB('',0.97486799955368,1.0,0.854254007339478);
#5077=CARTESIAN_POINT('',(-2.025,2.95,-0.675));
#5078=VECTOR('',#7054,0.2);
#5079=DRAUGHTING_PRE_DEFINED_CURVE_FONT('continuous');
#5080=COLOUR_RGB('',0.97486799955368,1.0,0.854254007339478);
#5081=CARTESIAN_POINT('',(-2.025,2.15,-0.675));
#5082=VECTOR('',#7055,0.2);
#5083=DRAUGHTING_PRE_DEFINED_CURVE_FONT('continuous');
#5084=COLOUR_RGB('',0.97486799955368,1.0,0.854254007339478);
#5085=CARTESIAN_POINT('',(-2.5,0.25,0.675));
#5086=VECTOR('',#7056,0.275);
#5087=DRAUGHTING_PRE_DEFINED_CURVE_FONT('continuous');
#5088=COLOUR_RGB('',0.97486799955368,1.0,0.854254007339478);
#5089=CARTESIAN_POINT('',(-0.11,0.65,-0.225));
#5090=VECTOR('',#7057,0.55);
#5091=DRAUGHTING_PRE_DEFINED_CURVE_FONT('continuous');
#5092=COLOUR_RGB('',0.97486799955368,1.0,0.854254007339478);
#5093=CARTESIAN_POINT('',(-0.11,0.65,0.225));
#5094=CARTESIAN_POINT('',(-0.11,1.2,0.225));
#5095=VECTOR('',#7058,0.55);
#5096=DRAUGHTING_PRE_DEFINED_CURVE_FONT('continuous');
#5097=COLOUR_RGB('',0.97486799955368,1.0,0.854254007339478);
#5098=CARTESIAN_POINT('',(-0.11,0.65,1.025));
#5099=CARTESIAN_POINT('',(-0.11,0.65,0.225));
#5100=VECTOR('',#7059,0.8);
#5101=DRAUGHTING_PRE_DEFINED_CURVE_FONT('continuous');
#5102=COLOUR_RGB('',0.97486799955368,1.0,0.854254007339478);
#5103=CARTESIAN_POINT('',(-0.11,0.65,1.025));
#5104=VECTOR('',#7060,0.55);
#5105=DRAUGHTING_PRE_DEFINED_CURVE_FONT('continuous');
#5106=COLOUR_RGB('',0.97486799955368,1.0,0.854254007339478);
#5107=CARTESIAN_POINT('',(-0.11,0.65,1.425));
#5108=CARTESIAN_POINT('',(-0.11,1.2,1.425));
#5109=VECTOR('',#7061,0.55);
#5110=DRAUGHTING_PRE_DEFINED_CURVE_FONT('continuous');
#5111=COLOUR_RGB('',0.97486799955368,1.0,0.854254007339478);
#5112=CARTESIAN_POINT('',(-0.11,0.65,1.425));
#5113=VECTOR('',#7062,0.5);
#5114=DRAUGHTING_PRE_DEFINED_CURVE_FONT('continuous');
#5115=COLOUR_RGB('',0.97486799955368,1.0,0.854254007339478);
#5116=CARTESIAN_POINT('',(-0.11,0.2,-0.675));
#5117=VECTOR('',#7063,2.6);
#5118=DRAUGHTING_PRE_DEFINED_CURVE_FONT('continuous');
#5119=COLOUR_RGB('',0.97486799955368,1.0,0.854254007339478);
#5120=CARTESIAN_POINT('',(0.11,0.65,1.425));
#5121=CARTESIAN_POINT('',(0.11,0.65,1.425));
#5122=VECTOR('',#7064,0.22);
#5123=DRAUGHTING_PRE_DEFINED_CURVE_FONT('continuous');
#5124=COLOUR_RGB('',0.97486799955368,1.0,0.854254007339478);
#5125=CARTESIAN_POINT('',(0.11,0.65,1.425));
#5126=VECTOR('',#7065,0.5);
#5127=DRAUGHTING_PRE_DEFINED_CURVE_FONT('continuous');
#5128=COLOUR_RGB('',0.97486799955368,1.0,0.854254007339478);
#5129=CARTESIAN_POINT('',(0.11,1.2,1.425));
#5130=VECTOR('',#7066,0.55);
#5131=DRAUGHTING_PRE_DEFINED_CURVE_FONT('continuous');
#5132=COLOUR_RGB('',0.97486799955368,1.0,0.854254007339478);
#5133=CARTESIAN_POINT('',(0.11,0.65,1.025));
#5134=CARTESIAN_POINT('',(0.11,0.65,1.025));
#5135=VECTOR('',#7067,0.55);
#5136=DRAUGHTING_PRE_DEFINED_CURVE_FONT('continuous');
#5137=COLOUR_RGB('',0.97486799955368,1.0,0.854254007339478);
#5138=CARTESIAN_POINT('',(0.11,0.65,0.225));
#5139=CARTESIAN_POINT('',(0.11,0.65,0.225));
#5140=VECTOR('',#7068,0.8);
#5141=DRAUGHTING_PRE_DEFINED_CURVE_FONT('continuous');
#5142=COLOUR_RGB('',0.97486799955368,1.0,0.854254007339478);
#5143=CARTESIAN_POINT('',(0.11,1.2,0.225));
#5144=VECTOR('',#7069,0.55);
#5145=DRAUGHTING_PRE_DEFINED_CURVE_FONT('continuous');
#5146=COLOUR_RGB('',0.97486799955368,1.0,0.854254007339478);
#5147=CARTESIAN_POINT('',(0.11,0.65,-0.225));
#5148=VECTOR('',#7070,0.55);
#5149=DRAUGHTING_PRE_DEFINED_CURVE_FONT('continuous');
#5150=COLOUR_RGB('',0.97486799955368,1.0,0.854254007339478);
#5151=CARTESIAN_POINT('',(0.11,0.2,1.925));
#5152=VECTOR('',#7071,2.6);
#5153=DRAUGHTING_PRE_DEFINED_CURVE_FONT('continuous');
#5154=COLOUR_RGB('',0.97486799955368,1.0,0.854254007339478);
#5155=CARTESIAN_POINT('',(0.11,0.65,0.225));
#5156=VECTOR('',#7072,0.22);
#5157=DRAUGHTING_PRE_DEFINED_CURVE_FONT('continuous');
#5158=COLOUR_RGB('',0.97486799955368,1.0,0.854254007339478);
#5159=CARTESIAN_POINT('',(0.11,0.65,1.025));
#5160=VECTOR('',#7073,0.22);
#5161=DRAUGHTING_PRE_DEFINED_CURVE_FONT('continuous');
#5162=COLOUR_RGB('',0.97486799955368,1.0,0.854254007339478);
#5163=CARTESIAN_POINT('',(-0.89,0.65,0.225));
#5164=VECTOR('',#7074,0.22);
#5165=DRAUGHTING_PRE_DEFINED_CURVE_FONT('continuous');
#5166=COLOUR_RGB('',0.97486799955368,1.0,0.854254007339478);
#5167=CARTESIAN_POINT('',(-0.89,0.65,1.025));
#5168=VECTOR('',#7075,0.22);
#5169=DRAUGHTING_PRE_DEFINED_CURVE_FONT('continuous');
#5170=COLOUR_RGB('',0.97486799955368,1.0,0.854254007339478);
#5171=CARTESIAN_POINT('',(-0.89,0.65,1.425));
#5172=VECTOR('',#7076,0.22);
#5173=DRAUGHTING_PRE_DEFINED_CURVE_FONT('continuous');
#5174=COLOUR_RGB('',0.97486799955368,1.0,0.854254007339478);
#5175=CARTESIAN_POINT('',(-2.0,3.75,-0.875));
#5176=VECTOR('',#7077,0.5773502691896);
#5177=DRAUGHTING_PRE_DEFINED_CURVE_FONT('continuous');
#5178=COLOUR_RGB('',0.97486799955368,1.0,0.854254007339478);
#5179=CARTESIAN_POINT('',(1.6,1.1,1.975));
#5180=CARTESIAN_POINT('',(1.6,4.25,1.975));
#5181=VECTOR('',#7078,3.15);
#5182=DRAUGHTING_PRE_DEFINED_CURVE_FONT('continuous');
#5183=COLOUR_RGB('',0.97486799955368,1.0,0.854254007339478);
#5184=CARTESIAN_POINT('',(1.6,1.1,1.975));
#5185=VECTOR('',#7079,0.05);
#5186=DRAUGHTING_PRE_DEFINED_CURVE_FONT('continuous');
#5187=COLOUR_RGB('',0.97486799955368,1.0,0.854254007339478);
#5188=CARTESIAN_POINT('',(0.5,1.1,1.975));
#5189=CARTESIAN_POINT('',(0.5,1.1,1.975));
#5190=VECTOR('',#7080,0.05);
#5191=DRAUGHTING_PRE_DEFINED_CURVE_FONT('continuous');
#5192=COLOUR_RGB('',0.97486799955368,1.0,0.854254007339478);
#5193=CARTESIAN_POINT('',(1.6,1.1,1.975));
#5194=VECTOR('',#7081,1.1);
#5195=DRAUGHTING_PRE_DEFINED_CURVE_FONT('continuous');
#5196=COLOUR_RGB('',0.97486799955368,1.0,0.854254007339478);
#5197=CARTESIAN_POINT('',(0.5,4.25,1.975));
#5198=VECTOR('',#7082,3.15);
#5199=DRAUGHTING_PRE_DEFINED_CURVE_FONT('continuous');
#5200=COLOUR_RGB('',0.97486799955368,1.0,0.854254007339478);
#5201=CARTESIAN_POINT('',(-1.6,1.1,1.975));
#5202=CARTESIAN_POINT('',(-1.6,4.25,1.975));
#5203=VECTOR('',#7083,3.15);
#5204=DRAUGHTING_PRE_DEFINED_CURVE_FONT('continuous');
#5205=COLOUR_RGB('',0.97486799955368,1.0,0.854254007339478);
#5206=CARTESIAN_POINT('',(-0.5,1.1,1.975));
#5207=CARTESIAN_POINT('',(-0.5,1.1,1.975));
#5208=VECTOR('',#7084,1.1);
#5209=DRAUGHTING_PRE_DEFINED_CURVE_FONT('continuous');
#5210=COLOUR_RGB('',0.97486799955368,1.0,0.854254007339478);
#5211=CARTESIAN_POINT('',(-0.5,4.25,1.975));
#5212=VECTOR('',#7085,3.15);
#5213=DRAUGHTING_PRE_DEFINED_CURVE_FONT('continuous');
#5214=COLOUR_RGB('',0.97486799955368,1.0,0.854254007339478);
#5215=CARTESIAN_POINT('',(-0.5,1.1,1.975));
#5216=VECTOR('',#7086,0.05);
#5217=DRAUGHTING_PRE_DEFINED_CURVE_FONT('continuous');
#5218=COLOUR_RGB('',0.97486799955368,1.0,0.854254007339478);
#5219=CARTESIAN_POINT('',(-1.6,1.1,1.975));
#5220=VECTOR('',#7087,0.05);
#5221=SURFACE_SIDE_STYLE('',(#7088));
#5222=ADVANCED_FACE('',(#7089),#7090,.F.);
#5223=ADVANCED_FACE('',(#7091),#7092,.F.);
#5224=ADVANCED_FACE('',(#7093),#7094,.F.);
#5225=ADVANCED_FACE('',(#7095),#7096,.F.);
#5226=ADVANCED_FACE('',(#7097),#7098,.T.);
#5227=ADVANCED_FACE('',(#7099),#7100,.T.);
#5228=ADVANCED_FACE('',(#7101),#7102,.T.);
#5229=ADVANCED_FACE('',(#7103),#7104,.T.);
#5230=ADVANCED_FACE('',(#7105),#7106,.F.);
#5231=ADVANCED_FACE('',(#7107),#7108,.F.);
#5232=ADVANCED_FACE('',(#7109),#7110,.F.);
#5233=ADVANCED_FACE('',(#7111),#7112,.F.);
#5234=ADVANCED_FACE('',(#7113),#7114,.F.);
#5235=ADVANCED_FACE('',(#7115),#7116,.F.);
#5236=ADVANCED_FACE('',(#7117),#7118,.F.);
#5237=ADVANCED_FACE('',(#7119),#7120,.F.);
#5238=ADVANCED_FACE('',(#7121),#7122,.T.);
#5239=ADVANCED_FACE('',(#7123),#7124,.F.);
#5240=ADVANCED_FACE('',(#7125,#7126),#7127,.T.);
#5241=ADVANCED_FACE('',(#7128),#7129,.T.);
#5242=ADVANCED_FACE('',(#7130),#7131,.F.);
#5243=ADVANCED_FACE('',(#7132),#7133,.F.);
#5244=ADVANCED_FACE('',(#7134),#7135,.F.);
#5245=ADVANCED_FACE('',(#7136),#7137,.F.);
#5246=ADVANCED_FACE('',(#7138),#7139,.T.);
#5247=ADVANCED_FACE('',(#7140),#7141,.T.);
#5248=ADVANCED_FACE('',(#7142),#7143,.T.);
#5249=ADVANCED_FACE('',(#7144),#7145,.T.);
#5250=ADVANCED_FACE('',(#7146),#7147,.T.);
#5251=ADVANCED_FACE('',(#7148),#7149,.T.);
#5252=ADVANCED_FACE('',(#7150),#7151,.F.);
#5253=ADVANCED_FACE('',(#7152),#7153,.F.);
#5254=ADVANCED_FACE('',(#7154),#7155,.F.);
#5255=ADVANCED_FACE('',(#7156),#7157,.F.);
#5256=ADVANCED_FACE('',(#7158,#7159,#7160,#7161,#7162,#7163,#7164),#7165,.T.);
#5257=ADVANCED_FACE('',(#7166),#7167,.F.);
#5258=ADVANCED_FACE('',(#7168),#7169,.F.);
#5259=ADVANCED_FACE('',(#7170),#7171,.F.);
#5260=ADVANCED_FACE('',(#7172),#7173,.T.);
#5261=ADVANCED_FACE('',(#7174),#7175,.T.);
#5262=ADVANCED_FACE('',(#7176),#7177,.T.);
#5263=ADVANCED_FACE('',(#7178),#7179,.T.);
#5264=ADVANCED_FACE('',(#7180),#7181,.T.);
#5265=ADVANCED_FACE('',(#7182),#7183,.F.);
#5266=ADVANCED_FACE('',(#7184),#7185,.F.);
#5267=ADVANCED_FACE('',(#7186),#7187,.T.);
#5268=ADVANCED_FACE('',(#7188),#7189,.F.);
#5269=ADVANCED_FACE('',(#7190),#7191,.T.);
#5270=ADVANCED_FACE('',(#7192),#7193,.T.);
#5271=ADVANCED_FACE('',(#7194),#7195,.F.);
#5272=ADVANCED_FACE('',(#7196),#7197,.F.);
#5273=ADVANCED_FACE('',(#7198),#7199,.F.);
#5274=ADVANCED_FACE('',(#7200),#7201,.F.);
#5275=ADVANCED_FACE('',(#7202),#7203,.F.);
#5276=ADVANCED_FACE('',(#7204),#7205,.F.);
#5277=ADVANCED_FACE('',(#7206),#7207,.T.);
#5278=ADVANCED_FACE('',(#7208),#7209,.F.);
#5279=ADVANCED_FACE('',(#7210),#7211,.F.);
#5280=ADVANCED_FACE('',(#7212),#7213,.F.);
#5281=ADVANCED_FACE('',(#7214),#7215,.F.);
#5282=ADVANCED_FACE('',(#7216),#7217,.F.);
#5283=ADVANCED_FACE('',(#7218),#7219,.F.);
#5284=ADVANCED_FACE('',(#7220),#7221,.F.);
#5285=ADVANCED_FACE('',(#7222),#7223,.F.);
#5286=ADVANCED_FACE('',(#7224),#7225,.F.);
#5287=ADVANCED_FACE('',(#7226),#7227,.F.);
#5288=ADVANCED_FACE('',(#7228),#7229,.T.);
#5289=ADVANCED_FACE('',(#7230),#7231,.F.);
#5290=ADVANCED_FACE('',(#7232),#7233,.F.);
#5291=ADVANCED_FACE('',(#7234),#7235,.F.);
#5292=ADVANCED_FACE('',(#7236),#7237,.F.);
#5293=ADVANCED_FACE('',(#7238),#7239,.T.);
#5294=ADVANCED_FACE('',(#7240),#7241,.T.);
#5295=ADVANCED_FACE('',(#7242),#7243,.T.);
#5296=ADVANCED_FACE('',(#7244),#7245,.T.);
#5297=ADVANCED_FACE('',(#7246),#7247,.T.);
#5298=ADVANCED_FACE('',(#7248),#7249,.T.);
#5299=ADVANCED_FACE('',(#7250),#7251,.T.);
#5300=ADVANCED_FACE('',(#7252),#7253,.T.);
#5301=ADVANCED_FACE('',(#7254),#7255,.T.);
#5302=ADVANCED_FACE('',(#7256),#7257,.T.);
#5303=ADVANCED_FACE('',(#7258),#7259,.T.);
#5304=ADVANCED_FACE('',(#7260),#7261,.T.);
#5305=ADVANCED_FACE('',(#7262),#7263,.T.);
#5306=ADVANCED_FACE('',(#7264),#7265,.T.);
#5307=ADVANCED_FACE('',(#7266),#7267,.T.);
#5308=ADVANCED_FACE('',(#7268),#7269,.F.);
#5309=ADVANCED_FACE('',(#7270),#7271,.T.);
#5310=ADVANCED_FACE('',(#7272),#7273,.T.);
#5311=ADVANCED_FACE('',(#7274),#7275,.F.);
#5312=ADVANCED_FACE('',(#7276),#7277,.F.);
#5313=ADVANCED_FACE('',(#7278),#7279,.T.);
#5314=ADVANCED_FACE('',(#7280),#7281,.F.);
#5315=ADVANCED_FACE('',(#7282),#7283,.F.);
#5316=ADVANCED_FACE('',(#7284),#7285,.F.);
#5317=ADVANCED_FACE('',(#7286),#7287,.F.);
#5318=ADVANCED_FACE('',(#7288),#7289,.F.);
#5319=ADVANCED_FACE('',(#7290),#7291,.F.);
#5320=ADVANCED_FACE('',(#7292),#7293,.F.);
#5321=ADVANCED_FACE('',(#7294),#7295,.F.);
#5322=ADVANCED_FACE('',(#7296),#7297,.F.);
#5323=ADVANCED_FACE('',(#7298),#7299,.F.);
#5324=ADVANCED_FACE('',(#7300),#7301,.T.);
#5325=ADVANCED_FACE('',(#7302),#7303,.F.);
#5326=ADVANCED_FACE('',(#7304),#7305,.F.);
#5327=ADVANCED_FACE('',(#7306),#7307,.F.);
#5328=ADVANCED_FACE('',(#7308),#7309,.T.);
#5329=ADVANCED_FACE('',(#7310),#7311,.T.);
#5330=ADVANCED_FACE('',(#7312),#7313,.F.);
#5331=ADVANCED_FACE('',(#7314),#7315,.F.);
#5332=ADVANCED_FACE('',(#7316),#7317,.F.);
#5333=ADVANCED_FACE('',(#7318),#7319,.F.);
#5334=DRAUGHTING_PRE_DEFINED_CURVE_FONT('continuous');
#5335=COLOUR_RGB('',0.927183985710144,0.927183985710144,0.927183985710144);
#5336=CARTESIAN_POINT('',(-0.9,-0.1,2.725));
#5337=CARTESIAN_POINT('',(-0.9,0.1,2.725));
#5338=CARTESIAN_POINT('',(-0.9,-0.1,2.725));
#5339=VECTOR('',#7320,0.2);
#5340=DRAUGHTING_PRE_DEFINED_CURVE_FONT('continuous');
#5341=COLOUR_RGB('',0.927183985710144,0.927183985710144,0.927183985710144);
#5342=CARTESIAN_POINT('',(-0.9,-0.1,1.925));
#5343=CARTESIAN_POINT('',(-0.9,-0.1,1.925));
#5344=VECTOR('',#7321,0.8);
#5345=DRAUGHTING_PRE_DEFINED_CURVE_FONT('continuous');
#5346=COLOUR_RGB('',0.927183985710144,0.927183985710144,0.927183985710144);
#5347=CARTESIAN_POINT('',(-0.9,0.15,1.725));
#5348=CARTESIAN_POINT('',(-0.9,0.15,1.725));
#5349=VECTOR('',#7322,0.3201562118716);
#5350=DRAUGHTING_PRE_DEFINED_CURVE_FONT('continuous');
#5351=COLOUR_RGB('',0.927183985710144,0.927183985710144,0.927183985710144);
#5352=CARTESIAN_POINT('',(-0.9,0.15,-0.375));
#5353=CARTESIAN_POINT('',(-0.9,0.15,-0.375));
#5354=VECTOR('',#7323,2.1);
#5355=DRAUGHTING_PRE_DEFINED_CURVE_FONT('continuous');
#5356=COLOUR_RGB('',0.927183985710144,0.927183985710144,0.927183985710144);
#5357=CARTESIAN_POINT('',(-0.9,0.65,-0.375));
#5358=CARTESIAN_POINT('',(-0.9,0.65,-0.375));
#5359=VECTOR('',#7324,0.5);
#5360=DRAUGHTING_PRE_DEFINED_CURVE_FONT('continuous');
#5361=COLOUR_RGB('',0.927183985710144,0.927183985710144,0.927183985710144);
#5362=CARTESIAN_POINT('',(-0.9,0.65,-0.225));
#5363=CARTESIAN_POINT('',(-0.9,0.65,-0.225));
#5364=VECTOR('',#7325,0.15);
#5365=DRAUGHTING_PRE_DEFINED_CURVE_FONT('continuous');
#5366=COLOUR_RGB('',0.927183985710144,0.927183985710144,0.927183985710144);
#5367=CARTESIAN_POINT('',(-0.9,2.901489196545,-0.1914671821791));
#5368=CARTESIAN_POINT('',(-0.9,2.901489196545,-0.1914671821791));
#5369=VECTOR('',#7326,2.251738895172);
#5370=DRAUGHTING_PRE_DEFINED_CURVE_FONT('continuous');
#5371=COLOUR_RGB('',0.927183985710144,0.927183985710144,0.927183985710144);
#5372=CARTESIAN_POINT('',(-0.9,3.0,-0.09147827132571));
#5373=CARTESIAN_POINT('',(-0.9,2.901489196545,-0.1914671821791));
#5374=VECTOR('',#7327,0.1403643854084);
#5375=DRAUGHTING_PRE_DEFINED_CURVE_FONT('continuous');
#5376=COLOUR_RGB('',0.927183985710144,0.927183985710144,0.927183985710144);
#5377=CARTESIAN_POINT('',(-0.9,3.0,0.09147827132571));
#5378=CARTESIAN_POINT('',(-0.9,3.0,0.09147827132571));
#5379=VECTOR('',#7328,0.1829565426514);
#5380=DRAUGHTING_PRE_DEFINED_CURVE_FONT('continuous');
#5381=COLOUR_RGB('',0.927183985710144,0.927183985710144,0.927183985710144);
#5382=CARTESIAN_POINT('',(-0.9,2.901489196545,0.1914671821791));
#5383=CARTESIAN_POINT('',(-0.9,3.0,0.09147827132571));
#5384=VECTOR('',#7329,0.1403643854084);
#5385=DRAUGHTING_PRE_DEFINED_CURVE_FONT('continuous');
#5386=COLOUR_RGB('',0.927183985710144,0.927183985710144,0.927183985710144);
#5387=CARTESIAN_POINT('',(-0.9,0.65,0.225));
#5388=CARTESIAN_POINT('',(-0.9,0.65,0.225));
#5389=VECTOR('',#7330,2.251738895171);
#5390=DRAUGHTING_PRE_DEFINED_CURVE_FONT('continuous');
#5391=COLOUR_RGB('',0.927183985710144,0.927183985710144,0.927183985710144);
#5392=CARTESIAN_POINT('',(-0.9,0.65,1.025));
#5393=CARTESIAN_POINT('',(-0.9,0.65,1.025));
#5394=VECTOR('',#7331,0.8);
#5395=DRAUGHTING_PRE_DEFINED_CURVE_FONT('continuous');
#5396=COLOUR_RGB('',0.927183985710144,0.927183985710144,0.927183985710144);
#5397=CARTESIAN_POINT('',(-0.9,1.2,1.025));
#5398=CARTESIAN_POINT('',(-0.9,1.2,1.025));
#5399=VECTOR('',#7332,0.55);
#5400=DRAUGHTING_PRE_DEFINED_CURVE_FONT('continuous');
#5401=COLOUR_RGB('',0.927183985710144,0.927183985710144,0.927183985710144);
#5402=CARTESIAN_POINT('',(-0.9,1.2,1.425));
#5403=CARTESIAN_POINT('',(-0.9,1.2,1.425));
#5404=VECTOR('',#7333,0.4);
#5405=DRAUGHTING_PRE_DEFINED_CURVE_FONT('continuous');
#5406=COLOUR_RGB('',0.927183985710144,0.927183985710144,0.927183985710144);
#5407=CARTESIAN_POINT('',(-0.9,0.65,1.425));
#5408=CARTESIAN_POINT('',(-0.9,0.65,1.425));
#5409=VECTOR('',#7334,0.55);
#5410=DRAUGHTING_PRE_DEFINED_CURVE_FONT('continuous');
#5411=COLOUR_RGB('',0.927183985710144,0.927183985710144,0.927183985710144);
#5412=CARTESIAN_POINT('',(-0.9,0.65,1.965));
#5413=CARTESIAN_POINT('',(-0.9,0.65,1.965));
#5414=VECTOR('',#7335,0.54);
#5415=DRAUGHTING_PRE_DEFINED_CURVE_FONT('continuous');
#5416=COLOUR_RGB('',0.927183985710144,0.927183985710144,0.927183985710144);
#5417=CARTESIAN_POINT('',(-0.9,0.2,2.325));
#5418=CARTESIAN_POINT('',(-0.9,0.2,2.325));
#5419=VECTOR('',#7336,0.576281181369);
#5420=DRAUGHTING_PRE_DEFINED_CURVE_FONT('continuous');
#5421=COLOUR_RGB('',0.927183985710144,0.927183985710144,0.927183985710144);
#5422=CARTESIAN_POINT('',(-0.9,0.2,2.625));
#5423=CARTESIAN_POINT('',(-0.9,0.2,2.625));
#5424=VECTOR('',#7337,0.3);
#5425=DRAUGHTING_PRE_DEFINED_CURVE_FONT('continuous');
#5426=COLOUR_RGB('',0.927183985710144,0.927183985710144,0.927183985710144);
#5427=CARTESIAN_POINT('',(-0.9,0.2,2.625));
#5428=VECTOR('',#7338,0.1414213562373);
#5429=DRAUGHTING_PRE_DEFINED_CURVE_FONT('continuous');
#5430=COLOUR_RGB('',0.927183985710144,0.927183985710144,0.927183985710144);
#5431=CARTESIAN_POINT('',(-1.1,0.2,2.625));
#5432=CARTESIAN_POINT('',(-1.1,0.2,2.625));
#5433=VECTOR('',#7339,0.2);
#5434=DRAUGHTING_PRE_DEFINED_CURVE_FONT('continuous');
#5435=COLOUR_RGB('',0.927183985710144,0.927183985710144,0.927183985710144);
#5436=CARTESIAN_POINT('',(-1.1,0.1,2.725));
#5437=CARTESIAN_POINT('',(-1.1,0.1,2.725));
#5438=VECTOR('',#7340,0.1414213562373);
#5439=DRAUGHTING_PRE_DEFINED_CURVE_FONT('continuous');
#5440=COLOUR_RGB('',0.927183985710144,0.927183985710144,0.927183985710144);
#5441=CARTESIAN_POINT('',(-1.1,0.1,2.725));
#5442=VECTOR('',#7341,0.2);
#5443=DRAUGHTING_PRE_DEFINED_CURVE_FONT('continuous');
#5444=COLOUR_RGB('',0.927183985710144,0.927183985710144,0.927183985710144);
#5445=CARTESIAN_POINT('',(-1.1,-0.1,2.725));
#5446=CARTESIAN_POINT('',(-1.1,-0.1,2.725));
#5447=VECTOR('',#7342,0.2);
#5448=DRAUGHTING_PRE_DEFINED_CURVE_FONT('continuous');
#5449=COLOUR_RGB('',0.927183985710144,0.927183985710144,0.927183985710144);
#5450=CARTESIAN_POINT('',(-0.9,-0.1,2.725));
#5451=VECTOR('',#7343,0.2);
#5452=DRAUGHTING_PRE_DEFINED_CURVE_FONT('continuous');
#5453=COLOUR_RGB('',0.927183985710144,0.927183985710144,0.927183985710144);
#5454=CARTESIAN_POINT('',(-1.1,-0.1,1.925));
#5455=CARTESIAN_POINT('',(-1.1,-0.1,1.925));
#5456=VECTOR('',#7344,0.8);
#5457=DRAUGHTING_PRE_DEFINED_CURVE_FONT('continuous');
#5458=COLOUR_RGB('',0.927183985710144,0.927183985710144,0.927183985710144);
#5459=CARTESIAN_POINT('',(-0.9,-0.1,1.925));
#5460=VECTOR('',#7345,0.2);
#5461=DRAUGHTING_PRE_DEFINED_CURVE_FONT('continuous');
#5462=COLOUR_RGB('',0.927183985710144,0.927183985710144,0.927183985710144);
#5463=CARTESIAN_POINT('',(-1.1,0.15,1.725));
#5464=CARTESIAN_POINT('',(-1.1,0.15,1.725));
#5465=VECTOR('',#7346,0.3201562118716);
#5466=DRAUGHTING_PRE_DEFINED_CURVE_FONT('continuous');
#5467=COLOUR_RGB('',0.927183985710144,0.927183985710144,0.927183985710144);
#5468=CARTESIAN_POINT('',(-0.9,0.15,1.725));
#5469=VECTOR('',#7347,0.2);
#5470=DRAUGHTING_PRE_DEFINED_CURVE_FONT('continuous');
#5471=COLOUR_RGB('',0.927183985710144,0.927183985710144,0.927183985710144);
#5472=CARTESIAN_POINT('',(-1.1,0.15,-0.375));
#5473=CARTESIAN_POINT('',(-1.1,0.15,-0.375));
#5474=VECTOR('',#7348,2.1);
#5475=DRAUGHTING_PRE_DEFINED_CURVE_FONT('continuous');
#5476=COLOUR_RGB('',0.927183985710144,0.927183985710144,0.927183985710144);
#5477=CARTESIAN_POINT('',(-0.9,0.15,-0.375));
#5478=VECTOR('',#7349,0.2);
#5479=DRAUGHTING_PRE_DEFINED_CURVE_FONT('continuous');
#5480=COLOUR_RGB('',0.927183985710144,0.927183985710144,0.927183985710144);
#5481=CARTESIAN_POINT('',(-1.1,0.65,-0.375));
#5482=CARTESIAN_POINT('',(-1.1,0.65,-0.375));
#5483=VECTOR('',#7350,0.5);
#5484=DRAUGHTING_PRE_DEFINED_CURVE_FONT('continuous');
#5485=COLOUR_RGB('',0.927183985710144,0.927183985710144,0.927183985710144);
#5486=CARTESIAN_POINT('',(-0.9,0.65,-0.375));
#5487=VECTOR('',#7351,0.2);
#5488=DRAUGHTING_PRE_DEFINED_CURVE_FONT('continuous');
#5489=COLOUR_RGB('',0.927183985710144,0.927183985710144,0.927183985710144);
#5490=CARTESIAN_POINT('',(-1.1,0.65,-0.225));
#5491=CARTESIAN_POINT('',(-1.1,0.65,-0.225));
#5492=VECTOR('',#7352,0.15);
#5493=DRAUGHTING_PRE_DEFINED_CURVE_FONT('continuous');
#5494=COLOUR_RGB('',0.927183985710144,0.927183985710144,0.927183985710144);
#5495=CARTESIAN_POINT('',(-0.9,0.65,-0.225));
#5496=VECTOR('',#7353,0.2);
#5497=DRAUGHTING_PRE_DEFINED_CURVE_FONT('continuous');
#5498=COLOUR_RGB('',0.927183985710144,0.927183985710144,0.927183985710144);
#5499=CARTESIAN_POINT('',(-1.1,2.901489196545,-0.1914671821791));
#5500=CARTESIAN_POINT('',(-1.1,2.901489196545,-0.1914671821791));
#5501=VECTOR('',#7354,2.251738895171);
#5502=DRAUGHTING_PRE_DEFINED_CURVE_FONT('continuous');
#5503=COLOUR_RGB('',0.927183985710144,0.927183985710144,0.927183985710144);
#5504=CARTESIAN_POINT('',(-1.1,2.901489196545,-0.1914671821791));
#5505=VECTOR('',#7355,0.2);
#5506=DRAUGHTING_PRE_DEFINED_CURVE_FONT('continuous');
#5507=COLOUR_RGB('',0.927183985710144,0.927183985710144,0.927183985710144);
#5508=CARTESIAN_POINT('',(-1.1,3.0,-0.09147827132571));
#5509=CARTESIAN_POINT('',(-1.1,3.0,-0.09147827132571));
#5510=VECTOR('',#7356,0.1403643854084);
#5511=DRAUGHTING_PRE_DEFINED_CURVE_FONT('continuous');
#5512=COLOUR_RGB('',0.927183985710144,0.927183985710144,0.927183985710144);
#5513=CARTESIAN_POINT('',(-1.1,3.0,-0.09147827132571));
#5514=VECTOR('',#7357,0.2);
#5515=DRAUGHTING_PRE_DEFINED_CURVE_FONT('continuous');
#5516=COLOUR_RGB('',0.927183985710144,0.927183985710144,0.927183985710144);
#5517=CARTESIAN_POINT('',(-1.1,3.0,0.09147827132571));
#5518=CARTESIAN_POINT('',(-1.1,3.0,0.09147827132571));
#5519=VECTOR('',#7358,0.1829565426514);
#5520=DRAUGHTING_PRE_DEFINED_CURVE_FONT('continuous');
#5521=COLOUR_RGB('',0.927183985710144,0.927183985710144,0.927183985710144);
#5522=CARTESIAN_POINT('',(-1.1,3.0,0.09147827132571));
#5523=VECTOR('',#7359,0.2);
#5524=DRAUGHTING_PRE_DEFINED_CURVE_FONT('continuous');
#5525=COLOUR_RGB('',0.927183985710144,0.927183985710144,0.927183985710144);
#5526=CARTESIAN_POINT('',(-1.1,2.901489196545,0.1914671821791));
#5527=CARTESIAN_POINT('',(-1.1,2.901489196545,0.1914671821791));
#5528=VECTOR('',#7360,0.1403643854084);
#5529=DRAUGHTING_PRE_DEFINED_CURVE_FONT('continuous');
#5530=COLOUR_RGB('',0.927183985710144,0.927183985710144,0.927183985710144);
#5531=CARTESIAN_POINT('',(-1.1,2.901489196545,0.1914671821791));
#5532=VECTOR('',#7361,0.2);
#5533=DRAUGHTING_PRE_DEFINED_CURVE_FONT('continuous');
#5534=COLOUR_RGB('',0.927183985710144,0.927183985710144,0.927183985710144);
#5535=CARTESIAN_POINT('',(-1.1,0.65,0.225));
#5536=CARTESIAN_POINT('',(-1.1,0.65,0.225));
#5537=VECTOR('',#7362,2.251738895171);
#5538=DRAUGHTING_PRE_DEFINED_CURVE_FONT('continuous');
#5539=COLOUR_RGB('',0.927183985710144,0.927183985710144,0.927183985710144);
#5540=CARTESIAN_POINT('',(-0.9,0.65,0.225));
#5541=VECTOR('',#7363,0.2);
#5542=DRAUGHTING_PRE_DEFINED_CURVE_FONT('continuous');
#5543=COLOUR_RGB('',0.927183985710144,0.927183985710144,0.927183985710144);
#5544=CARTESIAN_POINT('',(-1.1,0.65,1.025));
#5545=CARTESIAN_POINT('',(-1.1,0.65,1.025));
#5546=VECTOR('',#7364,0.8);
#5547=DRAUGHTING_PRE_DEFINED_CURVE_FONT('continuous');
#5548=COLOUR_RGB('',0.927183985710144,0.927183985710144,0.927183985710144);
#5549=CARTESIAN_POINT('',(-0.9,0.65,1.025));
#5550=VECTOR('',#7365,0.2);
#5551=DRAUGHTING_PRE_DEFINED_CURVE_FONT('continuous');
#5552=COLOUR_RGB('',0.927183985710144,0.927183985710144,0.927183985710144);
#5553=CARTESIAN_POINT('',(-1.1,1.2,1.025));
#5554=CARTESIAN_POINT('',(-1.1,1.2,1.025));
#5555=VECTOR('',#7366,0.55);
#5556=DRAUGHTING_PRE_DEFINED_CURVE_FONT('continuous');
#5557=COLOUR_RGB('',0.927183985710144,0.927183985710144,0.927183985710144);
#5558=CARTESIAN_POINT('',(-0.9,1.2,1.025));
#5559=VECTOR('',#7367,0.2);
#5560=DRAUGHTING_PRE_DEFINED_CURVE_FONT('continuous');
#5561=COLOUR_RGB('',0.927183985710144,0.927183985710144,0.927183985710144);
#5562=CARTESIAN_POINT('',(-1.1,1.2,1.425));
#5563=CARTESIAN_POINT('',(-1.1,1.2,1.425));
#5564=VECTOR('',#7368,0.4);
#5565=DRAUGHTING_PRE_DEFINED_CURVE_FONT('continuous');
#5566=COLOUR_RGB('',0.927183985710144,0.927183985710144,0.927183985710144);
#5567=CARTESIAN_POINT('',(-0.9,1.2,1.425));
#5568=VECTOR('',#7369,0.2);
#5569=DRAUGHTING_PRE_DEFINED_CURVE_FONT('continuous');
#5570=COLOUR_RGB('',0.927183985710144,0.927183985710144,0.927183985710144);
#5571=CARTESIAN_POINT('',(-1.1,0.65,1.425));
#5572=CARTESIAN_POINT('',(-1.1,0.65,1.425));
#5573=VECTOR('',#7370,0.55);
#5574=DRAUGHTING_PRE_DEFINED_CURVE_FONT('continuous');
#5575=COLOUR_RGB('',0.927183985710144,0.927183985710144,0.927183985710144);
#5576=CARTESIAN_POINT('',(-0.9,0.65,1.425));
#5577=VECTOR('',#7371,0.2);
#5578=DRAUGHTING_PRE_DEFINED_CURVE_FONT('continuous');
#5579=COLOUR_RGB('',0.927183985710144,0.927183985710144,0.927183985710144);
#5580=CARTESIAN_POINT('',(-1.1,0.65,1.965));
#5581=CARTESIAN_POINT('',(-1.1,0.65,1.965));
#5582=VECTOR('',#7372,0.54);
#5583=DRAUGHTING_PRE_DEFINED_CURVE_FONT('continuous');
#5584=COLOUR_RGB('',0.927183985710144,0.927183985710144,0.927183985710144);
#5585=CARTESIAN_POINT('',(-0.9,0.65,1.965));
#5586=VECTOR('',#7373,0.2);
#5587=DRAUGHTING_PRE_DEFINED_CURVE_FONT('continuous');
#5588=COLOUR_RGB('',0.927183985710144,0.927183985710144,0.927183985710144);
#5589=CARTESIAN_POINT('',(-1.1,0.2,2.325));
#5590=CARTESIAN_POINT('',(-1.1,0.2,2.325));
#5591=VECTOR('',#7374,0.576281181369);
#5592=DRAUGHTING_PRE_DEFINED_CURVE_FONT('continuous');
#5593=COLOUR_RGB('',0.927183985710144,0.927183985710144,0.927183985710144);
#5594=CARTESIAN_POINT('',(-0.9,0.2,2.325));
#5595=VECTOR('',#7375,0.2);
#5596=DRAUGHTING_PRE_DEFINED_CURVE_FONT('continuous');
#5597=COLOUR_RGB('',0.927183985710144,0.927183985710144,0.927183985710144);
#5598=CARTESIAN_POINT('',(-1.1,0.2,2.625));
#5599=VECTOR('',#7376,0.3);
#5600=SURFACE_SIDE_STYLE('',(#7377));
#5601=ADVANCED_FACE('',(#7378),#7379,.F.);
#5602=ADVANCED_FACE('',(#7380),#7381,.T.);
#5603=ADVANCED_FACE('',(#7382),#7383,.T.);
#5604=ADVANCED_FACE('',(#7384),#7385,.T.);
#5605=ADVANCED_FACE('',(#7386),#7387,.T.);
#5606=ADVANCED_FACE('',(#7388),#7389,.T.);
#5607=ADVANCED_FACE('',(#7390),#7391,.T.);
#5608=ADVANCED_FACE('',(#7392),#7393,.T.);
#5609=ADVANCED_FACE('',(#7394),#7395,.T.);
#5610=ADVANCED_FACE('',(#7396),#7397,.T.);
#5611=ADVANCED_FACE('',(#7398),#7399,.T.);
#5612=ADVANCED_FACE('',(#7400),#7401,.T.);
#5613=ADVANCED_FACE('',(#7402),#7403,.T.);
#5614=ADVANCED_FACE('',(#7404),#7405,.T.);
#5615=ADVANCED_FACE('',(#7406),#7407,.T.);
#5616=ADVANCED_FACE('',(#7408),#7409,.T.);
#5617=ADVANCED_FACE('',(#7410),#7411,.T.);
#5618=ADVANCED_FACE('',(#7412),#7413,.T.);
#5619=ADVANCED_FACE('',(#7414),#7415,.T.);
#5620=ADVANCED_FACE('',(#7416),#7417,.T.);
#5621=ADVANCED_FACE('',(#7418),#7419,.T.);
#5622=DRAUGHTING_PRE_DEFINED_CURVE_FONT('continuous');
#5623=COLOUR_RGB('',0.927183985710144,0.927183985710144,0.927183985710144);
#5624=CARTESIAN_POINT('',(0.1,-0.1,2.725));
#5625=CARTESIAN_POINT('',(0.1,0.1,2.725));
#5626=CARTESIAN_POINT('',(0.1,-0.1,2.725));
#5627=VECTOR('',#7420,0.2);
#5628=DRAUGHTING_PRE_DEFINED_CURVE_FONT('continuous');
#5629=COLOUR_RGB('',0.927183985710144,0.927183985710144,0.927183985710144);
#5630=CARTESIAN_POINT('',(0.1,-0.1,1.925));
#5631=CARTESIAN_POINT('',(0.1,-0.1,1.925));
#5632=VECTOR('',#7421,0.8);
#5633=DRAUGHTING_PRE_DEFINED_CURVE_FONT('continuous');
#5634=COLOUR_RGB('',0.927183985710144,0.927183985710144,0.927183985710144);
#5635=CARTESIAN_POINT('',(0.1,0.15,1.725));
#5636=CARTESIAN_POINT('',(0.1,0.15,1.725));
#5637=VECTOR('',#7422,0.3201562118716);
#5638=DRAUGHTING_PRE_DEFINED_CURVE_FONT('continuous');
#5639=COLOUR_RGB('',0.927183985710144,0.927183985710144,0.927183985710144);
#5640=CARTESIAN_POINT('',(0.1,0.15,-0.375));
#5641=CARTESIAN_POINT('',(0.1,0.15,-0.375));
#5642=VECTOR('',#7423,2.1);
#5643=DRAUGHTING_PRE_DEFINED_CURVE_FONT('continuous');
#5644=COLOUR_RGB('',0.927183985710144,0.927183985710144,0.927183985710144);
#5645=CARTESIAN_POINT('',(0.1,0.65,-0.375));
#5646=CARTESIAN_POINT('',(0.1,0.65,-0.375));
#5647=VECTOR('',#7424,0.5);
#5648=DRAUGHTING_PRE_DEFINED_CURVE_FONT('continuous');
#5649=COLOUR_RGB('',0.927183985710144,0.927183985710144,0.927183985710144);
#5650=CARTESIAN_POINT('',(0.1,0.65,-0.225));
#5651=CARTESIAN_POINT('',(0.1,0.65,-0.225));
#5652=VECTOR('',#7425,0.15);
#5653=DRAUGHTING_PRE_DEFINED_CURVE_FONT('continuous');
#5654=COLOUR_RGB('',0.927183985710144,0.927183985710144,0.927183985710144);
#5655=CARTESIAN_POINT('',(0.1,2.901489196545,-0.1914671821791));
#5656=CARTESIAN_POINT('',(0.1,2.901489196545,-0.1914671821791));
#5657=VECTOR('',#7426,2.251738895172);
#5658=DRAUGHTING_PRE_DEFINED_CURVE_FONT('continuous');
#5659=COLOUR_RGB('',0.927183985710144,0.927183985710144,0.927183985710144);
#5660=CARTESIAN_POINT('',(0.1,3.0,-0.09147827132571));
#5661=CARTESIAN_POINT('',(0.1,2.901489196545,-0.1914671821791));
#5662=VECTOR('',#7427,0.1403643854084);
#5663=DRAUGHTING_PRE_DEFINED_CURVE_FONT('continuous');
#5664=COLOUR_RGB('',0.927183985710144,0.927183985710144,0.927183985710144);
#5665=CARTESIAN_POINT('',(0.1,3.0,0.09147827132571));
#5666=CARTESIAN_POINT('',(0.1,3.0,0.09147827132571));
#5667=VECTOR('',#7428,0.1829565426514);
#5668=DRAUGHTING_PRE_DEFINED_CURVE_FONT('continuous');
#5669=COLOUR_RGB('',0.927183985710144,0.927183985710144,0.927183985710144);
#5670=CARTESIAN_POINT('',(0.1,2.901489196545,0.1914671821791));
#5671=CARTESIAN_POINT('',(0.1,3.0,0.09147827132571));
#5672=VECTOR('',#7429,0.1403643854084);
#5673=DRAUGHTING_PRE_DEFINED_CURVE_FONT('continuous');
#5674=COLOUR_RGB('',0.927183985710144,0.927183985710144,0.927183985710144);
#5675=CARTESIAN_POINT('',(0.1,0.65,0.225));
#5676=CARTESIAN_POINT('',(0.1,0.65,0.225));
#5677=VECTOR('',#7430,2.251738895171);
#5678=DRAUGHTING_PRE_DEFINED_CURVE_FONT('continuous');
#5679=COLOUR_RGB('',0.927183985710144,0.927183985710144,0.927183985710144);
#5680=CARTESIAN_POINT('',(0.1,0.65,1.025));
#5681=CARTESIAN_POINT('',(0.1,0.65,1.025));
#5682=VECTOR('',#7431,0.8);
#5683=DRAUGHTING_PRE_DEFINED_CURVE_FONT('continuous');
#5684=COLOUR_RGB('',0.927183985710144,0.927183985710144,0.927183985710144);
#5685=CARTESIAN_POINT('',(0.1,1.2,1.025));
#5686=CARTESIAN_POINT('',(0.1,1.2,1.025));
#5687=VECTOR('',#7432,0.55);
#5688=DRAUGHTING_PRE_DEFINED_CURVE_FONT('continuous');
#5689=COLOUR_RGB('',0.927183985710144,0.927183985710144,0.927183985710144);
#5690=CARTESIAN_POINT('',(0.1,1.2,1.425));
#5691=CARTESIAN_POINT('',(0.1,1.2,1.425));
#5692=VECTOR('',#7433,0.4);
#5693=DRAUGHTING_PRE_DEFINED_CURVE_FONT('continuous');
#5694=COLOUR_RGB('',0.927183985710144,0.927183985710144,0.927183985710144);
#5695=CARTESIAN_POINT('',(0.1,0.65,1.425));
#5696=CARTESIAN_POINT('',(0.1,0.65,1.425));
#5697=VECTOR('',#7434,0.55);
#5698=DRAUGHTING_PRE_DEFINED_CURVE_FONT('continuous');
#5699=COLOUR_RGB('',0.927183985710144,0.927183985710144,0.927183985710144);
#5700=CARTESIAN_POINT('',(0.1,0.65,1.965));
#5701=CARTESIAN_POINT('',(0.1,0.65,1.965));
#5702=VECTOR('',#7435,0.54);
#5703=DRAUGHTING_PRE_DEFINED_CURVE_FONT('continuous');
#5704=COLOUR_RGB('',0.927183985710144,0.927183985710144,0.927183985710144);
#5705=CARTESIAN_POINT('',(0.1,0.2,2.325));
#5706=CARTESIAN_POINT('',(0.1,0.2,2.325));
#5707=VECTOR('',#7436,0.576281181369);
#5708=DRAUGHTING_PRE_DEFINED_CURVE_FONT('continuous');
#5709=COLOUR_RGB('',0.927183985710144,0.927183985710144,0.927183985710144);
#5710=CARTESIAN_POINT('',(0.1,0.2,2.625));
#5711=CARTESIAN_POINT('',(0.1,0.2,2.625));
#5712=VECTOR('',#7437,0.3);
#5713=DRAUGHTING_PRE_DEFINED_CURVE_FONT('continuous');
#5714=COLOUR_RGB('',0.927183985710144,0.927183985710144,0.927183985710144);
#5715=CARTESIAN_POINT('',(0.1,0.2,2.625));
#5716=VECTOR('',#7438,0.1414213562373);
#5717=DRAUGHTING_PRE_DEFINED_CURVE_FONT('continuous');
#5718=COLOUR_RGB('',0.927183985710144,0.927183985710144,0.927183985710144);
#5719=CARTESIAN_POINT('',(-0.1,0.2,2.625));
#5720=CARTESIAN_POINT('',(-0.1,0.2,2.625));
#5721=VECTOR('',#7439,0.2);
#5722=DRAUGHTING_PRE_DEFINED_CURVE_FONT('continuous');
#5723=COLOUR_RGB('',0.927183985710144,0.927183985710144,0.927183985710144);
#5724=CARTESIAN_POINT('',(-0.1,0.1,2.725));
#5725=CARTESIAN_POINT('',(-0.1,0.1,2.725));
#5726=VECTOR('',#7440,0.1414213562373);
#5727=DRAUGHTING_PRE_DEFINED_CURVE_FONT('continuous');
#5728=COLOUR_RGB('',0.927183985710144,0.927183985710144,0.927183985710144);
#5729=CARTESIAN_POINT('',(-0.1,0.1,2.725));
#5730=VECTOR('',#7441,0.2);
#5731=DRAUGHTING_PRE_DEFINED_CURVE_FONT('continuous');
#5732=COLOUR_RGB('',0.927183985710144,0.927183985710144,0.927183985710144);
#5733=CARTESIAN_POINT('',(-0.1,-0.1,2.725));
#5734=CARTESIAN_POINT('',(-0.1,-0.1,2.725));
#5735=VECTOR('',#7442,0.2);
#5736=DRAUGHTING_PRE_DEFINED_CURVE_FONT('continuous');
#5737=COLOUR_RGB('',0.927183985710144,0.927183985710144,0.927183985710144);
#5738=CARTESIAN_POINT('',(0.1,-0.1,2.725));
#5739=VECTOR('',#7443,0.2);
#5740=DRAUGHTING_PRE_DEFINED_CURVE_FONT('continuous');
#5741=COLOUR_RGB('',0.927183985710144,0.927183985710144,0.927183985710144);
#5742=CARTESIAN_POINT('',(-0.1,-0.1,1.925));
#5743=CARTESIAN_POINT('',(-0.1,-0.1,1.925));
#5744=VECTOR('',#7444,0.8);
#5745=DRAUGHTING_PRE_DEFINED_CURVE_FONT('continuous');
#5746=COLOUR_RGB('',0.927183985710144,0.927183985710144,0.927183985710144);
#5747=CARTESIAN_POINT('',(0.1,-0.1,1.925));
#5748=VECTOR('',#7445,0.2);
#5749=DRAUGHTING_PRE_DEFINED_CURVE_FONT('continuous');
#5750=COLOUR_RGB('',0.927183985710144,0.927183985710144,0.927183985710144);
#5751=CARTESIAN_POINT('',(-0.1,0.15,1.725));
#5752=CARTESIAN_POINT('',(-0.1,0.15,1.725));
#5753=VECTOR('',#7446,0.3201562118716);
#5754=DRAUGHTING_PRE_DEFINED_CURVE_FONT('continuous');
#5755=COLOUR_RGB('',0.927183985710144,0.927183985710144,0.927183985710144);
#5756=CARTESIAN_POINT('',(0.1,0.15,1.725));
#5757=VECTOR('',#7447,0.2);
#5758=DRAUGHTING_PRE_DEFINED_CURVE_FONT('continuous');
#5759=COLOUR_RGB('',0.927183985710144,0.927183985710144,0.927183985710144);
#5760=CARTESIAN_POINT('',(-0.1,0.15,-0.375));
#5761=CARTESIAN_POINT('',(-0.1,0.15,-0.375));
#5762=VECTOR('',#7448,2.1);
#5763=DRAUGHTING_PRE_DEFINED_CURVE_FONT('continuous');
#5764=COLOUR_RGB('',0.927183985710144,0.927183985710144,0.927183985710144);
#5765=CARTESIAN_POINT('',(0.1,0.15,-0.375));
#5766=VECTOR('',#7449,0.2);
#5767=DRAUGHTING_PRE_DEFINED_CURVE_FONT('continuous');
#5768=COLOUR_RGB('',0.927183985710144,0.927183985710144,0.927183985710144);
#5769=CARTESIAN_POINT('',(-0.1,0.65,-0.375));
#5770=CARTESIAN_POINT('',(-0.1,0.65,-0.375));
#5771=VECTOR('',#7450,0.5);
#5772=DRAUGHTING_PRE_DEFINED_CURVE_FONT('continuous');
#5773=COLOUR_RGB('',0.927183985710144,0.927183985710144,0.927183985710144);
#5774=CARTESIAN_POINT('',(0.1,0.65,-0.375));
#5775=VECTOR('',#7451,0.2);
#5776=DRAUGHTING_PRE_DEFINED_CURVE_FONT('continuous');
#5777=COLOUR_RGB('',0.927183985710144,0.927183985710144,0.927183985710144);
#5778=CARTESIAN_POINT('',(-0.1,0.65,-0.225));
#5779=CARTESIAN_POINT('',(-0.1,0.65,-0.225));
#5780=VECTOR('',#7452,0.15);
#5781=DRAUGHTING_PRE_DEFINED_CURVE_FONT('continuous');
#5782=COLOUR_RGB('',0.927183985710144,0.927183985710144,0.927183985710144);
#5783=CARTESIAN_POINT('',(0.1,0.65,-0.225));
#5784=VECTOR('',#7453,0.2);
#5785=DRAUGHTING_PRE_DEFINED_CURVE_FONT('continuous');
#5786=COLOUR_RGB('',0.927183985710144,0.927183985710144,0.927183985710144);
#5787=CARTESIAN_POINT('',(-0.1,2.901489196545,-0.1914671821791));
#5788=CARTESIAN_POINT('',(-0.1,2.901489196545,-0.1914671821791));
#5789=VECTOR('',#7454,2.251738895171);
#5790=DRAUGHTING_PRE_DEFINED_CURVE_FONT('continuous');
#5791=COLOUR_RGB('',0.927183985710144,0.927183985710144,0.927183985710144);
#5792=CARTESIAN_POINT('',(-0.1,2.901489196545,-0.1914671821791));
#5793=VECTOR('',#7455,0.2);
#5794=DRAUGHTING_PRE_DEFINED_CURVE_FONT('continuous');
#5795=COLOUR_RGB('',0.927183985710144,0.927183985710144,0.927183985710144);
#5796=CARTESIAN_POINT('',(-0.1,3.0,-0.09147827132571));
#5797=CARTESIAN_POINT('',(-0.1,3.0,-0.09147827132571));
#5798=VECTOR('',#7456,0.1403643854084);
#5799=DRAUGHTING_PRE_DEFINED_CURVE_FONT('continuous');
#5800=COLOUR_RGB('',0.927183985710144,0.927183985710144,0.927183985710144);
#5801=CARTESIAN_POINT('',(-0.1,3.0,-0.09147827132571));
#5802=VECTOR('',#7457,0.2);
#5803=DRAUGHTING_PRE_DEFINED_CURVE_FONT('continuous');
#5804=COLOUR_RGB('',0.927183985710144,0.927183985710144,0.927183985710144);
#5805=CARTESIAN_POINT('',(-0.1,3.0,0.09147827132571));
#5806=CARTESIAN_POINT('',(-0.1,3.0,0.09147827132571));
#5807=VECTOR('',#7458,0.1829565426514);
#5808=DRAUGHTING_PRE_DEFINED_CURVE_FONT('continuous');
#5809=COLOUR_RGB('',0.927183985710144,0.927183985710144,0.927183985710144);
#5810=CARTESIAN_POINT('',(-0.1,3.0,0.09147827132571));
#5811=VECTOR('',#7459,0.2);
#5812=DRAUGHTING_PRE_DEFINED_CURVE_FONT('continuous');
#5813=COLOUR_RGB('',0.927183985710144,0.927183985710144,0.927183985710144);
#5814=CARTESIAN_POINT('',(-0.1,2.901489196545,0.1914671821791));
#5815=CARTESIAN_POINT('',(-0.1,2.901489196545,0.1914671821791));
#5816=VECTOR('',#7460,0.1403643854084);
#5817=DRAUGHTING_PRE_DEFINED_CURVE_FONT('continuous');
#5818=COLOUR_RGB('',0.927183985710144,0.927183985710144,0.927183985710144);
#5819=CARTESIAN_POINT('',(-0.1,2.901489196545,0.1914671821791));
#5820=VECTOR('',#7461,0.2);
#5821=DRAUGHTING_PRE_DEFINED_CURVE_FONT('continuous');
#5822=COLOUR_RGB('',0.927183985710144,0.927183985710144,0.927183985710144);
#5823=CARTESIAN_POINT('',(-0.1,0.65,0.225));
#5824=CARTESIAN_POINT('',(-0.1,0.65,0.225));
#5825=VECTOR('',#7462,2.251738895171);
#5826=DRAUGHTING_PRE_DEFINED_CURVE_FONT('continuous');
#5827=COLOUR_RGB('',0.927183985710144,0.927183985710144,0.927183985710144);
#5828=CARTESIAN_POINT('',(0.1,0.65,0.225));
#5829=VECTOR('',#7463,0.2);
#5830=DRAUGHTING_PRE_DEFINED_CURVE_FONT('continuous');
#5831=COLOUR_RGB('',0.927183985710144,0.927183985710144,0.927183985710144);
#5832=CARTESIAN_POINT('',(-0.1,0.65,1.025));
#5833=CARTESIAN_POINT('',(-0.1,0.65,1.025));
#5834=VECTOR('',#7464,0.8);
#5835=DRAUGHTING_PRE_DEFINED_CURVE_FONT('continuous');
#5836=COLOUR_RGB('',0.927183985710144,0.927183985710144,0.927183985710144);
#5837=CARTESIAN_POINT('',(0.1,0.65,1.025));
#5838=VECTOR('',#7465,0.2);
#5839=DRAUGHTING_PRE_DEFINED_CURVE_FONT('continuous');
#5840=COLOUR_RGB('',0.927183985710144,0.927183985710144,0.927183985710144);
#5841=CARTESIAN_POINT('',(-0.1,1.2,1.025));
#5842=CARTESIAN_POINT('',(-0.1,1.2,1.025));
#5843=VECTOR('',#7466,0.55);
#5844=DRAUGHTING_PRE_DEFINED_CURVE_FONT('continuous');
#5845=COLOUR_RGB('',0.927183985710144,0.927183985710144,0.927183985710144);
#5846=CARTESIAN_POINT('',(0.1,1.2,1.025));
#5847=VECTOR('',#7467,0.2);
#5848=DRAUGHTING_PRE_DEFINED_CURVE_FONT('continuous');
#5849=COLOUR_RGB('',0.927183985710144,0.927183985710144,0.927183985710144);
#5850=CARTESIAN_POINT('',(-0.1,1.2,1.425));
#5851=CARTESIAN_POINT('',(-0.1,1.2,1.425));
#5852=VECTOR('',#7468,0.4);
#5853=DRAUGHTING_PRE_DEFINED_CURVE_FONT('continuous');
#5854=COLOUR_RGB('',0.927183985710144,0.927183985710144,0.927183985710144);
#5855=CARTESIAN_POINT('',(0.1,1.2,1.425));
#5856=VECTOR('',#7469,0.2);
#5857=DRAUGHTING_PRE_DEFINED_CURVE_FONT('continuous');
#5858=COLOUR_RGB('',0.927183985710144,0.927183985710144,0.927183985710144);
#5859=CARTESIAN_POINT('',(-0.1,0.65,1.425));
#5860=CARTESIAN_POINT('',(-0.1,0.65,1.425));
#5861=VECTOR('',#7470,0.55);
#5862=DRAUGHTING_PRE_DEFINED_CURVE_FONT('continuous');
#5863=COLOUR_RGB('',0.927183985710144,0.927183985710144,0.927183985710144);
#5864=CARTESIAN_POINT('',(0.1,0.65,1.425));
#5865=VECTOR('',#7471,0.2);
#5866=DRAUGHTING_PRE_DEFINED_CURVE_FONT('continuous');
#5867=COLOUR_RGB('',0.927183985710144,0.927183985710144,0.927183985710144);
#5868=CARTESIAN_POINT('',(-0.1,0.65,1.965));
#5869=CARTESIAN_POINT('',(-0.1,0.65,1.965));
#5870=VECTOR('',#7472,0.54);
#5871=DRAUGHTING_PRE_DEFINED_CURVE_FONT('continuous');
#5872=COLOUR_RGB('',0.927183985710144,0.927183985710144,0.927183985710144);
#5873=CARTESIAN_POINT('',(0.1,0.65,1.965));
#5874=VECTOR('',#7473,0.2);
#5875=DRAUGHTING_PRE_DEFINED_CURVE_FONT('continuous');
#5876=COLOUR_RGB('',0.927183985710144,0.927183985710144,0.927183985710144);
#5877=CARTESIAN_POINT('',(-0.1,0.2,2.325));
#5878=CARTESIAN_POINT('',(-0.1,0.2,2.325));
#5879=VECTOR('',#7474,0.576281181369);
#5880=DRAUGHTING_PRE_DEFINED_CURVE_FONT('continuous');
#5881=COLOUR_RGB('',0.927183985710144,0.927183985710144,0.927183985710144);
#5882=CARTESIAN_POINT('',(0.1,0.2,2.325));
#5883=VECTOR('',#7475,0.2);
#5884=DRAUGHTING_PRE_DEFINED_CURVE_FONT('continuous');
#5885=COLOUR_RGB('',0.927183985710144,0.927183985710144,0.927183985710144);
#5886=CARTESIAN_POINT('',(-0.1,0.2,2.625));
#5887=VECTOR('',#7476,0.3);
#5888=SURFACE_SIDE_STYLE('',(#7477));
#5889=ADVANCED_FACE('',(#7478),#7479,.F.);
#5890=ADVANCED_FACE('',(#7480),#7481,.T.);
#5891=ADVANCED_FACE('',(#7482),#7483,.T.);
#5892=ADVANCED_FACE('',(#7484),#7485,.T.);
#5893=ADVANCED_FACE('',(#7486),#7487,.T.);
#5894=ADVANCED_FACE('',(#7488),#7489,.T.);
#5895=ADVANCED_FACE('',(#7490),#7491,.T.);
#5896=ADVANCED_FACE('',(#7492),#7493,.T.);
#5897=ADVANCED_FACE('',(#7494),#7495,.T.);
#5898=ADVANCED_FACE('',(#7496),#7497,.T.);
#5899=ADVANCED_FACE('',(#7498),#7499,.T.);
#5900=ADVANCED_FACE('',(#7500),#7501,.T.);
#5901=ADVANCED_FACE('',(#7502),#7503,.T.);
#5902=ADVANCED_FACE('',(#7504),#7505,.T.);
#5903=ADVANCED_FACE('',(#7506),#7507,.T.);
#5904=ADVANCED_FACE('',(#7508),#7509,.T.);
#5905=ADVANCED_FACE('',(#7510),#7511,.T.);
#5906=ADVANCED_FACE('',(#7512),#7513,.T.);
#5907=ADVANCED_FACE('',(#7514),#7515,.T.);
#5908=ADVANCED_FACE('',(#7516),#7517,.T.);
#5909=ADVANCED_FACE('',(#7518),#7519,.T.);
#5910=DRAUGHTING_PRE_DEFINED_CURVE_FONT('continuous');
#5911=COLOUR_RGB('',0.927183985710144,0.927183985710144,0.927183985710144);
#5912=CARTESIAN_POINT('',(1.1,-0.1,2.725));
#5913=CARTESIAN_POINT('',(1.1,0.1,2.725));
#5914=CARTESIAN_POINT('',(1.1,-0.1,2.725));
#5915=VECTOR('',#7520,0.2);
#5916=DRAUGHTING_PRE_DEFINED_CURVE_FONT('continuous');
#5917=COLOUR_RGB('',0.927183985710144,0.927183985710144,0.927183985710144);
#5918=CARTESIAN_POINT('',(1.1,-0.1,1.925));
#5919=CARTESIAN_POINT('',(1.1,-0.1,1.925));
#5920=VECTOR('',#7521,0.8);
#5921=DRAUGHTING_PRE_DEFINED_CURVE_FONT('continuous');
#5922=COLOUR_RGB('',0.927183985710144,0.927183985710144,0.927183985710144);
#5923=CARTESIAN_POINT('',(1.1,0.15,1.725));
#5924=CARTESIAN_POINT('',(1.1,0.15,1.725));
#5925=VECTOR('',#7522,0.3201562118716);
#5926=DRAUGHTING_PRE_DEFINED_CURVE_FONT('continuous');
#5927=COLOUR_RGB('',0.927183985710144,0.927183985710144,0.927183985710144);
#5928=CARTESIAN_POINT('',(1.1,0.15,-0.375));
#5929=CARTESIAN_POINT('',(1.1,0.15,-0.375));
#5930=VECTOR('',#7523,2.1);
#5931=DRAUGHTING_PRE_DEFINED_CURVE_FONT('continuous');
#5932=COLOUR_RGB('',0.927183985710144,0.927183985710144,0.927183985710144);
#5933=CARTESIAN_POINT('',(1.1,0.65,-0.375));
#5934=CARTESIAN_POINT('',(1.1,0.65,-0.375));
#5935=VECTOR('',#7524,0.5);
#5936=DRAUGHTING_PRE_DEFINED_CURVE_FONT('continuous');
#5937=COLOUR_RGB('',0.927183985710144,0.927183985710144,0.927183985710144);
#5938=CARTESIAN_POINT('',(1.1,0.65,-0.225));
#5939=CARTESIAN_POINT('',(1.1,0.65,-0.225));
#5940=VECTOR('',#7525,0.15);
#5941=DRAUGHTING_PRE_DEFINED_CURVE_FONT('continuous');
#5942=COLOUR_RGB('',0.927183985710144,0.927183985710144,0.927183985710144);
#5943=CARTESIAN_POINT('',(1.1,2.901489196545,-0.1914671821791));
#5944=CARTESIAN_POINT('',(1.1,2.901489196545,-0.1914671821791));
#5945=VECTOR('',#7526,2.251738895172);
#5946=DRAUGHTING_PRE_DEFINED_CURVE_FONT('continuous');
#5947=COLOUR_RGB('',0.927183985710144,0.927183985710144,0.927183985710144);
#5948=CARTESIAN_POINT('',(1.1,3.0,-0.09147827132571));
#5949=CARTESIAN_POINT('',(1.1,2.901489196545,-0.1914671821791));
#5950=VECTOR('',#7527,0.1403643854084);
#5951=DRAUGHTING_PRE_DEFINED_CURVE_FONT('continuous');
#5952=COLOUR_RGB('',0.927183985710144,0.927183985710144,0.927183985710144);
#5953=CARTESIAN_POINT('',(1.1,3.0,0.09147827132571));
#5954=CARTESIAN_POINT('',(1.1,3.0,0.09147827132571));
#5955=VECTOR('',#7528,0.1829565426514);
#5956=DRAUGHTING_PRE_DEFINED_CURVE_FONT('continuous');
#5957=COLOUR_RGB('',0.927183985710144,0.927183985710144,0.927183985710144);
#5958=CARTESIAN_POINT('',(1.1,2.901489196545,0.1914671821791));
#5959=CARTESIAN_POINT('',(1.1,3.0,0.09147827132571));
#5960=VECTOR('',#7529,0.1403643854084);
#5961=DRAUGHTING_PRE_DEFINED_CURVE_FONT('continuous');
#5962=COLOUR_RGB('',0.927183985710144,0.927183985710144,0.927183985710144);
#5963=CARTESIAN_POINT('',(1.1,0.65,0.225));
#5964=CARTESIAN_POINT('',(1.1,0.65,0.225));
#5965=VECTOR('',#7530,2.251738895171);
#5966=DRAUGHTING_PRE_DEFINED_CURVE_FONT('continuous');
#5967=COLOUR_RGB('',0.927183985710144,0.927183985710144,0.927183985710144);
#5968=CARTESIAN_POINT('',(1.1,0.65,1.025));
#5969=CARTESIAN_POINT('',(1.1,0.65,1.025));
#5970=VECTOR('',#7531,0.8);
#5971=DRAUGHTING_PRE_DEFINED_CURVE_FONT('continuous');
#5972=COLOUR_RGB('',0.927183985710144,0.927183985710144,0.927183985710144);
#5973=CARTESIAN_POINT('',(1.1,1.2,1.025));
#5974=CARTESIAN_POINT('',(1.1,1.2,1.025));
#5975=VECTOR('',#7532,0.55);
#5976=DRAUGHTING_PRE_DEFINED_CURVE_FONT('continuous');
#5977=COLOUR_RGB('',0.927183985710144,0.927183985710144,0.927183985710144);
#5978=CARTESIAN_POINT('',(1.1,1.2,1.425));
#5979=CARTESIAN_POINT('',(1.1,1.2,1.425));
#5980=VECTOR('',#7533,0.4);
#5981=DRAUGHTING_PRE_DEFINED_CURVE_FONT('continuous');
#5982=COLOUR_RGB('',0.927183985710144,0.927183985710144,0.927183985710144);
#5983=CARTESIAN_POINT('',(1.1,0.65,1.425));
#5984=CARTESIAN_POINT('',(1.1,0.65,1.425));
#5985=VECTOR('',#7534,0.55);
#5986=DRAUGHTING_PRE_DEFINED_CURVE_FONT('continuous');
#5987=COLOUR_RGB('',0.927183985710144,0.927183985710144,0.927183985710144);
#5988=CARTESIAN_POINT('',(1.1,0.65,1.965));
#5989=CARTESIAN_POINT('',(1.1,0.65,1.965));
#5990=VECTOR('',#7535,0.54);
#5991=DRAUGHTING_PRE_DEFINED_CURVE_FONT('continuous');
#5992=COLOUR_RGB('',0.927183985710144,0.927183985710144,0.927183985710144);
#5993=CARTESIAN_POINT('',(1.1,0.2,2.325));
#5994=CARTESIAN_POINT('',(1.1,0.2,2.325));
#5995=VECTOR('',#7536,0.576281181369);
#5996=DRAUGHTING_PRE_DEFINED_CURVE_FONT('continuous');
#5997=COLOUR_RGB('',0.927183985710144,0.927183985710144,0.927183985710144);
#5998=CARTESIAN_POINT('',(1.1,0.2,2.625));
#5999=CARTESIAN_POINT('',(1.1,0.2,2.625));
#6000=VECTOR('',#7537,0.3);
#6001=DRAUGHTING_PRE_DEFINED_CURVE_FONT('continuous');
#6002=COLOUR_RGB('',0.927183985710144,0.927183985710144,0.927183985710144);
#6003=CARTESIAN_POINT('',(1.1,0.2,2.625));
#6004=VECTOR('',#7538,0.1414213562373);
#6005=DRAUGHTING_PRE_DEFINED_CURVE_FONT('continuous');
#6006=COLOUR_RGB('',0.927183985710144,0.927183985710144,0.927183985710144);
#6007=CARTESIAN_POINT('',(0.9,0.2,2.625));
#6008=CARTESIAN_POINT('',(0.9,0.2,2.625));
#6009=VECTOR('',#7539,0.2);
#6010=DRAUGHTING_PRE_DEFINED_CURVE_FONT('continuous');
#6011=COLOUR_RGB('',0.927183985710144,0.927183985710144,0.927183985710144);
#6012=CARTESIAN_POINT('',(0.9,0.1,2.725));
#6013=CARTESIAN_POINT('',(0.9,0.1,2.725));
#6014=VECTOR('',#7540,0.1414213562373);
#6015=DRAUGHTING_PRE_DEFINED_CURVE_FONT('continuous');
#6016=COLOUR_RGB('',0.927183985710144,0.927183985710144,0.927183985710144);
#6017=CARTESIAN_POINT('',(0.9,0.1,2.725));
#6018=VECTOR('',#7541,0.2);
#6019=DRAUGHTING_PRE_DEFINED_CURVE_FONT('continuous');
#6020=COLOUR_RGB('',0.927183985710144,0.927183985710144,0.927183985710144);
#6021=CARTESIAN_POINT('',(0.9,-0.1,2.725));
#6022=CARTESIAN_POINT('',(0.9,-0.1,2.725));
#6023=VECTOR('',#7542,0.2);
#6024=DRAUGHTING_PRE_DEFINED_CURVE_FONT('continuous');
#6025=COLOUR_RGB('',0.927183985710144,0.927183985710144,0.927183985710144);
#6026=CARTESIAN_POINT('',(1.1,-0.1,2.725));
#6027=VECTOR('',#7543,0.2);
#6028=DRAUGHTING_PRE_DEFINED_CURVE_FONT('continuous');
#6029=COLOUR_RGB('',0.927183985710144,0.927183985710144,0.927183985710144);
#6030=CARTESIAN_POINT('',(0.9,-0.1,1.925));
#6031=CARTESIAN_POINT('',(0.9,-0.1,1.925));
#6032=VECTOR('',#7544,0.8);
#6033=DRAUGHTING_PRE_DEFINED_CURVE_FONT('continuous');
#6034=COLOUR_RGB('',0.927183985710144,0.927183985710144,0.927183985710144);
#6035=CARTESIAN_POINT('',(1.1,-0.1,1.925));
#6036=VECTOR('',#7545,0.2);
#6037=DRAUGHTING_PRE_DEFINED_CURVE_FONT('continuous');
#6038=COLOUR_RGB('',0.927183985710144,0.927183985710144,0.927183985710144);
#6039=CARTESIAN_POINT('',(0.9,0.15,1.725));
#6040=CARTESIAN_POINT('',(0.9,0.15,1.725));
#6041=VECTOR('',#7546,0.3201562118716);
#6042=DRAUGHTING_PRE_DEFINED_CURVE_FONT('continuous');
#6043=COLOUR_RGB('',0.927183985710144,0.927183985710144,0.927183985710144);
#6044=CARTESIAN_POINT('',(1.1,0.15,1.725));
#6045=VECTOR('',#7547,0.2);
#6046=DRAUGHTING_PRE_DEFINED_CURVE_FONT('continuous');
#6047=COLOUR_RGB('',0.927183985710144,0.927183985710144,0.927183985710144);
#6048=CARTESIAN_POINT('',(0.9,0.15,-0.375));
#6049=CARTESIAN_POINT('',(0.9,0.15,-0.375));
#6050=VECTOR('',#7548,2.1);
#6051=DRAUGHTING_PRE_DEFINED_CURVE_FONT('continuous');
#6052=COLOUR_RGB('',0.927183985710144,0.927183985710144,0.927183985710144);
#6053=CARTESIAN_POINT('',(1.1,0.15,-0.375));
#6054=VECTOR('',#7549,0.2);
#6055=DRAUGHTING_PRE_DEFINED_CURVE_FONT('continuous');
#6056=COLOUR_RGB('',0.927183985710144,0.927183985710144,0.927183985710144);
#6057=CARTESIAN_POINT('',(0.9,0.65,-0.375));
#6058=CARTESIAN_POINT('',(0.9,0.65,-0.375));
#6059=VECTOR('',#7550,0.5);
#6060=DRAUGHTING_PRE_DEFINED_CURVE_FONT('continuous');
#6061=COLOUR_RGB('',0.927183985710144,0.927183985710144,0.927183985710144);
#6062=CARTESIAN_POINT('',(1.1,0.65,-0.375));
#6063=VECTOR('',#7551,0.2);
#6064=DRAUGHTING_PRE_DEFINED_CURVE_FONT('continuous');
#6065=COLOUR_RGB('',0.927183985710144,0.927183985710144,0.927183985710144);
#6066=CARTESIAN_POINT('',(0.9,0.65,-0.225));
#6067=CARTESIAN_POINT('',(0.9,0.65,-0.225));
#6068=VECTOR('',#7552,0.15);
#6069=DRAUGHTING_PRE_DEFINED_CURVE_FONT('continuous');
#6070=COLOUR_RGB('',0.927183985710144,0.927183985710144,0.927183985710144);
#6071=CARTESIAN_POINT('',(1.1,0.65,-0.225));
#6072=VECTOR('',#7553,0.2);
#6073=DRAUGHTING_PRE_DEFINED_CURVE_FONT('continuous');
#6074=COLOUR_RGB('',0.927183985710144,0.927183985710144,0.927183985710144);
#6075=CARTESIAN_POINT('',(0.9,2.901489196545,-0.1914671821791));
#6076=CARTESIAN_POINT('',(0.9,2.901489196545,-0.1914671821791));
#6077=VECTOR('',#7554,2.251738895171);
#6078=DRAUGHTING_PRE_DEFINED_CURVE_FONT('continuous');
#6079=COLOUR_RGB('',0.927183985710144,0.927183985710144,0.927183985710144);
#6080=CARTESIAN_POINT('',(0.9,2.901489196545,-0.1914671821791));
#6081=VECTOR('',#7555,0.2);
#6082=DRAUGHTING_PRE_DEFINED_CURVE_FONT('continuous');
#6083=COLOUR_RGB('',0.927183985710144,0.927183985710144,0.927183985710144);
#6084=CARTESIAN_POINT('',(0.9,3.0,-0.09147827132571));
#6085=CARTESIAN_POINT('',(0.9,3.0,-0.09147827132571));
#6086=VECTOR('',#7556,0.1403643854084);
#6087=DRAUGHTING_PRE_DEFINED_CURVE_FONT('continuous');
#6088=COLOUR_RGB('',0.927183985710144,0.927183985710144,0.927183985710144);
#6089=CARTESIAN_POINT('',(0.9,3.0,-0.09147827132571));
#6090=VECTOR('',#7557,0.2);
#6091=DRAUGHTING_PRE_DEFINED_CURVE_FONT('continuous');
#6092=COLOUR_RGB('',0.927183985710144,0.927183985710144,0.927183985710144);
#6093=CARTESIAN_POINT('',(0.9,3.0,0.09147827132571));
#6094=CARTESIAN_POINT('',(0.9,3.0,0.09147827132571));
#6095=VECTOR('',#7558,0.1829565426514);
#6096=DRAUGHTING_PRE_DEFINED_CURVE_FONT('continuous');
#6097=COLOUR_RGB('',0.927183985710144,0.927183985710144,0.927183985710144);
#6098=CARTESIAN_POINT('',(0.9,3.0,0.09147827132571));
#6099=VECTOR('',#7559,0.2);
#6100=DRAUGHTING_PRE_DEFINED_CURVE_FONT('continuous');
#6101=COLOUR_RGB('',0.927183985710144,0.927183985710144,0.927183985710144);
#6102=CARTESIAN_POINT('',(0.9,2.901489196545,0.1914671821791));
#6103=CARTESIAN_POINT('',(0.9,2.901489196545,0.1914671821791));
#6104=VECTOR('',#7560,0.1403643854084);
#6105=DRAUGHTING_PRE_DEFINED_CURVE_FONT('continuous');
#6106=COLOUR_RGB('',0.927183985710144,0.927183985710144,0.927183985710144);
#6107=CARTESIAN_POINT('',(0.9,2.901489196545,0.1914671821791));
#6108=VECTOR('',#7561,0.2);
#6109=DRAUGHTING_PRE_DEFINED_CURVE_FONT('continuous');
#6110=COLOUR_RGB('',0.927183985710144,0.927183985710144,0.927183985710144);
#6111=CARTESIAN_POINT('',(0.9,0.65,0.225));
#6112=CARTESIAN_POINT('',(0.9,0.65,0.225));
#6113=VECTOR('',#7562,2.251738895171);
#6114=DRAUGHTING_PRE_DEFINED_CURVE_FONT('continuous');
#6115=COLOUR_RGB('',0.927183985710144,0.927183985710144,0.927183985710144);
#6116=CARTESIAN_POINT('',(1.1,0.65,0.225));
#6117=VECTOR('',#7563,0.2);
#6118=DRAUGHTING_PRE_DEFINED_CURVE_FONT('continuous');
#6119=COLOUR_RGB('',0.927183985710144,0.927183985710144,0.927183985710144);
#6120=CARTESIAN_POINT('',(0.9,0.65,1.025));
#6121=CARTESIAN_POINT('',(0.9,0.65,1.025));
#6122=VECTOR('',#7564,0.8);
#6123=DRAUGHTING_PRE_DEFINED_CURVE_FONT('continuous');
#6124=COLOUR_RGB('',0.927183985710144,0.927183985710144,0.927183985710144);
#6125=CARTESIAN_POINT('',(1.1,0.65,1.025));
#6126=VECTOR('',#7565,0.2);
#6127=DRAUGHTING_PRE_DEFINED_CURVE_FONT('continuous');
#6128=COLOUR_RGB('',0.927183985710144,0.927183985710144,0.927183985710144);
#6129=CARTESIAN_POINT('',(0.9,1.2,1.025));
#6130=CARTESIAN_POINT('',(0.9,1.2,1.025));
#6131=VECTOR('',#7566,0.55);
#6132=DRAUGHTING_PRE_DEFINED_CURVE_FONT('continuous');
#6133=COLOUR_RGB('',0.927183985710144,0.927183985710144,0.927183985710144);
#6134=CARTESIAN_POINT('',(1.1,1.2,1.025));
#6135=VECTOR('',#7567,0.2);
#6136=DRAUGHTING_PRE_DEFINED_CURVE_FONT('continuous');
#6137=COLOUR_RGB('',0.927183985710144,0.927183985710144,0.927183985710144);
#6138=CARTESIAN_POINT('',(0.9,1.2,1.425));
#6139=CARTESIAN_POINT('',(0.9,1.2,1.425));
#6140=VECTOR('',#7568,0.4);
#6141=DRAUGHTING_PRE_DEFINED_CURVE_FONT('continuous');
#6142=COLOUR_RGB('',0.927183985710144,0.927183985710144,0.927183985710144);
#6143=CARTESIAN_POINT('',(1.1,1.2,1.425));
#6144=VECTOR('',#7569,0.2);
#6145=DRAUGHTING_PRE_DEFINED_CURVE_FONT('continuous');
#6146=COLOUR_RGB('',0.927183985710144,0.927183985710144,0.927183985710144);
#6147=CARTESIAN_POINT('',(0.9,0.65,1.425));
#6148=CARTESIAN_POINT('',(0.9,0.65,1.425));
#6149=VECTOR('',#7570,0.55);
#6150=DRAUGHTING_PRE_DEFINED_CURVE_FONT('continuous');
#6151=COLOUR_RGB('',0.927183985710144,0.927183985710144,0.927183985710144);
#6152=CARTESIAN_POINT('',(1.1,0.65,1.425));
#6153=VECTOR('',#7571,0.2);
#6154=DRAUGHTING_PRE_DEFINED_CURVE_FONT('continuous');
#6155=COLOUR_RGB('',0.927183985710144,0.927183985710144,0.927183985710144);
#6156=CARTESIAN_POINT('',(0.9,0.65,1.965));
#6157=CARTESIAN_POINT('',(0.9,0.65,1.965));
#6158=VECTOR('',#7572,0.54);
#6159=DRAUGHTING_PRE_DEFINED_CURVE_FONT('continuous');
#6160=COLOUR_RGB('',0.927183985710144,0.927183985710144,0.927183985710144);
#6161=CARTESIAN_POINT('',(1.1,0.65,1.965));
#6162=VECTOR('',#7573,0.2);
#6163=DRAUGHTING_PRE_DEFINED_CURVE_FONT('continuous');
#6164=COLOUR_RGB('',0.927183985710144,0.927183985710144,0.927183985710144);
#6165=CARTESIAN_POINT('',(0.9,0.2,2.325));
#6166=CARTESIAN_POINT('',(0.9,0.2,2.325));
#6167=VECTOR('',#7574,0.576281181369);
#6168=DRAUGHTING_PRE_DEFINED_CURVE_FONT('continuous');
#6169=COLOUR_RGB('',0.927183985710144,0.927183985710144,0.927183985710144);
#6170=CARTESIAN_POINT('',(1.1,0.2,2.325));
#6171=VECTOR('',#7575,0.2);
#6172=DRAUGHTING_PRE_DEFINED_CURVE_FONT('continuous');
#6173=COLOUR_RGB('',0.927183985710144,0.927183985710144,0.927183985710144);
#6174=CARTESIAN_POINT('',(0.9,0.2,2.625));
#6175=VECTOR('',#7576,0.3);
#6176=SURFACE_SIDE_STYLE('',(#7577));
#6177=ADVANCED_FACE('',(#7578),#7579,.F.);
#6178=ADVANCED_FACE('',(#7580),#7581,.T.);
#6179=ADVANCED_FACE('',(#7582),#7583,.T.);
#6180=ADVANCED_FACE('',(#7584),#7585,.T.);
#6181=ADVANCED_FACE('',(#7586),#7587,.T.);
#6182=ADVANCED_FACE('',(#7588),#7589,.T.);
#6183=ADVANCED_FACE('',(#7590),#7591,.T.);
#6184=ADVANCED_FACE('',(#7592),#7593,.T.);
#6185=ADVANCED_FACE('',(#7594),#7595,.T.);
#6186=ADVANCED_FACE('',(#7596),#7597,.T.);
#6187=ADVANCED_FACE('',(#7598),#7599,.T.);
#6188=ADVANCED_FACE('',(#7600),#7601,.T.);
#6189=ADVANCED_FACE('',(#7602),#7603,.T.);
#6190=ADVANCED_FACE('',(#7604),#7605,.T.);
#6191=ADVANCED_FACE('',(#7606),#7607,.T.);
#6192=ADVANCED_FACE('',(#7608),#7609,.T.);
#6193=ADVANCED_FACE('',(#7610),#7611,.T.);
#6194=ADVANCED_FACE('',(#7612),#7613,.T.);
#6195=ADVANCED_FACE('',(#7614),#7615,.T.);
#6196=ADVANCED_FACE('',(#7616),#7617,.T.);
#6197=ADVANCED_FACE('',(#7618),#7619,.T.);
#6198=DRAUGHTING_PRE_DEFINED_CURVE_FONT('continuous');
#6199=COLOUR_RGB('',0.927183985710144,0.927183985710144,0.927183985710144);
#6200=CARTESIAN_POINT('',(2.025,2.95,-0.675));
#6201=CARTESIAN_POINT('',(2.025,2.95,-0.325));
#6202=CARTESIAN_POINT('',(2.025,2.95,-0.675));
#6203=VECTOR('',#7620,0.35);
#6204=DRAUGHTING_PRE_DEFINED_CURVE_FONT('continuous');
#6205=COLOUR_RGB('',0.927183985710144,0.927183985710144,0.927183985710144);
#6206=CARTESIAN_POINT('',(2.025,2.15,-0.675));
#6207=CARTESIAN_POINT('',(2.025,2.15,-0.675));
#6208=VECTOR('',#7621,0.8);
#6209=DRAUGHTING_PRE_DEFINED_CURVE_FONT('continuous');
#6210=COLOUR_RGB('',0.927183985710144,0.927183985710144,0.927183985710144);
#6211=CARTESIAN_POINT('',(2.025,2.15,-0.925));
#6212=CARTESIAN_POINT('',(2.025,2.15,-0.925));
#6213=VECTOR('',#7622,0.25);
#6214=DRAUGHTING_PRE_DEFINED_CURVE_FONT('continuous');
#6215=COLOUR_RGB('',0.927183985710144,0.927183985710144,0.927183985710144);
#6216=CARTESIAN_POINT('',(2.025,0.3,-0.925));
#6217=CARTESIAN_POINT('',(2.025,0.3,-0.925));
#6218=VECTOR('',#7623,1.85);
#6219=DRAUGHTING_PRE_DEFINED_CURVE_FONT('continuous');
#6220=COLOUR_RGB('',0.927183985710144,0.927183985710144,0.927183985710144);
#6221=CARTESIAN_POINT('',(2.025,0.2,-1.025));
#6222=CARTESIAN_POINT('',(2.025,0.2,-1.025));
#6223=VECTOR('',#7624,0.1414213562373);
#6224=DRAUGHTING_PRE_DEFINED_CURVE_FONT('continuous');
#6225=COLOUR_RGB('',0.927183985710144,0.927183985710144,0.927183985710144);
#6226=CARTESIAN_POINT('',(2.025,-0.1,-1.025));
#6227=CARTESIAN_POINT('',(2.025,-0.1,-1.025));
#6228=VECTOR('',#7625,0.3);
#6229=DRAUGHTING_PRE_DEFINED_CURVE_FONT('continuous');
#6230=COLOUR_RGB('',0.927183985710144,0.927183985710144,0.927183985710144);
#6231=CARTESIAN_POINT('',(2.025,-0.1,0.375));
#6232=CARTESIAN_POINT('',(2.025,-0.1,0.375));
#6233=VECTOR('',#7626,1.4);
#6234=DRAUGHTING_PRE_DEFINED_CURVE_FONT('continuous');
#6235=COLOUR_RGB('',0.927183985710144,0.927183985710144,0.927183985710144);
#6236=CARTESIAN_POINT('',(2.025,0.05,0.525));
#6237=CARTESIAN_POINT('',(2.025,0.05,0.525));
#6238=VECTOR('',#7627,0.212132034356);
#6239=DRAUGHTING_PRE_DEFINED_CURVE_FONT('continuous');
#6240=COLOUR_RGB('',0.927183985710144,0.927183985710144,0.927183985710144);
#6241=CARTESIAN_POINT('',(2.025,0.05,1.725));
#6242=CARTESIAN_POINT('',(2.025,0.05,1.725));
#6243=VECTOR('',#7628,1.2);
#6244=DRAUGHTING_PRE_DEFINED_CURVE_FONT('continuous');
#6245=COLOUR_RGB('',0.927183985710144,0.927183985710144,0.927183985710144);
#6246=CARTESIAN_POINT('',(2.025,4.05,1.725));
#6247=CARTESIAN_POINT('',(2.025,4.05,1.725));
#6248=VECTOR('',#7629,4.0);
#6249=DRAUGHTING_PRE_DEFINED_CURVE_FONT('continuous');
#6250=COLOUR_RGB('',0.927183985710144,0.927183985710144,0.927183985710144);
#6251=CARTESIAN_POINT('',(2.025,4.05,0.775));
#6252=CARTESIAN_POINT('',(2.025,4.05,0.775));
#6253=VECTOR('',#7630,0.95);
#6254=DRAUGHTING_PRE_DEFINED_CURVE_FONT('continuous');
#6255=COLOUR_RGB('',0.927183985710144,0.927183985710144,0.927183985710144);
#6256=CARTESIAN_POINT('',(2.025,2.9,0.775));
#6257=CARTESIAN_POINT('',(2.025,2.9,0.775));
#6258=VECTOR('',#7631,1.15);
#6259=DRAUGHTING_PRE_DEFINED_CURVE_FONT('continuous');
#6260=COLOUR_RGB('',0.927183985710144,0.927183985710144,0.927183985710144);
#6261=CARTESIAN_POINT('',(2.025,2.9,0.875));
#6262=CARTESIAN_POINT('',(2.025,2.9,0.875));
#6263=VECTOR('',#7632,0.1);
#6264=DRAUGHTING_PRE_DEFINED_CURVE_FONT('continuous');
#6265=COLOUR_RGB('',0.927183985710144,0.927183985710144,0.927183985710144);
#6266=CARTESIAN_POINT('',(2.025,1.85,0.875));
#6267=CARTESIAN_POINT('',(2.025,1.85,0.875));
#6268=VECTOR('',#7633,1.05);
#6269=DRAUGHTING_PRE_DEFINED_CURVE_FONT('continuous');
#6270=COLOUR_RGB('',0.927183985710144,0.927183985710144,0.927183985710144);
#6271=CARTESIAN_POINT('',(2.025,1.85,0.775));
#6272=CARTESIAN_POINT('',(2.025,1.85,0.775));
#6273=VECTOR('',#7634,0.1);
#6274=DRAUGHTING_PRE_DEFINED_CURVE_FONT('continuous');
#6275=COLOUR_RGB('',0.927183985710144,0.927183985710144,0.927183985710144);
#6276=CARTESIAN_POINT('',(2.025,0.85,0.775));
#6277=CARTESIAN_POINT('',(2.025,0.85,0.775));
#6278=VECTOR('',#7635,1.0);
#6279=DRAUGHTING_PRE_DEFINED_CURVE_FONT('continuous');
#6280=COLOUR_RGB('',0.927183985710144,0.927183985710144,0.927183985710144);
#6281=CARTESIAN_POINT('',(2.025,0.85,-0.325));
#6282=CARTESIAN_POINT('',(2.025,0.85,-0.325));
#6283=VECTOR('',#7636,1.1);
#6284=DRAUGHTING_PRE_DEFINED_CURVE_FONT('continuous');
#6285=COLOUR_RGB('',0.927183985710144,0.927183985710144,0.927183985710144);
#6286=CARTESIAN_POINT('',(2.025,2.95,-0.325));
#6287=VECTOR('',#7637,2.1);
#6288=DRAUGHTING_PRE_DEFINED_CURVE_FONT('continuous');
#6289=COLOUR_RGB('',0.927183985710144,0.927183985710144,0.927183985710144);
#6290=CARTESIAN_POINT('',(2.225,0.85,-0.325));
#6291=CARTESIAN_POINT('',(2.025,0.85,-0.325));
#6292=VECTOR('',#7638,0.2);
#6293=DRAUGHTING_PRE_DEFINED_CURVE_FONT('continuous');
#6294=COLOUR_RGB('',0.927183985710144,0.927183985710144,0.927183985710144);
#6295=CARTESIAN_POINT('',(2.225,2.95,-0.325));
#6296=CARTESIAN_POINT('',(2.225,2.95,-0.325));
#6297=VECTOR('',#7639,2.1);
#6298=DRAUGHTING_PRE_DEFINED_CURVE_FONT('continuous');
#6299=COLOUR_RGB('',0.927183985710144,0.927183985710144,0.927183985710144);
#6300=CARTESIAN_POINT('',(2.025,2.95,-0.325));
#6301=VECTOR('',#7640,0.2);
#6302=DRAUGHTING_PRE_DEFINED_CURVE_FONT('continuous');
#6303=COLOUR_RGB('',0.927183985710144,0.927183985710144,0.927183985710144);
#6304=CARTESIAN_POINT('',(2.225,2.95,-0.675));
#6305=CARTESIAN_POINT('',(2.225,2.95,-0.675));
#6306=VECTOR('',#7641,0.35);
#6307=DRAUGHTING_PRE_DEFINED_CURVE_FONT('continuous');
#6308=COLOUR_RGB('',0.927183985710144,0.927183985710144,0.927183985710144);
#6309=CARTESIAN_POINT('',(2.025,2.95,-0.675));
#6310=VECTOR('',#7642,0.2);
#6311=DRAUGHTING_PRE_DEFINED_CURVE_FONT('continuous');
#6312=COLOUR_RGB('',0.927183985710144,0.927183985710144,0.927183985710144);
#6313=CARTESIAN_POINT('',(2.225,2.15,-0.675));
#6314=CARTESIAN_POINT('',(2.225,2.15,-0.675));
#6315=VECTOR('',#7643,0.8);
#6316=DRAUGHTING_PRE_DEFINED_CURVE_FONT('continuous');
#6317=COLOUR_RGB('',0.927183985710144,0.927183985710144,0.927183985710144);
#6318=CARTESIAN_POINT('',(2.025,2.15,-0.675));
#6319=VECTOR('',#7644,0.2);
#6320=DRAUGHTING_PRE_DEFINED_CURVE_FONT('continuous');
#6321=COLOUR_RGB('',0.927183985710144,0.927183985710144,0.927183985710144);
#6322=CARTESIAN_POINT('',(2.225,2.15,-0.925));
#6323=CARTESIAN_POINT('',(2.225,2.15,-0.925));
#6324=VECTOR('',#7645,0.25);
#6325=DRAUGHTING_PRE_DEFINED_CURVE_FONT('continuous');
#6326=COLOUR_RGB('',0.927183985710144,0.927183985710144,0.927183985710144);
#6327=CARTESIAN_POINT('',(2.025,2.15,-0.925));
#6328=VECTOR('',#7646,0.2);
#6329=DRAUGHTING_PRE_DEFINED_CURVE_FONT('continuous');
#6330=COLOUR_RGB('',0.927183985710144,0.927183985710144,0.927183985710144);
#6331=CARTESIAN_POINT('',(2.225,0.3,-0.925));
#6332=CARTESIAN_POINT('',(2.225,0.3,-0.925));
#6333=VECTOR('',#7647,1.85);
#6334=DRAUGHTING_PRE_DEFINED_CURVE_FONT('continuous');
#6335=COLOUR_RGB('',0.927183985710144,0.927183985710144,0.927183985710144);
#6336=CARTESIAN_POINT('',(2.025,0.3,-0.925));
#6337=VECTOR('',#7648,0.2);
#6338=DRAUGHTING_PRE_DEFINED_CURVE_FONT('continuous');
#6339=COLOUR_RGB('',0.927183985710144,0.927183985710144,0.927183985710144);
#6340=CARTESIAN_POINT('',(2.225,0.2,-1.025));
#6341=CARTESIAN_POINT('',(2.225,0.2,-1.025));
#6342=VECTOR('',#7649,0.1414213562373);
#6343=DRAUGHTING_PRE_DEFINED_CURVE_FONT('continuous');
#6344=COLOUR_RGB('',0.927183985710144,0.927183985710144,0.927183985710144);
#6345=CARTESIAN_POINT('',(2.025,0.2,-1.025));
#6346=VECTOR('',#7650,0.2);
#6347=DRAUGHTING_PRE_DEFINED_CURVE_FONT('continuous');
#6348=COLOUR_RGB('',0.927183985710144,0.927183985710144,0.927183985710144);
#6349=CARTESIAN_POINT('',(2.225,-0.1,-1.025));
#6350=CARTESIAN_POINT('',(2.225,-0.1,-1.025));
#6351=VECTOR('',#7651,0.3);
#6352=DRAUGHTING_PRE_DEFINED_CURVE_FONT('continuous');
#6353=COLOUR_RGB('',0.927183985710144,0.927183985710144,0.927183985710144);
#6354=CARTESIAN_POINT('',(2.025,-0.1,-1.025));
#6355=VECTOR('',#7652,0.2);
#6356=DRAUGHTING_PRE_DEFINED_CURVE_FONT('continuous');
#6357=COLOUR_RGB('',0.927183985710144,0.927183985710144,0.927183985710144);
#6358=CARTESIAN_POINT('',(2.225,-0.1,0.375));
#6359=CARTESIAN_POINT('',(2.225,-0.1,0.375));
#6360=VECTOR('',#7653,1.4);
#6361=DRAUGHTING_PRE_DEFINED_CURVE_FONT('continuous');
#6362=COLOUR_RGB('',0.927183985710144,0.927183985710144,0.927183985710144);
#6363=CARTESIAN_POINT('',(2.025,-0.1,0.375));
#6364=VECTOR('',#7654,0.2);
#6365=DRAUGHTING_PRE_DEFINED_CURVE_FONT('continuous');
#6366=COLOUR_RGB('',0.927183985710144,0.927183985710144,0.927183985710144);
#6367=CARTESIAN_POINT('',(2.225,0.05,0.525));
#6368=CARTESIAN_POINT('',(2.225,0.05,0.525));
#6369=VECTOR('',#7655,0.212132034356);
#6370=DRAUGHTING_PRE_DEFINED_CURVE_FONT('continuous');
#6371=COLOUR_RGB('',0.927183985710144,0.927183985710144,0.927183985710144);
#6372=CARTESIAN_POINT('',(2.025,0.05,0.525));
#6373=VECTOR('',#7656,0.2);
#6374=DRAUGHTING_PRE_DEFINED_CURVE_FONT('continuous');
#6375=COLOUR_RGB('',0.927183985710144,0.927183985710144,0.927183985710144);
#6376=CARTESIAN_POINT('',(2.225,0.05,1.725));
#6377=CARTESIAN_POINT('',(2.225,0.05,1.725));
#6378=VECTOR('',#7657,1.2);
#6379=DRAUGHTING_PRE_DEFINED_CURVE_FONT('continuous');
#6380=COLOUR_RGB('',0.927183985710144,0.927183985710144,0.927183985710144);
#6381=CARTESIAN_POINT('',(2.025,0.05,1.725));
#6382=VECTOR('',#7658,0.2);
#6383=DRAUGHTING_PRE_DEFINED_CURVE_FONT('continuous');
#6384=COLOUR_RGB('',0.927183985710144,0.927183985710144,0.927183985710144);
#6385=CARTESIAN_POINT('',(2.225,4.05,1.725));
#6386=CARTESIAN_POINT('',(2.225,4.05,1.725));
#6387=VECTOR('',#7659,4.0);
#6388=DRAUGHTING_PRE_DEFINED_CURVE_FONT('continuous');
#6389=COLOUR_RGB('',0.927183985710144,0.927183985710144,0.927183985710144);
#6390=CARTESIAN_POINT('',(2.025,4.05,1.725));
#6391=VECTOR('',#7660,0.2);
#6392=DRAUGHTING_PRE_DEFINED_CURVE_FONT('continuous');
#6393=COLOUR_RGB('',0.927183985710144,0.927183985710144,0.927183985710144);
#6394=CARTESIAN_POINT('',(2.225,4.05,0.775));
#6395=CARTESIAN_POINT('',(2.225,4.05,0.775));
#6396=VECTOR('',#7661,0.95);
#6397=DRAUGHTING_PRE_DEFINED_CURVE_FONT('continuous');
#6398=COLOUR_RGB('',0.927183985710144,0.927183985710144,0.927183985710144);
#6399=CARTESIAN_POINT('',(2.025,4.05,0.775));
#6400=VECTOR('',#7662,0.2);
#6401=DRAUGHTING_PRE_DEFINED_CURVE_FONT('continuous');
#6402=COLOUR_RGB('',0.927183985710144,0.927183985710144,0.927183985710144);
#6403=CARTESIAN_POINT('',(2.225,2.9,0.775));
#6404=CARTESIAN_POINT('',(2.225,2.9,0.775));
#6405=VECTOR('',#7663,1.15);
#6406=DRAUGHTING_PRE_DEFINED_CURVE_FONT('continuous');
#6407=COLOUR_RGB('',0.927183985710144,0.927183985710144,0.927183985710144);
#6408=CARTESIAN_POINT('',(2.025,2.9,0.775));
#6409=VECTOR('',#7664,0.2);
#6410=DRAUGHTING_PRE_DEFINED_CURVE_FONT('continuous');
#6411=COLOUR_RGB('',0.927183985710144,0.927183985710144,0.927183985710144);
#6412=CARTESIAN_POINT('',(2.225,2.9,0.875));
#6413=CARTESIAN_POINT('',(2.225,2.9,0.875));
#6414=VECTOR('',#7665,0.1);
#6415=DRAUGHTING_PRE_DEFINED_CURVE_FONT('continuous');
#6416=COLOUR_RGB('',0.927183985710144,0.927183985710144,0.927183985710144);
#6417=CARTESIAN_POINT('',(2.025,2.9,0.875));
#6418=VECTOR('',#7666,0.2);
#6419=DRAUGHTING_PRE_DEFINED_CURVE_FONT('continuous');
#6420=COLOUR_RGB('',0.927183985710144,0.927183985710144,0.927183985710144);
#6421=CARTESIAN_POINT('',(2.225,1.85,0.875));
#6422=CARTESIAN_POINT('',(2.225,1.85,0.875));
#6423=VECTOR('',#7667,1.05);
#6424=DRAUGHTING_PRE_DEFINED_CURVE_FONT('continuous');
#6425=COLOUR_RGB('',0.927183985710144,0.927183985710144,0.927183985710144);
#6426=CARTESIAN_POINT('',(2.025,1.85,0.875));
#6427=VECTOR('',#7668,0.2);
#6428=DRAUGHTING_PRE_DEFINED_CURVE_FONT('continuous');
#6429=COLOUR_RGB('',0.927183985710144,0.927183985710144,0.927183985710144);
#6430=CARTESIAN_POINT('',(2.225,1.85,0.775));
#6431=CARTESIAN_POINT('',(2.225,1.85,0.775));
#6432=VECTOR('',#7669,0.1);
#6433=DRAUGHTING_PRE_DEFINED_CURVE_FONT('continuous');
#6434=COLOUR_RGB('',0.927183985710144,0.927183985710144,0.927183985710144);
#6435=CARTESIAN_POINT('',(2.025,1.85,0.775));
#6436=VECTOR('',#7670,0.2);
#6437=DRAUGHTING_PRE_DEFINED_CURVE_FONT('continuous');
#6438=COLOUR_RGB('',0.927183985710144,0.927183985710144,0.927183985710144);
#6439=CARTESIAN_POINT('',(2.225,0.85,0.775));
#6440=CARTESIAN_POINT('',(2.225,0.85,0.775));
#6441=VECTOR('',#7671,1.0);
#6442=DRAUGHTING_PRE_DEFINED_CURVE_FONT('continuous');
#6443=COLOUR_RGB('',0.927183985710144,0.927183985710144,0.927183985710144);
#6444=CARTESIAN_POINT('',(2.025,0.85,0.775));
#6445=VECTOR('',#7672,0.2);
#6446=DRAUGHTING_PRE_DEFINED_CURVE_FONT('continuous');
#6447=COLOUR_RGB('',0.927183985710144,0.927183985710144,0.927183985710144);
#6448=CARTESIAN_POINT('',(2.225,0.85,-0.325));
#6449=VECTOR('',#7673,1.1);
#6450=SURFACE_SIDE_STYLE('',(#7674));
#6451=ADVANCED_FACE('',(#7675),#7676,.F.);
#6452=ADVANCED_FACE('',(#7677),#7678,.T.);
#6453=ADVANCED_FACE('',(#7679),#7680,.T.);
#6454=ADVANCED_FACE('',(#7681),#7682,.T.);
#6455=ADVANCED_FACE('',(#7683),#7684,.T.);
#6456=ADVANCED_FACE('',(#7685),#7686,.T.);
#6457=ADVANCED_FACE('',(#7687),#7688,.T.);
#6458=ADVANCED_FACE('',(#7689),#7690,.T.);
#6459=ADVANCED_FACE('',(#7691),#7692,.T.);
#6460=ADVANCED_FACE('',(#7693),#7694,.T.);
#6461=ADVANCED_FACE('',(#7695),#7696,.T.);
#6462=ADVANCED_FACE('',(#7697),#7698,.T.);
#6463=ADVANCED_FACE('',(#7699),#7700,.T.);
#6464=ADVANCED_FACE('',(#7701),#7702,.T.);
#6465=ADVANCED_FACE('',(#7703),#7704,.T.);
#6466=ADVANCED_FACE('',(#7705),#7706,.T.);
#6467=ADVANCED_FACE('',(#7707),#7708,.T.);
#6468=ADVANCED_FACE('',(#7709),#7710,.T.);
#6469=ADVANCED_FACE('',(#7711),#7712,.T.);
#6470=ADVANCED_FACE('',(#7713),#7714,.T.);
#6471=DRAUGHTING_PRE_DEFINED_CURVE_FONT('continuous');
#6472=COLOUR_RGB('',0.927183985710144,0.927183985710144,0.927183985710144);
#6473=CARTESIAN_POINT('',(-2.225,2.95,-0.675));
#6474=CARTESIAN_POINT('',(-2.225,2.95,-0.325));
#6475=CARTESIAN_POINT('',(-2.225,2.95,-0.675));
#6476=VECTOR('',#7715,0.35);
#6477=DRAUGHTING_PRE_DEFINED_CURVE_FONT('continuous');
#6478=COLOUR_RGB('',0.927183985710144,0.927183985710144,0.927183985710144);
#6479=CARTESIAN_POINT('',(-2.225,2.15,-0.675));
#6480=CARTESIAN_POINT('',(-2.225,2.15,-0.675));
#6481=VECTOR('',#7716,0.8);
#6482=DRAUGHTING_PRE_DEFINED_CURVE_FONT('continuous');
#6483=COLOUR_RGB('',0.927183985710144,0.927183985710144,0.927183985710144);
#6484=CARTESIAN_POINT('',(-2.225,2.15,-0.925));
#6485=CARTESIAN_POINT('',(-2.225,2.15,-0.925));
#6486=VECTOR('',#7717,0.25);
#6487=DRAUGHTING_PRE_DEFINED_CURVE_FONT('continuous');
#6488=COLOUR_RGB('',0.927183985710144,0.927183985710144,0.927183985710144);
#6489=CARTESIAN_POINT('',(-2.225,0.3,-0.925));
#6490=CARTESIAN_POINT('',(-2.225,0.3,-0.925));
#6491=VECTOR('',#7718,1.85);
#6492=DRAUGHTING_PRE_DEFINED_CURVE_FONT('continuous');
#6493=COLOUR_RGB('',0.927183985710144,0.927183985710144,0.927183985710144);
#6494=CARTESIAN_POINT('',(-2.225,0.2,-1.025));
#6495=CARTESIAN_POINT('',(-2.225,0.2,-1.025));
#6496=VECTOR('',#7719,0.1414213562373);
#6497=DRAUGHTING_PRE_DEFINED_CURVE_FONT('continuous');
#6498=COLOUR_RGB('',0.927183985710144,0.927183985710144,0.927183985710144);
#6499=CARTESIAN_POINT('',(-2.225,-0.1,-1.025));
#6500=CARTESIAN_POINT('',(-2.225,-0.1,-1.025));
#6501=VECTOR('',#7720,0.3);
#6502=DRAUGHTING_PRE_DEFINED_CURVE_FONT('continuous');
#6503=COLOUR_RGB('',0.927183985710144,0.927183985710144,0.927183985710144);
#6504=CARTESIAN_POINT('',(-2.225,-0.1,0.375));
#6505=CARTESIAN_POINT('',(-2.225,-0.1,0.375));
#6506=VECTOR('',#7721,1.4);
#6507=DRAUGHTING_PRE_DEFINED_CURVE_FONT('continuous');
#6508=COLOUR_RGB('',0.927183985710144,0.927183985710144,0.927183985710144);
#6509=CARTESIAN_POINT('',(-2.225,0.05,0.525));
#6510=CARTESIAN_POINT('',(-2.225,0.05,0.525));
#6511=VECTOR('',#7722,0.212132034356);
#6512=DRAUGHTING_PRE_DEFINED_CURVE_FONT('continuous');
#6513=COLOUR_RGB('',0.927183985710144,0.927183985710144,0.927183985710144);
#6514=CARTESIAN_POINT('',(-2.225,0.05,1.725));
#6515=CARTESIAN_POINT('',(-2.225,0.05,1.725));
#6516=VECTOR('',#7723,1.2);
#6517=DRAUGHTING_PRE_DEFINED_CURVE_FONT('continuous');
#6518=COLOUR_RGB('',0.927183985710144,0.927183985710144,0.927183985710144);
#6519=CARTESIAN_POINT('',(-2.225,4.05,1.725));
#6520=CARTESIAN_POINT('',(-2.225,4.05,1.725));
#6521=VECTOR('',#7724,4.0);
#6522=DRAUGHTING_PRE_DEFINED_CURVE_FONT('continuous');
#6523=COLOUR_RGB('',0.927183985710144,0.927183985710144,0.927183985710144);
#6524=CARTESIAN_POINT('',(-2.225,4.05,0.775));
#6525=CARTESIAN_POINT('',(-2.225,4.05,0.775));
#6526=VECTOR('',#7725,0.95);
#6527=DRAUGHTING_PRE_DEFINED_CURVE_FONT('continuous');
#6528=COLOUR_RGB('',0.927183985710144,0.927183985710144,0.927183985710144);
#6529=CARTESIAN_POINT('',(-2.225,2.9,0.775));
#6530=CARTESIAN_POINT('',(-2.225,2.9,0.775));
#6531=VECTOR('',#7726,1.15);
#6532=DRAUGHTING_PRE_DEFINED_CURVE_FONT('continuous');
#6533=COLOUR_RGB('',0.927183985710144,0.927183985710144,0.927183985710144);
#6534=CARTESIAN_POINT('',(-2.225,2.9,0.875));
#6535=CARTESIAN_POINT('',(-2.225,2.9,0.875));
#6536=VECTOR('',#7727,0.1);
#6537=DRAUGHTING_PRE_DEFINED_CURVE_FONT('continuous');
#6538=COLOUR_RGB('',0.927183985710144,0.927183985710144,0.927183985710144);
#6539=CARTESIAN_POINT('',(-2.225,1.85,0.875));
#6540=CARTESIAN_POINT('',(-2.225,1.85,0.875));
#6541=VECTOR('',#7728,1.05);
#6542=DRAUGHTING_PRE_DEFINED_CURVE_FONT('continuous');
#6543=COLOUR_RGB('',0.927183985710144,0.927183985710144,0.927183985710144);
#6544=CARTESIAN_POINT('',(-2.225,1.85,0.775));
#6545=CARTESIAN_POINT('',(-2.225,1.85,0.775));
#6546=VECTOR('',#7729,0.1);
#6547=DRAUGHTING_PRE_DEFINED_CURVE_FONT('continuous');
#6548=COLOUR_RGB('',0.927183985710144,0.927183985710144,0.927183985710144);
#6549=CARTESIAN_POINT('',(-2.225,0.85,0.775));
#6550=CARTESIAN_POINT('',(-2.225,0.85,0.775));
#6551=VECTOR('',#7730,1.0);
#6552=DRAUGHTING_PRE_DEFINED_CURVE_FONT('continuous');
#6553=COLOUR_RGB('',0.927183985710144,0.927183985710144,0.927183985710144);
#6554=CARTESIAN_POINT('',(-2.225,0.85,-0.325));
#6555=CARTESIAN_POINT('',(-2.225,0.85,-0.325));
#6556=VECTOR('',#7731,1.1);
#6557=DRAUGHTING_PRE_DEFINED_CURVE_FONT('continuous');
#6558=COLOUR_RGB('',0.927183985710144,0.927183985710144,0.927183985710144);
#6559=CARTESIAN_POINT('',(-2.225,2.95,-0.325));
#6560=VECTOR('',#7732,2.1);
#6561=DRAUGHTING_PRE_DEFINED_CURVE_FONT('continuous');
#6562=COLOUR_RGB('',0.927183985710144,0.927183985710144,0.927183985710144);
#6563=CARTESIAN_POINT('',(-2.025,0.85,-0.325));
#6564=CARTESIAN_POINT('',(-2.225,0.85,-0.325));
#6565=VECTOR('',#7733,0.2);
#6566=DRAUGHTING_PRE_DEFINED_CURVE_FONT('continuous');
#6567=COLOUR_RGB('',0.927183985710144,0.927183985710144,0.927183985710144);
#6568=CARTESIAN_POINT('',(-2.025,2.95,-0.325));
#6569=CARTESIAN_POINT('',(-2.025,2.95,-0.325));
#6570=VECTOR('',#7734,2.1);
#6571=DRAUGHTING_PRE_DEFINED_CURVE_FONT('continuous');
#6572=COLOUR_RGB('',0.927183985710144,0.927183985710144,0.927183985710144);
#6573=CARTESIAN_POINT('',(-2.225,2.95,-0.325));
#6574=VECTOR('',#7735,0.2);
#6575=DRAUGHTING_PRE_DEFINED_CURVE_FONT('continuous');
#6576=COLOUR_RGB('',0.927183985710144,0.927183985710144,0.927183985710144);
#6577=CARTESIAN_POINT('',(-2.025,2.95,-0.675));
#6578=CARTESIAN_POINT('',(-2.025,2.95,-0.675));
#6579=VECTOR('',#7736,0.35);
#6580=DRAUGHTING_PRE_DEFINED_CURVE_FONT('continuous');
#6581=COLOUR_RGB('',0.927183985710144,0.927183985710144,0.927183985710144);
#6582=CARTESIAN_POINT('',(-2.225,2.95,-0.675));
#6583=VECTOR('',#7737,0.2);
#6584=DRAUGHTING_PRE_DEFINED_CURVE_FONT('continuous');
#6585=COLOUR_RGB('',0.927183985710144,0.927183985710144,0.927183985710144);
#6586=CARTESIAN_POINT('',(-2.025,2.15,-0.675));
#6587=CARTESIAN_POINT('',(-2.025,2.15,-0.675));
#6588=VECTOR('',#7738,0.8);
#6589=DRAUGHTING_PRE_DEFINED_CURVE_FONT('continuous');
#6590=COLOUR_RGB('',0.927183985710144,0.927183985710144,0.927183985710144);
#6591=CARTESIAN_POINT('',(-2.225,2.15,-0.675));
#6592=VECTOR('',#7739,0.2);
#6593=DRAUGHTING_PRE_DEFINED_CURVE_FONT('continuous');
#6594=COLOUR_RGB('',0.927183985710144,0.927183985710144,0.927183985710144);
#6595=CARTESIAN_POINT('',(-2.025,2.15,-0.925));
#6596=CARTESIAN_POINT('',(-2.025,2.15,-0.925));
#6597=VECTOR('',#7740,0.25);
#6598=DRAUGHTING_PRE_DEFINED_CURVE_FONT('continuous');
#6599=COLOUR_RGB('',0.927183985710144,0.927183985710144,0.927183985710144);
#6600=CARTESIAN_POINT('',(-2.225,2.15,-0.925));
#6601=VECTOR('',#7741,0.2);
#6602=DRAUGHTING_PRE_DEFINED_CURVE_FONT('continuous');
#6603=COLOUR_RGB('',0.927183985710144,0.927183985710144,0.927183985710144);
#6604=CARTESIAN_POINT('',(-2.025,0.3,-0.925));
#6605=CARTESIAN_POINT('',(-2.025,0.3,-0.925));
#6606=VECTOR('',#7742,1.85);
#6607=DRAUGHTING_PRE_DEFINED_CURVE_FONT('continuous');
#6608=COLOUR_RGB('',0.927183985710144,0.927183985710144,0.927183985710144);
#6609=CARTESIAN_POINT('',(-2.225,0.3,-0.925));
#6610=VECTOR('',#7743,0.2);
#6611=DRAUGHTING_PRE_DEFINED_CURVE_FONT('continuous');
#6612=COLOUR_RGB('',0.927183985710144,0.927183985710144,0.927183985710144);
#6613=CARTESIAN_POINT('',(-2.025,0.2,-1.025));
#6614=CARTESIAN_POINT('',(-2.025,0.2,-1.025));
#6615=VECTOR('',#7744,0.1414213562373);
#6616=DRAUGHTING_PRE_DEFINED_CURVE_FONT('continuous');
#6617=COLOUR_RGB('',0.927183985710144,0.927183985710144,0.927183985710144);
#6618=CARTESIAN_POINT('',(-2.225,0.2,-1.025));
#6619=VECTOR('',#7745,0.2);
#6620=DRAUGHTING_PRE_DEFINED_CURVE_FONT('continuous');
#6621=COLOUR_RGB('',0.927183985710144,0.927183985710144,0.927183985710144);
#6622=CARTESIAN_POINT('',(-2.025,-0.1,-1.025));
#6623=CARTESIAN_POINT('',(-2.025,-0.1,-1.025));
#6624=VECTOR('',#7746,0.3);
#6625=DRAUGHTING_PRE_DEFINED_CURVE_FONT('continuous');
#6626=COLOUR_RGB('',0.927183985710144,0.927183985710144,0.927183985710144);
#6627=CARTESIAN_POINT('',(-2.225,-0.1,-1.025));
#6628=VECTOR('',#7747,0.2);
#6629=DRAUGHTING_PRE_DEFINED_CURVE_FONT('continuous');
#6630=COLOUR_RGB('',0.927183985710144,0.927183985710144,0.927183985710144);
#6631=CARTESIAN_POINT('',(-2.025,-0.1,0.375));
#6632=CARTESIAN_POINT('',(-2.025,-0.1,0.375));
#6633=VECTOR('',#7748,1.4);
#6634=DRAUGHTING_PRE_DEFINED_CURVE_FONT('continuous');
#6635=COLOUR_RGB('',0.927183985710144,0.927183985710144,0.927183985710144);
#6636=CARTESIAN_POINT('',(-2.225,-0.1,0.375));
#6637=VECTOR('',#7749,0.2);
#6638=DRAUGHTING_PRE_DEFINED_CURVE_FONT('continuous');
#6639=COLOUR_RGB('',0.927183985710144,0.927183985710144,0.927183985710144);
#6640=CARTESIAN_POINT('',(-2.025,0.05,0.525));
#6641=CARTESIAN_POINT('',(-2.025,0.05,0.525));
#6642=VECTOR('',#7750,0.212132034356);
#6643=DRAUGHTING_PRE_DEFINED_CURVE_FONT('continuous');
#6644=COLOUR_RGB('',0.927183985710144,0.927183985710144,0.927183985710144);
#6645=CARTESIAN_POINT('',(-2.225,0.05,0.525));
#6646=VECTOR('',#7751,0.2);
#6647=DRAUGHTING_PRE_DEFINED_CURVE_FONT('continuous');
#6648=COLOUR_RGB('',0.927183985710144,0.927183985710144,0.927183985710144);
#6649=CARTESIAN_POINT('',(-2.025,0.05,1.725));
#6650=CARTESIAN_POINT('',(-2.025,0.05,1.725));
#6651=VECTOR('',#7752,1.2);
#6652=DRAUGHTING_PRE_DEFINED_CURVE_FONT('continuous');
#6653=COLOUR_RGB('',0.927183985710144,0.927183985710144,0.927183985710144);
#6654=CARTESIAN_POINT('',(-2.225,0.05,1.725));
#6655=VECTOR('',#7753,0.2);
#6656=DRAUGHTING_PRE_DEFINED_CURVE_FONT('continuous');
#6657=COLOUR_RGB('',0.927183985710144,0.927183985710144,0.927183985710144);
#6658=CARTESIAN_POINT('',(-2.025,4.05,1.725));
#6659=CARTESIAN_POINT('',(-2.025,4.05,1.725));
#6660=VECTOR('',#7754,4.0);
#6661=DRAUGHTING_PRE_DEFINED_CURVE_FONT('continuous');
#6662=COLOUR_RGB('',0.927183985710144,0.927183985710144,0.927183985710144);
#6663=CARTESIAN_POINT('',(-2.225,4.05,1.725));
#6664=VECTOR('',#7755,0.2);
#6665=DRAUGHTING_PRE_DEFINED_CURVE_FONT('continuous');
#6666=COLOUR_RGB('',0.927183985710144,0.927183985710144,0.927183985710144);
#6667=CARTESIAN_POINT('',(-2.025,4.05,0.775));
#6668=CARTESIAN_POINT('',(-2.025,4.05,0.775));
#6669=VECTOR('',#7756,0.95);
#6670=DRAUGHTING_PRE_DEFINED_CURVE_FONT('continuous');
#6671=COLOUR_RGB('',0.927183985710144,0.927183985710144,0.927183985710144);
#6672=CARTESIAN_POINT('',(-2.225,4.05,0.775));
#6673=VECTOR('',#7757,0.2);
#6674=DRAUGHTING_PRE_DEFINED_CURVE_FONT('continuous');
#6675=COLOUR_RGB('',0.927183985710144,0.927183985710144,0.927183985710144);
#6676=CARTESIAN_POINT('',(-2.025,2.9,0.775));
#6677=CARTESIAN_POINT('',(-2.025,2.9,0.775));
#6678=VECTOR('',#7758,1.15);
#6679=DRAUGHTING_PRE_DEFINED_CURVE_FONT('continuous');
#6680=COLOUR_RGB('',0.927183985710144,0.927183985710144,0.927183985710144);
#6681=CARTESIAN_POINT('',(-2.225,2.9,0.775));
#6682=VECTOR('',#7759,0.2);
#6683=DRAUGHTING_PRE_DEFINED_CURVE_FONT('continuous');
#6684=COLOUR_RGB('',0.927183985710144,0.927183985710144,0.927183985710144);
#6685=CARTESIAN_POINT('',(-2.025,2.9,0.875));
#6686=CARTESIAN_POINT('',(-2.025,2.9,0.875));
#6687=VECTOR('',#7760,0.1);
#6688=DRAUGHTING_PRE_DEFINED_CURVE_FONT('continuous');
#6689=COLOUR_RGB('',0.927183985710144,0.927183985710144,0.927183985710144);
#6690=CARTESIAN_POINT('',(-2.225,2.9,0.875));
#6691=VECTOR('',#7761,0.2);
#6692=DRAUGHTING_PRE_DEFINED_CURVE_FONT('continuous');
#6693=COLOUR_RGB('',0.927183985710144,0.927183985710144,0.927183985710144);
#6694=CARTESIAN_POINT('',(-2.025,1.85,0.875));
#6695=CARTESIAN_POINT('',(-2.025,1.85,0.875));
#6696=VECTOR('',#7762,1.05);
#6697=DRAUGHTING_PRE_DEFINED_CURVE_FONT('continuous');
#6698=COLOUR_RGB('',0.927183985710144,0.927183985710144,0.927183985710144);
#6699=CARTESIAN_POINT('',(-2.225,1.85,0.875));
#6700=VECTOR('',#7763,0.2);
#6701=DRAUGHTING_PRE_DEFINED_CURVE_FONT('continuous');
#6702=COLOUR_RGB('',0.927183985710144,0.927183985710144,0.927183985710144);
#6703=CARTESIAN_POINT('',(-2.025,1.85,0.775));
#6704=CARTESIAN_POINT('',(-2.025,1.85,0.775));
#6705=VECTOR('',#7764,0.1);
#6706=DRAUGHTING_PRE_DEFINED_CURVE_FONT('continuous');
#6707=COLOUR_RGB('',0.927183985710144,0.927183985710144,0.927183985710144);
#6708=CARTESIAN_POINT('',(-2.225,1.85,0.775));
#6709=VECTOR('',#7765,0.2);
#6710=DRAUGHTING_PRE_DEFINED_CURVE_FONT('continuous');
#6711=COLOUR_RGB('',0.927183985710144,0.927183985710144,0.927183985710144);
#6712=CARTESIAN_POINT('',(-2.025,0.85,0.775));
#6713=CARTESIAN_POINT('',(-2.025,0.85,0.775));
#6714=VECTOR('',#7766,1.0);
#6715=DRAUGHTING_PRE_DEFINED_CURVE_FONT('continuous');
#6716=COLOUR_RGB('',0.927183985710144,0.927183985710144,0.927183985710144);
#6717=CARTESIAN_POINT('',(-2.225,0.85,0.775));
#6718=VECTOR('',#7767,0.2);
#6719=DRAUGHTING_PRE_DEFINED_CURVE_FONT('continuous');
#6720=COLOUR_RGB('',0.927183985710144,0.927183985710144,0.927183985710144);
#6721=CARTESIAN_POINT('',(-2.025,0.85,-0.325));
#6722=VECTOR('',#7768,1.1);
#6723=SURFACE_SIDE_STYLE('',(#7769));
#6724=ADVANCED_FACE('',(#7770),#7771,.F.);
#6725=ADVANCED_FACE('',(#7772),#7773,.T.);
#6726=ADVANCED_FACE('',(#7774),#7775,.T.);
#6727=ADVANCED_FACE('',(#7776),#7777,.T.);
#6728=ADVANCED_FACE('',(#7778),#7779,.T.);
#6729=ADVANCED_FACE('',(#7780),#7781,.T.);
#6730=ADVANCED_FACE('',(#7782),#7783,.T.);
#6731=ADVANCED_FACE('',(#7784),#7785,.T.);
#6732=ADVANCED_FACE('',(#7786),#7787,.T.);
#6733=ADVANCED_FACE('',(#7788),#7789,.T.);
#6734=ADVANCED_FACE('',(#7790),#7791,.T.);
#6735=ADVANCED_FACE('',(#7792),#7793,.T.);
#6736=ADVANCED_FACE('',(#7794),#7795,.T.);
#6737=ADVANCED_FACE('',(#7796),#7797,.T.);
#6738=ADVANCED_FACE('',(#7798),#7799,.T.);
#6739=ADVANCED_FACE('',(#7800),#7801,.T.);
#6740=ADVANCED_FACE('',(#7802),#7803,.T.);
#6741=ADVANCED_FACE('',(#7804),#7805,.T.);
#6742=ADVANCED_FACE('',(#7806),#7807,.T.);
#6743=ADVANCED_FACE('',(#7808),#7809,.T.);
#6745=DIRECTION('',(1.0,0.0,0.0));
#6746=DIRECTION('',(0.0,0.0,1.0));
#6747=DIRECTION('',(1.0,0.0,0.0));
#6748=DIRECTION('',(0.0,0.0,-1.0));
#6749=DIRECTION('',(-1.0,0.0,0.0));
#6750=DIRECTION('',(0.0,0.0,-1.0));
#6751=DIRECTION('',(1.0,0.0,0.0));
#6752=DIRECTION('',(0.0,0.0,1.0));
#6753=DIRECTION('',(1.0,0.0,0.0));
#6754=DIRECTION('',(0.0,0.0,-1.0));
#6755=DIRECTION('',(1.0,0.0,0.0));
#6756=DIRECTION('',(0.0,0.0,1.0));
#6757=DIRECTION('',(1.0,0.0,0.0));
#6758=DIRECTION('',(0.0,0.0,1.0));
#6759=DIRECTION('',(1.0,0.0,0.0));
#6760=DIRECTION('',(0.0,0.0,-1.0));
#6761=DIRECTION('',(-1.0,0.0,0.0));
#6762=DIRECTION('',(0.0,0.0,-1.0));
#6763=DIRECTION('',(1.0,0.0,0.0));
#6764=DIRECTION('',(0.0,0.0,-1.0));
#6765=DIRECTION('',(1.0,0.0,0.0));
#6766=DIRECTION('',(0.0,0.0,-1.0));
#6767=DIRECTION('',(1.0,0.0,0.0));
#6768=DIRECTION('',(0.0,0.0,1.0));
#6769=DIRECTION('',(0.707106781186548,0.707106781186548,0.0));
#6770=DIRECTION('',(-0.707106781186548,-0.707106781186548,0.0));
#6771=DIRECTION('',(0.0,0.0,1.0));
#6772=DIRECTION('',(0.0,-1.0,0.0));
#6773=DIRECTION('',(0.0,0.0,1.0));
#6774=DIRECTION('',(0.0,1.0,0.0));
#6775=DIRECTION('',(0.0,0.0,1.0));
#6776=DIRECTION('',(0.0,-1.0,0.0));
#6777=DIRECTION('',(0.0,0.0,1.0));
#6778=DIRECTION('',(0.0,1.0,0.0));
#6779=DIRECTION('',(0.0,0.0,1.0));
#6780=DIRECTION('',(0.0,-1.0,0.0));
#6781=DIRECTION('',(0.0,0.0,1.0));
#6782=DIRECTION('',(0.0,1.0,0.0));
#6783=DIRECTION('',(0.0,1.0,0.0));
#6784=DIRECTION('',(-1.0,0.0,0.0));
#6785=DIRECTION('',(0.0,1.0,0.0));
#6786=DIRECTION('',(1.0,0.0,0.0));
#6787=DIRECTION('',(0.0,-1.0,0.0));
#6788=DIRECTION('',(-1.0,0.0,0.0));
#6789=DIRECTION('',(0.0,1.0,0.0));
#6790=DIRECTION('',(1.0,0.0,0.0));
#6791=DIRECTION('',(0.0,-1.0,0.0));
#6792=DIRECTION('',(-1.0,0.0,0.0));
#6793=DIRECTION('',(0.0,1.0,0.0));
#6794=DIRECTION('',(1.0,0.0,0.0));
#6795=DIRECTION('',(0.0,1.0,0.0));
#6796=DIRECTION('',(1.0,0.0,0.0));
#6797=DIRECTION('',(0.0,1.0,0.0));
#6798=DIRECTION('',(1.0,0.0,0.0));
#6799=DIRECTION('',(0.0,1.0,0.0));
#6800=DIRECTION('',(0.707106781186548,-0.707106781186548,0.0));
#6801=DIRECTION('',(0.707106781186548,0.707106781186548,0.0));
#6802=DIRECTION('',(0.0,1.0,0.0));
#6803=DIRECTION('',(1.0,0.0,0.0));
#6804=DIRECTION('',(0.0,1.0,0.0));
#6805=DIRECTION('',(0.707106781186548,-0.707106781186548,0.0));
#6806=DIRECTION('',(0.707106781186548,0.707106781186548,0.0));
#6807=DIRECTION('',(0.0,1.0,0.0));
#6808=DIRECTION('',(1.0,0.0,0.0));
#6809=DIRECTION('',(0.0,1.0,0.0));
#6810=DIRECTION('',(0.707106781186548,-0.707106781186548,0.0));
#6811=DIRECTION('',(-0.707106781186548,0.707106781186548,0.0));
#6812=DIRECTION('',(0.0,0.0,-1.0));
#6813=DIRECTION('',(0.0,0.0,1.0));
#6814=DIRECTION('',(0.0,-1.0,0.0));
#6815=DIRECTION('',(0.0,0.0,-1.0));
#6816=DIRECTION('',(0.0,1.0,0.0));
#6817=DIRECTION('',(0.0,0.0,1.0));
#6818=DIRECTION('',(0.0,-1.0,0.0));
#6819=DIRECTION('',(0.0,0.0,-1.0));
#6820=DIRECTION('',(0.0,1.0,0.0));
#6821=DIRECTION('',(0.0,0.0,1.0));
#6822=DIRECTION('',(0.0,-1.0,0.0));
#6823=DIRECTION('',(-1.0,0.0,0.0));
#6824=DIRECTION('',(0.0,-1.0,0.0));
#6825=DIRECTION('',(-1.0,0.0,0.0));
#6826=DIRECTION('',(0.0,-1.0,0.0));
#6827=DIRECTION('',(1.0,0.0,0.0));
#6828=DIRECTION('',(0.0,-1.0,0.0));
#6829=DIRECTION('',(1.0,0.0,0.0));
#6830=DIRECTION('',(0.0,-1.0,0.0));
#6831=DIRECTION('',(0.0,1.0,0.0));
#6832=DIRECTION('',(-1.0,0.0,0.0));
#6833=DIRECTION('',(-0.707106781186548,0.707106781186548,0.0));
#6834=DIRECTION('',(0.0,-1.0,0.0));
#6835=DIRECTION('',(-1.0,0.0,0.0));
#6836=DIRECTION('',(0.0,-1.0,0.0));
#6837=DIRECTION('',(-0.707106781186548,-0.707106781186548,0.0));
#6838=DIRECTION('',(-0.707106781186548,0.707106781186548,0.0));
#6839=DIRECTION('',(0.0,-1.0,0.0));
#6840=DIRECTION('',(-1.0,0.0,0.0));
#6841=DIRECTION('',(0.0,-1.0,0.0));
#6842=DIRECTION('',(-0.707106781186548,-0.707106781186548,0.0));
#6843=DIRECTION('',(-1.0,0.0,0.0));
#6844=DIRECTION('',(0.0,-1.0,0.0));
#6845=DIRECTION('',(0.0,0.0,1.0));
#6846=DIRECTION('',(0.0,0.0,1.0));
#6847=DIRECTION('',(0.0,-1.0,0.0));
#6848=DIRECTION('',(0.0,-1.0,0.0));
#6849=DIRECTION('',(0.0,1.0,0.0));
#6850=DIRECTION('',(0.0,0.0,-1.0));
#6851=DIRECTION('',(0.0,1.0,0.0));
#6852=DIRECTION('',(0.0,0.0,1.0));
#6853=DIRECTION('',(0.0,-1.0,0.0));
#6854=DIRECTION('',(0.0,0.0,1.0));
#6855=DIRECTION('',(0.0,1.0,0.0));
#6856=DIRECTION('',(0.0,0.0,1.0));
#6857=DIRECTION('',(0.0,1.0,0.0));
#6858=DIRECTION('',(-1.0,0.0,0.0));
#6859=DIRECTION('',(0.0,1.0,0.0));
#6860=DIRECTION('',(-1.0,0.0,0.0));
#6861=DIRECTION('',(1.0,0.0,0.0));
#6862=DIRECTION('',(0.0,-1.0,0.0));
#6863=DIRECTION('',(1.0,0.0,0.0));
#6864=DIRECTION('',(0.0,1.0,0.0));
#6865=DIRECTION('',(-1.0,0.0,0.0));
#6866=DIRECTION('',(0.0,1.0,0.0));
#6867=DIRECTION('',(1.0,0.0,0.0));
#6868=DIRECTION('',(0.0,1.0,0.0));
#6869=DIRECTION('',(-1.0,0.0,0.0));
#6870=DIRECTION('',(-0.500000000000017,0.866025403784429,0.0));
#6871=DIRECTION('',(-0.500000000000017,-0.866025403784429,0.0));
#6872=DIRECTION('',(0.0,0.0,1.0));
#6873=DIRECTION('',(-0.500000000000017,-0.866025403784429,0.0));
#6874=DIRECTION('',(0.0,0.0,1.0));
#6875=DIRECTION('',(0.0,0.0,1.0));
#6876=DIRECTION('',(0.0,0.0,1.0));
#6877=DIRECTION('',(1.0,0.0,0.0));
#6878=DIRECTION('',(0.0,0.0,1.0));
#6879=DIRECTION('',(0.0,0.0,-1.0));
#6880=DIRECTION('',(1.0,0.0,0.0));
#6881=DIRECTION('',(0.0,0.0,-1.0));
#6882=DIRECTION('',(0.0,0.0,-1.0));
#6883=DIRECTION('',(1.0,0.0,0.0));
#6884=DIRECTION('',(0.0,0.0,-1.0));
#6885=DIRECTION('',(0.0,0.0,1.0));
#6886=DIRECTION('',(-1.0,0.0,0.0));
#6887=DIRECTION('',(0.0,0.0,-1.0));
#6888=DIRECTION('',(1.0,0.0,0.0));
#6889=DIRECTION('',(1.0,0.0,0.0));
#6890=DIRECTION('',(0.0,0.0,1.0));
#6891=DIRECTION('',(-1.0,0.0,0.0));
#6892=DIRECTION('',(0.0,0.0,1.0));
#6893=DIRECTION('',(-1.0,0.0,0.0));
#6894=DIRECTION('',(0.0,0.0,-1.0));
#6895=DIRECTION('',(-1.0,0.0,0.0));
#6896=DIRECTION('',(0.0,0.0,-1.0));
#6897=DIRECTION('',(1.0,0.0,0.0));
#6898=DIRECTION('',(0.0,0.0,-1.0));
#6899=DIRECTION('',(1.0,0.0,0.0));
#6900=DIRECTION('',(0.0,0.0,1.0));
#6901=DIRECTION('',(0.408248290463896,0.816496580927693,-0.408248290463896));
#6902=DIRECTION('',(0.408248290463896,0.816496580927693,-0.408248290463896));
#6903=DIRECTION('',(0.0,0.0,1.0));
#6904=DIRECTION('',(0.0,-1.0,0.0));
#6905=DIRECTION('',(0.0,0.0,-1.0));
#6906=DIRECTION('',(0.0,-1.0,0.0));
#6907=DIRECTION('',(0.0,-1.0,0.0));
#6908=DIRECTION('',(0.0,0.0,-1.0));
#6909=DIRECTION('',(0.0,-1.0,0.0));
#6910=DIRECTION('',(0.0,0.0,1.0));
#6911=DIRECTION('',(-1.0,0.0,0.0));
#6912=DIRECTION('',(0.0,-1.0,0.0));
#6913=DIRECTION('',(1.0,0.0,0.0));
#6914=DIRECTION('',(0.0,-1.0,0.0));
#6915=DIRECTION('',(-1.0,0.0,0.0));
#6916=DIRECTION('',(0.0,-1.0,0.0));
#6917=DIRECTION('',(1.0,0.0,0.0));
#6918=DIRECTION('',(0.408248290463896,0.816496580927693,-0.408248290463896));
#6919=DIRECTION('',(0.0,0.0,1.0));
#6920=DIRECTION('',(0.408248290463896,0.816496580927693,0.408248290463896));
#6921=DIRECTION('',(-1.0,0.0,0.0));
#6922=DIRECTION('',(0.408248290463896,0.816496580927693,0.408248290463896));
#6923=DIRECTION('',(0.408248290463896,0.816496580927693,0.408248290463896));
#6924=DIRECTION('',(-1.0,0.0,0.0));
#6925=DIRECTION('',(-0.408248290463896,0.816496580927693,0.408248290463896));
#6926=DIRECTION('',(-0.408248290463896,0.816496580927693,0.408248290463896));
#6927=DIRECTION('',(0.0,0.0,-1.0));
#6928=DIRECTION('',(0.0,-1.0,0.0));
#6929=DIRECTION('',(0.0,0.0,1.0));
#6930=DIRECTION('',(0.0,-1.0,0.0));
#6931=DIRECTION('',(0.0,0.0,1.0));
#6932=DIRECTION('',(0.0,-1.0,0.0));
#6933=DIRECTION('',(0.0,0.0,-1.0));
#6934=DIRECTION('',(0.0,-1.0,0.0));
#6935=DIRECTION('',(1.0,0.0,0.0));
#6936=DIRECTION('',(1.0,0.0,0.0));
#6937=DIRECTION('',(0.0,-1.0,0.0));
#6938=DIRECTION('',(-1.0,0.0,0.0));
#6939=DIRECTION('',(-1.0,0.0,0.0));
#6940=DIRECTION('',(0.0,0.0,1.0));
#6941=DIRECTION('',(1.0,0.0,0.0));
#6942=DIRECTION('',(0.0,0.0,-1.0));
#6943=DIRECTION('',(1.0,0.0,0.0));
#6944=DIRECTION('',(1.0,0.0,0.0));
#6945=DIRECTION('',(0.0,0.0,1.0));
#6946=DIRECTION('',(1.0,0.0,0.0));
#6947=DIRECTION('',(1.0,0.0,0.0));
#6948=DIRECTION('',(0.0,0.0,1.0));
#6949=DIRECTION('',(1.0,0.0,0.0));
#6950=DIRECTION('',(0.0,0.0,-1.0));
#6951=DIRECTION('',(1.0,0.0,0.0));
#6952=DIRECTION('',(0.0,0.0,-1.0));
#6953=DIRECTION('',(1.0,0.0,0.0));
#6954=DIRECTION('',(0.0,0.0,-1.0));
#6955=DIRECTION('',(1.0,0.0,0.0));
#6956=DIRECTION('',(0.0,0.0,-1.0));
#6957=DIRECTION('',(1.0,0.0,0.0));
#6958=DIRECTION('',(0.0,0.0,-1.0));
#6959=DIRECTION('',(1.0,0.0,0.0));
#6960=DIRECTION('',(1.0,0.0,0.0));
#6961=DIRECTION('',(0.0,0.0,-1.0));
#6962=DIRECTION('',(1.0,0.0,0.0));
#6963=DIRECTION('',(0.0,0.0,-1.0));
#6964=DIRECTION('',(-0.408248290463896,0.816496580927693,-0.408248290463896));
#6965=DIRECTION('',(-0.408248290463896,0.816496580927693,0.408248290463896));
#6966=DIRECTION('',(-0.408248290463896,0.816496580927693,-0.408248290463896));
#6967=DIRECTION('',(-0.408248290463896,0.816496580927693,-0.408248290463896));
#6968=DIRECTION('',(1.0,0.0,0.0));
#6969=DIRECTION('',(0.0,0.0,1.0));
#6970=DIRECTION('',(0.0,-1.0,0.0));
#6971=DIRECTION('',(0.0,1.0,0.0));
#6972=DIRECTION('',(0.0,0.0,1.0));
#6973=DIRECTION('',(0.0,-1.0,0.0));
#6974=DIRECTION('',(0.0,1.0,0.0));
#6975=DIRECTION('',(0.0,0.0,1.0));
#6976=DIRECTION('',(0.0,0.0,-1.0));
#6977=DIRECTION('',(0.0,0.0,1.0));
#6978=DIRECTION('',(-1.0,0.0,0.0));
#6979=DIRECTION('',(0.0,0.0,1.0));
#6980=DIRECTION('',(-1.0,0.0,0.0));
#6981=DIRECTION('',(0.0,0.0,-1.0));
#6982=DIRECTION('',(0.0,0.0,-1.0));
#6983=DIRECTION('',(-1.0,0.0,0.0));
#6984=DIRECTION('',(0.0,0.0,1.0));
#6985=DIRECTION('',(0.0,1.0,0.0));
#6986=DIRECTION('',(0.0,-1.0,0.0));
#6987=DIRECTION('',(0.0,0.0,1.0));
#6988=DIRECTION('',(0.0,1.0,0.0));
#6989=DIRECTION('',(0.0,-1.0,0.0));
#6990=DIRECTION('',(0.0,0.0,1.0));
#6991=DIRECTION('',(0.0,0.0,1.0));
#6992=DIRECTION('',(-1.0,0.0,0.0));
#6993=DIRECTION('',(-1.0,0.0,0.0));
#6994=DIRECTION('',(-1.0,0.0,0.0));
#6995=DIRECTION('',(0.0,0.0,1.0));
#6996=DIRECTION('',(0.0,1.0,0.0));
#6997=DIRECTION('',(0.0,0.0,1.0));
#6998=DIRECTION('',(0.0,-1.0,0.0));
#6999=DIRECTION('',(0.0,0.0,1.0));
#7000=DIRECTION('',(0.0,1.0,0.0));
#7001=DIRECTION('',(0.0,0.0,-1.0));
#7002=DIRECTION('',(0.0,-1.0,0.0));
#7003=DIRECTION('',(1.0,0.0,0.0));
#7004=DIRECTION('',(0.0,0.0,-1.0));
#7005=DIRECTION('',(-1.0,0.0,0.0));
#7006=DIRECTION('',(0.0,-1.0,0.0));
#7007=DIRECTION('',(-1.0,0.0,0.0));
#7008=DIRECTION('',(0.0,0.0,-1.0));
#7009=DIRECTION('',(-1.0,0.0,0.0));
#7010=DIRECTION('',(0.0,-1.0,0.0));
#7011=DIRECTION('',(1.0,0.0,0.0));
#7012=DIRECTION('',(1.0,0.0,0.0));
#7013=DIRECTION('',(1.0,0.0,0.0));
#7014=DIRECTION('',(1.0,0.0,0.0));
#7015=DIRECTION('',(1.0,0.0,0.0));
#7016=DIRECTION('',(0.0,1.0,0.0));
#7017=DIRECTION('',(0.0,0.0,1.0));
#7018=DIRECTION('',(0.0,0.0,1.0));
#7019=DIRECTION('',(-1.0,0.0,0.0));
#7020=DIRECTION('',(0.0,-1.0,0.0));
#7021=DIRECTION('',(0.0,0.0,1.0));
#7022=DIRECTION('',(0.0,-1.0,0.0));
#7023=DIRECTION('',(0.0,0.0,1.0));
#7024=DIRECTION('',(0.0,1.0,0.0));
#7025=DIRECTION('',(0.0,0.0,1.0));
#7026=DIRECTION('',(0.0,-1.0,0.0));
#7027=DIRECTION('',(0.0,0.0,-1.0));
#7028=DIRECTION('',(0.0,0.0,-1.0));
#7029=DIRECTION('',(-1.0,0.0,0.0));
#7030=DIRECTION('',(1.0,0.0,0.0));
#7031=DIRECTION('',(1.0,0.0,0.0));
#7032=DIRECTION('',(0.0,-1.0,0.0));
#7033=DIRECTION('',(0.0,1.0,0.0));
#7034=DIRECTION('',(0.0,0.0,1.0));
#7035=DIRECTION('',(0.0,1.0,0.0));
#7036=DIRECTION('',(0.0,0.0,1.0));
#7037=DIRECTION('',(0.0,-1.0,0.0));
#7038=DIRECTION('',(0.0,0.0,1.0));
#7039=DIRECTION('',(0.0,1.0,0.0));
#7040=DIRECTION('',(0.0,0.0,-1.0));
#7041=DIRECTION('',(0.0,-1.0,0.0));
#7042=DIRECTION('',(0.0,-1.0,0.0));
#7043=DIRECTION('',(0.0,0.0,1.0));
#7044=DIRECTION('',(0.0,0.0,1.0));
#7045=DIRECTION('',(0.0,0.0,1.0));
#7046=DIRECTION('',(0.0,0.0,1.0));
#7047=DIRECTION('',(0.0,1.0,0.0));
#7048=DIRECTION('',(0.0,0.0,-1.0));
#7049=DIRECTION('',(0.0,-1.0,0.0));
#7050=DIRECTION('',(1.0,0.0,0.0));
#7051=DIRECTION('',(-1.0,0.0,0.0));
#7052=DIRECTION('',(-1.0,0.0,0.0));
#7053=DIRECTION('',(-1.0,0.0,0.0));
#7054=DIRECTION('',(-1.0,0.0,0.0));
#7055=DIRECTION('',(-1.0,0.0,0.0));
#7056=DIRECTION('',(1.0,0.0,0.0));
#7057=DIRECTION('',(0.0,1.0,0.0));
#7058=DIRECTION('',(0.0,-1.0,0.0));
#7059=DIRECTION('',(0.0,0.0,1.0));
#7060=DIRECTION('',(0.0,1.0,0.0));
#7061=DIRECTION('',(0.0,-1.0,0.0));
#7062=DIRECTION('',(0.0,0.0,1.0));
#7063=DIRECTION('',(0.0,0.0,1.0));
#7064=DIRECTION('',(-1.0,0.0,0.0));
#7065=DIRECTION('',(0.0,0.0,1.0));
#7066=DIRECTION('',(0.0,-1.0,0.0));
#7067=DIRECTION('',(0.0,1.0,0.0));
#7068=DIRECTION('',(0.0,0.0,1.0));
#7069=DIRECTION('',(0.0,-1.0,0.0));
#7070=DIRECTION('',(0.0,1.0,0.0));
#7071=DIRECTION('',(0.0,0.0,-1.0));
#7072=DIRECTION('',(-1.0,0.0,0.0));
#7073=DIRECTION('',(-1.0,0.0,0.0));
#7074=DIRECTION('',(-1.0,0.0,0.0));
#7075=DIRECTION('',(-1.0,0.0,0.0));
#7076=DIRECTION('',(-1.0,0.0,0.0));
#7077=DIRECTION('',(-0.500000000000017,0.866025403784429,0.0));
#7078=DIRECTION('',(0.0,-1.0,0.0));
#7079=DIRECTION('',(0.0,0.0,-1.0));
#7080=DIRECTION('',(0.0,0.0,-1.0));
#7081=DIRECTION('',(-1.0,0.0,0.0));
#7082=DIRECTION('',(0.0,-1.0,0.0));
#7083=DIRECTION('',(0.0,-1.0,0.0));
#7084=DIRECTION('',(-1.0,0.0,0.0));
#7085=DIRECTION('',(0.0,-1.0,0.0));
#7086=DIRECTION('',(0.0,0.0,-1.0));
#7087=DIRECTION('',(0.0,0.0,-1.0));
#7088=SURFACE_STYLE_FILL_AREA(#7810);
#7089=FACE_OUTER_BOUND('',#7811,.T.);
#7090=PLANE('',#7812);
#7091=FACE_OUTER_BOUND('',#7813,.T.);
#7092=PLANE('',#7814);
#7093=FACE_OUTER_BOUND('',#7815,.T.);
#7094=PLANE('',#7816);
#7095=FACE_OUTER_BOUND('',#7817,.T.);
#7096=PLANE('',#7818);
#7097=FACE_OUTER_BOUND('',#7819,.T.);
#7098=PLANE('',#7820);
#7099=FACE_OUTER_BOUND('',#7821,.T.);
#7100=PLANE('',#7822);
#7101=FACE_OUTER_BOUND('',#7823,.T.);
#7102=PLANE('',#7824);
#7103=FACE_OUTER_BOUND('',#7825,.T.);
#7104=PLANE('',#7826);
#7105=FACE_OUTER_BOUND('',#7827,.T.);
#7106=PLANE('',#7828);
#7107=FACE_OUTER_BOUND('',#7829,.T.);
#7108=PLANE('',#7830);
#7109=FACE_OUTER_BOUND('',#7831,.T.);
#7110=PLANE('',#7832);
#7111=FACE_OUTER_BOUND('',#7833,.T.);
#7112=PLANE('',#7834);
#7113=FACE_OUTER_BOUND('',#7835,.T.);
#7114=PLANE('',#7836);
#7115=FACE_OUTER_BOUND('',#7837,.T.);
#7116=PLANE('',#7838);
#7117=FACE_OUTER_BOUND('',#7839,.T.);
#7118=PLANE('',#7840);
#7119=FACE_OUTER_BOUND('',#7841,.T.);
#7120=PLANE('',#7842);
#7121=FACE_OUTER_BOUND('',#7843,.T.);
#7122=PLANE('',#7844);
#7123=FACE_OUTER_BOUND('',#7845,.T.);
#7124=PLANE('',#7846);
#7125=FACE_OUTER_BOUND('',#7847,.T.);
#7126=FACE_BOUND('',#7848,.T.);
#7127=PLANE('',#7849);
#7128=FACE_OUTER_BOUND('',#7850,.T.);
#7129=PLANE('',#7851);
#7130=FACE_OUTER_BOUND('',#7852,.T.);
#7131=PLANE('',#7853);
#7132=FACE_OUTER_BOUND('',#7854,.T.);
#7133=PLANE('',#7855);
#7134=FACE_OUTER_BOUND('',#7856,.T.);
#7135=PLANE('',#7857);
#7136=FACE_OUTER_BOUND('',#7858,.T.);
#7137=PLANE('',#7859);
#7138=FACE_OUTER_BOUND('',#7860,.T.);
#7139=PLANE('',#7861);
#7140=FACE_OUTER_BOUND('',#7862,.T.);
#7141=PLANE('',#7863);
#7142=FACE_OUTER_BOUND('',#7864,.T.);
#7143=PLANE('',#7865);
#7144=FACE_OUTER_BOUND('',#7866,.T.);
#7145=PLANE('',#7867);
#7146=FACE_OUTER_BOUND('',#7868,.T.);
#7147=PLANE('',#7869);
#7148=FACE_OUTER_BOUND('',#7870,.T.);
#7149=PLANE('',#7871);
#7150=FACE_OUTER_BOUND('',#7872,.T.);
#7151=PLANE('',#7873);
#7152=FACE_OUTER_BOUND('',#7874,.T.);
#7153=PLANE('',#7875);
#7154=FACE_OUTER_BOUND('',#7876,.T.);
#7155=PLANE('',#7877);
#7156=FACE_OUTER_BOUND('',#7878,.T.);
#7157=PLANE('',#7879);
#7158=FACE_OUTER_BOUND('',#7880,.T.);
#7159=FACE_BOUND('',#7881,.T.);
#7160=FACE_BOUND('',#7882,.T.);
#7161=FACE_BOUND('',#7883,.T.);
#7162=FACE_BOUND('',#7884,.T.);
#7163=FACE_BOUND('',#7885,.T.);
#7164=FACE_BOUND('',#7886,.T.);
#7165=PLANE('',#7887);
#7166=FACE_OUTER_BOUND('',#7888,.T.);
#7167=PLANE('',#7889);
#7168=FACE_OUTER_BOUND('',#7890,.T.);
#7169=PLANE('',#7891);
#7170=FACE_OUTER_BOUND('',#7892,.T.);
#7171=PLANE('',#7893);
#7172=FACE_OUTER_BOUND('',#7894,.T.);
#7173=PLANE('',#7895);
#7174=FACE_OUTER_BOUND('',#7896,.T.);
#7175=PLANE('',#7897);
#7176=FACE_OUTER_BOUND('',#7898,.T.);
#7177=PLANE('',#7899);
#7178=FACE_OUTER_BOUND('',#7900,.T.);
#7179=PLANE('',#7901);
#7180=FACE_OUTER_BOUND('',#7902,.T.);
#7181=PLANE('',#7903);
#7182=FACE_OUTER_BOUND('',#7904,.T.);
#7183=PLANE('',#7905);
#7184=FACE_OUTER_BOUND('',#7906,.T.);
#7185=PLANE('',#7907);
#7186=FACE_OUTER_BOUND('',#7908,.T.);
#7187=PLANE('',#7909);
#7188=FACE_OUTER_BOUND('',#7910,.T.);
#7189=PLANE('',#7911);
#7190=FACE_OUTER_BOUND('',#7912,.T.);
#7191=PLANE('',#7913);
#7192=FACE_OUTER_BOUND('',#7914,.T.);
#7193=PLANE('',#7915);
#7194=FACE_OUTER_BOUND('',#7916,.T.);
#7195=PLANE('',#7917);
#7196=FACE_OUTER_BOUND('',#7918,.T.);
#7197=PLANE('',#7919);
#7198=FACE_OUTER_BOUND('',#7920,.T.);
#7199=PLANE('',#7921);
#7200=FACE_OUTER_BOUND('',#7922,.T.);
#7201=PLANE('',#7923);
#7202=FACE_OUTER_BOUND('',#7924,.T.);
#7203=PLANE('',#7925);
#7204=FACE_OUTER_BOUND('',#7926,.T.);
#7205=PLANE('',#7927);
#7206=FACE_OUTER_BOUND('',#7928,.T.);
#7207=PLANE('',#7929);
#7208=FACE_OUTER_BOUND('',#7930,.T.);
#7209=PLANE('',#7931);
#7210=FACE_OUTER_BOUND('',#7932,.T.);
#7211=PLANE('',#7933);
#7212=FACE_OUTER_BOUND('',#7934,.T.);
#7213=PLANE('',#7935);
#7214=FACE_OUTER_BOUND('',#7936,.T.);
#7215=PLANE('',#7937);
#7216=FACE_OUTER_BOUND('',#7938,.T.);
#7217=PLANE('',#7939);
#7218=FACE_OUTER_BOUND('',#7940,.T.);
#7219=PLANE('',#7941);
#7220=FACE_OUTER_BOUND('',#7942,.T.);
#7221=PLANE('',#7943);
#7222=FACE_OUTER_BOUND('',#7944,.T.);
#7223=PLANE('',#7945);
#7224=FACE_OUTER_BOUND('',#7946,.T.);
#7225=PLANE('',#7947);
#7226=FACE_OUTER_BOUND('',#7948,.T.);
#7227=PLANE('',#7949);
#7228=FACE_OUTER_BOUND('',#7950,.T.);
#7229=PLANE('',#7951);
#7230=FACE_OUTER_BOUND('',#7952,.T.);
#7231=PLANE('',#7953);
#7232=FACE_OUTER_BOUND('',#7954,.T.);
#7233=PLANE('',#7955);
#7234=FACE_OUTER_BOUND('',#7956,.T.);
#7235=PLANE('',#7957);
#7236=FACE_OUTER_BOUND('',#7958,.T.);
#7237=PLANE('',#7959);
#7238=FACE_OUTER_BOUND('',#7960,.T.);
#7239=PLANE('',#7961);
#7240=FACE_OUTER_BOUND('',#7962,.T.);
#7241=PLANE('',#7963);
#7242=FACE_OUTER_BOUND('',#7964,.T.);
#7243=PLANE('',#7965);
#7244=FACE_OUTER_BOUND('',#7966,.T.);
#7245=PLANE('',#7967);
#7246=FACE_OUTER_BOUND('',#7968,.T.);
#7247=PLANE('',#7969);
#7248=FACE_OUTER_BOUND('',#7970,.T.);
#7249=PLANE('',#7971);
#7250=FACE_OUTER_BOUND('',#7972,.T.);
#7251=PLANE('',#7973);
#7252=FACE_OUTER_BOUND('',#7974,.T.);
#7253=PLANE('',#7975);
#7254=FACE_OUTER_BOUND('',#7976,.T.);
#7255=PLANE('',#7977);
#7256=FACE_OUTER_BOUND('',#7978,.T.);
#7257=PLANE('',#7979);
#7258=FACE_OUTER_BOUND('',#7980,.T.);
#7259=PLANE('',#7981);
#7260=FACE_OUTER_BOUND('',#7982,.T.);
#7261=PLANE('',#7983);
#7262=FACE_OUTER_BOUND('',#7984,.T.);
#7263=PLANE('',#7985);
#7264=FACE_OUTER_BOUND('',#7986,.T.);
#7265=PLANE('',#7987);
#7266=FACE_OUTER_BOUND('',#7988,.T.);
#7267=PLANE('',#7989);
#7268=FACE_OUTER_BOUND('',#7990,.T.);
#7269=PLANE('',#7991);
#7270=FACE_OUTER_BOUND('',#7992,.T.);
#7271=PLANE('',#7993);
#7272=FACE_OUTER_BOUND('',#7994,.T.);
#7273=PLANE('',#7995);
#7274=FACE_OUTER_BOUND('',#7996,.T.);
#7275=PLANE('',#7997);
#7276=FACE_OUTER_BOUND('',#7998,.T.);
#7277=PLANE('',#7999);
#7278=FACE_OUTER_BOUND('',#8000,.T.);
#7279=PLANE('',#8001);
#7280=FACE_OUTER_BOUND('',#8002,.T.);
#7281=PLANE('',#8003);
#7282=FACE_OUTER_BOUND('',#8004,.T.);
#7283=PLANE('',#8005);
#7284=FACE_OUTER_BOUND('',#8006,.T.);
#7285=PLANE('',#8007);
#7286=FACE_OUTER_BOUND('',#8008,.T.);
#7287=PLANE('',#8009);
#7288=FACE_OUTER_BOUND('',#8010,.T.);
#7289=PLANE('',#8011);
#7290=FACE_OUTER_BOUND('',#8012,.T.);
#7291=PLANE('',#8013);
#7292=FACE_OUTER_BOUND('',#8014,.T.);
#7293=PLANE('',#8015);
#7294=FACE_OUTER_BOUND('',#8016,.T.);
#7295=PLANE('',#8017);
#7296=FACE_OUTER_BOUND('',#8018,.T.);
#7297=PLANE('',#8019);
#7298=FACE_OUTER_BOUND('',#8020,.T.);
#7299=PLANE('',#8021);
#7300=FACE_OUTER_BOUND('',#8022,.T.);
#7301=PLANE('',#8023);
#7302=FACE_OUTER_BOUND('',#8024,.T.);
#7303=PLANE('',#8025);
#7304=FACE_OUTER_BOUND('',#8026,.T.);
#7305=PLANE('',#8027);
#7306=FACE_OUTER_BOUND('',#8028,.T.);
#7307=PLANE('',#8029);
#7308=FACE_OUTER_BOUND('',#8030,.T.);
#7309=PLANE('',#8031);
#7310=FACE_OUTER_BOUND('',#8032,.T.);
#7311=PLANE('',#8033);
#7312=FACE_OUTER_BOUND('',#8034,.T.);
#7313=PLANE('',#8035);
#7314=FACE_OUTER_BOUND('',#8036,.T.);
#7315=PLANE('',#8037);
#7316=FACE_OUTER_BOUND('',#8038,.T.);
#7317=PLANE('',#8039);
#7318=FACE_OUTER_BOUND('',#8040,.T.);
#7319=PLANE('',#8041);
#7320=DIRECTION('',(0.0,1.0,0.0));
#7321=DIRECTION('',(0.0,0.0,1.0));
#7322=DIRECTION('',(0.0,-0.78086880944303,0.624695047554424));
#7323=DIRECTION('',(0.0,0.0,1.0));
#7324=DIRECTION('',(0.0,-1.0,0.0));
#7325=DIRECTION('',(0.0,0.0,-1.0));
#7326=DIRECTION('',(-0.0,-0.999889108534115,-0.0148919654462502));
#7327=DIRECTION('',(0.0,0.701821927041938,0.712352428733938));
#7328=DIRECTION('',(0.0,0.0,-1.0));
#7329=DIRECTION('',(0.0,-0.701821927041938,0.712352428733938));
#7330=DIRECTION('',(0.0,0.999889108534115,-0.0148919654462502));
#7331=DIRECTION('',(0.0,0.0,-1.0));
#7332=DIRECTION('',(0.0,-1.0,0.0));
#7333=DIRECTION('',(0.0,0.0,-1.0));
#7334=DIRECTION('',(0.0,1.0,0.0));
#7335=DIRECTION('',(0.0,0.0,-1.0));
#7336=DIRECTION('',(0.0,0.78086880944303,-0.624695047554424));
#7337=DIRECTION('',(0.0,0.0,-1.0));
#7338=DIRECTION('',(0.0,-0.707106781186548,0.707106781186548));
#7339=DIRECTION('',(1.0,0.0,0.0));
#7340=DIRECTION('',(0.0,0.707106781186548,-0.707106781186548));
#7341=DIRECTION('',(1.0,0.0,0.0));
#7342=DIRECTION('',(0.0,1.0,0.0));
#7343=DIRECTION('',(-1.0,0.0,0.0));
#7344=DIRECTION('',(0.0,0.0,1.0));
#7345=DIRECTION('',(-1.0,0.0,0.0));
#7346=DIRECTION('',(0.0,-0.78086880944303,0.624695047554424));
#7347=DIRECTION('',(-1.0,0.0,0.0));
#7348=DIRECTION('',(0.0,0.0,1.0));
#7349=DIRECTION('',(-1.0,0.0,0.0));
#7350=DIRECTION('',(0.0,-1.0,0.0));
#7351=DIRECTION('',(-1.0,0.0,0.0));
#7352=DIRECTION('',(0.0,0.0,-1.0));
#7353=DIRECTION('',(-1.0,0.0,0.0));
#7354=DIRECTION('',(-0.0,-0.999889108534115,-0.0148919654462502));
#7355=DIRECTION('',(1.0,0.0,0.0));
#7356=DIRECTION('',(-0.0,-0.701821927041938,-0.712352428733938));
#7357=DIRECTION('',(1.0,0.0,0.0));
#7358=DIRECTION('',(0.0,0.0,-1.0));
#7359=DIRECTION('',(1.0,0.0,0.0));
#7360=DIRECTION('',(0.0,0.701821927041938,-0.712352428733938));
#7361=DIRECTION('',(1.0,0.0,0.0));
#7362=DIRECTION('',(0.0,0.999889108534115,-0.0148919654462502));
#7363=DIRECTION('',(-1.0,0.0,0.0));
#7364=DIRECTION('',(0.0,0.0,-1.0));
#7365=DIRECTION('',(-1.0,0.0,0.0));
#7366=DIRECTION('',(0.0,-1.0,0.0));
#7367=DIRECTION('',(-1.0,0.0,0.0));
#7368=DIRECTION('',(0.0,0.0,-1.0));
#7369=DIRECTION('',(-1.0,0.0,0.0));
#7370=DIRECTION('',(0.0,1.0,0.0));
#7371=DIRECTION('',(-1.0,0.0,0.0));
#7372=DIRECTION('',(0.0,0.0,-1.0));
#7373=DIRECTION('',(-1.0,0.0,0.0));
#7374=DIRECTION('',(0.0,0.78086880944303,-0.624695047554424));
#7375=DIRECTION('',(-1.0,0.0,0.0));
#7376=DIRECTION('',(0.0,0.0,-1.0));
#7377=SURFACE_STYLE_FILL_AREA(#8042);
#7378=FACE_OUTER_BOUND('',#8043,.T.);
#7379=PLANE('',#8044);
#7380=FACE_OUTER_BOUND('',#8045,.T.);
#7381=PLANE('',#8046);
#7382=FACE_OUTER_BOUND('',#8047,.T.);
#7383=PLANE('',#8048);
#7384=FACE_OUTER_BOUND('',#8049,.T.);
#7385=PLANE('',#8050);
#7386=FACE_OUTER_BOUND('',#8051,.T.);
#7387=PLANE('',#8052);
#7388=FACE_OUTER_BOUND('',#8053,.T.);
#7389=PLANE('',#8054);
#7390=FACE_OUTER_BOUND('',#8055,.T.);
#7391=PLANE('',#8056);
#7392=FACE_OUTER_BOUND('',#8057,.T.);
#7393=PLANE('',#8058);
#7394=FACE_OUTER_BOUND('',#8059,.T.);
#7395=PLANE('',#8060);
#7396=FACE_OUTER_BOUND('',#8061,.T.);
#7397=PLANE('',#8062);
#7398=FACE_OUTER_BOUND('',#8063,.T.);
#7399=PLANE('',#8064);
#7400=FACE_OUTER_BOUND('',#8065,.T.);
#7401=PLANE('',#8066);
#7402=FACE_OUTER_BOUND('',#8067,.T.);
#7403=PLANE('',#8068);
#7404=FACE_OUTER_BOUND('',#8069,.T.);
#7405=PLANE('',#8070);
#7406=FACE_OUTER_BOUND('',#8071,.T.);
#7407=PLANE('',#8072);
#7408=FACE_OUTER_BOUND('',#8073,.T.);
#7409=PLANE('',#8074);
#7410=FACE_OUTER_BOUND('',#8075,.T.);
#7411=PLANE('',#8076);
#7412=FACE_OUTER_BOUND('',#8077,.T.);
#7413=PLANE('',#8078);
#7414=FACE_OUTER_BOUND('',#8079,.T.);
#7415=PLANE('',#8080);
#7416=FACE_OUTER_BOUND('',#8081,.T.);
#7417=PLANE('',#8082);
#7418=FACE_OUTER_BOUND('',#8083,.T.);
#7419=PLANE('',#8084);
#7420=DIRECTION('',(0.0,1.0,0.0));
#7421=DIRECTION('',(0.0,0.0,1.0));
#7422=DIRECTION('',(0.0,-0.78086880944303,0.624695047554424));
#7423=DIRECTION('',(0.0,0.0,1.0));
#7424=DIRECTION('',(0.0,-1.0,0.0));
#7425=DIRECTION('',(0.0,0.0,-1.0));
#7426=DIRECTION('',(-0.0,-0.999889108534115,-0.0148919654462502));
#7427=DIRECTION('',(0.0,0.701821927041938,0.712352428733938));
#7428=DIRECTION('',(0.0,0.0,-1.0));
#7429=DIRECTION('',(0.0,-0.701821927041938,0.712352428733938));
#7430=DIRECTION('',(0.0,0.999889108534115,-0.0148919654462502));
#7431=DIRECTION('',(0.0,0.0,-1.0));
#7432=DIRECTION('',(0.0,-1.0,0.0));
#7433=DIRECTION('',(0.0,0.0,-1.0));
#7434=DIRECTION('',(0.0,1.0,0.0));
#7435=DIRECTION('',(0.0,0.0,-1.0));
#7436=DIRECTION('',(0.0,0.78086880944303,-0.624695047554424));
#7437=DIRECTION('',(0.0,0.0,-1.0));
#7438=DIRECTION('',(0.0,-0.707106781186548,0.707106781186548));
#7439=DIRECTION('',(1.0,0.0,0.0));
#7440=DIRECTION('',(0.0,0.707106781186548,-0.707106781186548));
#7441=DIRECTION('',(1.0,0.0,0.0));
#7442=DIRECTION('',(0.0,1.0,0.0));
#7443=DIRECTION('',(-1.0,0.0,0.0));
#7444=DIRECTION('',(0.0,0.0,1.0));
#7445=DIRECTION('',(-1.0,0.0,0.0));
#7446=DIRECTION('',(0.0,-0.78086880944303,0.624695047554424));
#7447=DIRECTION('',(-1.0,0.0,0.0));
#7448=DIRECTION('',(0.0,0.0,1.0));
#7449=DIRECTION('',(-1.0,0.0,0.0));
#7450=DIRECTION('',(0.0,-1.0,0.0));
#7451=DIRECTION('',(-1.0,0.0,0.0));
#7452=DIRECTION('',(0.0,0.0,-1.0));
#7453=DIRECTION('',(-1.0,0.0,0.0));
#7454=DIRECTION('',(-0.0,-0.999889108534115,-0.0148919654462502));
#7455=DIRECTION('',(1.0,0.0,0.0));
#7456=DIRECTION('',(-0.0,-0.701821927041938,-0.712352428733938));
#7457=DIRECTION('',(1.0,0.0,0.0));
#7458=DIRECTION('',(0.0,0.0,-1.0));
#7459=DIRECTION('',(1.0,0.0,0.0));
#7460=DIRECTION('',(0.0,0.701821927041938,-0.712352428733938));
#7461=DIRECTION('',(1.0,0.0,0.0));
#7462=DIRECTION('',(0.0,0.999889108534115,-0.0148919654462502));
#7463=DIRECTION('',(-1.0,0.0,0.0));
#7464=DIRECTION('',(0.0,0.0,-1.0));
#7465=DIRECTION('',(-1.0,0.0,0.0));
#7466=DIRECTION('',(0.0,-1.0,0.0));
#7467=DIRECTION('',(-1.0,0.0,0.0));
#7468=DIRECTION('',(0.0,0.0,-1.0));
#7469=DIRECTION('',(-1.0,0.0,0.0));
#7470=DIRECTION('',(0.0,1.0,0.0));
#7471=DIRECTION('',(-1.0,0.0,0.0));
#7472=DIRECTION('',(0.0,0.0,-1.0));
#7473=DIRECTION('',(-1.0,0.0,0.0));
#7474=DIRECTION('',(0.0,0.78086880944303,-0.624695047554424));
#7475=DIRECTION('',(-1.0,0.0,0.0));
#7476=DIRECTION('',(0.0,0.0,-1.0));
#7477=SURFACE_STYLE_FILL_AREA(#8085);
#7478=FACE_OUTER_BOUND('',#8086,.T.);
#7479=PLANE('',#8087);
#7480=FACE_OUTER_BOUND('',#8088,.T.);
#7481=PLANE('',#8089);
#7482=FACE_OUTER_BOUND('',#8090,.T.);
#7483=PLANE('',#8091);
#7484=FACE_OUTER_BOUND('',#8092,.T.);
#7485=PLANE('',#8093);
#7486=FACE_OUTER_BOUND('',#8094,.T.);
#7487=PLANE('',#8095);
#7488=FACE_OUTER_BOUND('',#8096,.T.);
#7489=PLANE('',#8097);
#7490=FACE_OUTER_BOUND('',#8098,.T.);
#7491=PLANE('',#8099);
#7492=FACE_OUTER_BOUND('',#8100,.T.);
#7493=PLANE('',#8101);
#7494=FACE_OUTER_BOUND('',#8102,.T.);
#7495=PLANE('',#8103);
#7496=FACE_OUTER_BOUND('',#8104,.T.);
#7497=PLANE('',#8105);
#7498=FACE_OUTER_BOUND('',#8106,.T.);
#7499=PLANE('',#8107);
#7500=FACE_OUTER_BOUND('',#8108,.T.);
#7501=PLANE('',#8109);
#7502=FACE_OUTER_BOUND('',#8110,.T.);
#7503=PLANE('',#8111);
#7504=FACE_OUTER_BOUND('',#8112,.T.);
#7505=PLANE('',#8113);
#7506=FACE_OUTER_BOUND('',#8114,.T.);
#7507=PLANE('',#8115);
#7508=FACE_OUTER_BOUND('',#8116,.T.);
#7509=PLANE('',#8117);
#7510=FACE_OUTER_BOUND('',#8118,.T.);
#7511=PLANE('',#8119);
#7512=FACE_OUTER_BOUND('',#8120,.T.);
#7513=PLANE('',#8121);
#7514=FACE_OUTER_BOUND('',#8122,.T.);
#7515=PLANE('',#8123);
#7516=FACE_OUTER_BOUND('',#8124,.T.);
#7517=PLANE('',#8125);
#7518=FACE_OUTER_BOUND('',#8126,.T.);
#7519=PLANE('',#8127);
#7520=DIRECTION('',(0.0,1.0,0.0));
#7521=DIRECTION('',(0.0,0.0,1.0));
#7522=DIRECTION('',(0.0,-0.78086880944303,0.624695047554424));
#7523=DIRECTION('',(0.0,0.0,1.0));
#7524=DIRECTION('',(0.0,-1.0,0.0));
#7525=DIRECTION('',(0.0,0.0,-1.0));
#7526=DIRECTION('',(-0.0,-0.999889108534115,-0.0148919654462502));
#7527=DIRECTION('',(0.0,0.701821927041938,0.712352428733938));
#7528=DIRECTION('',(0.0,0.0,-1.0));
#7529=DIRECTION('',(0.0,-0.701821927041938,0.712352428733938));
#7530=DIRECTION('',(0.0,0.999889108534115,-0.0148919654462502));
#7531=DIRECTION('',(0.0,0.0,-1.0));
#7532=DIRECTION('',(0.0,-1.0,0.0));
#7533=DIRECTION('',(0.0,0.0,-1.0));
#7534=DIRECTION('',(0.0,1.0,0.0));
#7535=DIRECTION('',(0.0,0.0,-1.0));
#7536=DIRECTION('',(0.0,0.78086880944303,-0.624695047554424));
#7537=DIRECTION('',(0.0,0.0,-1.0));
#7538=DIRECTION('',(0.0,-0.707106781186548,0.707106781186548));
#7539=DIRECTION('',(1.0,0.0,0.0));
#7540=DIRECTION('',(0.0,0.707106781186548,-0.707106781186548));
#7541=DIRECTION('',(1.0,0.0,0.0));
#7542=DIRECTION('',(0.0,1.0,0.0));
#7543=DIRECTION('',(-1.0,0.0,0.0));
#7544=DIRECTION('',(0.0,0.0,1.0));
#7545=DIRECTION('',(-1.0,0.0,0.0));
#7546=DIRECTION('',(0.0,-0.78086880944303,0.624695047554424));
#7547=DIRECTION('',(-1.0,0.0,0.0));
#7548=DIRECTION('',(0.0,0.0,1.0));
#7549=DIRECTION('',(-1.0,0.0,0.0));
#7550=DIRECTION('',(0.0,-1.0,0.0));
#7551=DIRECTION('',(-1.0,0.0,0.0));
#7552=DIRECTION('',(0.0,0.0,-1.0));
#7553=DIRECTION('',(-1.0,0.0,0.0));
#7554=DIRECTION('',(-0.0,-0.999889108534115,-0.0148919654462502));
#7555=DIRECTION('',(1.0,0.0,0.0));
#7556=DIRECTION('',(-0.0,-0.701821927041938,-0.712352428733938));
#7557=DIRECTION('',(1.0,0.0,0.0));
#7558=DIRECTION('',(0.0,0.0,-1.0));
#7559=DIRECTION('',(1.0,0.0,0.0));
#7560=DIRECTION('',(0.0,0.701821927041938,-0.712352428733938));
#7561=DIRECTION('',(1.0,0.0,0.0));
#7562=DIRECTION('',(0.0,0.999889108534115,-0.0148919654462502));
#7563=DIRECTION('',(-1.0,0.0,0.0));
#7564=DIRECTION('',(0.0,0.0,-1.0));
#7565=DIRECTION('',(-1.0,0.0,0.0));
#7566=DIRECTION('',(0.0,-1.0,0.0));
#7567=DIRECTION('',(-1.0,0.0,0.0));
#7568=DIRECTION('',(0.0,0.0,-1.0));
#7569=DIRECTION('',(-1.0,0.0,0.0));
#7570=DIRECTION('',(0.0,1.0,0.0));
#7571=DIRECTION('',(-1.0,0.0,0.0));
#7572=DIRECTION('',(0.0,0.0,-1.0));
#7573=DIRECTION('',(-1.0,0.0,0.0));
#7574=DIRECTION('',(0.0,0.78086880944303,-0.624695047554424));
#7575=DIRECTION('',(-1.0,0.0,0.0));
#7576=DIRECTION('',(0.0,0.0,-1.0));
#7577=SURFACE_STYLE_FILL_AREA(#8128);
#7578=FACE_OUTER_BOUND('',#8129,.T.);
#7579=PLANE('',#8130);
#7580=FACE_OUTER_BOUND('',#8131,.T.);
#7581=PLANE('',#8132);
#7582=FACE_OUTER_BOUND('',#8133,.T.);
#7583=PLANE('',#8134);
#7584=FACE_OUTER_BOUND('',#8135,.T.);
#7585=PLANE('',#8136);
#7586=FACE_OUTER_BOUND('',#8137,.T.);
#7587=PLANE('',#8138);
#7588=FACE_OUTER_BOUND('',#8139,.T.);
#7589=PLANE('',#8140);
#7590=FACE_OUTER_BOUND('',#8141,.T.);
#7591=PLANE('',#8142);
#7592=FACE_OUTER_BOUND('',#8143,.T.);
#7593=PLANE('',#8144);
#7594=FACE_OUTER_BOUND('',#8145,.T.);
#7595=PLANE('',#8146);
#7596=FACE_OUTER_BOUND('',#8147,.T.);
#7597=PLANE('',#8148);
#7598=FACE_OUTER_BOUND('',#8149,.T.);
#7599=PLANE('',#8150);
#7600=FACE_OUTER_BOUND('',#8151,.T.);
#7601=PLANE('',#8152);
#7602=FACE_OUTER_BOUND('',#8153,.T.);
#7603=PLANE('',#8154);
#7604=FACE_OUTER_BOUND('',#8155,.T.);
#7605=PLANE('',#8156);
#7606=FACE_OUTER_BOUND('',#8157,.T.);
#7607=PLANE('',#8158);
#7608=FACE_OUTER_BOUND('',#8159,.T.);
#7609=PLANE('',#8160);
#7610=FACE_OUTER_BOUND('',#8161,.T.);
#7611=PLANE('',#8162);
#7612=FACE_OUTER_BOUND('',#8163,.T.);
#7613=PLANE('',#8164);
#7614=FACE_OUTER_BOUND('',#8165,.T.);
#7615=PLANE('',#8166);
#7616=FACE_OUTER_BOUND('',#8167,.T.);
#7617=PLANE('',#8168);
#7618=FACE_OUTER_BOUND('',#8169,.T.);
#7619=PLANE('',#8170);
#7620=DIRECTION('',(0.0,0.0,1.0));
#7621=DIRECTION('',(0.0,1.0,0.0));
#7622=DIRECTION('',(0.0,0.0,1.0));
#7623=DIRECTION('',(0.0,1.0,0.0));
#7624=DIRECTION('',(0.0,0.707106781186548,0.707106781186548));
#7625=DIRECTION('',(0.0,1.0,0.0));
#7626=DIRECTION('',(0.0,0.0,-1.0));
#7627=DIRECTION('',(0.0,-0.707106781186548,-0.707106781186548));
#7628=DIRECTION('',(0.0,0.0,-1.0));
#7629=DIRECTION('',(0.0,-1.0,0.0));
#7630=DIRECTION('',(0.0,0.0,1.0));
#7631=DIRECTION('',(0.0,1.0,0.0));
#7632=DIRECTION('',(0.0,0.0,-1.0));
#7633=DIRECTION('',(0.0,1.0,0.0));
#7634=DIRECTION('',(0.0,0.0,1.0));
#7635=DIRECTION('',(0.0,1.0,0.0));
#7636=DIRECTION('',(0.0,0.0,1.0));
#7637=DIRECTION('',(0.0,-1.0,0.0));
#7638=DIRECTION('',(1.0,0.0,0.0));
#7639=DIRECTION('',(0.0,-1.0,0.0));
#7640=DIRECTION('',(1.0,0.0,0.0));
#7641=DIRECTION('',(0.0,0.0,1.0));
#7642=DIRECTION('',(1.0,0.0,0.0));
#7643=DIRECTION('',(0.0,1.0,0.0));
#7644=DIRECTION('',(1.0,0.0,0.0));
#7645=DIRECTION('',(0.0,0.0,1.0));
#7646=DIRECTION('',(1.0,0.0,0.0));
#7647=DIRECTION('',(0.0,1.0,0.0));
#7648=DIRECTION('',(1.0,0.0,0.0));
#7649=DIRECTION('',(0.0,0.707106781186548,0.707106781186548));
#7650=DIRECTION('',(1.0,0.0,0.0));
#7651=DIRECTION('',(0.0,1.0,0.0));
#7652=DIRECTION('',(1.0,0.0,0.0));
#7653=DIRECTION('',(0.0,0.0,-1.0));
#7654=DIRECTION('',(1.0,0.0,0.0));
#7655=DIRECTION('',(0.0,-0.707106781186548,-0.707106781186548));
#7656=DIRECTION('',(1.0,0.0,0.0));
#7657=DIRECTION('',(0.0,0.0,-1.0));
#7658=DIRECTION('',(1.0,0.0,0.0));
#7659=DIRECTION('',(0.0,-1.0,0.0));
#7660=DIRECTION('',(1.0,0.0,0.0));
#7661=DIRECTION('',(0.0,0.0,1.0));
#7662=DIRECTION('',(1.0,0.0,0.0));
#7663=DIRECTION('',(0.0,1.0,0.0));
#7664=DIRECTION('',(1.0,0.0,0.0));
#7665=DIRECTION('',(0.0,0.0,-1.0));
#7666=DIRECTION('',(1.0,0.0,0.0));
#7667=DIRECTION('',(0.0,1.0,0.0));
#7668=DIRECTION('',(1.0,0.0,0.0));
#7669=DIRECTION('',(0.0,0.0,1.0));
#7670=DIRECTION('',(1.0,0.0,0.0));
#7671=DIRECTION('',(0.0,1.0,0.0));
#7672=DIRECTION('',(1.0,0.0,0.0));
#7673=DIRECTION('',(0.0,0.0,1.0));
#7674=SURFACE_STYLE_FILL_AREA(#8171);
#7675=FACE_OUTER_BOUND('',#8172,.T.);
#7676=PLANE('',#8173);
#7677=FACE_OUTER_BOUND('',#8174,.T.);
#7678=PLANE('',#8175);
#7679=FACE_OUTER_BOUND('',#8176,.T.);
#7680=PLANE('',#8177);
#7681=FACE_OUTER_BOUND('',#8178,.T.);
#7682=PLANE('',#8179);
#7683=FACE_OUTER_BOUND('',#8180,.T.);
#7684=PLANE('',#8181);
#7685=FACE_OUTER_BOUND('',#8182,.T.);
#7686=PLANE('',#8183);
#7687=FACE_OUTER_BOUND('',#8184,.T.);
#7688=PLANE('',#8185);
#7689=FACE_OUTER_BOUND('',#8186,.T.);
#7690=PLANE('',#8187);
#7691=FACE_OUTER_BOUND('',#8188,.T.);
#7692=PLANE('',#8189);
#7693=FACE_OUTER_BOUND('',#8190,.T.);
#7694=PLANE('',#8191);
#7695=FACE_OUTER_BOUND('',#8192,.T.);
#7696=PLANE('',#8193);
#7697=FACE_OUTER_BOUND('',#8194,.T.);
#7698=PLANE('',#8195);
#7699=FACE_OUTER_BOUND('',#8196,.T.);
#7700=PLANE('',#8197);
#7701=FACE_OUTER_BOUND('',#8198,.T.);
#7702=PLANE('',#8199);
#7703=FACE_OUTER_BOUND('',#8200,.T.);
#7704=PLANE('',#8201);
#7705=FACE_OUTER_BOUND('',#8202,.T.);
#7706=PLANE('',#8203);
#7707=FACE_OUTER_BOUND('',#8204,.T.);
#7708=PLANE('',#8205);
#7709=FACE_OUTER_BOUND('',#8206,.T.);
#7710=PLANE('',#8207);
#7711=FACE_OUTER_BOUND('',#8208,.T.);
#7712=PLANE('',#8209);
#7713=FACE_OUTER_BOUND('',#8210,.T.);
#7714=PLANE('',#8211);
#7715=DIRECTION('',(0.0,0.0,1.0));
#7716=DIRECTION('',(0.0,1.0,0.0));
#7717=DIRECTION('',(0.0,0.0,1.0));
#7718=DIRECTION('',(0.0,1.0,0.0));
#7719=DIRECTION('',(0.0,0.707106781186548,0.707106781186548));
#7720=DIRECTION('',(0.0,1.0,0.0));
#7721=DIRECTION('',(0.0,0.0,-1.0));
#7722=DIRECTION('',(0.0,-0.707106781186548,-0.707106781186548));
#7723=DIRECTION('',(0.0,0.0,-1.0));
#7724=DIRECTION('',(0.0,-1.0,0.0));
#7725=DIRECTION('',(0.0,0.0,1.0));
#7726=DIRECTION('',(0.0,1.0,0.0));
#7727=DIRECTION('',(0.0,0.0,-1.0));
#7728=DIRECTION('',(0.0,1.0,0.0));
#7729=DIRECTION('',(0.0,0.0,1.0));
#7730=DIRECTION('',(0.0,1.0,0.0));
#7731=DIRECTION('',(0.0,0.0,1.0));
#7732=DIRECTION('',(0.0,-1.0,0.0));
#7733=DIRECTION('',(1.0,0.0,0.0));
#7734=DIRECTION('',(0.0,-1.0,0.0));
#7735=DIRECTION('',(1.0,0.0,0.0));
#7736=DIRECTION('',(0.0,0.0,1.0));
#7737=DIRECTION('',(1.0,0.0,0.0));
#7738=DIRECTION('',(0.0,1.0,0.0));
#7739=DIRECTION('',(1.0,0.0,0.0));
#7740=DIRECTION('',(0.0,0.0,1.0));
#7741=DIRECTION('',(1.0,0.0,0.0));
#7742=DIRECTION('',(0.0,1.0,0.0));
#7743=DIRECTION('',(1.0,0.0,0.0));
#7744=DIRECTION('',(0.0,0.707106781186548,0.707106781186548));
#7745=DIRECTION('',(1.0,0.0,0.0));
#7746=DIRECTION('',(0.0,1.0,0.0));
#7747=DIRECTION('',(1.0,0.0,0.0));
#7748=DIRECTION('',(0.0,0.0,-1.0));
#7749=DIRECTION('',(1.0,0.0,0.0));
#7750=DIRECTION('',(0.0,-0.707106781186548,-0.707106781186548));
#7751=DIRECTION('',(1.0,0.0,0.0));
#7752=DIRECTION('',(0.0,0.0,-1.0));
#7753=DIRECTION('',(1.0,0.0,0.0));
#7754=DIRECTION('',(0.0,-1.0,0.0));
#7755=DIRECTION('',(1.0,0.0,0.0));
#7756=DIRECTION('',(0.0,0.0,1.0));
#7757=DIRECTION('',(1.0,0.0,0.0));
#7758=DIRECTION('',(0.0,1.0,0.0));
#7759=DIRECTION('',(1.0,0.0,0.0));
#7760=DIRECTION('',(0.0,0.0,-1.0));
#7761=DIRECTION('',(1.0,0.0,0.0));
#7762=DIRECTION('',(0.0,1.0,0.0));
#7763=DIRECTION('',(1.0,0.0,0.0));
#7764=DIRECTION('',(0.0,0.0,1.0));
#7765=DIRECTION('',(1.0,0.0,0.0));
#7766=DIRECTION('',(0.0,1.0,0.0));
#7767=DIRECTION('',(1.0,0.0,0.0));
#7768=DIRECTION('',(0.0,0.0,1.0));
#7769=SURFACE_STYLE_FILL_AREA(#8212);
#7770=FACE_OUTER_BOUND('',#8213,.T.);
#7771=PLANE('',#8214);
#7772=FACE_OUTER_BOUND('',#8215,.T.);
#7773=PLANE('',#8216);
#7774=FACE_OUTER_BOUND('',#8217,.T.);
#7775=PLANE('',#8218);
#7776=FACE_OUTER_BOUND('',#8219,.T.);
#7777=PLANE('',#8220);
#7778=FACE_OUTER_BOUND('',#8221,.T.);
#7779=PLANE('',#8222);
#7780=FACE_OUTER_BOUND('',#8223,.T.);
#7781=PLANE('',#8224);
#7782=FACE_OUTER_BOUND('',#8225,.T.);
#7783=PLANE('',#8226);
#7784=FACE_OUTER_BOUND('',#8227,.T.);
#7785=PLANE('',#8228);
#7786=FACE_OUTER_BOUND('',#8229,.T.);
#7787=PLANE('',#8230);
#7788=FACE_OUTER_BOUND('',#8231,.T.);
#7789=PLANE('',#8232);
#7790=FACE_OUTER_BOUND('',#8233,.T.);
#7791=PLANE('',#8234);
#7792=FACE_OUTER_BOUND('',#8235,.T.);
#7793=PLANE('',#8236);
#7794=FACE_OUTER_BOUND('',#8237,.T.);
#7795=PLANE('',#8238);
#7796=FACE_OUTER_BOUND('',#8239,.T.);
#7797=PLANE('',#8240);
#7798=FACE_OUTER_BOUND('',#8241,.T.);
#7799=PLANE('',#8242);
#7800=FACE_OUTER_BOUND('',#8243,.T.);
#7801=PLANE('',#8244);
#7802=FACE_OUTER_BOUND('',#8245,.T.);
#7803=PLANE('',#8246);
#7804=FACE_OUTER_BOUND('',#8247,.T.);
#7805=PLANE('',#8248);
#7806=FACE_OUTER_BOUND('',#8249,.T.);
#7807=PLANE('',#8250);
#7808=FACE_OUTER_BOUND('',#8251,.T.);
#7809=PLANE('',#8252);
#7810=FILL_AREA_STYLE('',(#8253));
#7811=EDGE_LOOP('',(#8254,#8255,#8256,#8257,#8258,#8259,#8260,#8261));
#7812=AXIS2_PLACEMENT_3D('',#8262,#8263,#8264);
#7813=EDGE_LOOP('',(#8265,#8266,#8267,#8268));
#7814=AXIS2_PLACEMENT_3D('',#8269,#8270,#8271);
#7815=EDGE_LOOP('',(#8272,#8273,#8274,#8275,#8276,#8277,#8278,#8279));
#7816=AXIS2_PLACEMENT_3D('',#8280,#8281,#8282);
#7817=EDGE_LOOP('',(#8283,#8284,#8285,#8286));
#7818=AXIS2_PLACEMENT_3D('',#8287,#8288,#8289);
#7819=EDGE_LOOP('',(#8290,#8291,#8292,#8293));
#7820=AXIS2_PLACEMENT_3D('',#8294,#8295,#8296);
#7821=EDGE_LOOP('',(#8297,#8298,#8299,#8300,#8301,#8302,#8303,#8304,#8305,#8306,#8307,#8308));
#7822=AXIS2_PLACEMENT_3D('',#8309,#8310,#8311);
#7823=EDGE_LOOP('',(#8312,#8313,#8314,#8315,#8316,#8317,#8318,#8319,#8320,#8321,#8322,#8323,#8324,#8325,#8326,#8327,#8328,#8329,#8330,#8331,#8332,#8333,#8334,#8335,#8336,#8337,#8338,#8339,#8340,#8341,#8342,#8343,#8344,#8345));
#7824=AXIS2_PLACEMENT_3D('',#8346,#8347,#8348);
#7825=EDGE_LOOP('',(#8349,#8350,#8351,#8352));
#7826=AXIS2_PLACEMENT_3D('',#8353,#8354,#8355);
#7827=EDGE_LOOP('',(#8356,#8357,#8358,#8359,#8360,#8361,#8362,#8363,#8364,#8365,#8366,#8367));
#7828=AXIS2_PLACEMENT_3D('',#8368,#8369,#8370);
#7829=EDGE_LOOP('',(#8371,#8372,#8373,#8374));
#7830=AXIS2_PLACEMENT_3D('',#8375,#8376,#8377);
#7831=EDGE_LOOP('',(#8378,#8379,#8380,#8381));
#7832=AXIS2_PLACEMENT_3D('',#8382,#8383,#8384);
#7833=EDGE_LOOP('',(#8385,#8386,#8387,#8388,#8389));
#7834=AXIS2_PLACEMENT_3D('',#8390,#8391,#8392);
#7835=EDGE_LOOP('',(#8393,#8394,#8395,#8396,#8397,#8398));
#7836=AXIS2_PLACEMENT_3D('',#8399,#8400,#8401);
#7837=EDGE_LOOP('',(#8402,#8403,#8404,#8405,#8406,#8407));
#7838=AXIS2_PLACEMENT_3D('',#8408,#8409,#8410);
#7839=EDGE_LOOP('',(#8411,#8412,#8413,#8414,#8415));
#7840=AXIS2_PLACEMENT_3D('',#8416,#8417,#8418);
#7841=EDGE_LOOP('',(#8419,#8420,#8421,#8422,#8423,#8424,#8425,#8426,#8427,#8428,#8429,#8430,#8431,#8432,#8433));
#7842=AXIS2_PLACEMENT_3D('',#8434,#8435,#8436);
#7843=EDGE_LOOP('',(#8437,#8438,#8439,#8440,#8441,#8442,#8443,#8444,#8445,#8446,#8447,#8448,#8449,#8450,#8451));
#7844=AXIS2_PLACEMENT_3D('',#8452,#8453,#8454);
#7845=EDGE_LOOP('',(#8455,#8456,#8457,#8458));
#7846=AXIS2_PLACEMENT_3D('',#8459,#8460,#8461);
#7847=EDGE_LOOP('',(#8462,#8463,#8464,#8465,#8466,#8467,#8468,#8469,#8470,#8471,#8472,#8473,#8474,#8475,#8476,#8477,#8478,#8479,#8480,#8481));
#7848=EDGE_LOOP('',(#8482,#8483,#8484,#8485,#8486,#8487,#8488,#8489,#8490,#8491,#8492,#8493));
#7849=AXIS2_PLACEMENT_3D('',#8494,#8495,#8496);
#7850=EDGE_LOOP('',(#8497,#8498,#8499,#8500));
#7851=AXIS2_PLACEMENT_3D('',#8501,#8502,#8503);
#7852=EDGE_LOOP('',(#8504,#8505,#8506,#8507));
#7853=AXIS2_PLACEMENT_3D('',#8508,#8509,#8510);
#7854=EDGE_LOOP('',(#8511,#8512,#8513,#8514));
#7855=AXIS2_PLACEMENT_3D('',#8515,#8516,#8517);
#7856=EDGE_LOOP('',(#8518,#8519,#8520,#8521));
#7857=AXIS2_PLACEMENT_3D('',#8522,#8523,#8524);
#7858=EDGE_LOOP('',(#8525,#8526,#8527,#8528));
#7859=AXIS2_PLACEMENT_3D('',#8529,#8530,#8531);
#7860=EDGE_LOOP('',(#8532,#8533,#8534,#8535));
#7861=AXIS2_PLACEMENT_3D('',#8536,#8537,#8538);
#7862=EDGE_LOOP('',(#8539,#8540,#8541,#8542));
#7863=AXIS2_PLACEMENT_3D('',#8543,#8544,#8545);
#7864=EDGE_LOOP('',(#8546,#8547,#8548,#8549));
#7865=AXIS2_PLACEMENT_3D('',#8550,#8551,#8552);
#7866=EDGE_LOOP('',(#8553,#8554,#8555,#8556));
#7867=AXIS2_PLACEMENT_3D('',#8557,#8558,#8559);
#7868=EDGE_LOOP('',(#8560,#8561,#8562,#8563));
#7869=AXIS2_PLACEMENT_3D('',#8564,#8565,#8566);
#7870=EDGE_LOOP('',(#8567,#8568,#8569,#8570));
#7871=AXIS2_PLACEMENT_3D('',#8571,#8572,#8573);
#7872=EDGE_LOOP('',(#8574,#8575,#8576,#8577));
#7873=AXIS2_PLACEMENT_3D('',#8578,#8579,#8580);
#7874=EDGE_LOOP('',(#8581,#8582,#8583,#8584));
#7875=AXIS2_PLACEMENT_3D('',#8585,#8586,#8587);
#7876=EDGE_LOOP('',(#8588,#8589,#8590,#8591));
#7877=AXIS2_PLACEMENT_3D('',#8592,#8593,#8594);
#7878=EDGE_LOOP('',(#8595,#8596,#8597,#8598));
#7879=AXIS2_PLACEMENT_3D('',#8599,#8600,#8601);
#7880=EDGE_LOOP('',(#8602,#8603,#8604,#8605,#8606,#8607,#8608,#8609,#8610,#8611,#8612,#8613));
#7881=EDGE_LOOP('',(#8614,#8615,#8616,#8617));
#7882=EDGE_LOOP('',(#8618,#8619,#8620,#8621));
#7883=EDGE_LOOP('',(#8622,#8623,#8624,#8625));
#7884=EDGE_LOOP('',(#8626,#8627,#8628,#8629));
#7885=EDGE_LOOP('',(#8630,#8631,#8632,#8633));
#7886=EDGE_LOOP('',(#8634,#8635,#8636,#8637));
#7887=AXIS2_PLACEMENT_3D('',#8638,#8639,#8640);
#7888=EDGE_LOOP('',(#8641,#8642,#8643,#8644));
#7889=AXIS2_PLACEMENT_3D('',#8645,#8646,#8647);
#7890=EDGE_LOOP('',(#8648,#8649,#8650,#8651));
#7891=AXIS2_PLACEMENT_3D('',#8652,#8653,#8654);
#7892=EDGE_LOOP('',(#8655,#8656,#8657,#8658));
#7893=AXIS2_PLACEMENT_3D('',#8659,#8660,#8661);
#7894=EDGE_LOOP('',(#8662,#8663,#8664,#8665));
#7895=AXIS2_PLACEMENT_3D('',#8666,#8667,#8668);
#7896=EDGE_LOOP('',(#8669,#8670,#8671,#8672));
#7897=AXIS2_PLACEMENT_3D('',#8673,#8674,#8675);
#7898=EDGE_LOOP('',(#8676,#8677,#8678,#8679));
#7899=AXIS2_PLACEMENT_3D('',#8680,#8681,#8682);
#7900=EDGE_LOOP('',(#8683,#8684,#8685,#8686));
#7901=AXIS2_PLACEMENT_3D('',#8687,#8688,#8689);
#7902=EDGE_LOOP('',(#8690,#8691,#8692,#8693));
#7903=AXIS2_PLACEMENT_3D('',#8694,#8695,#8696);
#7904=EDGE_LOOP('',(#8697,#8698,#8699,#8700));
#7905=AXIS2_PLACEMENT_3D('',#8701,#8702,#8703);
#7906=EDGE_LOOP('',(#8704,#8705,#8706,#8707,#8708,#8709,#8710,#8711,#8712,#8713,#8714,#8715));
#7907=AXIS2_PLACEMENT_3D('',#8716,#8717,#8718);
#7908=EDGE_LOOP('',(#8719,#8720,#8721,#8722));
#7909=AXIS2_PLACEMENT_3D('',#8723,#8724,#8725);
#7910=EDGE_LOOP('',(#8726,#8727,#8728,#8729,#8730,#8731,#8732,#8733,#8734,#8735,#8736,#8737,#8738,#8739,#8740,#8741));
#7911=AXIS2_PLACEMENT_3D('',#8742,#8743,#8744);
#7912=EDGE_LOOP('',(#8745,#8746,#8747,#8748,#8749,#8750,#8751,#8752,#8753,#8754,#8755,#8756));
#7913=AXIS2_PLACEMENT_3D('',#8757,#8758,#8759);
#7914=EDGE_LOOP('',(#8760,#8761,#8762,#8763));
#7915=AXIS2_PLACEMENT_3D('',#8764,#8765,#8766);
#7916=EDGE_LOOP('',(#8767,#8768,#8769,#8770));
#7917=AXIS2_PLACEMENT_3D('',#8771,#8772,#8773);
#7918=EDGE_LOOP('',(#8774,#8775,#8776,#8777));
#7919=AXIS2_PLACEMENT_3D('',#8778,#8779,#8780);
#7920=EDGE_LOOP('',(#8781,#8782,#8783,#8784));
#7921=AXIS2_PLACEMENT_3D('',#8785,#8786,#8787);
#7922=EDGE_LOOP('',(#8788,#8789,#8790,#8791));
#7923=AXIS2_PLACEMENT_3D('',#8792,#8793,#8794);
#7924=EDGE_LOOP('',(#8795,#8796,#8797,#8798));
#7925=AXIS2_PLACEMENT_3D('',#8799,#8800,#8801);
#7926=EDGE_LOOP('',(#8802,#8803,#8804,#8805));
#7927=AXIS2_PLACEMENT_3D('',#8806,#8807,#8808);
#7928=EDGE_LOOP('',(#8809,#8810,#8811,#8812,#8813,#8814,#8815,#8816,#8817,#8818,#8819,#8820,#8821,#8822));
#7929=AXIS2_PLACEMENT_3D('',#8823,#8824,#8825);
#7930=EDGE_LOOP('',(#8826,#8827,#8828,#8829));
#7931=AXIS2_PLACEMENT_3D('',#8830,#8831,#8832);
#7932=EDGE_LOOP('',(#8833,#8834,#8835,#8836,#8837));
#7933=AXIS2_PLACEMENT_3D('',#8838,#8839,#8840);
#7934=EDGE_LOOP('',(#8841,#8842,#8843,#8844));
#7935=AXIS2_PLACEMENT_3D('',#8845,#8846,#8847);
#7936=EDGE_LOOP('',(#8848,#8849,#8850,#8851));
#7937=AXIS2_PLACEMENT_3D('',#8852,#8853,#8854);
#7938=EDGE_LOOP('',(#8855,#8856,#8857,#8858,#8859,#8860));
#7939=AXIS2_PLACEMENT_3D('',#8861,#8862,#8863);
#7940=EDGE_LOOP('',(#8864,#8865,#8866,#8867));
#7941=AXIS2_PLACEMENT_3D('',#8868,#8869,#8870);
#7942=EDGE_LOOP('',(#8871,#8872,#8873,#8874));
#7943=AXIS2_PLACEMENT_3D('',#8875,#8876,#8877);
#7944=EDGE_LOOP('',(#8878,#8879,#8880,#8881));
#7945=AXIS2_PLACEMENT_3D('',#8882,#8883,#8884);
#7946=EDGE_LOOP('',(#8885,#8886,#8887,#8888));
#7947=AXIS2_PLACEMENT_3D('',#8889,#8890,#8891);
#7948=EDGE_LOOP('',(#8892,#8893,#8894,#8895));
#7949=AXIS2_PLACEMENT_3D('',#8896,#8897,#8898);
#7950=EDGE_LOOP('',(#8899,#8900,#8901,#8902,#8903,#8904,#8905,#8906,#8907,#8908,#8909,#8910));
#7951=AXIS2_PLACEMENT_3D('',#8911,#8912,#8913);
#7952=EDGE_LOOP('',(#8914,#8915,#8916,#8917));
#7953=AXIS2_PLACEMENT_3D('',#8918,#8919,#8920);
#7954=EDGE_LOOP('',(#8921,#8922,#8923,#8924));
#7955=AXIS2_PLACEMENT_3D('',#8925,#8926,#8927);
#7956=EDGE_LOOP('',(#8928,#8929,#8930,#8931));
#7957=AXIS2_PLACEMENT_3D('',#8932,#8933,#8934);
#7958=EDGE_LOOP('',(#8935,#8936,#8937,#8938,#8939,#8940,#8941,#8942,#8943,#8944,#8945,#8946,#8947,#8948));
#7959=AXIS2_PLACEMENT_3D('',#8949,#8950,#8951);
#7960=EDGE_LOOP('',(#8952,#8953,#8954,#8955,#8956));
#7961=AXIS2_PLACEMENT_3D('',#8957,#8958,#8959);
#7962=EDGE_LOOP('',(#8960,#8961,#8962,#8963));
#7963=AXIS2_PLACEMENT_3D('',#8964,#8965,#8966);
#7964=EDGE_LOOP('',(#8967,#8968,#8969,#8970,#8971,#8972,#8973,#8974,#8975,#8976,#8977,#8978,#8979,#8980,#8981));
#7965=AXIS2_PLACEMENT_3D('',#8982,#8983,#8984);
#7966=EDGE_LOOP('',(#8985,#8986,#8987,#8988));
#7967=AXIS2_PLACEMENT_3D('',#8989,#8990,#8991);
#7968=EDGE_LOOP('',(#8992,#8993,#8994,#8995,#8996,#8997,#8998,#8999,#9000,#9001,#9002,#9003));
#7969=AXIS2_PLACEMENT_3D('',#9004,#9005,#9006);
#7970=EDGE_LOOP('',(#9007,#9008,#9009,#9010,#9011,#9012));
#7971=AXIS2_PLACEMENT_3D('',#9013,#9014,#9015);
#7972=EDGE_LOOP('',(#9016,#9017,#9018,#9019));
#7973=AXIS2_PLACEMENT_3D('',#9020,#9021,#9022);
#7974=EDGE_LOOP('',(#9023,#9024,#9025,#9026));
#7975=AXIS2_PLACEMENT_3D('',#9027,#9028,#9029);
#7976=EDGE_LOOP('',(#9030,#9031,#9032,#9033));
#7977=AXIS2_PLACEMENT_3D('',#9034,#9035,#9036);
#7978=EDGE_LOOP('',(#9037,#9038,#9039,#9040));
#7979=AXIS2_PLACEMENT_3D('',#9041,#9042,#9043);
#7980=EDGE_LOOP('',(#9044,#9045,#9046,#9047));
#7981=AXIS2_PLACEMENT_3D('',#9048,#9049,#9050);
#7982=EDGE_LOOP('',(#9051,#9052,#9053,#9054));
#7983=AXIS2_PLACEMENT_3D('',#9055,#9056,#9057);
#7984=EDGE_LOOP('',(#9058,#9059,#9060,#9061));
#7985=AXIS2_PLACEMENT_3D('',#9062,#9063,#9064);
#7986=EDGE_LOOP('',(#9065,#9066,#9067,#9068));
#7987=AXIS2_PLACEMENT_3D('',#9069,#9070,#9071);
#7988=EDGE_LOOP('',(#9072,#9073,#9074,#9075));
#7989=AXIS2_PLACEMENT_3D('',#9076,#9077,#9078);
#7990=EDGE_LOOP('',(#9079,#9080,#9081,#9082));
#7991=AXIS2_PLACEMENT_3D('',#9083,#9084,#9085);
#7992=EDGE_LOOP('',(#9086,#9087,#9088,#9089,#9090,#9091,#9092,#9093,#9094,#9095,#9096,#9097));
#7993=AXIS2_PLACEMENT_3D('',#9098,#9099,#9100);
#7994=EDGE_LOOP('',(#9101,#9102,#9103,#9104));
#7995=AXIS2_PLACEMENT_3D('',#9105,#9106,#9107);
#7996=EDGE_LOOP('',(#9108,#9109,#9110,#9111));
#7997=AXIS2_PLACEMENT_3D('',#9112,#9113,#9114);
#7998=EDGE_LOOP('',(#9115,#9116,#9117,#9118,#9119,#9120,#9121,#9122,#9123,#9124,#9125,#9126));
#7999=AXIS2_PLACEMENT_3D('',#9127,#9128,#9129);
#8000=EDGE_LOOP('',(#9130,#9131,#9132,#9133));
#8001=AXIS2_PLACEMENT_3D('',#9134,#9135,#9136);
#8002=EDGE_LOOP('',(#9137,#9138,#9139,#9140));
#8003=AXIS2_PLACEMENT_3D('',#9141,#9142,#9143);
#8004=EDGE_LOOP('',(#9144,#9145,#9146,#9147));
#8005=AXIS2_PLACEMENT_3D('',#9148,#9149,#9150);
#8006=EDGE_LOOP('',(#9151,#9152,#9153,#9154));
#8007=AXIS2_PLACEMENT_3D('',#9155,#9156,#9157);
#8008=EDGE_LOOP('',(#9158,#9159,#9160,#9161));
#8009=AXIS2_PLACEMENT_3D('',#9162,#9163,#9164);
#8010=EDGE_LOOP('',(#9165,#9166,#9167,#9168));
#8011=AXIS2_PLACEMENT_3D('',#9169,#9170,#9171);
#8012=EDGE_LOOP('',(#9172,#9173,#9174,#9175));
#8013=AXIS2_PLACEMENT_3D('',#9176,#9177,#9178);
#8014=EDGE_LOOP('',(#9179,#9180,#9181,#9182));
#8015=AXIS2_PLACEMENT_3D('',#9183,#9184,#9185);
#8016=EDGE_LOOP('',(#9186,#9187,#9188,#9189));
#8017=AXIS2_PLACEMENT_3D('',#9190,#9191,#9192);
#8018=EDGE_LOOP('',(#9193,#9194,#9195,#9196));
#8019=AXIS2_PLACEMENT_3D('',#9197,#9198,#9199);
#8020=EDGE_LOOP('',(#9200,#9201,#9202,#9203));
#8021=AXIS2_PLACEMENT_3D('',#9204,#9205,#9206);
#8022=EDGE_LOOP('',(#9207,#9208,#9209));
#8023=AXIS2_PLACEMENT_3D('',#9210,#9211,#9212);
#8024=EDGE_LOOP('',(#9213,#9214,#9215,#9216));
#8025=AXIS2_PLACEMENT_3D('',#9217,#9218,#9219);
#8026=EDGE_LOOP('',(#9220,#9221,#9222,#9223));
#8027=AXIS2_PLACEMENT_3D('',#9224,#9225,#9226);
#8028=EDGE_LOOP('',(#9227,#9228,#9229,#9230));
#8029=AXIS2_PLACEMENT_3D('',#9231,#9232,#9233);
#8030=EDGE_LOOP('',(#9234,#9235,#9236,#9237));
#8031=AXIS2_PLACEMENT_3D('',#9238,#9239,#9240);
#8032=EDGE_LOOP('',(#9241,#9242,#9243,#9244));
#8033=AXIS2_PLACEMENT_3D('',#9245,#9246,#9247);
#8034=EDGE_LOOP('',(#9248,#9249,#9250,#9251));
#8035=AXIS2_PLACEMENT_3D('',#9252,#9253,#9254);
#8036=EDGE_LOOP('',(#9255,#9256,#9257,#9258));
#8037=AXIS2_PLACEMENT_3D('',#9259,#9260,#9261);
#8038=EDGE_LOOP('',(#9262,#9263,#9264,#9265));
#8039=AXIS2_PLACEMENT_3D('',#9266,#9267,#9268);
#8040=EDGE_LOOP('',(#9269,#9270,#9271,#9272));
#8041=AXIS2_PLACEMENT_3D('',#9273,#9274,#9275);
#8042=FILL_AREA_STYLE('',(#9276));
#8043=EDGE_LOOP('',(#9277,#9278,#9279,#9280,#9281,#9282,#9283,#9284,#9285,#9286,#9287,#9288,#9289,#9290,#9291,#9292,#9293,#9294,#9295));
#8044=AXIS2_PLACEMENT_3D('',#9296,#9297,#9298);
#8045=EDGE_LOOP('',(#9299,#9300,#9301,#9302));
#8046=AXIS2_PLACEMENT_3D('',#9303,#9304,#9305);
#8047=EDGE_LOOP('',(#9306,#9307,#9308,#9309));
#8048=AXIS2_PLACEMENT_3D('',#9310,#9311,#9312);
#8049=EDGE_LOOP('',(#9313,#9314,#9315,#9316));
#8050=AXIS2_PLACEMENT_3D('',#9317,#9318,#9319);
#8051=EDGE_LOOP('',(#9320,#9321,#9322,#9323));
#8052=AXIS2_PLACEMENT_3D('',#9324,#9325,#9326);
#8053=EDGE_LOOP('',(#9327,#9328,#9329,#9330));
#8054=AXIS2_PLACEMENT_3D('',#9331,#9332,#9333);
#8055=EDGE_LOOP('',(#9334,#9335,#9336,#9337));
#8056=AXIS2_PLACEMENT_3D('',#9338,#9339,#9340);
#8057=EDGE_LOOP('',(#9341,#9342,#9343,#9344));
#8058=AXIS2_PLACEMENT_3D('',#9345,#9346,#9347);
#8059=EDGE_LOOP('',(#9348,#9349,#9350,#9351));
#8060=AXIS2_PLACEMENT_3D('',#9352,#9353,#9354);
#8061=EDGE_LOOP('',(#9355,#9356,#9357,#9358));
#8062=AXIS2_PLACEMENT_3D('',#9359,#9360,#9361);
#8063=EDGE_LOOP('',(#9362,#9363,#9364,#9365));
#8064=AXIS2_PLACEMENT_3D('',#9366,#9367,#9368);
#8065=EDGE_LOOP('',(#9369,#9370,#9371,#9372));
#8066=AXIS2_PLACEMENT_3D('',#9373,#9374,#9375);
#8067=EDGE_LOOP('',(#9376,#9377,#9378,#9379));
#8068=AXIS2_PLACEMENT_3D('',#9380,#9381,#9382);
#8069=EDGE_LOOP('',(#9383,#9384,#9385,#9386));
#8070=AXIS2_PLACEMENT_3D('',#9387,#9388,#9389);
#8071=EDGE_LOOP('',(#9390,#9391,#9392,#9393));
#8072=AXIS2_PLACEMENT_3D('',#9394,#9395,#9396);
#8073=EDGE_LOOP('',(#9397,#9398,#9399,#9400));
#8074=AXIS2_PLACEMENT_3D('',#9401,#9402,#9403);
#8075=EDGE_LOOP('',(#9404,#9405,#9406,#9407));
#8076=AXIS2_PLACEMENT_3D('',#9408,#9409,#9410);
#8077=EDGE_LOOP('',(#9411,#9412,#9413,#9414));
#8078=AXIS2_PLACEMENT_3D('',#9415,#9416,#9417);
#8079=EDGE_LOOP('',(#9418,#9419,#9420,#9421));
#8080=AXIS2_PLACEMENT_3D('',#9422,#9423,#9424);
#8081=EDGE_LOOP('',(#9425,#9426,#9427,#9428));
#8082=AXIS2_PLACEMENT_3D('',#9429,#9430,#9431);
#8083=EDGE_LOOP('',(#9432,#9433,#9434,#9435,#9436,#9437,#9438,#9439,#9440,#9441,#9442,#9443,#9444,#9445,#9446,#9447,#9448,#9449,#9450));
#8084=AXIS2_PLACEMENT_3D('',#9451,#9452,#9453);
#8085=FILL_AREA_STYLE('',(#9454));
#8086=EDGE_LOOP('',(#9455,#9456,#9457,#9458,#9459,#9460,#9461,#9462,#9463,#9464,#9465,#9466,#9467,#9468,#9469,#9470,#9471,#9472,#9473));
#8087=AXIS2_PLACEMENT_3D('',#9474,#9475,#9476);
#8088=EDGE_LOOP('',(#9477,#9478,#9479,#9480));
#8089=AXIS2_PLACEMENT_3D('',#9481,#9482,#9483);
#8090=EDGE_LOOP('',(#9484,#9485,#9486,#9487));
#8091=AXIS2_PLACEMENT_3D('',#9488,#9489,#9490);
#8092=EDGE_LOOP('',(#9491,#9492,#9493,#9494));
#8093=AXIS2_PLACEMENT_3D('',#9495,#9496,#9497);
#8094=EDGE_LOOP('',(#9498,#9499,#9500,#9501));
#8095=AXIS2_PLACEMENT_3D('',#9502,#9503,#9504);
#8096=EDGE_LOOP('',(#9505,#9506,#9507,#9508));
#8097=AXIS2_PLACEMENT_3D('',#9509,#9510,#9511);
#8098=EDGE_LOOP('',(#9512,#9513,#9514,#9515));
#8099=AXIS2_PLACEMENT_3D('',#9516,#9517,#9518);
#8100=EDGE_LOOP('',(#9519,#9520,#9521,#9522));
#8101=AXIS2_PLACEMENT_3D('',#9523,#9524,#9525);
#8102=EDGE_LOOP('',(#9526,#9527,#9528,#9529));
#8103=AXIS2_PLACEMENT_3D('',#9530,#9531,#9532);
#8104=EDGE_LOOP('',(#9533,#9534,#9535,#9536));
#8105=AXIS2_PLACEMENT_3D('',#9537,#9538,#9539);
#8106=EDGE_LOOP('',(#9540,#9541,#9542,#9543));
#8107=AXIS2_PLACEMENT_3D('',#9544,#9545,#9546);
#8108=EDGE_LOOP('',(#9547,#9548,#9549,#9550));
#8109=AXIS2_PLACEMENT_3D('',#9551,#9552,#9553);
#8110=EDGE_LOOP('',(#9554,#9555,#9556,#9557));
#8111=AXIS2_PLACEMENT_3D('',#9558,#9559,#9560);
#8112=EDGE_LOOP('',(#9561,#9562,#9563,#9564));
#8113=AXIS2_PLACEMENT_3D('',#9565,#9566,#9567);
#8114=EDGE_LOOP('',(#9568,#9569,#9570,#9571));
#8115=AXIS2_PLACEMENT_3D('',#9572,#9573,#9574);
#8116=EDGE_LOOP('',(#9575,#9576,#9577,#9578));
#8117=AXIS2_PLACEMENT_3D('',#9579,#9580,#9581);
#8118=EDGE_LOOP('',(#9582,#9583,#9584,#9585));
#8119=AXIS2_PLACEMENT_3D('',#9586,#9587,#9588);
#8120=EDGE_LOOP('',(#9589,#9590,#9591,#9592));
#8121=AXIS2_PLACEMENT_3D('',#9593,#9594,#9595);
#8122=EDGE_LOOP('',(#9596,#9597,#9598,#9599));
#8123=AXIS2_PLACEMENT_3D('',#9600,#9601,#9602);
#8124=EDGE_LOOP('',(#9603,#9604,#9605,#9606));
#8125=AXIS2_PLACEMENT_3D('',#9607,#9608,#9609);
#8126=EDGE_LOOP('',(#9610,#9611,#9612,#9613,#9614,#9615,#9616,#9617,#9618,#9619,#9620,#9621,#9622,#9623,#9624,#9625,#9626,#9627,#9628));
#8127=AXIS2_PLACEMENT_3D('',#9629,#9630,#9631);
#8128=FILL_AREA_STYLE('',(#9632));
#8129=EDGE_LOOP('',(#9633,#9634,#9635,#9636,#9637,#9638,#9639,#9640,#9641,#9642,#9643,#9644,#9645,#9646,#9647,#9648,#9649,#9650,#9651));
#8130=AXIS2_PLACEMENT_3D('',#9652,#9653,#9654);
#8131=EDGE_LOOP('',(#9655,#9656,#9657,#9658));
#8132=AXIS2_PLACEMENT_3D('',#9659,#9660,#9661);
#8133=EDGE_LOOP('',(#9662,#9663,#9664,#9665));
#8134=AXIS2_PLACEMENT_3D('',#9666,#9667,#9668);
#8135=EDGE_LOOP('',(#9669,#9670,#9671,#9672));
#8136=AXIS2_PLACEMENT_3D('',#9673,#9674,#9675);
#8137=EDGE_LOOP('',(#9676,#9677,#9678,#9679));
#8138=AXIS2_PLACEMENT_3D('',#9680,#9681,#9682);
#8139=EDGE_LOOP('',(#9683,#9684,#9685,#9686));
#8140=AXIS2_PLACEMENT_3D('',#9687,#9688,#9689);
#8141=EDGE_LOOP('',(#9690,#9691,#9692,#9693));
#8142=AXIS2_PLACEMENT_3D('',#9694,#9695,#9696);
#8143=EDGE_LOOP('',(#9697,#9698,#9699,#9700));
#8144=AXIS2_PLACEMENT_3D('',#9701,#9702,#9703);
#8145=EDGE_LOOP('',(#9704,#9705,#9706,#9707));
#8146=AXIS2_PLACEMENT_3D('',#9708,#9709,#9710);
#8147=EDGE_LOOP('',(#9711,#9712,#9713,#9714));
#8148=AXIS2_PLACEMENT_3D('',#9715,#9716,#9717);
#8149=EDGE_LOOP('',(#9718,#9719,#9720,#9721));
#8150=AXIS2_PLACEMENT_3D('',#9722,#9723,#9724);
#8151=EDGE_LOOP('',(#9725,#9726,#9727,#9728));
#8152=AXIS2_PLACEMENT_3D('',#9729,#9730,#9731);
#8153=EDGE_LOOP('',(#9732,#9733,#9734,#9735));
#8154=AXIS2_PLACEMENT_3D('',#9736,#9737,#9738);
#8155=EDGE_LOOP('',(#9739,#9740,#9741,#9742));
#8156=AXIS2_PLACEMENT_3D('',#9743,#9744,#9745);
#8157=EDGE_LOOP('',(#9746,#9747,#9748,#9749));
#8158=AXIS2_PLACEMENT_3D('',#9750,#9751,#9752);
#8159=EDGE_LOOP('',(#9753,#9754,#9755,#9756));
#8160=AXIS2_PLACEMENT_3D('',#9757,#9758,#9759);
#8161=EDGE_LOOP('',(#9760,#9761,#9762,#9763));
#8162=AXIS2_PLACEMENT_3D('',#9764,#9765,#9766);
#8163=EDGE_LOOP('',(#9767,#9768,#9769,#9770));
#8164=AXIS2_PLACEMENT_3D('',#9771,#9772,#9773);
#8165=EDGE_LOOP('',(#9774,#9775,#9776,#9777));
#8166=AXIS2_PLACEMENT_3D('',#9778,#9779,#9780);
#8167=EDGE_LOOP('',(#9781,#9782,#9783,#9784));
#8168=AXIS2_PLACEMENT_3D('',#9785,#9786,#9787);
#8169=EDGE_LOOP('',(#9788,#9789,#9790,#9791,#9792,#9793,#9794,#9795,#9796,#9797,#9798,#9799,#9800,#9801,#9802,#9803,#9804,#9805,#9806));
#8170=AXIS2_PLACEMENT_3D('',#9807,#9808,#9809);
#8171=FILL_AREA_STYLE('',(#9810));
#8172=EDGE_LOOP('',(#9811,#9812,#9813,#9814,#9815,#9816,#9817,#9818,#9819,#9820,#9821,#9822,#9823,#9824,#9825,#9826,#9827,#9828));
#8173=AXIS2_PLACEMENT_3D('',#9829,#9830,#9831);
#8174=EDGE_LOOP('',(#9832,#9833,#9834,#9835));
#8175=AXIS2_PLACEMENT_3D('',#9836,#9837,#9838);
#8176=EDGE_LOOP('',(#9839,#9840,#9841,#9842));
#8177=AXIS2_PLACEMENT_3D('',#9843,#9844,#9845);
#8178=EDGE_LOOP('',(#9846,#9847,#9848,#9849));
#8179=AXIS2_PLACEMENT_3D('',#9850,#9851,#9852);
#8180=EDGE_LOOP('',(#9853,#9854,#9855,#9856));
#8181=AXIS2_PLACEMENT_3D('',#9857,#9858,#9859);
#8182=EDGE_LOOP('',(#9860,#9861,#9862,#9863));
#8183=AXIS2_PLACEMENT_3D('',#9864,#9865,#9866);
#8184=EDGE_LOOP('',(#9867,#9868,#9869,#9870));
#8185=AXIS2_PLACEMENT_3D('',#9871,#9872,#9873);
#8186=EDGE_LOOP('',(#9874,#9875,#9876,#9877));
#8187=AXIS2_PLACEMENT_3D('',#9878,#9879,#9880);
#8188=EDGE_LOOP('',(#9881,#9882,#9883,#9884));
#8189=AXIS2_PLACEMENT_3D('',#9885,#9886,#9887);
#8190=EDGE_LOOP('',(#9888,#9889,#9890,#9891));
#8191=AXIS2_PLACEMENT_3D('',#9892,#9893,#9894);
#8192=EDGE_LOOP('',(#9895,#9896,#9897,#9898));
#8193=AXIS2_PLACEMENT_3D('',#9899,#9900,#9901);
#8194=EDGE_LOOP('',(#9902,#9903,#9904,#9905));
#8195=AXIS2_PLACEMENT_3D('',#9906,#9907,#9908);
#8196=EDGE_LOOP('',(#9909,#9910,#9911,#9912));
#8197=AXIS2_PLACEMENT_3D('',#9913,#9914,#9915);
#8198=EDGE_LOOP('',(#9916,#9917,#9918,#9919));
#8199=AXIS2_PLACEMENT_3D('',#9920,#9921,#9922);
#8200=EDGE_LOOP('',(#9923,#9924,#9925,#9926));
#8201=AXIS2_PLACEMENT_3D('',#9927,#9928,#9929);
#8202=EDGE_LOOP('',(#9930,#9931,#9932,#9933));
#8203=AXIS2_PLACEMENT_3D('',#9934,#9935,#9936);
#8204=EDGE_LOOP('',(#9937,#9938,#9939,#9940));
#8205=AXIS2_PLACEMENT_3D('',#9941,#9942,#9943);
#8206=EDGE_LOOP('',(#9944,#9945,#9946,#9947));
#8207=AXIS2_PLACEMENT_3D('',#9948,#9949,#9950);
#8208=EDGE_LOOP('',(#9951,#9952,#9953,#9954));
#8209=AXIS2_PLACEMENT_3D('',#9955,#9956,#9957);
#8210=EDGE_LOOP('',(#9958,#9959,#9960,#9961,#9962,#9963,#9964,#9965,#9966,#9967,#9968,#9969,#9970,#9971,#9972,#9973,#9974,#9975));
#8211=AXIS2_PLACEMENT_3D('',#9976,#9977,#9978);
#8212=FILL_AREA_STYLE('',(#9979));
#8213=EDGE_LOOP('',(#9980,#9981,#9982,#9983,#9984,#9985,#9986,#9987,#9988,#9989,#9990,#9991,#9992,#9993,#9994,#9995,#9996,#9997));
#8214=AXIS2_PLACEMENT_3D('',#9998,#9999,#10000);
#8215=EDGE_LOOP('',(#10001,#10002,#10003,#10004));
#8216=AXIS2_PLACEMENT_3D('',#10005,#10006,#10007);
#8217=EDGE_LOOP('',(#10008,#10009,#10010,#10011));
#8218=AXIS2_PLACEMENT_3D('',#10012,#10013,#10014);
#8219=EDGE_LOOP('',(#10015,#10016,#10017,#10018));
#8220=AXIS2_PLACEMENT_3D('',#10019,#10020,#10021);
#8221=EDGE_LOOP('',(#10022,#10023,#10024,#10025));
#8222=AXIS2_PLACEMENT_3D('',#10026,#10027,#10028);
#8223=EDGE_LOOP('',(#10029,#10030,#10031,#10032));
#8224=AXIS2_PLACEMENT_3D('',#10033,#10034,#10035);
#8225=EDGE_LOOP('',(#10036,#10037,#10038,#10039));
#8226=AXIS2_PLACEMENT_3D('',#10040,#10041,#10042);
#8227=EDGE_LOOP('',(#10043,#10044,#10045,#10046));
#8228=AXIS2_PLACEMENT_3D('',#10047,#10048,#10049);
#8229=EDGE_LOOP('',(#10050,#10051,#10052,#10053));
#8230=AXIS2_PLACEMENT_3D('',#10054,#10055,#10056);
#8231=EDGE_LOOP('',(#10057,#10058,#10059,#10060));
#8232=AXIS2_PLACEMENT_3D('',#10061,#10062,#10063);
#8233=EDGE_LOOP('',(#10064,#10065,#10066,#10067));
#8234=AXIS2_PLACEMENT_3D('',#10068,#10069,#10070);
#8235=EDGE_LOOP('',(#10071,#10072,#10073,#10074));
#8236=AXIS2_PLACEMENT_3D('',#10075,#10076,#10077);
#8237=EDGE_LOOP('',(#10078,#10079,#10080,#10081));
#8238=AXIS2_PLACEMENT_3D('',#10082,#10083,#10084);
#8239=EDGE_LOOP('',(#10085,#10086,#10087,#10088));
#8240=AXIS2_PLACEMENT_3D('',#10089,#10090,#10091);
#8241=EDGE_LOOP('',(#10092,#10093,#10094,#10095));
#8242=AXIS2_PLACEMENT_3D('',#10096,#10097,#10098);
#8243=EDGE_LOOP('',(#10099,#10100,#10101,#10102));
#8244=AXIS2_PLACEMENT_3D('',#10103,#10104,#10105);
#8245=EDGE_LOOP('',(#10106,#10107,#10108,#10109));
#8246=AXIS2_PLACEMENT_3D('',#10110,#10111,#10112);
#8247=EDGE_LOOP('',(#10113,#10114,#10115,#10116));
#8248=AXIS2_PLACEMENT_3D('',#10117,#10118,#10119);
#8249=EDGE_LOOP('',(#10120,#10121,#10122,#10123));
#8250=AXIS2_PLACEMENT_3D('',#10124,#10125,#10126);
#8251=EDGE_LOOP('',(#10127,#10128,#10129,#10130,#10131,#10132,#10133,#10134,#10135,#10136,#10137,#10138,#10139,#10140,#10141,#10142,#10143,#10144));
#8252=AXIS2_PLACEMENT_3D('',#10145,#10146,#10147);
#8253=FILL_AREA_STYLE_COLOUR('',#10148);
#8254=ORIENTED_EDGE('',*,*,#662,.F.);
#8255=ORIENTED_EDGE('',*,*,#664,.F.);
#8256=ORIENTED_EDGE('',*,*,#666,.T.);
#8257=ORIENTED_EDGE('',*,*,#668,.F.);
#8258=ORIENTED_EDGE('',*,*,#670,.F.);
#8259=ORIENTED_EDGE('',*,*,#672,.T.);
#8260=ORIENTED_EDGE('',*,*,#674,.T.);
#8261=ORIENTED_EDGE('',*,*,#676,.T.);
#8262=CARTESIAN_POINT('',(0.0,0.0,0.0));
#8263=DIRECTION('',(-0.0,1.0,0.0));
#8264=DIRECTION('',(1.0,0.0,0.0));
#8265=ORIENTED_EDGE('',*,*,#678,.F.);
#8266=ORIENTED_EDGE('',*,*,#680,.T.);
#8267=ORIENTED_EDGE('',*,*,#682,.T.);
#8268=ORIENTED_EDGE('',*,*,#684,.T.);
#8269=CARTESIAN_POINT('',(0.0,0.0,0.0));
#8270=DIRECTION('',(-0.0,1.0,0.0));
#8271=DIRECTION('',(1.0,0.0,0.0));
#8272=ORIENTED_EDGE('',*,*,#686,.T.);
#8273=ORIENTED_EDGE('',*,*,#688,.T.);
#8274=ORIENTED_EDGE('',*,*,#690,.T.);
#8275=ORIENTED_EDGE('',*,*,#692,.T.);
#8276=ORIENTED_EDGE('',*,*,#694,.F.);
#8277=ORIENTED_EDGE('',*,*,#696,.F.);
#8278=ORIENTED_EDGE('',*,*,#698,.F.);
#8279=ORIENTED_EDGE('',*,*,#700,.T.);
#8280=CARTESIAN_POINT('',(0.0,0.0,0.0));
#8281=DIRECTION('',(-0.0,1.0,0.0));
#8282=DIRECTION('',(1.0,0.0,0.0));
#8283=ORIENTED_EDGE('',*,*,#702,.F.);
#8284=ORIENTED_EDGE('',*,*,#704,.T.);
#8285=ORIENTED_EDGE('',*,*,#706,.T.);
#8286=ORIENTED_EDGE('',*,*,#708,.T.);
#8287=CARTESIAN_POINT('',(0.0,0.0,0.0));
#8288=DIRECTION('',(-0.0,1.0,0.0));
#8289=DIRECTION('',(1.0,0.0,0.0));
#8290=ORIENTED_EDGE('',*,*,#710,.F.);
#8291=ORIENTED_EDGE('',*,*,#676,.F.);
#8292=ORIENTED_EDGE('',*,*,#712,.F.);
#8293=ORIENTED_EDGE('',*,*,#714,.T.);
#8294=CARTESIAN_POINT('',(-1.21,0.1,0.625));
#8295=DIRECTION('',(0.707106781186548,-0.707106781186548,0.0));
#8296=DIRECTION('',(0.0,0.0,-1.0));
#8297=ORIENTED_EDGE('',*,*,#716,.F.);
#8298=ORIENTED_EDGE('',*,*,#718,.T.);
#8299=ORIENTED_EDGE('',*,*,#720,.T.);
#8300=ORIENTED_EDGE('',*,*,#722,.T.);
#8301=ORIENTED_EDGE('',*,*,#724,.T.);
#8302=ORIENTED_EDGE('',*,*,#726,.T.);
#8303=ORIENTED_EDGE('',*,*,#728,.T.);
#8304=ORIENTED_EDGE('',*,*,#730,.T.);
#8305=ORIENTED_EDGE('',*,*,#732,.T.);
#8306=ORIENTED_EDGE('',*,*,#734,.T.);
#8307=ORIENTED_EDGE('',*,*,#736,.F.);
#8308=ORIENTED_EDGE('',*,*,#714,.F.);
#8309=CARTESIAN_POINT('',(-1.11,0.0,0.0));
#8310=DIRECTION('',(1.0,0.0,0.0));
#8311=DIRECTION('',(0.0,1.0,0.0));
#8312=ORIENTED_EDGE('',*,*,#698,.T.);
#8313=ORIENTED_EDGE('',*,*,#738,.T.);
#8314=ORIENTED_EDGE('',*,*,#740,.T.);
#8315=ORIENTED_EDGE('',*,*,#742,.T.);
#8316=ORIENTED_EDGE('',*,*,#744,.F.);
#8317=ORIENTED_EDGE('',*,*,#746,.T.);
#8318=ORIENTED_EDGE('',*,*,#748,.T.);
#8319=ORIENTED_EDGE('',*,*,#750,.T.);
#8320=ORIENTED_EDGE('',*,*,#752,.F.);
#8321=ORIENTED_EDGE('',*,*,#754,.T.);
#8322=ORIENTED_EDGE('',*,*,#756,.T.);
#8323=ORIENTED_EDGE('',*,*,#758,.T.);
#8324=ORIENTED_EDGE('',*,*,#760,.F.);
#8325=ORIENTED_EDGE('',*,*,#762,.F.);
#8326=ORIENTED_EDGE('',*,*,#764,.F.);
#8327=ORIENTED_EDGE('',*,*,#766,.F.);
#8328=ORIENTED_EDGE('',*,*,#662,.T.);
#8329=ORIENTED_EDGE('',*,*,#710,.T.);
#8330=ORIENTED_EDGE('',*,*,#736,.T.);
#8331=ORIENTED_EDGE('',*,*,#768,.T.);
#8332=ORIENTED_EDGE('',*,*,#770,.F.);
#8333=ORIENTED_EDGE('',*,*,#772,.T.);
#8334=ORIENTED_EDGE('',*,*,#678,.T.);
#8335=ORIENTED_EDGE('',*,*,#774,.T.);
#8336=ORIENTED_EDGE('',*,*,#776,.T.);
#8337=ORIENTED_EDGE('',*,*,#778,.T.);
#8338=ORIENTED_EDGE('',*,*,#780,.F.);
#8339=ORIENTED_EDGE('',*,*,#782,.T.);
#8340=ORIENTED_EDGE('',*,*,#702,.T.);
#8341=ORIENTED_EDGE('',*,*,#784,.T.);
#8342=ORIENTED_EDGE('',*,*,#786,.T.);
#8343=ORIENTED_EDGE('',*,*,#788,.T.);
#8344=ORIENTED_EDGE('',*,*,#790,.F.);
#8345=ORIENTED_EDGE('',*,*,#792,.T.);
#8346=CARTESIAN_POINT('',(0.0,0.0,1.925));
#8347=DIRECTION('',(0.0,0.0,1.0));
#8348=DIRECTION('',(1.0,0.0,0.0));
#8349=ORIENTED_EDGE('',*,*,#794,.F.);
#8350=ORIENTED_EDGE('',*,*,#700,.F.);
#8351=ORIENTED_EDGE('',*,*,#792,.F.);
#8352=ORIENTED_EDGE('',*,*,#796,.T.);
#8353=CARTESIAN_POINT('',(1.21,0.1,0.625));
#8354=DIRECTION('',(-0.707106781186548,-0.707106781186548,0.0));
#8355=DIRECTION('',(-0.707106781186548,0.707106781186548,0.0));
#8356=ORIENTED_EDGE('',*,*,#790,.T.);
#8357=ORIENTED_EDGE('',*,*,#798,.F.);
#8358=ORIENTED_EDGE('',*,*,#800,.F.);
#8359=ORIENTED_EDGE('',*,*,#802,.T.);
#8360=ORIENTED_EDGE('',*,*,#804,.F.);
#8361=ORIENTED_EDGE('',*,*,#806,.F.);
#8362=ORIENTED_EDGE('',*,*,#808,.F.);
#8363=ORIENTED_EDGE('',*,*,#810,.T.);
#8364=ORIENTED_EDGE('',*,*,#812,.F.);
#8365=ORIENTED_EDGE('',*,*,#814,.F.);
#8366=ORIENTED_EDGE('',*,*,#816,.T.);
#8367=ORIENTED_EDGE('',*,*,#796,.F.);
#8368=CARTESIAN_POINT('',(1.11,0.0,0.0));
#8369=DIRECTION('',(1.0,0.0,0.0));
#8370=DIRECTION('',(0.0,1.0,0.0));
#8371=ORIENTED_EDGE('',*,*,#818,.F.);
#8372=ORIENTED_EDGE('',*,*,#820,.T.);
#8373=ORIENTED_EDGE('',*,*,#822,.T.);
#8374=ORIENTED_EDGE('',*,*,#824,.F.);
#8375=CARTESIAN_POINT('',(2.5,1.0,-0.675));
#8376=DIRECTION('',(0.0,0.0,1.0));
#8377=DIRECTION('',(1.0,0.0,0.0));
#8378=ORIENTED_EDGE('',*,*,#826,.F.);
#8379=ORIENTED_EDGE('',*,*,#828,.F.);
#8380=ORIENTED_EDGE('',*,*,#830,.T.);
#8381=ORIENTED_EDGE('',*,*,#832,.T.);
#8382=CARTESIAN_POINT('',(2.5,1.0,-0.675));
#8383=DIRECTION('',(0.0,0.0,1.0));
#8384=DIRECTION('',(1.0,0.0,0.0));
#8385=ORIENTED_EDGE('',*,*,#834,.T.);
#8386=ORIENTED_EDGE('',*,*,#836,.F.);
#8387=ORIENTED_EDGE('',*,*,#716,.T.);
#8388=ORIENTED_EDGE('',*,*,#712,.T.);
#8389=ORIENTED_EDGE('',*,*,#674,.F.);
#8390=CARTESIAN_POINT('',(2.5,1.0,-0.675));
#8391=DIRECTION('',(0.0,0.0,1.0));
#8392=DIRECTION('',(1.0,0.0,0.0));
#8393=ORIENTED_EDGE('',*,*,#838,.T.);
#8394=ORIENTED_EDGE('',*,*,#840,.F.);
#8395=ORIENTED_EDGE('',*,*,#842,.F.);
#8396=ORIENTED_EDGE('',*,*,#844,.T.);
#8397=ORIENTED_EDGE('',*,*,#846,.T.);
#8398=ORIENTED_EDGE('',*,*,#682,.F.);
#8399=CARTESIAN_POINT('',(2.5,1.0,-0.675));
#8400=DIRECTION('',(0.0,0.0,1.0));
#8401=DIRECTION('',(1.0,0.0,0.0));
#8402=ORIENTED_EDGE('',*,*,#848,.T.);
#8403=ORIENTED_EDGE('',*,*,#850,.F.);
#8404=ORIENTED_EDGE('',*,*,#852,.F.);
#8405=ORIENTED_EDGE('',*,*,#854,.T.);
#8406=ORIENTED_EDGE('',*,*,#856,.T.);
#8407=ORIENTED_EDGE('',*,*,#706,.F.);
#8408=CARTESIAN_POINT('',(2.5,1.0,-0.675));
#8409=DIRECTION('',(0.0,0.0,1.0));
#8410=DIRECTION('',(1.0,0.0,0.0));
#8411=ORIENTED_EDGE('',*,*,#794,.T.);
#8412=ORIENTED_EDGE('',*,*,#816,.F.);
#8413=ORIENTED_EDGE('',*,*,#858,.F.);
#8414=ORIENTED_EDGE('',*,*,#860,.T.);
#8415=ORIENTED_EDGE('',*,*,#686,.F.);
#8416=CARTESIAN_POINT('',(2.5,1.0,-0.675));
#8417=DIRECTION('',(0.0,0.0,1.0));
#8418=DIRECTION('',(1.0,0.0,0.0));
#8419=ORIENTED_EDGE('',*,*,#862,.T.);
#8420=ORIENTED_EDGE('',*,*,#824,.T.);
#8421=ORIENTED_EDGE('',*,*,#864,.T.);
#8422=ORIENTED_EDGE('',*,*,#866,.T.);
#8423=ORIENTED_EDGE('',*,*,#692,.F.);
#8424=ORIENTED_EDGE('',*,*,#868,.F.);
#8425=ORIENTED_EDGE('',*,*,#870,.T.);
#8426=ORIENTED_EDGE('',*,*,#872,.T.);
#8427=ORIENTED_EDGE('',*,*,#874,.F.);
#8428=ORIENTED_EDGE('',*,*,#876,.F.);
#8429=ORIENTED_EDGE('',*,*,#878,.F.);
#8430=ORIENTED_EDGE('',*,*,#880,.F.);
#8431=ORIENTED_EDGE('',*,*,#882,.F.);
#8432=ORIENTED_EDGE('',*,*,#884,.F.);
#8433=ORIENTED_EDGE('',*,*,#886,.F.);
#8434=CARTESIAN_POINT('',(2.225,0.0,0.0));
#8435=DIRECTION('',(1.0,0.0,0.0));
#8436=DIRECTION('',(0.0,1.0,0.0));
#8437=ORIENTED_EDGE('',*,*,#888,.F.);
#8438=ORIENTED_EDGE('',*,*,#890,.F.);
#8439=ORIENTED_EDGE('',*,*,#892,.T.);
#8440=ORIENTED_EDGE('',*,*,#886,.T.);
#8441=ORIENTED_EDGE('',*,*,#894,.F.);
#8442=ORIENTED_EDGE('',*,*,#896,.T.);
#8443=ORIENTED_EDGE('',*,*,#898,.F.);
#8444=ORIENTED_EDGE('',*,*,#900,.T.);
#8445=ORIENTED_EDGE('',*,*,#902,.T.);
#8446=ORIENTED_EDGE('',*,*,#904,.F.);
#8447=ORIENTED_EDGE('',*,*,#906,.F.);
#8448=ORIENTED_EDGE('',*,*,#908,.T.);
#8449=ORIENTED_EDGE('',*,*,#910,.F.);
#8450=ORIENTED_EDGE('',*,*,#912,.F.);
#8451=ORIENTED_EDGE('',*,*,#914,.F.);
#8452=CARTESIAN_POINT('',(2.5,0.0,-0.925));
#8453=DIRECTION('',(0.0,0.0,-1.0));
#8454=DIRECTION('',(0.0,-1.0,0.0));
#8455=ORIENTED_EDGE('',*,*,#914,.T.);
#8456=ORIENTED_EDGE('',*,*,#916,.T.);
#8457=ORIENTED_EDGE('',*,*,#918,.F.);
#8458=ORIENTED_EDGE('',*,*,#920,.F.);
#8459=CARTESIAN_POINT('',(-1.711324865405,4.25,-0.925));
#8460=DIRECTION('',(0.866025403784429,-0.500000000000017,0.0));
#8461=DIRECTION('',(0.0,0.0,-1.0));
#8462=ORIENTED_EDGE('',*,*,#922,.F.);
#8463=ORIENTED_EDGE('',*,*,#910,.T.);
#8464=ORIENTED_EDGE('',*,*,#924,.T.);
#8465=ORIENTED_EDGE('',*,*,#926,.T.);
#8466=ORIENTED_EDGE('',*,*,#928,.T.);
#8467=ORIENTED_EDGE('',*,*,#760,.T.);
#8468=ORIENTED_EDGE('',*,*,#930,.F.);
#8469=ORIENTED_EDGE('',*,*,#932,.T.);
#8470=ORIENTED_EDGE('',*,*,#934,.T.);
#8471=ORIENTED_EDGE('',*,*,#752,.T.);
#8472=ORIENTED_EDGE('',*,*,#936,.F.);
#8473=ORIENTED_EDGE('',*,*,#938,.T.);
#8474=ORIENTED_EDGE('',*,*,#940,.T.);
#8475=ORIENTED_EDGE('',*,*,#744,.T.);
#8476=ORIENTED_EDGE('',*,*,#942,.F.);
#8477=ORIENTED_EDGE('',*,*,#944,.F.);
#8478=ORIENTED_EDGE('',*,*,#946,.T.);
#8479=ORIENTED_EDGE('',*,*,#888,.T.);
#8480=ORIENTED_EDGE('',*,*,#920,.T.);
#8481=ORIENTED_EDGE('',*,*,#948,.F.);
#8482=ORIENTED_EDGE('',*,*,#950,.T.);
#8483=ORIENTED_EDGE('',*,*,#952,.T.);
#8484=ORIENTED_EDGE('',*,*,#954,.T.);
#8485=ORIENTED_EDGE('',*,*,#956,.T.);
#8486=ORIENTED_EDGE('',*,*,#958,.T.);
#8487=ORIENTED_EDGE('',*,*,#960,.T.);
#8488=ORIENTED_EDGE('',*,*,#962,.T.);
#8489=ORIENTED_EDGE('',*,*,#964,.T.);
#8490=ORIENTED_EDGE('',*,*,#966,.T.);
#8491=ORIENTED_EDGE('',*,*,#968,.T.);
#8492=ORIENTED_EDGE('',*,*,#970,.T.);
#8493=ORIENTED_EDGE('',*,*,#972,.T.);
#8494=CARTESIAN_POINT('',(0.0,4.25,0.0));
#8495=DIRECTION('',(-0.0,1.0,0.0));
#8496=DIRECTION('',(1.0,0.0,0.0));
#8497=ORIENTED_EDGE('',*,*,#974,.T.);
#8498=ORIENTED_EDGE('',*,*,#972,.F.);
#8499=ORIENTED_EDGE('',*,*,#976,.F.);
#8500=ORIENTED_EDGE('',*,*,#978,.T.);
#8501=CARTESIAN_POINT('',(1.675,4.15,-0.375));
#8502=DIRECTION('',(-0.894427190999896,0.447213595499998,0.0));
#8503=DIRECTION('',(0.0,0.0,1.0));
#8504=ORIENTED_EDGE('',*,*,#980,.T.);
#8505=ORIENTED_EDGE('',*,*,#982,.F.);
#8506=ORIENTED_EDGE('',*,*,#984,.F.);
#8507=ORIENTED_EDGE('',*,*,#978,.F.);
#8508=CARTESIAN_POINT('',(1.625,4.25,1.625));
#8509=DIRECTION('',(1.0,0.0,0.0));
#8510=DIRECTION('',(0.0,1.0,0.0));
#8511=ORIENTED_EDGE('',*,*,#986,.T.);
#8512=ORIENTED_EDGE('',*,*,#988,.F.);
#8513=ORIENTED_EDGE('',*,*,#990,.F.);
#8514=ORIENTED_EDGE('',*,*,#992,.F.);
#8515=CARTESIAN_POINT('',(1.625,4.25,1.625));
#8516=DIRECTION('',(1.0,0.0,0.0));
#8517=DIRECTION('',(0.0,1.0,0.0));
#8518=ORIENTED_EDGE('',*,*,#984,.T.);
#8519=ORIENTED_EDGE('',*,*,#994,.F.);
#8520=ORIENTED_EDGE('',*,*,#996,.F.);
#8521=ORIENTED_EDGE('',*,*,#998,.F.);
#8522=CARTESIAN_POINT('',(2.15,4.25,-0.175));
#8523=DIRECTION('',(0.0,0.0,-1.0));
#8524=DIRECTION('',(0.0,-1.0,0.0));
#8525=ORIENTED_EDGE('',*,*,#1000,.T.);
#8526=ORIENTED_EDGE('',*,*,#1002,.F.);
#8527=ORIENTED_EDGE('',*,*,#1004,.F.);
#8528=ORIENTED_EDGE('',*,*,#1006,.F.);
#8529=CARTESIAN_POINT('',(2.15,4.25,-0.175));
#8530=DIRECTION('',(0.0,0.0,-1.0));
#8531=DIRECTION('',(0.0,-1.0,0.0));
#8532=ORIENTED_EDGE('',*,*,#1008,.T.);
#8533=ORIENTED_EDGE('',*,*,#950,.F.);
#8534=ORIENTED_EDGE('',*,*,#974,.F.);
#8535=ORIENTED_EDGE('',*,*,#998,.T.);
#8536=CARTESIAN_POINT('',(1.8875,4.15,-0.225));
#8537=DIRECTION('',(0.0,0.447213595499998,0.894427190999896));
#8538=DIRECTION('',(1.0,-0.0,0.0));
#8539=ORIENTED_EDGE('',*,*,#1008,.F.);
#8540=ORIENTED_EDGE('',*,*,#1010,.T.);
#8541=ORIENTED_EDGE('',*,*,#1012,.T.);
#8542=ORIENTED_EDGE('',*,*,#952,.F.);
#8543=CARTESIAN_POINT('',(2.2,4.15,0.2));
#8544=DIRECTION('',(-0.894427190999896,0.447213595499998,0.0));
#8545=DIRECTION('',(0.0,0.0,1.0));
#8546=ORIENTED_EDGE('',*,*,#1012,.F.);
#8547=ORIENTED_EDGE('',*,*,#1014,.T.);
#8548=ORIENTED_EDGE('',*,*,#1016,.T.);
#8549=ORIENTED_EDGE('',*,*,#954,.F.);
#8550=CARTESIAN_POINT('',(1.8875,4.15,0.625));
#8551=DIRECTION('',(0.0,0.447213595499998,-0.894427190999896));
#8552=DIRECTION('',(-1.0,0.0,0.0));
#8553=ORIENTED_EDGE('',*,*,#1016,.F.);
#8554=ORIENTED_EDGE('',*,*,#992,.T.);
#8555=ORIENTED_EDGE('',*,*,#1018,.T.);
#8556=ORIENTED_EDGE('',*,*,#956,.F.);
#8557=CARTESIAN_POINT('',(1.675,4.15,1.1));
#8558=DIRECTION('',(-0.894427190999896,0.447213595499998,0.0));
#8559=DIRECTION('',(0.0,0.0,1.0));
#8560=ORIENTED_EDGE('',*,*,#1018,.F.);
#8561=ORIENTED_EDGE('',*,*,#1020,.T.);
#8562=ORIENTED_EDGE('',*,*,#1022,.T.);
#8563=ORIENTED_EDGE('',*,*,#958,.F.);
#8564=CARTESIAN_POINT('',(0.0,4.15,1.675));
#8565=DIRECTION('',(0.0,0.447213595499998,-0.894427190999896));
#8566=DIRECTION('',(-1.0,0.0,0.0));
#8567=ORIENTED_EDGE('',*,*,#1024,.T.);
#8568=ORIENTED_EDGE('',*,*,#960,.F.);
#8569=ORIENTED_EDGE('',*,*,#1022,.F.);
#8570=ORIENTED_EDGE('',*,*,#1026,.T.);
#8571=CARTESIAN_POINT('',(-1.675,4.15,1.1));
#8572=DIRECTION('',(0.894427190999896,0.447213595499998,0.0));
#8573=DIRECTION('',(0.0,0.0,-1.0));
#8574=ORIENTED_EDGE('',*,*,#1028,.T.);
#8575=ORIENTED_EDGE('',*,*,#1030,.F.);
#8576=ORIENTED_EDGE('',*,*,#1032,.F.);
#8577=ORIENTED_EDGE('',*,*,#1026,.F.);
#8578=CARTESIAN_POINT('',(-1.625,4.25,-0.575));
#8579=DIRECTION('',(-1.0,0.0,0.0));
#8580=DIRECTION('',(0.0,0.0,1.0));
#8581=ORIENTED_EDGE('',*,*,#1004,.T.);
#8582=ORIENTED_EDGE('',*,*,#1034,.F.);
#8583=ORIENTED_EDGE('',*,*,#1036,.F.);
#8584=ORIENTED_EDGE('',*,*,#1038,.F.);
#8585=CARTESIAN_POINT('',(-1.625,4.25,-0.575));
#8586=DIRECTION('',(-1.0,0.0,0.0));
#8587=DIRECTION('',(0.0,0.0,1.0));
#8588=ORIENTED_EDGE('',*,*,#1040,.T.);
#8589=ORIENTED_EDGE('',*,*,#1042,.F.);
#8590=ORIENTED_EDGE('',*,*,#986,.F.);
#8591=ORIENTED_EDGE('',*,*,#1014,.F.);
#8592=CARTESIAN_POINT('',(-2.15,4.25,0.575));
#8593=DIRECTION('',(0.0,0.0,1.0));
#8594=DIRECTION('',(1.0,0.0,0.0));
#8595=ORIENTED_EDGE('',*,*,#1032,.T.);
#8596=ORIENTED_EDGE('',*,*,#1044,.F.);
#8597=ORIENTED_EDGE('',*,*,#1046,.F.);
#8598=ORIENTED_EDGE('',*,*,#1048,.F.);
#8599=CARTESIAN_POINT('',(-2.15,4.25,0.575));
#8600=DIRECTION('',(0.0,0.0,1.0));
#8601=DIRECTION('',(1.0,0.0,0.0));
#8602=ORIENTED_EDGE('',*,*,#1050,.T.);
#8603=ORIENTED_EDGE('',*,*,#1034,.T.);
#8604=ORIENTED_EDGE('',*,*,#1002,.T.);
#8605=ORIENTED_EDGE('',*,*,#1052,.T.);
#8606=ORIENTED_EDGE('',*,*,#1044,.T.);
#8607=ORIENTED_EDGE('',*,*,#1030,.T.);
#8608=ORIENTED_EDGE('',*,*,#1054,.T.);
#8609=ORIENTED_EDGE('',*,*,#988,.T.);
#8610=ORIENTED_EDGE('',*,*,#1042,.T.);
#8611=ORIENTED_EDGE('',*,*,#1056,.T.);
#8612=ORIENTED_EDGE('',*,*,#994,.T.);
#8613=ORIENTED_EDGE('',*,*,#982,.T.);
#8614=ORIENTED_EDGE('',*,*,#1058,.F.);
#8615=ORIENTED_EDGE('',*,*,#730,.F.);
#8616=ORIENTED_EDGE('',*,*,#1060,.T.);
#8617=ORIENTED_EDGE('',*,*,#1062,.T.);
#8618=ORIENTED_EDGE('',*,*,#1064,.F.);
#8619=ORIENTED_EDGE('',*,*,#722,.F.);
#8620=ORIENTED_EDGE('',*,*,#1066,.T.);
#8621=ORIENTED_EDGE('',*,*,#1068,.T.);
#8622=ORIENTED_EDGE('',*,*,#1070,.F.);
#8623=ORIENTED_EDGE('',*,*,#1072,.T.);
#8624=ORIENTED_EDGE('',*,*,#1074,.T.);
#8625=ORIENTED_EDGE('',*,*,#1076,.F.);
#8626=ORIENTED_EDGE('',*,*,#1078,.F.);
#8627=ORIENTED_EDGE('',*,*,#1080,.T.);
#8628=ORIENTED_EDGE('',*,*,#1082,.T.);
#8629=ORIENTED_EDGE('',*,*,#1084,.F.);
#8630=ORIENTED_EDGE('',*,*,#1086,.F.);
#8631=ORIENTED_EDGE('',*,*,#1088,.T.);
#8632=ORIENTED_EDGE('',*,*,#1090,.T.);
#8633=ORIENTED_EDGE('',*,*,#802,.F.);
#8634=ORIENTED_EDGE('',*,*,#1092,.F.);
#8635=ORIENTED_EDGE('',*,*,#1094,.T.);
#8636=ORIENTED_EDGE('',*,*,#1096,.T.);
#8637=ORIENTED_EDGE('',*,*,#810,.F.);
#8638=CARTESIAN_POINT('',(0.0,1.2,0.0));
#8639=DIRECTION('',(-0.0,1.0,0.0));
#8640=DIRECTION('',(1.0,0.0,0.0));
#8641=ORIENTED_EDGE('',*,*,#996,.T.);
#8642=ORIENTED_EDGE('',*,*,#1056,.F.);
#8643=ORIENTED_EDGE('',*,*,#1040,.F.);
#8644=ORIENTED_EDGE('',*,*,#1010,.F.);
#8645=CARTESIAN_POINT('',(2.15,4.25,0.575));
#8646=DIRECTION('',(1.0,0.0,0.0));
#8647=DIRECTION('',(0.0,1.0,0.0));
#8648=ORIENTED_EDGE('',*,*,#990,.T.);
#8649=ORIENTED_EDGE('',*,*,#1054,.F.);
#8650=ORIENTED_EDGE('',*,*,#1028,.F.);
#8651=ORIENTED_EDGE('',*,*,#1020,.F.);
#8652=CARTESIAN_POINT('',(-1.625,4.25,1.625));
#8653=DIRECTION('',(0.0,0.0,1.0));
#8654=DIRECTION('',(1.0,0.0,0.0));
#8655=ORIENTED_EDGE('',*,*,#1046,.T.);
#8656=ORIENTED_EDGE('',*,*,#1052,.F.);
#8657=ORIENTED_EDGE('',*,*,#1000,.F.);
#8658=ORIENTED_EDGE('',*,*,#1098,.F.);
#8659=CARTESIAN_POINT('',(-2.15,4.25,-0.175));
#8660=DIRECTION('',(-1.0,0.0,0.0));
#8661=DIRECTION('',(0.0,0.0,1.0));
#8662=ORIENTED_EDGE('',*,*,#1100,.T.);
#8663=ORIENTED_EDGE('',*,*,#964,.F.);
#8664=ORIENTED_EDGE('',*,*,#1102,.F.);
#8665=ORIENTED_EDGE('',*,*,#1098,.T.);
#8666=CARTESIAN_POINT('',(-2.2,4.15,0.2));
#8667=DIRECTION('',(0.894427190999896,0.447213595499998,0.0));
#8668=DIRECTION('',(0.0,0.0,-1.0));
#8669=ORIENTED_EDGE('',*,*,#1102,.T.);
#8670=ORIENTED_EDGE('',*,*,#962,.F.);
#8671=ORIENTED_EDGE('',*,*,#1024,.F.);
#8672=ORIENTED_EDGE('',*,*,#1048,.T.);
#8673=CARTESIAN_POINT('',(-1.8875,4.15,0.625));
#8674=DIRECTION('',(0.0,0.447213595499998,-0.894427190999896));
#8675=DIRECTION('',(-1.0,0.0,0.0));
#8676=ORIENTED_EDGE('',*,*,#1100,.F.);
#8677=ORIENTED_EDGE('',*,*,#1006,.T.);
#8678=ORIENTED_EDGE('',*,*,#1104,.T.);
#8679=ORIENTED_EDGE('',*,*,#966,.F.);
#8680=CARTESIAN_POINT('',(-1.8875,4.15,-0.225));
#8681=DIRECTION('',(0.0,0.447213595499998,0.894427190999896));
#8682=DIRECTION('',(1.0,-0.0,0.0));
#8683=ORIENTED_EDGE('',*,*,#1106,.T.);
#8684=ORIENTED_EDGE('',*,*,#968,.F.);
#8685=ORIENTED_EDGE('',*,*,#1104,.F.);
#8686=ORIENTED_EDGE('',*,*,#1038,.T.);
#8687=CARTESIAN_POINT('',(-1.675,4.15,-0.375));
#8688=DIRECTION('',(0.894427190999896,0.447213595499998,0.0));
#8689=DIRECTION('',(0.0,0.0,-1.0));
#8690=ORIENTED_EDGE('',*,*,#976,.T.);
#8691=ORIENTED_EDGE('',*,*,#970,.F.);
#8692=ORIENTED_EDGE('',*,*,#1106,.F.);
#8693=ORIENTED_EDGE('',*,*,#1108,.T.);
#8694=CARTESIAN_POINT('',(0.0,4.15,-0.625));
#8695=DIRECTION('',(0.0,0.447213595499998,0.894427190999896));
#8696=DIRECTION('',(1.0,-0.0,0.0));
#8697=ORIENTED_EDGE('',*,*,#1036,.T.);
#8698=ORIENTED_EDGE('',*,*,#1050,.F.);
#8699=ORIENTED_EDGE('',*,*,#980,.F.);
#8700=ORIENTED_EDGE('',*,*,#1108,.F.);
#8701=CARTESIAN_POINT('',(1.625,4.25,-0.575));
#8702=DIRECTION('',(0.0,0.0,-1.0));
#8703=DIRECTION('',(0.0,-1.0,0.0));
#8704=ORIENTED_EDGE('',*,*,#770,.T.);
#8705=ORIENTED_EDGE('',*,*,#1110,.F.);
#8706=ORIENTED_EDGE('',*,*,#1112,.F.);
#8707=ORIENTED_EDGE('',*,*,#1062,.F.);
#8708=ORIENTED_EDGE('',*,*,#1114,.F.);
#8709=ORIENTED_EDGE('',*,*,#1116,.F.);
#8710=ORIENTED_EDGE('',*,*,#1118,.F.);
#8711=ORIENTED_EDGE('',*,*,#1068,.F.);
#8712=ORIENTED_EDGE('',*,*,#1120,.F.);
#8713=ORIENTED_EDGE('',*,*,#1122,.F.);
#8714=ORIENTED_EDGE('',*,*,#840,.T.);
#8715=ORIENTED_EDGE('',*,*,#1124,.F.);
#8716=CARTESIAN_POINT('',(-0.89,0.0,0.0));
#8717=DIRECTION('',(1.0,0.0,0.0));
#8718=DIRECTION('',(0.0,1.0,0.0));
#8719=ORIENTED_EDGE('',*,*,#838,.F.);
#8720=ORIENTED_EDGE('',*,*,#680,.F.);
#8721=ORIENTED_EDGE('',*,*,#772,.F.);
#8722=ORIENTED_EDGE('',*,*,#1124,.T.);
#8723=CARTESIAN_POINT('',(-0.79,0.1,0.625));
#8724=DIRECTION('',(-0.707106781186548,-0.707106781186548,0.0));
#8725=DIRECTION('',(-0.707106781186548,0.707106781186548,0.0));
#8726=ORIENTED_EDGE('',*,*,#1126,.T.);
#8727=ORIENTED_EDGE('',*,*,#1128,.T.);
#8728=ORIENTED_EDGE('',*,*,#1130,.F.);
#8729=ORIENTED_EDGE('',*,*,#842,.T.);
#8730=ORIENTED_EDGE('',*,*,#1122,.T.);
#8731=ORIENTED_EDGE('',*,*,#1132,.T.);
#8732=ORIENTED_EDGE('',*,*,#718,.F.);
#8733=ORIENTED_EDGE('',*,*,#836,.T.);
#8734=ORIENTED_EDGE('',*,*,#1134,.T.);
#8735=ORIENTED_EDGE('',*,*,#898,.T.);
#8736=ORIENTED_EDGE('',*,*,#1136,.F.);
#8737=ORIENTED_EDGE('',*,*,#858,.T.);
#8738=ORIENTED_EDGE('',*,*,#814,.T.);
#8739=ORIENTED_EDGE('',*,*,#1138,.T.);
#8740=ORIENTED_EDGE('',*,*,#1140,.F.);
#8741=ORIENTED_EDGE('',*,*,#852,.T.);
#8742=CARTESIAN_POINT('',(3.0,0.65,-0.925));
#8743=DIRECTION('',(-0.0,1.0,0.0));
#8744=DIRECTION('',(1.0,0.0,0.0));
#8745=ORIENTED_EDGE('',*,*,#854,.F.);
#8746=ORIENTED_EDGE('',*,*,#1140,.T.);
#8747=ORIENTED_EDGE('',*,*,#1142,.T.);
#8748=ORIENTED_EDGE('',*,*,#1094,.F.);
#8749=ORIENTED_EDGE('',*,*,#1144,.T.);
#8750=ORIENTED_EDGE('',*,*,#1146,.T.);
#8751=ORIENTED_EDGE('',*,*,#1148,.T.);
#8752=ORIENTED_EDGE('',*,*,#1088,.F.);
#8753=ORIENTED_EDGE('',*,*,#1150,.T.);
#8754=ORIENTED_EDGE('',*,*,#1152,.T.);
#8755=ORIENTED_EDGE('',*,*,#786,.F.);
#8756=ORIENTED_EDGE('',*,*,#1154,.F.);
#8757=CARTESIAN_POINT('',(0.89,0.0,0.0));
#8758=DIRECTION('',(1.0,0.0,0.0));
#8759=DIRECTION('',(0.0,1.0,0.0));
#8760=ORIENTED_EDGE('',*,*,#708,.F.);
#8761=ORIENTED_EDGE('',*,*,#856,.F.);
#8762=ORIENTED_EDGE('',*,*,#1154,.T.);
#8763=ORIENTED_EDGE('',*,*,#784,.F.);
#8764=CARTESIAN_POINT('',(0.79,0.1,0.625));
#8765=DIRECTION('',(0.707106781186548,-0.707106781186548,0.0));
#8766=DIRECTION('',(0.0,0.0,-1.0));
#8767=ORIENTED_EDGE('',*,*,#1152,.F.);
#8768=ORIENTED_EDGE('',*,*,#1156,.F.);
#8769=ORIENTED_EDGE('',*,*,#798,.T.);
#8770=ORIENTED_EDGE('',*,*,#788,.F.);
#8771=CARTESIAN_POINT('',(1.11,0.65,1.425));
#8772=DIRECTION('',(-0.0,1.0,0.0));
#8773=DIRECTION('',(1.0,0.0,0.0));
#8774=ORIENTED_EDGE('',*,*,#800,.T.);
#8775=ORIENTED_EDGE('',*,*,#1156,.T.);
#8776=ORIENTED_EDGE('',*,*,#1150,.F.);
#8777=ORIENTED_EDGE('',*,*,#1086,.T.);
#8778=CARTESIAN_POINT('',(1.11,1.2,1.425));
#8779=DIRECTION('',(0.0,0.0,1.0));
#8780=DIRECTION('',(1.0,0.0,0.0));
#8781=ORIENTED_EDGE('',*,*,#1148,.F.);
#8782=ORIENTED_EDGE('',*,*,#1158,.F.);
#8783=ORIENTED_EDGE('',*,*,#804,.T.);
#8784=ORIENTED_EDGE('',*,*,#1090,.F.);
#8785=CARTESIAN_POINT('',(1.11,0.65,1.025));
#8786=DIRECTION('',(0.0,0.0,-1.0));
#8787=DIRECTION('',(0.0,-1.0,0.0));
#8788=ORIENTED_EDGE('',*,*,#1158,.T.);
#8789=ORIENTED_EDGE('',*,*,#1146,.F.);
#8790=ORIENTED_EDGE('',*,*,#1160,.F.);
#8791=ORIENTED_EDGE('',*,*,#806,.T.);
#8792=CARTESIAN_POINT('',(1.11,0.65,0.225));
#8793=DIRECTION('',(-0.0,1.0,0.0));
#8794=DIRECTION('',(1.0,0.0,0.0));
#8795=ORIENTED_EDGE('',*,*,#808,.T.);
#8796=ORIENTED_EDGE('',*,*,#1160,.T.);
#8797=ORIENTED_EDGE('',*,*,#1144,.F.);
#8798=ORIENTED_EDGE('',*,*,#1092,.T.);
#8799=CARTESIAN_POINT('',(1.11,1.2,0.225));
#8800=DIRECTION('',(0.0,0.0,1.0));
#8801=DIRECTION('',(1.0,0.0,0.0));
#8802=ORIENTED_EDGE('',*,*,#1142,.F.);
#8803=ORIENTED_EDGE('',*,*,#1138,.F.);
#8804=ORIENTED_EDGE('',*,*,#812,.T.);
#8805=ORIENTED_EDGE('',*,*,#1096,.F.);
#8806=CARTESIAN_POINT('',(1.11,0.65,-0.225));
#8807=DIRECTION('',(0.0,0.0,-1.0));
#8808=DIRECTION('',(0.0,-1.0,0.0));
#8809=ORIENTED_EDGE('',*,*,#896,.F.);
#8810=ORIENTED_EDGE('',*,*,#1162,.T.);
#8811=ORIENTED_EDGE('',*,*,#1164,.T.);
#8812=ORIENTED_EDGE('',*,*,#1166,.T.);
#8813=ORIENTED_EDGE('',*,*,#1168,.T.);
#8814=ORIENTED_EDGE('',*,*,#1170,.T.);
#8815=ORIENTED_EDGE('',*,*,#1172,.T.);
#8816=ORIENTED_EDGE('',*,*,#942,.T.);
#8817=ORIENTED_EDGE('',*,*,#742,.F.);
#8818=ORIENTED_EDGE('',*,*,#1174,.T.);
#8819=ORIENTED_EDGE('',*,*,#1176,.T.);
#8820=ORIENTED_EDGE('',*,*,#688,.F.);
#8821=ORIENTED_EDGE('',*,*,#860,.F.);
#8822=ORIENTED_EDGE('',*,*,#1136,.T.);
#8823=CARTESIAN_POINT('',(2.025,0.0,0.0));
#8824=DIRECTION('',(1.0,0.0,0.0));
#8825=DIRECTION('',(0.0,1.0,0.0));
#8826=ORIENTED_EDGE('',*,*,#1176,.F.);
#8827=ORIENTED_EDGE('',*,*,#1178,.T.);
#8828=ORIENTED_EDGE('',*,*,#868,.T.);
#8829=ORIENTED_EDGE('',*,*,#690,.F.);
#8830=CARTESIAN_POINT('',(2.025,2.85,1.725));
#8831=DIRECTION('',(0.0,0.0,1.0));
#8832=DIRECTION('',(1.0,0.0,0.0));
#8833=ORIENTED_EDGE('',*,*,#1178,.F.);
#8834=ORIENTED_EDGE('',*,*,#1174,.F.);
#8835=ORIENTED_EDGE('',*,*,#740,.F.);
#8836=ORIENTED_EDGE('',*,*,#1180,.T.);
#8837=ORIENTED_EDGE('',*,*,#1182,.T.);
#8838=CARTESIAN_POINT('',(2.5,2.85,1.925));
#8839=DIRECTION('',(0.0,-1.0,0.0));
#8840=DIRECTION('',(0.0,0.0,-1.0));
#8841=ORIENTED_EDGE('',*,*,#1182,.F.);
#8842=ORIENTED_EDGE('',*,*,#1184,.F.);
#8843=ORIENTED_EDGE('',*,*,#1186,.T.);
#8844=ORIENTED_EDGE('',*,*,#870,.F.);
#8845=CARTESIAN_POINT('',(2.5,2.85,1.725));
#8846=DIRECTION('',(0.0,0.0,-1.0));
#8847=DIRECTION('',(0.0,-1.0,0.0));
#8848=ORIENTED_EDGE('',*,*,#1186,.F.);
#8849=ORIENTED_EDGE('',*,*,#1188,.T.);
#8850=ORIENTED_EDGE('',*,*,#1190,.T.);
#8851=ORIENTED_EDGE('',*,*,#872,.F.);
#8852=CARTESIAN_POINT('',(2.5,4.05,1.725));
#8853=DIRECTION('',(0.0,-1.0,0.0));
#8854=DIRECTION('',(0.0,0.0,-1.0));
#8855=ORIENTED_EDGE('',*,*,#1192,.F.);
#8856=ORIENTED_EDGE('',*,*,#944,.T.);
#8857=ORIENTED_EDGE('',*,*,#1172,.F.);
#8858=ORIENTED_EDGE('',*,*,#1194,.T.);
#8859=ORIENTED_EDGE('',*,*,#874,.T.);
#8860=ORIENTED_EDGE('',*,*,#1190,.F.);
#8861=CARTESIAN_POINT('',(2.5,4.05,0.775));
#8862=DIRECTION('',(0.0,0.0,-1.0));
#8863=DIRECTION('',(0.0,-1.0,0.0));
#8864=ORIENTED_EDGE('',*,*,#1196,.T.);
#8865=ORIENTED_EDGE('',*,*,#876,.T.);
#8866=ORIENTED_EDGE('',*,*,#1194,.F.);
#8867=ORIENTED_EDGE('',*,*,#1170,.F.);
#8868=CARTESIAN_POINT('',(2.025,0.95,-0.325));
#8869=DIRECTION('',(-0.0,1.0,0.0));
#8870=DIRECTION('',(1.0,0.0,0.0));
#8871=ORIENTED_EDGE('',*,*,#1198,.T.);
#8872=ORIENTED_EDGE('',*,*,#878,.T.);
#8873=ORIENTED_EDGE('',*,*,#1196,.F.);
#8874=ORIENTED_EDGE('',*,*,#1168,.F.);
#8875=CARTESIAN_POINT('',(2.025,2.95,-0.325));
#8876=DIRECTION('',(0.0,0.0,1.0));
#8877=DIRECTION('',(1.0,0.0,0.0));
#8878=ORIENTED_EDGE('',*,*,#1200,.T.);
#8879=ORIENTED_EDGE('',*,*,#880,.T.);
#8880=ORIENTED_EDGE('',*,*,#1198,.F.);
#8881=ORIENTED_EDGE('',*,*,#1166,.F.);
#8882=CARTESIAN_POINT('',(2.025,2.95,-0.675));
#8883=DIRECTION('',(-0.0,1.0,0.0));
#8884=DIRECTION('',(1.0,0.0,0.0));
#8885=ORIENTED_EDGE('',*,*,#1202,.T.);
#8886=ORIENTED_EDGE('',*,*,#882,.T.);
#8887=ORIENTED_EDGE('',*,*,#1200,.F.);
#8888=ORIENTED_EDGE('',*,*,#1164,.F.);
#8889=CARTESIAN_POINT('',(2.025,2.15,-0.675));
#8890=DIRECTION('',(0.0,0.0,-1.0));
#8891=DIRECTION('',(0.0,-1.0,0.0));
#8892=ORIENTED_EDGE('',*,*,#884,.T.);
#8893=ORIENTED_EDGE('',*,*,#1202,.F.);
#8894=ORIENTED_EDGE('',*,*,#1162,.F.);
#8895=ORIENTED_EDGE('',*,*,#894,.T.);
#8896=CARTESIAN_POINT('',(2.025,2.15,-0.925));
#8897=DIRECTION('',(-0.0,1.0,0.0));
#8898=DIRECTION('',(1.0,0.0,0.0));
#8899=ORIENTED_EDGE('',*,*,#890,.T.);
#8900=ORIENTED_EDGE('',*,*,#946,.F.);
#8901=ORIENTED_EDGE('',*,*,#1192,.T.);
#8902=ORIENTED_EDGE('',*,*,#1188,.F.);
#8903=ORIENTED_EDGE('',*,*,#1184,.T.);
#8904=ORIENTED_EDGE('',*,*,#1180,.F.);
#8905=ORIENTED_EDGE('',*,*,#738,.F.);
#8906=ORIENTED_EDGE('',*,*,#696,.T.);
#8907=ORIENTED_EDGE('',*,*,#1204,.T.);
#8908=ORIENTED_EDGE('',*,*,#1206,.F.);
#8909=ORIENTED_EDGE('',*,*,#820,.F.);
#8910=ORIENTED_EDGE('',*,*,#1208,.F.);
#8911=CARTESIAN_POINT('',(2.5,0.0,1.975));
#8912=DIRECTION('',(1.0,0.0,0.0));
#8913=DIRECTION('',(0.0,1.0,0.0));
#8914=ORIENTED_EDGE('',*,*,#1208,.T.);
#8915=ORIENTED_EDGE('',*,*,#818,.T.);
#8916=ORIENTED_EDGE('',*,*,#862,.F.);
#8917=ORIENTED_EDGE('',*,*,#892,.F.);
#8918=CARTESIAN_POINT('',(2.5,1.0,-0.925));
#8919=DIRECTION('',(-0.0,1.0,0.0));
#8920=DIRECTION('',(1.0,0.0,0.0));
#8921=ORIENTED_EDGE('',*,*,#822,.F.);
#8922=ORIENTED_EDGE('',*,*,#1206,.T.);
#8923=ORIENTED_EDGE('',*,*,#1210,.T.);
#8924=ORIENTED_EDGE('',*,*,#864,.F.);
#8925=CARTESIAN_POINT('',(2.5,0.25,-0.675));
#8926=DIRECTION('',(-0.0,1.0,0.0));
#8927=DIRECTION('',(1.0,0.0,0.0));
#8928=ORIENTED_EDGE('',*,*,#1210,.F.);
#8929=ORIENTED_EDGE('',*,*,#1204,.F.);
#8930=ORIENTED_EDGE('',*,*,#694,.T.);
#8931=ORIENTED_EDGE('',*,*,#866,.F.);
#8932=CARTESIAN_POINT('',(2.5,0.25,0.675));
#8933=DIRECTION('',(0.0,0.0,1.0));
#8934=DIRECTION('',(1.0,0.0,0.0));
#8935=ORIENTED_EDGE('',*,*,#762,.T.);
#8936=ORIENTED_EDGE('',*,*,#928,.F.);
#8937=ORIENTED_EDGE('',*,*,#1212,.T.);
#8938=ORIENTED_EDGE('',*,*,#1214,.F.);
#8939=ORIENTED_EDGE('',*,*,#1216,.F.);
#8940=ORIENTED_EDGE('',*,*,#1218,.F.);
#8941=ORIENTED_EDGE('',*,*,#1220,.F.);
#8942=ORIENTED_EDGE('',*,*,#1222,.F.);
#8943=ORIENTED_EDGE('',*,*,#900,.F.);
#8944=ORIENTED_EDGE('',*,*,#1134,.F.);
#8945=ORIENTED_EDGE('',*,*,#834,.F.);
#8946=ORIENTED_EDGE('',*,*,#672,.F.);
#8947=ORIENTED_EDGE('',*,*,#1224,.F.);
#8948=ORIENTED_EDGE('',*,*,#1226,.F.);
#8949=CARTESIAN_POINT('',(-2.025,0.0,0.0));
#8950=DIRECTION('',(1.0,0.0,0.0));
#8951=DIRECTION('',(0.0,1.0,0.0));
#8952=ORIENTED_EDGE('',*,*,#1228,.F.);
#8953=ORIENTED_EDGE('',*,*,#764,.T.);
#8954=ORIENTED_EDGE('',*,*,#1226,.T.);
#8955=ORIENTED_EDGE('',*,*,#1230,.T.);
#8956=ORIENTED_EDGE('',*,*,#1232,.F.);
#8957=CARTESIAN_POINT('',(-2.5,2.85,1.925));
#8958=DIRECTION('',(-0.0,1.0,0.0));
#8959=DIRECTION('',(1.0,0.0,0.0));
#8960=ORIENTED_EDGE('',*,*,#1234,.F.);
#8961=ORIENTED_EDGE('',*,*,#1236,.T.);
#8962=ORIENTED_EDGE('',*,*,#1232,.T.);
#8963=ORIENTED_EDGE('',*,*,#1238,.T.);
#8964=CARTESIAN_POINT('',(-2.5,2.85,1.725));
#8965=DIRECTION('',(0.0,0.0,1.0));
#8966=DIRECTION('',(1.0,0.0,0.0));
#8967=ORIENTED_EDGE('',*,*,#1240,.T.);
#8968=ORIENTED_EDGE('',*,*,#1242,.T.);
#8969=ORIENTED_EDGE('',*,*,#1244,.T.);
#8970=ORIENTED_EDGE('',*,*,#1246,.T.);
#8971=ORIENTED_EDGE('',*,*,#1248,.T.);
#8972=ORIENTED_EDGE('',*,*,#1250,.T.);
#8973=ORIENTED_EDGE('',*,*,#1252,.F.);
#8974=ORIENTED_EDGE('',*,*,#1238,.F.);
#8975=ORIENTED_EDGE('',*,*,#1254,.T.);
#8976=ORIENTED_EDGE('',*,*,#668,.T.);
#8977=ORIENTED_EDGE('',*,*,#1256,.F.);
#8978=ORIENTED_EDGE('',*,*,#1258,.F.);
#8979=ORIENTED_EDGE('',*,*,#832,.F.);
#8980=ORIENTED_EDGE('',*,*,#1260,.F.);
#8981=ORIENTED_EDGE('',*,*,#904,.T.);
#8982=CARTESIAN_POINT('',(-2.225,0.0,0.0));
#8983=DIRECTION('',(1.0,0.0,0.0));
#8984=DIRECTION('',(0.0,1.0,0.0));
#8985=ORIENTED_EDGE('',*,*,#830,.F.);
#8986=ORIENTED_EDGE('',*,*,#1262,.F.);
#8987=ORIENTED_EDGE('',*,*,#906,.T.);
#8988=ORIENTED_EDGE('',*,*,#1260,.T.);
#8989=CARTESIAN_POINT('',(-2.5,1.0,-0.925));
#8990=DIRECTION('',(0.0,-1.0,0.0));
#8991=DIRECTION('',(0.0,0.0,-1.0));
#8992=ORIENTED_EDGE('',*,*,#828,.T.);
#8993=ORIENTED_EDGE('',*,*,#1264,.T.);
#8994=ORIENTED_EDGE('',*,*,#1266,.F.);
#8995=ORIENTED_EDGE('',*,*,#664,.T.);
#8996=ORIENTED_EDGE('',*,*,#766,.T.);
#8997=ORIENTED_EDGE('',*,*,#1228,.T.);
#8998=ORIENTED_EDGE('',*,*,#1236,.F.);
#8999=ORIENTED_EDGE('',*,*,#1268,.T.);
#9000=ORIENTED_EDGE('',*,*,#1270,.F.);
#9001=ORIENTED_EDGE('',*,*,#924,.F.);
#9002=ORIENTED_EDGE('',*,*,#908,.F.);
#9003=ORIENTED_EDGE('',*,*,#1262,.T.);
#9004=CARTESIAN_POINT('',(-2.5,0.0,-0.925));
#9005=DIRECTION('',(-1.0,0.0,0.0));
#9006=DIRECTION('',(0.0,0.0,1.0));
#9007=ORIENTED_EDGE('',*,*,#926,.F.);
#9008=ORIENTED_EDGE('',*,*,#1270,.T.);
#9009=ORIENTED_EDGE('',*,*,#1272,.T.);
#9010=ORIENTED_EDGE('',*,*,#1250,.F.);
#9011=ORIENTED_EDGE('',*,*,#1274,.F.);
#9012=ORIENTED_EDGE('',*,*,#1212,.F.);
#9013=CARTESIAN_POINT('',(-2.5,4.05,0.775));
#9014=DIRECTION('',(0.0,0.0,1.0));
#9015=DIRECTION('',(1.0,0.0,0.0));
#9016=ORIENTED_EDGE('',*,*,#1274,.T.);
#9017=ORIENTED_EDGE('',*,*,#1248,.F.);
#9018=ORIENTED_EDGE('',*,*,#1276,.F.);
#9019=ORIENTED_EDGE('',*,*,#1214,.T.);
#9020=CARTESIAN_POINT('',(-2.025,0.95,-0.325));
#9021=DIRECTION('',(0.0,-1.0,0.0));
#9022=DIRECTION('',(0.0,0.0,-1.0));
#9023=ORIENTED_EDGE('',*,*,#1276,.T.);
#9024=ORIENTED_EDGE('',*,*,#1246,.F.);
#9025=ORIENTED_EDGE('',*,*,#1278,.F.);
#9026=ORIENTED_EDGE('',*,*,#1216,.T.);
#9027=CARTESIAN_POINT('',(-2.025,2.95,-0.325));
#9028=DIRECTION('',(0.0,0.0,-1.0));
#9029=DIRECTION('',(0.0,-1.0,0.0));
#9030=ORIENTED_EDGE('',*,*,#1278,.T.);
#9031=ORIENTED_EDGE('',*,*,#1244,.F.);
#9032=ORIENTED_EDGE('',*,*,#1280,.F.);
#9033=ORIENTED_EDGE('',*,*,#1218,.T.);
#9034=CARTESIAN_POINT('',(-2.025,2.95,-0.675));
#9035=DIRECTION('',(0.0,-1.0,0.0));
#9036=DIRECTION('',(0.0,0.0,-1.0));
#9037=ORIENTED_EDGE('',*,*,#1280,.T.);
#9038=ORIENTED_EDGE('',*,*,#1242,.F.);
#9039=ORIENTED_EDGE('',*,*,#1282,.F.);
#9040=ORIENTED_EDGE('',*,*,#1220,.T.);
#9041=CARTESIAN_POINT('',(-2.025,2.15,-0.675));
#9042=DIRECTION('',(0.0,0.0,1.0));
#9043=DIRECTION('',(1.0,0.0,0.0));
#9044=ORIENTED_EDGE('',*,*,#1222,.T.);
#9045=ORIENTED_EDGE('',*,*,#1282,.T.);
#9046=ORIENTED_EDGE('',*,*,#1240,.F.);
#9047=ORIENTED_EDGE('',*,*,#902,.F.);
#9048=CARTESIAN_POINT('',(-2.025,2.15,-0.925));
#9049=DIRECTION('',(0.0,-1.0,0.0));
#9050=DIRECTION('',(0.0,0.0,-1.0));
#9051=ORIENTED_EDGE('',*,*,#1272,.F.);
#9052=ORIENTED_EDGE('',*,*,#1268,.F.);
#9053=ORIENTED_EDGE('',*,*,#1234,.T.);
#9054=ORIENTED_EDGE('',*,*,#1252,.T.);
#9055=CARTESIAN_POINT('',(-2.5,4.05,1.725));
#9056=DIRECTION('',(-0.0,1.0,0.0));
#9057=DIRECTION('',(1.0,0.0,0.0));
#9058=ORIENTED_EDGE('',*,*,#666,.F.);
#9059=ORIENTED_EDGE('',*,*,#1266,.T.);
#9060=ORIENTED_EDGE('',*,*,#1284,.T.);
#9061=ORIENTED_EDGE('',*,*,#1256,.T.);
#9062=CARTESIAN_POINT('',(-2.5,0.25,0.675));
#9063=DIRECTION('',(0.0,0.0,-1.0));
#9064=DIRECTION('',(0.0,-1.0,0.0));
#9065=ORIENTED_EDGE('',*,*,#1284,.F.);
#9066=ORIENTED_EDGE('',*,*,#1264,.F.);
#9067=ORIENTED_EDGE('',*,*,#826,.T.);
#9068=ORIENTED_EDGE('',*,*,#1258,.T.);
#9069=CARTESIAN_POINT('',(-2.5,0.25,-0.675));
#9070=DIRECTION('',(0.0,-1.0,0.0));
#9071=DIRECTION('',(0.0,0.0,-1.0));
#9072=ORIENTED_EDGE('',*,*,#1254,.F.);
#9073=ORIENTED_EDGE('',*,*,#1230,.F.);
#9074=ORIENTED_EDGE('',*,*,#1224,.T.);
#9075=ORIENTED_EDGE('',*,*,#670,.T.);
#9076=CARTESIAN_POINT('',(-2.025,2.85,1.725));
#9077=DIRECTION('',(0.0,0.0,-1.0));
#9078=DIRECTION('',(0.0,-1.0,0.0));
#9079=ORIENTED_EDGE('',*,*,#720,.F.);
#9080=ORIENTED_EDGE('',*,*,#1132,.F.);
#9081=ORIENTED_EDGE('',*,*,#1120,.T.);
#9082=ORIENTED_EDGE('',*,*,#1066,.F.);
#9083=CARTESIAN_POINT('',(-0.89,0.65,-0.225));
#9084=DIRECTION('',(0.0,0.0,-1.0));
#9085=DIRECTION('',(0.0,-1.0,0.0));
#9086=ORIENTED_EDGE('',*,*,#844,.F.);
#9087=ORIENTED_EDGE('',*,*,#1130,.T.);
#9088=ORIENTED_EDGE('',*,*,#1286,.T.);
#9089=ORIENTED_EDGE('',*,*,#1080,.F.);
#9090=ORIENTED_EDGE('',*,*,#1288,.T.);
#9091=ORIENTED_EDGE('',*,*,#1290,.T.);
#9092=ORIENTED_EDGE('',*,*,#1292,.T.);
#9093=ORIENTED_EDGE('',*,*,#1072,.F.);
#9094=ORIENTED_EDGE('',*,*,#1294,.T.);
#9095=ORIENTED_EDGE('',*,*,#1296,.T.);
#9096=ORIENTED_EDGE('',*,*,#776,.F.);
#9097=ORIENTED_EDGE('',*,*,#1298,.F.);
#9098=CARTESIAN_POINT('',(-0.11,0.0,0.0));
#9099=DIRECTION('',(1.0,0.0,0.0));
#9100=DIRECTION('',(0.0,1.0,0.0));
#9101=ORIENTED_EDGE('',*,*,#684,.F.);
#9102=ORIENTED_EDGE('',*,*,#846,.F.);
#9103=ORIENTED_EDGE('',*,*,#1298,.T.);
#9104=ORIENTED_EDGE('',*,*,#774,.F.);
#9105=CARTESIAN_POINT('',(-0.21,0.1,0.625));
#9106=DIRECTION('',(0.707106781186548,-0.707106781186548,0.0));
#9107=DIRECTION('',(0.0,0.0,-1.0));
#9108=ORIENTED_EDGE('',*,*,#1296,.F.);
#9109=ORIENTED_EDGE('',*,*,#1300,.F.);
#9110=ORIENTED_EDGE('',*,*,#1302,.T.);
#9111=ORIENTED_EDGE('',*,*,#778,.F.);
#9112=CARTESIAN_POINT('',(0.11,0.65,1.425));
#9113=DIRECTION('',(-0.0,1.0,0.0));
#9114=DIRECTION('',(1.0,0.0,0.0));
#9115=ORIENTED_EDGE('',*,*,#780,.T.);
#9116=ORIENTED_EDGE('',*,*,#1302,.F.);
#9117=ORIENTED_EDGE('',*,*,#1304,.F.);
#9118=ORIENTED_EDGE('',*,*,#1076,.T.);
#9119=ORIENTED_EDGE('',*,*,#1306,.F.);
#9120=ORIENTED_EDGE('',*,*,#1308,.F.);
#9121=ORIENTED_EDGE('',*,*,#1310,.F.);
#9122=ORIENTED_EDGE('',*,*,#1084,.T.);
#9123=ORIENTED_EDGE('',*,*,#1312,.F.);
#9124=ORIENTED_EDGE('',*,*,#1126,.F.);
#9125=ORIENTED_EDGE('',*,*,#850,.T.);
#9126=ORIENTED_EDGE('',*,*,#1314,.F.);
#9127=CARTESIAN_POINT('',(0.11,0.0,0.0));
#9128=DIRECTION('',(1.0,0.0,0.0));
#9129=DIRECTION('',(0.0,1.0,0.0));
#9130=ORIENTED_EDGE('',*,*,#848,.F.);
#9131=ORIENTED_EDGE('',*,*,#704,.F.);
#9132=ORIENTED_EDGE('',*,*,#782,.F.);
#9133=ORIENTED_EDGE('',*,*,#1314,.T.);
#9134=CARTESIAN_POINT('',(0.21,0.1,0.625));
#9135=DIRECTION('',(-0.707106781186548,-0.707106781186548,0.0));
#9136=DIRECTION('',(-0.707106781186548,0.707106781186548,0.0));
#9137=ORIENTED_EDGE('',*,*,#1286,.F.);
#9138=ORIENTED_EDGE('',*,*,#1128,.F.);
#9139=ORIENTED_EDGE('',*,*,#1312,.T.);
#9140=ORIENTED_EDGE('',*,*,#1082,.F.);
#9141=CARTESIAN_POINT('',(0.11,0.65,-0.225));
#9142=DIRECTION('',(0.0,0.0,-1.0));
#9143=DIRECTION('',(0.0,-1.0,0.0));
#9144=ORIENTED_EDGE('',*,*,#1310,.T.);
#9145=ORIENTED_EDGE('',*,*,#1316,.T.);
#9146=ORIENTED_EDGE('',*,*,#1288,.F.);
#9147=ORIENTED_EDGE('',*,*,#1078,.T.);
#9148=CARTESIAN_POINT('',(0.11,1.2,0.225));
#9149=DIRECTION('',(0.0,0.0,1.0));
#9150=DIRECTION('',(1.0,0.0,0.0));
#9151=ORIENTED_EDGE('',*,*,#1318,.T.);
#9152=ORIENTED_EDGE('',*,*,#1290,.F.);
#9153=ORIENTED_EDGE('',*,*,#1316,.F.);
#9154=ORIENTED_EDGE('',*,*,#1308,.T.);
#9155=CARTESIAN_POINT('',(0.11,0.65,0.225));
#9156=DIRECTION('',(-0.0,1.0,0.0));
#9157=DIRECTION('',(1.0,0.0,0.0));
#9158=ORIENTED_EDGE('',*,*,#1292,.F.);
#9159=ORIENTED_EDGE('',*,*,#1318,.F.);
#9160=ORIENTED_EDGE('',*,*,#1306,.T.);
#9161=ORIENTED_EDGE('',*,*,#1074,.F.);
#9162=CARTESIAN_POINT('',(0.11,0.65,1.025));
#9163=DIRECTION('',(0.0,0.0,-1.0));
#9164=DIRECTION('',(0.0,-1.0,0.0));
#9165=ORIENTED_EDGE('',*,*,#1304,.T.);
#9166=ORIENTED_EDGE('',*,*,#1300,.T.);
#9167=ORIENTED_EDGE('',*,*,#1294,.F.);
#9168=ORIENTED_EDGE('',*,*,#1070,.T.);
#9169=CARTESIAN_POINT('',(0.11,1.2,1.425));
#9170=DIRECTION('',(0.0,0.0,1.0));
#9171=DIRECTION('',(1.0,0.0,0.0));
#9172=ORIENTED_EDGE('',*,*,#1118,.T.);
#9173=ORIENTED_EDGE('',*,*,#1320,.T.);
#9174=ORIENTED_EDGE('',*,*,#724,.F.);
#9175=ORIENTED_EDGE('',*,*,#1064,.T.);
#9176=CARTESIAN_POINT('',(-0.89,1.2,0.225));
#9177=DIRECTION('',(0.0,0.0,1.0));
#9178=DIRECTION('',(1.0,0.0,0.0));
#9179=ORIENTED_EDGE('',*,*,#1322,.T.);
#9180=ORIENTED_EDGE('',*,*,#726,.F.);
#9181=ORIENTED_EDGE('',*,*,#1320,.F.);
#9182=ORIENTED_EDGE('',*,*,#1116,.T.);
#9183=CARTESIAN_POINT('',(-0.89,0.65,0.225));
#9184=DIRECTION('',(-0.0,1.0,0.0));
#9185=DIRECTION('',(1.0,0.0,0.0));
#9186=ORIENTED_EDGE('',*,*,#728,.F.);
#9187=ORIENTED_EDGE('',*,*,#1322,.F.);
#9188=ORIENTED_EDGE('',*,*,#1114,.T.);
#9189=ORIENTED_EDGE('',*,*,#1060,.F.);
#9190=CARTESIAN_POINT('',(-0.89,0.65,1.025));
#9191=DIRECTION('',(0.0,0.0,-1.0));
#9192=DIRECTION('',(0.0,-1.0,0.0));
#9193=ORIENTED_EDGE('',*,*,#1112,.T.);
#9194=ORIENTED_EDGE('',*,*,#1324,.T.);
#9195=ORIENTED_EDGE('',*,*,#732,.F.);
#9196=ORIENTED_EDGE('',*,*,#1058,.T.);
#9197=CARTESIAN_POINT('',(-0.89,1.2,1.425));
#9198=DIRECTION('',(0.0,0.0,1.0));
#9199=DIRECTION('',(1.0,0.0,0.0));
#9200=ORIENTED_EDGE('',*,*,#768,.F.);
#9201=ORIENTED_EDGE('',*,*,#734,.F.);
#9202=ORIENTED_EDGE('',*,*,#1324,.F.);
#9203=ORIENTED_EDGE('',*,*,#1110,.T.);
#9204=CARTESIAN_POINT('',(-0.89,0.65,1.425));
#9205=DIRECTION('',(-0.0,1.0,0.0));
#9206=DIRECTION('',(1.0,0.0,0.0));
#9207=ORIENTED_EDGE('',*,*,#918,.T.);
#9208=ORIENTED_EDGE('',*,*,#1326,.T.);
#9209=ORIENTED_EDGE('',*,*,#948,.T.);
#9210=CARTESIAN_POINT('',(0.0,0.0,-0.875));
#9211=DIRECTION('',(0.0,0.0,-1.0));
#9212=DIRECTION('',(0.0,-1.0,0.0));
#9213=ORIENTED_EDGE('',*,*,#1326,.F.);
#9214=ORIENTED_EDGE('',*,*,#916,.F.);
#9215=ORIENTED_EDGE('',*,*,#912,.T.);
#9216=ORIENTED_EDGE('',*,*,#922,.T.);
#9217=CARTESIAN_POINT('',(-2.0,3.75,-0.925));
#9218=DIRECTION('',(-0.866025403784429,-0.500000000000017,0.0));
#9219=DIRECTION('',(-0.500000000000017,0.866025403784429,0.0));
#9220=ORIENTED_EDGE('',*,*,#1328,.T.);
#9221=ORIENTED_EDGE('',*,*,#1330,.T.);
#9222=ORIENTED_EDGE('',*,*,#746,.F.);
#9223=ORIENTED_EDGE('',*,*,#940,.F.);
#9224=CARTESIAN_POINT('',(1.6,4.25,1.975));
#9225=DIRECTION('',(-1.0,0.0,0.0));
#9226=DIRECTION('',(0.0,0.0,1.0));
#9227=ORIENTED_EDGE('',*,*,#1332,.T.);
#9228=ORIENTED_EDGE('',*,*,#748,.F.);
#9229=ORIENTED_EDGE('',*,*,#1330,.F.);
#9230=ORIENTED_EDGE('',*,*,#1334,.T.);
#9231=CARTESIAN_POINT('',(1.6,1.1,1.975));
#9232=DIRECTION('',(-0.0,1.0,0.0));
#9233=DIRECTION('',(1.0,0.0,0.0));
#9234=ORIENTED_EDGE('',*,*,#938,.F.);
#9235=ORIENTED_EDGE('',*,*,#1336,.T.);
#9236=ORIENTED_EDGE('',*,*,#1334,.F.);
#9237=ORIENTED_EDGE('',*,*,#1328,.F.);
#9238=CARTESIAN_POINT('',(-2.5,0.0,1.975));
#9239=DIRECTION('',(0.0,0.0,1.0));
#9240=DIRECTION('',(1.0,0.0,0.0));
#9241=ORIENTED_EDGE('',*,*,#932,.F.);
#9242=ORIENTED_EDGE('',*,*,#1338,.T.);
#9243=ORIENTED_EDGE('',*,*,#1340,.F.);
#9244=ORIENTED_EDGE('',*,*,#1342,.F.);
#9245=CARTESIAN_POINT('',(-2.5,0.0,1.975));
#9246=DIRECTION('',(0.0,0.0,1.0));
#9247=DIRECTION('',(1.0,0.0,0.0));
#9248=ORIENTED_EDGE('',*,*,#750,.F.);
#9249=ORIENTED_EDGE('',*,*,#1332,.F.);
#9250=ORIENTED_EDGE('',*,*,#1336,.F.);
#9251=ORIENTED_EDGE('',*,*,#936,.T.);
#9252=CARTESIAN_POINT('',(0.5,1.1,1.975));
#9253=DIRECTION('',(1.0,0.0,0.0));
#9254=DIRECTION('',(0.0,1.0,0.0));
#9255=ORIENTED_EDGE('',*,*,#1342,.T.);
#9256=ORIENTED_EDGE('',*,*,#1344,.T.);
#9257=ORIENTED_EDGE('',*,*,#754,.F.);
#9258=ORIENTED_EDGE('',*,*,#934,.F.);
#9259=CARTESIAN_POINT('',(-0.5,4.25,1.975));
#9260=DIRECTION('',(-1.0,0.0,0.0));
#9261=DIRECTION('',(0.0,0.0,1.0));
#9262=ORIENTED_EDGE('',*,*,#1346,.T.);
#9263=ORIENTED_EDGE('',*,*,#756,.F.);
#9264=ORIENTED_EDGE('',*,*,#1344,.F.);
#9265=ORIENTED_EDGE('',*,*,#1340,.T.);
#9266=CARTESIAN_POINT('',(-0.5,1.1,1.975));
#9267=DIRECTION('',(-0.0,1.0,0.0));
#9268=DIRECTION('',(1.0,0.0,0.0));
#9269=ORIENTED_EDGE('',*,*,#758,.F.);
#9270=ORIENTED_EDGE('',*,*,#1346,.F.);
#9271=ORIENTED_EDGE('',*,*,#1338,.F.);
#9272=ORIENTED_EDGE('',*,*,#930,.T.);
#9273=CARTESIAN_POINT('',(-1.6,1.1,1.975));
#9274=DIRECTION('',(1.0,0.0,0.0));
#9275=DIRECTION('',(0.0,1.0,0.0));
#9276=FILL_AREA_STYLE_COLOUR('',#10149);
#9277=ORIENTED_EDGE('',*,*,#1350,.F.);
#9278=ORIENTED_EDGE('',*,*,#1352,.F.);
#9279=ORIENTED_EDGE('',*,*,#1354,.F.);
#9280=ORIENTED_EDGE('',*,*,#1356,.F.);
#9281=ORIENTED_EDGE('',*,*,#1358,.F.);
#9282=ORIENTED_EDGE('',*,*,#1360,.F.);
#9283=ORIENTED_EDGE('',*,*,#1362,.F.);
#9284=ORIENTED_EDGE('',*,*,#1364,.T.);
#9285=ORIENTED_EDGE('',*,*,#1366,.F.);
#9286=ORIENTED_EDGE('',*,*,#1368,.T.);
#9287=ORIENTED_EDGE('',*,*,#1370,.F.);
#9288=ORIENTED_EDGE('',*,*,#1372,.F.);
#9289=ORIENTED_EDGE('',*,*,#1374,.F.);
#9290=ORIENTED_EDGE('',*,*,#1376,.F.);
#9291=ORIENTED_EDGE('',*,*,#1378,.F.);
#9292=ORIENTED_EDGE('',*,*,#1380,.F.);
#9293=ORIENTED_EDGE('',*,*,#1382,.F.);
#9294=ORIENTED_EDGE('',*,*,#1384,.F.);
#9295=ORIENTED_EDGE('',*,*,#1386,.T.);
#9296=CARTESIAN_POINT('',(-0.9,-0.1,0.0));
#9297=DIRECTION('',(-1.0,0.0,0.0));
#9298=DIRECTION('',(0.0,0.0,1.0));
#9299=ORIENTED_EDGE('',*,*,#1388,.F.);
#9300=ORIENTED_EDGE('',*,*,#1390,.F.);
#9301=ORIENTED_EDGE('',*,*,#1392,.T.);
#9302=ORIENTED_EDGE('',*,*,#1386,.F.);
#9303=CARTESIAN_POINT('',(-1.0,0.15,2.675));
#9304=DIRECTION('',(-0.0,0.707106781186548,0.707106781186548));
#9305=DIRECTION('',(1.0,0.0,0.0));
#9306=ORIENTED_EDGE('',*,*,#1394,.F.);
#9307=ORIENTED_EDGE('',*,*,#1396,.F.);
#9308=ORIENTED_EDGE('',*,*,#1350,.T.);
#9309=ORIENTED_EDGE('',*,*,#1392,.F.);
#9310=CARTESIAN_POINT('',(-0.9,-0.1,2.725));
#9311=DIRECTION('',(0.0,-0.0,1.0));
#9312=DIRECTION('',(0.0,1.0,0.0));
#9313=ORIENTED_EDGE('',*,*,#1396,.T.);
#9314=ORIENTED_EDGE('',*,*,#1398,.F.);
#9315=ORIENTED_EDGE('',*,*,#1400,.F.);
#9316=ORIENTED_EDGE('',*,*,#1352,.T.);
#9317=CARTESIAN_POINT('',(-0.9,-0.1,1.925));
#9318=DIRECTION('',(0.0,-1.0,0.0));
#9319=DIRECTION('',(1.0,0.0,0.0));
#9320=ORIENTED_EDGE('',*,*,#1400,.T.);
#9321=ORIENTED_EDGE('',*,*,#1402,.F.);
#9322=ORIENTED_EDGE('',*,*,#1404,.F.);
#9323=ORIENTED_EDGE('',*,*,#1354,.T.);
#9324=CARTESIAN_POINT('',(-0.9,0.15,1.725));
#9325=DIRECTION('',(0.0,-0.624695047554424,-0.78086880944303));
#9326=DIRECTION('',(0.0,0.78086880944303,-0.624695047554424));
#9327=ORIENTED_EDGE('',*,*,#1404,.T.);
#9328=ORIENTED_EDGE('',*,*,#1406,.F.);
#9329=ORIENTED_EDGE('',*,*,#1408,.F.);
#9330=ORIENTED_EDGE('',*,*,#1356,.T.);
#9331=CARTESIAN_POINT('',(-0.9,0.15,-0.375));
#9332=DIRECTION('',(0.0,-1.0,0.0));
#9333=DIRECTION('',(1.0,0.0,0.0));
#9334=ORIENTED_EDGE('',*,*,#1408,.T.);
#9335=ORIENTED_EDGE('',*,*,#1410,.F.);
#9336=ORIENTED_EDGE('',*,*,#1412,.F.);
#9337=ORIENTED_EDGE('',*,*,#1358,.T.);
#9338=CARTESIAN_POINT('',(-0.9,0.65,-0.375));
#9339=DIRECTION('',(0.0,0.0,-1.0));
#9340=DIRECTION('',(-1.0,0.0,0.0));
#9341=ORIENTED_EDGE('',*,*,#1412,.T.);
#9342=ORIENTED_EDGE('',*,*,#1414,.F.);
#9343=ORIENTED_EDGE('',*,*,#1416,.F.);
#9344=ORIENTED_EDGE('',*,*,#1360,.T.);
#9345=CARTESIAN_POINT('',(-0.9,0.65,-0.225));
#9346=DIRECTION('',(0.0,1.0,0.0));
#9347=DIRECTION('',(0.0,0.0,1.0));
#9348=ORIENTED_EDGE('',*,*,#1362,.T.);
#9349=ORIENTED_EDGE('',*,*,#1416,.T.);
#9350=ORIENTED_EDGE('',*,*,#1418,.F.);
#9351=ORIENTED_EDGE('',*,*,#1420,.T.);
#9352=CARTESIAN_POINT('',(-0.9,3.0,-0.19));
#9353=DIRECTION('',(0.0,0.0148919654462502,-0.999889108534115));
#9354=DIRECTION('',(-1.0,0.0,0.0));
#9355=ORIENTED_EDGE('',*,*,#1420,.F.);
#9356=ORIENTED_EDGE('',*,*,#1422,.F.);
#9357=ORIENTED_EDGE('',*,*,#1424,.T.);
#9358=ORIENTED_EDGE('',*,*,#1364,.F.);
#9359=CARTESIAN_POINT('',(-1.0,2.950744598272,-0.1414727267524));
#9360=DIRECTION('',(0.0,0.712352428733938,-0.701821927041938));
#9361=DIRECTION('',(-1.0,0.0,0.0));
#9362=ORIENTED_EDGE('',*,*,#1366,.T.);
#9363=ORIENTED_EDGE('',*,*,#1424,.F.);
#9364=ORIENTED_EDGE('',*,*,#1426,.F.);
#9365=ORIENTED_EDGE('',*,*,#1428,.T.);
#9366=CARTESIAN_POINT('',(-0.9,3.0,0.19));
#9367=DIRECTION('',(0.0,1.0,0.0));
#9368=DIRECTION('',(0.0,0.0,1.0));
#9369=ORIENTED_EDGE('',*,*,#1428,.F.);
#9370=ORIENTED_EDGE('',*,*,#1430,.F.);
#9371=ORIENTED_EDGE('',*,*,#1432,.T.);
#9372=ORIENTED_EDGE('',*,*,#1368,.F.);
#9373=CARTESIAN_POINT('',(-1.0,2.950744598272,0.1414727267524));
#9374=DIRECTION('',(-0.0,0.712352428733938,0.701821927041938));
#9375=DIRECTION('',(1.0,0.0,0.0));
#9376=ORIENTED_EDGE('',*,*,#1434,.F.);
#9377=ORIENTED_EDGE('',*,*,#1436,.F.);
#9378=ORIENTED_EDGE('',*,*,#1370,.T.);
#9379=ORIENTED_EDGE('',*,*,#1432,.F.);
#9380=CARTESIAN_POINT('',(-0.9,0.65,0.225));
#9381=DIRECTION('',(-0.0,0.0148919654462502,0.999889108534115));
#9382=DIRECTION('',(1.0,0.0,0.0));
#9383=ORIENTED_EDGE('',*,*,#1436,.T.);
#9384=ORIENTED_EDGE('',*,*,#1438,.F.);
#9385=ORIENTED_EDGE('',*,*,#1440,.F.);
#9386=ORIENTED_EDGE('',*,*,#1372,.T.);
#9387=CARTESIAN_POINT('',(-0.9,0.65,1.025));
#9388=DIRECTION('',(0.0,1.0,0.0));
#9389=DIRECTION('',(0.0,0.0,1.0));
#9390=ORIENTED_EDGE('',*,*,#1440,.T.);
#9391=ORIENTED_EDGE('',*,*,#1442,.F.);
#9392=ORIENTED_EDGE('',*,*,#1444,.F.);
#9393=ORIENTED_EDGE('',*,*,#1374,.T.);
#9394=CARTESIAN_POINT('',(-0.9,1.2,1.025));
#9395=DIRECTION('',(0.0,0.0,-1.0));
#9396=DIRECTION('',(-1.0,0.0,0.0));
#9397=ORIENTED_EDGE('',*,*,#1444,.T.);
#9398=ORIENTED_EDGE('',*,*,#1446,.F.);
#9399=ORIENTED_EDGE('',*,*,#1448,.F.);
#9400=ORIENTED_EDGE('',*,*,#1376,.T.);
#9401=CARTESIAN_POINT('',(-0.9,1.2,1.425));
#9402=DIRECTION('',(0.0,1.0,0.0));
#9403=DIRECTION('',(0.0,0.0,1.0));
#9404=ORIENTED_EDGE('',*,*,#1448,.T.);
#9405=ORIENTED_EDGE('',*,*,#1450,.F.);
#9406=ORIENTED_EDGE('',*,*,#1452,.F.);
#9407=ORIENTED_EDGE('',*,*,#1378,.T.);
#9408=CARTESIAN_POINT('',(-0.9,0.65,1.425));
#9409=DIRECTION('',(0.0,-0.0,1.0));
#9410=DIRECTION('',(0.0,1.0,0.0));
#9411=ORIENTED_EDGE('',*,*,#1452,.T.);
#9412=ORIENTED_EDGE('',*,*,#1454,.F.);
#9413=ORIENTED_EDGE('',*,*,#1456,.F.);
#9414=ORIENTED_EDGE('',*,*,#1380,.T.);
#9415=CARTESIAN_POINT('',(-0.9,0.65,1.965));
#9416=DIRECTION('',(0.0,1.0,0.0));
#9417=DIRECTION('',(0.0,0.0,1.0));
#9418=ORIENTED_EDGE('',*,*,#1456,.T.);
#9419=ORIENTED_EDGE('',*,*,#1458,.F.);
#9420=ORIENTED_EDGE('',*,*,#1460,.F.);
#9421=ORIENTED_EDGE('',*,*,#1382,.T.);
#9422=CARTESIAN_POINT('',(-0.9,0.2,2.325));
#9423=DIRECTION('',(-0.0,0.624695047554424,0.78086880944303));
#9424=DIRECTION('',(1.0,0.0,0.0));
#9425=ORIENTED_EDGE('',*,*,#1384,.T.);
#9426=ORIENTED_EDGE('',*,*,#1460,.T.);
#9427=ORIENTED_EDGE('',*,*,#1462,.F.);
#9428=ORIENTED_EDGE('',*,*,#1388,.T.);
#9429=CARTESIAN_POINT('',(-0.9,0.2,2.725));
#9430=DIRECTION('',(0.0,1.0,0.0));
#9431=DIRECTION('',(0.0,0.0,1.0));
#9432=ORIENTED_EDGE('',*,*,#1462,.T.);
#9433=ORIENTED_EDGE('',*,*,#1458,.T.);
#9434=ORIENTED_EDGE('',*,*,#1454,.T.);
#9435=ORIENTED_EDGE('',*,*,#1450,.T.);
#9436=ORIENTED_EDGE('',*,*,#1446,.T.);
#9437=ORIENTED_EDGE('',*,*,#1442,.T.);
#9438=ORIENTED_EDGE('',*,*,#1438,.T.);
#9439=ORIENTED_EDGE('',*,*,#1434,.T.);
#9440=ORIENTED_EDGE('',*,*,#1430,.T.);
#9441=ORIENTED_EDGE('',*,*,#1426,.T.);
#9442=ORIENTED_EDGE('',*,*,#1422,.T.);
#9443=ORIENTED_EDGE('',*,*,#1418,.T.);
#9444=ORIENTED_EDGE('',*,*,#1414,.T.);
#9445=ORIENTED_EDGE('',*,*,#1410,.T.);
#9446=ORIENTED_EDGE('',*,*,#1406,.T.);
#9447=ORIENTED_EDGE('',*,*,#1402,.T.);
#9448=ORIENTED_EDGE('',*,*,#1398,.T.);
#9449=ORIENTED_EDGE('',*,*,#1394,.T.);
#9450=ORIENTED_EDGE('',*,*,#1390,.T.);
#9451=CARTESIAN_POINT('',(-1.1,-0.1,0.0));
#9452=DIRECTION('',(-1.0,0.0,0.0));
#9453=DIRECTION('',(0.0,0.0,1.0));
#9454=FILL_AREA_STYLE_COLOUR('',#10150);
#9455=ORIENTED_EDGE('',*,*,#1466,.F.);
#9456=ORIENTED_EDGE('',*,*,#1468,.F.);
#9457=ORIENTED_EDGE('',*,*,#1470,.F.);
#9458=ORIENTED_EDGE('',*,*,#1472,.F.);
#9459=ORIENTED_EDGE('',*,*,#1474,.F.);
#9460=ORIENTED_EDGE('',*,*,#1476,.F.);
#9461=ORIENTED_EDGE('',*,*,#1478,.F.);
#9462=ORIENTED_EDGE('',*,*,#1480,.T.);
#9463=ORIENTED_EDGE('',*,*,#1482,.F.);
#9464=ORIENTED_EDGE('',*,*,#1484,.T.);
#9465=ORIENTED_EDGE('',*,*,#1486,.F.);
#9466=ORIENTED_EDGE('',*,*,#1488,.F.);
#9467=ORIENTED_EDGE('',*,*,#1490,.F.);
#9468=ORIENTED_EDGE('',*,*,#1492,.F.);
#9469=ORIENTED_EDGE('',*,*,#1494,.F.);
#9470=ORIENTED_EDGE('',*,*,#1496,.F.);
#9471=ORIENTED_EDGE('',*,*,#1498,.F.);
#9472=ORIENTED_EDGE('',*,*,#1500,.F.);
#9473=ORIENTED_EDGE('',*,*,#1502,.T.);
#9474=CARTESIAN_POINT('',(0.1,-0.1,0.0));
#9475=DIRECTION('',(-1.0,0.0,0.0));
#9476=DIRECTION('',(0.0,0.0,1.0));
#9477=ORIENTED_EDGE('',*,*,#1504,.F.);
#9478=ORIENTED_EDGE('',*,*,#1506,.F.);
#9479=ORIENTED_EDGE('',*,*,#1508,.T.);
#9480=ORIENTED_EDGE('',*,*,#1502,.F.);
#9481=CARTESIAN_POINT('',(0.0,0.15,2.675));
#9482=DIRECTION('',(-0.0,0.707106781186548,0.707106781186548));
#9483=DIRECTION('',(1.0,0.0,0.0));
#9484=ORIENTED_EDGE('',*,*,#1510,.F.);
#9485=ORIENTED_EDGE('',*,*,#1512,.F.);
#9486=ORIENTED_EDGE('',*,*,#1466,.T.);
#9487=ORIENTED_EDGE('',*,*,#1508,.F.);
#9488=CARTESIAN_POINT('',(0.1,-0.1,2.725));
#9489=DIRECTION('',(0.0,-0.0,1.0));
#9490=DIRECTION('',(0.0,1.0,0.0));
#9491=ORIENTED_EDGE('',*,*,#1512,.T.);
#9492=ORIENTED_EDGE('',*,*,#1514,.F.);
#9493=ORIENTED_EDGE('',*,*,#1516,.F.);
#9494=ORIENTED_EDGE('',*,*,#1468,.T.);
#9495=CARTESIAN_POINT('',(0.1,-0.1,1.925));
#9496=DIRECTION('',(0.0,-1.0,0.0));
#9497=DIRECTION('',(1.0,0.0,0.0));
#9498=ORIENTED_EDGE('',*,*,#1516,.T.);
#9499=ORIENTED_EDGE('',*,*,#1518,.F.);
#9500=ORIENTED_EDGE('',*,*,#1520,.F.);
#9501=ORIENTED_EDGE('',*,*,#1470,.T.);
#9502=CARTESIAN_POINT('',(0.1,0.15,1.725));
#9503=DIRECTION('',(0.0,-0.624695047554424,-0.78086880944303));
#9504=DIRECTION('',(0.0,0.78086880944303,-0.624695047554424));
#9505=ORIENTED_EDGE('',*,*,#1520,.T.);
#9506=ORIENTED_EDGE('',*,*,#1522,.F.);
#9507=ORIENTED_EDGE('',*,*,#1524,.F.);
#9508=ORIENTED_EDGE('',*,*,#1472,.T.);
#9509=CARTESIAN_POINT('',(0.1,0.15,-0.375));
#9510=DIRECTION('',(0.0,-1.0,0.0));
#9511=DIRECTION('',(1.0,0.0,0.0));
#9512=ORIENTED_EDGE('',*,*,#1524,.T.);
#9513=ORIENTED_EDGE('',*,*,#1526,.F.);
#9514=ORIENTED_EDGE('',*,*,#1528,.F.);
#9515=ORIENTED_EDGE('',*,*,#1474,.T.);
#9516=CARTESIAN_POINT('',(0.1,0.65,-0.375));
#9517=DIRECTION('',(0.0,0.0,-1.0));
#9518=DIRECTION('',(-1.0,0.0,0.0));
#9519=ORIENTED_EDGE('',*,*,#1528,.T.);
#9520=ORIENTED_EDGE('',*,*,#1530,.F.);
#9521=ORIENTED_EDGE('',*,*,#1532,.F.);
#9522=ORIENTED_EDGE('',*,*,#1476,.T.);
#9523=CARTESIAN_POINT('',(0.1,0.65,-0.225));
#9524=DIRECTION('',(0.0,1.0,0.0));
#9525=DIRECTION('',(0.0,0.0,1.0));
#9526=ORIENTED_EDGE('',*,*,#1478,.T.);
#9527=ORIENTED_EDGE('',*,*,#1532,.T.);
#9528=ORIENTED_EDGE('',*,*,#1534,.F.);
#9529=ORIENTED_EDGE('',*,*,#1536,.T.);
#9530=CARTESIAN_POINT('',(0.1,3.0,-0.19));
#9531=DIRECTION('',(0.0,0.0148919654462502,-0.999889108534115));
#9532=DIRECTION('',(-1.0,0.0,0.0));
#9533=ORIENTED_EDGE('',*,*,#1536,.F.);
#9534=ORIENTED_EDGE('',*,*,#1538,.F.);
#9535=ORIENTED_EDGE('',*,*,#1540,.T.);
#9536=ORIENTED_EDGE('',*,*,#1480,.F.);
#9537=CARTESIAN_POINT('',(0.0,2.950744598272,-0.1414727267524));
#9538=DIRECTION('',(0.0,0.712352428733938,-0.701821927041938));
#9539=DIRECTION('',(-1.0,0.0,0.0));
#9540=ORIENTED_EDGE('',*,*,#1482,.T.);
#9541=ORIENTED_EDGE('',*,*,#1540,.F.);
#9542=ORIENTED_EDGE('',*,*,#1542,.F.);
#9543=ORIENTED_EDGE('',*,*,#1544,.T.);
#9544=CARTESIAN_POINT('',(0.1,3.0,0.19));
#9545=DIRECTION('',(0.0,1.0,0.0));
#9546=DIRECTION('',(0.0,0.0,1.0));
#9547=ORIENTED_EDGE('',*,*,#1544,.F.);
#9548=ORIENTED_EDGE('',*,*,#1546,.F.);
#9549=ORIENTED_EDGE('',*,*,#1548,.T.);
#9550=ORIENTED_EDGE('',*,*,#1484,.F.);
#9551=CARTESIAN_POINT('',(0.0,2.950744598272,0.1414727267524));
#9552=DIRECTION('',(-0.0,0.712352428733938,0.701821927041938));
#9553=DIRECTION('',(1.0,0.0,0.0));
#9554=ORIENTED_EDGE('',*,*,#1550,.F.);
#9555=ORIENTED_EDGE('',*,*,#1552,.F.);
#9556=ORIENTED_EDGE('',*,*,#1486,.T.);
#9557=ORIENTED_EDGE('',*,*,#1548,.F.);
#9558=CARTESIAN_POINT('',(0.1,0.65,0.225));
#9559=DIRECTION('',(-0.0,0.0148919654462502,0.999889108534115));
#9560=DIRECTION('',(1.0,0.0,0.0));
#9561=ORIENTED_EDGE('',*,*,#1552,.T.);
#9562=ORIENTED_EDGE('',*,*,#1554,.F.);
#9563=ORIENTED_EDGE('',*,*,#1556,.F.);
#9564=ORIENTED_EDGE('',*,*,#1488,.T.);
#9565=CARTESIAN_POINT('',(0.1,0.65,1.025));
#9566=DIRECTION('',(0.0,1.0,0.0));
#9567=DIRECTION('',(0.0,0.0,1.0));
#9568=ORIENTED_EDGE('',*,*,#1556,.T.);
#9569=ORIENTED_EDGE('',*,*,#1558,.F.);
#9570=ORIENTED_EDGE('',*,*,#1560,.F.);
#9571=ORIENTED_EDGE('',*,*,#1490,.T.);
#9572=CARTESIAN_POINT('',(0.1,1.2,1.025));
#9573=DIRECTION('',(0.0,0.0,-1.0));
#9574=DIRECTION('',(-1.0,0.0,0.0));
#9575=ORIENTED_EDGE('',*,*,#1560,.T.);
#9576=ORIENTED_EDGE('',*,*,#1562,.F.);
#9577=ORIENTED_EDGE('',*,*,#1564,.F.);
#9578=ORIENTED_EDGE('',*,*,#1492,.T.);
#9579=CARTESIAN_POINT('',(0.1,1.2,1.425));
#9580=DIRECTION('',(0.0,1.0,0.0));
#9581=DIRECTION('',(0.0,0.0,1.0));
#9582=ORIENTED_EDGE('',*,*,#1564,.T.);
#9583=ORIENTED_EDGE('',*,*,#1566,.F.);
#9584=ORIENTED_EDGE('',*,*,#1568,.F.);
#9585=ORIENTED_EDGE('',*,*,#1494,.T.);
#9586=CARTESIAN_POINT('',(0.1,0.65,1.425));
#9587=DIRECTION('',(0.0,-0.0,1.0));
#9588=DIRECTION('',(0.0,1.0,0.0));
#9589=ORIENTED_EDGE('',*,*,#1568,.T.);
#9590=ORIENTED_EDGE('',*,*,#1570,.F.);
#9591=ORIENTED_EDGE('',*,*,#1572,.F.);
#9592=ORIENTED_EDGE('',*,*,#1496,.T.);
#9593=CARTESIAN_POINT('',(0.1,0.65,1.965));
#9594=DIRECTION('',(0.0,1.0,0.0));
#9595=DIRECTION('',(0.0,0.0,1.0));
#9596=ORIENTED_EDGE('',*,*,#1572,.T.);
#9597=ORIENTED_EDGE('',*,*,#1574,.F.);
#9598=ORIENTED_EDGE('',*,*,#1576,.F.);
#9599=ORIENTED_EDGE('',*,*,#1498,.T.);
#9600=CARTESIAN_POINT('',(0.1,0.2,2.325));
#9601=DIRECTION('',(-0.0,0.624695047554424,0.78086880944303));
#9602=DIRECTION('',(1.0,0.0,0.0));
#9603=ORIENTED_EDGE('',*,*,#1500,.T.);
#9604=ORIENTED_EDGE('',*,*,#1576,.T.);
#9605=ORIENTED_EDGE('',*,*,#1578,.F.);
#9606=ORIENTED_EDGE('',*,*,#1504,.T.);
#9607=CARTESIAN_POINT('',(0.1,0.2,2.725));
#9608=DIRECTION('',(0.0,1.0,0.0));
#9609=DIRECTION('',(0.0,0.0,1.0));
#9610=ORIENTED_EDGE('',*,*,#1578,.T.);
#9611=ORIENTED_EDGE('',*,*,#1574,.T.);
#9612=ORIENTED_EDGE('',*,*,#1570,.T.);
#9613=ORIENTED_EDGE('',*,*,#1566,.T.);
#9614=ORIENTED_EDGE('',*,*,#1562,.T.);
#9615=ORIENTED_EDGE('',*,*,#1558,.T.);
#9616=ORIENTED_EDGE('',*,*,#1554,.T.);
#9617=ORIENTED_EDGE('',*,*,#1550,.T.);
#9618=ORIENTED_EDGE('',*,*,#1546,.T.);
#9619=ORIENTED_EDGE('',*,*,#1542,.T.);
#9620=ORIENTED_EDGE('',*,*,#1538,.T.);
#9621=ORIENTED_EDGE('',*,*,#1534,.T.);
#9622=ORIENTED_EDGE('',*,*,#1530,.T.);
#9623=ORIENTED_EDGE('',*,*,#1526,.T.);
#9624=ORIENTED_EDGE('',*,*,#1522,.T.);
#9625=ORIENTED_EDGE('',*,*,#1518,.T.);
#9626=ORIENTED_EDGE('',*,*,#1514,.T.);
#9627=ORIENTED_EDGE('',*,*,#1510,.T.);
#9628=ORIENTED_EDGE('',*,*,#1506,.T.);
#9629=CARTESIAN_POINT('',(-0.1,-0.1,0.0));
#9630=DIRECTION('',(-1.0,0.0,0.0));
#9631=DIRECTION('',(0.0,0.0,1.0));
#9632=FILL_AREA_STYLE_COLOUR('',#10151);
#9633=ORIENTED_EDGE('',*,*,#1582,.F.);
#9634=ORIENTED_EDGE('',*,*,#1584,.F.);
#9635=ORIENTED_EDGE('',*,*,#1586,.F.);
#9636=ORIENTED_EDGE('',*,*,#1588,.F.);
#9637=ORIENTED_EDGE('',*,*,#1590,.F.);
#9638=ORIENTED_EDGE('',*,*,#1592,.F.);
#9639=ORIENTED_EDGE('',*,*,#1594,.F.);
#9640=ORIENTED_EDGE('',*,*,#1596,.T.);
#9641=ORIENTED_EDGE('',*,*,#1598,.F.);
#9642=ORIENTED_EDGE('',*,*,#1600,.T.);
#9643=ORIENTED_EDGE('',*,*,#1602,.F.);
#9644=ORIENTED_EDGE('',*,*,#1604,.F.);
#9645=ORIENTED_EDGE('',*,*,#1606,.F.);
#9646=ORIENTED_EDGE('',*,*,#1608,.F.);
#9647=ORIENTED_EDGE('',*,*,#1610,.F.);
#9648=ORIENTED_EDGE('',*,*,#1612,.F.);
#9649=ORIENTED_EDGE('',*,*,#1614,.F.);
#9650=ORIENTED_EDGE('',*,*,#1616,.F.);
#9651=ORIENTED_EDGE('',*,*,#1618,.T.);
#9652=CARTESIAN_POINT('',(1.1,-0.1,0.0));
#9653=DIRECTION('',(-1.0,0.0,0.0));
#9654=DIRECTION('',(0.0,0.0,1.0));
#9655=ORIENTED_EDGE('',*,*,#1620,.F.);
#9656=ORIENTED_EDGE('',*,*,#1622,.F.);
#9657=ORIENTED_EDGE('',*,*,#1624,.T.);
#9658=ORIENTED_EDGE('',*,*,#1618,.F.);
#9659=CARTESIAN_POINT('',(1.0,0.15,2.675));
#9660=DIRECTION('',(-0.0,0.707106781186548,0.707106781186548));
#9661=DIRECTION('',(1.0,0.0,0.0));
#9662=ORIENTED_EDGE('',*,*,#1626,.F.);
#9663=ORIENTED_EDGE('',*,*,#1628,.F.);
#9664=ORIENTED_EDGE('',*,*,#1582,.T.);
#9665=ORIENTED_EDGE('',*,*,#1624,.F.);
#9666=CARTESIAN_POINT('',(1.1,-0.1,2.725));
#9667=DIRECTION('',(0.0,-0.0,1.0));
#9668=DIRECTION('',(0.0,1.0,0.0));
#9669=ORIENTED_EDGE('',*,*,#1628,.T.);
#9670=ORIENTED_EDGE('',*,*,#1630,.F.);
#9671=ORIENTED_EDGE('',*,*,#1632,.F.);
#9672=ORIENTED_EDGE('',*,*,#1584,.T.);
#9673=CARTESIAN_POINT('',(1.1,-0.1,1.925));
#9674=DIRECTION('',(0.0,-1.0,0.0));
#9675=DIRECTION('',(1.0,0.0,0.0));
#9676=ORIENTED_EDGE('',*,*,#1632,.T.);
#9677=ORIENTED_EDGE('',*,*,#1634,.F.);
#9678=ORIENTED_EDGE('',*,*,#1636,.F.);
#9679=ORIENTED_EDGE('',*,*,#1586,.T.);
#9680=CARTESIAN_POINT('',(1.1,0.15,1.725));
#9681=DIRECTION('',(0.0,-0.624695047554424,-0.78086880944303));
#9682=DIRECTION('',(0.0,0.78086880944303,-0.624695047554424));
#9683=ORIENTED_EDGE('',*,*,#1636,.T.);
#9684=ORIENTED_EDGE('',*,*,#1638,.F.);
#9685=ORIENTED_EDGE('',*,*,#1640,.F.);
#9686=ORIENTED_EDGE('',*,*,#1588,.T.);
#9687=CARTESIAN_POINT('',(1.1,0.15,-0.375));
#9688=DIRECTION('',(0.0,-1.0,0.0));
#9689=DIRECTION('',(1.0,0.0,0.0));
#9690=ORIENTED_EDGE('',*,*,#1640,.T.);
#9691=ORIENTED_EDGE('',*,*,#1642,.F.);
#9692=ORIENTED_EDGE('',*,*,#1644,.F.);
#9693=ORIENTED_EDGE('',*,*,#1590,.T.);
#9694=CARTESIAN_POINT('',(1.1,0.65,-0.375));
#9695=DIRECTION('',(0.0,0.0,-1.0));
#9696=DIRECTION('',(-1.0,0.0,0.0));
#9697=ORIENTED_EDGE('',*,*,#1644,.T.);
#9698=ORIENTED_EDGE('',*,*,#1646,.F.);
#9699=ORIENTED_EDGE('',*,*,#1648,.F.);
#9700=ORIENTED_EDGE('',*,*,#1592,.T.);
#9701=CARTESIAN_POINT('',(1.1,0.65,-0.225));
#9702=DIRECTION('',(0.0,1.0,0.0));
#9703=DIRECTION('',(0.0,0.0,1.0));
#9704=ORIENTED_EDGE('',*,*,#1594,.T.);
#9705=ORIENTED_EDGE('',*,*,#1648,.T.);
#9706=ORIENTED_EDGE('',*,*,#1650,.F.);
#9707=ORIENTED_EDGE('',*,*,#1652,.T.);
#9708=CARTESIAN_POINT('',(1.1,3.0,-0.19));
#9709=DIRECTION('',(0.0,0.0148919654462502,-0.999889108534115));
#9710=DIRECTION('',(-1.0,0.0,0.0));
#9711=ORIENTED_EDGE('',*,*,#1652,.F.);
#9712=ORIENTED_EDGE('',*,*,#1654,.F.);
#9713=ORIENTED_EDGE('',*,*,#1656,.T.);
#9714=ORIENTED_EDGE('',*,*,#1596,.F.);
#9715=CARTESIAN_POINT('',(1.0,2.950744598272,-0.1414727267524));
#9716=DIRECTION('',(0.0,0.712352428733938,-0.701821927041938));
#9717=DIRECTION('',(-1.0,0.0,0.0));
#9718=ORIENTED_EDGE('',*,*,#1598,.T.);
#9719=ORIENTED_EDGE('',*,*,#1656,.F.);
#9720=ORIENTED_EDGE('',*,*,#1658,.F.);
#9721=ORIENTED_EDGE('',*,*,#1660,.T.);
#9722=CARTESIAN_POINT('',(1.1,3.0,0.19));
#9723=DIRECTION('',(0.0,1.0,0.0));
#9724=DIRECTION('',(0.0,0.0,1.0));
#9725=ORIENTED_EDGE('',*,*,#1660,.F.);
#9726=ORIENTED_EDGE('',*,*,#1662,.F.);
#9727=ORIENTED_EDGE('',*,*,#1664,.T.);
#9728=ORIENTED_EDGE('',*,*,#1600,.F.);
#9729=CARTESIAN_POINT('',(1.0,2.950744598272,0.1414727267524));
#9730=DIRECTION('',(-0.0,0.712352428733938,0.701821927041938));
#9731=DIRECTION('',(1.0,0.0,0.0));
#9732=ORIENTED_EDGE('',*,*,#1666,.F.);
#9733=ORIENTED_EDGE('',*,*,#1668,.F.);
#9734=ORIENTED_EDGE('',*,*,#1602,.T.);
#9735=ORIENTED_EDGE('',*,*,#1664,.F.);
#9736=CARTESIAN_POINT('',(1.1,0.65,0.225));
#9737=DIRECTION('',(-0.0,0.0148919654462502,0.999889108534115));
#9738=DIRECTION('',(1.0,0.0,0.0));
#9739=ORIENTED_EDGE('',*,*,#1668,.T.);
#9740=ORIENTED_EDGE('',*,*,#1670,.F.);
#9741=ORIENTED_EDGE('',*,*,#1672,.F.);
#9742=ORIENTED_EDGE('',*,*,#1604,.T.);
#9743=CARTESIAN_POINT('',(1.1,0.65,1.025));
#9744=DIRECTION('',(0.0,1.0,0.0));
#9745=DIRECTION('',(0.0,0.0,1.0));
#9746=ORIENTED_EDGE('',*,*,#1672,.T.);
#9747=ORIENTED_EDGE('',*,*,#1674,.F.);
#9748=ORIENTED_EDGE('',*,*,#1676,.F.);
#9749=ORIENTED_EDGE('',*,*,#1606,.T.);
#9750=CARTESIAN_POINT('',(1.1,1.2,1.025));
#9751=DIRECTION('',(0.0,0.0,-1.0));
#9752=DIRECTION('',(-1.0,0.0,0.0));
#9753=ORIENTED_EDGE('',*,*,#1676,.T.);
#9754=ORIENTED_EDGE('',*,*,#1678,.F.);
#9755=ORIENTED_EDGE('',*,*,#1680,.F.);
#9756=ORIENTED_EDGE('',*,*,#1608,.T.);
#9757=CARTESIAN_POINT('',(1.1,1.2,1.425));
#9758=DIRECTION('',(0.0,1.0,0.0));
#9759=DIRECTION('',(0.0,0.0,1.0));
#9760=ORIENTED_EDGE('',*,*,#1680,.T.);
#9761=ORIENTED_EDGE('',*,*,#1682,.F.);
#9762=ORIENTED_EDGE('',*,*,#1684,.F.);
#9763=ORIENTED_EDGE('',*,*,#1610,.T.);
#9764=CARTESIAN_POINT('',(1.1,0.65,1.425));
#9765=DIRECTION('',(0.0,-0.0,1.0));
#9766=DIRECTION('',(0.0,1.0,0.0));
#9767=ORIENTED_EDGE('',*,*,#1684,.T.);
#9768=ORIENTED_EDGE('',*,*,#1686,.F.);
#9769=ORIENTED_EDGE('',*,*,#1688,.F.);
#9770=ORIENTED_EDGE('',*,*,#1612,.T.);
#9771=CARTESIAN_POINT('',(1.1,0.65,1.965));
#9772=DIRECTION('',(0.0,1.0,0.0));
#9773=DIRECTION('',(0.0,0.0,1.0));
#9774=ORIENTED_EDGE('',*,*,#1688,.T.);
#9775=ORIENTED_EDGE('',*,*,#1690,.F.);
#9776=ORIENTED_EDGE('',*,*,#1692,.F.);
#9777=ORIENTED_EDGE('',*,*,#1614,.T.);
#9778=CARTESIAN_POINT('',(1.1,0.2,2.325));
#9779=DIRECTION('',(-0.0,0.624695047554424,0.78086880944303));
#9780=DIRECTION('',(1.0,0.0,0.0));
#9781=ORIENTED_EDGE('',*,*,#1616,.T.);
#9782=ORIENTED_EDGE('',*,*,#1692,.T.);
#9783=ORIENTED_EDGE('',*,*,#1694,.F.);
#9784=ORIENTED_EDGE('',*,*,#1620,.T.);
#9785=CARTESIAN_POINT('',(1.1,0.2,2.725));
#9786=DIRECTION('',(0.0,1.0,0.0));
#9787=DIRECTION('',(0.0,0.0,1.0));
#9788=ORIENTED_EDGE('',*,*,#1694,.T.);
#9789=ORIENTED_EDGE('',*,*,#1690,.T.);
#9790=ORIENTED_EDGE('',*,*,#1686,.T.);
#9791=ORIENTED_EDGE('',*,*,#1682,.T.);
#9792=ORIENTED_EDGE('',*,*,#1678,.T.);
#9793=ORIENTED_EDGE('',*,*,#1674,.T.);
#9794=ORIENTED_EDGE('',*,*,#1670,.T.);
#9795=ORIENTED_EDGE('',*,*,#1666,.T.);
#9796=ORIENTED_EDGE('',*,*,#1662,.T.);
#9797=ORIENTED_EDGE('',*,*,#1658,.T.);
#9798=ORIENTED_EDGE('',*,*,#1654,.T.);
#9799=ORIENTED_EDGE('',*,*,#1650,.T.);
#9800=ORIENTED_EDGE('',*,*,#1646,.T.);
#9801=ORIENTED_EDGE('',*,*,#1642,.T.);
#9802=ORIENTED_EDGE('',*,*,#1638,.T.);
#9803=ORIENTED_EDGE('',*,*,#1634,.T.);
#9804=ORIENTED_EDGE('',*,*,#1630,.T.);
#9805=ORIENTED_EDGE('',*,*,#1626,.T.);
#9806=ORIENTED_EDGE('',*,*,#1622,.T.);
#9807=CARTESIAN_POINT('',(0.9,-0.1,0.0));
#9808=DIRECTION('',(-1.0,0.0,0.0));
#9809=DIRECTION('',(0.0,0.0,1.0));
#9810=FILL_AREA_STYLE_COLOUR('',#10152);
#9811=ORIENTED_EDGE('',*,*,#1698,.F.);
#9812=ORIENTED_EDGE('',*,*,#1700,.F.);
#9813=ORIENTED_EDGE('',*,*,#1702,.F.);
#9814=ORIENTED_EDGE('',*,*,#1704,.F.);
#9815=ORIENTED_EDGE('',*,*,#1706,.F.);
#9816=ORIENTED_EDGE('',*,*,#1708,.F.);
#9817=ORIENTED_EDGE('',*,*,#1710,.F.);
#9818=ORIENTED_EDGE('',*,*,#1712,.F.);
#9819=ORIENTED_EDGE('',*,*,#1714,.F.);
#9820=ORIENTED_EDGE('',*,*,#1716,.F.);
#9821=ORIENTED_EDGE('',*,*,#1718,.F.);
#9822=ORIENTED_EDGE('',*,*,#1720,.F.);
#9823=ORIENTED_EDGE('',*,*,#1722,.F.);
#9824=ORIENTED_EDGE('',*,*,#1724,.F.);
#9825=ORIENTED_EDGE('',*,*,#1726,.F.);
#9826=ORIENTED_EDGE('',*,*,#1728,.F.);
#9827=ORIENTED_EDGE('',*,*,#1730,.F.);
#9828=ORIENTED_EDGE('',*,*,#1732,.F.);
#9829=CARTESIAN_POINT('',(2.025,-0.1,-0.925));
#9830=DIRECTION('',(1.0,0.0,0.0));
#9831=DIRECTION('',(0.0,0.0,-1.0));
#9832=ORIENTED_EDGE('',*,*,#1734,.T.);
#9833=ORIENTED_EDGE('',*,*,#1736,.F.);
#9834=ORIENTED_EDGE('',*,*,#1738,.F.);
#9835=ORIENTED_EDGE('',*,*,#1732,.T.);
#9836=CARTESIAN_POINT('',(2.025,2.95,-0.325));
#9837=DIRECTION('',(0.0,0.0,1.0));
#9838=DIRECTION('',(1.0,0.0,0.0));
#9839=ORIENTED_EDGE('',*,*,#1738,.T.);
#9840=ORIENTED_EDGE('',*,*,#1740,.F.);
#9841=ORIENTED_EDGE('',*,*,#1742,.F.);
#9842=ORIENTED_EDGE('',*,*,#1698,.T.);
#9843=CARTESIAN_POINT('',(2.025,2.95,-0.675));
#9844=DIRECTION('',(0.0,1.0,0.0));
#9845=DIRECTION('',(0.0,0.0,-1.0));
#9846=ORIENTED_EDGE('',*,*,#1742,.T.);
#9847=ORIENTED_EDGE('',*,*,#1744,.F.);
#9848=ORIENTED_EDGE('',*,*,#1746,.F.);
#9849=ORIENTED_EDGE('',*,*,#1700,.T.);
#9850=CARTESIAN_POINT('',(2.025,2.15,-0.675));
#9851=DIRECTION('',(0.0,0.0,-1.0));
#9852=DIRECTION('',(0.0,1.0,0.0));
#9853=ORIENTED_EDGE('',*,*,#1746,.T.);
#9854=ORIENTED_EDGE('',*,*,#1748,.F.);
#9855=ORIENTED_EDGE('',*,*,#1750,.F.);
#9856=ORIENTED_EDGE('',*,*,#1702,.T.);
#9857=CARTESIAN_POINT('',(2.025,2.15,-0.925));
#9858=DIRECTION('',(0.0,1.0,0.0));
#9859=DIRECTION('',(0.0,0.0,-1.0));
#9860=ORIENTED_EDGE('',*,*,#1750,.T.);
#9861=ORIENTED_EDGE('',*,*,#1752,.F.);
#9862=ORIENTED_EDGE('',*,*,#1754,.F.);
#9863=ORIENTED_EDGE('',*,*,#1704,.T.);
#9864=CARTESIAN_POINT('',(2.025,0.3,-0.925));
#9865=DIRECTION('',(0.0,0.0,-1.0));
#9866=DIRECTION('',(0.0,1.0,0.0));
#9867=ORIENTED_EDGE('',*,*,#1754,.T.);
#9868=ORIENTED_EDGE('',*,*,#1756,.F.);
#9869=ORIENTED_EDGE('',*,*,#1758,.F.);
#9870=ORIENTED_EDGE('',*,*,#1706,.T.);
#9871=CARTESIAN_POINT('',(2.025,0.2,-1.025));
#9872=DIRECTION('',(0.0,0.707106781186548,-0.707106781186548));
#9873=DIRECTION('',(-1.0,0.0,0.0));
#9874=ORIENTED_EDGE('',*,*,#1758,.T.);
#9875=ORIENTED_EDGE('',*,*,#1760,.F.);
#9876=ORIENTED_EDGE('',*,*,#1762,.F.);
#9877=ORIENTED_EDGE('',*,*,#1708,.T.);
#9878=CARTESIAN_POINT('',(2.025,-0.1,-1.025));
#9879=DIRECTION('',(0.0,0.0,-1.0));
#9880=DIRECTION('',(0.0,1.0,0.0));
#9881=ORIENTED_EDGE('',*,*,#1762,.T.);
#9882=ORIENTED_EDGE('',*,*,#1764,.F.);
#9883=ORIENTED_EDGE('',*,*,#1766,.F.);
#9884=ORIENTED_EDGE('',*,*,#1710,.T.);
#9885=CARTESIAN_POINT('',(2.025,-0.1,0.375));
#9886=DIRECTION('',(0.0,-1.0,0.0));
#9887=DIRECTION('',(-1.0,0.0,0.0));
#9888=ORIENTED_EDGE('',*,*,#1766,.T.);
#9889=ORIENTED_EDGE('',*,*,#1768,.F.);
#9890=ORIENTED_EDGE('',*,*,#1770,.F.);
#9891=ORIENTED_EDGE('',*,*,#1712,.T.);
#9892=CARTESIAN_POINT('',(2.025,0.05,0.525));
#9893=DIRECTION('',(0.0,-0.707106781186548,0.707106781186548));
#9894=DIRECTION('',(0.0,0.707106781186548,0.707106781186548));
#9895=ORIENTED_EDGE('',*,*,#1770,.T.);
#9896=ORIENTED_EDGE('',*,*,#1772,.F.);
#9897=ORIENTED_EDGE('',*,*,#1774,.F.);
#9898=ORIENTED_EDGE('',*,*,#1714,.T.);
#9899=CARTESIAN_POINT('',(2.025,0.05,1.725));
#9900=DIRECTION('',(0.0,-1.0,0.0));
#9901=DIRECTION('',(-1.0,0.0,0.0));
#9902=ORIENTED_EDGE('',*,*,#1774,.T.);
#9903=ORIENTED_EDGE('',*,*,#1776,.F.);
#9904=ORIENTED_EDGE('',*,*,#1778,.F.);
#9905=ORIENTED_EDGE('',*,*,#1716,.T.);
#9906=CARTESIAN_POINT('',(2.025,4.05,1.725));
#9907=DIRECTION('',(0.0,0.0,1.0));
#9908=DIRECTION('',(1.0,0.0,0.0));
#9909=ORIENTED_EDGE('',*,*,#1778,.T.);
#9910=ORIENTED_EDGE('',*,*,#1780,.F.);
#9911=ORIENTED_EDGE('',*,*,#1782,.F.);
#9912=ORIENTED_EDGE('',*,*,#1718,.T.);
#9913=CARTESIAN_POINT('',(2.025,4.05,0.775));
#9914=DIRECTION('',(0.0,1.0,0.0));
#9915=DIRECTION('',(0.0,0.0,-1.0));
#9916=ORIENTED_EDGE('',*,*,#1782,.T.);
#9917=ORIENTED_EDGE('',*,*,#1784,.F.);
#9918=ORIENTED_EDGE('',*,*,#1786,.F.);
#9919=ORIENTED_EDGE('',*,*,#1720,.T.);
#9920=CARTESIAN_POINT('',(2.025,2.9,0.775));
#9921=DIRECTION('',(0.0,0.0,-1.0));
#9922=DIRECTION('',(0.0,1.0,0.0));
#9923=ORIENTED_EDGE('',*,*,#1786,.T.);
#9924=ORIENTED_EDGE('',*,*,#1788,.F.);
#9925=ORIENTED_EDGE('',*,*,#1790,.F.);
#9926=ORIENTED_EDGE('',*,*,#1722,.T.);
#9927=CARTESIAN_POINT('',(2.025,2.9,0.875));
#9928=DIRECTION('',(0.0,-1.0,0.0));
#9929=DIRECTION('',(-1.0,0.0,0.0));
#9930=ORIENTED_EDGE('',*,*,#1790,.T.);
#9931=ORIENTED_EDGE('',*,*,#1792,.F.);
#9932=ORIENTED_EDGE('',*,*,#1794,.F.);
#9933=ORIENTED_EDGE('',*,*,#1724,.T.);
#9934=CARTESIAN_POINT('',(2.025,1.85,0.875));
#9935=DIRECTION('',(0.0,0.0,-1.0));
#9936=DIRECTION('',(0.0,1.0,0.0));
#9937=ORIENTED_EDGE('',*,*,#1794,.T.);
#9938=ORIENTED_EDGE('',*,*,#1796,.F.);
#9939=ORIENTED_EDGE('',*,*,#1798,.F.);
#9940=ORIENTED_EDGE('',*,*,#1726,.T.);
#9941=CARTESIAN_POINT('',(2.025,1.85,0.775));
#9942=DIRECTION('',(0.0,1.0,0.0));
#9943=DIRECTION('',(0.0,0.0,-1.0));
#9944=ORIENTED_EDGE('',*,*,#1798,.T.);
#9945=ORIENTED_EDGE('',*,*,#1800,.F.);
#9946=ORIENTED_EDGE('',*,*,#1802,.F.);
#9947=ORIENTED_EDGE('',*,*,#1728,.T.);
#9948=CARTESIAN_POINT('',(2.025,0.85,0.775));
#9949=DIRECTION('',(0.0,0.0,-1.0));
#9950=DIRECTION('',(0.0,1.0,0.0));
#9951=ORIENTED_EDGE('',*,*,#1802,.T.);
#9952=ORIENTED_EDGE('',*,*,#1804,.F.);
#9953=ORIENTED_EDGE('',*,*,#1734,.F.);
#9954=ORIENTED_EDGE('',*,*,#1730,.T.);
#9955=CARTESIAN_POINT('',(2.025,0.85,-0.325));
#9956=DIRECTION('',(0.0,1.0,0.0));
#9957=DIRECTION('',(0.0,0.0,-1.0));
#9958=ORIENTED_EDGE('',*,*,#1804,.T.);
#9959=ORIENTED_EDGE('',*,*,#1800,.T.);
#9960=ORIENTED_EDGE('',*,*,#1796,.T.);
#9961=ORIENTED_EDGE('',*,*,#1792,.T.);
#9962=ORIENTED_EDGE('',*,*,#1788,.T.);
#9963=ORIENTED_EDGE('',*,*,#1784,.T.);
#9964=ORIENTED_EDGE('',*,*,#1780,.T.);
#9965=ORIENTED_EDGE('',*,*,#1776,.T.);
#9966=ORIENTED_EDGE('',*,*,#1772,.T.);
#9967=ORIENTED_EDGE('',*,*,#1768,.T.);
#9968=ORIENTED_EDGE('',*,*,#1764,.T.);
#9969=ORIENTED_EDGE('',*,*,#1760,.T.);
#9970=ORIENTED_EDGE('',*,*,#1756,.T.);
#9971=ORIENTED_EDGE('',*,*,#1752,.T.);
#9972=ORIENTED_EDGE('',*,*,#1748,.T.);
#9973=ORIENTED_EDGE('',*,*,#1744,.T.);
#9974=ORIENTED_EDGE('',*,*,#1740,.T.);
#9975=ORIENTED_EDGE('',*,*,#1736,.T.);
#9976=CARTESIAN_POINT('',(2.225,-0.1,-0.925));
#9977=DIRECTION('',(1.0,0.0,0.0));
#9978=DIRECTION('',(0.0,0.0,-1.0));
#9979=FILL_AREA_STYLE_COLOUR('',#10153);
#9980=ORIENTED_EDGE('',*,*,#1808,.F.);
#9981=ORIENTED_EDGE('',*,*,#1810,.F.);
#9982=ORIENTED_EDGE('',*,*,#1812,.F.);
#9983=ORIENTED_EDGE('',*,*,#1814,.F.);
#9984=ORIENTED_EDGE('',*,*,#1816,.F.);
#9985=ORIENTED_EDGE('',*,*,#1818,.F.);
#9986=ORIENTED_EDGE('',*,*,#1820,.F.);
#9987=ORIENTED_EDGE('',*,*,#1822,.F.);
#9988=ORIENTED_EDGE('',*,*,#1824,.F.);
#9989=ORIENTED_EDGE('',*,*,#1826,.F.);
#9990=ORIENTED_EDGE('',*,*,#1828,.F.);
#9991=ORIENTED_EDGE('',*,*,#1830,.F.);
#9992=ORIENTED_EDGE('',*,*,#1832,.F.);
#9993=ORIENTED_EDGE('',*,*,#1834,.F.);
#9994=ORIENTED_EDGE('',*,*,#1836,.F.);
#9995=ORIENTED_EDGE('',*,*,#1838,.F.);
#9996=ORIENTED_EDGE('',*,*,#1840,.F.);
#9997=ORIENTED_EDGE('',*,*,#1842,.F.);
#9998=CARTESIAN_POINT('',(-2.225,-0.1,-0.925));
#9999=DIRECTION('',(1.0,0.0,0.0));
#10000=DIRECTION('',(0.0,0.0,-1.0));
#10001=ORIENTED_EDGE('',*,*,#1844,.T.);
#10002=ORIENTED_EDGE('',*,*,#1846,.F.);
#10003=ORIENTED_EDGE('',*,*,#1848,.F.);
#10004=ORIENTED_EDGE('',*,*,#1842,.T.);
#10005=CARTESIAN_POINT('',(-2.225,2.95,-0.325));
#10006=DIRECTION('',(0.0,0.0,1.0));
#10007=DIRECTION('',(1.0,0.0,0.0));
#10008=ORIENTED_EDGE('',*,*,#1848,.T.);
#10009=ORIENTED_EDGE('',*,*,#1850,.F.);
#10010=ORIENTED_EDGE('',*,*,#1852,.F.);
#10011=ORIENTED_EDGE('',*,*,#1808,.T.);
#10012=CARTESIAN_POINT('',(-2.225,2.95,-0.675));
#10013=DIRECTION('',(0.0,1.0,0.0));
#10014=DIRECTION('',(0.0,0.0,-1.0));
#10015=ORIENTED_EDGE('',*,*,#1852,.T.);
#10016=ORIENTED_EDGE('',*,*,#1854,.F.);
#10017=ORIENTED_EDGE('',*,*,#1856,.F.);
#10018=ORIENTED_EDGE('',*,*,#1810,.T.);
#10019=CARTESIAN_POINT('',(-2.225,2.15,-0.675));
#10020=DIRECTION('',(0.0,0.0,-1.0));
#10021=DIRECTION('',(0.0,1.0,0.0));
#10022=ORIENTED_EDGE('',*,*,#1856,.T.);
#10023=ORIENTED_EDGE('',*,*,#1858,.F.);
#10024=ORIENTED_EDGE('',*,*,#1860,.F.);
#10025=ORIENTED_EDGE('',*,*,#1812,.T.);
#10026=CARTESIAN_POINT('',(-2.225,2.15,-0.925));
#10027=DIRECTION('',(0.0,1.0,0.0));
#10028=DIRECTION('',(0.0,0.0,-1.0));
#10029=ORIENTED_EDGE('',*,*,#1860,.T.);
#10030=ORIENTED_EDGE('',*,*,#1862,.F.);
#10031=ORIENTED_EDGE('',*,*,#1864,.F.);
#10032=ORIENTED_EDGE('',*,*,#1814,.T.);
#10033=CARTESIAN_POINT('',(-2.225,0.3,-0.925));
#10034=DIRECTION('',(0.0,0.0,-1.0));
#10035=DIRECTION('',(0.0,1.0,0.0));
#10036=ORIENTED_EDGE('',*,*,#1864,.T.);
#10037=ORIENTED_EDGE('',*,*,#1866,.F.);
#10038=ORIENTED_EDGE('',*,*,#1868,.F.);
#10039=ORIENTED_EDGE('',*,*,#1816,.T.);
#10040=CARTESIAN_POINT('',(-2.225,0.2,-1.025));
#10041=DIRECTION('',(0.0,0.707106781186548,-0.707106781186548));
#10042=DIRECTION('',(-1.0,0.0,0.0));
#10043=ORIENTED_EDGE('',*,*,#1868,.T.);
#10044=ORIENTED_EDGE('',*,*,#1870,.F.);
#10045=ORIENTED_EDGE('',*,*,#1872,.F.);
#10046=ORIENTED_EDGE('',*,*,#1818,.T.);
#10047=CARTESIAN_POINT('',(-2.225,-0.1,-1.025));
#10048=DIRECTION('',(0.0,0.0,-1.0));
#10049=DIRECTION('',(0.0,1.0,0.0));
#10050=ORIENTED_EDGE('',*,*,#1872,.T.);
#10051=ORIENTED_EDGE('',*,*,#1874,.F.);
#10052=ORIENTED_EDGE('',*,*,#1876,.F.);
#10053=ORIENTED_EDGE('',*,*,#1820,.T.);
#10054=CARTESIAN_POINT('',(-2.225,-0.1,0.375));
#10055=DIRECTION('',(0.0,-1.0,0.0));
#10056=DIRECTION('',(-1.0,0.0,0.0));
#10057=ORIENTED_EDGE('',*,*,#1876,.T.);
#10058=ORIENTED_EDGE('',*,*,#1878,.F.);
#10059=ORIENTED_EDGE('',*,*,#1880,.F.);
#10060=ORIENTED_EDGE('',*,*,#1822,.T.);
#10061=CARTESIAN_POINT('',(-2.225,0.05,0.525));
#10062=DIRECTION('',(0.0,-0.707106781186548,0.707106781186548));
#10063=DIRECTION('',(0.0,0.707106781186548,0.707106781186548));
#10064=ORIENTED_EDGE('',*,*,#1880,.T.);
#10065=ORIENTED_EDGE('',*,*,#1882,.F.);
#10066=ORIENTED_EDGE('',*,*,#1884,.F.);
#10067=ORIENTED_EDGE('',*,*,#1824,.T.);
#10068=CARTESIAN_POINT('',(-2.225,0.05,1.725));
#10069=DIRECTION('',(0.0,-1.0,0.0));
#10070=DIRECTION('',(-1.0,0.0,0.0));
#10071=ORIENTED_EDGE('',*,*,#1884,.T.);
#10072=ORIENTED_EDGE('',*,*,#1886,.F.);
#10073=ORIENTED_EDGE('',*,*,#1888,.F.);
#10074=ORIENTED_EDGE('',*,*,#1826,.T.);
#10075=CARTESIAN_POINT('',(-2.225,4.05,1.725));
#10076=DIRECTION('',(0.0,0.0,1.0));
#10077=DIRECTION('',(1.0,0.0,0.0));
#10078=ORIENTED_EDGE('',*,*,#1888,.T.);
#10079=ORIENTED_EDGE('',*,*,#1890,.F.);
#10080=ORIENTED_EDGE('',*,*,#1892,.F.);
#10081=ORIENTED_EDGE('',*,*,#1828,.T.);
#10082=CARTESIAN_POINT('',(-2.225,4.05,0.775));
#10083=DIRECTION('',(0.0,1.0,0.0));
#10084=DIRECTION('',(0.0,0.0,-1.0));
#10085=ORIENTED_EDGE('',*,*,#1892,.T.);
#10086=ORIENTED_EDGE('',*,*,#1894,.F.);
#10087=ORIENTED_EDGE('',*,*,#1896,.F.);
#10088=ORIENTED_EDGE('',*,*,#1830,.T.);
#10089=CARTESIAN_POINT('',(-2.225,2.9,0.775));
#10090=DIRECTION('',(0.0,0.0,-1.0));
#10091=DIRECTION('',(0.0,1.0,0.0));
#10092=ORIENTED_EDGE('',*,*,#1896,.T.);
#10093=ORIENTED_EDGE('',*,*,#1898,.F.);
#10094=ORIENTED_EDGE('',*,*,#1900,.F.);
#10095=ORIENTED_EDGE('',*,*,#1832,.T.);
#10096=CARTESIAN_POINT('',(-2.225,2.9,0.875));
#10097=DIRECTION('',(0.0,-1.0,0.0));
#10098=DIRECTION('',(-1.0,0.0,0.0));
#10099=ORIENTED_EDGE('',*,*,#1900,.T.);
#10100=ORIENTED_EDGE('',*,*,#1902,.F.);
#10101=ORIENTED_EDGE('',*,*,#1904,.F.);
#10102=ORIENTED_EDGE('',*,*,#1834,.T.);
#10103=CARTESIAN_POINT('',(-2.225,1.85,0.875));
#10104=DIRECTION('',(0.0,0.0,-1.0));
#10105=DIRECTION('',(0.0,1.0,0.0));
#10106=ORIENTED_EDGE('',*,*,#1904,.T.);
#10107=ORIENTED_EDGE('',*,*,#1906,.F.);
#10108=ORIENTED_EDGE('',*,*,#1908,.F.);
#10109=ORIENTED_EDGE('',*,*,#1836,.T.);
#10110=CARTESIAN_POINT('',(-2.225,1.85,0.775));
#10111=DIRECTION('',(0.0,1.0,0.0));
#10112=DIRECTION('',(0.0,0.0,-1.0));
#10113=ORIENTED_EDGE('',*,*,#1908,.T.);
#10114=ORIENTED_EDGE('',*,*,#1910,.F.);
#10115=ORIENTED_EDGE('',*,*,#1912,.F.);
#10116=ORIENTED_EDGE('',*,*,#1838,.T.);
#10117=CARTESIAN_POINT('',(-2.225,0.85,0.775));
#10118=DIRECTION('',(0.0,0.0,-1.0));
#10119=DIRECTION('',(0.0,1.0,0.0));
#10120=ORIENTED_EDGE('',*,*,#1912,.T.);
#10121=ORIENTED_EDGE('',*,*,#1914,.F.);
#10122=ORIENTED_EDGE('',*,*,#1844,.F.);
#10123=ORIENTED_EDGE('',*,*,#1840,.T.);
#10124=CARTESIAN_POINT('',(-2.225,0.85,-0.325));
#10125=DIRECTION('',(0.0,1.0,0.0));
#10126=DIRECTION('',(0.0,0.0,-1.0));
#10127=ORIENTED_EDGE('',*,*,#1914,.T.);
#10128=ORIENTED_EDGE('',*,*,#1910,.T.);
#10129=ORIENTED_EDGE('',*,*,#1906,.T.);
#10130=ORIENTED_EDGE('',*,*,#1902,.T.);
#10131=ORIENTED_EDGE('',*,*,#1898,.T.);
#10132=ORIENTED_EDGE('',*,*,#1894,.T.);
#10133=ORIENTED_EDGE('',*,*,#1890,.T.);
#10134=ORIENTED_EDGE('',*,*,#1886,.T.);
#10135=ORIENTED_EDGE('',*,*,#1882,.T.);
#10136=ORIENTED_EDGE('',*,*,#1878,.T.);
#10137=ORIENTED_EDGE('',*,*,#1874,.T.);
#10138=ORIENTED_EDGE('',*,*,#1870,.T.);
#10139=ORIENTED_EDGE('',*,*,#1866,.T.);
#10140=ORIENTED_EDGE('',*,*,#1862,.T.);
#10141=ORIENTED_EDGE('',*,*,#1858,.T.);
#10142=ORIENTED_EDGE('',*,*,#1854,.T.);
#10143=ORIENTED_EDGE('',*,*,#1850,.T.);
#10144=ORIENTED_EDGE('',*,*,#1846,.T.);
#10145=CARTESIAN_POINT('',(-2.025,-0.1,-0.925));
#10146=DIRECTION('',(1.0,0.0,0.0));
#10147=DIRECTION('',(0.0,0.0,-1.0));
#10148=COLOUR_RGB('',0.97486799955368,1.0,0.854254007339478);
#10149=COLOUR_RGB('',0.927183985710144,0.927183985710144,0.927183985710144);
#10150=COLOUR_RGB('',0.927183985710144,0.927183985710144,0.927183985710144);
#10151=COLOUR_RGB('',0.927183985710144,0.927183985710144,0.927183985710144);
#10152=COLOUR_RGB('',0.927183985710144,0.927183985710144,0.927183985710144);
#10153=COLOUR_RGB('',0.927183985710144,0.927183985710144,0.927183985710144);
ENDSEC;
END-ISO-10303-21;
