ISO-10303-21;
HEADER;
FILE_DESCRIPTION (( 'STEP AP214' ),
    '1' );
FILE_NAME ('GBC12SBAN.STEP',
    '2024-09-23T22:04:48',
    ( '' ),
    ( '' ),
    'SwSTEP 2.0',
    'SolidWorks 2021',
    '' );
FILE_SCHEMA (( 'AUTOMOTIVE_DESIGN' ));
ENDSEC;

DATA;
#1 = CARTESIAN_POINT ( 'NONE',  ( 5.080000000000002736, 0.6599113576837527528, 4.064000000000000057 ) ) ;
#2 = ORIENTED_EDGE ( 'NONE', *, *, #5823, .F. ) ;
#3 = ORIENTED_EDGE ( 'NONE', *, *, #5782, .F. ) ;
#4 = CARTESIAN_POINT ( 'NONE',  ( 5.461000000000002075, 3.556000000000001826, 1.524000000000000021 ) ) ;
#5 = CARTESIAN_POINT ( 'NONE',  ( 10.16000000000000369, 0.6599113576837527528, 4.064000000000000057 ) ) ;
#6 = ORIENTED_EDGE ( 'NONE', *, *, #658, .T. ) ;
#7 = CARTESIAN_POINT ( 'NONE',  ( -10.15999999999999659, 2.896088642316250183, 1.524000000000000021 ) ) ;
#8 = EDGE_CURVE ( 'NONE', #5658, #5628, #5326, .T. ) ;
#9 = ORIENTED_EDGE ( 'NONE', *, *, #1312, .F. ) ;
#10 = CARTESIAN_POINT ( 'NONE',  ( 4.699000000000003396, 3.556000000000001382, 1.524000000000000021 ) ) ;
#11 = VECTOR ( 'NONE', #1736, 1000.000000000000000 ) ;
#12 = DIRECTION ( 'NONE',  ( 1.000000000000000000, 0.000000000000000000, 0.000000000000000000 ) ) ;
#13 = DIRECTION ( 'NONE',  ( 0.000000000000000000, -1.000000000000000000, -1.446953386474714677E-16 ) ) ;
#14 = DIRECTION ( 'NONE',  ( -1.000000000000000000, 2.439149994343089694E-16, -0.000000000000000000 ) ) ;
#15 = VECTOR ( 'NONE', #4006, 1000.000000000000000 ) ;
#16 = AXIS2_PLACEMENT_3D ( 'NONE', #4879, #5927, #4448 ) ;
#17 = ORIENTED_EDGE ( 'NONE', *, *, #4452, .T. ) ;
#18 = PLANE ( 'NONE',  #724 ) ;
#19 = FACE_OUTER_BOUND ( 'NONE', #1582, .T. ) ;
#20 = VECTOR ( 'NONE', #192, 1000.000000000000000 ) ;
#21 = VECTOR ( 'NONE', #2961, 1000.000000000000000 ) ;
#22 = DIRECTION ( 'NONE',  ( 1.000000000000000000, 0.000000000000000000, 0.000000000000000000 ) ) ;
#23 = CARTESIAN_POINT ( 'NONE',  ( -0.2212542614753363335, -2.577836707110604308, 0.2212542614753361114 ) ) ;
#24 = EDGE_CURVE ( 'NONE', #1809, #3049, #1177, .T. ) ;
#25 = EDGE_CURVE ( 'NONE', #4593, #2535, #628, .T. ) ;
#26 = ORIENTED_EDGE ( 'NONE', *, *, #774, .F. ) ;
#27 = EDGE_LOOP ( 'NONE', ( #2738, #1352, #2972, #4116 ) ) ;
#28 = AXIS2_PLACEMENT_3D ( 'NONE', #708, #210, #4354 ) ;
#29 = VECTOR ( 'NONE', #2941, 1000.000000000000000 ) ;
#30 = LINE ( 'NONE', #4718, #1119 ) ;
#31 = LINE ( 'NONE', #2907, #2099 ) ;
#32 = ORIENTED_EDGE ( 'NONE', *, *, #5263, .T. ) ;
#33 = VECTOR ( 'NONE', #5995, 1000.000000000000000 ) ;
#34 = AXIS2_PLACEMENT_3D ( 'NONE', #1966, #4267, #2030 ) ;
#35 = DIRECTION ( 'NONE',  ( -0.000000000000000000, -0.000000000000000000, -1.000000000000000000 ) ) ;
#36 = EDGE_CURVE ( 'NONE', #603, #3916, #3935, .T. ) ;
#37 = EDGE_LOOP ( 'NONE', ( #3379, #3196, #494, #3761 ) ) ;
#38 = VERTEX_POINT ( 'NONE', #2055 ) ;
#39 = VECTOR ( 'NONE', #4222, 1000.000000000000000 ) ;
#40 = EDGE_CURVE ( 'NONE', #632, #4570, #3381, .T. ) ;
#41 = PLANE ( 'NONE',  #816 ) ;
#42 = VECTOR ( 'NONE', #5161, 1000.000000000000000 ) ;
#43 = LINE ( 'NONE', #3723, #331 ) ;
#44 = ORIENTED_EDGE ( 'NONE', *, *, #334, .T. ) ;
#45 = CARTESIAN_POINT ( 'NONE',  ( -0.3175000000000000044, 1.460500000000002130, 9.397999999999990806 ) ) ;
#46 = ORIENTED_EDGE ( 'NONE', *, *, #1236, .F. ) ;
#47 = DIRECTION ( 'NONE',  ( -0.000000000000000000, -0.000000000000000000, -1.000000000000000000 ) ) ;
#48 = VECTOR ( 'NONE', #3433, 1000.000000000000000 ) ;
#49 = CARTESIAN_POINT ( 'NONE',  ( -0.3809999999999976739, 0.000000000000000000, 4.064000000000000057 ) ) ;
#50 = FACE_OUTER_BOUND ( 'NONE', #1344, .T. ) ;
#51 = COLOUR_RGB ( '',0.2509803921568627416, 0.2509803921568627416, 0.2509803921568627416 ) ;
#52 = ORIENTED_EDGE ( 'NONE', *, *, #3398, .T. ) ;
#53 = ADVANCED_FACE ( 'NONE', ( #5774 ), #248, .F. ) ;
#54 = DIRECTION ( 'NONE',  ( -1.000000000000000000, 0.000000000000000000, 0.000000000000000000 ) ) ;
#55 = PRODUCT_DEFINITION_SHAPE ( 'NONE', 'NONE',  #6066 ) ;
#56 = CARTESIAN_POINT ( 'NONE',  ( -9.778999999999999915, 3.556000000000001826, 4.064000000000000057 ) ) ;
#57 = VERTEX_POINT ( 'NONE', #5039 ) ;
#58 = CARTESIAN_POINT ( 'NONE',  ( 17.78000000000000114, 0.000000000000000000, 4.064000000000000057 ) ) ;
#59 = CARTESIAN_POINT ( 'NONE',  ( 1.734723475976807094E-15, 0.6599113576837527528, 4.064000000000000057 ) ) ;
#60 = ORIENTED_EDGE ( 'NONE', *, *, #147, .T. ) ;
#61 = ORIENTED_EDGE ( 'NONE', *, *, #2606, .T. ) ;
#62 =( NAMED_UNIT ( * ) PLANE_ANGLE_UNIT ( ) SI_UNIT ( $, .RADIAN. ) );
#63 = DIRECTION ( 'NONE',  ( -0.8660254037844414832, 0.4999999999999951150, 0.000000000000000000 ) ) ;
#64 = VERTEX_POINT ( 'NONE', #2564 ) ;
#65 = CARTESIAN_POINT ( 'NONE',  ( 2.921000000000001595, 1.819702678853052132E-15, 4.064000000000000057 ) ) ;
#66 = EDGE_LOOP ( 'NONE', ( #557, #4556, #3244, #3682 ) ) ;
#67 = ORIENTED_EDGE ( 'NONE', *, *, #3001, .T. ) ;
#68 = EDGE_CURVE ( 'NONE', #209, #3424, #3847, .T. ) ;
#69 =( LENGTH_UNIT ( ) NAMED_UNIT ( * ) SI_UNIT ( .MILLI., .METRE. ) );
#70 = EDGE_CURVE ( 'NONE', #902, #5600, #3409, .T. ) ;
#71 = DIRECTION ( 'NONE',  ( -0.000000000000000000, 0.000000000000000000, 1.000000000000000000 ) ) ;
#72 = LINE ( 'NONE', #2033, #3728 ) ;
#73 = VERTEX_POINT ( 'NONE', #594 ) ;
#74 = DIRECTION ( 'NONE',  ( 0.4999999999999945044, -0.8660254037844418162, 0.000000000000000000 ) ) ;
#75 = ORIENTED_EDGE ( 'NONE', *, *, #3319, .F. ) ;
#76 = CARTESIAN_POINT ( 'NONE',  ( -2.539999999999996927, 2.896088642316250628, 4.064000000000000057 ) ) ;
#77 = CARTESIAN_POINT ( 'NONE',  ( 2.921000000000001595, 1.819702678853052132E-15, 4.064000000000000057 ) ) ;
#78 = DIRECTION ( 'NONE',  ( -0.000000000000000000, -0.000000000000000000, -1.000000000000000000 ) ) ;
#79 = PLANE ( 'NONE',  #1121 ) ;
#80 = CARTESIAN_POINT ( 'NONE',  ( -6.667499999999993321, 2.095500000000015017, 4.064000000000000057 ) ) ;
#81 = ORIENTED_EDGE ( 'NONE', *, *, #1632, .F. ) ;
#82 = DIRECTION ( 'NONE',  ( 0.000000000000000000, -1.000000000000000000, 0.000000000000000000 ) ) ;
#83 = LINE ( 'NONE', #1866, #3738 ) ;
#84 = CARTESIAN_POINT ( 'NONE',  ( -13.65249999999999275, 1.460500000000014786, 1.524000000000000021 ) ) ;
#85 = CARTESIAN_POINT ( 'NONE',  ( 4.127500000000007496, 1.460500000000014786, 4.064000000000000057 ) ) ;
#86 = EDGE_CURVE ( 'NONE', #1153, #209, #2933, .T. ) ;
#87 = ORIENTED_EDGE ( 'NONE', *, *, #5885, .T. ) ;
#88 = ORIENTED_EDGE ( 'NONE', *, *, #2364, .F. ) ;
#89 = EDGE_CURVE ( 'NONE', #1760, #5567, #2908, .T. ) ;
#90 = CARTESIAN_POINT ( 'NONE',  ( 12.70000000000000462, 0.6599113576837527528, 1.524000000000000021 ) ) ;
#91 = DIRECTION ( 'NONE',  ( -0.4999999999999943934, -0.8660254037844419273, -0.000000000000000000 ) ) ;
#92 = ORIENTED_EDGE ( 'NONE', *, *, #2574, .F. ) ;
#93 = DIRECTION ( 'NONE',  ( -0.000000000000000000, -0.000000000000000000, -1.000000000000000000 ) ) ;
#94 = ORIENTED_EDGE ( 'NONE', *, *, #3638, .T. ) ;
#95 = CARTESIAN_POINT ( 'NONE',  ( 0.000000000000000000, 0.000000000000000000, 0.000000000000000000 ) ) ;
#96 = FACE_OUTER_BOUND ( 'NONE', #2014, .T. ) ;
#97 = DIRECTION ( 'NONE',  ( 1.000000000000000000, -0.000000000000000000, 0.000000000000000000 ) ) ;
#98 = ORIENTED_EDGE ( 'NONE', *, *, #4714, .F. ) ;
#99 = LINE ( 'NONE', #1974, #3624 ) ;
#100 = EDGE_CURVE ( 'NONE', #64, #367, #4747, .T. ) ;
#101 = ORIENTED_EDGE ( 'NONE', *, *, #3775, .T. ) ;
#102 = CARTESIAN_POINT ( 'NONE',  ( -3.492499999999992166, 1.460500000000014786, 4.064000000000000057 ) ) ;
#103 = FILL_AREA_STYLE_COLOUR ( '', #4909 ) ;
#104 = CLOSED_SHELL ( 'NONE', ( #1407, #2096, #1323, #335, #5641, #4973, #297, #784, #5069, #5906, #3650, #215, #5511, #5275 ) ) ;
#105 = DIRECTION ( 'NONE',  ( 0.4999999999999950595, 0.8660254037844414832, 0.000000000000000000 ) ) ;
#106 = LINE ( 'NONE', #1614, #4399 ) ;
#107 = CARTESIAN_POINT ( 'NONE',  ( 8.001000000000002998, 3.556000000000001826, 4.064000000000000057 ) ) ;
#108 = EDGE_LOOP ( 'NONE', ( #5630, #1513, #5193, #4706, #1495, #564, #5192, #3194 ) ) ;
#109 = AXIS2_PLACEMENT_3D ( 'NONE', #2453, #670, #1952 ) ;
#110 = LINE ( 'NONE', #145, #3732 ) ;
#111 = CARTESIAN_POINT ( 'NONE',  ( 1.587500000000007239, 1.460500000000014786, 4.064000000000000057 ) ) ;
#112 = FACE_OUTER_BOUND ( 'NONE', #1863, .T. ) ;
#113 = LINE ( 'NONE', #5346, #1889 ) ;
#114 = AXIS2_PLACEMENT_3D ( 'NONE', #1828, #1883, #5541 ) ;
#115 = ORIENTED_EDGE ( 'NONE', *, *, #4825, .T. ) ;
#116 = ORIENTED_EDGE ( 'NONE', *, *, #1005, .T. ) ;
#117 = CARTESIAN_POINT ( 'NONE',  ( -3.492499999999992166, 1.460500000000014786, 4.064000000000000057 ) ) ;
#118 = VECTOR ( 'NONE', #555, 1000.000000000000000 ) ;
#119 = VECTOR ( 'NONE', #5090, 1000.000000000000000 ) ;
#120 = LINE ( 'NONE', #156, #943 ) ;
#121 = DIRECTION ( 'NONE',  ( 1.000000000000000000, 0.000000000000000000, 0.000000000000000000 ) ) ;
#122 = EDGE_CURVE ( 'NONE', #5067, #413, #2174, .T. ) ;
#123 = PRESENTATION_LAYER_ASSIGNMENT (  '', '', ( #1988 ) ) ;
#124 = PLANE ( 'NONE',  #4312 ) ;
#125 = VECTOR ( 'NONE', #14, 1000.000000000000000 ) ;
#126 = VERTEX_POINT ( 'NONE', #274 ) ;
#127 = MECHANICAL_DESIGN_GEOMETRIC_PRESENTATION_REPRESENTATION (  '', ( #433 ), #6004 ) ;
#128 = VECTOR ( 'NONE', #411, 1000.000000000000000 ) ;
#129 =( NAMED_UNIT ( * ) PLANE_ANGLE_UNIT ( ) SI_UNIT ( $, .RADIAN. ) );
#130 = FACE_OUTER_BOUND ( 'NONE', #5172, .T. ) ;
#131 = CARTESIAN_POINT ( 'NONE',  ( 10.16000000000000369, 2.896088642316250183, 4.064000000000000057 ) ) ;
#132 = ORIENTED_EDGE ( 'NONE', *, *, #3724, .F. ) ;
#133 = FACE_BOUND ( 'NONE', #5477, .T. ) ;
#134 = AXIS2_PLACEMENT_3D ( 'NONE', #700, #5963, #5458 ) ;
#135 = ORIENTED_EDGE ( 'NONE', *, *, #5092, .F. ) ;
#136 = CARTESIAN_POINT ( 'NONE',  ( 0.9525000000000071188, 2.095500000000015017, 1.524000000000000021 ) ) ;
#137 = AXIS2_PLACEMENT_3D ( 'NONE', #5772, #5843, #5256 ) ;
#138 = ADVANCED_FACE ( 'NONE', ( #4056 ), #4463, .T. ) ;
#139 = DIRECTION ( 'NONE',  ( 1.023454825001716575E-15, 1.000000000000000000, -0.000000000000000000 ) ) ;
#140 = ORIENTED_EDGE ( 'NONE', *, *, #2289, .T. ) ;
#141 = CARTESIAN_POINT ( 'NONE',  ( 0.9525000000000071188, 1.460500000000014786, 1.524000000000000021 ) ) ;
#142 = CARTESIAN_POINT ( 'NONE',  ( 6.032500000000008633, 2.095500000000015017, 4.064000000000000057 ) ) ;
#143 = VERTEX_POINT ( 'NONE', #3618 ) ;
#144 = VECTOR ( 'NONE', #1773, 1000.000000000000000 ) ;
#145 = CARTESIAN_POINT ( 'NONE',  ( -14.28749999999999254, 1.460500000000014786, 1.524000000000000021 ) ) ;
#146 = CARTESIAN_POINT ( 'NONE',  ( 7.620000000000003659, 2.896088642316250628, 1.524000000000000021 ) ) ;
#147 = EDGE_CURVE ( 'NONE', #5254, #4945, #4438, .T. ) ;
#148 = CARTESIAN_POINT ( 'NONE',  ( -6.032499999999992646, 1.460500000000014786, 1.524000000000000021 ) ) ;
#149 = EDGE_CURVE ( 'NONE', #3068, #3167, #1293, .T. ) ;
#150 =( GEOMETRIC_REPRESENTATION_CONTEXT ( 3 ) GLOBAL_UNCERTAINTY_ASSIGNED_CONTEXT ( ( #174 ) ) GLOBAL_UNIT_ASSIGNED_CONTEXT ( ( #462, #5525, #6055 ) ) REPRESENTATION_CONTEXT ( 'NONE', 'WORKASPACE' ) );
#151 = CARTESIAN_POINT ( 'NONE',  ( 7.620000000000003659, 2.896088642316250628, 4.064000000000000057 ) ) ;
#152 = ORIENTED_EDGE ( 'NONE', *, *, #5710, .T. ) ;
#153 = ORIENTED_EDGE ( 'NONE', *, *, #5861, .T. ) ;
#154 = DIRECTION ( 'NONE',  ( -2.439149994343089694E-16, -1.000000000000000000, 0.000000000000000000 ) ) ;
#155 = PLANE ( 'NONE',  #3067 ) ;
#156 = CARTESIAN_POINT ( 'NONE',  ( 2.540000000000002256, 2.896088642316250628, 1.524000000000000021 ) ) ;
#157 = ADVANCED_FACE ( 'NONE', ( #377 ), #3498, .T. ) ;
#158 = CARTESIAN_POINT ( 'NONE',  ( 0.3175000000000000044, 1.460500000000002130, 9.397999999999990806 ) ) ;
#159 = DIRECTION ( 'NONE',  ( -0.4999999999999943934, -0.8660254037844419273, -0.000000000000000000 ) ) ;
#160 = ORIENTED_EDGE ( 'NONE', *, *, #5100, .F. ) ;
#161 = DIRECTION ( 'NONE',  ( 0.000000000000000000, 0.000000000000000000, 1.000000000000000000 ) ) ;
#162 = CARTESIAN_POINT ( 'NONE',  ( -4.127499999999992397, 2.095500000000015017, 4.064000000000000057 ) ) ;
#163 = EDGE_CURVE ( 'NONE', #2436, #2051, #2231, .T. ) ;
#164 = CARTESIAN_POINT ( 'NONE',  ( 9.779000000000003467, 0.000000000000000000, 4.064000000000000057 ) ) ;
#165 = CARTESIAN_POINT ( 'NONE',  ( 7.239000000000004320, 3.556000000000001382, 4.064000000000000057 ) ) ;
#166 = ORIENTED_EDGE ( 'NONE', *, *, #2449, .F. ) ;
#167 = SURFACE_STYLE_FILL_AREA ( #2893 ) ;
#168 = EDGE_CURVE ( 'NONE', #4892, #5567, #2719, .T. ) ;
#169 = CARTESIAN_POINT ( 'NONE',  ( -9.778999999999999915, 1.819702678853052132E-15, 1.524000000000000021 ) ) ;
#170 = VERTEX_POINT ( 'NONE', #4025 ) ;
#171 = CARTESIAN_POINT ( 'NONE',  ( -0.2732982046871273996, 1.504701795312874957, 9.648680838152355221 ) ) ;
#172 = ORIENTED_EDGE ( 'NONE', *, *, #3184, .F. ) ;
#173 = CARTESIAN_POINT ( 'NONE',  ( -11.74749999999999162, 1.460500000000014786, 4.064000000000000057 ) ) ;
#174 = UNCERTAINTY_MEASURE_WITH_UNIT (LENGTH_MEASURE( 1.000000000000000082E-05 ), #462, 'distance_accuracy_value', 'NONE');
#175 = ORIENTED_EDGE ( 'NONE', *, *, #1170, .F. ) ;
#176 = PLANE ( 'NONE',  #2573 ) ;
#177 = CARTESIAN_POINT ( 'NONE',  ( -13.08099999999999774, 3.556000000000001382, 4.064000000000000057 ) ) ;
#178 = DIRECTION ( 'NONE',  ( -1.000000000000000000, 0.000000000000000000, 0.000000000000000000 ) ) ;
#179 = FACE_OUTER_BOUND ( 'NONE', #4234, .T. ) ;
#180 = ORIENTED_EDGE ( 'NONE', *, *, #5665, .F. ) ;
#181 = VERTEX_POINT ( 'NONE', #1266 ) ;
#182 = EDGE_CURVE ( 'NONE', #5463, #1607, #3147, .T. ) ;
#183 = CARTESIAN_POINT ( 'NONE',  ( -3.492499999999992166, 2.095500000000015017, 4.064000000000000057 ) ) ;
#184 = CARTESIAN_POINT ( 'NONE',  ( 3.492500000000007709, 2.095500000000015017, 4.064000000000000057 ) ) ;
#185 = ORIENTED_EDGE ( 'NONE', *, *, #3996, .F. ) ;
#186 = EDGE_CURVE ( 'NONE', #4378, #2027, #3087, .T. ) ;
#187 = DIRECTION ( 'NONE',  ( 0.000000000000000000, -1.000000000000000000, 0.000000000000000000 ) ) ;
#188 = ORIENTED_EDGE ( 'NONE', *, *, #3454, .F. ) ;
#189 = DIRECTION ( 'NONE',  ( 0.000000000000000000, 0.000000000000000000, 1.000000000000000000 ) ) ;
#190 = EDGE_CURVE ( 'NONE', #57, #2424, #4996, .T. ) ;
#191 = FACE_OUTER_BOUND ( 'NONE', #1306, .T. ) ;
#192 = DIRECTION ( 'NONE',  ( -1.000000000000000000, -0.000000000000000000, -0.000000000000000000 ) ) ;
#193 = ORIENTED_EDGE ( 'NONE', *, *, #1823, .F. ) ;
#194 = SURFACE_SIDE_STYLE ('',( #167 ) ) ;
#195 = EDGE_CURVE ( 'NONE', #3317, #838, #5910, .T. ) ;
#196 = DIRECTION ( 'NONE',  ( -0.000000000000000000, -0.000000000000000000, -1.000000000000000000 ) ) ;
#197 = EDGE_LOOP ( 'NONE', ( #3445, #2518, #4177, #2299 ) ) ;
#198 = CARTESIAN_POINT ( 'NONE',  ( 4.127500000000007496, 1.460500000000014786, 1.524000000000000021 ) ) ;
#199 = ORIENTED_EDGE ( 'NONE', *, *, #4530, .F. ) ;
#200 = LINE ( 'NONE', #2456, #3145 ) ;
#201 = ORIENTED_EDGE ( 'NONE', *, *, #4010, .F. ) ;
#202 = LINE ( 'NONE', #3013, #3931 ) ;
#203 = VECTOR ( 'NONE', #1063, 1000.000000000000000 ) ;
#204 = DIRECTION ( 'NONE',  ( -0.000000000000000000, -0.000000000000000000, -1.000000000000000000 ) ) ;
#205 = DIRECTION ( 'NONE',  ( 0.000000000000000000, -0.000000000000000000, 1.000000000000000000 ) ) ;
#206 = LINE ( 'NONE', #1056, #21 ) ;
#207 = VECTOR ( 'NONE', #1259, 1000.000000000000000 ) ;
#208 = EDGE_LOOP ( 'NONE', ( #4235, #235, #5380, #3783 ) ) ;
#209 = VERTEX_POINT ( 'NONE', #3055 ) ;
#210 = DIRECTION ( 'NONE',  ( -1.000000000000000000, 0.000000000000000000, 0.000000000000000000 ) ) ;
#211 = DIRECTION ( 'NONE',  ( 0.000000000000000000, -0.000000000000000000, 1.000000000000000000 ) ) ;
#212 = AXIS2_PLACEMENT_3D ( 'NONE', #3036, #4003, #3948 ) ;
#213 = DIRECTION ( 'NONE',  ( -0.000000000000000000, 1.000000000000000000, -0.000000000000000000 ) ) ;
#214 = EDGE_CURVE ( 'NONE', #750, #4892, #842, .T. ) ;
#215 = ADVANCED_FACE ( 'NONE', ( #348 ), #4081, .T. ) ;
#216 = FACE_OUTER_BOUND ( 'NONE', #1019, .T. ) ;
#217 = ORIENTED_EDGE ( 'NONE', *, *, #3184, .T. ) ;
#218 = VECTOR ( 'NONE', #1297, 1000.000000000000000 ) ;
#219 = MECHANICAL_DESIGN_GEOMETRIC_PRESENTATION_REPRESENTATION (  '', ( #2953 ), #4693 ) ;
#220 = FACE_OUTER_BOUND ( 'NONE', #27, .T. ) ;
#221 =( LENGTH_UNIT ( ) NAMED_UNIT ( * ) SI_UNIT ( .MILLI., .METRE. ) );
#222 = VECTOR ( 'NONE', #5240, 1000.000000000000000 ) ;
#223 = VECTOR ( 'NONE', #3758, 1000.000000000000000 ) ;
#224 = DIRECTION ( 'NONE',  ( 0.4999999999999945044, -0.8660254037844418162, 0.000000000000000000 ) ) ;
#225 = ORIENTED_EDGE ( 'NONE', *, *, #3928, .T. ) ;
#226 = PRESENTATION_LAYER_ASSIGNMENT (  '', '', ( #433 ) ) ;
#227 = VECTOR ( 'NONE', #630, 1000.000000000000000 ) ;
#228 = FACE_OUTER_BOUND ( 'NONE', #5425, .T. ) ;
#229 = CARTESIAN_POINT ( 'NONE',  ( -14.85899999999999821, 1.819702678853052132E-15, 4.064000000000000057 ) ) ;
#230 = VERTEX_POINT ( 'NONE', #804 ) ;
#231 = VECTOR ( 'NONE', #3076, 1000.000000000000000 ) ;
#232 = CARTESIAN_POINT ( 'NONE',  ( -0.3175000000000000044, 1.206500000000001904, -0.3174999999999999489 ) ) ;
#233 = ORIENTED_EDGE ( 'NONE', *, *, #762, .T. ) ;
#234 = DIRECTION ( 'NONE',  ( -2.439149994343089694E-16, -1.000000000000000000, 0.000000000000000000 ) ) ;
#235 = ORIENTED_EDGE ( 'NONE', *, *, #3485, .F. ) ;
#236 = CARTESIAN_POINT ( 'NONE',  ( -2.539999999999996927, 0.6599113576837527528, 4.064000000000000057 ) ) ;
#237 = VECTOR ( 'NONE', #4685, 1000.000000000000114 ) ;
#238 = CARTESIAN_POINT ( 'NONE',  ( -6.667499999999993321, 1.460500000000014786, 1.524000000000000021 ) ) ;
#239 = DIRECTION ( 'NONE',  ( -2.439149994343089694E-16, -1.000000000000000000, 0.000000000000000000 ) ) ;
#240 = LINE ( 'NONE', #3376, #5887 ) ;
#241 = EDGE_CURVE ( 'NONE', #3802, #1172, #1686, .T. ) ;
#242 = STYLED_ITEM ( 'NONE', ( #268 ), #5777 ) ;
#243 = ORIENTED_EDGE ( 'NONE', *, *, #186, .F. ) ;
#244 = ORIENTED_EDGE ( 'NONE', *, *, #4738, .T. ) ;
#245 = CARTESIAN_POINT ( 'NONE',  ( -15.23999999999999844, 2.896088642316250628, 4.064000000000000057 ) ) ;
#246 = LINE ( 'NONE', #2472, #5510 ) ;
#247 = AXIS2_PLACEMENT_3D ( 'NONE', #5635, #5985, #6048 ) ;
#248 = PLANE ( 'NONE',  #2253 ) ;
#249 = EDGE_CURVE ( 'NONE', #1809, #5045, #2654, .T. ) ;
#250 = DIRECTION ( 'NONE',  ( 0.000000000000000000, -1.000000000000000000, 0.000000000000000000 ) ) ;
#251 = VERTEX_POINT ( 'NONE', #4928 ) ;
#252 = ORIENTED_EDGE ( 'NONE', *, *, #3976, .F. ) ;
#253 = STYLED_ITEM ( 'NONE', ( #598 ), #1663 ) ;
#254 = CARTESIAN_POINT ( 'NONE',  ( -11.74749999999999162, 2.095500000000015017, 1.524000000000000021 ) ) ;
#255 = APPLICATION_CONTEXT ( 'automotive_design' ) ;
#256 = CONTEXT_DEPENDENT_SHAPE_REPRESENTATION ( #4838, #4668 ) ;
#257 = DIRECTION ( 'NONE',  ( 1.000000000000000000, 0.000000000000000000, 0.000000000000000000 ) ) ;
#258 = VERTEX_POINT ( 'NONE', #2256 ) ;
#259 = EDGE_CURVE ( 'NONE', #4569, #3214, #4559, .T. ) ;
#260 = ADVANCED_FACE ( 'NONE', ( #773 ), #4501, .T. ) ;
#261 = CARTESIAN_POINT ( 'NONE',  ( 2.540000000000000036, 0.000000000000000000, 4.064000000000000057 ) ) ;
#262 = DIRECTION ( 'NONE',  ( -0.000000000000000000, -0.000000000000000000, -1.000000000000000000 ) ) ;
#263 = LINE ( 'NONE', #1707, #4885 ) ;
#264 = VERTEX_POINT ( 'NONE', #2409 ) ;
#265 = CARTESIAN_POINT ( 'NONE',  ( -2.539999999999996927, 2.896088642316250628, 1.524000000000000021 ) ) ;
#266 = VERTEX_POINT ( 'NONE', #3290 ) ;
#267 = PLANE ( 'NONE',  #134 ) ;
#268 = PRESENTATION_STYLE_ASSIGNMENT (( #737 ) ) ;
#269 = DIRECTION ( 'NONE',  ( 0.8660254037844418162, 0.4999999999999945599, -0.000000000000000000 ) ) ;
#270 = EDGE_LOOP ( 'NONE', ( #1474, #1060, #4302, #4250 ) ) ;
#271 = ORIENTED_EDGE ( 'NONE', *, *, #5236, .F. ) ;
#272 = DIRECTION ( 'NONE',  ( 0.000000000000000000, 1.000000000000000000, 0.000000000000000000 ) ) ;
#273 = FACE_OUTER_BOUND ( 'NONE', #4544, .T. ) ;
#274 = CARTESIAN_POINT ( 'NONE',  ( 5.080000000000002736, 0.6599113576837528639, 1.524000000000000021 ) ) ;
#275 = EDGE_CURVE ( 'NONE', #1711, #5658, #2786, .T. ) ;
#276 = DIRECTION ( 'NONE',  ( 0.4999999999999945044, -0.8660254037844418162, 0.000000000000000000 ) ) ;
#277 = DIRECTION ( 'NONE',  ( -0.000000000000000000, -0.000000000000000000, -1.000000000000000000 ) ) ;
#278 = ORIENTED_EDGE ( 'NONE', *, *, #969, .F. ) ;
#279 = ORIENTED_EDGE ( 'NONE', *, *, #1632, .T. ) ;
#280 = CARTESIAN_POINT ( 'NONE',  ( -0.2279258938000995605, -2.540000000000000036, 0.000000000000000000 ) ) ;
#281 = LINE ( 'NONE', #1635, #3834 ) ;
#282 = DIRECTION ( 'NONE',  ( 0.000000000000000000, 0.000000000000000000, 1.000000000000000000 ) ) ;
#283 = CARTESIAN_POINT ( 'NONE',  ( 0.2279258938000995605, -2.540000000000000036, -0.2279258938000999768 ) ) ;
#284 = ORIENTED_EDGE ( 'NONE', *, *, #3568, .F. ) ;
#285 = VERTEX_POINT ( 'NONE', #524 ) ;
#286 =( REPRESENTATION_RELATIONSHIP ('NONE','NONE', #3108, #5978 ) REPRESENTATION_RELATIONSHIP_WITH_TRANSFORMATION ( #4541 )SHAPE_REPRESENTATION_RELATIONSHIP( ) );
#287 = FACE_OUTER_BOUND ( 'NONE', #2723, .T. ) ;
#288 = LINE ( 'NONE', #790, #430 ) ;
#289 = EDGE_CURVE ( 'NONE', #2365, #2535, #3263, .T. ) ;
#290 = ORIENTED_EDGE ( 'NONE', *, *, #755, .T. ) ;
#291 = CARTESIAN_POINT ( 'NONE',  ( -13.65249999999999275, 1.460500000000014786, 4.064000000000000057 ) ) ;
#292 = EDGE_LOOP ( 'NONE', ( #4880, #2228, #6039, #2995 ) ) ;
#293 = DIRECTION ( 'NONE',  ( -0.4999999999999943934, 0.8660254037844419273, -0.000000000000000000 ) ) ;
#294 = LINE ( 'NONE', #3490, #1141 ) ;
#295 = LINE ( 'NONE', #4949, #5676 ) ;
#296 = PRESENTATION_STYLE_ASSIGNMENT (( #3173 ) ) ;
#297 = ADVANCED_FACE ( 'NONE', ( #4623 ), #5622, .F. ) ;
#298 = VERTEX_POINT ( 'NONE', #5555 ) ;
#299 = ORIENTED_EDGE ( 'NONE', *, *, #3059, .T. ) ;
#300 = ADVANCED_FACE ( 'NONE', ( #1468 ), #994, .F. ) ;
#301 = CARTESIAN_POINT ( 'NONE',  ( 8.001000000000002998, 3.556000000000001826, 4.064000000000000057 ) ) ;
#302 = CARTESIAN_POINT ( 'NONE',  ( 11.74750000000000938, 1.460500000000014786, 1.524000000000000021 ) ) ;
#303 = DIRECTION ( 'NONE',  ( 0.000000000000000000, 1.000000000000000000, 0.000000000000000000 ) ) ;
#304 = CARTESIAN_POINT ( 'NONE',  ( 12.70000000000000462, 0.6599113576837528639, 4.064000000000000057 ) ) ;
#305 = VECTOR ( 'NONE', #1151, 1000.000000000000000 ) ;
#306 = DIRECTION ( 'NONE',  ( 0.000000000000000000, -1.000000000000000000, 0.000000000000000000 ) ) ;
#307 = ORIENTED_EDGE ( 'NONE', *, *, #25, .F. ) ;
#308 = ORIENTED_EDGE ( 'NONE', *, *, #214, .F. ) ;
#309 = FACE_OUTER_BOUND ( 'NONE', #1719, .T. ) ;
#310 = VECTOR ( 'NONE', #196, 1000.000000000000000 ) ;
#311 = DIRECTION ( 'NONE',  ( -0.4999999999999943934, 0.8660254037844419273, -0.000000000000000000 ) ) ;
#312 = DIRECTION ( 'NONE',  ( 1.000000000000000000, 0.000000000000000000, 0.000000000000000000 ) ) ;
#313 = EDGE_CURVE ( 'NONE', #1464, #5079, #3178, .T. ) ;
#314 = AXIS2_PLACEMENT_3D ( 'NONE', #4842, #5845, #1631 ) ;
#315 = EDGE_CURVE ( 'NONE', #230, #4990, #2837, .T. ) ;
#316 = CARTESIAN_POINT ( 'NONE',  ( -1.587499999999991696, 1.460500000000014786, 4.064000000000000057 ) ) ;
#317 = VECTOR ( 'NONE', #1394, 1000.000000000000000 ) ;
#318 = EDGE_CURVE ( 'NONE', #3752, #817, #5055, .T. ) ;
#319 = VERTEX_POINT ( 'NONE', #2813 ) ;
#320 = ORIENTED_EDGE ( 'NONE', *, *, #2341, .F. ) ;
#321 = VECTOR ( 'NONE', #4368, 1000.000000000000000 ) ;
#322 = PRESENTATION_LAYER_ASSIGNMENT (  '', '', ( #2953 ) ) ;
#323 = CARTESIAN_POINT ( 'NONE',  ( 3.469446951953614189E-15, 0.6599113576837528639, 4.064000000000000057 ) ) ;
#324 = ORIENTED_EDGE ( 'NONE', *, *, #2488, .T. ) ;
#325 = CARTESIAN_POINT ( 'NONE',  ( -11.11249999999999183, 1.460500000000014786, 4.064000000000000057 ) ) ;
#326 = EDGE_CURVE ( 'NONE', #3448, #264, #1378, .T. ) ;
#327 = DIRECTION ( 'NONE',  ( 0.000000000000000000, 1.000000000000000000, 0.000000000000000000 ) ) ;
#328 = VERTEX_POINT ( 'NONE', #4678 ) ;
#329 = CARTESIAN_POINT ( 'NONE',  ( -0.3175000000000000044, 0.000000000000000000, 0.000000000000000000 ) ) ;
#330 = VECTOR ( 'NONE', #903, 1000.000000000000000 ) ;
#331 = VECTOR ( 'NONE', #980, 1000.000000000000000 ) ;
#332 = ORIENTED_EDGE ( 'NONE', *, *, #2669, .F. ) ;
#333 = DIRECTION ( 'NONE',  ( -1.000000000000000000, 0.000000000000000000, 0.000000000000000000 ) ) ;
#334 = EDGE_CURVE ( 'NONE', #5255, #2885, #560, .T. ) ;
#335 = ADVANCED_FACE ( 'NONE', ( #3702 ), #896, .F. ) ;
#336 = LINE ( 'NONE', #395, #3939 ) ;
#337 = EDGE_CURVE ( 'NONE', #4583, #697, #5588, .T. ) ;
#338 = AXIS2_PLACEMENT_3D ( 'NONE', #4651, #5553, #54 ) ;
#339 = AXIS2_PLACEMENT_3D ( 'NONE', #5328, #1598, #2090 ) ;
#340 = DIRECTION ( 'NONE',  ( -1.000000000000000000, 2.439149994343089694E-16, -0.000000000000000000 ) ) ;
#341 = ORIENTED_EDGE ( 'NONE', *, *, #5162, .T. ) ;
#342 = ORIENTED_EDGE ( 'NONE', *, *, #2804, .F. ) ;
#343 = VECTOR ( 'NONE', #82, 1000.000000000000000 ) ;
#344 = CARTESIAN_POINT ( 'NONE',  ( -1.587499999999991696, 1.460500000000014786, 1.524000000000000021 ) ) ;
#345 = ADVANCED_FACE ( 'NONE', ( #2747, #4196 ), #1840, .T. ) ;
#346 = PLANE ( 'NONE',  #1909 ) ;
#347 = EDGE_CURVE ( 'NONE', #4134, #5770, #3675, .T. ) ;
#348 = FACE_OUTER_BOUND ( 'NONE', #37, .T. ) ;
#349 = VECTOR ( 'NONE', #1508, 1000.000000000000000 ) ;
#350 = FACE_BOUND ( 'NONE', #1798, .T. ) ;
#351 = CARTESIAN_POINT ( 'NONE',  ( -0.3175000000000000044, 2.095500000000001251, 3.683000000000000274 ) ) ;
#352 = ORIENTED_EDGE ( 'NONE', *, *, #1823, .T. ) ;
#353 = EDGE_LOOP ( 'NONE', ( #1471, #307, #2083, #3480 ) ) ;
#354 = SURFACE_SIDE_STYLE ('',( #1785 ) ) ;
#355 = VECTOR ( 'NONE', #3740, 1000.000000000000000 ) ;
#356 = ADVANCED_FACE ( 'NONE', ( #1813 ), #3767, .T. ) ;
#357 = PLANE ( 'NONE',  #4409 ) ;
#358 = DIRECTION ( 'NONE',  ( 1.000000000000000000, 0.000000000000000000, 0.000000000000000000 ) ) ;
#359 = DIRECTION ( 'NONE',  ( 0.000000000000000000, 1.000000000000000000, 0.000000000000000000 ) ) ;
#360 = VERTEX_POINT ( 'NONE', #5532 ) ;
#361 = ORIENTED_EDGE ( 'NONE', *, *, #337, .T. ) ;
#362 = DIRECTION ( 'NONE',  ( 1.000000000000000000, 0.000000000000000000, 0.000000000000000000 ) ) ;
#363 = DIRECTION ( 'NONE',  ( -0.000000000000000000, 1.000000000000000000, -0.000000000000000000 ) ) ;
#364 = DIRECTION ( 'NONE',  ( 0.4999999999999950595, 0.8660254037844414832, 0.000000000000000000 ) ) ;
#365 = EDGE_CURVE ( 'NONE', #4527, #5308, #3205, .T. ) ;
#366 = LINE ( 'NONE', #3544, #2091 ) ;
#367 = VERTEX_POINT ( 'NONE', #148 ) ;
#368 = DIRECTION ( 'NONE',  ( -0.000000000000000000, -0.000000000000000000, -1.000000000000000000 ) ) ;
#369 = ADVANCED_FACE ( 'NONE', ( #588 ), #1106, .F. ) ;
#370 = VERTEX_POINT ( 'NONE', #5805 ) ;
#371 = CARTESIAN_POINT ( 'NONE',  ( 10.16000000000000369, 2.896088642316250628, 4.064000000000000057 ) ) ;
#372 = CARTESIAN_POINT ( 'NONE',  ( 13.65250000000001052, 1.460500000000014786, 4.064000000000000057 ) ) ;
#373 = CARTESIAN_POINT ( 'NONE',  ( 13.65250000000001052, 1.460500000000014786, 4.064000000000000057 ) ) ;
#374 = EDGE_LOOP ( 'NONE', ( #2, #3953, #3090, #673 ) ) ;
#375 = CARTESIAN_POINT ( 'NONE',  ( 0.3810000000000011156, 3.556000000000001826, 1.524000000000000021 ) ) ;
#376 = CARTESIAN_POINT ( 'NONE',  ( -12.31899999999999906, 3.556000000000001826, 4.064000000000000057 ) ) ;
#377 = FACE_OUTER_BOUND ( 'NONE', #5983, .T. ) ;
#378 = LINE ( 'NONE', #402, #1977 ) ;
#379 = DIRECTION ( 'NONE',  ( 1.023454825001716575E-15, 1.000000000000000000, -0.000000000000000000 ) ) ;
#380 = EDGE_CURVE ( 'NONE', #3511, #1559, #3375, .T. ) ;
#381 = ORIENTED_EDGE ( 'NONE', *, *, #5368, .T. ) ;
#382 = ORIENTED_EDGE ( 'NONE', *, *, #898, .F. ) ;
#383 = LINE ( 'NONE', #6014, #4317 ) ;
#384 = CONTEXT_DEPENDENT_SHAPE_REPRESENTATION ( #3590, #5174 ) ;
#385 = CARTESIAN_POINT ( 'NONE',  ( -0.3175000000000000044, -2.031999999999989814, -0.3175000000000003930 ) ) ;
#386 = ORIENTED_EDGE ( 'NONE', *, *, #3673, .F. ) ;
#387 = ADVANCED_FACE ( 'NONE', ( #2464 ), #1145, .F. ) ;
#388 = SURFACE_STYLE_USAGE ( .BOTH. , #4545 ) ;
#389 = CARTESIAN_POINT ( 'NONE',  ( 4.699000000000003396, 3.556000000000001382, 4.064000000000000057 ) ) ;
#390 = DIRECTION ( 'NONE',  ( 1.000000000000000000, -0.000000000000000000, 0.000000000000000000 ) ) ;
#391 = VERTEX_POINT ( 'NONE', #4741 ) ;
#392 = CARTESIAN_POINT ( 'NONE',  ( -7.238999999999998991, 3.556000000000001826, 1.524000000000000021 ) ) ;
#393 = ORIENTED_EDGE ( 'NONE', *, *, #5327, .F. ) ;
#394 = CARTESIAN_POINT ( 'NONE',  ( 8.001000000000002998, 1.819702678853052132E-15, 4.064000000000000057 ) ) ;
#395 = CARTESIAN_POINT ( 'NONE',  ( 0.3175000000000000044, -2.031999999999989814, -0.3175000000000003930 ) ) ;
#396 = DIRECTION ( 'NONE',  ( 0.000000000000000000, 1.000000000000000000, -4.645999989224937270E-17 ) ) ;
#397 = PRESENTATION_STYLE_ASSIGNMENT (( #1260 ) ) ;
#398 = ORIENTED_EDGE ( 'NONE', *, *, #4022, .F. ) ;
#399 = DIRECTION ( 'NONE',  ( -0.4999999999999943934, 0.8660254037844419273, -0.000000000000000000 ) ) ;
#400 = DIRECTION ( 'NONE',  ( 0.000000000000000000, -0.000000000000000000, 1.000000000000000000 ) ) ;
#401 = CARTESIAN_POINT ( 'NONE',  ( -2.158999999999997588, 1.819702678853052132E-15, 4.064000000000000057 ) ) ;
#402 = CARTESIAN_POINT ( 'NONE',  ( 2.921000000000001595, 3.556000000000001826, 1.524000000000000021 ) ) ;
#403 = DIRECTION ( 'NONE',  ( 1.000000000000000000, -2.439149994343089694E-16, 0.000000000000000000 ) ) ;
#404 = EDGE_LOOP ( 'NONE', ( #4091, #6002, #1205, #1600 ) ) ;
#405 = EDGE_LOOP ( 'NONE', ( #32, #2235, #526, #3500 ) ) ;
#406 = DIRECTION ( 'NONE',  ( 1.000000000000000000, 0.000000000000000000, 0.000000000000000000 ) ) ;
#407 = CARTESIAN_POINT ( 'NONE',  ( 2.540000000000002256, 2.896088642316250628, 4.064000000000000057 ) ) ;
#408 = ADVANCED_FACE ( 'NONE', ( #5765 ), #3837, .T. ) ;
#409 = ADVANCED_FACE ( 'NONE', ( #2024 ), #4805, .F. ) ;
#410 = ADVANCED_FACE ( 'NONE', ( #2500 ), #1083, .T. ) ;
#411 = DIRECTION ( 'NONE',  ( -0.000000000000000000, 1.000000000000000000, -0.000000000000000000 ) ) ;
#412 = AXIS2_PLACEMENT_3D ( 'NONE', #5402, #269, #2138 ) ;
#413 = VERTEX_POINT ( 'NONE', #3868 ) ;
#414 = LINE ( 'NONE', #5603, #5121 ) ;
#415 = EDGE_CURVE ( 'NONE', #4562, #5270, #2960, .T. ) ;
#416 = VECTOR ( 'NONE', #5724, 1000.000000000000000 ) ;
#417 = PLANE ( 'NONE',  #3042 ) ;
#418 = CARTESIAN_POINT ( 'NONE',  ( -7.619999999999997442, 2.896088642316250183, 4.064000000000000057 ) ) ;
#419 = VERTEX_POINT ( 'NONE', #4319 ) ;
#420 = DIRECTION ( 'NONE',  ( 0.4999999999999950595, 0.8660254037844414832, 0.000000000000000000 ) ) ;
#421 = ORIENTED_EDGE ( 'NONE', *, *, #3276, .T. ) ;
#422 = AXIS2_PLACEMENT_3D ( 'NONE', #1314, #2133, #3166 ) ;
#423 = VECTOR ( 'NONE', #4373, 1000.000000000000000 ) ;
#424 = FACE_OUTER_BOUND ( 'NONE', #2059, .T. ) ;
#425 = SURFACE_SIDE_STYLE ('',( #2862 ) ) ;
#426 = EDGE_CURVE ( 'NONE', #2134, #370, #4287, .T. ) ;
#427 = FACE_OUTER_BOUND ( 'NONE', #3302, .T. ) ;
#428 = VECTOR ( 'NONE', #5594, 1000.000000000000000 ) ;
#429 = FACE_OUTER_BOUND ( 'NONE', #4800, .T. ) ;
#430 = VECTOR ( 'NONE', #2193, 1000.000000000000000 ) ;
#431 = ORIENTED_EDGE ( 'NONE', *, *, #507, .F. ) ;
#432 = DIRECTION ( 'NONE',  ( 0.000000000000000000, -0.000000000000000000, 1.000000000000000000 ) ) ;
#433 = STYLED_ITEM ( 'NONE', ( #592 ), #3933 ) ;
#434 = VECTOR ( 'NONE', #5358, 1000.000000000000000 ) ;
#435 = CARTESIAN_POINT ( 'NONE',  ( 0.9525000000000071188, 2.095500000000015017, 4.064000000000000057 ) ) ;
#436 = CARTESIAN_POINT ( 'NONE',  ( 10.16000000000000369, 2.896088642316250183, 1.524000000000000021 ) ) ;
#437 = ADVANCED_FACE ( 'NONE', ( #112 ), #3017, .F. ) ;
#438 = CARTESIAN_POINT ( 'NONE',  ( 0.3175000000000000044, 0.000000000000000000, 0.000000000000000000 ) ) ;
#439 = VECTOR ( 'NONE', #2572, 1000.000000000000000 ) ;
#440 = CARTESIAN_POINT ( 'NONE',  ( -10.15999999999999659, 0.6599113576837528639, 1.524000000000000021 ) ) ;
#441 = ORIENTED_EDGE ( 'NONE', *, *, #4728, .T. ) ;
#442 = ORIENTED_EDGE ( 'NONE', *, *, #2168, .F. ) ;
#443 =( LENGTH_UNIT ( ) NAMED_UNIT ( * ) SI_UNIT ( .MILLI., .METRE. ) );
#444 = CARTESIAN_POINT ( 'NONE',  ( 12.70000000000000462, 2.896088642316250183, 1.524000000000000021 ) ) ;
#445 = EDGE_CURVE ( 'NONE', #2708, #3183, #2047, .T. ) ;
#446 = AXIS2_PLACEMENT_3D ( 'NONE', #4206, #2413, #1848 ) ;
#447 = VERTEX_POINT ( 'NONE', #5345 ) ;
#448 = LINE ( 'NONE', #2300, #5203 ) ;
#449 = ORIENTED_EDGE ( 'NONE', *, *, #762, .F. ) ;
#450 = VECTOR ( 'NONE', #4652, 1000.000000000000000 ) ;
#451 = ORIENTED_EDGE ( 'NONE', *, *, #249, .T. ) ;
#452 = DIRECTION ( 'NONE',  ( 1.000000000000000000, -1.023454825001716575E-15, 0.000000000000000000 ) ) ;
#453 = VECTOR ( 'NONE', #452, 1000.000000000000000 ) ;
#454 = CARTESIAN_POINT ( 'NONE',  ( 11.11250000000000959, 1.460500000000014786, 1.524000000000000021 ) ) ;
#455 = FACE_OUTER_BOUND ( 'NONE', #2625, .T. ) ;
#456 = ORIENTED_EDGE ( 'NONE', *, *, #4529, .T. ) ;
#457 = DIRECTION ( 'NONE',  ( -0.000000000000000000, -0.000000000000000000, -1.000000000000000000 ) ) ;
#458 = ADVANCED_FACE ( 'NONE', ( #3926, #1586 ), #3402, .F. ) ;
#459 = ORIENTED_EDGE ( 'NONE', *, *, #4530, .T. ) ;
#460 = AXIS2_PLACEMENT_3D ( 'NONE', #5919, #3478, #358 ) ;
#461 = DIRECTION ( 'NONE',  ( 0.1710878697460325171, -0.1710878697460325171, -0.9702875252478150303 ) ) ;
#462 =( LENGTH_UNIT ( ) NAMED_UNIT ( * ) SI_UNIT ( .MILLI., .METRE. ) );
#463 = DIRECTION ( 'NONE',  ( -0.4999999999999943934, 0.8660254037844419273, -0.000000000000000000 ) ) ;
#464 = DIRECTION ( 'NONE',  ( 1.000000000000000000, 0.000000000000000000, 0.000000000000000000 ) ) ;
#465 = ORIENTED_EDGE ( 'NONE', *, *, #4566, .F. ) ;
#466 = DIRECTION ( 'NONE',  ( 0.000000000000000000, 1.000000000000000000, 0.000000000000000000 ) ) ;
#467 = CARTESIAN_POINT ( 'NONE',  ( 1.734723475976807094E-15, 2.896088642316250628, 4.064000000000000057 ) ) ;
#468 = DIRECTION ( 'NONE',  ( -0.4999999999999945599, 0.8660254037844418162, 0.000000000000000000 ) ) ;
#469 = LINE ( 'NONE', #2839, #3815 ) ;
#470 = ORIENTED_EDGE ( 'NONE', *, *, #4472, .T. ) ;
#471 = VERTEX_POINT ( 'NONE', #84 ) ;
#472 = LINE ( 'NONE', #5627, #839 ) ;
#473 = ADVANCED_FACE ( 'NONE', ( #2992 ), #1959, .F. ) ;
#474 = ORIENTED_EDGE ( 'NONE', *, *, #5058, .F. ) ;
#475 = LINE ( 'NONE', #1, #536 ) ;
#476 = EDGE_LOOP ( 'NONE', ( #3880, #5034, #801, #706 ) ) ;
#477 = ORIENTED_EDGE ( 'NONE', *, *, #1550, .F. ) ;
#478 = DIRECTION ( 'NONE',  ( -0.000000000000000000, -0.000000000000000000, -1.000000000000000000 ) ) ;
#479 = DIRECTION ( 'NONE',  ( -0.000000000000000000, -0.000000000000000000, -1.000000000000000000 ) ) ;
#480 = EDGE_LOOP ( 'NONE', ( #3190, #9, #5924, #5470 ) ) ;
#481 = DIRECTION ( 'NONE',  ( 1.000000000000000000, -1.023454825001716575E-15, 0.000000000000000000 ) ) ;
#482 = ORIENTED_EDGE ( 'NONE', *, *, #5099, .T. ) ;
#483 = CARTESIAN_POINT ( 'NONE',  ( 7.620000000000003659, 0.6599113576837528639, 4.064000000000000057 ) ) ;
#484 = DIRECTION ( 'NONE',  ( -0.000000000000000000, -1.000000000000000000, -0.000000000000000000 ) ) ;
#485 = ADVANCED_FACE ( 'NONE', ( #5224 ), #1055, .F. ) ;
#486 = DIRECTION ( 'NONE',  ( -0.4999999999999951150, -0.8660254037844414832, 0.000000000000000000 ) ) ;
#487 = EDGE_CURVE ( 'NONE', #1446, #3366, #3172, .T. ) ;
#488 = ORIENTED_EDGE ( 'NONE', *, *, #5146, .T. ) ;
#489 = CARTESIAN_POINT ( 'NONE',  ( 0.3175000000000000044, 2.095500000000001251, 3.683000000000000274 ) ) ;
#490 = DIRECTION ( 'NONE',  ( -0.000000000000000000, -0.000000000000000000, -1.000000000000000000 ) ) ;
#491 = ITEM_DEFINED_TRANSFORMATION ( 'NONE', 'NONE', #5818,  #247 ) ;
#492 = DIRECTION ( 'NONE',  ( 0.000000000000000000, -0.000000000000000000, 1.000000000000000000 ) ) ;
#493 = DIRECTION ( 'NONE',  ( -0.4999999999999945599, 0.8660254037844418162, 0.000000000000000000 ) ) ;
#494 = ORIENTED_EDGE ( 'NONE', *, *, #3015, .T. ) ;
#495 = ADVANCED_FACE ( 'NONE', ( #1285 ), #4050, .F. ) ;
#496 = VERTEX_POINT ( 'NONE', #768 ) ;
#497 = CARTESIAN_POINT ( 'NONE',  ( 1.587500000000007239, 2.095500000000015017, 1.524000000000000021 ) ) ;
#498 = CARTESIAN_POINT ( 'NONE',  ( 5.080000000000002736, 2.896088642316250183, 4.064000000000000057 ) ) ;
#499 = ORIENTED_EDGE ( 'NONE', *, *, #4754, .F. ) ;
#500 = ADVANCED_FACE ( 'NONE', ( #4890 ), #1322, .F. ) ;
#501 = PRODUCT ( 'GBC12SBAN', 'GBC12SBAN', '', ( #3122 ) ) ;
#502 = LINE ( 'NONE', #2267, #1125 ) ;
#503 = EDGE_LOOP ( 'NONE', ( #1163, #3991, #1148, #1545 ) ) ;
#504 = ORIENTED_EDGE ( 'NONE', *, *, #149, .T. ) ;
#505 = VECTOR ( 'NONE', #2378, 1000.000000000000000 ) ;
#506 = LINE ( 'NONE', #2734, #5191 ) ;
#507 = EDGE_CURVE ( 'NONE', #2334, #4495, #1715, .T. ) ;
#508 = CARTESIAN_POINT ( 'NONE',  ( -0.9524999999999915756, 1.460500000000014786, 1.524000000000000021 ) ) ;
#509 = VECTOR ( 'NONE', #4350, 1000.000000000000114 ) ;
#510 = ORIENTED_EDGE ( 'NONE', *, *, #1381, .T. ) ;
#511 = LINE ( 'NONE', #6052, #5592 ) ;
#512 = VERTEX_POINT ( 'NONE', #4984 ) ;
#513 = CARTESIAN_POINT ( 'NONE',  ( -0.3175000000000000044, 1.460500000000001686, -6.785482984263029945E-17 ) ) ;
#514 = VECTOR ( 'NONE', #1358, 1000.000000000000000 ) ;
#515 = DIRECTION ( 'NONE',  ( -0.000000000000000000, -1.000000000000000000, -0.000000000000000000 ) ) ;
#516 = SURFACE_STYLE_USAGE ( .BOTH. , #1350 ) ;
#517 = VECTOR ( 'NONE', #1164, 1000.000000000000000 ) ;
#518 = AXIS2_PLACEMENT_3D ( 'NONE', #2597, #71, #636 ) ;
#519 = EDGE_LOOP ( 'NONE', ( #2169, #5721, #3439, #101 ) ) ;
#520 = PLANE ( 'NONE',  #3434 ) ;
#521 = LINE ( 'NONE', #5620, #1514 ) ;
#522 = ITEM_DEFINED_TRANSFORMATION ( 'NONE', 'NONE', #5128,  #247 ) ;
#523 = VECTOR ( 'NONE', #619, 1000.000000000000114 ) ;
#524 = CARTESIAN_POINT ( 'NONE',  ( 4.699000000000001620, 0.000000000000000000, 1.524000000000000021 ) ) ;
#525 = PLANE ( 'NONE',  #2268 ) ;
#526 = ORIENTED_EDGE ( 'NONE', *, *, #3560, .F. ) ;
#527 = ORIENTED_EDGE ( 'NONE', *, *, #5454, .T. ) ;
#528 = AXIS2_PLACEMENT_3D ( 'NONE', #3773, #1907, #362 ) ;
#529 = VECTOR ( 'NONE', #1136, 1000.000000000000000 ) ;
#530 = EDGE_CURVE ( 'NONE', #370, #5068, #3551, .T. ) ;
#531 = EDGE_CURVE ( 'NONE', #3366, #266, #1774, .T. ) ;
#532 = PLANE ( 'NONE',  #4020 ) ;
#533 = DIRECTION ( 'NONE',  ( -1.000000000000000000, -0.000000000000000000, -0.000000000000000000 ) ) ;
#534 = ORIENTED_EDGE ( 'NONE', *, *, #2637, .T. ) ;
#535 = AXIS2_PLACEMENT_3D ( 'NONE', #4844, #5176, #4703 ) ;
#536 = VECTOR ( 'NONE', #3189, 1000.000000000000000 ) ;
#537 = DIRECTION ( 'NONE',  ( -0.000000000000000000, -0.000000000000000000, -1.000000000000000000 ) ) ;
#538 = EDGE_LOOP ( 'NONE', ( #1985, #5882, #4853, #5572 ) ) ;
#539 = ORIENTED_EDGE ( 'NONE', *, *, #5066, .F. ) ;
#540 = AXIS2_PLACEMENT_3D ( 'NONE', #4326, #1561, #4377 ) ;
#541 = FILL_AREA_STYLE_COLOUR ( '', #752 ) ;
#542 = DIRECTION ( 'NONE',  ( -0.000000000000000000, 1.000000000000000000, -0.000000000000000000 ) ) ;
#543 = COLOUR_RGB ( '',0.2509803921568627416, 0.2509803921568627416, 0.2509803921568627416 ) ;
#544 = DIRECTION ( 'NONE',  ( -1.000000000000000000, 0.000000000000000000, 0.000000000000000000 ) ) ;
#545 = ORIENTED_EDGE ( 'NONE', *, *, #5327, .T. ) ;
#546 = DIRECTION ( 'NONE',  ( 1.000000000000000000, 0.000000000000000000, 0.000000000000000000 ) ) ;
#547 = VERTEX_POINT ( 'NONE', #2554 ) ;
#548 = DIRECTION ( 'NONE',  ( 0.9848077530122086864, -0.000000000000000000, 0.1736481776669272226 ) ) ;
#549 = AXIS2_PLACEMENT_3D ( 'NONE', #4127, #3721, #3634 ) ;
#550 =( LENGTH_UNIT ( ) NAMED_UNIT ( * ) SI_UNIT ( .MILLI., .METRE. ) );
#551 = ADVANCED_FACE ( 'NONE', ( #5965 ), #739, .F. ) ;
#552 = DIRECTION ( 'NONE',  ( -0.000000000000000000, 0.000000000000000000, 1.000000000000000000 ) ) ;
#553 = EDGE_CURVE ( 'NONE', #209, #1607, #2683, .T. ) ;
#554 = FACE_OUTER_BOUND ( 'NONE', #4417, .T. ) ;
#555 = DIRECTION ( 'NONE',  ( -0.4999999999999943934, 0.8660254037844419273, -0.000000000000000000 ) ) ;
#556 = ORIENTED_EDGE ( 'NONE', *, *, #3240, .F. ) ;
#557 = ORIENTED_EDGE ( 'NONE', *, *, #1550, .T. ) ;
#558 = DIRECTION ( 'NONE',  ( -0.000000000000000000, 1.000000000000000000, -0.000000000000000000 ) ) ;
#559 = DIRECTION ( 'NONE',  ( 0.4999999999999945044, -0.8660254037844418162, 0.000000000000000000 ) ) ;
#560 = LINE ( 'NONE', #1357, #505 ) ;
#561 = CARTESIAN_POINT ( 'NONE',  ( -12.69999999999999751, 2.896088642316250628, 1.524000000000000021 ) ) ;
#562 = EDGE_LOOP ( 'NONE', ( #688, #4843, #1549, #5083 ) ) ;
#563 = ADVANCED_FACE ( 'NONE', ( #3982 ), #3080, .F. ) ;
#564 = ORIENTED_EDGE ( 'NONE', *, *, #5233, .F. ) ;
#565 = SURFACE_STYLE_FILL_AREA ( #5652 ) ;
#566 = PLANE ( 'NONE',  #5409 ) ;
#567 = ORIENTED_EDGE ( 'NONE', *, *, #2488, .F. ) ;
#568 = EDGE_CURVE ( 'NONE', #3103, #1558, #2590, .T. ) ;
#569 = FACE_OUTER_BOUND ( 'NONE', #476, .T. ) ;
#570 = ORIENTED_EDGE ( 'NONE', *, *, #1643, .T. ) ;
#571 = CARTESIAN_POINT ( 'NONE',  ( -7.619999999999997442, 2.896088642316250183, 1.524000000000000021 ) ) ;
#572 = EDGE_CURVE ( 'NONE', #2070, #1416, #3109, .T. ) ;
#573 = CARTESIAN_POINT ( 'NONE',  ( 10.16000000000000369, 0.6599113576837528639, 1.524000000000000021 ) ) ;
#574 = VERTEX_POINT ( 'NONE', #1228 ) ;
#575 = LINE ( 'NONE', #3819, #5396 ) ;
#576 = APPLICATION_CONTEXT ( 'automotive_design' ) ;
#577 = ORIENTED_EDGE ( 'NONE', *, *, #4586, .F. ) ;
#578 = EDGE_CURVE ( 'NONE', #5322, #5701, #1649, .T. ) ;
#579 = CARTESIAN_POINT ( 'NONE',  ( 9.207500000000008455, 1.460500000000014786, 4.064000000000000057 ) ) ;
#580 = LINE ( 'NONE', #5755, #5013 ) ;
#581 = PLANE ( 'NONE',  #109 ) ;
#582 = CARTESIAN_POINT ( 'NONE',  ( 12.70000000000000462, 0.6599113576837527528, 4.064000000000000057 ) ) ;
#583 = DIRECTION ( 'NONE',  ( -0.000000000000000000, -0.000000000000000000, -1.000000000000000000 ) ) ;
#584 = VERTEX_POINT ( 'NONE', #5370 ) ;
#585 = FACE_OUTER_BOUND ( 'NONE', #4039, .T. ) ;
#586 = LINE ( 'NONE', #3374, #4813 ) ;
#587 = ITEM_DEFINED_TRANSFORMATION ( 'NONE', 'NONE', #3081,  #247 ) ;
#588 = FACE_OUTER_BOUND ( 'NONE', #1470, .T. ) ;
#589 = DIRECTION ( 'NONE',  ( 1.000000000000000000, -1.023454825001716575E-15, 0.000000000000000000 ) ) ;
#590 = ORIENTED_EDGE ( 'NONE', *, *, #5084, .F. ) ;
#591 = ORIENTED_EDGE ( 'NONE', *, *, #4900, .T. ) ;
#592 = PRESENTATION_STYLE_ASSIGNMENT (( #1537 ) ) ;
#593 = FACE_OUTER_BOUND ( 'NONE', #1460, .T. ) ;
#594 = CARTESIAN_POINT ( 'NONE',  ( -14.28749999999999254, 1.460500000000014786, 4.064000000000000057 ) ) ;
#595 = FACE_OUTER_BOUND ( 'NONE', #5655, .T. ) ;
#596 = ORIENTED_EDGE ( 'NONE', *, *, #3638, .F. ) ;
#597 = ADVANCED_FACE ( 'NONE', ( #3045 ), #4921, .T. ) ;
#598 = PRESENTATION_STYLE_ASSIGNMENT (( #4694 ) ) ;
#599 = CARTESIAN_POINT ( 'NONE',  ( 3.492500000000007709, 2.095500000000015017, 4.064000000000000057 ) ) ;
#600 = FACE_OUTER_BOUND ( 'NONE', #1700, .T. ) ;
#601 = ORIENTED_EDGE ( 'NONE', *, *, #3928, .F. ) ;
#602 = LINE ( 'NONE', #2448, #3152 ) ;
#603 = VERTEX_POINT ( 'NONE', #5432 ) ;
#604 = EDGE_CURVE ( 'NONE', #5033, #3959, #295, .T. ) ;
#605 = EDGE_CURVE ( 'NONE', #4717, #3665, #3517, .T. ) ;
#606 = DIRECTION ( 'NONE',  ( -0.000000000000000000, -0.000000000000000000, -1.000000000000000000 ) ) ;
#607 = VECTOR ( 'NONE', #1118, 1000.000000000000000 ) ;
#608 = CARTESIAN_POINT ( 'NONE',  ( -11.74749999999999162, 2.095500000000015017, 4.064000000000000057 ) ) ;
#609 = VERTEX_POINT ( 'NONE', #3257 ) ;
#610 =( REPRESENTATION_RELATIONSHIP ('NONE','NONE', #3108, #5978 ) REPRESENTATION_RELATIONSHIP_WITH_TRANSFORMATION ( #587 )SHAPE_REPRESENTATION_RELATIONSHIP( ) );
#611 = PLANE ( 'NONE',  #4306 ) ;
#612 = FACE_OUTER_BOUND ( 'NONE', #3654, .T. ) ;
#613 = ORIENTED_EDGE ( 'NONE', *, *, #6031, .F. ) ;
#614 = EDGE_CURVE ( 'NONE', #2771, #2392, #2714, .T. ) ;
#615 = AXIS2_PLACEMENT_3D ( 'NONE', #5648, #3741, #3651 ) ;
#616 = DIRECTION ( 'NONE',  ( 0.4999999999999943934, -0.8660254037844419273, 0.000000000000000000 ) ) ;
#617 = CARTESIAN_POINT ( 'NONE',  ( 5.080000000000002736, 2.896088642316250628, 4.064000000000000057 ) ) ;
#618 = CARTESIAN_POINT ( 'NONE',  ( 5.080000000000002736, 0.6599113576837527528, 4.064000000000000057 ) ) ;
#619 = DIRECTION ( 'NONE',  ( 0.4999999999999950595, 0.8660254037844414832, 0.000000000000000000 ) ) ;
#620 = VECTOR ( 'NONE', #4026, 1000.000000000000000 ) ;
#621 = ORIENTED_EDGE ( 'NONE', *, *, #4468, .T. ) ;
#622 = VERTEX_POINT ( 'NONE', #4225 ) ;
#623 = CARTESIAN_POINT ( 'NONE',  ( 0.3175000000000000044, 1.460500000000001686, -6.785482984263029945E-17 ) ) ;
#624 = VECTOR ( 'NONE', #277, 1000.000000000000000 ) ;
#625 = VECTOR ( 'NONE', #704, 1000.000000000000000 ) ;
#626 = CARTESIAN_POINT ( 'NONE',  ( -11.74749999999999162, 1.460500000000014786, 1.524000000000000021 ) ) ;
#627 = ADVANCED_FACE ( 'NONE', ( #3224 ), #1891, .F. ) ;
#628 = LINE ( 'NONE', #4413, #5474 ) ;
#629 = VECTOR ( 'NONE', #2423, 1000.000000000000000 ) ;
#630 = DIRECTION ( 'NONE',  ( 0.000000000000000000, 4.645999989224937887E-17, 1.000000000000000000 ) ) ;
#631 = VECTOR ( 'NONE', #4255, 1000.000000000000000 ) ;
#632 = VERTEX_POINT ( 'NONE', #1927 ) ;
#633 = VECTOR ( 'NONE', #2594, 1000.000000000000000 ) ;
#634 = AXIS2_PLACEMENT_3D ( 'NONE', #2007, #3855, #5725 ) ;
#635 = DIRECTION ( 'NONE',  ( 1.000000000000000000, 0.000000000000000000, 0.000000000000000000 ) ) ;
#636 = DIRECTION ( 'NONE',  ( 1.000000000000000000, 0.000000000000000000, 0.000000000000000000 ) ) ;
#637 = DIRECTION ( 'NONE',  ( -0.4999999999999943934, -0.8660254037844419273, -0.000000000000000000 ) ) ;
#638 = ADVANCED_FACE ( 'NONE', ( #4164 ), #890, .T. ) ;
#639 = LINE ( 'NONE', #667, #629 ) ;
#640 = AXIS2_PLACEMENT_3D ( 'NONE', #689, #548, #5819 ) ;
#641 = ORIENTED_EDGE ( 'NONE', *, *, #1510, .T. ) ;
#642 = AXIS2_PLACEMENT_3D ( 'NONE', #5653, #3318, #5196 ) ;
#643 = CARTESIAN_POINT ( 'NONE',  ( -12.69999999999999751, 2.896088642316250183, 1.524000000000000021 ) ) ;
#644 = ORIENTED_EDGE ( 'NONE', *, *, #5863, .F. ) ;
#645 = PLANE ( 'NONE',  #5691 ) ;
#646 = ADVANCED_FACE ( 'NONE', ( #427 ), #1808, .F. ) ;
#647 = ORIENTED_EDGE ( 'NONE', *, *, #4663, .F. ) ;
#648 = PLANE ( 'NONE',  #2851 ) ;
#649 = ORIENTED_EDGE ( 'NONE', *, *, #5446, .T. ) ;
#650 = PRESENTATION_LAYER_ASSIGNMENT (  '', '', ( #242 ) ) ;
#651 = CARTESIAN_POINT ( 'NONE',  ( 14.85900000000000531, 3.556000000000001382, 4.064000000000000057 ) ) ;
#652 = CARTESIAN_POINT ( 'NONE',  ( 15.24000000000000554, 2.896088642316250183, 1.524000000000000021 ) ) ;
#653 = DIRECTION ( 'NONE',  ( 0.4999999999999945044, -0.8660254037844418162, 0.000000000000000000 ) ) ;
#654 = AXIS2_PLACEMENT_3D ( 'NONE', #261, #2129, #5516 ) ;
#655 = LINE ( 'NONE', #3018, #3617 ) ;
#656 = EDGE_LOOP ( 'NONE', ( #459, #3751, #2743, #1837 ) ) ;
#657 = ORIENTED_EDGE ( 'NONE', *, *, #3753, .F. ) ;
#658 = EDGE_CURVE ( 'NONE', #4666, #4441, #1402, .T. ) ;
#659 = CARTESIAN_POINT ( 'NONE',  ( 8.572500000000008669, 1.460500000000014786, 1.524000000000000021 ) ) ;
#660 = PLANE ( 'NONE',  #540 ) ;
#661 = ORIENTED_EDGE ( 'NONE', *, *, #3659, .T. ) ;
#662 = CARTESIAN_POINT ( 'NONE',  ( 8.001000000000002998, 1.819702678853052132E-15, 1.524000000000000021 ) ) ;
#663 = ORIENTED_EDGE ( 'NONE', *, *, #5467, .F. ) ;
#664 = EDGE_CURVE ( 'NONE', #1607, #4378, #3644, .T. ) ;
#665 = DIRECTION ( 'NONE',  ( 0.000000000000000000, 0.000000000000000000, 1.000000000000000000 ) ) ;
#666 = CARTESIAN_POINT ( 'NONE',  ( 4.699000000000003396, 3.556000000000001382, 1.524000000000000021 ) ) ;
#667 = CARTESIAN_POINT ( 'NONE',  ( -15.23999999999999844, 0.6599113576837527528, 4.064000000000000057 ) ) ;
#668 = ORIENTED_EDGE ( 'NONE', *, *, #3398, .F. ) ;
#669 = DIRECTION ( 'NONE',  ( -0.000000000000000000, -0.000000000000000000, -1.000000000000000000 ) ) ;
#670 = DIRECTION ( 'NONE',  ( -2.439149994343089694E-16, -1.000000000000000000, 0.000000000000000000 ) ) ;
#671 = EDGE_LOOP ( 'NONE', ( #5394, #1592, #2158, #2600 ) ) ;
#672 = LINE ( 'NONE', #582, #529 ) ;
#673 = ORIENTED_EDGE ( 'NONE', *, *, #2656, .T. ) ;
#674 = LINE ( 'NONE', #1581, #4204 ) ;
#675 = EDGE_LOOP ( 'NONE', ( #5175, #431, #5801, #591 ) ) ;
#676 = CARTESIAN_POINT ( 'NONE',  ( -0.3175000000000000044, 1.460500000000001908, 3.683000000000000274 ) ) ;
#677 = EDGE_CURVE ( 'NONE', #419, #4061, #3284, .T. ) ;
#678 = LINE ( 'NONE', #111, #2788 ) ;
#679 = ADVANCED_FACE ( 'NONE', ( #1836 ), #5080, .F. ) ;
#680 = CARTESIAN_POINT ( 'NONE',  ( -0.3175000000000000044, 0.000000000000000000, 0.000000000000000000 ) ) ;
#681 = CARTESIAN_POINT ( 'NONE',  ( 13.65250000000001052, 1.460500000000014786, 1.524000000000000021 ) ) ;
#682 = ORIENTED_EDGE ( 'NONE', *, *, #4201, .F. ) ;
#683 = VERTEX_POINT ( 'NONE', #4580 ) ;
#684 = SURFACE_STYLE_FILL_AREA ( #5771 ) ;
#685 = LINE ( 'NONE', #3054, #4513 ) ;
#686 = VERTEX_POINT ( 'NONE', #4646 ) ;
#687 = CARTESIAN_POINT ( 'NONE',  ( 0.3810000000000011156, 1.819702678853052132E-15, 4.064000000000000057 ) ) ;
#688 = ORIENTED_EDGE ( 'NONE', *, *, #3014, .T. ) ;
#689 = CARTESIAN_POINT ( 'NONE',  ( 0.3175000000000000044, 0.000000000000000000, 9.397999999999990806 ) ) ;
#690 = CONTEXT_DEPENDENT_SHAPE_REPRESENTATION ( #6043, #957 ) ;
#691 = CARTESIAN_POINT ( 'NONE',  ( -11.74749999999999162, 2.095500000000015017, 4.064000000000000057 ) ) ;
#692 = ORIENTED_EDGE ( 'NONE', *, *, #3944, .F. ) ;
#693 = LINE ( 'NONE', #5268, #1146 ) ;
#694 = CARTESIAN_POINT ( 'NONE',  ( -7.619999999999998330, 0.6599113576837527528, 4.064000000000000057 ) ) ;
#695 = ORIENTED_EDGE ( 'NONE', *, *, #605, .F. ) ;
#696 = DIRECTION ( 'NONE',  ( -0.4999999999999943934, -0.8660254037844419273, -0.000000000000000000 ) ) ;
#697 = VERTEX_POINT ( 'NONE', #6056 ) ;
#698 = DIRECTION ( 'NONE',  ( -0.000000000000000000, 1.000000000000000000, -0.000000000000000000 ) ) ;
#699 = ORIENTED_EDGE ( 'NONE', *, *, #3794, .T. ) ;
#700 = CARTESIAN_POINT ( 'NONE',  ( 8.001000000000002998, 3.556000000000001826, 4.064000000000000057 ) ) ;
#701 = CLOSED_SHELL ( 'NONE', ( #1845, #1429, #5110, #3872, #4034, #5501, #1564, #2913, #2938, #2381, #410, #2768, #2757, #2462 ) ) ;
#702 = DIRECTION ( 'NONE',  ( -0.4999999999999943934, 0.8660254037844419273, -0.000000000000000000 ) ) ;
#703 = DIRECTION ( 'NONE',  ( -0.000000000000000000, 0.000000000000000000, 1.000000000000000000 ) ) ;
#704 = DIRECTION ( 'NONE',  ( -0.4999999999999943934, 0.8660254037844419273, -0.000000000000000000 ) ) ;
#705 = AXIS2_PLACEMENT_3D ( 'NONE', #2948, #552, #2402 ) ;
#706 = ORIENTED_EDGE ( 'NONE', *, *, #929, .T. ) ;
#707 = VERTEX_POINT ( 'NONE', #5527 ) ;
#708 = CARTESIAN_POINT ( 'NONE',  ( 5.080000000000002736, 2.896088642316250183, 4.064000000000000057 ) ) ;
#709 = LINE ( 'NONE', #2563, #843 ) ;
#710 = VECTOR ( 'NONE', #3619, 1000.000000000000114 ) ;
#711 = CARTESIAN_POINT ( 'NONE',  ( 0.9525000000000071188, 1.460500000000014786, 4.064000000000000057 ) ) ;
#712 = LINE ( 'NONE', #4415, #4505 ) ;
#713 = EDGE_CURVE ( 'NONE', #4442, #3167, #5548, .T. ) ;
#714 = ORIENTED_EDGE ( 'NONE', *, *, #4567, .F. ) ;
#715 = ADVANCED_FACE ( 'NONE', ( #2831 ), #4138, .F. ) ;
#716 = VERTEX_POINT ( 'NONE', #6029 ) ;
#717 = AXIS2_PLACEMENT_3D ( 'NONE', #1359, #4561, #403 ) ;
#718 =( GEOMETRIC_REPRESENTATION_CONTEXT ( 3 ) GLOBAL_UNCERTAINTY_ASSIGNED_CONTEXT ( ( #4494 ) ) GLOBAL_UNIT_ASSIGNED_CONTEXT ( ( #1287, #799, #2139 ) ) REPRESENTATION_CONTEXT ( 'NONE', 'WORKASPACE' ) );
#719 = DIRECTION ( 'NONE',  ( 0.000000000000000000, -1.000000000000000000, 0.000000000000000000 ) ) ;
#720 =( GEOMETRIC_REPRESENTATION_CONTEXT ( 3 ) GLOBAL_UNCERTAINTY_ASSIGNED_CONTEXT ( ( #6001 ) ) GLOBAL_UNIT_ASSIGNED_CONTEXT ( ( #1334, #1729, #3534 ) ) REPRESENTATION_CONTEXT ( 'NONE', 'WORKASPACE' ) );
#721 = AXIS2_PLACEMENT_3D ( 'NONE', #3425, #1551, #3394 ) ;
#722 = CARTESIAN_POINT ( 'NONE',  ( 12.70000000000000462, 2.896088642316250628, 4.064000000000000057 ) ) ;
#723 = VERTEX_POINT ( 'NONE', #4554 ) ;
#724 = AXIS2_PLACEMENT_3D ( 'NONE', #3311, #3261, #2374 ) ;
#725 = VECTOR ( 'NONE', #3878, 1000.000000000000000 ) ;
#726 = CARTESIAN_POINT ( 'NONE',  ( -3.492499999999992166, 1.460500000000014786, 4.064000000000000057 ) ) ;
#727 = CARTESIAN_POINT ( 'NONE',  ( -8.000999999999997669, 0.000000000000000000, 4.064000000000000057 ) ) ;
#728 = EDGE_LOOP ( 'NONE', ( #3475, #1396, #4643, #225, #381, #649, #1037, #4266 ) ) ;
#729 = AXIS2_PLACEMENT_3D ( 'NONE', #5834, #2588, #4431 ) ;
#730 = CARTESIAN_POINT ( 'NONE',  ( 0.3175000000000000044, 1.206500000000002126, 0.5714999999999996749 ) ) ;
#731 = ORIENTED_EDGE ( 'NONE', *, *, #507, .T. ) ;
#732 = DIRECTION ( 'NONE',  ( 0.000000000000000000, 1.000000000000000000, 0.000000000000000000 ) ) ;
#733 = VERTEX_POINT ( 'NONE', #3669 ) ;
#734 = DIRECTION ( 'NONE',  ( -1.000000000000000000, -0.000000000000000000, -0.000000000000000000 ) ) ;
#735 = VECTOR ( 'NONE', #1749, 1000.000000000000000 ) ;
#736 = EDGE_CURVE ( 'NONE', #5038, #1910, #925, .T. ) ;
#737 = SURFACE_STYLE_USAGE ( .BOTH. , #1194 ) ;
#738 = EDGE_CURVE ( 'NONE', #5159, #4099, #4616, .T. ) ;
#739 = PLANE ( 'NONE',  #3417 ) ;
#740 = DIRECTION ( 'NONE',  ( -1.000000000000000000, 0.000000000000000000, 0.000000000000000000 ) ) ;
#741 = VECTOR ( 'NONE', #966, 1000.000000000000000 ) ;
#742 = ORIENTED_EDGE ( 'NONE', *, *, #68, .T. ) ;
#743 = ORIENTED_EDGE ( 'NONE', *, *, #1516, .T. ) ;
#744 = FACE_OUTER_BOUND ( 'NONE', #1733, .T. ) ;
#745 = FACE_OUTER_BOUND ( 'NONE', #2954, .T. ) ;
#746 = VECTOR ( 'NONE', #978, 1000.000000000000000 ) ;
#747 = DIRECTION ( 'NONE',  ( -0.000000000000000000, -0.000000000000000000, -1.000000000000000000 ) ) ;
#748 = PLANE ( 'NONE',  #915 ) ;
#749 = CARTESIAN_POINT ( 'NONE',  ( 11.11250000000000959, 1.460500000000014786, 1.524000000000000021 ) ) ;
#750 = VERTEX_POINT ( 'NONE', #1861 ) ;
#751 = ORIENTED_EDGE ( 'NONE', *, *, #3900, .F. ) ;
#752 = COLOUR_RGB ( '',0.7921568627450980005, 0.8196078431372548767, 0.9333333333333333481 ) ;
#753 = DIRECTION ( 'NONE',  ( 0.000000000000000000, 0.000000000000000000, -1.000000000000000000 ) ) ;
#754 = LINE ( 'NONE', #3994, #3536 ) ;
#755 = EDGE_CURVE ( 'NONE', #2436, #5159, #5579, .T. ) ;
#756 = CARTESIAN_POINT ( 'NONE',  ( 2.540000000000002256, 0.6599113576837527528, 4.064000000000000057 ) ) ;
#757 = ORIENTED_EDGE ( 'NONE', *, *, #5953, .F. ) ;
#758 = ORIENTED_EDGE ( 'NONE', *, *, #4774, .F. ) ;
#759 =( LENGTH_UNIT ( ) NAMED_UNIT ( * ) SI_UNIT ( .MILLI., .METRE. ) );
#760 = DIRECTION ( 'NONE',  ( 1.000000000000000000, 0.000000000000000000, 0.000000000000000000 ) ) ;
#761 = LINE ( 'NONE', #1188, #5096 ) ;
#762 = EDGE_CURVE ( 'NONE', #4294, #5939, #4187, .T. ) ;
#763 = EDGE_LOOP ( 'NONE', ( #5482, #577, #1734, #3000 ) ) ;
#764 = LINE ( 'NONE', #2221, #15 ) ;
#765 = VERTEX_POINT ( 'NONE', #1439 ) ;
#766 = FACE_OUTER_BOUND ( 'NONE', #480, .T. ) ;
#767 = DIRECTION ( 'NONE',  ( -1.000000000000000000, 2.439149994343089694E-16, -0.000000000000000000 ) ) ;
#768 = CARTESIAN_POINT ( 'NONE',  ( 4.127500000000007496, 2.095500000000015017, 4.064000000000000057 ) ) ;
#769 = ORIENTED_EDGE ( 'NONE', *, *, #4774, .T. ) ;
#770 = ORIENTED_EDGE ( 'NONE', *, *, #1547, .F. ) ;
#771 = DIRECTION ( 'NONE',  ( 0.8660254037844419273, -0.4999999999999943934, 0.000000000000000000 ) ) ;
#772 = FACE_OUTER_BOUND ( 'NONE', #4141, .T. ) ;
#773 = FACE_OUTER_BOUND ( 'NONE', #2571, .T. ) ;
#774 = EDGE_CURVE ( 'NONE', #2466, #6053, #1048, .T. ) ;
#775 = CARTESIAN_POINT ( 'NONE',  ( -10.54099999999999682, 3.556000000000001382, 1.524000000000000021 ) ) ;
#776 = DIRECTION ( 'NONE',  ( -0.4999999999999943934, 0.8660254037844419273, -0.000000000000000000 ) ) ;
#777 = ORIENTED_EDGE ( 'NONE', *, *, #5206, .T. ) ;
#778 = VERTEX_POINT ( 'NONE', #4340 ) ;
#779 = LINE ( 'NONE', #972, #428 ) ;
#780 = DIRECTION ( 'NONE',  ( -0.000000000000000000, -0.000000000000000000, -1.000000000000000000 ) ) ;
#781 = PRODUCT_CONTEXT ( 'NONE', #255, 'mechanical' ) ;
#782 = LINE ( 'NONE', #4967, #5401 ) ;
#783 = ORIENTED_EDGE ( 'NONE', *, *, #5429, .F. ) ;
#784 = ADVANCED_FACE ( 'NONE', ( #2427 ), #2863, .F. ) ;
#785 = ORIENTED_EDGE ( 'NONE', *, *, #1367, .T. ) ;
#786 = ADVANCED_FACE ( 'NONE', ( #4734 ), #1098, .T. ) ;
#787 = FACE_OUTER_BOUND ( 'NONE', #2245, .T. ) ;
#788 = ORIENTED_EDGE ( 'NONE', *, *, #163, .T. ) ;
#789 = LINE ( 'NONE', #2130, #2349 ) ;
#790 = CARTESIAN_POINT ( 'NONE',  ( -6.667499999999993321, 2.095500000000015017, 4.064000000000000057 ) ) ;
#791 = ORIENTED_EDGE ( 'NONE', *, *, #677, .T. ) ;
#792 = FACE_OUTER_BOUND ( 'NONE', #1111, .T. ) ;
#793 = EDGE_CURVE ( 'NONE', #2441, #1165, #3825, .T. ) ;
#794 = ORIENTED_EDGE ( 'NONE', *, *, #5339, .T. ) ;
#795 = ADVANCED_FACE ( 'NONE', ( #1134 ), #581, .F. ) ;
#796 = LINE ( 'NONE', #4455, #1904 ) ;
#797 = DIRECTION ( 'NONE',  ( 1.000000000000000000, -1.023454825001716575E-15, 0.000000000000000000 ) ) ;
#798 = DIRECTION ( 'NONE',  ( -0.000000000000000000, -0.000000000000000000, -1.000000000000000000 ) ) ;
#799 =( NAMED_UNIT ( * ) PLANE_ANGLE_UNIT ( ) SI_UNIT ( $, .RADIAN. ) );
#800 = ORIENTED_EDGE ( 'NONE', *, *, #5280, .T. ) ;
#801 = ORIENTED_EDGE ( 'NONE', *, *, #2368, .F. ) ;
#802 = DIRECTION ( 'NONE',  ( 0.4999999999999943934, 0.8660254037844419273, 0.000000000000000000 ) ) ;
#803 = CARTESIAN_POINT ( 'NONE',  ( -10.15999999999999837, 2.896088642316250628, 1.524000000000000021 ) ) ;
#804 = CARTESIAN_POINT ( 'NONE',  ( 9.207500000000008455, 1.460500000000014786, 1.524000000000000021 ) ) ;
#805 = PLANE ( 'NONE',  #4781 ) ;
#806 = VECTOR ( 'NONE', #4169, 1000.000000000000000 ) ;
#807 = LINE ( 'NONE', #3473, #2188 ) ;
#808 = VERTEX_POINT ( 'NONE', #1978 ) ;
#809 = ORIENTED_EDGE ( 'NONE', *, *, #2185, .T. ) ;
#810 = LINE ( 'NONE', #280, #4491 ) ;
#811 = AXIS2_PLACEMENT_3D ( 'NONE', #1016, #139, #5307 ) ;
#812 = DIRECTION ( 'NONE',  ( 0.8660254037844418162, 0.4999999999999945599, -0.000000000000000000 ) ) ;
#813 = APPLICATION_PROTOCOL_DEFINITION ( 'draft international standard', 'automotive_design', 1998, #255 ) ;
#814 = VECTOR ( 'NONE', #776, 1000.000000000000000 ) ;
#815 = LINE ( 'NONE', #2125, #5000 ) ;
#816 = AXIS2_PLACEMENT_3D ( 'NONE', #3816, #5660, #1918 ) ;
#817 = VERTEX_POINT ( 'NONE', #643 ) ;
#818 = ORIENTED_EDGE ( 'NONE', *, *, #2854, .F. ) ;
#819 = PRESENTATION_LAYER_ASSIGNMENT (  '', '', ( #4398 ) ) ;
#820 = AXIS2_PLACEMENT_3D ( 'NONE', #4769, #1108, #2502 ) ;
#821 = DIRECTION ( 'NONE',  ( 1.000000000000000000, 0.000000000000000000, 0.000000000000000000 ) ) ;
#822 = LINE ( 'NONE', #727, #5768 ) ;
#823 = DIRECTION ( 'NONE',  ( -0.000000000000000000, 0.000000000000000000, 1.000000000000000000 ) ) ;
#824 = ORIENTED_EDGE ( 'NONE', *, *, #4381, .F. ) ;
#825 = CARTESIAN_POINT ( 'NONE',  ( 12.70000000000000462, 2.896088642316250628, 4.064000000000000057 ) ) ;
#826 = AXIS2_PLACEMENT_3D ( 'NONE', #5709, #4765, #5343 ) ;
#827 = CIRCLE ( 'NONE', #2271, 0.8889999999999994573 ) ;
#828 = ORIENTED_EDGE ( 'NONE', *, *, #5580, .T. ) ;
#829 = EDGE_CURVE ( 'NONE', #4495, #750, #5704, .T. ) ;
#830 = LINE ( 'NONE', #5859, #1999 ) ;
#831 = DIRECTION ( 'NONE',  ( -0.000000000000000000, -0.000000000000000000, -1.000000000000000000 ) ) ;
#832 = AXIS2_PLACEMENT_3D ( 'NONE', #4946, #4048, #4009 ) ;
#833 = VECTOR ( 'NONE', #2657, 1000.000000000000000 ) ;
#834 = EDGE_CURVE ( 'NONE', #285, #126, #1523, .T. ) ;
#835 = DIRECTION ( 'NONE',  ( -0.4999999999999943934, -0.8660254037844419273, -0.000000000000000000 ) ) ;
#836 = DIRECTION ( 'NONE',  ( -0.000000000000000000, -0.000000000000000000, -1.000000000000000000 ) ) ;
#837 = VERTEX_POINT ( 'NONE', #1612 ) ;
#838 = VERTEX_POINT ( 'NONE', #169 ) ;
#839 = VECTOR ( 'NONE', #942, 1000.000000000000000 ) ;
#840 = DIRECTION ( 'NONE',  ( -1.000000000000000000, 2.439149994343089694E-16, -0.000000000000000000 ) ) ;
#841 = DIRECTION ( 'NONE',  ( 0.000000000000000000, -1.000000000000000000, 0.000000000000000000 ) ) ;
#842 = LINE ( 'NONE', #4897, #3699 ) ;
#843 = VECTOR ( 'NONE', #3873, 1000.000000000000000 ) ;
#844 = DIRECTION ( 'NONE',  ( -0.000000000000000000, 0.000000000000000000, 1.000000000000000000 ) ) ;
#845 = DIRECTION ( 'NONE',  ( -0.000000000000000000, -1.000000000000000000, -0.000000000000000000 ) ) ;
#846 = VERTEX_POINT ( 'NONE', #5792 ) ;
#847 = ADVANCED_FACE ( 'NONE', ( #5756 ), #4279, .T. ) ;
#848 = VERTEX_POINT ( 'NONE', #1576 ) ;
#849 = CARTESIAN_POINT ( 'NONE',  ( 1.734723475976807094E-15, 0.6599113576837527528, 4.064000000000000057 ) ) ;
#850 = VECTOR ( 'NONE', #992, 1000.000000000000000 ) ;
#851 = CARTESIAN_POINT ( 'NONE',  ( -0.3175000000000000044, 1.460500000000001908, 3.683000000000000274 ) ) ;
#852 = PLANE ( 'NONE',  #5695 ) ;
#853 = VERTEX_POINT ( 'NONE', #4308 ) ;
#854 = AXIS2_PLACEMENT_3D ( 'NONE', #4907, #2097, #312 ) ;
#855 = CARTESIAN_POINT ( 'NONE',  ( 17.78000000000000114, 0.000000000000000000, 1.524000000000000021 ) ) ;
#856 = ORIENTED_EDGE ( 'NONE', *, *, #2830, .F. ) ;
#857 = FACE_OUTER_BOUND ( 'NONE', #5852, .T. ) ;
#858 = DIRECTION ( 'NONE',  ( 1.000000000000000000, 0.000000000000000000, 0.000000000000000000 ) ) ;
#859 = ORIENTED_EDGE ( 'NONE', *, *, #5840, .T. ) ;
#860 = DIRECTION ( 'NONE',  ( 0.4999999999999950595, 0.8660254037844414832, 0.000000000000000000 ) ) ;
#861 = ORIENTED_EDGE ( 'NONE', *, *, #949, .T. ) ;
#862 = DIRECTION ( 'NONE',  ( -0.000000000000000000, -1.000000000000000000, -0.000000000000000000 ) ) ;
#863 = DIRECTION ( 'NONE',  ( -0.4999999999999943934, 0.8660254037844419273, -0.000000000000000000 ) ) ;
#864 = DIRECTION ( 'NONE',  ( -0.8660254037844414832, 0.4999999999999951150, 0.000000000000000000 ) ) ;
#865 = FILL_AREA_STYLE ('',( #1775 ) ) ;
#866 = EDGE_LOOP ( 'NONE', ( #3597, #3803, #2522, #2140 ) ) ;
#867 = EDGE_CURVE ( 'NONE', #2072, #3667, #2013, .T. ) ;
#868 = EDGE_CURVE ( 'NONE', #4619, #1941, #4793, .T. ) ;
#869 = EDGE_CURVE ( 'NONE', #5045, #251, #5244, .T. ) ;
#870 = LINE ( 'NONE', #301, #633 ) ;
#871 = FACE_OUTER_BOUND ( 'NONE', #2792, .T. ) ;
#872 = DIRECTION ( 'NONE',  ( 0.000000000000000000, 1.000000000000000000, 0.000000000000000000 ) ) ;
#873 = LINE ( 'NONE', #304, #2264 ) ;
#874 = CARTESIAN_POINT ( 'NONE',  ( -4.698999999999998067, 3.556000000000001826, 4.064000000000000057 ) ) ;
#875 = VERTEX_POINT ( 'NONE', #2920 ) ;
#876 = EDGE_LOOP ( 'NONE', ( #1625, #4528, #4046, #5011 ) ) ;
#877 = DIRECTION ( 'NONE',  ( 0.4999999999999950595, 0.8660254037844414832, 0.000000000000000000 ) ) ;
#878 = CARTESIAN_POINT ( 'NONE',  ( -2.920999999999996710, 3.556000000000001382, 4.064000000000000057 ) ) ;
#879 = ORIENTED_EDGE ( 'NONE', *, *, #2539, .T. ) ;
#880 = PLANE ( 'NONE',  #549 ) ;
#881 = ORIENTED_EDGE ( 'NONE', *, *, #2499, .F. ) ;
#882 = CARTESIAN_POINT ( 'NONE',  ( 13.65250000000001052, 2.095500000000015017, 4.064000000000000057 ) ) ;
#883 = FACE_OUTER_BOUND ( 'NONE', #5741, .T. ) ;
#884 = ORIENTED_EDGE ( 'NONE', *, *, #2879, .F. ) ;
#885 = DIRECTION ( 'NONE',  ( -0.000000000000000000, -1.000000000000000000, -0.000000000000000000 ) ) ;
#886 = EDGE_LOOP ( 'NONE', ( #4200, #757, #1254, #341 ) ) ;
#887 = CARTESIAN_POINT ( 'NONE',  ( -13.08099999999999774, 3.556000000000001382, 1.524000000000000021 ) ) ;
#888 = EDGE_CURVE ( 'NONE', #5682, #3874, #3339, .T. ) ;
#889 = CARTESIAN_POINT ( 'NONE',  ( -10.15999999999999837, 2.896088642316250628, 4.064000000000000057 ) ) ;
#890 = PLANE ( 'NONE',  #2942 ) ;
#891 = CARTESIAN_POINT ( 'NONE',  ( 10.54100000000000392, 1.819702678853052132E-15, 4.064000000000000057 ) ) ;
#892 = ORIENTED_EDGE ( 'NONE', *, *, #1170, .T. ) ;
#893 = LINE ( 'NONE', #3288, #2469 ) ;
#894 = PRODUCT ( 'PBC04SBAN_GC12', 'PBC04SBAN_GC12', '', ( #781 ) ) ;
#895 = CARTESIAN_POINT ( 'NONE',  ( -1.587499999999991696, 1.460500000000014786, 4.064000000000000057 ) ) ;
#896 = PLANE ( 'NONE',  #3901 ) ;
#897 = DIRECTION ( 'NONE',  ( 1.000000000000000000, 0.000000000000000000, 0.000000000000000000 ) ) ;
#898 = EDGE_CURVE ( 'NONE', #3159, #603, #4759, .T. ) ;
#899 = DIRECTION ( 'NONE',  ( -0.4999999999999943934, 0.8660254037844419273, -0.000000000000000000 ) ) ;
#900 = ORIENTED_EDGE ( 'NONE', *, *, #4900, .F. ) ;
#901 = ADVANCED_FACE ( 'NONE', ( #3392, #5269 ), #1489, .T. ) ;
#902 = VERTEX_POINT ( 'NONE', #5216 ) ;
#903 = DIRECTION ( 'NONE',  ( -0.4999999999999943934, 0.8660254037844419273, -0.000000000000000000 ) ) ;
#904 = FACE_OUTER_BOUND ( 'NONE', #4467, .T. ) ;
#905 = VECTOR ( 'NONE', #1750, 1000.000000000000000 ) ;
#906 = EDGE_LOOP ( 'NONE', ( #3062, #1677, #1521, #5330 ) ) ;
#907 = EDGE_CURVE ( 'NONE', #1422, #3390, #2895, .T. ) ;
#908 = CARTESIAN_POINT ( 'NONE',  ( -12.69999999999999751, 2.896088642316250183, 4.064000000000000057 ) ) ;
#909 = ORIENTED_EDGE ( 'NONE', *, *, #1110, .F. ) ;
#910 = VECTOR ( 'NONE', #3915, 1000.000000000000000 ) ;
#911 = ORIENTED_EDGE ( 'NONE', *, *, #1654, .T. ) ;
#912 = ADVANCED_FACE ( 'NONE', ( #287 ), #4425, .F. ) ;
#913 = EDGE_CURVE ( 'NONE', #2697, #3084, #789, .T. ) ;
#914 = DIRECTION ( 'NONE',  ( 1.000000000000000000, 0.000000000000000000, 0.000000000000000000 ) ) ;
#915 = AXIS2_PLACEMENT_3D ( 'NONE', #2887, #2853, #5298 ) ;
#916 = CARTESIAN_POINT ( 'NONE',  ( -0.3175000000000000044, -0.000000000000000000, 9.397999999999990806 ) ) ;
#917 = CARTESIAN_POINT ( 'NONE',  ( 0.3175000000000000044, 1.206500000000001904, -0.3174999999999999489 ) ) ;
#918 = ORIENTED_EDGE ( 'NONE', *, *, #1651, .T. ) ;
#919 = DIRECTION ( 'NONE',  ( -0.000000000000000000, -0.000000000000000000, -1.000000000000000000 ) ) ;
#920 = EDGE_LOOP ( 'NONE', ( #2845, #5536, #1317, #1803 ) ) ;
#921 = VECTOR ( 'NONE', #899, 1000.000000000000000 ) ;
#922 = STYLED_ITEM ( 'NONE', ( #296 ), #1758 ) ;
#923 = CARTESIAN_POINT ( 'NONE',  ( 4.699000000000001620, 0.000000000000000000, 4.064000000000000057 ) ) ;
#924 = DIRECTION ( 'NONE',  ( 1.000000000000000000, 0.000000000000000000, -0.000000000000000000 ) ) ;
#925 = LINE ( 'NONE', #2780, #3232 ) ;
#926 = VECTOR ( 'NONE', #420, 1000.000000000000114 ) ;
#927 = VECTOR ( 'NONE', #2888, 1000.000000000000000 ) ;
#928 = ORIENTED_EDGE ( 'NONE', *, *, #1092, .F. ) ;
#929 = EDGE_CURVE ( 'NONE', #5846, #1613, #5889, .T. ) ;
#930 = CARTESIAN_POINT ( 'NONE',  ( 12.31900000000000439, 0.000000000000000000, 4.064000000000000057 ) ) ;
#931 = VECTOR ( 'NONE', #5842, 1000.000000000000000 ) ;
#932 = EDGE_CURVE ( 'NONE', #5219, #3364, #822, .T. ) ;
#933 = AXIS2_PLACEMENT_3D ( 'NONE', #65, #3322, #3808 ) ;
#934 = LINE ( 'NONE', #2377, #5703 ) ;
#935 = DIRECTION ( 'NONE',  ( -0.000000000000000000, 0.000000000000000000, 1.000000000000000000 ) ) ;
#936 = CARTESIAN_POINT ( 'NONE',  ( -14.28749999999999254, 2.095500000000015017, 1.524000000000000021 ) ) ;
#937 = VECTOR ( 'NONE', #5062, 1000.000000000000000 ) ;
#938 = CARTESIAN_POINT ( 'NONE',  ( 3.492500000000007709, 1.460500000000014786, 4.064000000000000057 ) ) ;
#939 = ORIENTED_EDGE ( 'NONE', *, *, #2164, .F. ) ;
#940 = VERTEX_POINT ( 'NONE', #325 ) ;
#941 = FACE_BOUND ( 'NONE', #2559, .T. ) ;
#942 = DIRECTION ( 'NONE',  ( 0.000000000000000000, -1.000000000000000000, 0.000000000000000000 ) ) ;
#943 = VECTOR ( 'NONE', #4292, 1000.000000000000000 ) ;
#944 = ORIENTED_EDGE ( 'NONE', *, *, #1726, .T. ) ;
#945 = EDGE_CURVE ( 'NONE', #258, #1857, #3543, .T. ) ;
#946 = LINE ( 'NONE', #908, #128 ) ;
#947 = ORIENTED_EDGE ( 'NONE', *, *, #1672, .F. ) ;
#948 = ORIENTED_EDGE ( 'NONE', *, *, #4991, .F. ) ;
#949 = EDGE_CURVE ( 'NONE', #4460, #1965, #3070, .T. ) ;
#950 = EDGE_CURVE ( 'NONE', #1708, #765, #4480, .T. ) ;
#951 = DIRECTION ( 'NONE',  ( -0.000000000000000000, -0.000000000000000000, -1.000000000000000000 ) ) ;
#952 = VECTOR ( 'NONE', #1574, 1000.000000000000000 ) ;
#953 = DIRECTION ( 'NONE',  ( -0.000000000000000000, -0.000000000000000000, -1.000000000000000000 ) ) ;
#954 = CARTESIAN_POINT ( 'NONE',  ( -0.3175000000000000044, 2.095500000000001251, -9.735692977420864871E-17 ) ) ;
#955 = EDGE_LOOP ( 'NONE', ( #2399, #88, #3501, #3563 ) ) ;
#956 = CARTESIAN_POINT ( 'NONE',  ( 5.080000000000002736, 0.6599113576837528639, 4.064000000000000057 ) ) ;
#957 = PRODUCT_DEFINITION_SHAPE ( 'NONE', 'NONE',  #6060 ) ;
#958 = EDGE_LOOP ( 'NONE', ( #2840, #4882, #596, #613, #4097, #75, #1644, #1340 ) ) ;
#959 =( GEOMETRIC_REPRESENTATION_CONTEXT ( 3 ) GLOBAL_UNCERTAINTY_ASSIGNED_CONTEXT ( ( #2018 ) ) GLOBAL_UNIT_ASSIGNED_CONTEXT ( ( #3326, #2418, #1067 ) ) REPRESENTATION_CONTEXT ( 'NONE', 'WORKASPACE' ) );
#960 = DIRECTION ( 'NONE',  ( 1.000000000000000000, 0.000000000000000000, 0.000000000000000000 ) ) ;
#961 = CARTESIAN_POINT ( 'NONE',  ( -5.460999999999996746, 3.556000000000001382, 4.064000000000000057 ) ) ;
#962 = ADVANCED_FACE ( 'NONE', ( #1640 ), #3126, .T. ) ;
#963 = EDGE_CURVE ( 'NONE', #4570, #2148, #1278, .T. ) ;
#964 = ORIENTED_EDGE ( 'NONE', *, *, #1802, .T. ) ;
#965 = FACE_OUTER_BOUND ( 'NONE', #1299, .T. ) ;
#966 = DIRECTION ( 'NONE',  ( -0.000000000000000000, 1.000000000000000000, -0.000000000000000000 ) ) ;
#967 = DIRECTION ( 'NONE',  ( -0.000000000000000000, -0.000000000000000000, -1.000000000000000000 ) ) ;
#968 = FACE_OUTER_BOUND ( 'NONE', #1432, .T. ) ;
#969 = EDGE_CURVE ( 'NONE', #3483, #3325, #3007, .T. ) ;
#970 = EDGE_LOOP ( 'NONE', ( #2220, #4268, #5398, #5559 ) ) ;
#971 = ORIENTED_EDGE ( 'NONE', *, *, #4939, .T. ) ;
#972 = CARTESIAN_POINT ( 'NONE',  ( 0.9525000000000071188, 2.095500000000015017, 4.064000000000000057 ) ) ;
#973 = CARTESIAN_POINT ( 'NONE',  ( 9.207500000000008455, 1.460500000000014786, 4.064000000000000057 ) ) ;
#974 = ORIENTED_EDGE ( 'NONE', *, *, #614, .T. ) ;
#975 = CARTESIAN_POINT ( 'NONE',  ( 0.3175000000000000044, 2.095500000000001251, -9.735692977420864871E-17 ) ) ;
#976 = EDGE_LOOP ( 'NONE', ( #5485, #4549, #5184, #5867 ) ) ;
#977 = ORIENTED_EDGE ( 'NONE', *, *, #4762, .T. ) ;
#978 = DIRECTION ( 'NONE',  ( -0.000000000000000000, -0.000000000000000000, -1.000000000000000000 ) ) ;
#979 = CARTESIAN_POINT ( 'NONE',  ( 14.85900000000000354, 0.000000000000000000, 1.524000000000000021 ) ) ;
#980 = DIRECTION ( 'NONE',  ( -0.000000000000000000, -0.000000000000000000, -1.000000000000000000 ) ) ;
#981 = ADVANCED_FACE ( 'NONE', ( #2191 ), #1666, .F. ) ;
#982 = ORIENTED_EDGE ( 'NONE', *, *, #2127, .F. ) ;
#983 = LINE ( 'NONE', #3195, #1399 ) ;
#984 = VERTEX_POINT ( 'NONE', #4972 ) ;
#985 = CARTESIAN_POINT ( 'NONE',  ( -0.9524999999999915756, 1.460500000000014786, 1.524000000000000021 ) ) ;
#986 = PRESENTATION_STYLE_ASSIGNMENT (( #4615 ) ) ;
#987 = DIRECTION ( 'NONE',  ( 1.000000000000000000, -1.023454825001716575E-15, 0.000000000000000000 ) ) ;
#988 = FILL_AREA_STYLE ('',( #4139 ) ) ;
#989 = EDGE_CURVE ( 'NONE', #5956, #3759, #3509, .T. ) ;
#990 = VERTEX_POINT ( 'NONE', #2674 ) ;
#991 = CARTESIAN_POINT ( 'NONE',  ( -5.460999999999996746, 3.556000000000001382, 4.064000000000000057 ) ) ;
#992 = DIRECTION ( 'NONE',  ( 1.000000000000000000, -1.023454825001716575E-15, 0.000000000000000000 ) ) ;
#993 = CONTEXT_DEPENDENT_SHAPE_REPRESENTATION ( #2468, #6058 ) ;
#994 = PLANE ( 'NONE',  #2642 ) ;
#995 = PLANE ( 'NONE',  #4877 ) ;
#996 = ORIENTED_EDGE ( 'NONE', *, *, #3014, .F. ) ;
#997 = VERTEX_POINT ( 'NONE', #4850 ) ;
#998 = DIRECTION ( 'NONE',  ( 0.4999999999999943934, -0.8660254037844419273, 0.000000000000000000 ) ) ;
#999 = EDGE_LOOP ( 'NONE', ( #3862, #3352, #382, #132 ) ) ;
#1000 = DIRECTION ( 'NONE',  ( -0.000000000000000000, -0.000000000000000000, -1.000000000000000000 ) ) ;
#1001 = ORIENTED_EDGE ( 'NONE', *, *, #4701, .T. ) ;
#1002 = VERTEX_POINT ( 'NONE', #694 ) ;
#1003 = EDGE_CURVE ( 'NONE', #2424, #5956, #4516, .T. ) ;
#1004 = VECTOR ( 'NONE', #5943, 1000.000000000000000 ) ;
#1005 = EDGE_CURVE ( 'NONE', #1770, #1852, #4069, .T. ) ;
#1006 = FACE_OUTER_BOUND ( 'NONE', #1660, .T. ) ;
#1007 = DIRECTION ( 'NONE',  ( -0.000000000000000000, 0.000000000000000000, 1.000000000000000000 ) ) ;
#1008 = AXIS2_PLACEMENT_3D ( 'NONE', #49, #864, #5150 ) ;
#1009 = ORIENTED_EDGE ( 'NONE', *, *, #3567, .F. ) ;
#1010 = CARTESIAN_POINT ( 'NONE',  ( 5.080000000000002736, 0.6599113576837527528, 4.064000000000000057 ) ) ;
#1011 = APPLICATION_CONTEXT ( 'automotive_design' ) ;
#1012 = ORIENTED_EDGE ( 'NONE', *, *, #1176, .T. ) ;
#1013 = CARTESIAN_POINT ( 'NONE',  ( -9.778999999999999915, 3.556000000000001826, 1.524000000000000021 ) ) ;
#1014 = VECTOR ( 'NONE', #5502, 1000.000000000000000 ) ;
#1015 = SURFACE_SIDE_STYLE ('',( #2777 ) ) ;
#1016 = CARTESIAN_POINT ( 'NONE',  ( -7.238999999999998991, 1.819702678853052132E-15, 4.064000000000000057 ) ) ;
#1017 = VECTOR ( 'NONE', #732, 1000.000000000000000 ) ;
#1018 = VECTOR ( 'NONE', #1444, 1000.000000000000000 ) ;
#1019 = EDGE_LOOP ( 'NONE', ( #5372, #1929, #5540, #361 ) ) ;
#1020 = PLANE ( 'NONE',  #5694 ) ;
#1021 = ADVANCED_FACE ( 'NONE', ( #1218 ), #4913, .T. ) ;
#1022 = LINE ( 'NONE', #4259, #2286 ) ;
#1023 = AXIS2_PLACEMENT_3D ( 'NONE', #1043, #1484, #2483 ) ;
#1024 = CONTEXT_DEPENDENT_SHAPE_REPRESENTATION ( #4948, #3312 ) ;
#1025 = VECTOR ( 'NONE', #1737, 1000.000000000000000 ) ;
#1026 = DIRECTION ( 'NONE',  ( -0.000000000000000000, 1.000000000000000000, -0.000000000000000000 ) ) ;
#1027 = DIRECTION ( 'NONE',  ( -0.4999999999999943934, 0.8660254037844419273, -0.000000000000000000 ) ) ;
#1028 = ORIENTED_EDGE ( 'NONE', *, *, #24, .F. ) ;
#1029 = ORIENTED_EDGE ( 'NONE', *, *, #5384, .T. ) ;
#1030 = AXIS2_PLACEMENT_3D ( 'NONE', #5259, #4242, #2415 ) ;
#1031 = FILL_AREA_STYLE_COLOUR ( '', #4498 ) ;
#1032 = DIRECTION ( 'NONE',  ( 0.000000000000000000, -4.645999989224937270E-17, -1.000000000000000000 ) ) ;
#1033 = EDGE_CURVE ( 'NONE', #2891, #1652, #1301, .T. ) ;
#1034 = EDGE_LOOP ( 'NONE', ( #5650, #2856, #1324, #1313 ) ) ;
#1035 = VECTOR ( 'NONE', #311, 1000.000000000000000 ) ;
#1036 = DIRECTION ( 'NONE',  ( -0.4999999999999951150, -0.8660254037844414832, 0.000000000000000000 ) ) ;
#1037 = ORIENTED_EDGE ( 'NONE', *, *, #3438, .T. ) ;
#1038 = ORIENTED_EDGE ( 'NONE', *, *, #315, .F. ) ;
#1039 = VECTOR ( 'NONE', #2785, 1000.000000000000000 ) ;
#1040 = CARTESIAN_POINT ( 'NONE',  ( 5.461000000000002075, 1.819702678853052132E-15, 4.064000000000000057 ) ) ;
#1041 = DIRECTION ( 'NONE',  ( 0.000000000000000000, 0.000000000000000000, 1.000000000000000000 ) ) ;
#1042 = ORIENTED_EDGE ( 'NONE', *, *, #4101, .T. ) ;
#1043 = CARTESIAN_POINT ( 'NONE',  ( 20.32000000000000028, 0.000000000000000000, 4.064000000000000057 ) ) ;
#1044 = ORIENTED_EDGE ( 'NONE', *, *, #867, .T. ) ;
#1045 = CARTESIAN_POINT ( 'NONE',  ( 10.54100000000000392, 1.819702678853052132E-15, 1.524000000000000021 ) ) ;
#1046 =( GEOMETRIC_REPRESENTATION_CONTEXT ( 3 ) GLOBAL_UNCERTAINTY_ASSIGNED_CONTEXT ( ( #4799 ) ) GLOBAL_UNIT_ASSIGNED_CONTEXT ( ( #759, #3973, #3599 ) ) REPRESENTATION_CONTEXT ( 'NONE', 'WORKASPACE' ) );
#1047 = CARTESIAN_POINT ( 'NONE',  ( -0.3809999999999958975, 3.556000000000001382, 4.064000000000000057 ) ) ;
#1048 = LINE ( 'NONE', #2489, #2646 ) ;
#1049 = CARTESIAN_POINT ( 'NONE',  ( -5.079999999999997407, 0.6599113576837527528, 4.064000000000000057 ) ) ;
#1050 = LINE ( 'NONE', #6010, #921 ) ;
#1051 = AXIS2_PLACEMENT_3D ( 'NONE', #2479, #161, #3414 ) ;
#1052 = ORIENTED_EDGE ( 'NONE', *, *, #4075, .T. ) ;
#1053 = DIRECTION ( 'NONE',  ( -0.000000000000000000, 1.000000000000000000, -0.000000000000000000 ) ) ;
#1054 = DIRECTION ( 'NONE',  ( 1.000000000000000000, -1.023454825001716575E-15, 0.000000000000000000 ) ) ;
#1055 = PLANE ( 'NONE',  #412 ) ;
#1056 = CARTESIAN_POINT ( 'NONE',  ( -12.31899999999999906, 3.556000000000001826, 4.064000000000000057 ) ) ;
#1057 = EDGE_CURVE ( 'NONE', #3911, #3665, #1252, .T. ) ;
#1058 = EDGE_CURVE ( 'NONE', #838, #3364, #4094, .T. ) ;
#1059 = ORIENTED_EDGE ( 'NONE', *, *, #326, .T. ) ;
#1060 = ORIENTED_EDGE ( 'NONE', *, *, #1381, .F. ) ;
#1061 = LINE ( 'NONE', #117, #4403 ) ;
#1062 = DIRECTION ( 'NONE',  ( -0.000000000000000000, -0.000000000000000000, -1.000000000000000000 ) ) ;
#1063 = DIRECTION ( 'NONE',  ( -0.000000000000000000, -1.000000000000000000, -0.000000000000000000 ) ) ;
#1064 = FACE_OUTER_BOUND ( 'NONE', #5282, .T. ) ;
#1065 = ADVANCED_FACE ( 'NONE', ( #5480 ), #417, .F. ) ;
#1066 = ORIENTED_EDGE ( 'NONE', *, *, #614, .F. ) ;
#1067 =( NAMED_UNIT ( * ) SI_UNIT ( $, .STERADIAN. ) SOLID_ANGLE_UNIT ( ) );
#1068 = LINE ( 'NONE', #5750, #416 ) ;
#1069 = CARTESIAN_POINT ( 'NONE',  ( 14.28750000000001030, 1.460500000000014786, 4.064000000000000057 ) ) ;
#1070 = ADVANCED_FACE ( 'NONE', ( #6049 ), #1308, .F. ) ;
#1071 = ORIENTED_EDGE ( 'NONE', *, *, #2838, .T. ) ;
#1072 = CARTESIAN_POINT ( 'NONE',  ( -8.572499999999992681, 1.460500000000014786, 4.064000000000000057 ) ) ;
#1073 = ORIENTED_EDGE ( 'NONE', *, *, #2728, .T. ) ;
#1074 = LINE ( 'NONE', #2543, #1917 ) ;
#1075 = CARTESIAN_POINT ( 'NONE',  ( -7.238999999999998991, 1.819702678853052132E-15, 4.064000000000000057 ) ) ;
#1076 = EDGE_LOOP ( 'NONE', ( #4626, #5626, #4248, #233, #4886, #3918, #3440, #5312 ) ) ;
#1077 = FACE_BOUND ( 'NONE', #4365, .T. ) ;
#1078 = CARTESIAN_POINT ( 'NONE',  ( -4.698999999999998067, 3.556000000000001826, 1.524000000000000021 ) ) ;
#1079 = ORIENTED_EDGE ( 'NONE', *, *, #4283, .T. ) ;
#1080 = EDGE_CURVE ( 'NONE', #632, #1878, #3687, .T. ) ;
#1081 = LINE ( 'NONE', #4258, #343 ) ;
#1082 = CARTESIAN_POINT ( 'NONE',  ( 15.24000000000000554, 2.896088642316250183, 4.064000000000000057 ) ) ;
#1083 = PLANE ( 'NONE',  #1678 ) ;
#1084 = FACE_OUTER_BOUND ( 'NONE', #920, .T. ) ;
#1085 = ORIENTED_EDGE ( 'NONE', *, *, #2389, .F. ) ;
#1086 = EDGE_LOOP ( 'NONE', ( #3461, #1617, #4330, #44 ) ) ;
#1087 = FACE_OUTER_BOUND ( 'NONE', #4309, .T. ) ;
#1088 = CARTESIAN_POINT ( 'NONE',  ( -6.667499999999993321, 1.460500000000014786, 1.524000000000000021 ) ) ;
#1089 = CARTESIAN_POINT ( 'NONE',  ( -6.032499999999992646, 1.460500000000014786, 4.064000000000000057 ) ) ;
#1090 = DIRECTION ( 'NONE',  ( 1.000000000000000000, 0.000000000000000000, 0.000000000000000000 ) ) ;
#1091 = VERTEX_POINT ( 'NONE', #5040 ) ;
#1092 = EDGE_CURVE ( 'NONE', #3488, #686, #3663, .T. ) ;
#1093 = DIRECTION ( 'NONE',  ( -1.000000000000000000, 2.439149994343089694E-16, -0.000000000000000000 ) ) ;
#1094 = CARTESIAN_POINT ( 'NONE',  ( 10.54100000000000392, 1.819702678853052132E-15, 4.064000000000000057 ) ) ;
#1095 = CARTESIAN_POINT ( 'NONE',  ( -10.54099999999999859, 0.000000000000000000, 1.524000000000000021 ) ) ;
#1096 = ORIENTED_EDGE ( 'NONE', *, *, #3384, .T. ) ;
#1097 = CARTESIAN_POINT ( 'NONE',  ( -12.69999999999999751, 0.6599113576837528639, 1.524000000000000021 ) ) ;
#1098 = PLANE ( 'NONE',  #1781 ) ;
#1099 = VERTEX_POINT ( 'NONE', #454 ) ;
#1100 = LINE ( 'NONE', #4342, #5789 ) ;
#1101 = LINE ( 'NONE', #5313, #1493 ) ;
#1102 = ORIENTED_EDGE ( 'NONE', *, *, #4458, .F. ) ;
#1103 = VECTOR ( 'NONE', #5181, 1000.000000000000000 ) ;
#1104 = CARTESIAN_POINT ( 'NONE',  ( 7.620000000000003659, 2.896088642316250628, 4.064000000000000057 ) ) ;
#1105 = PLANE ( 'NONE',  #2579 ) ;
#1106 = PLANE ( 'NONE',  #4777 ) ;
#1107 = VECTOR ( 'NONE', #6026, 1000.000000000000000 ) ;
#1108 = DIRECTION ( 'NONE',  ( -0.8660254037844419273, -0.4999999999999943934, 0.000000000000000000 ) ) ;
#1109 = VECTOR ( 'NONE', #1093, 1000.000000000000000 ) ;
#1110 = EDGE_CURVE ( 'NONE', #1131, #808, #3162, .T. ) ;
#1111 = EDGE_LOOP ( 'NONE', ( #4166, #3020, #199, #98 ) ) ;
#1112 = VERTEX_POINT ( 'NONE', #5569 ) ;
#1113 = EDGE_CURVE ( 'NONE', #2841, #4829, #5014, .T. ) ;
#1114 = CARTESIAN_POINT ( 'NONE',  ( 3.469446951953614189E-15, 2.896088642316250183, 4.064000000000000057 ) ) ;
#1115 = STYLED_ITEM ( 'NONE', ( #3236 ), #3843 ) ;
#1116 = AXIS2_PLACEMENT_3D ( 'NONE', #4654, #4170, #4590 ) ;
#1117 = FACE_OUTER_BOUND ( 'NONE', #5321, .T. ) ;
#1118 = DIRECTION ( 'NONE',  ( -1.000000000000000000, -0.000000000000000000, -0.000000000000000000 ) ) ;
#1119 = VECTOR ( 'NONE', #2321, 1000.000000000000000 ) ;
#1120 = FACE_OUTER_BOUND ( 'NONE', #5442, .T. ) ;
#1121 = AXIS2_PLACEMENT_3D ( 'NONE', #3200, #5049, #464 ) ;
#1122 = ORIENTED_EDGE ( 'NONE', *, *, #677, .F. ) ;
#1123 =( REPRESENTATION_RELATIONSHIP ('NONE','NONE', #3108, #5978 ) REPRESENTATION_RELATIONSHIP_WITH_TRANSFORMATION ( #4195 )SHAPE_REPRESENTATION_RELATIONSHIP( ) );
#1124 = VECTOR ( 'NONE', #3986, 1000.000000000000000 ) ;
#1125 = VECTOR ( 'NONE', #1304, 1000.000000000000000 ) ;
#1126 = CARTESIAN_POINT ( 'NONE',  ( 11.11250000000000959, 1.460500000000014786, 4.064000000000000057 ) ) ;
#1127 = CARTESIAN_POINT ( 'NONE',  ( 8.572500000000008669, 2.095500000000015017, 1.524000000000000021 ) ) ;
#1128 = CARTESIAN_POINT ( 'NONE',  ( -14.85899999999999821, 3.556000000000001826, 1.524000000000000021 ) ) ;
#1129 = VECTOR ( 'NONE', #3762, 1000.000000000000000 ) ;
#1130 = EDGE_CURVE ( 'NONE', #4396, #1711, #2705, .T. ) ;
#1131 = VERTEX_POINT ( 'NONE', #3600 ) ;
#1132 = ADVANCED_FACE ( 'NONE', ( #857 ), #6020, .F. ) ;
#1133 = VECTOR ( 'NONE', #91, 1000.000000000000000 ) ;
#1134 = FACE_OUTER_BOUND ( 'NONE', #2986, .T. ) ;
#1135 = ORIENTED_EDGE ( 'NONE', *, *, #5444, .T. ) ;
#1136 = DIRECTION ( 'NONE',  ( 0.4999999999999945044, -0.8660254037844418162, 0.000000000000000000 ) ) ;
#1137 = ORIENTED_EDGE ( 'NONE', *, *, #5618, .F. ) ;
#1138 = DIRECTION ( 'NONE',  ( -1.000000000000000000, 0.000000000000000000, 0.000000000000000000 ) ) ;
#1139 = EDGE_LOOP ( 'NONE', ( #4007, #5841, #3998, #3966 ) ) ;
#1140 = ADVANCED_FACE ( 'NONE', ( #2823 ), #4664, .T. ) ;
#1141 = VECTOR ( 'NONE', #767, 1000.000000000000000 ) ;
#1142 = CARTESIAN_POINT ( 'NONE',  ( 0.9525000000000071188, 1.460500000000014786, 1.524000000000000021 ) ) ;
#1143 = LINE ( 'NONE', #5222, #2685 ) ;
#1144 = EDGE_CURVE ( 'NONE', #2392, #2365, #1796, .T. ) ;
#1145 = PLANE ( 'NONE',  #1972 ) ;
#1146 = VECTOR ( 'NONE', #2012, 1000.000000000000000 ) ;
#1147 = DIRECTION ( 'NONE',  ( 0.4999999999999943934, 0.8660254037844419273, 0.000000000000000000 ) ) ;
#1148 = ORIENTED_EDGE ( 'NONE', *, *, #5446, .F. ) ;
#1149 = ORIENTED_EDGE ( 'NONE', *, *, #2706, .F. ) ;
#1150 = DIRECTION ( 'NONE',  ( 0.4999999999999943934, -0.8660254037844419273, 0.000000000000000000 ) ) ;
#1151 = DIRECTION ( 'NONE',  ( 0.000000000000000000, 1.000000000000000000, 0.000000000000000000 ) ) ;
#1152 = CARTESIAN_POINT ( 'NONE',  ( -15.23999999999999844, 2.896088642316250628, 4.064000000000000057 ) ) ;
#1153 = VERTEX_POINT ( 'NONE', #882 ) ;
#1154 = EDGE_CURVE ( 'NONE', #5457, #4631, #2329, .T. ) ;
#1155 = LINE ( 'NONE', #2149, #4219 ) ;
#1156 = CARTESIAN_POINT ( 'NONE',  ( -4.127499999999992397, 1.460500000000014786, 4.064000000000000057 ) ) ;
#1157 = EDGE_CURVE ( 'NONE', #4829, #1371, #506, .T. ) ;
#1158 = ORIENTED_EDGE ( 'NONE', *, *, #2807, .F. ) ;
#1159 = LINE ( 'NONE', #136, #3746 ) ;
#1160 = DIRECTION ( 'NONE',  ( 1.000000000000000000, 0.000000000000000000, 0.000000000000000000 ) ) ;
#1161 = EDGE_LOOP ( 'NONE', ( #4375, #1509, #785, #3097 ) ) ;
#1162 = DIRECTION ( 'NONE',  ( -0.000000000000000000, 0.000000000000000000, 1.000000000000000000 ) ) ;
#1163 = ORIENTED_EDGE ( 'NONE', *, *, #1058, .T. ) ;
#1164 = DIRECTION ( 'NONE',  ( -0.000000000000000000, -0.000000000000000000, -1.000000000000000000 ) ) ;
#1165 = VERTEX_POINT ( 'NONE', #3216 ) ;
#1166 = CARTESIAN_POINT ( 'NONE',  ( 10.54100000000000392, 3.556000000000001826, 4.064000000000000057 ) ) ;
#1167 = LINE ( 'NONE', #2075, #4707 ) ;
#1168 = EDGE_CURVE ( 'NONE', #1652, #1869, #1765, .T. ) ;
#1169 = DIRECTION ( 'NONE',  ( -2.439149994343089694E-16, -1.000000000000000000, 0.000000000000000000 ) ) ;
#1170 = EDGE_CURVE ( 'NONE', #2617, #3292, #2304, .T. ) ;
#1171 = CARTESIAN_POINT ( 'NONE',  ( 10.16000000000000369, 2.896088642316250628, 1.524000000000000021 ) ) ;
#1172 = VERTEX_POINT ( 'NONE', #5111 ) ;
#1173 = ORIENTED_EDGE ( 'NONE', *, *, #5552, .F. ) ;
#1174 = DIRECTION ( 'NONE',  ( -0.000000000000000000, -0.000000000000000000, -1.000000000000000000 ) ) ;
#1175 = CARTESIAN_POINT ( 'NONE',  ( -8.000999999999997669, 0.000000000000000000, 4.064000000000000057 ) ) ;
#1176 = EDGE_CURVE ( 'NONE', #38, #4773, #4179, .T. ) ;
#1177 = LINE ( 'NONE', #2439, #607 ) ;
#1178 = DIRECTION ( 'NONE',  ( -1.000000000000000000, -0.000000000000000000, -0.000000000000000000 ) ) ;
#1179 = ORIENTED_EDGE ( 'NONE', *, *, #313, .T. ) ;
#1180 = ORIENTED_EDGE ( 'NONE', *, *, #487, .F. ) ;
#1181 = FACE_OUTER_BOUND ( 'NONE', #906, .T. ) ;
#1182 = CARTESIAN_POINT ( 'NONE',  ( -5.079999999999997407, 0.6599113576837527528, 4.064000000000000057 ) ) ;
#1183 = ORIENTED_EDGE ( 'NONE', *, *, #3413, .T. ) ;
#1184 = EDGE_CURVE ( 'NONE', #5067, #230, #1970, .T. ) ;
#1185 = DIRECTION ( 'NONE',  ( 1.000000000000000000, 0.000000000000000000, 0.000000000000000000 ) ) ;
#1186 = CARTESIAN_POINT ( 'NONE',  ( 2.921000000000001595, 1.819702678853052132E-15, 4.064000000000000057 ) ) ;
#1187 = ORIENTED_EDGE ( 'NONE', *, *, #1057, .F. ) ;
#1188 = CARTESIAN_POINT ( 'NONE',  ( -15.23999999999999844, 0.6599113576837527528, 4.064000000000000057 ) ) ;
#1189 = VERTEX_POINT ( 'NONE', #4695 ) ;
#1190 = CARTESIAN_POINT ( 'NONE',  ( 12.70000000000000462, 2.896088642316250183, 4.064000000000000057 ) ) ;
#1191 = ORIENTED_EDGE ( 'NONE', *, *, #5384, .F. ) ;
#1192 = ADVANCED_FACE ( 'NONE', ( #1006 ), #748, .F. ) ;
#1193 = FACE_OUTER_BOUND ( 'NONE', #2889, .T. ) ;
#1194 = SURFACE_SIDE_STYLE ('',( #3170 ) ) ;
#1195 = DIRECTION ( 'NONE',  ( -0.4999999999999951150, -0.8660254037844414832, 0.000000000000000000 ) ) ;
#1196 = VECTOR ( 'NONE', #340, 1000.000000000000000 ) ;
#1197 = VERTEX_POINT ( 'NONE', #599 ) ;
#1198 = EDGE_LOOP ( 'NONE', ( #4359, #2110, #3977, #928 ) ) ;
#1199 = EDGE_CURVE ( 'NONE', #3605, #264, #4752, .T. ) ;
#1200 = DIRECTION ( 'NONE',  ( 0.4999999999999950595, 0.8660254037844414832, 0.000000000000000000 ) ) ;
#1201 = LINE ( 'NONE', #4896, #6015 ) ;
#1202 = AXIS2_PLACEMENT_3D ( 'NONE', #4572, #5518, #3192 ) ;
#1203 = DIRECTION ( 'NONE',  ( 0.000000000000000000, 0.000000000000000000, -1.000000000000000000 ) ) ;
#1204 = DIRECTION ( 'NONE',  ( -0.4999999999999943934, 0.8660254037844419273, -0.000000000000000000 ) ) ;
#1205 = ORIENTED_EDGE ( 'NONE', *, *, #4762, .F. ) ;
#1206 = VERTEX_POINT ( 'NONE', #4335 ) ;
#1207 = VECTOR ( 'NONE', #1739, 1000.000000000000000 ) ;
#1208 = VECTOR ( 'NONE', #2556, 1000.000000000000000 ) ;
#1209 = EDGE_CURVE ( 'NONE', #73, #3243, #2394, .T. ) ;
#1210 = PLANE ( 'NONE',  #4035 ) ;
#1211 = APPLICATION_PROTOCOL_DEFINITION ( 'draft international standard', 'automotive_design', 1998, #1011 ) ;
#1212 = AXIS2_PLACEMENT_3D ( 'NONE', #3193, #1007, #1919 ) ;
#1213 = DIRECTION ( 'NONE',  ( -0.000000000000000000, -0.000000000000000000, -1.000000000000000000 ) ) ;
#1214 = VERTEX_POINT ( 'NONE', #4726 ) ;
#1215 = AXIS2_PLACEMENT_3D ( 'NONE', #4675, #1930, #3765 ) ;
#1216 = VECTOR ( 'NONE', #3416, 1000.000000000000000 ) ;
#1217 = LINE ( 'NONE', #5888, #4331 ) ;
#1218 = FACE_OUTER_BOUND ( 'NONE', #4131, .T. ) ;
#1219 = VECTOR ( 'NONE', #1400, 1000.000000000000000 ) ;
#1220 = CARTESIAN_POINT ( 'NONE',  ( 6.032500000000008633, 1.460500000000014786, 1.524000000000000021 ) ) ;
#1221 = EDGE_CURVE ( 'NONE', #1189, #5167, #5636, .T. ) ;
#1222 = EDGE_LOOP ( 'NONE', ( #6047, #2279, #5617, #3979 ) ) ;
#1223 = DIRECTION ( 'NONE',  ( 0.000000000000000000, -1.000000000000000000, 0.000000000000000000 ) ) ;
#1224 = ORIENTED_EDGE ( 'NONE', *, *, #4847, .T. ) ;
#1225 = LINE ( 'NONE', #4522, #231 ) ;
#1226 = AXIS2_PLACEMENT_3D ( 'NONE', #5909, #2690, #5465 ) ;
#1227 = PLANE ( 'NONE',  #5917 ) ;
#1228 = CARTESIAN_POINT ( 'NONE',  ( 7.620000000000003659, 2.896088642316250183, 1.524000000000000021 ) ) ;
#1229 = CARTESIAN_POINT ( 'NONE',  ( 0.3810000000000011156, 1.819702678853052132E-15, 1.524000000000000021 ) ) ;
#1230 = AXIS2_PLACEMENT_3D ( 'NONE', #3313, #4803, #1987 ) ;
#1231 = ORIENTED_EDGE ( 'NONE', *, *, #1427, .F. ) ;
#1232 = ORIENTED_EDGE ( 'NONE', *, *, #1356, .F. ) ;
#1233 = PLANE ( 'NONE',  #4692 ) ;
#1234 = CARTESIAN_POINT ( 'NONE',  ( -10.15999999999999659, 2.896088642316250183, 1.524000000000000021 ) ) ;
#1235 = DIRECTION ( 'NONE',  ( 1.000000000000000000, 0.000000000000000000, 0.000000000000000000 ) ) ;
#1236 = EDGE_CURVE ( 'NONE', #258, #1099, #3300, .T. ) ;
#1237 = FACE_BOUND ( 'NONE', #955, .T. ) ;
#1238 = EDGE_CURVE ( 'NONE', #4945, #4185, #3330, .T. ) ;
#1239 = PLANE ( 'NONE',  #314 ) ;
#1240 = EDGE_LOOP ( 'NONE', ( #470, #3786, #1653, #4066, #2147, #2775, #1566, #1947 ) ) ;
#1241 = ORIENTED_EDGE ( 'NONE', *, *, #531, .F. ) ;
#1242 = PRODUCT_DEFINITION_FORMATION_WITH_SPECIFIED_SOURCE ( 'ANY', '', #4766, .NOT_KNOWN. ) ;
#1243 = FILL_AREA_STYLE ('',( #5976 ) ) ;
#1244 = DIRECTION ( 'NONE',  ( 1.000000000000000000, -2.439149994343089694E-16, 0.000000000000000000 ) ) ;
#1245 = APPLICATION_PROTOCOL_DEFINITION ( 'draft international standard', 'automotive_design', 1998, #4333 ) ;
#1246 = ADVANCED_FACE ( 'NONE', ( #4785 ), #41, .T. ) ;
#1247 = ADVANCED_FACE ( 'NONE', ( #130, #5205 ), #4245, .T. ) ;
#1248 = LINE ( 'NONE', #5922, #2095 ) ;
#1249 = ORIENTED_EDGE ( 'NONE', *, *, #2689, .T. ) ;
#1250 = EDGE_LOOP ( 'NONE', ( #4977, #5462, #3706, #1398 ) ) ;
#1251 = DIRECTION ( 'NONE',  ( 0.4999999999999943934, -0.8660254037844419273, 0.000000000000000000 ) ) ;
#1252 = LINE ( 'NONE', #5142, #4981 ) ;
#1253 = PLANE ( 'NONE',  #3822 ) ;
#1254 = ORIENTED_EDGE ( 'NONE', *, *, #738, .F. ) ;
#1255 = LINE ( 'NONE', #2639, #3420 ) ;
#1256 = ORIENTED_EDGE ( 'NONE', *, *, #3180, .F. ) ;
#1257 = CARTESIAN_POINT ( 'NONE',  ( 8.001000000000002998, 3.556000000000001826, 4.064000000000000057 ) ) ;
#1258 = CARTESIAN_POINT ( 'NONE',  ( -10.15999999999999659, 2.896088642316250183, 4.064000000000000057 ) ) ;
#1259 = DIRECTION ( 'NONE',  ( -0.000000000000000000, -0.000000000000000000, -1.000000000000000000 ) ) ;
#1260 = SURFACE_STYLE_USAGE ( .BOTH. , #3611 ) ;
#1261 = ADVANCED_FACE ( 'NONE', ( #3362 ), #2975, .T. ) ;
#1262 = VERTEX_POINT ( 'NONE', #3877 ) ;
#1263 = ORIENTED_EDGE ( 'NONE', *, *, #4957, .T. ) ;
#1264 = LINE ( 'NONE', #5026, #3629 ) ;
#1265 = DIRECTION ( 'NONE',  ( 0.000000000000000000, -0.000000000000000000, -1.000000000000000000 ) ) ;
#1266 = CARTESIAN_POINT ( 'NONE',  ( -15.23999999999999844, 0.6599113576837527528, 1.524000000000000021 ) ) ;
#1267 = CARTESIAN_POINT ( 'NONE',  ( 8.001000000000002998, 3.556000000000001826, 1.524000000000000021 ) ) ;
#1268 = DIRECTION ( 'NONE',  ( -0.000000000000000000, -1.000000000000000000, -0.000000000000000000 ) ) ;
#1269 = ORIENTED_EDGE ( 'NONE', *, *, #3719, .T. ) ;
#1270 = ORIENTED_EDGE ( 'NONE', *, *, #326, .F. ) ;
#1271 = CARTESIAN_POINT ( 'NONE',  ( -14.28749999999999254, 2.095500000000015017, 4.064000000000000057 ) ) ;
#1272 = FACE_OUTER_BOUND ( 'NONE', #66, .T. ) ;
#1273 = CARTESIAN_POINT ( 'NONE',  ( -0.3809999999999976739, 0.000000000000000000, 4.064000000000000057 ) ) ;
#1274 = ORIENTED_EDGE ( 'NONE', *, *, #2513, .T. ) ;
#1275 = EDGE_CURVE ( 'NONE', #3111, #4460, #1068, .T. ) ;
#1276 = DIRECTION ( 'NONE',  ( -0.000000000000000000, 0.000000000000000000, 1.000000000000000000 ) ) ;
#1277 = ADVANCED_FACE ( 'NONE', ( #96 ), #2005, .F. ) ;
#1278 = LINE ( 'NONE', #5361, #2173 ) ;
#1279 = CARTESIAN_POINT ( 'NONE',  ( 12.31900000000000617, 3.556000000000001382, 4.064000000000000057 ) ) ;
#1280 = ORIENTED_EDGE ( 'NONE', *, *, #2081, .F. ) ;
#1281 = LINE ( 'NONE', #825, #5389 ) ;
#1282 = EDGE_LOOP ( 'NONE', ( #657, #939, #909, #5133, #1009, #4755, #6012, #2605 ) ) ;
#1283 = CARTESIAN_POINT ( 'NONE',  ( -10.15999999999999837, 0.6599113576837527528, 4.064000000000000057 ) ) ;
#1284 = PLANE ( 'NONE',  #2291 ) ;
#1285 = FACE_OUTER_BOUND ( 'NONE', #763, .T. ) ;
#1286 = ADVANCED_FACE ( 'NONE', ( #4899 ), #1542, .F. ) ;
#1287 =( LENGTH_UNIT ( ) NAMED_UNIT ( * ) SI_UNIT ( .MILLI., .METRE. ) );
#1288 = ORIENTED_EDGE ( 'NONE', *, *, #415, .F. ) ;
#1289 = ORIENTED_EDGE ( 'NONE', *, *, #553, .T. ) ;
#1290 = VECTOR ( 'NONE', #1539, 1000.000000000000000 ) ;
#1291 = FACE_OUTER_BOUND ( 'NONE', #1361, .T. ) ;
#1292 = PLANE ( 'NONE',  #4608 ) ;
#1293 = LINE ( 'NONE', #4533, #1004 ) ;
#1294 = EDGE_CURVE ( 'NONE', #3876, #230, #5237, .T. ) ;
#1295 = DIRECTION ( 'NONE',  ( -0.000000000000000000, -0.000000000000000000, -1.000000000000000000 ) ) ;
#1296 = AXIS2_PLACEMENT_3D ( 'NONE', #1621, #4858, #178 ) ;
#1297 = DIRECTION ( 'NONE',  ( -1.000000000000000000, -0.000000000000000000, -0.000000000000000000 ) ) ;
#1298 = ORIENTED_EDGE ( 'NONE', *, *, #1199, .F. ) ;
#1299 = EDGE_LOOP ( 'NONE', ( #5235, #1876, #3209, #714 ) ) ;
#1300 = PLANE ( 'NONE',  #5095 ) ;
#1301 = CIRCLE ( 'NONE', #1685, 0.2539999999999998370 ) ;
#1302 = PLANE ( 'NONE',  #2869 ) ;
#1303 = VECTOR ( 'NONE', #5946, 1000.000000000000000 ) ;
#1304 = DIRECTION ( 'NONE',  ( -0.000000000000000000, -0.000000000000000000, -1.000000000000000000 ) ) ;
#1305 = ADVANCED_BREP_SHAPE_REPRESENTATION ( '', ( #3791, #3843, #5790, #1804, #3813, #3755, #5816, #1771, #5777, #5936, #5901, #1758, #247 ), #3850 ) ;
#1306 = EDGE_LOOP ( 'NONE', ( #2822, #5348, #3378, #2724 ) ) ;
#1307 = AXIS2_PLACEMENT_3D ( 'NONE', #3581, #5024, #740 ) ;
#1308 = PLANE ( 'NONE',  #2358 ) ;
#1309 = EDGE_CURVE ( 'NONE', #1652, #984, #3757, .T. ) ;
#1310 = LINE ( 'NONE', #1766, #4994 ) ;
#1311 = EDGE_CURVE ( 'NONE', #4631, #3959, #378, .T. ) ;
#1312 = EDGE_CURVE ( 'NONE', #716, #1851, #873, .T. ) ;
#1313 = ORIENTED_EDGE ( 'NONE', *, *, #3737, .T. ) ;
#1314 = CARTESIAN_POINT ( 'NONE',  ( 10.16000000000000014, 0.000000000000000000, 4.064000000000000057 ) ) ;
#1315 = AXIS2_PLACEMENT_3D ( 'NONE', #2118, #2505, #3021 ) ;
#1316 = VECTOR ( 'NONE', #5271, 1000.000000000000000 ) ;
#1317 = ORIENTED_EDGE ( 'NONE', *, *, #3810, .F. ) ;
#1318 = DIRECTION ( 'NONE',  ( -0.8660254037844419273, -0.4999999999999943934, 0.000000000000000000 ) ) ;
#1319 = DIRECTION ( 'NONE',  ( -0.000000000000000000, -0.000000000000000000, -1.000000000000000000 ) ) ;
#1320 = VECTOR ( 'NONE', #1806, 1000.000000000000000 ) ;
#1321 = VECTOR ( 'NONE', #5697, 1000.000000000000000 ) ;
#1322 = PLANE ( 'NONE',  #2066 ) ;
#1323 = ADVANCED_FACE ( 'NONE', ( #2622 ), #3989, .F. ) ;
#1324 = ORIENTED_EDGE ( 'NONE', *, *, #3356, .F. ) ;
#1325 = VECTOR ( 'NONE', #2595, 1000.000000000000000 ) ;
#1326 = CARTESIAN_POINT ( 'NONE',  ( -5.460999999999998522, 0.000000000000000000, 1.524000000000000021 ) ) ;
#1327 = DIRECTION ( 'NONE',  ( -1.000000000000000000, 1.023454825001716575E-15, 0.000000000000000000 ) ) ;
#1328 = CARTESIAN_POINT ( 'NONE',  ( -9.778999999999999915, 1.819702678853052132E-15, 4.064000000000000057 ) ) ;
#1329 = MECHANICAL_DESIGN_GEOMETRIC_PRESENTATION_REPRESENTATION (  '', ( #5010 ), #150 ) ;
#1330 = DIRECTION ( 'NONE',  ( -1.000000000000000000, 2.439149994343089694E-16, -0.000000000000000000 ) ) ;
#1331 = CARTESIAN_POINT ( 'NONE',  ( 7.620000000000003659, 2.896088642316250183, 4.064000000000000057 ) ) ;
#1332 = ORIENTED_EDGE ( 'NONE', *, *, #2400, .F. ) ;
#1333 = EDGE_LOOP ( 'NONE', ( #1827, #1979, #4682, #3647 ) ) ;
#1334 =( LENGTH_UNIT ( ) NAMED_UNIT ( * ) SI_UNIT ( .MILLI., .METRE. ) );
#1335 = AXIS2_PLACEMENT_3D ( 'NONE', #5568, #3191, #3686 ) ;
#1336 = CARTESIAN_POINT ( 'NONE',  ( 5.080000000000002736, 2.896088642316250628, 4.064000000000000057 ) ) ;
#1337 = AXIS2_PLACEMENT_3D ( 'NONE', #3451, #4036, #2150 ) ;
#1338 = CARTESIAN_POINT ( 'NONE',  ( 2.540000000000002256, 2.896088642316250183, 4.064000000000000057 ) ) ;
#1339 = EDGE_CURVE ( 'NONE', #3894, #3083, #2232, .T. ) ;
#1340 = ORIENTED_EDGE ( 'NONE', *, *, #907, .F. ) ;
#1341 = LINE ( 'NONE', #2328, #2486 ) ;
#1342 = DIRECTION ( 'NONE',  ( 0.8660254037844419273, -0.4999999999999943934, 0.000000000000000000 ) ) ;
#1343 = LINE ( 'NONE', #5988, #2562 ) ;
#1344 = EDGE_LOOP ( 'NONE', ( #2362, #4817, #4860, #2816, #3865, #5212, #3826, #2347 ) ) ;
#1345 = LINE ( 'NONE', #4218, #2457 ) ;
#1346 = VERTEX_POINT ( 'NONE', #1267 ) ;
#1347 = DIRECTION ( 'NONE',  ( 0.000000000000000000, 1.000000000000000000, 0.000000000000000000 ) ) ;
#1348 = DIRECTION ( 'NONE',  ( -1.000000000000000000, 2.439149994343089694E-16, -0.000000000000000000 ) ) ;
#1349 = EDGE_CURVE ( 'NONE', #2186, #1153, #4464, .T. ) ;
#1350 = SURFACE_SIDE_STYLE ('',( #5528 ) ) ;
#1351 = UNCERTAINTY_MEASURE_WITH_UNIT (LENGTH_MEASURE( 1.000000000000000082E-05 ), #443, 'distance_accuracy_value', 'NONE');
#1352 = ORIENTED_EDGE ( 'NONE', *, *, #2733, .F. ) ;
#1353 = PLANE ( 'NONE',  #338 ) ;
#1354 = EDGE_CURVE ( 'NONE', #1859, #5496, #5972, .T. ) ;
#1355 = CARTESIAN_POINT ( 'NONE',  ( -6.667499999999993321, 1.460500000000014786, 4.064000000000000057 ) ) ;
#1356 = EDGE_CURVE ( 'NONE', #4593, #2617, #1780, .T. ) ;
#1357 = CARTESIAN_POINT ( 'NONE',  ( 6.667500000000008420, 1.460500000000014786, 4.064000000000000057 ) ) ;
#1358 = DIRECTION ( 'NONE',  ( -0.4999999999999943934, 0.8660254037844419273, -0.000000000000000000 ) ) ;
#1359 = CARTESIAN_POINT ( 'NONE',  ( 10.54100000000000392, 3.556000000000001826, 4.064000000000000057 ) ) ;
#1360 = ORIENTED_EDGE ( 'NONE', *, *, #4923, .F. ) ;
#1361 = EDGE_LOOP ( 'NONE', ( #1079, #2350, #3984, #1906 ) ) ;
#1362 = FACE_OUTER_BOUND ( 'NONE', #3025, .T. ) ;
#1363 = DIRECTION ( 'NONE',  ( -0.4999999999999943934, -0.8660254037844419273, -0.000000000000000000 ) ) ;
#1364 = ORIENTED_EDGE ( 'NONE', *, *, #4101, .F. ) ;
#1365 =( LENGTH_UNIT ( ) NAMED_UNIT ( * ) SI_UNIT ( .MILLI., .METRE. ) );
#1366 = DIRECTION ( 'NONE',  ( 0.4999999999999950595, 0.8660254037844414832, 0.000000000000000000 ) ) ;
#1367 = EDGE_CURVE ( 'NONE', #2802, #940, #5468, .T. ) ;
#1368 = PLANE ( 'NONE',  #4595 ) ;
#1369 = ORIENTED_EDGE ( 'NONE', *, *, #3944, .T. ) ;
#1370 = LINE ( 'NONE', #2772, #2085 ) ;
#1371 = VERTEX_POINT ( 'NONE', #5871 ) ;
#1372 = CARTESIAN_POINT ( 'NONE',  ( 3.492500000000007709, 1.460500000000014786, 4.064000000000000057 ) ) ;
#1373 = DIRECTION ( 'NONE',  ( -1.000000000000000000, -0.000000000000000000, -0.000000000000000000 ) ) ;
#1374 = DIRECTION ( 'NONE',  ( 1.000000000000000000, 0.000000000000000000, 0.000000000000000000 ) ) ;
#1375 = ORIENTED_EDGE ( 'NONE', *, *, #989, .F. ) ;
#1376 = DIRECTION ( 'NONE',  ( 0.000000000000000000, 1.000000000000000000, 1.446953386474714677E-16 ) ) ;
#1377 = DIRECTION ( 'NONE',  ( 0.4999999999999945044, -0.8660254037844418162, 0.000000000000000000 ) ) ;
#1378 = LINE ( 'NONE', #1902, #5763 ) ;
#1379 = CARTESIAN_POINT ( 'NONE',  ( 6.667500000000008420, 1.460500000000014786, 1.524000000000000021 ) ) ;
#1380 = PLANE ( 'NONE',  #4980 ) ;
#1381 = EDGE_CURVE ( 'NONE', #5550, #4717, #2145, .T. ) ;
#1382 = ORIENTED_EDGE ( 'NONE', *, *, #3670, .F. ) ;
#1383 = ORIENTED_EDGE ( 'NONE', *, *, #913, .T. ) ;
#1384 = LINE ( 'NONE', #2880, #2366 ) ;
#1385 = CARTESIAN_POINT ( 'NONE',  ( 2.159000000000002917, 3.556000000000001382, 4.064000000000000057 ) ) ;
#1386 = EDGE_LOOP ( 'NONE', ( #3593, #900, #2154, #87 ) ) ;
#1387 = LINE ( 'NONE', #3242, #4029 ) ;
#1388 = VERTEX_POINT ( 'NONE', #5912 ) ;
#1389 = VECTOR ( 'NONE', #4457, 1000.000000000000000 ) ;
#1390 = EDGE_LOOP ( 'NONE', ( #809, #4322, #5228, #1406 ) ) ;
#1391 = EDGE_CURVE ( 'NONE', #2346, #4892, #2175, .T. ) ;
#1392 = LINE ( 'NONE', #2272, #2980 ) ;
#1393 = VECTOR ( 'NONE', #1366, 1000.000000000000114 ) ;
#1394 = DIRECTION ( 'NONE',  ( -0.4999999999999943934, -0.8660254037844419273, -0.000000000000000000 ) ) ;
#1395 = DIRECTION ( 'NONE',  ( -0.4999999999999943934, 0.8660254037844419273, -0.000000000000000000 ) ) ;
#1396 = ORIENTED_EDGE ( 'NONE', *, *, #3222, .T. ) ;
#1397 = LINE ( 'NONE', #1095, #4687 ) ;
#1398 = ORIENTED_EDGE ( 'NONE', *, *, #1080, .T. ) ;
#1399 = VECTOR ( 'NONE', #3251, 1000.000000000000000 ) ;
#1400 = DIRECTION ( 'NONE',  ( 0.000000000000000000, 1.000000000000000000, 0.000000000000000000 ) ) ;
#1401 = FILL_AREA_STYLE ('',( #5177 ) ) ;
#1402 = LINE ( 'NONE', #3695, #2749 ) ;
#1403 = VECTOR ( 'NONE', #457, 1000.000000000000000 ) ;
#1404 = PRESENTATION_STYLE_ASSIGNMENT (( #516 ) ) ;
#1405 = UNCERTAINTY_MEASURE_WITH_UNIT (LENGTH_MEASURE( 1.000000000000000082E-05 ), #1365, 'distance_accuracy_value', 'NONE');
#1406 = ORIENTED_EDGE ( 'NONE', *, *, #2955, .T. ) ;
#1407 = ADVANCED_FACE ( 'NONE', ( #4560, #350 ), #3181, .T. ) ;
#1408 = CARTESIAN_POINT ( 'NONE',  ( 12.31900000000000617, 3.556000000000001382, 1.524000000000000021 ) ) ;
#1409 = VECTOR ( 'NONE', #5186, 1000.000000000000000 ) ;
#1410 = VECTOR ( 'NONE', #187, 1000.000000000000000 ) ;
#1411 = PLANE ( 'NONE',  #4038 ) ;
#1412 = DIRECTION ( 'NONE',  ( 1.000000000000000000, -2.439149994343089694E-16, 0.000000000000000000 ) ) ;
#1413 = CARTESIAN_POINT ( 'NONE',  ( -12.31899999999999906, 1.819702678853052132E-15, 4.064000000000000057 ) ) ;
#1414 = AXIS2_PLACEMENT_3D ( 'NONE', #5781, #719, #4418 ) ;
#1415 = ORIENTED_EDGE ( 'NONE', *, *, #2224, .T. ) ;
#1416 = VERTEX_POINT ( 'NONE', #4057 ) ;
#1417 = SURFACE_SIDE_STYLE ('',( #2793 ) ) ;
#1418 = DIRECTION ( 'NONE',  ( 1.000000000000000000, 0.000000000000000000, 0.000000000000000000 ) ) ;
#1419 = ADVANCED_FACE ( 'NONE', ( #3148, #1237 ), #5056, .T. ) ;
#1420 = VECTOR ( 'NONE', #533, 1000.000000000000000 ) ;
#1421 = EDGE_CURVE ( 'NONE', #3214, #1189, #1687, .T. ) ;
#1422 = VERTEX_POINT ( 'NONE', #775 ) ;
#1423 = LINE ( 'NONE', #4090, #3830 ) ;
#1424 = ORIENTED_EDGE ( 'NONE', *, *, #1113, .T. ) ;
#1425 = VECTOR ( 'NONE', #490, 1000.000000000000000 ) ;
#1426 = EDGE_LOOP ( 'NONE', ( #4760, #2212, #1457, #5716 ) ) ;
#1427 = EDGE_CURVE ( 'NONE', #5414, #3818, #1724, .T. ) ;
#1428 = CARTESIAN_POINT ( 'NONE',  ( -12.31899999999999906, 1.819702678853052132E-15, 1.524000000000000021 ) ) ;
#1429 = ADVANCED_FACE ( 'NONE', ( #2210, #5439 ), #805, .F. ) ;
#1430 = DIRECTION ( 'NONE',  ( 1.000000000000000000, -1.023454825001716575E-15, 0.000000000000000000 ) ) ;
#1431 = PLANE ( 'NONE',  #1212 ) ;
#1432 = EDGE_LOOP ( 'NONE', ( #1122, #2989, #661, #1670 ) ) ;
#1433 = CARTESIAN_POINT ( 'NONE',  ( -10.15999999999999837, 2.896088642316250628, 4.064000000000000057 ) ) ;
#1434 = APPLICATION_CONTEXT ( 'automotive_design' ) ;
#1435 = PRODUCT_DEFINITION_SHAPE ( 'NONE', 'NONE',  #2621 ) ;
#1436 = ORIENTED_EDGE ( 'NONE', *, *, #4355, .F. ) ;
#1437 = CARTESIAN_POINT ( 'NONE',  ( -3.492499999999992166, 1.460500000000014786, 1.524000000000000021 ) ) ;
#1438 =( NAMED_UNIT ( * ) PLANE_ANGLE_UNIT ( ) SI_UNIT ( $, .RADIAN. ) );
#1439 = CARTESIAN_POINT ( 'NONE',  ( -2.539999999999996927, 0.6599113576837528639, 4.064000000000000057 ) ) ;
#1440 = ORIENTED_EDGE ( 'NONE', *, *, #3838, .T. ) ;
#1441 = DIRECTION ( 'NONE',  ( 0.000000000000000000, -5.787813545898859199E-17, -1.000000000000000000 ) ) ;
#1442 = LINE ( 'NONE', #2811, #2380 ) ;
#1443 = CARTESIAN_POINT ( 'NONE',  ( -1.587499999999991696, 2.095500000000015017, 4.064000000000000057 ) ) ;
#1444 = DIRECTION ( 'NONE',  ( -0.000000000000000000, -0.000000000000000000, -1.000000000000000000 ) ) ;
#1445 = EDGE_CURVE ( 'NONE', #4583, #4475, #4534, .T. ) ;
#1446 = VERTEX_POINT ( 'NONE', #4712 ) ;
#1447 = ORIENTED_EDGE ( 'NONE', *, *, #100, .T. ) ;
#1448 = EDGE_CURVE ( 'NONE', #2885, #5045, #5624, .T. ) ;
#1449 = CARTESIAN_POINT ( 'NONE',  ( 6.032500000000008633, 1.460500000000014786, 4.064000000000000057 ) ) ;
#1450 = ORIENTED_EDGE ( 'NONE', *, *, #5740, .F. ) ;
#1451 = DIRECTION ( 'NONE',  ( -2.439149994343089694E-16, -1.000000000000000000, 0.000000000000000000 ) ) ;
#1452 = ORIENTED_EDGE ( 'NONE', *, *, #2854, .T. ) ;
#1453 = ORIENTED_EDGE ( 'NONE', *, *, #1339, .F. ) ;
#1454 = CARTESIAN_POINT ( 'NONE',  ( -12.31899999999999906, 1.819702678853052132E-15, 4.064000000000000057 ) ) ;
#1455 = CARTESIAN_POINT ( 'NONE',  ( 0.3175000000000000044, 1.206500000000002126, 0.3174999999999996159 ) ) ;
#1456 = FACE_OUTER_BOUND ( 'NONE', #4729, .T. ) ;
#1457 = ORIENTED_EDGE ( 'NONE', *, *, #4381, .T. ) ;
#1458 = CARTESIAN_POINT ( 'NONE',  ( 8.572500000000008669, 2.095500000000015017, 4.064000000000000057 ) ) ;
#1459 = ADVANCED_FACE ( 'NONE', ( #1903 ), #3676, .T. ) ;
#1460 = EDGE_LOOP ( 'NONE', ( #2204, #2696, #1102, #3495 ) ) ;
#1461 = LINE ( 'NONE', #394, #5405 ) ;
#1462 = CARTESIAN_POINT ( 'NONE',  ( 0.3175000000000000044, 4.594077002057220799E-17, -0.3175000000000001155 ) ) ;
#1463 = LINE ( 'NONE', #1862, #125 ) ;
#1464 = VERTEX_POINT ( 'NONE', #1413 ) ;
#1465 = LINE ( 'NONE', #5523, #1994 ) ;
#1466 = CARTESIAN_POINT ( 'NONE',  ( -9.778999999999999915, 1.819702678853052132E-15, 4.064000000000000057 ) ) ;
#1467 = EDGE_CURVE ( 'NONE', #3752, #5550, #1960, .T. ) ;
#1468 = FACE_OUTER_BOUND ( 'NONE', #3692, .T. ) ;
#1469 = FACE_OUTER_BOUND ( 'NONE', #5364, .T. ) ;
#1470 = EDGE_LOOP ( 'NONE', ( #2382, #4661, #4030, #482 ) ) ;
#1471 = ORIENTED_EDGE ( 'NONE', *, *, #289, .T. ) ;
#1472 = FACE_OUTER_BOUND ( 'NONE', #3142, .T. ) ;
#1473 = LINE ( 'NONE', #1908, #4704 ) ;
#1474 = ORIENTED_EDGE ( 'NONE', *, *, #5672, .T. ) ;
#1475 = PRODUCT_DEFINITION_SHAPE ( 'NONE', 'NONE',  #6069 ) ;
#1476 = EDGE_CURVE ( 'NONE', #4408, #471, #3800, .T. ) ;
#1477 = CARTESIAN_POINT ( 'NONE',  ( 4.699000000000001620, 0.000000000000000000, 4.064000000000000057 ) ) ;
#1478 = ORIENTED_EDGE ( 'NONE', *, *, #4988, .F. ) ;
#1479 = EDGE_LOOP ( 'NONE', ( #3, #499, #1967, #3218 ) ) ;
#1480 = DIRECTION ( 'NONE',  ( -0.000000000000000000, -0.000000000000000000, -1.000000000000000000 ) ) ;
#1481 = CARTESIAN_POINT ( 'NONE',  ( 0.3175000000000000044, 1.206500000000002126, 0.5714999999999996749 ) ) ;
#1482 = VECTOR ( 'NONE', #5277, 1000.000000000000000 ) ;
#1483 = ORIENTED_EDGE ( 'NONE', *, *, #4662, .T. ) ;
#1484 = DIRECTION ( 'NONE',  ( -0.000000000000000000, 0.000000000000000000, 1.000000000000000000 ) ) ;
#1485 = VERTEX_POINT ( 'NONE', #85 ) ;
#1486 = DIRECTION ( 'NONE',  ( 0.000000000000000000, 0.000000000000000000, 1.000000000000000000 ) ) ;
#1487 = VECTOR ( 'NONE', #3231, 1000.000000000000000 ) ;
#1488 = ADVANCED_FACE ( 'NONE', ( #1469 ), #2748, .T. ) ;
#1489 = PLANE ( 'NONE',  #705 ) ;
#1490 = EDGE_CURVE ( 'NONE', #2708, #2068, #3265, .T. ) ;
#1491 = DIRECTION ( 'NONE',  ( 0.000000000000000000, 0.000000000000000000, -1.000000000000000000 ) ) ;
#1492 = PLANE ( 'NONE',  #717 ) ;
#1493 = VECTOR ( 'NONE', #583, 1000.000000000000000 ) ;
#1494 =( GEOMETRIC_REPRESENTATION_CONTEXT ( 3 ) GLOBAL_UNCERTAINTY_ASSIGNED_CONTEXT ( ( #2203 ) ) GLOBAL_UNIT_ASSIGNED_CONTEXT ( ( #2227, #4950, #3138 ) ) REPRESENTATION_CONTEXT ( 'NONE', 'WORKASPACE' ) );
#1495 = ORIENTED_EDGE ( 'NONE', *, *, #4283, .F. ) ;
#1496 = CARTESIAN_POINT ( 'NONE',  ( -6.032499999999992646, 2.095500000000015017, 4.064000000000000057 ) ) ;
#1497 = CARTESIAN_POINT ( 'NONE',  ( 1.587500000000007239, 2.095500000000015017, 4.064000000000000057 ) ) ;
#1498 = VECTOR ( 'NONE', #3153, 1000.000000000000000 ) ;
#1499 = CONTEXT_DEPENDENT_SHAPE_REPRESENTATION ( #286, #3749 ) ;
#1500 = CARTESIAN_POINT ( 'NONE',  ( 4.699000000000001620, 0.000000000000000000, 4.064000000000000057 ) ) ;
#1501 = EDGE_CURVE ( 'NONE', #2252, #902, #1502, .T. ) ;
#1502 = LINE ( 'NONE', #3350, #3048 ) ;
#1503 = ORIENTED_EDGE ( 'NONE', *, *, #4622, .T. ) ;
#1504 = EDGE_LOOP ( 'NONE', ( #3690, #4052, #3239, #320, #3642, #1915, #6040, #4211 ) ) ;
#1505 = AXIS2_PLACEMENT_3D ( 'NONE', #3085, #5941, #2650 ) ;
#1506 = AXIS2_PLACEMENT_3D ( 'NONE', #3569, #257, #5880 ) ;
#1507 = PLANE ( 'NONE',  #28 ) ;
#1508 = DIRECTION ( 'NONE',  ( -0.000000000000000000, -0.000000000000000000, -1.000000000000000000 ) ) ;
#1509 = ORIENTED_EDGE ( 'NONE', *, *, #3967, .F. ) ;
#1510 = EDGE_CURVE ( 'NONE', #1416, #547, #2789, .T. ) ;
#1511 = VECTOR ( 'NONE', #5642, 1000.000000000000000 ) ;
#1512 = LINE ( 'NONE', #2509, #3932 ) ;
#1513 = ORIENTED_EDGE ( 'NONE', *, *, #4832, .F. ) ;
#1514 = VECTOR ( 'NONE', #2315, 1000.000000000000000 ) ;
#1515 = DIRECTION ( 'NONE',  ( -1.000000000000000000, 1.023454825001716575E-15, 0.000000000000000000 ) ) ;
#1516 = EDGE_CURVE ( 'NONE', #3183, #5270, #5226, .T. ) ;
#1517 = VECTOR ( 'NONE', #3400, 1000.000000000000000 ) ;
#1518 = CARTESIAN_POINT ( 'NONE',  ( -15.23999999999999844, 2.896088642316250628, 1.524000000000000021 ) ) ;
#1519 = ORIENTED_EDGE ( 'NONE', *, *, #2306, .F. ) ;
#1520 = LINE ( 'NONE', #3365, #222 ) ;
#1521 = ORIENTED_EDGE ( 'NONE', *, *, #24, .T. ) ;
#1522 = VECTOR ( 'NONE', #1546, 1000.000000000000000 ) ;
#1523 = LINE ( 'NONE', #4823, #5982 ) ;
#1524 = ORIENTED_EDGE ( 'NONE', *, *, #195, .F. ) ;
#1525 = CARTESIAN_POINT ( 'NONE',  ( 0.3175000000000000044, -2.031999999999989814, -0.3175000000000005040 ) ) ;
#1526 = CARTESIAN_POINT ( 'NONE',  ( 0.3810000000000011156, 1.819702678853052132E-15, 4.064000000000000057 ) ) ;
#1527 = AXIS2_PLACEMENT_3D ( 'NONE', #3537, #5951, #5850 ) ;
#1528 = ORIENTED_EDGE ( 'NONE', *, *, #2289, .F. ) ;
#1529 = CARTESIAN_POINT ( 'NONE',  ( 14.28750000000001030, 1.460500000000014786, 1.524000000000000021 ) ) ;
#1530 = CARTESIAN_POINT ( 'NONE',  ( -10.54099999999999859, 0.000000000000000000, 1.524000000000000021 ) ) ;
#1531 = DIRECTION ( 'NONE',  ( 0.000000000000000000, 0.000000000000000000, 1.000000000000000000 ) ) ;
#1532 = CARTESIAN_POINT ( 'NONE',  ( 11.11250000000000959, 1.460500000000014786, 4.064000000000000057 ) ) ;
#1533 = EDGE_LOOP ( 'NONE', ( #971, #175, #1232, #2296 ) ) ;
#1534 = ORIENTED_EDGE ( 'NONE', *, *, #5838, .T. ) ;
#1535 = EDGE_CURVE ( 'NONE', #2160, #2604, #1842, .T. ) ;
#1536 = ADVANCED_FACE ( 'NONE', ( #2698 ), #995, .T. ) ;
#1537 = SURFACE_STYLE_USAGE ( .BOTH. , #4745 ) ;
#1538 = DIRECTION ( 'NONE',  ( 1.000000000000000000, 0.000000000000000000, -0.000000000000000000 ) ) ;
#1539 = DIRECTION ( 'NONE',  ( -0.000000000000000000, -1.000000000000000000, 0.000000000000000000 ) ) ;
#1540 = LINE ( 'NONE', #4329, #1702 ) ;
#1541 = ORIENTED_EDGE ( 'NONE', *, *, #3827, .T. ) ;
#1542 = PLANE ( 'NONE',  #4582 ) ;
#1543 = CARTESIAN_POINT ( 'NONE',  ( 2.921000000000001595, 1.819702678853052132E-15, 4.064000000000000057 ) ) ;
#1544 = CARTESIAN_POINT ( 'NONE',  ( -6.032499999999992646, 1.460500000000014786, 1.524000000000000021 ) ) ;
#1545 = ORIENTED_EDGE ( 'NONE', *, *, #195, .T. ) ;
#1546 = DIRECTION ( 'NONE',  ( 1.000000000000000000, -1.023454825001716575E-15, 0.000000000000000000 ) ) ;
#1547 = EDGE_CURVE ( 'NONE', #4527, #6011, #469, .T. ) ;
#1548 = CARTESIAN_POINT ( 'NONE',  ( 14.28750000000001030, 1.460500000000014786, 4.064000000000000057 ) ) ;
#1549 = ORIENTED_EDGE ( 'NONE', *, *, #2058, .F. ) ;
#1550 = EDGE_CURVE ( 'NONE', #3325, #4148, #5131, .T. ) ;
#1551 = DIRECTION ( 'NONE',  ( 1.023454825001716575E-15, 1.000000000000000000, -0.000000000000000000 ) ) ;
#1552 = DIRECTION ( 'NONE',  ( 0.000000000000000000, 0.000000000000000000, -1.000000000000000000 ) ) ;
#1553 = ORIENTED_EDGE ( 'NONE', *, *, #4788, .F. ) ;
#1554 = LINE ( 'NONE', #2460, #5211 ) ;
#1555 = CARTESIAN_POINT ( 'NONE',  ( 3.492500000000007709, 2.095500000000015017, 1.524000000000000021 ) ) ;
#1556 = DIRECTION ( 'NONE',  ( 0.000000000000000000, 0.000000000000000000, 1.000000000000000000 ) ) ;
#1557 = FACE_OUTER_BOUND ( 'NONE', #1626, .T. ) ;
#1558 = VERTEX_POINT ( 'NONE', #4145 ) ;
#1559 = VERTEX_POINT ( 'NONE', #2379 ) ;
#1560 = DIRECTION ( 'NONE',  ( 0.000000000000000000, -4.645999989224937887E-17, -1.000000000000000000 ) ) ;
#1561 = DIRECTION ( 'NONE',  ( 0.8660254037844419273, -0.4999999999999943934, 0.000000000000000000 ) ) ;
#1562 = ORIENTED_EDGE ( 'NONE', *, *, #2507, .T. ) ;
#1563 = ADVANCED_FACE ( 'NONE', ( #968 ), #525, .T. ) ;
#1564 = ADVANCED_FACE ( 'NONE', ( #2410 ), #3768, .F. ) ;
#1565 = DIRECTION ( 'NONE',  ( 1.000000000000000000, 0.000000000000000000, 0.000000000000000000 ) ) ;
#1566 = ORIENTED_EDGE ( 'NONE', *, *, #950, .T. ) ;
#1567 = CARTESIAN_POINT ( 'NONE',  ( 0.000000000000000000, 0.000000000000000000, 0.000000000000000000 ) ) ;
#1568 = DIRECTION ( 'NONE',  ( 1.000000000000000000, 0.000000000000000000, 0.000000000000000000 ) ) ;
#1569 = CARTESIAN_POINT ( 'NONE',  ( -0.9524999999999915756, 1.460500000000014786, 4.064000000000000057 ) ) ;
#1570 = PLANE ( 'NONE',  #5492 ) ;
#1571 = VECTOR ( 'NONE', #6007, 1000.000000000000114 ) ;
#1572 = VERTEX_POINT ( 'NONE', #2874 ) ;
#1573 = EDGE_CURVE ( 'NONE', #3390, #5308, #2344, .T. ) ;
#1574 = DIRECTION ( 'NONE',  ( -0.000000000000000000, -0.000000000000000000, -1.000000000000000000 ) ) ;
#1575 = VECTOR ( 'NONE', #4653, 1000.000000000000000 ) ;
#1576 = CARTESIAN_POINT ( 'NONE',  ( -4.127499999999992397, 1.460500000000014786, 1.524000000000000021 ) ) ;
#1577 = ORIENTED_EDGE ( 'NONE', *, *, #5634, .F. ) ;
#1578 = EDGE_CURVE ( 'NONE', #3267, #4583, #655, .T. ) ;
#1579 = FACE_OUTER_BOUND ( 'NONE', #3671, .T. ) ;
#1580 = ORIENTED_EDGE ( 'NONE', *, *, #5084, .T. ) ;
#1581 = CARTESIAN_POINT ( 'NONE',  ( -0.3175000000000000044, 1.460500000000001686, -6.785482984263029945E-17 ) ) ;
#1582 = EDGE_LOOP ( 'NONE', ( #4837, #5583, #5808, #3660 ) ) ;
#1583 = AXIS2_PLACEMENT_3D ( 'NONE', #2545, #4941, #2607 ) ;
#1584 = DIRECTION ( 'NONE',  ( -0.000000000000000000, -1.000000000000000000, -0.000000000000000000 ) ) ;
#1585 = DIRECTION ( 'NONE',  ( -0.000000000000000000, -0.000000000000000000, -1.000000000000000000 ) ) ;
#1586 = FACE_BOUND ( 'NONE', #4536, .T. ) ;
#1587 = VECTOR ( 'NONE', #3677, 1000.000000000000000 ) ;
#1588 = EDGE_CURVE ( 'NONE', #2302, #609, #206, .T. ) ;
#1589 = DIRECTION ( 'NONE',  ( -0.000000000000000000, -0.000000000000000000, -1.000000000000000000 ) ) ;
#1590 = VECTOR ( 'NONE', #760, 1000.000000000000000 ) ;
#1591 = EDGE_CURVE ( 'NONE', #1172, #258, #3957, .T. ) ;
#1592 = ORIENTED_EDGE ( 'NONE', *, *, #1964, .F. ) ;
#1593 = ORIENTED_EDGE ( 'NONE', *, *, #5526, .F. ) ;
#1594 = STYLED_ITEM ( 'NONE', ( #3656 ), #3791 ) ;
#1595 = LINE ( 'NONE', #184, #3840 ) ;
#1596 = CARTESIAN_POINT ( 'NONE',  ( -8.572499999999992681, 1.460500000000014786, 1.524000000000000021 ) ) ;
#1597 = MECHANICAL_DESIGN_GEOMETRIC_PRESENTATION_REPRESENTATION (  '', ( #1115 ), #2567 ) ;
#1598 = DIRECTION ( 'NONE',  ( 0.000000000000000000, 1.000000000000000000, 0.000000000000000000 ) ) ;
#1599 = VECTOR ( 'NONE', #2855, 1000.000000000000000 ) ;
#1600 = ORIENTED_EDGE ( 'NONE', *, *, #4059, .T. ) ;
#1601 = CARTESIAN_POINT ( 'NONE',  ( 10.54100000000000392, 3.556000000000001826, 4.064000000000000057 ) ) ;
#1602 = AXIS2_PLACEMENT_3D ( 'NONE', #4074, #1318, #2641 ) ;
#1603 = VECTOR ( 'NONE', #3997, 1000.000000000000000 ) ;
#1604 = DIRECTION ( 'NONE',  ( 1.000000000000000000, 0.000000000000000000, 0.000000000000000000 ) ) ;
#1605 = DIRECTION ( 'NONE',  ( 1.000000000000000000, 0.000000000000000000, 0.000000000000000000 ) ) ;
#1606 = AXIS2_PLACEMENT_3D ( 'NONE', #4055, #5531, #400 ) ;
#1607 = VERTEX_POINT ( 'NONE', #681 ) ;
#1608 = ADVANCED_FACE ( 'NONE', ( #4320 ), #2434, .F. ) ;
#1609 = ADVANCED_FACE ( 'NONE', ( #5806 ), #3927, .F. ) ;
#1610 = CARTESIAN_POINT ( 'NONE',  ( -7.619999999999998330, 0.6599113576837527528, 4.064000000000000057 ) ) ;
#1611 = AXIS2_PLACEMENT_3D ( 'NONE', #2498, #2112, #3016 ) ;
#1612 = CARTESIAN_POINT ( 'NONE',  ( -10.15999999999999837, 0.6599113576837527528, 4.064000000000000057 ) ) ;
#1613 = VERTEX_POINT ( 'NONE', #5766 ) ;
#1614 = CARTESIAN_POINT ( 'NONE',  ( -14.85899999999999821, 3.556000000000001826, 4.064000000000000057 ) ) ;
#1615 = ORIENTED_EDGE ( 'NONE', *, *, #4529, .F. ) ;
#1616 = DIRECTION ( 'NONE',  ( 0.000000000000000000, -0.000000000000000000, -1.000000000000000000 ) ) ;
#1617 = ORIENTED_EDGE ( 'NONE', *, *, #2565, .F. ) ;
#1618 = STYLED_ITEM ( 'NONE', ( #2829 ), #5790 ) ;
#1619 = LINE ( 'NONE', #3923, #2187 ) ;
#1620 = DIRECTION ( 'NONE',  ( 0.1710878697460325171, -0.1710878697460329334, 0.9702875252478150303 ) ) ;
#1621 = CARTESIAN_POINT ( 'NONE',  ( -0.3175000000000000044, 2.095500000000001251, 3.683000000000000274 ) ) ;
#1622 = AXIS2_PLACEMENT_3D ( 'NONE', #3391, #4339, #2037 ) ;
#1623 = DIRECTION ( 'NONE',  ( 0.1710878697460327669, 0.9702875252478150303, -0.1710878697460326558 ) ) ;
#1624 = EDGE_CURVE ( 'NONE', #2935, #4495, #2048, .T. ) ;
#1625 = ORIENTED_EDGE ( 'NONE', *, *, #5517, .T. ) ;
#1626 = EDGE_LOOP ( 'NONE', ( #4848, #4656, #1740, #918 ) ) ;
#1627 = PLANE ( 'NONE',  #5202 ) ;
#1628 = DIRECTION ( 'NONE',  ( -0.4999999999999943934, -0.8660254037844419273, -0.000000000000000000 ) ) ;
#1629 = ORIENTED_EDGE ( 'NONE', *, *, #3139, .T. ) ;
#1630 = EDGE_CURVE ( 'NONE', #3364, #3605, #1991, .T. ) ;
#1631 = DIRECTION ( 'NONE',  ( -0.4999999999999951150, -0.8660254037844414832, 0.000000000000000000 ) ) ;
#1632 = EDGE_CURVE ( 'NONE', #3895, #5609, #2902, .T. ) ;
#1633 = ORIENTED_EDGE ( 'NONE', *, *, #5823, .T. ) ;
#1634 = ORIENTED_EDGE ( 'NONE', *, *, #736, .F. ) ;
#1635 = CARTESIAN_POINT ( 'NONE',  ( 3.492500000000007709, 2.095500000000015017, 4.064000000000000057 ) ) ;
#1636 =( NAMED_UNIT ( * ) SI_UNIT ( $, .STERADIAN. ) SOLID_ANGLE_UNIT ( ) );
#1637 = DIRECTION ( 'NONE',  ( -0.000000000000000000, 1.000000000000000000, -0.000000000000000000 ) ) ;
#1638 = ORIENTED_EDGE ( 'NONE', *, *, #531, .T. ) ;
#1639 = LINE ( 'NONE', #5012, #5019 ) ;
#1640 = FACE_OUTER_BOUND ( 'NONE', #3427, .T. ) ;
#1641 = EDGE_LOOP ( 'NONE', ( #1052, #3280, #1360, #3983 ) ) ;
#1642 = DIRECTION ( 'NONE',  ( 0.000000000000000000, -4.645999989224937270E-17, -1.000000000000000000 ) ) ;
#1643 = EDGE_CURVE ( 'NONE', #264, #1388, #5739, .T. ) ;
#1644 = ORIENTED_EDGE ( 'NONE', *, *, #1573, .F. ) ;
#1645 = CARTESIAN_POINT ( 'NONE',  ( 5.080000000000002736, 2.896088642316250628, 1.524000000000000021 ) ) ;
#1646 = ORIENTED_EDGE ( 'NONE', *, *, #3945, .F. ) ;
#1647 = CARTESIAN_POINT ( 'NONE',  ( 2.540000000000002256, 0.6599113576837528639, 4.064000000000000057 ) ) ;
#1648 = CARTESIAN_POINT ( 'NONE',  ( -7.619999999999998330, 2.896088642316250628, 1.524000000000000021 ) ) ;
#1649 = LINE ( 'NONE', #3492, #1389 ) ;
#1650 = CARTESIAN_POINT ( 'NONE',  ( -2.920999999999998042, 0.000000000000000000, 4.064000000000000057 ) ) ;
#1651 = EDGE_CURVE ( 'NONE', #1708, #5038, #4806, .T. ) ;
#1652 = VERTEX_POINT ( 'NONE', #5253 ) ;
#1653 = ORIENTED_EDGE ( 'NONE', *, *, #2566, .T. ) ;
#1654 = EDGE_CURVE ( 'NONE', #73, #4408, #3467, .T. ) ;
#1655 = LINE ( 'NONE', #5374, #2964 ) ;
#1656 = LINE ( 'NONE', #5744, #2783 ) ;
#1657 = DIRECTION ( 'NONE',  ( 0.000000000000000000, -0.000000000000000000, 1.000000000000000000 ) ) ;
#1658 = PLANE ( 'NONE',  #2179 ) ;
#1659 = ORIENTED_EDGE ( 'NONE', *, *, #1154, .T. ) ;
#1660 = EDGE_LOOP ( 'NONE', ( #421, #3026, #884, #1135 ) ) ;
#1661 = PLANE ( 'NONE',  #5795 ) ;
#1662 = DIRECTION ( 'NONE',  ( -0.4999999999999943934, -0.8660254037844419273, -0.000000000000000000 ) ) ;
#1663 = ADVANCED_BREP_SHAPE_REPRESENTATION ( '', ( #1741, #3933, #247 ), #5621 ) ;
#1664 = ORIENTED_EDGE ( 'NONE', *, *, #70, .T. ) ;
#1665 = SURFACE_SIDE_STYLE ('',( #5957 ) ) ;
#1666 = PLANE ( 'NONE',  #212 ) ;
#1667 = LINE ( 'NONE', #5928, #2959 ) ;
#1668 = ORIENTED_EDGE ( 'NONE', *, *, #3276, .F. ) ;
#1669 = CARTESIAN_POINT ( 'NONE',  ( -12.31899999999999906, 3.556000000000001826, 1.524000000000000021 ) ) ;
#1670 = ORIENTED_EDGE ( 'NONE', *, *, #3902, .T. ) ;
#1671 = CARTESIAN_POINT ( 'NONE',  ( 10.16000000000000369, 2.896088642316250183, 4.064000000000000057 ) ) ;
#1672 = EDGE_CURVE ( 'NONE', #319, #5132, #240, .T. ) ;
#1673 = VECTOR ( 'NONE', #5030, 1000.000000000000000 ) ;
#1674 = LINE ( 'NONE', #4888, #4905 ) ;
#1675 = DIRECTION ( 'NONE',  ( 0.000000000000000000, 0.000000000000000000, 1.000000000000000000 ) ) ;
#1676 = PLANE ( 'NONE',  #2080 ) ;
#1677 = ORIENTED_EDGE ( 'NONE', *, *, #249, .F. ) ;
#1678 = AXIS2_PLACEMENT_3D ( 'NONE', #1990, #2927, #4833 ) ;
#1679 = ORIENTED_EDGE ( 'NONE', *, *, #4087, .F. ) ;
#1680 = EDGE_LOOP ( 'NONE', ( #4257, #2929, #1440, #861 ) ) ;
#1681 = DIRECTION ( 'NONE',  ( -0.4999999999999945599, 0.8660254037844418162, 0.000000000000000000 ) ) ;
#1682 = EDGE_CURVE ( 'NONE', #2503, #5940, #113, .T. ) ;
#1683 = DIRECTION ( 'NONE',  ( -0.000000000000000000, -1.000000000000000000, -0.000000000000000000 ) ) ;
#1684 = ADVANCED_FACE ( 'NONE', ( #1557 ), #3403, .F. ) ;
#1685 = AXIS2_PLACEMENT_3D ( 'NONE', #1705, #5423, #3100 ) ;
#1686 = LINE ( 'NONE', #4111, #5979 ) ;
#1687 = LINE ( 'NONE', #4439, #2073 ) ;
#1688 = CARTESIAN_POINT ( 'NONE',  ( 11.11250000000000959, 2.095500000000015017, 4.064000000000000057 ) ) ;
#1689 = VERTEX_POINT ( 'NONE', #3839 ) ;
#1690 = ORIENTED_EDGE ( 'NONE', *, *, #147, .F. ) ;
#1691 = VECTOR ( 'NONE', #2826, 1000.000000000000114 ) ;
#1692 = AXIS2_PLACEMENT_3D ( 'NONE', #3437, #5319, #1147 ) ;
#1693 =( LENGTH_UNIT ( ) NAMED_UNIT ( * ) SI_UNIT ( .MILLI., .METRE. ) );
#1694 = ADVANCED_FACE ( 'NONE', ( #1084 ), #4351, .F. ) ;
#1695 = DIRECTION ( 'NONE',  ( -0.000000000000000000, 0.000000000000000000, -1.000000000000000000 ) ) ;
#1696 = DIRECTION ( 'NONE',  ( 0.000000000000000000, 0.000000000000000000, 1.000000000000000000 ) ) ;
#1697 = COLOUR_RGB ( '',0.2509803921568627416, 0.2509803921568627416, 0.2509803921568627416 ) ;
#1698 = VECTOR ( 'NONE', #2157, 1000.000000000000000 ) ;
#1699 = LINE ( 'NONE', #5386, #5899 ) ;
#1700 = EDGE_LOOP ( 'NONE', ( #4182, #5427, #4005, #1534 ) ) ;
#1701 = VECTOR ( 'NONE', #4107, 1000.000000000000114 ) ;
#1702 = VECTOR ( 'NONE', #159, 1000.000000000000000 ) ;
#1703 = CARTESIAN_POINT ( 'NONE',  ( 2.540000000000002256, 2.896088642316250628, 1.524000000000000021 ) ) ;
#1704 = EDGE_LOOP ( 'NONE', ( #3678, #2120, #4655, #5373, #3820, #342, #3385, #1679 ) ) ;
#1705 = CARTESIAN_POINT ( 'NONE',  ( 0.3175000000000000044, 1.206500000000002126, 0.5714999999999996749 ) ) ;
#1706 = VECTOR ( 'NONE', #5950, 1000.000000000000000 ) ;
#1707 = CARTESIAN_POINT ( 'NONE',  ( 11.74750000000000938, 1.460500000000014786, 4.064000000000000057 ) ) ;
#1708 = VERTEX_POINT ( 'NONE', #2465 ) ;
#1709 = CARTESIAN_POINT ( 'NONE',  ( -5.079999999999997407, 2.896088642316250628, 4.064000000000000057 ) ) ;
#1710 = ADVANCED_FACE ( 'NONE', ( #179 ), #3893, .F. ) ;
#1711 = VERTEX_POINT ( 'NONE', #2993 ) ;
#1712 = DIRECTION ( 'NONE',  ( -0.000000000000000000, 1.000000000000000000, -0.000000000000000000 ) ) ;
#1713 = VECTOR ( 'NONE', #2746, 1000.000000000000000 ) ;
#1714 = CARTESIAN_POINT ( 'NONE',  ( -4.127499999999992397, 1.460500000000014786, 1.524000000000000021 ) ) ;
#1715 = LINE ( 'NONE', #3609, #5476 ) ;
#1716 = SURFACE_STYLE_FILL_AREA ( #4922 ) ;
#1717 = VECTOR ( 'NONE', #5490, 1000.000000000000000 ) ;
#1718 = EDGE_LOOP ( 'NONE', ( #5631, #5728, #5388, #5759 ) ) ;
#1719 = EDGE_LOOP ( 'NONE', ( #5245, #4962, #2904, #3031, #308, #2679, #4044, #5435 ) ) ;
#1720 = CARTESIAN_POINT ( 'NONE',  ( -10.15999999999999837, 2.896088642316250628, 1.524000000000000021 ) ) ;
#1721 = CARTESIAN_POINT ( 'NONE',  ( 14.85900000000000354, 0.000000000000000000, 4.064000000000000057 ) ) ;
#1722 = PRESENTATION_LAYER_ASSIGNMENT (  '', '', ( #3174 ) ) ;
#1723 = CARTESIAN_POINT ( 'NONE',  ( -6.667499999999993321, 2.095500000000015017, 4.064000000000000057 ) ) ;
#1724 = LINE ( 'NONE', #3559, #5986 ) ;
#1725 = CARTESIAN_POINT ( 'NONE',  ( 0.3175000000000000044, 1.460500000000001686, 0.5714999999999996749 ) ) ;
#1726 = EDGE_CURVE ( 'NONE', #2841, #2353, #2166, .T. ) ;
#1727 = ORIENTED_EDGE ( 'NONE', *, *, #1467, .T. ) ;
#1728 = ORIENTED_EDGE ( 'NONE', *, *, #5229, .T. ) ;
#1729 =( NAMED_UNIT ( * ) PLANE_ANGLE_UNIT ( ) SI_UNIT ( $, .RADIAN. ) );
#1730 = LINE ( 'NONE', #3093, #1706 ) ;
#1731 =( NAMED_UNIT ( * ) PLANE_ANGLE_UNIT ( ) SI_UNIT ( $, .RADIAN. ) );
#1732 = FACE_OUTER_BOUND ( 'NONE', #3513, .T. ) ;
#1733 = EDGE_LOOP ( 'NONE', ( #4071, #3745, #3949, #5574 ) ) ;
#1734 = ORIENTED_EDGE ( 'NONE', *, *, #4960, .F. ) ;
#1735 = FACE_BOUND ( 'NONE', #3622, .T. ) ;
#1736 = DIRECTION ( 'NONE',  ( -1.000000000000000000, 2.439149994343089694E-16, -0.000000000000000000 ) ) ;
#1737 = DIRECTION ( 'NONE',  ( -0.000000000000000000, -0.000000000000000000, -1.000000000000000000 ) ) ;
#1738 = VERTEX_POINT ( 'NONE', #5999 ) ;
#1739 = DIRECTION ( 'NONE',  ( -0.000000000000000000, -0.000000000000000000, -1.000000000000000000 ) ) ;
#1740 = ORIENTED_EDGE ( 'NONE', *, *, #950, .F. ) ;
#1741 = MANIFOLD_SOLID_BREP ( 'Cut-Extrude1', #4191 ) ;
#1742 = PLANE ( 'NONE',  #729 ) ;
#1743 = ADVANCED_FACE ( 'NONE', ( #4986 ), #1676, .F. ) ;
#1744 = FACE_OUTER_BOUND ( 'NONE', #5591, .T. ) ;
#1745 = CARTESIAN_POINT ( 'NONE',  ( -7.619999999999998330, 2.896088642316250628, 1.524000000000000021 ) ) ;
#1746 = EDGE_LOOP ( 'NONE', ( #3744, #2979, #1992, #474 ) ) ;
#1747 = ORIENTED_EDGE ( 'NONE', *, *, #1476, .T. ) ;
#1748 = DIRECTION ( 'NONE',  ( 0.8660254037844418162, 0.4999999999999945599, -0.000000000000000000 ) ) ;
#1749 = DIRECTION ( 'NONE',  ( 0.000000000000000000, -1.000000000000000000, 0.000000000000000000 ) ) ;
#1750 = DIRECTION ( 'NONE',  ( -0.000000000000000000, -1.000000000000000000, -0.000000000000000000 ) ) ;
#1751 = CARTESIAN_POINT ( 'NONE',  ( -0.3809999999999958975, 3.556000000000001382, 1.524000000000000021 ) ) ;
#1752 = FACE_OUTER_BOUND ( 'NONE', #1386, .T. ) ;
#1753 = ORIENTED_EDGE ( 'NONE', *, *, #2759, .F. ) ;
#1754 = EDGE_LOOP ( 'NONE', ( #1274, #2485, #5232, #4400 ) ) ;
#1755 = FACE_OUTER_BOUND ( 'NONE', #2763, .T. ) ;
#1756 = EDGE_CURVE ( 'NONE', #2247, #1793, #5433, .T. ) ;
#1757 = ITEM_DEFINED_TRANSFORMATION ( 'NONE', 'NONE', #2988,  #247 ) ;
#1758 = MANIFOLD_SOLID_BREP ( 'LPattern1[11]', #3030 ) ;
#1759 = DIRECTION ( 'NONE',  ( 0.000000000000000000, -1.000000000000000000, 5.787813545898859199E-17 ) ) ;
#1760 = VERTEX_POINT ( 'NONE', #5493 ) ;
#1761 = ORIENTED_EDGE ( 'NONE', *, *, #4246, .T. ) ;
#1762 = ADVANCED_FACE ( 'NONE', ( #2645 ), #3047, .F. ) ;
#1763 = VERTEX_POINT ( 'NONE', #2591 ) ;
#1764 = EDGE_CURVE ( 'NONE', #3393, #2441, #3110, .T. ) ;
#1765 = LINE ( 'NONE', #2769, #5582 ) ;
#1766 = CARTESIAN_POINT ( 'NONE',  ( 11.74750000000000938, 2.095500000000015017, 4.064000000000000057 ) ) ;
#1767 = ORIENTED_EDGE ( 'NONE', *, *, #5066, .T. ) ;
#1768 = CARTESIAN_POINT ( 'NONE',  ( -8.000999999999997669, 0.000000000000000000, 1.524000000000000021 ) ) ;
#1769 = PRODUCT_DEFINITION_SHAPE ( 'NONE', 'NONE',  #4150 ) ;
#1770 = VERTEX_POINT ( 'NONE', #5966 ) ;
#1771 = MANIFOLD_SOLID_BREP ( 'LPattern1[7]', #2063 ) ;
#1772 = CARTESIAN_POINT ( 'NONE',  ( -2.539999999999996927, 2.896088642316250183, 4.064000000000000057 ) ) ;
#1773 = DIRECTION ( 'NONE',  ( 1.000000000000000000, 0.000000000000000000, 0.000000000000000000 ) ) ;
#1774 = LINE ( 'NONE', #1745, #4002 ) ;
#1775 = FILL_AREA_STYLE_COLOUR ( '', #5488 ) ;
#1776 = ORIENTED_EDGE ( 'NONE', *, *, #5155, .F. ) ;
#1777 = LINE ( 'NONE', #2688, #5788 ) ;
#1778 = PLANE ( 'NONE',  #2974 ) ;
#1779 = DIRECTION ( 'NONE',  ( 1.000000000000000000, -1.023454825001716575E-15, 0.000000000000000000 ) ) ;
#1780 = LINE ( 'NONE', #2720, #514 ) ;
#1781 = AXIS2_PLACEMENT_3D ( 'NONE', #4364, #3423, #2039 ) ;
#1782 = DIRECTION ( 'NONE',  ( -1.000000000000000000, 1.023454825001716575E-15, 0.000000000000000000 ) ) ;
#1783 = ORIENTED_EDGE ( 'NONE', *, *, #553, .F. ) ;
#1784 = ORIENTED_EDGE ( 'NONE', *, *, #4347, .T. ) ;
#1785 = SURFACE_STYLE_FILL_AREA ( #1243 ) ;
#1786 = VECTOR ( 'NONE', #1430, 1000.000000000000000 ) ;
#1787 = CARTESIAN_POINT ( 'NONE',  ( -8.572499999999992681, 1.460500000000014786, 4.064000000000000057 ) ) ;
#1788 = CONTEXT_DEPENDENT_SHAPE_REPRESENTATION ( #5794, #1475 ) ;
#1789 = VECTOR ( 'NONE', #5535, 1000.000000000000000 ) ;
#1790 = CARTESIAN_POINT ( 'NONE',  ( -14.28749999999999254, 2.095500000000015017, 1.524000000000000021 ) ) ;
#1791 = VECTOR ( 'NONE', #1868, 1000.000000000000000 ) ;
#1792 = EDGE_LOOP ( 'NONE', ( #2504, #5114, #193, #4239 ) ) ;
#1793 = VERTEX_POINT ( 'NONE', #1229 ) ;
#1794 = MECHANICAL_DESIGN_GEOMETRIC_PRESENTATION_REPRESENTATION (  '', ( #4398 ), #720 ) ;
#1795 = VECTOR ( 'NONE', #1395, 1000.000000000000000 ) ;
#1796 = LINE ( 'NONE', #3248, #1393 ) ;
#1797 = CARTESIAN_POINT ( 'NONE',  ( 7.620000000000003659, 0.6599113576837527528, 4.064000000000000057 ) ) ;
#1798 = EDGE_LOOP ( 'NONE', ( #4262, #758, #4836, #3992 ) ) ;
#1799 = LINE ( 'NONE', #2610, #5992 ) ;
#1800 = VECTOR ( 'NONE', #3556, 1000.000000000000000 ) ;
#1801 = VECTOR ( 'NONE', #537, 1000.000000000000000 ) ;
#1802 = EDGE_CURVE ( 'NONE', #940, #3393, #5549, .T. ) ;
#1803 = ORIENTED_EDGE ( 'NONE', *, *, #5623, .T. ) ;
#1804 = MANIFOLD_SOLID_BREP ( 'LPattern1[3]', #104 ) ;
#1805 = EDGE_CURVE ( 'NONE', #4185, #2935, #1463, .T. ) ;
#1806 = DIRECTION ( 'NONE',  ( -0.000000000000000000, -0.000000000000000000, -1.000000000000000000 ) ) ;
#1807 = AXIS2_PLACEMENT_3D ( 'NONE', #651, #2497, #616 ) ;
#1808 = PLANE ( 'NONE',  #1008 ) ;
#1809 = VERTEX_POINT ( 'NONE', #1894 ) ;
#1810 = AXIS2_PLACEMENT_3D ( 'NONE', #2408, #5086, #5585 ) ;
#1811 = CARTESIAN_POINT ( 'NONE',  ( 6.032500000000008633, 1.460500000000014786, 4.064000000000000057 ) ) ;
#1812 = LINE ( 'NONE', #3114, #2198 ) ;
#1813 = FACE_OUTER_BOUND ( 'NONE', #1479, .T. ) ;
#1814 = VECTOR ( 'NONE', #1620, 999.9999999999998863 ) ;
#1815 = DIRECTION ( 'NONE',  ( -0.8660254037844419273, -0.4999999999999943934, 0.000000000000000000 ) ) ;
#1816 = DIRECTION ( 'NONE',  ( 0.000000000000000000, 0.000000000000000000, 1.000000000000000000 ) ) ;
#1817 = EDGE_LOOP ( 'NONE', ( #1012, #1519, #201, #1269 ) ) ;
#1818 = ORIENTED_EDGE ( 'NONE', *, *, #3079, .F. ) ;
#1819 = FILL_AREA_STYLE_COLOUR ( '', #5893 ) ;
#1820 = PRESENTATION_LAYER_ASSIGNMENT (  '', '', ( #4420 ) ) ;
#1821 = CARTESIAN_POINT ( 'NONE',  ( 2.540000000000002256, 2.896088642316250628, 4.064000000000000057 ) ) ;
#1822 = EDGE_CURVE ( 'NONE', #1346, #447, #3696, .T. ) ;
#1823 = EDGE_CURVE ( 'NONE', #2346, #1760, #2403, .T. ) ;
#1824 = DIRECTION ( 'NONE',  ( 0.9848077530122086864, 0.000000000000000000, -0.1736481776669272226 ) ) ;
#1825 = EDGE_LOOP ( 'NONE', ( #3748, #2496, #4212, #140 ) ) ;
#1826 = FILL_AREA_STYLE ('',( #5169 ) ) ;
#1827 = ORIENTED_EDGE ( 'NONE', *, *, #4638, .T. ) ;
#1828 = CARTESIAN_POINT ( 'NONE',  ( 6.667500000000008420, 1.460500000000014786, 4.064000000000000057 ) ) ;
#1829 = DIRECTION ( 'NONE',  ( 1.000000000000000000, -1.023454825001716575E-15, 0.000000000000000000 ) ) ;
#1830 = ORIENTED_EDGE ( 'NONE', *, *, #3361, .F. ) ;
#1831 = DIRECTION ( 'NONE',  ( -0.000000000000000000, -0.000000000000000000, -1.000000000000000000 ) ) ;
#1832 = ORIENTED_EDGE ( 'NONE', *, *, #1003, .T. ) ;
#1833 = CARTESIAN_POINT ( 'NONE',  ( 7.620000000000003659, 2.896088642316250183, 1.524000000000000021 ) ) ;
#1834 = CARTESIAN_POINT ( 'NONE',  ( 0.3175000000000000044, 1.460500000000001908, 3.683000000000000274 ) ) ;
#1835 = ADVANCED_FACE ( 'NONE', ( #3258 ), #6030, .F. ) ;
#1836 = FACE_OUTER_BOUND ( 'NONE', #1746, .T. ) ;
#1837 = ORIENTED_EDGE ( 'NONE', *, *, #3139, .F. ) ;
#1838 = CARTESIAN_POINT ( 'NONE',  ( 0.3175000000000000044, 1.837630800822885978E-17, 0.3174999999999996714 ) ) ;
#1839 = CARTESIAN_POINT ( 'NONE',  ( 5.080000000000002736, 2.896088642316250628, 4.064000000000000057 ) ) ;
#1840 = PLANE ( 'NONE',  #2345 ) ;
#1841 = ADVANCED_FACE ( 'NONE', ( #554 ), #3225, .F. ) ;
#1842 = LINE ( 'NONE', #936, #3430 ) ;
#1843 = CARTESIAN_POINT ( 'NONE',  ( -14.28749999999999254, 1.460500000000014786, 4.064000000000000057 ) ) ;
#1844 = EDGE_LOOP ( 'NONE', ( #5923, #6051, #770, #2659 ) ) ;
#1845 = ADVANCED_FACE ( 'NONE', ( #50, #4617 ), #79, .T. ) ;
#1846 = ORIENTED_EDGE ( 'NONE', *, *, #6024, .T. ) ;
#1847 = SURFACE_SIDE_STYLE ('',( #565 ) ) ;
#1848 = DIRECTION ( 'NONE',  ( 0.000000000000000000, 0.000000000000000000, 1.000000000000000000 ) ) ;
#1849 = ORIENTED_EDGE ( 'NONE', *, *, #1113, .F. ) ;
#1850 = DIRECTION ( 'NONE',  ( -0.000000000000000000, -0.000000000000000000, -1.000000000000000000 ) ) ;
#1851 = VERTEX_POINT ( 'NONE', #2741 ) ;
#1852 = VERTEX_POINT ( 'NONE', #4581 ) ;
#1853 = ADVANCED_FACE ( 'NONE', ( #429 ), #4735, .T. ) ;
#1854 = CARTESIAN_POINT ( 'NONE',  ( -0.9524999999999915756, 2.095500000000015017, 1.524000000000000021 ) ) ;
#1855 = DIRECTION ( 'NONE',  ( -0.000000000000000000, -0.000000000000000000, -1.000000000000000000 ) ) ;
#1856 = DIRECTION ( 'NONE',  ( -0.000000000000000000, 0.000000000000000000, -1.000000000000000000 ) ) ;
#1857 = VERTEX_POINT ( 'NONE', #2041 ) ;
#1858 = CARTESIAN_POINT ( 'NONE',  ( -0.3175000000000000044, 1.460500000000001908, 3.683000000000000274 ) ) ;
#1859 = VERTEX_POINT ( 'NONE', #4761 ) ;
#1860 = LINE ( 'NONE', #513, #5316 ) ;
#1861 = CARTESIAN_POINT ( 'NONE',  ( 10.16000000000000369, 0.6599113576837527528, 1.524000000000000021 ) ) ;
#1862 = CARTESIAN_POINT ( 'NONE',  ( 10.54100000000000392, 3.556000000000001826, 1.524000000000000021 ) ) ;
#1863 = EDGE_LOOP ( 'NONE', ( #527, #4602, #5197, #4053 ) ) ;
#1864 = EDGE_CURVE ( 'NONE', #5550, #3911, #106, .T. ) ;
#1865 = DIRECTION ( 'NONE',  ( -0.000000000000000000, -0.000000000000000000, -1.000000000000000000 ) ) ;
#1866 = CARTESIAN_POINT ( 'NONE',  ( -7.238999999999998991, 1.819702678853052132E-15, 1.524000000000000021 ) ) ;
#1867 = CARTESIAN_POINT ( 'NONE',  ( 9.207500000000008455, 1.460500000000014786, 1.524000000000000021 ) ) ;
#1868 = DIRECTION ( 'NONE',  ( 0.4999999999999945044, -0.8660254037844418162, 0.000000000000000000 ) ) ;
#1869 = VERTEX_POINT ( 'NONE', #1980 ) ;
#1870 = ORIENTED_EDGE ( 'NONE', *, *, #487, .T. ) ;
#1871 = ADVANCED_FACE ( 'NONE', ( #1579 ), #611, .F. ) ;
#1872 = ADVANCED_FACE ( 'NONE', ( #2455 ), #2492, .F. ) ;
#1873 = CARTESIAN_POINT ( 'NONE',  ( 4.699000000000003396, 3.556000000000001382, 4.064000000000000057 ) ) ;
#1874 = DIRECTION ( 'NONE',  ( -0.4999999999999951150, -0.8660254037844414832, 0.000000000000000000 ) ) ;
#1875 = VECTOR ( 'NONE', #1026, 1000.000000000000000 ) ;
#1876 = ORIENTED_EDGE ( 'NONE', *, *, #1943, .F. ) ;
#1877 = LINE ( 'NONE', #975, #227 ) ;
#1878 = VERTEX_POINT ( 'NONE', #141 ) ;
#1879 = VECTOR ( 'NONE', #1556, 1000.000000000000000 ) ;
#1880 = ORIENTED_EDGE ( 'NONE', *, *, #1309, .F. ) ;
#1881 = VECTOR ( 'NONE', #4641, 1000.000000000000000 ) ;
#1882 = VECTOR ( 'NONE', #5392, 1000.000000000000114 ) ;
#1883 = DIRECTION ( 'NONE',  ( -1.000000000000000000, 0.000000000000000000, 0.000000000000000000 ) ) ;
#1884 = CARTESIAN_POINT ( 'NONE',  ( -10.54099999999999682, 3.556000000000001382, 4.064000000000000057 ) ) ;
#1885 = ORIENTED_EDGE ( 'NONE', *, *, #5863, .T. ) ;
#1886 = CARTESIAN_POINT ( 'NONE',  ( 7.620000000000003659, 0.6599113576837528639, 4.064000000000000057 ) ) ;
#1887 = EDGE_LOOP ( 'NONE', ( #4394, #46, #3151, #4199 ) ) ;
#1888 = PRESENTATION_LAYER_ASSIGNMENT (  '', '', ( #1115 ) ) ;
#1889 = VECTOR ( 'NONE', #1623, 999.9999999999998863 ) ;
#1890 = PLANE ( 'NONE',  #4125 ) ;
#1891 = PLANE ( 'NONE',  #2354 ) ;
#1892 = AXIS2_PLACEMENT_3D ( 'NONE', #1838, #1441, #3228 ) ;
#1893 = EDGE_CURVE ( 'NONE', #3332, #4396, #672, .T. ) ;
#1894 = CARTESIAN_POINT ( 'NONE',  ( 6.667500000000008420, 2.095500000000015017, 4.064000000000000057 ) ) ;
#1895 = CIRCLE ( 'NONE', #4791, 0.8889999999999994573 ) ;
#1896 = UNCERTAINTY_MEASURE_WITH_UNIT (LENGTH_MEASURE( 1.000000000000000082E-05 ), #1693, 'distance_accuracy_value', 'NONE');
#1897 = EDGE_LOOP ( 'NONE', ( #2141, #1332, #449, #4518 ) ) ;
#1898 = CARTESIAN_POINT ( 'NONE',  ( 0.3810000000000011156, 3.556000000000001826, 4.064000000000000057 ) ) ;
#1899 = VECTOR ( 'NONE', #1376, 1000.000000000000000 ) ;
#1900 = VECTOR ( 'NONE', #359, 1000.000000000000000 ) ;
#1901 = FACE_OUTER_BOUND ( 'NONE', #3323, .T. ) ;
#1902 = CARTESIAN_POINT ( 'NONE',  ( -7.619999999999997442, 2.896088642316250183, 4.064000000000000057 ) ) ;
#1903 = FACE_OUTER_BOUND ( 'NONE', #5094, .T. ) ;
#1904 = VECTOR ( 'NONE', #5367, 1000.000000000000000 ) ;
#1905 = ORIENTED_EDGE ( 'NONE', *, *, #5041, .F. ) ;
#1906 = ORIENTED_EDGE ( 'NONE', *, *, #2501, .T. ) ;
#1907 = DIRECTION ( 'NONE',  ( -0.000000000000000000, 0.000000000000000000, 1.000000000000000000 ) ) ;
#1908 = CARTESIAN_POINT ( 'NONE',  ( -9.207499999999994245, 1.460500000000014786, 4.064000000000000057 ) ) ;
#1909 = AXIS2_PLACEMENT_3D ( 'NONE', #1721, #2651, #4995 ) ;
#1910 = VERTEX_POINT ( 'NONE', #3885 ) ;
#1911 = EDGE_CURVE ( 'NONE', #4357, #2334, #4852, .T. ) ;
#1912 = CARTESIAN_POINT ( 'NONE',  ( -14.28749999999999254, 1.460500000000014786, 1.524000000000000021 ) ) ;
#1913 = ORIENTED_EDGE ( 'NONE', *, *, #259, .F. ) ;
#1914 = VECTOR ( 'NONE', #831, 1000.000000000000000 ) ;
#1915 = ORIENTED_EDGE ( 'NONE', *, *, #445, .T. ) ;
#1916 = CARTESIAN_POINT ( 'NONE',  ( 11.11250000000000959, 1.460500000000014786, 1.524000000000000021 ) ) ;
#1917 = VECTOR ( 'NONE', #4278, 1000.000000000000114 ) ;
#1918 = DIRECTION ( 'NONE',  ( 0.000000000000000000, 0.000000000000000000, -1.000000000000000000 ) ) ;
#1919 = DIRECTION ( 'NONE',  ( 1.000000000000000000, 0.000000000000000000, 0.000000000000000000 ) ) ;
#1920 = ORIENTED_EDGE ( 'NONE', *, *, #5865, .T. ) ;
#1921 = CARTESIAN_POINT ( 'NONE',  ( -6.667499999999993321, 1.460500000000014786, 4.064000000000000057 ) ) ;
#1922 = PRODUCT_DEFINITION_SHAPE ( 'NONE', 'NONE',  #3077 ) ;
#1923 = EDGE_LOOP ( 'NONE', ( #4640, #1920, #5266, #4383 ) ) ;
#1924 = ADVANCED_FACE ( 'NONE', ( #5247 ), #645, .F. ) ;
#1925 = FACE_OUTER_BOUND ( 'NONE', #4466, .T. ) ;
#1926 =( NAMED_UNIT ( * ) PLANE_ANGLE_UNIT ( ) SI_UNIT ( $, .RADIAN. ) );
#1927 = CARTESIAN_POINT ( 'NONE',  ( 0.9525000000000071188, 1.460500000000014786, 4.064000000000000057 ) ) ;
#1928 = PRESENTATION_STYLE_ASSIGNMENT (( #2338 ) ) ;
#1929 = ORIENTED_EDGE ( 'NONE', *, *, #5838, .F. ) ;
#1930 = DIRECTION ( 'NONE',  ( 0.000000000000000000, 0.000000000000000000, -1.000000000000000000 ) ) ;
#1931 = FACE_OUTER_BOUND ( 'NONE', #5742, .T. ) ;
#1932 = CARTESIAN_POINT ( 'NONE',  ( -10.15999999999999659, 2.896088642316250183, 4.064000000000000057 ) ) ;
#1933 = CARTESIAN_POINT ( 'NONE',  ( -13.08099999999999774, 3.556000000000001382, 4.064000000000000057 ) ) ;
#1934 = ORIENTED_EDGE ( 'NONE', *, *, #1003, .F. ) ;
#1935 = EDGE_LOOP ( 'NONE', ( #2529, #2326, #3150, #1767, #2327, #4482, #2416, #4282 ) ) ;
#1936 = DIRECTION ( 'NONE',  ( 0.000000000000000000, -4.645999989224937887E-17, -1.000000000000000000 ) ) ;
#1937 = LINE ( 'NONE', #4174, #42 ) ;
#1938 = ORIENTED_EDGE ( 'NONE', *, *, #604, .T. ) ;
#1939 = PLANE ( 'NONE',  #4404 ) ;
#1940 = ORIENTED_EDGE ( 'NONE', *, *, #2624, .F. ) ;
#1941 = VERTEX_POINT ( 'NONE', #4311 ) ;
#1942 = ADVANCED_FACE ( 'NONE', ( #2015 ), #4395, .F. ) ;
#1943 = EDGE_CURVE ( 'NONE', #1869, #5940, #3863, .T. ) ;
#1944 = EDGE_CURVE ( 'NONE', #2592, #4442, #2519, .T. ) ;
#1945 = CARTESIAN_POINT ( 'NONE',  ( 10.16000000000000369, 0.6599113576837527528, 4.064000000000000057 ) ) ;
#1946 = DIRECTION ( 'NONE',  ( -0.000000000000000000, -0.000000000000000000, -1.000000000000000000 ) ) ;
#1947 = ORIENTED_EDGE ( 'NONE', *, *, #4458, .T. ) ;
#1948 = CARTESIAN_POINT ( 'NONE',  ( -4.127499999999992397, 1.460500000000014786, 4.064000000000000057 ) ) ;
#1949 = ORIENTED_EDGE ( 'NONE', *, *, #3645, .T. ) ;
#1950 = DIRECTION ( 'NONE',  ( -0.000000000000000000, -0.000000000000000000, -1.000000000000000000 ) ) ;
#1951 = SURFACE_STYLE_USAGE ( .BOTH. , #194 ) ;
#1952 = DIRECTION ( 'NONE',  ( 1.000000000000000000, -2.439149994343089694E-16, 0.000000000000000000 ) ) ;
#1953 = DIRECTION ( 'NONE',  ( 0.4999999999999943934, 0.8660254037844419273, 0.000000000000000000 ) ) ;
#1954 = LINE ( 'NONE', #4114, #5586 ) ;
#1955 = ORIENTED_EDGE ( 'NONE', *, *, #5907, .F. ) ;
#1956 = EDGE_CURVE ( 'NONE', #3424, #4378, #5732, .T. ) ;
#1957 = CARTESIAN_POINT ( 'NONE',  ( -9.207499999999994245, 2.095500000000015017, 4.064000000000000057 ) ) ;
#1958 = LINE ( 'NONE', #1466, #3260 ) ;
#1959 = PLANE ( 'NONE',  #5077 ) ;
#1960 = LINE ( 'NONE', #1933, #4008 ) ;
#1961 = VERTEX_POINT ( 'NONE', #1049 ) ;
#1962 = ORIENTED_EDGE ( 'NONE', *, *, #5633, .T. ) ;
#1963 = CARTESIAN_POINT ( 'NONE',  ( 0.3175000000000000044, 2.095500000000001251, -9.735692977420864871E-17 ) ) ;
#1964 = EDGE_CURVE ( 'NONE', #3916, #3488, #1100, .T. ) ;
#1965 = VERTEX_POINT ( 'NONE', #198 ) ;
#1966 = CARTESIAN_POINT ( 'NONE',  ( 6.032500000000008633, 1.460500000000014786, 4.064000000000000057 ) ) ;
#1967 = ORIENTED_EDGE ( 'NONE', *, *, #2050, .T. ) ;
#1968 = CLOSED_SHELL ( 'NONE', ( #5029, #4190, #981, #2750, #3404, #4126, #4804, #2649, #5130, #3824 ) ) ;
#1969 = CARTESIAN_POINT ( 'NONE',  ( -13.96999999999999176, 1.322726650432315409E-14, 6.505213034913026604E-16 ) ) ;
#1970 = LINE ( 'NONE', #2912, #4388 ) ;
#1971 = FACE_OUTER_BOUND ( 'NONE', #353, .T. ) ;
#1972 = AXIS2_PLACEMENT_3D ( 'NONE', #2433, #5712, #5318 ) ;
#1973 = ORIENTED_EDGE ( 'NONE', *, *, #5339, .F. ) ;
#1974 = CARTESIAN_POINT ( 'NONE',  ( -10.15999999999999837, 0.6599113576837527528, 1.524000000000000021 ) ) ;
#1975 = ORIENTED_EDGE ( 'NONE', *, *, #3094, .T. ) ;
#1976 = LINE ( 'NONE', #1601, #4802 ) ;
#1977 = VECTOR ( 'NONE', #1330, 1000.000000000000000 ) ;
#1978 = CARTESIAN_POINT ( 'NONE',  ( 15.24000000000000554, 0.6599113576837528639, 1.524000000000000021 ) ) ;
#1979 = ORIENTED_EDGE ( 'NONE', *, *, #5861, .F. ) ;
#1980 = CARTESIAN_POINT ( 'NONE',  ( 0.3175000000000000044, -2.031999999999989814, 0.3174999999999997824 ) ) ;
#1981 = EDGE_CURVE ( 'NONE', #3488, #2593, #5706, .T. ) ;
#1982 = PLANE ( 'NONE',  #5685 ) ;
#1983 = VECTOR ( 'NONE', #3040, 1000.000000000000000 ) ;
#1984 = VECTOR ( 'NONE', #4492, 1000.000000000000000 ) ;
#1985 = ORIENTED_EDGE ( 'NONE', *, *, #5848, .T. ) ;
#1986 = DIRECTION ( 'NONE',  ( -0.000000000000000000, -1.000000000000000000, -0.000000000000000000 ) ) ;
#1987 = DIRECTION ( 'NONE',  ( -0.000000000000000000, 0.000000000000000000, -1.000000000000000000 ) ) ;
#1988 = STYLED_ITEM ( 'NONE', ( #5194 ), #3813 ) ;
#1989 = AXIS2_PLACEMENT_3D ( 'NONE', #5338, #1162, #3790 ) ;
#1990 = CARTESIAN_POINT ( 'NONE',  ( 1.587500000000007239, 1.460500000000014786, 4.064000000000000057 ) ) ;
#1991 = LINE ( 'NONE', #4288, #523 ) ;
#1992 = ORIENTED_EDGE ( 'NONE', *, *, #3171, .T. ) ;
#1993 = EDGE_LOOP ( 'NONE', ( #4725, #4389, #1849, #944 ) ) ;
#1994 = VECTOR ( 'NONE', #1865, 1000.000000000000000 ) ;
#1995 = VECTOR ( 'NONE', #5037, 1000.000000000000000 ) ;
#1996 = LINE ( 'NONE', #623, #2370 ) ;
#1997 = DIRECTION ( 'NONE',  ( 0.000000000000000000, 1.000000000000000000, 0.000000000000000000 ) ) ;
#1998 = CARTESIAN_POINT ( 'NONE',  ( -12.69999999999999751, 2.896088642316250628, 4.064000000000000057 ) ) ;
#1999 = VECTOR ( 'NONE', #2136, 1000.000000000000000 ) ;
#2000 = DIRECTION ( 'NONE',  ( 0.000000000000000000, -1.000000000000000000, 0.000000000000000000 ) ) ;
#2001 = ORIENTED_EDGE ( 'NONE', *, *, #1448, .F. ) ;
#2002 = VECTOR ( 'NONE', #2967, 1000.000000000000000 ) ;
#2003 = ADVANCED_FACE ( 'NONE', ( #4280, #1077 ), #3460, .F. ) ;
#2004 = DIRECTION ( 'NONE',  ( 0.000000000000000000, 0.000000000000000000, 1.000000000000000000 ) ) ;
#2005 = PLANE ( 'NONE',  #3811 ) ;
#2006 = VECTOR ( 'NONE', #5400, 1000.000000000000000 ) ;
#2007 = CARTESIAN_POINT ( 'NONE',  ( 13.08100000000000485, 1.819702678853052132E-15, 4.064000000000000057 ) ) ;
#2008 = ORIENTED_EDGE ( 'NONE', *, *, #275, .T. ) ;
#2009 = CARTESIAN_POINT ( 'NONE',  ( 8.572500000000008669, 2.095500000000015017, 4.064000000000000057 ) ) ;
#2010 = ORIENTED_EDGE ( 'NONE', *, *, #1057, .T. ) ;
#2011 = STYLED_ITEM ( 'NONE', ( #3788 ), #5901 ) ;
#2012 = DIRECTION ( 'NONE',  ( -0.000000000000000000, -0.000000000000000000, -1.000000000000000000 ) ) ;
#2013 = LINE ( 'NONE', #1075, #310 ) ;
#2014 = EDGE_LOOP ( 'NONE', ( #2152, #4477, #1973, #1415 ) ) ;
#2015 = FACE_OUTER_BOUND ( 'NONE', #562, .T. ) ;
#2016 = DIRECTION ( 'NONE',  ( -0.8660254037844419273, -0.4999999999999943934, 0.000000000000000000 ) ) ;
#2017 = PRESENTATION_LAYER_ASSIGNMENT (  '', '', ( #253 ) ) ;
#2018 = UNCERTAINTY_MEASURE_WITH_UNIT (LENGTH_MEASURE( 1.000000000000000082E-05 ), #3326, 'distance_accuracy_value', 'NONE');
#2019 = VERTEX_POINT ( 'NONE', #5670 ) ;
#2020 = LINE ( 'NONE', #3464, #5898 ) ;
#2021 = EDGE_CURVE ( 'NONE', #5496, #5147, #3370, .T. ) ;
#2022 = LINE ( 'NONE', #5344, #5220 ) ;
#2023 = EDGE_CURVE ( 'NONE', #1206, #5067, #366, .T. ) ;
#2024 = FACE_OUTER_BOUND ( 'NONE', #1817, .T. ) ;
#2025 = DIRECTION ( 'NONE',  ( 0.4999999999999950595, 0.8660254037844414832, 0.000000000000000000 ) ) ;
#2026 = ORIENTED_EDGE ( 'NONE', *, *, #1654, .F. ) ;
#2027 = VERTEX_POINT ( 'NONE', #2583 ) ;
#2028 = CARTESIAN_POINT ( 'NONE',  ( 2.540000000000002256, 2.896088642316250628, 1.524000000000000021 ) ) ;
#2029 = ORIENTED_EDGE ( 'NONE', *, *, #1822, .F. ) ;
#2030 = DIRECTION ( 'NONE',  ( 0.000000000000000000, 0.000000000000000000, -1.000000000000000000 ) ) ;
#2031 = ORIENTED_EDGE ( 'NONE', *, *, #347, .T. ) ;
#2032 = DIRECTION ( 'NONE',  ( 0.000000000000000000, -1.000000000000000000, 0.000000000000000000 ) ) ;
#2033 = CARTESIAN_POINT ( 'NONE',  ( 7.620000000000003659, 2.896088642316250628, 4.064000000000000057 ) ) ;
#2034 = PLANE ( 'NONE',  #1023 ) ;
#2035 = EDGE_CURVE ( 'NONE', #2510, #2885, #2219, .T. ) ;
#2036 = EDGE_LOOP ( 'NONE', ( #3929, #818, #135, #881 ) ) ;
#2037 = DIRECTION ( 'NONE',  ( 0.000000000000000000, 0.000000000000000000, 1.000000000000000000 ) ) ;
#2038 = EDGE_CURVE ( 'NONE', #1857, #3802, #263, .T. ) ;
#2039 = DIRECTION ( 'NONE',  ( 0.000000000000000000, -0.000000000000000000, 1.000000000000000000 ) ) ;
#2040 = VERTEX_POINT ( 'NONE', #5424 ) ;
#2041 = CARTESIAN_POINT ( 'NONE',  ( 11.74750000000000938, 1.460500000000014786, 4.064000000000000057 ) ) ;
#2042 = VERTEX_POINT ( 'NONE', #5363 ) ;
#2043 = LINE ( 'NONE', #5272, #5087 ) ;
#2044 = ORIENTED_EDGE ( 'NONE', *, *, #313, .F. ) ;
#2045 = DIRECTION ( 'NONE',  ( -1.000000000000000000, 2.439149994343089694E-16, -0.000000000000000000 ) ) ;
#2046 = LINE ( 'NONE', #238, #6017 ) ;
#2047 = LINE ( 'NONE', #2077, #1879 ) ;
#2048 = LINE ( 'NONE', #1171, #423 ) ;
#2049 = ORIENTED_EDGE ( 'NONE', *, *, #259, .T. ) ;
#2050 = EDGE_CURVE ( 'NONE', #3545, #1206, #2635, .T. ) ;
#2051 = VERTEX_POINT ( 'NONE', #2105 ) ;
#2052 =( REPRESENTATION_RELATIONSHIP ('NONE','NONE', #3108, #5720 ) REPRESENTATION_RELATIONSHIP_WITH_TRANSFORMATION ( #1757 )SHAPE_REPRESENTATION_RELATIONSHIP( ) );
#2053 = CARTESIAN_POINT ( 'NONE',  ( -4.127499999999992397, 2.095500000000015017, 1.524000000000000021 ) ) ;
#2054 = DIRECTION ( 'NONE',  ( 0.4999999999999950595, 0.8660254037844414832, 0.000000000000000000 ) ) ;
#2055 = CARTESIAN_POINT ( 'NONE',  ( 7.239000000000004320, 3.556000000000001382, 1.524000000000000021 ) ) ;
#2056 = DIRECTION ( 'NONE',  ( -0.000000000000000000, 0.000000000000000000, 1.000000000000000000 ) ) ;
#2057 = ADVANCED_FACE ( 'NONE', ( #5829 ), #1253, .F. ) ;
#2058 = EDGE_CURVE ( 'NONE', #3405, #1770, #761, .T. ) ;
#2059 = EDGE_LOOP ( 'NONE', ( #5340, #2454, #4189, #1885 ) ) ;
#2060 = CARTESIAN_POINT ( 'NONE',  ( -6.349999999999990763, 1.322726650432315409E-14, 6.505213034913026604E-16 ) ) ;
#2061 = LINE ( 'NONE', #3363, #3435 ) ;
#2062 = CARTESIAN_POINT ( 'NONE',  ( 5.080000000000000071, 0.000000000000000000, 1.524000000000000021 ) ) ;
#2063 = CLOSED_SHELL ( 'NONE', ( #345, #5968, #1694, #3287, #5178, #4975, #3971, #2731, #2819, #3860, #4976, #4862, #4648, #408 ) ) ;
#2064 = ORIENTED_EDGE ( 'NONE', *, *, #2759, .T. ) ;
#2065 =( NAMED_UNIT ( * ) SI_UNIT ( $, .STERADIAN. ) SOLID_ANGLE_UNIT ( ) );
#2066 = AXIS2_PLACEMENT_3D ( 'NONE', #2201, #3580, #5900 ) ;
#2067 = CARTESIAN_POINT ( 'NONE',  ( 6.032500000000008633, 2.095500000000015017, 1.524000000000000021 ) ) ;
#2068 = VERTEX_POINT ( 'NONE', #232 ) ;
#2069 = DIRECTION ( 'NONE',  ( -1.000000000000000000, 0.000000000000000000, 0.000000000000000000 ) ) ;
#2070 = VERTEX_POINT ( 'NONE', #5481 ) ;
#2071 = DIRECTION ( 'NONE',  ( -0.000000000000000000, -1.000000000000000000, -0.000000000000000000 ) ) ;
#2072 = VERTEX_POINT ( 'NONE', #5393 ) ;
#2073 = VECTOR ( 'NONE', #276, 1000.000000000000000 ) ;
#2074 = LINE ( 'NONE', #2956, #4795 ) ;
#2075 = CARTESIAN_POINT ( 'NONE',  ( 5.080000000000002736, 2.896088642316250183, 4.064000000000000057 ) ) ;
#2076 = ADVANCED_FACE ( 'NONE', ( #4004 ), #3950, .F. ) ;
#2077 = CARTESIAN_POINT ( 'NONE',  ( -0.3175000000000000044, -2.031999999999989814, 0.000000000000000000 ) ) ;
#2078 = AXIS2_PLACEMENT_3D ( 'NONE', #2549, #3831, #1552 ) ;
#2079 = CARTESIAN_POINT ( 'NONE',  ( -3.492499999999992166, 2.095500000000015017, 4.064000000000000057 ) ) ;
#2080 = AXIS2_PLACEMENT_3D ( 'NONE', #4051, #2251, #5864 ) ;
#2081 = EDGE_CURVE ( 'NONE', #1485, #496, #5959, .T. ) ;
#2082 = ORIENTED_EDGE ( 'NONE', *, *, #604, .F. ) ;
#2083 = ORIENTED_EDGE ( 'NONE', *, *, #3156, .F. ) ;
#2084 = LINE ( 'NONE', #2053, #5102 ) ;
#2085 = VECTOR ( 'NONE', #546, 1000.000000000000000 ) ;
#2086 = VECTOR ( 'NONE', #3071, 1000.000000000000000 ) ;
#2087 = LINE ( 'NONE', #2028, #4807 ) ;
#2088 = DIRECTION ( 'NONE',  ( -0.000000000000000000, -0.000000000000000000, -1.000000000000000000 ) ) ;
#2089 = VECTOR ( 'NONE', #3143, 1000.000000000000000 ) ;
#2090 = DIRECTION ( 'NONE',  ( 0.000000000000000000, -0.000000000000000000, 1.000000000000000000 ) ) ;
#2091 = VECTOR ( 'NONE', #2676, 1000.000000000000000 ) ;
#2092 = ORIENTED_EDGE ( 'NONE', *, *, #2525, .F. ) ;
#2093 = CARTESIAN_POINT ( 'NONE',  ( 8.572500000000008669, 2.095500000000015017, 4.064000000000000057 ) ) ;
#2094 = VECTOR ( 'NONE', #2124, 1000.000000000000000 ) ;
#2095 = VECTOR ( 'NONE', #4387, 1000.000000000000000 ) ;
#2096 = ADVANCED_FACE ( 'NONE', ( #3127, #2131 ), #5890, .F. ) ;
#2097 = DIRECTION ( 'NONE',  ( 0.000000000000000000, 0.000000000000000000, 1.000000000000000000 ) ) ;
#2098 = LINE ( 'NONE', #1182, #434 ) ;
#2099 = VECTOR ( 'NONE', #1418, 1000.000000000000000 ) ;
#2100 = ORIENTED_EDGE ( 'NONE', *, *, #2153, .T. ) ;
#2101 = PLANE ( 'NONE',  #5713 ) ;
#2102 =( GEOMETRIC_REPRESENTATION_CONTEXT ( 3 ) GLOBAL_UNCERTAINTY_ASSIGNED_CONTEXT ( ( #5122 ) ) GLOBAL_UNIT_ASSIGNED_CONTEXT ( ( #550, #1438, #4137 ) ) REPRESENTATION_CONTEXT ( 'NONE', 'WORKASPACE' ) );
#2103 = CARTESIAN_POINT ( 'NONE',  ( 3.492500000000007709, 1.460500000000014786, 1.524000000000000021 ) ) ;
#2104 = VERTEX_POINT ( 'NONE', #4915 ) ;
#2105 = CARTESIAN_POINT ( 'NONE',  ( -5.079999999999997407, 0.6599113576837528639, 1.524000000000000021 ) ) ;
#2106 = EDGE_CURVE ( 'NONE', #3802, #298, #1310, .T. ) ;
#2107 = EDGE_CURVE ( 'NONE', #3884, #2307, #4881, .T. ) ;
#2108 = ORIENTED_EDGE ( 'NONE', *, *, #4032, .F. ) ;
#2109 = CARTESIAN_POINT ( 'NONE',  ( 0.2279258938000999768, 2.005925893800101445, 9.906000000000000583 ) ) ;
#2110 = ORIENTED_EDGE ( 'NONE', *, *, #4419, .F. ) ;
#2111 = CARTESIAN_POINT ( 'NONE',  ( 2.159000000000001140, 0.000000000000000000, 4.064000000000000057 ) ) ;
#2112 = DIRECTION ( 'NONE',  ( 1.000000000000000000, 0.000000000000000000, 0.000000000000000000 ) ) ;
#2113 = DIRECTION ( 'NONE',  ( -0.000000000000000000, 1.000000000000000000, -0.000000000000000000 ) ) ;
#2114 = EDGE_LOOP ( 'NONE', ( #5692, #5334, #6032, #1528 ) ) ;
#2115 = DIRECTION ( 'NONE',  ( -0.000000000000000000, -0.000000000000000000, -1.000000000000000000 ) ) ;
#2116 = ORIENTED_EDGE ( 'NONE', *, *, #1349, .T. ) ;
#2117 = ORIENTED_EDGE ( 'NONE', *, *, #2614, .F. ) ;
#2118 = CARTESIAN_POINT ( 'NONE',  ( 5.080000000000002736, 2.896088642316250628, 4.064000000000000057 ) ) ;
#2119 = FACE_OUTER_BOUND ( 'NONE', #1533, .T. ) ;
#2120 = ORIENTED_EDGE ( 'NONE', *, *, #4089, .F. ) ;
#2121 = LINE ( 'NONE', #749, #2965 ) ;
#2122 = VERTEX_POINT ( 'NONE', #5855 ) ;
#2123 = ORIENTED_EDGE ( 'NONE', *, *, #907, .T. ) ;
#2124 = DIRECTION ( 'NONE',  ( -0.000000000000000000, 1.000000000000000000, -0.000000000000000000 ) ) ;
#2125 = CARTESIAN_POINT ( 'NONE',  ( -0.3175000000000000044, 1.837630800822885978E-17, 0.3174999999999996714 ) ) ;
#2126 = EDGE_CURVE ( 'NONE', #4666, #5600, #1667, .T. ) ;
#2127 = EDGE_CURVE ( 'NONE', #1091, #5496, #288, .T. ) ;
#2128 = ORIENTED_EDGE ( 'NONE', *, *, #2058, .T. ) ;
#2129 = DIRECTION ( 'NONE',  ( -0.000000000000000000, 0.000000000000000000, 1.000000000000000000 ) ) ;
#2130 = CARTESIAN_POINT ( 'NONE',  ( 1.734723475976807094E-15, 2.896088642316250628, 1.524000000000000021 ) ) ;
#2131 = FACE_BOUND ( 'NONE', #5201, .T. ) ;
#2132 = VERTEX_POINT ( 'NONE', #3573 ) ;
#2133 = DIRECTION ( 'NONE',  ( -0.000000000000000000, 0.000000000000000000, 1.000000000000000000 ) ) ;
#2134 = VERTEX_POINT ( 'NONE', #4043 ) ;
#2135 = EDGE_CURVE ( 'NONE', #3555, #4148, #5015, .T. ) ;
#2136 = DIRECTION ( 'NONE',  ( -0.000000000000000000, -0.000000000000000000, -1.000000000000000000 ) ) ;
#2137 = DIRECTION ( 'NONE',  ( 1.000000000000000000, 0.000000000000000000, 0.000000000000000000 ) ) ;
#2138 = DIRECTION ( 'NONE',  ( -0.4999999999999945599, 0.8660254037844418162, 0.000000000000000000 ) ) ;
#2139 =( NAMED_UNIT ( * ) SI_UNIT ( $, .STERADIAN. ) SOLID_ANGLE_UNIT ( ) );
#2140 = ORIENTED_EDGE ( 'NONE', *, *, #2050, .F. ) ;
#2141 = ORIENTED_EDGE ( 'NONE', *, *, #5526, .T. ) ;
#2142 = LINE ( 'NONE', #2254, #1124 ) ;
#2143 = PLANE ( 'NONE',  #1606 ) ;
#2144 = CARTESIAN_POINT ( 'NONE',  ( 13.65250000000001052, 1.460500000000014786, 1.524000000000000021 ) ) ;
#2145 = LINE ( 'NONE', #3206, #3909 ) ;
#2146 = FACE_OUTER_BOUND ( 'NONE', #538, .T. ) ;
#2147 = ORIENTED_EDGE ( 'NONE', *, *, #2538, .T. ) ;
#2148 = VERTEX_POINT ( 'NONE', #3484 ) ;
#2149 = CARTESIAN_POINT ( 'NONE',  ( -6.032499999999992646, 1.460500000000014786, 4.064000000000000057 ) ) ;
#2150 = DIRECTION ( 'NONE',  ( 1.000000000000000000, 0.000000000000000000, 0.000000000000000000 ) ) ;
#2151 = FACE_OUTER_BOUND ( 'NONE', #5545, .T. ) ;
#2152 = ORIENTED_EDGE ( 'NONE', *, *, #5486, .T. ) ;
#2153 = EDGE_CURVE ( 'NONE', #2177, #1689, #827, .T. ) ;
#2154 = ORIENTED_EDGE ( 'NONE', *, *, #5747, .F. ) ;
#2155 = CARTESIAN_POINT ( 'NONE',  ( 0.3175000000000000044, -2.031999999999989814, -0.3175000000000003930 ) ) ;
#2156 = CARTESIAN_POINT ( 'NONE',  ( -0.3809999999999976739, 0.000000000000000000, 4.064000000000000057 ) ) ;
#2157 = DIRECTION ( 'NONE',  ( -0.000000000000000000, -1.000000000000000000, -0.000000000000000000 ) ) ;
#2158 = ORIENTED_EDGE ( 'NONE', *, *, #4639, .F. ) ;
#2159 = CARTESIAN_POINT ( 'NONE',  ( -15.23999999999999844, 2.896088642316250628, 1.524000000000000021 ) ) ;
#2160 = VERTEX_POINT ( 'NONE', #6022 ) ;
#2161 = LINE ( 'NONE', #1283, #2192 ) ;
#2162 = VECTOR ( 'NONE', #4328, 1000.000000000000000 ) ;
#2163 = LINE ( 'NONE', #4011, #4136 ) ;
#2164 = EDGE_CURVE ( 'NONE', #808, #5507, #2274, .T. ) ;
#2165 = CARTESIAN_POINT ( 'NONE',  ( 12.70000000000000462, 2.896088642316250628, 4.064000000000000057 ) ) ;
#2166 = LINE ( 'NONE', #4891, #3329 ) ;
#2167 = VECTOR ( 'NONE', #987, 1000.000000000000000 ) ;
#2168 = EDGE_CURVE ( 'NONE', #3448, #4737, #5519, .T. ) ;
#2169 = ORIENTED_EDGE ( 'NONE', *, *, #5051, .F. ) ;
#2170 = ORIENTED_EDGE ( 'NONE', *, *, #4901, .T. ) ;
#2171 = DIRECTION ( 'NONE',  ( -0.000000000000000000, 1.000000000000000000, -0.000000000000000000 ) ) ;
#2172 = LINE ( 'NONE', #3615, #1325 ) ;
#2173 = VECTOR ( 'NONE', #5854, 1000.000000000000000 ) ;
#2174 = LINE ( 'NONE', #3988, #4574 ) ;
#2175 = LINE ( 'NONE', #4958, #620 ) ;
#2176 = LINE ( 'NONE', #3964, #624 ) ;
#2177 = VERTEX_POINT ( 'NONE', #917 ) ;
#2178 = ORIENTED_EDGE ( 'NONE', *, *, #2894, .F. ) ;
#2179 = AXIS2_PLACEMENT_3D ( 'NONE', #687, #3089, #2534 ) ;
#2180 = PLANE ( 'NONE',  #5107 ) ;
#2181 = DIRECTION ( 'NONE',  ( 0.000000000000000000, 0.000000000000000000, 1.000000000000000000 ) ) ;
#2182 = VECTOR ( 'NONE', #3219, 1000.000000000000000 ) ;
#2183 = VECTOR ( 'NONE', #2735, 1000.000000000000000 ) ;
#2184 = PLANE ( 'NONE',  #1506 ) ;
#2185 = EDGE_CURVE ( 'NONE', #2818, #4660, #4095, .T. ) ;
#2186 = VERTEX_POINT ( 'NONE', #5637 ) ;
#2187 = VECTOR ( 'NONE', #5274, 1000.000000000000000 ) ;
#2188 = VECTOR ( 'NONE', #1178, 1000.000000000000000 ) ;
#2189 = EDGE_CURVE ( 'NONE', #5939, #853, #3301, .T. ) ;
#2190 = FILL_AREA_STYLE ('',( #3069 ) ) ;
#2191 = FACE_OUTER_BOUND ( 'NONE', #4272, .T. ) ;
#2192 = VECTOR ( 'NONE', #3577, 1000.000000000000000 ) ;
#2193 = DIRECTION ( 'NONE',  ( -0.000000000000000000, -0.000000000000000000, -1.000000000000000000 ) ) ;
#2194 = ORIENTED_EDGE ( 'NONE', *, *, #4908, .T. ) ;
#2195 = CARTESIAN_POINT ( 'NONE',  ( -15.23999999999999844, 0.6599113576837527528, 4.064000000000000057 ) ) ;
#2196 = ORIENTED_EDGE ( 'NONE', *, *, #3859, .T. ) ;
#2197 = LINE ( 'NONE', #4401, #3160 ) ;
#2198 = VECTOR ( 'NONE', #1683, 1000.000000000000000 ) ;
#2199 = FACE_OUTER_BOUND ( 'NONE', #503, .T. ) ;
#2200 = ADVANCED_FACE ( 'NONE', ( #1456, #4609 ), #1431, .F. ) ;
#2201 = CARTESIAN_POINT ( 'NONE',  ( -10.15999999999999837, 0.6599113576837527528, 4.064000000000000057 ) ) ;
#2202 = VECTOR ( 'NONE', #1319, 1000.000000000000000 ) ;
#2203 = UNCERTAINTY_MEASURE_WITH_UNIT (LENGTH_MEASURE( 1.000000000000000082E-05 ), #2227, 'distance_accuracy_value', 'NONE');
#2204 = ORIENTED_EDGE ( 'NONE', *, *, #4446, .T. ) ;
#2205 = ORIENTED_EDGE ( 'NONE', *, *, #6037, .T. ) ;
#2206 = EDGE_CURVE ( 'NONE', #5770, #2302, #2244, .T. ) ;
#2207 = CARTESIAN_POINT ( 'NONE',  ( -0.3809999999999958975, 3.556000000000001382, 4.064000000000000057 ) ) ;
#2208 = DIRECTION ( 'NONE',  ( -0.8660254037844419273, -0.4999999999999943934, 0.000000000000000000 ) ) ;
#2209 = CARTESIAN_POINT ( 'NONE',  ( 12.70000000000000462, 2.896088642316250183, 4.064000000000000057 ) ) ;
#2210 = FACE_OUTER_BOUND ( 'NONE', #1704, .T. ) ;
#2211 = DIRECTION ( 'NONE',  ( 1.000000000000000000, 0.000000000000000000, 0.000000000000000000 ) ) ;
#2212 = ORIENTED_EDGE ( 'NONE', *, *, #869, .T. ) ;
#2213 = EDGE_LOOP ( 'NONE', ( #3718, #2586, #4207, #5757 ) ) ;
#2214 = DIRECTION ( 'NONE',  ( 0.000000000000000000, 0.000000000000000000, 1.000000000000000000 ) ) ;
#2215 = CARTESIAN_POINT ( 'NONE',  ( 7.239000000000004320, 3.556000000000001382, 4.064000000000000057 ) ) ;
#2216 = ORIENTED_EDGE ( 'NONE', *, *, #2126, .F. ) ;
#2217 = DIRECTION ( 'NONE',  ( 1.000000000000000000, 0.000000000000000000, 0.000000000000000000 ) ) ;
#2218 = DIRECTION ( 'NONE',  ( 0.000000000000000000, -1.000000000000000000, 0.000000000000000000 ) ) ;
#2219 = LINE ( 'NONE', #1220, #4214 ) ;
#2220 = ORIENTED_EDGE ( 'NONE', *, *, #1144, .T. ) ;
#2221 = CARTESIAN_POINT ( 'NONE',  ( 6.032500000000008633, 1.460500000000014786, 4.064000000000000057 ) ) ;
#2222 = ORIENTED_EDGE ( 'NONE', *, *, #5233, .T. ) ;
#2223 = CARTESIAN_POINT ( 'NONE',  ( 1.587500000000007239, 1.460500000000014786, 4.064000000000000057 ) ) ;
#2224 = EDGE_CURVE ( 'NONE', #1559, #3533, #3249, .T. ) ;
#2225 = CARTESIAN_POINT ( 'NONE',  ( -13.08099999999999774, 3.556000000000001382, 1.524000000000000021 ) ) ;
#2226 = CARTESIAN_POINT ( 'NONE',  ( 13.08100000000000485, 3.556000000000001826, 4.064000000000000057 ) ) ;
#2227 =( LENGTH_UNIT ( ) NAMED_UNIT ( * ) SI_UNIT ( .MILLI., .METRE. ) );
#2228 = ORIENTED_EDGE ( 'NONE', *, *, #5710, .F. ) ;
#2229 = LINE ( 'NONE', #4992, #3340 ) ;
#2230 = DIRECTION ( 'NONE',  ( -0.000000000000000000, -0.000000000000000000, -1.000000000000000000 ) ) ;
#2231 = LINE ( 'NONE', #3588, #3412 ) ;
#2232 = LINE ( 'NONE', #1751, #4297 ) ;
#2233 = LINE ( 'NONE', #1843, #2555 ) ;
#2234 = ORIENTED_EDGE ( 'NONE', *, *, #4566, .T. ) ;
#2235 = ORIENTED_EDGE ( 'NONE', *, *, #1651, .F. ) ;
#2236 = LINE ( 'NONE', #5473, #1035 ) ;
#2237 = ITEM_DEFINED_TRANSFORMATION ( 'NONE', 'NONE', #854,  #247 ) ;
#2238 = ADVANCED_FACE ( 'NONE', ( #455 ), #5606, .F. ) ;
#2239 = EDGE_CURVE ( 'NONE', #853, #733, #1343, .T. ) ;
#2240 = CARTESIAN_POINT ( 'NONE',  ( 14.85900000000000531, 3.556000000000001382, 4.064000000000000057 ) ) ;
#2241 = ORIENTED_EDGE ( 'NONE', *, *, #186, .T. ) ;
#2242 = LINE ( 'NONE', #1916, #5615 ) ;
#2243 = CARTESIAN_POINT ( 'NONE',  ( -15.23999999999999844, 2.896088642316250628, 4.064000000000000057 ) ) ;
#2244 = LINE ( 'NONE', #4548, #1795 ) ;
#2245 = EDGE_LOOP ( 'NONE', ( #3870, #3299, #2044, #2983 ) ) ;
#2246 = DIRECTION ( 'NONE',  ( -0.000000000000000000, -0.000000000000000000, -1.000000000000000000 ) ) ;
#2247 = VERTEX_POINT ( 'NONE', #3279 ) ;
#2248 = LINE ( 'NONE', #1833, #4604 ) ;
#2249 = DIRECTION ( 'NONE',  ( 1.000000000000000000, 0.000000000000000000, 0.000000000000000000 ) ) ;
#2250 = CARTESIAN_POINT ( 'NONE',  ( 7.239000000000002544, 0.000000000000000000, 4.064000000000000057 ) ) ;
#2251 = DIRECTION ( 'NONE',  ( -1.000000000000000000, 0.000000000000000000, 0.000000000000000000 ) ) ;
#2252 = VERTEX_POINT ( 'NONE', #3637 ) ;
#2253 = AXIS2_PLACEMENT_3D ( 'NONE', #1998, #3358, #3023 ) ;
#2254 = CARTESIAN_POINT ( 'NONE',  ( -13.08099999999999952, 0.000000000000000000, 4.064000000000000057 ) ) ;
#2255 = CARTESIAN_POINT ( 'NONE',  ( -12.69999999999999751, 2.896088642316250628, 1.524000000000000021 ) ) ;
#2256 = CARTESIAN_POINT ( 'NONE',  ( 11.11250000000000959, 1.460500000000014786, 4.064000000000000057 ) ) ;
#2257 = DIRECTION ( 'NONE',  ( 1.000000000000000000, 0.000000000000000000, 0.000000000000000000 ) ) ;
#2258 = AXIS2_PLACEMENT_3D ( 'NONE', #4768, #5252, #205 ) ;
#2259 = DIRECTION ( 'NONE',  ( -0.000000000000000000, 1.000000000000000000, -0.000000000000000000 ) ) ;
#2260 = VERTEX_POINT ( 'NONE', #4216 ) ;
#2261 = VERTEX_POINT ( 'NONE', #5042 ) ;
#2262 = DIRECTION ( 'NONE',  ( -0.000000000000000000, -1.000000000000000000, -0.000000000000000000 ) ) ;
#2263 = ADVANCED_FACE ( 'NONE', ( #883 ), #4573, .F. ) ;
#2264 = VECTOR ( 'NONE', #4113, 1000.000000000000000 ) ;
#2265 = DIRECTION ( 'NONE',  ( -1.000000000000000000, -0.000000000000000000, -0.000000000000000000 ) ) ;
#2266 = VECTOR ( 'NONE', #4591, 1000.000000000000000 ) ;
#2267 = CARTESIAN_POINT ( 'NONE',  ( 4.127500000000007496, 2.095500000000015017, 4.064000000000000057 ) ) ;
#2268 = AXIS2_PLACEMENT_3D ( 'NONE', #6036, #3703, #2814 ) ;
#2269 = ORIENTED_EDGE ( 'NONE', *, *, #5782, .T. ) ;
#2270 = ADVANCED_FACE ( 'NONE', ( #2824 ), #1368, .F. ) ;
#2271 = AXIS2_PLACEMENT_3D ( 'NONE', #730, #390, #5570 ) ;
#2272 = CARTESIAN_POINT ( 'NONE',  ( 14.28750000000001030, 2.095500000000015017, 4.064000000000000057 ) ) ;
#2273 = DIRECTION ( 'NONE',  ( 0.4999999999999943934, 0.8660254037844419273, 0.000000000000000000 ) ) ;
#2274 = LINE ( 'NONE', #5071, #2183 ) ;
#2275 = ORIENTED_EDGE ( 'NONE', *, *, #3584, .F. ) ;
#2276 = LINE ( 'NONE', #1433, #2652 ) ;
#2277 = AXIS2_PLACEMENT_3D ( 'NONE', #5584, #6003, #3648 ) ;
#2278 = VECTOR ( 'NONE', #1662, 1000.000000000000000 ) ;
#2279 = ORIENTED_EDGE ( 'NONE', *, *, #4246, .F. ) ;
#2280 = LINE ( 'NONE', #2739, #1219 ) ;
#2281 = SURFACE_STYLE_USAGE ( .BOTH. , #425 ) ;
#2282 = VECTOR ( 'NONE', #47, 1000.000000000000000 ) ;
#2283 = DIRECTION ( 'NONE',  ( 1.000000000000000000, 0.000000000000000000, 0.000000000000000000 ) ) ;
#2284 = DIRECTION ( 'NONE',  ( 0.000000000000000000, 1.000000000000000000, 0.000000000000000000 ) ) ;
#2285 = EDGE_LOOP ( 'NONE', ( #570, #5543, #442, #1059 ) ) ;
#2286 = VECTOR ( 'NONE', #3289, 1000.000000000000000 ) ;
#2287 = FACE_OUTER_BOUND ( 'NONE', #4953, .T. ) ;
#2288 = DIRECTION ( 'NONE',  ( -0.000000000000000000, -0.000000000000000000, -1.000000000000000000 ) ) ;
#2289 = EDGE_CURVE ( 'NONE', #2177, #2068, #4158, .T. ) ;
#2290 = DIRECTION ( 'NONE',  ( 0.8660254037844418162, 0.4999999999999945599, -0.000000000000000000 ) ) ;
#2291 = AXIS2_PLACEMENT_3D ( 'NONE', #2682, #3981, #3107 ) ;
#2292 = DIRECTION ( 'NONE',  ( 0.000000000000000000, 0.000000000000000000, -1.000000000000000000 ) ) ;
#2293 = CARTESIAN_POINT ( 'NONE',  ( 2.159000000000002917, 3.556000000000001382, 4.064000000000000057 ) ) ;
#2294 = EDGE_CURVE ( 'NONE', #547, #3841, #4665, .T. ) ;
#2295 = ORIENTED_EDGE ( 'NONE', *, *, #2778, .F. ) ;
#2296 = ORIENTED_EDGE ( 'NONE', *, *, #25, .T. ) ;
#2297 = AXIS2_PLACEMENT_3D ( 'NONE', #3541, #5421, #1251 ) ;
#2298 = DIRECTION ( 'NONE',  ( -1.000000000000000000, 0.000000000000000000, 0.000000000000000000 ) ) ;
#2299 = ORIENTED_EDGE ( 'NONE', *, *, #3485, .T. ) ;
#2300 = CARTESIAN_POINT ( 'NONE',  ( -9.207499999999994245, 1.460500000000014786, 4.064000000000000057 ) ) ;
#2301 = VERTEX_POINT ( 'NONE', #5 ) ;
#2302 = VERTEX_POINT ( 'NONE', #1884 ) ;
#2303 = CARTESIAN_POINT ( 'NONE',  ( -12.69999999999999751, 0.6599113576837528639, 4.064000000000000057 ) ) ;
#2304 = LINE ( 'NONE', #4157, #3421 ) ;
#2305 = DIRECTION ( 'NONE',  ( 0.8660254037844418162, 0.4999999999999945599, -0.000000000000000000 ) ) ;
#2306 = EDGE_CURVE ( 'NONE', #1572, #4773, #43, .T. ) ;
#2307 = VERTEX_POINT ( 'NONE', #508 ) ;
#2308 = LINE ( 'NONE', #5639, #1691 ) ;
#2309 = ORIENTED_EDGE ( 'NONE', *, *, #3976, .T. ) ;
#2310 = LINE ( 'NONE', #923, #2282 ) ;
#2311 = CARTESIAN_POINT ( 'NONE',  ( -4.698999999999998067, 3.556000000000001826, 1.524000000000000021 ) ) ;
#2312 = EDGE_CURVE ( 'NONE', #733, #2392, #2361, .T. ) ;
#2313 = ORIENTED_EDGE ( 'NONE', *, *, #2507, .F. ) ;
#2314 = PLANE ( 'NONE',  #1892 ) ;
#2315 = DIRECTION ( 'NONE',  ( 1.000000000000000000, 0.000000000000000000, 0.000000000000000000 ) ) ;
#2316 = DIRECTION ( 'NONE',  ( -0.000000000000000000, 1.000000000000000000, 0.000000000000000000 ) ) ;
#2317 = DIRECTION ( 'NONE',  ( 0.000000000000000000, -1.000000000000000000, 0.000000000000000000 ) ) ;
#2318 = EDGE_CURVE ( 'NONE', #778, #2104, #2061, .T. ) ;
#2319 = ORIENTED_EDGE ( 'NONE', *, *, #5580, .F. ) ;
#2320 = ORIENTED_EDGE ( 'NONE', *, *, #6037, .F. ) ;
#2321 = DIRECTION ( 'NONE',  ( -0.000000000000000000, -0.000000000000000000, -1.000000000000000000 ) ) ;
#2322 = LINE ( 'NONE', #5563, #4414 ) ;
#2323 = ORIENTED_EDGE ( 'NONE', *, *, #4323, .F. ) ;
#2324 = DIRECTION ( 'NONE',  ( -0.4999999999999943934, -0.8660254037844419273, -0.000000000000000000 ) ) ;
#2325 = ADVANCED_FACE ( 'NONE', ( #4271 ), #3908, .T. ) ;
#2326 = ORIENTED_EDGE ( 'NONE', *, *, #4323, .T. ) ;
#2327 = ORIENTED_EDGE ( 'NONE', *, *, #5376, .T. ) ;
#2328 = CARTESIAN_POINT ( 'NONE',  ( 0.3175000000000000044, 1.550074106199902157, 9.906000000000000583 ) ) ;
#2329 = LINE ( 'NONE', #389, #5780 ) ;
#2330 = EDGE_CURVE ( 'NONE', #3103, #3874, #5751, .T. ) ;
#2331 = CARTESIAN_POINT ( 'NONE',  ( 12.70000000000000462, 2.896088642316250628, 1.524000000000000021 ) ) ;
#2332 = EDGE_LOOP ( 'NONE', ( #1727, #2508, #3770, #4085, #2128, #4697, #2626, #2670 ) ) ;
#2333 = CARTESIAN_POINT ( 'NONE',  ( -7.619999999999997442, 2.896088642316250183, 4.064000000000000057 ) ) ;
#2334 = VERTEX_POINT ( 'NONE', #4336 ) ;
#2335 = PLANE ( 'NONE',  #3256 ) ;
#2336 =( NAMED_UNIT ( * ) SI_UNIT ( $, .STERADIAN. ) SOLID_ANGLE_UNIT ( ) );
#2337 = DIRECTION ( 'NONE',  ( -0.000000000000000000, 1.000000000000000000, -0.000000000000000000 ) ) ;
#2338 = SURFACE_STYLE_USAGE ( .BOTH. , #3082 ) ;
#2339 = ORIENTED_EDGE ( 'NONE', *, *, #5517, .F. ) ;
#2340 = FACE_OUTER_BOUND ( 'NONE', #1086, .T. ) ;
#2341 = EDGE_CURVE ( 'NONE', #2068, #2818, #1895, .T. ) ;
#2342 = LINE ( 'NONE', #4194, #850 ) ;
#2343 = CARTESIAN_POINT ( 'NONE',  ( -7.238999999999998991, 3.556000000000001826, 4.064000000000000057 ) ) ;
#2344 = LINE ( 'NONE', #561, #2661 ) ;
#2345 = AXIS2_PLACEMENT_3D ( 'NONE', #58, #935, #22 ) ;
#2346 = VERTEX_POINT ( 'NONE', #1094 ) ;
#2347 = ORIENTED_EDGE ( 'NONE', *, *, #3401, .T. ) ;
#2348 = CARTESIAN_POINT ( 'NONE',  ( -10.15999999999999659, 0.6599113576837528639, 4.064000000000000057 ) ) ;
#2349 = VECTOR ( 'NONE', #5336, 1000.000000000000000 ) ;
#2350 = ORIENTED_EDGE ( 'NONE', *, *, #929, .F. ) ;
#2351 = ADVANCED_FACE ( 'NONE', ( #191 ), #5785, .T. ) ;
#2352 = DIRECTION ( 'NONE',  ( -0.000000000000000000, -0.000000000000000000, -1.000000000000000000 ) ) ;
#2353 = VERTEX_POINT ( 'NONE', #5661 ) ;
#2354 = AXIS2_PLACEMENT_3D ( 'NONE', #2250, #4104, #486 ) ;
#2355 = EDGE_LOOP ( 'NONE', ( #5698, #3112, #5422, #3858 ) ) ;
#2356 = DIRECTION ( 'NONE',  ( 1.000000000000000000, 0.000000000000000000, 0.000000000000000000 ) ) ;
#2357 = AXIS2_PLACEMENT_3D ( 'NONE', #4854, #234, #3864 ) ;
#2358 = AXIS2_PLACEMENT_3D ( 'NONE', #2243, #1342, #2273 ) ;
#2359 = DIRECTION ( 'NONE',  ( -0.4999999999999951150, -0.8660254037844414832, 0.000000000000000000 ) ) ;
#2360 = EDGE_CURVE ( 'NONE', #3267, #1793, #5264, .T. ) ;
#2361 = LINE ( 'NONE', #164, #927 ) ;
#2362 = ORIENTED_EDGE ( 'NONE', *, *, #3061, .T. ) ;
#2363 = CARTESIAN_POINT ( 'NONE',  ( -4.698999999999998067, 1.819702678853052132E-15, 4.064000000000000057 ) ) ;
#2364 = EDGE_CURVE ( 'NONE', #3884, #4619, #4361, .T. ) ;
#2365 = VERTEX_POINT ( 'NONE', #573 ) ;
#2366 = VECTOR ( 'NONE', #4236, 1000.000000000000000 ) ;
#2367 = CARTESIAN_POINT ( 'NONE',  ( -7.619999999999997442, 2.896088642316250183, 4.064000000000000057 ) ) ;
#2368 = EDGE_CURVE ( 'NONE', #5846, #2134, #2395, .T. ) ;
#2369 = DIRECTION ( 'NONE',  ( 0.000000000000000000, 4.645999989224937270E-17, 1.000000000000000000 ) ) ;
#2370 = VECTOR ( 'NONE', #1560, 1000.000000000000000 ) ;
#2371 = CARTESIAN_POINT ( 'NONE',  ( -2.539999999999996927, 0.6599113576837527528, 4.064000000000000057 ) ) ;
#2372 = VECTOR ( 'NONE', #2833, 1000.000000000000000 ) ;
#2373 = ORIENTED_EDGE ( 'NONE', *, *, #4662, .F. ) ;
#2374 = DIRECTION ( 'NONE',  ( 0.4999999999999943934, 0.8660254037844419273, 0.000000000000000000 ) ) ;
#2375 = VECTOR ( 'NONE', #1053, 1000.000000000000000 ) ;
#2376 = VECTOR ( 'NONE', #93, 1000.000000000000000 ) ;
#2377 = CARTESIAN_POINT ( 'NONE',  ( -7.619999999999998330, 0.6599113576837527528, 4.064000000000000057 ) ) ;
#2378 = DIRECTION ( 'NONE',  ( -0.000000000000000000, -0.000000000000000000, -1.000000000000000000 ) ) ;
#2379 = CARTESIAN_POINT ( 'NONE',  ( 5.461000000000002075, 1.819702678853052132E-15, 4.064000000000000057 ) ) ;
#2380 = VECTOR ( 'NONE', #1377, 1000.000000000000000 ) ;
#2381 = ADVANCED_FACE ( 'NONE', ( #600 ), #4696, .F. ) ;
#2382 = ORIENTED_EDGE ( 'NONE', *, *, #3586, .T. ) ;
#2383 = ADVANCED_FACE ( 'NONE', ( #1971 ), #4786, .F. ) ;
#2384 = ORIENTED_EDGE ( 'NONE', *, *, #3079, .T. ) ;
#2385 = FACE_OUTER_BOUND ( 'NONE', #3776, .T. ) ;
#2386 = AXIS2_PLACEMENT_3D ( 'NONE', #3694, #1373, #5078 ) ;
#2387 = ORIENTED_EDGE ( 'NONE', *, *, #2706, .T. ) ;
#2388 = FACE_OUTER_BOUND ( 'NONE', #208, .T. ) ;
#2389 = EDGE_CURVE ( 'NONE', #4484, #4294, #72, .T. ) ;
#2390 = ORIENTED_EDGE ( 'NONE', *, *, #5263, .F. ) ;
#2391 = VECTOR ( 'NONE', #951, 1000.000000000000000 ) ;
#2392 = VERTEX_POINT ( 'NONE', #4753 ) ;
#2393 = AXIS2_PLACEMENT_3D ( 'NONE', #855, #4392, #2217 ) ;
#2394 = LINE ( 'NONE', #2444, #4680 ) ;
#2395 = LINE ( 'NONE', #1543, #1321 ) ;
#2396 = EDGE_CURVE ( 'NONE', #360, #4631, #2482, .T. ) ;
#2397 = ORIENTED_EDGE ( 'NONE', *, *, #1421, .F. ) ;
#2398 = CARTESIAN_POINT ( 'NONE',  ( 2.540000000000002256, 0.6599113576837527528, 1.524000000000000021 ) ) ;
#2399 = ORIENTED_EDGE ( 'NONE', *, *, #868, .F. ) ;
#2400 = EDGE_CURVE ( 'NONE', #5939, #2795, #4156, .T. ) ;
#2401 = CARTESIAN_POINT ( 'NONE',  ( -5.079999999999997407, 2.896088642316250183, 1.524000000000000021 ) ) ;
#2402 = DIRECTION ( 'NONE',  ( 1.000000000000000000, 0.000000000000000000, 0.000000000000000000 ) ) ;
#2403 = LINE ( 'NONE', #891, #631 ) ;
#2404 = DIRECTION ( 'NONE',  ( -1.000000000000000000, 0.000000000000000000, 0.000000000000000000 ) ) ;
#2405 = VERTEX_POINT ( 'NONE', #1518 ) ;
#2406 = EDGE_CURVE ( 'NONE', #3424, #2186, #5238, .T. ) ;
#2407 = DIRECTION ( 'NONE',  ( 1.000000000000000000, 0.000000000000000000, 0.000000000000000000 ) ) ;
#2408 = CARTESIAN_POINT ( 'NONE',  ( 7.239000000000004320, 3.556000000000001382, 4.064000000000000057 ) ) ;
#2409 = CARTESIAN_POINT ( 'NONE',  ( -7.619999999999997442, 2.896088642316250183, 1.524000000000000021 ) ) ;
#2410 = FACE_OUTER_BOUND ( 'NONE', #2355, .T. ) ;
#2411 = ORIENTED_EDGE ( 'NONE', *, *, #2484, .T. ) ;
#2412 = VERTEX_POINT ( 'NONE', #2445 ) ;
#2413 = DIRECTION ( 'NONE',  ( -1.000000000000000000, 0.000000000000000000, 0.000000000000000000 ) ) ;
#2414 = EDGE_LOOP ( 'NONE', ( #5106, #1280, #2570, #3685 ) ) ;
#2415 = DIRECTION ( 'NONE',  ( 0.000000000000000000, 0.000000000000000000, -1.000000000000000000 ) ) ;
#2416 = ORIENTED_EDGE ( 'NONE', *, *, #426, .T. ) ;
#2417 = ADVANCED_FACE ( 'NONE', ( #4301 ), #2511, .F. ) ;
#2418 =( NAMED_UNIT ( * ) PLANE_ANGLE_UNIT ( ) SI_UNIT ( $, .RADIAN. ) );
#2419 = EDGE_CURVE ( 'NONE', #4990, #5419, #5299, .T. ) ;
#2420 = DIRECTION ( 'NONE',  ( 1.000000000000000000, -1.023454825001716575E-15, 0.000000000000000000 ) ) ;
#2421 = DIRECTION ( 'NONE',  ( 0.000000000000000000, 0.000000000000000000, 1.000000000000000000 ) ) ;
#2422 = ORIENTED_EDGE ( 'NONE', *, *, #5576, .T. ) ;
#2423 = DIRECTION ( 'NONE',  ( -0.000000000000000000, -0.000000000000000000, -1.000000000000000000 ) ) ;
#2424 = VERTEX_POINT ( 'NONE', #1273 ) ;
#2425 = FACE_OUTER_BOUND ( 'NONE', #4932, .T. ) ;
#2426 = LINE ( 'NONE', #2981, #3646 ) ;
#2427 = FACE_OUTER_BOUND ( 'NONE', #3522, .T. ) ;
#2428 = DIRECTION ( 'NONE',  ( 0.8660254037844419273, -0.4999999999999943934, 0.000000000000000000 ) ) ;
#2429 = PLANE ( 'NONE',  #2952 ) ;
#2430 = ORIENTED_EDGE ( 'NONE', *, *, #3426, .F. ) ;
#2431 = CARTESIAN_POINT ( 'NONE',  ( 2.921000000000001595, 3.556000000000001826, 4.064000000000000057 ) ) ;
#2432 = LINE ( 'NONE', #5804, #1814 ) ;
#2433 = CARTESIAN_POINT ( 'NONE',  ( -10.54099999999999682, 3.556000000000001382, 4.064000000000000057 ) ) ;
#2434 = PLANE ( 'NONE',  #2458 ) ;
#2435 = EDGE_CURVE ( 'NONE', #5033, #622, #4037, .T. ) ;
#2436 = VERTEX_POINT ( 'NONE', #4846 ) ;
#2437 = ORIENTED_EDGE ( 'NONE', *, *, #1033, .T. ) ;
#2438 = PLANE ( 'NONE',  #446 ) ;
#2439 = CARTESIAN_POINT ( 'NONE',  ( 6.032500000000008633, 2.095500000000015017, 4.064000000000000057 ) ) ;
#2440 = CARTESIAN_POINT ( 'NONE',  ( 0.9525000000000071188, 2.095500000000015017, 4.064000000000000057 ) ) ;
#2441 = VERTEX_POINT ( 'NONE', #691 ) ;
#2442 = VECTOR ( 'NONE', #5408, 1000.000000000000000 ) ;
#2443 = EDGE_CURVE ( 'NONE', #5413, #4969, #1699, .T. ) ;
#2444 = CARTESIAN_POINT ( 'NONE',  ( -14.28749999999999254, 1.460500000000014786, 4.064000000000000057 ) ) ;
#2445 = CARTESIAN_POINT ( 'NONE',  ( -1.587499999999991696, 1.460500000000014786, 4.064000000000000057 ) ) ;
#2446 = VECTOR ( 'NONE', #5613, 1000.000000000000000 ) ;
#2447 = VERTEX_POINT ( 'NONE', #5954 ) ;
#2448 = CARTESIAN_POINT ( 'NONE',  ( 14.85900000000000531, 3.556000000000001382, 1.524000000000000021 ) ) ;
#2449 = EDGE_CURVE ( 'NONE', #1961, #3325, #2098, .T. ) ;
#2450 = ORIENTED_EDGE ( 'NONE', *, *, #2477, .F. ) ;
#2451 = VECTOR ( 'NONE', #2218, 1000.000000000000000 ) ;
#2452 = DIRECTION ( 'NONE',  ( -0.000000000000000000, 0.000000000000000000, -1.000000000000000000 ) ) ;
#2453 = CARTESIAN_POINT ( 'NONE',  ( -14.85899999999999821, 3.556000000000001826, 4.064000000000000057 ) ) ;
#2454 = ORIENTED_EDGE ( 'NONE', *, *, #1726, .F. ) ;
#2455 = FACE_OUTER_BOUND ( 'NONE', #405, .T. ) ;
#2456 = CARTESIAN_POINT ( 'NONE',  ( 0.9525000000000071188, 1.460500000000014786, 4.064000000000000057 ) ) ;
#2457 = VECTOR ( 'NONE', #919, 1000.000000000000000 ) ;
#2458 = AXIS2_PLACEMENT_3D ( 'NONE', #151, #3869, #2527 ) ;
#2459 = VERTEX_POINT ( 'NONE', #2215 ) ;
#2460 = CARTESIAN_POINT ( 'NONE',  ( -11.74749999999999162, 1.460500000000014786, 4.064000000000000057 ) ) ;
#2461 = CARTESIAN_POINT ( 'NONE',  ( 7.620000000000003659, 2.896088642316250183, 4.064000000000000057 ) ) ;
#2462 = ADVANCED_FACE ( 'NONE', ( #2151 ), #5851, .T. ) ;
#2463 = AXIS2_PLACEMENT_3D ( 'NONE', #418, #3664, #5542 ) ;
#2464 = FACE_OUTER_BOUND ( 'NONE', #5726, .T. ) ;
#2465 = CARTESIAN_POINT ( 'NONE',  ( -2.920999999999998042, 0.000000000000000000, 4.064000000000000057 ) ) ;
#2466 = VERTEX_POINT ( 'NONE', #4444 ) ;
#2467 = ORIENTED_EDGE ( 'NONE', *, *, #1964, .T. ) ;
#2468 =( REPRESENTATION_RELATIONSHIP ('NONE','NONE', #3108, #5978 ) REPRESENTATION_RELATIONSHIP_WITH_TRANSFORMATION ( #5156 )SHAPE_REPRESENTATION_RELATIONSHIP( ) );
#2469 = VECTOR ( 'NONE', #4229, 1000.000000000000000 ) ;
#2470 = VECTOR ( 'NONE', #2977, 1000.000000000000000 ) ;
#2471 = LINE ( 'NONE', #5811, #2864 ) ;
#2472 = CARTESIAN_POINT ( 'NONE',  ( 4.127500000000007496, 1.460500000000014786, 4.064000000000000057 ) ) ;
#2473 = DIRECTION ( 'NONE',  ( -0.000000000000000000, -0.000000000000000000, -1.000000000000000000 ) ) ;
#2474 = VECTOR ( 'NONE', #1347, 1000.000000000000000 ) ;
#2475 = FACE_OUTER_BOUND ( 'NONE', #4435, .T. ) ;
#2476 = ORIENTED_EDGE ( 'NONE', *, *, #969, .T. ) ;
#2477 = EDGE_CURVE ( 'NONE', #5904, #817, #782, .T. ) ;
#2478 = VECTOR ( 'NONE', #1997, 1000.000000000000000 ) ;
#2479 = CARTESIAN_POINT ( 'NONE',  ( -8.889999999999991687, 1.322726650432315409E-14, 6.505213034913026604E-16 ) ) ;
#2480 = CARTESIAN_POINT ( 'NONE',  ( 12.31900000000000617, 3.556000000000001382, 1.524000000000000021 ) ) ;
#2481 = VECTOR ( 'NONE', #3924, 1000.000000000000000 ) ;
#2482 = LINE ( 'NONE', #666, #725 ) ;
#2483 = DIRECTION ( 'NONE',  ( 1.000000000000000000, 0.000000000000000000, 0.000000000000000000 ) ) ;
#2484 = EDGE_CURVE ( 'NONE', #984, #3183, #815, .T. ) ;
#2485 = ORIENTED_EDGE ( 'NONE', *, *, #2224, .F. ) ;
#2486 = VECTOR ( 'NONE', #914, 1000.000000000000000 ) ;
#2487 = LINE ( 'NONE', #4849, #1522 ) ;
#2488 = EDGE_CURVE ( 'NONE', #3250, #1416, #4421, .T. ) ;
#2489 = CARTESIAN_POINT ( 'NONE',  ( -13.08099999999999952, 0.000000000000000000, 4.064000000000000057 ) ) ;
#2490 = ORIENTED_EDGE ( 'NONE', *, *, #445, .F. ) ;
#2491 = EDGE_CURVE ( 'NONE', #3679, #4666, #2630, .T. ) ;
#2492 = PLANE ( 'NONE',  #721 ) ;
#2493 = ORIENTED_EDGE ( 'NONE', *, *, #100, .F. ) ;
#2494 = CARTESIAN_POINT ( 'NONE',  ( -2.920999999999996710, 3.556000000000001382, 4.064000000000000057 ) ) ;
#2495 = UNCERTAINTY_MEASURE_WITH_UNIT (LENGTH_MEASURE( 1.000000000000000082E-05 ), #5644, 'distance_accuracy_value', 'NONE');
#2496 = ORIENTED_EDGE ( 'NONE', *, *, #2955, .F. ) ;
#2497 = DIRECTION ( 'NONE',  ( -0.8660254037844419273, -0.4999999999999943934, 0.000000000000000000 ) ) ;
#2498 = CARTESIAN_POINT ( 'NONE',  ( -6.667499999999993321, 1.460500000000014786, 4.064000000000000057 ) ) ;
#2499 = EDGE_CURVE ( 'NONE', #2847, #2260, #4473, .T. ) ;
#2500 = FACE_OUTER_BOUND ( 'NONE', #2677, .T. ) ;
#2501 = EDGE_CURVE ( 'NONE', #1763, #3583, #5821, .T. ) ;
#2502 = DIRECTION ( 'NONE',  ( 0.4999999999999943934, -0.8660254037844419273, 0.000000000000000000 ) ) ;
#2503 = VERTEX_POINT ( 'NONE', #283 ) ;
#2504 = ORIENTED_EDGE ( 'NONE', *, *, #168, .T. ) ;
#2505 = DIRECTION ( 'NONE',  ( 0.8660254037844419273, -0.4999999999999943934, 0.000000000000000000 ) ) ;
#2506 = PLANE ( 'NONE',  #5803 ) ;
#2507 = EDGE_CURVE ( 'NONE', #5255, #1809, #1248, .T. ) ;
#2508 = ORIENTED_EDGE ( 'NONE', *, *, #1864, .T. ) ;
#2509 = CARTESIAN_POINT ( 'NONE',  ( 9.207500000000008455, 2.095500000000015017, 4.064000000000000057 ) ) ;
#2510 = VERTEX_POINT ( 'NONE', #4873 ) ;
#2511 = PLANE ( 'NONE',  #634 ) ;
#2512 = DIRECTION ( 'NONE',  ( 0.000000000000000000, 1.000000000000000000, 0.000000000000000000 ) ) ;
#2513 = EDGE_CURVE ( 'NONE', #2040, #3533, #2667, .T. ) ;
#2514 = ORIENTED_EDGE ( 'NONE', *, *, #4815, .T. ) ;
#2515 = EDGE_CURVE ( 'NONE', #471, #2160, #3004, .T. ) ;
#2516 =( LENGTH_UNIT ( ) NAMED_UNIT ( * ) SI_UNIT ( .MILLI., .METRE. ) );
#2517 = DIRECTION ( 'NONE',  ( -1.000000000000000000, 0.000000000000000000, 0.000000000000000000 ) ) ;
#2518 = ORIENTED_EDGE ( 'NONE', *, *, #5623, .F. ) ;
#2519 = LINE ( 'NONE', #5758, #1316 ) ;
#2520 = EDGE_LOOP ( 'NONE', ( #4416, #5991, #5200, #1369 ) ) ;
#2521 = CARTESIAN_POINT ( 'NONE',  ( -2.539999999999996927, 0.6599113576837527528, 1.524000000000000021 ) ) ;
#2522 = ORIENTED_EDGE ( 'NONE', *, *, #2023, .F. ) ;
#2523 = CARTESIAN_POINT ( 'NONE',  ( -13.65249999999999275, 1.460500000000014786, 4.064000000000000057 ) ) ;
#2524 = DIRECTION ( 'NONE',  ( 0.000000000000000000, -1.000000000000000000, 0.000000000000000000 ) ) ;
#2525 = EDGE_CURVE ( 'NONE', #3250, #2042, #3538, .T. ) ;
#2526 = CARTESIAN_POINT ( 'NONE',  ( 0.3175000000000000044, -2.540000000000000036, 0.2279258938000993107 ) ) ;
#2527 = DIRECTION ( 'NONE',  ( -0.000000000000000000, 0.000000000000000000, -1.000000000000000000 ) ) ;
#2528 = ORIENTED_EDGE ( 'NONE', *, *, #5693, .T. ) ;
#2529 = ORIENTED_EDGE ( 'NONE', *, *, #3810, .T. ) ;
#2530 = ADVANCED_FACE ( 'NONE', ( #1732 ), #2184, .T. ) ;
#2531 = CARTESIAN_POINT ( 'NONE',  ( -1.587499999999991696, 1.460500000000014786, 4.064000000000000057 ) ) ;
#2532 = DIRECTION ( 'NONE',  ( -0.000000000000000000, -0.000000000000000000, -1.000000000000000000 ) ) ;
#2533 = ORIENTED_EDGE ( 'NONE', *, *, #1354, .T. ) ;
#2534 = DIRECTION ( 'NONE',  ( -1.000000000000000000, 1.023454825001716575E-15, 0.000000000000000000 ) ) ;
#2535 = VERTEX_POINT ( 'NONE', #5418 ) ;
#2536 = DIRECTION ( 'NONE',  ( 0.000000000000000000, -0.000000000000000000, -1.000000000000000000 ) ) ;
#2537 = DIRECTION ( 'NONE',  ( 0.000000000000000000, 0.000000000000000000, 1.000000000000000000 ) ) ;
#2538 = EDGE_CURVE ( 'NONE', #1961, #3555, #2540, .T. ) ;
#2539 = EDGE_CURVE ( 'NONE', #2412, #3884, #4936, .T. ) ;
#2540 = LINE ( 'NONE', #3096, #3058 ) ;
#2541 = VECTOR ( 'NONE', #2620, 1000.000000000000000 ) ;
#2542 = ORIENTED_EDGE ( 'NONE', *, *, #3275, .T. ) ;
#2543 = CARTESIAN_POINT ( 'NONE',  ( -13.08099999999999952, 0.000000000000000000, 1.524000000000000021 ) ) ;
#2544 = AXIS2_PLACEMENT_3D ( 'NONE', #2808, #396, #2369 ) ;
#2545 = CARTESIAN_POINT ( 'NONE',  ( -12.31899999999999906, 3.556000000000001826, 4.064000000000000057 ) ) ;
#2546 = ORIENTED_EDGE ( 'NONE', *, *, #2038, .T. ) ;
#2547 = CARTESIAN_POINT ( 'NONE',  ( -10.15999999999999837, 2.896088642316250628, 4.064000000000000057 ) ) ;
#2548 = ORIENTED_EDGE ( 'NONE', *, *, #1238, .T. ) ;
#2549 = CARTESIAN_POINT ( 'NONE',  ( -0.3175000000000000044, 1.206500000000002126, 0.5714999999999996749 ) ) ;
#2550 = ORIENTED_EDGE ( 'NONE', *, *, #1764, .F. ) ;
#2551 = VECTOR ( 'NONE', #542, 1000.000000000000000 ) ;
#2552 = DIRECTION ( 'NONE',  ( 0.000000000000000000, 0.000000000000000000, 1.000000000000000000 ) ) ;
#2553 = DIRECTION ( 'NONE',  ( -0.4999999999999943934, -0.8660254037844419273, -0.000000000000000000 ) ) ;
#2554 = CARTESIAN_POINT ( 'NONE',  ( 12.70000000000000462, 2.896088642316250628, 1.524000000000000021 ) ) ;
#2555 = VECTOR ( 'NONE', #845, 1000.000000000000000 ) ;
#2556 = DIRECTION ( 'NONE',  ( 1.000000000000000000, 0.000000000000000000, 0.000000000000000000 ) ) ;
#2557 = VECTOR ( 'NONE', #5680, 1000.000000000000000 ) ;
#2558 = ORIENTED_EDGE ( 'NONE', *, *, #3882, .F. ) ;
#2559 = EDGE_LOOP ( 'NONE', ( #1483, #5832, #791, #5858 ) ) ;
#2560 = DIRECTION ( 'NONE',  ( 1.000000000000000000, -2.439149994343089694E-16, 0.000000000000000000 ) ) ;
#2561 = VECTOR ( 'NONE', #4730, 1000.000000000000000 ) ;
#2562 = VECTOR ( 'NONE', #1829, 1000.000000000000000 ) ;
#2563 = CARTESIAN_POINT ( 'NONE',  ( -10.15999999999999837, 2.896088642316250628, 1.524000000000000021 ) ) ;
#2564 = CARTESIAN_POINT ( 'NONE',  ( -6.032499999999992646, 1.460500000000014786, 4.064000000000000057 ) ) ;
#2565 = EDGE_CURVE ( 'NONE', #5105, #2510, #3212, .T. ) ;
#2566 = EDGE_CURVE ( 'NONE', #3068, #3304, #4153, .T. ) ;
#2567 =( GEOMETRIC_REPRESENTATION_CONTEXT ( 3 ) GLOBAL_UNCERTAINTY_ASSIGNED_CONTEXT ( ( #1351 ) ) GLOBAL_UNIT_ASSIGNED_CONTEXT ( ( #443, #4683, #5097 ) ) REPRESENTATION_CONTEXT ( 'NONE', 'WORKASPACE' ) );
#2568 = PLANE ( 'NONE',  #339 ) ;
#2569 = AXIS2_PLACEMENT_3D ( 'NONE', #3331, #544, #2421 ) ;
#2570 = ORIENTED_EDGE ( 'NONE', *, *, #3001, .F. ) ;
#2571 = EDGE_LOOP ( 'NONE', ( #5301, #1753, #3296, #1073 ) ) ;
#2572 = DIRECTION ( 'NONE',  ( -1.000000000000000000, 2.439149994343089694E-16, -0.000000000000000000 ) ) ;
#2573 = AXIS2_PLACEMENT_3D ( 'NONE', #2990, #4370, #2407 ) ;
#2574 = EDGE_CURVE ( 'NONE', #2604, #3243, #5475, .T. ) ;
#2575 = DIRECTION ( 'NONE',  ( -0.4999999999999943934, -0.8660254037844419273, -0.000000000000000000 ) ) ;
#2576 = VECTOR ( 'NONE', #3845, 1000.000000000000000 ) ;
#2577 = ORIENTED_EDGE ( 'NONE', *, *, #5189, .T. ) ;
#2578 = PLANE ( 'NONE',  #4237 ) ;
#2579 = AXIS2_PLACEMENT_3D ( 'NONE', #4983, #3044, #3516 ) ;
#2580 = DIRECTION ( 'NONE',  ( 0.000000000000000000, -0.000000000000000000, 1.000000000000000000 ) ) ;
#2581 = EDGE_LOOP ( 'NONE', ( #2373, #3185, #5884, #2064 ) ) ;
#2582 = EDGE_CURVE ( 'NONE', #574, #38, #4601, .T. ) ;
#2583 = CARTESIAN_POINT ( 'NONE',  ( 14.28750000000001030, 2.095500000000015017, 1.524000000000000021 ) ) ;
#2584 = EDGE_LOOP ( 'NONE', ( #2550, #4744, #5016, #3310 ) ) ;
#2585 = LINE ( 'NONE', #291, #1017 ) ;
#2586 = ORIENTED_EDGE ( 'NONE', *, *, #2985, .F. ) ;
#2587 = VECTOR ( 'NONE', #5667, 1000.000000000000000 ) ;
#2588 = DIRECTION ( 'NONE',  ( 0.8660254037844418162, 0.4999999999999945599, -0.000000000000000000 ) ) ;
#2589 = LINE ( 'NONE', #4432, #2006 ) ;
#2590 = LINE ( 'NONE', #5491, #3607 ) ;
#2591 = CARTESIAN_POINT ( 'NONE',  ( 2.540000000000002256, 0.6599113576837527528, 4.064000000000000057 ) ) ;
#2592 = VERTEX_POINT ( 'NONE', #878 ) ;
#2593 = VERTEX_POINT ( 'NONE', #2796 ) ;
#2594 = DIRECTION ( 'NONE',  ( -0.000000000000000000, -0.000000000000000000, -1.000000000000000000 ) ) ;
#2595 = DIRECTION ( 'NONE',  ( 0.4999999999999945044, -0.8660254037844418162, 0.000000000000000000 ) ) ;
#2596 = CARTESIAN_POINT ( 'NONE',  ( -9.207499999999994245, 1.460500000000014786, 4.064000000000000057 ) ) ;
#2597 = CARTESIAN_POINT ( 'NONE',  ( 25.40000000000000213, 0.000000000000000000, 4.064000000000000057 ) ) ;
#2598 = FACE_OUTER_BOUND ( 'NONE', #5018, .T. ) ;
#2599 = ORIENTED_EDGE ( 'NONE', *, *, #5305, .T. ) ;
#2600 = ORIENTED_EDGE ( 'NONE', *, *, #4622, .F. ) ;
#2601 = LINE ( 'NONE', #1013, #439 ) ;
#2602 = DIRECTION ( 'NONE',  ( 0.000000000000000000, 0.000000000000000000, 1.000000000000000000 ) ) ;
#2603 = CARTESIAN_POINT ( 'NONE',  ( 2.540000000000002256, 2.896088642316250628, 4.064000000000000057 ) ) ;
#2604 = VERTEX_POINT ( 'NONE', #1790 ) ;
#2605 = ORIENTED_EDGE ( 'NONE', *, *, #572, .F. ) ;
#2606 = EDGE_CURVE ( 'NONE', #6027, #2604, #2701, .T. ) ;
#2607 = DIRECTION ( 'NONE',  ( 1.000000000000000000, -2.439149994343089694E-16, 0.000000000000000000 ) ) ;
#2608 = CARTESIAN_POINT ( 'NONE',  ( 7.620000000000000107, 0.000000000000000000, 1.524000000000000021 ) ) ;
#2609 = ORIENTED_EDGE ( 'NONE', *, *, #2513, .F. ) ;
#2610 = CARTESIAN_POINT ( 'NONE',  ( -5.079999999999997407, 2.896088642316250628, 4.064000000000000057 ) ) ;
#2611 = ORIENTED_EDGE ( 'NONE', *, *, #5672, .F. ) ;
#2612 = CARTESIAN_POINT ( 'NONE',  ( 3.492500000000007709, 1.460500000000014786, 1.524000000000000021 ) ) ;
#2613 = FILL_AREA_STYLE ('',( #5369 ) ) ;
#2614 = EDGE_CURVE ( 'NONE', #6053, #3752, #946, .T. ) ;
#2615 = CARTESIAN_POINT ( 'NONE',  ( -11.11249999999999183, 1.460500000000014786, 4.064000000000000057 ) ) ;
#2616 = VERTEX_POINT ( 'NONE', #3272 ) ;
#2617 = VERTEX_POINT ( 'NONE', #4123 ) ;
#2618 = CARTESIAN_POINT ( 'NONE',  ( 2.921000000000001595, 3.556000000000001826, 1.524000000000000021 ) ) ;
#2619 = PLANE ( 'NONE',  #1226 ) ;
#2620 = DIRECTION ( 'NONE',  ( -0.000000000000000000, -0.000000000000000000, -1.000000000000000000 ) ) ;
#2621 = PRODUCT_DEFINITION ( 'UNKNOWN', '', #3852, #3697 ) ;
#2622 = FACE_OUTER_BOUND ( 'NONE', #886, .T. ) ;
#2623 = DIRECTION ( 'NONE',  ( -0.4999999999999951150, -0.8660254037844414832, 0.000000000000000000 ) ) ;
#2624 = EDGE_CURVE ( 'NONE', #496, #683, #502, .T. ) ;
#2625 = EDGE_LOOP ( 'NONE', ( #2476, #166, #4577, #5522 ) ) ;
#2626 = ORIENTED_EDGE ( 'NONE', *, *, #774, .T. ) ;
#2627 =( NAMED_UNIT ( * ) SI_UNIT ( $, .STERADIAN. ) SOLID_ANGLE_UNIT ( ) );
#2628 = CARTESIAN_POINT ( 'NONE',  ( -5.460999999999998522, 0.000000000000000000, 4.064000000000000057 ) ) ;
#2629 = APPLICATION_PROTOCOL_DEFINITION ( 'draft international standard', 'automotive_design', 1998, #1434 ) ;
#2630 = LINE ( 'NONE', #3066, #4122 ) ;
#2631 = ORIENTED_EDGE ( 'NONE', *, *, #365, .F. ) ;
#2632 = EDGE_LOOP ( 'NONE', ( #4060, #332, #3713, #4161 ) ) ;
#2633 = FACE_OUTER_BOUND ( 'NONE', #270, .T. ) ;
#2634 = CARTESIAN_POINT ( 'NONE',  ( -12.31899999999999906, 3.556000000000001826, 1.524000000000000021 ) ) ;
#2635 = LINE ( 'NONE', #4974, #2086 ) ;
#2636 = ADVANCED_FACE ( 'NONE', ( #6016 ), #852, .F. ) ;
#2637 = EDGE_CURVE ( 'NONE', #4773, #391, #1423, .T. ) ;
#2638 = EDGE_LOOP ( 'NONE', ( #3129, #3235, #3832, #788 ) ) ;
#2639 = CARTESIAN_POINT ( 'NONE',  ( 2.540000000000002256, 2.896088642316250183, 4.064000000000000057 ) ) ;
#2640 = ORIENTED_EDGE ( 'NONE', *, *, #4960, .T. ) ;
#2641 = DIRECTION ( 'NONE',  ( 0.4999999999999943934, -0.8660254037844419273, 0.000000000000000000 ) ) ;
#2642 = AXIS2_PLACEMENT_3D ( 'NONE', #4144, #2316, #492 ) ;
#2643 = CARTESIAN_POINT ( 'NONE',  ( -0.3809999999999976739, 0.000000000000000000, 4.064000000000000057 ) ) ;
#2644 = DIRECTION ( 'NONE',  ( -0.000000000000000000, -0.000000000000000000, -1.000000000000000000 ) ) ;
#2645 = FACE_OUTER_BOUND ( 'NONE', #4154, .T. ) ;
#2646 = VECTOR ( 'NONE', #4254, 1000.000000000000114 ) ;
#2647 = EDGE_LOOP ( 'NONE', ( #3887, #1905, #3576, #2686 ) ) ;
#2648 = ORIENTED_EDGE ( 'NONE', *, *, #2501, .F. ) ;
#2649 = ADVANCED_FACE ( 'NONE', ( #6044 ), #3631, .F. ) ;
#2650 = DIRECTION ( 'NONE',  ( -0.4999999999999945599, 0.8660254037844418162, 0.000000000000000000 ) ) ;
#2651 = DIRECTION ( 'NONE',  ( -0.8660254037844414832, 0.4999999999999951150, 0.000000000000000000 ) ) ;
#2652 = VECTOR ( 'NONE', #1831, 1000.000000000000000 ) ;
#2653 = VECTOR ( 'NONE', #1160, 1000.000000000000000 ) ;
#2654 = LINE ( 'NONE', #3179, #1673 ) ;
#2655 = CARTESIAN_POINT ( 'NONE',  ( 15.24000000000000021, 0.000000000000000000, 1.524000000000000021 ) ) ;
#2656 = EDGE_CURVE ( 'NONE', #2122, #2252, #448, .T. ) ;
#2657 = DIRECTION ( 'NONE',  ( 0.000000000000000000, -1.000000000000000000, 0.000000000000000000 ) ) ;
#2658 = ORIENTED_EDGE ( 'NONE', *, *, #4024, .F. ) ;
#2659 = ORIENTED_EDGE ( 'NONE', *, *, #365, .T. ) ;
#2660 = VECTOR ( 'NONE', #3784, 1000.000000000000000 ) ;
#2661 = VECTOR ( 'NONE', #4261, 1000.000000000000000 ) ;
#2662 = CARTESIAN_POINT ( 'NONE',  ( -11.74749999999999162, 1.460500000000014786, 1.524000000000000021 ) ) ;
#2663 = CARTESIAN_POINT ( 'NONE',  ( 4.127500000000007496, 1.460500000000014786, 4.064000000000000057 ) ) ;
#2664 = CARTESIAN_POINT ( 'NONE',  ( -1.269999999999989804, 1.322726650432315409E-14, 6.505213034913026604E-16 ) ) ;
#2665 = COLOUR_RGB ( '',1.000000000000000000, 0.8117647058823529438, 0.5019607843137254832 ) ;
#2666 = VECTOR ( 'NONE', #479, 1000.000000000000000 ) ;
#2667 = LINE ( 'NONE', #3504, #4700 ) ;
#2668 = EDGE_CURVE ( 'NONE', #170, #5682, #3158, .T. ) ;
#2669 = EDGE_CURVE ( 'NONE', #1206, #3876, #5981, .T. ) ;
#2670 = ORIENTED_EDGE ( 'NONE', *, *, #2614, .T. ) ;
#2671 = VECTOR ( 'NONE', #862, 1000.000000000000000 ) ;
#2672 = VECTOR ( 'NONE', #4910, 1000.000000000000000 ) ;
#2673 = FACE_BOUND ( 'NONE', #3175, .T. ) ;
#2674 = CARTESIAN_POINT ( 'NONE',  ( 12.31900000000000617, 3.556000000000001382, 4.064000000000000057 ) ) ;
#2675 = VECTOR ( 'NONE', #461, 1000.000000000000114 ) ;
#2676 = DIRECTION ( 'NONE',  ( 1.000000000000000000, 0.000000000000000000, 0.000000000000000000 ) ) ;
#2677 = EDGE_LOOP ( 'NONE', ( #1231, #4115, #5441, #5137 ) ) ;
#2678 = DIRECTION ( 'NONE',  ( 1.000000000000000000, -0.000000000000000000, 0.000000000000000000 ) ) ;
#2679 = ORIENTED_EDGE ( 'NONE', *, *, #829, .F. ) ;
#2680 = DIRECTION ( 'NONE',  ( 0.000000000000000000, 0.000000000000000000, 1.000000000000000000 ) ) ;
#2681 = AXIS2_PLACEMENT_3D ( 'NONE', #2663, #4540, #2214 ) ;
#2682 = CARTESIAN_POINT ( 'NONE',  ( -9.778999999999999915, 1.819702678853052132E-15, 4.064000000000000057 ) ) ;
#2683 = LINE ( 'NONE', #373, #207 ) ;
#2684 = SURFACE_STYLE_FILL_AREA ( #5371 ) ;
#2685 = VECTOR ( 'NONE', #2553, 1000.000000000000000 ) ;
#2686 = ORIENTED_EDGE ( 'NONE', *, *, #6021, .T. ) ;
#2687 = ORIENTED_EDGE ( 'NONE', *, *, #2491, .F. ) ;
#2688 = CARTESIAN_POINT ( 'NONE',  ( 5.461000000000002075, 3.556000000000001826, 4.064000000000000057 ) ) ;
#2689 = EDGE_CURVE ( 'NONE', #5079, #4134, #4176, .T. ) ;
#2690 = DIRECTION ( 'NONE',  ( 0.8660254037844419273, -0.4999999999999943934, 0.000000000000000000 ) ) ;
#2691 = EDGE_CURVE ( 'NONE', #2261, #2070, #4209, .T. ) ;
#2692 = AXIS2_PLACEMENT_3D ( 'NONE', #726, #3099, #5478 ) ;
#2693 = DIRECTION ( 'NONE',  ( 0.000000000000000000, -1.000000000000000000, 0.000000000000000000 ) ) ;
#2694 = DIRECTION ( 'NONE',  ( 1.000000000000000000, 0.000000000000000000, 0.000000000000000000 ) ) ;
#2695 = CARTESIAN_POINT ( 'NONE',  ( 0.3175000000000000044, 2.095500000000001251, 0.5714999999999997859 ) ) ;
#2696 = ORIENTED_EDGE ( 'NONE', *, *, #2318, .F. ) ;
#2697 = VERTEX_POINT ( 'NONE', #5565 ) ;
#2698 = FACE_OUTER_BOUND ( 'NONE', #2876, .T. ) ;
#2699 = SURFACE_STYLE_FILL_AREA ( #5003 ) ;
#2700 = FACE_OUTER_BOUND ( 'NONE', #1718, .T. ) ;
#2701 = LINE ( 'NONE', #4659, #5505 ) ;
#2702 = ORIENTED_EDGE ( 'NONE', *, *, #2021, .T. ) ;
#2703 = ORIENTED_EDGE ( 'NONE', *, *, #2477, .T. ) ;
#2704 = FACE_OUTER_BOUND ( 'NONE', #4244, .T. ) ;
#2705 = LINE ( 'NONE', #2800, #2755 ) ;
#2706 = EDGE_CURVE ( 'NONE', #4569, #57, #1387, .T. ) ;
#2707 = CARTESIAN_POINT ( 'NONE',  ( -4.698999999999998067, 1.819702678853052132E-15, 4.064000000000000057 ) ) ;
#2708 = VERTEX_POINT ( 'NONE', #385 ) ;
#2709 = LINE ( 'NONE', #4550, #5779 ) ;
#2710 = EDGE_CURVE ( 'NONE', #3511, #2040, #475, .T. ) ;
#2711 = EDGE_LOOP ( 'NONE', ( #3655, #5075, #5455, #4291 ) ) ;
#2712 = LINE ( 'NONE', #5076, #2969 ) ;
#2713 = DIRECTION ( 'NONE',  ( -0.000000000000000000, 0.000000000000000000, 1.000000000000000000 ) ) ;
#2714 = LINE ( 'NONE', #5643, #2167 ) ;
#2715 = CARTESIAN_POINT ( 'NONE',  ( -11.74749999999999162, 2.095500000000015017, 4.064000000000000057 ) ) ;
#2716 = ORIENTED_EDGE ( 'NONE', *, *, #949, .F. ) ;
#2717 = LINE ( 'NONE', #4461, #931 ) ;
#2718 = DIRECTION ( 'NONE',  ( 1.000000000000000000, 0.000000000000000000, 0.000000000000000000 ) ) ;
#2719 = LINE ( 'NONE', #4956, #2744 ) ;
#2720 = CARTESIAN_POINT ( 'NONE',  ( 9.779000000000005244, 3.556000000000001382, 4.064000000000000057 ) ) ;
#2721 = CARTESIAN_POINT ( 'NONE',  ( -11.11249999999999183, 2.095500000000015017, 4.064000000000000057 ) ) ;
#2722 = EDGE_CURVE ( 'NONE', #4673, #603, #1877, .T. ) ;
#2723 = EDGE_LOOP ( 'NONE', ( #2123, #393, #5866, #4124 ) ) ;
#2724 = ORIENTED_EDGE ( 'NONE', *, *, #3598, .T. ) ;
#2725 = FACE_BOUND ( 'NONE', #3050, .T. ) ;
#2726 = LINE ( 'NONE', #2628, #3633 ) ;
#2727 = DIRECTION ( 'NONE',  ( -0.000000000000000000, -0.000000000000000000, -1.000000000000000000 ) ) ;
#2728 = EDGE_CURVE ( 'NONE', #1941, #419, #4816, .T. ) ;
#2729 = ORIENTED_EDGE ( 'NONE', *, *, #182, .F. ) ;
#2730 = ADVANCED_FACE ( 'NONE', ( #1064 ), #4688, .T. ) ;
#2731 = ADVANCED_FACE ( 'NONE', ( #569 ), #4748, .F. ) ;
#2732 = CARTESIAN_POINT ( 'NONE',  ( -12.69999999999999751, 0.6599113576837527528, 4.064000000000000057 ) ) ;
#2733 = EDGE_CURVE ( 'NONE', #413, #4990, #1512, .T. ) ;
#2734 = CARTESIAN_POINT ( 'NONE',  ( -2.539999999999996927, 2.896088642316250628, 4.064000000000000057 ) ) ;
#2735 = DIRECTION ( 'NONE',  ( -0.000000000000000000, 1.000000000000000000, -0.000000000000000000 ) ) ;
#2736 = EDGE_LOOP ( 'NONE', ( #3943, #1784, #4078, #828, #4369, #5974, #3455, #290 ) ) ;
#2737 = CARTESIAN_POINT ( 'NONE',  ( -7.619999999999997442, 0.6599113576837528639, 1.524000000000000021 ) ) ;
#2738 = ORIENTED_EDGE ( 'NONE', *, *, #2419, .F. ) ;
#2739 = CARTESIAN_POINT ( 'NONE',  ( -0.3175000000000000044, 1.460500000000001908, 3.683000000000000274 ) ) ;
#2740 = CARTESIAN_POINT ( 'NONE',  ( -1.587499999999991696, 1.460500000000014786, 1.524000000000000021 ) ) ;
#2741 = CARTESIAN_POINT ( 'NONE',  ( 12.70000000000000462, 0.6599113576837528639, 1.524000000000000021 ) ) ;
#2742 = UNCERTAINTY_MEASURE_WITH_UNIT (LENGTH_MEASURE( 1.000000000000000082E-05 ), #3210, 'distance_accuracy_value', 'NONE');
#2743 = ORIENTED_EDGE ( 'NONE', *, *, #2722, .F. ) ;
#2744 = VECTOR ( 'NONE', #1779, 1000.000000000000000 ) ;
#2745 = DIRECTION ( 'NONE',  ( 1.000000000000000000, -1.023454825001716575E-15, 0.000000000000000000 ) ) ;
#2746 = DIRECTION ( 'NONE',  ( -0.000000000000000000, -0.000000000000000000, -1.000000000000000000 ) ) ;
#2747 = FACE_OUTER_BOUND ( 'NONE', #1935, .T. ) ;
#2748 = PLANE ( 'NONE',  #1116 ) ;
#2749 = VECTOR ( 'NONE', #3199, 1000.000000000000000 ) ;
#2750 = ADVANCED_FACE ( 'NONE', ( #1120 ), #3382, .T. ) ;
#2751 = LINE ( 'NONE', #5557, #2266 ) ;
#2752 = ORIENTED_EDGE ( 'NONE', *, *, #664, .T. ) ;
#2753 = ORIENTED_EDGE ( 'NONE', *, *, #3902, .F. ) ;
#2754 = CARTESIAN_POINT ( 'NONE',  ( 0.000000000000000000, 0.000000000000000000, 3.683000000000000274 ) ) ;
#2755 = VECTOR ( 'NONE', #4128, 1000.000000000000000 ) ;
#2756 = CARTESIAN_POINT ( 'NONE',  ( -15.23999999999999844, 2.896088642316250628, 4.064000000000000057 ) ) ;
#2757 = ADVANCED_FACE ( 'NONE', ( #5690 ), #1939, .T. ) ;
#2758 = ORIENTED_EDGE ( 'NONE', *, *, #70, .F. ) ;
#2759 = EDGE_CURVE ( 'NONE', #4619, #6025, #3848, .T. ) ;
#2760 = VECTOR ( 'NONE', #2211, 1000.000000000000000 ) ;
#2761 = DIRECTION ( 'NONE',  ( -0.000000000000000000, 0.000000000000000000, -1.000000000000000000 ) ) ;
#2762 = STYLED_ITEM ( 'NONE', ( #1928 ), #1771 ) ;
#2763 = EDGE_LOOP ( 'NONE', ( #2222, #2648, #539, #1263 ) ) ;
#2764 = VERTEX_POINT ( 'NONE', #5234 ) ;
#2765 = VECTOR ( 'NONE', #696, 1000.000000000000000 ) ;
#2766 = ADVANCED_FACE ( 'NONE', ( #595 ), #3777, .F. ) ;
#2767 = CARTESIAN_POINT ( 'NONE',  ( -14.28749999999999254, 2.095500000000015017, 4.064000000000000057 ) ) ;
#2768 = ADVANCED_FACE ( 'NONE', ( #2475 ), #124, .T. ) ;
#2769 = CARTESIAN_POINT ( 'NONE',  ( 0.3175000000000000044, 1.837630800822885978E-17, 0.3174999999999996714 ) ) ;
#2770 = CARTESIAN_POINT ( 'NONE',  ( 12.70000000000000462, 0.6599113576837527528, 4.064000000000000057 ) ) ;
#2771 = VERTEX_POINT ( 'NONE', #662 ) ;
#2772 = CARTESIAN_POINT ( 'NONE',  ( -1.587499999999991696, 1.460500000000014786, 1.524000000000000021 ) ) ;
#2773 = VECTOR ( 'NONE', #3739, 1000.000000000000000 ) ;
#2774 = VECTOR ( 'NONE', #5539, 1000.000000000000000 ) ;
#2775 = ORIENTED_EDGE ( 'NONE', *, *, #3560, .T. ) ;
#2776 = CARTESIAN_POINT ( 'NONE',  ( -2.158999999999997588, 3.556000000000001826, 4.064000000000000057 ) ) ;
#2777 = SURFACE_STYLE_FILL_AREA ( #5612 ) ;
#2778 = EDGE_CURVE ( 'NONE', #609, #4527, #1540, .T. ) ;
#2779 = VECTOR ( 'NONE', #3134, 1000.000000000000000 ) ;
#2780 = CARTESIAN_POINT ( 'NONE',  ( -2.920999999999998042, 0.000000000000000000, 1.524000000000000021 ) ) ;
#2781 = DIRECTION ( 'NONE',  ( -1.000000000000000000, 0.000000000000000000, 0.000000000000000000 ) ) ;
#2782 = ORIENTED_EDGE ( 'NONE', *, *, #3775, .F. ) ;
#2783 = VECTOR ( 'NONE', #2054, 1000.000000000000114 ) ;
#2784 = FACE_OUTER_BOUND ( 'NONE', #671, .T. ) ;
#2785 = DIRECTION ( 'NONE',  ( -0.000000000000000000, -0.000000000000000000, -1.000000000000000000 ) ) ;
#2786 = LINE ( 'NONE', #4589, #1571 ) ;
#2787 = EDGE_CURVE ( 'NONE', #5105, #5255, #5746, .T. ) ;
#2788 = VECTOR ( 'NONE', #1585, 1000.000000000000000 ) ;
#2789 = LINE ( 'NONE', #4233, #119 ) ;
#2790 = CARTESIAN_POINT ( 'NONE',  ( -10.54099999999999682, 3.556000000000001382, 4.064000000000000057 ) ) ;
#2791 = ORIENTED_EDGE ( 'NONE', *, *, #3798, .F. ) ;
#2792 = EDGE_LOOP ( 'NONE', ( #4324, #644, #398, #5366 ) ) ;
#2793 = SURFACE_STYLE_FILL_AREA ( #3709 ) ;
#2794 = FACE_OUTER_BOUND ( 'NONE', #1641, .T. ) ;
#2795 = VERTEX_POINT ( 'NONE', #3410 ) ;
#2796 = CARTESIAN_POINT ( 'NONE',  ( -0.2279258938000999768, 1.550074106199902157, 9.906000000000000583 ) ) ;
#2797 = ORIENTED_EDGE ( 'NONE', *, *, #5484, .T. ) ;
#2798 = ORIENTED_EDGE ( 'NONE', *, *, #658, .F. ) ;
#2799 = PLANE ( 'NONE',  #1335 ) ;
#2800 = CARTESIAN_POINT ( 'NONE',  ( 13.08100000000000485, 1.819702678853052132E-15, 4.064000000000000057 ) ) ;
#2801 = DIRECTION ( 'NONE',  ( -1.000000000000000000, -0.000000000000000000, -0.000000000000000000 ) ) ;
#2802 = VERTEX_POINT ( 'NONE', #3297 ) ;
#2803 = LINE ( 'NONE', #1858, #1881 ) ;
#2804 = EDGE_CURVE ( 'NONE', #3084, #2247, #5289, .T. ) ;
#2805 = ORIENTED_EDGE ( 'NONE', *, *, #4638, .F. ) ;
#2806 = CARTESIAN_POINT ( 'NONE',  ( 1.734723475976807094E-15, 0.6599113576837527528, 4.064000000000000057 ) ) ;
#2807 = EDGE_CURVE ( 'NONE', #6053, #5904, #3750, .T. ) ;
#2808 = CARTESIAN_POINT ( 'NONE',  ( 0.3175000000000000044, 1.460500000000001686, -6.785482984263029945E-17 ) ) ;
#2809 = ORIENTED_EDGE ( 'NONE', *, *, #5825, .T. ) ;
#2810 = LINE ( 'NONE', #5646, #1899 ) ;
#2811 = CARTESIAN_POINT ( 'NONE',  ( 2.540000000000002256, 0.6599113576837527528, 4.064000000000000057 ) ) ;
#2812 = CONTEXT_DEPENDENT_SHAPE_REPRESENTATION ( #4642, #4184 ) ;
#2813 = CARTESIAN_POINT ( 'NONE',  ( 7.239000000000002544, 0.000000000000000000, 1.524000000000000021 ) ) ;
#2814 = DIRECTION ( 'NONE',  ( 0.000000000000000000, 0.000000000000000000, -1.000000000000000000 ) ) ;
#2815 = ORIENTED_EDGE ( 'NONE', *, *, #3285, .F. ) ;
#2816 = ORIENTED_EDGE ( 'NONE', *, *, #3308, .T. ) ;
#2817 = CARTESIAN_POINT ( 'NONE',  ( 12.31900000000000439, 0.000000000000000000, 1.524000000000000021 ) ) ;
#2818 = VERTEX_POINT ( 'NONE', #2846 ) ;
#2819 = ADVANCED_FACE ( 'NONE', ( #2388 ), #5656, .F. ) ;
#2820 = CARTESIAN_POINT ( 'NONE',  ( 6.032500000000008633, 1.460500000000014786, 4.064000000000000057 ) ) ;
#2821 = VERTEX_POINT ( 'NONE', #2883 ) ;
#2822 = ORIENTED_EDGE ( 'NONE', *, *, #4738, .F. ) ;
#2823 = FACE_OUTER_BOUND ( 'NONE', #3698, .T. ) ;
#2824 = FACE_OUTER_BOUND ( 'NONE', #4571, .T. ) ;
#2825 = VERTEX_POINT ( 'NONE', #4723 ) ;
#2826 = DIRECTION ( 'NONE',  ( 0.4999999999999950595, 0.8660254037844414832, 0.000000000000000000 ) ) ;
#2827 = ORIENTED_EDGE ( 'NONE', *, *, #5280, .F. ) ;
#2828 = CARTESIAN_POINT ( 'NONE',  ( 0.3082064387121802307, -2.084706405171105725, 0.3082064387121800642 ) ) ;
#2829 = PRESENTATION_STYLE_ASSIGNMENT (( #2281 ) ) ;
#2830 = EDGE_CURVE ( 'NONE', #2027, #5463, #807, .T. ) ;
#2831 = FACE_OUTER_BOUND ( 'NONE', #2114, .T. ) ;
#2832 = ADVANCED_FACE ( 'NONE', ( #3117 ), #5440, .T. ) ;
#2833 = DIRECTION ( 'NONE',  ( -0.4999999999999943934, -0.8660254037844419273, -0.000000000000000000 ) ) ;
#2834 = ORIENTED_EDGE ( 'NONE', *, *, #2206, .F. ) ;
#2835 = CARTESIAN_POINT ( 'NONE',  ( -10.15999999999999659, 0.6599113576837528639, 4.064000000000000057 ) ) ;
#2836 = CARTESIAN_POINT ( 'NONE',  ( -6.667499999999993321, 2.095500000000015017, 1.524000000000000021 ) ) ;
#2837 = LINE ( 'NONE', #1867, #1575 ) ;
#2838 = EDGE_CURVE ( 'NONE', #5347, #1099, #2121, .T. ) ;
#2839 = CARTESIAN_POINT ( 'NONE',  ( -12.69999999999999751, 2.896088642316250628, 4.064000000000000057 ) ) ;
#2840 = ORIENTED_EDGE ( 'NONE', *, *, #3094, .F. ) ;
#2841 = VERTEX_POINT ( 'NONE', #3499 ) ;
#2842 = ADVANCED_FACE ( 'NONE', ( #2598 ), #2568, .T. ) ;
#2843 = DIRECTION ( 'NONE',  ( -0.4999999999999951150, -0.8660254037844414832, 0.000000000000000000 ) ) ;
#2844 = VECTOR ( 'NONE', #2113, 1000.000000000000000 ) ;
#2845 = ORIENTED_EDGE ( 'NONE', *, *, #2396, .T. ) ;
#2846 = CARTESIAN_POINT ( 'NONE',  ( -0.3175000000000000044, 2.095500000000001251, 0.5714999999999997859 ) ) ;
#2847 = VERTEX_POINT ( 'NONE', #3530 ) ;
#2848 = AXIS2_PLACEMENT_3D ( 'NONE', #162, #2032, #3853 ) ;
#2849 = EDGE_LOOP ( 'NONE', ( #1028, #2313, #2858, #668 ) ) ;
#2850 = SHAPE_REPRESENTATION_RELATIONSHIP ( 'NONE' , 'NONE' ,  #5720, #1305 ) ;
#2851 = AXIS2_PLACEMENT_3D ( 'NONE', #173, #5248, #4828 ) ;
#2852 =( GEOMETRIC_REPRESENTATION_CONTEXT ( 3 ) GLOBAL_UNCERTAINTY_ASSIGNED_CONTEXT ( ( #5938 ) ) GLOBAL_UNIT_ASSIGNED_CONTEXT ( ( #2865, #5581, #3307 ) ) REPRESENTATION_CONTEXT ( 'NONE', 'WORKASPACE' ) );
#2853 = DIRECTION ( 'NONE',  ( 1.000000000000000000, 0.000000000000000000, -0.000000000000000000 ) ) ;
#2854 = EDGE_CURVE ( 'NONE', #4893, #3895, #712, .T. ) ;
#2855 = DIRECTION ( 'NONE',  ( 0.000000000000000000, 1.000000000000000000, 0.000000000000000000 ) ) ;
#2856 = ORIENTED_EDGE ( 'NONE', *, *, #3621, .F. ) ;
#2857 = LINE ( 'NONE', #5044, #5296 ) ;
#2858 = ORIENTED_EDGE ( 'NONE', *, *, #2787, .F. ) ;
#2859 = VECTOR ( 'NONE', #3879, 1000.000000000000000 ) ;
#2860 = VECTOR ( 'NONE', #3038, 1000.000000000000000 ) ;
#2861 = CARTESIAN_POINT ( 'NONE',  ( 10.16000000000000369, 0.6599113576837527528, 4.064000000000000057 ) ) ;
#2862 = SURFACE_STYLE_FILL_AREA ( #1401 ) ;
#2863 = PLANE ( 'NONE',  #811 ) ;
#2864 = VECTOR ( 'NONE', #2996, 1000.000000000000000 ) ;
#2865 =( LENGTH_UNIT ( ) NAMED_UNIT ( * ) SI_UNIT ( .MILLI., .METRE. ) );
#2866 = VECTOR ( 'NONE', #3479, 1000.000000000000000 ) ;
#2867 = ORIENTED_EDGE ( 'NONE', *, *, #5454, .F. ) ;
#2868 = LINE ( 'NONE', #930, #1701 ) ;
#2869 = AXIS2_PLACEMENT_3D ( 'NONE', #3154, #3535, #1244 ) ;
#2870 = VECTOR ( 'NONE', #5447, 1000.000000000000000 ) ;
#2871 = DIRECTION ( 'NONE',  ( 0.000000000000000000, -0.000000000000000000, 1.000000000000000000 ) ) ;
#2872 = CONTEXT_DEPENDENT_SHAPE_REPRESENTATION ( #5284, #3796 ) ;
#2873 = DIRECTION ( 'NONE',  ( -0.000000000000000000, -0.000000000000000000, -1.000000000000000000 ) ) ;
#2874 = CARTESIAN_POINT ( 'NONE',  ( 5.461000000000002075, 3.556000000000001826, 4.064000000000000057 ) ) ;
#2875 = AXIS2_PLACEMENT_3D ( 'NONE', #5812, #3408, #211 ) ;
#2876 = EDGE_LOOP ( 'NONE', ( #2867, #4352, #2437, #3764, #3274, #4612, #2100, #2170 ) ) ;
#2877 = EDGE_LOOP ( 'NONE', ( #1038, #4227, #5359, #4989 ) ) ;
#2878 = ADVANCED_FACE ( 'NONE', ( #4028, #5411 ), #3447, .F. ) ;
#2879 = EDGE_CURVE ( 'NONE', #4943, #3511, #4959, .T. ) ;
#2880 = CARTESIAN_POINT ( 'NONE',  ( 3.492500000000007709, 1.460500000000014786, 1.524000000000000021 ) ) ;
#2881 = FACE_OUTER_BOUND ( 'NONE', #4031, .T. ) ;
#2882 = VERTEX_POINT ( 'NONE', #3903 ) ;
#2883 = CARTESIAN_POINT ( 'NONE',  ( 11.74750000000000938, 1.460500000000014786, 1.524000000000000021 ) ) ;
#2884 = ORIENTED_EDGE ( 'NONE', *, *, #4716, .F. ) ;
#2885 = VERTEX_POINT ( 'NONE', #5776 ) ;
#2886 = SURFACE_STYLE_FILL_AREA ( #3386 ) ;
#2887 = CARTESIAN_POINT ( 'NONE',  ( 5.080000000000002736, 2.896088642316250628, 4.064000000000000057 ) ) ;
#2888 = DIRECTION ( 'NONE',  ( -0.000000000000000000, -0.000000000000000000, -1.000000000000000000 ) ) ;
#2889 = EDGE_LOOP ( 'NONE', ( #4808, #751, #1375, #3360 ) ) ;
#2890 = LINE ( 'NONE', #3418, #2561 ) ;
#2891 = VERTEX_POINT ( 'NONE', #1725 ) ;
#2892 = DIRECTION ( 'NONE',  ( 0.4999999999999945044, -0.8660254037844418162, 0.000000000000000000 ) ) ;
#2893 = FILL_AREA_STYLE ('',( #103 ) ) ;
#2894 = EDGE_CURVE ( 'NONE', #5956, #4691, #2176, .T. ) ;
#2895 = LINE ( 'NONE', #2634, #11 ) ;
#2896 = DIRECTION ( 'NONE',  ( 0.000000000000000000, 0.1736481776669273613, 0.9848077530122086864 ) ) ;
#2897 = DIRECTION ( 'NONE',  ( -0.000000000000000000, -0.000000000000000000, -1.000000000000000000 ) ) ;
#2898 = VERTEX_POINT ( 'NONE', #4504 ) ;
#2899 = CARTESIAN_POINT ( 'NONE',  ( -7.238999999999998991, 3.556000000000001826, 4.064000000000000057 ) ) ;
#2900 = LINE ( 'NONE', #4371, #2481 ) ;
#2901 = CARTESIAN_POINT ( 'NONE',  ( 5.461000000000002075, 3.556000000000001826, 4.064000000000000057 ) ) ;
#2902 = LINE ( 'NONE', #2079, #5390 ) ;
#2903 = EDGE_CURVE ( 'NONE', #4904, #3405, #4867, .T. ) ;
#2904 = ORIENTED_EDGE ( 'NONE', *, *, #5027, .F. ) ;
#2905 = ORIENTED_EDGE ( 'NONE', *, *, #2406, .T. ) ;
#2906 = FILL_AREA_STYLE_COLOUR ( '', #2665 ) ;
#2907 = CARTESIAN_POINT ( 'NONE',  ( -4.127499999999992397, 1.460500000000014786, 4.064000000000000057 ) ) ;
#2908 = LINE ( 'NONE', #5257, #3506 ) ;
#2909 = ADVANCED_FACE ( 'NONE', ( #2999 ), #1239, .F. ) ;
#2910 = CARTESIAN_POINT ( 'NONE',  ( -1.587499999999991696, 2.095500000000015017, 4.064000000000000057 ) ) ;
#2911 = ORIENTED_EDGE ( 'NONE', *, *, #5136, .T. ) ;
#2912 = CARTESIAN_POINT ( 'NONE',  ( 9.207500000000008455, 1.460500000000014786, 4.064000000000000057 ) ) ;
#2913 = ADVANCED_FACE ( 'NONE', ( #2146 ), #1658, .F. ) ;
#2914 = DIRECTION ( 'NONE',  ( 0.000000000000000000, 0.000000000000000000, -1.000000000000000000 ) ) ;
#2915 = ORIENTED_EDGE ( 'NONE', *, *, #2606, .F. ) ;
#2916 = CARTESIAN_POINT ( 'NONE',  ( -1.587499999999991696, 1.460500000000014786, 4.064000000000000057 ) ) ;
#2917 = ORIENTED_EDGE ( 'NONE', *, *, #2903, .F. ) ;
#2918 = EDGE_CURVE ( 'NONE', #4809, #1446, #3562, .T. ) ;
#2919 = DIRECTION ( 'NONE',  ( 1.000000000000000000, -1.023454825001716575E-15, 0.000000000000000000 ) ) ;
#2920 = CARTESIAN_POINT ( 'NONE',  ( -7.619999999999997442, 0.6599113576837528639, 4.064000000000000057 ) ) ;
#2921 = ORIENTED_EDGE ( 'NONE', *, *, #5747, .T. ) ;
#2922 = CARTESIAN_POINT ( 'NONE',  ( -15.23999999999999844, 0.6599113576837527528, 4.064000000000000057 ) ) ;
#2923 = LINE ( 'NONE', #107, #4588 ) ;
#2924 = ORIENTED_EDGE ( 'NONE', *, *, #3985, .F. ) ;
#2925 = CARTESIAN_POINT ( 'NONE',  ( 7.620000000000003659, 0.6599113576837527528, 1.524000000000000021 ) ) ;
#2926 = CARTESIAN_POINT ( 'NONE',  ( -3.492499999999992166, 2.095500000000015017, 1.524000000000000021 ) ) ;
#2927 = DIRECTION ( 'NONE',  ( -1.000000000000000000, 0.000000000000000000, 0.000000000000000000 ) ) ;
#2928 = CARTESIAN_POINT ( 'NONE',  ( -14.28749999999999254, 1.460500000000014786, 4.064000000000000057 ) ) ;
#2929 = ORIENTED_EDGE ( 'NONE', *, *, #5634, .T. ) ;
#2930 = ORIENTED_EDGE ( 'NONE', *, *, #3523, .F. ) ;
#2931 = CARTESIAN_POINT ( 'NONE',  ( -10.15999999999999837, 2.896088642316250628, 4.064000000000000057 ) ) ;
#2932 = PLANE ( 'NONE',  #3936 ) ;
#2933 = LINE ( 'NONE', #5844, #203 ) ;
#2934 = CARTESIAN_POINT ( 'NONE',  ( 0.9525000000000071188, 1.460500000000014786, 4.064000000000000057 ) ) ;
#2935 = VERTEX_POINT ( 'NONE', #4380 ) ;
#2936 = EDGE_CURVE ( 'NONE', #5254, #990, #3990, .T. ) ;
#2937 = AXIS2_PLACEMENT_3D ( 'NONE', #3558, #1235, #1203 ) ;
#2938 = ADVANCED_FACE ( 'NONE', ( #216 ), #3937, .F. ) ;
#2939 =( NAMED_UNIT ( * ) SI_UNIT ( $, .STERADIAN. ) SOLID_ANGLE_UNIT ( ) );
#2940 = DIRECTION ( 'NONE',  ( -0.000000000000000000, -0.000000000000000000, -1.000000000000000000 ) ) ;
#2941 = DIRECTION ( 'NONE',  ( -0.000000000000000000, -0.000000000000000000, -1.000000000000000000 ) ) ;
#2942 = AXIS2_PLACEMENT_3D ( 'NONE', #4671, #1374, #5997 ) ;
#2943 = DIRECTION ( 'NONE',  ( -0.000000000000000000, -1.000000000000000000, -0.000000000000000000 ) ) ;
#2944 = EDGE_LOOP ( 'NONE', ( #974, #5116, #5140, #3474 ) ) ;
#2945 = ADVANCED_FACE ( 'NONE', ( #3057 ), #4902, .F. ) ;
#2946 = VECTOR ( 'NONE', #5958, 1000.000000000000000 ) ;
#2947 = LINE ( 'NONE', #4822, #3941 ) ;
#2948 = CARTESIAN_POINT ( 'NONE',  ( 0.000000000000000000, 0.000000000000000000, 4.064000000000000057 ) ) ;
#2949 = ORIENTED_EDGE ( 'NONE', *, *, #2491, .T. ) ;
#2950 = CARTESIAN_POINT ( 'NONE',  ( 10.16000000000000369, 2.896088642316250628, 4.064000000000000057 ) ) ;
#2951 = DIRECTION ( 'NONE',  ( -1.000000000000000000, 2.439149994343089694E-16, -0.000000000000000000 ) ) ;
#2952 = AXIS2_PLACEMENT_3D ( 'NONE', #5733, #1138, #4344 ) ;
#2953 = STYLED_ITEM ( 'NONE', ( #1404 ), #1804 ) ;
#2954 = EDGE_LOOP ( 'NONE', ( #1096, #1382, #2917, #4918 ) ) ;
#2955 = EDGE_CURVE ( 'NONE', #1689, #2818, #5504, .T. ) ;
#2956 = CARTESIAN_POINT ( 'NONE',  ( -12.69999999999999751, 0.6599113576837527528, 4.064000000000000057 ) ) ;
#2957 = LINE ( 'NONE', #3955, #5325 ) ;
#2958 = PRESENTATION_LAYER_ASSIGNMENT (  '', '', ( #1594 ) ) ;
#2959 = VECTOR ( 'NONE', #4449, 1000.000000000000000 ) ;
#2960 = LINE ( 'NONE', #2526, #5382 ) ;
#2961 = DIRECTION ( 'NONE',  ( -1.000000000000000000, 2.439149994343089694E-16, -0.000000000000000000 ) ) ;
#2962 = ORIENTED_EDGE ( 'NONE', *, *, #4024, .T. ) ;
#2963 = ORIENTED_EDGE ( 'NONE', *, *, #3859, .F. ) ;
#2964 = VECTOR ( 'NONE', #4531, 1000.000000000000000 ) ;
#2965 = VECTOR ( 'NONE', #1268, 1000.000000000000000 ) ;
#2966 = CARTESIAN_POINT ( 'NONE',  ( -14.85899999999999821, 3.556000000000001826, 4.064000000000000057 ) ) ;
#2967 = DIRECTION ( 'NONE',  ( 1.000000000000000000, 0.000000000000000000, 0.000000000000000000 ) ) ;
#2968 = ORIENTED_EDGE ( 'NONE', *, *, #5840, .F. ) ;
#2969 = VECTOR ( 'NONE', #1950, 1000.000000000000000 ) ;
#2970 = CARTESIAN_POINT ( 'NONE',  ( 1.734723475976807094E-15, 2.896088642316250628, 1.524000000000000021 ) ) ;
#2971 = EDGE_CURVE ( 'NONE', #5079, #5515, #5469, .T. ) ;
#2972 = ORIENTED_EDGE ( 'NONE', *, *, #3688, .T. ) ;
#2973 = EDGE_CURVE ( 'NONE', #4363, #4660, #6038, .T. ) ;
#2974 = AXIS2_PLACEMENT_3D ( 'NONE', #5499, #3649, #1327 ) ;
#2975 = PLANE ( 'NONE',  #2848 ) ;
#2976 = COLOUR_RGB ( '',0.2509803921568627416, 0.2509803921568627416, 0.2509803921568627416 ) ;
#2977 = DIRECTION ( 'NONE',  ( -1.000000000000000000, -0.000000000000000000, -0.000000000000000000 ) ) ;
#2978 = FACE_BOUND ( 'NONE', #2849, .T. ) ;
#2979 = ORIENTED_EDGE ( 'NONE', *, *, #3491, .F. ) ;
#2980 = VECTOR ( 'NONE', #4635, 1000.000000000000000 ) ;
#2981 = CARTESIAN_POINT ( 'NONE',  ( -9.207499999999994245, 1.460500000000014786, 1.524000000000000021 ) ) ;
#2982 = CARTESIAN_POINT ( 'NONE',  ( -1.587499999999991696, 2.095500000000015017, 4.064000000000000057 ) ) ;
#2983 = ORIENTED_EDGE ( 'NONE', *, *, #6023, .T. ) ;
#2984 = CARTESIAN_POINT ( 'NONE',  ( -8.572499999999992681, 1.460500000000014786, 4.064000000000000057 ) ) ;
#2985 = EDGE_CURVE ( 'NONE', #3393, #5809, #4625, .T. ) ;
#2986 = EDGE_LOOP ( 'NONE', ( #5337, #1187, #4243, #510 ) ) ;
#2987 = DIRECTION ( 'NONE',  ( 0.000000000000000000, -1.000000000000000000, 0.000000000000000000 ) ) ;
#2988 = AXIS2_PLACEMENT_3D ( 'NONE', #95, #2004, #4782 ) ;
#2989 = ORIENTED_EDGE ( 'NONE', *, *, #2728, .F. ) ;
#2990 = CARTESIAN_POINT ( 'NONE',  ( 22.86000000000000298, 0.000000000000000000, 4.064000000000000057 ) ) ;
#2991 = LINE ( 'NONE', #5251, #4614 ) ;
#2992 = FACE_OUTER_BOUND ( 'NONE', #1504, .T. ) ;
#2993 = CARTESIAN_POINT ( 'NONE',  ( 14.85900000000000354, 0.000000000000000000, 4.064000000000000057 ) ) ;
#2994 = ORIENTED_EDGE ( 'NONE', *, *, #2515, .T. ) ;
#2995 = ORIENTED_EDGE ( 'NONE', *, *, #4870, .T. ) ;
#2996 = DIRECTION ( 'NONE',  ( -1.000000000000000000, 0.000000000000000000, 0.000000000000000000 ) ) ;
#2997 = FACE_OUTER_BOUND ( 'NONE', #2520, .T. ) ;
#2998 = ORIENTED_EDGE ( 'NONE', *, *, #4988, .T. ) ;
#2999 = FACE_OUTER_BOUND ( 'NONE', #5948, .T. ) ;
#3000 = ORIENTED_EDGE ( 'NONE', *, *, #3426, .T. ) ;
#3001 = EDGE_CURVE ( 'NONE', #3111, #1485, #3149, .T. ) ;
#3002 = PLANE ( 'NONE',  #535 ) ;
#3003 = CONTEXT_DEPENDENT_SHAPE_REPRESENTATION ( #2052, #5064 ) ;
#3004 = LINE ( 'NONE', #3596, #1900 ) ;
#3005 = ORIENTED_EDGE ( 'NONE', *, *, #4957, .F. ) ;
#3006 = LINE ( 'NONE', #4733, #2587 ) ;
#3007 = LINE ( 'NONE', #4393, #2451 ) ;
#3008 = ORIENTED_EDGE ( 'NONE', *, *, #1312, .T. ) ;
#3009 = CARTESIAN_POINT ( 'NONE',  ( 0.3175000000000000044, -2.031999999999989814, -0.3175000000000003930 ) ) ;
#3010 = ORIENTED_EDGE ( 'NONE', *, *, #86, .F. ) ;
#3011 = PLANE ( 'NONE',  #5195 ) ;
#3012 = ORIENTED_EDGE ( 'NONE', *, *, #5561, .T. ) ;
#3013 = CARTESIAN_POINT ( 'NONE',  ( 6.032500000000008633, 1.460500000000014786, 1.524000000000000021 ) ) ;
#3014 = EDGE_CURVE ( 'NONE', #181, #1852, #3343, .T. ) ;
#3015 = EDGE_CURVE ( 'NONE', #4445, #1091, #4256, .T. ) ;
#3016 = DIRECTION ( 'NONE',  ( 0.000000000000000000, 0.000000000000000000, -1.000000000000000000 ) ) ;
#3017 = PLANE ( 'NONE',  #1296 ) ;
#3018 = CARTESIAN_POINT ( 'NONE',  ( 0.3810000000000011156, 1.819702678853052132E-15, 4.064000000000000057 ) ) ;
#3019 = EDGE_LOOP ( 'NONE', ( #3271, #2924, #964, #4634 ) ) ;
#3020 = ORIENTED_EDGE ( 'NONE', *, *, #1092, .T. ) ;
#3021 = DIRECTION ( 'NONE',  ( 0.4999999999999943934, 0.8660254037844419273, 0.000000000000000000 ) ) ;
#3022 = CARTESIAN_POINT ( 'NONE',  ( -15.23999999999999844, 2.896088642316250628, 4.064000000000000057 ) ) ;
#3023 = DIRECTION ( 'NONE',  ( 0.4999999999999943934, 0.8660254037844419273, 0.000000000000000000 ) ) ;
#3024 = DIRECTION ( 'NONE',  ( 1.000000000000000000, 0.000000000000000000, 0.000000000000000000 ) ) ;
#3025 = EDGE_LOOP ( 'NONE', ( #3012, #1955, #2319, #5448 ) ) ;
#3026 = ORIENTED_EDGE ( 'NONE', *, *, #2710, .F. ) ;
#3027 = PLANE ( 'NONE',  #1414 ) ;
#3028 = ADVANCED_FACE ( 'NONE', ( #1752 ), #1492, .F. ) ;
#3029 = CARTESIAN_POINT ( 'NONE',  ( 13.08100000000000485, 3.556000000000001826, 4.064000000000000057 ) ) ;
#3030 = CLOSED_SHELL ( 'NONE', ( #5984, #5925, #4382, #563, #1609, #495, #2270, #2417, #5278, #1743, #847, #5294, #5736, #2842 ) ) ;
#3031 = ORIENTED_EDGE ( 'NONE', *, *, #168, .F. ) ;
#3032 = CARTESIAN_POINT ( 'NONE',  ( 27.94000000000000128, 0.000000000000000000, 1.524000000000000021 ) ) ;
#3033 = ADVANCED_FACE ( 'NONE', ( #3233 ), #1380, .F. ) ;
#3034 = EDGE_CURVE ( 'NONE', #6027, #73, #2233, .T. ) ;
#3035 = VECTOR ( 'NONE', #515, 1000.000000000000000 ) ;
#3036 = CARTESIAN_POINT ( 'NONE',  ( 0.3175000000000000044, 1.460500000000001686, -6.785482984263029945E-17 ) ) ;
#3037 = VERTEX_POINT ( 'NONE', #3182 ) ;
#3038 = DIRECTION ( 'NONE',  ( -0.000000000000000000, -0.000000000000000000, -1.000000000000000000 ) ) ;
#3039 = ORIENTED_EDGE ( 'NONE', *, *, #3753, .T. ) ;
#3040 = DIRECTION ( 'NONE',  ( 0.000000000000000000, -1.000000000000000000, 0.000000000000000000 ) ) ;
#3041 = VERTEX_POINT ( 'NONE', #440 ) ;
#3042 = AXIS2_PLACEMENT_3D ( 'NONE', #3722, #5070, #2359 ) ;
#3043 = FACE_OUTER_BOUND ( 'NONE', #2285, .T. ) ;
#3044 = DIRECTION ( 'NONE',  ( 0.8660254037844419273, -0.4999999999999943934, 0.000000000000000000 ) ) ;
#3045 = FACE_OUTER_BOUND ( 'NONE', #3019, .T. ) ;
#3046 = VECTOR ( 'NONE', #5521, 1000.000000000000000 ) ;
#3047 = PLANE ( 'NONE',  #1307 ) ;
#3048 = VECTOR ( 'NONE', #3291, 1000.000000000000000 ) ;
#3049 = VERTEX_POINT ( 'NONE', #4083 ) ;
#3050 = EDGE_LOOP ( 'NONE', ( #800, #4178, #1071, #1846 ) ) ;
#3051 = DIRECTION ( 'NONE',  ( 0.4999999999999943934, 0.8660254037844419273, 0.000000000000000000 ) ) ;
#3052 = VECTOR ( 'NONE', #3120, 1000.000000000000114 ) ;
#3053 = VECTOR ( 'NONE', #3217, 1000.000000000000000 ) ;
#3054 = CARTESIAN_POINT ( 'NONE',  ( -6.032499999999992646, 2.095500000000015017, 4.064000000000000057 ) ) ;
#3055 = CARTESIAN_POINT ( 'NONE',  ( 13.65250000000001052, 1.460500000000014786, 4.064000000000000057 ) ) ;
#3056 = AXIS2_PLACEMENT_3D ( 'NONE', #4895, #1748, #1681 ) ;
#3057 = FACE_OUTER_BOUND ( 'NONE', #1333, .T. ) ;
#3058 = VECTOR ( 'NONE', #224, 1000.000000000000000 ) ;
#3059 = EDGE_CURVE ( 'NONE', #1091, #3582, #1954, .T. ) ;
#3060 = ORIENTED_EDGE ( 'NONE', *, *, #2443, .T. ) ;
#3061 = EDGE_CURVE ( 'NONE', #170, #3103, #4058, .T. ) ;
#3062 = ORIENTED_EDGE ( 'NONE', *, *, #869, .F. ) ;
#3063 = CARTESIAN_POINT ( 'NONE',  ( 3.492500000000007709, 2.095500000000015017, 4.064000000000000057 ) ) ;
#3064 = VECTOR ( 'NONE', #1712, 1000.000000000000000 ) ;
#3065 = DIRECTION ( 'NONE',  ( 1.000000000000000000, 0.000000000000000000, 0.000000000000000000 ) ) ;
#3066 = CARTESIAN_POINT ( 'NONE',  ( -8.572499999999992681, 1.460500000000014786, 4.064000000000000057 ) ) ;
#3067 = AXIS2_PLACEMENT_3D ( 'NONE', #3270, #63, #2843 ) ;
#3068 = VERTEX_POINT ( 'NONE', #874 ) ;
#3069 = FILL_AREA_STYLE_COLOUR ( '', #51 ) ;
#3070 = LINE ( 'NONE', #2103, #2653 ) ;
#3071 = DIRECTION ( 'NONE',  ( -0.000000000000000000, -1.000000000000000000, -0.000000000000000000 ) ) ;
#3072 = ORIENTED_EDGE ( 'NONE', *, *, #4201, .T. ) ;
#3073 = LINE ( 'NONE', #4451, #5487 ) ;
#3074 = ORIENTED_EDGE ( 'NONE', *, *, #5100, .T. ) ;
#3075 = VECTOR ( 'NONE', #2919, 1000.000000000000000 ) ;
#3076 = DIRECTION ( 'NONE',  ( -0.4999999999999943934, -0.8660254037844419273, -0.000000000000000000 ) ) ;
#3077 = PRODUCT_DEFINITION ( 'UNKNOWN', '', #1242, #5616 ) ;
#3078 = LINE ( 'NONE', #5430, #5118 ) ;
#3079 = EDGE_CURVE ( 'NONE', #4686, #5609, #5973, .T. ) ;
#3080 = PLANE ( 'NONE',  #4293 ) ;
#3081 = AXIS2_PLACEMENT_3D ( 'NONE', #5385, #1696, #3995 ) ;
#3082 = SURFACE_SIDE_STYLE ('',( #4555 ) ) ;
#3083 = VERTEX_POINT ( 'NONE', #3653 ) ;
#3084 = VERTEX_POINT ( 'NONE', #3792 ) ;
#3085 = CARTESIAN_POINT ( 'NONE',  ( -12.69999999999999751, 0.6599113576837527528, 4.064000000000000057 ) ) ;
#3086 = CARTESIAN_POINT ( 'NONE',  ( -0.3809999999999958975, 3.556000000000001382, 4.064000000000000057 ) ) ;
#3087 = LINE ( 'NONE', #5466, #3999 ) ;
#3088 = DIRECTION ( 'NONE',  ( -0.4999999999999943934, 0.8660254037844419273, -0.000000000000000000 ) ) ;
#3089 = DIRECTION ( 'NONE',  ( 1.023454825001716575E-15, 1.000000000000000000, -0.000000000000000000 ) ) ;
#3090 = ORIENTED_EDGE ( 'NONE', *, *, #5261, .T. ) ;
#3091 = ORIENTED_EDGE ( 'NONE', *, *, #5261, .F. ) ;
#3092 = SURFACE_STYLE_USAGE ( .BOTH. , #354 ) ;
#3093 = CARTESIAN_POINT ( 'NONE',  ( 12.70000000000000462, 2.896088642316250628, 4.064000000000000057 ) ) ;
#3094 = EDGE_CURVE ( 'NONE', #5260, #1422, #1050, .T. ) ;
#3095 = APPLICATION_PROTOCOL_DEFINITION ( 'draft international standard', 'automotive_design', 1998, #576 ) ;
#3096 = CARTESIAN_POINT ( 'NONE',  ( -5.079999999999997407, 0.6599113576837527528, 4.064000000000000057 ) ) ;
#3097 = ORIENTED_EDGE ( 'NONE', *, *, #3985, .T. ) ;
#3098 = APPLICATION_CONTEXT ( 'automotive_design' ) ;
#3099 = DIRECTION ( 'NONE',  ( -1.000000000000000000, 0.000000000000000000, 0.000000000000000000 ) ) ;
#3100 = DIRECTION ( 'NONE',  ( 0.000000000000000000, 0.000000000000000000, -1.000000000000000000 ) ) ;
#3101 = CARTESIAN_POINT ( 'NONE',  ( 0.3175000000000000044, 2.095500000000001251, -9.735692977420864871E-17 ) ) ;
#3102 = EDGE_CURVE ( 'NONE', #4749, #2365, #2751, .T. ) ;
#3103 = VERTEX_POINT ( 'NONE', #2293 ) ;
#3104 = DIRECTION ( 'NONE',  ( -0.000000000000000000, 1.000000000000000000, -0.000000000000000000 ) ) ;
#3105 = EDGE_LOOP ( 'NONE', ( #1870, #3286, #5799, #5073 ) ) ;
#3106 = DIRECTION ( 'NONE',  ( 1.000000000000000000, 0.000000000000000000, 0.000000000000000000 ) ) ;
#3107 = DIRECTION ( 'NONE',  ( -1.000000000000000000, 1.023454825001716575E-15, 0.000000000000000000 ) ) ;
#3108 = SHAPE_REPRESENTATION ( 'GBC12SBAN', ( #1527, #2988, #4241, #5718, #1051, #5818, #1337, #4525, #3081, #460, #3552, #854, #4719, #5128 ), #5023 ) ;
#3109 = LINE ( 'NONE', #5022, #5877 ) ;
#3110 = LINE ( 'NONE', #2715, #1984 ) ;
#3111 = VERTEX_POINT ( 'NONE', #938 ) ;
#3112 = ORIENTED_EDGE ( 'NONE', *, *, #2360, .F. ) ;
#3113 = FACE_OUTER_BOUND ( 'NONE', #5708, .T. ) ;
#3114 = CARTESIAN_POINT ( 'NONE',  ( -9.207499999999994245, 1.460500000000014786, 4.064000000000000057 ) ) ;
#3115 = DIRECTION ( 'NONE',  ( 0.000000000000000000, -0.000000000000000000, -1.000000000000000000 ) ) ;
#3116 = CARTESIAN_POINT ( 'NONE',  ( 12.70000000000000107, 0.000000000000000000, 4.064000000000000057 ) ) ;
#3117 = FACE_OUTER_BOUND ( 'NONE', #519, .T. ) ;
#3118 = ORIENTED_EDGE ( 'NONE', *, *, #1168, .F. ) ;
#3119 = ORIENTED_EDGE ( 'NONE', *, *, #2879, .T. ) ;
#3120 = DIRECTION ( 'NONE',  ( 0.4999999999999950595, 0.8660254037844414832, 0.000000000000000000 ) ) ;
#3121 = LINE ( 'NONE', #4934, #937 ) ;
#3122 = PRODUCT_CONTEXT ( 'NONE', #4333, 'mechanical' ) ;
#3123 = DIRECTION ( 'NONE',  ( 0.000000000000000000, -0.000000000000000000, 1.000000000000000000 ) ) ;
#3124 = ORIENTED_EDGE ( 'NONE', *, *, #5833, .F. ) ;
#3125 = EDGE_CURVE ( 'NONE', #2302, #1422, #4146, .T. ) ;
#3126 = PLANE ( 'NONE',  #5479 ) ;
#3127 = FACE_OUTER_BOUND ( 'NONE', #5715, .T. ) ;
#3128 = CLOSED_SHELL ( 'NONE', ( #901, #2200, #5952, #795, #1070, #5223, #1942, #1132, #5124, #4951, #1488, #1459, #2530, #962 ) ) ;
#3129 = ORIENTED_EDGE ( 'NONE', *, *, #3996, .T. ) ;
#3130 = CARTESIAN_POINT ( 'NONE',  ( -11.11249999999999183, 2.095500000000015017, 4.064000000000000057 ) ) ;
#3131 = ADVANCED_FACE ( 'NONE', ( #3591 ), #1982, .F. ) ;
#3132 = EDGE_LOOP ( 'NONE', ( #1638, #1830, #5683, #441 ) ) ;
#3133 = ADVANCED_FACE ( 'NONE', ( #3888 ), #648, .T. ) ;
#3134 = DIRECTION ( 'NONE',  ( 0.000000000000000000, -1.000000000000000000, 0.000000000000000000 ) ) ;
#3135 = VECTOR ( 'NONE', #4711, 1000.000000000000000 ) ;
#3136 = LINE ( 'NONE', #1714, #144 ) ;
#3137 = DIRECTION ( 'NONE',  ( -0.8660254037844414832, 0.4999999999999951150, 0.000000000000000000 ) ) ;
#3138 =( NAMED_UNIT ( * ) SI_UNIT ( $, .STERADIAN. ) SOLID_ANGLE_UNIT ( ) );
#3139 = EDGE_CURVE ( 'NONE', #2764, #4673, #2043, .T. ) ;
#3140 = AXIS2_PLACEMENT_3D ( 'NONE', #6008, #1815, #3652 ) ;
#3141 = ORIENTED_EDGE ( 'NONE', *, *, #1630, .F. ) ;
#3142 = EDGE_LOOP ( 'NONE', ( #4592, #4106, #1629, #2599 ) ) ;
#3143 = DIRECTION ( 'NONE',  ( -0.000000000000000000, -1.000000000000000000, -0.000000000000000000 ) ) ;
#3144 = CARTESIAN_POINT ( 'NONE',  ( 0.3175000000000000044, 2.095500000000001251, 3.683000000000000274 ) ) ;
#3145 = VECTOR ( 'NONE', #2071, 1000.000000000000000 ) ;
#3146 = VECTOR ( 'NONE', #1480, 1000.000000000000000 ) ;
#3147 = LINE ( 'NONE', #2144, #905 ) ;
#3148 = FACE_OUTER_BOUND ( 'NONE', #4669, .T. ) ;
#3149 = LINE ( 'NONE', #4535, #2760 ) ;
#3150 = ORIENTED_EDGE ( 'NONE', *, *, #2435, .T. ) ;
#3151 = ORIENTED_EDGE ( 'NONE', *, *, #945, .T. ) ;
#3152 = VECTOR ( 'NONE', #3594, 1000.000000000000000 ) ;
#3153 = DIRECTION ( 'NONE',  ( -1.000000000000000000, -0.000000000000000000, -0.000000000000000000 ) ) ;
#3154 = CARTESIAN_POINT ( 'NONE',  ( -9.778999999999999915, 3.556000000000001826, 4.064000000000000057 ) ) ;
#3155 = VECTOR ( 'NONE', #3354, 1000.000000000000000 ) ;
#3156 = EDGE_CURVE ( 'NONE', #4749, #4593, #3395, .T. ) ;
#3157 = AXIS2_PLACEMENT_3D ( 'NONE', #2371, #4226, #3735 ) ;
#3158 = LINE ( 'NONE', #1338, #5498 ) ;
#3159 = VERTEX_POINT ( 'NONE', #2109 ) ;
#3160 = VECTOR ( 'NONE', #293, 1000.000000000000000 ) ;
#3161 = VECTOR ( 'NONE', #5599, 1000.000000000000114 ) ;
#3162 = LINE ( 'NONE', #979, #3711 ) ;
#3163 = AXIS2_PLACEMENT_3D ( 'NONE', #1385, #3238, #998 ) ;
#3164 = CARTESIAN_POINT ( 'NONE',  ( -0.9524999999999915756, 1.460500000000014786, 4.064000000000000057 ) ) ;
#3165 = ORIENTED_EDGE ( 'NONE', *, *, #86, .T. ) ;
#3166 = DIRECTION ( 'NONE',  ( 1.000000000000000000, 0.000000000000000000, 0.000000000000000000 ) ) ;
#3167 = VERTEX_POINT ( 'NONE', #1078 ) ;
#3168 = FACE_OUTER_BOUND ( 'NONE', #4520, .T. ) ;
#3169 = PRESENTATION_LAYER_ASSIGNMENT (  '', '', ( #5010 ) ) ;
#3170 = SURFACE_STYLE_FILL_AREA ( #2613 ) ;
#3171 = EDGE_CURVE ( 'NONE', #4363, #328, #674, .T. ) ;
#3172 = LINE ( 'NONE', #3956, #3905 ) ;
#3173 = SURFACE_STYLE_USAGE ( .BOTH. , #3553 ) ;
#3174 = STYLED_ITEM ( 'NONE', ( #4912 ), #5936 ) ;
#3175 = EDGE_LOOP ( 'NONE', ( #2241, #4434, #4514, #2752 ) ) ;
#3176 = LINE ( 'NONE', #2207, #3727 ) ;
#3177 = LINE ( 'NONE', #5028, #3636 ) ;
#3178 = LINE ( 'NONE', #6035, #806 ) ;
#3179 = CARTESIAN_POINT ( 'NONE',  ( 6.667500000000008420, 2.095500000000015017, 4.064000000000000057 ) ) ;
#3180 = EDGE_CURVE ( 'NONE', #2617, #4484, #2923, .T. ) ;
#3181 = PLANE ( 'NONE',  #5387 ) ;
#3182 = CARTESIAN_POINT ( 'NONE',  ( -9.207499999999994245, 2.095500000000015017, 1.524000000000000021 ) ) ;
#3183 = VERTEX_POINT ( 'NONE', #3371 ) ;
#3184 = EDGE_CURVE ( 'NONE', #3582, #5147, #1101, .T. ) ;
#3185 = ORIENTED_EDGE ( 'NONE', *, *, #2107, .F. ) ;
#3186 = LINE ( 'NONE', #1839, #1713 ) ;
#3187 = LINE ( 'NONE', #1271, #1498 ) ;
#3188 = LINE ( 'NONE', #5538, #5320 ) ;
#3189 = DIRECTION ( 'NONE',  ( -0.000000000000000000, -0.000000000000000000, -1.000000000000000000 ) ) ;
#3190 = ORIENTED_EDGE ( 'NONE', *, *, #5027, .T. ) ;
#3191 = DIRECTION ( 'NONE',  ( -1.000000000000000000, 0.000000000000000000, 0.000000000000000000 ) ) ;
#3192 = DIRECTION ( 'NONE',  ( -1.000000000000000000, 1.023454825001716575E-15, 0.000000000000000000 ) ) ;
#3193 = CARTESIAN_POINT ( 'NONE',  ( 0.000000000000000000, 0.000000000000000000, 1.524000000000000021 ) ) ;
#3194 = ORIENTED_EDGE ( 'NONE', *, *, #1311, .F. ) ;
#3195 = CARTESIAN_POINT ( 'NONE',  ( 13.08100000000000485, 1.819702678853052132E-15, 1.524000000000000021 ) ) ;
#3196 = ORIENTED_EDGE ( 'NONE', *, *, #5136, .F. ) ;
#3197 = CARTESIAN_POINT ( 'NONE',  ( 3.469446951953614189E-15, 0.6599113576837528639, 1.524000000000000021 ) ) ;
#3198 = FACE_OUTER_BOUND ( 'NONE', #4875, .T. ) ;
#3199 = DIRECTION ( 'NONE',  ( -1.000000000000000000, -0.000000000000000000, -0.000000000000000000 ) ) ;
#3200 = CARTESIAN_POINT ( 'NONE',  ( 15.24000000000000021, 0.000000000000000000, 4.064000000000000057 ) ) ;
#3201 = ORIENTED_EDGE ( 'NONE', *, *, #3899, .T. ) ;
#3202 = ADVANCED_FACE ( 'NONE', ( #5707 ), #3011, .T. ) ;
#3203 = DIRECTION ( 'NONE',  ( 0.9848077530122086864, -0.1736481776669275001, 0.000000000000000000 ) ) ;
#3204 = LINE ( 'NONE', #3587, #5605 ) ;
#3205 = LINE ( 'NONE', #3466, #1482 ) ;
#3206 = CARTESIAN_POINT ( 'NONE',  ( -13.08099999999999774, 3.556000000000001382, 4.064000000000000057 ) ) ;
#3207 = DIRECTION ( 'NONE',  ( 0.000000000000000000, 1.000000000000000000, 0.000000000000000000 ) ) ;
#3208 = ORIENTED_EDGE ( 'NONE', *, *, #4275, .F. ) ;
#3209 = ORIENTED_EDGE ( 'NONE', *, *, #4701, .F. ) ;
#3210 =( LENGTH_UNIT ( ) NAMED_UNIT ( * ) SI_UNIT ( .MILLI., .METRE. ) );
#3211 = LINE ( 'NONE', #1821, #3346 ) ;
#3212 = LINE ( 'NONE', #2820, #2774 ) ;
#3213 = ADVANCED_FACE ( 'NONE', ( #3428 ), #2429, .T. ) ;
#3214 = VERTEX_POINT ( 'NONE', #2521 ) ;
#3215 = SURFACE_STYLE_FILL_AREA ( #1826 ) ;
#3216 = CARTESIAN_POINT ( 'NONE',  ( -11.74749999999999162, 2.095500000000015017, 1.524000000000000021 ) ) ;
#3217 = DIRECTION ( 'NONE',  ( 0.000000000000000000, 4.645999989224937887E-17, 1.000000000000000000 ) ) ;
#3218 = ORIENTED_EDGE ( 'NONE', *, *, #2669, .T. ) ;
#3219 = DIRECTION ( 'NONE',  ( -0.000000000000000000, 1.000000000000000000, -0.000000000000000000 ) ) ;
#3220 = ORIENTED_EDGE ( 'NONE', *, *, #1209, .T. ) ;
#3221 = CARTESIAN_POINT ( 'NONE',  ( 10.16000000000000369, 0.6599113576837528639, 4.064000000000000057 ) ) ;
#3222 = EDGE_CURVE ( 'NONE', #4737, #5139, #4281, .T. ) ;
#3223 = CARTESIAN_POINT ( 'NONE',  ( 8.572500000000008669, 1.460500000000014786, 1.524000000000000021 ) ) ;
#3224 = FACE_OUTER_BOUND ( 'NONE', #1034, .T. ) ;
#3225 = PLANE ( 'NONE',  #6000 ) ;
#3226 = ORIENTED_EDGE ( 'NONE', *, *, #3222, .F. ) ;
#3227 = CLOSED_SHELL ( 'NONE', ( #5671, #3639, #4474, #4914, #1924, #5822, #500, #5767, #2909, #2263, #1853, #1021, #638, #138 ) ) ;
#3228 = DIRECTION ( 'NONE',  ( 0.000000000000000000, 1.000000000000000000, -5.787813545898859199E-17 ) ) ;
#3229 = LINE ( 'NONE', #56, #1039 ) ;
#3230 = CARTESIAN_POINT ( 'NONE',  ( -12.69999999999999751, 2.896088642316250183, 4.064000000000000057 ) ) ;
#3231 = DIRECTION ( 'NONE',  ( 0.000000000000000000, 1.000000000000000000, 0.000000000000000000 ) ) ;
#3232 = VECTOR ( 'NONE', #5048, 1000.000000000000114 ) ;
#3233 = FACE_OUTER_BOUND ( 'NONE', #1792, .T. ) ;
#3234 = EDGE_LOOP ( 'NONE', ( #2994, #4814, #4290, #17 ) ) ;
#3235 = ORIENTED_EDGE ( 'NONE', *, *, #5162, .F. ) ;
#3236 = PRESENTATION_STYLE_ASSIGNMENT (( #5684 ) ) ;
#3237 = AXIS2_PLACEMENT_3D ( 'NONE', #3116, #4929, #897 ) ;
#3238 = DIRECTION ( 'NONE',  ( -0.8660254037844419273, -0.4999999999999943934, 0.000000000000000000 ) ) ;
#3239 = ORIENTED_EDGE ( 'NONE', *, *, #2185, .F. ) ;
#3240 = EDGE_CURVE ( 'NONE', #5413, #632, #200, .T. ) ;
#3241 = VECTOR ( 'NONE', #250, 1000.000000000000000 ) ;
#3242 = CARTESIAN_POINT ( 'NONE',  ( -2.539999999999996927, 0.6599113576837527528, 4.064000000000000057 ) ) ;
#3243 = VERTEX_POINT ( 'NONE', #3919 ) ;
#3244 = ORIENTED_EDGE ( 'NONE', *, *, #2538, .F. ) ;
#3245 =( GEOMETRIC_REPRESENTATION_CONTEXT ( 3 ) GLOBAL_UNCERTAINTY_ASSIGNED_CONTEXT ( ( #2742 ) ) GLOBAL_UNIT_ASSIGNED_CONTEXT ( ( #3210, #62, #4628 ) ) REPRESENTATION_CONTEXT ( 'NONE', 'WORKASPACE' ) );
#3246 = VECTOR ( 'NONE', #4181, 1000.000000000000000 ) ;
#3247 = FACE_OUTER_BOUND ( 'NONE', #4575, .T. ) ;
#3248 = CARTESIAN_POINT ( 'NONE',  ( 9.779000000000003467, 0.000000000000000000, 1.524000000000000021 ) ) ;
#3249 = LINE ( 'NONE', #4130, #2666 ) ;
#3250 = VERTEX_POINT ( 'NONE', #5800 ) ;
#3251 = DIRECTION ( 'NONE',  ( 1.000000000000000000, -1.023454825001716575E-15, 0.000000000000000000 ) ) ;
#3252 = VECTOR ( 'NONE', #2045, 1000.000000000000000 ) ;
#3253 = VECTOR ( 'NONE', #1363, 1000.000000000000000 ) ;
#3254 = ORIENTED_EDGE ( 'NONE', *, *, #1058, .F. ) ;
#3255 = LINE ( 'NONE', #5117, #1511 ) ;
#3256 = AXIS2_PLACEMENT_3D ( 'NONE', #2776, #4100, #5575 ) ;
#3257 = CARTESIAN_POINT ( 'NONE',  ( -12.31899999999999906, 3.556000000000001826, 4.064000000000000057 ) ) ;
#3258 = FACE_OUTER_BOUND ( 'NONE', #5449, .T. ) ;
#3259 = ORIENTED_EDGE ( 'NONE', *, *, #68, .F. ) ;
#3260 = VECTOR ( 'NONE', #5678, 1000.000000000000000 ) ;
#3261 = DIRECTION ( 'NONE',  ( 0.8660254037844419273, -0.4999999999999943934, 0.000000000000000000 ) ) ;
#3262 = CARTESIAN_POINT ( 'NONE',  ( 4.699000000000003396, 3.556000000000001382, 4.064000000000000057 ) ) ;
#3263 = LINE ( 'NONE', #436, #1875 ) ;
#3264 = AXIS2_PLACEMENT_3D ( 'NONE', #5897, #2713, #2249 ) ;
#3265 = LINE ( 'NONE', #3315, #2557 ) ;
#3266 = EDGE_LOOP ( 'NONE', ( #2791, #3472, #3951, #556 ) ) ;
#3267 = VERTEX_POINT ( 'NONE', #1526 ) ;
#3268 = SURFACE_STYLE_USAGE ( .BOTH. , #1417 ) ;
#3269 = AXIS2_PLACEMENT_3D ( 'NONE', #889, #924, #2452 ) ;
#3270 = CARTESIAN_POINT ( 'NONE',  ( -5.460999999999998522, 0.000000000000000000, 4.064000000000000057 ) ) ;
#3271 = ORIENTED_EDGE ( 'NONE', *, *, #5207, .F. ) ;
#3272 = CARTESIAN_POINT ( 'NONE',  ( -11.11249999999999183, 1.460500000000014786, 1.524000000000000021 ) ) ;
#3273 = ORIENTED_EDGE ( 'NONE', *, *, #2936, .T. ) ;
#3274 = ORIENTED_EDGE ( 'NONE', *, *, #1943, .T. ) ;
#3275 = EDGE_CURVE ( 'NONE', #328, #984, #4485, .T. ) ;
#3276 = EDGE_CURVE ( 'NONE', #391, #2040, #4763, .T. ) ;
#3277 =( LENGTH_UNIT ( ) NAMED_UNIT ( * ) SI_UNIT ( .MILLI., .METRE. ) );
#3278 = DIRECTION ( 'NONE',  ( 0.4999999999999950595, 0.8660254037844414832, 0.000000000000000000 ) ) ;
#3279 = CARTESIAN_POINT ( 'NONE',  ( 1.734723475976807094E-15, 0.6599113576837527528, 1.524000000000000021 ) ) ;
#3280 = ORIENTED_EDGE ( 'NONE', *, *, #163, .F. ) ;
#3281 = CARTESIAN_POINT ( 'NONE',  ( -4.698999999999998067, 1.819702678853052132E-15, 4.064000000000000057 ) ) ;
#3282 = EDGE_LOOP ( 'NONE', ( #5227, #2884, #5001, #5975 ) ) ;
#3283 = DIRECTION ( 'NONE',  ( -0.000000000000000000, -0.000000000000000000, -1.000000000000000000 ) ) ;
#3284 = LINE ( 'NONE', #2740, #3035 ) ;
#3285 = EDGE_CURVE ( 'NONE', #3049, #251, #5341, .T. ) ;
#3286 = ORIENTED_EDGE ( 'NONE', *, *, #4728, .F. ) ;
#3287 = ADVANCED_FACE ( 'NONE', ( #612 ), #4397, .F. ) ;
#3288 = CARTESIAN_POINT ( 'NONE',  ( -2.539999999999996927, 2.896088642316250628, 1.524000000000000021 ) ) ;
#3289 = DIRECTION ( 'NONE',  ( -0.000000000000000000, -0.000000000000000000, -1.000000000000000000 ) ) ;
#3290 = CARTESIAN_POINT ( 'NONE',  ( -7.619999999999998330, 2.896088642316250628, 1.524000000000000021 ) ) ;
#3291 = DIRECTION ( 'NONE',  ( 1.000000000000000000, 0.000000000000000000, 0.000000000000000000 ) ) ;
#3292 = VERTEX_POINT ( 'NONE', #3487 ) ;
#3293 = EDGE_LOOP ( 'NONE', ( #5152, #4296, #4274, #5839, #4925, #1179, #1249, #2031 ) ) ;
#3294 = LINE ( 'NONE', #4657, #1420 ) ;
#3295 = EDGE_CURVE ( 'NONE', #716, #5254, #5365, .T. ) ;
#3296 = ORIENTED_EDGE ( 'NONE', *, *, #868, .T. ) ;
#3297 = CARTESIAN_POINT ( 'NONE',  ( -11.74749999999999162, 1.460500000000014786, 4.064000000000000057 ) ) ;
#3298 = EDGE_LOOP ( 'NONE', ( #2542, #1880, #5989, #5875 ) ) ;
#3299 = ORIENTED_EDGE ( 'NONE', *, *, #2971, .F. ) ;
#3300 = LINE ( 'NONE', #1126, #3146 ) ;
#3301 = LINE ( 'NONE', #1797, #4021 ) ;
#3302 = EDGE_LOOP ( 'NONE', ( #488, #2178, #1934, #152 ) ) ;
#3303 = CARTESIAN_POINT ( 'NONE',  ( 0.3175000000000000044, 1.460500000000001908, 3.683000000000000274 ) ) ;
#3304 = VERTEX_POINT ( 'NONE', #1709 ) ;
#3305 = LINE ( 'NONE', #3337, #2094 ) ;
#3306 = DIRECTION ( 'NONE',  ( 0.000000000000000000, -1.446953386474714677E-16, 1.000000000000000000 ) ) ;
#3307 =( NAMED_UNIT ( * ) SI_UNIT ( $, .STERADIAN. ) SOLID_ANGLE_UNIT ( ) );
#3308 = EDGE_CURVE ( 'NONE', #143, #3778, #4098, .T. ) ;
#3309 = EDGE_CURVE ( 'NONE', #3895, #2847, #3604, .T. ) ;
#3310 = ORIENTED_EDGE ( 'NONE', *, *, #4349, .F. ) ;
#3311 = CARTESIAN_POINT ( 'NONE',  ( 10.16000000000000369, 2.896088642316250628, 4.064000000000000057 ) ) ;
#3312 = PRODUCT_DEFINITION_SHAPE ( 'NONE', 'NONE',  #6068 ) ;
#3313 = CARTESIAN_POINT ( 'NONE',  ( 1.734723475976807094E-15, 2.896088642316250628, 4.064000000000000057 ) ) ;
#3314 = DIRECTION ( 'NONE',  ( 0.000000000000000000, -0.000000000000000000, -1.000000000000000000 ) ) ;
#3315 = CARTESIAN_POINT ( 'NONE',  ( -0.3175000000000000044, 4.594077002057220799E-17, -0.3175000000000001155 ) ) ;
#3316 = ORIENTED_EDGE ( 'NONE', *, *, #1591, .T. ) ;
#3317 = VERTEX_POINT ( 'NONE', #3512 ) ;
#3318 = DIRECTION ( 'NONE',  ( -0.000000000000000000, -0.9848077530122085754, -0.1736481776669276389 ) ) ;
#3319 = EDGE_CURVE ( 'NONE', #5308, #5322, #5961, .T. ) ;
#3320 = AXIS2_PLACEMENT_3D ( 'NONE', #1548, #2517, #3368 ) ;
#3321 = ORIENTED_EDGE ( 'NONE', *, *, #315, .T. ) ;
#3322 = DIRECTION ( 'NONE',  ( 1.023454825001716575E-15, 1.000000000000000000, -0.000000000000000000 ) ) ;
#3323 = EDGE_LOOP ( 'NONE', ( #284, #2753, #879, #3729 ) ) ;
#3324 = VECTOR ( 'NONE', #2420, 1000.000000000000000 ) ;
#3325 = VERTEX_POINT ( 'NONE', #3575 ) ;
#3326 =( LENGTH_UNIT ( ) NAMED_UNIT ( * ) SI_UNIT ( .MILLI., .METRE. ) );
#3327 = EDGE_CURVE ( 'NONE', #3304, #1961, #1799, .T. ) ;
#3328 = AXIS2_PLACEMENT_3D ( 'NONE', #5815, #4465, #2623 ) ;
#3329 = VECTOR ( 'NONE', #836, 1000.000000000000000 ) ;
#3330 = LINE ( 'NONE', #2480, #4486 ) ;
#3331 = CARTESIAN_POINT ( 'NONE',  ( 2.540000000000002256, 2.896088642316250183, 4.064000000000000057 ) ) ;
#3332 = VERTEX_POINT ( 'NONE', #3978 ) ;
#3333 = LINE ( 'NONE', #1544, #3335 ) ;
#3334 = ORIENTED_EDGE ( 'NONE', *, *, #275, .F. ) ;
#3335 = VECTOR ( 'NONE', #2512, 1000.000000000000000 ) ;
#3336 = VECTOR ( 'NONE', #4366, 1000.000000000000000 ) ;
#3337 = CARTESIAN_POINT ( 'NONE',  ( 5.080000000000002736, 2.896088642316250183, 1.524000000000000021 ) ) ;
#3338 = EDGE_CURVE ( 'NONE', #2353, #1371, #3641, .T. ) ;
#3339 = LINE ( 'NONE', #4705, #4479 ) ;
#3340 = VECTOR ( 'NONE', #558, 1000.000000000000000 ) ;
#3341 = DIRECTION ( 'NONE',  ( -1.000000000000000000, 0.000000000000000000, 0.000000000000000000 ) ) ;
#3342 = AXIS2_PLACEMENT_3D ( 'NONE', #1477, #5198, #1036 ) ;
#3343 = LINE ( 'NONE', #4999, #1303 ) ;
#3344 = ORIENTED_EDGE ( 'NONE', *, *, #1893, .F. ) ;
#3345 = LINE ( 'NONE', #5221, #2375 ) ;
#3346 = VECTOR ( 'NONE', #780, 1000.000000000000000 ) ;
#3347 = EDGE_CURVE ( 'NONE', #4408, #5761, #2585, .T. ) ;
#3348 = PLANE ( 'NONE',  #1810 ) ;
#3349 = DIRECTION ( 'NONE',  ( 0.000000000000000000, 0.000000000000000000, -1.000000000000000000 ) ) ;
#3350 = CARTESIAN_POINT ( 'NONE',  ( -9.207499999999994245, 1.460500000000014786, 1.524000000000000021 ) ) ;
#3351 = AXIS2_PLACEMENT_3D ( 'NONE', #5942, #5054, #1265 ) ;
#3352 = ORIENTED_EDGE ( 'NONE', *, *, #36, .F. ) ;
#3353 = ORIENTED_EDGE ( 'NONE', *, *, #3347, .F. ) ;
#3354 = DIRECTION ( 'NONE',  ( -0.000000000000000000, -0.000000000000000000, -1.000000000000000000 ) ) ;
#3355 = DIRECTION ( 'NONE',  ( 1.000000000000000000, 0.000000000000000000, 0.000000000000000000 ) ) ;
#3356 = EDGE_CURVE ( 'NONE', #5052, #4702, #3073, .T. ) ;
#3357 = VECTOR ( 'NONE', #3835, 1000.000000000000000 ) ;
#3358 = DIRECTION ( 'NONE',  ( 0.8660254037844419273, -0.4999999999999943934, 0.000000000000000000 ) ) ;
#3359 = DIRECTION ( 'NONE',  ( 0.000000000000000000, 0.000000000000000000, -1.000000000000000000 ) ) ;
#3360 = ORIENTED_EDGE ( 'NONE', *, *, #2894, .T. ) ;
#3361 = EDGE_CURVE ( 'NONE', #512, #266, #2709, .T. ) ;
#3362 = FACE_OUTER_BOUND ( 'NONE', #5638, .T. ) ;
#3363 = CARTESIAN_POINT ( 'NONE',  ( -2.539999999999996927, 2.896088642316250183, 4.064000000000000057 ) ) ;
#3364 = VERTEX_POINT ( 'NONE', #1768 ) ;
#3365 = CARTESIAN_POINT ( 'NONE',  ( 7.239000000000002544, 0.000000000000000000, 4.064000000000000057 ) ) ;
#3366 = VERTEX_POINT ( 'NONE', #392 ) ;
#3367 = CARTESIAN_POINT ( 'NONE',  ( 0.3810000000000011156, 1.819702678853052132E-15, 1.524000000000000021 ) ) ;
#3368 = DIRECTION ( 'NONE',  ( 0.000000000000000000, 0.000000000000000000, 1.000000000000000000 ) ) ;
#3369 = ORIENTED_EDGE ( 'NONE', *, *, #1349, .F. ) ;
#3370 = LINE ( 'NONE', #4517, #1698 ) ;
#3371 = CARTESIAN_POINT ( 'NONE',  ( -0.3175000000000000044, -2.031999999999989814, 0.3174999999999997824 ) ) ;
#3372 = EDGE_LOOP ( 'NONE', ( #5625, #4937, #4757, #1066, #1436, #1593, #2029, #3468 ) ) ;
#3373 = DIRECTION ( 'NONE',  ( 1.000000000000000000, 0.000000000000000000, 0.000000000000000000 ) ) ;
#3374 = CARTESIAN_POINT ( 'NONE',  ( -5.460999999999998522, 0.000000000000000000, 4.064000000000000057 ) ) ;
#3375 = LINE ( 'NONE', #618, #4871 ) ;
#3376 = CARTESIAN_POINT ( 'NONE',  ( 7.239000000000002544, 0.000000000000000000, 1.524000000000000021 ) ) ;
#3377 = EDGE_CURVE ( 'NONE', #4737, #1388, #3546, .T. ) ;
#3378 = ORIENTED_EDGE ( 'NONE', *, *, #2499, .T. ) ;
#3379 = ORIENTED_EDGE ( 'NONE', *, *, #1354, .F. ) ;
#3380 = DIRECTION ( 'NONE',  ( -0.000000000000000000, 0.000000000000000000, -1.000000000000000000 ) ) ;
#3381 = LINE ( 'NONE', #711, #5378 ) ;
#3382 = PLANE ( 'NONE',  #1030 ) ;
#3383 = ADVANCED_FACE ( 'NONE', ( #4944, #4429 ), #5426, .T. ) ;
#3384 = EDGE_CURVE ( 'NONE', #2405, #181, #5857, .T. ) ;
#3385 = ORIENTED_EDGE ( 'NONE', *, *, #913, .F. ) ;
#3386 = FILL_AREA_STYLE ('',( #541 ) ) ;
#3387 = DIRECTION ( 'NONE',  ( -0.4999999999999945599, 0.8660254037844418162, 0.000000000000000000 ) ) ;
#3388 = CARTESIAN_POINT ( 'NONE',  ( -0.3175000000000000044, 1.206500000000002126, 0.5714999999999996749 ) ) ;
#3389 = DIRECTION ( 'NONE',  ( -0.000000000000000000, 0.000000000000000000, 1.000000000000000000 ) ) ;
#3390 = VERTEX_POINT ( 'NONE', #1669 ) ;
#3391 = CARTESIAN_POINT ( 'NONE',  ( -5.079999999999997407, 2.896088642316250183, 4.064000000000000057 ) ) ;
#3392 = FACE_OUTER_BOUND ( 'NONE', #2332, .T. ) ;
#3393 = VERTEX_POINT ( 'NONE', #3130 ) ;
#3394 = DIRECTION ( 'NONE',  ( -1.000000000000000000, 1.023454825001716575E-15, 0.000000000000000000 ) ) ;
#3395 = LINE ( 'NONE', #4314, #3616 ) ;
#3396 = UNCERTAINTY_MEASURE_WITH_UNIT (LENGTH_MEASURE( 1.000000000000000082E-05 ), #221, 'distance_accuracy_value', 'NONE');
#3397 = EDGE_LOOP ( 'NONE', ( #2716, #3684, #67, #1728 ) ) ;
#3398 = EDGE_CURVE ( 'NONE', #3049, #5105, #764, .T. ) ;
#3399 = FACE_OUTER_BOUND ( 'NONE', #1076, .T. ) ;
#3400 = DIRECTION ( 'NONE',  ( -1.000000000000000000, -0.000000000000000000, -0.000000000000000000 ) ) ;
#3401 = EDGE_CURVE ( 'NONE', #4475, #170, #1255, .T. ) ;
#3402 = PLANE ( 'NONE',  #5577 ) ;
#3403 = PLANE ( 'NONE',  #3520 ) ;
#3404 = ADVANCED_FACE ( 'NONE', ( #792 ), #4483, .F. ) ;
#3405 = VERTEX_POINT ( 'NONE', #2195 ) ;
#3406 = ORIENTED_EDGE ( 'NONE', *, *, #1421, .T. ) ;
#3407 = CARTESIAN_POINT ( 'NONE',  ( -0.9524999999999915756, 1.460500000000014786, 4.064000000000000057 ) ) ;
#3408 = DIRECTION ( 'NONE',  ( 0.000000000000000000, 1.000000000000000000, 0.000000000000000000 ) ) ;
#3409 = LINE ( 'NONE', #1596, #305 ) ;
#3410 = CARTESIAN_POINT ( 'NONE',  ( 7.620000000000003659, 0.6599113576837527528, 1.524000000000000021 ) ) ;
#3411 = ORIENTED_EDGE ( 'NONE', *, *, #1643, .F. ) ;
#3412 = VECTOR ( 'NONE', #747, 1000.000000000000000 ) ;
#3413 = EDGE_CURVE ( 'NONE', #2847, #584, #4045, .T. ) ;
#3414 = DIRECTION ( 'NONE',  ( 1.000000000000000000, 0.000000000000000000, 0.000000000000000000 ) ) ;
#3415 = DIRECTION ( 'NONE',  ( -0.000000000000000000, -0.000000000000000000, -1.000000000000000000 ) ) ;
#3416 = DIRECTION ( 'NONE',  ( 0.000000000000000000, 1.000000000000000000, 0.000000000000000000 ) ) ;
#3417 = AXIS2_PLACEMENT_3D ( 'NONE', #4433, #3137, #1195 ) ;
#3418 = CARTESIAN_POINT ( 'NONE',  ( 0.2279258938000999768, 2.095500000000001695, 9.906000000000000583 ) ) ;
#3419 = ORIENTED_EDGE ( 'NONE', *, *, #5748, .F. ) ;
#3420 = VECTOR ( 'NONE', #3104, 1000.000000000000000 ) ;
#3421 = VECTOR ( 'NONE', #1855, 1000.000000000000000 ) ;
#3422 = FACE_OUTER_BOUND ( 'NONE', #4851, .T. ) ;
#3423 = DIRECTION ( 'NONE',  ( 0.000000000000000000, 1.000000000000000000, 0.000000000000000000 ) ) ;
#3424 = VERTEX_POINT ( 'NONE', #5456 ) ;
#3425 = CARTESIAN_POINT ( 'NONE',  ( -4.698999999999998067, 1.819702678853052132E-15, 4.064000000000000057 ) ) ;
#3426 = EDGE_CURVE ( 'NONE', #2042, #547, #1281, .T. ) ;
#3427 = EDGE_LOOP ( 'NONE', ( #4171, #3463, #911, #1747 ) ) ;
#3428 = FACE_OUTER_BOUND ( 'NONE', #2581, .T. ) ;
#3429 = VECTOR ( 'NONE', #2262, 1000.000000000000000 ) ;
#3430 = VECTOR ( 'NONE', #5589, 1000.000000000000000 ) ;
#3431 = EDGE_LOOP ( 'NONE', ( #4084, #2930, #180, #3459 ) ) ;
#3432 = DIRECTION ( 'NONE',  ( 1.000000000000000000, 0.000000000000000000, -0.000000000000000000 ) ) ;
#3433 = DIRECTION ( 'NONE',  ( 0.000000000000000000, -1.000000000000000000, 0.000000000000000000 ) ) ;
#3434 = AXIS2_PLACEMENT_3D ( 'NONE', #3866, #3432, #4739 ) ;
#3435 = VECTOR ( 'NONE', #1946, 1000.000000000000000 ) ;
#3436 = CARTESIAN_POINT ( 'NONE',  ( 22.86000000000000298, 0.000000000000000000, 1.524000000000000021 ) ) ;
#3437 = CARTESIAN_POINT ( 'NONE',  ( 7.620000000000003659, 2.896088642316250628, 4.064000000000000057 ) ) ;
#3438 = EDGE_CURVE ( 'NONE', #5219, #875, #2308, .T. ) ;
#3439 = ORIENTED_EDGE ( 'NONE', *, *, #241, .T. ) ;
#3440 = ORIENTED_EDGE ( 'NONE', *, *, #3610, .T. ) ;
#3441 = VECTOR ( 'NONE', #2892, 1000.000000000000000 ) ;
#3442 = AXIS2_PLACEMENT_3D ( 'NONE', #5913, #2056, #3024 ) ;
#3443 = PLANE ( 'NONE',  #1315 ) ;
#3444 = CARTESIAN_POINT ( 'NONE',  ( -0.3809999999999976739, 0.000000000000000000, 1.524000000000000021 ) ) ;
#3445 = ORIENTED_EDGE ( 'NONE', *, *, #4832, .T. ) ;
#3446 = VECTOR ( 'NONE', #3987, 1000.000000000000000 ) ;
#3447 = PLANE ( 'NONE',  #3442 ) ;
#3448 = VERTEX_POINT ( 'NONE', #2333 ) ;
#3449 = AXIS2_PLACEMENT_3D ( 'NONE', #3774, #5098, #1874 ) ;
#3450 = DIRECTION ( 'NONE',  ( -0.000000000000000000, -0.000000000000000000, -1.000000000000000000 ) ) ;
#3451 = CARTESIAN_POINT ( 'NONE',  ( -3.809999999999990283, 1.322726650432315409E-14, 6.505213034913026604E-16 ) ) ;
#3452 = COLOUR_RGB ( '',0.2509803921568627416, 0.2509803921568627416, 0.2509803921568627416 ) ;
#3453 = DIRECTION ( 'NONE',  ( -1.000000000000000000, -0.000000000000000000, -0.000000000000000000 ) ) ;
#3454 = EDGE_CURVE ( 'NONE', #1153, #5463, #1345, .T. ) ;
#3455 = ORIENTED_EDGE ( 'NONE', *, *, #4923, .T. ) ;
#3456 = MECHANICAL_DESIGN_GEOMETRIC_PRESENTATION_REPRESENTATION (  '', ( #3174 ), #1046 ) ;
#3457 = DIRECTION ( 'NONE',  ( -0.4999999999999943934, -0.8660254037844419273, -0.000000000000000000 ) ) ;
#3458 = CARTESIAN_POINT ( 'NONE',  ( -2.920999999999998042, 0.000000000000000000, 4.064000000000000057 ) ) ;
#3459 = ORIENTED_EDGE ( 'NONE', *, *, #5412, .T. ) ;
#3460 = PLANE ( 'NONE',  #1989 ) ;
#3461 = ORIENTED_EDGE ( 'NONE', *, *, #2035, .F. ) ;
#3462 = DIRECTION ( 'NONE',  ( 0.000000000000000000, -1.000000000000000000, 0.000000000000000000 ) ) ;
#3463 = ORIENTED_EDGE ( 'NONE', *, *, #1209, .F. ) ;
#3464 = CARTESIAN_POINT ( 'NONE',  ( 2.540000000000002256, 0.6599113576837527528, 1.524000000000000021 ) ) ;
#3465 = DIRECTION ( 'NONE',  ( 1.000000000000000000, 0.000000000000000000, 0.000000000000000000 ) ) ;
#3466 = CARTESIAN_POINT ( 'NONE',  ( -12.69999999999999751, 2.896088642316250628, 4.064000000000000057 ) ) ;
#3467 = LINE ( 'NONE', #2928, #1208 ) ;
#3468 = ORIENTED_EDGE ( 'NONE', *, *, #5632, .F. ) ;
#3469 = ORIENTED_EDGE ( 'NONE', *, *, #2038, .F. ) ;
#3470 = CARTESIAN_POINT ( 'NONE',  ( 2.159000000000002917, 3.556000000000001382, 1.524000000000000021 ) ) ;
#3471 = CARTESIAN_POINT ( 'NONE',  ( -11.11249999999999183, 1.460500000000014786, 1.524000000000000021 ) ) ;
#3472 = ORIENTED_EDGE ( 'NONE', *, *, #963, .F. ) ;
#3473 = CARTESIAN_POINT ( 'NONE',  ( 13.65250000000001052, 2.095500000000015017, 1.524000000000000021 ) ) ;
#3474 = ORIENTED_EDGE ( 'NONE', *, *, #4716, .T. ) ;
#3475 = ORIENTED_EDGE ( 'NONE', *, *, #2168, .T. ) ;
#3476 = EDGE_CURVE ( 'NONE', #3632, #1131, #983, .T. ) ;
#3477 = PLANE ( 'NONE',  #640 ) ;
#3478 = DIRECTION ( 'NONE',  ( 0.000000000000000000, 0.000000000000000000, 1.000000000000000000 ) ) ;
#3479 = DIRECTION ( 'NONE',  ( -0.000000000000000000, -0.000000000000000000, -1.000000000000000000 ) ) ;
#3480 = ORIENTED_EDGE ( 'NONE', *, *, #3102, .T. ) ;
#3481 = FACE_BOUND ( 'NONE', #2584, .T. ) ;
#3482 = CARTESIAN_POINT ( 'NONE',  ( -14.28749999999999254, 1.460500000000014786, 4.064000000000000057 ) ) ;
#3483 = VERTEX_POINT ( 'NONE', #5544 ) ;
#3484 = CARTESIAN_POINT ( 'NONE',  ( 1.587500000000007239, 2.095500000000015017, 4.064000000000000057 ) ) ;
#3485 = EDGE_CURVE ( 'NONE', #370, #126, #4698, .T. ) ;
#3486 = ORIENTED_EDGE ( 'NONE', *, *, #5885, .F. ) ;
#3487 = CARTESIAN_POINT ( 'NONE',  ( 9.779000000000005244, 3.556000000000001382, 1.524000000000000021 ) ) ;
#3488 = VERTEX_POINT ( 'NONE', #45 ) ;
#3489 = CARTESIAN_POINT ( 'NONE',  ( 10.16000000000000369, 2.896088642316250628, 1.524000000000000021 ) ) ;
#3490 = CARTESIAN_POINT ( 'NONE',  ( -2.158999999999997588, 3.556000000000001826, 4.064000000000000057 ) ) ;
#3491 = EDGE_CURVE ( 'NONE', #4363, #997, #2803, .T. ) ;
#3492 = CARTESIAN_POINT ( 'NONE',  ( -12.69999999999999751, 0.6599113576837527528, 1.524000000000000021 ) ) ;
#3493 = DIRECTION ( 'NONE',  ( -0.8660254037844414832, 0.4999999999999951150, 0.000000000000000000 ) ) ;
#3494 = ORIENTED_EDGE ( 'NONE', *, *, #4676, .F. ) ;
#3495 = ORIENTED_EDGE ( 'NONE', *, *, #5775, .T. ) ;
#3496 = CARTESIAN_POINT ( 'NONE',  ( 0.9525000000000071188, 1.460500000000014786, 1.524000000000000021 ) ) ;
#3497 = PLANE ( 'NONE',  #2875 ) ;
#3498 = PLANE ( 'NONE',  #2937 ) ;
#3499 = CARTESIAN_POINT ( 'NONE',  ( -2.158999999999997588, 3.556000000000001826, 4.064000000000000057 ) ) ;
#3500 = ORIENTED_EDGE ( 'NONE', *, *, #2135, .T. ) ;
#3501 = ORIENTED_EDGE ( 'NONE', *, *, #2539, .F. ) ;
#3502 = LINE ( 'NONE', #254, #5503 ) ;
#3503 = DIRECTION ( 'NONE',  ( 1.000000000000000000, 0.000000000000000000, 0.000000000000000000 ) ) ;
#3504 = CARTESIAN_POINT ( 'NONE',  ( 5.080000000000002736, 0.6599113576837527528, 1.524000000000000021 ) ) ;
#3505 = EDGE_CURVE ( 'NONE', #5778, #4916, #3691, .T. ) ;
#3506 = VECTOR ( 'NONE', #2473, 1000.000000000000000 ) ;
#3507 = ORIENTED_EDGE ( 'NONE', *, *, #1591, .F. ) ;
#3508 = AXIS2_PLACEMENT_3D ( 'NONE', #2901, #1169, #4260 ) ;
#3509 = LINE ( 'NONE', #4042, #3514 ) ;
#3510 = DIRECTION ( 'NONE',  ( 0.4999999999999945044, -0.8660254037844418162, 0.000000000000000000 ) ) ;
#3511 = VERTEX_POINT ( 'NONE', #1010 ) ;
#3512 = CARTESIAN_POINT ( 'NONE',  ( -9.778999999999999915, 1.819702678853052132E-15, 4.064000000000000057 ) ) ;
#3513 = EDGE_LOOP ( 'NONE', ( #92, #2915, #3856, #3220 ) ) ;
#3514 = VECTOR ( 'NONE', #5827, 1000.000000000000000 ) ;
#3515 = PLANE ( 'NONE',  #832 ) ;
#3516 = DIRECTION ( 'NONE',  ( 0.4999999999999943934, 0.8660254037844419273, 0.000000000000000000 ) ) ;
#3517 = LINE ( 'NONE', #4490, #1196 ) ;
#3518 = VECTOR ( 'NONE', #2259, 1000.000000000000000 ) ;
#3519 = ORIENTED_EDGE ( 'NONE', *, *, #3061, .F. ) ;
#3520 = AXIS2_PLACEMENT_3D ( 'NONE', #5279, #3493, #4742 ) ;
#3521 = EDGE_LOOP ( 'NONE', ( #5060, #3469, #4772, #3507 ) ) ;
#3522 = EDGE_LOOP ( 'NONE', ( #1029, #4543, #5273, #1044 ) ) ;
#3523 = EDGE_CURVE ( 'NONE', #1112, #4017, #2276, .T. ) ;
#3524 = PLANE ( 'NONE',  #4310 ) ;
#3525 = MECHANICAL_DESIGN_GEOMETRIC_PRESENTATION_REPRESENTATION (  '', ( #1988 ), #3245 ) ;
#3526 = FACE_OUTER_BOUND ( 'NONE', #1993, .T. ) ;
#3527 = CARTESIAN_POINT ( 'NONE',  ( -2.539999999999996927, 0.6599113576837527528, 4.064000000000000057 ) ) ;
#3528 = CARTESIAN_POINT ( 'NONE',  ( -11.74749999999999162, 1.460500000000014786, 4.064000000000000057 ) ) ;
#3529 = VECTOR ( 'NONE', #5285, 1000.000000000000000 ) ;
#3530 = CARTESIAN_POINT ( 'NONE',  ( -4.127499999999992397, 2.095500000000015017, 4.064000000000000057 ) ) ;
#3531 = AXIS2_PLACEMENT_3D ( 'NONE', #4568, #1824, #3658 ) ;
#3532 = VERTEX_POINT ( 'NONE', #5115 ) ;
#3533 = VERTEX_POINT ( 'NONE', #4667 ) ;
#3534 =( NAMED_UNIT ( * ) SI_UNIT ( $, .STERADIAN. ) SOLID_ANGLE_UNIT ( ) );
#3535 = DIRECTION ( 'NONE',  ( -2.439149994343089694E-16, -1.000000000000000000, 0.000000000000000000 ) ) ;
#3536 = VECTOR ( 'NONE', #5878, 1000.000000000000000 ) ;
#3537 = CARTESIAN_POINT ( 'NONE',  ( 0.000000000000000000, 0.000000000000000000, 0.000000000000000000 ) ) ;
#3538 = LINE ( 'NONE', #722, #2278 ) ;
#3539 = AXIS2_PLACEMENT_3D ( 'NONE', #407, #4149, #1695 ) ;
#3540 = ORIENTED_EDGE ( 'NONE', *, *, #5865, .F. ) ;
#3541 = CARTESIAN_POINT ( 'NONE',  ( -13.08099999999999774, 3.556000000000001382, 4.064000000000000057 ) ) ;
#3542 = MECHANICAL_DESIGN_GEOMETRIC_PRESENTATION_REPRESENTATION (  '', ( #242 ), #2102 ) ;
#3543 = LINE ( 'NONE', #3572, #1590 ) ;
#3544 = CARTESIAN_POINT ( 'NONE',  ( 8.572500000000008669, 1.460500000000014786, 4.064000000000000057 ) ) ;
#3545 = VERTEX_POINT ( 'NONE', #1458 ) ;
#3546 = LINE ( 'NONE', #5483, #4876 ) ;
#3547 = ORIENTED_EDGE ( 'NONE', *, *, #1130, .T. ) ;
#3548 = AXIS2_PLACEMENT_3D ( 'NONE', #3032, #4001, #1185 ) ;
#3549 = LINE ( 'NONE', #5428, #5700 ) ;
#3550 = LINE ( 'NONE', #2643, #1914 ) ;
#3551 = LINE ( 'NONE', #4524, #2844 ) ;
#3552 = AXIS2_PLACEMENT_3D ( 'NONE', #3566, #282, #5879 ) ;
#3553 = SURFACE_SIDE_STYLE ('',( #1716 ) ) ;
#3554 = ORIENTED_EDGE ( 'NONE', *, *, #1080, .F. ) ;
#3555 = VERTEX_POINT ( 'NONE', #3281 ) ;
#3556 = DIRECTION ( 'NONE',  ( -0.000000000000000000, -0.000000000000000000, -1.000000000000000000 ) ) ;
#3557 = CARTESIAN_POINT ( 'NONE',  ( 12.70000000000000462, 2.896088642316250183, 4.064000000000000057 ) ) ;
#3558 = CARTESIAN_POINT ( 'NONE',  ( 11.11250000000000959, 1.460500000000014786, 4.064000000000000057 ) ) ;
#3559 = CARTESIAN_POINT ( 'NONE',  ( 1.587500000000007239, 1.460500000000014786, 1.524000000000000021 ) ) ;
#3560 = EDGE_CURVE ( 'NONE', #3555, #1708, #3666, .T. ) ;
#3561 = EDGE_CURVE ( 'NONE', #5628, #5507, #2857, .T. ) ;
#3562 = LINE ( 'NONE', #4930, #814 ) ;
#3563 = ORIENTED_EDGE ( 'NONE', *, *, #3659, .F. ) ;
#3564 = ORIENTED_EDGE ( 'NONE', *, *, #5486, .F. ) ;
#3565 = DIRECTION ( 'NONE',  ( -0.000000000000000000, -0.000000000000000000, -1.000000000000000000 ) ) ;
#3566 = CARTESIAN_POINT ( 'NONE',  ( 6.350000000000010303, 1.322726650432315409E-14, 6.505213034913026604E-16 ) ) ;
#3567 = EDGE_CURVE ( 'NONE', #3841, #3632, #5608, .T. ) ;
#3568 = EDGE_CURVE ( 'NONE', #4061, #2307, #1370, .T. ) ;
#3569 = CARTESIAN_POINT ( 'NONE',  ( -14.28749999999999254, 1.460500000000014786, 4.064000000000000057 ) ) ;
#3570 = ORIENTED_EDGE ( 'NONE', *, *, #36, .T. ) ;
#3571 = CARTESIAN_POINT ( 'NONE',  ( 27.94000000000000128, 0.000000000000000000, 4.064000000000000057 ) ) ;
#3572 = CARTESIAN_POINT ( 'NONE',  ( 11.11250000000000959, 1.460500000000014786, 4.064000000000000057 ) ) ;
#3573 = CARTESIAN_POINT ( 'NONE',  ( -10.15999999999999837, 0.6599113576837527528, 1.524000000000000021 ) ) ;
#3574 = ORIENTED_EDGE ( 'NONE', *, *, #3578, .T. ) ;
#3575 = CARTESIAN_POINT ( 'NONE',  ( -5.079999999999997407, 0.6599113576837527528, 1.524000000000000021 ) ) ;
#3576 = ORIENTED_EDGE ( 'NONE', *, *, #1130, .F. ) ;
#3577 = DIRECTION ( 'NONE',  ( -0.000000000000000000, -0.000000000000000000, -1.000000000000000000 ) ) ;
#3578 = EDGE_CURVE ( 'NONE', #1197, #3111, #511, .T. ) ;
#3579 = DIRECTION ( 'NONE',  ( -1.000000000000000000, 0.000000000000000000, 0.000000000000000000 ) ) ;
#3580 = DIRECTION ( 'NONE',  ( 0.8660254037844418162, 0.4999999999999945599, -0.000000000000000000 ) ) ;
#3581 = CARTESIAN_POINT ( 'NONE',  ( 0.3175000000000000044, -2.540000000000000036, 0.2279258938000993107 ) ) ;
#3582 = VERTEX_POINT ( 'NONE', #1921 ) ;
#3583 = VERTEX_POINT ( 'NONE', #2398 ) ;
#3584 = EDGE_CURVE ( 'NONE', #2708, #1262, #5573, .T. ) ;
#3585 = LINE ( 'NONE', #375, #4503 ) ;
#3586 = EDGE_CURVE ( 'NONE', #3041, #5260, #4183, .T. ) ;
#3587 = CARTESIAN_POINT ( 'NONE',  ( -4.698999999999998067, 1.819702678853052132E-15, 1.524000000000000021 ) ) ;
#3588 = CARTESIAN_POINT ( 'NONE',  ( -5.079999999999997407, 0.6599113576837528639, 4.064000000000000057 ) ) ;
#3589 = DIRECTION ( 'NONE',  ( 1.000000000000000000, 0.000000000000000000, 0.000000000000000000 ) ) ;
#3590 =( REPRESENTATION_RELATIONSHIP ('NONE','NONE', #3108, #5978 ) REPRESENTATION_RELATIONSHIP_WITH_TRANSFORMATION ( #3628 )SHAPE_REPRESENTATION_RELATIONSHIP( ) );
#3591 = FACE_OUTER_BOUND ( 'NONE', #976, .T. ) ;
#3592 = ORIENTED_EDGE ( 'NONE', *, *, #4075, .F. ) ;
#3593 = ORIENTED_EDGE ( 'NONE', *, *, #1805, .T. ) ;
#3594 = DIRECTION ( 'NONE',  ( -0.4999999999999943934, 0.8660254037844419273, -0.000000000000000000 ) ) ;
#3595 = DIRECTION ( 'NONE',  ( -0.000000000000000000, -0.000000000000000000, -1.000000000000000000 ) ) ;
#3596 = CARTESIAN_POINT ( 'NONE',  ( -13.65249999999999275, 1.460500000000014786, 1.524000000000000021 ) ) ;
#3597 = ORIENTED_EDGE ( 'NONE', *, *, #3688, .F. ) ;
#3598 = EDGE_CURVE ( 'NONE', #2260, #848, #4611, .T. ) ;
#3599 =( NAMED_UNIT ( * ) SI_UNIT ( $, .STERADIAN. ) SOLID_ANGLE_UNIT ( ) );
#3600 = CARTESIAN_POINT ( 'NONE',  ( 14.85900000000000354, 0.000000000000000000, 1.524000000000000021 ) ) ;
#3601 = CARTESIAN_POINT ( 'NONE',  ( 4.127500000000007496, 1.460500000000014786, 4.064000000000000057 ) ) ;
#3602 = VECTOR ( 'NONE', #5377, 1000.000000000000000 ) ;
#3603 = ORIENTED_EDGE ( 'NONE', *, *, #572, .T. ) ;
#3604 = LINE ( 'NONE', #4978, #4783 ) ;
#3605 = VERTEX_POINT ( 'NONE', #2737 ) ;
#3606 = LINE ( 'NONE', #371, #2779 ) ;
#3607 = VECTOR ( 'NONE', #5935, 1000.000000000000000 ) ;
#3608 = LINE ( 'NONE', #3223, #5611 ) ;
#3609 = CARTESIAN_POINT ( 'NONE',  ( 10.16000000000000369, 2.896088642316250628, 4.064000000000000057 ) ) ;
#3610 = EDGE_CURVE ( 'NONE', #733, #4749, #4576, .T. ) ;
#3611 = SURFACE_SIDE_STYLE ('',( #2684 ) ) ;
#3612 = VECTOR ( 'NONE', #1568, 1000.000000000000000 ) ;
#3613 = ORIENTED_EDGE ( 'NONE', *, *, #3838, .F. ) ;
#3614 = CARTESIAN_POINT ( 'NONE',  ( 1.734723475976807094E-15, 2.896088642316250628, 4.064000000000000057 ) ) ;
#3615 = CARTESIAN_POINT ( 'NONE',  ( -12.69999999999999751, 0.6599113576837527528, 4.064000000000000057 ) ) ;
#3616 = VECTOR ( 'NONE', #698, 1000.000000000000000 ) ;
#3617 = VECTOR ( 'NONE', #589, 1000.000000000000000 ) ;
#3618 = CARTESIAN_POINT ( 'NONE',  ( 1.734723475976807094E-15, 2.896088642316250628, 4.064000000000000057 ) ) ;
#3619 = DIRECTION ( 'NONE',  ( 0.4999999999999950595, 0.8660254037844414832, 0.000000000000000000 ) ) ;
#3620 = CARTESIAN_POINT ( 'NONE',  ( -10.54099999999999859, 0.000000000000000000, 4.064000000000000057 ) ) ;
#3621 = EDGE_CURVE ( 'NONE', #4702, #5132, #5074, .T. ) ;
#3622 = EDGE_LOOP ( 'NONE', ( #3369, #5288, #3259, #3010 ) ) ;
#3623 = ORIENTED_EDGE ( 'NONE', *, *, #989, .T. ) ;
#3624 = VECTOR ( 'NONE', #5210, 1000.000000000000000 ) ;
#3625 = VECTOR ( 'NONE', #4481, 1000.000000000000000 ) ;
#3626 = LINE ( 'NONE', #2662, #3429 ) ;
#3627 = DIRECTION ( 'NONE',  ( -0.4999999999999945599, 0.8660254037844418162, 0.000000000000000000 ) ) ;
#3628 = ITEM_DEFINED_TRANSFORMATION ( 'NONE', 'NONE', #460,  #247 ) ;
#3629 = VECTOR ( 'NONE', #4079, 1000.000000000000000 ) ;
#3630 = VECTOR ( 'NONE', #2352, 1000.000000000000000 ) ;
#3631 = PLANE ( 'NONE',  #3531 ) ;
#3632 = VERTEX_POINT ( 'NONE', #4160 ) ;
#3633 = VECTOR ( 'NONE', #877, 1000.000000000000114 ) ;
#3634 = DIRECTION ( 'NONE',  ( 0.000000000000000000, 0.000000000000000000, -1.000000000000000000 ) ) ;
#3635 = DIRECTION ( 'NONE',  ( 0.000000000000000000, 1.000000000000000000, 0.000000000000000000 ) ) ;
#3636 = VECTOR ( 'NONE', #4108, 1000.000000000000000 ) ;
#3637 = CARTESIAN_POINT ( 'NONE',  ( -9.207499999999994245, 1.460500000000014786, 1.524000000000000021 ) ) ;
#3638 = EDGE_CURVE ( 'NONE', #5515, #3041, #1397, .T. ) ;
#3639 = ADVANCED_FACE ( 'NONE', ( #5300, #4820 ), #4787, .F. ) ;
#3640 = EDGE_LOOP ( 'NONE', ( #3603, #567, #5404, #5955 ) ) ;
#3641 = LINE ( 'NONE', #265, #3046 ) ;
#3642 = ORIENTED_EDGE ( 'NONE', *, *, #1490, .F. ) ;
#3643 = LINE ( 'NONE', #4613, #33 ) ;
#3644 = LINE ( 'NONE', #3763, #4971 ) ;
#3645 = EDGE_CURVE ( 'NONE', #2132, #838, #99, .T. ) ;
#3646 = VECTOR ( 'NONE', #5791, 1000.000000000000000 ) ;
#3647 = ORIENTED_EDGE ( 'NONE', *, *, #3621, .T. ) ;
#3648 = DIRECTION ( 'NONE',  ( 0.000000000000000000, 0.000000000000000000, 1.000000000000000000 ) ) ;
#3649 = DIRECTION ( 'NONE',  ( 1.023454825001716575E-15, 1.000000000000000000, -0.000000000000000000 ) ) ;
#3650 = ADVANCED_FACE ( 'NONE', ( #2704 ), #2799, .T. ) ;
#3651 = DIRECTION ( 'NONE',  ( 0.000000000000000000, 0.000000000000000000, -1.000000000000000000 ) ) ;
#3652 = DIRECTION ( 'NONE',  ( 0.4999999999999943934, -0.8660254037844419273, 0.000000000000000000 ) ) ;
#3653 = CARTESIAN_POINT ( 'NONE',  ( -0.3809999999999958975, 3.556000000000001382, 1.524000000000000021 ) ) ;
#3654 = EDGE_LOOP ( 'NONE', ( #3938, #2082, #2323, #1659 ) ) ;
#3655 = ORIENTED_EDGE ( 'NONE', *, *, #3756, .F. ) ;
#3656 = PRESENTATION_STYLE_ASSIGNMENT (( #4062 ) ) ;
#3657 = CARTESIAN_POINT ( 'NONE',  ( -7.619999999999998330, 2.896088642316250628, 4.064000000000000057 ) ) ;
#3658 = DIRECTION ( 'NONE',  ( 0.000000000000000000, -1.000000000000000000, 0.000000000000000000 ) ) ;
#3659 = EDGE_CURVE ( 'NONE', #1941, #2412, #4303, .T. ) ;
#3660 = ORIENTED_EDGE ( 'NONE', *, *, #5467, .T. ) ;
#3661 = ORIENTED_EDGE ( 'NONE', *, *, #2807, .T. ) ;
#3662 = PRESENTATION_STYLE_ASSIGNMENT (( #388 ) ) ;
#3663 = LINE ( 'NONE', #916, #4205 ) ;
#3664 = DIRECTION ( 'NONE',  ( -1.000000000000000000, 0.000000000000000000, 0.000000000000000000 ) ) ;
#3665 = VERTEX_POINT ( 'NONE', #1128 ) ;
#3666 = LINE ( 'NONE', #2363, #4305 ) ;
#3667 = VERTEX_POINT ( 'NONE', #3857 ) ;
#3668 = CARTESIAN_POINT ( 'NONE',  ( -8.572499999999992681, 2.095500000000015017, 4.064000000000000057 ) ) ;
#3669 = CARTESIAN_POINT ( 'NONE',  ( 9.779000000000003467, 0.000000000000000000, 4.064000000000000057 ) ) ;
#3670 = EDGE_CURVE ( 'NONE', #3405, #181, #639, .T. ) ;
#3671 = EDGE_LOOP ( 'NONE', ( #2275, #3419, #5960, #4506 ) ) ;
#3672 = FACE_OUTER_BOUND ( 'NONE', #675, .T. ) ;
#3673 = EDGE_CURVE ( 'NONE', #367, #1859, #3333, .T. ) ;
#3674 = DIRECTION ( 'NONE',  ( 0.000000000000000000, 1.000000000000000000, 0.000000000000000000 ) ) ;
#3675 = LINE ( 'NONE', #1932, #3135 ) ;
#3676 = PLANE ( 'NONE',  #4874 ) ;
#3677 = DIRECTION ( 'NONE',  ( -1.000000000000000000, -0.000000000000000000, -0.000000000000000000 ) ) ;
#3678 = ORIENTED_EDGE ( 'NONE', *, *, #888, .F. ) ;
#3679 = VERTEX_POINT ( 'NONE', #1072 ) ;
#3680 = FACE_OUTER_BOUND ( 'NONE', #5123, .T. ) ;
#3681 = PLANE ( 'NONE',  #3163 ) ;
#3682 = ORIENTED_EDGE ( 'NONE', *, *, #2449, .T. ) ;
#3683 = CARTESIAN_POINT ( 'NONE',  ( 8.572500000000008669, 1.460500000000014786, 4.064000000000000057 ) ) ;
#3684 = ORIENTED_EDGE ( 'NONE', *, *, #1275, .F. ) ;
#3685 = ORIENTED_EDGE ( 'NONE', *, *, #3578, .F. ) ;
#3686 = DIRECTION ( 'NONE',  ( 0.000000000000000000, 0.000000000000000000, 1.000000000000000000 ) ) ;
#3687 = LINE ( 'NONE', #5604, #5681 ) ;
#3688 = EDGE_CURVE ( 'NONE', #413, #3545, #5753, .T. ) ;
#3689 = CARTESIAN_POINT ( 'NONE',  ( 0.3175000000000000044, 1.206500000000001904, -0.3174999999999999489 ) ) ;
#3690 = ORIENTED_EDGE ( 'NONE', *, *, #3171, .F. ) ;
#3691 = LINE ( 'NONE', #3303, #5291 ) ;
#3692 = EDGE_LOOP ( 'NONE', ( #3898, #3708, #699, #5403 ) ) ;
#3693 = LINE ( 'NONE', #4578, #2671 ) ;
#3694 = CARTESIAN_POINT ( 'NONE',  ( 0.3175000000000000044, 1.206500000000002126, 0.5714999999999996749 ) ) ;
#3695 = CARTESIAN_POINT ( 'NONE',  ( -9.207499999999994245, 2.095500000000015017, 4.064000000000000057 ) ) ;
#3696 = LINE ( 'NONE', #4647, #2372 ) ;
#3697 = PRODUCT_DEFINITION_CONTEXT ( 'detailed design', #1434, 'design' ) ;
#3698 = EDGE_LOOP ( 'NONE', ( #2001, #5645, #1562, #451 ) ) ;
#3699 = VECTOR ( 'NONE', #5438, 1000.000000000000000 ) ;
#3700 = PLANE ( 'NONE',  #2277 ) ;
#3701 = CARTESIAN_POINT ( 'NONE',  ( -7.619999999999997442, 0.6599113576837528639, 4.064000000000000057 ) ) ;
#3702 = FACE_OUTER_BOUND ( 'NONE', #3105, .T. ) ;
#3703 = DIRECTION ( 'NONE',  ( 1.000000000000000000, 0.000000000000000000, 0.000000000000000000 ) ) ;
#3704 = VECTOR ( 'NONE', #5669, 1000.000000000000000 ) ;
#3705 = ADVANCED_FACE ( 'NONE', ( #3910, #133 ), #1570, .F. ) ;
#3706 = ORIENTED_EDGE ( 'NONE', *, *, #3240, .T. ) ;
#3707 = ADVANCED_FACE ( 'NONE', ( #5786, #2978 ), #2034, .T. ) ;
#3708 = ORIENTED_EDGE ( 'NONE', *, *, #415, .T. ) ;
#3709 = FILL_AREA_STYLE ('',( #5562 ) ) ;
#3710 = AXIS2_PLACEMENT_3D ( 'NONE', #329, #2678, #4519 ) ;
#3711 = VECTOR ( 'NONE', #3278, 1000.000000000000114 ) ;
#3712 = FACE_OUTER_BOUND ( 'NONE', #5734, .T. ) ;
#3713 = ORIENTED_EDGE ( 'NONE', *, *, #2023, .T. ) ;
#3714 = VECTOR ( 'NONE', #3462, 1000.000000000000000 ) ;
#3715 = CARTESIAN_POINT ( 'NONE',  ( -5.079999999999997407, 2.896088642316250628, 4.064000000000000057 ) ) ;
#3716 = VECTOR ( 'NONE', #5556, 999.9999999999998863 ) ;
#3717 = ORIENTED_EDGE ( 'NONE', *, *, #3347, .T. ) ;
#3718 = ORIENTED_EDGE ( 'NONE', *, *, #4847, .F. ) ;
#3719 = EDGE_CURVE ( 'NONE', #2459, #38, #4337, .T. ) ;
#3720 = AXIS2_PLACEMENT_3D ( 'NONE', #1481, #3453, #1041 ) ;
#3721 = DIRECTION ( 'NONE',  ( 0.9848077530122086864, 0.1736481776669275001, 0.000000000000000000 ) ) ;
#3722 = CARTESIAN_POINT ( 'NONE',  ( 9.779000000000003467, 0.000000000000000000, 4.064000000000000057 ) ) ;
#3723 = CARTESIAN_POINT ( 'NONE',  ( 5.461000000000002075, 3.556000000000001826, 4.064000000000000057 ) ) ;
#3724 = EDGE_CURVE ( 'NONE', #3532, #3159, #2890, .T. ) ;
#3725 = ORIENTED_EDGE ( 'NONE', *, *, #2419, .T. ) ;
#3726 = DIRECTION ( 'NONE',  ( -0.000000000000000000, -0.000000000000000000, -1.000000000000000000 ) ) ;
#3727 = VECTOR ( 'NONE', #399, 1000.000000000000000 ) ;
#3728 = VECTOR ( 'NONE', #637, 1000.000000000000000 ) ;
#3729 = ORIENTED_EDGE ( 'NONE', *, *, #2107, .T. ) ;
#3730 = LINE ( 'NONE', #985, #2474 ) ;
#3731 = CYLINDRICAL_SURFACE ( 'NONE', #2386, 0.2539999999999997815 ) ;
#3732 = VECTOR ( 'NONE', #3106, 1000.000000000000000 ) ;
#3733 = EDGE_CURVE ( 'NONE', #3083, #2353, #575, .T. ) ;
#3734 = CARTESIAN_POINT ( 'NONE',  ( 7.620000000000003659, 2.896088642316250628, 4.064000000000000057 ) ) ;
#3735 = DIRECTION ( 'NONE',  ( -0.4999999999999945599, 0.8660254037844418162, 0.000000000000000000 ) ) ;
#3736 = ORIENTED_EDGE ( 'NONE', *, *, #380, .T. ) ;
#3737 = EDGE_CURVE ( 'NONE', #5052, #319, #1520, .T. ) ;
#3738 = VECTOR ( 'NONE', #4709, 1000.000000000000000 ) ;
#3739 = DIRECTION ( 'NONE',  ( -0.000000000000000000, -0.000000000000000000, -1.000000000000000000 ) ) ;
#3740 = DIRECTION ( 'NONE',  ( -0.000000000000000000, -0.000000000000000000, -1.000000000000000000 ) ) ;
#3741 = DIRECTION ( 'NONE',  ( 1.000000000000000000, 0.000000000000000000, 0.000000000000000000 ) ) ;
#3742 = MECHANICAL_DESIGN_GEOMETRIC_PRESENTATION_REPRESENTATION (  '', ( #1618 ), #4228 ) ;
#3743 = CARTESIAN_POINT ( 'NONE',  ( -13.65249999999999275, 1.460500000000014786, 4.064000000000000057 ) ) ;
#3744 = ORIENTED_EDGE ( 'NONE', *, *, #3836, .F. ) ;
#3745 = ORIENTED_EDGE ( 'NONE', *, *, #6023, .F. ) ;
#3746 = VECTOR ( 'NONE', #5214, 1000.000000000000000 ) ;
#3747 = CARTESIAN_POINT ( 'NONE',  ( 6.667500000000008420, 2.095500000000015017, 1.524000000000000021 ) ) ;
#3748 = ORIENTED_EDGE ( 'NONE', *, *, #2341, .T. ) ;
#3749 = PRODUCT_DEFINITION_SHAPE ( 'NONE', 'NONE',  #6065 ) ;
#3750 = LINE ( 'NONE', #5166, #4797 ) ;
#3751 = ORIENTED_EDGE ( 'NONE', *, *, #5798, .T. ) ;
#3752 = VERTEX_POINT ( 'NONE', #4756 ) ;
#3753 = EDGE_CURVE ( 'NONE', #5507, #2070, #602, .T. ) ;
#3754 = CARTESIAN_POINT ( 'NONE',  ( 7.620000000000003659, 0.6599113576837527528, 4.064000000000000057 ) ) ;
#3755 = MANIFOLD_SOLID_BREP ( 'LPattern1[5]', #4379 ) ;
#3756 = EDGE_CURVE ( 'NONE', #1165, #723, #3626, .T. ) ;
#3757 = LINE ( 'NONE', #1455, #4105 ) ;
#3758 = DIRECTION ( 'NONE',  ( -0.4999999999999943934, 0.8660254037844419273, -0.000000000000000000 ) ) ;
#3759 = VERTEX_POINT ( 'NONE', #5472 ) ;
#3760 = CARTESIAN_POINT ( 'NONE',  ( -0.2212542614753363335, -2.577836707110604308, -0.2212542614753367498 ) ) ;
#3761 = ORIENTED_EDGE ( 'NONE', *, *, #2127, .T. ) ;
#3762 = DIRECTION ( 'NONE',  ( -0.000000000000000000, -0.000000000000000000, -1.000000000000000000 ) ) ;
#3763 = CARTESIAN_POINT ( 'NONE',  ( 13.65250000000001052, 1.460500000000014786, 1.524000000000000021 ) ) ;
#3764 = ORIENTED_EDGE ( 'NONE', *, *, #1168, .T. ) ;
#3765 = DIRECTION ( 'NONE',  ( -1.000000000000000000, 0.000000000000000000, -0.000000000000000000 ) ) ;
#3766 = CARTESIAN_POINT ( 'NONE',  ( 8.572500000000008669, 2.095500000000015017, 1.524000000000000021 ) ) ;
#3767 = PLANE ( 'NONE',  #615 ) ;
#3768 = PLANE ( 'NONE',  #4784 ) ;
#3769 = ADVANCED_FACE ( 'NONE', ( #309, #2725 ), #1300, .F. ) ;
#3770 = ORIENTED_EDGE ( 'NONE', *, *, #5833, .T. ) ;
#3771 = ORIENTED_EDGE ( 'NONE', *, *, #1573, .T. ) ;
#3772 = EDGE_CURVE ( 'NONE', #3778, #3267, #4469, .T. ) ;
#3773 = CARTESIAN_POINT ( 'NONE',  ( 12.70000000000000107, 0.000000000000000000, 1.524000000000000021 ) ) ;
#3774 = CARTESIAN_POINT ( 'NONE',  ( -13.08099999999999952, 0.000000000000000000, 4.064000000000000057 ) ) ;
#3775 = EDGE_CURVE ( 'NONE', #1172, #5347, #5949, .T. ) ;
#3776 = EDGE_LOOP ( 'NONE', ( #859, #1158, #26, #4778 ) ) ;
#3777 = PLANE ( 'NONE',  #4600 ) ;
#3778 = VERTEX_POINT ( 'NONE', #5508 ) ;
#3779 = ORIENTED_EDGE ( 'NONE', *, *, #5560, .T. ) ;
#3780 = EDGE_CURVE ( 'NONE', #5761, #6027, #3187, .T. ) ;
#3781 = DIRECTION ( 'NONE',  ( 0.8660254037844418162, 0.4999999999999945599, -0.000000000000000000 ) ) ;
#3782 = CARTESIAN_POINT ( 'NONE',  ( -4.127499999999992397, 1.460500000000014786, 4.064000000000000057 ) ) ;
#3783 = ORIENTED_EDGE ( 'NONE', *, *, #4630, .T. ) ;
#3784 = DIRECTION ( 'NONE',  ( -0.000000000000000000, -0.000000000000000000, -1.000000000000000000 ) ) ;
#3785 = EDGE_CURVE ( 'NONE', #697, #2019, #5876, .T. ) ;
#3786 = ORIENTED_EDGE ( 'NONE', *, *, #5740, .T. ) ;
#3787 = DIRECTION ( 'NONE',  ( 0.000000000000000000, -1.000000000000000000, 0.000000000000000000 ) ) ;
#3788 = PRESENTATION_STYLE_ASSIGNMENT (( #1951 ) ) ;
#3789 = DIRECTION ( 'NONE',  ( -0.4999999999999943934, 0.8660254037844419273, -0.000000000000000000 ) ) ;
#3790 = DIRECTION ( 'NONE',  ( 1.000000000000000000, 0.000000000000000000, 0.000000000000000000 ) ) ;
#3791 = MANIFOLD_SOLID_BREP ( 'Boss-Extrude1', #3128 ) ;
#3792 = CARTESIAN_POINT ( 'NONE',  ( 1.734723475976807094E-15, 2.896088642316250628, 1.524000000000000021 ) ) ;
#3793 = ORIENTED_EDGE ( 'NONE', *, *, #1476, .F. ) ;
#3794 = EDGE_CURVE ( 'NONE', #5270, #1262, #810, .T. ) ;
#3795 = LINE ( 'NONE', #2431, #3252 ) ;
#3796 = PRODUCT_DEFINITION_SHAPE ( 'NONE', 'NONE',  #6071 ) ;
#3797 = CARTESIAN_POINT ( 'NONE',  ( 1.587500000000007239, 1.460500000000014786, 1.524000000000000021 ) ) ;
#3798 = EDGE_CURVE ( 'NONE', #2148, #5413, #779, .T. ) ;
#3799 = DIRECTION ( 'NONE',  ( -1.000000000000000000, 0.000000000000000000, 0.000000000000000000 ) ) ;
#3800 = LINE ( 'NONE', #3743, #1018 ) ;
#3801 = CLOSED_SHELL ( 'NONE', ( #3383, #2003, #3131, #2766, #4067, #2238, #5008, #1872, #1684, #5108, #5920, #1261, #2351, #5179 ) ) ;
#3802 = VERTEX_POINT ( 'NONE', #4264 ) ;
#3803 = ORIENTED_EDGE ( 'NONE', *, *, #122, .F. ) ;
#3804 = LINE ( 'NONE', #4596, #4985 ) ;
#3805 = DIRECTION ( 'NONE',  ( 0.000000000000000000, -1.000000000000000000, 4.645999989224937270E-17 ) ) ;
#3806 = AXIS2_PLACEMENT_3D ( 'NONE', #2615, #5862, #1675 ) ;
#3807 = EDGE_LOOP ( 'NONE', ( #2962, #4537, #4422, #3119, #3736, #794, #4821, #3871 ) ) ;
#3808 = DIRECTION ( 'NONE',  ( -1.000000000000000000, 1.023454825001716575E-15, 0.000000000000000000 ) ) ;
#3809 = ORIENTED_EDGE ( 'NONE', *, *, #5512, .F. ) ;
#3810 = EDGE_CURVE ( 'NONE', #5068, #5457, #5134, .T. ) ;
#3811 = AXIS2_PLACEMENT_3D ( 'NONE', #1040, #5696, #1515 ) ;
#3812 = DIRECTION ( 'NONE',  ( 1.000000000000000000, 0.000000000000000000, 0.000000000000000000 ) ) ;
#3813 = MANIFOLD_SOLID_BREP ( 'LPattern1[4]', #3801 ) ;
#3814 = VECTOR ( 'NONE', #4917, 1000.000000000000000 ) ;
#3815 = VECTOR ( 'NONE', #5190, 1000.000000000000000 ) ;
#3816 = CARTESIAN_POINT ( 'NONE',  ( -11.74749999999999162, 1.460500000000014786, 4.064000000000000057 ) ) ;
#3817 = DIRECTION ( 'NONE',  ( 0.000000000000000000, 0.000000000000000000, 1.000000000000000000 ) ) ;
#3818 = VERTEX_POINT ( 'NONE', #497 ) ;
#3819 = CARTESIAN_POINT ( 'NONE',  ( -2.158999999999997588, 3.556000000000001826, 1.524000000000000021 ) ) ;
#3820 = ORIENTED_EDGE ( 'NONE', *, *, #1756, .F. ) ;
#3821 = COLOUR_RGB ( '',0.2509803921568627416, 0.2509803921568627416, 0.2509803921568627416 ) ;
#3822 = AXIS2_PLACEMENT_3D ( 'NONE', #1279, #4427, #5453 ) ;
#3823 =( NAMED_UNIT ( * ) PLANE_ANGLE_UNIT ( ) SI_UNIT ( $, .RADIAN. ) );
#3824 = ADVANCED_FACE ( 'NONE', ( #1472 ), #532, .T. ) ;
#3825 = LINE ( 'NONE', #608, #5185 ) ;
#3826 = ORIENTED_EDGE ( 'NONE', *, *, #1445, .T. ) ;
#3827 = EDGE_CURVE ( 'NONE', #5761, #2160, #30, .T. ) ;
#3828 = VECTOR ( 'NONE', #2745, 1000.000000000000000 ) ;
#3829 = DIRECTION ( 'NONE',  ( -0.4999999999999945599, 0.8660254037844418162, 0.000000000000000000 ) ) ;
#3830 = VECTOR ( 'NONE', #2324, 1000.000000000000000 ) ;
#3831 = DIRECTION ( 'NONE',  ( -1.000000000000000000, 0.000000000000000000, -0.000000000000000000 ) ) ;
#3832 = ORIENTED_EDGE ( 'NONE', *, *, #755, .F. ) ;
#3833 = PLANE ( 'NONE',  #826 ) ;
#3834 = VECTOR ( 'NONE', #3968, 1000.000000000000000 ) ;
#3835 = DIRECTION ( 'NONE',  ( -0.000000000000000000, 1.000000000000000000, -0.000000000000000000 ) ) ;
#3836 = EDGE_CURVE ( 'NONE', #997, #2891, #3804, .T. ) ;
#3837 = PLANE ( 'NONE',  #2258 ) ;
#3838 = EDGE_CURVE ( 'NONE', #846, #4460, #1384, .T. ) ;
#3839 = CARTESIAN_POINT ( 'NONE',  ( 0.3175000000000000044, 2.095500000000001251, 0.5714999999999997859 ) ) ;
#3840 = VECTOR ( 'NONE', #5375, 1000.000000000000000 ) ;
#3841 = VERTEX_POINT ( 'NONE', #90 ) ;
#3842 = ORIENTED_EDGE ( 'NONE', *, *, #829, .T. ) ;
#3843 = MANIFOLD_SOLID_BREP ( 'LPattern1[1]', #5180 ) ;
#3844 = LINE ( 'NONE', #2931, #3529 ) ;
#3845 = DIRECTION ( 'NONE',  ( -0.000000000000000000, -0.000000000000000000, -1.000000000000000000 ) ) ;
#3846 = VECTOR ( 'NONE', #4402, 1000.000000000000000 ) ;
#3847 = LINE ( 'NONE', #4865, #4771 ) ;
#3848 = LINE ( 'NONE', #3875, #1801 ) ;
#3849 = EDGE_LOOP ( 'NONE', ( #2548, #3486, #4861, #60 ) ) ;
#3850 =( GEOMETRIC_REPRESENTATION_CONTEXT ( 3 ) GLOBAL_UNCERTAINTY_ASSIGNED_CONTEXT ( ( #5495 ) ) GLOBAL_UNIT_ASSIGNED_CONTEXT ( ( #3277, #5141, #6019 ) ) REPRESENTATION_CONTEXT ( 'NONE', 'WORKASPACE' ) );
#3851 = DIRECTION ( 'NONE',  ( 0.000000000000000000, 0.000000000000000000, 1.000000000000000000 ) ) ;
#3852 = PRODUCT_DEFINITION_FORMATION_WITH_SPECIFIED_SOURCE ( 'ANY', '', #894, .NOT_KNOWN. ) ;
#3853 = DIRECTION ( 'NONE',  ( 0.000000000000000000, -0.000000000000000000, -1.000000000000000000 ) ) ;
#3854 = ADVANCED_FACE ( 'NONE', ( #3680, #941 ), #4173, .F. ) ;
#3855 = DIRECTION ( 'NONE',  ( 1.023454825001716575E-15, 1.000000000000000000, -0.000000000000000000 ) ) ;
#3856 = ORIENTED_EDGE ( 'NONE', *, *, #3034, .T. ) ;
#3857 = CARTESIAN_POINT ( 'NONE',  ( -7.238999999999998991, 1.819702678853052132E-15, 1.524000000000000021 ) ) ;
#3858 = ORIENTED_EDGE ( 'NONE', *, *, #4649, .T. ) ;
#3859 = EDGE_CURVE ( 'NONE', #3159, #2882, #2471, .T. ) ;
#3860 = ADVANCED_FACE ( 'NONE', ( #5350 ), #1507, .F. ) ;
#3861 = CARTESIAN_POINT ( 'NONE',  ( 0.2561624955003895532, 2.034162495500391188, 9.745862274129358127 ) ) ;
#3862 = ORIENTED_EDGE ( 'NONE', *, *, #4639, .T. ) ;
#3863 = LINE ( 'NONE', #1525, #4689 ) ;
#3864 = DIRECTION ( 'NONE',  ( 1.000000000000000000, -2.439149994343089694E-16, 0.000000000000000000 ) ) ;
#3865 = ORIENTED_EDGE ( 'NONE', *, *, #3772, .T. ) ;
#3866 = CARTESIAN_POINT ( 'NONE',  ( 10.16000000000000369, 2.896088642316250628, 4.064000000000000057 ) ) ;
#3867 = CARTESIAN_POINT ( 'NONE',  ( -2.920999999999996710, 3.556000000000001382, 1.524000000000000021 ) ) ;
#3868 = CARTESIAN_POINT ( 'NONE',  ( 9.207500000000008455, 2.095500000000015017, 4.064000000000000057 ) ) ;
#3869 = DIRECTION ( 'NONE',  ( 1.000000000000000000, 0.000000000000000000, -0.000000000000000000 ) ) ;
#3870 = ORIENTED_EDGE ( 'NONE', *, *, #6031, .T. ) ;
#3871 = ORIENTED_EDGE ( 'NONE', *, *, #5598, .T. ) ;
#3872 = ADVANCED_FACE ( 'NONE', ( #5717 ), #1627, .F. ) ;
#3873 = DIRECTION ( 'NONE',  ( -0.4999999999999943934, -0.8660254037844419273, -0.000000000000000000 ) ) ;
#3874 = VERTEX_POINT ( 'NONE', #3470 ) ;
#3875 = CARTESIAN_POINT ( 'NONE',  ( -0.9524999999999915756, 2.095500000000015017, 4.064000000000000057 ) ) ;
#3876 = VERTEX_POINT ( 'NONE', #659 ) ;
#3877 = CARTESIAN_POINT ( 'NONE',  ( -0.2279258938000995605, -2.540000000000000036, -0.2279258938000999768 ) ) ;
#3878 = DIRECTION ( 'NONE',  ( -0.4999999999999943934, 0.8660254037844419273, -0.000000000000000000 ) ) ;
#3879 = DIRECTION ( 'NONE',  ( -0.000000000000000000, -0.000000000000000000, -1.000000000000000000 ) ) ;
#3880 = ORIENTED_EDGE ( 'NONE', *, *, #4163, .T. ) ;
#3881 = LINE ( 'NONE', #1610, #952 ) ;
#3882 = EDGE_CURVE ( 'NONE', #4904, #2405, #4410, .T. ) ;
#3883 = CARTESIAN_POINT ( 'NONE',  ( 10.16000000000000369, 2.896088642316250628, 1.524000000000000021 ) ) ;
#3884 = VERTEX_POINT ( 'NONE', #3407 ) ;
#3885 = CARTESIAN_POINT ( 'NONE',  ( -2.539999999999996927, 0.6599113576837528639, 1.524000000000000021 ) ) ;
#3886 = ADVANCED_FACE ( 'NONE', ( #1087 ), #3443, .F. ) ;
#3887 = ORIENTED_EDGE ( 'NONE', *, *, #3476, .T. ) ;
#3888 = FACE_OUTER_BOUND ( 'NONE', #1161, .T. ) ;
#3889 = ORIENTED_EDGE ( 'NONE', *, *, #1822, .T. ) ;
#3890 = DIRECTION ( 'NONE',  ( -1.000000000000000000, 2.439149994343089694E-16, -0.000000000000000000 ) ) ;
#3891 = CARTESIAN_POINT ( 'NONE',  ( 12.31900000000000439, 0.000000000000000000, 1.524000000000000021 ) ) ;
#3892 = DIRECTION ( 'NONE',  ( 1.000000000000000000, 0.000000000000000000, 0.000000000000000000 ) ) ;
#3893 = PLANE ( 'NONE',  #1692 ) ;
#3894 = VERTEX_POINT ( 'NONE', #5743 ) ;
#3895 = VERTEX_POINT ( 'NONE', #183 ) ;
#3896 = CARTESIAN_POINT ( 'NONE',  ( 0.3175000000000000044, 1.460500000000002130, 9.397999999999990806 ) ) ;
#3897 = DIRECTION ( 'NONE',  ( -0.8660254037844419273, -0.4999999999999943934, 0.000000000000000000 ) ) ;
#3898 = ORIENTED_EDGE ( 'NONE', *, *, #4567, .T. ) ;
#3899 = EDGE_CURVE ( 'NONE', #5609, #584, #2084, .T. ) ;
#3900 = EDGE_CURVE ( 'NONE', #3759, #3894, #5230, .T. ) ;
#3901 = AXIS2_PLACEMENT_3D ( 'NONE', #2343, #5089, #1412 ) ;
#3902 = EDGE_CURVE ( 'NONE', #2412, #4061, #4325, .T. ) ;
#3903 = CARTESIAN_POINT ( 'NONE',  ( -0.2279258938000999768, 2.005925893800101445, 9.906000000000000583 ) ) ;
#3904 = ORIENTED_EDGE ( 'NONE', *, *, #3505, .F. ) ;
#3905 = VECTOR ( 'NONE', #5461, 1000.000000000000000 ) ;
#3906 = DIRECTION ( 'NONE',  ( 1.000000000000000000, 0.000000000000000000, 0.000000000000000000 ) ) ;
#3907 = DIRECTION ( 'NONE',  ( 0.000000000000000000, 0.000000000000000000, 1.000000000000000000 ) ) ;
#3908 = CYLINDRICAL_SURFACE ( 'NONE', #3720, 0.8889999999999994573 ) ;
#3909 = VECTOR ( 'NONE', #1295, 1000.000000000000000 ) ;
#3910 = FACE_OUTER_BOUND ( 'NONE', #958, .T. ) ;
#3911 = VERTEX_POINT ( 'NONE', #2966 ) ;
#3912 = VECTOR ( 'NONE', #1204, 1000.000000000000000 ) ;
#3913 = MECHANICAL_DESIGN_GEOMETRIC_PRESENTATION_REPRESENTATION (  '', ( #2762 ), #2852 ) ;
#3914 = PLANE ( 'NONE',  #1622 ) ;
#3915 = DIRECTION ( 'NONE',  ( 0.000000000000000000, -1.000000000000000000, 0.000000000000000000 ) ) ;
#3916 = VERTEX_POINT ( 'NONE', #3896 ) ;
#3917 = DIRECTION ( 'NONE',  ( 0.1710878697460325171, 0.1710878697460325171, 0.9702875252478150303 ) ) ;
#3918 = ORIENTED_EDGE ( 'NONE', *, *, #2239, .T. ) ;
#3919 = CARTESIAN_POINT ( 'NONE',  ( -14.28749999999999254, 1.460500000000014786, 1.524000000000000021 ) ) ;
#3920 = VECTOR ( 'NONE', #2943, 1000.000000000000000 ) ;
#3921 = MECHANICAL_DESIGN_GEOMETRIC_PRESENTATION_REPRESENTATION (  '', ( #4210 ), #718 ) ;
#3922 = ORIENTED_EDGE ( 'NONE', *, *, #5368, .F. ) ;
#3923 = CARTESIAN_POINT ( 'NONE',  ( -0.3175000000000000044, 2.095500000000001251, 3.683000000000000274 ) ) ;
#3924 = DIRECTION ( 'NONE',  ( -1.000000000000000000, 2.439149994343089694E-16, -0.000000000000000000 ) ) ;
#3925 = AXIS2_PLACEMENT_3D ( 'NONE', #2922, #5796, #3829 ) ;
#3926 = FACE_OUTER_BOUND ( 'NONE', #3372, .T. ) ;
#3927 = PLANE ( 'NONE',  #4493 ) ;
#3928 = EDGE_CURVE ( 'NONE', #1112, #837, #3844, .T. ) ;
#3929 = ORIENTED_EDGE ( 'NONE', *, *, #3309, .F. ) ;
#3930 = ORIENTED_EDGE ( 'NONE', *, *, #2126, .T. ) ;
#3931 = VECTOR ( 'NONE', #1584, 1000.000000000000000 ) ;
#3932 = VECTOR ( 'NONE', #4295, 1000.000000000000000 ) ;
#3933 = MANIFOLD_SOLID_BREP ( 'Boss-Extrude3', #1968 ) ;
#3934 = CARTESIAN_POINT ( 'NONE',  ( -9.778999999999999915, 3.556000000000001826, 4.064000000000000057 ) ) ;
#3935 = LINE ( 'NONE', #158, #1290 ) ;
#3936 = AXIS2_PLACEMENT_3D ( 'NONE', #3022, #1538, #3380 ) ;
#3937 = PLANE ( 'NONE',  #3328 ) ;
#3938 = ORIENTED_EDGE ( 'NONE', *, *, #1311, .T. ) ;
#3939 = VECTOR ( 'NONE', #3579, 1000.000000000000000 ) ;
#3940 = DIRECTION ( 'NONE',  ( 0.000000000000000000, 1.000000000000000000, 0.000000000000000000 ) ) ;
#3941 = VECTOR ( 'NONE', #3457, 1000.000000000000000 ) ;
#3942 = DIRECTION ( 'NONE',  ( 0.000000000000000000, 1.000000000000000000, 0.000000000000000000 ) ) ;
#3943 = ORIENTED_EDGE ( 'NONE', *, *, #738, .T. ) ;
#3944 = EDGE_CURVE ( 'NONE', #4893, #4686, #1061, .T. ) ;
#3945 = EDGE_CURVE ( 'NONE', #3916, #5778, #1996, .T. ) ;
#3946 = MECHANICAL_DESIGN_GEOMETRIC_PRESENTATION_REPRESENTATION (  '', ( #253 ), #959 ) ;
#3947 = FACE_OUTER_BOUND ( 'NONE', #108, .T. ) ;
#3948 = DIRECTION ( 'NONE',  ( 0.000000000000000000, 4.645999989224937270E-17, 1.000000000000000000 ) ) ;
#3949 = ORIENTED_EDGE ( 'NONE', *, *, #5293, .F. ) ;
#3950 = PLANE ( 'NONE',  #5494 ) ;
#3951 = ORIENTED_EDGE ( 'NONE', *, *, #40, .F. ) ;
#3952 = CARTESIAN_POINT ( 'NONE',  ( -9.778999999999999915, 3.556000000000001826, 4.064000000000000057 ) ) ;
#3953 = ORIENTED_EDGE ( 'NONE', *, *, #4908, .F. ) ;
#3954 = FACE_OUTER_BOUND ( 'NONE', #3282, .T. ) ;
#3955 = CARTESIAN_POINT ( 'NONE',  ( -7.619999999999998330, 0.6599113576837527528, 1.524000000000000021 ) ) ;
#3956 = CARTESIAN_POINT ( 'NONE',  ( -7.238999999999998991, 3.556000000000001826, 1.524000000000000021 ) ) ;
#3957 = LINE ( 'NONE', #1532, #5993 ) ;
#3958 = ORIENTED_EDGE ( 'NONE', *, *, #5632, .T. ) ;
#3959 = VERTEX_POINT ( 'NONE', #2618 ) ;
#3960 = DIRECTION ( 'NONE',  ( -0.000000000000000000, -0.000000000000000000, -1.000000000000000000 ) ) ;
#3961 = PLANE ( 'NONE',  #137 ) ;
#3962 = DIRECTION ( 'NONE',  ( 1.000000000000000000, 0.000000000000000000, 0.000000000000000000 ) ) ;
#3963 = ADVANCED_FACE ( 'NONE', ( #744 ), #5868, .F. ) ;
#3964 = CARTESIAN_POINT ( 'NONE',  ( 3.469446951953614189E-15, 0.6599113576837528639, 4.064000000000000057 ) ) ;
#3965 = ORIENTED_EDGE ( 'NONE', *, *, #149, .F. ) ;
#3966 = ORIENTED_EDGE ( 'NONE', *, *, #5429, .T. ) ;
#3967 = EDGE_CURVE ( 'NONE', #2802, #723, #1264, .T. ) ;
#3968 = DIRECTION ( 'NONE',  ( -1.000000000000000000, -0.000000000000000000, -0.000000000000000000 ) ) ;
#3969 = DIRECTION ( 'NONE',  ( 1.000000000000000000, 0.000000000000000000, 0.000000000000000000 ) ) ;
#3970 = DIRECTION ( 'NONE',  ( 0.4999999999999945044, -0.8660254037844418162, 0.000000000000000000 ) ) ;
#3971 = ADVANCED_FACE ( 'NONE', ( #1291 ), #5969, .F. ) ;
#3972 = EDGE_LOOP ( 'NONE', ( #3809, #5828, #1634, #2390, #477, #278, #4496, #4598 ) ) ;
#3973 =( NAMED_UNIT ( * ) PLANE_ANGLE_UNIT ( ) SI_UNIT ( $, .RADIAN. ) );
#3974 = DIRECTION ( 'NONE',  ( -0.000000000000000000, -0.000000000000000000, -1.000000000000000000 ) ) ;
#3975 = DIRECTION ( 'NONE',  ( 1.000000000000000000, 0.000000000000000000, 0.000000000000000000 ) ) ;
#3976 = EDGE_CURVE ( 'NONE', #4484, #1346, #870, .T. ) ;
#3977 = ORIENTED_EDGE ( 'NONE', *, *, #5633, .F. ) ;
#3978 = CARTESIAN_POINT ( 'NONE',  ( 12.70000000000000462, 0.6599113576837527528, 4.064000000000000057 ) ) ;
#3979 = ORIENTED_EDGE ( 'NONE', *, *, #2330, .T. ) ;
#3980 = PLANE ( 'NONE',  #4509 ) ;
#3981 = DIRECTION ( 'NONE',  ( 1.023454825001716575E-15, 1.000000000000000000, -0.000000000000000000 ) ) ;
#3982 = FACE_OUTER_BOUND ( 'NONE', #3640, .T. ) ;
#3983 = ORIENTED_EDGE ( 'NONE', *, *, #5551, .T. ) ;
#3984 = ORIENTED_EDGE ( 'NONE', *, *, #5376, .F. ) ;
#3985 = EDGE_CURVE ( 'NONE', #940, #2616, #2717, .T. ) ;
#3986 = DIRECTION ( 'NONE',  ( -0.000000000000000000, -0.000000000000000000, -1.000000000000000000 ) ) ;
#3987 = DIRECTION ( 'NONE',  ( 0.000000000000000000, 1.000000000000000000, 0.000000000000000000 ) ) ;
#3988 = CARTESIAN_POINT ( 'NONE',  ( 9.207500000000008455, 1.460500000000014786, 4.064000000000000057 ) ) ;
#3989 = PLANE ( 'NONE',  #3140 ) ;
#3990 = LINE ( 'NONE', #5873, #3912 ) ;
#3991 = ORIENTED_EDGE ( 'NONE', *, *, #932, .F. ) ;
#3992 = ORIENTED_EDGE ( 'NONE', *, *, #3059, .F. ) ;
#3993 =( NAMED_UNIT ( * ) PLANE_ANGLE_UNIT ( ) SI_UNIT ( $, .RADIAN. ) );
#3994 = CARTESIAN_POINT ( 'NONE',  ( -2.158999999999997588, 1.819702678853052132E-15, 4.064000000000000057 ) ) ;
#3995 = DIRECTION ( 'NONE',  ( 1.000000000000000000, 0.000000000000000000, 0.000000000000000000 ) ) ;
#3996 = EDGE_CURVE ( 'NONE', #2051, #4809, #4557, .T. ) ;
#3997 = DIRECTION ( 'NONE',  ( -0.000000000000000000, -0.000000000000000000, -1.000000000000000000 ) ) ;
#3998 = ORIENTED_EDGE ( 'NONE', *, *, #8, .F. ) ;
#3999 = VECTOR ( 'NONE', #303, 1000.000000000000000 ) ;
#4000 = ORIENTED_EDGE ( 'NONE', *, *, #2582, .F. ) ;
#4001 = DIRECTION ( 'NONE',  ( -0.000000000000000000, 0.000000000000000000, 1.000000000000000000 ) ) ;
#4002 = VECTOR ( 'NONE', #835, 1000.000000000000000 ) ;
#4003 = DIRECTION ( 'NONE',  ( 0.000000000000000000, 1.000000000000000000, -4.645999989224937270E-17 ) ) ;
#4004 = FACE_OUTER_BOUND ( 'NONE', #1390, .T. ) ;
#4005 = ORIENTED_EDGE ( 'NONE', *, *, #3401, .F. ) ;
#4006 = DIRECTION ( 'NONE',  ( -0.000000000000000000, -1.000000000000000000, -0.000000000000000000 ) ) ;
#4007 = ORIENTED_EDGE ( 'NONE', *, *, #2164, .T. ) ;
#4008 = VECTOR ( 'NONE', #1027, 1000.000000000000000 ) ;
#4009 = DIRECTION ( 'NONE',  ( -0.4999999999999951150, -0.8660254037844414832, 0.000000000000000000 ) ) ;
#4010 = EDGE_CURVE ( 'NONE', #2459, #1572, #1777, .T. ) ;
#4011 = CARTESIAN_POINT ( 'NONE',  ( -7.238999999999998991, 1.819702678853052132E-15, 4.064000000000000057 ) ) ;
#4012 = EDGE_CURVE ( 'NONE', #1965, #683, #4436, .T. ) ;
#4013 = DIRECTION ( 'NONE',  ( 1.000000000000000000, 0.000000000000000000, -0.000000000000000000 ) ) ;
#4014 = VECTOR ( 'NONE', #4883, 1000.000000000000000 ) ;
#4015 = CARTESIAN_POINT ( 'NONE',  ( 1.734723475976807094E-15, 0.6599113576837527528, 1.524000000000000021 ) ) ;
#4016 = PRESENTATION_LAYER_ASSIGNMENT (  '', '', ( #4210 ) ) ;
#4017 = VERTEX_POINT ( 'NONE', #1720 ) ;
#4018 = EDGE_LOOP ( 'NONE', ( #3842, #4563, #1615, #731 ) ) ;
#4019 = DIRECTION ( 'NONE',  ( 0.8660254037844419273, -0.4999999999999943934, 0.000000000000000000 ) ) ;
#4020 = AXIS2_PLACEMENT_3D ( 'NONE', #2754, #5061, #4203 ) ;
#4021 = VECTOR ( 'NONE', #5171, 1000.000000000000000 ) ;
#4022 = EDGE_CURVE ( 'NONE', #3759, #2447, #3176, .T. ) ;
#4023 = FACE_OUTER_BOUND ( 'NONE', #5749, .T. ) ;
#4024 = EDGE_CURVE ( 'NONE', #1738, #2459, #1655, .T. ) ;
#4025 = CARTESIAN_POINT ( 'NONE',  ( 2.540000000000002256, 2.896088642316250183, 4.064000000000000057 ) ) ;
#4026 = DIRECTION ( 'NONE',  ( -0.000000000000000000, -0.000000000000000000, -1.000000000000000000 ) ) ;
#4027 = VECTOR ( 'NONE', #2171, 1000.000000000000000 ) ;
#4028 = FACE_OUTER_BOUND ( 'NONE', #5962, .T. ) ;
#4029 = VECTOR ( 'NONE', #5007, 1000.000000000000000 ) ;
#4030 = ORIENTED_EDGE ( 'NONE', *, *, #347, .F. ) ;
#4031 = EDGE_LOOP ( 'NONE', ( #4343, #5590, #3519, #5342 ) ) ;
#4032 = EDGE_CURVE ( 'NONE', #2466, #2898, #2142, .T. ) ;
#4033 = LINE ( 'NONE', #1787, #5112 ) ;
#4034 = ADVANCED_FACE ( 'NONE', ( #3113 ), #3524, .F. ) ;
#4035 = AXIS2_PLACEMENT_3D ( 'NONE', #3063, #5213, #4906 ) ;
#4036 = DIRECTION ( 'NONE',  ( 0.000000000000000000, 0.000000000000000000, 1.000000000000000000 ) ) ;
#4037 = LINE ( 'NONE', #2603, #5797 ) ;
#4038 = AXIS2_PLACEMENT_3D ( 'NONE', #895, #3674, #2871 ) ;
#4039 = EDGE_LOOP ( 'NONE', ( #3072, #1913, #948, #4731 ) ) ;
#4040 = FACE_BOUND ( 'NONE', #1680, .T. ) ;
#4041 = VECTOR ( 'NONE', #4318, 1000.000000000000000 ) ;
#4042 = CARTESIAN_POINT ( 'NONE',  ( 3.469446951953614189E-15, 2.896088642316250183, 4.064000000000000057 ) ) ;
#4043 = CARTESIAN_POINT ( 'NONE',  ( 4.699000000000001620, 0.000000000000000000, 4.064000000000000057 ) ) ;
#4044 = ORIENTED_EDGE ( 'NONE', *, *, #1624, .F. ) ;
#4045 = LINE ( 'NONE', #5930, #1207 ) ;
#4046 = ORIENTED_EDGE ( 'NONE', *, *, #5349, .F. ) ;
#4047 = MECHANICAL_DESIGN_GEOMETRIC_PRESENTATION_REPRESENTATION (  '', ( #4420 ), #5225 ) ;
#4048 = DIRECTION ( 'NONE',  ( -0.8660254037844414832, 0.4999999999999951150, 0.000000000000000000 ) ) ;
#4049 = CARTESIAN_POINT ( 'NONE',  ( -12.31899999999999906, 1.819702678853052132E-15, 1.524000000000000021 ) ) ;
#4050 = PLANE ( 'NONE',  #4674 ) ;
#4051 = CARTESIAN_POINT ( 'NONE',  ( 15.24000000000000554, 2.896088642316250183, 4.064000000000000057 ) ) ;
#4052 = ORIENTED_EDGE ( 'NONE', *, *, #2973, .T. ) ;
#4053 = ORIENTED_EDGE ( 'NONE', *, *, #3491, .T. ) ;
#4054 = DIRECTION ( 'NONE',  ( -1.000000000000000000, 2.439149994343089694E-16, -0.000000000000000000 ) ) ;
#4055 = CARTESIAN_POINT ( 'NONE',  ( -6.667499999999993321, 1.460500000000014786, 4.064000000000000057 ) ) ;
#4056 = FACE_OUTER_BOUND ( 'NONE', #5601, .T. ) ;
#4057 = CARTESIAN_POINT ( 'NONE',  ( 13.08100000000000485, 3.556000000000001826, 1.524000000000000021 ) ) ;
#4058 = LINE ( 'NONE', #5218, #118 ) ;
#4059 = EDGE_CURVE ( 'NONE', #2301, #750, #5406, .T. ) ;
#4060 = ORIENTED_EDGE ( 'NONE', *, *, #1294, .F. ) ;
#4061 = VERTEX_POINT ( 'NONE', #344 ) ;
#4062 = SURFACE_STYLE_USAGE ( .BOTH. , #5035 ) ;
#4063 = PLANE ( 'NONE',  #5215 ) ;
#4064 = SHAPE_DEFINITION_REPRESENTATION ( #1769, #3108 ) ;
#4065 = CARTESIAN_POINT ( 'NONE',  ( 0.9525000000000071188, 1.460500000000014786, 4.064000000000000057 ) ) ;
#4066 = ORIENTED_EDGE ( 'NONE', *, *, #3327, .T. ) ;
#4067 = ADVANCED_FACE ( 'NONE', ( #5497 ), #1233, .F. ) ;
#4068 = FACE_OUTER_BOUND ( 'NONE', #1282, .T. ) ;
#4069 = LINE ( 'NONE', #229, #2946 ) ;
#4070 = DIRECTION ( 'NONE',  ( 0.000000000000000000, -1.000000000000000000, 4.645999989224937270E-17 ) ) ;
#4071 = ORIENTED_EDGE ( 'NONE', *, *, #578, .T. ) ;
#4072 = DIRECTION ( 'NONE',  ( -0.000000000000000000, -0.000000000000000000, -1.000000000000000000 ) ) ;
#4073 = ORIENTED_EDGE ( 'NONE', *, *, #3561, .T. ) ;
#4074 = CARTESIAN_POINT ( 'NONE',  ( -8.000999999999997669, 3.556000000000001382, 4.064000000000000057 ) ) ;
#4075 = EDGE_CURVE ( 'NONE', #707, #2051, #4497, .T. ) ;
#4076 = CARTESIAN_POINT ( 'NONE',  ( -13.65249999999999275, 2.095500000000015017, 4.064000000000000057 ) ) ;
#4077 = DIRECTION ( 'NONE',  ( 1.000000000000000000, -2.439149994343089694E-16, 0.000000000000000000 ) ) ;
#4078 = ORIENTED_EDGE ( 'NONE', *, *, #4605, .T. ) ;
#4079 = DIRECTION ( 'NONE',  ( -0.000000000000000000, -0.000000000000000000, -1.000000000000000000 ) ) ;
#4080 = LINE ( 'NONE', #3144, #4129 ) ;
#4081 = PLANE ( 'NONE',  #5872 ) ;
#4082 = CARTESIAN_POINT ( 'NONE',  ( 2.159000000000001140, 0.000000000000000000, 4.064000000000000057 ) ) ;
#4083 = CARTESIAN_POINT ( 'NONE',  ( 6.032500000000008633, 2.095500000000015017, 4.064000000000000057 ) ) ;
#4084 = ORIENTED_EDGE ( 'NONE', *, *, #5236, .T. ) ;
#4085 = ORIENTED_EDGE ( 'NONE', *, *, #2903, .T. ) ;
#4086 = DIRECTION ( 'NONE',  ( -0.000000000000000000, 0.000000000000000000, -1.000000000000000000 ) ) ;
#4087 = EDGE_CURVE ( 'NONE', #3874, #2697, #3585, .T. ) ;
#4088 = EDGE_CURVE ( 'NONE', #4969, #1878, #5464, .T. ) ;
#4089 = EDGE_CURVE ( 'NONE', #2019, #5682, #2229, .T. ) ;
#4090 = CARTESIAN_POINT ( 'NONE',  ( 5.080000000000002736, 2.896088642316250628, 1.524000000000000021 ) ) ;
#4091 = ORIENTED_EDGE ( 'NONE', *, *, #214, .T. ) ;
#4092 = LINE ( 'NONE', #1428, #453 ) ;
#4093 = ADVANCED_FACE ( 'NONE', ( #3672 ), #18, .F. ) ;
#4094 = LINE ( 'NONE', #4636, #1786 ) ;
#4095 = LINE ( 'NONE', #954, #3053 ) ;
#4096 = CLOSED_SHELL ( 'NONE', ( #3707, #2878, #5417, #409, #3886, #1192, #485, #1277, #627, #2945, #1140, #4834, #2730, #4192 ) ) ;
#4097 = ORIENTED_EDGE ( 'NONE', *, *, #578, .F. ) ;
#4098 = LINE ( 'NONE', #5892, #1983 ) ;
#4099 = VERTEX_POINT ( 'NONE', #991 ) ;
#4100 = DIRECTION ( 'NONE',  ( -2.439149994343089694E-16, -1.000000000000000000, 0.000000000000000000 ) ) ;
#4101 = EDGE_CURVE ( 'NONE', #5628, #2261, #4585, .T. ) ;
#4102 = VECTOR ( 'NONE', #3974, 1000.000000000000000 ) ;
#4103 = CARTESIAN_POINT ( 'NONE',  ( 11.74750000000000938, 1.460500000000014786, 4.064000000000000057 ) ) ;
#4104 = DIRECTION ( 'NONE',  ( -0.8660254037844414832, 0.4999999999999951150, 0.000000000000000000 ) ) ;
#4105 = VECTOR ( 'NONE', #5170, 1000.000000000000000 ) ;
#4106 = ORIENTED_EDGE ( 'NONE', *, *, #4714, .T. ) ;
#4107 = DIRECTION ( 'NONE',  ( 0.4999999999999950595, 0.8660254037844414832, 0.000000000000000000 ) ) ;
#4108 = DIRECTION ( 'NONE',  ( 1.000000000000000000, -1.023454825001716575E-15, 0.000000000000000000 ) ) ;
#4109 = VECTOR ( 'NONE', #3207, 1000.000000000000000 ) ;
#4110 = VECTOR ( 'NONE', #5937, 1000.000000000000000 ) ;
#4111 = CARTESIAN_POINT ( 'NONE',  ( 11.11250000000000959, 2.095500000000015017, 4.064000000000000057 ) ) ;
#4112 = ADVANCED_FACE ( 'NONE', ( #2287 ), #3700, .T. ) ;
#4113 = DIRECTION ( 'NONE',  ( -0.000000000000000000, -0.000000000000000000, -1.000000000000000000 ) ) ;
#4114 = CARTESIAN_POINT ( 'NONE',  ( -6.667499999999993321, 1.460500000000014786, 4.064000000000000057 ) ) ;
#4115 = ORIENTED_EDGE ( 'NONE', *, *, #5560, .F. ) ;
#4116 = ORIENTED_EDGE ( 'NONE', *, *, #4754, .T. ) ;
#4117 = VECTOR ( 'NONE', #4933, 1000.000000000000000 ) ;
#4118 = VECTOR ( 'NONE', #3917, 1000.000000000000114 ) ;
#4119 = DIRECTION ( 'NONE',  ( 0.4999999999999945044, -0.8660254037844418162, 0.000000000000000000 ) ) ;
#4120 = LINE ( 'NONE', #2817, #237 ) ;
#4121 = VECTOR ( 'NONE', #3960, 1000.000000000000000 ) ;
#4122 = VECTOR ( 'NONE', #4511, 1000.000000000000000 ) ;
#4123 = CARTESIAN_POINT ( 'NONE',  ( 9.779000000000005244, 3.556000000000001382, 4.064000000000000057 ) ) ;
#4124 = ORIENTED_EDGE ( 'NONE', *, *, #3125, .T. ) ;
#4125 = AXIS2_PLACEMENT_3D ( 'NONE', #1372, #960, #4552 ) ;
#4126 = ADVANCED_FACE ( 'NONE', ( #2784 ), #1353, .F. ) ;
#4127 = CARTESIAN_POINT ( 'NONE',  ( -0.2279258938000995605, -2.540000000000000036, 0.000000000000000000 ) ) ;
#4128 = DIRECTION ( 'NONE',  ( 1.000000000000000000, -1.023454825001716575E-15, 0.000000000000000000 ) ) ;
#4129 = VECTOR ( 'NONE', #841, 1000.000000000000000 ) ;
#4130 = CARTESIAN_POINT ( 'NONE',  ( 5.461000000000002075, 1.819702678853052132E-15, 4.064000000000000057 ) ) ;
#4131 = EDGE_LOOP ( 'NONE', ( #465, #2216, #6, #2194 ) ) ;
#4132 = CARTESIAN_POINT ( 'NONE',  ( 9.779000000000003467, 0.000000000000000000, 4.064000000000000057 ) ) ;
#4133 = ADVANCED_FACE ( 'NONE', ( #965 ), #1020, .T. ) ;
#4134 = VERTEX_POINT ( 'NONE', #2835 ) ;
#4135 = DIRECTION ( 'NONE',  ( 0.000000000000000000, -4.645999989224937887E-17, -1.000000000000000000 ) ) ;
#4136 = VECTOR ( 'NONE', #797, 1000.000000000000000 ) ;
#4137 =( NAMED_UNIT ( * ) SI_UNIT ( $, .STERADIAN. ) SOLID_ANGLE_UNIT ( ) );
#4138 = PLANE ( 'NONE',  #4579 ) ;
#4139 = FILL_AREA_STYLE_COLOUR ( '', #5587 ) ;
#4140 = PRESENTATION_LAYER_ASSIGNMENT (  '', '', ( #2011 ) ) ;
#4141 = EDGE_LOOP ( 'NONE', ( #4453, #172, #4155, #1447 ) ) ;
#4142 = CARTESIAN_POINT ( 'NONE',  ( -4.698999999999998067, 1.819702678853052132E-15, 1.524000000000000021 ) ) ;
#4143 = CARTESIAN_POINT ( 'NONE',  ( 0.3175000000000000044, 2.095500000000001251, 3.683000000000000274 ) ) ;
#4144 = CARTESIAN_POINT ( 'NONE',  ( 0.3175000000000000044, -2.540000000000000036, 0.000000000000000000 ) ) ;
#4145 = CARTESIAN_POINT ( 'NONE',  ( 0.3810000000000011156, 3.556000000000001826, 4.064000000000000057 ) ) ;
#4146 = LINE ( 'NONE', #2790, #4684 ) ;
#4147 = ORIENTED_EDGE ( 'NONE', *, *, #3827, .F. ) ;
#4148 = VERTEX_POINT ( 'NONE', #4142 ) ;
#4149 = DIRECTION ( 'NONE',  ( 1.000000000000000000, 0.000000000000000000, -0.000000000000000000 ) ) ;
#4150 = PRODUCT_DEFINITION ( 'UNKNOWN', '', #4423, #5183 ) ;
#4151 = ORIENTED_EDGE ( 'NONE', *, *, #3377, .T. ) ;
#4152 = EDGE_CURVE ( 'NONE', #1760, #716, #2868, .T. ) ;
#4153 = LINE ( 'NONE', #3715, #3253 ) ;
#4154 = EDGE_LOOP ( 'NONE', ( #1001, #1553, #743, #1288 ) ) ;
#4155 = ORIENTED_EDGE ( 'NONE', *, *, #5246, .T. ) ;
#4156 = LINE ( 'NONE', #3754, #746 ) ;
#4157 = CARTESIAN_POINT ( 'NONE',  ( 9.779000000000005244, 3.556000000000001382, 4.064000000000000057 ) ) ;
#4158 = LINE ( 'NONE', #3689, #5593 ) ;
#4159 = VERTEX_POINT ( 'NONE', #489 ) ;
#4160 = CARTESIAN_POINT ( 'NONE',  ( 13.08100000000000485, 1.819702678853052132E-15, 1.524000000000000021 ) ) ;
#4161 = ORIENTED_EDGE ( 'NONE', *, *, #1184, .T. ) ;
#4162 = CARTESIAN_POINT ( 'NONE',  ( 0.3175000000000000044, 1.460500000000002130, 9.397999999999990806 ) ) ;
#4163 = EDGE_CURVE ( 'NONE', #1613, #285, #5125, .T. ) ;
#4164 = FACE_OUTER_BOUND ( 'NONE', #374, .T. ) ;
#4165 =( NAMED_UNIT ( * ) SI_UNIT ( $, .STERADIAN. ) SOLID_ANGLE_UNIT ( ) );
#4166 = ORIENTED_EDGE ( 'NONE', *, *, #4724, .F. ) ;
#4167 = CARTESIAN_POINT ( 'NONE',  ( 2.921000000000001595, 1.819702678853052132E-15, 1.524000000000000021 ) ) ;
#4168 = LINE ( 'NONE', #467, #355 ) ;
#4169 = DIRECTION ( 'NONE',  ( 1.000000000000000000, -1.023454825001716575E-15, 0.000000000000000000 ) ) ;
#4170 = DIRECTION ( 'NONE',  ( -1.000000000000000000, 0.000000000000000000, 0.000000000000000000 ) ) ;
#4171 = ORIENTED_EDGE ( 'NONE', *, *, #4452, .F. ) ;
#4172 = ORIENTED_EDGE ( 'NONE', *, *, #3756, .T. ) ;
#4173 = PLANE ( 'NONE',  #528 ) ;
#4174 = CARTESIAN_POINT ( 'NONE',  ( 11.11250000000000959, 2.095500000000015017, 1.524000000000000021 ) ) ;
#4175 = ORIENTED_EDGE ( 'NONE', *, *, #5444, .F. ) ;
#4176 = LINE ( 'NONE', #5138, #3161 ) ;
#4177 = ORIENTED_EDGE ( 'NONE', *, *, #530, .F. ) ;
#4178 = ORIENTED_EDGE ( 'NONE', *, *, #5051, .T. ) ;
#4179 = LINE ( 'NONE', #4, #1109 ) ;
#4180 = EDGE_CURVE ( 'NONE', #5940, #2177, #2810, .T. ) ;
#4181 = DIRECTION ( 'NONE',  ( 0.000000000000000000, -1.000000000000000000, 0.000000000000000000 ) ) ;
#4182 = ORIENTED_EDGE ( 'NONE', *, *, #4089, .T. ) ;
#4183 = LINE ( 'NONE', #7, #2182 ) ;
#4184 = PRODUCT_DEFINITION_SHAPE ( 'NONE', 'NONE',  #6064 ) ;
#4185 = VERTEX_POINT ( 'NONE', #1408 ) ;
#4186 = LINE ( 'NONE', #2367, #39 ) ;
#4187 = LINE ( 'NONE', #3734, #2446 ) ;
#4188 = UNCERTAINTY_MEASURE_WITH_UNIT (LENGTH_MEASURE( 1.000000000000000082E-05 ), #4775, 'distance_accuracy_value', 'NONE');
#4189 = ORIENTED_EDGE ( 'NONE', *, *, #5752, .F. ) ;
#4190 = ADVANCED_FACE ( 'NONE', ( #4708 ), #4620, .F. ) ;
#4191 = CLOSED_SHELL ( 'NONE', ( #300, #715, #2325, #2076, #679, #5810, #4202, #1536, #473, #1871, #4133, #6045, #1762, #437 ) ) ;
#4192 = ADVANCED_FACE ( 'NONE', ( #2340 ), #5530, .T. ) ;
#4193 = LINE ( 'NONE', #1898, #2773 ) ;
#4194 = CARTESIAN_POINT ( 'NONE',  ( 5.461000000000002075, 1.819702678853052132E-15, 1.524000000000000021 ) ) ;
#4195 = ITEM_DEFINED_TRANSFORMATION ( 'NONE', 'NONE', #4719,  #247 ) ;
#4196 = FACE_BOUND ( 'NONE', #2414, .T. ) ;
#4197 = DIRECTION ( 'NONE',  ( 0.000000000000000000, -0.000000000000000000, -1.000000000000000000 ) ) ;
#4198 = VECTOR ( 'NONE', #463, 1000.000000000000000 ) ;
#4199 = ORIENTED_EDGE ( 'NONE', *, *, #5729, .T. ) ;
#4200 = ORIENTED_EDGE ( 'NONE', *, *, #2918, .T. ) ;
#4201 = EDGE_CURVE ( 'NONE', #1371, #3214, #893, .T. ) ;
#4202 = ADVANCED_FACE ( 'NONE', ( #6033 ), #2314, .F. ) ;
#4203 = DIRECTION ( 'NONE',  ( -1.000000000000000000, 0.000000000000000000, -0.000000000000000000 ) ) ;
#4204 = VECTOR ( 'NONE', #4736, 1000.000000000000000 ) ;
#4205 = VECTOR ( 'NONE', #3635, 1000.000000000000000 ) ;
#4206 = CARTESIAN_POINT ( 'NONE',  ( -2.539999999999996927, 2.896088642316250183, 4.064000000000000057 ) ) ;
#4207 = ORIENTED_EDGE ( 'NONE', *, *, #1764, .T. ) ;
#4208 = VECTOR ( 'NONE', #4119, 1000.000000000000000 ) ;
#4209 = LINE ( 'NONE', #2240, #5311 ) ;
#4210 = STYLED_ITEM ( 'NONE', ( #397 ), #1741 ) ;
#4211 = ORIENTED_EDGE ( 'NONE', *, *, #3275, .F. ) ;
#4212 = ORIENTED_EDGE ( 'NONE', *, *, #2153, .F. ) ;
#4213 = VECTOR ( 'NONE', #3373, 1000.000000000000000 ) ;
#4214 = VECTOR ( 'NONE', #858, 1000.000000000000000 ) ;
#4215 = DIRECTION ( 'NONE',  ( -0.000000000000000000, -0.000000000000000000, -1.000000000000000000 ) ) ;
#4216 = CARTESIAN_POINT ( 'NONE',  ( -4.127499999999992397, 1.460500000000014786, 4.064000000000000057 ) ) ;
#4217 = ORIENTED_EDGE ( 'NONE', *, *, #2656, .F. ) ;
#4218 = CARTESIAN_POINT ( 'NONE',  ( 13.65250000000001052, 2.095500000000015017, 4.064000000000000057 ) ) ;
#4219 = VECTOR ( 'NONE', #3940, 1000.000000000000000 ) ;
#4220 = AXIS2_PLACEMENT_3D ( 'NONE', #131, #4247, #3817 ) ;
#4221 = ORIENTED_EDGE ( 'NONE', *, *, #2918, .F. ) ;
#4222 = DIRECTION ( 'NONE',  ( -0.000000000000000000, 1.000000000000000000, -0.000000000000000000 ) ) ;
#4223 = VECTOR ( 'NONE', #2265, 1000.000000000000000 ) ;
#4224 = PRODUCT_RELATED_PRODUCT_CATEGORY ( 'part', '', ( #501 ) ) ;
#4225 = CARTESIAN_POINT ( 'NONE',  ( 2.540000000000002256, 2.896088642316250628, 4.064000000000000057 ) ) ;
#4226 = DIRECTION ( 'NONE',  ( 0.8660254037844418162, 0.4999999999999945599, -0.000000000000000000 ) ) ;
#4227 = ORIENTED_EDGE ( 'NONE', *, *, #1184, .F. ) ;
#4228 =( GEOMETRIC_REPRESENTATION_CONTEXT ( 3 ) GLOBAL_UNCERTAINTY_ASSIGNED_CONTEXT ( ( #5050 ) ) GLOBAL_UNIT_ASSIGNED_CONTEXT ( ( #5119, #1926, #2336 ) ) REPRESENTATION_CONTEXT ( 'NONE', 'WORKASPACE' ) );
#4229 = DIRECTION ( 'NONE',  ( 0.000000000000000000, -1.000000000000000000, 0.000000000000000000 ) ) ;
#4230 = LINE ( 'NONE', #5187, #5005 ) ;
#4231 = CONTEXT_DEPENDENT_SHAPE_REPRESENTATION ( #610, #55 ) ;
#4232 = CARTESIAN_POINT ( 'NONE',  ( 2.159000000000001140, 0.000000000000000000, 4.064000000000000057 ) ) ;
#4233 = CARTESIAN_POINT ( 'NONE',  ( 12.70000000000000462, 2.896088642316250628, 1.524000000000000021 ) ) ;
#4234 = EDGE_LOOP ( 'NONE', ( #3889, #5754, #1085, #2309 ) ) ;
#4235 = ORIENTED_EDGE ( 'NONE', *, *, #834, .T. ) ;
#4236 = DIRECTION ( 'NONE',  ( -0.000000000000000000, -1.000000000000000000, -0.000000000000000000 ) ) ;
#4237 = AXIS2_PLACEMENT_3D ( 'NONE', #5853, #5451, #5360 ) ;
#4238 = PLANE ( 'NONE',  #3449 ) ;
#4239 = ORIENTED_EDGE ( 'NONE', *, *, #1391, .T. ) ;
#4240 = EDGE_CURVE ( 'NONE', #5770, #5260, #1465, .T. ) ;
#4241 = AXIS2_PLACEMENT_3D ( 'NONE', #1969, #189, #3812 ) ;
#4242 = DIRECTION ( 'NONE',  ( 1.000000000000000000, -0.000000000000000000, 0.000000000000000000 ) ) ;
#4243 = ORIENTED_EDGE ( 'NONE', *, *, #1864, .F. ) ;
#4244 = EDGE_LOOP ( 'NONE', ( #386, #2493, #769, #2911 ) ) ;
#4245 = PLANE ( 'NONE',  #518 ) ;
#4246 = EDGE_CURVE ( 'NONE', #1558, #2697, #4193, .T. ) ;
#4247 = DIRECTION ( 'NONE',  ( -1.000000000000000000, 0.000000000000000000, 0.000000000000000000 ) ) ;
#4248 = ORIENTED_EDGE ( 'NONE', *, *, #2389, .T. ) ;
#4249 = DIRECTION ( 'NONE',  ( 0.1710878697460327669, -0.9702875252478150303, 0.1710878697460326558 ) ) ;
#4250 = ORIENTED_EDGE ( 'NONE', *, *, #318, .T. ) ;
#4251 = ADVANCED_FACE ( 'NONE', ( #5153 ), #520, .F. ) ;
#4252 = LINE ( 'NONE', #2861, #3441 ) ;
#4253 = FACE_OUTER_BOUND ( 'NONE', #3298, .T. ) ;
#4254 = DIRECTION ( 'NONE',  ( 0.4999999999999950595, 0.8660254037844414832, 0.000000000000000000 ) ) ;
#4255 = DIRECTION ( 'NONE',  ( 1.000000000000000000, -1.023454825001716575E-15, 0.000000000000000000 ) ) ;
#4256 = LINE ( 'NONE', #80, #1587 ) ;
#4257 = ORIENTED_EDGE ( 'NONE', *, *, #4012, .T. ) ;
#4258 = CARTESIAN_POINT ( 'NONE',  ( -0.2279258938000999768, 0.000000000000000000, 9.906000000000000583 ) ) ;
#4259 = CARTESIAN_POINT ( 'NONE',  ( 15.24000000000000554, 0.6599113576837528639, 4.064000000000000057 ) ) ;
#4260 = DIRECTION ( 'NONE',  ( 1.000000000000000000, -2.439149994343089694E-16, 0.000000000000000000 ) ) ;
#4261 = DIRECTION ( 'NONE',  ( -0.4999999999999943934, -0.8660254037844419273, -0.000000000000000000 ) ) ;
#4262 = ORIENTED_EDGE ( 'NONE', *, *, #3015, .F. ) ;
#4263 = ORIENTED_EDGE ( 'NONE', *, *, #1275, .T. ) ;
#4264 = CARTESIAN_POINT ( 'NONE',  ( 11.74750000000000938, 2.095500000000015017, 4.064000000000000057 ) ) ;
#4265 = CARTESIAN_POINT ( 'NONE',  ( 7.239000000000002544, 0.000000000000000000, 4.064000000000000057 ) ) ;
#4266 = ORIENTED_EDGE ( 'NONE', *, *, #4750, .T. ) ;
#4267 = DIRECTION ( 'NONE',  ( 1.000000000000000000, 0.000000000000000000, 0.000000000000000000 ) ) ;
#4268 = ORIENTED_EDGE ( 'NONE', *, *, #3102, .F. ) ;
#4269 = ADVANCED_FACE ( 'NONE', ( #585 ), #3833, .F. ) ;
#4270 = DIRECTION ( 'NONE',  ( -0.4999999999999943934, 0.8660254037844419273, -0.000000000000000000 ) ) ;
#4271 = FACE_OUTER_BOUND ( 'NONE', #1825, .T. ) ;
#4272 = EDGE_LOOP ( 'NONE', ( #1646, #2467, #5787, #3904 ) ) ;
#4273 = CARTESIAN_POINT ( 'NONE',  ( 2.540000000000000036, 0.000000000000000000, 1.524000000000000021 ) ) ;
#4274 = ORIENTED_EDGE ( 'NONE', *, *, #2778, .T. ) ;
#4275 = EDGE_CURVE ( 'NONE', #1878, #5414, #4801, .T. ) ;
#4276 = EDGE_CURVE ( 'NONE', #4660, #4159, #1619, .T. ) ;
#4277 = LINE ( 'NONE', #4872, #4998 ) ;
#4278 = DIRECTION ( 'NONE',  ( 0.4999999999999950595, 0.8660254037844414832, 0.000000000000000000 ) ) ;
#4279 = PLANE ( 'NONE',  #3320 ) ;
#4280 = FACE_OUTER_BOUND ( 'NONE', #3972, .T. ) ;
#4281 = LINE ( 'NONE', #3952, #321 ) ;
#4282 = ORIENTED_EDGE ( 'NONE', *, *, #530, .T. ) ;
#4283 = EDGE_CURVE ( 'NONE', #3583, #1613, #2020, .T. ) ;
#4284 = CARTESIAN_POINT ( 'NONE',  ( -7.238999999999998991, 3.556000000000001826, 4.064000000000000057 ) ) ;
#4285 = LINE ( 'NONE', #1555, #1517 ) ;
#4286 = CONTEXT_DEPENDENT_SHAPE_REPRESENTATION ( #1123, #4722 ) ;
#4287 = LINE ( 'NONE', #1500, #509 ) ;
#4288 = CARTESIAN_POINT ( 'NONE',  ( -8.000999999999997669, 0.000000000000000000, 1.524000000000000021 ) ) ;
#4289 = CLOSED_SHELL ( 'NONE', ( #1247, #3769, #2057, #3028, #4093, #4251, #1286, #3033, #4489, #1841, #4112, #2832, #157, #786 ) ) ;
#4290 = ORIENTED_EDGE ( 'NONE', *, *, #2574, .T. ) ;
#4291 = ORIENTED_EDGE ( 'NONE', *, *, #3967, .T. ) ;
#4292 = DIRECTION ( 'NONE',  ( 0.000000000000000000, -1.000000000000000000, 0.000000000000000000 ) ) ;
#4293 = AXIS2_PLACEMENT_3D ( 'NONE', #2226, #239, #4077 ) ;
#4294 = VERTEX_POINT ( 'NONE', #1104 ) ;
#4295 = DIRECTION ( 'NONE',  ( -0.000000000000000000, -0.000000000000000000, -1.000000000000000000 ) ) ;
#4296 = ORIENTED_EDGE ( 'NONE', *, *, #1588, .T. ) ;
#4297 = VECTOR ( 'NONE', #3088, 1000.000000000000000 ) ;
#4298 = VECTOR ( 'NONE', #5395, 1000.000000000000000 ) ;
#4299 = COLOUR_RGB ( '',0.2509803921568627416, 0.2509803921568627416, 0.2509803921568627416 ) ;
#4300 = CARTESIAN_POINT ( 'NONE',  ( -2.158999999999997588, 1.819702678853052132E-15, 1.524000000000000021 ) ) ;
#4301 = FACE_OUTER_BOUND ( 'NONE', #2647, .T. ) ;
#4302 = ORIENTED_EDGE ( 'NONE', *, *, #1467, .F. ) ;
#4303 = LINE ( 'NONE', #2916, #3920 ) ;
#4304 = ORIENTED_EDGE ( 'NONE', *, *, #1501, .F. ) ;
#4305 = VECTOR ( 'NONE', #481, 1000.000000000000000 ) ;
#4306 = AXIS2_PLACEMENT_3D ( 'NONE', #3009, #2896, #2069 ) ;
#4307 = LINE ( 'NONE', #1047, #4618 ) ;
#4308 = CARTESIAN_POINT ( 'NONE',  ( 8.001000000000002998, 1.819702678853052132E-15, 4.064000000000000057 ) ) ;
#4309 = EDGE_LOOP ( 'NONE', ( #534, #4175, #1173, #5874 ) ) ;
#4310 = AXIS2_PLACEMENT_3D ( 'NONE', #3614, #4019, #3051 ) ;
#4311 = CARTESIAN_POINT ( 'NONE',  ( -1.587499999999991696, 2.095500000000015017, 4.064000000000000057 ) ) ;
#4312 = AXIS2_PLACEMENT_3D ( 'NONE', #2440, #2000, #5722 ) ;
#4313 = EDGE_CURVE ( 'NONE', #6011, #5322, #2074, .T. ) ;
#4314 = CARTESIAN_POINT ( 'NONE',  ( 10.16000000000000369, 2.896088642316250183, 4.064000000000000057 ) ) ;
#4315 = ORIENTED_EDGE ( 'NONE', *, *, #5304, .F. ) ;
#4316 = PLANE ( 'NONE',  #1807 ) ;
#4317 = VECTOR ( 'NONE', #3595, 1000.000000000000000 ) ;
#4318 = DIRECTION ( 'NONE',  ( -0.4999999999999943934, -0.8660254037844419273, -0.000000000000000000 ) ) ;
#4319 = CARTESIAN_POINT ( 'NONE',  ( -1.587499999999991696, 2.095500000000015017, 1.524000000000000021 ) ) ;
#4320 = FACE_OUTER_BOUND ( 'NONE', #1897, .T. ) ;
#4321 = VECTOR ( 'NONE', #2288, 1000.000000000000000 ) ;
#4322 = ORIENTED_EDGE ( 'NONE', *, *, #4276, .T. ) ;
#4323 = EDGE_CURVE ( 'NONE', #5457, #5033, #3795, .T. ) ;
#4324 = ORIENTED_EDGE ( 'NONE', *, *, #1339, .T. ) ;
#4325 = LINE ( 'NONE', #2531, #3155 ) ;
#4326 = CARTESIAN_POINT ( 'NONE',  ( 2.540000000000002256, 2.896088642316250628, 4.064000000000000057 ) ) ;
#4327 = VECTOR ( 'NONE', #12, 1000.000000000000000 ) ;
#4328 = DIRECTION ( 'NONE',  ( -0.000000000000000000, -0.000000000000000000, -1.000000000000000000 ) ) ;
#4329 = CARTESIAN_POINT ( 'NONE',  ( -12.69999999999999751, 2.896088642316250628, 4.064000000000000057 ) ) ;
#4330 = ORIENTED_EDGE ( 'NONE', *, *, #2787, .T. ) ;
#4331 = VECTOR ( 'NONE', #363, 1000.000000000000000 ) ;
#4332 = PRODUCT_RELATED_PRODUCT_CATEGORY ( 'part', '', ( #894 ) ) ;
#4333 = APPLICATION_CONTEXT ( 'automotive_design' ) ;
#4334 = SURFACE_SIDE_STYLE ('',( #2886 ) ) ;
#4335 = CARTESIAN_POINT ( 'NONE',  ( 8.572500000000008669, 1.460500000000014786, 4.064000000000000057 ) ) ;
#4336 = CARTESIAN_POINT ( 'NONE',  ( 10.16000000000000369, 2.896088642316250628, 4.064000000000000057 ) ) ;
#4337 = LINE ( 'NONE', #165, #2859 ) ;
#4338 = ORIENTED_EDGE ( 'NONE', *, *, #5752, .T. ) ;
#4339 = DIRECTION ( 'NONE',  ( -1.000000000000000000, 0.000000000000000000, 0.000000000000000000 ) ) ;
#4340 = CARTESIAN_POINT ( 'NONE',  ( -2.539999999999996927, 2.896088642316250183, 4.064000000000000057 ) ) ;
#4341 = ORIENTED_EDGE ( 'NONE', *, *, #40, .T. ) ;
#4342 = CARTESIAN_POINT ( 'NONE',  ( 0.3175000000000000044, 1.460500000000002130, 9.397999999999990806 ) ) ;
#4343 = ORIENTED_EDGE ( 'NONE', *, *, #888, .T. ) ;
#4344 = DIRECTION ( 'NONE',  ( 0.000000000000000000, 0.000000000000000000, 1.000000000000000000 ) ) ;
#4345 = ORIENTED_EDGE ( 'NONE', *, *, #2637, .F. ) ;
#4346 = FACE_BOUND ( 'NONE', #866, .T. ) ;
#4347 = EDGE_CURVE ( 'NONE', #4099, #4450, #4830, .T. ) ;
#4348 = LINE ( 'NONE', #1648, #48 ) ;
#4349 = EDGE_CURVE ( 'NONE', #2441, #2802, #1554, .T. ) ;
#4350 = DIRECTION ( 'NONE',  ( 0.4999999999999950595, 0.8660254037844414832, 0.000000000000000000 ) ) ;
#4351 = PLANE ( 'NONE',  #820 ) ;
#4352 = ORIENTED_EDGE ( 'NONE', *, *, #3836, .T. ) ;
#4353 = ORIENTED_EDGE ( 'NONE', *, *, #3780, .F. ) ;
#4354 = DIRECTION ( 'NONE',  ( 0.000000000000000000, 0.000000000000000000, 1.000000000000000000 ) ) ;
#4355 = EDGE_CURVE ( 'NONE', #2795, #2771, #5762, .T. ) ;
#4356 = CARTESIAN_POINT ( 'NONE',  ( 9.779000000000005244, 3.556000000000001382, 4.064000000000000057 ) ) ;
#4357 = VERTEX_POINT ( 'NONE', #1166 ) ;
#4358 = CARTESIAN_POINT ( 'NONE',  ( 6.032500000000008633, 1.460500000000014786, 4.064000000000000057 ) ) ;
#4359 = ORIENTED_EDGE ( 'NONE', *, *, #1981, .T. ) ;
#4360 = DIRECTION ( 'NONE',  ( 1.000000000000000000, 0.000000000000000000, 0.000000000000000000 ) ) ;
#4361 = LINE ( 'NONE', #1569, #1599 ) ;
#4362 = DIRECTION ( 'NONE',  ( 1.000000000000000000, 0.000000000000000000, 0.000000000000000000 ) ) ;
#4363 = VERTEX_POINT ( 'NONE', #676 ) ;
#4364 = CARTESIAN_POINT ( 'NONE',  ( 11.11250000000000959, 1.460500000000014786, 4.064000000000000057 ) ) ;
#4365 = EDGE_LOOP ( 'NONE', ( #2384, #3201, #244, #2528 ) ) ;
#4366 = DIRECTION ( 'NONE',  ( -0.000000000000000000, -0.000000000000000000, -1.000000000000000000 ) ) ;
#4367 = ORIENTED_EDGE ( 'NONE', *, *, #4240, .T. ) ;
#4368 = DIRECTION ( 'NONE',  ( -1.000000000000000000, 2.439149994343089694E-16, -0.000000000000000000 ) ) ;
#4369 = ORIENTED_EDGE ( 'NONE', *, *, #5349, .T. ) ;
#4370 = DIRECTION ( 'NONE',  ( -0.000000000000000000, 0.000000000000000000, 1.000000000000000000 ) ) ;
#4371 = CARTESIAN_POINT ( 'NONE',  ( 8.001000000000002998, 3.556000000000001826, 1.524000000000000021 ) ) ;
#4372 = CARTESIAN_POINT ( 'NONE',  ( -10.15999999999999659, 2.896088642316250183, 4.064000000000000057 ) ) ;
#4373 = DIRECTION ( 'NONE',  ( -0.4999999999999943934, -0.8660254037844419273, -0.000000000000000000 ) ) ;
#4374 = EDGE_LOOP ( 'NONE', ( #5847, #982, #299, #217 ) ) ;
#4375 = ORIENTED_EDGE ( 'NONE', *, *, #5182, .F. ) ;
#4376 = DIRECTION ( 'NONE',  ( -0.000000000000000000, -0.000000000000000000, -1.000000000000000000 ) ) ;
#4377 = DIRECTION ( 'NONE',  ( 0.4999999999999943934, 0.8660254037844419273, 0.000000000000000000 ) ) ;
#4378 = VERTEX_POINT ( 'NONE', #1529 ) ;
#4379 = CLOSED_SHELL ( 'NONE', ( #1419, #3854, #5267, #4713, #5258, #4269, #1835, #5329, #646, #4538, #3213, #260, #1563, #5450 ) ) ;
#4380 = CARTESIAN_POINT ( 'NONE',  ( 10.54100000000000392, 3.556000000000001826, 1.524000000000000021 ) ) ;
#4381 = EDGE_CURVE ( 'NONE', #251, #2510, #202, .T. ) ;
#4382 = ADVANCED_FACE ( 'NONE', ( #5250 ), #4316, .F. ) ;
#4383 = ORIENTED_EDGE ( 'NONE', *, *, #4275, .T. ) ;
#4384 = VECTOR ( 'NONE', #1348, 1000.000000000000000 ) ;
#4385 = PLANE ( 'NONE',  #4894 ) ;
#4386 = ITEM_DEFINED_TRANSFORMATION ( 'NONE', 'NONE', #5718,  #247 ) ;
#4387 = DIRECTION ( 'NONE',  ( 0.000000000000000000, 1.000000000000000000, 0.000000000000000000 ) ) ;
#4388 = VECTOR ( 'NONE', #2940, 1000.000000000000000 ) ;
#4389 = ORIENTED_EDGE ( 'NONE', *, *, #1157, .F. ) ;
#4390 = VECTOR ( 'NONE', #5057, 1000.000000000000000 ) ;
#4391 = COLOUR_RGB ( '',0.7921568627450980005, 0.8196078431372548767, 0.9333333333333333481 ) ;
#4392 = DIRECTION ( 'NONE',  ( -0.000000000000000000, 0.000000000000000000, 1.000000000000000000 ) ) ;
#4393 = CARTESIAN_POINT ( 'NONE',  ( -5.079999999999997407, 2.896088642316250628, 1.524000000000000021 ) ) ;
#4394 = ORIENTED_EDGE ( 'NONE', *, *, #6024, .F. ) ;
#4395 = PLANE ( 'NONE',  #3925 ) ;
#4396 = VERTEX_POINT ( 'NONE', #4856 ) ;
#4397 = PLANE ( 'NONE',  #2357 ) ;
#4398 = STYLED_ITEM ( 'NONE', ( #4564 ), #3755 ) ;
#4399 = VECTOR ( 'NONE', #4826, 1000.000000000000000 ) ;
#4400 = ORIENTED_EDGE ( 'NONE', *, *, #2710, .T. ) ;
#4401 = CARTESIAN_POINT ( 'NONE',  ( -2.920999999999996710, 3.556000000000001382, 4.064000000000000057 ) ) ;
#4402 = DIRECTION ( 'NONE',  ( 0.000000000000000000, -1.000000000000000000, 0.000000000000000000 ) ) ;
#4403 = VECTOR ( 'NONE', #4376, 1000.000000000000000 ) ;
#4404 = AXIS2_PLACEMENT_3D ( 'NONE', #2934, #1090, #3359 ) ;
#4405 = DIRECTION ( 'NONE',  ( -0.000000000000000000, 0.000000000000000000, -1.000000000000000000 ) ) ;
#4406 = DIRECTION ( 'NONE',  ( -0.000000000000000000, -1.000000000000000000, -0.000000000000000000 ) ) ;
#4407 = ORIENTED_EDGE ( 'NONE', *, *, #2515, .F. ) ;
#4408 = VERTEX_POINT ( 'NONE', #2523 ) ;
#4409 = AXIS2_PLACEMENT_3D ( 'NONE', #4597, #2298, #4565 ) ;
#4410 = LINE ( 'NONE', #245, #5309 ) ;
#4411 = LINE ( 'NONE', #626, #2002 ) ;
#4412 = ADVANCED_FACE ( 'NONE', ( #3399, #4346 ), #176, .T. ) ;
#4413 = CARTESIAN_POINT ( 'NONE',  ( 10.16000000000000369, 2.896088642316250183, 4.064000000000000057 ) ) ;
#4414 = VECTOR ( 'NONE', #1062, 1000.000000000000000 ) ;
#4415 = CARTESIAN_POINT ( 'NONE',  ( -3.492499999999992166, 1.460500000000014786, 4.064000000000000057 ) ) ;
#4416 = ORIENTED_EDGE ( 'NONE', *, *, #5693, .F. ) ;
#4417 = EDGE_LOOP ( 'NONE', ( #4426, #1690, #6042, #3008 ) ) ;
#4418 = DIRECTION ( 'NONE',  ( 0.000000000000000000, -0.000000000000000000, -1.000000000000000000 ) ) ;
#4419 = EDGE_CURVE ( 'NONE', #2882, #2593, #1081, .T. ) ;
#4420 = STYLED_ITEM ( 'NONE', ( #3662 ), #1305 ) ;
#4421 = LINE ( 'NONE', #3029, #1603 ) ;
#4422 = ORIENTED_EDGE ( 'NONE', *, *, #5552, .T. ) ;
#4423 = PRODUCT_DEFINITION_FORMATION_WITH_SPECIFIED_SOURCE ( 'ANY', '', #501, .NOT_KNOWN. ) ;
#4424 = PLANE ( 'NONE',  #2297 ) ;
#4425 = PLANE ( 'NONE',  #1583 ) ;
#4426 = ORIENTED_EDGE ( 'NONE', *, *, #5460, .T. ) ;
#4427 = DIRECTION ( 'NONE',  ( -0.8660254037844419273, -0.4999999999999943934, 0.000000000000000000 ) ) ;
#4428 = EDGE_LOOP ( 'NONE', ( #94, #4650, #4952, #6046 ) ) ;
#4429 = FACE_BOUND ( 'NONE', #2036, .T. ) ;
#4430 = ORIENTED_EDGE ( 'NONE', *, *, #3724, .T. ) ;
#4431 = DIRECTION ( 'NONE',  ( -0.4999999999999945599, 0.8660254037844418162, 0.000000000000000000 ) ) ;
#4432 = CARTESIAN_POINT ( 'NONE',  ( -10.15999999999999837, 2.896088642316250628, 4.064000000000000057 ) ) ;
#4433 = CARTESIAN_POINT ( 'NONE',  ( -10.54099999999999859, 0.000000000000000000, 4.064000000000000057 ) ) ;
#4434 = ORIENTED_EDGE ( 'NONE', *, *, #2830, .T. ) ;
#4435 = EDGE_LOOP ( 'NONE', ( #3540, #5290, #5817, #3060 ) ) ;
#4436 = LINE ( 'NONE', #5436, #5302 ) ;
#4437 = LINE ( 'NONE', #1355, #5911 ) ;
#4438 = LINE ( 'NONE', #2209, #3602 ) ;
#4439 = CARTESIAN_POINT ( 'NONE',  ( -2.539999999999996927, 0.6599113576837527528, 1.524000000000000021 ) ) ;
#4440 = CARTESIAN_POINT ( 'NONE',  ( 5.080000000000002736, 2.896088642316250628, 4.064000000000000057 ) ) ;
#4441 = VERTEX_POINT ( 'NONE', #1957 ) ;
#4442 = VERTEX_POINT ( 'NONE', #5677 ) ;
#4443 = FACE_OUTER_BOUND ( 'NONE', #2632, .T. ) ;
#4444 = CARTESIAN_POINT ( 'NONE',  ( -13.08099999999999952, 0.000000000000000000, 4.064000000000000057 ) ) ;
#4445 = VERTEX_POINT ( 'NONE', #1496 ) ;
#4446 = EDGE_CURVE ( 'NONE', #1910, #2104, #3345, .T. ) ;
#4447 = EDGE_LOOP ( 'NONE', ( #2514, #5915, #3226, #4151 ) ) ;
#4448 = DIRECTION ( 'NONE',  ( 0.000000000000000000, -0.000000000000000000, -1.000000000000000000 ) ) ;
#4449 = DIRECTION ( 'NONE',  ( -0.000000000000000000, -0.000000000000000000, -1.000000000000000000 ) ) ;
#4450 = VERTEX_POINT ( 'NONE', #2899 ) ;
#4451 = CARTESIAN_POINT ( 'NONE',  ( 7.239000000000002544, 0.000000000000000000, 4.064000000000000057 ) ) ;
#4452 = EDGE_CURVE ( 'NONE', #3243, #471, #110, .T. ) ;
#4453 = ORIENTED_EDGE ( 'NONE', *, *, #5576, .F. ) ;
#4454 = ADVANCED_FACE ( 'NONE', ( #3168 ), #267, .F. ) ;
#4455 = CARTESIAN_POINT ( 'NONE',  ( -0.3175000000000000044, 2.095500000000001251, -9.735692977420864871E-17 ) ) ;
#4456 = FACE_BOUND ( 'NONE', #5354, .T. ) ;
#4457 = DIRECTION ( 'NONE',  ( 0.4999999999999945044, -0.8660254037844418162, 0.000000000000000000 ) ) ;
#4458 = EDGE_CURVE ( 'NONE', #765, #778, #4887, .T. ) ;
#4459 = ORIENTED_EDGE ( 'NONE', *, *, #2722, .T. ) ;
#4460 = VERTEX_POINT ( 'NONE', #2612 ) ;
#4461 = CARTESIAN_POINT ( 'NONE',  ( -11.11249999999999183, 1.460500000000014786, 4.064000000000000057 ) ) ;
#4462 = LINE ( 'NONE', #302, #3446 ) ;
#4463 = PLANE ( 'NONE',  #5571 ) ;
#4464 = LINE ( 'NONE', #5534, #1014 ) ;
#4465 = DIRECTION ( 'NONE',  ( -0.8660254037844414832, 0.4999999999999951150, 0.000000000000000000 ) ) ;
#4466 = EDGE_LOOP ( 'NONE', ( #3613, #1776, #3574, #4263 ) ) ;
#4467 = EDGE_LOOP ( 'NONE', ( #2703, #5434, #2117, #3661 ) ) ;
#4468 = EDGE_CURVE ( 'NONE', #837, #2132, #2161, .T. ) ;
#4469 = LINE ( 'NONE', #849, #4208 ) ;
#4470 = DIRECTION ( 'NONE',  ( 1.000000000000000000, 0.000000000000000000, -0.000000000000000000 ) ) ;
#4471 = SHAPE_DEFINITION_REPRESENTATION ( #1435, #5720 ) ;
#4472 = EDGE_CURVE ( 'NONE', #778, #2592, #2197, .T. ) ;
#4473 = LINE ( 'NONE', #1156, #2672 ) ;
#4474 = ADVANCED_FACE ( 'NONE', ( #3043 ), #5489, .F. ) ;
#4475 = VERTEX_POINT ( 'NONE', #1647 ) ;
#4476 = CLOSED_SHELL ( 'NONE', ( #4412, #458, #5243, #4454, #1710, #1608, #4584, #5165, #1065, #2383, #4810, #4818, #356, #4790 ) ) ;
#4477 = ORIENTED_EDGE ( 'NONE', *, *, #3737, .F. ) ;
#4478 = DIRECTION ( 'NONE',  ( -0.000000000000000000, -0.000000000000000000, -1.000000000000000000 ) ) ;
#4479 = VECTOR ( 'NONE', #3789, 1000.000000000000000 ) ;
#4480 = LINE ( 'NONE', #3458, #1882 ) ;
#4481 = DIRECTION ( 'NONE',  ( 0.000000000000000000, 1.000000000000000000, 0.000000000000000000 ) ) ;
#4482 = ORIENTED_EDGE ( 'NONE', *, *, #2368, .T. ) ;
#4483 = PLANE ( 'NONE',  #3710 ) ;
#4484 = VERTEX_POINT ( 'NONE', #1257 ) ;
#4485 = CIRCLE ( 'NONE', #2078, 0.2539999999999998370 ) ;
#4486 = VECTOR ( 'NONE', #4270, 1000.000000000000000 ) ;
#4487 = CARTESIAN_POINT ( 'NONE',  ( 0.2279258938000995605, -2.540000000000000036, 0.2279258938000993107 ) ) ;
#4488 = CARTESIAN_POINT ( 'NONE',  ( 2.540000000000002256, 2.896088642316250183, 1.524000000000000021 ) ) ;
#4489 = ADVANCED_FACE ( 'NONE', ( #766 ), #3515, .F. ) ;
#4490 = CARTESIAN_POINT ( 'NONE',  ( -14.85899999999999821, 3.556000000000001826, 1.524000000000000021 ) ) ;
#4491 = VECTOR ( 'NONE', #753, 1000.000000000000000 ) ;
#4492 = DIRECTION ( 'NONE',  ( -1.000000000000000000, -0.000000000000000000, -0.000000000000000000 ) ) ;
#4493 = AXIS2_PLACEMENT_3D ( 'NONE', #4835, #5837, #5714 ) ;
#4494 = UNCERTAINTY_MEASURE_WITH_UNIT (LENGTH_MEASURE( 1.000000000000000082E-05 ), #1287, 'distance_accuracy_value', 'NONE');
#4495 = VERTEX_POINT ( 'NONE', #3489 ) ;
#4496 = ORIENTED_EDGE ( 'NONE', *, *, #5533, .F. ) ;
#4497 = LINE ( 'NONE', #1326, #4993 ) ;
#4498 = COLOUR_RGB ( '',0.2509803921568627416, 0.2509803921568627416, 0.2509803921568627416 ) ;
#4499 = VECTOR ( 'NONE', #5208, 1000.000000000000000 ) ;
#4500 = CARTESIAN_POINT ( 'NONE',  ( -0.2279258938000995605, -2.540000000000000036, 0.2279258938000993107 ) ) ;
#4501 = PLANE ( 'NONE',  #5668 ) ;
#4502 = DIRECTION ( 'NONE',  ( -0.000000000000000000, 0.000000000000000000, 1.000000000000000000 ) ) ;
#4503 = VECTOR ( 'NONE', #4054, 1000.000000000000000 ) ;
#4504 = CARTESIAN_POINT ( 'NONE',  ( -13.08099999999999952, 0.000000000000000000, 1.524000000000000021 ) ) ;
#4505 = VECTOR ( 'NONE', #5379, 1000.000000000000000 ) ;
#4506 = ORIENTED_EDGE ( 'NONE', *, *, #5391, .F. ) ;
#4507 = ORIENTED_EDGE ( 'NONE', *, *, #1516, .F. ) ;
#4508 = CARTESIAN_POINT ( 'NONE',  ( 9.207500000000008455, 2.095500000000015017, 1.524000000000000021 ) ) ;
#4509 = AXIS2_PLACEMENT_3D ( 'NONE', #5399, #333, #2552 ) ;
#4510 = APPLICATION_PROTOCOL_DEFINITION ( 'draft international standard', 'automotive_design', 1998, #3098 ) ;
#4511 = DIRECTION ( 'NONE',  ( 0.000000000000000000, 1.000000000000000000, 0.000000000000000000 ) ) ;
#4512 = EDGE_LOOP ( 'NONE', ( #3039, #5675, #1364, #4073 ) ) ;
#4513 = VECTOR ( 'NONE', #2532, 1000.000000000000000 ) ;
#4514 = ORIENTED_EDGE ( 'NONE', *, *, #182, .T. ) ;
#4515 = FACE_OUTER_BOUND ( 'NONE', #3293, .T. ) ;
#4516 = LINE ( 'NONE', #2156, #5292 ) ;
#4517 = CARTESIAN_POINT ( 'NONE',  ( -6.667499999999993321, 1.460500000000014786, 1.524000000000000021 ) ) ;
#4518 = ORIENTED_EDGE ( 'NONE', *, *, #5883, .T. ) ;
#4519 = DIRECTION ( 'NONE',  ( 0.000000000000000000, 0.000000000000000000, -1.000000000000000000 ) ) ;
#4520 = EDGE_LOOP ( 'NONE', ( #3958, #252, #1256, #892 ) ) ;
#4521 = VECTOR ( 'NONE', #606, 1000.000000000000000 ) ;
#4522 = CARTESIAN_POINT ( 'NONE',  ( -7.619999999999998330, 2.896088642316250628, 4.064000000000000057 ) ) ;
#4523 = CARTESIAN_POINT ( 'NONE',  ( -2.539999999999996927, 0.6599113576837528639, 4.064000000000000057 ) ) ;
#4524 = CARTESIAN_POINT ( 'NONE',  ( 5.080000000000002736, 2.896088642316250183, 4.064000000000000057 ) ) ;
#4525 = AXIS2_PLACEMENT_3D ( 'NONE', #2664, #2537, #3065 ) ;
#4526 = FILL_AREA_STYLE_COLOUR ( '', #4391 ) ;
#4527 = VERTEX_POINT ( 'NONE', #5896 ) ;
#4528 = ORIENTED_EDGE ( 'NONE', *, *, #867, .F. ) ;
#4529 = EDGE_CURVE ( 'NONE', #2334, #2301, #3606, .T. ) ;
#4530 = EDGE_CURVE ( 'NONE', #2764, #686, #796, .T. ) ;
#4531 = DIRECTION ( 'NONE',  ( -0.4999999999999943934, 0.8660254037844419273, -0.000000000000000000 ) ) ;
#4532 = LINE ( 'NONE', #376, #4898 ) ;
#4533 = CARTESIAN_POINT ( 'NONE',  ( -4.698999999999998067, 3.556000000000001826, 4.064000000000000057 ) ) ;
#4534 = LINE ( 'NONE', #4082, #710 ) ;
#4535 = CARTESIAN_POINT ( 'NONE',  ( 3.492500000000007709, 1.460500000000014786, 4.064000000000000057 ) ) ;
#4536 = EDGE_LOOP ( 'NONE', ( #3321, #3725, #2269, #4924 ) ) ;
#4537 = ORIENTED_EDGE ( 'NONE', *, *, #4010, .T. ) ;
#4538 = ADVANCED_FACE ( 'NONE', ( #1193 ), #3980, .F. ) ;
#4539 = CARTESIAN_POINT ( 'NONE',  ( 2.159000000000001140, 0.000000000000000000, 1.524000000000000021 ) ) ;
#4540 = DIRECTION ( 'NONE',  ( -1.000000000000000000, 0.000000000000000000, 0.000000000000000000 ) ) ;
#4541 = ITEM_DEFINED_TRANSFORMATION ( 'NONE', 'NONE', #4525,  #247 ) ;
#4542 = CARTESIAN_POINT ( 'NONE',  ( -12.69999999999999751, 2.896088642316250628, 4.064000000000000057 ) ) ;
#4543 = ORIENTED_EDGE ( 'NONE', *, *, #5551, .F. ) ;
#4544 = EDGE_LOOP ( 'NONE', ( #4869, #783, #3334, #5931 ) ) ;
#4545 = SURFACE_SIDE_STYLE ('',( #3215 ) ) ;
#4546 = ORIENTED_EDGE ( 'NONE', *, *, #5182, .T. ) ;
#4547 = DIRECTION ( 'NONE',  ( -0.000000000000000000, -0.000000000000000000, -1.000000000000000000 ) ) ;
#4548 = CARTESIAN_POINT ( 'NONE',  ( -10.54099999999999682, 3.556000000000001382, 4.064000000000000057 ) ) ;
#4549 = ORIENTED_EDGE ( 'NONE', *, *, #1944, .F. ) ;
#4550 = CARTESIAN_POINT ( 'NONE',  ( -7.619999999999998330, 2.896088642316250628, 4.064000000000000057 ) ) ;
#4551 = ORIENTED_EDGE ( 'NONE', *, *, #3584, .T. ) ;
#4552 = DIRECTION ( 'NONE',  ( 0.000000000000000000, 0.000000000000000000, -1.000000000000000000 ) ) ;
#4553 = DIRECTION ( 'NONE',  ( -1.000000000000000000, 2.439149994343089694E-16, -0.000000000000000000 ) ) ;
#4554 = CARTESIAN_POINT ( 'NONE',  ( -11.74749999999999162, 1.460500000000014786, 1.524000000000000021 ) ) ;
#4555 = SURFACE_STYLE_FILL_AREA ( #865 ) ;
#4556 = ORIENTED_EDGE ( 'NONE', *, *, #2135, .F. ) ;
#4557 = LINE ( 'NONE', #4954, #4027 ) ;
#4558 = PLANE ( 'NONE',  #3351 ) ;
#4559 = LINE ( 'NONE', #3527, #2442 ) ;
#4560 = FACE_OUTER_BOUND ( 'NONE', #2736, .T. ) ;
#4561 = DIRECTION ( 'NONE',  ( -2.439149994343089694E-16, -1.000000000000000000, 0.000000000000000000 ) ) ;
#4562 = VERTEX_POINT ( 'NONE', #4487 ) ;
#4563 = ORIENTED_EDGE ( 'NONE', *, *, #4059, .F. ) ;
#4564 = PRESENTATION_STYLE_ASSIGNMENT (( #3092 ) ) ;
#4565 = DIRECTION ( 'NONE',  ( 0.000000000000000000, 0.000000000000000000, 1.000000000000000000 ) ) ;
#4566 = EDGE_CURVE ( 'NONE', #5600, #3037, #3549, .T. ) ;
#4567 = EDGE_CURVE ( 'NONE', #2503, #4562, #4982, .T. ) ;
#4568 = CARTESIAN_POINT ( 'NONE',  ( -0.2279258938000999768, 0.000000000000000000, 9.906000000000000583 ) ) ;
#4569 = VERTEX_POINT ( 'NONE', #236 ) ;
#4570 = VERTEX_POINT ( 'NONE', #2223 ) ;
#4571 = EDGE_LOOP ( 'NONE', ( #4627, #4764, #3344, #5891 ) ) ;
#4572 = CARTESIAN_POINT ( 'NONE',  ( -14.85899999999999821, 1.819702678853052132E-15, 4.064000000000000057 ) ) ;
#4573 = PLANE ( 'NONE',  #2463 ) ;
#4574 = VECTOR ( 'NONE', #5870, 1000.000000000000000 ) ;
#4575 = EDGE_LOOP ( 'NONE', ( #4551, #5929, #4507, #2490 ) ) ;
#4576 = LINE ( 'NONE', #4132, #926 ) ;
#4577 = ORIENTED_EDGE ( 'NONE', *, *, #3327, .F. ) ;
#4578 = CARTESIAN_POINT ( 'NONE',  ( -4.127499999999992397, 1.460500000000014786, 1.524000000000000021 ) ) ;
#4579 = AXIS2_PLACEMENT_3D ( 'NONE', #1462, #3306, #13 ) ;
#4580 = CARTESIAN_POINT ( 'NONE',  ( 4.127500000000007496, 2.095500000000015017, 1.524000000000000021 ) ) ;
#4581 = CARTESIAN_POINT ( 'NONE',  ( -14.85899999999999821, 1.819702678853052132E-15, 1.524000000000000021 ) ) ;
#4582 = AXIS2_PLACEMENT_3D ( 'NONE', #1945, #3781, #3387 ) ;
#4583 = VERTEX_POINT ( 'NONE', #2111 ) ;
#4584 = ADVANCED_FACE ( 'NONE', ( #3954 ), #1742, .F. ) ;
#4585 = LINE ( 'NONE', #5053, #1409 ) ;
#4586 = EDGE_CURVE ( 'NONE', #3332, #3841, #830, .T. ) ;
#4587 = LINE ( 'NONE', #4143, #450 ) ;
#4588 = VECTOR ( 'NONE', #2951, 1000.000000000000000 ) ;
#4589 = CARTESIAN_POINT ( 'NONE',  ( 14.85900000000000354, 0.000000000000000000, 4.064000000000000057 ) ) ;
#4590 = DIRECTION ( 'NONE',  ( 0.000000000000000000, 0.000000000000000000, 1.000000000000000000 ) ) ;
#4591 = DIRECTION ( 'NONE',  ( -0.000000000000000000, -0.000000000000000000, -1.000000000000000000 ) ) ;
#4592 = ORIENTED_EDGE ( 'NONE', *, *, #3505, .T. ) ;
#4593 = VERTEX_POINT ( 'NONE', #1671 ) ;
#4594 = MECHANICAL_DESIGN_GEOMETRIC_PRESENTATION_REPRESENTATION (  '', ( #1594 ), #5689 ) ;
#4595 = AXIS2_PLACEMENT_3D ( 'NONE', #2770, #2305, #5143 ) ;
#4596 = CARTESIAN_POINT ( 'NONE',  ( 0.3175000000000000044, 1.460500000000001686, -6.785482984263029945E-17 ) ) ;
#4597 = CARTESIAN_POINT ( 'NONE',  ( -12.69999999999999751, 2.896088642316250183, 4.064000000000000057 ) ) ;
#4598 = ORIENTED_EDGE ( 'NONE', *, *, #713, .F. ) ;
#4599 = AXIS2_PLACEMENT_3D ( 'NONE', #1811, #466, #432 ) ;
#4600 = AXIS2_PLACEMENT_3D ( 'NONE', #4779, #1451, #5629 ) ;
#4601 = LINE ( 'NONE', #5065, #1995 ) ;
#4602 = ORIENTED_EDGE ( 'NONE', *, *, #4276, .F. ) ;
#4603 = ORIENTED_EDGE ( 'NONE', *, *, #3733, .F. ) ;
#4604 = VECTOR ( 'NONE', #5046, 1000.000000000000000 ) ;
#4605 = EDGE_CURVE ( 'NONE', #4450, #512, #1225, .T. ) ;
#4606 = DIRECTION ( 'NONE',  ( -0.000000000000000000, -0.000000000000000000, -1.000000000000000000 ) ) ;
#4607 = DIRECTION ( 'NONE',  ( 0.000000000000000000, -1.000000000000000000, 5.787813545898859199E-17 ) ) ;
#4608 = AXIS2_PLACEMENT_3D ( 'NONE', #3086, #2208, #5407 ) ;
#4609 = FACE_BOUND ( 'NONE', #3234, .T. ) ;
#4610 = ORIENTED_EDGE ( 'NONE', *, *, #3899, .F. ) ;
#4611 = LINE ( 'NONE', #1948, #2660 ) ;
#4612 = ORIENTED_EDGE ( 'NONE', *, *, #4180, .T. ) ;
#4613 = CARTESIAN_POINT ( 'NONE',  ( 1.734723475976807094E-15, 2.896088642316250628, 4.064000000000000057 ) ) ;
#4614 = VECTOR ( 'NONE', #1054, 1000.000000000000000 ) ;
#4615 = SURFACE_STYLE_USAGE ( .BOTH. , #1015 ) ;
#4616 = LINE ( 'NONE', #961, #4198 ) ;
#4617 = FACE_BOUND ( 'NONE', #3266, .T. ) ;
#4618 = VECTOR ( 'NONE', #5242, 1000.000000000000000 ) ;
#4619 = VERTEX_POINT ( 'NONE', #4919 ) ;
#4620 = PLANE ( 'NONE',  #1215 ) ;
#4621 = LINE ( 'NONE', #5127, #741 ) ;
#4622 = EDGE_CURVE ( 'NONE', #2593, #3532, #1341, .T. ) ;
#4623 = FACE_OUTER_BOUND ( 'NONE', #876, .T. ) ;
#4624 = DIRECTION ( 'NONE',  ( 1.000000000000000000, -0.000000000000000000, 0.000000000000000000 ) ) ;
#4625 = LINE ( 'NONE', #2721, #4390 ) ;
#4626 = ORIENTED_EDGE ( 'NONE', *, *, #1356, .T. ) ;
#4627 = ORIENTED_EDGE ( 'NONE', *, *, #3567, .T. ) ;
#4628 =( NAMED_UNIT ( * ) SI_UNIT ( $, .STERADIAN. ) SOLID_ANGLE_UNIT ( ) );
#4629 = FACE_OUTER_BOUND ( 'NONE', #656, .T. ) ;
#4630 = EDGE_CURVE ( 'NONE', #2134, #285, #2310, .T. ) ;
#4631 = VERTEX_POINT ( 'NONE', #10 ) ;
#4632 = DIRECTION ( 'NONE',  ( 1.000000000000000000, 0.000000000000000000, -0.000000000000000000 ) ) ;
#4633 = ORIENTED_EDGE ( 'NONE', *, *, #3645, .F. ) ;
#4634 = ORIENTED_EDGE ( 'NONE', *, *, #2985, .T. ) ;
#4635 = DIRECTION ( 'NONE',  ( -0.000000000000000000, -0.000000000000000000, -1.000000000000000000 ) ) ;
#4636 = CARTESIAN_POINT ( 'NONE',  ( -9.778999999999999915, 1.819702678853052132E-15, 1.524000000000000021 ) ) ;
#4637 = CARTESIAN_POINT ( 'NONE',  ( -8.000999999999997669, 3.556000000000001382, 4.064000000000000057 ) ) ;
#4638 = EDGE_CURVE ( 'NONE', #5132, #574, #2248, .T. ) ;
#4639 = EDGE_CURVE ( 'NONE', #3532, #3916, #6028, .T. ) ;
#4640 = ORIENTED_EDGE ( 'NONE', *, *, #1427, .T. ) ;
#4641 = DIRECTION ( 'NONE',  ( 1.000000000000000000, -0.000000000000000000, -0.000000000000000000 ) ) ;
#4642 =( REPRESENTATION_RELATIONSHIP ('NONE','NONE', #3108, #5978 ) REPRESENTATION_RELATIONSHIP_WITH_TRANSFORMATION ( #5980 )SHAPE_REPRESENTATION_RELATIONSHIP( ) );
#4643 = ORIENTED_EDGE ( 'NONE', *, *, #5665, .T. ) ;
#4644 = LINE ( 'NONE', #2828, #6009 ) ;
#4645 = CARTESIAN_POINT ( 'NONE',  ( -11.11249999999999183, 2.095500000000015017, 1.524000000000000021 ) ) ;
#4646 = CARTESIAN_POINT ( 'NONE',  ( -0.3175000000000000044, 2.095500000000001695, 9.397999999999990806 ) ) ;
#4647 = CARTESIAN_POINT ( 'NONE',  ( 7.620000000000003659, 2.896088642316250628, 1.524000000000000021 ) ) ;
#4648 = ADVANCED_FACE ( 'NONE', ( #1925 ), #1890, .T. ) ;
#4649 = EDGE_CURVE ( 'NONE', #3778, #2247, #5610, .T. ) ;
#4650 = ORIENTED_EDGE ( 'NONE', *, *, #5099, .F. ) ;
#4651 = CARTESIAN_POINT ( 'NONE',  ( 0.3175000000000000044, 1.460500000000002130, 9.397999999999990806 ) ) ;
#4652 = DIRECTION ( 'NONE',  ( -0.000000000000000000, 1.000000000000000000, -0.000000000000000000 ) ) ;
#4653 = DIRECTION ( 'NONE',  ( 0.000000000000000000, 1.000000000000000000, 0.000000000000000000 ) ) ;
#4654 = CARTESIAN_POINT ( 'NONE',  ( -13.65249999999999275, 1.460500000000014786, 4.064000000000000057 ) ) ;
#4655 = ORIENTED_EDGE ( 'NONE', *, *, #3785, .F. ) ;
#4656 = ORIENTED_EDGE ( 'NONE', *, *, #5775, .F. ) ;
#4657 = CARTESIAN_POINT ( 'NONE',  ( 0.3175000000000000044, 1.460500000000001686, 0.5714999999999996749 ) ) ;
#4658 = EDGE_LOOP ( 'NONE', ( #3411, #1298, #3141, #3254, #4633, #4315, #271, #5025 ) ) ;
#4659 = CARTESIAN_POINT ( 'NONE',  ( -14.28749999999999254, 2.095500000000015017, 4.064000000000000057 ) ) ;
#4660 = VERTEX_POINT ( 'NONE', #6054 ) ;
#4661 = ORIENTED_EDGE ( 'NONE', *, *, #4240, .F. ) ;
#4662 = EDGE_CURVE ( 'NONE', #2307, #6025, #3730, .T. ) ;
#4663 = EDGE_CURVE ( 'NONE', #1558, #143, #3643, .T. ) ;
#4664 = PLANE ( 'NONE',  #114 ) ;
#4665 = LINE ( 'NONE', #2331, #3246 ) ;
#4666 = VERTEX_POINT ( 'NONE', #3668 ) ;
#4667 = CARTESIAN_POINT ( 'NONE',  ( 5.461000000000002075, 1.819702678853052132E-15, 1.524000000000000021 ) ) ;
#4668 = PRODUCT_DEFINITION_SHAPE ( 'NONE', 'NONE',  #6061 ) ;
#4669 = EDGE_LOOP ( 'NONE', ( #5558, #4338, #1424, #4931, #2387, #5657, #1832, #3623 ) ) ;
#4670 = CARTESIAN_POINT ( 'NONE',  ( -8.000999999999997669, 3.556000000000001382, 4.064000000000000057 ) ) ;
#4671 = CARTESIAN_POINT ( 'NONE',  ( -9.207499999999994245, 1.460500000000014786, 4.064000000000000057 ) ) ;
#4672 = UNCERTAINTY_MEASURE_WITH_UNIT (LENGTH_MEASURE( 1.000000000000000082E-05 ), #69, 'distance_accuracy_value', 'NONE');
#4673 = VERTEX_POINT ( 'NONE', #5546 ) ;
#4674 = AXIS2_PLACEMENT_3D ( 'NONE', #2165, #4013, #4405 ) ;
#4675 = CARTESIAN_POINT ( 'NONE',  ( 0.3175000000000000044, 0.000000000000000000, 9.906000000000000583 ) ) ;
#4676 = EDGE_CURVE ( 'NONE', #3304, #3483, #3255, .T. ) ;
#4677 = PLANE ( 'NONE',  #1230 ) ;
#4678 = CARTESIAN_POINT ( 'NONE',  ( -0.3175000000000000044, 1.460500000000001686, 0.5714999999999996749 ) ) ;
#4679 = CARTESIAN_POINT ( 'NONE',  ( -5.079999999999997407, 0.6599113576837527528, 1.524000000000000021 ) ) ;
#4680 = VECTOR ( 'NONE', #3415, 1000.000000000000000 ) ;
#4681 = ORIENTED_EDGE ( 'NONE', *, *, #3384, .F. ) ;
#4682 = ORIENTED_EDGE ( 'NONE', *, *, #5598, .F. ) ;
#4683 =( NAMED_UNIT ( * ) PLANE_ANGLE_UNIT ( ) SI_UNIT ( $, .RADIAN. ) );
#4684 = VECTOR ( 'NONE', #2897, 1000.000000000000000 ) ;
#4685 = DIRECTION ( 'NONE',  ( 0.4999999999999950595, 0.8660254037844414832, 0.000000000000000000 ) ) ;
#4686 = VERTEX_POINT ( 'NONE', #1437 ) ;
#4687 = VECTOR ( 'NONE', #5727, 1000.000000000000114 ) ;
#4688 = PLANE ( 'NONE',  #34 ) ;
#4689 = VECTOR ( 'NONE', #1491, 1000.000000000000000 ) ;
#4690 = ORIENTED_EDGE ( 'NONE', *, *, #5729, .F. ) ;
#4691 = VERTEX_POINT ( 'NONE', #3197 ) ;
#4692 = AXIS2_PLACEMENT_3D ( 'NONE', #4926, #771, #802 ) ;
#4693 =( GEOMETRIC_REPRESENTATION_CONTEXT ( 3 ) GLOBAL_UNCERTAINTY_ASSIGNED_CONTEXT ( ( #2495 ) ) GLOBAL_UNIT_ASSIGNED_CONTEXT ( ( #5644, #6057, #4165 ) ) REPRESENTATION_CONTEXT ( 'NONE', 'WORKASPACE' ) );
#4694 = SURFACE_STYLE_USAGE ( .BOTH. , #4334 ) ;
#4695 = CARTESIAN_POINT ( 'NONE',  ( -2.158999999999997588, 1.819702678853052132E-15, 1.524000000000000021 ) ) ;
#4696 = PLANE ( 'NONE',  #2569 ) ;
#4697 = ORIENTED_EDGE ( 'NONE', *, *, #5618, .T. ) ;
#4698 = LINE ( 'NONE', #956, #1107 ) ;
#4699 = VECTOR ( 'NONE', #5735, 1000.000000000000000 ) ;
#4700 = VECTOR ( 'NONE', #3970, 1000.000000000000000 ) ;
#4701 = EDGE_CURVE ( 'NONE', #4562, #1869, #4644, .T. ) ;
#4702 = VERTEX_POINT ( 'NONE', #483 ) ;
#4703 = DIRECTION ( 'NONE',  ( 0.000000000000000000, -0.000000000000000000, 1.000000000000000000 ) ) ;
#4704 = VECTOR ( 'NONE', #3355, 1000.000000000000000 ) ;
#4705 = CARTESIAN_POINT ( 'NONE',  ( 2.159000000000002917, 3.556000000000001382, 1.524000000000000021 ) ) ;
#4706 = ORIENTED_EDGE ( 'NONE', *, *, #4163, .F. ) ;
#4707 = VECTOR ( 'NONE', #204, 1000.000000000000000 ) ;
#4708 = FACE_OUTER_BOUND ( 'NONE', #5168, .T. ) ;
#4709 = DIRECTION ( 'NONE',  ( 1.000000000000000000, -1.023454825001716575E-15, 0.000000000000000000 ) ) ;
#4710 = CONTEXT_DEPENDENT_SHAPE_REPRESENTATION ( #5164, #5126 ) ;
#4711 = DIRECTION ( 'NONE',  ( -0.000000000000000000, 1.000000000000000000, -0.000000000000000000 ) ) ;
#4712 = CARTESIAN_POINT ( 'NONE',  ( -5.460999999999996746, 3.556000000000001382, 1.524000000000000021 ) ) ;
#4713 = ADVANCED_FACE ( 'NONE', ( #424 ), #2335, .F. ) ;
#4714 = EDGE_CURVE ( 'NONE', #4916, #2764, #2280, .T. ) ;
#4715 = ORIENTED_EDGE ( 'NONE', *, *, #5798, .F. ) ;
#4716 = EDGE_CURVE ( 'NONE', #853, #2771, #1461, .T. ) ;
#4717 = VERTEX_POINT ( 'NONE', #887 ) ;
#4718 = CARTESIAN_POINT ( 'NONE',  ( -13.65249999999999275, 2.095500000000015017, 4.064000000000000057 ) ) ;
#4719 = AXIS2_PLACEMENT_3D ( 'NONE', #5357, #2181, #3503 ) ;
#4720 = LINE ( 'NONE', #4746, #1133 ) ;
#4721 = ORIENTED_EDGE ( 'NONE', *, *, #3125, .F. ) ;
#4722 = PRODUCT_DEFINITION_SHAPE ( 'NONE', 'NONE',  #6070 ) ;
#4723 = CARTESIAN_POINT ( 'NONE',  ( -5.460999999999998522, 0.000000000000000000, 4.064000000000000057 ) ) ;
#4724 = EDGE_CURVE ( 'NONE', #3488, #4916, #1860, .T. ) ;
#4725 = ORIENTED_EDGE ( 'NONE', *, *, #3338, .T. ) ;
#4726 = CARTESIAN_POINT ( 'NONE',  ( -7.619999999999998330, 0.6599113576837527528, 1.524000000000000021 ) ) ;
#4727 = DIRECTION ( 'NONE',  ( 0.000000000000000000, 0.000000000000000000, -1.000000000000000000 ) ) ;
#4728 = EDGE_CURVE ( 'NONE', #4450, #3366, #5148, .T. ) ;
#4729 = EDGE_LOOP ( 'NONE', ( #2611, #2450, #2968, #4961, #996, #4681, #160, #695 ) ) ;
#4730 = DIRECTION ( 'NONE',  ( 0.000000000000000000, 1.000000000000000000, 0.000000000000000000 ) ) ;
#4731 = ORIENTED_EDGE ( 'NONE', *, *, #1157, .T. ) ;
#4732 = FACE_OUTER_BOUND ( 'NONE', #999, .T. ) ;
#4733 = CARTESIAN_POINT ( 'NONE',  ( 2.540000000000002256, 0.6599113576837528639, 4.064000000000000057 ) ) ;
#4734 = FACE_OUTER_BOUND ( 'NONE', #1887, .T. ) ;
#4735 = PLANE ( 'NONE',  #5199 ) ;
#4736 = DIRECTION ( 'NONE',  ( 0.000000000000000000, -4.645999989224937887E-17, -1.000000000000000000 ) ) ;
#4737 = VERTEX_POINT ( 'NONE', #4670 ) ;
#4738 = EDGE_CURVE ( 'NONE', #584, #848, #3693, .T. ) ;
#4739 = DIRECTION ( 'NONE',  ( -0.000000000000000000, 0.000000000000000000, -1.000000000000000000 ) ) ;
#4740 = PLANE ( 'NONE',  #1611 ) ;
#4741 = CARTESIAN_POINT ( 'NONE',  ( 5.080000000000002736, 2.896088642316250628, 1.524000000000000021 ) ) ;
#4742 = DIRECTION ( 'NONE',  ( -0.4999999999999951150, -0.8660254037844414832, 0.000000000000000000 ) ) ;
#4743 = ORIENTED_EDGE ( 'NONE', *, *, #2566, .F. ) ;
#4744 = ORIENTED_EDGE ( 'NONE', *, *, #1802, .F. ) ;
#4745 = SURFACE_SIDE_STYLE ('',( #684 ) ) ;
#4746 = CARTESIAN_POINT ( 'NONE',  ( -15.23999999999999844, 2.896088642316250628, 1.524000000000000021 ) ) ;
#4747 = LINE ( 'NONE', #1089, #2162 ) ;
#4748 = PLANE ( 'NONE',  #933 ) ;
#4749 = VERTEX_POINT ( 'NONE', #3221 ) ;
#4750 = EDGE_CURVE ( 'NONE', #875, #3448, #4186, .T. ) ;
#4751 = CARTESIAN_POINT ( 'NONE',  ( -11.42999999999999083, 1.322726650432315409E-14, 6.505213034913026604E-16 ) ) ;
#4752 = LINE ( 'NONE', #571, #2551 ) ;
#4753 = CARTESIAN_POINT ( 'NONE',  ( 9.779000000000003467, 0.000000000000000000, 1.524000000000000021 ) ) ;
#4754 = EDGE_CURVE ( 'NONE', #3545, #5419, #2712, .T. ) ;
#4755 = ORIENTED_EDGE ( 'NONE', *, *, #2294, .F. ) ;
#4756 = CARTESIAN_POINT ( 'NONE',  ( -12.69999999999999751, 2.896088642316250183, 4.064000000000000057 ) ) ;
#4757 = ORIENTED_EDGE ( 'NONE', *, *, #1144, .F. ) ;
#4758 = CARTESIAN_POINT ( 'NONE',  ( 7.620000000000003659, 2.896088642316250183, 4.064000000000000057 ) ) ;
#4759 = LINE ( 'NONE', #3861, #5287 ) ;
#4760 = ORIENTED_EDGE ( 'NONE', *, *, #1448, .T. ) ;
#4761 = CARTESIAN_POINT ( 'NONE',  ( -6.032499999999992646, 2.095500000000015017, 1.524000000000000021 ) ) ;
#4762 = EDGE_CURVE ( 'NONE', #2301, #2346, #4252, .T. ) ;
#4763 = LINE ( 'NONE', #1645, #3714 ) ;
#4764 = ORIENTED_EDGE ( 'NONE', *, *, #6021, .F. ) ;
#4765 = DIRECTION ( 'NONE',  ( 1.000000000000000000, 0.000000000000000000, -0.000000000000000000 ) ) ;
#4766 = PRODUCT ( 'Pin - Gold and Tin_BA', 'Pin - Gold and Tin_BA', '', ( #4935 ) ) ;
#4767 = LINE ( 'NONE', #3867, #5514 ) ;
#4768 = CARTESIAN_POINT ( 'NONE',  ( 3.492500000000007709, 1.460500000000014786, 4.064000000000000057 ) ) ;
#4769 = CARTESIAN_POINT ( 'NONE',  ( 4.699000000000003396, 3.556000000000001382, 4.064000000000000057 ) ) ;
#4770 = PRODUCT_RELATED_PRODUCT_CATEGORY ( 'part', '', ( #4766 ) ) ;
#4771 = VECTOR ( 'NONE', #3962, 1000.000000000000000 ) ;
#4772 = ORIENTED_EDGE ( 'NONE', *, *, #945, .F. ) ;
#4773 = VERTEX_POINT ( 'NONE', #5666 ) ;
#4774 = EDGE_CURVE ( 'NONE', #64, #4445, #1155, .T. ) ;
#4775 =( LENGTH_UNIT ( ) NAMED_UNIT ( * ) SI_UNIT ( .MILLI., .METRE. ) );
#4776 = CARTESIAN_POINT ( 'NONE',  ( -5.079999999999997407, 2.896088642316250183, 4.064000000000000057 ) ) ;
#4777 = AXIS2_PLACEMENT_3D ( 'NONE', #4372, #3799, #1531 ) ;
#4778 = ORIENTED_EDGE ( 'NONE', *, *, #4032, .T. ) ;
#4779 = CARTESIAN_POINT ( 'NONE',  ( -4.698999999999998067, 3.556000000000001826, 4.064000000000000057 ) ) ;
#4780 = ORIENTED_EDGE ( 'NONE', *, *, #932, .T. ) ;
#4781 = AXIS2_PLACEMENT_3D ( 'NONE', #2655, #4502, #2694 ) ;
#4782 = DIRECTION ( 'NONE',  ( 1.000000000000000000, 0.000000000000000000, 0.000000000000000000 ) ) ;
#4783 = VECTOR ( 'NONE', #5990, 1000.000000000000000 ) ;
#4784 = AXIS2_PLACEMENT_3D ( 'NONE', #59, #5649, #493 ) ;
#4785 = FACE_OUTER_BOUND ( 'NONE', #2711, .T. ) ;
#4786 = PLANE ( 'NONE',  #4220 ) ;
#4787 = PLANE ( 'NONE',  #4884 ) ;
#4788 = EDGE_CURVE ( 'NONE', #3183, #1869, #4277, .T. ) ;
#4789 = EDGE_LOOP ( 'NONE', ( #3074, #2558, #3124, #2010 ) ) ;
#4790 = ADVANCED_FACE ( 'NONE', ( #4443 ), #3002, .T. ) ;
#4791 = AXIS2_PLACEMENT_3D ( 'NONE', #3388, #97, #2914 ) ;
#4792 = FACE_OUTER_BOUND ( 'NONE', #2638, .T. ) ;
#4793 = LINE ( 'NONE', #2982, #3704 ) ;
#4794 = ORIENTED_EDGE ( 'NONE', *, *, #4870, .F. ) ;
#4795 = VECTOR ( 'NONE', #5802, 1000.000000000000000 ) ;
#4796 = CARTESIAN_POINT ( 'NONE',  ( 14.28750000000001030, 1.460500000000014786, 4.064000000000000057 ) ) ;
#4797 = VECTOR ( 'NONE', #1000, 1000.000000000000000 ) ;
#4798 = DIRECTION ( 'NONE',  ( 0.4999999999999943934, -0.8660254037844419273, 0.000000000000000000 ) ) ;
#4799 = UNCERTAINTY_MEASURE_WITH_UNIT (LENGTH_MEASURE( 1.000000000000000082E-05 ), #759, 'distance_accuracy_value', 'NONE');
#4800 = EDGE_LOOP ( 'NONE', ( #2758, #1478, #2949, #3930 ) ) ;
#4801 = LINE ( 'NONE', #1142, #4213 ) ;
#4802 = VECTOR ( 'NONE', #3450, 1000.000000000000000 ) ;
#4803 = DIRECTION ( 'NONE',  ( 1.000000000000000000, 0.000000000000000000, -0.000000000000000000 ) ) ;
#4804 = ADVANCED_FACE ( 'NONE', ( #4732 ), #3477, .T. ) ;
#4805 = PLANE ( 'NONE',  #3508 ) ;
#4806 = LINE ( 'NONE', #1650, #4987 ) ;
#4807 = VECTOR ( 'NONE', #1628, 1000.000000000000000 ) ;
#4808 = ORIENTED_EDGE ( 'NONE', *, *, #5933, .T. ) ;
#4809 = VERTEX_POINT ( 'NONE', #2401 ) ;
#4810 = ADVANCED_FACE ( 'NONE', ( #5356 ), #1661, .T. ) ;
#4811 = CARTESIAN_POINT ( 'NONE',  ( 0.3810000000000011156, 3.556000000000001826, 4.064000000000000057 ) ) ;
#4812 = LINE ( 'NONE', #4776, #2576 ) ;
#4813 = VECTOR ( 'NONE', #4831, 1000.000000000000000 ) ;
#4814 = ORIENTED_EDGE ( 'NONE', *, *, #1535, .T. ) ;
#4815 = EDGE_CURVE ( 'NONE', #1388, #4855, #2601, .T. ) ;
#4816 = LINE ( 'NONE', #2910, #2376 ) ;
#4817 = ORIENTED_EDGE ( 'NONE', *, *, #568, .T. ) ;
#4818 = ADVANCED_FACE ( 'NONE', ( #220 ), #4385, .T. ) ;
#4819 = CARTESIAN_POINT ( 'NONE',  ( 2.159000000000002917, 3.556000000000001382, 4.064000000000000057 ) ) ;
#4820 = FACE_BOUND ( 'NONE', #5043, .T. ) ;
#4821 = ORIENTED_EDGE ( 'NONE', *, *, #3356, .T. ) ;
#4822 = CARTESIAN_POINT ( 'NONE',  ( -15.23999999999999844, 2.896088642316250628, 4.064000000000000057 ) ) ;
#4823 = CARTESIAN_POINT ( 'NONE',  ( 4.699000000000001620, 0.000000000000000000, 1.524000000000000021 ) ) ;
#4824 = ORIENTED_EDGE ( 'NONE', *, *, #1221, .F. ) ;
#4825 = EDGE_CURVE ( 'NONE', #496, #1197, #281, .T. ) ;
#4826 = DIRECTION ( 'NONE',  ( -1.000000000000000000, 2.439149994343089694E-16, -0.000000000000000000 ) ) ;
#4827 = ORIENTED_EDGE ( 'NONE', *, *, #5561, .F. ) ;
#4828 = DIRECTION ( 'NONE',  ( 0.000000000000000000, -0.000000000000000000, 1.000000000000000000 ) ) ;
#4829 = VERTEX_POINT ( 'NONE', #76 ) ;
#4830 = LINE ( 'NONE', #4284, #5602 ) ;
#4831 = DIRECTION ( 'NONE',  ( -0.000000000000000000, -0.000000000000000000, -1.000000000000000000 ) ) ;
#4832 = EDGE_CURVE ( 'NONE', #126, #360, #3305, .T. ) ;
#4833 = DIRECTION ( 'NONE',  ( 0.000000000000000000, 0.000000000000000000, 1.000000000000000000 ) ) ;
#4834 = ADVANCED_FACE ( 'NONE', ( #1181 ), #3027, .T. ) ;
#4835 = CARTESIAN_POINT ( 'NONE',  ( 12.70000000000000462, 2.896088642316250628, 4.064000000000000057 ) ) ;
#4836 = ORIENTED_EDGE ( 'NONE', *, *, #5246, .F. ) ;
#4837 = ORIENTED_EDGE ( 'NONE', *, *, #2804, .T. ) ;
#4838 =( REPRESENTATION_RELATIONSHIP ('NONE','NONE', #3108, #5978 ) REPRESENTATION_RELATIONSHIP_WITH_TRANSFORMATION ( #4386 )SHAPE_REPRESENTATION_RELATIONSHIP( ) );
#4839 =( NAMED_UNIT ( * ) SI_UNIT ( $, .STERADIAN. ) SOLID_ANGLE_UNIT ( ) );
#4840 = FACE_OUTER_BOUND ( 'NONE', #2944, .T. ) ;
#4841 = ORIENTED_EDGE ( 'NONE', *, *, #1893, .T. ) ;
#4842 = CARTESIAN_POINT ( 'NONE',  ( -8.000999999999997669, 0.000000000000000000, 4.064000000000000057 ) ) ;
#4843 = ORIENTED_EDGE ( 'NONE', *, *, #1005, .F. ) ;
#4844 = CARTESIAN_POINT ( 'NONE',  ( 8.572500000000008669, 1.460500000000014786, 4.064000000000000057 ) ) ;
#4845 = ITEM_DEFINED_TRANSFORMATION ( 'NONE', 'NONE', #4241,  #247 ) ;
#4846 = CARTESIAN_POINT ( 'NONE',  ( -5.079999999999997407, 0.6599113576837528639, 4.064000000000000057 ) ) ;
#4847 = EDGE_CURVE ( 'NONE', #5809, #1165, #3502, .T. ) ;
#4848 = ORIENTED_EDGE ( 'NONE', *, *, #736, .T. ) ;
#4849 = CARTESIAN_POINT ( 'NONE',  ( -14.85899999999999821, 1.819702678853052132E-15, 1.524000000000000021 ) ) ;
#4850 = CARTESIAN_POINT ( 'NONE',  ( 0.3175000000000000044, 1.460500000000001908, 3.683000000000000274 ) ) ;
#4851 = EDGE_LOOP ( 'NONE', ( #1818, #692, #1452, #279 ) ) ;
#4852 = LINE ( 'NONE', #2950, #2765 ) ;
#4853 = ORIENTED_EDGE ( 'NONE', *, *, #1578, .F. ) ;
#4854 = CARTESIAN_POINT ( 'NONE',  ( 2.921000000000001595, 3.556000000000001826, 4.064000000000000057 ) ) ;
#4855 = VERTEX_POINT ( 'NONE', #5383 ) ;
#4856 = CARTESIAN_POINT ( 'NONE',  ( 13.08100000000000485, 1.819702678853052132E-15, 4.064000000000000057 ) ) ;
#4857 = LINE ( 'NONE', #617, #4041 ) ;
#4858 = DIRECTION ( 'NONE',  ( -0.000000000000000000, 0.000000000000000000, -1.000000000000000000 ) ) ;
#4859 = CARTESIAN_POINT ( 'NONE',  ( -8.000999999999997669, 3.556000000000001382, 1.524000000000000021 ) ) ;
#4860 = ORIENTED_EDGE ( 'NONE', *, *, #4663, .T. ) ;
#4861 = ORIENTED_EDGE ( 'NONE', *, *, #2936, .F. ) ;
#4862 = ADVANCED_FACE ( 'NONE', ( #2425 ), #1210, .T. ) ;
#4863 = DIRECTION ( 'NONE',  ( -1.000000000000000000, -0.000000000000000000, -0.000000000000000000 ) ) ;
#4864 = DIRECTION ( 'NONE',  ( -0.000000000000000000, -0.000000000000000000, -1.000000000000000000 ) ) ;
#4865 = CARTESIAN_POINT ( 'NONE',  ( 13.65250000000001052, 1.460500000000014786, 4.064000000000000057 ) ) ;
#4866 = VECTOR ( 'NONE', #213, 1000.000000000000000 ) ;
#4867 = LINE ( 'NONE', #1152, #3241 ) ;
#4868 = ORIENTED_EDGE ( 'NONE', *, *, #1956, .T. ) ;
#4869 = ORIENTED_EDGE ( 'NONE', *, *, #1110, .T. ) ;
#4870 = EDGE_CURVE ( 'NONE', #57, #1189, #754, .T. ) ;
#4871 = VECTOR ( 'NONE', #653, 1000.000000000000000 ) ;
#4872 = CARTESIAN_POINT ( 'NONE',  ( 0.3175000000000000044, -2.031999999999989814, 0.3174999999999997824 ) ) ;
#4873 = CARTESIAN_POINT ( 'NONE',  ( 6.032500000000008633, 1.460500000000014786, 1.524000000000000021 ) ) ;
#4874 = AXIS2_PLACEMENT_3D ( 'NONE', #5158, #2317, #4197 ) ;
#4875 = EDGE_LOOP ( 'NONE', ( #5283, #5967, #601, #5745 ) ) ;
#4876 = VECTOR ( 'NONE', #2246, 1000.000000000000000 ) ;
#4877 = AXIS2_PLACEMENT_3D ( 'NONE', #438, #4624, #2292 ) ;
#4878 = PLANE ( 'NONE',  #654 ) ;
#4879 = CARTESIAN_POINT ( 'NONE',  ( -9.207499999999994245, 2.095500000000015017, 4.064000000000000057 ) ) ;
#4880 = ORIENTED_EDGE ( 'NONE', *, *, #1221, .T. ) ;
#4881 = LINE ( 'NONE', #3164, #2860 ) ;
#4882 = ORIENTED_EDGE ( 'NONE', *, *, #3586, .F. ) ;
#4883 = DIRECTION ( 'NONE',  ( -0.000000000000000000, 1.000000000000000000, -0.000000000000000000 ) ) ;
#4884 = AXIS2_PLACEMENT_3D ( 'NONE', #2062, #5663, #4362 ) ;
#4885 = VECTOR ( 'NONE', #327, 1000.000000000000000 ) ;
#4886 = ORIENTED_EDGE ( 'NONE', *, *, #2189, .T. ) ;
#4887 = LINE ( 'NONE', #1772, #3064 ) ;
#4888 = CARTESIAN_POINT ( 'NONE',  ( -4.698999999999998067, 3.556000000000001826, 4.064000000000000057 ) ) ;
#4889 = VECTOR ( 'NONE', #5104, 1000.000000000000000 ) ;
#4890 = FACE_OUTER_BOUND ( 'NONE', #5688, .T. ) ;
#4891 = CARTESIAN_POINT ( 'NONE',  ( -2.158999999999997588, 3.556000000000001826, 4.064000000000000057 ) ) ;
#4892 = VERTEX_POINT ( 'NONE', #1045 ) ;
#4893 = VERTEX_POINT ( 'NONE', #102 ) ;
#4894 = AXIS2_PLACEMENT_3D ( 'NONE', #2093, #3787, #2536 ) ;
#4895 = CARTESIAN_POINT ( 'NONE',  ( 2.540000000000002256, 0.6599113576837527528, 4.064000000000000057 ) ) ;
#4896 = CARTESIAN_POINT ( 'NONE',  ( 13.08100000000000485, 3.556000000000001826, 4.064000000000000057 ) ) ;
#4897 = CARTESIAN_POINT ( 'NONE',  ( 10.16000000000000369, 0.6599113576837527528, 1.524000000000000021 ) ) ;
#4898 = VECTOR ( 'NONE', #2230, 1000.000000000000000 ) ;
#4899 = FACE_OUTER_BOUND ( 'NONE', #404, .T. ) ;
#4900 = EDGE_CURVE ( 'NONE', #4357, #2935, #1976, .T. ) ;
#4901 = EDGE_CURVE ( 'NONE', #1689, #4159, #3121, .T. ) ;
#4902 = PLANE ( 'NONE',  #5886 ) ;
#4903 = ORIENTED_EDGE ( 'NONE', *, *, #4788, .T. ) ;
#4904 = VERTEX_POINT ( 'NONE', #2756 ) ;
#4905 = VECTOR ( 'NONE', #4553, 1000.000000000000000 ) ;
#4906 = DIRECTION ( 'NONE',  ( 0.000000000000000000, -0.000000000000000000, -1.000000000000000000 ) ) ;
#4907 = CARTESIAN_POINT ( 'NONE',  ( 8.890000000000011227, 1.322726650432315409E-14, 6.505213034913026604E-16 ) ) ;
#4908 = EDGE_CURVE ( 'NONE', #4441, #3037, #383, .T. ) ;
#4909 = COLOUR_RGB ( '',0.2509803921568627416, 0.2509803921568627416, 0.2509803921568627416 ) ;
#4910 = DIRECTION ( 'NONE',  ( -0.000000000000000000, -1.000000000000000000, -0.000000000000000000 ) ) ;
#4911 = ORIENTED_EDGE ( 'NONE', *, *, #3945, .T. ) ;
#4912 = PRESENTATION_STYLE_ASSIGNMENT (( #5926 ) ) ;
#4913 = PLANE ( 'NONE',  #16 ) ;
#4914 = ADVANCED_FACE ( 'NONE', ( #5918 ), #1302, .F. ) ;
#4915 = CARTESIAN_POINT ( 'NONE',  ( -2.539999999999996927, 2.896088642316250183, 1.524000000000000021 ) ) ;
#4916 = VERTEX_POINT ( 'NONE', #851 ) ;
#4917 = DIRECTION ( 'NONE',  ( 0.000000000000000000, -1.000000000000000000, 0.000000000000000000 ) ) ;
#4918 = ORIENTED_EDGE ( 'NONE', *, *, #3882, .T. ) ;
#4919 = CARTESIAN_POINT ( 'NONE',  ( -0.9524999999999915756, 2.095500000000015017, 4.064000000000000057 ) ) ;
#4920 = DIRECTION ( 'NONE',  ( -1.000000000000000000, 2.439149994343089694E-16, -0.000000000000000000 ) ) ;
#4921 = PLANE ( 'NONE',  #3806 ) ;
#4922 = FILL_AREA_STYLE ('',( #5902 ) ) ;
#4923 = EDGE_CURVE ( 'NONE', #2825, #2436, #2726, .T. ) ;
#4924 = ORIENTED_EDGE ( 'NONE', *, *, #1294, .T. ) ;
#4925 = ORIENTED_EDGE ( 'NONE', *, *, #5293, .T. ) ;
#4926 = CARTESIAN_POINT ( 'NONE',  ( -5.079999999999997407, 2.896088642316250628, 4.064000000000000057 ) ) ;
#4927 = DIRECTION ( 'NONE',  ( 1.000000000000000000, -1.023454825001716575E-15, 0.000000000000000000 ) ) ;
#4928 = CARTESIAN_POINT ( 'NONE',  ( 6.032500000000008633, 2.095500000000015017, 1.524000000000000021 ) ) ;
#4929 = DIRECTION ( 'NONE',  ( -0.000000000000000000, 0.000000000000000000, 1.000000000000000000 ) ) ;
#4930 = CARTESIAN_POINT ( 'NONE',  ( -5.460999999999996746, 3.556000000000001382, 1.524000000000000021 ) ) ;
#4931 = ORIENTED_EDGE ( 'NONE', *, *, #4991, .T. ) ;
#4932 = EDGE_LOOP ( 'NONE', ( #1577, #1940, #115, #5793 ) ) ;
#4933 = DIRECTION ( 'NONE',  ( -0.000000000000000000, -0.000000000000000000, -1.000000000000000000 ) ) ;
#4934 = CARTESIAN_POINT ( 'NONE',  ( 0.3175000000000000044, 2.095500000000001251, -9.735692977420864871E-17 ) ) ;
#4935 = PRODUCT_CONTEXT ( 'NONE', #3098, 'mechanical' ) ;
#4936 = LINE ( 'NONE', #316, #2870 ) ;
#4937 = ORIENTED_EDGE ( 'NONE', *, *, #289, .F. ) ;
#4938 = ORIENTED_EDGE ( 'NONE', *, *, #1956, .F. ) ;
#4939 = EDGE_CURVE ( 'NONE', #2535, #3292, #2236, .T. ) ;
#4940 = PLANE ( 'NONE',  #3548 ) ;
#4941 = DIRECTION ( 'NONE',  ( -2.439149994343089694E-16, -1.000000000000000000, 0.000000000000000000 ) ) ;
#4942 = DIRECTION ( 'NONE',  ( -0.000000000000000000, -0.000000000000000000, -1.000000000000000000 ) ) ;
#4943 = VERTEX_POINT ( 'NONE', #1336 ) ;
#4944 = FACE_OUTER_BOUND ( 'NONE', #1240, .T. ) ;
#4945 = VERTEX_POINT ( 'NONE', #444 ) ;
#4946 = CARTESIAN_POINT ( 'NONE',  ( 12.31900000000000439, 0.000000000000000000, 4.064000000000000057 ) ) ;
#4947 = FACE_OUTER_BOUND ( 'NONE', #728, .T. ) ;
#4948 =( REPRESENTATION_RELATIONSHIP ('NONE','NONE', #3108, #5978 ) REPRESENTATION_RELATIONSHIP_WITH_TRANSFORMATION ( #5006 )SHAPE_REPRESENTATION_RELATIONSHIP( ) );
#4949 = CARTESIAN_POINT ( 'NONE',  ( 2.921000000000001595, 3.556000000000001826, 4.064000000000000057 ) ) ;
#4950 =( NAMED_UNIT ( * ) PLANE_ANGLE_UNIT ( ) SI_UNIT ( $, .RADIAN. ) );
#4951 = ADVANCED_FACE ( 'NONE', ( #904 ), #357, .F. ) ;
#4952 = ORIENTED_EDGE ( 'NONE', *, *, #2689, .F. ) ;
#4953 = EDGE_LOOP ( 'NONE', ( #2827, #4690, #2546, #5723 ) ) ;
#4954 = CARTESIAN_POINT ( 'NONE',  ( -5.079999999999997407, 2.896088642316250183, 1.524000000000000021 ) ) ;
#4955 = LINE ( 'NONE', #803, #735 ) ;
#4956 = CARTESIAN_POINT ( 'NONE',  ( 10.54100000000000392, 1.819702678853052132E-15, 1.524000000000000021 ) ) ;
#4957 = EDGE_CURVE ( 'NONE', #622, #5947, #3211, .T. ) ;
#4958 = CARTESIAN_POINT ( 'NONE',  ( 10.54100000000000392, 1.819702678853052132E-15, 4.064000000000000057 ) ) ;
#4959 = LINE ( 'NONE', #4440, #833 ) ;
#4960 = EDGE_CURVE ( 'NONE', #2042, #3332, #1730, .T. ) ;
#4961 = ORIENTED_EDGE ( 'NONE', *, *, #5825, .F. ) ;
#4962 = ORIENTED_EDGE ( 'NONE', *, *, #5460, .F. ) ;
#4963 = CARTESIAN_POINT ( 'NONE',  ( 11.11250000000000959, 2.095500000000015017, 4.064000000000000057 ) ) ;
#4964 = CARTESIAN_POINT ( 'NONE',  ( -5.079999999999997407, 0.6599113576837527528, 4.064000000000000057 ) ) ;
#4965 = VECTOR ( 'NONE', #2873, 1000.000000000000000 ) ;
#4966 = SHAPE_DEFINITION_REPRESENTATION ( #1922, #5978 ) ;
#4967 = CARTESIAN_POINT ( 'NONE',  ( -12.69999999999999751, 2.896088642316250183, 1.524000000000000021 ) ) ;
#4968 = VECTOR ( 'NONE', #967, 1000.000000000000000 ) ;
#4969 = VERTEX_POINT ( 'NONE', #5004 ) ;
#4970 = PLANE ( 'NONE',  #2393 ) ;
#4971 = VECTOR ( 'NONE', #2283, 1000.000000000000000 ) ;
#4972 = CARTESIAN_POINT ( 'NONE',  ( -0.3175000000000000044, 1.206500000000002126, 0.3174999999999996159 ) ) ;
#4973 = ADVANCED_FACE ( 'NONE', ( #1362 ), #2180, .F. ) ;
#4974 = CARTESIAN_POINT ( 'NONE',  ( 8.572500000000008669, 1.460500000000014786, 4.064000000000000057 ) ) ;
#4975 = ADVANCED_FACE ( 'NONE', ( #1755 ), #5977, .F. ) ;
#4976 = ADVANCED_FACE ( 'NONE', ( #2700 ), #5416, .T. ) ;
#4977 = ORIENTED_EDGE ( 'NONE', *, *, #4088, .F. ) ;
#4978 = CARTESIAN_POINT ( 'NONE',  ( -4.127499999999992397, 2.095500000000015017, 4.064000000000000057 ) ) ;
#4979 = ORIENTED_EDGE ( 'NONE', *, *, #1309, .T. ) ;
#4980 = AXIS2_PLACEMENT_3D ( 'NONE', #5091, #379, #1782 ) ;
#4981 = VECTOR ( 'NONE', #4547, 1000.000000000000000 ) ;
#4982 = LINE ( 'NONE', #5932, #5905 ) ;
#4983 = CARTESIAN_POINT ( 'NONE',  ( -7.619999999999998330, 2.896088642316250628, 4.064000000000000057 ) ) ;
#4984 = CARTESIAN_POINT ( 'NONE',  ( -7.619999999999998330, 2.896088642316250628, 4.064000000000000057 ) ) ;
#4985 = VECTOR ( 'NONE', #1936, 1000.000000000000000 ) ;
#4986 = FACE_OUTER_BOUND ( 'NONE', #1139, .T. ) ;
#4987 = VECTOR ( 'NONE', #1589, 1000.000000000000000 ) ;
#4988 = EDGE_CURVE ( 'NONE', #3679, #902, #4033, .T. ) ;
#4989 = ORIENTED_EDGE ( 'NONE', *, *, #2733, .T. ) ;
#4990 = VERTEX_POINT ( 'NONE', #4508 ) ;
#4991 = EDGE_CURVE ( 'NONE', #4829, #4569, #3188, .T. ) ;
#4992 = CARTESIAN_POINT ( 'NONE',  ( 2.540000000000002256, 2.896088642316250183, 1.524000000000000021 ) ) ;
#4993 = VECTOR ( 'NONE', #1200, 1000.000000000000114 ) ;
#4994 = VECTOR ( 'NONE', #4942, 1000.000000000000000 ) ;
#4995 = DIRECTION ( 'NONE',  ( -0.4999999999999951150, -0.8660254037844414832, 0.000000000000000000 ) ) ;
#4996 = LINE ( 'NONE', #401, #5072 ) ;
#4997 = DIRECTION ( 'NONE',  ( -1.000000000000000000, -0.000000000000000000, -0.000000000000000000 ) ) ;
#4998 = VECTOR ( 'NONE', #3906, 1000.000000000000000 ) ;
#4999 = CARTESIAN_POINT ( 'NONE',  ( -15.23999999999999844, 0.6599113576837527528, 1.524000000000000021 ) ) ;
#5000 = VECTOR ( 'NONE', #1759, 1000.000000000000000 ) ;
#5001 = ORIENTED_EDGE ( 'NONE', *, *, #2189, .F. ) ;
#5002 = ORIENTED_EDGE ( 'NONE', *, *, #2435, .F. ) ;
#5003 = FILL_AREA_STYLE ('',( #1819 ) ) ;
#5004 = CARTESIAN_POINT ( 'NONE',  ( 0.9525000000000071188, 2.095500000000015017, 1.524000000000000021 ) ) ;
#5005 = VECTOR ( 'NONE', #559, 1000.000000000000000 ) ;
#5006 = ITEM_DEFINED_TRANSFORMATION ( 'NONE', 'NONE', #3552,  #247 ) ;
#5007 = DIRECTION ( 'NONE',  ( 0.4999999999999945044, -0.8660254037844418162, 0.000000000000000000 ) ) ;
#5008 = ADVANCED_FACE ( 'NONE', ( #1272 ), #4063, .F. ) ;
#5009 = EDGE_CURVE ( 'NONE', #6025, #419, #5509, .T. ) ;
#5010 = STYLED_ITEM ( 'NONE', ( #986 ), #5816 ) ;
#5011 = ORIENTED_EDGE ( 'NONE', *, *, #5907, .T. ) ;
#5012 = CARTESIAN_POINT ( 'NONE',  ( -5.460999999999996746, 3.556000000000001382, 4.064000000000000057 ) ) ;
#5013 = VECTOR ( 'NONE', #669, 1000.000000000000000 ) ;
#5014 = LINE ( 'NONE', #5987, #317 ) ;
#5015 = LINE ( 'NONE', #2707, #1025 ) ;
#5016 = ORIENTED_EDGE ( 'NONE', *, *, #1367, .F. ) ;
#5017 = CARTESIAN_POINT ( 'NONE',  ( -12.69999999999999751, 2.896088642316250628, 1.524000000000000021 ) ) ;
#5018 = EDGE_LOOP ( 'NONE', ( #5506, #1783, #742, #4868 ) ) ;
#5019 = VECTOR ( 'NONE', #4478, 1000.000000000000000 ) ;
#5020 = CARTESIAN_POINT ( 'NONE',  ( -7.238999999999998991, 3.556000000000001826, 4.064000000000000057 ) ) ;
#5021 = LINE ( 'NONE', #2225, #5415 ) ;
#5022 = CARTESIAN_POINT ( 'NONE',  ( 13.08100000000000485, 3.556000000000001826, 1.524000000000000021 ) ) ;
#5023 =( GEOMETRIC_REPRESENTATION_CONTEXT ( 3 ) GLOBAL_UNCERTAINTY_ASSIGNED_CONTEXT ( ( #3396 ) ) GLOBAL_UNIT_ASSIGNED_CONTEXT ( ( #221, #1731, #1636 ) ) REPRESENTATION_CONTEXT ( 'NONE', 'WORKASPACE' ) );
#5024 = DIRECTION ( 'NONE',  ( 0.000000000000000000, 0.1736481776669275556, -0.9848077530122086864 ) ) ;
#5025 = ORIENTED_EDGE ( 'NONE', *, *, #4815, .F. ) ;
#5026 = CARTESIAN_POINT ( 'NONE',  ( -11.74749999999999162, 1.460500000000014786, 4.064000000000000057 ) ) ;
#5027 = EDGE_CURVE ( 'NONE', #5567, #1851, #4120, .T. ) ;
#5028 = CARTESIAN_POINT ( 'NONE',  ( 5.461000000000002075, 1.819702678853052132E-15, 4.064000000000000057 ) ) ;
#5029 = ADVANCED_FACE ( 'NONE', ( #4629 ), #566, .F. ) ;
#5030 = DIRECTION ( 'NONE',  ( -0.000000000000000000, -0.000000000000000000, -1.000000000000000000 ) ) ;
#5031 = DIRECTION ( 'NONE',  ( 0.000000000000000000, 1.000000000000000000, 0.000000000000000000 ) ) ;
#5032 = DIRECTION ( 'NONE',  ( -0.000000000000000000, -1.000000000000000000, -0.000000000000000000 ) ) ;
#5033 = VERTEX_POINT ( 'NONE', #6041 ) ;
#5034 = ORIENTED_EDGE ( 'NONE', *, *, #4630, .F. ) ;
#5035 = SURFACE_SIDE_STYLE ('',( #2699 ) ) ;
#5036 = CARTESIAN_POINT ( 'NONE',  ( -1.587499999999991696, 2.095500000000015017, 1.524000000000000021 ) ) ;
#5037 = DIRECTION ( 'NONE',  ( -0.4999999999999943934, 0.8660254037844419273, -0.000000000000000000 ) ) ;
#5038 = VERTEX_POINT ( 'NONE', #5687 ) ;
#5039 = CARTESIAN_POINT ( 'NONE',  ( -2.158999999999997588, 1.819702678853052132E-15, 4.064000000000000057 ) ) ;
#5040 = CARTESIAN_POINT ( 'NONE',  ( -6.667499999999993321, 2.095500000000015017, 4.064000000000000057 ) ) ;
#5041 = EDGE_CURVE ( 'NONE', #1711, #1131, #2322, .T. ) ;
#5042 = CARTESIAN_POINT ( 'NONE',  ( 14.85900000000000531, 3.556000000000001382, 4.064000000000000057 ) ) ;
#5043 = EDGE_LOOP ( 'NONE', ( #1664, #2234, #1633, #5101 ) ) ;
#5044 = CARTESIAN_POINT ( 'NONE',  ( 15.24000000000000554, 2.896088642316250183, 4.064000000000000057 ) ) ;
#5045 = VERTEX_POINT ( 'NONE', #3747 ) ;
#5046 = DIRECTION ( 'NONE',  ( -0.000000000000000000, 1.000000000000000000, -0.000000000000000000 ) ) ;
#5047 = PLANE ( 'NONE',  #3269 ) ;
#5048 = DIRECTION ( 'NONE',  ( 0.4999999999999950595, 0.8660254037844414832, 0.000000000000000000 ) ) ;
#5049 = DIRECTION ( 'NONE',  ( -0.000000000000000000, 0.000000000000000000, 1.000000000000000000 ) ) ;
#5050 = UNCERTAINTY_MEASURE_WITH_UNIT (LENGTH_MEASURE( 1.000000000000000082E-05 ), #5119, 'distance_accuracy_value', 'NONE');
#5051 = EDGE_CURVE ( 'NONE', #298, #5347, #1937, .T. ) ;
#5052 = VERTEX_POINT ( 'NONE', #4265 ) ;
#5053 = CARTESIAN_POINT ( 'NONE',  ( 14.85900000000000531, 3.556000000000001382, 4.064000000000000057 ) ) ;
#5054 = DIRECTION ( 'NONE',  ( 0.000000000000000000, -1.000000000000000000, 0.000000000000000000 ) ) ;
#5055 = LINE ( 'NONE', #3230, #4968 ) ;
#5056 = PLANE ( 'NONE',  #3237 ) ;
#5057 = DIRECTION ( 'NONE',  ( -0.000000000000000000, -0.000000000000000000, -1.000000000000000000 ) ) ;
#5058 = EDGE_CURVE ( 'NONE', #2891, #328, #3294, .T. ) ;
#5059 = ORIENTED_EDGE ( 'NONE', *, *, #1944, .T. ) ;
#5060 = ORIENTED_EDGE ( 'NONE', *, *, #241, .F. ) ;
#5061 = DIRECTION ( 'NONE',  ( 0.000000000000000000, 0.000000000000000000, -1.000000000000000000 ) ) ;
#5062 = DIRECTION ( 'NONE',  ( 0.000000000000000000, 4.645999989224937887E-17, 1.000000000000000000 ) ) ;
#5063 = ORIENTED_EDGE ( 'NONE', *, *, #1176, .F. ) ;
#5064 = PRODUCT_DEFINITION_SHAPE ( 'NONE', 'NONE',  #6059 ) ;
#5065 = CARTESIAN_POINT ( 'NONE',  ( 7.239000000000004320, 3.556000000000001382, 1.524000000000000021 ) ) ;
#5066 = EDGE_CURVE ( 'NONE', #622, #1763, #472, .T. ) ;
#5067 = VERTEX_POINT ( 'NONE', #973 ) ;
#5068 = VERTEX_POINT ( 'NONE', #498 ) ;
#5069 = ADVANCED_FACE ( 'NONE', ( #2794 ), #155, .F. ) ;
#5070 = DIRECTION ( 'NONE',  ( -0.8660254037844414832, 0.4999999999999951150, 0.000000000000000000 ) ) ;
#5071 = CARTESIAN_POINT ( 'NONE',  ( 15.24000000000000554, 2.896088642316250183, 1.524000000000000021 ) ) ;
#5072 = VECTOR ( 'NONE', #5500, 1000.000000000000000 ) ;
#5073 = ORIENTED_EDGE ( 'NONE', *, *, #5953, .T. ) ;
#5074 = LINE ( 'NONE', #1886, #1403 ) ;
#5075 = ORIENTED_EDGE ( 'NONE', *, *, #793, .F. ) ;
#5076 = CARTESIAN_POINT ( 'NONE',  ( 8.572500000000008669, 2.095500000000015017, 4.064000000000000057 ) ) ;
#5077 = AXIS2_PLACEMENT_3D ( 'NONE', #680, #5679, #3349 ) ;
#5078 = DIRECTION ( 'NONE',  ( 0.000000000000000000, 0.000000000000000000, 1.000000000000000000 ) ) ;
#5079 = VERTEX_POINT ( 'NONE', #5135 ) ;
#5080 = PLANE ( 'NONE',  #2544 ) ;
#5081 = CARTESIAN_POINT ( 'NONE',  ( 12.70000000000000462, 2.896088642316250183, 4.064000000000000057 ) ) ;
#5082 = VECTOR ( 'NONE', #4997, 1000.000000000000000 ) ;
#5083 = ORIENTED_EDGE ( 'NONE', *, *, #3670, .T. ) ;
#5084 = EDGE_CURVE ( 'NONE', #2122, #3679, #1473, .T. ) ;
#5085 = CARTESIAN_POINT ( 'NONE',  ( 0.3175000000000000044, -2.031999999999989814, 0.000000000000000000 ) ) ;
#5086 = DIRECTION ( 'NONE',  ( -0.8660254037844419273, -0.4999999999999943934, 0.000000000000000000 ) ) ;
#5087 = VECTOR ( 'NONE', #5760, 1000.000000000000000 ) ;
#5088 = PRESENTATION_LAYER_ASSIGNMENT (  '', '', ( #2762 ) ) ;
#5089 = DIRECTION ( 'NONE',  ( -2.439149994343089694E-16, -1.000000000000000000, 0.000000000000000000 ) ) ;
#5090 = DIRECTION ( 'NONE',  ( -0.4999999999999943934, -0.8660254037844419273, -0.000000000000000000 ) ) ;
#5091 = CARTESIAN_POINT ( 'NONE',  ( 10.54100000000000392, 1.819702678853052132E-15, 4.064000000000000057 ) ) ;
#5092 = EDGE_CURVE ( 'NONE', #2260, #4893, #31, .T. ) ;
#5093 = ORIENTED_EDGE ( 'NONE', *, *, #2565, .T. ) ;
#5094 = EDGE_LOOP ( 'NONE', ( #5160, #4147, #5903, #61 ) ) ;
#5095 = AXIS2_PLACEMENT_3D ( 'NONE', #6013, #5916, #406 ) ;
#5096 = VECTOR ( 'NONE', #3510, 1000.000000000000000 ) ;
#5097 =( NAMED_UNIT ( * ) SI_UNIT ( $, .STERADIAN. ) SOLID_ANGLE_UNIT ( ) );
#5098 = DIRECTION ( 'NONE',  ( -0.8660254037844414832, 0.4999999999999951150, 0.000000000000000000 ) ) ;
#5099 = EDGE_CURVE ( 'NONE', #4134, #3041, #5231, .T. ) ;
#5100 = EDGE_CURVE ( 'NONE', #3665, #2405, #4720, .T. ) ;
#5101 = ORIENTED_EDGE ( 'NONE', *, *, #1501, .T. ) ;
#5102 = VECTOR ( 'NONE', #4863, 1000.000000000000000 ) ;
#5103 = AXIS2_PLACEMENT_3D ( 'NONE', #4065, #3942, #3123 ) ;
#5104 = DIRECTION ( 'NONE',  ( -0.000000000000000000, -1.000000000000000000, -0.000000000000000000 ) ) ;
#5105 = VERTEX_POINT ( 'NONE', #1449 ) ;
#5106 = ORIENTED_EDGE ( 'NONE', *, *, #4825, .F. ) ;
#5107 = AXIS2_PLACEMENT_3D ( 'NONE', #3657, #4470, #4086 ) ;
#5108 = ADVANCED_FACE ( 'NONE', ( #593 ), #2438, .F. ) ;
#5109 = LINE ( 'NONE', #1454, #2391 ) ;
#5110 = ADVANCED_FACE ( 'NONE', ( #2881 ), #3681, .F. ) ;
#5111 = CARTESIAN_POINT ( 'NONE',  ( 11.11250000000000959, 2.095500000000015017, 4.064000000000000057 ) ) ;
#5112 = VECTOR ( 'NONE', #3565, 1000.000000000000000 ) ;
#5113 = DIRECTION ( 'NONE',  ( 1.000000000000000000, 0.000000000000000000, -0.000000000000000000 ) ) ;
#5114 = ORIENTED_EDGE ( 'NONE', *, *, #89, .F. ) ;
#5115 = CARTESIAN_POINT ( 'NONE',  ( 0.2279258938000999768, 1.550074106199902157, 9.906000000000000583 ) ) ;
#5116 = ORIENTED_EDGE ( 'NONE', *, *, #2312, .F. ) ;
#5117 = CARTESIAN_POINT ( 'NONE',  ( -5.079999999999997407, 2.896088642316250628, 4.064000000000000057 ) ) ;
#5118 = VECTOR ( 'NONE', #4920, 1000.000000000000000 ) ;
#5119 =( LENGTH_UNIT ( ) NAMED_UNIT ( * ) SI_UNIT ( .MILLI., .METRE. ) );
#5120 = CARTESIAN_POINT ( 'NONE',  ( -5.079999999999997407, 2.896088642316250183, 4.064000000000000057 ) ) ;
#5121 = VECTOR ( 'NONE', #4606, 1000.000000000000000 ) ;
#5122 = UNCERTAINTY_MEASURE_WITH_UNIT (LENGTH_MEASURE( 1.000000000000000082E-05 ), #550, 'distance_accuracy_value', 'NONE');
#5123 = EDGE_LOOP ( 'NONE', ( #1453, #5640, #5856, #4824, #2397, #682, #5914, #4603 ) ) ;
#5124 = ADVANCED_FACE ( 'NONE', ( #2385 ), #4238, .F. ) ;
#5125 = LINE ( 'NONE', #4167, #3828 ) ;
#5126 = PRODUCT_DEFINITION_SHAPE ( 'NONE', 'NONE',  #6063 ) ;
#5127 = CARTESIAN_POINT ( 'NONE',  ( 12.70000000000000462, 2.896088642316250183, 1.524000000000000021 ) ) ;
#5128 = AXIS2_PLACEMENT_3D ( 'NONE', #5445, #2602, #3969 ) ;
#5129 = DIRECTION ( 'NONE',  ( 0.000000000000000000, -1.000000000000000000, 0.000000000000000000 ) ) ;
#5130 = ADVANCED_FACE ( 'NONE', ( #3712 ), #5595, .F. ) ;
#5131 = LINE ( 'NONE', #4679, #1791 ) ;
#5132 = VERTEX_POINT ( 'NONE', #5286 ) ;
#5133 = ORIENTED_EDGE ( 'NONE', *, *, #3476, .F. ) ;
#5134 = LINE ( 'NONE', #1873, #330 ) ;
#5135 = CARTESIAN_POINT ( 'NONE',  ( -10.54099999999999859, 0.000000000000000000, 4.064000000000000057 ) ) ;
#5136 = EDGE_CURVE ( 'NONE', #4445, #1859, #685, .T. ) ;
#5137 = ORIENTED_EDGE ( 'NONE', *, *, #5431, .T. ) ;
#5138 = CARTESIAN_POINT ( 'NONE',  ( -10.54099999999999859, 0.000000000000000000, 4.064000000000000057 ) ) ;
#5139 = VERTEX_POINT ( 'NONE', #3934 ) ;
#5140 = ORIENTED_EDGE ( 'NONE', *, *, #2239, .F. ) ;
#5141 =( NAMED_UNIT ( * ) PLANE_ANGLE_UNIT ( ) SI_UNIT ( $, .RADIAN. ) );
#5142 = CARTESIAN_POINT ( 'NONE',  ( -14.85899999999999821, 3.556000000000001826, 4.064000000000000057 ) ) ;
#5143 = DIRECTION ( 'NONE',  ( -0.4999999999999945599, 0.8660254037844418162, 0.000000000000000000 ) ) ;
#5144 = ORIENTED_EDGE ( 'NONE', *, *, #5207, .T. ) ;
#5145 = CARTESIAN_POINT ( 'NONE',  ( 12.70000000000000462, 0.6599113576837527528, 1.524000000000000021 ) ) ;
#5146 = EDGE_CURVE ( 'NONE', #5167, #4691, #1656, .T. ) ;
#5147 = VERTEX_POINT ( 'NONE', #1088 ) ;
#5148 = LINE ( 'NONE', #5020, #1320 ) ;
#5149 = LINE ( 'NONE', #5547, #4327 ) ;
#5150 = DIRECTION ( 'NONE',  ( -0.4999999999999951150, -0.8660254037844414832, 0.000000000000000000 ) ) ;
#5151 = CARTESIAN_POINT ( 'NONE',  ( -11.11249999999999183, 1.460500000000014786, 4.064000000000000057 ) ) ;
#5152 = ORIENTED_EDGE ( 'NONE', *, *, #2206, .T. ) ;
#5153 = FACE_OUTER_BOUND ( 'NONE', #4018, .T. ) ;
#5154 = CARTESIAN_POINT ( 'NONE',  ( 13.65250000000001052, 2.095500000000015017, 1.524000000000000021 ) ) ;
#5155 = EDGE_CURVE ( 'NONE', #1197, #846, #1595, .T. ) ;
#5156 = ITEM_DEFINED_TRANSFORMATION ( 'NONE', 'NONE', #1051,  #247 ) ;
#5157 = CARTESIAN_POINT ( 'NONE',  ( -7.619999999999998330, 0.6599113576837527528, 4.064000000000000057 ) ) ;
#5158 = CARTESIAN_POINT ( 'NONE',  ( -14.28749999999999254, 2.095500000000015017, 4.064000000000000057 ) ) ;
#5159 = VERTEX_POINT ( 'NONE', #5351 ) ;
#5160 = ORIENTED_EDGE ( 'NONE', *, *, #1535, .F. ) ;
#5161 = DIRECTION ( 'NONE',  ( -1.000000000000000000, -0.000000000000000000, -0.000000000000000000 ) ) ;
#5162 = EDGE_CURVE ( 'NONE', #5159, #4809, #4812, .T. ) ;
#5163 = ORIENTED_EDGE ( 'NONE', *, *, #1911, .T. ) ;
#5164 =( REPRESENTATION_RELATIONSHIP ('NONE','NONE', #3108, #5978 ) REPRESENTATION_RELATIONSHIP_WITH_TRANSFORMATION ( #491 )SHAPE_REPRESENTATION_RELATIONSHIP( ) );
#5165 = ADVANCED_FACE ( 'NONE', ( #4840 ), #3961, .F. ) ;
#5166 = CARTESIAN_POINT ( 'NONE',  ( -12.69999999999999751, 0.6599113576837528639, 4.064000000000000057 ) ) ;
#5167 = VERTEX_POINT ( 'NONE', #3444 ) ;
#5168 = EDGE_LOOP ( 'NONE', ( #4430, #2196, #5607, #1503 ) ) ;
#5169 = FILL_AREA_STYLE_COLOUR ( '', #5921 ) ;
#5170 = DIRECTION ( 'NONE',  ( -1.000000000000000000, -0.000000000000000000, -0.000000000000000000 ) ) ;
#5171 = DIRECTION ( 'NONE',  ( 0.4999999999999945044, -0.8660254037844418162, 0.000000000000000000 ) ) ;
#5172 = EDGE_LOOP ( 'NONE', ( #3273, #2921, #5163, #456, #977, #352, #5529, #5249 ) ) ;
#5173 = DIRECTION ( 'NONE',  ( -1.000000000000000000, 0.000000000000000000, 0.000000000000000000 ) ) ;
#5174 = PRODUCT_DEFINITION_SHAPE ( 'NONE', 'NONE',  #6067 ) ;
#5175 = ORIENTED_EDGE ( 'NONE', *, *, #1624, .T. ) ;
#5176 = DIRECTION ( 'NONE',  ( 0.000000000000000000, 1.000000000000000000, 0.000000000000000000 ) ) ;
#5177 = FILL_AREA_STYLE_COLOUR ( '', #2976 ) ;
#5178 = ADVANCED_FACE ( 'NONE', ( #1117 ), #660, .F. ) ;
#5179 = ADVANCED_FACE ( 'NONE', ( #2997 ), #3497, .T. ) ;
#5180 = CLOSED_SHELL ( 'NONE', ( #5994, #3705, #387, #912, #53, #2636, #3963, #5945, #551, #369, #597, #3202, #1246, #3133 ) ) ;
#5181 = DIRECTION ( 'NONE',  ( -1.000000000000000000, -0.000000000000000000, -0.000000000000000000 ) ) ;
#5182 = EDGE_CURVE ( 'NONE', #723, #2616, #4411, .T. ) ;
#5183 = PRODUCT_DEFINITION_CONTEXT ( 'detailed design', #576, 'design' ) ;
#5184 = ORIENTED_EDGE ( 'NONE', *, *, #4472, .F. ) ;
#5185 = VECTOR ( 'NONE', #78, 1000.000000000000000 ) ;
#5186 = DIRECTION ( 'NONE',  ( -0.4999999999999943934, 0.8660254037844419273, -0.000000000000000000 ) ) ;
#5187 = CARTESIAN_POINT ( 'NONE',  ( -10.15999999999999837, 0.6599113576837527528, 4.064000000000000057 ) ) ;
#5188 = DIRECTION ( 'NONE',  ( -0.000000000000000000, -0.000000000000000000, -1.000000000000000000 ) ) ;
#5189 = EDGE_CURVE ( 'NONE', #3959, #5947, #2087, .T. ) ;
#5190 = DIRECTION ( 'NONE',  ( 0.000000000000000000, -1.000000000000000000, 0.000000000000000000 ) ) ;
#5191 = VECTOR ( 'NONE', #4215, 1000.000000000000000 ) ;
#5192 = ORIENTED_EDGE ( 'NONE', *, *, #5189, .F. ) ;
#5193 = ORIENTED_EDGE ( 'NONE', *, *, #834, .F. ) ;
#5194 = PRESENTATION_STYLE_ASSIGNMENT (( #3268 ) ) ;
#5195 = AXIS2_PLACEMENT_3D ( 'NONE', #5831, #2987, #1616 ) ;
#5196 = DIRECTION ( 'NONE',  ( -1.000000000000000000, 0.000000000000000000, 0.000000000000000000 ) ) ;
#5197 = ORIENTED_EDGE ( 'NONE', *, *, #2973, .F. ) ;
#5198 = DIRECTION ( 'NONE',  ( -0.8660254037844414832, 0.4999999999999951150, 0.000000000000000000 ) ) ;
#5199 = AXIS2_PLACEMENT_3D ( 'NONE', #2984, #3341, #5217 ) ;
#5200 = ORIENTED_EDGE ( 'NONE', *, *, #5092, .T. ) ;
#5201 = EDGE_LOOP ( 'NONE', ( #5662, #2533, #2702, #2422 ) ) ;
#5202 = AXIS2_PLACEMENT_3D ( 'NONE', #4811, #154, #2560 ) ;
#5203 = VECTOR ( 'NONE', #5513, 1000.000000000000000 ) ;
#5204 =( NAMED_UNIT ( * ) PLANE_ANGLE_UNIT ( ) SI_UNIT ( $, .RADIAN. ) );
#5205 = FACE_BOUND ( 'NONE', #3521, .T. ) ;
#5206 = EDGE_CURVE ( 'NONE', #2261, #3250, #1201, .T. ) ;
#5207 = EDGE_CURVE ( 'NONE', #2616, #5809, #5719, .T. ) ;
#5208 = DIRECTION ( 'NONE',  ( -0.000000000000000000, -0.000000000000000000, -1.000000000000000000 ) ) ;
#5209 = ORIENTED_EDGE ( 'NONE', *, *, #3034, .F. ) ;
#5210 = DIRECTION ( 'NONE',  ( 0.4999999999999945044, -0.8660254037844418162, 0.000000000000000000 ) ) ;
#5211 = VECTOR ( 'NONE', #1986, 1000.000000000000000 ) ;
#5212 = ORIENTED_EDGE ( 'NONE', *, *, #1578, .T. ) ;
#5213 = DIRECTION ( 'NONE',  ( 0.000000000000000000, -1.000000000000000000, 0.000000000000000000 ) ) ;
#5214 = DIRECTION ( 'NONE',  ( -1.000000000000000000, -0.000000000000000000, -0.000000000000000000 ) ) ;
#5215 = AXIS2_PLACEMENT_3D ( 'NONE', #4964, #812, #3627 ) ;
#5216 = CARTESIAN_POINT ( 'NONE',  ( -8.572499999999992681, 1.460500000000014786, 1.524000000000000021 ) ) ;
#5217 = DIRECTION ( 'NONE',  ( 0.000000000000000000, 0.000000000000000000, 1.000000000000000000 ) ) ;
#5218 = CARTESIAN_POINT ( 'NONE',  ( 2.159000000000002917, 3.556000000000001382, 4.064000000000000057 ) ) ;
#5219 = VERTEX_POINT ( 'NONE', #1175 ) ;
#5220 = VECTOR ( 'NONE', #2524, 1000.000000000000000 ) ;
#5221 = CARTESIAN_POINT ( 'NONE',  ( -2.539999999999996927, 2.896088642316250183, 1.524000000000000021 ) ) ;
#5222 = CARTESIAN_POINT ( 'NONE',  ( -5.079999999999997407, 2.896088642316250628, 1.524000000000000021 ) ) ;
#5223 = ADVANCED_FACE ( 'NONE', ( #745 ), #2932, .F. ) ;
#5224 = FACE_OUTER_BOUND ( 'NONE', #1754, .T. ) ;
#5225 =( GEOMETRIC_REPRESENTATION_CONTEXT ( 3 ) GLOBAL_UNCERTAINTY_ASSIGNED_CONTEXT ( ( #1405 ) ) GLOBAL_UNIT_ASSIGNED_CONTEXT ( ( #1365, #5204, #5295 ) ) REPRESENTATION_CONTEXT ( 'NONE', 'WORKASPACE' ) );
#5226 = LINE ( 'NONE', #23, #3716 ) ;
#5227 = ORIENTED_EDGE ( 'NONE', *, *, #4355, .T. ) ;
#5228 = ORIENTED_EDGE ( 'NONE', *, *, #4901, .F. ) ;
#5229 = EDGE_CURVE ( 'NONE', #1485, #1965, #246, .T. ) ;
#5230 = LINE ( 'NONE', #1114, #4121 ) ;
#5231 = LINE ( 'NONE', #2348, #349 ) ;
#5232 = ORIENTED_EDGE ( 'NONE', *, *, #380, .F. ) ;
#5233 = EDGE_CURVE ( 'NONE', #5947, #3583, #120, .T. ) ;
#5234 = CARTESIAN_POINT ( 'NONE',  ( -0.3175000000000000044, 2.095500000000001251, 3.683000000000000274 ) ) ;
#5235 = ORIENTED_EDGE ( 'NONE', *, *, #1682, .T. ) ;
#5236 = EDGE_CURVE ( 'NONE', #4855, #4017, #709, .T. ) ;
#5237 = LINE ( 'NONE', #5262, #3612 ) ;
#5238 = LINE ( 'NONE', #1069, #1216 ) ;
#5239 = ORIENTED_EDGE ( 'NONE', *, *, #2525, .T. ) ;
#5240 = DIRECTION ( 'NONE',  ( -0.000000000000000000, -0.000000000000000000, -1.000000000000000000 ) ) ;
#5241 = EDGE_LOOP ( 'NONE', ( #641, #2430, #2092, #324 ) ) ;
#5242 = DIRECTION ( 'NONE',  ( -0.000000000000000000, -0.000000000000000000, -1.000000000000000000 ) ) ;
#5243 = ADVANCED_FACE ( 'NONE', ( #2119 ), #2506, .F. ) ;
#5244 = LINE ( 'NONE', #2067, #1103 ) ;
#5245 = ORIENTED_EDGE ( 'NONE', *, *, #1238, .F. ) ;
#5246 = EDGE_CURVE ( 'NONE', #3582, #64, #4437, .T. ) ;
#5247 = FACE_OUTER_BOUND ( 'NONE', #3431, .T. ) ;
#5248 = DIRECTION ( 'NONE',  ( 0.000000000000000000, 1.000000000000000000, 0.000000000000000000 ) ) ;
#5249 = ORIENTED_EDGE ( 'NONE', *, *, #3295, .T. ) ;
#5250 = FACE_OUTER_BOUND ( 'NONE', #4512, .T. ) ;
#5251 = CARTESIAN_POINT ( 'NONE',  ( -14.85899999999999821, 1.819702678853052132E-15, 4.064000000000000057 ) ) ;
#5252 = DIRECTION ( 'NONE',  ( 0.000000000000000000, 1.000000000000000000, 0.000000000000000000 ) ) ;
#5253 = CARTESIAN_POINT ( 'NONE',  ( 0.3175000000000000044, 1.206500000000002126, 0.3174999999999996159 ) ) ;
#5254 = VERTEX_POINT ( 'NONE', #3557 ) ;
#5255 = VERTEX_POINT ( 'NONE', #5437 ) ;
#5256 = DIRECTION ( 'NONE',  ( -1.000000000000000000, 1.023454825001716575E-15, 0.000000000000000000 ) ) ;
#5257 = CARTESIAN_POINT ( 'NONE',  ( 12.31900000000000439, 0.000000000000000000, 4.064000000000000057 ) ) ;
#5258 = ADVANCED_FACE ( 'NONE', ( #3526 ), #2619, .F. ) ;
#5259 = CARTESIAN_POINT ( 'NONE',  ( 0.3175000000000000044, 0.000000000000000000, 0.000000000000000000 ) ) ;
#5260 = VERTEX_POINT ( 'NONE', #1234 ) ;
#5261 = EDGE_CURVE ( 'NONE', #4441, #2122, #1812, .T. ) ;
#5262 = CARTESIAN_POINT ( 'NONE',  ( 8.572500000000008669, 1.460500000000014786, 1.524000000000000021 ) ) ;
#5263 = EDGE_CURVE ( 'NONE', #4148, #5038, #3204, .T. ) ;
#5264 = LINE ( 'NONE', #5333, #29 ) ;
#5265 = DIRECTION ( 'NONE',  ( 1.000000000000000000, 0.000000000000000000, 0.000000000000000000 ) ) ;
#5266 = ORIENTED_EDGE ( 'NONE', *, *, #4088, .T. ) ;
#5267 = ADVANCED_FACE ( 'NONE', ( #871 ), #1292, .F. ) ;
#5268 = CARTESIAN_POINT ( 'NONE',  ( 12.31900000000000617, 3.556000000000001382, 4.064000000000000057 ) ) ;
#5269 = FACE_BOUND ( 'NONE', #5664, .T. ) ;
#5270 = VERTEX_POINT ( 'NONE', #4500 ) ;
#5271 = DIRECTION ( 'NONE',  ( -0.000000000000000000, -0.000000000000000000, -1.000000000000000000 ) ) ;
#5272 = CARTESIAN_POINT ( 'NONE',  ( -0.3175000000000000044, 2.095500000000001251, 3.683000000000000274 ) ) ;
#5273 = ORIENTED_EDGE ( 'NONE', *, *, #5654, .F. ) ;
#5274 = DIRECTION ( 'NONE',  ( 1.000000000000000000, -0.000000000000000000, -0.000000000000000000 ) ) ;
#5275 = ADVANCED_FACE ( 'NONE', ( #772 ), #2143, .T. ) ;
#5276 = FACE_OUTER_BOUND ( 'NONE', #3132, .T. ) ;
#5277 = DIRECTION ( 'NONE',  ( -0.000000000000000000, -0.000000000000000000, -1.000000000000000000 ) ) ;
#5278 = ADVANCED_FACE ( 'NONE', ( #273 ), #346, .F. ) ;
#5279 = CARTESIAN_POINT ( 'NONE',  ( -2.920999999999998042, 0.000000000000000000, 4.064000000000000057 ) ) ;
#5280 = EDGE_CURVE ( 'NONE', #2821, #298, #4462, .T. ) ;
#5281 = AXIS2_PLACEMENT_3D ( 'NONE', #5157, #2290, #468 ) ;
#5282 = EDGE_LOOP ( 'NONE', ( #824, #2815, #52, #5093 ) ) ;
#5283 = ORIENTED_EDGE ( 'NONE', *, *, #5304, .T. ) ;
#5284 =( REPRESENTATION_RELATIONSHIP ('NONE','NONE', #3108, #5978 ) REPRESENTATION_RELATIONSHIP_WITH_TRANSFORMATION ( #522 )SHAPE_REPRESENTATION_RELATIONSHIP( ) );
#5285 = DIRECTION ( 'NONE',  ( 0.000000000000000000, -1.000000000000000000, 0.000000000000000000 ) ) ;
#5286 = CARTESIAN_POINT ( 'NONE',  ( 7.620000000000003659, 0.6599113576837528639, 1.524000000000000021 ) ) ;
#5287 = VECTOR ( 'NONE', #5730, 999.9999999999998863 ) ;
#5288 = ORIENTED_EDGE ( 'NONE', *, *, #2406, .F. ) ;
#5289 = LINE ( 'NONE', #2970, #1410 ) ;
#5290 = ORIENTED_EDGE ( 'NONE', *, *, #5431, .F. ) ;
#5291 = VECTOR ( 'NONE', #5173, 1000.000000000000000 ) ;
#5292 = VECTOR ( 'NONE', #364, 1000.000000000000114 ) ;
#5293 = EDGE_CURVE ( 'NONE', #6011, #1464, #2172, .T. ) ;
#5294 = ADVANCED_FACE ( 'NONE', ( #4023 ), #4558, .T. ) ;
#5295 =( NAMED_UNIT ( * ) SI_UNIT ( $, .STERADIAN. ) SOLID_ANGLE_UNIT ( ) );
#5296 = VECTOR ( 'NONE', #3726, 1000.000000000000000 ) ;
#5297 = MECHANICAL_DESIGN_GEOMETRIC_PRESENTATION_REPRESENTATION (  '', ( #922 ), #1494 ) ;
#5298 = DIRECTION ( 'NONE',  ( -0.000000000000000000, 0.000000000000000000, -1.000000000000000000 ) ) ;
#5299 = LINE ( 'NONE', #1127, #2470 ) ;
#5300 = FACE_OUTER_BOUND ( 'NONE', #4658, .T. ) ;
#5301 = ORIENTED_EDGE ( 'NONE', *, *, #5009, .F. ) ;
#5302 = VECTOR ( 'NONE', #272, 1000.000000000000000 ) ;
#5303 = AXIS2_PLACEMENT_3D ( 'NONE', #3782, #1605, #4727 ) ;
#5304 = EDGE_CURVE ( 'NONE', #4017, #2132, #4955, .T. ) ;
#5305 = EDGE_CURVE ( 'NONE', #4673, #5778, #4080, .T. ) ;
#5306 = PLANE ( 'NONE',  #2692 ) ;
#5307 = DIRECTION ( 'NONE',  ( -1.000000000000000000, 1.023454825001716575E-15, 0.000000000000000000 ) ) ;
#5308 = VERTEX_POINT ( 'NONE', #2255 ) ;
#5309 = VECTOR ( 'NONE', #1174, 1000.000000000000000 ) ;
#5310 = DIRECTION ( 'NONE',  ( -1.000000000000000000, 0.000000000000000000, 0.000000000000000000 ) ) ;
#5311 = VECTOR ( 'NONE', #35, 1000.000000000000000 ) ;
#5312 = ORIENTED_EDGE ( 'NONE', *, *, #3156, .T. ) ;
#5313 = CARTESIAN_POINT ( 'NONE',  ( -6.667499999999993321, 1.460500000000014786, 4.064000000000000057 ) ) ;
#5314 = ORIENTED_EDGE ( 'NONE', *, *, #4750, .F. ) ;
#5315 = DIRECTION ( 'NONE',  ( 0.4999999999999945044, -0.8660254037844418162, 0.000000000000000000 ) ) ;
#5316 = VECTOR ( 'NONE', #4135, 1000.000000000000000 ) ;
#5317 = LINE ( 'NONE', #2461, #3357 ) ;
#5318 = DIRECTION ( 'NONE',  ( 0.4999999999999943934, -0.8660254037844419273, 0.000000000000000000 ) ) ;
#5319 = DIRECTION ( 'NONE',  ( 0.8660254037844419273, -0.4999999999999943934, 0.000000000000000000 ) ) ;
#5320 = VECTOR ( 'NONE', #5443, 1000.000000000000000 ) ;
#5321 = EDGE_LOOP ( 'NONE', ( #2577, #3005, #5002, #1938 ) ) ;
#5322 = VERTEX_POINT ( 'NONE', #5869 ) ;
#5323 =( NAMED_UNIT ( * ) PLANE_ANGLE_UNIT ( ) SI_UNIT ( $, .RADIAN. ) );
#5324 = DIRECTION ( 'NONE',  ( -1.000000000000000000, 2.439149994343089694E-16, -0.000000000000000000 ) ) ;
#5325 = VECTOR ( 'NONE', #5764, 1000.000000000000000 ) ;
#5326 = LINE ( 'NONE', #5352, #4866 ) ;
#5327 = EDGE_CURVE ( 'NONE', #609, #3390, #4532, .T. ) ;
#5328 = CARTESIAN_POINT ( 'NONE',  ( 13.65250000000001052, 1.460500000000014786, 4.064000000000000057 ) ) ;
#5329 = ADVANCED_FACE ( 'NONE', ( #5970 ), #1778, .F. ) ;
#5330 = ORIENTED_EDGE ( 'NONE', *, *, #3285, .T. ) ;
#5331 = MECHANICAL_DESIGN_GEOMETRIC_PRESENTATION_REPRESENTATION (  '', ( #2011 ), #5813 ) ;
#5332 = DIRECTION ( 'NONE',  ( -1.000000000000000000, 0.000000000000000000, 0.000000000000000000 ) ) ;
#5333 = CARTESIAN_POINT ( 'NONE',  ( 0.3810000000000011156, 1.819702678853052132E-15, 4.064000000000000057 ) ) ;
#5334 = ORIENTED_EDGE ( 'NONE', *, *, #5748, .T. ) ;
#5335 = LINE ( 'NONE', #3367, #3075 ) ;
#5336 = DIRECTION ( 'NONE',  ( -0.4999999999999943934, -0.8660254037844419273, -0.000000000000000000 ) ) ;
#5337 = ORIENTED_EDGE ( 'NONE', *, *, #605, .T. ) ;
#5338 = CARTESIAN_POINT ( 'NONE',  ( 10.16000000000000014, 0.000000000000000000, 1.524000000000000021 ) ) ;
#5339 = EDGE_CURVE ( 'NONE', #1559, #5052, #3177, .T. ) ;
#5340 = ORIENTED_EDGE ( 'NONE', *, *, #3733, .T. ) ;
#5341 = LINE ( 'NONE', #142, #517 ) ;
#5342 = ORIENTED_EDGE ( 'NONE', *, *, #2668, .T. ) ;
#5343 = DIRECTION ( 'NONE',  ( -0.000000000000000000, 0.000000000000000000, -1.000000000000000000 ) ) ;
#5344 = CARTESIAN_POINT ( 'NONE',  ( -7.619999999999998330, 2.896088642316250628, 4.064000000000000057 ) ) ;
#5345 = CARTESIAN_POINT ( 'NONE',  ( 7.620000000000003659, 2.896088642316250628, 1.524000000000000021 ) ) ;
#5346 = CARTESIAN_POINT ( 'NONE',  ( 0.3175000000000000044, -2.031999999999989814, -0.3175000000000003930 ) ) ;
#5347 = VERTEX_POINT ( 'NONE', #6006 ) ;
#5348 = ORIENTED_EDGE ( 'NONE', *, *, #3413, .F. ) ;
#5349 = EDGE_CURVE ( 'NONE', #1002, #2072, #934, .T. ) ;
#5350 = FACE_OUTER_BOUND ( 'NONE', #197, .T. ) ;
#5351 = CARTESIAN_POINT ( 'NONE',  ( -5.079999999999997407, 2.896088642316250183, 4.064000000000000057 ) ) ;
#5352 = CARTESIAN_POINT ( 'NONE',  ( 15.24000000000000554, 2.896088642316250183, 4.064000000000000057 ) ) ;
#5353 = DIRECTION ( 'NONE',  ( 0.000000000000000000, -0.000000000000000000, -1.000000000000000000 ) ) ;
#5354 = EDGE_LOOP ( 'NONE', ( #2798, #2687, #590, #3091 ) ) ;
#5355 = ORIENTED_EDGE ( 'NONE', *, *, #1236, .T. ) ;
#5356 = FACE_OUTER_BOUND ( 'NONE', #2877, .T. ) ;
#5357 = CARTESIAN_POINT ( 'NONE',  ( 11.43000000000001215, 1.322726650432315409E-14, 6.505213034913026604E-16 ) ) ;
#5358 = DIRECTION ( 'NONE',  ( -0.000000000000000000, -0.000000000000000000, -1.000000000000000000 ) ) ;
#5359 = ORIENTED_EDGE ( 'NONE', *, *, #122, .T. ) ;
#5360 = DIRECTION ( 'NONE',  ( -1.000000000000000000, 1.023454825001716575E-15, 0.000000000000000000 ) ) ;
#5361 = CARTESIAN_POINT ( 'NONE',  ( 1.587500000000007239, 1.460500000000014786, 4.064000000000000057 ) ) ;
#5362 = ORIENTED_EDGE ( 'NONE', *, *, #5484, .F. ) ;
#5363 = CARTESIAN_POINT ( 'NONE',  ( 12.70000000000000462, 2.896088642316250628, 4.064000000000000057 ) ) ;
#5364 = EDGE_LOOP ( 'NONE', ( #4407, #3793, #3717, #1541 ) ) ;
#5365 = LINE ( 'NONE', #1190, #4014 ) ;
#5366 = ORIENTED_EDGE ( 'NONE', *, *, #3900, .T. ) ;
#5367 = DIRECTION ( 'NONE',  ( 0.000000000000000000, 4.645999989224937887E-17, 1.000000000000000000 ) ) ;
#5368 = EDGE_CURVE ( 'NONE', #837, #3317, #4230, .T. ) ;
#5369 = FILL_AREA_STYLE_COLOUR ( '', #3452 ) ;
#5370 = CARTESIAN_POINT ( 'NONE',  ( -4.127499999999992397, 2.095500000000015017, 1.524000000000000021 ) ) ;
#5371 = FILL_AREA_STYLE ('',( #4526 ) ) ;
#5372 = ORIENTED_EDGE ( 'NONE', *, *, #3785, .T. ) ;
#5373 = ORIENTED_EDGE ( 'NONE', *, *, #5848, .F. ) ;
#5374 = CARTESIAN_POINT ( 'NONE',  ( 7.239000000000004320, 3.556000000000001382, 4.064000000000000057 ) ) ;
#5375 = DIRECTION ( 'NONE',  ( -0.000000000000000000, -0.000000000000000000, -1.000000000000000000 ) ) ;
#5376 = EDGE_CURVE ( 'NONE', #1763, #5846, #1442, .T. ) ;
#5377 = DIRECTION ( 'NONE',  ( -0.000000000000000000, -0.000000000000000000, -1.000000000000000000 ) ) ;
#5378 = VECTOR ( 'NONE', #121, 1000.000000000000000 ) ;
#5379 = DIRECTION ( 'NONE',  ( 0.000000000000000000, 1.000000000000000000, 0.000000000000000000 ) ) ;
#5380 = ORIENTED_EDGE ( 'NONE', *, *, #426, .F. ) ;
#5381 = ORIENTED_EDGE ( 'NONE', *, *, #1199, .T. ) ;
#5382 = VECTOR ( 'NONE', #5738, 1000.000000000000000 ) ;
#5383 = CARTESIAN_POINT ( 'NONE',  ( -9.778999999999999915, 3.556000000000001826, 1.524000000000000021 ) ) ;
#5384 = EDGE_CURVE ( 'NONE', #3667, #707, #83, .T. ) ;
#5385 = CARTESIAN_POINT ( 'NONE',  ( 1.270000000000008900, 1.322726650432315409E-14, 6.505213034913026604E-16 ) ) ;
#5386 = CARTESIAN_POINT ( 'NONE',  ( 0.9525000000000071188, 2.095500000000015017, 4.064000000000000057 ) ) ;
#5387 = AXIS2_PLACEMENT_3D ( 'NONE', #5944, #844, #3589 ) ;
#5388 = ORIENTED_EDGE ( 'NONE', *, *, #2081, .T. ) ;
#5389 = VECTOR ( 'NONE', #4072, 1000.000000000000000 ) ;
#5390 = VECTOR ( 'NONE', #2115, 1000.000000000000000 ) ;
#5391 = EDGE_CURVE ( 'NONE', #1262, #2503, #521, .T. ) ;
#5392 = DIRECTION ( 'NONE',  ( 0.4999999999999950595, 0.8660254037844414832, 0.000000000000000000 ) ) ;
#5393 = CARTESIAN_POINT ( 'NONE',  ( -7.238999999999998991, 1.819702678853052132E-15, 4.064000000000000057 ) ) ;
#5394 = ORIENTED_EDGE ( 'NONE', *, *, #1981, .F. ) ;
#5395 = DIRECTION ( 'NONE',  ( 0.000000000000000000, -1.000000000000000000, 0.000000000000000000 ) ) ;
#5396 = VECTOR ( 'NONE', #5699, 1000.000000000000000 ) ;
#5397 = AXIS2_PLACEMENT_3D ( 'NONE', #6050, #5113, #1856 ) ;
#5398 = ORIENTED_EDGE ( 'NONE', *, *, #3610, .F. ) ;
#5399 = CARTESIAN_POINT ( 'NONE',  ( 3.469446951953614189E-15, 2.896088642316250183, 4.064000000000000057 ) ) ;
#5400 = DIRECTION ( 'NONE',  ( -0.4999999999999943934, -0.8660254037844419273, -0.000000000000000000 ) ) ;
#5401 = VECTOR ( 'NONE', #1637, 1000.000000000000000 ) ;
#5402 = CARTESIAN_POINT ( 'NONE',  ( 5.080000000000002736, 0.6599113576837527528, 4.064000000000000057 ) ) ;
#5403 = ORIENTED_EDGE ( 'NONE', *, *, #5391, .T. ) ;
#5404 = ORIENTED_EDGE ( 'NONE', *, *, #5206, .F. ) ;
#5405 = VECTOR ( 'NONE', #3283, 1000.000000000000000 ) ;
#5406 = LINE ( 'NONE', #5908, #1800 ) ;
#5407 = DIRECTION ( 'NONE',  ( 0.4999999999999943934, -0.8660254037844419273, 0.000000000000000000 ) ) ;
#5408 = DIRECTION ( 'NONE',  ( -0.000000000000000000, -0.000000000000000000, -1.000000000000000000 ) ) ;
#5409 = AXIS2_PLACEMENT_3D ( 'NONE', #1963, #3805, #1032 ) ;
#5410 = CARTESIAN_POINT ( 'NONE',  ( -6.667499999999993321, 2.095500000000015017, 1.524000000000000021 ) ) ;
#5411 = FACE_BOUND ( 'NONE', #1426, .T. ) ;
#5412 = EDGE_CURVE ( 'NONE', #5139, #4855, #3229, .T. ) ;
#5413 = VERTEX_POINT ( 'NONE', #435 ) ;
#5414 = VERTEX_POINT ( 'NONE', #3797 ) ;
#5415 = VECTOR ( 'NONE', #863, 1000.000000000000000 ) ;
#5416 = PLANE ( 'NONE',  #2681 ) ;
#5417 = ADVANCED_FACE ( 'NONE', ( #1931 ), #3348, .F. ) ;
#5418 = CARTESIAN_POINT ( 'NONE',  ( 10.16000000000000369, 2.896088642316250183, 1.524000000000000021 ) ) ;
#5419 = VERTEX_POINT ( 'NONE', #3766 ) ;
#5420 = AXIS2_PLACEMENT_3D ( 'NONE', #1567, #665, #4360 ) ;
#5421 = DIRECTION ( 'NONE',  ( -0.8660254037844419273, -0.4999999999999943934, 0.000000000000000000 ) ) ;
#5422 = ORIENTED_EDGE ( 'NONE', *, *, #3772, .F. ) ;
#5423 = DIRECTION ( 'NONE',  ( -1.000000000000000000, 0.000000000000000000, -0.000000000000000000 ) ) ;
#5424 = CARTESIAN_POINT ( 'NONE',  ( 5.080000000000002736, 0.6599113576837527528, 1.524000000000000021 ) ) ;
#5425 = EDGE_LOOP ( 'NONE', ( #1042, #777, #5239, #2640, #4841, #3547, #2008, #5895 ) ) ;
#5426 = PLANE ( 'NONE',  #422 ) ;
#5427 = ORIENTED_EDGE ( 'NONE', *, *, #2668, .F. ) ;
#5428 = CARTESIAN_POINT ( 'NONE',  ( -9.207499999999994245, 2.095500000000015017, 1.524000000000000021 ) ) ;
#5429 = EDGE_CURVE ( 'NONE', #5658, #808, #1022, .T. ) ;
#5430 = CARTESIAN_POINT ( 'NONE',  ( 10.54100000000000392, 3.556000000000001826, 4.064000000000000057 ) ) ;
#5431 = EDGE_CURVE ( 'NONE', #2148, #3818, #5647, .T. ) ;
#5432 = CARTESIAN_POINT ( 'NONE',  ( 0.3175000000000000044, 2.095500000000001695, 9.397999999999990806 ) ) ;
#5433 = LINE ( 'NONE', #4015, #4110 ) ;
#5434 = ORIENTED_EDGE ( 'NONE', *, *, #318, .F. ) ;
#5435 = ORIENTED_EDGE ( 'NONE', *, *, #1805, .F. ) ;
#5436 = CARTESIAN_POINT ( 'NONE',  ( 4.127500000000007496, 1.460500000000014786, 1.524000000000000021 ) ) ;
#5437 = CARTESIAN_POINT ( 'NONE',  ( 6.667500000000008420, 1.460500000000014786, 4.064000000000000057 ) ) ;
#5438 = DIRECTION ( 'NONE',  ( 0.4999999999999945044, -0.8660254037844418162, 0.000000000000000000 ) ) ;
#5439 = FACE_BOUND ( 'NONE', #1923, .T. ) ;
#5440 = PLANE ( 'NONE',  #5597 ) ;
#5441 = ORIENTED_EDGE ( 'NONE', *, *, #963, .T. ) ;
#5442 = EDGE_LOOP ( 'NONE', ( #4459, #3570, #4911, #5814 ) ) ;
#5443 = DIRECTION ( 'NONE',  ( 0.000000000000000000, -1.000000000000000000, 0.000000000000000000 ) ) ;
#5444 = EDGE_CURVE ( 'NONE', #4943, #391, #3186, .T. ) ;
#5445 = CARTESIAN_POINT ( 'NONE',  ( 13.97000000000001130, 1.322726650432315409E-14, 6.505213034913026604E-16 ) ) ;
#5446 = EDGE_CURVE ( 'NONE', #3317, #5219, #1958, .T. ) ;
#5447 = DIRECTION ( 'NONE',  ( 1.000000000000000000, 0.000000000000000000, 0.000000000000000000 ) ) ;
#5448 = ORIENTED_EDGE ( 'NONE', *, *, #3361, .T. ) ;
#5449 = EDGE_LOOP ( 'NONE', ( #3406, #4794, #1149, #2049 ) ) ;
#5450 = ADVANCED_FACE ( 'NONE', ( #1901 ), #1411, .T. ) ;
#5451 = DIRECTION ( 'NONE',  ( 1.023454825001716575E-15, 1.000000000000000000, -0.000000000000000000 ) ) ;
#5452 = DIRECTION ( 'NONE',  ( 0.000000000000000000, 1.000000000000000000, 0.000000000000000000 ) ) ;
#5453 = DIRECTION ( 'NONE',  ( 0.4999999999999943934, -0.8660254037844419273, 0.000000000000000000 ) ) ;
#5454 = EDGE_CURVE ( 'NONE', #997, #4159, #4587, .T. ) ;
#5455 = ORIENTED_EDGE ( 'NONE', *, *, #4349, .T. ) ;
#5456 = CARTESIAN_POINT ( 'NONE',  ( 14.28750000000001030, 1.460500000000014786, 4.064000000000000057 ) ) ;
#5457 = VERTEX_POINT ( 'NONE', #3262 ) ;
#5458 = DIRECTION ( 'NONE',  ( 1.000000000000000000, -2.439149994343089694E-16, 0.000000000000000000 ) ) ;
#5459 = CARTESIAN_POINT ( 'NONE',  ( 15.24000000000000554, 0.6599113576837528639, 4.064000000000000057 ) ) ;
#5460 = EDGE_CURVE ( 'NONE', #1851, #4945, #4621, .T. ) ;
#5461 = DIRECTION ( 'NONE',  ( -1.000000000000000000, 2.439149994343089694E-16, -0.000000000000000000 ) ) ;
#5462 = ORIENTED_EDGE ( 'NONE', *, *, #2443, .F. ) ;
#5463 = VERTEX_POINT ( 'NONE', #5154 ) ;
#5464 = LINE ( 'NONE', #3496, #2089 ) ;
#5465 = DIRECTION ( 'NONE',  ( 0.4999999999999943934, 0.8660254037844419273, 0.000000000000000000 ) ) ;
#5466 = CARTESIAN_POINT ( 'NONE',  ( 14.28750000000001030, 1.460500000000014786, 1.524000000000000021 ) ) ;
#5467 = EDGE_CURVE ( 'NONE', #143, #3084, #4168, .T. ) ;
#5468 = LINE ( 'NONE', #3528, #5881 ) ;
#5469 = LINE ( 'NONE', #3620, #1789 ) ;
#5470 = ORIENTED_EDGE ( 'NONE', *, *, #89, .T. ) ;
#5471 = ORIENTED_EDGE ( 'NONE', *, *, #3719, .F. ) ;
#5472 = CARTESIAN_POINT ( 'NONE',  ( 3.469446951953614189E-15, 2.896088642316250183, 4.064000000000000057 ) ) ;
#5473 = CARTESIAN_POINT ( 'NONE',  ( 9.779000000000005244, 3.556000000000001382, 1.524000000000000021 ) ) ;
#5474 = VECTOR ( 'NONE', #2088, 1000.000000000000000 ) ;
#5475 = LINE ( 'NONE', #1912, #4889 ) ;
#5476 = VECTOR ( 'NONE', #2644, 1000.000000000000000 ) ;
#5477 = EDGE_LOOP ( 'NONE', ( #5144, #1224, #4172, #4546 ) ) ;
#5478 = DIRECTION ( 'NONE',  ( 0.000000000000000000, 0.000000000000000000, 1.000000000000000000 ) ) ;
#5479 = AXIS2_PLACEMENT_3D ( 'NONE', #3482, #5452, #2580 ) ;
#5480 = FACE_OUTER_BOUND ( 'NONE', #970, .T. ) ;
#5481 = CARTESIAN_POINT ( 'NONE',  ( 14.85900000000000531, 3.556000000000001382, 1.524000000000000021 ) ) ;
#5482 = ORIENTED_EDGE ( 'NONE', *, *, #2294, .T. ) ;
#5483 = CARTESIAN_POINT ( 'NONE',  ( -8.000999999999997669, 3.556000000000001382, 4.064000000000000057 ) ) ;
#5484 = EDGE_CURVE ( 'NONE', #875, #3605, #6034, .T. ) ;
#5485 = ORIENTED_EDGE ( 'NONE', *, *, #5512, .T. ) ;
#5486 = EDGE_CURVE ( 'NONE', #3533, #319, #2342, .T. ) ;
#5487 = VECTOR ( 'NONE', #860, 1000.000000000000114 ) ;
#5488 = COLOUR_RGB ( '',0.2509803921568627416, 0.2509803921568627416, 0.2509803921568627416 ) ;
#5489 = PLANE ( 'NONE',  #1602 ) ;
#5490 = DIRECTION ( 'NONE',  ( -0.000000000000000000, -0.000000000000000000, -1.000000000000000000 ) ) ;
#5491 = CARTESIAN_POINT ( 'NONE',  ( 0.3810000000000011156, 3.556000000000001826, 4.064000000000000057 ) ) ;
#5492 = AXIS2_PLACEMENT_3D ( 'NONE', #4273, #3389, #5265 ) ;
#5493 = CARTESIAN_POINT ( 'NONE',  ( 12.31900000000000439, 0.000000000000000000, 4.064000000000000057 ) ) ;
#5494 = AXIS2_PLACEMENT_3D ( 'NONE', #3101, #4070, #1642 ) ;
#5495 = UNCERTAINTY_MEASURE_WITH_UNIT (LENGTH_MEASURE( 1.000000000000000082E-05 ), #3277, 'distance_accuracy_value', 'NONE');
#5496 = VERTEX_POINT ( 'NONE', #2836 ) ;
#5497 = FACE_OUTER_BOUND ( 'NONE', #5566, .T. ) ;
#5498 = VECTOR ( 'NONE', #1850, 1000.000000000000000 ) ;
#5499 = CARTESIAN_POINT ( 'NONE',  ( -2.158999999999997588, 1.819702678853052132E-15, 4.064000000000000057 ) ) ;
#5500 = DIRECTION ( 'NONE',  ( 1.000000000000000000, -1.023454825001716575E-15, 0.000000000000000000 ) ) ;
#5501 = ADVANCED_FACE ( 'NONE', ( #19 ), #4677, .F. ) ;
#5502 = DIRECTION ( 'NONE',  ( -1.000000000000000000, -0.000000000000000000, -0.000000000000000000 ) ) ;
#5503 = VECTOR ( 'NONE', #5849, 1000.000000000000000 ) ;
#5504 = LINE ( 'NONE', #2695, #218 ) ;
#5505 = VECTOR ( 'NONE', #2727, 1000.000000000000000 ) ;
#5506 = ORIENTED_EDGE ( 'NONE', *, *, #664, .F. ) ;
#5507 = VERTEX_POINT ( 'NONE', #652 ) ;
#5508 = CARTESIAN_POINT ( 'NONE',  ( 1.734723475976807094E-15, 0.6599113576837527528, 4.064000000000000057 ) ) ;
#5509 = LINE ( 'NONE', #5036, #4223 ) ;
#5510 = VECTOR ( 'NONE', #4864, 1000.000000000000000 ) ;
#5511 = ADVANCED_FACE ( 'NONE', ( #5711 ), #4740, .T. ) ;
#5512 = EDGE_CURVE ( 'NONE', #2104, #4442, #4767, .T. ) ;
#5513 = DIRECTION ( 'NONE',  ( -0.000000000000000000, -0.000000000000000000, -1.000000000000000000 ) ) ;
#5514 = VECTOR ( 'NONE', #702, 1000.000000000000000 ) ;
#5515 = VERTEX_POINT ( 'NONE', #1530 ) ;
#5516 = DIRECTION ( 'NONE',  ( 1.000000000000000000, 0.000000000000000000, 0.000000000000000000 ) ) ;
#5517 = EDGE_CURVE ( 'NONE', #1214, #3667, #2957, .T. ) ;
#5518 = DIRECTION ( 'NONE',  ( 1.023454825001716575E-15, 1.000000000000000000, -0.000000000000000000 ) ) ;
#5519 = LINE ( 'NONE', #4637, #223 ) ;
#5520 = ORIENTED_EDGE ( 'NONE', *, *, #5533, .T. ) ;
#5521 = DIRECTION ( 'NONE',  ( -0.4999999999999943934, -0.8660254037844419273, -0.000000000000000000 ) ) ;
#5522 = ORIENTED_EDGE ( 'NONE', *, *, #4676, .T. ) ;
#5523 = CARTESIAN_POINT ( 'NONE',  ( -10.15999999999999659, 2.896088642316250183, 4.064000000000000057 ) ) ;
#5524 = DIRECTION ( 'NONE',  ( 0.1710878697460327669, 0.9702875252478150303, 0.1710878697460328224 ) ) ;
#5525 =( NAMED_UNIT ( * ) PLANE_ANGLE_UNIT ( ) SI_UNIT ( $, .RADIAN. ) );
#5526 = EDGE_CURVE ( 'NONE', #447, #2795, #5835, .T. ) ;
#5527 = CARTESIAN_POINT ( 'NONE',  ( -5.460999999999998522, 0.000000000000000000, 1.524000000000000021 ) ) ;
#5528 = SURFACE_STYLE_FILL_AREA ( #988 ) ;
#5529 = ORIENTED_EDGE ( 'NONE', *, *, #4152, .T. ) ;
#5530 = PLANE ( 'NONE',  #4599 ) ;
#5531 = DIRECTION ( 'NONE',  ( 0.000000000000000000, 1.000000000000000000, 0.000000000000000000 ) ) ;
#5532 = CARTESIAN_POINT ( 'NONE',  ( 5.080000000000002736, 2.896088642316250183, 1.524000000000000021 ) ) ;
#5533 = EDGE_CURVE ( 'NONE', #3167, #3483, #1143, .T. ) ;
#5534 = CARTESIAN_POINT ( 'NONE',  ( 13.65250000000001052, 2.095500000000015017, 4.064000000000000057 ) ) ;
#5535 = DIRECTION ( 'NONE',  ( -0.000000000000000000, -0.000000000000000000, -1.000000000000000000 ) ) ;
#5536 = ORIENTED_EDGE ( 'NONE', *, *, #1154, .F. ) ;
#5537 = EDGE_LOOP ( 'NONE', ( #243, #4938, #2905, #2205 ) ) ;
#5538 = CARTESIAN_POINT ( 'NONE',  ( -2.539999999999996927, 2.896088642316250628, 4.064000000000000057 ) ) ;
#5539 = DIRECTION ( 'NONE',  ( -0.000000000000000000, -0.000000000000000000, -1.000000000000000000 ) ) ;
#5540 = ORIENTED_EDGE ( 'NONE', *, *, #1445, .F. ) ;
#5541 = DIRECTION ( 'NONE',  ( 0.000000000000000000, 0.000000000000000000, 1.000000000000000000 ) ) ;
#5542 = DIRECTION ( 'NONE',  ( 0.000000000000000000, 0.000000000000000000, 1.000000000000000000 ) ) ;
#5543 = ORIENTED_EDGE ( 'NONE', *, *, #3377, .F. ) ;
#5544 = CARTESIAN_POINT ( 'NONE',  ( -5.079999999999997407, 2.896088642316250628, 1.524000000000000021 ) ) ;
#5545 = EDGE_LOOP ( 'NONE', ( #3208, #3554, #4341, #3779 ) ) ;
#5546 = CARTESIAN_POINT ( 'NONE',  ( 0.3175000000000000044, 2.095500000000001251, 3.683000000000000274 ) ) ;
#5547 = CARTESIAN_POINT ( 'NONE',  ( 0.3175000000000000044, 2.095500000000001695, 9.397999999999990806 ) ) ;
#5548 = LINE ( 'NONE', #2311, #4384 ) ;
#5549 = LINE ( 'NONE', #5151, #5686 ) ;
#5550 = VERTEX_POINT ( 'NONE', #177 ) ;
#5551 = EDGE_CURVE ( 'NONE', #2825, #707, #586, .T. ) ;
#5552 = EDGE_CURVE ( 'NONE', #1572, #4943, #4857, .T. ) ;
#5553 = DIRECTION ( 'NONE',  ( 0.000000000000000000, 0.9848077530122086864, -0.1736481776669272226 ) ) ;
#5554 = DIRECTION ( 'NONE',  ( 0.4999999999999945044, -0.8660254037844418162, 0.000000000000000000 ) ) ;
#5555 = CARTESIAN_POINT ( 'NONE',  ( 11.74750000000000938, 2.095500000000015017, 1.524000000000000021 ) ) ;
#5556 = DIRECTION ( 'NONE',  ( 0.1710878697460327669, -0.9702875252478150303, -0.1710878697460328224 ) ) ;
#5557 = CARTESIAN_POINT ( 'NONE',  ( 10.16000000000000369, 0.6599113576837528639, 4.064000000000000057 ) ) ;
#5558 = ORIENTED_EDGE ( 'NONE', *, *, #4022, .T. ) ;
#5559 = ORIENTED_EDGE ( 'NONE', *, *, #2312, .T. ) ;
#5560 = EDGE_CURVE ( 'NONE', #4570, #5414, #678, .T. ) ;
#5561 = EDGE_CURVE ( 'NONE', #266, #1214, #4348, .T. ) ;
#5562 = FILL_AREA_STYLE_COLOUR ( '', #3821 ) ;
#5563 = CARTESIAN_POINT ( 'NONE',  ( 14.85900000000000354, 0.000000000000000000, 4.064000000000000057 ) ) ;
#5564 = ORIENTED_EDGE ( 'NONE', *, *, #3309, .T. ) ;
#5565 = CARTESIAN_POINT ( 'NONE',  ( 0.3810000000000011156, 3.556000000000001826, 1.524000000000000021 ) ) ;
#5566 = EDGE_LOOP ( 'NONE', ( #5520, #3494, #4743, #504 ) ) ;
#5567 = VERTEX_POINT ( 'NONE', #3891 ) ;
#5568 = CARTESIAN_POINT ( 'NONE',  ( -6.032499999999992646, 1.460500000000014786, 4.064000000000000057 ) ) ;
#5569 = CARTESIAN_POINT ( 'NONE',  ( -10.15999999999999837, 2.896088642316250628, 4.064000000000000057 ) ) ;
#5570 = DIRECTION ( 'NONE',  ( 0.000000000000000000, 0.000000000000000000, -1.000000000000000000 ) ) ;
#5571 = AXIS2_PLACEMENT_3D ( 'NONE', #2596, #872, #1657 ) ;
#5572 = ORIENTED_EDGE ( 'NONE', *, *, #2360, .T. ) ;
#5573 = LINE ( 'NONE', #3760, #5783 ) ;
#5574 = ORIENTED_EDGE ( 'NONE', *, *, #4313, .T. ) ;
#5575 = DIRECTION ( 'NONE',  ( 1.000000000000000000, -2.439149994343089694E-16, 0.000000000000000000 ) ) ;
#5576 = EDGE_CURVE ( 'NONE', #5147, #367, #2046, .T. ) ;
#5577 = AXIS2_PLACEMENT_3D ( 'NONE', #3436, #703, #3892 ) ;
#5578 = FILL_AREA_STYLE_COLOUR ( '', #543 ) ;
#5579 = LINE ( 'NONE', #5120, #5773 ) ;
#5580 = EDGE_CURVE ( 'NONE', #512, #1002, #2022, .T. ) ;
#5581 =( NAMED_UNIT ( * ) PLANE_ANGLE_UNIT ( ) SI_UNIT ( $, .RADIAN. ) );
#5582 = VECTOR ( 'NONE', #4607, 1000.000000000000000 ) ;
#5583 = ORIENTED_EDGE ( 'NONE', *, *, #4649, .F. ) ;
#5584 = CARTESIAN_POINT ( 'NONE',  ( 11.74750000000000938, 1.460500000000014786, 4.064000000000000057 ) ) ;
#5585 = DIRECTION ( 'NONE',  ( 0.4999999999999943934, -0.8660254037844419273, 0.000000000000000000 ) ) ;
#5586 = VECTOR ( 'NONE', #5032, 1000.000000000000000 ) ;
#5587 = COLOUR_RGB ( '',0.2509803921568627416, 0.2509803921568627416, 0.2509803921568627416 ) ;
#5588 = LINE ( 'NONE', #4232, #4965 ) ;
#5589 = DIRECTION ( 'NONE',  ( -1.000000000000000000, -0.000000000000000000, -0.000000000000000000 ) ) ;
#5590 = ORIENTED_EDGE ( 'NONE', *, *, #2330, .F. ) ;
#5591 = EDGE_LOOP ( 'NONE', ( #2729, #188, #3165, #1289 ) ) ;
#5592 = VECTOR ( 'NONE', #885, 1000.000000000000000 ) ;
#5593 = VECTOR ( 'NONE', #2801, 1000.000000000000000 ) ;
#5594 = DIRECTION ( 'NONE',  ( -1.000000000000000000, -0.000000000000000000, -0.000000000000000000 ) ) ;
#5595 = PLANE ( 'NONE',  #642 ) ;
#5596 = EDGE_LOOP ( 'NONE', ( #2411, #4903, #3118, #4979 ) ) ;
#5597 = AXIS2_PLACEMENT_3D ( 'NONE', #1688, #306, #5353 ) ;
#5598 = EDGE_CURVE ( 'NONE', #4702, #1738, #5317, .T. ) ;
#5599 = DIRECTION ( 'NONE',  ( 0.4999999999999950595, 0.8660254037844414832, 0.000000000000000000 ) ) ;
#5600 = VERTEX_POINT ( 'NONE', #5737 ) ;
#5601 = EDGE_LOOP ( 'NONE', ( #4304, #4217, #1580, #2998 ) ) ;
#5602 = VECTOR ( 'NONE', #3890, 1000.000000000000000 ) ;
#5603 = CARTESIAN_POINT ( 'NONE',  ( 13.08100000000000485, 1.819702678853052132E-15, 4.064000000000000057 ) ) ;
#5604 = CARTESIAN_POINT ( 'NONE',  ( 0.9525000000000071188, 1.460500000000014786, 4.064000000000000057 ) ) ;
#5605 = VECTOR ( 'NONE', #4927, 1000.000000000000000 ) ;
#5606 = PLANE ( 'NONE',  #5397 ) ;
#5607 = ORIENTED_EDGE ( 'NONE', *, *, #4419, .T. ) ;
#5608 = LINE ( 'NONE', #5145, #5998 ) ;
#5609 = VERTEX_POINT ( 'NONE', #2926 ) ;
#5610 = LINE ( 'NONE', #2806, #1129 ) ;
#5611 = VECTOR ( 'NONE', #484, 1000.000000000000000 ) ;
#5612 = FILL_AREA_STYLE ('',( #5578 ) ) ;
#5613 = DIRECTION ( 'NONE',  ( 0.000000000000000000, -1.000000000000000000, 0.000000000000000000 ) ) ;
#5614 = DIRECTION ( 'NONE',  ( 0.000000000000000000, 0.000000000000000000, 1.000000000000000000 ) ) ;
#5615 = VECTOR ( 'NONE', #2356, 1000.000000000000000 ) ;
#5616 = PRODUCT_DEFINITION_CONTEXT ( 'detailed design', #1011, 'design' ) ;
#5617 = ORIENTED_EDGE ( 'NONE', *, *, #568, .F. ) ;
#5618 = EDGE_CURVE ( 'NONE', #1770, #2466, #2991, .T. ) ;
#5619 = DIRECTION ( 'NONE',  ( 0.000000000000000000, 0.000000000000000000, 1.000000000000000000 ) ) ;
#5620 = CARTESIAN_POINT ( 'NONE',  ( 0.3175000000000000044, -2.540000000000000036, -0.2279258938000999768 ) ) ;
#5621 =( GEOMETRIC_REPRESENTATION_CONTEXT ( 3 ) GLOBAL_UNCERTAINTY_ASSIGNED_CONTEXT ( ( #4672 ) ) GLOBAL_UNIT_ASSIGNED_CONTEXT ( ( #69, #129, #2939 ) ) REPRESENTATION_CONTEXT ( 'NONE', 'WORKASPACE' ) );
#5622 = PLANE ( 'NONE',  #5281 ) ;
#5623 = EDGE_CURVE ( 'NONE', #5068, #360, #1167, .T. ) ;
#5624 = LINE ( 'NONE', #1379, #1487 ) ;
#5625 = ORIENTED_EDGE ( 'NONE', *, *, #4939, .F. ) ;
#5626 = ORIENTED_EDGE ( 'NONE', *, *, #3180, .T. ) ;
#5627 = CARTESIAN_POINT ( 'NONE',  ( 2.540000000000002256, 2.896088642316250628, 4.064000000000000057 ) ) ;
#5628 = VERTEX_POINT ( 'NONE', #1082 ) ;
#5629 = DIRECTION ( 'NONE',  ( 1.000000000000000000, -2.439149994343089694E-16, 0.000000000000000000 ) ) ;
#5630 = ORIENTED_EDGE ( 'NONE', *, *, #2396, .F. ) ;
#5631 = ORIENTED_EDGE ( 'NONE', *, *, #4012, .F. ) ;
#5632 = EDGE_CURVE ( 'NONE', #3292, #1346, #2900, .T. ) ;
#5633 = EDGE_CURVE ( 'NONE', #686, #2882, #2432, .T. ) ;
#5634 = EDGE_CURVE ( 'NONE', #683, #846, #4285, .T. ) ;
#5635 = CARTESIAN_POINT ( 'NONE',  ( 0.000000000000000000, 0.000000000000000000, 0.000000000000000000 ) ) ;
#5636 = LINE ( 'NONE', #4300, #3324 ) ;
#5637 = CARTESIAN_POINT ( 'NONE',  ( 14.28750000000001030, 2.095500000000015017, 4.064000000000000057 ) ) ;
#5638 = EDGE_LOOP ( 'NONE', ( #4610, #81, #5564, #1183 ) ) ;
#5639 = CARTESIAN_POINT ( 'NONE',  ( -8.000999999999997669, 0.000000000000000000, 4.064000000000000057 ) ) ;
#5640 = ORIENTED_EDGE ( 'NONE', *, *, #5933, .F. ) ;
#5641 = ADVANCED_FACE ( 'NONE', ( #5276 ), #1105, .F. ) ;
#5642 = DIRECTION ( 'NONE',  ( -0.000000000000000000, -0.000000000000000000, -1.000000000000000000 ) ) ;
#5643 = CARTESIAN_POINT ( 'NONE',  ( 8.001000000000002998, 1.819702678853052132E-15, 1.524000000000000021 ) ) ;
#5644 =( LENGTH_UNIT ( ) NAMED_UNIT ( * ) SI_UNIT ( .MILLI., .METRE. ) );
#5645 = ORIENTED_EDGE ( 'NONE', *, *, #334, .F. ) ;
#5646 = CARTESIAN_POINT ( 'NONE',  ( 0.3175000000000000044, 4.594077002057220799E-17, -0.3175000000000001155 ) ) ;
#5647 = LINE ( 'NONE', #1497, #4321 ) ;
#5648 = CARTESIAN_POINT ( 'NONE',  ( 8.572500000000008669, 1.460500000000014786, 4.064000000000000057 ) ) ;
#5649 = DIRECTION ( 'NONE',  ( 0.8660254037844418162, 0.4999999999999945599, -0.000000000000000000 ) ) ;
#5650 = ORIENTED_EDGE ( 'NONE', *, *, #1672, .T. ) ;
#5651 = ORIENTED_EDGE ( 'NONE', *, *, #713, .T. ) ;
#5652 = FILL_AREA_STYLE ('',( #1031 ) ) ;
#5653 = CARTESIAN_POINT ( 'NONE',  ( 0.3175000000000000044, 2.005925893800101445, 9.906000000000000583 ) ) ;
#5654 = EDGE_CURVE ( 'NONE', #2072, #2825, #2163, .T. ) ;
#5655 = EDGE_LOOP ( 'NONE', ( #5651, #3965, #1450, #5059 ) ) ;
#5656 = PLANE ( 'NONE',  #3342 ) ;
#5657 = ORIENTED_EDGE ( 'NONE', *, *, #190, .T. ) ;
#5658 = VERTEX_POINT ( 'NONE', #5459 ) ;
#5659 = SHAPE_REPRESENTATION_RELATIONSHIP ( 'NONE' , 'NONE' ,  #5978, #1663 ) ;
#5660 = DIRECTION ( 'NONE',  ( 1.000000000000000000, 0.000000000000000000, 0.000000000000000000 ) ) ;
#5661 = CARTESIAN_POINT ( 'NONE',  ( -2.158999999999997588, 3.556000000000001826, 1.524000000000000021 ) ) ;
#5662 = ORIENTED_EDGE ( 'NONE', *, *, #3673, .T. ) ;
#5663 = DIRECTION ( 'NONE',  ( -0.000000000000000000, 0.000000000000000000, 1.000000000000000000 ) ) ;
#5664 = EDGE_LOOP ( 'NONE', ( #4353, #3353, #2026, #5209 ) ) ;
#5665 = EDGE_CURVE ( 'NONE', #5139, #1112, #2589, .T. ) ;
#5666 = CARTESIAN_POINT ( 'NONE',  ( 5.461000000000002075, 3.556000000000001826, 1.524000000000000021 ) ) ;
#5667 = DIRECTION ( 'NONE',  ( -0.000000000000000000, -0.000000000000000000, -1.000000000000000000 ) ) ;
#5668 = AXIS2_PLACEMENT_3D ( 'NONE', #1443, #5129, #3314 ) ;
#5669 = DIRECTION ( 'NONE',  ( -1.000000000000000000, -0.000000000000000000, -0.000000000000000000 ) ) ;
#5670 = CARTESIAN_POINT ( 'NONE',  ( 2.540000000000002256, 0.6599113576837528639, 1.524000000000000021 ) ) ;
#5671 = ADVANCED_FACE ( 'NONE', ( #4947, #4456 ), #5860, .T. ) ;
#5672 = EDGE_CURVE ( 'NONE', #817, #4717, #5021, .T. ) ;
#5673 = CARTESIAN_POINT ( 'NONE',  ( -3.492499999999992166, 1.460500000000014786, 1.524000000000000021 ) ) ;
#5674 = UNCERTAINTY_MEASURE_WITH_UNIT (LENGTH_MEASURE( 1.000000000000000082E-05 ), #2516, 'distance_accuracy_value', 'NONE');
#5675 = ORIENTED_EDGE ( 'NONE', *, *, #2691, .F. ) ;
#5676 = VECTOR ( 'NONE', #798, 1000.000000000000000 ) ;
#5677 = CARTESIAN_POINT ( 'NONE',  ( -2.920999999999996710, 3.556000000000001382, 1.524000000000000021 ) ) ;
#5678 = DIRECTION ( 'NONE',  ( 1.000000000000000000, -1.023454825001716575E-15, 0.000000000000000000 ) ) ;
#5679 = DIRECTION ( 'NONE',  ( 1.000000000000000000, -0.000000000000000000, 0.000000000000000000 ) ) ;
#5680 = DIRECTION ( 'NONE',  ( 0.000000000000000000, 1.000000000000000000, 1.446953386474714677E-16 ) ) ;
#5681 = VECTOR ( 'NONE', #478, 1000.000000000000000 ) ;
#5682 = VERTEX_POINT ( 'NONE', #4488 ) ;
#5683 = ORIENTED_EDGE ( 'NONE', *, *, #4605, .F. ) ;
#5684 = SURFACE_STYLE_USAGE ( .BOTH. , #1847 ) ;
#5685 = AXIS2_PLACEMENT_3D ( 'NONE', #2494, #2016, #4798 ) ;
#5686 = VECTOR ( 'NONE', #2284, 1000.000000000000000 ) ;
#5687 = CARTESIAN_POINT ( 'NONE',  ( -2.920999999999998042, 0.000000000000000000, 1.524000000000000021 ) ) ;
#5688 = EDGE_LOOP ( 'NONE', ( #1949, #1524, #3922, #621 ) ) ;
#5689 =( GEOMETRIC_REPRESENTATION_CONTEXT ( 3 ) GLOBAL_UNCERTAINTY_ASSIGNED_CONTEXT ( ( #1896 ) ) GLOBAL_UNIT_ASSIGNED_CONTEXT ( ( #1693, #3993, #2627 ) ) REPRESENTATION_CONTEXT ( 'NONE', 'WORKASPACE' ) );
#5690 = FACE_OUTER_BOUND ( 'NONE', #1250, .T. ) ;
#5691 = AXIS2_PLACEMENT_3D ( 'NONE', #2547, #2428, #1953 ) ;
#5692 = ORIENTED_EDGE ( 'NONE', *, *, #4180, .F. ) ;
#5693 = EDGE_CURVE ( 'NONE', #848, #4686, #3136, .T. ) ;
#5694 = AXIS2_PLACEMENT_3D ( 'NONE', #5085, #3203, #5619 ) ;
#5695 = AXIS2_PLACEMENT_3D ( 'NONE', #4542, #4632, #2761 ) ;
#5696 = DIRECTION ( 'NONE',  ( 1.023454825001716575E-15, 1.000000000000000000, -0.000000000000000000 ) ) ;
#5697 = DIRECTION ( 'NONE',  ( 1.000000000000000000, -1.023454825001716575E-15, 0.000000000000000000 ) ) ;
#5698 = ORIENTED_EDGE ( 'NONE', *, *, #1756, .T. ) ;
#5699 = DIRECTION ( 'NONE',  ( -1.000000000000000000, 2.439149994343089694E-16, -0.000000000000000000 ) ) ;
#5700 = VECTOR ( 'NONE', #734, 1000.000000000000000 ) ;
#5701 = VERTEX_POINT ( 'NONE', #4049 ) ;
#5702 = LINE ( 'NONE', #4758, #4521 ) ;
#5703 = VECTOR ( 'NONE', #5554, 1000.000000000000000 ) ;
#5704 = LINE ( 'NONE', #3883, #910 ) ;
#5705 = ORIENTED_EDGE ( 'NONE', *, *, #898, .T. ) ;
#5706 = LINE ( 'NONE', #171, #4118 ) ;
#5707 = FACE_OUTER_BOUND ( 'NONE', #2213, .T. ) ;
#5708 = EDGE_LOOP ( 'NONE', ( #1383, #663, #647, #1761 ) ) ;
#5709 = CARTESIAN_POINT ( 'NONE',  ( -2.539999999999996927, 2.896088642316250628, 4.064000000000000057 ) ) ;
#5710 = EDGE_CURVE ( 'NONE', #2424, #5167, #3550, .T. ) ;
#5711 = FACE_OUTER_BOUND ( 'NONE', #4374, .T. ) ;
#5712 = DIRECTION ( 'NONE',  ( -0.8660254037844419273, -0.4999999999999943934, 0.000000000000000000 ) ) ;
#5713 = AXIS2_PLACEMENT_3D ( 'NONE', #3571, #1276, #821 ) ;
#5714 = DIRECTION ( 'NONE',  ( 0.4999999999999943934, 0.8660254037844419273, 0.000000000000000000 ) ) ;
#5715 = EDGE_LOOP ( 'NONE', ( #4221, #185, #3592, #1191, #2339, #4827, #1241, #1180 ) ) ;
#5716 = ORIENTED_EDGE ( 'NONE', *, *, #2035, .T. ) ;
#5717 = FACE_OUTER_BOUND ( 'NONE', #1222, .T. ) ;
#5718 = AXIS2_PLACEMENT_3D ( 'NONE', #4751, #3851, #635 ) ;
#5719 = LINE ( 'NONE', #3471, #2478 ) ;
#5720 = SHAPE_REPRESENTATION ( 'PBC04SBAN_GC12', ( #247 ), #3850 ) ;
#5721 = ORIENTED_EDGE ( 'NONE', *, *, #2106, .F. ) ;
#5722 = DIRECTION ( 'NONE',  ( 0.000000000000000000, -0.000000000000000000, -1.000000000000000000 ) ) ;
#5723 = ORIENTED_EDGE ( 'NONE', *, *, #2106, .T. ) ;
#5724 = DIRECTION ( 'NONE',  ( -0.000000000000000000, -0.000000000000000000, -1.000000000000000000 ) ) ;
#5725 = DIRECTION ( 'NONE',  ( -1.000000000000000000, 1.023454825001716575E-15, 0.000000000000000000 ) ) ;
#5726 = EDGE_LOOP ( 'NONE', ( #1975, #4721, #2834, #4367 ) ) ;
#5727 = DIRECTION ( 'NONE',  ( 0.4999999999999950595, 0.8660254037844414832, 0.000000000000000000 ) ) ;
#5728 = ORIENTED_EDGE ( 'NONE', *, *, #5229, .F. ) ;
#5729 = EDGE_CURVE ( 'NONE', #1857, #2821, #5934, .T. ) ;
#5730 = DIRECTION ( 'NONE',  ( 0.1710878697460325171, 0.1710878697460329334, -0.9702875252478150303 ) ) ;
#5731 = ORIENTED_EDGE ( 'NONE', *, *, #1630, .T. ) ;
#5732 = LINE ( 'NONE', #4796, #3336 ) ;
#5733 = CARTESIAN_POINT ( 'NONE',  ( -0.9524999999999915756, 1.460500000000014786, 4.064000000000000057 ) ) ;
#5734 = EDGE_LOOP ( 'NONE', ( #5705, #4715, #1962, #2963 ) ) ;
#5736 = ADVANCED_FACE ( 'NONE', ( #1744 ), #1227, .T. ) ;
#5735 = DIRECTION ( 'NONE',  ( 0.4999999999999945044, -0.8660254037844418162, 0.000000000000000000 ) ) ;
#5737 = CARTESIAN_POINT ( 'NONE',  ( -8.572499999999992681, 2.095500000000015017, 1.524000000000000021 ) ) ;
#5738 = DIRECTION ( 'NONE',  ( -1.000000000000000000, 0.000000000000000000, 0.000000000000000000 ) ) ;
#5739 = LINE ( 'NONE', #4859, #625 ) ;
#5740 = EDGE_CURVE ( 'NONE', #2592, #3068, #1674, .T. ) ;
#5741 = EDGE_LOOP ( 'NONE', ( #5381, #1270, #5314, #2797 ) ) ;
#5742 = EDGE_LOOP ( 'NONE', ( #5769, #5471, #2658, #153 ) ) ;
#5743 = CARTESIAN_POINT ( 'NONE',  ( 3.469446951953614189E-15, 2.896088642316250183, 1.524000000000000021 ) ) ;
#5744 = CARTESIAN_POINT ( 'NONE',  ( -0.3809999999999976739, 0.000000000000000000, 1.524000000000000021 ) ) ;
#5745 = ORIENTED_EDGE ( 'NONE', *, *, #3523, .T. ) ;
#5746 = LINE ( 'NONE', #4358, #6005 ) ;
#5747 = EDGE_CURVE ( 'NONE', #990, #4357, #3078, .T. ) ;
#5748 = EDGE_CURVE ( 'NONE', #5940, #2708, #336, .T. ) ;
#5749 = EDGE_LOOP ( 'NONE', ( #856, #2320, #2116, #5830 ) ) ;
#5750 = CARTESIAN_POINT ( 'NONE',  ( 3.492500000000007709, 1.460500000000014786, 4.064000000000000057 ) ) ;
#5751 = LINE ( 'NONE', #4819, #4499 ) ;
#5752 = EDGE_CURVE ( 'NONE', #2447, #2841, #294, .T. ) ;
#5753 = LINE ( 'NONE', #2009, #20 ) ;
#5754 = ORIENTED_EDGE ( 'NONE', *, *, #5883, .F. ) ;
#5755 = CARTESIAN_POINT ( 'NONE',  ( 7.620000000000003659, 2.896088642316250628, 4.064000000000000057 ) ) ;
#5756 = FACE_OUTER_BOUND ( 'NONE', #5537, .T. ) ;
#5757 = ORIENTED_EDGE ( 'NONE', *, *, #793, .T. ) ;
#5758 = CARTESIAN_POINT ( 'NONE',  ( -2.920999999999996710, 3.556000000000001382, 4.064000000000000057 ) ) ;
#5759 = ORIENTED_EDGE ( 'NONE', *, *, #2624, .T. ) ;
#5760 = DIRECTION ( 'NONE',  ( 1.000000000000000000, 0.000000000000000000, 0.000000000000000000 ) ) ;
#5761 = VERTEX_POINT ( 'NONE', #4076 ) ;
#5762 = LINE ( 'NONE', #2925, #4699 ) ;
#5763 = VECTOR ( 'NONE', #5188, 1000.000000000000000 ) ;
#5764 = DIRECTION ( 'NONE',  ( 0.4999999999999945044, -0.8660254037844418162, 0.000000000000000000 ) ) ;
#5765 = FACE_OUTER_BOUND ( 'NONE', #3397, .T. ) ;
#5766 = CARTESIAN_POINT ( 'NONE',  ( 2.921000000000001595, 1.819702678853052132E-15, 1.524000000000000021 ) ) ;
#5767 = ADVANCED_FACE ( 'NONE', ( #2199 ), #1284, .F. ) ;
#5768 = VECTOR ( 'NONE', #262, 1000.000000000000000 ) ;
#5769 = ORIENTED_EDGE ( 'NONE', *, *, #2582, .T. ) ;
#5770 = VERTEX_POINT ( 'NONE', #1258 ) ;
#5771 = FILL_AREA_STYLE ('',( #2906 ) ) ;
#5772 = CARTESIAN_POINT ( 'NONE',  ( 8.001000000000002998, 1.819702678853052132E-15, 4.064000000000000057 ) ) ;
#5773 = VECTOR ( 'NONE', #2337, 1000.000000000000000 ) ;
#5774 = FACE_OUTER_BOUND ( 'NONE', #6018, .T. ) ;
#5775 = EDGE_CURVE ( 'NONE', #765, #1910, #5964, .T. ) ;
#5776 = CARTESIAN_POINT ( 'NONE',  ( 6.667500000000008420, 1.460500000000014786, 1.524000000000000021 ) ) ;
#5777 = MANIFOLD_SOLID_BREP ( 'LPattern1[8]', #4096 ) ;
#5778 = VERTEX_POINT ( 'NONE', #1834 ) ;
#5779 = VECTOR ( 'NONE', #368, 1000.000000000000000 ) ;
#5780 = VECTOR ( 'NONE', #953, 1000.000000000000000 ) ;
#5781 = CARTESIAN_POINT ( 'NONE',  ( 6.032500000000008633, 2.095500000000015017, 4.064000000000000057 ) ) ;
#5782 = EDGE_CURVE ( 'NONE', #5419, #3876, #3608, .T. ) ;
#5783 = VECTOR ( 'NONE', #4249, 999.9999999999998863 ) ;
#5784 = PRESENTATION_LAYER_ASSIGNMENT (  '', '', ( #922 ) ) ;
#5785 = PLANE ( 'NONE',  #5303 ) ;
#5786 = FACE_OUTER_BOUND ( 'NONE', #3807, .T. ) ;
#5787 = ORIENTED_EDGE ( 'NONE', *, *, #4724, .T. ) ;
#5788 = VECTOR ( 'NONE', #840, 1000.000000000000000 ) ;
#5789 = VECTOR ( 'NONE', #5310, 1000.000000000000000 ) ;
#5790 = MANIFOLD_SOLID_BREP ( 'LPattern1[2]', #3227 ) ;
#5791 = DIRECTION ( 'NONE',  ( -0.000000000000000000, -1.000000000000000000, -0.000000000000000000 ) ) ;
#5792 = CARTESIAN_POINT ( 'NONE',  ( 3.492500000000007709, 2.095500000000015017, 1.524000000000000021 ) ) ;
#5793 = ORIENTED_EDGE ( 'NONE', *, *, #5155, .T. ) ;
#5794 =( REPRESENTATION_RELATIONSHIP ('NONE','NONE', #3108, #5978 ) REPRESENTATION_RELATIONSHIP_WITH_TRANSFORMATION ( #2237 )SHAPE_REPRESENTATION_RELATIONSHIP( ) );
#5795 = AXIS2_PLACEMENT_3D ( 'NONE', #579, #5332, #1486 ) ;
#5796 = DIRECTION ( 'NONE',  ( 0.8660254037844418162, 0.4999999999999945599, -0.000000000000000000 ) ) ;
#5797 = VECTOR ( 'NONE', #2575, 1000.000000000000000 ) ;
#5798 = EDGE_CURVE ( 'NONE', #686, #603, #5149, .T. ) ;
#5799 = ORIENTED_EDGE ( 'NONE', *, *, #4347, .F. ) ;
#5800 = CARTESIAN_POINT ( 'NONE',  ( 13.08100000000000485, 3.556000000000001826, 4.064000000000000057 ) ) ;
#5801 = ORIENTED_EDGE ( 'NONE', *, *, #1911, .F. ) ;
#5802 = DIRECTION ( 'NONE',  ( -0.000000000000000000, -0.000000000000000000, -1.000000000000000000 ) ) ;
#5803 = AXIS2_PLACEMENT_3D ( 'NONE', #4356, #3897, #1150 ) ;
#5804 = CARTESIAN_POINT ( 'NONE',  ( -0.1692103182635460723, 1.947210318263547402, 10.23899257606885449 ) ) ;
#5805 = CARTESIAN_POINT ( 'NONE',  ( 5.080000000000002736, 0.6599113576837528639, 4.064000000000000057 ) ) ;
#5806 = FACE_OUTER_BOUND ( 'NONE', #5241, .T. ) ;
#5807 = PRESENTATION_LAYER_ASSIGNMENT (  '', '', ( #1618 ) ) ;
#5808 = ORIENTED_EDGE ( 'NONE', *, *, #3308, .F. ) ;
#5809 = VERTEX_POINT ( 'NONE', #4645 ) ;
#5810 = ADVANCED_FACE ( 'NONE', ( #4253 ), #3731, .F. ) ;
#5811 = CARTESIAN_POINT ( 'NONE',  ( 0.3175000000000000044, 2.005925893800101445, 9.906000000000000583 ) ) ;
#5812 = CARTESIAN_POINT ( 'NONE',  ( -4.127499999999992397, 1.460500000000014786, 4.064000000000000057 ) ) ;
#5813 =( GEOMETRIC_REPRESENTATION_CONTEXT ( 3 ) GLOBAL_UNCERTAINTY_ASSIGNED_CONTEXT ( ( #5674 ) ) GLOBAL_UNIT_ASSIGNED_CONTEXT ( ( #2516, #3823, #2065 ) ) REPRESENTATION_CONTEXT ( 'NONE', 'WORKASPACE' ) );
#5814 = ORIENTED_EDGE ( 'NONE', *, *, #5305, .F. ) ;
#5815 = CARTESIAN_POINT ( 'NONE',  ( 2.159000000000001140, 0.000000000000000000, 4.064000000000000057 ) ) ;
#5816 = MANIFOLD_SOLID_BREP ( 'LPattern1[6]', #701 ) ;
#5817 = ORIENTED_EDGE ( 'NONE', *, *, #3798, .T. ) ;
#5818 = AXIS2_PLACEMENT_3D ( 'NONE', #2060, #3907, #1604 ) ;
#5819 = DIRECTION ( 'NONE',  ( 0.000000000000000000, 1.000000000000000000, 0.000000000000000000 ) ) ;
#5820 = ORIENTED_EDGE ( 'NONE', *, *, #2838, .F. ) ;
#5821 = LINE ( 'NONE', #756, #2866 ) ;
#5822 = ADVANCED_FACE ( 'NONE', ( #3198 ), #5047, .F. ) ;
#5823 = EDGE_CURVE ( 'NONE', #3037, #2252, #2426, .T. ) ;
#5824 = ORIENTED_EDGE ( 'NONE', *, *, #3438, .F. ) ;
#5825 = EDGE_CURVE ( 'NONE', #1852, #2898, #2487, .T. ) ;
#5826 = CARTESIAN_POINT ( 'NONE',  ( 7.620000000000003659, 0.6599113576837527528, 4.064000000000000057 ) ) ;
#5827 = DIRECTION ( 'NONE',  ( -0.000000000000000000, 1.000000000000000000, -0.000000000000000000 ) ) ;
#5828 = ORIENTED_EDGE ( 'NONE', *, *, #4446, .F. ) ;
#5829 = FACE_OUTER_BOUND ( 'NONE', #3849, .T. ) ;
#5830 = ORIENTED_EDGE ( 'NONE', *, *, #3454, .T. ) ;
#5831 = CARTESIAN_POINT ( 'NONE',  ( -11.74749999999999162, 2.095500000000015017, 4.064000000000000057 ) ) ;
#5832 = ORIENTED_EDGE ( 'NONE', *, *, #5009, .T. ) ;
#5833 = EDGE_CURVE ( 'NONE', #3911, #4904, #2947, .T. ) ;
#5834 = CARTESIAN_POINT ( 'NONE',  ( 7.620000000000003659, 0.6599113576837527528, 4.064000000000000057 ) ) ;
#5835 = LINE ( 'NONE', #146, #3846 ) ;
#5836 = DIRECTION ( 'NONE',  ( -1.000000000000000000, 2.439149994343089694E-16, -0.000000000000000000 ) ) ;
#5837 = DIRECTION ( 'NONE',  ( 0.8660254037844419273, -0.4999999999999943934, 0.000000000000000000 ) ) ;
#5838 = EDGE_CURVE ( 'NONE', #4475, #2019, #3006, .T. ) ;
#5839 = ORIENTED_EDGE ( 'NONE', *, *, #1547, .T. ) ;
#5840 = EDGE_CURVE ( 'NONE', #2898, #5904, #1074, .T. ) ;
#5841 = ORIENTED_EDGE ( 'NONE', *, *, #3561, .F. ) ;
#5842 = DIRECTION ( 'NONE',  ( -0.000000000000000000, -0.000000000000000000, -1.000000000000000000 ) ) ;
#5843 = DIRECTION ( 'NONE',  ( 1.023454825001716575E-15, 1.000000000000000000, -0.000000000000000000 ) ) ;
#5844 = CARTESIAN_POINT ( 'NONE',  ( 13.65250000000001052, 1.460500000000014786, 4.064000000000000057 ) ) ;
#5845 = DIRECTION ( 'NONE',  ( -0.8660254037844414832, 0.4999999999999951150, 0.000000000000000000 ) ) ;
#5846 = VERTEX_POINT ( 'NONE', #77 ) ;
#5847 = ORIENTED_EDGE ( 'NONE', *, *, #2021, .F. ) ;
#5848 = EDGE_CURVE ( 'NONE', #1793, #697, #5335, .T. ) ;
#5849 = DIRECTION ( 'NONE',  ( -1.000000000000000000, -0.000000000000000000, -0.000000000000000000 ) ) ;
#5850 = DIRECTION ( 'NONE',  ( 1.000000000000000000, 0.000000000000000000, 0.000000000000000000 ) ) ;
#5851 = PLANE ( 'NONE',  #5103 ) ;
#5852 = EDGE_LOOP ( 'NONE', ( #2809, #2108, #1137, #116 ) ) ;
#5853 = CARTESIAN_POINT ( 'NONE',  ( -12.31899999999999906, 1.819702678853052132E-15, 4.064000000000000057 ) ) ;
#5854 = DIRECTION ( 'NONE',  ( 0.000000000000000000, 1.000000000000000000, 0.000000000000000000 ) ) ;
#5855 = CARTESIAN_POINT ( 'NONE',  ( -9.207499999999994245, 1.460500000000014786, 4.064000000000000057 ) ) ;
#5856 = ORIENTED_EDGE ( 'NONE', *, *, #5146, .F. ) ;
#5857 = LINE ( 'NONE', #2159, #3814 ) ;
#5858 = ORIENTED_EDGE ( 'NONE', *, *, #3568, .T. ) ;
#5859 = CARTESIAN_POINT ( 'NONE',  ( 12.70000000000000462, 0.6599113576837527528, 4.064000000000000057 ) ) ;
#5860 = PLANE ( 'NONE',  #3264 ) ;
#5861 = EDGE_CURVE ( 'NONE', #1738, #574, #5702, .T. ) ;
#5862 = DIRECTION ( 'NONE',  ( -1.000000000000000000, 0.000000000000000000, 0.000000000000000000 ) ) ;
#5863 = EDGE_CURVE ( 'NONE', #2447, #3083, #4307, .T. ) ;
#5864 = DIRECTION ( 'NONE',  ( 0.000000000000000000, 0.000000000000000000, 1.000000000000000000 ) ) ;
#5865 = EDGE_CURVE ( 'NONE', #3818, #4969, #1159, .T. ) ;
#5866 = ORIENTED_EDGE ( 'NONE', *, *, #1588, .F. ) ;
#5867 = ORIENTED_EDGE ( 'NONE', *, *, #2318, .T. ) ;
#5868 = PLANE ( 'NONE',  #1505 ) ;
#5869 = CARTESIAN_POINT ( 'NONE',  ( -12.69999999999999751, 0.6599113576837527528, 1.524000000000000021 ) ) ;
#5870 = DIRECTION ( 'NONE',  ( 0.000000000000000000, 1.000000000000000000, 0.000000000000000000 ) ) ;
#5871 = CARTESIAN_POINT ( 'NONE',  ( -2.539999999999996927, 2.896088642316250628, 1.524000000000000021 ) ) ;
#5872 = AXIS2_PLACEMENT_3D ( 'NONE', #1723, #2693, #3115 ) ;
#5873 = CARTESIAN_POINT ( 'NONE',  ( 12.31900000000000617, 3.556000000000001382, 4.064000000000000057 ) ) ;
#5874 = ORIENTED_EDGE ( 'NONE', *, *, #2306, .T. ) ;
#5875 = ORIENTED_EDGE ( 'NONE', *, *, #5058, .T. ) ;
#5876 = LINE ( 'NONE', #4539, #3052 ) ;
#5877 = VECTOR ( 'NONE', #5836, 1000.000000000000000 ) ;
#5878 = DIRECTION ( 'NONE',  ( -0.000000000000000000, -0.000000000000000000, -1.000000000000000000 ) ) ;
#5879 = DIRECTION ( 'NONE',  ( 1.000000000000000000, 0.000000000000000000, 0.000000000000000000 ) ) ;
#5880 = DIRECTION ( 'NONE',  ( 0.000000000000000000, 0.000000000000000000, -1.000000000000000000 ) ) ;
#5881 = VECTOR ( 'NONE', #2257, 1000.000000000000000 ) ;
#5882 = ORIENTED_EDGE ( 'NONE', *, *, #337, .F. ) ;
#5883 = EDGE_CURVE ( 'NONE', #4294, #447, #580, .T. ) ;
#5884 = ORIENTED_EDGE ( 'NONE', *, *, #2364, .T. ) ;
#5885 = EDGE_CURVE ( 'NONE', #990, #4185, #693, .T. ) ;
#5886 = AXIS2_PLACEMENT_3D ( 'NONE', #1331, #2404, #1816 ) ;
#5887 = VECTOR ( 'NONE', #2025, 1000.000000000000114 ) ;
#5888 = CARTESIAN_POINT ( 'NONE',  ( 3.469446951953614189E-15, 2.896088642316250183, 1.524000000000000021 ) ) ;
#5889 = LINE ( 'NONE', #1186, #4102 ) ;
#5890 = PLANE ( 'NONE',  #5894 ) ;
#5891 = ORIENTED_EDGE ( 'NONE', *, *, #4586, .T. ) ;
#5892 = CARTESIAN_POINT ( 'NONE',  ( 1.734723475976807094E-15, 2.896088642316250628, 4.064000000000000057 ) ) ;
#5893 = COLOUR_RGB ( '',0.2509803921568627416, 0.2509803921568627416, 0.2509803921568627416 ) ;
#5894 = AXIS2_PLACEMENT_3D ( 'NONE', #2608, #823, #3975 ) ;
#5895 = ORIENTED_EDGE ( 'NONE', *, *, #8, .T. ) ;
#5896 = CARTESIAN_POINT ( 'NONE',  ( -12.69999999999999751, 2.896088642316250628, 4.064000000000000057 ) ) ;
#5897 = CARTESIAN_POINT ( 'NONE',  ( 5.080000000000000071, 0.000000000000000000, 4.064000000000000057 ) ) ;
#5898 = VECTOR ( 'NONE', #5315, 1000.000000000000000 ) ;
#5899 = VECTOR ( 'NONE', #1213, 1000.000000000000000 ) ;
#5900 = DIRECTION ( 'NONE',  ( -0.4999999999999945599, 0.8660254037844418162, 0.000000000000000000 ) ) ;
#5901 = MANIFOLD_SOLID_BREP ( 'LPattern1[10]', #4289 ) ;
#5902 = FILL_AREA_STYLE_COLOUR ( '', #4299 ) ;
#5903 = ORIENTED_EDGE ( 'NONE', *, *, #3780, .T. ) ;
#5904 = VERTEX_POINT ( 'NONE', #1097 ) ;
#5905 = VECTOR ( 'NONE', #2680, 1000.000000000000000 ) ;
#5906 = ADVANCED_FACE ( 'NONE', ( #4792 ), #3914, .F. ) ;
#5907 = EDGE_CURVE ( 'NONE', #1002, #1214, #3881, .T. ) ;
#5908 = CARTESIAN_POINT ( 'NONE',  ( 10.16000000000000369, 0.6599113576837527528, 4.064000000000000057 ) ) ;
#5909 = CARTESIAN_POINT ( 'NONE',  ( -2.539999999999996927, 2.896088642316250628, 4.064000000000000057 ) ) ;
#5910 = LINE ( 'NONE', #1328, #2541 ) ;
#5911 = VECTOR ( 'NONE', #2718, 1000.000000000000000 ) ;
#5912 = CARTESIAN_POINT ( 'NONE',  ( -8.000999999999997669, 3.556000000000001382, 1.524000000000000021 ) ) ;
#5913 = CARTESIAN_POINT ( 'NONE',  ( 20.32000000000000028, 0.000000000000000000, 1.524000000000000021 ) ) ;
#5914 = ORIENTED_EDGE ( 'NONE', *, *, #3338, .F. ) ;
#5915 = ORIENTED_EDGE ( 'NONE', *, *, #5412, .F. ) ;
#5916 = DIRECTION ( 'NONE',  ( -0.000000000000000000, 0.000000000000000000, 1.000000000000000000 ) ) ;
#5917 = AXIS2_PLACEMENT_3D ( 'NONE', #372, #2137, #5996 ) ;
#5918 = FACE_OUTER_BOUND ( 'NONE', #4447, .T. ) ;
#5919 = CARTESIAN_POINT ( 'NONE',  ( 3.810000000000009379, 1.322726650432315409E-14, 6.505213034913026604E-16 ) ) ;
#5920 = ADVANCED_FACE ( 'NONE', ( #3422 ), #5306, .T. ) ;
#5921 = COLOUR_RGB ( '',0.2509803921568627416, 0.2509803921568627416, 0.2509803921568627416 ) ;
#5922 = CARTESIAN_POINT ( 'NONE',  ( 6.667500000000008420, 1.460500000000014786, 4.064000000000000057 ) ) ;
#5923 = ORIENTED_EDGE ( 'NONE', *, *, #3319, .T. ) ;
#5924 = ORIENTED_EDGE ( 'NONE', *, *, #4152, .F. ) ;
#5925 = ADVANCED_FACE ( 'NONE', ( #4068, #2673 ), #4940, .F. ) ;
#5926 = SURFACE_STYLE_USAGE ( .BOTH. , #1665 ) ;
#5927 = DIRECTION ( 'NONE',  ( 0.000000000000000000, -1.000000000000000000, 0.000000000000000000 ) ) ;
#5928 = CARTESIAN_POINT ( 'NONE',  ( -8.572499999999992681, 2.095500000000015017, 4.064000000000000057 ) ) ;
#5929 = ORIENTED_EDGE ( 'NONE', *, *, #3794, .F. ) ;
#5930 = CARTESIAN_POINT ( 'NONE',  ( -4.127499999999992397, 2.095500000000015017, 4.064000000000000057 ) ) ;
#5931 = ORIENTED_EDGE ( 'NONE', *, *, #5041, .T. ) ;
#5932 = CARTESIAN_POINT ( 'NONE',  ( 0.2279258938000995605, -2.540000000000000036, 0.3174999999999998379 ) ) ;
#5933 = EDGE_CURVE ( 'NONE', #4691, #3894, #1217, .T. ) ;
#5934 = LINE ( 'NONE', #4103, #1717 ) ;
#5935 = DIRECTION ( 'NONE',  ( -1.000000000000000000, 2.439149994343089694E-16, -0.000000000000000000 ) ) ;
#5936 = MANIFOLD_SOLID_BREP ( 'LPattern1[9]', #4476 ) ;
#5937 = DIRECTION ( 'NONE',  ( 0.4999999999999945044, -0.8660254037844418162, 0.000000000000000000 ) ) ;
#5938 = UNCERTAINTY_MEASURE_WITH_UNIT (LENGTH_MEASURE( 1.000000000000000082E-05 ), #2865, 'distance_accuracy_value', 'NONE');
#5939 = VERTEX_POINT ( 'NONE', #5826 ) ;
#5940 = VERTEX_POINT ( 'NONE', #2155 ) ;
#5941 = DIRECTION ( 'NONE',  ( 0.8660254037844418162, 0.4999999999999945599, -0.000000000000000000 ) ) ;
#5942 = CARTESIAN_POINT ( 'NONE',  ( 13.65250000000001052, 2.095500000000015017, 4.064000000000000057 ) ) ;
#5943 = DIRECTION ( 'NONE',  ( -0.000000000000000000, -0.000000000000000000, -1.000000000000000000 ) ) ;
#5944 = CARTESIAN_POINT ( 'NONE',  ( 7.620000000000000107, 0.000000000000000000, 4.064000000000000057 ) ) ;
#5945 = ADVANCED_FACE ( 'NONE', ( #787 ), #2578, .F. ) ;
#5946 = DIRECTION ( 'NONE',  ( 0.4999999999999945044, -0.8660254037844418162, 0.000000000000000000 ) ) ;
#5947 = VERTEX_POINT ( 'NONE', #1703 ) ;
#5948 = EDGE_LOOP ( 'NONE', ( #5731, #5362, #5824, #4780 ) ) ;
#5949 = LINE ( 'NONE', #4963, #4117 ) ;
#5950 = DIRECTION ( 'NONE',  ( 0.000000000000000000, -1.000000000000000000, 0.000000000000000000 ) ) ;
#5951 = DIRECTION ( 'NONE',  ( 0.000000000000000000, 0.000000000000000000, 1.000000000000000000 ) ) ;
#5952 = ADVANCED_FACE ( 'NONE', ( #2633 ), #4424, .F. ) ;
#5953 = EDGE_CURVE ( 'NONE', #4099, #1446, #1639, .T. ) ;
#5954 = CARTESIAN_POINT ( 'NONE',  ( -0.3809999999999958975, 3.556000000000001382, 4.064000000000000057 ) ) ;
#5955 = ORIENTED_EDGE ( 'NONE', *, *, #2691, .T. ) ;
#5956 = VERTEX_POINT ( 'NONE', #323 ) ;
#5957 = SURFACE_STYLE_FILL_AREA ( #2190 ) ;
#5958 = DIRECTION ( 'NONE',  ( -0.000000000000000000, -0.000000000000000000, -1.000000000000000000 ) ) ;
#5959 = LINE ( 'NONE', #3601, #3625 ) ;
#5960 = ORIENTED_EDGE ( 'NONE', *, *, #1682, .F. ) ;
#5961 = LINE ( 'NONE', #5017, #4298 ) ;
#5962 = EDGE_LOOP ( 'NONE', ( #4000, #2805, #947, #3564, #2609, #1668, #4345, #5063 ) ) ;
#5963 = DIRECTION ( 'NONE',  ( -2.439149994343089694E-16, -1.000000000000000000, 0.000000000000000000 ) ) ;
#5964 = LINE ( 'NONE', #4523, #2202 ) ;
#5965 = FACE_OUTER_BOUND ( 'NONE', #4428, .T. ) ;
#5966 = CARTESIAN_POINT ( 'NONE',  ( -14.85899999999999821, 1.819702678853052132E-15, 4.064000000000000057 ) ) ;
#5967 = ORIENTED_EDGE ( 'NONE', *, *, #4468, .F. ) ;
#5968 = ADVANCED_FACE ( 'NONE', ( #3947, #4040 ), #4970, .F. ) ;
#5969 = PLANE ( 'NONE',  #3056 ) ;
#5970 = FACE_OUTER_BOUND ( 'NONE', #292, .T. ) ;
#5971 = DIRECTION ( 'NONE',  ( -1.000000000000000000, -0.000000000000000000, -0.000000000000000000 ) ) ;
#5972 = LINE ( 'NONE', #5410, #5082 ) ;
#5973 = LINE ( 'NONE', #5673, #4109 ) ;
#5974 = ORIENTED_EDGE ( 'NONE', *, *, #5654, .T. ) ;
#5975 = ORIENTED_EDGE ( 'NONE', *, *, #2400, .T. ) ;
#5976 = FILL_AREA_STYLE_COLOUR ( '', #1697 ) ;
#5977 = PLANE ( 'NONE',  #3539 ) ;
#5978 = SHAPE_REPRESENTATION ( 'Pin - Gold and Tin_BA', ( #247 ), #5621 ) ;
#5979 = VECTOR ( 'NONE', #5971, 1000.000000000000000 ) ;
#5980 = ITEM_DEFINED_TRANSFORMATION ( 'NONE', 'NONE', #1337,  #247 ) ;
#5981 = LINE ( 'NONE', #3683, #3630 ) ;
#5982 = VECTOR ( 'NONE', #105, 1000.000000000000114 ) ;
#5983 = EDGE_LOOP ( 'NONE', ( #5820, #2782, #3316, #5355 ) ) ;
#5984 = ADVANCED_FACE ( 'NONE', ( #228, #1735 ), #2101, .T. ) ;
#5985 = DIRECTION ( 'NONE',  ( 0.000000000000000000, 0.000000000000000000, 1.000000000000000000 ) ) ;
#5986 = VECTOR ( 'NONE', #5031, 1000.000000000000000 ) ;
#5987 = CARTESIAN_POINT ( 'NONE',  ( -2.539999999999996927, 2.896088642316250628, 4.064000000000000057 ) ) ;
#5988 = CARTESIAN_POINT ( 'NONE',  ( 8.001000000000002998, 1.819702678853052132E-15, 4.064000000000000057 ) ) ;
#5989 = ORIENTED_EDGE ( 'NONE', *, *, #1033, .F. ) ;
#5990 = DIRECTION ( 'NONE',  ( -1.000000000000000000, -0.000000000000000000, -0.000000000000000000 ) ) ;
#5991 = ORIENTED_EDGE ( 'NONE', *, *, #3598, .F. ) ;
#5992 = VECTOR ( 'NONE', #1223, 1000.000000000000000 ) ;
#5993 = VECTOR ( 'NONE', #4406, 1000.000000000000000 ) ;
#5994 = ADVANCED_FACE ( 'NONE', ( #4515, #3481 ), #4878, .T. ) ;
#5995 = DIRECTION ( 'NONE',  ( -0.4999999999999943934, -0.8660254037844419273, -0.000000000000000000 ) ) ;
#5996 = DIRECTION ( 'NONE',  ( 0.000000000000000000, 0.000000000000000000, -1.000000000000000000 ) ) ;
#5997 = DIRECTION ( 'NONE',  ( 0.000000000000000000, 0.000000000000000000, -1.000000000000000000 ) ) ;
#5998 = VECTOR ( 'NONE', #74, 1000.000000000000000 ) ;
#5999 = CARTESIAN_POINT ( 'NONE',  ( 7.620000000000003659, 2.896088642316250183, 4.064000000000000057 ) ) ;
#6000 = AXIS2_PLACEMENT_3D ( 'NONE', #5081, #2781, #5614 ) ;
#6001 = UNCERTAINTY_MEASURE_WITH_UNIT (LENGTH_MEASURE( 1.000000000000000082E-05 ), #1334, 'distance_accuracy_value', 'NONE');
#6002 = ORIENTED_EDGE ( 'NONE', *, *, #1391, .F. ) ;
#6003 = DIRECTION ( 'NONE',  ( -1.000000000000000000, 0.000000000000000000, 0.000000000000000000 ) ) ;
#6004 =( GEOMETRIC_REPRESENTATION_CONTEXT ( 3 ) GLOBAL_UNCERTAINTY_ASSIGNED_CONTEXT ( ( #4188 ) ) GLOBAL_UNIT_ASSIGNED_CONTEXT ( ( #4775, #5323, #4839 ) ) REPRESENTATION_CONTEXT ( 'NONE', 'WORKASPACE' ) );
#6005 = VECTOR ( 'NONE', #1565, 1000.000000000000000 ) ;
#6006 = CARTESIAN_POINT ( 'NONE',  ( 11.11250000000000959, 2.095500000000015017, 1.524000000000000021 ) ) ;
#6007 = DIRECTION ( 'NONE',  ( 0.4999999999999950595, 0.8660254037844414832, 0.000000000000000000 ) ) ;
#6008 = CARTESIAN_POINT ( 'NONE',  ( -5.460999999999996746, 3.556000000000001382, 4.064000000000000057 ) ) ;
#6009 = VECTOR ( 'NONE', #5524, 999.9999999999998863 ) ;
#6010 = CARTESIAN_POINT ( 'NONE',  ( -10.54099999999999682, 3.556000000000001382, 1.524000000000000021 ) ) ;
#6011 = VERTEX_POINT ( 'NONE', #2732 ) ;
#6012 = ORIENTED_EDGE ( 'NONE', *, *, #1510, .F. ) ;
#6013 = CARTESIAN_POINT ( 'NONE',  ( 25.40000000000000213, 0.000000000000000000, 1.524000000000000021 ) ) ;
#6014 = CARTESIAN_POINT ( 'NONE',  ( -9.207499999999994245, 2.095500000000015017, 4.064000000000000057 ) ) ;
#6015 = VECTOR ( 'NONE', #5324, 1000.000000000000000 ) ;
#6016 = FACE_OUTER_BOUND ( 'NONE', #1844, .T. ) ;
#6017 = VECTOR ( 'NONE', #3465, 1000.000000000000000 ) ;
#6018 = EDGE_LOOP ( 'NONE', ( #3771, #2631, #2295, #545 ) ) ;
#6019 =( NAMED_UNIT ( * ) SI_UNIT ( $, .STERADIAN. ) SOLID_ANGLE_UNIT ( ) );
#6020 = PLANE ( 'NONE',  #1202 ) ;
#6021 = EDGE_CURVE ( 'NONE', #4396, #3632, #414, .T. ) ;
#6022 = CARTESIAN_POINT ( 'NONE',  ( -13.65249999999999275, 2.095500000000015017, 1.524000000000000021 ) ) ;
#6023 = EDGE_CURVE ( 'NONE', #1464, #5701, #5109, .T. ) ;
#6024 = EDGE_CURVE ( 'NONE', #1099, #2821, #2242, .T. ) ;
#6025 = VERTEX_POINT ( 'NONE', #1854 ) ;
#6026 = DIRECTION ( 'NONE',  ( -0.000000000000000000, -0.000000000000000000, -1.000000000000000000 ) ) ;
#6027 = VERTEX_POINT ( 'NONE', #2767 ) ;
#6028 = LINE ( 'NONE', #4162, #2675 ) ;
#6029 = CARTESIAN_POINT ( 'NONE',  ( 12.70000000000000462, 0.6599113576837528639, 4.064000000000000057 ) ) ;
#6030 = PLANE ( 'NONE',  #3157 ) ;
#6031 = EDGE_CURVE ( 'NONE', #5701, #5515, #4092, .T. ) ;
#6032 = ORIENTED_EDGE ( 'NONE', *, *, #1490, .T. ) ;
#6033 = FACE_OUTER_BOUND ( 'NONE', #5596, .T. ) ;
#6034 = LINE ( 'NONE', #3701, #1425 ) ;
#6035 = CARTESIAN_POINT ( 'NONE',  ( -12.31899999999999906, 1.819702678853052132E-15, 4.064000000000000057 ) ) ;
#6036 = CARTESIAN_POINT ( 'NONE',  ( -1.587499999999991696, 1.460500000000014786, 4.064000000000000057 ) ) ;
#6037 = EDGE_CURVE ( 'NONE', #2186, #2027, #1392, .T. ) ;
#6038 = LINE ( 'NONE', #351, #3518 ) ;
#6039 = ORIENTED_EDGE ( 'NONE', *, *, #190, .F. ) ;
#6040 = ORIENTED_EDGE ( 'NONE', *, *, #2484, .F. ) ;
#6041 = CARTESIAN_POINT ( 'NONE',  ( 2.921000000000001595, 3.556000000000001826, 4.064000000000000057 ) ) ;
#6042 = ORIENTED_EDGE ( 'NONE', *, *, #3295, .F. ) ;
#6043 =( REPRESENTATION_RELATIONSHIP ('NONE','NONE', #3108, #5978 ) REPRESENTATION_RELATIONSHIP_WITH_TRANSFORMATION ( #4845 )SHAPE_REPRESENTATION_RELATIONSHIP( ) );
#6044 = FACE_OUTER_BOUND ( 'NONE', #1198, .T. ) ;
#6045 = ADVANCED_FACE ( 'NONE', ( #3247 ), #880, .F. ) ;
#6046 = ORIENTED_EDGE ( 'NONE', *, *, #2971, .T. ) ;
#6047 = ORIENTED_EDGE ( 'NONE', *, *, #4087, .T. ) ;
#6048 = DIRECTION ( 'NONE',  ( 1.000000000000000000, 0.000000000000000000, 0.000000000000000000 ) ) ;
#6049 = FACE_OUTER_BOUND ( 'NONE', #4789, .T. ) ;
#6050 = CARTESIAN_POINT ( 'NONE',  ( -5.079999999999997407, 2.896088642316250628, 4.064000000000000057 ) ) ;
#6051 = ORIENTED_EDGE ( 'NONE', *, *, #4313, .F. ) ;
#6052 = CARTESIAN_POINT ( 'NONE',  ( 3.492500000000007709, 1.460500000000014786, 4.064000000000000057 ) ) ;
#6053 = VERTEX_POINT ( 'NONE', #2303 ) ;
#6054 = CARTESIAN_POINT ( 'NONE',  ( -0.3175000000000000044, 2.095500000000001251, 3.683000000000000274 ) ) ;
#6055 =( NAMED_UNIT ( * ) SI_UNIT ( $, .STERADIAN. ) SOLID_ANGLE_UNIT ( ) );
#6056 = CARTESIAN_POINT ( 'NONE',  ( 2.159000000000001140, 0.000000000000000000, 1.524000000000000021 ) ) ;
#6057 =( NAMED_UNIT ( * ) PLANE_ANGLE_UNIT ( ) SI_UNIT ( $, .RADIAN. ) );
#6058 = PRODUCT_DEFINITION_SHAPE ( 'NONE', 'NONE',  #6062 ) ;
#6059 = NEXT_ASSEMBLY_USAGE_OCCURRENCE ( 'NAUO1', ' ', ' ', #4150, #2621, $ ) ;
#6060 = NEXT_ASSEMBLY_USAGE_OCCURRENCE ( 'NAUO2', ' ', ' ', #4150, #3077, $ ) ;
#6061 = NEXT_ASSEMBLY_USAGE_OCCURRENCE ( 'NAUO3', ' ', ' ', #4150, #3077, $ ) ;
#6062 = NEXT_ASSEMBLY_USAGE_OCCURRENCE ( 'NAUO4', ' ', ' ', #4150, #3077, $ ) ;
#6063 = NEXT_ASSEMBLY_USAGE_OCCURRENCE ( 'NAUO5', ' ', ' ', #4150, #3077, $ ) ;
#6064 = NEXT_ASSEMBLY_USAGE_OCCURRENCE ( 'NAUO6', ' ', ' ', #4150, #3077, $ ) ;
#6065 = NEXT_ASSEMBLY_USAGE_OCCURRENCE ( 'NAUO7', ' ', ' ', #4150, #3077, $ ) ;
#6066 = NEXT_ASSEMBLY_USAGE_OCCURRENCE ( 'NAUO8', ' ', ' ', #4150, #3077, $ ) ;
#6067 = NEXT_ASSEMBLY_USAGE_OCCURRENCE ( 'NAUO9', ' ', ' ', #4150, #3077, $ ) ;
#6068 = NEXT_ASSEMBLY_USAGE_OCCURRENCE ( 'NAUO10', ' ', ' ', #4150, #3077, $ ) ;
#6069 = NEXT_ASSEMBLY_USAGE_OCCURRENCE ( 'NAUO11', ' ', ' ', #4150, #3077, $ ) ;
#6070 = NEXT_ASSEMBLY_USAGE_OCCURRENCE ( 'NAUO12', ' ', ' ', #4150, #3077, $ ) ;
#6071 = NEXT_ASSEMBLY_USAGE_OCCURRENCE ( 'NAUO13', ' ', ' ', #4150, #3077, $ ) ;
ENDSEC;
END-ISO-10303-21;
