ISO-10303-21;
HEADER;
FILE_DESCRIPTION (( 'STEP AP214' ),
    '1' );
FILE_NAME ('6DDC78CF-C74D-4043-82C9-DA2438B527B4.STEP',
    '2025-05-03T02:39:57',
    ( '' ),
    ( '' ),
    'SwSTEP 2.0',
    'SolidWorks 2022',
    '' );
FILE_SCHEMA (( 'AUTOMOTIVE_DESIGN' ));
ENDSEC;

DATA;
#1 = ORIENTED_EDGE ( 'NONE', *, *, #3143, .F. ) ;
#2 = SURFACE_STYLE_USAGE ( .BOTH. , #4886 ) ;
#3 = CARTESIAN_POINT ( 'NONE',  ( -1.989999999999999991, 1.989999999999999991, 0.9200000000000000400 ) ) ;
#4 = DIRECTION ( 'NONE',  ( 6.505213034913028182E-15, 1.000000000000000000, 0.0000000000000000000 ) ) ;
#5 = EDGE_LOOP ( 'NONE', ( #4589, #1005, #4694, #2059 ) ) ;
#6 = DIRECTION ( 'NONE',  ( 0.0000000000000000000, 0.0000000000000000000, -1.000000000000000000 ) ) ;
#7 = DIRECTION ( 'NONE',  ( -0.0000000000000000000, -0.0000000000000000000, -1.000000000000000000 ) ) ;
#8 = LINE ( 'NONE', #323, #1712 ) ;
#9 = PRESENTATION_LAYER_ASSIGNMENT (  '', '', ( #3770 ) ) ;
#10 = SURFACE_STYLE_FILL_AREA ( #356 ) ;
#11 = VECTOR ( 'NONE', #2023, 1000.000000000000000 ) ;
#12 = EDGE_CURVE ( 'NONE', #301, #4273, #3662, .T. ) ;
#13 = PRESENTATION_LAYER_ASSIGNMENT (  '', '', ( #3503 ) ) ;
#14 =( NAMED_UNIT ( * ) SI_UNIT ( $, .STERADIAN. ) SOLID_ANGLE_UNIT ( ) );
#15 = VERTEX_POINT ( 'NONE', #4044 ) ;
#16 = VECTOR ( 'NONE', #1358, 1000.000000000000000 ) ;
#17 = VECTOR ( 'NONE', #3969, 1000.000000000000000 ) ;
#18 = VERTEX_POINT ( 'NONE', #405 ) ;
#19 = LINE ( 'NONE', #1644, #1237 ) ;
#20 = DIRECTION ( 'NONE',  ( 1.000000000000000000, 0.0000000000000000000, 0.0000000000000000000 ) ) ;
#21 = DIRECTION ( 'NONE',  ( 9.396418828207708776E-15, 1.000000000000000000, 0.0000000000000000000 ) ) ;
#22 = EDGE_CURVE ( 'NONE', #1133, #4689, #379, .T. ) ;
#23 = CARTESIAN_POINT ( 'NONE',  ( 0.1750000000000000167, -2.000000000000000000, 0.2000000000000000111 ) ) ;
#24 = EDGE_CURVE ( 'NONE', #3389, #2285, #1634, .T. ) ;
#25 = STYLED_ITEM ( 'NONE', ( #4893 ), #3469 ) ;
#26 = STYLED_ITEM ( 'NONE', ( #315 ), #2501 ) ;
#27 = SURFACE_STYLE_FILL_AREA ( #3678 ) ;
#28 = SURFACE_SIDE_STYLE ('',( #4436 ) ) ;
#29 = EDGE_LOOP ( 'NONE', ( #4339, #2346, #2658, #1373, #1943, #759 ) ) ;
#30 =( LENGTH_UNIT ( ) NAMED_UNIT ( * ) SI_UNIT ( .MILLI., .METRE. ) );
#31 = AXIS2_PLACEMENT_3D ( 'NONE', #4141, #1698, #3711 ) ;
#32 = LINE ( 'NONE', #2474, #2511 ) ;
#33 = STYLED_ITEM ( 'NONE', ( #4302 ), #2199 ) ;
#34 = VECTOR ( 'NONE', #388, 1000.000000000000000 ) ;
#35 = SURFACE_SIDE_STYLE ('',( #425 ) ) ;
#36 = PRESENTATION_STYLE_ASSIGNMENT (( #1273 ) ) ;
#37 = ORIENTED_EDGE ( 'NONE', *, *, #4624, .T. ) ;
#38 = VECTOR ( 'NONE', #2436, 1000.000000000000000 ) ;
#39 = SURFACE_STYLE_FILL_AREA ( #4043 ) ;
#40 = SURFACE_STYLE_USAGE ( .BOTH. , #2368 ) ;
#41 = LINE ( 'NONE', #923, #4695 ) ;
#42 = ORIENTED_EDGE ( 'NONE', *, *, #606, .T. ) ;
#43 =( NAMED_UNIT ( * ) PLANE_ANGLE_UNIT ( ) SI_UNIT ( $, .RADIAN. ) );
#44 = FACE_OUTER_BOUND ( 'NONE', #1098, .T. ) ;
#45 = DIRECTION ( 'NONE',  ( -0.0000000000000000000, -0.0000000000000000000, -1.000000000000000000 ) ) ;
#46 = DIRECTION ( 'NONE',  ( 0.0000000000000000000, 0.0000000000000000000, 1.000000000000000000 ) ) ;
#47 = CARTESIAN_POINT ( 'NONE',  ( 0.8250000000000111688, 1.599999999999994316, 0.0000000000000000000 ) ) ;
#48 = VERTEX_POINT ( 'NONE', #2014 ) ;
#49 = ORIENTED_EDGE ( 'NONE', *, *, #3117, .T. ) ;
#50 = EDGE_CURVE ( 'NONE', #1605, #2660, #3257, .T. ) ;
#51 = CARTESIAN_POINT ( 'NONE',  ( -1.599999999999996092, 1.125000000000005329, 0.0000000000000000000 ) ) ;
#52 = DIRECTION ( 'NONE',  ( -1.000000000000000000, 0.0000000000000000000, -0.0000000000000000000 ) ) ;
#53 = LINE ( 'NONE', #752, #3509 ) ;
#54 = CARTESIAN_POINT ( 'NONE',  ( 1.989999999999999103, 1.989999999999999991, 0.02000000000000000042 ) ) ;
#55 = CARTESIAN_POINT ( 'NONE',  ( 1.989999999999999103, 1.989999999999999991, 0.9200000000000000400 ) ) ;
#56 = VERTEX_POINT ( 'NONE', #1708 ) ;
#57 = DIRECTION ( 'NONE',  ( 1.000000000000000000, -1.084202172485504276E-14, 0.0000000000000000000 ) ) ;
#58 = EDGE_CURVE ( 'NONE', #4751, #4570, #4507, .T. ) ;
#59 =( NAMED_UNIT ( * ) PLANE_ANGLE_UNIT ( ) SI_UNIT ( $, .RADIAN. ) );
#60 = VECTOR ( 'NONE', #851, 1000.000000000000000 ) ;
#61 = FACE_OUTER_BOUND ( 'NONE', #421, .T. ) ;
#62 = CARTESIAN_POINT ( 'NONE',  ( -1.989999999999999991, 1.989999999999999991, 0.02000000000000000042 ) ) ;
#63 =( NAMED_UNIT ( * ) SI_UNIT ( $, .STERADIAN. ) SOLID_ANGLE_UNIT ( ) );
#64 = CARTESIAN_POINT ( 'NONE',  ( 1.999999999999995337, -0.4750000000000206835, 0.2000000000000000111 ) ) ;
#65 = FILL_AREA_STYLE ('',( #3279 ) ) ;
#66 = ORIENTED_EDGE ( 'NONE', *, *, #2259, .T. ) ;
#67 = SURFACE_SIDE_STYLE ('',( #2489 ) ) ;
#68 = ORIENTED_EDGE ( 'NONE', *, *, #3397, .F. ) ;
#69 = CARTESIAN_POINT ( 'NONE',  ( -1.989999999999999991, 0.8250000000000051736, 0.1999999999999999833 ) ) ;
#70 = COLOUR_RGB ( '',0.7529411764705882248, 0.7529411764705882248, 0.7529411764705882248 ) ;
#71 = FACE_OUTER_BOUND ( 'NONE', #460, .T. ) ;
#72 = ORIENTED_EDGE ( 'NONE', *, *, #3774, .F. ) ;
#73 = STYLED_ITEM ( 'NONE', ( #4983 ), #664 ) ;
#74 = ORIENTED_EDGE ( 'NONE', *, *, #4306, .F. ) ;
#75 = LINE ( 'NONE', #2467, #3006 ) ;
#76 = DIRECTION ( 'NONE',  ( 7.047314121155780399E-15, 1.000000000000000000, 0.0000000000000000000 ) ) ;
#77 = CARTESIAN_POINT ( 'NONE',  ( 1.999999999999995337, -0.4750000000000206835, 0.0000000000000000000 ) ) ;
#78 = DIRECTION ( 'NONE',  ( -0.0000000000000000000, -0.0000000000000000000, -1.000000000000000000 ) ) ;
#79 = UNCERTAINTY_MEASURE_WITH_UNIT (LENGTH_MEASURE( 1.000000000000000082E-05 ), #927, 'distance_accuracy_value', 'NONE');
#80 = CARTESIAN_POINT ( 'NONE',  ( 1.599999999999982991, -1.990000000000033742, 0.02000000000000000042 ) ) ;
#81 = CARTESIAN_POINT ( 'NONE',  ( 0.1749999999999868050, -1.990000000000014868, 0.02000000000000000042 ) ) ;
#82 = EDGE_LOOP ( 'NONE', ( #704, #2510, #3574, #597 ) ) ;
#83 = SURFACE_STYLE_USAGE ( .BOTH. , #1647 ) ;
#84 =( GEOMETRIC_REPRESENTATION_CONTEXT ( 3 ) GLOBAL_UNCERTAINTY_ASSIGNED_CONTEXT ( ( #4923 ) ) GLOBAL_UNIT_ASSIGNED_CONTEXT ( ( #1355, #4984, #1014 ) ) REPRESENTATION_CONTEXT ( 'NONE', 'WORKASPACE' ) );
#85 = EDGE_CURVE ( 'NONE', #4437, #2446, #2432, .T. ) ;
#86 = PRESENTATION_LAYER_ASSIGNMENT (  '', '', ( #1293 ) ) ;
#87 = LINE ( 'NONE', #4623, #1426 ) ;
#88 = CARTESIAN_POINT ( 'NONE',  ( 1.350000000000000089, 1.350000000000000089, 0.0000000000000000000 ) ) ;
#89 = FILL_AREA_STYLE_COLOUR ( '', #3599 ) ;
#90 = SURFACE_SIDE_STYLE ('',( #433 ) ) ;
#91 = PRESENTATION_STYLE_ASSIGNMENT (( #3386 ) ) ;
#92 = DIRECTION ( 'NONE',  ( 0.0000000000000000000, -1.000000000000000000, 0.0000000000000000000 ) ) ;
#93 = FILL_AREA_STYLE ('',( #2992 ) ) ;
#94 = EDGE_LOOP ( 'NONE', ( #2328, #953, #3092, #3630 ) ) ;
#95 = VERTEX_POINT ( 'NONE', #345 ) ;
#96 = EDGE_LOOP ( 'NONE', ( #2779, #3217, #1831, #293 ) ) ;
#97 = DIRECTION ( 'NONE',  ( 0.0000000000000000000, 0.0000000000000000000, -1.000000000000000000 ) ) ;
#98 = FACE_OUTER_BOUND ( 'NONE', #2320, .T. ) ;
#99 = COLOUR_RGB ( '',0.7529411764705882248, 0.7529411764705882248, 0.7529411764705882248 ) ;
#100 = AXIS2_PLACEMENT_3D ( 'NONE', #3568, #5155, #1566 ) ;
#101 = DIRECTION ( 'NONE',  ( -1.000000000000000000, 2.981555974335137982E-15, 0.0000000000000000000 ) ) ;
#102 = EDGE_LOOP ( 'NONE', ( #659, #3378, #49, #3819, #5093, #1275 ) ) ;
#103 = PRESENTATION_STYLE_ASSIGNMENT (( #83 ) ) ;
#104 = SURFACE_SIDE_STYLE ('',( #129 ) ) ;
#105 = CARTESIAN_POINT ( 'NONE',  ( -1.989999999999999991, 1.989999999999999991, 0.9200000000000000400 ) ) ;
#106 = MECHANICAL_DESIGN_GEOMETRIC_PRESENTATION_REPRESENTATION (  '', ( #3335 ), #1485 ) ;
#107 = MECHANICAL_DESIGN_GEOMETRIC_PRESENTATION_REPRESENTATION (  '', ( #2313 ), #2664 ) ;
#108 = COLOUR_RGB ( '',0.7529411764705882248, 0.7529411764705882248, 0.7529411764705882248 ) ;
#109 = CARTESIAN_POINT ( 'NONE',  ( -1.550000000000000044, 1.550000000000000044, 0.8699999999999999956 ) ) ;
#110 = COLOUR_RGB ( '',0.7529411764705882248, 0.7529411764705882248, 0.7529411764705882248 ) ;
#111 = EDGE_CURVE ( 'NONE', #4680, #1105, #996, .T. ) ;
#112 = VECTOR ( 'NONE', #3319, 1000.000000000000000 ) ;
#113 = MECHANICAL_DESIGN_GEOMETRIC_PRESENTATION_REPRESENTATION (  '', ( #2407 ), #4561 ) ;
#114 = FACE_OUTER_BOUND ( 'NONE', #5014, .T. ) ;
#115 = PRESENTATION_LAYER_ASSIGNMENT (  '', '', ( #2412 ) ) ;
#116 = VECTOR ( 'NONE', #3937, 1000.000000000000000 ) ;
#117 = ADVANCED_FACE ( 'NONE', ( #758 ), #2867, .T. ) ;
#118 = EDGE_CURVE ( 'NONE', #301, #555, #895, .T. ) ;
#119 = VERTEX_POINT ( 'NONE', #1754 ) ;
#120 = DIRECTION ( 'NONE',  ( 0.0000000000000000000, 0.0000000000000000000, -1.000000000000000000 ) ) ;
#121 = VERTEX_POINT ( 'NONE', #3413 ) ;
#122 = FILL_AREA_STYLE_COLOUR ( '', #3611 ) ;
#123 = LINE ( 'NONE', #3792, #4247 ) ;
#124 = FILL_AREA_STYLE ('',( #1402 ) ) ;
#125 = DIRECTION ( 'NONE',  ( 0.0000000000000000000, 0.0000000000000000000, 1.000000000000000000 ) ) ;
#126 = ORIENTED_EDGE ( 'NONE', *, *, #2287, .F. ) ;
#127 = FILL_AREA_STYLE ('',( #1438 ) ) ;
#128 =( NAMED_UNIT ( * ) SI_UNIT ( $, .STERADIAN. ) SOLID_ANGLE_UNIT ( ) );
#129 = SURFACE_STYLE_FILL_AREA ( #3763 ) ;
#130 = LINE ( 'NONE', #4995, #2711 ) ;
#131 = UNCERTAINTY_MEASURE_WITH_UNIT (LENGTH_MEASURE( 1.000000000000000082E-05 ), #136, 'distance_accuracy_value', 'NONE');
#132 = LINE ( 'NONE', #546, #3327 ) ;
#133 = PRESENTATION_LAYER_ASSIGNMENT (  '', '', ( #294 ) ) ;
#134 = CARTESIAN_POINT ( 'NONE',  ( 0.1750000000000000167, -2.000000000000000000, 0.2000000000000000111 ) ) ;
#135 = LINE ( 'NONE', #3724, #1980 ) ;
#136 =( LENGTH_UNIT ( ) NAMED_UNIT ( * ) SI_UNIT ( .MILLI., .METRE. ) );
#137 = PRESENTATION_STYLE_ASSIGNMENT (( #2241 ) ) ;
#138 = ORIENTED_EDGE ( 'NONE', *, *, #511, .T. ) ;
#139 = DIRECTION ( 'NONE',  ( 1.000000000000000000, -3.523657060577888622E-15, 0.0000000000000000000 ) ) ;
#140 = DIRECTION ( 'NONE',  ( 5.963111948670275965E-15, 1.000000000000000000, 0.0000000000000000000 ) ) ;
#141 = EDGE_LOOP ( 'NONE', ( #3989, #246, #2414, #1029, #2595, #2173 ) ) ;
#142 = EDGE_CURVE ( 'NONE', #2466, #481, #5023, .T. ) ;
#143 = VERTEX_POINT ( 'NONE', #2191 ) ;
#144 = VERTEX_POINT ( 'NONE', #1342 ) ;
#145 = CARTESIAN_POINT ( 'NONE',  ( -1.124999999999988454, 1.600000000000008304, 0.02000000000000000042 ) ) ;
#146 = VECTOR ( 'NONE', #1013, 1000.000000000000000 ) ;
#147 = CARTESIAN_POINT ( 'NONE',  ( -1.349999999999999867, -1.350000000000000089, 0.0000000000000000000 ) ) ;
#148 = DIRECTION ( 'NONE',  ( 1.000000000000000000, 1.089650424608547042E-16, -0.0000000000000000000 ) ) ;
#149 = CARTESIAN_POINT ( 'NONE',  ( 1.989999999999999103, 1.989999999999999991, 0.1999999999999999833 ) ) ;
#150 = EDGE_CURVE ( 'NONE', #4273, #4243, #2142, .T. ) ;
#151 = LINE ( 'NONE', #883, #16 ) ;
#152 = ORIENTED_EDGE ( 'NONE', *, *, #270, .T. ) ;
#153 = EDGE_LOOP ( 'NONE', ( #5040, #503, #1476, #1719 ) ) ;
#154 = LINE ( 'NONE', #3060, #1661 ) ;
#155 = VECTOR ( 'NONE', #3190, 1000.000000000000000 ) ;
#156 = DIRECTION ( 'NONE',  ( 1.011922027653137419E-14, 1.000000000000000000, 0.0000000000000000000 ) ) ;
#157 = UNCERTAINTY_MEASURE_WITH_UNIT (LENGTH_MEASURE( 1.000000000000000082E-05 ), #571, 'distance_accuracy_value', 'NONE');
#158 = CARTESIAN_POINT ( 'NONE',  ( 1.125000000000013545, 1.989999999999999991, 0.02000000000000000042 ) ) ;
#159 = COLOUR_RGB ( '',0.7529411764705882248, 0.7529411764705882248, 0.7529411764705882248 ) ;
#160 = LINE ( 'NONE', #2518, #4546 ) ;
#161 = SURFACE_STYLE_FILL_AREA ( #4556 ) ;
#162 = EDGE_LOOP ( 'NONE', ( #1847, #3556, #4807, #3915, #2996, #630 ) ) ;
#163 = FILL_AREA_STYLE_COLOUR ( '', #2068 ) ;
#164 = SURFACE_STYLE_FILL_AREA ( #3857 ) ;
#165 = ORIENTED_EDGE ( 'NONE', *, *, #3207, .F. ) ;
#166 =( LENGTH_UNIT ( ) NAMED_UNIT ( * ) SI_UNIT ( .MILLI., .METRE. ) );
#167 = DIRECTION ( 'NONE',  ( -5.963111948670275965E-15, -1.000000000000000000, -0.0000000000000000000 ) ) ;
#168 = EDGE_CURVE ( 'NONE', #2420, #1924, #947, .T. ) ;
#169 = FILL_AREA_STYLE ('',( #603 ) ) ;
#170 = EDGE_LOOP ( 'NONE', ( #1619, #4729 ) ) ;
#171 = STYLED_ITEM ( 'NONE', ( #1205 ), #3148 ) ;
#172 = ORIENTED_EDGE ( 'NONE', *, *, #409, .T. ) ;
#173 = LINE ( 'NONE', #2230, #2835 ) ;
#174 = ADVANCED_FACE ( 'NONE', ( #4228 ), #978, .T. ) ;
#175 = UNCERTAINTY_MEASURE_WITH_UNIT (LENGTH_MEASURE( 1.000000000000000082E-05 ), #1625, 'distance_accuracy_value', 'NONE');
#176 = PRESENTATION_STYLE_ASSIGNMENT (( #2667 ) ) ;
#177 = CARTESIAN_POINT ( 'NONE',  ( -1.124999999999999778, -1.600000000000000089, 0.02000000000000000042 ) ) ;
#178 = EDGE_LOOP ( 'NONE', ( #2181, #4843, #5086, #2218, #3854, #2180 ) ) ;
#179 = CARTESIAN_POINT ( 'NONE',  ( 0.8250000000000000666, -1.600000000000000311, 0.02000000000000000042 ) ) ;
#181 = COLOUR_RGB ( '',0.7529411764705882248, 0.7529411764705882248, 0.7529411764705882248 ) ;
#180 = LINE ( 'NONE', #4674, #4646 ) ;
#182 = COLOUR_RGB ( '',0.7529411764705882248, 0.7529411764705882248, 0.7529411764705882248 ) ;
#183 = VECTOR ( 'NONE', #2688, 1000.000000000000000 ) ;
#184 = VECTOR ( 'NONE', #1058, 1000.000000000000000 ) ;
#185 = LINE ( 'NONE', #3064, #1041 ) ;
#186 = ORIENTED_EDGE ( 'NONE', *, *, #831, .F. ) ;
#187 =( NAMED_UNIT ( * ) PLANE_ANGLE_UNIT ( ) SI_UNIT ( $, .RADIAN. ) );
#188 = ORIENTED_EDGE ( 'NONE', *, *, #1977, .F. ) ;
#189 = SURFACE_SIDE_STYLE ('',( #3860 ) ) ;
#190 = VECTOR ( 'NONE', #1991, 1000.000000000000000 ) ;
#191 = PRESENTATION_STYLE_ASSIGNMENT (( #3054 ) ) ;
#192 = MECHANICAL_DESIGN_GEOMETRIC_PRESENTATION_REPRESENTATION (  '', ( #5193 ), #2925 ) ;
#193 = ORIENTED_EDGE ( 'NONE', *, *, #4682, .F. ) ;
#194 = VERTEX_POINT ( 'NONE', #1720 ) ;
#195 = CARTESIAN_POINT ( 'NONE',  ( -1.125000000000000000, -2.000000000000000000, 0.2000000000000000111 ) ) ;
#196 = SURFACE_STYLE_FILL_AREA ( #124 ) ;
#197 = COLOUR_RGB ( '',0.7529411764705882248, 0.7529411764705882248, 0.7529411764705882248 ) ;
#198 = ORIENTED_EDGE ( 'NONE', *, *, #3934, .T. ) ;
#199 = SURFACE_STYLE_USAGE ( .BOTH. , #3033 ) ;
#200 = DIRECTION ( 'NONE',  ( 2.710505431213763057E-16, -1.000000000000000000, 0.0000000000000000000 ) ) ;
#201 = LINE ( 'NONE', #943, #4998 ) ;
#202 = UNCERTAINTY_MEASURE_WITH_UNIT (LENGTH_MEASURE( 1.000000000000000082E-05 ), #3541, 'distance_accuracy_value', 'NONE');
#203 = CARTESIAN_POINT ( 'NONE',  ( -1.989999999999999991, 1.989999999999999991, 0.02000000000000000042 ) ) ;
#204 = EDGE_CURVE ( 'NONE', #3529, #2630, #464, .T. ) ;
#205 = ORIENTED_EDGE ( 'NONE', *, *, #4840, .F. ) ;
#206 = EDGE_CURVE ( 'NONE', #3453, #2971, #2879, .T. ) ;
#207 = FILL_AREA_STYLE_COLOUR ( '', #4702 ) ;
#208 = FILL_AREA_STYLE_COLOUR ( '', #1153 ) ;
#209 = CARTESIAN_POINT ( 'NONE',  ( 1.599999999999994982, -0.4750000000000165201, 0.0000000000000000000 ) ) ;
#210 = VERTEX_POINT ( 'NONE', #491 ) ;
#211 =( NAMED_UNIT ( * ) PLANE_ANGLE_UNIT ( ) SI_UNIT ( $, .RADIAN. ) );
#212 =( NAMED_UNIT ( * ) SI_UNIT ( $, .STERADIAN. ) SOLID_ANGLE_UNIT ( ) );
#213 = ORIENTED_EDGE ( 'NONE', *, *, #3840, .F. ) ;
#214 = SURFACE_SIDE_STYLE ('',( #5055 ) ) ;
#215 = ORIENTED_EDGE ( 'NONE', *, *, #484, .F. ) ;
#216 = ORIENTED_EDGE ( 'NONE', *, *, #3773, .T. ) ;
#217 = CARTESIAN_POINT ( 'NONE',  ( 1.599999999999994760, -0.4750000000000166311, 0.02000000000000000042 ) ) ;
#218 =( NAMED_UNIT ( * ) PLANE_ANGLE_UNIT ( ) SI_UNIT ( $, .RADIAN. ) );
#219 = CARTESIAN_POINT ( 'NONE',  ( 0.4749999999999999778, -2.000000000000000000, 0.2000000000000000111 ) ) ;
#220 = ORIENTED_EDGE ( 'NONE', *, *, #168, .F. ) ;
#221 =( NAMED_UNIT ( * ) SI_UNIT ( $, .STERADIAN. ) SOLID_ANGLE_UNIT ( ) );
#222 = SURFACE_STYLE_USAGE ( .BOTH. , #964 ) ;
#223 = CARTESIAN_POINT ( 'NONE',  ( 2.000000000000008882, 0.8249999999999795275, 0.2000000000000000111 ) ) ;
#224 = CARTESIAN_POINT ( 'NONE',  ( 1.599999999999991429, -0.8250000000000166089, 0.2000000000000000111 ) ) ;
#225 = EDGE_LOOP ( 'NONE', ( #3968, #4210, #1450, #5147, #3350, #5178 ) ) ;
#226 = CARTESIAN_POINT ( 'NONE',  ( -1.989999999999989999, -1.124999999999977573, 0.02000000000000000042 ) ) ;
#227 = LINE ( 'NONE', #254, #1749 ) ;
#228 = PRODUCT ( '6DDC78CF-C74D-4043-82C9-DA2438B527B4', '6DDC78CF-C74D-4043-82C9-DA2438B527B4', '', ( #514 ) ) ;
#229 = EDGE_CURVE ( 'NONE', #3532, #2441, #3656, .T. ) ;
#230 = CARTESIAN_POINT ( 'NONE',  ( 1.124999999999999778, -1.989999999999999991, 0.1999999999999999833 ) ) ;
#231 = PRESENTATION_LAYER_ASSIGNMENT (  '', '', ( #317 ) ) ;
#232 = CARTESIAN_POINT ( 'NONE',  ( 2.000000000000011546, 1.124999999999979350, 0.2000000000000000111 ) ) ;
#233 =( LENGTH_UNIT ( ) NAMED_UNIT ( * ) SI_UNIT ( .MILLI., .METRE. ) );
#234 = PRESENTATION_LAYER_ASSIGNMENT (  '', '', ( #3658 ) ) ;
#235 = EDGE_CURVE ( 'NONE', #4689, #3223, #1299, .T. ) ;
#236 = ADVANCED_FACE ( 'NONE', ( #61 ), #2007, .F. ) ;
#237 = SURFACE_SIDE_STYLE ('',( #1504 ) ) ;
#238 = EDGE_LOOP ( 'NONE', ( #2760, #2133, #985, #1428 ) ) ;
#239 = SURFACE_STYLE_FILL_AREA ( #3502 ) ;
#240 = LINE ( 'NONE', #4731, #1582 ) ;
#241 = ORIENTED_EDGE ( 'NONE', *, *, #118, .T. ) ;
#242 = DIRECTION ( 'NONE',  ( 1.000000000000000000, -4.336808689942016947E-15, 0.0000000000000000000 ) ) ;
#243 = SURFACE_STYLE_FILL_AREA ( #1067 ) ;
#244 = CARTESIAN_POINT ( 'NONE',  ( -0.1749999999999999056, -2.000000000000000000, 0.2000000000000000111 ) ) ;
#245 = DIRECTION ( 'NONE',  ( -1.000000000000000000, 3.252606517456514091E-15, 0.0000000000000000000 ) ) ;
#246 = ORIENTED_EDGE ( 'NONE', *, *, #4905, .T. ) ;
#247 =( LENGTH_UNIT ( ) NAMED_UNIT ( * ) SI_UNIT ( .MILLI., .METRE. ) );
#248 = CARTESIAN_POINT ( 'NONE',  ( 1.125000000000013767, 1.999999999999992228, 0.2000000000000000111 ) ) ;
#249 = UNCERTAINTY_MEASURE_WITH_UNIT (LENGTH_MEASURE( 1.000000000000000082E-05 ), #554, 'distance_accuracy_value', 'NONE');
#250 = LINE ( 'NONE', #3487, #886 ) ;
#251 = DIRECTION ( 'NONE',  ( -1.000000000000000000, 0.0000000000000000000, -0.0000000000000000000 ) ) ;
#252 = ORIENTED_EDGE ( 'NONE', *, *, #5098, .T. ) ;
#253 =( NAMED_UNIT ( * ) SI_UNIT ( $, .STERADIAN. ) SOLID_ANGLE_UNIT ( ) );
#254 = CARTESIAN_POINT ( 'NONE',  ( -1.124999999999986233, 1.989999999999999991, 0.9200000000000000400 ) ) ;
#255 = AXIS2_PLACEMENT_3D ( 'NONE', #287, #400, #377 ) ;
#256 = CARTESIAN_POINT ( 'NONE',  ( 1.125000000000013767, 1.989999999999999991, 0.2000000000000000111 ) ) ;
#257 = VECTOR ( 'NONE', #802, 1000.000000000000000 ) ;
#258 = AXIS2_PLACEMENT_3D ( 'NONE', #4069, #429, #833 ) ;
#259 =( NAMED_UNIT ( * ) SI_UNIT ( $, .STERADIAN. ) SOLID_ANGLE_UNIT ( ) );
#260 =( GEOMETRIC_REPRESENTATION_CONTEXT ( 3 ) GLOBAL_UNCERTAINTY_ASSIGNED_CONTEXT ( ( #2382 ) ) GLOBAL_UNIT_ASSIGNED_CONTEXT ( ( #3817, #1700, #3297 ) ) REPRESENTATION_CONTEXT ( 'NONE', 'WORKASPACE' ) );
#261 =( GEOMETRIC_REPRESENTATION_CONTEXT ( 3 ) GLOBAL_UNCERTAINTY_ASSIGNED_CONTEXT ( ( #3652 ) ) GLOBAL_UNIT_ASSIGNED_CONTEXT ( ( #3114, #3514, #221 ) ) REPRESENTATION_CONTEXT ( 'NONE', 'WORKASPACE' ) );
#262 = EDGE_CURVE ( 'NONE', #590, #2630, #4500, .T. ) ;
#263 = VECTOR ( 'NONE', #621, 1000.000000000000000 ) ;
#264 = VECTOR ( 'NONE', #4651, 1000.000000000000000 ) ;
#265 = VECTOR ( 'NONE', #4608, 1000.000000000000000 ) ;
#266 = EDGE_LOOP ( 'NONE', ( #1670, #3367, #4031, #3925 ) ) ;
#267 = SURFACE_STYLE_FILL_AREA ( #4730 ) ;
#268 = SURFACE_STYLE_FILL_AREA ( #3835 ) ;
#269 = EDGE_CURVE ( 'NONE', #3152, #4687, #395, .T. ) ;
#270 = EDGE_CURVE ( 'NONE', #5162, #4595, #2555, .T. ) ;
#271 = MECHANICAL_DESIGN_GEOMETRIC_PRESENTATION_REPRESENTATION (  '', ( #2399 ), #4789 ) ;
#272 = COLOUR_RGB ( '',0.7529411764705882248, 0.7529411764705882248, 0.7529411764705882248 ) ;
#273 = DIRECTION ( 'NONE',  ( 4.336808689942017736E-15, 1.000000000000000000, 0.0000000000000000000 ) ) ;
#274 = CARTESIAN_POINT ( 'NONE',  ( -1.124999999999988676, 1.600000000000007860, 0.2000000000000000111 ) ) ;
#275 = ORIENTED_EDGE ( 'NONE', *, *, #3041, .T. ) ;
#276 = FILL_AREA_STYLE ('',( #3950 ) ) ;
#277 = VECTOR ( 'NONE', #3075, 1000.000000000000000 ) ;
#278 = COLOUR_RGB ( '',0.7529411764705882248, 0.7529411764705882248, 0.7529411764705882248 ) ;
#279 = DIRECTION ( 'NONE',  ( 1.000000000000000000, -3.523657060577888622E-15, 0.0000000000000000000 ) ) ;
#280 = UNCERTAINTY_MEASURE_WITH_UNIT (LENGTH_MEASURE( 1.000000000000000082E-05 ), #2013, 'distance_accuracy_value', 'NONE');
#281 = CARTESIAN_POINT ( 'NONE',  ( -0.8249999999999861888, 2.000000000000005773, 0.2000000000000000111 ) ) ;
#282 = ORIENTED_EDGE ( 'NONE', *, *, #2143, .F. ) ;
#283 = SURFACE_STYLE_USAGE ( .BOTH. , #4847 ) ;
#284 = DIRECTION ( 'NONE',  ( 1.000000000000000000, 0.0000000000000000000, 0.0000000000000000000 ) ) ;
#285 = CARTESIAN_POINT ( 'NONE',  ( 2.000000000000004885, 0.4749999999999792721, 0.2000000000000000111 ) ) ;
#286 = DIRECTION ( 'NONE',  ( 0.0000000000000000000, 0.0000000000000000000, -1.000000000000000000 ) ) ;
#287 = CARTESIAN_POINT ( 'NONE',  ( 1.350000000000000089, 1.350000000000000089, 0.05000000000000000278 ) ) ;
#288 = SURFACE_SIDE_STYLE ('',( #2721 ) ) ;
#289 = ORIENTED_EDGE ( 'NONE', *, *, #3296, .F. ) ;
#290 = DIRECTION ( 'NONE',  ( -1.000000000000000000, 3.614007241618348376E-15, 0.0000000000000000000 ) ) ;
#291 = VERTEX_POINT ( 'NONE', #3821 ) ;
#292 = SURFACE_SIDE_STYLE ('',( #1142 ) ) ;
#293 = ORIENTED_EDGE ( 'NONE', *, *, #4100, .T. ) ;
#294 = STYLED_ITEM ( 'NONE', ( #1987 ), #117 ) ;
#295 = SURFACE_SIDE_STYLE ('',( #4782 ) ) ;
#296 = LINE ( 'NONE', #1146, #3050 ) ;
#297 = DIRECTION ( 'NONE',  ( -0.0000000000000000000, -0.0000000000000000000, -1.000000000000000000 ) ) ;
#298 = EDGE_CURVE ( 'NONE', #5067, #1696, #942, .T. ) ;
#299 = LINE ( 'NONE', #3565, #4379 ) ;
#300 =( GEOMETRIC_REPRESENTATION_CONTEXT ( 3 ) GLOBAL_UNCERTAINTY_ASSIGNED_CONTEXT ( ( #175 ) ) GLOBAL_UNIT_ASSIGNED_CONTEXT ( ( #1625, #1336, #423 ) ) REPRESENTATION_CONTEXT ( 'NONE', 'WORKASPACE' ) );
#301 = VERTEX_POINT ( 'NONE', #3404 ) ;
#302 =( LENGTH_UNIT ( ) NAMED_UNIT ( * ) SI_UNIT ( .MILLI., .METRE. ) );
#303 = ADVANCED_FACE ( 'NONE', ( #5061 ), #1462, .F. ) ;
#304 = UNCERTAINTY_MEASURE_WITH_UNIT (LENGTH_MEASURE( 1.000000000000000082E-05 ), #1022, 'distance_accuracy_value', 'NONE');
#305 = ADVANCED_FACE ( 'NONE', ( #2737 ), #1540, .F. ) ;
#306 = FILL_AREA_STYLE ('',( #4496 ) ) ;
#307 = ORIENTED_EDGE ( 'NONE', *, *, #945, .T. ) ;
#308 = SURFACE_STYLE_FILL_AREA ( #2746 ) ;
#309 = VECTOR ( 'NONE', #2079, 1000.000000000000000 ) ;
#310 = CARTESIAN_POINT ( 'NONE',  ( -1.989999999999999547, -0.4749999999999945377, 0.1999999999999999833 ) ) ;
#311 = STYLED_ITEM ( 'NONE', ( #4294 ), #770 ) ;
#312 = CARTESIAN_POINT ( 'NONE',  ( -0.8249999999999999556, -1.600000000000000089, 0.02000000000000000042 ) ) ;
#313 = SURFACE_STYLE_FILL_AREA ( #1629 ) ;
#314 = ORIENTED_EDGE ( 'NONE', *, *, #2979, .F. ) ;
#315 = PRESENTATION_STYLE_ASSIGNMENT (( #3986 ) ) ;
#316 = ORIENTED_EDGE ( 'NONE', *, *, #3739, .T. ) ;
#317 = STYLED_ITEM ( 'NONE', ( #1176 ), #1168 ) ;
#318 = DIRECTION ( 'NONE',  ( 0.0000000000000000000, -1.000000000000000000, 0.0000000000000000000 ) ) ;
#319 = ORIENTED_EDGE ( 'NONE', *, *, #1477, .F. ) ;
#320 = SURFACE_STYLE_USAGE ( .BOTH. , #3991 ) ;
#321 = VERTEX_POINT ( 'NONE', #3166 ) ;
#322 = DIRECTION ( 'NONE',  ( -1.011922027653137577E-14, -1.000000000000000000, 0.0000000000000000000 ) ) ;
#323 = CARTESIAN_POINT ( 'NONE',  ( 0.1750000000000111744, 1.599999999999998535, 0.2000000000000000111 ) ) ;
#324 = LINE ( 'NONE', #5183, #3232 ) ;
#325 = CARTESIAN_POINT ( 'NONE',  ( 1.125000000000011102, 1.599999999999992317, 0.2000000000000000111 ) ) ;
#326 =( GEOMETRIC_REPRESENTATION_CONTEXT ( 3 ) GLOBAL_UNCERTAINTY_ASSIGNED_CONTEXT ( ( #2905 ) ) GLOBAL_UNIT_ASSIGNED_CONTEXT ( ( #5076, #2682, #1512 ) ) REPRESENTATION_CONTEXT ( 'NONE', 'WORKASPACE' ) );
#327 = CARTESIAN_POINT ( 'NONE',  ( -1.599999999999999201, 0.1750000000000053735, 0.0000000000000000000 ) ) ;
#328 = SURFACE_SIDE_STYLE ('',( #2042 ) ) ;
#329 = ORIENTED_EDGE ( 'NONE', *, *, #1846, .T. ) ;
#330 = EDGE_CURVE ( 'NONE', #1162, #3542, #2334, .T. ) ;
#331 = CARTESIAN_POINT ( 'NONE',  ( -1.999999999999996225, 1.125000000000006661, 0.2000000000000000111 ) ) ;
#332 = CARTESIAN_POINT ( 'NONE',  ( 0.8250000000000001776, -2.000000000000000000, 0.2000000000000000111 ) ) ;
#333 = UNCERTAINTY_MEASURE_WITH_UNIT (LENGTH_MEASURE( 1.000000000000000082E-05 ), #3375, 'distance_accuracy_value', 'NONE');
#334 = DIRECTION ( 'NONE',  ( -1.000000000000000000, 0.0000000000000000000, -0.0000000000000000000 ) ) ;
#335 = ORIENTED_EDGE ( 'NONE', *, *, #4403, .T. ) ;
#336 = EDGE_CURVE ( 'NONE', #5067, #4663, #1601, .T. ) ;
#337 = CARTESIAN_POINT ( 'NONE',  ( 1.600000000000001865, 0.1749999999999835021, 0.0000000000000000000 ) ) ;
#338 = MECHANICAL_DESIGN_GEOMETRIC_PRESENTATION_REPRESENTATION (  '', ( #3592 ), #2140 ) ;
#339 = SURFACE_STYLE_USAGE ( .BOTH. , #4010 ) ;
#340 = EDGE_LOOP ( 'NONE', ( #2033, #3113, #172, #4022, #2532, #3180 ) ) ;
#341 = PLANE ( 'NONE',  #360 ) ;
#342 = VECTOR ( 'NONE', #4671, 1000.000000000000000 ) ;
#343 = PRESENTATION_LAYER_ASSIGNMENT (  '', '', ( #5019 ) ) ;
#344 = DIRECTION ( 'NONE',  ( 1.011922027653137419E-14, 1.000000000000000000, 0.0000000000000000000 ) ) ;
#345 = CARTESIAN_POINT ( 'NONE',  ( 1.989999999999999103, 1.124999999999983125, 0.1999999999999999833 ) ) ;
#346 = VECTOR ( 'NONE', #4153, 1000.000000000000000 ) ;
#347 = STYLED_ITEM ( 'NONE', ( #1515 ), #3370 ) ;
#348 = PRESENTATION_LAYER_ASSIGNMENT (  '', '', ( #2223 ) ) ;
#349 = FILL_AREA_STYLE_COLOUR ( '', #4858 ) ;
#350 = EDGE_LOOP ( 'NONE', ( #1650, #4444 ) ) ;
#351 = LINE ( 'NONE', #3235, #783 ) ;
#352 = CARTESIAN_POINT ( 'NONE',  ( -1.989999999999999991, 1.989999999999999991, 0.02000000000000000042 ) ) ;
#353 = STYLED_ITEM ( 'NONE', ( #2139 ), #4134 ) ;
#354 = COLOUR_RGB ( '',0.7529411764705882248, 0.7529411764705882248, 0.7529411764705882248 ) ;
#355 = DIRECTION ( 'NONE',  ( 1.000000000000000000, 0.0000000000000000000, 0.0000000000000000000 ) ) ;
#356 = FILL_AREA_STYLE ('',( #1665 ) ) ;
#357 = CARTESIAN_POINT ( 'NONE',  ( -1.599999999999996092, 1.125000000000005329, 0.2000000000000000111 ) ) ;
#358 =( GEOMETRIC_REPRESENTATION_CONTEXT ( 3 ) GLOBAL_UNCERTAINTY_ASSIGNED_CONTEXT ( ( #2883 ) ) GLOBAL_UNIT_ASSIGNED_CONTEXT ( ( #30, #4596, #850 ) ) REPRESENTATION_CONTEXT ( 'NONE', 'WORKASPACE' ) );
#359 =( LENGTH_UNIT ( ) NAMED_UNIT ( * ) SI_UNIT ( .MILLI., .METRE. ) );
#360 = AXIS2_PLACEMENT_3D ( 'NONE', #224, #643, #3061 ) ;
#361 = AXIS2_PLACEMENT_3D ( 'NONE', #1739, #3355, #1356 ) ;
#362 = CARTESIAN_POINT ( 'NONE',  ( -1.124999999999988676, 1.600000000000007860, 0.2000000000000000111 ) ) ;
#363 = VERTEX_POINT ( 'NONE', #3485 ) ;
#364 =( LENGTH_UNIT ( ) NAMED_UNIT ( * ) SI_UNIT ( .MILLI., .METRE. ) );
#365 = STYLED_ITEM ( 'NONE', ( #4409 ), #4469 ) ;
#366 = LINE ( 'NONE', #3545, #1860 ) ;
#367 = PRESENTATION_LAYER_ASSIGNMENT (  '', '', ( #5193 ) ) ;
#368 = SURFACE_SIDE_STYLE ('',( #2857 ) ) ;
#369 = ORIENTED_EDGE ( 'NONE', *, *, #3243, .T. ) ;
#370 = CARTESIAN_POINT ( 'NONE',  ( 1.599999999999991429, -0.8250000000000166089, 0.2000000000000000111 ) ) ;
#371 = DIRECTION ( 'NONE',  ( 1.000000000000000000, 2.710505431213763550E-16, -0.0000000000000000000 ) ) ;
#372 = UNCERTAINTY_MEASURE_WITH_UNIT (LENGTH_MEASURE( 1.000000000000000082E-05 ), #4721, 'distance_accuracy_value', 'NONE');
#373 = EDGE_CURVE ( 'NONE', #5114, #1623, #4794, .T. ) ;
#374 = EDGE_CURVE ( 'NONE', #5192, #1531, #3089, .T. ) ;
#375 =( NAMED_UNIT ( * ) PLANE_ANGLE_UNIT ( ) SI_UNIT ( $, .RADIAN. ) );
#376 = FACE_OUTER_BOUND ( 'NONE', #3650, .T. ) ;
#377 = DIRECTION ( 'NONE',  ( 8.031127203596329369E-17, -1.000000000000000000, 0.0000000000000000000 ) ) ;
#378 = FACE_OUTER_BOUND ( 'NONE', #4539, .T. ) ;
#379 = LINE ( 'NONE', #3, #1843 ) ;
#380 = EDGE_CURVE ( 'NONE', #4397, #4355, #3195, .T. ) ;
#381 = EDGE_LOOP ( 'NONE', ( #4183, #316, #3758, #4480, #855, #2998 ) ) ;
#382 = CARTESIAN_POINT ( 'NONE',  ( 1.600000000000004974, 0.4749999999999834910, 0.0000000000000000000 ) ) ;
#383 = CARTESIAN_POINT ( 'NONE',  ( 0.8250000000000115019, 1.989999999999999991, 0.1999999999999999833 ) ) ;
#384 = LINE ( 'NONE', #3645, #5065 ) ;
#385 = DIRECTION ( 'NONE',  ( -1.000000000000000000, 3.614007241618347587E-15, 0.0000000000000000000 ) ) ;
#386 = DIRECTION ( 'NONE',  ( -1.000000000000000000, 0.0000000000000000000, -0.0000000000000000000 ) ) ;
#387 = EDGE_LOOP ( 'NONE', ( #3965, #307, #1545, #2158 ) ) ;
#388 = DIRECTION ( 'NONE',  ( -1.000000000000000000, 7.228014483236692019E-15, 0.0000000000000000000 ) ) ;
#389 = LINE ( 'NONE', #821, #3646 ) ;
#390 = VECTOR ( 'NONE', #4175, 1000.000000000000000 ) ;
#391 = UNCERTAINTY_MEASURE_WITH_UNIT (LENGTH_MEASURE( 1.000000000000000082E-05 ), #3552, 'distance_accuracy_value', 'NONE');
#392 =( NAMED_UNIT ( * ) PLANE_ANGLE_UNIT ( ) SI_UNIT ( $, .RADIAN. ) );
#393 = LINE ( 'NONE', #1574, #11 ) ;
#394 = VERTEX_POINT ( 'NONE', #483 ) ;
#395 = CIRCLE ( 'NONE', #3809, 0.1199999999999998845 ) ;
#396 = PLANE ( 'NONE',  #455 ) ;
#397 = CARTESIAN_POINT ( 'NONE',  ( -1.350000000000000089, 1.350000000000000089, 0.0000000000000000000 ) ) ;
#398 = CARTESIAN_POINT ( 'NONE',  ( -1.989999999999999991, 0.4750000000000068612, 0.1999999999999999833 ) ) ;
#399 = PLANE ( 'NONE',  #1313 ) ;
#400 = DIRECTION ( 'NONE',  ( -1.000000000000000000, -8.031127203596329369E-17, 0.0000000000000000000 ) ) ;
#401 = ORIENTED_EDGE ( 'NONE', *, *, #1312, .F. ) ;
#402 = VECTOR ( 'NONE', #2931, 1000.000000000000000 ) ;
#403 = EDGE_CURVE ( 'NONE', #824, #3529, #3293, .T. ) ;
#404 = LINE ( 'NONE', #4126, #4020 ) ;
#405 = CARTESIAN_POINT ( 'NONE',  ( 1.989999999999999991, -1.125000000000020428, 0.02000000000000000042 ) ) ;
#406 = CARTESIAN_POINT ( 'NONE',  ( -1.350000000000000089, 1.350000000000000089, 0.05000000000000000278 ) ) ;
#407 = ORIENTED_EDGE ( 'NONE', *, *, #336, .T. ) ;
#408 = DIRECTION ( 'NONE',  ( 0.0000000000000000000, 0.0000000000000000000, 1.000000000000000000 ) ) ;
#409 = EDGE_CURVE ( 'NONE', #1051, #2600, #1620, .T. ) ;
#410 = ADVANCED_FACE ( 'NONE', ( #769 ), #3736, .F. ) ;
#411 = CARTESIAN_POINT ( 'NONE',  ( -1.349999999999999867, -1.350000000000000089, 0.0000000000000000000 ) ) ;
#412 = CARTESIAN_POINT ( 'NONE',  ( 1.989999999999999547, -1.125000000000020650, 0.2000000000000000111 ) ) ;
#413 = COLOUR_RGB ( '',0.7529411764705882248, 0.7529411764705882248, 0.7529411764705882248 ) ;
#414 = CARTESIAN_POINT ( 'NONE',  ( -1.599999999999996092, 1.125000000000005329, 0.2000000000000000111 ) ) ;
#415 = ORIENTED_EDGE ( 'NONE', *, *, #2652, .F. ) ;
#416 = CARTESIAN_POINT ( 'NONE',  ( -1.600000000000003197, -0.8249999999999947375, 0.0000000000000000000 ) ) ;
#417 = DIRECTION ( 'NONE',  ( 2.891205793294680200E-15, 1.000000000000000000, 0.0000000000000000000 ) ) ;
#418 = MECHANICAL_DESIGN_GEOMETRIC_PRESENTATION_REPRESENTATION (  '', ( #1552 ), #84 ) ;
#419 = SURFACE_STYLE_USAGE ( .BOTH. , #4162 ) ;
#420 = LINE ( 'NONE', #4465, #1798 ) ;
#421 = EDGE_LOOP ( 'NONE', ( #732, #1017, #4046, #2542, #3872, #1637 ) ) ;
#422 = FILL_AREA_STYLE_COLOUR ( '', #110 ) ;
#423 =( NAMED_UNIT ( * ) SI_UNIT ( $, .STERADIAN. ) SOLID_ANGLE_UNIT ( ) );
#424 = UNCERTAINTY_MEASURE_WITH_UNIT (LENGTH_MEASURE( 1.000000000000000082E-05 ), #3252, 'distance_accuracy_value', 'NONE');
#425 = SURFACE_STYLE_FILL_AREA ( #4526 ) ;
#426 = SURFACE_STYLE_FILL_AREA ( #1685 ) ;
#427 = PRESENTATION_STYLE_ASSIGNMENT (( #2170 ) ) ;
#428 = ORIENTED_EDGE ( 'NONE', *, *, #1103, .T. ) ;
#429 = DIRECTION ( 'NONE',  ( 1.000000000000000000, -7.047314121155777243E-15, 0.0000000000000000000 ) ) ;
#430 = ORIENTED_EDGE ( 'NONE', *, *, #336, .F. ) ;
#431 = EDGE_CURVE ( 'NONE', #2678, #2637, #2417, .T. ) ;
#432 = STYLED_ITEM ( 'NONE', ( #5177 ), #3747 ) ;
#433 = SURFACE_STYLE_FILL_AREA ( #4604 ) ;
#434 = STYLED_ITEM ( 'NONE', ( #3979 ), #3135 ) ;
#435 = EDGE_LOOP ( 'NONE', ( #875, #3975, #4744, #3818, #1702, #1926 ) ) ;
#436 =( NAMED_UNIT ( * ) SI_UNIT ( $, .STERADIAN. ) SOLID_ANGLE_UNIT ( ) );
#437 = PLANE ( 'NONE',  #3701 ) ;
#438 = PRESENTATION_LAYER_ASSIGNMENT (  '', '', ( #2735 ) ) ;
#439 = CARTESIAN_POINT ( 'NONE',  ( 1.999999999999991340, -0.8250000000000207168, 0.2000000000000000111 ) ) ;
#440 = VECTOR ( 'NONE', #3091, 1000.000000000000000 ) ;
#441 = MECHANICAL_DESIGN_GEOMETRIC_PRESENTATION_REPRESENTATION (  '', ( #3503 ), #614 ) ;
#442 = PLANE ( 'NONE',  #4204 ) ;
#443 = EDGE_CURVE ( 'NONE', #5009, #530, #4819, .T. ) ;
#444 = EDGE_CURVE ( 'NONE', #56, #4243, #389, .T. ) ;
#445 = DIRECTION ( 'NONE',  ( -0.0000000000000000000, -0.0000000000000000000, -1.000000000000000000 ) ) ;
#446 = ORIENTED_EDGE ( 'NONE', *, *, #1961, .T. ) ;
#447 = DIRECTION ( 'NONE',  ( 5.963111948670275965E-15, 1.000000000000000000, 0.0000000000000000000 ) ) ;
#448 = PRESENTATION_LAYER_ASSIGNMENT (  '', '', ( #353 ) ) ;
#449 = ORIENTED_EDGE ( 'NONE', *, *, #2622, .F. ) ;
#450 = SURFACE_STYLE_FILL_AREA ( #276 ) ;
#451 = VECTOR ( 'NONE', #1868, 1000.000000000000000 ) ;
#452 = SURFACE_SIDE_STYLE ('',( #4519 ) ) ;
#453 = FILL_AREA_STYLE_COLOUR ( '', #159 ) ;
#454 = FILL_AREA_STYLE ('',( #4916 ) ) ;
#455 = AXIS2_PLACEMENT_3D ( 'NONE', #4825, #3172, #2309 ) ;
#456 = AXIS2_PLACEMENT_3D ( 'NONE', #2697, #4340, #3101 ) ;
#457 = UNCERTAINTY_MEASURE_WITH_UNIT (LENGTH_MEASURE( 1.000000000000000082E-05 ), #2944, 'distance_accuracy_value', 'NONE');
#458 = VECTOR ( 'NONE', #1766, 1000.000000000000000 ) ;
#459 = LINE ( 'NONE', #4918, #1130 ) ;
#460 = EDGE_LOOP ( 'NONE', ( #4160, #4656, #5097, #3436 ) ) ;
#461 = CARTESIAN_POINT ( 'NONE',  ( 0.4750000000000139666, 1.999999999999996669, 0.2000000000000000111 ) ) ;
#462 = VECTOR ( 'NONE', #5035, 1000.000000000000000 ) ;
#463 = VECTOR ( 'NONE', #2608, 1000.000000000000000 ) ;
#464 = LINE ( 'NONE', #3743, #5051 ) ;
#465 = AXIS2_PLACEMENT_3D ( 'NONE', #2411, #385, #4159 ) ;
#466 = DIRECTION ( 'NONE',  ( 0.0000000000000000000, 0.0000000000000000000, 1.000000000000000000 ) ) ;
#467 = UNCERTAINTY_MEASURE_WITH_UNIT (LENGTH_MEASURE( 1.000000000000000082E-05 ), #4305, 'distance_accuracy_value', 'NONE');
#468 = STYLED_ITEM ( 'NONE', ( #4207 ), #2814 ) ;
#469 = SURFACE_STYLE_USAGE ( .BOTH. , #2884 ) ;
#470 = CARTESIAN_POINT ( 'NONE',  ( -0.4750000000000142442, -1.990000000000010871, 0.02000000000000000042 ) ) ;
#471 = SURFACE_STYLE_FILL_AREA ( #65 ) ;
#472 = ORIENTED_EDGE ( 'NONE', *, *, #3841, .F. ) ;
#473 = PLANE ( 'NONE',  #4117 ) ;
#474 = DIRECTION ( 'NONE',  ( 7.047314121155780399E-15, 1.000000000000000000, 0.0000000000000000000 ) ) ;
#475 = PRESENTATION_STYLE_ASSIGNMENT (( #835 ) ) ;
#476 = DIRECTION ( 'NONE',  ( 1.000000000000000000, -6.505213034913026604E-15, -0.0000000000000000000 ) ) ;
#477 = EDGE_CURVE ( 'NONE', #5079, #210, #4431, .T. ) ;
#478 =( NAMED_UNIT ( * ) SI_UNIT ( $, .STERADIAN. ) SOLID_ANGLE_UNIT ( ) );
#479 = SURFACE_SIDE_STYLE ('',( #4979 ) ) ;
#480 = ORIENTED_EDGE ( 'NONE', *, *, #828, .F. ) ;
#481 = VERTEX_POINT ( 'NONE', #2443 ) ;
#482 = CARTESIAN_POINT ( 'NONE',  ( -0.1750000000000000167, -1.989999999999999547, 0.02000000000000000042 ) ) ;
#483 = CARTESIAN_POINT ( 'NONE',  ( -1.124999999999986233, 2.000000000000007994, 0.0000000000000000000 ) ) ;
#484 = EDGE_CURVE ( 'NONE', #1370, #812, #1175, .T. ) ;
#485 = PRESENTATION_STYLE_ASSIGNMENT (( #419 ) ) ;
#486 = FACE_OUTER_BOUND ( 'NONE', #2358, .T. ) ;
#487 = DIRECTION ( 'NONE',  ( 6.505213034913028182E-15, 1.000000000000000000, 0.0000000000000000000 ) ) ;
#488 = ORIENTED_EDGE ( 'NONE', *, *, #511, .F. ) ;
#489 = DIRECTION ( 'NONE',  ( -1.000000000000000000, 6.776263578034412179E-15, 0.0000000000000000000 ) ) ;
#490 =( GEOMETRIC_REPRESENTATION_CONTEXT ( 3 ) GLOBAL_UNCERTAINTY_ASSIGNED_CONTEXT ( ( #944 ) ) GLOBAL_UNIT_ASSIGNED_CONTEXT ( ( #1390, #1000, #1367 ) ) REPRESENTATION_CONTEXT ( 'NONE', 'WORKASPACE' ) );
#491 = CARTESIAN_POINT ( 'NONE',  ( -0.1749999999999998224, -1.989999999999999991, 0.1999999999999999833 ) ) ;
#492 = CARTESIAN_POINT ( 'NONE',  ( 1.989999999999999547, 0.8249999999999796385, 0.2000000000000000111 ) ) ;
#493 = DIRECTION ( 'NONE',  ( 1.000000000000000000, 0.0000000000000000000, 0.0000000000000000000 ) ) ;
#494 = PRESENTATION_STYLE_ASSIGNMENT (( #921 ) ) ;
#495 = PRESENTATION_STYLE_ASSIGNMENT (( #4155 ) ) ;
#496 = VERTEX_POINT ( 'NONE', #2793 ) ;
#497 = CARTESIAN_POINT ( 'NONE',  ( -1.125000000000000000, -2.000000000000000000, 0.2000000000000000111 ) ) ;
#498 = CARTESIAN_POINT ( 'NONE',  ( 1.999999999999995337, -0.4750000000000206835, 0.0000000000000000000 ) ) ;
#499 = FACE_OUTER_BOUND ( 'NONE', #1351, .T. ) ;
#500 =( LENGTH_UNIT ( ) NAMED_UNIT ( * ) SI_UNIT ( .MILLI., .METRE. ) );
#501 =( NAMED_UNIT ( * ) PLANE_ANGLE_UNIT ( ) SI_UNIT ( $, .RADIAN. ) );
#502 = DIRECTION ( 'NONE',  ( -1.000000000000000000, 0.0000000000000000000, -0.0000000000000000000 ) ) ;
#503 = ORIENTED_EDGE ( 'NONE', *, *, #4926, .F. ) ;
#504 = MECHANICAL_DESIGN_GEOMETRIC_PRESENTATION_REPRESENTATION (  '', ( #1542 ), #4080 ) ;
#505 = ORIENTED_EDGE ( 'NONE', *, *, #940, .T. ) ;
#506 = LINE ( 'NONE', #1671, #112 ) ;
#507 = PRESENTATION_STYLE_ASSIGNMENT (( #1737 ) ) ;
#508 = FACE_OUTER_BOUND ( 'NONE', #2526, .T. ) ;
#509 = PLANE ( 'NONE',  #361 ) ;
#510 = VECTOR ( 'NONE', #568, 1000.000000000000000 ) ;
#511 = EDGE_CURVE ( 'NONE', #3401, #1397, #4493, .T. ) ;
#512 = ORIENTED_EDGE ( 'NONE', *, *, #4657, .T. ) ;
#513 = PRESENTATION_LAYER_ASSIGNMENT (  '', '', ( #2363 ) ) ;
#514 = PRODUCT_CONTEXT ( 'NONE', #5028, 'mechanical' ) ;
#515 = CARTESIAN_POINT ( 'NONE',  ( -1.989999999999999547, -0.4749999999999932054, 0.9200000000000000400 ) ) ;
#516 = EDGE_CURVE ( 'NONE', #4689, #1141, #4083, .T. ) ;
#517 = EDGE_CURVE ( 'NONE', #2446, #3471, #3271, .T. ) ;
#518 =( LENGTH_UNIT ( ) NAMED_UNIT ( * ) SI_UNIT ( .MILLI., .METRE. ) );
#519 = FILL_AREA_STYLE ('',( #4174 ) ) ;
#520 = FILL_AREA_STYLE ('',( #89 ) ) ;
#521 = DIRECTION ( 'NONE',  ( -0.0000000000000000000, -0.0000000000000000000, -1.000000000000000000 ) ) ;
#522 = CARTESIAN_POINT ( 'NONE',  ( 1.125000000000011102, 1.599999999999992317, 0.0000000000000000000 ) ) ;
#523 = ORIENTED_EDGE ( 'NONE', *, *, #1196, .F. ) ;
#524 = FILL_AREA_STYLE_COLOUR ( '', #1406 ) ;
#525 = DIRECTION ( 'NONE',  ( 0.0000000000000000000, -0.0000000000000000000, -1.000000000000000000 ) ) ;
#526 =( NAMED_UNIT ( * ) PLANE_ANGLE_UNIT ( ) SI_UNIT ( $, .RADIAN. ) );
#527 = FILL_AREA_STYLE ('',( #4536 ) ) ;
#528 = PRESENTATION_LAYER_ASSIGNMENT (  '', '', ( #3592 ) ) ;
#529 = DIRECTION ( 'NONE',  ( -3.614007241618349165E-15, -1.000000000000000000, 0.0000000000000000000 ) ) ;
#530 = VERTEX_POINT ( 'NONE', #1264 ) ;
#531 = ORIENTED_EDGE ( 'NONE', *, *, #2758, .F. ) ;
#532 = CARTESIAN_POINT ( 'NONE',  ( -1.989999999999999991, 1.125000000000005995, 0.02000000000000000042 ) ) ;
#533 = VECTOR ( 'NONE', #4, 1000.000000000000000 ) ;
#534 = PRESENTATION_LAYER_ASSIGNMENT (  '', '', ( #2818 ) ) ;
#535 = LINE ( 'NONE', #2162, #458 ) ;
#536 =( GEOMETRIC_REPRESENTATION_CONTEXT ( 3 ) GLOBAL_UNCERTAINTY_ASSIGNED_CONTEXT ( ( #5197 ) ) GLOBAL_UNIT_ASSIGNED_CONTEXT ( ( #2009, #4827, #1583 ) ) REPRESENTATION_CONTEXT ( 'NONE', 'WORKASPACE' ) );
#537 = MECHANICAL_DESIGN_GEOMETRIC_PRESENTATION_REPRESENTATION (  '', ( #5092 ), #4863 ) ;
#538 = LINE ( 'NONE', #3008, #3162 ) ;
#539 = AXIS2_PLACEMENT_3D ( 'NONE', #2530, #2508, #2108 ) ;
#540 = ORIENTED_EDGE ( 'NONE', *, *, #3494, .F. ) ;
#541 = LINE ( 'NONE', #5081, #3090 ) ;
#542 =( GEOMETRIC_REPRESENTATION_CONTEXT ( 3 ) GLOBAL_UNCERTAINTY_ASSIGNED_CONTEXT ( ( #157 ) ) GLOBAL_UNIT_ASSIGNED_CONTEXT ( ( #571, #2190, #3822 ) ) REPRESENTATION_CONTEXT ( 'NONE', 'WORKASPACE' ) );
#543 =( GEOMETRIC_REPRESENTATION_CONTEXT ( 3 ) GLOBAL_UNCERTAINTY_ASSIGNED_CONTEXT ( ( #642 ) ) GLOBAL_UNIT_ASSIGNED_CONTEXT ( ( #3861, #2599, #3421 ) ) REPRESENTATION_CONTEXT ( 'NONE', 'WORKASPACE' ) );
#544 = EDGE_CURVE ( 'NONE', #2637, #3558, #2047, .T. ) ;
#545 = MECHANICAL_DESIGN_GEOMETRIC_PRESENTATION_REPRESENTATION (  '', ( #4704 ), #4463 ) ;
#546 = CARTESIAN_POINT ( 'NONE',  ( -1.125000000000000000, -1.600000000000000089, 0.0000000000000000000 ) ) ;
#547 = COLOUR_RGB ( '',0.7529411764705882248, 0.7529411764705882248, 0.7529411764705882248 ) ;
#548 =( NAMED_UNIT ( * ) PLANE_ANGLE_UNIT ( ) SI_UNIT ( $, .RADIAN. ) );
#549 = EDGE_CURVE ( 'NONE', #2583, #981, #2874, .T. ) ;
#550 = EDGE_CURVE ( 'NONE', #4361, #3065, #3814, .T. ) ;
#551 = AXIS2_PLACEMENT_3D ( 'NONE', #955, #4212, #4590 ) ;
#552 = CARTESIAN_POINT ( 'NONE',  ( 1.989999999999999547, -0.1750000000000206390, 0.9200000000000000400 ) ) ;
#553 = DIRECTION ( 'NONE',  ( -1.000000000000000000, 0.0000000000000000000, -0.0000000000000000000 ) ) ;
#554 =( LENGTH_UNIT ( ) NAMED_UNIT ( * ) SI_UNIT ( .MILLI., .METRE. ) );
#555 = VERTEX_POINT ( 'NONE', #4571 ) ;
#556 = FACE_OUTER_BOUND ( 'NONE', #1218, .T. ) ;
#557 = EDGE_CURVE ( 'NONE', #1397, #3254, #3028, .T. ) ;
#558 = FILL_AREA_STYLE_COLOUR ( '', #3347 ) ;
#559 = CARTESIAN_POINT ( 'NONE',  ( -1.989999999999999547, -1.599999999999999867, 0.02000000000000000042 ) ) ;
#560 = ORIENTED_EDGE ( 'NONE', *, *, #647, .T. ) ;
#561 = ORIENTED_EDGE ( 'NONE', *, *, #3882, .T. ) ;
#562 = LINE ( 'NONE', #5057, #3093 ) ;
#563 = SURFACE_STYLE_USAGE ( .BOTH. , #1455 ) ;
#564 = CARTESIAN_POINT ( 'NONE',  ( -0.4749999999999999778, -1.599999999999999867, 0.0000000000000000000 ) ) ;
#565 = CARTESIAN_POINT ( 'NONE',  ( 1.599999999999978106, -1.990000000000039071, 0.02000000000000000042 ) ) ;
#566 = ORIENTED_EDGE ( 'NONE', *, *, #2426, .F. ) ;
#567 = ORIENTED_EDGE ( 'NONE', *, *, #2984, .T. ) ;
#568 = DIRECTION ( 'NONE',  ( -1.000000000000000000, 1.029992063861229370E-14, -0.0000000000000000000 ) ) ;
#569 = CARTESIAN_POINT ( 'NONE',  ( -1.550000000000000044, 1.550000000000000044, 0.9200000000000000400 ) ) ;
#570 = VECTOR ( 'NONE', #3325, 1000.000000000000000 ) ;
#571 =( LENGTH_UNIT ( ) NAMED_UNIT ( * ) SI_UNIT ( .MILLI., .METRE. ) );
#572 = EDGE_CURVE ( 'NONE', #2583, #1744, #4665, .T. ) ;
#573 = ORIENTED_EDGE ( 'NONE', *, *, #2044, .F. ) ;
#574 = SURFACE_STYLE_USAGE ( .BOTH. , #1425 ) ;
#575 = DIRECTION ( 'NONE',  ( 1.089650424608547166E-16, -1.000000000000000000, 0.0000000000000000000 ) ) ;
#576 = VERTEX_POINT ( 'NONE', #4591 ) ;
#577 = CARTESIAN_POINT ( 'NONE',  ( 2.000000000000011546, 1.124999999999979350, 0.0000000000000000000 ) ) ;
#578 = ORIENTED_EDGE ( 'NONE', *, *, #4868, .F. ) ;
#579 = LINE ( 'NONE', #2159, #462 ) ;
#580 = VECTOR ( 'NONE', #1236, 1000.000000000000000 ) ;
#581 = DIRECTION ( 'NONE',  ( -0.0000000000000000000, -0.0000000000000000000, -1.000000000000000000 ) ) ;
#582 = DIRECTION ( 'NONE',  ( -2.891205793294679411E-15, -1.000000000000000000, -0.0000000000000000000 ) ) ;
#583 = FACE_OUTER_BOUND ( 'NONE', #3717, .T. ) ;
#584 = ORIENTED_EDGE ( 'NONE', *, *, #5043, .F. ) ;
#585 = ORIENTED_EDGE ( 'NONE', *, *, #204, .F. ) ;
#586 = PRESENTATION_STYLE_ASSIGNMENT (( #1788 ) ) ;
#587 = VECTOR ( 'NONE', #3036, 1000.000000000000000 ) ;
#588 = UNCERTAINTY_MEASURE_WITH_UNIT (LENGTH_MEASURE( 1.000000000000000082E-05 ), #359, 'distance_accuracy_value', 'NONE');
#589 = DIRECTION ( 'NONE',  ( 0.0000000000000000000, -1.000000000000000000, 0.0000000000000000000 ) ) ;
#590 = VERTEX_POINT ( 'NONE', #147 ) ;
#591 = PLANE ( 'NONE',  #2156 ) ;
#592 = PRESENTATION_LAYER_ASSIGNMENT (  '', '', ( #1867 ) ) ;
#593 = DIRECTION ( 'NONE',  ( -1.043544591017298964E-14, -1.000000000000000000, 0.0000000000000000000 ) ) ;
#594 = FILL_AREA_STYLE ('',( #1869 ) ) ;
#595 = ORIENTED_EDGE ( 'NONE', *, *, #2980, .F. ) ;
#596 =( LENGTH_UNIT ( ) NAMED_UNIT ( * ) SI_UNIT ( .MILLI., .METRE. ) );
#597 = ORIENTED_EDGE ( 'NONE', *, *, #1755, .T. ) ;
#598 = CARTESIAN_POINT ( 'NONE',  ( -0.8249999999999862998, 1.989999999999999991, 0.02000000000000000042 ) ) ;
#599 = ORIENTED_EDGE ( 'NONE', *, *, #4960, .F. ) ;
#600 = ORIENTED_EDGE ( 'NONE', *, *, #4969, .T. ) ;
#601 = SURFACE_SIDE_STYLE ('',( #2577 ) ) ;
#602 = SURFACE_SIDE_STYLE ('',( #5036 ) ) ;
#603 = FILL_AREA_STYLE_COLOUR ( '', #2970 ) ;
#604 = EDGE_CURVE ( 'NONE', #3495, #2720, #123, .T. ) ;
#605 =( NAMED_UNIT ( * ) SI_UNIT ( $, .STERADIAN. ) SOLID_ANGLE_UNIT ( ) );
#606 = EDGE_CURVE ( 'NONE', #1002, #1162, #4213, .T. ) ;
#607 = LINE ( 'NONE', #3031, #2391 ) ;
#608 = VERTEX_POINT ( 'NONE', #907 ) ;
#609 = AXIS2_PLACEMENT_3D ( 'NONE', #950, #2567, #2152 ) ;
#610 = CARTESIAN_POINT ( 'NONE',  ( -1.600000000000006306, -1.990000000000001323, 0.02000000000000000042 ) ) ;
#611 = MECHANICAL_DESIGN_GEOMETRIC_PRESENTATION_REPRESENTATION (  '', ( #3852 ), #4369 ) ;
#612 = VECTOR ( 'NONE', #4116, 1000.000000000000000 ) ;
#613 = COLOUR_RGB ( '',0.7529411764705882248, 0.7529411764705882248, 0.7529411764705882248 ) ;
#614 =( GEOMETRIC_REPRESENTATION_CONTEXT ( 3 ) GLOBAL_UNCERTAINTY_ASSIGNED_CONTEXT ( ( #280 ) ) GLOBAL_UNIT_ASSIGNED_CONTEXT ( ( #2013, #5173, #3204 ) ) REPRESENTATION_CONTEXT ( 'NONE', 'WORKASPACE' ) );
#615 = PLANE ( 'NONE',  #3518 ) ;
#616 = ORIENTED_EDGE ( 'NONE', *, *, #4366, .F. ) ;
#617 =( GEOMETRIC_REPRESENTATION_CONTEXT ( 3 ) GLOBAL_UNCERTAINTY_ASSIGNED_CONTEXT ( ( #4440 ) ) GLOBAL_UNIT_ASSIGNED_CONTEXT ( ( #1420, #1024, #253 ) ) REPRESENTATION_CONTEXT ( 'NONE', 'WORKASPACE' ) );
#618 = FACE_OUTER_BOUND ( 'NONE', #3561, .T. ) ;
#619 = VECTOR ( 'NONE', #2778, 1000.000000000000000 ) ;
#620 = CONICAL_SURFACE ( 'NONE', #1656, 0.1700000000000000122, 0.7853981633974501664 ) ;
#621 = DIRECTION ( 'NONE',  ( -1.000000000000000000, 7.228014483236699908E-15, 0.0000000000000000000 ) ) ;
#622 = VECTOR ( 'NONE', #1525, 1000.000000000000000 ) ;
#623 = PRESENTATION_LAYER_ASSIGNMENT (  '', '', ( #2919 ) ) ;
#624 = MECHANICAL_DESIGN_GEOMETRIC_PRESENTATION_REPRESENTATION (  '', ( #2920 ), #3341 ) ;
#625 = PLANE ( 'NONE',  #1394 ) ;
#626 = EDGE_LOOP ( 'NONE', ( #2941, #2895, #3062, #2251 ) ) ;
#627 = MECHANICAL_DESIGN_GEOMETRIC_PRESENTATION_REPRESENTATION (  '', ( #2502 ), #3522 ) ;
#628 =( GEOMETRIC_REPRESENTATION_CONTEXT ( 3 ) GLOBAL_UNCERTAINTY_ASSIGNED_CONTEXT ( ( #1603 ) ) GLOBAL_UNIT_ASSIGNED_CONTEXT ( ( #4324, #2124, #4513 ) ) REPRESENTATION_CONTEXT ( 'NONE', 'WORKASPACE' ) );
#629 = FACE_OUTER_BOUND ( 'NONE', #3034, .T. ) ;
#630 = ORIENTED_EDGE ( 'NONE', *, *, #4395, .F. ) ;
#631 = DIRECTION ( 'NONE',  ( 0.0000000000000000000, 0.0000000000000000000, 1.000000000000000000 ) ) ;
#632 = VECTOR ( 'NONE', #713, 1000.000000000000000 ) ;
#633 = LINE ( 'NONE', #577, #3858 ) ;
#634 =( GEOMETRIC_REPRESENTATION_CONTEXT ( 3 ) GLOBAL_UNCERTAINTY_ASSIGNED_CONTEXT ( ( #4796 ) ) GLOBAL_UNIT_ASSIGNED_CONTEXT ( ( #1086, #375, #2189 ) ) REPRESENTATION_CONTEXT ( 'NONE', 'WORKASPACE' ) );
#635 = ORIENTED_EDGE ( 'NONE', *, *, #2283, .T. ) ;
#636 = EDGE_LOOP ( 'NONE', ( #585, #3266, #3419, #897 ) ) ;
#637 = CARTESIAN_POINT ( 'NONE',  ( -2.000000000000000444, -0.1749999999999932443, 0.2000000000000000111 ) ) ;
#638 = DIRECTION ( 'NONE',  ( -1.000000000000000000, 1.050320854595332578E-14, 0.0000000000000000000 ) ) ;
#639 = VERTEX_POINT ( 'NONE', #2951 ) ;
#640 = DIRECTION ( 'NONE',  ( -0.0000000000000000000, -0.0000000000000000000, -1.000000000000000000 ) ) ;
#641 = EDGE_CURVE ( 'NONE', #1061, #2678, #4611, .T. ) ;
#642 = UNCERTAINTY_MEASURE_WITH_UNIT (LENGTH_MEASURE( 1.000000000000000082E-05 ), #3861, 'distance_accuracy_value', 'NONE');
#643 = DIRECTION ( 'NONE',  ( -1.029992063861229370E-14, -1.000000000000000000, 0.0000000000000000000 ) ) ;
#644 = CARTESIAN_POINT ( 'NONE',  ( -0.8249999999999999556, -1.600000000000000089, 0.0000000000000000000 ) ) ;
#645 = ORIENTED_EDGE ( 'NONE', *, *, #2886, .T. ) ;
#646 = FILL_AREA_STYLE ('',( #207 ) ) ;
#647 = EDGE_CURVE ( 'NONE', #3452, #143, #1400, .T. ) ;
#648 = SURFACE_STYLE_USAGE ( .BOTH. , #3236 ) ;
#649 = DIRECTION ( 'NONE',  ( 3.614007241618347587E-15, 1.000000000000000000, -0.0000000000000000000 ) ) ;
#650 = ORIENTED_EDGE ( 'NONE', *, *, #4232, .T. ) ;
#651 = FACE_OUTER_BOUND ( 'NONE', #1331, .T. ) ;
#652 = ORIENTED_EDGE ( 'NONE', *, *, #3209, .F. ) ;
#653 = FACE_OUTER_BOUND ( 'NONE', #4094, .T. ) ;
#654 = CARTESIAN_POINT ( 'NONE',  ( 1.999999999999998224, -0.1750000000000206390, 0.0000000000000000000 ) ) ;
#655 = ORIENTED_EDGE ( 'NONE', *, *, #1872, .F. ) ;
#656 = SURFACE_SIDE_STYLE ('',( #1562 ) ) ;
#657 = SURFACE_STYLE_USAGE ( .BOTH. , #3108 ) ;
#658 = CARTESIAN_POINT ( 'NONE',  ( -1.989999999999977121, 0.1750000000000214995, 0.02000000000000000042 ) ) ;
#659 = ORIENTED_EDGE ( 'NONE', *, *, #670, .F. ) ;
#660 = ORIENTED_EDGE ( 'NONE', *, *, #1068, .F. ) ;
#661 = SURFACE_STYLE_FILL_AREA ( #1964 ) ;
#662 = DIRECTION ( 'NONE',  ( -1.000000000000000000, 6.505213034913026604E-15, 0.0000000000000000000 ) ) ;
#663 = MECHANICAL_DESIGN_GEOMETRIC_PRESENTATION_REPRESENTATION (  '', ( #4669 ), #4163 ) ;
#664 = ADVANCED_FACE ( 'NONE', ( #98 ), #1376, .F. ) ;
#665 = SURFACE_SIDE_STYLE ('',( #1096 ) ) ;
#666 = EDGE_LOOP ( 'NONE', ( #3879, #3672, #3700, #3422, #3734, #616, #3671, #428, #2912, #2990, #1233, #4855, #1688, #4900, #678, #1164, #3126, #2676, #4244, #4012 ) ) ;
#667 = PLANE ( 'NONE',  #1581 ) ;
#668 = FACE_OUTER_BOUND ( 'NONE', #1715, .T. ) ;
#669 = ADVANCED_FACE ( 'NONE', ( #2528 ), #3320, .F. ) ;
#670 = EDGE_CURVE ( 'NONE', #3956, #3065, #3057, .T. ) ;
#671 =( NAMED_UNIT ( * ) SI_UNIT ( $, .STERADIAN. ) SOLID_ANGLE_UNIT ( ) );
#672 = VERTEX_POINT ( 'NONE', #1880 ) ;
#673 = CARTESIAN_POINT ( 'NONE',  ( 2.000000000000004885, 0.4749999999999792721, 0.0000000000000000000 ) ) ;
#674 = SURFACE_STYLE_USAGE ( .BOTH. , #237 ) ;
#675 = ORIENTED_EDGE ( 'NONE', *, *, #2319, .T. ) ;
#676 = DIRECTION ( 'NONE',  ( -0.0000000000000000000, -0.0000000000000000000, -1.000000000000000000 ) ) ;
#677 = DIRECTION ( 'NONE',  ( -0.0000000000000000000, -0.0000000000000000000, -1.000000000000000000 ) ) ;
#678 = ORIENTED_EDGE ( 'NONE', *, *, #3276, .T. ) ;
#679 = LINE ( 'NONE', #4757, #2119 ) ;
#680 = SURFACE_SIDE_STYLE ('',( #4296 ) ) ;
#681 = SURFACE_STYLE_FILL_AREA ( #4325 ) ;
#682 = ORIENTED_EDGE ( 'NONE', *, *, #1137, .F. ) ;
#683 = ORIENTED_EDGE ( 'NONE', *, *, #3748, .T. ) ;
#684 = UNCERTAINTY_MEASURE_WITH_UNIT (LENGTH_MEASURE( 1.000000000000000082E-05 ), #2500, 'distance_accuracy_value', 'NONE');
#685 =( NAMED_UNIT ( * ) SI_UNIT ( $, .STERADIAN. ) SOLID_ANGLE_UNIT ( ) );
#686 = VECTOR ( 'NONE', #5048, 1000.000000000000000 ) ;
#687 = PRESENTATION_STYLE_ASSIGNMENT (( #5113 ) ) ;
#688 = VECTOR ( 'NONE', #575, 1000.000000000000000 ) ;
#689 = EDGE_LOOP ( 'NONE', ( #446, #1774, #2505, #4412 ) ) ;
#690 = SURFACE_STYLE_USAGE ( .BOTH. , #2821 ) ;
#691 = CARTESIAN_POINT ( 'NONE',  ( -1.989999999999971347, 0.8250000000000192735, 0.02000000000000000042 ) ) ;
#692 = MECHANICAL_DESIGN_GEOMETRIC_PRESENTATION_REPRESENTATION (  '', ( #3770 ), #1887 ) ;
#693 = STYLED_ITEM ( 'NONE', ( #3654 ), #3201 ) ;
#694 = AXIS2_PLACEMENT_3D ( 'NONE', #2324, #1952, #5070 ) ;
#695 = PRESENTATION_STYLE_ASSIGNMENT (( #2717 ) ) ;
#696 = LINE ( 'NONE', #3124, #2215 ) ;
#697 = PRESENTATION_LAYER_ASSIGNMENT (  '', '', ( #3331 ) ) ;
#698 = VECTOR ( 'NONE', #2461, 1000.000000000000000 ) ;
#699 = FILL_AREA_STYLE ('',( #4852 ) ) ;
#700 = ORIENTED_EDGE ( 'NONE', *, *, #1879, .T. ) ;
#701 =( NAMED_UNIT ( * ) SI_UNIT ( $, .STERADIAN. ) SOLID_ANGLE_UNIT ( ) );
#702 = EDGE_CURVE ( 'NONE', #3223, #2402, #296, .T. ) ;
#703 = ADVANCED_FACE ( 'NONE', ( #2681 ), #3476, .F. ) ;
#704 = ORIENTED_EDGE ( 'NONE', *, *, #5069, .T. ) ;
#705 = MECHANICAL_DESIGN_GEOMETRIC_PRESENTATION_REPRESENTATION (  '', ( #4876 ), #4122 ) ;
#706 = DIRECTION ( 'NONE',  ( -0.0000000000000000000, -0.0000000000000000000, -1.000000000000000000 ) ) ;
#707 = VECTOR ( 'NONE', #3810, 1000.000000000000000 ) ;
#708 =( GEOMETRIC_REPRESENTATION_CONTEXT ( 3 ) GLOBAL_UNCERTAINTY_ASSIGNED_CONTEXT ( ( #723 ) ) GLOBAL_UNIT_ASSIGNED_CONTEXT ( ( #1037, #2651, #605 ) ) REPRESENTATION_CONTEXT ( 'NONE', 'WORKASPACE' ) );
#709 = EDGE_LOOP ( 'NONE', ( #126, #2896, #2964, #3655, #2128, #1092 ) ) ;
#710 = DIRECTION ( 'NONE',  ( 0.0000000000000000000, 0.0000000000000000000, -1.000000000000000000 ) ) ;
#711 = ORIENTED_EDGE ( 'NONE', *, *, #3547, .T. ) ;
#712 = PRESENTATION_LAYER_ASSIGNMENT (  '', '', ( #3007 ) ) ;
#713 = DIRECTION ( 'NONE',  ( -0.0000000000000000000, -0.0000000000000000000, -1.000000000000000000 ) ) ;
#714 = EDGE_CURVE ( 'NONE', #5151, #2699, #1511, .T. ) ;
#715 = FACE_OUTER_BOUND ( 'NONE', #4320, .T. ) ;
#716 = SURFACE_STYLE_USAGE ( .BOTH. , #2730 ) ;
#717 = PLANE ( 'NONE',  #2160 ) ;
#718 =( GEOMETRIC_REPRESENTATION_CONTEXT ( 3 ) GLOBAL_UNCERTAINTY_ASSIGNED_CONTEXT ( ( #4224 ) ) GLOBAL_UNIT_ASSIGNED_CONTEXT ( ( #1111, #5180, #738 ) ) REPRESENTATION_CONTEXT ( 'NONE', 'WORKASPACE' ) );
#719 =( GEOMETRIC_REPRESENTATION_CONTEXT ( 3 ) GLOBAL_UNCERTAINTY_ASSIGNED_CONTEXT ( ( #5136 ) ) GLOBAL_UNIT_ASSIGNED_CONTEXT ( ( #2375, #4181, #2101 ) ) REPRESENTATION_CONTEXT ( 'NONE', 'WORKASPACE' ) );
#720 = PLANE ( 'NONE',  #2568 ) ;
#721 = MECHANICAL_DESIGN_GEOMETRIC_PRESENTATION_REPRESENTATION (  '', ( #3014 ), #2848 ) ;
#722 = VECTOR ( 'NONE', #676, 1000.000000000000000 ) ;
#723 = UNCERTAINTY_MEASURE_WITH_UNIT (LENGTH_MEASURE( 1.000000000000000082E-05 ), #1037, 'distance_accuracy_value', 'NONE');
#724 = PRESENTATION_STYLE_ASSIGNMENT (( #4797 ) ) ;
#725 = PRESENTATION_LAYER_ASSIGNMENT (  '', '', ( #892 ) ) ;
#726 = CARTESIAN_POINT ( 'NONE',  ( -2.000000000000003997, -1.124999999999993339, 0.2000000000000000111 ) ) ;
#727 = ORIENTED_EDGE ( 'NONE', *, *, #516, .T. ) ;
#728 = FACE_OUTER_BOUND ( 'NONE', #2472, .T. ) ;
#729 = CARTESIAN_POINT ( 'NONE',  ( 1.124999999999988010, -1.990000000000020419, 0.02000000000000000042 ) ) ;
#730 = CARTESIAN_POINT ( 'NONE',  ( 1.600000000000009415, 0.8249999999999833022, 0.02000000000000000042 ) ) ;
#731 = ORIENTED_EDGE ( 'NONE', *, *, #2614, .T. ) ;
#732 = ORIENTED_EDGE ( 'NONE', *, *, #1245, .F. ) ;
#733 = CARTESIAN_POINT ( 'NONE',  ( -0.4749999999999888756, 1.989999999999999991, 0.1999999999999999833 ) ) ;
#734 = ORIENTED_EDGE ( 'NONE', *, *, #1704, .T. ) ;
#735 = EDGE_CURVE ( 'NONE', #5049, #1830, #679, .T. ) ;
#736 = ORIENTED_EDGE ( 'NONE', *, *, #1723, .F. ) ;
#737 = FILL_AREA_STYLE ('',( #4014 ) ) ;
#738 =( NAMED_UNIT ( * ) SI_UNIT ( $, .STERADIAN. ) SOLID_ANGLE_UNIT ( ) );
#739 =( NAMED_UNIT ( * ) SI_UNIT ( $, .STERADIAN. ) SOLID_ANGLE_UNIT ( ) );
#740 = FILL_AREA_STYLE_COLOUR ( '', #5096 ) ;
#741 = EDGE_CURVE ( 'NONE', #2669, #2036, #2294, .T. ) ;
#742 = DIRECTION ( 'NONE',  ( -1.000000000000000000, 3.614007241618349165E-15, 0.0000000000000000000 ) ) ;
#743 = ORIENTED_EDGE ( 'NONE', *, *, #3934, .F. ) ;
#744 = SURFACE_SIDE_STYLE ('',( #661 ) ) ;
#745 = CARTESIAN_POINT ( 'NONE',  ( 2.000000000000008882, 0.8249999999999795275, 0.2000000000000000111 ) ) ;
#746 = UNCERTAINTY_MEASURE_WITH_UNIT (LENGTH_MEASURE( 1.000000000000000082E-05 ), #1150, 'distance_accuracy_value', 'NONE');
#747 = CARTESIAN_POINT ( 'NONE',  ( -1.989999999999999547, -1.989999999999999991, 0.9200000000000000400 ) ) ;
#748 =( NAMED_UNIT ( * ) SI_UNIT ( $, .STERADIAN. ) SOLID_ANGLE_UNIT ( ) );
#749 = ORIENTED_EDGE ( 'NONE', *, *, #4468, .F. ) ;
#750 = PRESENTATION_STYLE_ASSIGNMENT (( #690 ) ) ;
#751 = FILL_AREA_STYLE ('',( #2751 ) ) ;
#752 = CARTESIAN_POINT ( 'NONE',  ( -1.349999999999999867, -1.350000000000000089, 0.05000000000000000278 ) ) ;
#753 = PRESENTATION_LAYER_ASSIGNMENT (  '', '', ( #2880 ) ) ;
#754 = SURFACE_SIDE_STYLE ('',( #4416 ) ) ;
#755 = ORIENTED_EDGE ( 'NONE', *, *, #1470, .F. ) ;
#756 = CARTESIAN_POINT ( 'NONE',  ( -1.124999999999988676, 1.600000000000007860, 0.2000000000000000111 ) ) ;
#757 = VECTOR ( 'NONE', #4062, 1000.000000000000000 ) ;
#758 = FACE_OUTER_BOUND ( 'NONE', #1878, .T. ) ;
#759 = ORIENTED_EDGE ( 'NONE', *, *, #4358, .F. ) ;
#760 = DIRECTION ( 'NONE',  ( -2.032879073410320074E-16, 1.000000000000000000, -0.0000000000000000000 ) ) ;
#761 = LINE ( 'NONE', #3107, #888 ) ;
#762 = SURFACE_SIDE_STYLE ('',( #4535 ) ) ;
#763 = SURFACE_STYLE_FILL_AREA ( #1285 ) ;
#764 = LINE ( 'NONE', #1565, #4712 ) ;
#765 = MECHANICAL_DESIGN_GEOMETRIC_PRESENTATION_REPRESENTATION (  '', ( #3387 ), #4261 ) ;
#766 = DIRECTION ( 'NONE',  ( 1.000000000000000000, -5.963111948670275965E-15, 0.0000000000000000000 ) ) ;
#767 = VERTEX_POINT ( 'NONE', #4374 ) ;
#768 = DIRECTION ( 'NONE',  ( -1.000000000000000000, 1.011922027653138050E-14, 0.0000000000000000000 ) ) ;
#769 = FACE_OUTER_BOUND ( 'NONE', #1787, .T. ) ;
#770 = ADVANCED_FACE ( 'NONE', ( #715 ), #1563, .T. ) ;
#771 = EDGE_CURVE ( 'NONE', #981, #4365, #2785, .T. ) ;
#772 = SURFACE_STYLE_FILL_AREA ( #4386 ) ;
#773 = FILL_AREA_STYLE_COLOUR ( '', #2146 ) ;
#774 = ORIENTED_EDGE ( 'NONE', *, *, #2597, .T. ) ;
#775 = CARTESIAN_POINT ( 'NONE',  ( -1.999999999999999556, 0.1750000000000067057, 0.0000000000000000000 ) ) ;
#776 = VECTOR ( 'NONE', #140, 1000.000000000000000 ) ;
#777 = FACE_OUTER_BOUND ( 'NONE', #340, .T. ) ;
#778 = SURFACE_STYLE_USAGE ( .BOTH. , #2777 ) ;
#779 = ORIENTED_EDGE ( 'NONE', *, *, #3443, .T. ) ;
#780 = COLOUR_RGB ( '',0.1254901960784313708, 0.1254901960784313708, 0.1254901960784313708 ) ;
#781 = DIRECTION ( 'NONE',  ( -4.336808689942016947E-15, -1.000000000000000000, 0.0000000000000000000 ) ) ;
#782 = VECTOR ( 'NONE', #101, 1000.000000000000000 ) ;
#783 = VECTOR ( 'NONE', #2435, 1000.000000000000000 ) ;
#784 = DIRECTION ( 'NONE',  ( -1.000000000000000000, 0.0000000000000000000, -0.0000000000000000000 ) ) ;
#785 = ORIENTED_EDGE ( 'NONE', *, *, #4741, .F. ) ;
#786 = DIRECTION ( 'NONE',  ( 0.0000000000000000000, 1.000000000000000000, -0.0000000000000000000 ) ) ;
#787 = DIRECTION ( 'NONE',  ( -7.047314121155776454E-15, -1.000000000000000000, 0.0000000000000000000 ) ) ;
#788 = PRESENTATION_LAYER_ASSIGNMENT (  '', '', ( #25 ) ) ;
#789 =( NAMED_UNIT ( * ) SI_UNIT ( $, .STERADIAN. ) SOLID_ANGLE_UNIT ( ) );
#790 = CARTESIAN_POINT ( 'NONE',  ( 1.599999999999998090, -0.1750000000000165312, 0.2000000000000000111 ) ) ;
#791 = FACE_OUTER_BOUND ( 'NONE', #2434, .T. ) ;
#792 = CARTESIAN_POINT ( 'NONE',  ( 0.1750000000000111744, 1.599999999999998535, 0.0000000000000000000 ) ) ;
#793 = STYLED_ITEM ( 'NONE', ( #3461 ), #2587 ) ;
#794 = PRESENTATION_LAYER_ASSIGNMENT (  '', '', ( #4717 ) ) ;
#795 = ORIENTED_EDGE ( 'NONE', *, *, #4714, .F. ) ;
#796 = LINE ( 'NONE', #3735, #2315 ) ;
#797 = FILL_AREA_STYLE ('',( #4897 ) ) ;
#798 = VECTOR ( 'NONE', #4793, 1000.000000000000000 ) ;
#799 = PRESENTATION_LAYER_ASSIGNMENT (  '', '', ( #889 ) ) ;
#800 = MECHANICAL_DESIGN_GEOMETRIC_PRESENTATION_REPRESENTATION (  '', ( #4785 ), #4194 ) ;
#801 = CARTESIAN_POINT ( 'NONE',  ( 0.1750000000000000167, -2.000000000000000000, 0.0000000000000000000 ) ) ;
#802 = DIRECTION ( 'NONE',  ( -1.000000000000000000, 6.505213034913026604E-15, 0.0000000000000000000 ) ) ;
#803 = ADVANCED_FACE ( 'NONE', ( #3704 ), #1663, .F. ) ;
#804 = VECTOR ( 'NONE', #1615, 1000.000000000000000 ) ;
#805 = SURFACE_STYLE_USAGE ( .BOTH. , #1207 ) ;
#806 =( NAMED_UNIT ( * ) SI_UNIT ( $, .STERADIAN. ) SOLID_ANGLE_UNIT ( ) );
#807 = VECTOR ( 'NONE', #4391, 1000.000000000000000 ) ;
#808 = FACE_OUTER_BOUND ( 'NONE', #3198, .T. ) ;
#809 = EDGE_CURVE ( 'NONE', #1757, #3182, #4016, .T. ) ;
#810 = EDGE_CURVE ( 'NONE', #2036, #496, #8, .T. ) ;
#811 = FACE_OUTER_BOUND ( 'NONE', #3151, .T. ) ;
#812 = VERTEX_POINT ( 'NONE', #4103 ) ;
#813 = CARTESIAN_POINT ( 'NONE',  ( 1.989999999999999547, -0.4750000000000205169, 0.9200000000000000400 ) ) ;
#814 = CARTESIAN_POINT ( 'NONE',  ( -1.599999999999999201, 0.1750000000000053735, 0.2000000000000000111 ) ) ;
#815 = CARTESIAN_POINT ( 'NONE',  ( -1.989999999999999547, -1.989999999999999991, 0.02000000000000000042 ) ) ;
#816 = FILL_AREA_STYLE ('',( #3211 ) ) ;
#817 =( NAMED_UNIT ( * ) PLANE_ANGLE_UNIT ( ) SI_UNIT ( $, .RADIAN. ) );
#818 = LINE ( 'NONE', #1286, #1747 ) ;
#819 = ORIENTED_EDGE ( 'NONE', *, *, #4745, .F. ) ;
#820 = DIRECTION ( 'NONE',  ( 5.421010862427523156E-16, -1.000000000000000000, 0.0000000000000000000 ) ) ;
#821 = CARTESIAN_POINT ( 'NONE',  ( 0.4750000000000111910, 1.599999999999996536, 0.0000000000000000000 ) ) ;
#822 =( LENGTH_UNIT ( ) NAMED_UNIT ( * ) SI_UNIT ( .MILLI., .METRE. ) );
#823 = VECTOR ( 'NONE', #2448, 1000.000000000000000 ) ;
#824 = VERTEX_POINT ( 'NONE', #2496 ) ;
#825 =( NAMED_UNIT ( * ) PLANE_ANGLE_UNIT ( ) SI_UNIT ( $, .RADIAN. ) );
#826 = CARTESIAN_POINT ( 'NONE',  ( -1.349999999999999867, -1.350000000000000089, 0.0000000000000000000 ) ) ;
#827 =( NAMED_UNIT ( * ) PLANE_ANGLE_UNIT ( ) SI_UNIT ( $, .RADIAN. ) );
#828 = EDGE_CURVE ( 'NONE', #5114, #321, #2807, .T. ) ;
#829 = CARTESIAN_POINT ( 'NONE',  ( 1.999999999999995337, -0.4750000000000206835, 0.2000000000000000111 ) ) ;
#830 = ORIENTED_EDGE ( 'NONE', *, *, #2915, .T. ) ;
#831 = EDGE_CURVE ( 'NONE', #119, #3521, #4890, .T. ) ;
#832 = EDGE_CURVE ( 'NONE', #1002, #2103, #2069, .T. ) ;
#833 = DIRECTION ( 'NONE',  ( 7.047314121155777243E-15, 1.000000000000000000, 0.0000000000000000000 ) ) ;
#834 = FILL_AREA_STYLE ('',( #2063 ) ) ;
#835 = SURFACE_STYLE_USAGE ( .BOTH. , #90 ) ;
#836 = VERTEX_POINT ( 'NONE', #4836 ) ;
#837 = FILL_AREA_STYLE ('',( #2868 ) ) ;
#838 = LINE ( 'NONE', #498, #38 ) ;
#839 = STYLED_ITEM ( 'NONE', ( #865 ), #803 ) ;
#840 = CARTESIAN_POINT ( 'NONE',  ( -2.000000000000001776, -0.4749999999999932054, 0.2000000000000000111 ) ) ;
#841 =( NAMED_UNIT ( * ) PLANE_ANGLE_UNIT ( ) SI_UNIT ( $, .RADIAN. ) );
#842 = ORIENTED_EDGE ( 'NONE', *, *, #3013, .T. ) ;
#843 = ORIENTED_EDGE ( 'NONE', *, *, #2137, .F. ) ;
#844 = CARTESIAN_POINT ( 'NONE',  ( -1.600000000000000755, -0.1749999999999946598, 0.0000000000000000000 ) ) ;
#845 = DIRECTION ( 'NONE',  ( -1.000000000000000000, 0.0000000000000000000, -0.0000000000000000000 ) ) ;
#846 = VECTOR ( 'NONE', #2040, 1000.000000000000000 ) ;
#847 = SURFACE_STYLE_FILL_AREA ( #2362 ) ;
#848 =( NAMED_UNIT ( * ) PLANE_ANGLE_UNIT ( ) SI_UNIT ( $, .RADIAN. ) );
#849 = ORIENTED_EDGE ( 'NONE', *, *, #5015, .T. ) ;
#850 =( NAMED_UNIT ( * ) SI_UNIT ( $, .STERADIAN. ) SOLID_ANGLE_UNIT ( ) );
#851 = DIRECTION ( 'NONE',  ( 0.0000000000000000000, 0.0000000000000000000, 1.000000000000000000 ) ) ;
#852 = UNCERTAINTY_MEASURE_WITH_UNIT (LENGTH_MEASURE( 1.000000000000000082E-05 ), #4510, 'distance_accuracy_value', 'NONE');
#853 = CARTESIAN_POINT ( 'NONE',  ( 1.600000000000001865, 0.1749999999999835021, 0.2000000000000000111 ) ) ;
#854 = DIRECTION ( 'NONE',  ( 1.000000000000000000, -2.710505431213761874E-15, -0.0000000000000000000 ) ) ;
#855 = ORIENTED_EDGE ( 'NONE', *, *, #557, .T. ) ;
#856 = CARTESIAN_POINT ( 'NONE',  ( -1.999999999999997113, 0.8250000000000067280, 0.2000000000000000111 ) ) ;
#857 = DIRECTION ( 'NONE',  ( 2.179300849217094085E-16, -1.000000000000000000, 0.0000000000000000000 ) ) ;
#858 = STYLED_ITEM ( 'NONE', ( #137 ), #3928 ) ;
#859 = FILL_AREA_STYLE ('',( #2520 ) ) ;
#860 = VECTOR ( 'NONE', #2536, 1000.000000000000000 ) ;
#861 = EDGE_CURVE ( 'NONE', #2051, #1524, #4448, .T. ) ;
#862 = ORIENTED_EDGE ( 'NONE', *, *, #3445, .F. ) ;
#863 = DIRECTION ( 'NONE',  ( 0.0000000000000000000, 0.0000000000000000000, -1.000000000000000000 ) ) ;
#864 = CARTESIAN_POINT ( 'NONE',  ( 1.989999999999999547, 0.1749999999999792000, 0.02000000000000000042 ) ) ;
#865 = PRESENTATION_STYLE_ASSIGNMENT (( #5208 ) ) ;
#866 =( NAMED_UNIT ( * ) SI_UNIT ( $, .STERADIAN. ) SOLID_ANGLE_UNIT ( ) );
#867 =( GEOMETRIC_REPRESENTATION_CONTEXT ( 3 ) GLOBAL_UNCERTAINTY_ASSIGNED_CONTEXT ( ( #2607 ) ) GLOBAL_UNIT_ASSIGNED_CONTEXT ( ( #3894, #1091, #2706 ) ) REPRESENTATION_CONTEXT ( 'NONE', 'WORKASPACE' ) );
#868 = MECHANICAL_DESIGN_GEOMETRIC_PRESENTATION_REPRESENTATION (  '', ( #5019 ), #5090 ) ;
#869 = DIRECTION ( 'NONE',  ( -0.0000000000000000000, -0.0000000000000000000, -1.000000000000000000 ) ) ;
#870 = CARTESIAN_POINT ( 'NONE',  ( -1.599999999999999201, 0.1750000000000053735, 0.2000000000000000111 ) ) ;
#871 = EDGE_CURVE ( 'NONE', #3481, #4270, #384, .T. ) ;
#872 = ORIENTED_EDGE ( 'NONE', *, *, #3307, .T. ) ;
#873 = VECTOR ( 'NONE', #677, 1000.000000000000000 ) ;
#874 = VECTOR ( 'NONE', #863, 1000.000000000000000 ) ;
#875 = ORIENTED_EDGE ( 'NONE', *, *, #5098, .F. ) ;
#876 = DIRECTION ( 'NONE',  ( -1.000000000000000000, 0.0000000000000000000, -0.0000000000000000000 ) ) ;
#877 = SURFACE_STYLE_USAGE ( .BOTH. , #452 ) ;
#878 = FILL_AREA_STYLE ('',( #453 ) ) ;
#879 = CARTESIAN_POINT ( 'NONE',  ( 0.8250000000000000666, -1.600000000000000311, 0.0000000000000000000 ) ) ;
#880 = COLOUR_RGB ( '',0.1254901960784313708, 0.1254901960784313708, 0.1254901960784313708 ) ;
#881 =( GEOMETRIC_REPRESENTATION_CONTEXT ( 3 ) GLOBAL_UNCERTAINTY_ASSIGNED_CONTEXT ( ( #1862 ) ) GLOBAL_UNIT_ASSIGNED_CONTEXT ( ( #3639, #5204, #1189 ) ) REPRESENTATION_CONTEXT ( 'NONE', 'WORKASPACE' ) );
#882 =( GEOMETRIC_REPRESENTATION_CONTEXT ( 3 ) GLOBAL_UNCERTAINTY_ASSIGNED_CONTEXT ( ( #5042 ) ) GLOBAL_UNIT_ASSIGNED_CONTEXT ( ( #233, #211, #5068 ) ) REPRESENTATION_CONTEXT ( 'NONE', 'WORKASPACE' ) );
#883 = CARTESIAN_POINT ( 'NONE',  ( -2.000000000000000444, -0.1749999999999932443, 0.0000000000000000000 ) ) ;
#884 = ORIENTED_EDGE ( 'NONE', *, *, #5224, .T. ) ;
#885 = VECTOR ( 'NONE', #4970, 1000.000000000000000 ) ;
#886 = VECTOR ( 'NONE', #1522, 1000.000000000000000 ) ;
#887 = UNCERTAINTY_MEASURE_WITH_UNIT (LENGTH_MEASURE( 1.000000000000000082E-05 ), #2410, 'distance_accuracy_value', 'NONE');
#888 = VECTOR ( 'NONE', #3130, 1000.000000000000000 ) ;
#889 = STYLED_ITEM ( 'NONE', ( #2969 ), #2789 ) ;
#890 = FILL_AREA_STYLE_COLOUR ( '', #2731 ) ;
#891 = LINE ( 'NONE', #2516, #346 ) ;
#892 = STYLED_ITEM ( 'NONE', ( #3146 ), #5135 ) ;
#893 = STYLED_ITEM ( 'NONE', ( #4850 ), #2815 ) ;
#894 = SURFACE_STYLE_FILL_AREA ( #4227 ) ;
#895 = LINE ( 'NONE', #2519, #3199 ) ;
#896 = FACE_OUTER_BOUND ( 'NONE', #1359, .T. ) ;
#897 = ORIENTED_EDGE ( 'NONE', *, *, #262, .T. ) ;
#898 = LINE ( 'NONE', #925, #5106 ) ;
#899 = CARTESIAN_POINT ( 'NONE',  ( -1.989999999999999991, 1.989999999999999991, 0.1999999999999999833 ) ) ;
#900 = LINE ( 'NONE', #3042, #5148 ) ;
#901 = EDGE_CURVE ( 'NONE', #1143, #194, #900, .T. ) ;
#902 =( NAMED_UNIT ( * ) PLANE_ANGLE_UNIT ( ) SI_UNIT ( $, .RADIAN. ) );
#903 = CARTESIAN_POINT ( 'NONE',  ( -1.989999999999999991, 0.8250000000000067280, 0.02000000000000000042 ) ) ;
#904 = ORIENTED_EDGE ( 'NONE', *, *, #2171, .T. ) ;
#905 = ORIENTED_EDGE ( 'NONE', *, *, #5196, .F. ) ;
#906 = LINE ( 'NONE', #2897, #885 ) ;
#907 = CARTESIAN_POINT ( 'NONE',  ( 1.124999999999999778, -1.600000000000000311, 0.02000000000000000042 ) ) ;
#908 = CARTESIAN_POINT ( 'NONE',  ( 1.599999999999994982, -0.4750000000000165201, 0.2000000000000000111 ) ) ;
#909 = EDGE_CURVE ( 'NONE', #3046, #3956, #2361, .T. ) ;
#910 =( NAMED_UNIT ( * ) SI_UNIT ( $, .STERADIAN. ) SOLID_ANGLE_UNIT ( ) );
#911 = DIRECTION ( 'NONE',  ( 9.396418828207708776E-15, 1.000000000000000000, 0.0000000000000000000 ) ) ;
#912 = SURFACE_STYLE_USAGE ( .BOTH. , #3761 ) ;
#913 = VERTEX_POINT ( 'NONE', #3525 ) ;
#914 = CARTESIAN_POINT ( 'NONE',  ( -0.8249999999999889644, 1.600000000000006084, 0.2000000000000000111 ) ) ;
#915 = DIRECTION ( 'NONE',  ( 1.000000000000000000, 0.0000000000000000000, 0.0000000000000000000 ) ) ;
#916 = AXIS2_PLACEMENT_3D ( 'NONE', #1793, #3334, #553 ) ;
#917 = LINE ( 'NONE', #2881, #3304 ) ;
#918 = UNCERTAINTY_MEASURE_WITH_UNIT (LENGTH_MEASURE( 1.000000000000000082E-05 ), #2513, 'distance_accuracy_value', 'NONE');
#919 = DIRECTION ( 'NONE',  ( 6.776263578034401135E-15, 1.000000000000000000, 0.0000000000000000000 ) ) ;
#920 = DIRECTION ( 'NONE',  ( -0.0000000000000000000, 0.0000000000000000000, -1.000000000000000000 ) ) ;
#921 = SURFACE_STYLE_USAGE ( .BOTH. , #3775 ) ;
#922 =( NAMED_UNIT ( * ) PLANE_ANGLE_UNIT ( ) SI_UNIT ( $, .RADIAN. ) );
#923 = CARTESIAN_POINT ( 'NONE',  ( -1.989999999999984004, -0.4749999999999791056, 0.02000000000000000042 ) ) ;
#924 = VERTEX_POINT ( 'NONE', #256 ) ;
#925 = CARTESIAN_POINT ( 'NONE',  ( -1.989999999999990887, 0.4750000000000066391, 0.02000000000000000042 ) ) ;
#926 = CARTESIAN_POINT ( 'NONE',  ( -0.1750000000000000167, -1.989999999999999991, 0.02000000000000000042 ) ) ;
#927 =( LENGTH_UNIT ( ) NAMED_UNIT ( * ) SI_UNIT ( .MILLI., .METRE. ) );
#928 = ORIENTED_EDGE ( 'NONE', *, *, #771, .F. ) ;
#929 = PRESENTATION_STYLE_ASSIGNMENT (( #1666 ) ) ;
#930 = CARTESIAN_POINT ( 'NONE',  ( 1.989999999999999103, 1.989999999999999991, 0.02000000000000000042 ) ) ;
#931 = VERTEX_POINT ( 'NONE', #310 ) ;
#932 = COLOUR_RGB ( '',0.7529411764705882248, 0.7529411764705882248, 0.7529411764705882248 ) ;
#933 = ORIENTED_EDGE ( 'NONE', *, *, #3504, .T. ) ;
#934 = CARTESIAN_POINT ( 'NONE',  ( -1.989999999999999547, -1.989999999999999991, 0.9200000000000000400 ) ) ;
#935 = FILL_AREA_STYLE ('',( #2627 ) ) ;
#936 = CARTESIAN_POINT ( 'NONE',  ( 1.600000000000011857, 1.124999999999983347, 0.2000000000000000111 ) ) ;
#937 = VECTOR ( 'NONE', #3721, 1000.000000000000000 ) ;
#938 = SURFACE_STYLE_FILL_AREA ( #2186 ) ;
#939 = ORIENTED_EDGE ( 'NONE', *, *, #444, .F. ) ;
#940 = EDGE_CURVE ( 'NONE', #3401, #4853, #4357, .T. ) ;
#941 = ADVANCED_FACE ( 'NONE', ( #1159 ), #1125, .F. ) ;
#942 = LINE ( 'NONE', #1789, #1845 ) ;
#943 = CARTESIAN_POINT ( 'NONE',  ( -0.8249999999999999556, -2.000000000000000000, 0.2000000000000000111 ) ) ;
#944 = UNCERTAINTY_MEASURE_WITH_UNIT (LENGTH_MEASURE( 1.000000000000000082E-05 ), #1390, 'distance_accuracy_value', 'NONE');
#945 = EDGE_CURVE ( 'NONE', #2600, #301, #917, .T. ) ;
#946 = SURFACE_STYLE_FILL_AREA ( #520 ) ;
#947 = LINE ( 'NONE', #4654, #4733 ) ;
#948 =( NAMED_UNIT ( * ) SI_UNIT ( $, .STERADIAN. ) SOLID_ANGLE_UNIT ( ) );
#949 = DIRECTION ( 'NONE',  ( -2.179300849217094331E-16, 1.000000000000000000, -0.0000000000000000000 ) ) ;
#950 = CARTESIAN_POINT ( 'NONE',  ( -0.1749999999999888589, 1.600000000000001421, 0.2000000000000000111 ) ) ;
#951 = FILL_AREA_STYLE_COLOUR ( '', #2843 ) ;
#952 = CARTESIAN_POINT ( 'NONE',  ( -0.1749999999999999889, -1.599999999999999867, 0.0000000000000000000 ) ) ;
#953 = ORIENTED_EDGE ( 'NONE', *, *, #2822, .F. ) ;
#954 = ORIENTED_EDGE ( 'NONE', *, *, #1725, .F. ) ;
#955 = CARTESIAN_POINT ( 'NONE',  ( -1.350000000000000089, 1.350000000000000089, 0.05000000000000000278 ) ) ;
#956 = MECHANICAL_DESIGN_GEOMETRIC_PRESENTATION_REPRESENTATION (  '', ( #3244 ), #2829 ) ;
#957 =( LENGTH_UNIT ( ) NAMED_UNIT ( * ) SI_UNIT ( .MILLI., .METRE. ) );
#958 = DIRECTION ( 'NONE',  ( 0.0000000000000000000, -0.0000000000000000000, -1.000000000000000000 ) ) ;
#959 =( NAMED_UNIT ( * ) PLANE_ANGLE_UNIT ( ) SI_UNIT ( $, .RADIAN. ) );
#960 = PRESENTATION_STYLE_ASSIGNMENT (( #1379 ) ) ;
#961 = STYLED_ITEM ( 'NONE', ( #1265 ), #1784 ) ;
#962 = ORIENTED_EDGE ( 'NONE', *, *, #3906, .T. ) ;
#963 = EDGE_LOOP ( 'NONE', ( #4965, #4768, #3284, #4645 ) ) ;
#964 = SURFACE_SIDE_STYLE ('',( #2978 ) ) ;
#965 = COLOUR_RGB ( '',0.7529411764705882248, 0.7529411764705882248, 0.7529411764705882248 ) ;
#966 = AXIS2_PLACEMENT_3D ( 'NONE', #756, #3581, #1982 ) ;
#967 = MECHANICAL_DESIGN_GEOMETRIC_PRESENTATION_REPRESENTATION (  '', ( #1986 ), #708 ) ;
#968 = UNCERTAINTY_MEASURE_WITH_UNIT (LENGTH_MEASURE( 1.000000000000000082E-05 ), #3813, 'distance_accuracy_value', 'NONE');
#969 = EDGE_CURVE ( 'NONE', #1584, #987, #1300, .T. ) ;
#970 = CARTESIAN_POINT ( 'NONE',  ( -0.4749999999999999778, -1.599999999999999867, 0.2000000000000000111 ) ) ;
#971 = AXIS2_PLACEMENT_3D ( 'NONE', #370, #1971, #2716 ) ;
#972 =( GEOMETRIC_REPRESENTATION_CONTEXT ( 3 ) GLOBAL_UNCERTAINTY_ASSIGNED_CONTEXT ( ( #4271 ) ) GLOBAL_UNIT_ASSIGNED_CONTEXT ( ( #2022, #1941, #4435 ) ) REPRESENTATION_CONTEXT ( 'NONE', 'WORKASPACE' ) );
#973 = LINE ( 'NONE', #2421, #2913 ) ;
#974 = PRESENTATION_LAYER_ASSIGNMENT (  '', '', ( #1668 ) ) ;
#975 = VECTOR ( 'NONE', #1234, 1000.000000000000000 ) ;
#976 = DIRECTION ( 'NONE',  ( -1.000000000000000000, 2.710505431213761874E-15, 0.0000000000000000000 ) ) ;
#977 = EDGE_CURVE ( 'NONE', #2865, #1133, #2904, .T. ) ;
#978 = PLANE ( 'NONE',  #2866 ) ;
#979 = EDGE_CURVE ( 'NONE', #2268, #15, #4119, .T. ) ;
#980 = DIRECTION ( 'NONE',  ( 0.0000000000000000000, -0.0000000000000000000, 1.000000000000000000 ) ) ;
#981 = VERTEX_POINT ( 'NONE', #2089 ) ;
#982 = CARTESIAN_POINT ( 'NONE',  ( -1.600000000000000755, -0.1749999999999946598, 0.0000000000000000000 ) ) ;
#983 = AXIS2_PLACEMENT_3D ( 'NONE', #3916, #242, #3507 ) ;
#984 = COLOUR_RGB ( '',0.7529411764705882248, 0.7529411764705882248, 0.7529411764705882248 ) ;
#985 = ORIENTED_EDGE ( 'NONE', *, *, #204, .T. ) ;
#986 = CARTESIAN_POINT ( 'NONE',  ( 1.125000000000000222, -2.000000000000000000, 0.2000000000000000111 ) ) ;
#987 = VERTEX_POINT ( 'NONE', #1748 ) ;
#988 = FILL_AREA_STYLE ('',( #3002 ) ) ;
#989 = SURFACE_STYLE_FILL_AREA ( #169 ) ;
#990 = PRESENTATION_STYLE_ASSIGNMENT (( #4217 ) ) ;
#991 = ORIENTED_EDGE ( 'NONE', *, *, #1031, .F. ) ;
#992 = ORIENTED_EDGE ( 'NONE', *, *, #3803, .T. ) ;
#993 = UNCERTAINTY_MEASURE_WITH_UNIT (LENGTH_MEASURE( 1.000000000000000082E-05 ), #1454, 'distance_accuracy_value', 'NONE');
#994 = FILL_AREA_STYLE_COLOUR ( '', #4203 ) ;
#995 = DIRECTION ( 'NONE',  ( 0.7071067811865489050, 0.0000000000000000000, 0.7071067811865462405 ) ) ;
#996 = CIRCLE ( 'NONE', #3546, 0.1700000000000000122 ) ;
#997 = SURFACE_STYLE_FILL_AREA ( #646 ) ;
#998 = EDGE_CURVE ( 'NONE', #4726, #931, #4151, .T. ) ;
#999 = DIRECTION ( 'NONE',  ( 1.000000000000000000, 0.0000000000000000000, 0.0000000000000000000 ) ) ;
#1000 =( NAMED_UNIT ( * ) PLANE_ANGLE_UNIT ( ) SI_UNIT ( $, .RADIAN. ) );
#1001 = CARTESIAN_POINT ( 'NONE',  ( 1.599999999999988320, -1.125000000000016431, 0.2000000000000000111 ) ) ;
#1002 = VERTEX_POINT ( 'NONE', #492 ) ;
#1003 = CARTESIAN_POINT ( 'NONE',  ( -1.349999999999999645, -1.350000000000000089, 0.02000000000000000042 ) ) ;
#1004 = EDGE_CURVE ( 'NONE', #2376, #767, #2114, .T. ) ;
#1005 = ORIENTED_EDGE ( 'NONE', *, *, #3901, .T. ) ;
#1006 = LINE ( 'NONE', #2177, #4618 ) ;
#1007 = ORIENTED_EDGE ( 'NONE', *, *, #2763, .F. ) ;
#1008 = FILL_AREA_STYLE_COLOUR ( '', #197 ) ;
#1009 = DIRECTION ( 'NONE',  ( 1.011922027653138050E-14, 1.000000000000000000, -0.0000000000000000000 ) ) ;
#1010 = ORIENTED_EDGE ( 'NONE', *, *, #4925, .F. ) ;
#1011 = VERTEX_POINT ( 'NONE', #3360 ) ;
#1012 = DIRECTION ( 'NONE',  ( -1.000000000000000000, 3.320369153236854568E-15, 0.0000000000000000000 ) ) ;
#1013 = DIRECTION ( 'NONE',  ( -1.000000000000000000, -0.0000000000000000000, -0.0000000000000000000 ) ) ;
#1014 =( NAMED_UNIT ( * ) SI_UNIT ( $, .STERADIAN. ) SOLID_ANGLE_UNIT ( ) );
#1015 = DIRECTION ( 'NONE',  ( 1.000000000000000000, 0.0000000000000000000, -0.0000000000000000000 ) ) ;
#1016 = ADVANCED_BREP_SHAPE_REPRESENTATION ( '6DDC78CF-C74D-4043-82C9-DA2438B527B4', ( #2639, #4309 ), #1340 ) ;
#1017 = ORIENTED_EDGE ( 'NONE', *, *, #3081, .T. ) ;
#1018 = DIRECTION ( 'NONE',  ( -0.0000000000000000000, 0.0000000000000000000, -1.000000000000000000 ) ) ;
#1019 = DIRECTION ( 'NONE',  ( 1.000000000000000000, 0.0000000000000000000, 0.0000000000000000000 ) ) ;
#1020 = DIRECTION ( 'NONE',  ( -0.0000000000000000000, -0.0000000000000000000, -1.000000000000000000 ) ) ;
#1021 = UNCERTAINTY_MEASURE_WITH_UNIT (LENGTH_MEASURE( 1.000000000000000082E-05 ), #3548, 'distance_accuracy_value', 'NONE');
#1022 =( LENGTH_UNIT ( ) NAMED_UNIT ( * ) SI_UNIT ( .MILLI., .METRE. ) );
#1023 = ORIENTED_EDGE ( 'NONE', *, *, #544, .T. ) ;
#1024 =( NAMED_UNIT ( * ) PLANE_ANGLE_UNIT ( ) SI_UNIT ( $, .RADIAN. ) );
#1025 =( NAMED_UNIT ( * ) PLANE_ANGLE_UNIT ( ) SI_UNIT ( $, .RADIAN. ) );
#1026 = EDGE_CURVE ( 'NONE', #1143, #2641, #1210, .T. ) ;
#1027 = CARTESIAN_POINT ( 'NONE',  ( -1.124999999999986233, 2.000000000000007994, 0.2000000000000000111 ) ) ;
#1028 = VERTEX_POINT ( 'NONE', #397 ) ;
#1029 = ORIENTED_EDGE ( 'NONE', *, *, #5069, .F. ) ;
#1030 = ORIENTED_EDGE ( 'NONE', *, *, #1610, .T. ) ;
#1031 = EDGE_CURVE ( 'NONE', #4139, #1819, #5241, .T. ) ;
#1032 = SURFACE_SIDE_STYLE ('',( #239 ) ) ;
#1033 = ORIENTED_EDGE ( 'NONE', *, *, #1898, .F. ) ;
#1034 = ORIENTED_EDGE ( 'NONE', *, *, #5232, .F. ) ;
#1035 =( NAMED_UNIT ( * ) PLANE_ANGLE_UNIT ( ) SI_UNIT ( $, .RADIAN. ) );
#1036 = CARTESIAN_POINT ( 'NONE',  ( -0.8249999999999889644, 1.600000000000006306, 0.02000000000000000042 ) ) ;
#1037 =( LENGTH_UNIT ( ) NAMED_UNIT ( * ) SI_UNIT ( .MILLI., .METRE. ) );
#1038 = EDGE_CURVE ( 'NONE', #1924, #4437, #2981, .T. ) ;
#1039 = PLANE ( 'NONE',  #2993 ) ;
#1040 = ORIENTED_EDGE ( 'NONE', *, *, #3117, .F. ) ;
#1041 = VECTOR ( 'NONE', #2640, 1000.000000000000000 ) ;
#1042 = AXIS2_PLACEMENT_3D ( 'NONE', #109, #3746, #493 ) ;
#1043 = ORIENTED_EDGE ( 'NONE', *, *, #641, .T. ) ;
#1044 = CARTESIAN_POINT ( 'NONE',  ( 2.000000000000004885, 0.4749999999999792721, 0.2000000000000000111 ) ) ;
#1045 = STYLED_ITEM ( 'NONE', ( #494 ), #1701 ) ;
#1046 = CARTESIAN_POINT ( 'NONE',  ( -1.989999999999976232, 1.600000000000012967, 0.02000000000000000042 ) ) ;
#1047 = PRESENTATION_LAYER_ASSIGNMENT (  '', '', ( #2909 ) ) ;
#1048 = AXIS2_PLACEMENT_3D ( 'NONE', #4574, #4613, #1743 ) ;
#1049 = PRESENTATION_LAYER_ASSIGNMENT (  '', '', ( #4785 ) ) ;
#1050 = SURFACE_SIDE_STYLE ('',( #2210 ) ) ;
#1051 = VERTEX_POINT ( 'NONE', #4307 ) ;
#1052 = CARTESIAN_POINT ( 'NONE',  ( 1.600000000000001865, 0.1749999999999835021, 0.0000000000000000000 ) ) ;
#1053 = COLOUR_RGB ( '',0.7529411764705882248, 0.7529411764705882248, 0.7529411764705882248 ) ;
#1055 = PRESENTATION_LAYER_ASSIGNMENT (  '', '', ( #3335 ) ) ;
#1054 =( NAMED_UNIT ( * ) PLANE_ANGLE_UNIT ( ) SI_UNIT ( $, .RADIAN. ) );
#1056 =( NAMED_UNIT ( * ) PLANE_ANGLE_UNIT ( ) SI_UNIT ( $, .RADIAN. ) );
#1057 = PRESENTATION_LAYER_ASSIGNMENT (  '', '', ( #793 ) ) ;
#1058 = DIRECTION ( 'NONE',  ( -1.000000000000000000, -7.228014483236700500E-16, 0.0000000000000000000 ) ) ;
#1059 = MECHANICAL_DESIGN_GEOMETRIC_PRESENTATION_REPRESENTATION (  '', ( #365 ), #4638 ) ;
#1060 = VECTOR ( 'NONE', #4816, 1000.000000000000000 ) ;
#1061 = VERTEX_POINT ( 'NONE', #2663 ) ;
#1062 =( NAMED_UNIT ( * ) SI_UNIT ( $, .STERADIAN. ) SOLID_ANGLE_UNIT ( ) );
#1063 = COLOUR_RGB ( '',0.7529411764705882248, 0.7529411764705882248, 0.7529411764705882248 ) ;
#1064 =( NAMED_UNIT ( * ) PLANE_ANGLE_UNIT ( ) SI_UNIT ( $, .RADIAN. ) );
#1065 = ORIENTED_EDGE ( 'NONE', *, *, #4427, .F. ) ;
#1066 = ORIENTED_EDGE ( 'NONE', *, *, #4358, .T. ) ;
#1067 = FILL_AREA_STYLE ('',( #3917 ) ) ;
#1068 = EDGE_CURVE ( 'NONE', #3956, #4913, #4619, .T. ) ;
#1069 = LINE ( 'NONE', #244, #2460 ) ;
#1070 = DIRECTION ( 'NONE',  ( -8.031127203596329369E-17, 1.000000000000000000, -0.0000000000000000000 ) ) ;
#1071 = EDGE_LOOP ( 'NONE', ( #540, #1471, #3336, #2605 ) ) ;
#1072 = DIRECTION ( 'NONE',  ( -0.0000000000000000000, -0.0000000000000000000, -1.000000000000000000 ) ) ;
#1073 = CARTESIAN_POINT ( 'NONE',  ( 0.8250000000000111688, 1.599999999999994760, 0.02000000000000000042 ) ) ;
#1074 = CARTESIAN_POINT ( 'NONE',  ( 1.599999999999998090, -0.1750000000000165312, 0.2000000000000000111 ) ) ;
#1075 = EDGE_CURVE ( 'NONE', #3931, #3205, #2233, .T. ) ;
#1076 = EDGE_CURVE ( 'NONE', #3254, #5233, #4246, .T. ) ;
#1077 = FILL_AREA_STYLE ('',( #3486 ) ) ;
#1078 = UNCERTAINTY_MEASURE_WITH_UNIT (LENGTH_MEASURE( 1.000000000000000082E-05 ), #1709, 'distance_accuracy_value', 'NONE');
#1079 = SURFACE_STYLE_FILL_AREA ( #5138 ) ;
#1080 = ORIENTED_EDGE ( 'NONE', *, *, #1137, .T. ) ;
#1081 = DIRECTION ( 'NONE',  ( -1.000000000000000000, 1.050320854595332578E-14, 0.0000000000000000000 ) ) ;
#1082 = PRESENTATION_STYLE_ASSIGNMENT (( #648 ) ) ;
#1083 =( LENGTH_UNIT ( ) NAMED_UNIT ( * ) SI_UNIT ( .MILLI., .METRE. ) );
#1084 = VERTEX_POINT ( 'NONE', #1790 ) ;
#1085 = ORIENTED_EDGE ( 'NONE', *, *, #1097, .F. ) ;
#1086 =( LENGTH_UNIT ( ) NAMED_UNIT ( * ) SI_UNIT ( .MILLI., .METRE. ) );
#1087 = PLANE ( 'NONE',  #1498 ) ;
#1088 = ORIENTED_EDGE ( 'NONE', *, *, #2979, .T. ) ;
#1089 = CARTESIAN_POINT ( 'NONE',  ( -2.000000000000003997, -1.124999999999993339, 0.2000000000000000111 ) ) ;
#1090 = CARTESIAN_POINT ( 'NONE',  ( 1.350000000000000089, 1.350000000000000089, 0.05000000000000000278 ) ) ;
#1091 =( NAMED_UNIT ( * ) PLANE_ANGLE_UNIT ( ) SI_UNIT ( $, .RADIAN. ) );
#1092 = ORIENTED_EDGE ( 'NONE', *, *, #4960, .T. ) ;
#1093 = PRESENTATION_LAYER_ASSIGNMENT (  '', '', ( #4669 ) ) ;
#1094 =( NAMED_UNIT ( * ) SI_UNIT ( $, .STERADIAN. ) SOLID_ANGLE_UNIT ( ) );
#1095 = UNCERTAINTY_MEASURE_WITH_UNIT (LENGTH_MEASURE( 1.000000000000000082E-05 ), #2900, 'distance_accuracy_value', 'NONE');
#1096 = SURFACE_STYLE_FILL_AREA ( #1841 ) ;
#1097 = EDGE_CURVE ( 'NONE', #5009, #4361, #201, .T. ) ;
#1098 = EDGE_LOOP ( 'NONE', ( #1797, #779, #42, #962 ) ) ;
#1099 = EDGE_CURVE ( 'NONE', #1478, #4013, #130, .T. ) ;
#1100 = VECTOR ( 'NONE', #4007, 1000.000000000000000 ) ;
#1101 = CARTESIAN_POINT ( 'NONE',  ( 0.1750000000000000167, -2.000000000000000000, 0.0000000000000000000 ) ) ;
#1102 = PRESENTATION_LAYER_ASSIGNMENT (  '', '', ( #3387 ) ) ;
#1103 = EDGE_CURVE ( 'NONE', #1110, #2803, #5110, .T. ) ;
#1104 = PRESENTATION_STYLE_ASSIGNMENT (( #4748 ) ) ;
#1105 = VERTEX_POINT ( 'NONE', #4820 ) ;
#1106 = ORIENTED_EDGE ( 'NONE', *, *, #1246, .T. ) ;
#1107 = LINE ( 'NONE', #2723, #2147 ) ;
#1108 = EDGE_LOOP ( 'NONE', ( #289, #635, #1381, #731, #3009, #1460 ) ) ;
#1109 = SURFACE_STYLE_USAGE ( .BOTH. , #292 ) ;
#1110 = VERTEX_POINT ( 'NONE', #4353 ) ;
#1111 =( LENGTH_UNIT ( ) NAMED_UNIT ( * ) SI_UNIT ( .MILLI., .METRE. ) );
#1112 = CARTESIAN_POINT ( 'NONE',  ( -1.989999999999976232, 1.600000000000012967, 0.02000000000000000042 ) ) ;
#1113 = SURFACE_STYLE_FILL_AREA ( #3132 ) ;
#1114 = FACE_OUTER_BOUND ( 'NONE', #2341, .T. ) ;
#1115 = FILL_AREA_STYLE_COLOUR ( '', #4036 ) ;
#1116 = CARTESIAN_POINT ( 'NONE',  ( -2.000000000000001776, -0.4749999999999932054, 0.0000000000000000000 ) ) ;
#1117 = DIRECTION ( 'NONE',  ( 6.505213034913026604E-15, 1.000000000000000000, -0.0000000000000000000 ) ) ;
#1118 = DIRECTION ( 'NONE',  ( 8.031127203596329369E-17, -1.000000000000000000, 0.0000000000000000000 ) ) ;
#1119 = UNCERTAINTY_MEASURE_WITH_UNIT (LENGTH_MEASURE( 1.000000000000000082E-05 ), #2917, 'distance_accuracy_value', 'NONE');
#1120 = VECTOR ( 'NONE', #1927, 1000.000000000000000 ) ;
#1121 = ORIENTED_EDGE ( 'NONE', *, *, #262, .F. ) ;
#1122 = CARTESIAN_POINT ( 'NONE',  ( 0.4750000000000139666, 1.999999999999996669, 0.0000000000000000000 ) ) ;
#1123 = LINE ( 'NONE', #4848, #4484 ) ;
#1124 =( GEOMETRIC_REPRESENTATION_CONTEXT ( 3 ) GLOBAL_UNCERTAINTY_ASSIGNED_CONTEXT ( ( #424 ) ) GLOBAL_UNIT_ASSIGNED_CONTEXT ( ( #3252, #1607, #1921 ) ) REPRESENTATION_CONTEXT ( 'NONE', 'WORKASPACE' ) );
#1125 = PLANE ( 'NONE',  #4173 ) ;
#1126 = STYLED_ITEM ( 'NONE', ( #4269 ), #3338 ) ;
#1127 = EDGE_CURVE ( 'NONE', #576, #1084, #366, .T. ) ;
#1128 = FILL_AREA_STYLE ('',( #5091 ) ) ;
#1129 = PRESENTATION_LAYER_ASSIGNMENT (  '', '', ( #4626 ) ) ;
#1130 = VECTOR ( 'NONE', #2085, 1000.000000000000000 ) ;
#1131 = SURFACE_STYLE_FILL_AREA ( #699 ) ;
#1132 = VECTOR ( 'NONE', #3527, 1000.000000000000000 ) ;
#1133 = VERTEX_POINT ( 'NONE', #3196 ) ;
#1134 = FILL_AREA_STYLE ('',( #3614 ) ) ;
#1135 = ORIENTED_EDGE ( 'NONE', *, *, #3019, .F. ) ;
#1136 = EDGE_CURVE ( 'NONE', #3558, #1061, #2794, .T. ) ;
#1137 = EDGE_CURVE ( 'NONE', #1028, #590, #3167, .T. ) ;
#1138 = PRESENTATION_LAYER_ASSIGNMENT (  '', '', ( #2399 ) ) ;
#1139 = VECTOR ( 'NONE', #4701, 1000.000000000000000 ) ;
#1140 = PRESENTATION_LAYER_ASSIGNMENT (  '', '', ( #4704 ) ) ;
#1141 = VERTEX_POINT ( 'NONE', #5189 ) ;
#1142 = SURFACE_STYLE_FILL_AREA ( #4400 ) ;
#1143 = VERTEX_POINT ( 'NONE', #332 ) ;
#1144 = VECTOR ( 'NONE', #1012, 1000.000000000000000 ) ;
#1145 =( GEOMETRIC_REPRESENTATION_CONTEXT ( 3 ) GLOBAL_UNCERTAINTY_ASSIGNED_CONTEXT ( ( #4821 ) ) GLOBAL_UNIT_ASSIGNED_CONTEXT ( ( #3647, #902, #14 ) ) REPRESENTATION_CONTEXT ( 'NONE', 'WORKASPACE' ) );
#1146 = CARTESIAN_POINT ( 'NONE',  ( -1.989999999999999547, -1.989999999999999991, 0.02000000000000000042 ) ) ;
#1147 = CARTESIAN_POINT ( 'NONE',  ( -1.600000000000001865, -0.4749999999999946487, 0.01999999999999999695 ) ) ;
#1148 = CARTESIAN_POINT ( 'NONE',  ( 1.350000000000000089, 1.350000000000000089, 0.0000000000000000000 ) ) ;
#1149 = STYLED_ITEM ( 'NONE', ( #2703 ), #4831 ) ;
#1150 =( LENGTH_UNIT ( ) NAMED_UNIT ( * ) SI_UNIT ( .MILLI., .METRE. ) );
#1151 = FILL_AREA_STYLE_COLOUR ( '', #2153 ) ;
#1152 = EDGE_LOOP ( 'NONE', ( #3920, #1599, #1088, #4408 ) ) ;
#1153 = COLOUR_RGB ( '',0.1254901960784313708, 0.1254901960784313708, 0.1254901960784313708 ) ;
#1154 = DIRECTION ( 'NONE',  ( -2.891205793294679411E-15, -1.000000000000000000, 0.0000000000000000000 ) ) ;
#1155 = CARTESIAN_POINT ( 'NONE',  ( -1.989999999999980895, -0.1749999999999794220, 0.02000000000000000042 ) ) ;
#1156 = CARTESIAN_POINT ( 'NONE',  ( 1.600000000000011857, 1.124999999999983347, 0.2000000000000000111 ) ) ;
#1157 = ORIENTED_EDGE ( 'NONE', *, *, #3082, .T. ) ;
#1158 = CARTESIAN_POINT ( 'NONE',  ( -0.1750000000000000999, -1.599999999999999867, 0.02000000000000000042 ) ) ;
#1159 = FACE_OUTER_BOUND ( 'NONE', #5118, .T. ) ;
#1160 = LINE ( 'NONE', #2774, #4554 ) ;
#1161 = DIRECTION ( 'NONE',  ( -7.228014483236698330E-15, -1.000000000000000000, 0.0000000000000000000 ) ) ;
#1162 = VERTEX_POINT ( 'NONE', #745 ) ;
#1163 = CARTESIAN_POINT ( 'NONE',  ( 1.989999999999999991, -1.125000000000020428, 0.9200000000000000400 ) ) ;
#1164 = ORIENTED_EDGE ( 'NONE', *, *, #206, .T. ) ;
#1165 = PRESENTATION_STYLE_ASSIGNMENT (( #1109 ) ) ;
#1166 = EDGE_CURVE ( 'NONE', #3597, #3549, #2381, .T. ) ;
#1167 = ORIENTED_EDGE ( 'NONE', *, *, #3339, .F. ) ;
#1168 = ADVANCED_FACE ( 'NONE', ( #2738 ), #4383, .F. ) ;
#1169 = LINE ( 'NONE', #3562, #3943 ) ;
#1170 = FILL_AREA_STYLE ('',( #5103 ) ) ;
#1171 =( NAMED_UNIT ( * ) SI_UNIT ( $, .STERADIAN. ) SOLID_ANGLE_UNIT ( ) );
#1172 = FILL_AREA_STYLE ('',( #1115 ) ) ;
#1173 = ORIENTED_EDGE ( 'NONE', *, *, #2143, .T. ) ;
#1174 = LINE ( 'NONE', #1538, #798 ) ;
#1175 = LINE ( 'NONE', #51, #4336 ) ;
#1176 = PRESENTATION_STYLE_ASSIGNMENT (( #4329 ) ) ;
#1177 = UNCERTAINTY_MEASURE_WITH_UNIT (LENGTH_MEASURE( 1.000000000000000082E-05 ), #3440, 'distance_accuracy_value', 'NONE');
#1178 = PRESENTATION_STYLE_ASSIGNMENT (( #5215 ) ) ;
#1179 = SURFACE_STYLE_USAGE ( .BOTH. , #28 ) ;
#1180 = ORIENTED_EDGE ( 'NONE', *, *, #1407, .F. ) ;
#1181 = CARTESIAN_POINT ( 'NONE',  ( -1.989999999999999547, -1.989999999999999991, 0.02000000000000000042 ) ) ;
#1182 = UNCERTAINTY_MEASURE_WITH_UNIT (LENGTH_MEASURE( 1.000000000000000082E-05 ), #4360, 'distance_accuracy_value', 'NONE');
#1183 = MECHANICAL_DESIGN_GEOMETRIC_PRESENTATION_REPRESENTATION (  '', ( #73 ), #3823 ) ;
#1184 =( LENGTH_UNIT ( ) NAMED_UNIT ( * ) SI_UNIT ( .MILLI., .METRE. ) );
#1185 = ORIENTED_EDGE ( 'NONE', *, *, #1520, .T. ) ;
#1186 = PLANE ( 'NONE',  #966 ) ;
#1187 = PRESENTATION_LAYER_ASSIGNMENT (  '', '', ( #1632 ) ) ;
#1188 = EDGE_LOOP ( 'NONE', ( #4317, #3291, #2298, #3357 ) ) ;
#1189 =( NAMED_UNIT ( * ) SI_UNIT ( $, .STERADIAN. ) SOLID_ANGLE_UNIT ( ) );
#1190 = VERTEX_POINT ( 'NONE', #77 ) ;
#1191 =( GEOMETRIC_REPRESENTATION_CONTEXT ( 3 ) GLOBAL_UNCERTAINTY_ASSIGNED_CONTEXT ( ( #3722 ) ) GLOBAL_UNIT_ASSIGNED_CONTEXT ( ( #822, #1676, #3272 ) ) REPRESENTATION_CONTEXT ( 'NONE', 'WORKASPACE' ) );
#1192 = PRESENTATION_STYLE_ASSIGNMENT (( #1990 ) ) ;
#1193 = DIRECTION ( 'NONE',  ( -1.000000000000000000, 7.228014483236692019E-15, 0.0000000000000000000 ) ) ;
#1194 = DIRECTION ( 'NONE',  ( 1.000000000000000000, 0.0000000000000000000, 0.0000000000000000000 ) ) ;
#1195 = SURFACE_SIDE_STYLE ('',( #763 ) ) ;
#1196 = EDGE_CURVE ( 'NONE', #2275, #95, #1621, .T. ) ;
#1197 = LINE ( 'NONE', #1230, #3613 ) ;
#1198 = SURFACE_STYLE_FILL_AREA ( #1172 ) ;
#1199 = ORIENTED_EDGE ( 'NONE', *, *, #4197, .T. ) ;
#1200 = DIRECTION ( 'NONE',  ( 2.179300849217094085E-16, -1.000000000000000000, 0.0000000000000000000 ) ) ;
#1201 = DIRECTION ( 'NONE',  ( 3.614007241618349165E-15, 1.000000000000000000, -0.0000000000000000000 ) ) ;
#1202 = LINE ( 'NONE', #908, #4255 ) ;
#1203 = ADVANCED_FACE ( 'NONE', ( #4915 ), #5214, .F. ) ;
#1204 = EDGE_CURVE ( 'NONE', #4751, #3753, #1202, .T. ) ;
#1205 = PRESENTATION_STYLE_ASSIGNMENT (( #1179 ) ) ;
#1206 = ORIENTED_EDGE ( 'NONE', *, *, #901, .T. ) ;
#1207 = SURFACE_SIDE_STYLE ('',( #3224 ) ) ;
#1208 = LINE ( 'NONE', #729, #3796 ) ;
#1209 = SURFACE_STYLE_FILL_AREA ( #4118 ) ;
#1210 = LINE ( 'NONE', #2824, #1779 ) ;
#1211 = COLOUR_RGB ( '',0.1254901960784313708, 0.1254901960784313708, 0.1254901960784313708 ) ;
#1212 = DIRECTION ( 'NONE',  ( -1.000000000000000000, 0.0000000000000000000, -0.0000000000000000000 ) ) ;
#1213 = DIRECTION ( 'NONE',  ( 0.0000000000000000000, 0.0000000000000000000, -1.000000000000000000 ) ) ;
#1214 = CARTESIAN_POINT ( 'NONE',  ( 2.000000000000001776, 0.1749999999999792832, 0.2000000000000000111 ) ) ;
#1215 = ORIENTED_EDGE ( 'NONE', *, *, #606, .F. ) ;
#1216 = VECTOR ( 'NONE', #1445, 1000.000000000000000 ) ;
#1217 = CARTESIAN_POINT ( 'NONE',  ( 1.999999999999988232, -1.125000000000020650, 0.0000000000000000000 ) ) ;
#1218 = EDGE_LOOP ( 'NONE', ( #1, #4753, #1501, #1033 ) ) ;
#1219 = AXIS2_PLACEMENT_3D ( 'NONE', #3960, #286, #2393 ) ;
#1220 = PRESENTATION_LAYER_ASSIGNMENT (  '', '', ( #4699 ) ) ;
#1221 = COLOUR_RGB ( '',0.7529411764705882248, 0.7529411764705882248, 0.7529411764705882248 ) ;
#1222 =( NAMED_UNIT ( * ) PLANE_ANGLE_UNIT ( ) SI_UNIT ( $, .RADIAN. ) );
#1223 = ORIENTED_EDGE ( 'NONE', *, *, #3720, .F. ) ;
#1224 = CARTESIAN_POINT ( 'NONE',  ( -0.1749999999999999889, -1.599999999999999867, 0.2000000000000000111 ) ) ;
#1225 = CARTESIAN_POINT ( 'NONE',  ( -1.125000000000000000, -1.600000000000000089, 0.2000000000000000111 ) ) ;
#1226 =( GEOMETRIC_REPRESENTATION_CONTEXT ( 3 ) GLOBAL_UNCERTAINTY_ASSIGNED_CONTEXT ( ( #3460 ) ) GLOBAL_UNIT_ASSIGNED_CONTEXT ( ( #4051, #2018, #2733 ) ) REPRESENTATION_CONTEXT ( 'NONE', 'WORKASPACE' ) );
#1227 = STYLED_ITEM ( 'NONE', ( #1848 ), #2455 ) ;
#1228 = VECTOR ( 'NONE', #4297, 1000.000000000000000 ) ;
#1229 = DIRECTION ( 'NONE',  ( 1.000000000000000000, -1.029992063861229055E-14, 0.0000000000000000000 ) ) ;
#1230 = CARTESIAN_POINT ( 'NONE',  ( -1.999999999999997113, 0.8250000000000067280, 0.2000000000000000111 ) ) ;
#1231 = FILL_AREA_STYLE ('',( #3160 ) ) ;
#1232 = COLOUR_RGB ( '',0.7960784313725489669, 0.8235294117647058432, 0.9372549019607843146 ) ;
#1233 = ORIENTED_EDGE ( 'NONE', *, *, #5107, .F. ) ;
#1234 = DIRECTION ( 'NONE',  ( 1.000000000000000000, 0.0000000000000000000, 0.0000000000000000000 ) ) ;
#1235 = ADVANCED_FACE ( 'NONE', ( #2106 ), #4870, .F. ) ;
#1236 = DIRECTION ( 'NONE',  ( 0.0000000000000000000, 0.0000000000000000000, 1.000000000000000000 ) ) ;
#1237 = VECTOR ( 'NONE', #97, 1000.000000000000000 ) ;
#1238 =( NAMED_UNIT ( * ) SI_UNIT ( $, .STERADIAN. ) SOLID_ANGLE_UNIT ( ) );
#1239 = AXIS2_PLACEMENT_3D ( 'NONE', #4911, #4978, #3369 ) ;
#1240 = CARTESIAN_POINT ( 'NONE',  ( 0.1750000000000110911, 1.989999999999999991, 0.1999999999999999833 ) ) ;
#1241 = FACE_OUTER_BOUND ( 'NONE', #5034, .T. ) ;
#1242 = ORIENTED_EDGE ( 'NONE', *, *, #1343, .T. ) ;
#1243 = VECTOR ( 'NONE', #1781, 1000.000000000000000 ) ;
#1244 = PRESENTATION_LAYER_ASSIGNMENT (  '', '', ( #893 ) ) ;
#1245 = EDGE_CURVE ( 'NONE', #3318, #2598, #1805, .T. ) ;
#1246 = EDGE_CURVE ( 'NONE', #1744, #3481, #1783, .T. ) ;
#1247 = DIRECTION ( 'NONE',  ( -0.0000000000000000000, 0.0000000000000000000, 1.000000000000000000 ) ) ;
#1248 = DIRECTION ( 'NONE',  ( -0.0000000000000000000, -0.0000000000000000000, -1.000000000000000000 ) ) ;
#1249 = UNCERTAINTY_MEASURE_WITH_UNIT (LENGTH_MEASURE( 1.000000000000000082E-05 ), #1184, 'distance_accuracy_value', 'NONE');
#1250 = PRESENTATION_LAYER_ASSIGNMENT (  '', '', ( #4045 ) ) ;
#1251 = FACE_OUTER_BOUND ( 'NONE', #96, .T. ) ;
#1252 =( LENGTH_UNIT ( ) NAMED_UNIT ( * ) SI_UNIT ( .MILLI., .METRE. ) );
#1253 = VERTEX_POINT ( 'NONE', #1036 ) ;
#1254 = ORIENTED_EDGE ( 'NONE', *, *, #3082, .F. ) ;
#1255 = LINE ( 'NONE', #3309, #5170 ) ;
#1256 = LINE ( 'NONE', #1224, #1730 ) ;
#1257 = LINE ( 'NONE', #4447, #4132 ) ;
#1258 = CARTESIAN_POINT ( 'NONE',  ( 0.4749999999999999778, -2.000000000000000000, 0.2000000000000000111 ) ) ;
#1259 = COLOUR_RGB ( '',0.7529411764705882248, 0.7529411764705882248, 0.7529411764705882248 ) ;
#1260 = LINE ( 'NONE', #3707, #2394 ) ;
#1261 = EDGE_LOOP ( 'NONE', ( #241, #3104, #700, #2212, #2976, #3830 ) ) ;
#1262 = VERTEX_POINT ( 'NONE', #4215 ) ;
#1263 = LINE ( 'NONE', #482, #4715 ) ;
#1264 = CARTESIAN_POINT ( 'NONE',  ( -0.8249999999999999556, -1.989999999999999991, 0.1999999999999999833 ) ) ;
#1265 = PRESENTATION_STYLE_ASSIGNMENT (( #4115 ) ) ;
#1266 = FACE_OUTER_BOUND ( 'NONE', #2322, .T. ) ;
#1267 = CARTESIAN_POINT ( 'NONE',  ( -1.669999999999999929, 1.550000000000000044, 0.8699999999999999956 ) ) ;
#1268 = ORIENTED_EDGE ( 'NONE', *, *, #4772, .F. ) ;
#1269 = DIRECTION ( 'NONE',  ( -1.000000000000000000, 0.0000000000000000000, 0.0000000000000000000 ) ) ;
#1270 = ADVANCED_FACE ( 'NONE', ( #4266 ), #2602, .F. ) ;
#1271 = ADVANCED_FACE ( 'NONE', ( #508 ), #2184, .F. ) ;
#1272 = DIRECTION ( 'NONE',  ( 0.0000000000000000000, 0.0000000000000000000, -1.000000000000000000 ) ) ;
#1273 = SURFACE_STYLE_USAGE ( .BOTH. , #4906 ) ;
#1274 = DIRECTION ( 'NONE',  ( 7.047314121155777243E-15, 1.000000000000000000, 0.0000000000000000000 ) ) ;
#1275 = ORIENTED_EDGE ( 'NONE', *, *, #550, .T. ) ;
#1276 = VECTOR ( 'NONE', #2548, 1000.000000000000000 ) ;
#1277 = DIRECTION ( 'NONE',  ( -0.0000000000000000000, -0.0000000000000000000, -1.000000000000000000 ) ) ;
#1278 = ADVANCED_FACE ( 'NONE', ( #3399 ), #5011, .F. ) ;
#1279 = VERTEX_POINT ( 'NONE', #3918 ) ;
#1280 = VECTOR ( 'NONE', #4347, 1000.000000000000000 ) ;
#1281 = CARTESIAN_POINT ( 'NONE',  ( -0.1749999999999860556, 2.000000000000001332, 0.2000000000000000111 ) ) ;
#1282 = DIRECTION ( 'NONE',  ( 0.0000000000000000000, 0.0000000000000000000, -1.000000000000000000 ) ) ;
#1283 = FACE_OUTER_BOUND ( 'NONE', #4491, .T. ) ;
#1284 =( NAMED_UNIT ( * ) PLANE_ANGLE_UNIT ( ) SI_UNIT ( $, .RADIAN. ) );
#1285 = FILL_AREA_STYLE ('',( #1713 ) ) ;
#1286 = CARTESIAN_POINT ( 'NONE',  ( 1.989999999999999547, 0.4749999999999793276, 0.9200000000000000400 ) ) ;
#1287 = SURFACE_SIDE_STYLE ('',( #2523 ) ) ;
#1288 = MECHANICAL_DESIGN_GEOMETRIC_PRESENTATION_REPRESENTATION (  '', ( #4921 ), #4432 ) ;
#1289 = CARTESIAN_POINT ( 'NONE',  ( -1.600000000000007416, -1.990000000000001323, 0.02000000000000000042 ) ) ;
#1290 = VERTEX_POINT ( 'NONE', #1147 ) ;
#1291 = ORIENTED_EDGE ( 'NONE', *, *, #2535, .T. ) ;
#1292 =( LENGTH_UNIT ( ) NAMED_UNIT ( * ) SI_UNIT ( .MILLI., .METRE. ) );
#1293 = STYLED_ITEM ( 'NONE', ( #1564 ), #1349 ) ;
#1294 = SURFACE_SIDE_STYLE ('',( #847 ) ) ;
#1295 = FILL_AREA_STYLE_COLOUR ( '', #2316 ) ;
#1296 = CARTESIAN_POINT ( 'NONE',  ( 1.600000000000012301, 1.124999999999983125, 0.02000000000000000042 ) ) ;
#1297 = VERTEX_POINT ( 'NONE', #3590 ) ;
#1298 = SURFACE_STYLE_FILL_AREA ( #2957 ) ;
#1299 = LINE ( 'NONE', #4523, #2603 ) ;
#1300 = LINE ( 'NONE', #62, #757 ) ;
#1301 = UNCERTAINTY_MEASURE_WITH_UNIT (LENGTH_MEASURE( 1.000000000000000082E-05 ), #4275, 'distance_accuracy_value', 'NONE');
#1302 = FACE_OUTER_BOUND ( 'NONE', #1345, .T. ) ;
#1303 = DIRECTION ( 'NONE',  ( 0.0000000000000000000, -0.0000000000000000000, 1.000000000000000000 ) ) ;
#1304 = EDGE_CURVE ( 'NONE', #913, #3558, #1069, .T. ) ;
#1305 = FACE_OUTER_BOUND ( 'NONE', #141, .T. ) ;
#1306 = VERTEX_POINT ( 'NONE', #1089 ) ;
#1307 = AXIS2_PLACEMENT_3D ( 'NONE', #814, #5122, #3585 ) ;
#1308 = CARTESIAN_POINT ( 'NONE',  ( -1.600000000000007194, -1.990000000000001323, 0.02000000000000000042 ) ) ;
#1309 = ORIENTED_EDGE ( 'NONE', *, *, #3081, .F. ) ;
#1310 = DIRECTION ( 'NONE',  ( -0.0000000000000000000, -0.0000000000000000000, -1.000000000000000000 ) ) ;
#1311 = EDGE_CURVE ( 'NONE', #481, #824, #4376, .T. ) ;
#1312 = EDGE_CURVE ( 'NONE', #3323, #5012, #324, .T. ) ;
#1313 = AXIS2_PLACEMENT_3D ( 'NONE', #4503, #1213, #2830 ) ;
#1314 =( GEOMETRIC_REPRESENTATION_CONTEXT ( 3 ) GLOBAL_UNCERTAINTY_ASSIGNED_CONTEXT ( ( #202 ) ) GLOBAL_UNIT_ASSIGNED_CONTEXT ( ( #3541, #3084, #4718 ) ) REPRESENTATION_CONTEXT ( 'NONE', 'WORKASPACE' ) );
#1315 = MECHANICAL_DESIGN_GEOMETRIC_PRESENTATION_REPRESENTATION (  '', ( #4699 ), #4944 ) ;
#1316 = SURFACE_SIDE_STYLE ('',( #3706 ) ) ;
#1317 = LINE ( 'NONE', #559, #2225 ) ;
#1318 = ORIENTED_EDGE ( 'NONE', *, *, #1905, .T. ) ;
#1319 = STYLED_ITEM ( 'NONE', ( #427 ), #4107 ) ;
#1320 = AXIS2_PLACEMENT_3D ( 'NONE', #952, #1695, #502 ) ;
#1321 = COLOUR_RGB ( '',0.7529411764705882248, 0.7529411764705882248, 0.7529411764705882248 ) ;
#1322 = EDGE_LOOP ( 'NONE', ( #3889, #774, #4497, #3827, #335, #2525 ) ) ;
#1323 = DIRECTION ( 'NONE',  ( 0.0000000000000000000, 0.0000000000000000000, 1.000000000000000000 ) ) ;
#1324 =( GEOMETRIC_REPRESENTATION_CONTEXT ( 3 ) GLOBAL_UNCERTAINTY_ASSIGNED_CONTEXT ( ( #4572 ) ) GLOBAL_UNIT_ASSIGNED_CONTEXT ( ( #3363, #1753, #3752 ) ) REPRESENTATION_CONTEXT ( 'NONE', 'WORKASPACE' ) );
#1325 = FILL_AREA_STYLE ('',( #4938 ) ) ;
#1326 = DIRECTION ( 'NONE',  ( 0.0000000000000000000, 0.0000000000000000000, 1.000000000000000000 ) ) ;
#1327 =( LENGTH_UNIT ( ) NAMED_UNIT ( * ) SI_UNIT ( .MILLI., .METRE. ) );
#1328 = UNCERTAINTY_MEASURE_WITH_UNIT (LENGTH_MEASURE( 1.000000000000000082E-05 ), #3383, 'distance_accuracy_value', 'NONE');
#1329 = VECTOR ( 'NONE', #1403, 1000.000000000000000 ) ;
#1330 = PLANE ( 'NONE',  #4942 ) ;
#1331 = EDGE_LOOP ( 'NONE', ( #3121, #872, #2687, #2086 ) ) ;
#1332 = SURFACE_SIDE_STYLE ('',( #2473 ) ) ;
#1333 = STYLED_ITEM ( 'NONE', ( #2646 ), #4766 ) ;
#1334 = DIRECTION ( 'NONE',  ( 0.0000000000000000000, 0.0000000000000000000, 1.000000000000000000 ) ) ;
#1335 =( GEOMETRIC_REPRESENTATION_CONTEXT ( 3 ) GLOBAL_UNCERTAINTY_ASSIGNED_CONTEXT ( ( #2335 ) ) GLOBAL_UNIT_ASSIGNED_CONTEXT ( ( #3808, #3390, #4681 ) ) REPRESENTATION_CONTEXT ( 'NONE', 'WORKASPACE' ) );
#1336 =( NAMED_UNIT ( * ) PLANE_ANGLE_UNIT ( ) SI_UNIT ( $, .RADIAN. ) );
#1337 = SURFACE_STYLE_USAGE ( .BOTH. , #2423 ) ;
#1338 = CARTESIAN_POINT ( 'NONE',  ( 0.4750000000000111910, 1.599999999999996536, 0.0000000000000000000 ) ) ;
#1339 = CARTESIAN_POINT ( 'NONE',  ( 1.600000000000004752, 0.4749999999999832689, 0.02000000000000000042 ) ) ;
#1340 =( GEOMETRIC_REPRESENTATION_CONTEXT ( 3 ) GLOBAL_UNCERTAINTY_ASSIGNED_CONTEXT ( ( #918 ) ) GLOBAL_UNIT_ASSIGNED_CONTEXT ( ( #2513, #59, #2937 ) ) REPRESENTATION_CONTEXT ( 'NONE', 'WORKASPACE' ) );
#1341 = DIRECTION ( 'NONE',  ( 0.0000000000000000000, 0.0000000000000000000, 1.000000000000000000 ) ) ;
#1342 = CARTESIAN_POINT ( 'NONE',  ( -1.125000000000000000, -1.989999999999999991, 0.2000000000000000111 ) ) ;
#1343 = EDGE_CURVE ( 'NONE', #3452, #1398, #4323, .T. ) ;
#1344 = DIRECTION ( 'NONE',  ( 0.0000000000000000000, -0.0000000000000000000, -1.000000000000000000 ) ) ;
#1345 = EDGE_LOOP ( 'NONE', ( #4991, #1761, #4211, #3456 ) ) ;
#1346 = CARTESIAN_POINT ( 'NONE',  ( -1.350000000000000089, 1.350000000000000089, 0.0000000000000000000 ) ) ;
#1347 =( NAMED_UNIT ( * ) SI_UNIT ( $, .STERADIAN. ) SOLID_ANGLE_UNIT ( ) );
#1348 = ORIENTED_EDGE ( 'NONE', *, *, #3116, .T. ) ;
#1349 = ADVANCED_FACE ( 'NONE', ( #2271 ), #1856, .F. ) ;
#1350 = CARTESIAN_POINT ( 'NONE',  ( -0.1749999999999887479, 1.600000000000001199, 0.02000000000000000042 ) ) ;
#1351 = EDGE_LOOP ( 'NONE', ( #1034, #4445, #1352, #2722 ) ) ;
#1352 = ORIENTED_EDGE ( 'NONE', *, *, #4146, .T. ) ;
#1353 = LINE ( 'NONE', #195, #3432 ) ;
#1354 = CARTESIAN_POINT ( 'NONE',  ( -0.1749999999999861389, 1.989999999999999991, 0.9200000000000000400 ) ) ;
#1355 =( LENGTH_UNIT ( ) NAMED_UNIT ( * ) SI_UNIT ( .MILLI., .METRE. ) );
#1356 = DIRECTION ( 'NONE',  ( -6.505213034913028182E-15, -1.000000000000000000, 0.0000000000000000000 ) ) ;
#1357 = CARTESIAN_POINT ( 'NONE',  ( -1.999999999999999556, 0.1750000000000067057, 0.2000000000000000111 ) ) ;
#1358 = DIRECTION ( 'NONE',  ( -4.336808689942017736E-15, -1.000000000000000000, 0.0000000000000000000 ) ) ;
#1359 = EDGE_LOOP ( 'NONE', ( #3188, #1106, #5071, #4254, #928, #4311 ) ) ;
#1360 = CARTESIAN_POINT ( 'NONE',  ( 1.599999999999991429, -0.8250000000000166089, 0.0000000000000000000 ) ) ;
#1361 = VECTOR ( 'NONE', #4928, 1000.000000000000000 ) ;
#1362 = UNCERTAINTY_MEASURE_WITH_UNIT (LENGTH_MEASURE( 1.000000000000000082E-05 ), #3769, 'distance_accuracy_value', 'NONE');
#1363 = AXIS2_PLACEMENT_3D ( 'NONE', #2422, #4061, #5240 ) ;
#1364 = DIRECTION ( 'NONE',  ( 0.0000000000000000000, 1.000000000000000000, 0.0000000000000000000 ) ) ;
#1365 =( NAMED_UNIT ( * ) SI_UNIT ( $, .STERADIAN. ) SOLID_ANGLE_UNIT ( ) );
#1366 = DIRECTION ( 'NONE',  ( 2.710505431213761874E-15, 1.000000000000000000, -0.0000000000000000000 ) ) ;
#1367 =( NAMED_UNIT ( * ) SI_UNIT ( $, .STERADIAN. ) SOLID_ANGLE_UNIT ( ) );
#1368 =( NAMED_UNIT ( * ) PLANE_ANGLE_UNIT ( ) SI_UNIT ( $, .RADIAN. ) );
#1369 = PLANE ( 'NONE',  #456 ) ;
#1370 = VERTEX_POINT ( 'NONE', #3080 ) ;
#1371 = CARTESIAN_POINT ( 'NONE',  ( -2.000000000000001776, -0.4749999999999932054, 0.2000000000000000111 ) ) ;
#1372 = FILL_AREA_STYLE_COLOUR ( '', #3778 ) ;
#1373 = ORIENTED_EDGE ( 'NONE', *, *, #2111, .T. ) ;
#1374 = AXIS2_PLACEMENT_3D ( 'NONE', #1992, #3620, #2437 ) ;
#1375 = VERTEX_POINT ( 'NONE', #3510 ) ;
#1376 = PLANE ( 'NONE',  #1940 ) ;
#1377 = ADVANCED_FACE ( 'NONE', ( #2296 ), #1903, .F. ) ;
#1378 =( NAMED_UNIT ( * ) SI_UNIT ( $, .STERADIAN. ) SOLID_ANGLE_UNIT ( ) );
#1379 = SURFACE_STYLE_USAGE ( .BOTH. , #3376 ) ;
#1380 = LINE ( 'NONE', #565, #612 ) ;
#1381 = ORIENTED_EDGE ( 'NONE', *, *, #168, .T. ) ;
#1382 = FILL_AREA_STYLE ('',( #4303 ) ) ;
#1383 = AXIS2_PLACEMENT_3D ( 'NONE', #3815, #148, #2224 ) ;
#1384 = EDGE_CURVE ( 'NONE', #1297, #2782, #2016, .T. ) ;
#1385 = ADVANCED_FACE ( 'NONE', ( #4450 ), #2893, .F. ) ;
#1386 = UNCERTAINTY_MEASURE_WITH_UNIT (LENGTH_MEASURE( 1.000000000000000082E-05 ), #2278, 'distance_accuracy_value', 'NONE');
#1387 = CARTESIAN_POINT ( 'NONE',  ( 1.989999999999999103, 1.989999999999999991, 0.9200000000000000400 ) ) ;
#1388 = DIRECTION ( 'NONE',  ( 1.000000000000000000, -3.252606517456514091E-15, 0.0000000000000000000 ) ) ;
#1389 = FACE_OUTER_BOUND ( 'NONE', #225, .T. ) ;
#1390 =( LENGTH_UNIT ( ) NAMED_UNIT ( * ) SI_UNIT ( .MILLI., .METRE. ) );
#1391 =( NAMED_UNIT ( * ) PLANE_ANGLE_UNIT ( ) SI_UNIT ( $, .RADIAN. ) );
#1392 = LINE ( 'NONE', #1427, #688 ) ;
#1393 = ORIENTED_EDGE ( 'NONE', *, *, #4652, .F. ) ;
#1394 = AXIS2_PLACEMENT_3D ( 'NONE', #1423, #1794, #2987 ) ;
#1395 = DIRECTION ( 'NONE',  ( 0.0000000000000000000, 1.000000000000000000, 0.0000000000000000000 ) ) ;
#1396 = COLOUR_RGB ( '',0.7529411764705882248, 0.7529411764705882248, 0.7529411764705882248 ) ;
#1397 = VERTEX_POINT ( 'NONE', #439 ) ;
#1398 = VERTEX_POINT ( 'NONE', #2099 ) ;
#1399 = PRESENTATION_LAYER_ASSIGNMENT (  '', '', ( #693 ) ) ;
#1400 = LINE ( 'NONE', #3868, #1935 ) ;
#1401 = COLOUR_RGB ( '',0.7529411764705882248, 0.7529411764705882248, 0.7529411764705882248 ) ;
#1402 = FILL_AREA_STYLE_COLOUR ( '', #4350 ) ;
#1403 = DIRECTION ( 'NONE',  ( -1.000000000000000000, 7.228014483236698330E-15, 0.0000000000000000000 ) ) ;
#1404 = VECTOR ( 'NONE', #3463, 1000.000000000000000 ) ;
#1405 = MECHANICAL_DESIGN_GEOMETRIC_PRESENTATION_REPRESENTATION (  '', ( #2910 ), #260 ) ;
#1406 = COLOUR_RGB ( '',0.7529411764705882248, 0.7529411764705882248, 0.7529411764705882248 ) ;
#1407 = EDGE_CURVE ( 'NONE', #5079, #3074, #3214, .T. ) ;
#1408 = ORIENTED_EDGE ( 'NONE', *, *, #1823, .F. ) ;
#1409 = VERTEX_POINT ( 'NONE', #3705 ) ;
#1410 = FACE_OUTER_BOUND ( 'NONE', #3964, .T. ) ;
#1411 = AXIS2_PLACEMENT_3D ( 'NONE', #914, #489, #2110 ) ;
#1412 = CARTESIAN_POINT ( 'NONE',  ( -0.8249999999999999556, -1.989999999999999991, 0.02000000000000000042 ) ) ;
#1413 =( GEOMETRIC_REPRESENTATION_CONTEXT ( 3 ) GLOBAL_UNCERTAINTY_ASSIGNED_CONTEXT ( ( #1464 ) ) GLOBAL_UNIT_ASSIGNED_CONTEXT ( ( #4362, #1949, #701 ) ) REPRESENTATION_CONTEXT ( 'NONE', 'WORKASPACE' ) );
#1414 = VECTOR ( 'NONE', #4758, 1000.000000000000000 ) ;
#1415 = UNCERTAINTY_MEASURE_WITH_UNIT (LENGTH_MEASURE( 1.000000000000000082E-05 ), #4188, 'distance_accuracy_value', 'NONE');
#1416 = CARTESIAN_POINT ( 'NONE',  ( 0.4749999999999999778, -2.000000000000000000, 0.0000000000000000000 ) ) ;
#1417 = ADVANCED_FACE ( 'NONE', ( #4076 ), #3669, .T. ) ;
#1418 = ADVANCED_FACE ( 'NONE', ( #2618 ), #4606, .F. ) ;
#1419 =( GEOMETRIC_REPRESENTATION_CONTEXT ( 3 ) GLOBAL_UNCERTAINTY_ASSIGNED_CONTEXT ( ( #1771 ) ) GLOBAL_UNIT_ASSIGNED_CONTEXT ( ( #3484, #4023, #4762 ) ) REPRESENTATION_CONTEXT ( 'NONE', 'WORKASPACE' ) );
#1420 =( LENGTH_UNIT ( ) NAMED_UNIT ( * ) SI_UNIT ( .MILLI., .METRE. ) );
#1421 =( GEOMETRIC_REPRESENTATION_CONTEXT ( 3 ) GLOBAL_UNCERTAINTY_ASSIGNED_CONTEXT ( ( #684 ) ) GLOBAL_UNIT_ASSIGNED_CONTEXT ( ( #2500, #2922, #478 ) ) REPRESENTATION_CONTEXT ( 'NONE', 'WORKASPACE' ) );
#1422 = DIRECTION ( 'NONE',  ( 1.000000000000000000, -2.981555974335137982E-15, 0.0000000000000000000 ) ) ;
#1423 = CARTESIAN_POINT ( 'NONE',  ( 2.000000000000001776, 0.1749999999999792832, 0.2000000000000000111 ) ) ;
#1424 = ORIENTED_EDGE ( 'NONE', *, *, #557, .F. ) ;
#1425 = SURFACE_SIDE_STYLE ('',( #5094 ) ) ;
#1426 = VECTOR ( 'NONE', #2138, 1000.000000000000000 ) ;
#1427 = CARTESIAN_POINT ( 'NONE',  ( -1.989999999999999991, 1.989999999999999991, 0.02000000000000000042 ) ) ;
#1428 = ORIENTED_EDGE ( 'NONE', *, *, #2035, .T. ) ;
#1429 = FACE_OUTER_BOUND ( 'NONE', #963, .T. ) ;
#1430 = FILL_AREA_STYLE ('',( #2679 ) ) ;
#1431 = ORIENTED_EDGE ( 'NONE', *, *, #2043, .T. ) ;
#1432 = FILL_AREA_STYLE ('',( #122 ) ) ;
#1433 = DIRECTION ( 'NONE',  ( -1.000000000000000000, 0.0000000000000000000, -0.0000000000000000000 ) ) ;
#1434 = SURFACE_STYLE_USAGE ( .BOTH. , #1834 ) ;
#1435 = CARTESIAN_POINT ( 'NONE',  ( -0.1749999999999860556, 2.000000000000001332, 0.0000000000000000000 ) ) ;
#1436 = SURFACE_SIDE_STYLE ('',( #5078 ) ) ;
#1437 = ORIENTED_EDGE ( 'NONE', *, *, #1812, .F. ) ;
#1438 = FILL_AREA_STYLE_COLOUR ( '', #4632 ) ;
#1439 = DIRECTION ( 'NONE',  ( -2.891205793294680200E-15, -1.000000000000000000, 0.0000000000000000000 ) ) ;
#1440 =( NAMED_UNIT ( * ) PLANE_ANGLE_UNIT ( ) SI_UNIT ( $, .RADIAN. ) );
#1441 = ORIENTED_EDGE ( 'NONE', *, *, #2535, .F. ) ;
#1442 = DIRECTION ( 'NONE',  ( 0.0000000000000000000, 0.0000000000000000000, -1.000000000000000000 ) ) ;
#1443 = SURFACE_SIDE_STYLE ('',( #2282 ) ) ;
#1444 = LINE ( 'NONE', #1499, #4375 ) ;
#1445 = DIRECTION ( 'NONE',  ( 1.000000000000000000, -3.320369153236854174E-15, -0.0000000000000000000 ) ) ;
#1446 = ORIENTED_EDGE ( 'NONE', *, *, #3547, .F. ) ;
#1447 = EDGE_CURVE ( 'NONE', #555, #2669, #1006, .T. ) ;
#1448 = FILL_AREA_STYLE ('',( #3103 ) ) ;
#1449 = ORIENTED_EDGE ( 'NONE', *, *, #810, .T. ) ;
#1450 = ORIENTED_EDGE ( 'NONE', *, *, #4000, .F. ) ;
#1451 = ORIENTED_EDGE ( 'NONE', *, *, #2176, .F. ) ;
#1452 = VECTOR ( 'NONE', #2769, 1000.000000000000000 ) ;
#1453 = SURFACE_STYLE_USAGE ( .BOTH. , #5058 ) ;
#1454 =( LENGTH_UNIT ( ) NAMED_UNIT ( * ) SI_UNIT ( .MILLI., .METRE. ) );
#1455 = SURFACE_SIDE_STYLE ('',( #3794 ) ) ;
#1456 = MECHANICAL_DESIGN_GEOMETRIC_PRESENTATION_REPRESENTATION (  '', ( #2880 ), #3563 ) ;
#1457 = LINE ( 'NONE', #1836, #1803 ) ;
#1458 = ORIENTED_EDGE ( 'NONE', *, *, #373, .F. ) ;
#1459 = CARTESIAN_POINT ( 'NONE',  ( 0.8250000000000139444, 1.999999999999994449, 0.2000000000000000111 ) ) ;
#1460 = ORIENTED_EDGE ( 'NONE', *, *, #1762, .F. ) ;
#1461 = CARTESIAN_POINT ( 'NONE',  ( 0.8250000000000139444, 1.999999999999994449, 0.0000000000000000000 ) ) ;
#1462 = PLANE ( 'NONE',  #4593 ) ;
#1463 = AXIS2_PLACEMENT_3D ( 'NONE', #411, #2845, #1194 ) ;
#1464 = UNCERTAINTY_MEASURE_WITH_UNIT (LENGTH_MEASURE( 1.000000000000000082E-05 ), #4362, 'distance_accuracy_value', 'NONE');
#1465 =( NAMED_UNIT ( * ) SI_UNIT ( $, .STERADIAN. ) SOLID_ANGLE_UNIT ( ) );
#1466 = DIRECTION ( 'NONE',  ( 1.000000000000000000, -3.252606517456515669E-15, -0.0000000000000000000 ) ) ;
#1467 = ORIENTED_EDGE ( 'NONE', *, *, #2319, .F. ) ;
#1468 = CARTESIAN_POINT ( 'NONE',  ( 2.000000000000001776, 0.1749999999999792832, 0.2000000000000000111 ) ) ;
#1469 = CARTESIAN_POINT ( 'NONE',  ( -1.125000000000000000, -1.600000000000000089, 0.2000000000000000111 ) ) ;
#1470 = EDGE_CURVE ( 'NONE', #1011, #4732, #1392, .T. ) ;
#1471 = ORIENTED_EDGE ( 'NONE', *, *, #2652, .T. ) ;
#1472 = PRESENTATION_STYLE_ASSIGNMENT (( #674 ) ) ;
#1473 = ORIENTED_EDGE ( 'NONE', *, *, #5046, .F. ) ;
#1474 =( NAMED_UNIT ( * ) SI_UNIT ( $, .STERADIAN. ) SOLID_ANGLE_UNIT ( ) );
#1475 = LINE ( 'NONE', #1507, #873 ) ;
#1476 = ORIENTED_EDGE ( 'NONE', *, *, #3116, .F. ) ;
#1477 = EDGE_CURVE ( 'NONE', #4828, #1279, #2197, .T. ) ;
#1478 = VERTEX_POINT ( 'NONE', #2541 ) ;
#1479 = CARTESIAN_POINT ( 'NONE',  ( -0.8249999999999861888, 2.000000000000005773, 0.2000000000000000111 ) ) ;
#1480 = CARTESIAN_POINT ( 'NONE',  ( -1.599999999999999201, 0.1750000000000053735, 0.0000000000000000000 ) ) ;
#1481 = DIRECTION ( 'NONE',  ( 1.000000000000000000, 7.228014483236700500E-16, 0.0000000000000000000 ) ) ;
#1482 = PRESENTATION_STYLE_ASSIGNMENT (( #3623 ) ) ;
#1483 = LINE ( 'NONE', #1536, #3853 ) ;
#1484 = ORIENTED_EDGE ( 'NONE', *, *, #3276, .F. ) ;
#1485 =( GEOMETRIC_REPRESENTATION_CONTEXT ( 3 ) GLOBAL_UNCERTAINTY_ASSIGNED_CONTEXT ( ( #3900 ) ) GLOBAL_UNIT_ASSIGNED_CONTEXT ( ( #1559, #1222, #3234 ) ) REPRESENTATION_CONTEXT ( 'NONE', 'WORKASPACE' ) );
#1486 = MECHANICAL_DESIGN_GEOMETRIC_PRESENTATION_REPRESENTATION (  '', ( #2818 ), #3591 ) ;
#1487 = MECHANICAL_DESIGN_GEOMETRIC_PRESENTATION_REPRESENTATION (  '', ( #1045 ), #1324 ) ;
#1488 = COLOUR_RGB ( '',0.7529411764705882248, 0.7529411764705882248, 0.7529411764705882248 ) ;
#1489 = MECHANICAL_DESIGN_GEOMETRIC_PRESENTATION_REPRESENTATION (  '', ( #1126 ), #1314 ) ;
#1490 = COLOUR_RGB ( '',0.7529411764705882248, 0.7529411764705882248, 0.7529411764705882248 ) ;
#1491 = VECTOR ( 'NONE', #3492, 1000.000000000000000 ) ;
#1492 = CARTESIAN_POINT ( 'NONE',  ( 0.1750000000000000167, -2.000000000000000000, 0.2000000000000000111 ) ) ;
#1493 = LINE ( 'NONE', #1523, #2300 ) ;
#1494 = ORIENTED_EDGE ( 'NONE', *, *, #4167, .T. ) ;
#1495 = LINE ( 'NONE', #3880, #3685 ) ;
#1496 = VECTOR ( 'NONE', #2959, 1000.000000000000000 ) ;
#1498 = AXIS2_PLACEMENT_3D ( 'NONE', #2725, #710, #784 ) ;
#1497 = LINE ( 'NONE', #2673, #4963 ) ;
#1499 = CARTESIAN_POINT ( 'NONE',  ( -2.000000000000003109, -0.8249999999999935163, 0.2000000000000000111 ) ) ;
#1500 = FACE_OUTER_BOUND ( 'NONE', #94, .T. ) ;
#1501 = ORIENTED_EDGE ( 'NONE', *, *, #5224, .F. ) ;
#1502 = STYLED_ITEM ( 'NONE', ( #2736 ), #4494 ) ;
#1503 = VECTOR ( 'NONE', #4977, 1000.000000000000000 ) ;
#1504 = SURFACE_STYLE_FILL_AREA ( #2698 ) ;
#1505 = ORIENTED_EDGE ( 'NONE', *, *, #1635, .F. ) ;
#1506 =( LENGTH_UNIT ( ) NAMED_UNIT ( * ) SI_UNIT ( .MILLI., .METRE. ) );
#1507 = CARTESIAN_POINT ( 'NONE',  ( -1.599999999999996092, 1.125000000000005329, 0.2000000000000000111 ) ) ;
#1508 = VERTEX_POINT ( 'NONE', #1776 ) ;
#1509 = ORIENTED_EDGE ( 'NONE', *, *, #735, .F. ) ;
#1510 = CARTESIAN_POINT ( 'NONE',  ( -1.989999999999974012, 0.4750000000000209610, 0.02000000000000000042 ) ) ;
#1511 = LINE ( 'NONE', #1480, #1280 ) ;
#1512 =( NAMED_UNIT ( * ) SI_UNIT ( $, .STERADIAN. ) SOLID_ANGLE_UNIT ( ) );
#1513 = DIRECTION ( 'NONE',  ( -0.0000000000000000000, -0.0000000000000000000, -1.000000000000000000 ) ) ;
#1514 = ADVANCED_FACE ( 'NONE', ( #499 ), #4158, .F. ) ;
#1515 = PRESENTATION_STYLE_ASSIGNMENT (( #1908 ) ) ;
#1516 = ORIENTED_EDGE ( 'NONE', *, *, #1872, .T. ) ;
#1517 = CARTESIAN_POINT ( 'NONE',  ( 0.1750000000000138667, 1.999999999999998668, 0.2000000000000000111 ) ) ;
#1518 = ORIENTED_EDGE ( 'NONE', *, *, #4167, .F. ) ;
#1519 = PLANE ( 'NONE',  #3260 ) ;
#1520 = EDGE_CURVE ( 'NONE', #4830, #4165, #3498, .T. ) ;
#1521 = UNCERTAINTY_MEASURE_WITH_UNIT (LENGTH_MEASURE( 1.000000000000000082E-05 ), #2479, 'distance_accuracy_value', 'NONE');
#1522 = DIRECTION ( 'NONE',  ( -2.710505431213763550E-16, 1.000000000000000000, 0.0000000000000000000 ) ) ;
#1523 = CARTESIAN_POINT ( 'NONE',  ( -1.989999999999967573, 1.125000000000019984, 0.02000000000000000042 ) ) ;
#1524 = VERTEX_POINT ( 'NONE', #3051 ) ;
#1525 = DIRECTION ( 'NONE',  ( -1.000000000000000000, -0.0000000000000000000, -0.0000000000000000000 ) ) ;
#1526 = CARTESIAN_POINT ( 'NONE',  ( -1.999999999999996225, 1.125000000000006661, 0.2000000000000000111 ) ) ;
#1527 = CARTESIAN_POINT ( 'NONE',  ( 1.125000000000013767, 1.999999999999992228, 0.0000000000000000000 ) ) ;
#1528 =( GEOMETRIC_REPRESENTATION_CONTEXT ( 3 ) GLOBAL_UNCERTAINTY_ASSIGNED_CONTEXT ( ( #131 ) ) GLOBAL_UNIT_ASSIGNED_CONTEXT ( ( #136, #922, #2962 ) ) REPRESENTATION_CONTEXT ( 'NONE', 'WORKASPACE' ) );
#1529 =( NAMED_UNIT ( * ) SI_UNIT ( $, .STERADIAN. ) SOLID_ANGLE_UNIT ( ) );
#1530 = ORIENTED_EDGE ( 'NONE', *, *, #3049, .F. ) ;
#1531 = VERTEX_POINT ( 'NONE', #3067 ) ;
#1532 = DIRECTION ( 'NONE',  ( 0.0000000000000000000, 0.0000000000000000000, -1.000000000000000000 ) ) ;
#1533 = DIRECTION ( 'NONE',  ( 7.228014483236700500E-16, -1.000000000000000000, 0.0000000000000000000 ) ) ;
#1534 =( NAMED_UNIT ( * ) SI_UNIT ( $, .STERADIAN. ) SOLID_ANGLE_UNIT ( ) );
#1535 = FACE_OUTER_BOUND ( 'NONE', #5158, .T. ) ;
#1536 = CARTESIAN_POINT ( 'NONE',  ( -0.4749999999999999223, -1.989999999999999991, 0.9200000000000000400 ) ) ;
#1537 = VECTOR ( 'NONE', #3571, 1000.000000000000000 ) ;
#1538 = CARTESIAN_POINT ( 'NONE',  ( 1.989999999999999103, 1.989999999999999991, 0.02000000000000000042 ) ) ;
#1539 = ADVANCED_FACE ( 'NONE', ( #629 ), #2677, .F. ) ;
#1540 = PLANE ( 'NONE',  #3044 ) ;
#1541 = CARTESIAN_POINT ( 'NONE',  ( 0.8250000000000001776, -1.989999999999999991, 0.9200000000000000400 ) ) ;
#1542 = STYLED_ITEM ( 'NONE', ( #507 ), #669 ) ;
#1543 = DIRECTION ( 'NONE',  ( -1.000000000000000000, 3.320369153236854568E-15, 0.0000000000000000000 ) ) ;
#1544 = DIRECTION ( 'NONE',  ( -0.0000000000000000000, -0.0000000000000000000, -1.000000000000000000 ) ) ;
#1545 = ORIENTED_EDGE ( 'NONE', *, *, #12, .T. ) ;
#1546 = SURFACE_STYLE_FILL_AREA ( #4032 ) ;
#1547 = EDGE_CURVE ( 'NONE', #2402, #3046, #4398, .T. ) ;
#1548 = EDGE_CURVE ( 'NONE', #144, #5008, #4777, .T. ) ;
#1549 = SURFACE_SIDE_STYLE ('',( #3063 ) ) ;
#1550 = CARTESIAN_POINT ( 'NONE',  ( 1.999999999999988232, -1.125000000000020650, 0.2000000000000000111 ) ) ;
#1551 = SURFACE_STYLE_USAGE ( .BOTH. , #3959 ) ;
#1552 = STYLED_ITEM ( 'NONE', ( #4185 ), #1270 ) ;
#1553 = PRESENTATION_STYLE_ASSIGNMENT (( #778 ) ) ;
#1554 = ORIENTED_EDGE ( 'NONE', *, *, #4741, .T. ) ;
#1555 = VECTOR ( 'NONE', #1595, 1000.000000000000000 ) ;
#1556 = VERTEX_POINT ( 'NONE', #733 ) ;
#1557 = FILL_AREA_STYLE_COLOUR ( '', #1211 ) ;
#1558 = ORIENTED_EDGE ( 'NONE', *, *, #2287, .T. ) ;
#1559 =( LENGTH_UNIT ( ) NAMED_UNIT ( * ) SI_UNIT ( .MILLI., .METRE. ) );
#1560 = ORIENTED_EDGE ( 'NONE', *, *, #4528, .F. ) ;
#1561 = LINE ( 'NONE', #2330, #17 ) ;
#1562 = SURFACE_STYLE_FILL_AREA ( #1170 ) ;
#1563 = PLANE ( 'NONE',  #1374 ) ;
#1564 = PRESENTATION_STYLE_ASSIGNMENT (( #1881 ) ) ;
#1565 = CARTESIAN_POINT ( 'NONE',  ( -2.000000000000001776, -0.4749999999999932054, 0.2000000000000000111 ) ) ;
#1566 = DIRECTION ( 'NONE',  ( 2.891205793294679805E-15, 1.000000000000000000, 0.0000000000000000000 ) ) ;
#1567 = FILL_AREA_STYLE ('',( #2045 ) ) ;
#1568 = ORIENTED_EDGE ( 'NONE', *, *, #4433, .F. ) ;
#1569 =( NAMED_UNIT ( * ) PLANE_ANGLE_UNIT ( ) SI_UNIT ( $, .RADIAN. ) );
#1570 = SURFACE_STYLE_FILL_AREA ( #1077 ) ;
#1571 = UNCERTAINTY_MEASURE_WITH_UNIT (LENGTH_MEASURE( 1.000000000000000082E-05 ), #596, 'distance_accuracy_value', 'NONE');
#1572 = VECTOR ( 'NONE', #3553, 1000.000000000000000 ) ;
#1573 = CIRCLE ( 'NONE', #1042, 0.1199999999999998845 ) ;
#1574 = CARTESIAN_POINT ( 'NONE',  ( -1.989999999999999547, -1.600000000000000089, 0.02000000000000000042 ) ) ;
#1575 = ORIENTED_EDGE ( 'NONE', *, *, #3364, .F. ) ;
#1576 = VECTOR ( 'NONE', #3179, 1000.000000000000000 ) ;
#1577 =( GEOMETRIC_REPRESENTATION_CONTEXT ( 3 ) GLOBAL_UNCERTAINTY_ASSIGNED_CONTEXT ( ( #4002 ) ) GLOBAL_UNIT_ASSIGNED_CONTEXT ( ( #1622, #4798, #748 ) ) REPRESENTATION_CONTEXT ( 'NONE', 'WORKASPACE' ) );
#1578 = CARTESIAN_POINT ( 'NONE',  ( 1.125000000000000222, -1.989999999999999991, 0.02000000000000000042 ) ) ;
#1579 = ADVANCED_FACE ( 'NONE', ( #651 ), #3470, .F. ) ;
#1580 = EDGE_CURVE ( 'NONE', #3859, #836, #1107, .T. ) ;
#1581 = AXIS2_PLACEMENT_3D ( 'NONE', #1889, #4999, #1388 ) ;
#1582 = VECTOR ( 'NONE', #1877, 1000.000000000000000 ) ;
#1583 =( NAMED_UNIT ( * ) SI_UNIT ( $, .STERADIAN. ) SOLID_ANGLE_UNIT ( ) );
#1584 = VERTEX_POINT ( 'NONE', #4011 ) ;
#1585 = ORIENTED_EDGE ( 'NONE', *, *, #4713, .F. ) ;
#1586 = VECTOR ( 'NONE', #1269, 1000.000000000000000 ) ;
#1587 = FILL_AREA_STYLE ('',( #4908 ) ) ;
#1588 = VECTOR ( 'NONE', #2675, 1000.000000000000000 ) ;
#1589 = VECTOR ( 'NONE', #245, 1000.000000000000000 ) ;
#1590 = ORIENTED_EDGE ( 'NONE', *, *, #4534, .T. ) ;
#1591 = COLOUR_RGB ( '',0.7529411764705882248, 0.7529411764705882248, 0.7529411764705882248 ) ;
#1592 = MECHANICAL_DESIGN_GEOMETRIC_PRESENTATION_REPRESENTATION (  '', ( #1741 ), #4552 ) ;
#1593 = LINE ( 'NONE', #2727, #632 ) ;
#1594 = DIRECTION ( 'NONE',  ( 0.0000000000000000000, 1.000000000000000000, 0.0000000000000000000 ) ) ;
#1595 = DIRECTION ( 'NONE',  ( 1.011922027653138050E-14, 1.000000000000000000, 0.0000000000000000000 ) ) ;
#1596 = FILL_AREA_STYLE ('',( #740 ) ) ;
#1597 = VECTOR ( 'NONE', #1193, 1000.000000000000000 ) ;
#1598 = AXIS2_PLACEMENT_3D ( 'NONE', #2765, #4406, #1906 ) ;
#1599 = ORIENTED_EDGE ( 'NONE', *, *, #4306, .T. ) ;
#1600 =( GEOMETRIC_REPRESENTATION_CONTEXT ( 3 ) GLOBAL_UNCERTAINTY_ASSIGNED_CONTEXT ( ( #4849 ) ) GLOBAL_UNIT_ASSIGNED_CONTEXT ( ( #4439, #1972, #3607 ) ) REPRESENTATION_CONTEXT ( 'NONE', 'WORKASPACE' ) );
#1601 = LINE ( 'NONE', #248, #1537 ) ;
#1602 =( NAMED_UNIT ( * ) PLANE_ANGLE_UNIT ( ) SI_UNIT ( $, .RADIAN. ) );
#1603 = UNCERTAINTY_MEASURE_WITH_UNIT (LENGTH_MEASURE( 1.000000000000000082E-05 ), #4324, 'distance_accuracy_value', 'NONE');
#1604 = CARTESIAN_POINT ( 'NONE',  ( -1.600000000000004086, -1.124999999999994449, 0.2000000000000000111 ) ) ;
#1605 = VERTEX_POINT ( 'NONE', #4482 ) ;
#1606 = SURFACE_STYLE_USAGE ( .BOTH. , #754 ) ;
#1607 =( NAMED_UNIT ( * ) PLANE_ANGLE_UNIT ( ) SI_UNIT ( $, .RADIAN. ) );
#1608 = ORIENTED_EDGE ( 'NONE', *, *, #4714, .T. ) ;
#1609 = SURFACE_SIDE_STYLE ('',( #5200 ) ) ;
#1610 = EDGE_CURVE ( 'NONE', #1141, #3786, #2062, .T. ) ;
#1611 = ORIENTED_EDGE ( 'NONE', *, *, #771, .T. ) ;
#1612 = PLANE ( 'NONE',  #1307 ) ;
#1613 = ORIENTED_EDGE ( 'NONE', *, *, #2928, .F. ) ;
#1614 =( LENGTH_UNIT ( ) NAMED_UNIT ( * ) SI_UNIT ( .MILLI., .METRE. ) );
#1615 = DIRECTION ( 'NONE',  ( -1.000000000000000000, 3.523657060577890199E-15, 0.0000000000000000000 ) ) ;
#1616 = EDGE_CURVE ( 'NONE', #4853, #3254, #4418, .T. ) ;
#1617 = ADVANCED_FACE ( 'NONE', ( #1984 ), #5222, .F. ) ;
#1618 = DIRECTION ( 'NONE',  ( -0.0000000000000000000, -0.0000000000000000000, -1.000000000000000000 ) ) ;
#1619 = ORIENTED_EDGE ( 'NONE', *, *, #111, .F. ) ;
#1620 = LINE ( 'NONE', #3219, #1707 ) ;
#1621 = LINE ( 'NONE', #2001, #4603 ) ;
#1622 =( LENGTH_UNIT ( ) NAMED_UNIT ( * ) SI_UNIT ( .MILLI., .METRE. ) );
#1623 = VERTEX_POINT ( 'NONE', #856 ) ;
#1624 = LINE ( 'NONE', #2006, #3712 ) ;
#1625 =( LENGTH_UNIT ( ) NAMED_UNIT ( * ) SI_UNIT ( .MILLI., .METRE. ) );
#1626 = UNCERTAINTY_MEASURE_WITH_UNIT (LENGTH_MEASURE( 1.000000000000000082E-05 ), #2784, 'distance_accuracy_value', 'NONE');
#1627 =( NAMED_UNIT ( * ) PLANE_ANGLE_UNIT ( ) SI_UNIT ( $, .RADIAN. ) );
#1628 = FILL_AREA_STYLE_COLOUR ( '', #3765 ) ;
#1629 = FILL_AREA_STYLE ('',( #5219 ) ) ;
#1630 = ORIENTED_EDGE ( 'NONE', *, *, #3907, .F. ) ;
#1631 = DIRECTION ( 'NONE',  ( 7.047314121155777243E-15, 1.000000000000000000, 0.0000000000000000000 ) ) ;
#1632 = STYLED_ITEM ( 'NONE', ( #3686 ), #941 ) ;
#1633 = CARTESIAN_POINT ( 'NONE',  ( -2.000000000000000444, -0.1749999999999932443, 0.2000000000000000111 ) ) ;
#1634 = LINE ( 'NONE', #2839, #4060 ) ;
#1635 = EDGE_CURVE ( 'NONE', #4264, #5151, #404, .T. ) ;
#1636 = LINE ( 'NONE', #2840, #4449 ) ;
#1637 = ORIENTED_EDGE ( 'NONE', *, *, #2887, .T. ) ;
#1638 = CARTESIAN_POINT ( 'NONE',  ( -0.8249999999999999556, -1.600000000000000089, 0.2000000000000000111 ) ) ;
#1639 = EDGE_CURVE ( 'NONE', #2292, #1370, #3281, .T. ) ;
#1640 = PRESENTATION_STYLE_ASSIGNMENT (( #4839 ) ) ;
#1641 = ADVANCED_FACE ( 'NONE', ( #378 ), #473, .F. ) ;
#1642 = FACE_OUTER_BOUND ( 'NONE', #1188, .T. ) ;
#1643 = ORIENTED_EDGE ( 'NONE', *, *, #1127, .F. ) ;
#1644 = CARTESIAN_POINT ( 'NONE',  ( 0.1749999999999998224, -1.989999999999999991, 0.9200000000000000400 ) ) ;
#1645 = CARTESIAN_POINT ( 'NONE',  ( -0.1750000000000000167, -1.989999999999999991, 0.9200000000000000400 ) ) ;
#1646 = ORIENTED_EDGE ( 'NONE', *, *, #3506, .F. ) ;
#1647 = SURFACE_SIDE_STYLE ('',( #2936 ) ) ;
#1648 = FILL_AREA_STYLE_COLOUR ( '', #3282 ) ;
#1649 = UNCERTAINTY_MEASURE_WITH_UNIT (LENGTH_MEASURE( 1.000000000000000082E-05 ), #3764, 'distance_accuracy_value', 'NONE');
#1650 = ORIENTED_EDGE ( 'NONE', *, *, #2953, .T. ) ;
#1651 = PRESENTATION_LAYER_ASSIGNMENT (  '', '', ( #171 ) ) ;
#1652 = AXIS2_PLACEMENT_3D ( 'NONE', #1896, #1874, #4316 ) ;
#1653 = VERTEX_POINT ( 'NONE', #5000 ) ;
#1654 = COLOUR_RGB ( '',0.7529411764705882248, 0.7529411764705882248, 0.7529411764705882248 ) ;
#1655 = AXIS2_PLACEMENT_3D ( 'NONE', #1885, #1858, #1018 ) ;
#1656 = AXIS2_PLACEMENT_3D ( 'NONE', #4653, #3801, #999 ) ;
#1657 = SURFACE_STYLE_USAGE ( .BOTH. , #67 ) ;
#1658 = ORIENTED_EDGE ( 'NONE', *, *, #2389, .T. ) ;
#1659 = CARTESIAN_POINT ( 'NONE',  ( 0.1750000000000111744, 1.599999999999998535, 0.0000000000000000000 ) ) ;
#1660 =( NAMED_UNIT ( * ) PLANE_ANGLE_UNIT ( ) SI_UNIT ( $, .RADIAN. ) );
#1661 = VECTOR ( 'NONE', #200, 1000.000000000000000 ) ;
#1662 = PRESENTATION_LAYER_ASSIGNMENT (  '', '', ( #4120 ) ) ;
#1663 = PLANE ( 'NONE',  #1463 ) ;
#1664 = EDGE_CURVE ( 'NONE', #1398, #5233, #160, .T. ) ;
#1665 = FILL_AREA_STYLE_COLOUR ( '', #2986 ) ;
#1666 = SURFACE_STYLE_USAGE ( .BOTH. , #4078 ) ;
#1667 = COLOUR_RGB ( '',0.7529411764705882248, 0.7529411764705882248, 0.7529411764705882248 ) ;
#1668 = STYLED_ITEM ( 'NONE', ( #2017 ), #2112 ) ;
#1669 = ORIENTED_EDGE ( 'NONE', *, *, #403, .F. ) ;
#1670 = ORIENTED_EDGE ( 'NONE', *, *, #3576, .T. ) ;
#1671 = CARTESIAN_POINT ( 'NONE',  ( 0.4749999999999999778, -2.000000000000000000, 0.2000000000000000111 ) ) ;
#1672 = DIRECTION ( 'NONE',  ( 0.0000000000000000000, 0.0000000000000000000, 1.000000000000000000 ) ) ;
#1673 = ADVANCED_FACE ( 'NONE', ( #1389 ), #3017, .F. ) ;
#1674 = EDGE_CURVE ( 'NONE', #3859, #4287, #4195, .T. ) ;
#1675 = VECTOR ( 'NONE', #820, 1000.000000000000000 ) ;
#1676 =( NAMED_UNIT ( * ) PLANE_ANGLE_UNIT ( ) SI_UNIT ( $, .RADIAN. ) );
#1677 = PRESENTATION_LAYER_ASSIGNMENT (  '', '', ( #3876 ) ) ;
#1678 =( LENGTH_UNIT ( ) NAMED_UNIT ( * ) SI_UNIT ( .MILLI., .METRE. ) );
#1679 =( NAMED_UNIT ( * ) SI_UNIT ( $, .STERADIAN. ) SOLID_ANGLE_UNIT ( ) );
#1680 = ORIENTED_EDGE ( 'NONE', *, *, #4098, .T. ) ;
#1681 = VECTOR ( 'NONE', #4321, 1000.000000000000000 ) ;
#1682 = FILL_AREA_STYLE ('',( #4920 ) ) ;
#1683 = EDGE_CURVE ( 'NONE', #3323, #1531, #1792, .T. ) ;
#1684 = SURFACE_STYLE_USAGE ( .BOTH. , #35 ) ;
#1685 = FILL_AREA_STYLE ('',( #3278 ) ) ;
#1686 = CARTESIAN_POINT ( 'NONE',  ( 0.8250000000000111688, 1.599999999999994316, 0.2000000000000000111 ) ) ;
#1687 = VERTEX_POINT ( 'NONE', #2093 ) ;
#1688 = ORIENTED_EDGE ( 'NONE', *, *, #2043, .F. ) ;
#1689 = FILL_AREA_STYLE_COLOUR ( '', #2054 ) ;
#1690 = PRESENTATION_STYLE_ASSIGNMENT (( #3667 ) ) ;
#1691 =( NAMED_UNIT ( * ) PLANE_ANGLE_UNIT ( ) SI_UNIT ( $, .RADIAN. ) );
#1692 = CARTESIAN_POINT ( 'NONE',  ( 1.989999999999999547, 0.8249999999999796385, 0.02000000000000000042 ) ) ;
#1693 = LINE ( 'NONE', #4137, #4882 ) ;
#1694 = STYLED_ITEM ( 'NONE', ( #3248 ), #236 ) ;
#1695 = DIRECTION ( 'NONE',  ( 0.0000000000000000000, 0.0000000000000000000, -1.000000000000000000 ) ) ;
#1696 = VERTEX_POINT ( 'NONE', #2592 ) ;
#1697 = ORIENTED_EDGE ( 'NONE', *, *, #50, .T. ) ;
#1698 = DIRECTION ( 'NONE',  ( 1.000000000000000000, 0.0000000000000000000, 0.0000000000000000000 ) ) ;
#1699 = DIRECTION ( 'NONE',  ( 1.011922027653137419E-14, 1.000000000000000000, 0.0000000000000000000 ) ) ;
#1700 =( NAMED_UNIT ( * ) PLANE_ANGLE_UNIT ( ) SI_UNIT ( $, .RADIAN. ) );
#1701 = ADVANCED_FACE ( 'NONE', ( #4956 ), #620, .F. ) ;
#1702 = ORIENTED_EDGE ( 'NONE', *, *, #3644, .T. ) ;
#1703 = APPLICATION_PROTOCOL_DEFINITION ( 'draft international standard', 'automotive_design', 1998, #5028 ) ;
#1704 = EDGE_CURVE ( 'NONE', #4165, #2916, #135, .T. ) ;
#1705 = ADVANCED_FACE ( 'NONE', ( #1305 ), #3466, .F. ) ;
#1706 = LINE ( 'NONE', #2116, #1496 ) ;
#1707 = VECTOR ( 'NONE', #1672, 1000.000000000000000 ) ;
#1708 = CARTESIAN_POINT ( 'NONE',  ( 0.4750000000000111910, 1.599999999999996536, 0.0000000000000000000 ) ) ;
#1709 =( LENGTH_UNIT ( ) NAMED_UNIT ( * ) SI_UNIT ( .MILLI., .METRE. ) );
#1710 = ORIENTED_EDGE ( 'NONE', *, *, #4533, .T. ) ;
#1711 = SURFACE_STYLE_FILL_AREA ( #837 ) ;
#1712 = VECTOR ( 'NONE', #1618, 1000.000000000000000 ) ;
#1713 = FILL_AREA_STYLE_COLOUR ( '', #4091 ) ;
#1714 = FACE_OUTER_BOUND ( 'NONE', #636, .T. ) ;
#1715 = EDGE_LOOP ( 'NONE', ( #3886, #4818, #2891, #2604 ) ) ;
#1716 = VERTEX_POINT ( 'NONE', #230 ) ;
#1717 = CARTESIAN_POINT ( 'NONE',  ( 1.350000000000000533, -1.989999999999999547, 0.02000000000000000042 ) ) ;
#1718 = SURFACE_STYLE_FILL_AREA ( #878 ) ;
#1719 = ORIENTED_EDGE ( 'NONE', *, *, #1762, .T. ) ;
#1720 = CARTESIAN_POINT ( 'NONE',  ( 1.125000000000000222, -2.000000000000000000, 0.2000000000000000111 ) ) ;
#1721 = LINE ( 'NONE', #3847, #860 ) ;
#1722 =( NAMED_UNIT ( * ) SI_UNIT ( $, .STERADIAN. ) SOLID_ANGLE_UNIT ( ) );
#1723 = EDGE_CURVE ( 'NONE', #1830, #394, #5117, .T. ) ;
#1724 = STYLED_ITEM ( 'NONE', ( #4932 ), #1417 ) ;
#1725 = EDGE_CURVE ( 'NONE', #1696, #4352, #3098, .T. ) ;
#1726 = VECTOR ( 'NONE', #1364, 1000.000000000000000 ) ;
#1727 = ORIENTED_EDGE ( 'NONE', *, *, #4614, .F. ) ;
#1728 =( NAMED_UNIT ( * ) SI_UNIT ( $, .STERADIAN. ) SOLID_ANGLE_UNIT ( ) );
#1729 =( GEOMETRIC_REPRESENTATION_CONTEXT ( 3 ) GLOBAL_UNCERTAINTY_ASSIGNED_CONTEXT ( ( #588 ) ) GLOBAL_UNIT_ASSIGNED_CONTEXT ( ( #359, #4861, #4452 ) ) REPRESENTATION_CONTEXT ( 'NONE', 'WORKASPACE' ) );
#1730 = VECTOR ( 'NONE', #760, 1000.000000000000000 ) ;
#1731 = EDGE_LOOP ( 'NONE', ( #1023, #4371, #1530, #3402 ) ) ;
#1732 = PLANE ( 'NONE',  #3601 ) ;
#1733 = ORIENTED_EDGE ( 'NONE', *, *, #4869, .F. ) ;
#1734 = MECHANICAL_DESIGN_GEOMETRIC_PRESENTATION_REPRESENTATION (  '', ( #26 ), #1413 ) ;
#1735 = SURFACE_STYLE_USAGE ( .BOTH. , #3651 ) ;
#1736 = COLOUR_RGB ( '',0.7529411764705882248, 0.7529411764705882248, 0.7529411764705882248 ) ;
#1737 = SURFACE_STYLE_USAGE ( .BOTH. , #2973 ) ;
#1738 = FILL_AREA_STYLE_COLOUR ( '', #413 ) ;
#1739 = CARTESIAN_POINT ( 'NONE',  ( 1.125000000000011102, 1.599999999999992317, 0.2000000000000000111 ) ) ;
#1740 = PRESENTATION_LAYER_ASSIGNMENT (  '', '', ( #4378 ) ) ;
#1741 = STYLED_ITEM ( 'NONE', ( #176 ), #2591 ) ;
#1742 = VECTOR ( 'NONE', #582, 1000.000000000000000 ) ;
#1743 = DIRECTION ( 'NONE',  ( -0.0000000000000000000, 0.0000000000000000000, -1.000000000000000000 ) ) ;
#1744 = VERTEX_POINT ( 'NONE', #5142 ) ;
#1745 =( GEOMETRIC_REPRESENTATION_CONTEXT ( 3 ) GLOBAL_UNCERTAINTY_ASSIGNED_CONTEXT ( ( #4996 ) ) GLOBAL_UNIT_ASSIGNED_CONTEXT ( ( #3598, #1569, #3997 ) ) REPRESENTATION_CONTEXT ( 'NONE', 'WORKASPACE' ) );
#1746 = PRESENTATION_LAYER_ASSIGNMENT (  '', '', ( #3183 ) ) ;
#1747 = VECTOR ( 'NONE', #46, 1000.000000000000000 ) ;
#1748 = CARTESIAN_POINT ( 'NONE',  ( -1.989999999999999547, -0.1749999999999941602, 0.02000000000000000042 ) ) ;
#1749 = VECTOR ( 'NONE', #3782, 1000.000000000000000 ) ;
#1750 = VECTOR ( 'NONE', #4976, 1000.000000000000000 ) ;
#1751 = DIRECTION ( 'NONE',  ( 1.000000000000000000, -6.505213034913025815E-15, -0.0000000000000000000 ) ) ;
#1752 =( GEOMETRIC_REPRESENTATION_CONTEXT ( 3 ) GLOBAL_UNCERTAINTY_ASSIGNED_CONTEXT ( ( #2556 ) ) GLOBAL_UNIT_ASSIGNED_CONTEXT ( ( #3226, #5195, #806 ) ) REPRESENTATION_CONTEXT ( 'NONE', 'WORKASPACE' ) );
#1753 =( NAMED_UNIT ( * ) PLANE_ANGLE_UNIT ( ) SI_UNIT ( $, .RADIAN. ) );
#1754 = CARTESIAN_POINT ( 'NONE',  ( 0.4749999999999999778, -2.000000000000000000, 0.2000000000000000111 ) ) ;
#1755 = EDGE_CURVE ( 'NONE', #4087, #4387, #2752, .T. ) ;
#1756 = CARTESIAN_POINT ( 'NONE',  ( -0.1749999999999888589, 1.600000000000001421, 0.0000000000000000000 ) ) ;
#1757 = VERTEX_POINT ( 'NONE', #1101 ) ;
#1758 = DIRECTION ( 'NONE',  ( 1.084202172485504434E-14, 1.000000000000000000, 0.0000000000000000000 ) ) ;
#1759 = LINE ( 'NONE', #4568, #707 ) ;
#1760 = EDGE_CURVE ( 'NONE', #2178, #1687, #2284, .T. ) ;
#1761 = ORIENTED_EDGE ( 'NONE', *, *, #3576, .F. ) ;
#1762 = EDGE_CURVE ( 'NONE', #4234, #639, #1444, .T. ) ;
#1763 = VERTEX_POINT ( 'NONE', #209 ) ;
#1764 = DIRECTION ( 'NONE',  ( 1.000000000000000000, -6.505213034913025815E-15, -0.0000000000000000000 ) ) ;
#1765 = PRESENTATION_STYLE_ASSIGNMENT (( #1434 ) ) ;
#1766 = DIRECTION ( 'NONE',  ( 1.000000000000000000, -1.050320854595332578E-14, -0.0000000000000000000 ) ) ;
#1767 = CARTESIAN_POINT ( 'NONE',  ( 1.600000000000001643, 0.1749999999999837519, 0.02000000000000000042 ) ) ;
#1768 = ORIENTED_EDGE ( 'NONE', *, *, #4657, .F. ) ;
#1769 = SURFACE_SIDE_STYLE ('',( #3011 ) ) ;
#1770 = SHAPE_DEFINITION_REPRESENTATION ( #3708, #1016 ) ;
#1771 = UNCERTAINTY_MEASURE_WITH_UNIT (LENGTH_MEASURE( 1.000000000000000082E-05 ), #3484, 'distance_accuracy_value', 'NONE');
#1772 = CARTESIAN_POINT ( 'NONE',  ( 1.125000000000000222, -2.000000000000000000, 0.2000000000000000111 ) ) ;
#1773 = VECTOR ( 'NONE', #417, 1000.000000000000000 ) ;
#1774 = ORIENTED_EDGE ( 'NONE', *, *, #1099, .T. ) ;
#1775 = CARTESIAN_POINT ( 'NONE',  ( -1.999999999999997113, 0.8250000000000067280, 0.0000000000000000000 ) ) ;
#1776 = CARTESIAN_POINT ( 'NONE',  ( -1.989999999999999991, 0.1750000000000052347, 0.1999999999999999833 ) ) ;
#1777 = ADVANCED_FACE ( 'NONE', ( #4313 ), #4727, .F. ) ;
#1778 = ORIENTED_EDGE ( 'NONE', *, *, #270, .F. ) ;
#1779 = VECTOR ( 'NONE', #4474, 1000.000000000000000 ) ;
#1780 = ORIENTED_EDGE ( 'NONE', *, *, #380, .F. ) ;
#1781 = DIRECTION ( 'NONE',  ( 0.0000000000000000000, 0.0000000000000000000, 1.000000000000000000 ) ) ;
#1782 = CARTESIAN_POINT ( 'NONE',  ( 1.999999999999991340, -0.8250000000000207168, 0.2000000000000000111 ) ) ;
#1783 = LINE ( 'NONE', #3029, #4001 ) ;
#1784 = ADVANCED_FACE ( 'NONE', ( #486 ), #2827, .F. ) ;
#1785 = DIRECTION ( 'NONE',  ( 6.776263578034401135E-15, 1.000000000000000000, 0.0000000000000000000 ) ) ;
#1786 = ORIENTED_EDGE ( 'NONE', *, *, #2044, .T. ) ;
#1787 = EDGE_LOOP ( 'NONE', ( #4505, #849, #4128, #407 ) ) ;
#1788 = SURFACE_STYLE_USAGE ( .BOTH. , #1769 ) ;
#1789 = CARTESIAN_POINT ( 'NONE',  ( 1.125000000000013767, 1.999999999999992228, 0.2000000000000000111 ) ) ;
#1790 = CARTESIAN_POINT ( 'NONE',  ( -2.000000000000000444, -0.1749999999999932443, 0.0000000000000000000 ) ) ;
#1791 = LINE ( 'NONE', #2609, #5198 ) ;
#1792 = LINE ( 'NONE', #552, #2564 ) ;
#1793 = CARTESIAN_POINT ( 'NONE',  ( 1.600000000000001865, 0.1749999999999835021, 0.0000000000000000000 ) ) ;
#1794 = DIRECTION ( 'NONE',  ( -1.000000000000000000, 1.011922027653137577E-14, 0.0000000000000000000 ) ) ;
#1795 = SURFACE_STYLE_USAGE ( .BOTH. , #2286 ) ;
#1796 = FILL_AREA_STYLE_COLOUR ( '', #1396 ) ;
#1797 = ORIENTED_EDGE ( 'NONE', *, *, #3144, .T. ) ;
#1798 = VECTOR ( 'NONE', #2003, 1000.000000000000000 ) ;
#1799 = CARTESIAN_POINT ( 'NONE',  ( -1.599999999999997202, 0.8250000000000053957, 0.0000000000000000000 ) ) ;
#1800 = PRESENTATION_LAYER_ASSIGNMENT (  '', '', ( #3933 ) ) ;
#1801 = ORIENTED_EDGE ( 'NONE', *, *, #1127, .T. ) ;
#1802 = CARTESIAN_POINT ( 'NONE',  ( 1.599999999999994982, -0.4750000000000165201, 0.0000000000000000000 ) ) ;
#1803 = VECTOR ( 'NONE', #5039, 1000.000000000000000 ) ;
#1804 = DIRECTION ( 'NONE',  ( 0.0000000000000000000, 0.0000000000000000000, -1.000000000000000000 ) ) ;
#1805 = LINE ( 'NONE', #936, #3829 ) ;
#1806 = PLANE ( 'NONE',  #4034 ) ;
#1807 = AXIS2_PLACEMENT_3D ( 'NONE', #1686, #4907, #1274 ) ;
#1808 = PRESENTATION_LAYER_ASSIGNMENT (  '', '', ( #3083 ) ) ;
#1809 =( GEOMETRIC_REPRESENTATION_CONTEXT ( 3 ) GLOBAL_UNCERTAINTY_ASSIGNED_CONTEXT ( ( #1817 ) ) GLOBAL_UNIT_ASSIGNED_CONTEXT ( ( #1614, #3189, #1929 ) ) REPRESENTATION_CONTEXT ( 'NONE', 'WORKASPACE' ) );
#1810 = ORIENTED_EDGE ( 'NONE', *, *, #3832, .T. ) ;
#1811 = DIRECTION ( 'NONE',  ( -0.0000000000000000000, 0.0000000000000000000, -1.000000000000000000 ) ) ;
#1812 = EDGE_CURVE ( 'NONE', #2466, #590, #53, .T. ) ;
#1813 = COLOUR_RGB ( '',0.7529411764705882248, 0.7529411764705882248, 0.7529411764705882248 ) ;
#1814 = AXIS2_PLACEMENT_3D ( 'NONE', #4661, #3888, #4289 ) ;
#1815 = VECTOR ( 'NONE', #2757, 1000.000000000000000 ) ;
#1816 = PRESENTATION_LAYER_ASSIGNMENT (  '', '', ( #1986 ) ) ;
#1817 = UNCERTAINTY_MEASURE_WITH_UNIT (LENGTH_MEASURE( 1.000000000000000082E-05 ), #1614, 'distance_accuracy_value', 'NONE');
#1818 = LINE ( 'NONE', #3955, #4937 ) ;
#1819 = VERTEX_POINT ( 'NONE', #879 ) ;
#1820 = PRESENTATION_LAYER_ASSIGNMENT (  '', '', ( #365 ) ) ;
#1821 = VECTOR ( 'NONE', #4988, 1000.000000000000000 ) ;
#1822 = FACE_OUTER_BOUND ( 'NONE', #4588, .T. ) ;
#1823 = EDGE_CURVE ( 'NONE', #2573, #1757, #3983, .T. ) ;
#1824 = STYLED_ITEM ( 'NONE', ( #1690 ), #4985 ) ;
#1825 = SURFACE_STYLE_FILL_AREA ( #1128 ) ;
#1826 = CARTESIAN_POINT ( 'NONE',  ( -1.989999999999999991, 1.989999999999999991, 0.1999999999999999833 ) ) ;
#1827 = ORIENTED_EDGE ( 'NONE', *, *, #2614, .F. ) ;
#1828 = VECTOR ( 'NONE', #2135, 1000.000000000000000 ) ;
#1829 = ORIENTED_EDGE ( 'NONE', *, *, #3368, .F. ) ;
#1830 = VERTEX_POINT ( 'NONE', #4803 ) ;
#1831 = ORIENTED_EDGE ( 'NONE', *, *, #4037, .F. ) ;
#1832 = CARTESIAN_POINT ( 'NONE',  ( -1.989999999999999547, -0.4749999999999940936, 0.02000000000000000042 ) ) ;
#1833 = CARTESIAN_POINT ( 'NONE',  ( -1.124999999999986233, 2.000000000000007994, 0.2000000000000000111 ) ) ;
#1834 = SURFACE_SIDE_STYLE ('',( #196 ) ) ;
#1835 = LINE ( 'NONE', #4686, #1228 ) ;
#1836 = CARTESIAN_POINT ( 'NONE',  ( 0.8250000000000111688, 1.599999999999994316, 0.2000000000000000111 ) ) ;
#1837 = ORIENTED_EDGE ( 'NONE', *, *, #484, .T. ) ;
#1838 = PLANE ( 'NONE',  #4035 ) ;
#1839 = CARTESIAN_POINT ( 'NONE',  ( -1.599999999999998090, 0.4750000000000053624, 0.2000000000000000111 ) ) ;
#1840 = ADVANCED_FACE ( 'NONE', ( #4008 ), #509, .F. ) ;
#1841 = FILL_AREA_STYLE ('',( #3119 ) ) ;
#1842 = EDGE_LOOP ( 'NONE', ( #1875, #1928, #1449, #830 ) ) ;
#1843 = VECTOR ( 'NONE', #4529, 1000.000000000000000 ) ;
#1844 = FILL_AREA_STYLE ('',( #208 ) ) ;
#1845 = VECTOR ( 'NONE', #1020, 1000.000000000000000 ) ;
#1846 = EDGE_CURVE ( 'NONE', #144, #2402, #4392, .T. ) ;
#1847 = ORIENTED_EDGE ( 'NONE', *, *, #1166, .T. ) ;
#1848 = PRESENTATION_STYLE_ASSIGNMENT (( #2243 ) ) ;
#1849 = PRESENTATION_STYLE_ASSIGNMENT (( #2267 ) ) ;
#1850 = ORIENTED_EDGE ( 'NONE', *, *, #2693, .F. ) ;
#1851 = CARTESIAN_POINT ( 'NONE',  ( -0.1749999999999999056, -2.000000000000000000, 0.0000000000000000000 ) ) ;
#1852 = ORIENTED_EDGE ( 'NONE', *, *, #809, .T. ) ;
#1853 = ORIENTED_EDGE ( 'NONE', *, *, #2171, .F. ) ;
#1854 = FACE_OUTER_BOUND ( 'NONE', #2804, .T. ) ;
#1855 = VECTOR ( 'NONE', #4054, 1000.000000000000000 ) ;
#1856 = PLANE ( 'NONE',  #4177 ) ;
#1857 = CARTESIAN_POINT ( 'NONE',  ( -0.4749999999999888201, 1.600000000000003419, 0.0000000000000000000 ) ) ;
#1858 = DIRECTION ( 'NONE',  ( 1.000000000000000000, 0.0000000000000000000, -0.0000000000000000000 ) ) ;
#1859 = VERTEX_POINT ( 'NONE', #1578 ) ;
#1860 = VECTOR ( 'NONE', #2303, 1000.000000000000000 ) ;
#1861 = CARTESIAN_POINT ( 'NONE',  ( 1.599999999999991429, -0.8250000000000166089, 0.0000000000000000000 ) ) ;
#1862 = UNCERTAINTY_MEASURE_WITH_UNIT (LENGTH_MEASURE( 1.000000000000000082E-05 ), #3639, 'distance_accuracy_value', 'NONE');
#1863 = FACE_OUTER_BOUND ( 'NONE', #1897, .T. ) ;
#1864 = DIRECTION ( 'NONE',  ( 1.000000000000000000, -1.029992063861229370E-14, 0.0000000000000000000 ) ) ;
#1865 = ORIENTED_EDGE ( 'NONE', *, *, #2083, .T. ) ;
#1866 = CARTESIAN_POINT ( 'NONE',  ( -0.4749999999999999778, -1.599999999999999867, 0.2000000000000000111 ) ) ;
#1867 = STYLED_ITEM ( 'NONE', ( #3238 ), #1377 ) ;
#1868 = DIRECTION ( 'NONE',  ( -1.000000000000000000, 7.228014483236695175E-15, -0.0000000000000000000 ) ) ;
#1869 = FILL_AREA_STYLE_COLOUR ( '', #2383 ) ;
#1870 = ORIENTED_EDGE ( 'NONE', *, *, #2882, .T. ) ;
#1871 = SURFACE_STYLE_FILL_AREA ( #4315 ) ;
#1872 = EDGE_CURVE ( 'NONE', #2859, #1605, #1160, .T. ) ;
#1873 = EDGE_CURVE ( 'NONE', #2275, #3453, #1976, .T. ) ;
#1874 = DIRECTION ( 'NONE',  ( 0.0000000000000000000, 1.000000000000000000, 0.0000000000000000000 ) ) ;
#1875 = ORIENTED_EDGE ( 'NONE', *, *, #1879, .F. ) ;
#1876 = CARTESIAN_POINT ( 'NONE',  ( -1.349999999999999867, -1.350000000000000089, 0.05000000000000000278 ) ) ;
#1877 = DIRECTION ( 'NONE',  ( 1.000000000000000000, -3.252606517456514091E-15, 0.0000000000000000000 ) ) ;
#1878 = EDGE_LOOP ( 'NONE', ( #3505, #4781, #4968, #2820 ) ) ;
#1879 = EDGE_CURVE ( 'NONE', #2669, #56, #1835, .T. ) ;
#1880 = CARTESIAN_POINT ( 'NONE',  ( -0.4749999999999888756, 1.600000000000003197, 0.02000000000000000042 ) ) ;
#1881 = SURFACE_STYLE_USAGE ( .BOTH. , #680 ) ;
#1882 = DIRECTION ( 'NONE',  ( -0.0000000000000000000, -0.0000000000000000000, -1.000000000000000000 ) ) ;
#1883 = LINE ( 'NONE', #658, #2648 ) ;
#1884 = ORIENTED_EDGE ( 'NONE', *, *, #2886, .F. ) ;
#1885 = CARTESIAN_POINT ( 'NONE',  ( -1.125000000000000000, -1.600000000000000089, 0.2000000000000000111 ) ) ;
#1886 = FACE_OUTER_BOUND ( 'NONE', #2066, .T. ) ;
#1887 =( GEOMETRIC_REPRESENTATION_CONTEXT ( 3 ) GLOBAL_UNCERTAINTY_ASSIGNED_CONTEXT ( ( #1975 ) ) GLOBAL_UNIT_ASSIGNED_CONTEXT ( ( #518, #4065, #2907 ) ) REPRESENTATION_CONTEXT ( 'NONE', 'WORKASPACE' ) );
#1888 = ORIENTED_EDGE ( 'NONE', *, *, #4030, .T. ) ;
#1889 = CARTESIAN_POINT ( 'NONE',  ( -1.599999999999996092, 1.125000000000005329, 0.2000000000000000111 ) ) ;
#1890 =( NAMED_UNIT ( * ) SI_UNIT ( $, .STERADIAN. ) SOLID_ANGLE_UNIT ( ) );
#1891 = CARTESIAN_POINT ( 'NONE',  ( -2.000000000000001776, -0.4749999999999932054, 0.0000000000000000000 ) ) ;
#1892 = STYLED_ITEM ( 'NONE', ( #1178 ), #2639 ) ;
#1893 = VECTOR ( 'NONE', #640, 1000.000000000000000 ) ;
#1894 = DIRECTION ( 'NONE',  ( 1.000000000000000000, -7.228014483236698330E-15, 0.0000000000000000000 ) ) ;
#1895 = VECTOR ( 'NONE', #2946, 1000.000000000000000 ) ;
#1896 = CARTESIAN_POINT ( 'NONE',  ( -1.989999999999999547, -1.989999999999999991, 0.9200000000000000400 ) ) ;
#1897 = EDGE_LOOP ( 'NONE', ( #1608, #5238, #2482, #2546, #3913, #2852 ) ) ;
#1898 = EDGE_CURVE ( 'NONE', #4365, #5131, #4643, .T. ) ;
#1899 = DIRECTION ( 'NONE',  ( 0.0000000000000000000, 1.000000000000000000, 0.0000000000000000000 ) ) ;
#1900 = AXIS2_PLACEMENT_3D ( 'NONE', #4423, #1930, #322 ) ;
#1901 = ORIENTED_EDGE ( 'NONE', *, *, #2693, .T. ) ;
#1902 = LINE ( 'NONE', #4346, #1681 ) ;
#1903 = PLANE ( 'NONE',  #3398 ) ;
#1904 = DIRECTION ( 'NONE',  ( 0.0000000000000000000, 0.0000000000000000000, 1.000000000000000000 ) ) ;
#1905 = EDGE_CURVE ( 'NONE', #1531, #4751, #4986, .T. ) ;
#1906 = DIRECTION ( 'NONE',  ( -1.000000000000000000, 6.505213034913026604E-15, 0.0000000000000000000 ) ) ;
#1907 = ADVANCED_FACE ( 'NONE', ( #2954 ), #1806, .T. ) ;
#1908 = SURFACE_STYLE_USAGE ( .BOTH. , #1436 ) ;
#1909 = ORIENTED_EDGE ( 'NONE', *, *, #2650, .F. ) ;
#1910 = FACE_OUTER_BOUND ( 'NONE', #435, .T. ) ;
#1911 = ORIENTED_EDGE ( 'NONE', *, *, #3803, .F. ) ;
#1912 = DIRECTION ( 'NONE',  ( -2.032879073410320074E-16, 1.000000000000000000, -0.0000000000000000000 ) ) ;
#1913 = UNCERTAINTY_MEASURE_WITH_UNIT (LENGTH_MEASURE( 1.000000000000000082E-05 ), #1506, 'distance_accuracy_value', 'NONE');
#1914 = DIRECTION ( 'NONE',  ( 3.320369153236854568E-15, 1.000000000000000000, -0.0000000000000000000 ) ) ;
#1915 = LINE ( 'NONE', #726, #342 ) ;
#1916 = ORIENTED_EDGE ( 'NONE', *, *, #58, .T. ) ;
#1917 = PRESENTATION_STYLE_ASSIGNMENT (( #283 ) ) ;
#1918 = LINE ( 'NONE', #3551, #807 ) ;
#1919 = FILL_AREA_STYLE ('',( #3448 ) ) ;
#1920 = PLANE ( 'NONE',  #2566 ) ;
#1921 =( NAMED_UNIT ( * ) SI_UNIT ( $, .STERADIAN. ) SOLID_ANGLE_UNIT ( ) );
#1922 = ORIENTED_EDGE ( 'NONE', *, *, #2329, .T. ) ;
#1923 = CARTESIAN_POINT ( 'NONE',  ( -0.1749999999999999889, -1.599999999999999867, 0.2000000000000000111 ) ) ;
#1924 = VERTEX_POINT ( 'NONE', #5077 ) ;
#1925 = CARTESIAN_POINT ( 'NONE',  ( 1.599999999999978106, -1.990000000000039071, 0.02000000000000000042 ) ) ;
#1926 = ORIENTED_EDGE ( 'NONE', *, *, #4745, .T. ) ;
#1927 = DIRECTION ( 'NONE',  ( 1.000000000000000000, -1.029992063861229370E-14, 0.0000000000000000000 ) ) ;
#1928 = ORIENTED_EDGE ( 'NONE', *, *, #741, .T. ) ;
#1929 =( NAMED_UNIT ( * ) SI_UNIT ( $, .STERADIAN. ) SOLID_ANGLE_UNIT ( ) );
#1930 = DIRECTION ( 'NONE',  ( -1.000000000000000000, 1.011922027653137577E-14, 0.0000000000000000000 ) ) ;
#1931 = ADVANCED_FACE ( 'NONE', ( #5059 ), #2185, .F. ) ;
#1932 =( NAMED_UNIT ( * ) PLANE_ANGLE_UNIT ( ) SI_UNIT ( $, .RADIAN. ) );
#1933 = FILL_AREA_STYLE_COLOUR ( '', #1736 ) ;
#1934 = SURFACE_SIDE_STYLE ('',( #3625 ) ) ;
#1935 = VECTOR ( 'NONE', #2161, 1000.000000000000000 ) ;
#1936 = CARTESIAN_POINT ( 'NONE',  ( 1.599999999999994982, -0.4750000000000165201, 0.2000000000000000111 ) ) ;
#1937 = ORIENTED_EDGE ( 'NONE', *, *, #3013, .F. ) ;
#1938 = EDGE_CURVE ( 'NONE', #5145, #3931, #535, .T. ) ;
#1939 = EDGE_CURVE ( 'NONE', #639, #5002, #4241, .T. ) ;
#1940 = AXIS2_PLACEMENT_3D ( 'NONE', #3004, #1804, #1433 ) ;
#1941 =( NAMED_UNIT ( * ) PLANE_ANGLE_UNIT ( ) SI_UNIT ( $, .RADIAN. ) );
#1942 = SURFACE_STYLE_USAGE ( .BOTH. , #368 ) ;
#1943 = ORIENTED_EDGE ( 'NONE', *, *, #1639, .T. ) ;
#1944 =( NAMED_UNIT ( * ) PLANE_ANGLE_UNIT ( ) SI_UNIT ( $, .RADIAN. ) );
#1945 = COLOUR_RGB ( '',0.7529411764705882248, 0.7529411764705882248, 0.7529411764705882248 ) ;
#1946 = DIRECTION ( 'NONE',  ( -6.505213034913028182E-15, -1.000000000000000000, 0.0000000000000000000 ) ) ;
#1947 =( LENGTH_UNIT ( ) NAMED_UNIT ( * ) SI_UNIT ( .MILLI., .METRE. ) );
#1948 = ORIENTED_EDGE ( 'NONE', *, *, #3907, .T. ) ;
#1949 =( NAMED_UNIT ( * ) PLANE_ANGLE_UNIT ( ) SI_UNIT ( $, .RADIAN. ) );
#1950 = MECHANICAL_DESIGN_GEOMETRIC_PRESENTATION_REPRESENTATION (  '', ( #1867 ), #2549 ) ;
#1951 = ORIENTED_EDGE ( 'NONE', *, *, #58, .F. ) ;
#1952 = DIRECTION ( 'NONE',  ( 0.0000000000000000000, 0.0000000000000000000, -1.000000000000000000 ) ) ;
#1953 = ORIENTED_EDGE ( 'NONE', *, *, #5165, .F. ) ;
#1954 = FACE_OUTER_BOUND ( 'NONE', #3833, .T. ) ;
#1955 = ORIENTED_EDGE ( 'NONE', *, *, #3109, .F. ) ;
#1956 = CARTESIAN_POINT ( 'NONE',  ( 1.999999999999988232, -1.125000000000020650, 0.0000000000000000000 ) ) ;
#1957 = DIRECTION ( 'NONE',  ( -0.0000000000000000000, -0.0000000000000000000, -1.000000000000000000 ) ) ;
#1958 = CARTESIAN_POINT ( 'NONE',  ( 1.599999999999979883, -1.990000000000036406, 0.02000000000000000042 ) ) ;
#1959 = SURFACE_STYLE_USAGE ( .BOTH. , #2732 ) ;
#1960 = SURFACE_SIDE_STYLE ('',( #1198 ) ) ;
#1961 = EDGE_CURVE ( 'NONE', #3856, #1478, #2203, .T. ) ;
#1962 = SURFACE_SIDE_STYLE ('',( #4407 ) ) ;
#1963 = ORIENTED_EDGE ( 'NONE', *, *, #4567, .F. ) ;
#1964 = FILL_AREA_STYLE ('',( #4740 ) ) ;
#1965 = CARTESIAN_POINT ( 'NONE',  ( -1.599999999999998090, 0.4750000000000053624, 0.2000000000000000111 ) ) ;
#1966 = CARTESIAN_POINT ( 'NONE',  ( -0.4749999999999999778, -2.000000000000000000, 0.0000000000000000000 ) ) ;
#1967 = MECHANICAL_DESIGN_GEOMETRIC_PRESENTATION_REPRESENTATION (  '', ( #4111 ), #3410 ) ;
#1968 = CARTESIAN_POINT ( 'NONE',  ( -1.124999999999986233, 2.000000000000007994, 0.0000000000000000000 ) ) ;
#1969 = MECHANICAL_DESIGN_GEOMETRIC_PRESENTATION_REPRESENTATION (  '', ( #3933 ), #4939 ) ;
#1970 = EDGE_LOOP ( 'NONE', ( #819, #736, #1509, #5101 ) ) ;
#1971 = DIRECTION ( 'NONE',  ( 0.0000000000000000000, 0.0000000000000000000, -1.000000000000000000 ) ) ;
#1972 =( NAMED_UNIT ( * ) PLANE_ANGLE_UNIT ( ) SI_UNIT ( $, .RADIAN. ) );
#1973 = COLOUR_RGB ( '',0.7529411764705882248, 0.7529411764705882248, 0.7529411764705882248 ) ;
#1974 = STYLED_ITEM ( 'NONE', ( #1849 ), #1579 ) ;
#1975 = UNCERTAINTY_MEASURE_WITH_UNIT (LENGTH_MEASURE( 1.000000000000000082E-05 ), #518, 'distance_accuracy_value', 'NONE');
#1976 = LINE ( 'NONE', #3677, #3177 ) ;
#1977 = EDGE_CURVE ( 'NONE', #4774, #5114, #4737, .T. ) ;
#1978 = VECTOR ( 'NONE', #1988, 1000.000000000000000 ) ;
#1979 =( GEOMETRIC_REPRESENTATION_CONTEXT ( 3 ) GLOBAL_UNCERTAINTY_ASSIGNED_CONTEXT ( ( #1571 ) ) GLOBAL_UNIT_ASSIGNED_CONTEXT ( ( #596, #187, #4679 ) ) REPRESENTATION_CONTEXT ( 'NONE', 'WORKASPACE' ) );
#1980 = VECTOR ( 'NONE', #4927, 1000.000000000000000 ) ;
#1981 = ORIENTED_EDGE ( 'NONE', *, *, #22, .F. ) ;
#1982 = DIRECTION ( 'NONE',  ( -1.000000000000000000, 5.782411586589363555E-15, 0.0000000000000000000 ) ) ;
#1983 = MECHANICAL_DESIGN_GEOMETRIC_PRESENTATION_REPRESENTATION (  '', ( #4709 ), #5024 ) ;
#1984 = FACE_OUTER_BOUND ( 'NONE', #5211, .T. ) ;
#1985 =( GEOMETRIC_REPRESENTATION_CONTEXT ( 3 ) GLOBAL_UNCERTAINTY_ASSIGNED_CONTEXT ( ( #2713 ) ) GLOBAL_UNIT_ASSIGNED_CONTEXT ( ( #4055, #392, #2444 ) ) REPRESENTATION_CONTEXT ( 'NONE', 'WORKASPACE' ) );
#1986 = STYLED_ITEM ( 'NONE', ( #2629 ), #1931 ) ;
#1987 = PRESENTATION_STYLE_ASSIGNMENT (( #40 ) ) ;
#1988 = DIRECTION ( 'NONE',  ( -0.0000000000000000000, -0.0000000000000000000, -1.000000000000000000 ) ) ;
#1989 = ORIENTED_EDGE ( 'NONE', *, *, #3609, .F. ) ;
#1990 = SURFACE_STYLE_USAGE ( .BOTH. , #2347 ) ;
#1991 = DIRECTION ( 'NONE',  ( -1.000000000000000000, -0.0000000000000000000, -0.0000000000000000000 ) ) ;
#1992 = CARTESIAN_POINT ( 'NONE',  ( 1.599999999999998090, -0.1750000000000165312, 0.0000000000000000000 ) ) ;
#1993 = FACE_OUTER_BOUND ( 'NONE', #2030, .T. ) ;
#1994 = COLOUR_RGB ( '',0.7529411764705882248, 0.7529411764705882248, 0.7529411764705882248 ) ;
#1995 =( GEOMETRIC_REPRESENTATION_CONTEXT ( 3 ) GLOBAL_UNCERTAINTY_ASSIGNED_CONTEXT ( ( #3140 ) ) GLOBAL_UNIT_ASSIGNED_CONTEXT ( ( #2450, #2800, #63 ) ) REPRESENTATION_CONTEXT ( 'NONE', 'WORKASPACE' ) );
#1996 = FILL_AREA_STYLE ('',( #4759 ) ) ;
#1997 = SURFACE_STYLE_FILL_AREA ( #1231 ) ;
#1998 = VERTEX_POINT ( 'NONE', #3994 ) ;
#1999 = MECHANICAL_DESIGN_GEOMETRIC_PRESENTATION_REPRESENTATION (  '', ( #892 ), #1600 ) ;
#2000 = CARTESIAN_POINT ( 'NONE',  ( -1.989999999999999547, -1.989999999999999991, 0.9200000000000000400 ) ) ;
#2001 = CARTESIAN_POINT ( 'NONE',  ( 1.989999999999999103, 1.124999999999979350, 0.9200000000000000400 ) ) ;
#2002 = CARTESIAN_POINT ( 'NONE',  ( 1.600000000000011857, 1.124999999999983347, 0.0000000000000000000 ) ) ;
#2003 = DIRECTION ( 'NONE',  ( 6.979551485375436372E-15, 1.000000000000000000, -0.0000000000000000000 ) ) ;
#2004 = ORIENTED_EDGE ( 'NONE', *, *, #1470, .T. ) ;
#2005 = DIRECTION ( 'NONE',  ( 0.0000000000000000000, 0.0000000000000000000, -1.000000000000000000 ) ) ;
#2006 = CARTESIAN_POINT ( 'NONE',  ( 1.600000000000001865, 0.1749999999999835021, 0.2000000000000000111 ) ) ;
#2007 = PLANE ( 'NONE',  #1363 ) ;
#2008 = FILL_AREA_STYLE_COLOUR ( '', #2299 ) ;
#2009 =( LENGTH_UNIT ( ) NAMED_UNIT ( * ) SI_UNIT ( .MILLI., .METRE. ) );
#2010 = EDGE_LOOP ( 'NONE', ( #682, #4109, #4237, #1121 ) ) ;
#2011 = EDGE_CURVE ( 'NONE', #824, #4052, #2374, .T. ) ;
#2012 = EDGE_CURVE ( 'NONE', #1262, #4945, #3944, .T. ) ;
#2013 =( LENGTH_UNIT ( ) NAMED_UNIT ( * ) SI_UNIT ( .MILLI., .METRE. ) );
#2014 = CARTESIAN_POINT ( 'NONE',  ( 2.000000000000011546, 1.124999999999979350, 0.2000000000000000111 ) ) ;
#2015 = PLANE ( 'NONE',  #4041 ) ;
#2016 = LINE ( 'NONE', #5229, #846 ) ;
#2017 = PRESENTATION_STYLE_ASSIGNMENT (( #3287 ) ) ;
#2018 =( NAMED_UNIT ( * ) PLANE_ANGLE_UNIT ( ) SI_UNIT ( $, .RADIAN. ) );
#2019 = ORIENTED_EDGE ( 'NONE', *, *, #4868, .T. ) ;
#2020 = DIRECTION ( 'NONE',  ( -6.776263578034412179E-15, -1.000000000000000000, 0.0000000000000000000 ) ) ;
#2021 = SURFACE_STYLE_FILL_AREA ( #2081 ) ;
#2022 =( LENGTH_UNIT ( ) NAMED_UNIT ( * ) SI_UNIT ( .MILLI., .METRE. ) );
#2023 = DIRECTION ( 'NONE',  ( 1.000000000000000000, 0.0000000000000000000, 0.0000000000000000000 ) ) ;
#2024 = ORIENTED_EDGE ( 'NONE', *, *, #2329, .F. ) ;
#2025 = CARTESIAN_POINT ( 'NONE',  ( 1.599999999999994982, -0.4750000000000165201, 0.2000000000000000111 ) ) ;
#2026 = DIRECTION ( 'NONE',  ( -0.0000000000000000000, -0.0000000000000000000, -1.000000000000000000 ) ) ;
#2027 = PRESENTATION_LAYER_ASSIGNMENT (  '', '', ( #73 ) ) ;
#2028 = FILL_AREA_STYLE_COLOUR ( '', #278 ) ;
#2029 = LINE ( 'NONE', #4479, #1576 ) ;
#2030 = EDGE_LOOP ( 'NONE', ( #2873, #1494, #560, #5217, #2459, #743 ) ) ;
#2031 = VECTOR ( 'NONE', #156, 1000.000000000000000 ) ;
#2032 = CARTESIAN_POINT ( 'NONE',  ( -1.599999999999997202, 0.8250000000000053957, 0.0000000000000000000 ) ) ;
#2033 = ORIENTED_EDGE ( 'NONE', *, *, #810, .F. ) ;
#2034 = LINE ( 'NONE', #522, #533 ) ;
#2035 = EDGE_CURVE ( 'NONE', #2630, #4052, #4405, .T. ) ;
#2036 = VERTEX_POINT ( 'NONE', #3539 ) ;
#2037 = EDGE_CURVE ( 'NONE', #4397, #2720, #3111, .T. ) ;
#2038 =( GEOMETRIC_REPRESENTATION_CONTEXT ( 3 ) GLOBAL_UNCERTAINTY_ASSIGNED_CONTEXT ( ( #993 ) ) GLOBAL_UNIT_ASSIGNED_CONTEXT ( ( #1454, #2578, #4240 ) ) REPRESENTATION_CONTEXT ( 'NONE', 'WORKASPACE' ) );
#2039 = DIRECTION ( 'NONE',  ( 0.0000000000000000000, 0.0000000000000000000, -1.000000000000000000 ) ) ;
#2040 = DIRECTION ( 'NONE',  ( -4.336808689942017736E-15, -1.000000000000000000, 0.0000000000000000000 ) ) ;
#2041 = SURFACE_STYLE_FILL_AREA ( #527 ) ;
#2042 = SURFACE_STYLE_FILL_AREA ( #3995 ) ;
#2043 = EDGE_CURVE ( 'NONE', #1133, #1011, #2683, .T. ) ;
#2044 = EDGE_CURVE ( 'NONE', #2782, #2178, #764, .T. ) ;
#2045 = FILL_AREA_STYLE_COLOUR ( '', #1490 ) ;
#2046 = CARTESIAN_POINT ( 'NONE',  ( 0.8250000000000139444, 1.999999999999994449, 0.2000000000000000111 ) ) ;
#2047 = LINE ( 'NONE', #3674, #2700 ) ;
#2048 = DIRECTION ( 'NONE',  ( 1.000000000000000000, -1.043544591017297071E-14, 0.0000000000000000000 ) ) ;
#2049 = CARTESIAN_POINT ( 'NONE',  ( 1.350000000000000311, -1.350000000000000089, 0.0000000000000000000 ) ) ;
#2050 = DIRECTION ( 'NONE',  ( 0.0000000000000000000, 0.0000000000000000000, -1.000000000000000000 ) ) ;
#2051 = VERTEX_POINT ( 'NONE', #5127 ) ;
#2052 = PRESENTATION_STYLE_ASSIGNMENT (( #2447 ) ) ;
#2053 =( NAMED_UNIT ( * ) SI_UNIT ( $, .STERADIAN. ) SOLID_ANGLE_UNIT ( ) );
#2054 = COLOUR_RGB ( '',0.7529411764705882248, 0.7529411764705882248, 0.7529411764705882248 ) ;
#2055 = UNCERTAINTY_MEASURE_WITH_UNIT (LENGTH_MEASURE( 1.000000000000000082E-05 ), #3110, 'distance_accuracy_value', 'NONE');
#2056 = MECHANICAL_DESIGN_GEOMETRIC_PRESENTATION_REPRESENTATION (  '', ( #2297 ), #2484 ) ;
#2057 = PLANE ( 'NONE',  #3264 ) ;
#2058 = PLANE ( 'NONE',  #3417 ) ;
#2059 = ORIENTED_EDGE ( 'NONE', *, *, #373, .T. ) ;
#2060 = MECHANICAL_DESIGN_GEOMETRIC_PRESENTATION_REPRESENTATION (  '', ( #693 ), #1577 ) ;
#2061 = VECTOR ( 'NONE', #318, 1000.000000000000000 ) ;
#2062 = LINE ( 'NONE', #2888, #4370 ) ;
#2063 = FILL_AREA_STYLE_COLOUR ( '', #1259 ) ;
#2064 = PRESENTATION_LAYER_ASSIGNMENT (  '', '', ( #4373 ) ) ;
#2065 =( GEOMETRIC_REPRESENTATION_CONTEXT ( 3 ) GLOBAL_UNCERTAINTY_ASSIGNED_CONTEXT ( ( #1095 ) ) GLOBAL_UNIT_ASSIGNED_CONTEXT ( ( #2900, #4145, #910 ) ) REPRESENTATION_CONTEXT ( 'NONE', 'WORKASPACE' ) );
#2066 = EDGE_LOOP ( 'NONE', ( #1710, #3862, #4180, #3259, #1408, #2834 ) ) ;
#2067 = DIRECTION ( 'NONE',  ( -0.0000000000000000000, -0.0000000000000000000, -1.000000000000000000 ) ) ;
#2068 = COLOUR_RGB ( '',0.7529411764705882248, 0.7529411764705882248, 0.7529411764705882248 ) ;
#2069 = LINE ( 'NONE', #3589, #155 ) ;
#2070 = DIRECTION ( 'NONE',  ( 0.0000000000000000000, -0.0000000000000000000, 1.000000000000000000 ) ) ;
#2071 = ADVANCED_FACE ( 'NONE', ( #1114 ), #717, .F. ) ;
#2072 = CARTESIAN_POINT ( 'NONE',  ( -2.000000000000003997, -1.124999999999993339, 0.2000000000000000111 ) ) ;
#2073 = CARTESIAN_POINT ( 'NONE',  ( 1.125000000000011102, 1.599999999999992317, 0.0000000000000000000 ) ) ;
#2074 = MECHANICAL_DESIGN_GEOMETRIC_PRESENTATION_REPRESENTATION (  '', ( #3863 ), #1419 ) ;
#2075 = CARTESIAN_POINT ( 'NONE',  ( 0.4749999999999997558, -1.989999999999999991, 0.1999999999999999833 ) ) ;
#2076 = ORIENTED_EDGE ( 'NONE', *, *, #206, .F. ) ;
#2077 = VERTEX_POINT ( 'NONE', #3971 ) ;
#2078 =( NAMED_UNIT ( * ) SI_UNIT ( $, .STERADIAN. ) SOLID_ANGLE_UNIT ( ) );
#2079 = DIRECTION ( 'NONE',  ( 6.979551485375436372E-15, 1.000000000000000000, -0.0000000000000000000 ) ) ;
#2080 = VECTOR ( 'NONE', #7, 1000.000000000000000 ) ;
#2081 = FILL_AREA_STYLE ('',( #3676 ) ) ;
#2082 = VECTOR ( 'NONE', #2543, 1000.000000000000000 ) ;
#2083 = EDGE_CURVE ( 'NONE', #4352, #3495, #299, .T. ) ;
#2084 = ADVANCED_FACE ( 'NONE', ( #1993 ), #3593, .F. ) ;
#2085 = DIRECTION ( 'NONE',  ( -1.089650424608547042E-16, 1.000000000000000000, 0.0000000000000000000 ) ) ;
#2086 = ORIENTED_EDGE ( 'NONE', *, *, #1384, .T. ) ;
#2087 = MECHANICAL_DESIGN_GEOMETRIC_PRESENTATION_REPRESENTATION (  '', ( #5038 ), #3354 ) ;
#2088 = FACE_OUTER_BOUND ( 'NONE', #709, .T. ) ;
#2089 = CARTESIAN_POINT ( 'NONE',  ( -0.1749999999999860556, 2.000000000000001332, 0.2000000000000000111 ) ) ;
#2090 = UNCERTAINTY_MEASURE_WITH_UNIT (LENGTH_MEASURE( 1.000000000000000082E-05 ), #1947, 'distance_accuracy_value', 'NONE');
#2091 = SURFACE_SIDE_STYLE ('',( #471 ) ) ;
#2092 = ORIENTED_EDGE ( 'NONE', *, *, #3185, .F. ) ;
#2093 = CARTESIAN_POINT ( 'NONE',  ( -1.600000000000001865, -0.4749999999999946487, 0.0000000000000000000 ) ) ;
#2094 = DIRECTION ( 'NONE',  ( 1.000000000000000000, 0.0000000000000000000, 0.0000000000000000000 ) ) ;
#2095 =( LENGTH_UNIT ( ) NAMED_UNIT ( * ) SI_UNIT ( .MILLI., .METRE. ) );
#2096 = ORIENTED_EDGE ( 'NONE', *, *, #1846, .F. ) ;
#2097 = CARTESIAN_POINT ( 'NONE',  ( -1.600000000000004086, -1.124999999999994449, 0.0000000000000000000 ) ) ;
#2098 = DIRECTION ( 'NONE',  ( -1.000000000000000000, 0.0000000000000000000, -0.0000000000000000000 ) ) ;
#2099 = CARTESIAN_POINT ( 'NONE',  ( 1.599999999999991651, -0.8250000000000166089, 0.02000000000000000042 ) ) ;
#2100 = SURFACE_SIDE_STYLE ('',( #2810 ) ) ;
#2101 =( NAMED_UNIT ( * ) SI_UNIT ( $, .STERADIAN. ) SOLID_ANGLE_UNIT ( ) );
#2102 = CARTESIAN_POINT ( 'NONE',  ( -0.4749999999999999778, -2.000000000000000000, 0.2000000000000000111 ) ) ;
#2103 = VERTEX_POINT ( 'NONE', #1692 ) ;
#2104 = ORIENTED_EDGE ( 'NONE', *, *, #4598, .F. ) ;
#2105 = LINE ( 'NONE', #2930, #2923 ) ;
#2106 = FACE_OUTER_BOUND ( 'NONE', #387, .T. ) ;
#2107 = MECHANICAL_DESIGN_GEOMETRIC_PRESENTATION_REPRESENTATION (  '', ( #3728 ), #3213 ) ;
#2108 = DIRECTION ( 'NONE',  ( 1.000000000000000000, 0.0000000000000000000, 0.0000000000000000000 ) ) ;
#2109 = PLANE ( 'NONE',  #4698 ) ;
#2110 = DIRECTION ( 'NONE',  ( -6.776263578034412179E-15, -1.000000000000000000, 0.0000000000000000000 ) ) ;
#2111 = EDGE_CURVE ( 'NONE', #1623, #2292, #1197, .T. ) ;
#2112 = ADVANCED_FACE ( 'NONE', ( #791 ), #2847, .F. ) ;
#2113 = DIRECTION ( 'NONE',  ( -1.000000000000000000, 0.0000000000000000000, 0.0000000000000000000 ) ) ;
#2114 = LINE ( 'NONE', #3744, #2123 ) ;
#2115 = LINE ( 'NONE', #2557, #5089 ) ;
#2116 = CARTESIAN_POINT ( 'NONE',  ( -1.350000000000000089, 1.350000000000000089, 0.05000000000000000278 ) ) ;
#2117 = VECTOR ( 'NONE', #2379, 1000.000000000000000 ) ;
#2118 = PRESENTATION_STYLE_ASSIGNMENT (( #2961 ) ) ;
#2119 = VECTOR ( 'NONE', #3564, 1000.000000000000000 ) ;
#2120 = DIRECTION ( 'NONE',  ( -6.979551485375436372E-15, -1.000000000000000000, 0.0000000000000000000 ) ) ;
#2121 = ORIENTED_EDGE ( 'NONE', *, *, #702, .T. ) ;
#2122 = CARTESIAN_POINT ( 'NONE',  ( 1.989999999999999103, 1.989999999999999991, 0.9200000000000000400 ) ) ;
#2123 = VECTOR ( 'NONE', #2136, 1000.000000000000000 ) ;
#2124 =( NAMED_UNIT ( * ) PLANE_ANGLE_UNIT ( ) SI_UNIT ( $, .RADIAN. ) );
#2125 = SURFACE_STYLE_USAGE ( .BOTH. , #1287 ) ;
#2126 = PRESENTATION_LAYER_ASSIGNMENT (  '', '', ( #1552 ) ) ;
#2127 = LINE ( 'NONE', #1289, #3691 ) ;
#2128 = ORIENTED_EDGE ( 'NONE', *, *, #3932, .T. ) ;
#2129 = VERTEX_POINT ( 'NONE', #4489 ) ;
#2130 =( NAMED_UNIT ( * ) SI_UNIT ( $, .STERADIAN. ) SOLID_ANGLE_UNIT ( ) );
#2131 = PLANE ( 'NONE',  #2323 ) ;
#2132 = DIRECTION ( 'NONE',  ( -1.000000000000000000, 5.782411586589363555E-15, 0.0000000000000000000 ) ) ;
#2133 = ORIENTED_EDGE ( 'NONE', *, *, #403, .T. ) ;
#2134 = PLANE ( 'NONE',  #3424 ) ;
#2135 = DIRECTION ( 'NONE',  ( -1.000000000000000000, 3.523657060577888227E-15, 0.0000000000000000000 ) ) ;
#2136 = DIRECTION ( 'NONE',  ( 0.0000000000000000000, 1.000000000000000000, 0.0000000000000000000 ) ) ;
#2137 = EDGE_CURVE ( 'NONE', #2250, #3389, #818, .T. ) ;
#2138 = DIRECTION ( 'NONE',  ( 0.0000000000000000000, 0.0000000000000000000, -1.000000000000000000 ) ) ;
#2139 = PRESENTATION_STYLE_ASSIGNMENT (( #3382 ) ) ;
#2140 =( GEOMETRIC_REPRESENTATION_CONTEXT ( 3 ) GLOBAL_UNCERTAINTY_ASSIGNED_CONTEXT ( ( #79 ) ) GLOBAL_UNIT_ASSIGNED_CONTEXT ( ( #927, #4235, #2921 ) ) REPRESENTATION_CONTEXT ( 'NONE', 'WORKASPACE' ) );
#2141 = ADVANCED_FACE ( 'NONE', ( #2894 ), #442, .F. ) ;
#2142 = LINE ( 'NONE', #3824, #3893 ) ;
#2143 = EDGE_CURVE ( 'NONE', #4663, #4352, #3896, .T. ) ;
#2144 = STYLED_ITEM ( 'NONE', ( #4929 ), #3785 ) ;
#2145 =( NAMED_UNIT ( * ) PLANE_ANGLE_UNIT ( ) SI_UNIT ( $, .RADIAN. ) );
#2146 = COLOUR_RGB ( '',0.7529411764705882248, 0.7529411764705882248, 0.7529411764705882248 ) ;
#2147 = VECTOR ( 'NONE', #706, 1000.000000000000000 ) ;
#2148 = ORIENTED_EDGE ( 'NONE', *, *, #647, .F. ) ;
#2149 = CARTESIAN_POINT ( 'NONE',  ( -0.1749999999999888589, 1.600000000000001421, 0.0000000000000000000 ) ) ;
#2150 = CARTESIAN_POINT ( 'NONE',  ( -0.4749999999999859890, 2.000000000000003553, 0.0000000000000000000 ) ) ;
#2151 = MECHANICAL_DESIGN_GEOMETRIC_PRESENTATION_REPRESENTATION (  '', ( #2735 ), #1124 ) ;
#2152 = DIRECTION ( 'NONE',  ( -1.000000000000000000, 0.0000000000000000000, 0.0000000000000000000 ) ) ;
#2153 = COLOUR_RGB ( '',0.7529411764705882248, 0.7529411764705882248, 0.7529411764705882248 ) ;
#2154 = CARTESIAN_POINT ( 'NONE',  ( 1.600000000000001865, 0.1749999999999835021, 0.2000000000000000111 ) ) ;
#2155 = ORIENTED_EDGE ( 'NONE', *, *, #5225, .T. ) ;
#2156 = AXIS2_PLACEMENT_3D ( 'NONE', #1468, #5063, #1081 ) ;
#2157 = VECTOR ( 'NONE', #3346, 1000.000000000000000 ) ;
#2158 = ORIENTED_EDGE ( 'NONE', *, *, #5016, .T. ) ;
#2159 = CARTESIAN_POINT ( 'NONE',  ( -1.989999999999999991, 1.989999999999999991, 0.1999999999999999833 ) ) ;
#2160 = AXIS2_PLACEMENT_3D ( 'NONE', #3158, #4788, #2786 ) ;
#2161 = DIRECTION ( 'NONE',  ( -0.0000000000000000000, -0.0000000000000000000, -1.000000000000000000 ) ) ;
#2162 = CARTESIAN_POINT ( 'NONE',  ( 2.000000000000001776, 0.1749999999999792832, 0.0000000000000000000 ) ) ;
#2163 = DIRECTION ( 'NONE',  ( -0.0000000000000000000, -0.0000000000000000000, -1.000000000000000000 ) ) ;
#2164 = DIRECTION ( 'NONE',  ( 2.710505431213763057E-16, -1.000000000000000000, 0.0000000000000000000 ) ) ;
#2165 = PRESENTATION_STYLE_ASSIGNMENT (( #3324 ) ) ;
#2166 = VECTOR ( 'NONE', #4178, 1000.000000000000000 ) ;
#2167 = UNCERTAINTY_MEASURE_WITH_UNIT (LENGTH_MEASURE( 1.000000000000000082E-05 ), #364, 'distance_accuracy_value', 'NONE');
#2168 = VECTOR ( 'NONE', #5207, 1000.000000000000000 ) ;
#2169 = LINE ( 'NONE', #970, #4019 ) ;
#2170 = SURFACE_STYLE_USAGE ( .BOTH. , #2091 ) ;
#2171 = EDGE_CURVE ( 'NONE', #4830, #1763, #3921, .T. ) ;
#2172 = DIRECTION ( 'NONE',  ( -0.0000000000000000000, -0.0000000000000000000, -1.000000000000000000 ) ) ;
#2173 = ORIENTED_EDGE ( 'NONE', *, *, #2463, .T. ) ;
#2174 = LINE ( 'NONE', #3805, #2166 ) ;
#2175 = EDGE_CURVE ( 'NONE', #1375, #2308, #5109, .T. ) ;
#2176 = EDGE_CURVE ( 'NONE', #4013, #4895, #4688, .T. ) ;
#2177 = CARTESIAN_POINT ( 'NONE',  ( 0.4749999999999858780, -1.990000000000017311, 0.02000000000000000042 ) ) ;
#2178 = VERTEX_POINT ( 'NONE', #1116 ) ;
#2179 = CARTESIAN_POINT ( 'NONE',  ( 2.000000000000008882, 0.8249999999999795275, 0.0000000000000000000 ) ) ;
#2180 = ORIENTED_EDGE ( 'NONE', *, *, #3540, .F. ) ;
#2181 = ORIENTED_EDGE ( 'NONE', *, *, #4038, .T. ) ;
#2182 = CARTESIAN_POINT ( 'NONE',  ( 1.600000000000011857, 1.124999999999983347, 0.0000000000000000000 ) ) ;
#2183 = CARTESIAN_POINT ( 'NONE',  ( -0.8249999999999999556, -1.600000000000000089, 0.0000000000000000000 ) ) ;
#2184 = PLANE ( 'NONE',  #1383 ) ;
#2185 = PLANE ( 'NONE',  #3867 ) ;
#2186 = FILL_AREA_STYLE ('',( #3400 ) ) ;
#2187 = ORIENTED_EDGE ( 'NONE', *, *, #1166, .F. ) ;
#2188 = EDGE_LOOP ( 'NONE', ( #2265, #4368, #1066, #1837 ) ) ;
#2189 =( NAMED_UNIT ( * ) SI_UNIT ( $, .STERADIAN. ) SOLID_ANGLE_UNIT ( ) );
#2190 =( NAMED_UNIT ( * ) PLANE_ANGLE_UNIT ( ) SI_UNIT ( $, .RADIAN. ) );
#2191 = CARTESIAN_POINT ( 'NONE',  ( 1.599999999999988320, -1.125000000000016431, 0.0000000000000000000 ) ) ;
#2192 = PRODUCT_RELATED_PRODUCT_CATEGORY ( 'part', '', ( #228 ) ) ;
#2193 = LINE ( 'NONE', #4199, #3069 ) ;
#2194 = EDGE_LOOP ( 'NONE', ( #3059, #4749, #2715, #1157 ) ) ;
#2195 = PRESENTATION_STYLE_ASSIGNMENT (( #574 ) ) ;
#2196 = COLOUR_RGB ( '',0.7529411764705882248, 0.7529411764705882248, 0.7529411764705882248 ) ;
#2197 = LINE ( 'NONE', #4257, #776 ) ;
#2198 = ORIENTED_EDGE ( 'NONE', *, *, #832, .T. ) ;
#2199 = ADVANCED_FACE ( 'NONE', ( #5130 ), #3543, .F. ) ;
#2200 = ADVANCED_FACE ( 'NONE', ( #1910 ), #3136, .F. ) ;
#2201 = EDGE_LOOP ( 'NONE', ( #2366, #369, #252, #4884 ) ) ;
#2202 = DIRECTION ( 'NONE',  ( -1.084202172485504276E-14, -1.000000000000000000, -0.0000000000000000000 ) ) ;
#2203 = LINE ( 'NONE', #274, #3693 ) ;
#2204 = AXIS2_PLACEMENT_3D ( 'NONE', #2816, #3242, #2899 ) ;
#2205 = ADVANCED_FACE ( 'NONE', ( #4842 ), #5157, .F. ) ;
#2206 = ORIENTED_EDGE ( 'NONE', *, *, #4534, .F. ) ;
#2207 = ORIENTED_EDGE ( 'NONE', *, *, #374, .T. ) ;
#2208 = CARTESIAN_POINT ( 'NONE',  ( -1.599999999999997202, 0.8250000000000053957, 0.2000000000000000111 ) ) ;
#2209 = MECHANICAL_DESIGN_GEOMETRIC_PRESENTATION_REPRESENTATION (  '', ( #4525 ), #2478 ) ;
#2210 = SURFACE_STYLE_FILL_AREA ( #4248 ) ;
#2211 = LINE ( 'NONE', #1416, #1726 ) ;
#2212 = ORIENTED_EDGE ( 'NONE', *, *, #444, .T. ) ;
#2213 = APPLICATION_CONTEXT ( 'automotive_design' ) ;
#2214 = PRESENTATION_STYLE_ASSIGNMENT (( #3418 ) ) ;
#2215 = VECTOR ( 'NONE', #4338, 1000.000000000000000 ) ;
#2216 = VECTOR ( 'NONE', #2906, 1000.000000000000000 ) ;
#2217 = PRESENTATION_LAYER_ASSIGNMENT (  '', '', ( #1724 ) ) ;
#2218 = ORIENTED_EDGE ( 'NONE', *, *, #1938, .T. ) ;
#2219 = SURFACE_STYLE_USAGE ( .BOTH. , #1962 ) ;
#2220 = DIRECTION ( 'NONE',  ( 3.614007241618348376E-15, 1.000000000000000000, -0.0000000000000000000 ) ) ;
#2221 = DIRECTION ( 'NONE',  ( 0.0000000000000000000, 0.0000000000000000000, -1.000000000000000000 ) ) ;
#2222 = EDGE_CURVE ( 'NONE', #913, #210, #1256, .T. ) ;
#2223 = STYLED_ITEM ( 'NONE', ( #2118 ), #1673 ) ;
#2224 = DIRECTION ( 'NONE',  ( -1.089650424608547042E-16, 1.000000000000000000, 0.0000000000000000000 ) ) ;
#2225 = VECTOR ( 'NONE', #2924, 1000.000000000000000 ) ;
#2226 = CARTESIAN_POINT ( 'NONE',  ( 1.599999999999998090, -0.1750000000000165312, 0.2000000000000000111 ) ) ;
#2227 = COLOUR_RGB ( '',0.1254901960784313708, 0.1254901960784313708, 0.1254901960784313708 ) ;
#2228 = ORIENTED_EDGE ( 'NONE', *, *, #4533, .F. ) ;
#2229 = DIRECTION ( 'NONE',  ( -0.0000000000000000000, -0.0000000000000000000, -1.000000000000000000 ) ) ;
#2230 = CARTESIAN_POINT ( 'NONE',  ( 1.999999999999998224, -0.1750000000000206390, 0.2000000000000000111 ) ) ;
#2231 = EDGE_CURVE ( 'NONE', #1716, #3597, #351, .T. ) ;
#2232 = ADVANCED_FACE ( 'NONE', ( #2371 ), #4446, .T. ) ;
#2233 = LINE ( 'NONE', #4599, #2031 ) ;
#2234 = UNCERTAINTY_MEASURE_WITH_UNIT (LENGTH_MEASURE( 1.000000000000000082E-05 ), #4490, 'distance_accuracy_value', 'NONE');
#2235 =( NAMED_UNIT ( * ) PLANE_ANGLE_UNIT ( ) SI_UNIT ( $, .RADIAN. ) );
#2236 = ORIENTED_EDGE ( 'NONE', *, *, #828, .T. ) ;
#2237 = VECTOR ( 'NONE', #1323, 1000.000000000000000 ) ;
#2238 = FACE_BOUND ( 'NONE', #5027, .T. ) ;
#2239 = VECTOR ( 'NONE', #787, 1000.000000000000000 ) ;
#2240 = CARTESIAN_POINT ( 'NONE',  ( 2.000000000000001776, 0.1749999999999792832, 0.2000000000000000111 ) ) ;
#2241 = SURFACE_STYLE_USAGE ( .BOTH. , #3045 ) ;
#2242 = ORIENTED_EDGE ( 'NONE', *, *, #4880, .F. ) ;
#2243 = SURFACE_STYLE_USAGE ( .BOTH. , #3727 ) ;
#2244 = VECTOR ( 'NONE', #4006, 1000.000000000000000 ) ;
#2245 = AXIS2_PLACEMENT_3D ( 'NONE', #4172, #3303, #2958 ) ;
#2246 =( LENGTH_UNIT ( ) NAMED_UNIT ( * ) SI_UNIT ( .MILLI., .METRE. ) );
#2247 = ORIENTED_EDGE ( 'NONE', *, *, #4652, .T. ) ;
#2248 = PLANE ( 'NONE',  #5105 ) ;
#2249 = DIRECTION ( 'NONE',  ( 1.089650424608547166E-16, -1.000000000000000000, 0.0000000000000000000 ) ) ;
#2250 = VERTEX_POINT ( 'NONE', #4810 ) ;
#2251 = ORIENTED_EDGE ( 'NONE', *, *, #150, .T. ) ;
#2252 = DIRECTION ( 'NONE',  ( 2.179300849217094085E-16, -1.000000000000000000, 0.0000000000000000000 ) ) ;
#2253 = DIRECTION ( 'NONE',  ( -1.000000000000000000, 0.0000000000000000000, -0.0000000000000000000 ) ) ;
#2254 = ORIENTED_EDGE ( 'NONE', *, *, #1616, .F. ) ;
#2255 = DIRECTION ( 'NONE',  ( -0.0000000000000000000, -0.0000000000000000000, -1.000000000000000000 ) ) ;
#2256 = PRESENTATION_STYLE_ASSIGNMENT (( #5133 ) ) ;
#2257 = FACE_OUTER_BOUND ( 'NONE', #1261, .T. ) ;
#2258 = FACE_OUTER_BOUND ( 'NONE', #1970, .T. ) ;
#2259 = EDGE_CURVE ( 'NONE', #4913, #2376, #4486, .T. ) ;
#2260 = ORIENTED_EDGE ( 'NONE', *, *, #969, .T. ) ;
#2261 = EDGE_CURVE ( 'NONE', #3074, #2051, #1169, .T. ) ;
#2262 = PRESENTATION_STYLE_ASSIGNMENT (( #4625 ) ) ;
#2263 =( NAMED_UNIT ( * ) PLANE_ANGLE_UNIT ( ) SI_UNIT ( $, .RADIAN. ) );
#2264 = LINE ( 'NONE', #3802, #1588 ) ;
#2265 = ORIENTED_EDGE ( 'NONE', *, *, #3610, .F. ) ;
#2266 = DIRECTION ( 'NONE',  ( 0.0000000000000000000, 0.0000000000000000000, -1.000000000000000000 ) ) ;
#2267 = SURFACE_STYLE_USAGE ( .BOTH. , #3531 ) ;
#2268 = VERTEX_POINT ( 'NONE', #4073 ) ;
#2269 = LINE ( 'NONE', #3025, #3425 ) ;
#2270 = ORIENTED_EDGE ( 'NONE', *, *, #2953, .F. ) ;
#2271 = FACE_OUTER_BOUND ( 'NONE', #5073, .T. ) ;
#2272 =( LENGTH_UNIT ( ) NAMED_UNIT ( * ) SI_UNIT ( .MILLI., .METRE. ) );
#2273 = ORIENTED_EDGE ( 'NONE', *, *, #431, .T. ) ;
#2274 = DIRECTION ( 'NONE',  ( 6.776263578034411390E-15, 1.000000000000000000, 0.0000000000000000000 ) ) ;
#2275 = VERTEX_POINT ( 'NONE', #2783 ) ;
#2276 = DIRECTION ( 'NONE',  ( -3.523657060577888622E-15, -1.000000000000000000, 0.0000000000000000000 ) ) ;
#2277 = VECTOR ( 'NONE', #355, 1000.000000000000000 ) ;
#2278 =( LENGTH_UNIT ( ) NAMED_UNIT ( * ) SI_UNIT ( .MILLI., .METRE. ) );
#2279 =( LENGTH_UNIT ( ) NAMED_UNIT ( * ) SI_UNIT ( .MILLI., .METRE. ) );
#2280 = ORIENTED_EDGE ( 'NONE', *, *, #1823, .T. ) ;
#2281 = PRESENTATION_LAYER_ASSIGNMENT (  '', '', ( #4921 ) ) ;
#2282 = SURFACE_STYLE_FILL_AREA ( #3122 ) ;
#2283 = EDGE_CURVE ( 'NONE', #2797, #2420, #5206, .T. ) ;
#2284 = LINE ( 'NONE', #1891, #1132 ) ;
#2285 = VERTEX_POINT ( 'NONE', #5226 ) ;
#2286 = SURFACE_SIDE_STYLE ('',( #1871 ) ) ;
#2287 = EDGE_CURVE ( 'NONE', #608, #4066, #1561, .T. ) ;
#2288 = EDGE_CURVE ( 'NONE', #2308, #496, #2805, .T. ) ;
#2289 = VERTEX_POINT ( 'NONE', #382 ) ;
#2290 = LINE ( 'NONE', #2427, #116 ) ;
#2291 = FACE_OUTER_BOUND ( 'NONE', #1152, .T. ) ;
#2292 = VERTEX_POINT ( 'NONE', #1775 ) ;
#2293 = SURFACE_STYLE_USAGE ( .BOTH. , #295 ) ;
#2294 = LINE ( 'NONE', #1112, #4170 ) ;
#2295 = PRESENTATION_LAYER_ASSIGNMENT (  '', '', ( #4111 ) ) ;
#2296 = FACE_OUTER_BOUND ( 'NONE', #1322, .T. ) ;
#2297 = STYLED_ITEM ( 'NONE', ( #1472 ), #1539 ) ;
#2298 = ORIENTED_EDGE ( 'NONE', *, *, #544, .F. ) ;
#2299 = COLOUR_RGB ( '',0.7529411764705882248, 0.7529411764705882248, 0.7529411764705882248 ) ;
#2300 = VECTOR ( 'NONE', #1864, 1000.000000000000000 ) ;
#2301 = FACE_OUTER_BOUND ( 'NONE', #266, .T. ) ;
#2302 = COLOUR_RGB ( '',0.7529411764705882248, 0.7529411764705882248, 0.7529411764705882248 ) ;
#2303 = DIRECTION ( 'NONE',  ( -1.000000000000000000, 3.523657060577892172E-15, -0.0000000000000000000 ) ) ;
#2304 = VECTOR ( 'NONE', #2481, 1000.000000000000000 ) ;
#2305 = MECHANICAL_DESIGN_GEOMETRIC_PRESENTATION_REPRESENTATION (  '', ( #347 ), #867 ) ;
#2306 = AXIS2_PLACEMENT_3D ( 'NONE', #285, #593, #4359 ) ;
#2307 = DIRECTION ( 'NONE',  ( 0.0000000000000000000, 0.0000000000000000000, -1.000000000000000000 ) ) ;
#2308 = VERTEX_POINT ( 'NONE', #3311 ) ;
#2309 = DIRECTION ( 'NONE',  ( -1.000000000000000000, 6.505213034913026604E-15, 0.0000000000000000000 ) ) ;
#2310 = PRESENTATION_LAYER_ASSIGNMENT (  '', '', ( #3863 ) ) ;
#2312 = VECTOR ( 'NONE', #445, 1000.000000000000000 ) ;
#2311 = CARTESIAN_POINT ( 'NONE',  ( 1.999999999999998224, -0.1750000000000206390, 0.2000000000000000111 ) ) ;
#2313 = STYLED_ITEM ( 'NONE', ( #4691 ), #2552 ) ;
#2314 = DIRECTION ( 'NONE',  ( -0.0000000000000000000, -0.0000000000000000000, -1.000000000000000000 ) ) ;
#2315 = VECTOR ( 'NONE', #2415, 1000.000000000000000 ) ;
#2316 = COLOUR_RGB ( '',0.7529411764705882248, 0.7529411764705882248, 0.7529411764705882248 ) ;
#2317 = MECHANICAL_DESIGN_GEOMETRIC_PRESENTATION_REPRESENTATION (  '', ( #33 ), #261 ) ;
#2318 = SURFACE_STYLE_FILL_AREA ( #3200 ) ;
#2319 = EDGE_CURVE ( 'NONE', #5008, #5009, #4101, .T. ) ;
#2320 = EDGE_LOOP ( 'NONE', ( #4326, #3385, #3544, #1348 ) ) ;
#2321 = PRESENTATION_LAYER_ASSIGNMENT (  '', '', ( #2502 ) ) ;
#2322 = EDGE_LOOP ( 'NONE', ( #2756, #3582, #4894, #939 ) ) ;
#2323 = AXIS2_PLACEMENT_3D ( 'NONE', #792, #4377, #386 ) ;
#2324 = CARTESIAN_POINT ( 'NONE',  ( -1.600000000000000755, -0.1749999999999946598, 0.2000000000000000111 ) ) ;
#2325 = ORIENTED_EDGE ( 'NONE', *, *, #1939, .F. ) ;
#2326 = VECTOR ( 'NONE', #1310, 1000.000000000000000 ) ;
#2327 = CARTESIAN_POINT ( 'NONE',  ( -0.8249999999999889644, 1.600000000000006084, 0.2000000000000000111 ) ) ;
#2328 = ORIENTED_EDGE ( 'NONE', *, *, #1075, .T. ) ;
#2329 = EDGE_CURVE ( 'NONE', #1141, #2865, #2892, .T. ) ;
#2330 = CARTESIAN_POINT ( 'NONE',  ( 1.125000000000000000, -1.600000000000000089, 0.2000000000000000111 ) ) ;
#2331 = PRESENTATION_STYLE_ASSIGNMENT (( #657 ) ) ;
#2332 = DIRECTION ( 'NONE',  ( -5.963111948670275965E-15, -1.000000000000000000, -0.0000000000000000000 ) ) ;
#2333 = EDGE_LOOP ( 'NONE', ( #449, #1646, #1937, #3756 ) ) ;
#2334 = LINE ( 'NONE', #223, #2960 ) ;
#2335 = UNCERTAINTY_MEASURE_WITH_UNIT (LENGTH_MEASURE( 1.000000000000000082E-05 ), #3808, 'distance_accuracy_value', 'NONE');
#2336 = CARTESIAN_POINT ( 'NONE',  ( 1.600000000000008971, 0.8249999999999835243, 0.0000000000000000000 ) ) ;
#2337 = ORIENTED_EDGE ( 'NONE', *, *, #5165, .T. ) ;
#2338 = CARTESIAN_POINT ( 'NONE',  ( -1.125000000000000000, -1.989999999999999991, 0.9200000000000000400 ) ) ;
#2339 = VECTOR ( 'NONE', #3698, 1000.000000000000000 ) ;
#2340 = PRESENTATION_STYLE_ASSIGNMENT (( #4851 ) ) ;
#2341 = EDGE_LOOP ( 'NONE', ( #3231, #2726, #1007, #1786, #4547, #4140 ) ) ;
#2342 = CARTESIAN_POINT ( 'NONE',  ( -1.600000000000003197, -0.8249999999999947375, 0.2000000000000000111 ) ) ;
#2343 = ORIENTED_EDGE ( 'NONE', *, *, #269, .F. ) ;
#2344 =( LENGTH_UNIT ( ) NAMED_UNIT ( * ) SI_UNIT ( .MILLI., .METRE. ) );
#2345 = EDGE_CURVE ( 'NONE', #4437, #2077, #4930, .T. ) ;
#2346 = ORIENTED_EDGE ( 'NONE', *, *, #229, .T. ) ;
#2347 = SURFACE_SIDE_STYLE ('',( #3641 ) ) ;
#2348 = CARTESIAN_POINT ( 'NONE',  ( 1.600000000000008971, 0.8249999999999835243, 0.2000000000000000111 ) ) ;
#2349 = ADVANCED_FACE ( 'NONE', ( #556 ), #4962, .T. ) ;
#2350 = FILL_AREA_STYLE ('',( #1933 ) ) ;
#2351 = PLANE ( 'NONE',  #1239 ) ;
#2352 = FILL_AREA_STYLE_COLOUR ( '', #181 ) ;
#2353 = ORIENTED_EDGE ( 'NONE', *, *, #2499, .T. ) ;
#2354 = CARTESIAN_POINT ( 'NONE',  ( -1.989999999999999991, 1.989999999999999991, 0.02000000000000000042 ) ) ;
#2355 = EDGE_CURVE ( 'NONE', #924, #2971, #4131, .T. ) ;
#2356 = COLOUR_RGB ( '',0.7529411764705882248, 0.7529411764705882248, 0.7529411764705882248 ) ;
#2357 = DIRECTION ( 'NONE',  ( 1.000000000000000000, 0.0000000000000000000, 0.0000000000000000000 ) ) ;
#2358 = EDGE_LOOP ( 'NONE', ( #1568, #2270, #645, #4538 ) ) ;
#2359 = COLOUR_RGB ( '',0.7529411764705882248, 0.7529411764705882248, 0.7529411764705882248 ) ;
#2360 = DIRECTION ( 'NONE',  ( -2.710505431213763550E-16, 1.000000000000000000, 0.0000000000000000000 ) ) ;
#2361 = LINE ( 'NONE', #3929, #1100 ) ;
#2362 = FILL_AREA_STYLE ('',( #3737 ) ) ;
#2363 = STYLED_ITEM ( 'NONE', ( #485 ), #1235 ) ;
#2364 = FILL_AREA_STYLE ('',( #3634 ) ) ;
#2365 = CARTESIAN_POINT ( 'NONE',  ( 1.599999999999994982, -0.4750000000000165201, 0.2000000000000000111 ) ) ;
#2366 = ORIENTED_EDGE ( 'NONE', *, *, #3663, .F. ) ;
#2367 = LINE ( 'NONE', #1923, #1815 ) ;
#2368 = SURFACE_SIDE_STYLE ('',( #2457 ) ) ;
#2369 = FILL_AREA_STYLE_COLOUR ( '', #354 ) ;
#2370 = ORIENTED_EDGE ( 'NONE', *, *, #3840, .T. ) ;
#2371 = FACE_OUTER_BOUND ( 'NONE', #4516, .T. ) ;
#2372 = SURFACE_STYLE_USAGE ( .BOTH. , #656 ) ;
#2373 =( NAMED_UNIT ( * ) SI_UNIT ( $, .STERADIAN. ) SOLID_ANGLE_UNIT ( ) );
#2374 = LINE ( 'NONE', #1090, #1414 ) ;
#2375 =( LENGTH_UNIT ( ) NAMED_UNIT ( * ) SI_UNIT ( .MILLI., .METRE. ) );
#2376 = VERTEX_POINT ( 'NONE', #3781 ) ;
#2377 = SURFACE_STYLE_USAGE ( .BOTH. , #744 ) ;
#2378 = EDGE_CURVE ( 'NONE', #1279, #1011, #3365, .T. ) ;
#2379 = DIRECTION ( 'NONE',  ( -0.0000000000000000000, 1.000000000000000000, -0.0000000000000000000 ) ) ;
#2380 = COLOUR_RGB ( '',0.7529411764705882248, 0.7529411764705882248, 0.7529411764705882248 ) ;
#2381 = LINE ( 'NONE', #1541, #4251 ) ;
#2382 = UNCERTAINTY_MEASURE_WITH_UNIT (LENGTH_MEASURE( 1.000000000000000082E-05 ), #3817, 'distance_accuracy_value', 'NONE');
#2383 = COLOUR_RGB ( '',0.7529411764705882248, 0.7529411764705882248, 0.7529411764705882248 ) ;
#2384 = MECHANICAL_DESIGN_GEOMETRIC_PRESENTATION_REPRESENTATION (  '', ( #171 ), #3070 ) ;
#2385 = PLANE ( 'NONE',  #2563 ) ;
#2386 = VECTOR ( 'NONE', #2939, 1000.000000000000000 ) ;
#2387 = ORIENTED_EDGE ( 'NONE', *, *, #1610, .F. ) ;
#2388 = FILL_AREA_STYLE ('',( #4438 ) ) ;
#2389 = EDGE_CURVE ( 'NONE', #4052, #1028, #4531, .T. ) ;
#2390 =( GEOMETRIC_REPRESENTATION_CONTEXT ( 3 ) GLOBAL_UNCERTAINTY_ASSIGNED_CONTEXT ( ( #1182 ) ) GLOBAL_UNIT_ASSIGNED_CONTEXT ( ( #4360, #4009, #1529 ) ) REPRESENTATION_CONTEXT ( 'NONE', 'WORKASPACE' ) );
#2391 = VECTOR ( 'NONE', #4242, 1000.000000000000000 ) ;
#2392 = STYLED_ITEM ( 'NONE', ( #2692 ), #4144 ) ;
#2393 = DIRECTION ( 'NONE',  ( -1.000000000000000000, 0.0000000000000000000, -0.0000000000000000000 ) ) ;
#2394 = VECTOR ( 'NONE', #2249, 1000.000000000000000 ) ;
#2395 = PLANE ( 'NONE',  #255 ) ;
#2396 = VECTOR ( 'NONE', #1070, 1000.000000000000000 ) ;
#2397 = ORIENTED_EDGE ( 'NONE', *, *, #4038, .F. ) ;
#2398 = CARTESIAN_POINT ( 'NONE',  ( 0.1750000000000000167, -2.000000000000000000, 0.2000000000000000111 ) ) ;
#2399 = STYLED_ITEM ( 'NONE', ( #586 ), #4337 ) ;
#2400 = SURFACE_SIDE_STYLE ('',( #39 ) ) ;
#2401 = VECTOR ( 'NONE', #5160, 1000.000000000000000 ) ;
#2402 = VERTEX_POINT ( 'NONE', #2491 ) ;
#2403 = LINE ( 'NONE', #5150, #4284 ) ;
#2404 = ORIENTED_EDGE ( 'NONE', *, *, #4192, .T. ) ;
#2405 = DIRECTION ( 'NONE',  ( -6.776263578034400346E-15, -1.000000000000000000, -0.0000000000000000000 ) ) ;
#2406 = VECTOR ( 'NONE', #3268, 1000.000000000000000 ) ;
#2407 = STYLED_ITEM ( 'NONE', ( #1640 ), #2694 ) ;
#2408 = CARTESIAN_POINT ( 'NONE',  ( -0.4749999999999859890, 2.000000000000003553, 0.2000000000000000111 ) ) ;
#2409 = CARTESIAN_POINT ( 'NONE',  ( 0.1750000000000000167, -1.600000000000000089, 0.2000000000000000111 ) ) ;
#2410 =( LENGTH_UNIT ( ) NAMED_UNIT ( * ) SI_UNIT ( .MILLI., .METRE. ) );
#2411 = CARTESIAN_POINT ( 'NONE',  ( -1.599999999999998090, 0.4750000000000053624, 0.2000000000000000111 ) ) ;
#2412 = STYLED_ITEM ( 'NONE', ( #4746 ), #5126 ) ;
#2413 =( LENGTH_UNIT ( ) NAMED_UNIT ( * ) SI_UNIT ( .MILLI., .METRE. ) );
#2414 = ORIENTED_EDGE ( 'NONE', *, *, #2137, .T. ) ;
#2415 = DIRECTION ( 'NONE',  ( 2.179300849217094085E-16, -1.000000000000000000, 0.0000000000000000000 ) ) ;
#2416 =( GEOMETRIC_REPRESENTATION_CONTEXT ( 3 ) GLOBAL_UNCERTAINTY_ASSIGNED_CONTEXT ( ( #1301 ) ) GLOBAL_UNIT_ASSIGNED_CONTEXT ( ( #4275, #1054, #1728 ) ) REPRESENTATION_CONTEXT ( 'NONE', 'WORKASPACE' ) );
#2417 = LINE ( 'NONE', #4844, #4420 ) ;
#2418 = SURFACE_SIDE_STYLE ('',( #1718 ) ) ;
#2419 = CARTESIAN_POINT ( 'NONE',  ( 0.4749999999999999778, -2.000000000000000000, 0.0000000000000000000 ) ) ;
#2420 = VERTEX_POINT ( 'NONE', #4201 ) ;
#2421 = CARTESIAN_POINT ( 'NONE',  ( -0.8249999999999862998, 1.989999999999999991, 0.9200000000000000400 ) ) ;
#2422 = CARTESIAN_POINT ( 'NONE',  ( 1.600000000000011857, 1.124999999999983347, 0.2000000000000000111 ) ) ;
#2423 = SURFACE_SIDE_STYLE ('',( #4881 ) ) ;
#2424 = UNCERTAINTY_MEASURE_WITH_UNIT (LENGTH_MEASURE( 1.000000000000000082E-05 ), #957, 'distance_accuracy_value', 'NONE');
#2425 = EDGE_CURVE ( 'NONE', #1653, #5049, #2174, .T. ) ;
#2426 = EDGE_CURVE ( 'NONE', #2129, #5162, #898, .T. ) ;
#2427 = CARTESIAN_POINT ( 'NONE',  ( -1.989999999999999547, -1.989999999999999991, 0.02000000000000000042 ) ) ;
#2428 = DIRECTION ( 'NONE',  ( -1.000000000000000000, 1.043544591017297071E-14, 0.0000000000000000000 ) ) ;
#2429 = ORIENTED_EDGE ( 'NONE', *, *, #977, .T. ) ;
#2430 = COLOUR_RGB ( '',0.7529411764705882248, 0.7529411764705882248, 0.7529411764705882248 ) ;
#2431 = EDGE_CURVE ( 'NONE', #3393, #4270, #5004, .T. ) ;
#2432 = LINE ( 'NONE', #3308, #1361 ) ;
#2433 = LINE ( 'NONE', #4421, #1120 ) ;
#2434 = EDGE_LOOP ( 'NONE', ( #1778, #4961, #933, #1810 ) ) ;
#2435 = DIRECTION ( 'NONE',  ( -1.000000000000000000, 0.0000000000000000000, 0.0000000000000000000 ) ) ;
#2436 = DIRECTION ( 'NONE',  ( 1.011922027653137419E-14, 1.000000000000000000, 0.0000000000000000000 ) ) ;
#2437 = DIRECTION ( 'NONE',  ( -1.000000000000000000, 0.0000000000000000000, -0.0000000000000000000 ) ) ;
#2438 = DIRECTION ( 'NONE',  ( 0.0000000000000000000, 1.000000000000000000, 0.0000000000000000000 ) ) ;
#2439 = FILL_AREA_STYLE ('',( #3314 ) ) ;
#2440 = FILL_AREA_STYLE ('',( #1151 ) ) ;
#2441 = VERTEX_POINT ( 'NONE', #69 ) ;
#2442 = DIRECTION ( 'NONE',  ( 2.032879073410320321E-16, -1.000000000000000000, 0.0000000000000000000 ) ) ;
#2443 = CARTESIAN_POINT ( 'NONE',  ( -1.350000000000000089, 1.350000000000000089, 0.02000000000000000042 ) ) ;
#2444 =( NAMED_UNIT ( * ) SI_UNIT ( $, .STERADIAN. ) SOLID_ANGLE_UNIT ( ) );
#2445 = VECTOR ( 'NONE', #2601, 1000.000000000000000 ) ;
#2446 = VERTEX_POINT ( 'NONE', #2097 ) ;
#2447 = SURFACE_STYLE_USAGE ( .BOTH. , #1332 ) ;
#2448 = DIRECTION ( 'NONE',  ( 1.000000000000000000, 0.0000000000000000000, 0.0000000000000000000 ) ) ;
#2449 = PRESENTATION_LAYER_ASSIGNMENT (  '', '', ( #1542 ) ) ;
#2450 =( LENGTH_UNIT ( ) NAMED_UNIT ( * ) SI_UNIT ( .MILLI., .METRE. ) );
#2451 = MECHANICAL_DESIGN_GEOMETRIC_PRESENTATION_REPRESENTATION (  '', ( #839 ), #4084 ) ;
#2452 =( NAMED_UNIT ( * ) PLANE_ANGLE_UNIT ( ) SI_UNIT ( $, .RADIAN. ) );
#2453 = SURFACE_STYLE_FILL_AREA ( #519 ) ;
#2454 = ORIENTED_EDGE ( 'NONE', *, *, #3570, .T. ) ;
#2455 = ADVANCED_FACE ( 'NONE', ( #114 ), #1369, .T. ) ;
#2456 = AXIS2_PLACEMENT_3D ( 'NONE', #3294, #4543, #21 ) ;
#2457 = SURFACE_STYLE_FILL_AREA ( #834 ) ;
#2458 = DIRECTION ( 'NONE',  ( -1.000000000000000000, 0.0000000000000000000, -0.0000000000000000000 ) ) ;
#2459 = ORIENTED_EDGE ( 'NONE', *, *, #940, .F. ) ;
#2460 = VECTOR ( 'NONE', #297, 1000.000000000000000 ) ;
#2461 = DIRECTION ( 'NONE',  ( 1.000000000000000000, 0.0000000000000000000, 0.0000000000000000000 ) ) ;
#2462 = CARTESIAN_POINT ( 'NONE',  ( -2.000000000000000444, -0.1749999999999932443, 0.2000000000000000111 ) ) ;
#2463 = EDGE_CURVE ( 'NONE', #3205, #2289, #3066, .T. ) ;
#2464 = ADVANCED_FACE ( 'NONE', ( #5050 ), #2991, .T. ) ;
#2465 = DIRECTION ( 'NONE',  ( 1.000000000000000000, -1.002887009549092233E-14, 0.0000000000000000000 ) ) ;
#2466 = VERTEX_POINT ( 'NONE', #1003 ) ;
#2467 = CARTESIAN_POINT ( 'NONE',  ( -0.8250000000000132783, -1.990000000000007763, 0.02000000000000000042 ) ) ;
#2468 = CARTESIAN_POINT ( 'NONE',  ( -0.1749999999999860556, 2.000000000000001332, 0.2000000000000000111 ) ) ;
#2469 = SURFACE_SIDE_STYLE ('',( #2875 ) ) ;
#2470 =( NAMED_UNIT ( * ) PLANE_ANGLE_UNIT ( ) SI_UNIT ( $, .RADIAN. ) );
#2471 =( LENGTH_UNIT ( ) NAMED_UNIT ( * ) SI_UNIT ( .MILLI., .METRE. ) );
#2472 = EDGE_LOOP ( 'NONE', ( #4778, #2247, #198, #138 ) ) ;
#2473 = SURFACE_STYLE_FILL_AREA ( #3718 ) ;
#2474 = CARTESIAN_POINT ( 'NONE',  ( -1.600000000000000755, -0.1749999999999946598, 0.2000000000000000111 ) ) ;
#2475 = DIRECTION ( 'NONE',  ( 0.0000000000000000000, 0.0000000000000000000, -1.000000000000000000 ) ) ;
#2476 = VECTOR ( 'NONE', #649, 1000.000000000000000 ) ;
#2477 =( GEOMETRIC_REPRESENTATION_CONTEXT ( 3 ) GLOBAL_UNCERTAINTY_ASSIGNED_CONTEXT ( ( #304 ) ) GLOBAL_UNIT_ASSIGNED_CONTEXT ( ( #1022, #2235, #4692 ) ) REPRESENTATION_CONTEXT ( 'NONE', 'WORKASPACE' ) );
#2478 =( GEOMETRIC_REPRESENTATION_CONTEXT ( 3 ) GLOBAL_UNCERTAINTY_ASSIGNED_CONTEXT ( ( #2741 ) ) GLOBAL_UNIT_ASSIGNED_CONTEXT ( ( #3621, #817, #2373 ) ) REPRESENTATION_CONTEXT ( 'NONE', 'WORKASPACE' ) );
#2479 =( LENGTH_UNIT ( ) NAMED_UNIT ( * ) SI_UNIT ( .MILLI., .METRE. ) );
#2480 = CARTESIAN_POINT ( 'NONE',  ( -0.8249999999999862998, 1.989999999999999991, 0.2000000000000000111 ) ) ;
#2481 = DIRECTION ( 'NONE',  ( -0.0000000000000000000, -0.0000000000000000000, -1.000000000000000000 ) ) ;
#2482 = ORIENTED_EDGE ( 'NONE', *, *, #3882, .F. ) ;
#2483 = VECTOR ( 'NONE', #487, 1000.000000000000000 ) ;
#2484 =( GEOMETRIC_REPRESENTATION_CONTEXT ( 3 ) GLOBAL_UNCERTAINTY_ASSIGNED_CONTEXT ( ( #4462 ) ) GLOBAL_UNIT_ASSIGNED_CONTEXT ( ( #2344, #4342, #5052 ) ) REPRESENTATION_CONTEXT ( 'NONE', 'WORKASPACE' ) );
#2485 = DIRECTION ( 'NONE',  ( -4.336808689942016947E-15, -1.000000000000000000, 0.0000000000000000000 ) ) ;
#2486 = VECTOR ( 'NONE', #4262, 1000.000000000000000 ) ;
#2487 = ADVANCED_FACE ( 'NONE', ( #3910 ), #3047, .F. ) ;
#2488 = MECHANICAL_DESIGN_GEOMETRIC_PRESENTATION_REPRESENTATION (  '', ( #3171 ), #4286 ) ;
#2489 = SURFACE_STYLE_FILL_AREA ( #859 ) ;
#2490 = ORIENTED_EDGE ( 'NONE', *, *, #2431, .T. ) ;
#2491 = CARTESIAN_POINT ( 'NONE',  ( -1.125000000000000000, -1.989999999999999991, 0.02000000000000000042 ) ) ;
#2492 = LINE ( 'NONE', #3261, #2168 ) ;
#2493 = AXIS2_PLACEMENT_3D ( 'NONE', #3035, #1811, #4245 ) ;
#2494 = VECTOR ( 'NONE', #980, 1000.000000000000000 ) ;
#2495 = PRESENTATION_LAYER_ASSIGNMENT (  '', '', ( #3602 ) ) ;
#2496 = CARTESIAN_POINT ( 'NONE',  ( 1.350000000000000089, 1.350000000000000089, 0.02000000000000000042 ) ) ;
#2497 = COLOUR_RGB ( '',0.3529411764705882026, 0.3529411764705882026, 0.3529411764705882026 ) ;
#2498 =( NAMED_UNIT ( * ) PLANE_ANGLE_UNIT ( ) SI_UNIT ( $, .RADIAN. ) );
#2499 = EDGE_CURVE ( 'NONE', #3661, #2573, #3555, .T. ) ;
#2500 =( LENGTH_UNIT ( ) NAMED_UNIT ( * ) SI_UNIT ( .MILLI., .METRE. ) );
#2501 = ADVANCED_FACE ( 'NONE', ( #5146 ), #1186, .F. ) ;
#2502 = STYLED_ITEM ( 'NONE', ( #5234 ), #4501 ) ;
#2503 = CARTESIAN_POINT ( 'NONE',  ( 0.1750000000000000167, -1.600000000000000089, 0.0000000000000000000 ) ) ;
#2504 = VERTEX_POINT ( 'NONE', #3963 ) ;
#2505 = ORIENTED_EDGE ( 'NONE', *, *, #2176, .T. ) ;
#2506 = LINE ( 'NONE', #4492, #1675 ) ;
#2507 = PRESENTATION_STYLE_ASSIGNMENT (( #3220 ) ) ;
#2508 = DIRECTION ( 'NONE',  ( -0.0000000000000000000, -0.0000000000000000000, 1.000000000000000000 ) ) ;
#2509 = LINE ( 'NONE', #4990, #782 ) ;
#2510 = ORIENTED_EDGE ( 'NONE', *, *, #24, .T. ) ;
#2511 = VECTOR ( 'NONE', #4169, 1000.000000000000000 ) ;
#2512 =( NAMED_UNIT ( * ) PLANE_ANGLE_UNIT ( ) SI_UNIT ( $, .RADIAN. ) );
#2513 =( LENGTH_UNIT ( ) NAMED_UNIT ( * ) SI_UNIT ( .MILLI., .METRE. ) );
#2514 = CARTESIAN_POINT ( 'NONE',  ( 1.989999999999999547, -0.8250000000000206057, 0.9200000000000000400 ) ) ;
#2515 = PLANE ( 'NONE',  #5018 ) ;
#2516 = CARTESIAN_POINT ( 'NONE',  ( 1.989999999999999547, 0.1749999999999792000, 0.9200000000000000400 ) ) ;
#2517 =( NAMED_UNIT ( * ) PLANE_ANGLE_UNIT ( ) SI_UNIT ( $, .RADIAN. ) );
#2518 = CARTESIAN_POINT ( 'NONE',  ( 1.599999999999991429, -0.8250000000000166089, 0.2000000000000000111 ) ) ;
#2519 = CARTESIAN_POINT ( 'NONE',  ( 0.4750000000000136335, 1.989999999999999991, 0.9200000000000000400 ) ) ;
#2520 = FILL_AREA_STYLE_COLOUR ( '', #3864 ) ;
#2521 = ORIENTED_EDGE ( 'NONE', *, *, #3901, .F. ) ;
#2522 = FILL_AREA_STYLE ('',( #524 ) ) ;
#2523 = SURFACE_STYLE_FILL_AREA ( #3288 ) ;
#2524 = CARTESIAN_POINT ( 'NONE',  ( 2.000000000000001776, 0.1749999999999792832, 0.2000000000000000111 ) ) ;
#2525 = ORIENTED_EDGE ( 'NONE', *, *, #2928, .T. ) ;
#2526 = EDGE_LOOP ( 'NONE', ( #3194, #595, #1268, #2260, #3709, #5168, #2685, #3842, #3462, #2702, #4466, #711, #5121, #1981, #1431, #2004, #3554, #2521, #4345, #216 ) ) ;
#2527 = LINE ( 'NONE', #2812, #3957 ) ;
#2528 = FACE_OUTER_BOUND ( 'NONE', #2956, .T. ) ;
#2529 = EDGE_CURVE ( 'NONE', #4355, #1262, #4805, .T. ) ;
#2530 = CARTESIAN_POINT ( 'NONE',  ( -1.550000000000000044, 1.550000000000000044, 0.9200000000000000400 ) ) ;
#2531 = CARTESIAN_POINT ( 'NONE',  ( 0.4750000000000110245, 1.599999999999996758, 0.02000000000000000042 ) ) ;
#2532 = ORIENTED_EDGE ( 'NONE', *, *, #2175, .T. ) ;
#2533 = FACE_OUTER_BOUND ( 'NONE', #5149, .T. ) ;
#2534 = EDGE_CURVE ( 'NONE', #2745, #18, #3150, .T. ) ;
#2535 = EDGE_CURVE ( 'NONE', #5220, #1061, #2367, .T. ) ;
#2536 = DIRECTION ( 'NONE',  ( 0.0000000000000000000, 0.0000000000000000000, 1.000000000000000000 ) ) ;
#2537 = PLANE ( 'NONE',  #1807 ) ;
#2538 = PRESENTATION_LAYER_ASSIGNMENT (  '', '', ( #311 ) ) ;
#2539 = CARTESIAN_POINT ( 'NONE',  ( 1.125000000000013545, 1.989999999999999991, 0.9200000000000000400 ) ) ;
#2540 = MECHANICAL_DESIGN_GEOMETRIC_PRESENTATION_REPRESENTATION (  '', ( #317 ), #3479 ) ;
#2541 = CARTESIAN_POINT ( 'NONE',  ( -1.124999999999988454, 1.989999999999999991, 0.1999999999999999833 ) ) ;
#2542 = ORIENTED_EDGE ( 'NONE', *, *, #3144, .F. ) ;
#2543 = DIRECTION ( 'NONE',  ( 1.000000000000000000, -3.523657060577890199E-15, 0.0000000000000000000 ) ) ;
#2544 = MECHANICAL_DESIGN_GEOMETRIC_PRESENTATION_REPRESENTATION (  '', ( #2363 ), #1191 ) ;
#2545 = LINE ( 'NONE', #4587, #4784 ) ;
#2546 = ORIENTED_EDGE ( 'NONE', *, *, #3339, .T. ) ;
#2547 = ORIENTED_EDGE ( 'NONE', *, *, #4395, .T. ) ;
#2548 = DIRECTION ( 'NONE',  ( -0.0000000000000000000, -0.0000000000000000000, -1.000000000000000000 ) ) ;
#2549 =( GEOMETRIC_REPRESENTATION_CONTEXT ( 3 ) GLOBAL_UNCERTAINTY_ASSIGNED_CONTEXT ( ( #887 ) ) GLOBAL_UNIT_ASSIGNED_CONTEXT ( ( #2410, #4049, #866 ) ) REPRESENTATION_CONTEXT ( 'NONE', 'WORKASPACE' ) );
#2550 = FILL_AREA_STYLE_COLOUR ( '', #2497 ) ;
#2551 = PRESENTATION_STYLE_ASSIGNMENT (( #912 ) ) ;
#2552 = ADVANCED_FACE ( 'NONE', ( #4775 ), #341, .F. ) ;
#2553 = ORIENTED_EDGE ( 'NONE', *, *, #3185, .T. ) ;
#2554 = APPLICATION_PROTOCOL_DEFINITION ( 'draft international standard', 'automotive_design', 1998, #2213 ) ;
#2555 = LINE ( 'NONE', #1839, #5128 ) ;
#2556 = UNCERTAINTY_MEASURE_WITH_UNIT (LENGTH_MEASURE( 1.000000000000000082E-05 ), #3226, 'distance_accuracy_value', 'NONE');
#2557 = CARTESIAN_POINT ( 'NONE',  ( -1.989999999999999991, 1.989999999999999991, 0.1999999999999999833 ) ) ;
#2558 = EDGE_CURVE ( 'NONE', #4774, #4732, #4331, .T. ) ;
#2559 = EDGE_CURVE ( 'NONE', #3549, #4139, #250, .T. ) ;
#2560 =( NAMED_UNIT ( * ) SI_UNIT ( $, .STERADIAN. ) SOLID_ANGLE_UNIT ( ) );
#2561 =( NAMED_UNIT ( * ) PLANE_ANGLE_UNIT ( ) SI_UNIT ( $, .RADIAN. ) );
#2562 = MECHANICAL_DESIGN_GEOMETRIC_PRESENTATION_REPRESENTATION (  '', ( #432 ), #881 ) ;
#2563 = AXIS2_PLACEMENT_3D ( 'NONE', #1604, #4899, #3197 ) ;
#2564 = VECTOR ( 'NONE', #1341, 1000.000000000000000 ) ;
#2565 = ORIENTED_EDGE ( 'NONE', *, *, #3332, .F. ) ;
#2566 = AXIS2_PLACEMENT_3D ( 'NONE', #3750, #4952, #919 ) ;
#2567 = DIRECTION ( 'NONE',  ( 0.0000000000000000000, 0.0000000000000000000, -1.000000000000000000 ) ) ;
#2568 = AXIS2_PLACEMENT_3D ( 'NONE', #414, #742, #3595 ) ;
#2569 = AXIS2_PLACEMENT_3D ( 'NONE', #3587, #5179, #3210 ) ;
#2570 = VECTOR ( 'NONE', #4520, 1000.000000000000000 ) ;
#2571 = SURFACE_STYLE_USAGE ( .BOTH. , #4318 ) ;
#2572 = DIRECTION ( 'NONE',  ( -1.000000000000000000, 0.0000000000000000000, 0.0000000000000000000 ) ) ;
#2573 = VERTEX_POINT ( 'NONE', #1492 ) ;
#2574 = MECHANICAL_DESIGN_GEOMETRIC_PRESENTATION_REPRESENTATION (  '', ( #25 ), #4198 ) ;
#2575 = COLOUR_RGB ( '',0.7529411764705882248, 0.7529411764705882248, 0.7529411764705882248 ) ;
#2576 = ORIENTED_EDGE ( 'NONE', *, *, #330, .F. ) ;
#2577 = SURFACE_STYLE_FILL_AREA ( #1432 ) ;
#2578 =( NAMED_UNIT ( * ) PLANE_ANGLE_UNIT ( ) SI_UNIT ( $, .RADIAN. ) );
#2579 = MECHANICAL_DESIGN_GEOMETRIC_PRESENTATION_REPRESENTATION (  '', ( #4378 ), #358 ) ;
#2580 = PRESENTATION_LAYER_ASSIGNMENT (  '', '', ( #1892 ) ) ;
#2581 = VECTOR ( 'NONE', #2274, 1000.000000000000000 ) ;
#2582 = CARTESIAN_POINT ( 'NONE',  ( 1.999999999999991340, -0.8250000000000207168, 0.0000000000000000000 ) ) ;
#2583 = VERTEX_POINT ( 'NONE', #3038 ) ;
#2584 = ORIENTED_EDGE ( 'NONE', *, *, #2758, .T. ) ;
#2585 = DIRECTION ( 'NONE',  ( -0.7071067811865489050, 8.659560562354950115E-17, 0.7071067811865462405 ) ) ;
#2586 = PRESENTATION_LAYER_ASSIGNMENT (  '', '', ( #2407 ) ) ;
#2587 = ADVANCED_FACE ( 'NONE', ( #1863 ), #615, .F. ) ;
#2588 = MECHANICAL_DESIGN_GEOMETRIC_PRESENTATION_REPRESENTATION (  '', ( #3181 ), #718 ) ;
#2589 = LINE ( 'NONE', #3800, #3851 ) ;
#2590 = PRESENTATION_LAYER_ASSIGNMENT (  '', '', ( #4136 ) ) ;
#2591 = ADVANCED_FACE ( 'NONE', ( #2257 ), #4649, .F. ) ;
#2592 = CARTESIAN_POINT ( 'NONE',  ( 1.125000000000013767, 1.999999999999992228, 0.0000000000000000000 ) ) ;
#2593 = CARTESIAN_POINT ( 'NONE',  ( -1.599999999999999201, 0.1750000000000053735, 0.0000000000000000000 ) ) ;
#2594 = LINE ( 'NONE', #4253, #4017 ) ;
#2595 = ORIENTED_EDGE ( 'NONE', *, *, #2822, .T. ) ;
#2596 = ORIENTED_EDGE ( 'NONE', *, *, #861, .F. ) ;
#2597 = EDGE_CURVE ( 'NONE', #4165, #3323, #3653, .T. ) ;
#2598 = VERTEX_POINT ( 'NONE', #2002 ) ;
#2599 =( NAMED_UNIT ( * ) PLANE_ANGLE_UNIT ( ) SI_UNIT ( $, .RADIAN. ) );
#2600 = VERTEX_POINT ( 'NONE', #1240 ) ;
#2601 = DIRECTION ( 'NONE',  ( 1.000000000000000000, -1.002887009549092233E-14, 0.0000000000000000000 ) ) ;
#2602 = PLANE ( 'NONE',  #3391 ) ;
#2603 = VECTOR ( 'NONE', #1248, 1000.000000000000000 ) ;
#2604 = ORIENTED_EDGE ( 'NONE', *, *, #2926, .T. ) ;
#2605 = ORIENTED_EDGE ( 'NONE', *, *, #4771, .T. ) ;
#2606 =( NAMED_UNIT ( * ) SI_UNIT ( $, .STERADIAN. ) SOLID_ANGLE_UNIT ( ) );
#2607 = UNCERTAINTY_MEASURE_WITH_UNIT (LENGTH_MEASURE( 1.000000000000000082E-05 ), #3894, 'distance_accuracy_value', 'NONE');
#2608 = DIRECTION ( 'NONE',  ( 0.0000000000000000000, 0.0000000000000000000, -1.000000000000000000 ) ) ;
#2609 = CARTESIAN_POINT ( 'NONE',  ( -1.379999999999999893, 1.550000000000000044, 0.9200000000000000400 ) ) ;
#2610 = CARTESIAN_POINT ( 'NONE',  ( 1.599999999999998090, -0.1750000000000163924, 0.02000000000000000042 ) ) ;
#2611 = CARTESIAN_POINT ( 'NONE',  ( 0.4750000000000001443, -1.989999999999999991, 0.02000000000000000042 ) ) ;
#2612 = STYLED_ITEM ( 'NONE', ( #5082 ), #305 ) ;
#2613 = CARTESIAN_POINT ( 'NONE',  ( 2.000000000000001776, 0.1749999999999792832, 0.0000000000000000000 ) ) ;
#2614 = EDGE_CURVE ( 'NONE', #1924, #3471, #3978, .T. ) ;
#2615 = DIRECTION ( 'NONE',  ( -1.000000000000000000, 0.0000000000000000000, -0.0000000000000000000 ) ) ;
#2616 = ORIENTED_EDGE ( 'NONE', *, *, #4905, .F. ) ;
#2617 = COLOUR_RGB ( '',0.7529411764705882248, 0.7529411764705882248, 0.7529411764705882248 ) ;
#2618 = FACE_OUTER_BOUND ( 'NONE', #4187, .T. ) ;
#2619 = ORIENTED_EDGE ( 'NONE', *, *, #1246, .F. ) ;
#2620 = FILL_AREA_STYLE ('',( #1008 ) ) ;
#2621 = SURFACE_STYLE_USAGE ( .BOTH. , #3392 ) ;
#2622 = EDGE_CURVE ( 'NONE', #1524, #1757, #3221, .T. ) ;
#2623 = VERTEX_POINT ( 'NONE', #2856 ) ;
#2624 = ADVANCED_FACE ( 'NONE', ( #4028, #4411 ), #5237, .T. ) ;
#2625 = PRESENTATION_STYLE_ASSIGNMENT (( #2219 ) ) ;
#2626 = LINE ( 'NONE', #1802, #3695 ) ;
#2627 = FILL_AREA_STYLE_COLOUR ( '', #2356 ) ;
#2628 = CARTESIAN_POINT ( 'NONE',  ( 0.1750000000000000167, -1.600000000000000089, 0.2000000000000000111 ) ) ;
#2629 = PRESENTATION_STYLE_ASSIGNMENT (( #563 ) ) ;
#2630 = VERTEX_POINT ( 'NONE', #2049 ) ;
#2631 = FILL_AREA_STYLE ('',( #2659 ) ) ;
#2632 = CARTESIAN_POINT ( 'NONE',  ( 1.125000000000010880, 1.599999999999992761, 0.02000000000000000042 ) ) ;
#2633 = COLOUR_RGB ( '',0.7529411764705882248, 0.7529411764705882248, 0.7529411764705882248 ) ;
#2634 = UNCERTAINTY_MEASURE_WITH_UNIT (LENGTH_MEASURE( 1.000000000000000082E-05 ), #4322, 'distance_accuracy_value', 'NONE');
#2635 =( NAMED_UNIT ( * ) PLANE_ANGLE_UNIT ( ) SI_UNIT ( $, .RADIAN. ) );
#2636 = CARTESIAN_POINT ( 'NONE',  ( -1.599999999999997202, 0.8250000000000053957, 0.2000000000000000111 ) ) ;
#2637 = VERTEX_POINT ( 'NONE', #1966 ) ;
#2638 = DIRECTION ( 'NONE',  ( 1.000000000000000000, -1.043544591017297071E-14, 0.0000000000000000000 ) ) ;
#2639 = MANIFOLD_SOLID_BREP ( '????????4', #3884 ) ;
#2640 = DIRECTION ( 'NONE',  ( -0.0000000000000000000, -0.0000000000000000000, -1.000000000000000000 ) ) ;
#2641 = VERTEX_POINT ( 'NONE', #4973 ) ;
#2642 = MECHANICAL_DESIGN_GEOMETRIC_PRESENTATION_REPRESENTATION (  '', ( #2144 ), #2817 ) ;
#2643 = VECTOR ( 'NONE', #3120, 1000.000000000000000 ) ;
#2644 = SURFACE_STYLE_USAGE ( .BOTH. , #1032 ) ;
#2645 = ORIENTED_EDGE ( 'NONE', *, *, #1343, .F. ) ;
#2646 = PRESENTATION_STYLE_ASSIGNMENT (( #3866 ) ) ;
#2647 = MECHANICAL_DESIGN_GEOMETRIC_PRESENTATION_REPRESENTATION (  '', ( #3330 ), #2390 ) ;
#2648 = VECTOR ( 'NONE', #638, 1000.000000000000000 ) ;
#2649 = AXIS2_PLACEMENT_3D ( 'NONE', #3333, #1366, #976 ) ;
#2650 = EDGE_CURVE ( 'NONE', #3786, #18, #4003, .T. ) ;
#2651 =( NAMED_UNIT ( * ) PLANE_ANGLE_UNIT ( ) SI_UNIT ( $, .RADIAN. ) );
#2652 = EDGE_CURVE ( 'NONE', #4057, #3318, #4573, .T. ) ;
#2653 = AXIS2_PLACEMENT_3D ( 'NONE', #134, #4504, #1303 ) ;
#2654 = PRESENTATION_LAYER_ASSIGNMENT (  '', '', ( #4025 ) ) ;
#2655 = DIRECTION ( 'NONE',  ( 0.0000000000000000000, 0.0000000000000000000, -1.000000000000000000 ) ) ;
#2656 = VECTOR ( 'NONE', #2801, 1000.000000000000000 ) ;
#2657 = AXIS2_PLACEMENT_3D ( 'NONE', #4696, #2695, #3760 ) ;
#2658 = ORIENTED_EDGE ( 'NONE', *, *, #3071, .F. ) ;
#2659 = FILL_AREA_STYLE_COLOUR ( '', #272 ) ;
#2660 = VERTEX_POINT ( 'NONE', #1357 ) ;
#2661 = LINE ( 'NONE', #3403, #3173 ) ;
#2662 = DIRECTION ( 'NONE',  ( -1.000000000000000000, 6.505213034913026604E-15, 0.0000000000000000000 ) ) ;
#2663 = CARTESIAN_POINT ( 'NONE',  ( -0.1749999999999999889, -1.599999999999999867, 0.0000000000000000000 ) ) ;
#2664 =( GEOMETRIC_REPRESENTATION_CONTEXT ( 3 ) GLOBAL_UNCERTAINTY_ASSIGNED_CONTEXT ( ( #1021 ) ) GLOBAL_UNIT_ASSIGNED_CONTEXT ( ( #3548, #2635, #1465 ) ) REPRESENTATION_CONTEXT ( 'NONE', 'WORKASPACE' ) );
#2665 = PRESENTATION_LAYER_ASSIGNMENT (  '', '', ( #2920 ) ) ;
#2666 = UNCERTAINTY_MEASURE_WITH_UNIT (LENGTH_MEASURE( 1.000000000000000082E-05 ), #3472, 'distance_accuracy_value', 'NONE');
#2667 = SURFACE_STYLE_USAGE ( .BOTH. , #1050 ) ;
#2668 = SURFACE_STYLE_FILL_AREA ( #4767 ) ;
#2669 = VERTEX_POINT ( 'NONE', #2531 ) ;
#2670 = MECHANICAL_DESIGN_GEOMETRIC_PRESENTATION_REPRESENTATION (  '', ( #1333 ), #2842 ) ;
#2671 = MECHANICAL_DESIGN_GEOMETRIC_PRESENTATION_REPRESENTATION (  '', ( #889 ), #3439 ) ;
#2672 = FILL_AREA_STYLE_COLOUR ( '', #1654 ) ;
#2673 = CARTESIAN_POINT ( 'NONE',  ( -1.124999999999988676, 1.600000000000007860, 0.2000000000000000111 ) ) ;
#2674 = COLOUR_RGB ( '',0.7529411764705882248, 0.7529411764705882248, 0.7529411764705882248 ) ;
#2675 = DIRECTION ( 'NONE',  ( -1.000000000000000000, 0.0000000000000000000, 0.0000000000000000000 ) ) ;
#2676 = ORIENTED_EDGE ( 'NONE', *, *, #5015, .F. ) ;
#2677 = PLANE ( 'NONE',  #1652 ) ;
#2678 = VERTEX_POINT ( 'NONE', #564 ) ;
#2679 = FILL_AREA_STYLE_COLOUR ( '', #965 ) ;
#2680 = EDGE_LOOP ( 'NONE', ( #3451, #4258, #4615, #2490 ) ) ;
#2681 = FACE_OUTER_BOUND ( 'NONE', #689, .T. ) ;
#2682 =( NAMED_UNIT ( * ) PLANE_ANGLE_UNIT ( ) SI_UNIT ( $, .RADIAN. ) );
#2683 = LINE ( 'NONE', #2705, #4791 ) ;
#2684 = SURFACE_SIDE_STYLE ('',( #681 ) ) ;
#2685 = ORIENTED_EDGE ( 'NONE', *, *, #998, .F. ) ;
#2686 = SURFACE_STYLE_FILL_AREA ( #2631 ) ;
#2687 = ORIENTED_EDGE ( 'NONE', *, *, #4812, .T. ) ;
#2688 = DIRECTION ( 'NONE',  ( -0.0000000000000000000, -0.0000000000000000000, -1.000000000000000000 ) ) ;
#2689 = ADVANCED_FACE ( 'NONE', ( #1266 ), #2131, .T. ) ;
#2690 = SURFACE_STYLE_USAGE ( .BOTH. , #665 ) ;
#2691 = ORIENTED_EDGE ( 'NONE', *, *, #1520, .F. ) ;
#2692 = PRESENTATION_STYLE_ASSIGNMENT (( #3904 ) ) ;
#2693 = EDGE_CURVE ( 'NONE', #5233, #143, #3215, .T. ) ;
#2694 = ADVANCED_FACE ( 'NONE', ( #3945 ), #3566, .F. ) ;
#2695 = DIRECTION ( 'NONE',  ( 0.0000000000000000000, 0.0000000000000000000, -1.000000000000000000 ) ) ;
#2696 = ORIENTED_EDGE ( 'NONE', *, *, #4567, .T. ) ;
#2697 = CARTESIAN_POINT ( 'NONE',  ( 0.8250000000000111688, 1.599999999999994316, 0.0000000000000000000 ) ) ;
#2698 = FILL_AREA_STYLE ('',( #1557 ) ) ;
#2699 = VERTEX_POINT ( 'NONE', #327 ) ;
#2700 = VECTOR ( 'NONE', #20, 1000.000000000000000 ) ;
#2701 = CARTESIAN_POINT ( 'NONE',  ( 0.8250000000000001776, -1.989999999999999991, 0.2000000000000000111 ) ) ;
#2702 = ORIENTED_EDGE ( 'NONE', *, *, #4703, .F. ) ;
#2703 = PRESENTATION_STYLE_ASSIGNMENT (( #2293 ) ) ;
#2704 = CARTESIAN_POINT ( 'NONE',  ( -0.8249999999999999556, -1.600000000000000089, 0.2000000000000000111 ) ) ;
#2705 = CARTESIAN_POINT ( 'NONE',  ( -1.989999999999999991, 1.989999999999999991, 0.9200000000000000400 ) ) ;
#2706 =( NAMED_UNIT ( * ) SI_UNIT ( $, .STERADIAN. ) SOLID_ANGLE_UNIT ( ) );
#2707 = ORIENTED_EDGE ( 'NONE', *, *, #50, .F. ) ;
#2708 = ORIENTED_EDGE ( 'NONE', *, *, #4037, .T. ) ;
#2709 = SURFACE_SIDE_STYLE ('',( #2768 ) ) ;
#2710 = SURFACE_SIDE_STYLE ('',( #3923 ) ) ;
#2711 = VECTOR ( 'NONE', #4724, 1000.000000000000000 ) ;
#2712 = DIRECTION ( 'NONE',  ( -1.000000000000000000, -0.0000000000000000000, -0.0000000000000000000 ) ) ;
#2713 = UNCERTAINTY_MEASURE_WITH_UNIT (LENGTH_MEASURE( 1.000000000000000082E-05 ), #4055, 'distance_accuracy_value', 'NONE');
#2714 = CARTESIAN_POINT ( 'NONE',  ( -0.8249999999999999556, -1.989999999999999991, 0.9200000000000000400 ) ) ;
#2715 = ORIENTED_EDGE ( 'NONE', *, *, #3941, .F. ) ;
#2716 = DIRECTION ( 'NONE',  ( -1.000000000000000000, 0.0000000000000000000, -0.0000000000000000000 ) ) ;
#2717 = SURFACE_STYLE_USAGE ( .BOTH. , #3123 ) ;
#2718 = ADVANCED_FACE ( 'NONE', ( #1535 ), #2351, .F. ) ;
#2719 = ADVANCED_FACE ( 'NONE', ( #71 ), #3265, .F. ) ;
#2720 = VERTEX_POINT ( 'NONE', #2073 ) ;
#2721 = SURFACE_STYLE_FILL_AREA ( #4829 ) ;
#2722 = ORIENTED_EDGE ( 'NONE', *, *, #4682, .T. ) ;
#2723 = CARTESIAN_POINT ( 'NONE',  ( 0.4749999999999999778, -1.600000000000000089, 0.2000000000000000111 ) ) ;
#2724 = ORIENTED_EDGE ( 'NONE', *, *, #3663, .T. ) ;
#2725 = CARTESIAN_POINT ( 'NONE',  ( -0.1749999999999999889, -1.599999999999999867, 0.2000000000000000111 ) ) ;
#2726 = ORIENTED_EDGE ( 'NONE', *, *, #998, .T. ) ;
#2727 = CARTESIAN_POINT ( 'NONE',  ( -0.4749999999999888201, 1.600000000000003419, 0.2000000000000000111 ) ) ;
#2728 = DIRECTION ( 'NONE',  ( -1.000000000000000000, 6.505213034913026604E-15, 0.0000000000000000000 ) ) ;
#2729 = MECHANICAL_DESIGN_GEOMETRIC_PRESENTATION_REPRESENTATION (  '', ( #2985 ), #2823 ) ;
#2730 = SURFACE_SIDE_STYLE ('',( #1113 ) ) ;
#2731 = COLOUR_RGB ( '',0.7529411764705882248, 0.7529411764705882248, 0.7529411764705882248 ) ;
#2732 = SURFACE_SIDE_STYLE ('',( #4349 ) ) ;
#2733 =( NAMED_UNIT ( * ) SI_UNIT ( $, .STERADIAN. ) SOLID_ANGLE_UNIT ( ) );
#2734 = DIRECTION ( 'NONE',  ( 2.891205793294679805E-15, 1.000000000000000000, 0.0000000000000000000 ) ) ;
#2735 = STYLED_ITEM ( 'NONE', ( #4040 ), #4068 ) ;
#2736 = PRESENTATION_STYLE_ASSIGNMENT (( #5212 ) ) ;
#2737 = FACE_OUTER_BOUND ( 'NONE', #3790, .T. ) ;
#2738 = FACE_OUTER_BOUND ( 'NONE', #2194, .T. ) ;
#2739 = MECHANICAL_DESIGN_GEOMETRIC_PRESENTATION_REPRESENTATION (  '', ( #2392 ), #542 ) ;
#2740 = VECTOR ( 'NONE', #2163, 1000.000000000000000 ) ;
#2741 = UNCERTAINTY_MEASURE_WITH_UNIT (LENGTH_MEASURE( 1.000000000000000082E-05 ), #3621, 'distance_accuracy_value', 'NONE');
#2742 = MECHANICAL_DESIGN_GEOMETRIC_PRESENTATION_REPRESENTATION (  '', ( #2995 ), #3003 ) ;
#2743 =( NAMED_UNIT ( * ) SI_UNIT ( $, .STERADIAN. ) SOLID_ANGLE_UNIT ( ) );
#2744 = CARTESIAN_POINT ( 'NONE',  ( 2.000000000000011546, 1.124999999999979350, 0.0000000000000000000 ) ) ;
#2745 = VERTEX_POINT ( 'NONE', #412 ) ;
#2746 = FILL_AREA_STYLE ('',( #3981 ) ) ;
#2747 = MECHANICAL_DESIGN_GEOMETRIC_PRESENTATION_REPRESENTATION (  '', ( #4470 ), #2999 ) ;
#2749 = MECHANICAL_DESIGN_GEOMETRIC_PRESENTATION_REPRESENTATION (  '', ( #4120 ), #543 ) ;
#2748 = FILL_AREA_STYLE_COLOUR ( '', #4221 ) ;
#2750 = STYLED_ITEM ( 'NONE', ( #1482 ), #2084 ) ;
#2751 = FILL_AREA_STYLE_COLOUR ( '', #2359 ) ;
#2752 = LINE ( 'NONE', #2240, #1491 ) ;
#2753 = COLOUR_RGB ( '',0.7529411764705882248, 0.7529411764705882248, 0.7529411764705882248 ) ;
#2754 = MECHANICAL_DESIGN_GEOMETRIC_PRESENTATION_REPRESENTATION (  '', ( #1668 ), #1145 ) ;
#2755 = SURFACE_SIDE_STYLE ('',( #313 ) ) ;
#2756 = ORIENTED_EDGE ( 'NONE', *, *, #2915, .F. ) ;
#2757 = DIRECTION ( 'NONE',  ( -0.0000000000000000000, -0.0000000000000000000, -1.000000000000000000 ) ) ;
#2758 = EDGE_CURVE ( 'NONE', #1605, #4264, #4566, .T. ) ;
#2759 = CARTESIAN_POINT ( 'NONE',  ( -1.125000000000000000, -1.600000000000000089, 0.2000000000000000111 ) ) ;
#2760 = ORIENTED_EDGE ( 'NONE', *, *, #2011, .F. ) ;
#2761 = ORIENTED_EDGE ( 'NONE', *, *, #1384, .F. ) ;
#2762 = CARTESIAN_POINT ( 'NONE',  ( -1.999999999999996225, 1.125000000000006661, 0.0000000000000000000 ) ) ;
#2763 = EDGE_CURVE ( 'NONE', #2782, #931, #4586, .T. ) ;
#2764 = FILL_AREA_STYLE ('',( #5153 ) ) ;
#2765 = CARTESIAN_POINT ( 'NONE',  ( -0.1749999999999888589, 1.600000000000001421, 0.2000000000000000111 ) ) ;
#2766 =( NAMED_UNIT ( * ) SI_UNIT ( $, .STERADIAN. ) SOLID_ANGLE_UNIT ( ) );
#2767 = VERTEX_POINT ( 'NONE', #4514 ) ;
#2768 = SURFACE_STYLE_FILL_AREA ( #3976 ) ;
#2769 = DIRECTION ( 'NONE',  ( -1.000000000000000000, 1.029992063861228897E-14, -0.0000000000000000000 ) ) ;
#2770 = UNCERTAINTY_MEASURE_WITH_UNIT (LENGTH_MEASURE( 1.000000000000000082E-05 ), #166, 'distance_accuracy_value', 'NONE');
#2771 = CARTESIAN_POINT ( 'NONE',  ( -1.600000000000003197, -0.8249999999999947375, 0.2000000000000000111 ) ) ;
#2772 = ORIENTED_EDGE ( 'NONE', *, *, #4366, .T. ) ;
#2773 = LINE ( 'NONE', #4414, #2244 ) ;
#2774 = CARTESIAN_POINT ( 'NONE',  ( -1.599999999999998090, 0.4750000000000053624, 0.2000000000000000111 ) ) ;
#2775 = PRESENTATION_LAYER_ASSIGNMENT (  '', '', ( #4581 ) ) ;
#2776 = PRESENTATION_STYLE_ASSIGNMENT (( #1606 ) ) ;
#2777 = SURFACE_SIDE_STYLE ('',( #3985 ) ) ;
#2778 = DIRECTION ( 'NONE',  ( 0.0000000000000000000, 0.0000000000000000000, -1.000000000000000000 ) ) ;
#2779 = ORIENTED_EDGE ( 'NONE', *, *, #5021, .T. ) ;
#2780 = EDGE_CURVE ( 'NONE', #4087, #3931, #1693, .T. ) ;
#2781 = DIRECTION ( 'NONE',  ( -1.000000000000000000, 7.228014483236698330E-15, 0.0000000000000000000 ) ) ;
#2782 = VERTEX_POINT ( 'NONE', #840 ) ;
#2783 = CARTESIAN_POINT ( 'NONE',  ( 1.989999999999999103, 1.124999999999979350, 0.02000000000000000042 ) ) ;
#2784 =( LENGTH_UNIT ( ) NAMED_UNIT ( * ) SI_UNIT ( .MILLI., .METRE. ) );
#2785 = LINE ( 'NONE', #4511, #4341 ) ;
#2786 = DIRECTION ( 'NONE',  ( -1.000000000000000000, 3.523657060577890199E-15, 0.0000000000000000000 ) ) ;
#2787 = EDGE_CURVE ( 'NONE', #3125, #3542, #4934, .T. ) ;
#2788 = PRESENTATION_STYLE_ASSIGNMENT (( #3594 ) ) ;
#2789 = ADVANCED_FACE ( 'NONE', ( #1714 ), #3731, .F. ) ;
#2790 = MECHANICAL_DESIGN_GEOMETRIC_PRESENTATION_REPRESENTATION (  '', ( #2612 ), #3990 ) ;
#2791 = ORIENTED_EDGE ( 'NONE', *, *, #5232, .T. ) ;
#2792 = CARTESIAN_POINT ( 'NONE',  ( 2.000000000000011546, 1.124999999999979350, 0.2000000000000000111 ) ) ;
#2793 = CARTESIAN_POINT ( 'NONE',  ( 0.1750000000000111744, 1.599999999999998535, 0.0000000000000000000 ) ) ;
#2794 = LINE ( 'NONE', #3952, #4994 ) ;
#2795 = DIRECTION ( 'NONE',  ( -1.000000000000000000, 7.047314121155780399E-15, 0.0000000000000000000 ) ) ;
#2796 = FACE_OUTER_BOUND ( 'NONE', #4200, .T. ) ;
#2797 = VERTEX_POINT ( 'NONE', #3105 ) ;
#2798 = FACE_OUTER_BOUND ( 'NONE', #3129, .T. ) ;
#2799 = VECTOR ( 'NONE', #2314, 1000.000000000000000 ) ;
#2800 =( NAMED_UNIT ( * ) PLANE_ANGLE_UNIT ( ) SI_UNIT ( $, .RADIAN. ) );
#2801 = DIRECTION ( 'NONE',  ( -0.0000000000000000000, -1.000000000000000000, -0.0000000000000000000 ) ) ;
#2802 = DIRECTION ( 'NONE',  ( 1.000000000000000000, -3.252606517456515669E-15, -0.0000000000000000000 ) ) ;
#2803 = VERTEX_POINT ( 'NONE', #598 ) ;
#2804 = EDGE_LOOP ( 'NONE', ( #1437, #2977, #1680, #1080 ) ) ;
#2805 = LINE ( 'NONE', #1659, #2994 ) ;
#2806 = FILL_AREA_STYLE_COLOUR ( '', #1994 ) ;
#2807 = LINE ( 'NONE', #3262, #2966 ) ;
#2808 = ADVANCED_FACE ( 'NONE', ( #1429 ), #2248, .F. ) ;
#2809 = SURFACE_SIDE_STYLE ('',( #10 ) ) ;
#2810 = SURFACE_STYLE_FILL_AREA ( #2439 ) ;
#2811 = ORIENTED_EDGE ( 'NONE', *, *, #549, .T. ) ;
#2812 = CARTESIAN_POINT ( 'NONE',  ( -1.989999999999999547, -1.350000000000000089, 0.02000000000000000042 ) ) ;
#2813 = PRESENTATION_STYLE_ASSIGNMENT (( #877 ) ) ;
#2814 = ADVANCED_FACE ( 'NONE', ( #653 ), #3914, .T. ) ;
#2815 = ADVANCED_FACE ( 'NONE', ( #4659 ), #3053, .F. ) ;
#2816 = CARTESIAN_POINT ( 'NONE',  ( -1.124999999999986233, 2.000000000000007994, 0.2000000000000000111 ) ) ;
#2817 =( GEOMETRIC_REPRESENTATION_CONTEXT ( 3 ) GLOBAL_UNCERTAINTY_ASSIGNED_CONTEXT ( ( #1078 ) ) GLOBAL_UNIT_ASSIGNED_CONTEXT ( ( #1709, #1368, #948 ) ) REPRESENTATION_CONTEXT ( 'NONE', 'WORKASPACE' ) );
#2818 = STYLED_ITEM ( 'NONE', ( #687 ), #3048 ) ;
#2819 = PRESENTATION_LAYER_ASSIGNMENT (  '', '', ( #1974 ) ) ;
#2820 = ORIENTED_EDGE ( 'NONE', *, *, #1075, .F. ) ;
#2821 = SURFACE_SIDE_STYLE ('',( #308 ) ) ;
#2822 = EDGE_CURVE ( 'NONE', #4387, #3205, #2828, .T. ) ;
#2823 =( GEOMETRIC_REPRESENTATION_CONTEXT ( 3 ) GLOBAL_UNCERTAINTY_ASSIGNED_CONTEXT ( ( #3519 ) ) GLOBAL_UNIT_ASSIGNED_CONTEXT ( ( #3984, #3149, #671 ) ) REPRESENTATION_CONTEXT ( 'NONE', 'WORKASPACE' ) );
#2824 = CARTESIAN_POINT ( 'NONE',  ( 0.8250000000000001776, -2.000000000000000000, 0.2000000000000000111 ) ) ;
#2825 = PRESENTATION_LAYER_ASSIGNMENT (  '', '', ( #5092 ) ) ;
#2826 = STYLED_ITEM ( 'NONE', ( #1192 ), #2232 ) ;
#2827 = CONICAL_SURFACE ( 'NONE', #539, 0.1700000000000000122, 0.7853981633974501664 ) ;
#2828 = LINE ( 'NONE', #4904, #722 ) ;
#2829 =( GEOMETRIC_REPRESENTATION_CONTEXT ( 3 ) GLOBAL_UNCERTAINTY_ASSIGNED_CONTEXT ( ( #2090 ) ) GLOBAL_UNIT_ASSIGNED_CONTEXT ( ( #1947, #548, #2560 ) ) REPRESENTATION_CONTEXT ( 'NONE', 'WORKASPACE' ) );
#2830 = DIRECTION ( 'NONE',  ( -1.000000000000000000, 0.0000000000000000000, -0.0000000000000000000 ) ) ;
#2831 = AXIS2_PLACEMENT_3D ( 'NONE', #2342, #3203, #5169 ) ;
#2832 = PLANE ( 'NONE',  #2653 ) ;
#2833 = PRESENTATION_LAYER_ASSIGNMENT (  '', '', ( #2750 ) ) ;
#2834 = ORIENTED_EDGE ( 'NONE', *, *, #2499, .F. ) ;
#2835 = VECTOR ( 'NONE', #2255, 1000.000000000000000 ) ;
#2836 =( NAMED_UNIT ( * ) PLANE_ANGLE_UNIT ( ) SI_UNIT ( $, .RADIAN. ) );
#2837 = VECTOR ( 'NONE', #4873, 1000.000000000000000 ) ;
#2838 = MECHANICAL_DESIGN_GEOMETRIC_PRESENTATION_REPRESENTATION (  '', ( #4717 ), #3434 ) ;
#2839 = CARTESIAN_POINT ( 'NONE',  ( 1.989999999999999103, 1.989999999999999991, 0.1999999999999999833 ) ) ;
#2840 = CARTESIAN_POINT ( 'NONE',  ( -0.1749999999999860556, 2.000000000000001332, 0.2000000000000000111 ) ) ;
#2841 = ORIENTED_EDGE ( 'NONE', *, *, #1312, .T. ) ;
#2842 =( GEOMETRIC_REPRESENTATION_CONTEXT ( 3 ) GLOBAL_UNCERTAINTY_ASSIGNED_CONTEXT ( ( #968 ) ) GLOBAL_UNIT_ASSIGNED_CONTEXT ( ( #3813, #1035, #4292 ) ) REPRESENTATION_CONTEXT ( 'NONE', 'WORKASPACE' ) );
#2843 = COLOUR_RGB ( '',0.7529411764705882248, 0.7529411764705882248, 0.7529411764705882248 ) ;
#2844 = VECTOR ( 'NONE', #476, 1000.000000000000000 ) ;
#2845 = DIRECTION ( 'NONE',  ( -0.0000000000000000000, 0.0000000000000000000, 1.000000000000000000 ) ) ;
#2846 = SURFACE_STYLE_USAGE ( .BOTH. , #1195 ) ;
#2847 = PLANE ( 'NONE',  #465 ) ;
#2848 =( GEOMETRIC_REPRESENTATION_CONTEXT ( 3 ) GLOBAL_UNCERTAINTY_ASSIGNED_CONTEXT ( ( #4064 ) ) GLOBAL_UNIT_ASSIGNED_CONTEXT ( ( #3337, #2263, #1890 ) ) REPRESENTATION_CONTEXT ( 'NONE', 'WORKASPACE' ) );
#2849 =( NAMED_UNIT ( * ) SI_UNIT ( $, .STERADIAN. ) SOLID_ANGLE_UNIT ( ) );
#2850 = FACE_OUTER_BOUND ( 'NONE', #2188, .T. ) ;
#2851 =( NAMED_UNIT ( * ) SI_UNIT ( $, .STERADIAN. ) SOLID_ANGLE_UNIT ( ) );
#2852 = ORIENTED_EDGE ( 'NONE', *, *, #3504, .F. ) ;
#2853 = CARTESIAN_POINT ( 'NONE',  ( 0.4750000000000139666, 1.999999999999996669, 0.0000000000000000000 ) ) ;
#2854 = MECHANICAL_DESIGN_GEOMETRIC_PRESENTATION_REPRESENTATION (  '', ( #4136 ), #3530 ) ;
#2855 = DIRECTION ( 'NONE',  ( 0.0000000000000000000, 0.0000000000000000000, -1.000000000000000000 ) ) ;
#2856 = CARTESIAN_POINT ( 'NONE',  ( -0.4749999999999859890, 2.000000000000003553, 0.2000000000000000111 ) ) ;
#2857 = SURFACE_STYLE_FILL_AREA ( #306 ) ;
#2858 = EDGE_CURVE ( 'NONE', #1859, #3786, #2290, .T. ) ;
#2859 = VERTEX_POINT ( 'NONE', #398 ) ;
#2860 = CARTESIAN_POINT ( 'NONE',  ( 0.8250000000000000666, -1.600000000000000311, 0.2000000000000000111 ) ) ;
#2861 = PRESENTATION_STYLE_ASSIGNMENT (( #469 ) ) ;
#2862 = ADVANCED_FACE ( 'NONE', ( #808 ), #2057, .F. ) ;
#2863 = ADVANCED_FACE ( 'NONE', ( #1251 ), #4092, .F. ) ;
#2864 =( NAMED_UNIT ( * ) PLANE_ANGLE_UNIT ( ) SI_UNIT ( $, .RADIAN. ) );
#2865 = VERTEX_POINT ( 'NONE', #1387 ) ;
#2866 = AXIS2_PLACEMENT_3D ( 'NONE', #2593, #2475, #2113 ) ;
#2867 = PLANE ( 'NONE',  #916 ) ;
#2868 = FILL_AREA_STYLE_COLOUR ( '', #613 ) ;
#2869 = LINE ( 'NONE', #899, #4722 ) ;
#2870 = DIRECTION ( 'NONE',  ( -1.000000000000000000, 1.084202172485504750E-14, 0.0000000000000000000 ) ) ;
#2871 =( NAMED_UNIT ( * ) SI_UNIT ( $, .STERADIAN. ) SOLID_ANGLE_UNIT ( ) );
#2872 = EDGE_LOOP ( 'NONE', ( #3865, #3535, #5053, #1575, #1173, #1865 ) ) ;
#2873 = ORIENTED_EDGE ( 'NONE', *, *, #2534, .T. ) ;
#2874 = LINE ( 'NONE', #2468, #309 ) ;
#2875 = SURFACE_STYLE_FILL_AREA ( #454 ) ;
#2876 = CARTESIAN_POINT ( 'NONE',  ( -1.600000000000004086, -1.124999999999994449, 0.0000000000000000000 ) ) ;
#2877 = VERTEX_POINT ( 'NONE', #2982 ) ;
#2878 =( NAMED_UNIT ( * ) PLANE_ANGLE_UNIT ( ) SI_UNIT ( $, .RADIAN. ) );
#2879 = LINE ( 'NONE', #4150, #570 ) ;
#2880 = STYLED_ITEM ( 'NONE', ( #2331 ), #703 ) ;
#2881 = CARTESIAN_POINT ( 'NONE',  ( -1.989999999999999991, 1.989999999999999991, 0.1999999999999999833 ) ) ;
#2882 = EDGE_CURVE ( 'NONE', #5123, #987, #87, .T. ) ;
#2883 = UNCERTAINTY_MEASURE_WITH_UNIT (LENGTH_MEASURE( 1.000000000000000082E-05 ), #30, 'distance_accuracy_value', 'NONE');
#2884 = SURFACE_SIDE_STYLE ('',( #267 ) ) ;
#2885 = VECTOR ( 'NONE', #4171, 1000.000000000000000 ) ;
#2886 = EDGE_CURVE ( 'NONE', #4687, #4680, #1791, .T. ) ;
#2887 = EDGE_CURVE ( 'NONE', #2877, #2598, #3361, .T. ) ;
#2888 = CARTESIAN_POINT ( 'NONE',  ( 1.989999999999999991, -1.989999999999999991, 0.9200000000000000400 ) ) ;
#2889 = ORIENTED_EDGE ( 'NONE', *, *, #3881, .T. ) ;
#2890 = DIRECTION ( 'NONE',  ( -1.000000000000000000, 6.979551485375436372E-15, 0.0000000000000000000 ) ) ;
#2891 = ORIENTED_EDGE ( 'NONE', *, *, #670, .T. ) ;
#2892 = LINE ( 'NONE', #2122, #4477 ) ;
#2893 = PLANE ( 'NONE',  #3675 ) ;
#2894 = FACE_OUTER_BOUND ( 'NONE', #153, .T. ) ;
#2895 = ORIENTED_EDGE ( 'NONE', *, *, #2175, .F. ) ;
#2896 = ORIENTED_EDGE ( 'NONE', *, *, #4598, .T. ) ;
#2897 = CARTESIAN_POINT ( 'NONE',  ( -1.989999999999990443, 0.8250000000000067280, 0.02000000000000000042 ) ) ;
#2898 = DIRECTION ( 'NONE',  ( 0.0000000000000000000, -1.000000000000000000, 0.0000000000000000000 ) ) ;
#2899 = DIRECTION ( 'NONE',  ( 1.000000000000000000, -7.228014483236695175E-15, 0.0000000000000000000 ) ) ;
#2900 =( LENGTH_UNIT ( ) NAMED_UNIT ( * ) SI_UNIT ( .MILLI., .METRE. ) );
#2901 =( NAMED_UNIT ( * ) SI_UNIT ( $, .STERADIAN. ) SOLID_ANGLE_UNIT ( ) );
#2902 = CARTESIAN_POINT ( 'NONE',  ( 1.989999999999999547, -0.1750000000000206390, 0.02000000000000000042 ) ) ;
#2903 = ORIENTED_EDGE ( 'NONE', *, *, #4197, .F. ) ;
#2904 = LINE ( 'NONE', #105, #2885 ) ;
#2905 = UNCERTAINTY_MEASURE_WITH_UNIT (LENGTH_MEASURE( 1.000000000000000082E-05 ), #5076, 'distance_accuracy_value', 'NONE');
#2906 = DIRECTION ( 'NONE',  ( -0.0000000000000000000, -0.0000000000000000000, -1.000000000000000000 ) ) ;
#2907 =( NAMED_UNIT ( * ) SI_UNIT ( $, .STERADIAN. ) SOLID_ANGLE_UNIT ( ) );
#2908 = DIRECTION ( 'NONE',  ( -1.000000000000000000, 0.0000000000000000000, 0.0000000000000000000 ) ) ;
#2909 = STYLED_ITEM ( 'NONE', ( #1553 ), #4067 ) ;
#2910 = STYLED_ITEM ( 'NONE', ( #2551 ), #3277 ) ;
#2911 = COLOUR_RGB ( '',0.7529411764705882248, 0.7529411764705882248, 0.7529411764705882248 ) ;
#2912 = ORIENTED_EDGE ( 'NONE', *, *, #4232, .F. ) ;
#2913 = VECTOR ( 'NONE', #2005, 1000.000000000000000 ) ;
#2914 = PLANE ( 'NONE',  #3175 ) ;
#2915 = EDGE_CURVE ( 'NONE', #496, #56, #4193, .T. ) ;
#2916 = VERTEX_POINT ( 'NONE', #4579 ) ;
#2917 =( LENGTH_UNIT ( ) NAMED_UNIT ( * ) SI_UNIT ( .MILLI., .METRE. ) );
#2918 = CARTESIAN_POINT ( 'NONE',  ( -1.125000000000000000, -2.000000000000000000, 0.2000000000000000111 ) ) ;
#2919 = STYLED_ITEM ( 'NONE', ( #724 ), #2624 ) ;
#2920 = STYLED_ITEM ( 'NONE', ( #990 ), #1907 ) ;
#2921 =( NAMED_UNIT ( * ) SI_UNIT ( $, .STERADIAN. ) SOLID_ANGLE_UNIT ( ) );
#2922 =( NAMED_UNIT ( * ) PLANE_ANGLE_UNIT ( ) SI_UNIT ( $, .RADIAN. ) );
#2923 = VECTOR ( 'NONE', #4455, 1000.000000000000000 ) ;
#2924 = DIRECTION ( 'NONE',  ( 1.000000000000000000, 0.0000000000000000000, 0.0000000000000000000 ) ) ;
#2925 =( GEOMETRIC_REPRESENTATION_CONTEXT ( 3 ) GLOBAL_UNCERTAINTY_ASSIGNED_CONTEXT ( ( #1913 ) ) GLOBAL_UNIT_ASSIGNED_CONTEXT ( ( #1506, #2997, #1474 ) ) REPRESENTATION_CONTEXT ( 'NONE', 'WORKASPACE' ) );
#2926 = EDGE_CURVE ( 'NONE', #3065, #121, #3768, .T. ) ;
#2927 = ORIENTED_EDGE ( 'NONE', *, *, #1547, .T. ) ;
#2928 = EDGE_CURVE ( 'NONE', #3618, #2916, #2589, .T. ) ;
#2929 = ORIENTED_EDGE ( 'NONE', *, *, #741, .F. ) ;
#2930 = CARTESIAN_POINT ( 'NONE',  ( -1.599999999999996092, 1.125000000000005329, 0.0000000000000000000 ) ) ;
#2931 = DIRECTION ( 'NONE',  ( -0.0000000000000000000, 1.000000000000000000, -0.0000000000000000000 ) ) ;
#2932 =( GEOMETRIC_REPRESENTATION_CONTEXT ( 3 ) GLOBAL_UNCERTAINTY_ASSIGNED_CONTEXT ( ( #1626 ) ) GLOBAL_UNIT_ASSIGNED_CONTEXT ( ( #2784, #3940, #4015 ) ) REPRESENTATION_CONTEXT ( 'NONE', 'WORKASPACE' ) );
#2933 = FILL_AREA_STYLE_COLOUR ( '', #3415 ) ;
#2934 = ORIENTED_EDGE ( 'NONE', *, *, #2858, .F. ) ;
#2935 = PRESENTATION_LAYER_ASSIGNMENT (  '', '', ( #4565 ) ) ;
#2936 = SURFACE_STYLE_FILL_AREA ( #1682 ) ;
#2937 =( NAMED_UNIT ( * ) SI_UNIT ( $, .STERADIAN. ) SOLID_ANGLE_UNIT ( ) );
#2938 = CARTESIAN_POINT ( 'NONE',  ( -1.125000000000000000, -1.600000000000000089, 0.0000000000000000000 ) ) ;
#2939 = DIRECTION ( 'NONE',  ( 0.0000000000000000000, -1.000000000000000000, 0.0000000000000000000 ) ) ;
#2940 = CARTESIAN_POINT ( 'NONE',  ( 1.989999999999999991, -1.989999999999999991, 0.02000000000000000042 ) ) ;
#2941 = ORIENTED_EDGE ( 'NONE', *, *, #4592, .T. ) ;
#2942 = SURFACE_STYLE_FILL_AREA ( #2522 ) ;
#2943 = CARTESIAN_POINT ( 'NONE',  ( -1.989999999999999547, -0.1749999999999932998, 0.1999999999999999833 ) ) ;
#2944 =( LENGTH_UNIT ( ) NAMED_UNIT ( * ) SI_UNIT ( .MILLI., .METRE. ) );
#2945 = EDGE_CURVE ( 'NONE', #2504, #4361, #3381, .T. ) ;
#2946 = DIRECTION ( 'NONE',  ( -0.0000000000000000000, -0.0000000000000000000, -1.000000000000000000 ) ) ;
#2947 = CARTESIAN_POINT ( 'NONE',  ( 1.350000000000000533, -1.350000000000000089, 0.02000000000000000042 ) ) ;
#2948 = ORIENTED_EDGE ( 'NONE', *, *, #1407, .T. ) ;
#2949 = ORIENTED_EDGE ( 'NONE', *, *, #5225, .F. ) ;
#2950 = CARTESIAN_POINT ( 'NONE',  ( 1.989999999999999547, -0.4750000000000205724, 0.2000000000000000111 ) ) ;
#2951 = CARTESIAN_POINT ( 'NONE',  ( -2.000000000000003109, -0.8249999999999935163, 0.0000000000000000000 ) ) ;
#2952 = PRESENTATION_STYLE_ASSIGNMENT (( #4972 ) ) ;
#2953 = EDGE_CURVE ( 'NONE', #4687, #3152, #1573, .T. ) ;
#2954 = FACE_OUTER_BOUND ( 'NONE', #350, .T. ) ;
#2955 = CARTESIAN_POINT ( 'NONE',  ( -1.989999999999999547, -1.989999999999999991, 0.02000000000000000042 ) ) ;
#2956 = EDGE_LOOP ( 'NONE', ( #2198, #2337, #3416, #5060, #2576, #1215 ) ) ;
#2957 = FILL_AREA_STYLE ('',( #3719 ) ) ;
#2958 = DIRECTION ( 'NONE',  ( -1.011922027653137577E-14, -1.000000000000000000, 0.0000000000000000000 ) ) ;
#2959 = DIRECTION ( 'NONE',  ( -0.0000000000000000000, -0.0000000000000000000, -1.000000000000000000 ) ) ;
#2960 = VECTOR ( 'NONE', #3977, 1000.000000000000000 ) ;
#2961 = SURFACE_STYLE_USAGE ( .BOTH. , #3306 ) ;
#2962 =( NAMED_UNIT ( * ) SI_UNIT ( $, .STERADIAN. ) SOLID_ANGLE_UNIT ( ) );
#2963 =( GEOMETRIC_REPRESENTATION_CONTEXT ( 3 ) GLOBAL_UNCERTAINTY_ASSIGNED_CONTEXT ( ( #3657 ) ) GLOBAL_UNIT_ASSIGNED_CONTEXT ( ( #3286, #1284, #3212 ) ) REPRESENTATION_CONTEXT ( 'NONE', 'WORKASPACE' ) );
#2964 = ORIENTED_EDGE ( 'NONE', *, *, #3018, .T. ) ;
#2965 = SURFACE_SIDE_STYLE ('',( #2942 ) ) ;
#2966 = VECTOR ( 'NONE', #1957, 1000.000000000000000 ) ;
#2967 = SURFACE_STYLE_FILL_AREA ( #93 ) ;
#2968 = EDGE_LOOP ( 'NONE', ( #3450, #4992, #2353, #1199 ) ) ;
#2969 = PRESENTATION_STYLE_ASSIGNMENT (( #2125 ) ) ;
#2970 = COLOUR_RGB ( '',0.7529411764705882248, 0.7529411764705882248, 0.7529411764705882248 ) ;
#2971 = VERTEX_POINT ( 'NONE', #158 ) ;
#2972 = ORIENTED_EDGE ( 'NONE', *, *, #2378, .F. ) ;
#2973 = SURFACE_SIDE_STYLE ('',( #4161 ) ) ;
#2974 = SURFACE_SIDE_STYLE ('',( #989 ) ) ;
#2975 = DIRECTION ( 'NONE',  ( -5.421010862427523156E-16, 1.000000000000000000, -0.0000000000000000000 ) ) ;
#2976 = ORIENTED_EDGE ( 'NONE', *, *, #150, .F. ) ;
#2977 = ORIENTED_EDGE ( 'NONE', *, *, #142, .T. ) ;
#2978 = SURFACE_STYLE_FILL_AREA ( #1382 ) ;
#2979 = EDGE_CURVE ( 'NONE', #2767, #3513, #2169, .T. ) ;
#2980 = EDGE_CURVE ( 'NONE', #1508, #2859, #2115, .T. ) ;
#2981 = LINE ( 'NONE', #610, #4676 ) ;
#2982 = CARTESIAN_POINT ( 'NONE',  ( 2.000000000000011546, 1.124999999999979350, 0.0000000000000000000 ) ) ;
#2983 = SURFACE_SIDE_STYLE ('',( #3094 ) ) ;
#2984 = EDGE_CURVE ( 'NONE', #121, #2504, #132, .T. ) ;
#2985 = STYLED_ITEM ( 'NONE', ( #1104 ), #3966 ) ;
#2986 = COLOUR_RGB ( '',0.7529411764705882248, 0.7529411764705882248, 0.7529411764705882248 ) ;
#2987 = DIRECTION ( 'NONE',  ( -1.011922027653137577E-14, -1.000000000000000000, 0.0000000000000000000 ) ) ;
#2988 = COLOUR_RGB ( '',0.7529411764705882248, 0.7529411764705882248, 0.7529411764705882248 ) ;
#2989 =( GEOMETRIC_REPRESENTATION_CONTEXT ( 3 ) GLOBAL_UNCERTAINTY_ASSIGNED_CONTEXT ( ( #4917 ) ) GLOBAL_UNIT_ASSIGNED_CONTEXT ( ( #2246, #5120, #212 ) ) REPRESENTATION_CONTEXT ( 'NONE', 'WORKASPACE' ) );
#2990 = ORIENTED_EDGE ( 'NONE', *, *, #1099, .F. ) ;
#2991 = PLANE ( 'NONE',  #4548 ) ;
#2992 = FILL_AREA_STYLE_COLOUR ( '', #2380 ) ;
#2993 = AXIS2_PLACEMENT_3D ( 'NONE', #2226, #2655, #2253 ) ;
#2994 = VECTOR ( 'NONE', #2405, 1000.000000000000000 ) ;
#2995 = STYLED_ITEM ( 'NONE', ( #4898 ), #1840 ) ;
#2996 = ORIENTED_EDGE ( 'NONE', *, *, #1026, .F. ) ;
#2997 =( NAMED_UNIT ( * ) PLANE_ANGLE_UNIT ( ) SI_UNIT ( $, .RADIAN. ) );
#2998 = ORIENTED_EDGE ( 'NONE', *, *, #1076, .T. ) ;
#2999 =( GEOMETRIC_REPRESENTATION_CONTEXT ( 3 ) GLOBAL_UNCERTAINTY_ASSIGNED_CONTEXT ( ( #4903 ) ) GLOBAL_UNIT_ASSIGNED_CONTEXT ( ( #5194, #1944, #5163 ) ) REPRESENTATION_CONTEXT ( 'NONE', 'WORKASPACE' ) );
#3000 = MECHANICAL_DESIGN_GEOMETRIC_PRESENTATION_REPRESENTATION (  '', ( #4025 ), #4460 ) ;
#3001 = ORIENTED_EDGE ( 'NONE', *, *, #5134, .T. ) ;
#3002 = FILL_AREA_STYLE_COLOUR ( '', #4214 ) ;
#3003 =( GEOMETRIC_REPRESENTATION_CONTEXT ( 3 ) GLOBAL_UNCERTAINTY_ASSIGNED_CONTEXT ( ( #4765 ) ) GLOBAL_UNIT_ASSIGNED_CONTEXT ( ( #1327, #3295, #2130 ) ) REPRESENTATION_CONTEXT ( 'NONE', 'WORKASPACE' ) );
#3004 = CARTESIAN_POINT ( 'NONE',  ( -2.000000000000003997, -1.124999999999993339, 0.2000000000000000111 ) ) ;
#3005 = DIRECTION ( 'NONE',  ( -1.000000000000000000, 0.0000000000000000000, 0.0000000000000000000 ) ) ;
#3006 = VECTOR ( 'NONE', #2020, 1000.000000000000000 ) ;
#3007 = STYLED_ITEM ( 'NONE', ( #960 ), #2689 ) ;
#3008 = CARTESIAN_POINT ( 'NONE',  ( 1.125000000000000000, -1.600000000000000089, 0.2000000000000000111 ) ) ;
#3009 = ORIENTED_EDGE ( 'NONE', *, *, #4677, .T. ) ;
#3010 = ORIENTED_EDGE ( 'NONE', *, *, #3443, .F. ) ;
#3011 = SURFACE_STYLE_FILL_AREA ( #127 ) ;
#3012 = UNCERTAINTY_MEASURE_WITH_UNIT (LENGTH_MEASURE( 1.000000000000000082E-05 ), #4971, 'distance_accuracy_value', 'NONE');
#3013 = EDGE_CURVE ( 'NONE', #3182, #836, #2211, .T. ) ;
#3014 = STYLED_ITEM ( 'NONE', ( #1082 ), #5047 ) ;
#3015 = CARTESIAN_POINT ( 'NONE',  ( 1.125000000000000222, -2.000000000000000000, 0.0000000000000000000 ) ) ;
#3016 = MECHANICAL_DESIGN_GEOMETRIC_PRESENTATION_REPRESENTATION (  '', ( #4045 ), #1752 ) ;
#3017 = PLANE ( 'NONE',  #2649 ) ;
#3018 = EDGE_CURVE ( 'NONE', #1859, #1716, #1721, .T. ) ;
#3019 = EDGE_CURVE ( 'NONE', #767, #2678, #4551, .T. ) ;
#3020 = CARTESIAN_POINT ( 'NONE',  ( 0.4749999999999997558, -1.600000000000000089, 0.02000000000000000042 ) ) ;
#3021 = ORIENTED_EDGE ( 'NONE', *, *, #443, .T. ) ;
#3022 =( LENGTH_UNIT ( ) NAMED_UNIT ( * ) SI_UNIT ( .MILLI., .METRE. ) );
#3023 = PRESENTATION_STYLE_ASSIGNMENT (( #4964 ) ) ;
#3024 = ORIENTED_EDGE ( 'NONE', *, *, #1447, .F. ) ;
#3025 = CARTESIAN_POINT ( 'NONE',  ( -0.4749999999999860445, 1.989999999999999991, 0.9200000000000000400 ) ) ;
#3026 = VERTEX_POINT ( 'NONE', #4924 ) ;
#3027 = CARTESIAN_POINT ( 'NONE',  ( -1.989999999999999991, 1.125000000000006661, 0.1999999999999999833 ) ) ;
#3028 = LINE ( 'NONE', #1782, #1276 ) ;
#3029 = CARTESIAN_POINT ( 'NONE',  ( -0.1750000000000138944, -1.990000000000012648, 0.02000000000000000042 ) ) ;
#3030 = PRESENTATION_LAYER_ASSIGNMENT (  '', '', ( #1694 ) ) ;
#3031 = CARTESIAN_POINT ( 'NONE',  ( -1.999999999999999556, 0.1750000000000067057, 0.2000000000000000111 ) ) ;
#3032 = EDGE_LOOP ( 'NONE', ( #1852, #2206, #2903, #2280 ) ) ;
#3033 = SURFACE_SIDE_STYLE ('',( #3974 ) ) ;
#3034 = EDGE_LOOP ( 'NONE', ( #68, #74, #3948, #2948, #2228, #4004, #213, #2696, #2187, #3935, #3903, #3580, #2387, #3468, #3052, #2121, #2096, #472, #1040, #66 ) ) ;
#3035 = CARTESIAN_POINT ( 'NONE',  ( 1.125000000000000222, -2.000000000000000000, 0.0000000000000000000 ) ) ;
#3036 = DIRECTION ( 'NONE',  ( 0.0000000000000000000, -1.000000000000000000, 0.0000000000000000000 ) ) ;
#3037 = UNCERTAINTY_MEASURE_WITH_UNIT (LENGTH_MEASURE( 1.000000000000000082E-05 ), #3022, 'distance_accuracy_value', 'NONE');
#3038 = CARTESIAN_POINT ( 'NONE',  ( -0.1749999999999861389, 1.989999999999999991, 0.2000000000000000111 ) ) ;
#3039 = VERTEX_POINT ( 'NONE', #3015 ) ;
#3040 = SURFACE_SIDE_STYLE ('',( #997 ) ) ;
#3041 = EDGE_CURVE ( 'NONE', #1105, #4680, #3411, .T. ) ;
#3042 = CARTESIAN_POINT ( 'NONE',  ( 1.125000000000000222, -2.000000000000000000, 0.2000000000000000111 ) ) ;
#3043 =( NAMED_UNIT ( * ) SI_UNIT ( $, .STERADIAN. ) SOLID_ANGLE_UNIT ( ) );
#3044 = AXIS2_PLACEMENT_3D ( 'NONE', #4763, #1117, #662 ) ;
#3045 = SURFACE_SIDE_STYLE ('',( #3493 ) ) ;
#3046 = VERTEX_POINT ( 'NONE', #177 ) ;
#3047 = PLANE ( 'NONE',  #2831 ) ;
#3048 = ADVANCED_FACE ( 'NONE', ( #1302 ), #2515, .T. ) ;
#3049 = EDGE_CURVE ( 'NONE', #3513, #913, #1818, .T. ) ;
#3050 = VECTOR ( 'NONE', #4786, 1000.000000000000000 ) ;
#3051 = CARTESIAN_POINT ( 'NONE',  ( 0.1750000000000000167, -1.600000000000000089, 0.0000000000000000000 ) ) ;
#3052 = ORIENTED_EDGE ( 'NONE', *, *, #235, .T. ) ;
#3053 = PLANE ( 'NONE',  #3878 ) ;
#3054 = SURFACE_STYLE_USAGE ( .BOTH. , #214 ) ;
#3055 = ORIENTED_EDGE ( 'NONE', *, *, #2926, .F. ) ;
#3056 = VECTOR ( 'NONE', #1594, 1000.000000000000000 ) ;
#3057 = LINE ( 'NONE', #2704, #4673 ) ;
#3058 = FACE_OUTER_BOUND ( 'NONE', #4399, .T. ) ;
#3059 = ORIENTED_EDGE ( 'NONE', *, *, #1723, .T. ) ;
#3060 = CARTESIAN_POINT ( 'NONE',  ( 0.8250000000000000666, -1.600000000000000311, 0.0000000000000000000 ) ) ;
#3061 = DIRECTION ( 'NONE',  ( 1.000000000000000000, -1.029992063861229370E-14, 0.0000000000000000000 ) ) ;
#3062 = ORIENTED_EDGE ( 'NONE', *, *, #5016, .F. ) ;
#3063 = SURFACE_STYLE_FILL_AREA ( #1844 ) ;
#3064 = CARTESIAN_POINT ( 'NONE',  ( 0.8250000000000111688, 1.599999999999994316, 0.2000000000000000111 ) ) ;
#3065 = VERTEX_POINT ( 'NONE', #644 ) ;
#3066 = LINE ( 'NONE', #673, #1139 ) ;
#3067 = CARTESIAN_POINT ( 'NONE',  ( 1.989999999999999547, -0.1750000000000167255, 0.1999999999999999833 ) ) ;
#3068 = ORIENTED_EDGE ( 'NONE', *, *, #1304, .T. ) ;
#3069 = VECTOR ( 'NONE', #2172, 1000.000000000000000 ) ;
#3070 =( GEOMETRIC_REPRESENTATION_CONTEXT ( 3 ) GLOBAL_UNCERTAINTY_ASSIGNED_CONTEXT ( ( #3572 ) ) GLOBAL_UNIT_ASSIGNED_CONTEXT ( ( #2471, #848, #1679 ) ) REPRESENTATION_CONTEXT ( 'NONE', 'WORKASPACE' ) );
#3071 = EDGE_CURVE ( 'NONE', #1623, #2441, #4332, .T. ) ;
#3072 =( GEOMETRIC_REPRESENTATION_CONTEXT ( 3 ) GLOBAL_UNCERTAINTY_ASSIGNED_CONTEXT ( ( #1328 ) ) GLOBAL_UNIT_ASSIGNED_CONTEXT ( ( #3383, #2561, #4630 ) ) REPRESENTATION_CONTEXT ( 'NONE', 'WORKASPACE' ) );
#3073 = CARTESIAN_POINT ( 'NONE',  ( 0.8250000000000001776, -1.989999999999999991, 0.02000000000000000042 ) ) ;
#3074 = VERTEX_POINT ( 'NONE', #3488 ) ;
#3075 = DIRECTION ( 'NONE',  ( -2.891205793294679411E-15, -1.000000000000000000, 0.0000000000000000000 ) ) ;
#3076 = MECHANICAL_DESIGN_GEOMETRIC_PRESENTATION_REPRESENTATION (  '', ( #2909 ), #536 ) ;
#3077 = COLOUR_RGB ( '',0.7529411764705882248, 0.7529411764705882248, 0.7529411764705882248 ) ;
#3078 = MECHANICAL_DESIGN_GEOMETRIC_PRESENTATION_REPRESENTATION (  '', ( #2826 ), #1809 ) ;
#3079 = COLOUR_RGB ( '',0.7529411764705882248, 0.7529411764705882248, 0.7529411764705882248 ) ;
#3080 = CARTESIAN_POINT ( 'NONE',  ( -1.599999999999997202, 0.8250000000000053957, 0.0000000000000000000 ) ) ;
#3081 = EDGE_CURVE ( 'NONE', #3318, #2275, #1493, .T. ) ;
#3082 = EDGE_CURVE ( 'NONE', #4895, #1830, #4272, .T. ) ;
#3083 = STYLED_ITEM ( 'NONE', ( #4817 ), #3435 ) ;
#3084 =( NAMED_UNIT ( * ) PLANE_ANGLE_UNIT ( ) SI_UNIT ( $, .RADIAN. ) );
#3085 = PRESENTATION_LAYER_ASSIGNMENT (  '', '', ( #5026 ) ) ;
#3086 = EDGE_LOOP ( 'NONE', ( #4637, #1424, #488, #505 ) ) ;
#3087 = DIRECTION ( 'NONE',  ( 1.000000000000000000, -2.891205793294679805E-15, 0.0000000000000000000 ) ) ;
#3088 = DIRECTION ( 'NONE',  ( 1.084202172485504276E-14, 1.000000000000000000, 0.0000000000000000000 ) ) ;
#3089 = LINE ( 'NONE', #1074, #1452 ) ;
#3090 = VECTOR ( 'NONE', #2164, 1000.000000000000000 ) ;
#3091 = DIRECTION ( 'NONE',  ( 0.0000000000000000000, -0.0000000000000000000, 1.000000000000000000 ) ) ;
#3092 = ORIENTED_EDGE ( 'NONE', *, *, #1755, .F. ) ;
#3093 = VECTOR ( 'NONE', #167, 1000.000000000000000 ) ;
#3094 = SURFACE_STYLE_FILL_AREA ( #4312 ) ;
#3095 = AXIS2_PLACEMENT_3D ( 'NONE', #1756, #1282, #4509 ) ;
#3096 = DIRECTION ( 'NONE',  ( 0.0000000000000000000, -1.000000000000000000, 0.0000000000000000000 ) ) ;
#3097 = MECHANICAL_DESIGN_GEOMETRIC_PRESENTATION_REPRESENTATION (  '', ( #2412 ), #2416 ) ;
#3098 = LINE ( 'NONE', #1527, #263 ) ;
#3099 = LINE ( 'NONE', #5001, #2494 ) ;
#3100 = ORIENTED_EDGE ( 'NONE', *, *, #5021, .F. ) ;
#3101 = DIRECTION ( 'NONE',  ( -1.000000000000000000, 0.0000000000000000000, -0.0000000000000000000 ) ) ;
#3102 = VECTOR ( 'NONE', #5218, 1000.000000000000000 ) ;
#3103 = FILL_AREA_STYLE_COLOUR ( '', #2302 ) ;
#3104 = ORIENTED_EDGE ( 'NONE', *, *, #1447, .T. ) ;
#3105 = CARTESIAN_POINT ( 'NONE',  ( -1.989999999999999547, -0.8249999999999937383, 0.1999999999999999833 ) ) ;
#3106 = ORIENTED_EDGE ( 'NONE', *, *, #1204, .F. ) ;
#3107 = CARTESIAN_POINT ( 'NONE',  ( -1.989999999999999991, -1.600000000000002531, 0.02000000000000000042 ) ) ;
#3108 = SURFACE_SIDE_STYLE ('',( #243 ) ) ;
#3109 = EDGE_CURVE ( 'NONE', #4726, #2420, #5044, .T. ) ;
#3110 =( LENGTH_UNIT ( ) NAMED_UNIT ( * ) SI_UNIT ( .MILLI., .METRE. ) );
#3111 = LINE ( 'NONE', #325, #4293 ) ;
#3112 = CARTESIAN_POINT ( 'NONE',  ( 0.4750000000000139666, 1.999999999999996669, 0.2000000000000000111 ) ) ;
#3113 = ORIENTED_EDGE ( 'NONE', *, *, #3209, .T. ) ;
#3114 =( LENGTH_UNIT ( ) NAMED_UNIT ( * ) SI_UNIT ( .MILLI., .METRE. ) );
#3115 = FILL_AREA_STYLE_COLOUR ( '', #4555 ) ;
#3116 = EDGE_CURVE ( 'NONE', #4234, #1306, #1915, .T. ) ;
#3117 = EDGE_CURVE ( 'NONE', #4913, #530, #3924, .T. ) ;
#3118 = UNCERTAINTY_MEASURE_WITH_UNIT (LENGTH_MEASURE( 1.000000000000000082E-05 ), #1083, 'distance_accuracy_value', 'NONE');
#3119 = FILL_AREA_STYLE_COLOUR ( '', #1667 ) ;
#3120 = DIRECTION ( 'NONE',  ( 1.089650424608547166E-16, -1.000000000000000000, 0.0000000000000000000 ) ) ;
#3121 = ORIENTED_EDGE ( 'NONE', *, *, #2763, .T. ) ;
#3122 = FILL_AREA_STYLE ('',( #4584 ) ) ;
#3123 = SURFACE_SIDE_STYLE ('',( #3147 ) ) ;
#3124 = CARTESIAN_POINT ( 'NONE',  ( -1.124999999999986233, 2.000000000000007994, 0.2000000000000000111 ) ) ;
#3125 = VERTEX_POINT ( 'NONE', #2336 ) ;
#3126 = ORIENTED_EDGE ( 'NONE', *, *, #2355, .F. ) ;
#3127 = VECTOR ( 'NONE', #4113, 1000.000000000000000 ) ;
#3128 = CARTESIAN_POINT ( 'NONE',  ( 0.1750000000000000167, -1.989999999999999991, 0.2000000000000000111 ) ) ;
#3129 = EDGE_LOOP ( 'NONE', ( #650, #512, #2724, #4263, #1254, #1451 ) ) ;
#3130 = DIRECTION ( 'NONE',  ( 1.000000000000000000, 7.228014483236700500E-16, 0.0000000000000000000 ) ) ;
#3131 = DIRECTION ( 'NONE',  ( -1.000000000000000000, 0.0000000000000000000, -0.0000000000000000000 ) ) ;
#3132 = FILL_AREA_STYLE ('',( #3537 ) ) ;
#3133 = VECTOR ( 'NONE', #4048, 1000.000000000000000 ) ;
#3134 = DIRECTION ( 'NONE',  ( -0.0000000000000000000, 0.0000000000000000000, -1.000000000000000000 ) ) ;
#3135 = ADVANCED_FACE ( 'NONE', ( #2258 ), #4725, .T. ) ;
#3136 = PLANE ( 'NONE',  #4454 ) ;
#3137 = PLANE ( 'NONE',  #4208 ) ;
#3138 =( NAMED_UNIT ( * ) PLANE_ANGLE_UNIT ( ) SI_UNIT ( $, .RADIAN. ) );
#3139 = COLOUR_RGB ( '',0.7529411764705882248, 0.7529411764705882248, 0.7529411764705882248 ) ;
#3140 = UNCERTAINTY_MEASURE_WITH_UNIT (LENGTH_MEASURE( 1.000000000000000082E-05 ), #2450, 'distance_accuracy_value', 'NONE');
#3141 = SURFACE_SIDE_STYLE ('',( #27 ) ) ;
#3142 = SURFACE_SIDE_STYLE ('',( #1079 ) ) ;
#3143 = EDGE_CURVE ( 'NONE', #4270, #4365, #420, .T. ) ;
#3144 = EDGE_CURVE ( 'NONE', #48, #95, #3222, .T. ) ;
#3145 = LINE ( 'NONE', #5140, #622 ) ;
#3146 = PRESENTATION_STYLE_ASSIGNMENT (( #4877 ) ) ;
#3147 = SURFACE_STYLE_FILL_AREA ( #1919 ) ;
#3148 = ADVANCED_FACE ( 'NONE', ( #2796 ), #2385, .F. ) ;
#3149 =( NAMED_UNIT ( * ) PLANE_ANGLE_UNIT ( ) SI_UNIT ( $, .RADIAN. ) );
#3150 = LINE ( 'NONE', #1163, #619 ) ;
#3151 = EDGE_LOOP ( 'NONE', ( #3848, #2325, #4130, #3349 ) ) ;
#3152 = VERTEX_POINT ( 'NONE', #1267 ) ;
#3153 = LINE ( 'NONE', #2762, #277 ) ;
#3154 = FILL_AREA_STYLE_COLOUR ( '', #2617 ) ;
#3155 = VECTOR ( 'NONE', #3414, 1000.000000000000000 ) ;
#3156 = DIRECTION ( 'NONE',  ( 1.000000000000000000, 0.0000000000000000000, 0.0000000000000000000 ) ) ;
#3157 = VECTOR ( 'NONE', #4056, 1000.000000000000000 ) ;
#3158 = CARTESIAN_POINT ( 'NONE',  ( -2.000000000000001776, -0.4749999999999932054, 0.2000000000000000111 ) ) ;
#3159 = SURFACE_STYLE_FILL_AREA ( #1996 ) ;
#3160 = FILL_AREA_STYLE_COLOUR ( '', #3771 ) ;
#3161 = PRESENTATION_LAYER_ASSIGNMENT (  '', '', ( #3244 ) ) ;
#3162 = VECTOR ( 'NONE', #2975, 1000.000000000000000 ) ;
#3163 = ORIENTED_EDGE ( 'NONE', *, *, #1635, .T. ) ;
#3164 = CARTESIAN_POINT ( 'NONE',  ( -1.989999999999999991, 1.989999999999999991, 0.9200000000000000400 ) ) ;
#3165 = VECTOR ( 'NONE', #3988, 1000.000000000000000 ) ;
#3166 = CARTESIAN_POINT ( 'NONE',  ( -1.999999999999996225, 1.125000000000006661, 0.0000000000000000000 ) ) ;
#3167 = LINE ( 'NONE', #4410, #3567 ) ;
#3168 =( GEOMETRIC_REPRESENTATION_CONTEXT ( 3 ) GLOBAL_UNCERTAINTY_ASSIGNED_CONTEXT ( ( #3407 ) ) GLOBAL_UNIT_ASSIGNED_CONTEXT ( ( #1252, #2864, #3692 ) ) REPRESENTATION_CONTEXT ( 'NONE', 'WORKASPACE' ) );
#3169 =( GEOMETRIC_REPRESENTATION_CONTEXT ( 3 ) GLOBAL_UNCERTAINTY_ASSIGNED_CONTEXT ( ( #1119 ) ) GLOBAL_UNIT_ASSIGNED_CONTEXT ( ( #2917, #43, #436 ) ) REPRESENTATION_CONTEXT ( 'NONE', 'WORKASPACE' ) );
#3170 = UNCERTAINTY_MEASURE_WITH_UNIT (LENGTH_MEASURE( 1.000000000000000082E-05 ), #2272, 'distance_accuracy_value', 'NONE');
#3171 = STYLED_ITEM ( 'NONE', ( #3930 ), #1705 ) ;
#3172 = DIRECTION ( 'NONE',  ( 6.505213034913026604E-15, 1.000000000000000000, -0.0000000000000000000 ) ) ;
#3173 = VECTOR ( 'NONE', #2585, 999.9999999999998863 ) ;
#3175 = AXIS2_PLACEMENT_3D ( 'NONE', #1281, #2890, #2120 ) ;
#3174 = FILL_AREA_STYLE ('',( #2748 ) ) ;
#3176 = MECHANICAL_DESIGN_GEOMETRIC_PRESENTATION_REPRESENTATION (  '', ( #3602 ), #1979 ) ;
#3177 = VECTOR ( 'NONE', #3273, 1000.000000000000000 ) ;
#3178 = EDGE_CURVE ( 'NONE', #3481, #672, #4823, .T. ) ;
#3179 = DIRECTION ( 'NONE',  ( -3.614007241618347587E-15, -1.000000000000000000, 0.0000000000000000000 ) ) ;
#3180 = ORIENTED_EDGE ( 'NONE', *, *, #2288, .T. ) ;
#3181 = STYLED_ITEM ( 'NONE', ( #3588 ), #4879 ) ;
#3182 = VERTEX_POINT ( 'NONE', #2419 ) ;
#3183 = STYLED_ITEM ( 'NONE', ( #2788 ), #2718 ) ;
#3184 = EDGE_CURVE ( 'NONE', #5002, #2446, #4521, .T. ) ;
#3185 = EDGE_CURVE ( 'NONE', #2051, #3859, #393, .T. ) ;
#3186 = SURFACE_STYLE_FILL_AREA ( #1587 ) ;
#3187 = EDGE_LOOP ( 'NONE', ( #329, #2927, #4806, #567, #1585, #5062 ) ) ;
#3188 = ORIENTED_EDGE ( 'NONE', *, *, #572, .T. ) ;
#3189 =( NAMED_UNIT ( * ) PLANE_ANGLE_UNIT ( ) SI_UNIT ( $, .RADIAN. ) );
#3190 = DIRECTION ( 'NONE',  ( 0.0000000000000000000, 0.0000000000000000000, -1.000000000000000000 ) ) ;
#3191 = SURFACE_STYLE_FILL_AREA ( #1596 ) ;
#3192 = SURFACE_STYLE_USAGE ( .BOTH. , #328 ) ;
#3193 =( NAMED_UNIT ( * ) PLANE_ANGLE_UNIT ( ) SI_UNIT ( $, .RADIAN. ) );
#3194 = ORIENTED_EDGE ( 'NONE', *, *, #4192, .F. ) ;
#3195 = LINE ( 'NONE', #1046, #3380 ) ;
#3196 = CARTESIAN_POINT ( 'NONE',  ( -1.989999999999999991, 1.989999999999999991, 0.9200000000000000400 ) ) ;
#3197 = DIRECTION ( 'NONE',  ( -2.891205793294680200E-15, -1.000000000000000000, 0.0000000000000000000 ) ) ;
#3198 = EDGE_LOOP ( 'NONE', ( #4176, #1085, #1467, #3290 ) ) ;
#3199 = VECTOR ( 'NONE', #4631, 1000.000000000000000 ) ;
#3200 = FILL_AREA_STYLE ('',( #1628 ) ) ;
#3201 = ADVANCED_FACE ( 'NONE', ( #1241 ), #5216, .F. ) ;
#3202 = PLANE ( 'NONE',  #4941 ) ;
#3203 = DIRECTION ( 'NONE',  ( -2.981555974335137982E-15, -1.000000000000000000, 0.0000000000000000000 ) ) ;
#3204 =( NAMED_UNIT ( * ) SI_UNIT ( $, .STERADIAN. ) SOLID_ANGLE_UNIT ( ) );
#3205 = VERTEX_POINT ( 'NONE', #3716 ) ;
#3206 = LINE ( 'NONE', #2327, #1978 ) ;
#3207 = EDGE_CURVE ( 'NONE', #1084, #2178, #151, .T. ) ;
#3208 = VERTEX_POINT ( 'NONE', #1767 ) ;
#3209 = EDGE_CURVE ( 'NONE', #2036, #1051, #4186, .T. ) ;
#3210 = DIRECTION ( 'NONE',  ( -1.000000000000000000, 0.0000000000000000000, -0.0000000000000000000 ) ) ;
#3211 = FILL_AREA_STYLE_COLOUR ( '', #4481 ) ;
#3212 =( NAMED_UNIT ( * ) SI_UNIT ( $, .STERADIAN. ) SOLID_ANGLE_UNIT ( ) );
#3213 =( GEOMETRIC_REPRESENTATION_CONTEXT ( 3 ) GLOBAL_UNCERTAINTY_ASSIGNED_CONTEXT ( ( #467 ) ) GLOBAL_UNIT_ASSIGNED_CONTEXT ( ( #4305, #3998, #1094 ) ) REPRESENTATION_CONTEXT ( 'NONE', 'WORKASPACE' ) );
#3214 = LINE ( 'NONE', #4018, #4189 ) ;
#3215 = LINE ( 'NONE', #5230, #1060 ) ;
#3216 = SURFACE_SIDE_STYLE ('',( #1997 ) ) ;
#3217 = ORIENTED_EDGE ( 'NONE', *, *, #4403, .F. ) ;
#3218 = CARTESIAN_POINT ( 'NONE',  ( 1.989999999999999103, 1.989999999999999991, 0.9200000000000000400 ) ) ;
#3219 = CARTESIAN_POINT ( 'NONE',  ( 0.1750000000000137002, 1.989999999999999991, 0.9200000000000000400 ) ) ;
#3220 = SURFACE_STYLE_USAGE ( .BOTH. , #2418 ) ;
#3221 = LINE ( 'NONE', #801, #2837 ) ;
#3222 = LINE ( 'NONE', #1156, #3157 ) ;
#3223 = VERTEX_POINT ( 'NONE', #2955 ) ;
#3224 = SURFACE_STYLE_FILL_AREA ( #2388 ) ;
#3225 = VECTOR ( 'NONE', #3899, 1000.000000000000000 ) ;
#3226 =( LENGTH_UNIT ( ) NAMED_UNIT ( * ) SI_UNIT ( .MILLI., .METRE. ) );
#3227 = MECHANICAL_DESIGN_GEOMETRIC_PRESENTATION_REPRESENTATION (  '', ( #3658 ), #2038 ) ;
#3228 = SURFACE_STYLE_USAGE ( .BOTH. , #189 ) ;
#3229 = PLANE ( 'NONE',  #1219 ) ;
#3230 = DIRECTION ( 'NONE',  ( 1.043544591017297071E-14, 1.000000000000000000, -0.0000000000000000000 ) ) ;
#3231 = ORIENTED_EDGE ( 'NONE', *, *, #5046, .T. ) ;
#3232 = VECTOR ( 'NONE', #3970, 1000.000000000000000 ) ;
#3233 = DIRECTION ( 'NONE',  ( -3.523657060577892172E-15, -1.000000000000000000, 0.0000000000000000000 ) ) ;
#3234 =( NAMED_UNIT ( * ) SI_UNIT ( $, .STERADIAN. ) SOLID_ANGLE_UNIT ( ) );
#3235 = CARTESIAN_POINT ( 'NONE',  ( -1.989999999999999547, -1.989999999999999991, 0.1999999999999999833 ) ) ;
#3236 = SURFACE_SIDE_STYLE ('',( #3642 ) ) ;
#3237 = FILL_AREA_STYLE_COLOUR ( '', #4989 ) ;
#3238 = PRESENTATION_STYLE_ASSIGNMENT (( #716 ) ) ;
#3239 = ORIENTED_EDGE ( 'NONE', *, *, #1725, .T. ) ;
#3240 = LINE ( 'NONE', #4053, #2237 ) ;
#3241 = CARTESIAN_POINT ( 'NONE',  ( 1.999999999999988232, -1.125000000000020650, 0.2000000000000000111 ) ) ;
#3242 = DIRECTION ( 'NONE',  ( -7.228014483236695175E-15, -1.000000000000000000, 0.0000000000000000000 ) ) ;
#3243 = EDGE_CURVE ( 'NONE', #1253, #4828, #4219, .T. ) ;
#3244 = STYLED_ITEM ( 'NONE', ( #5242 ), #4093 ) ;
#3245 = VECTOR ( 'NONE', #1466, 1000.000000000000000 ) ;
#3246 = EDGE_LOOP ( 'NONE', ( #4792, #5199, #4974, #992, #3836, #2565 ) ) ;
#3247 = SURFACE_STYLE_USAGE ( .BOTH. , #3577 ) ;
#3248 = PRESENTATION_STYLE_ASSIGNMENT (( #4473 ) ) ;
#3249 = VECTOR ( 'NONE', #1785, 1000.000000000000000 ) ;
#3250 = VECTOR ( 'NONE', #3666, 1000.000000000000000 ) ;
#3251 =( GEOMETRIC_REPRESENTATION_CONTEXT ( 3 ) GLOBAL_UNCERTAINTY_ASSIGNED_CONTEXT ( ( #3118 ) ) GLOBAL_UNIT_ASSIGNED_CONTEXT ( ( #1083, #1025, #3043 ) ) REPRESENTATION_CONTEXT ( 'NONE', 'WORKASPACE' ) );
#3252 =( LENGTH_UNIT ( ) NAMED_UNIT ( * ) SI_UNIT ( .MILLI., .METRE. ) );
#3253 = VECTOR ( 'NONE', #2252, 1000.000000000000000 ) ;
#3254 = VERTEX_POINT ( 'NONE', #2582 ) ;
#3255 =( NAMED_UNIT ( * ) SI_UNIT ( $, .STERADIAN. ) SOLID_ANGLE_UNIT ( ) );
#3256 = PRESENTATION_LAYER_ASSIGNMENT (  '', '', ( #33 ) ) ;
#3257 = LINE ( 'NONE', #3638, #3633 ) ;
#3258 = LINE ( 'NONE', #4888, #3326 ) ;
#3259 = ORIENTED_EDGE ( 'NONE', *, *, #2622, .T. ) ;
#3260 = AXIS2_PLACEMENT_3D ( 'NONE', #2792, #768, #5188 ) ;
#3261 = CARTESIAN_POINT ( 'NONE',  ( 1.125000000000000000, -1.600000000000000089, 0.0000000000000000000 ) ) ;
#3262 = CARTESIAN_POINT ( 'NONE',  ( -1.999999999999996225, 1.125000000000006661, 0.2000000000000000111 ) ) ;
#3263 = SURFACE_STYLE_USAGE ( .BOTH. , #2809 ) ;
#3264 = AXIS2_PLACEMENT_3D ( 'NONE', #3659, #1899, #3533 ) ;
#3265 = PLANE ( 'NONE',  #4389 ) ;
#3266 = ORIENTED_EDGE ( 'NONE', *, *, #4597, .T. ) ;
#3267 = ORIENTED_EDGE ( 'NONE', *, *, #477, .T. ) ;
#3268 = DIRECTION ( 'NONE',  ( -1.000000000000000000, 2.981555974335137982E-15, 0.0000000000000000000 ) ) ;
#3269 = EDGE_CURVE ( 'NONE', #194, #1716, #538, .T. ) ;
#3270 = PRODUCT_DEFINITION_FORMATION_WITH_SPECIFIED_SOURCE ( 'ANY', '', #228, .NOT_KNOWN. ) ;
#3271 = LINE ( 'NONE', #3628, #1773 ) ;
#3272 =( NAMED_UNIT ( * ) SI_UNIT ( $, .STERADIAN. ) SOLID_ANGLE_UNIT ( ) );
#3273 = DIRECTION ( 'NONE',  ( -2.179300849217094331E-16, 1.000000000000000000, -0.0000000000000000000 ) ) ;
#3274 = ORIENTED_EDGE ( 'NONE', *, *, #2261, .F. ) ;
#3275 =( NAMED_UNIT ( * ) SI_UNIT ( $, .STERADIAN. ) SOLID_ANGLE_UNIT ( ) );
#3276 = EDGE_CURVE ( 'NONE', #2865, #3453, #4644, .T. ) ;
#3277 = ADVANCED_FACE ( 'NONE', ( #3356 ), #2109, .F. ) ;
#3278 = FILL_AREA_STYLE_COLOUR ( '', #99 ) ;
#3279 = FILL_AREA_STYLE_COLOUR ( '', #4459 ) ;
#3280 = ORIENTED_EDGE ( 'NONE', *, *, #3397, .T. ) ;
#3281 = LINE ( 'NONE', #2032, #4859 ) ;
#3282 = COLOUR_RGB ( '',0.7529411764705882248, 0.7529411764705882248, 0.7529411764705882248 ) ;
#3283 = CARTESIAN_POINT ( 'NONE',  ( 0.4750000000000111910, 1.599999999999996536, 0.2000000000000000111 ) ) ;
#3284 = ORIENTED_EDGE ( 'NONE', *, *, #901, .F. ) ;
#3285 = LINE ( 'NONE', #2408, #2239 ) ;
#3286 =( LENGTH_UNIT ( ) NAMED_UNIT ( * ) SI_UNIT ( .MILLI., .METRE. ) );
#3287 = SURFACE_STYLE_USAGE ( .BOTH. , #1316 ) ;
#3288 = FILL_AREA_STYLE ('',( #4105 ) ) ;
#3289 = CARTESIAN_POINT ( 'NONE',  ( 1.599999999999988542, -1.125000000000016209, 0.02000000000000000042 ) ) ;
#3290 = ORIENTED_EDGE ( 'NONE', *, *, #4713, .T. ) ;
#3291 = ORIENTED_EDGE ( 'NONE', *, *, #1136, .F. ) ;
#3292 = CARTESIAN_POINT ( 'NONE',  ( 1.989999999999999547, -0.4750000000000205169, 0.02000000000000000042 ) ) ;
#3293 = LINE ( 'NONE', #1717, #3127 ) ;
#3294 = CARTESIAN_POINT ( 'NONE',  ( 1.600000000000011857, 1.124999999999983347, 0.2000000000000000111 ) ) ;
#3295 =( NAMED_UNIT ( * ) PLANE_ANGLE_UNIT ( ) SI_UNIT ( $, .RADIAN. ) );
#3296 = EDGE_CURVE ( 'NONE', #2797, #4234, #2509, .T. ) ;
#3297 =( NAMED_UNIT ( * ) SI_UNIT ( $, .STERADIAN. ) SOLID_ANGLE_UNIT ( ) );
#3298 = ORIENTED_EDGE ( 'NONE', *, *, #4840, .T. ) ;
#3299 = CARTESIAN_POINT ( 'NONE',  ( -1.989999999999999547, -1.989999999999999991, 0.1999999999999999833 ) ) ;
#3300 = CARTESIAN_POINT ( 'NONE',  ( -1.989999999999999991, 0.8250000000000067280, 0.9200000000000000400 ) ) ;
#3301 = UNCERTAINTY_MEASURE_WITH_UNIT (LENGTH_MEASURE( 1.000000000000000082E-05 ), #4802, 'distance_accuracy_value', 'NONE');
#3302 = EDGE_CURVE ( 'NONE', #3208, #4099, #1380, .T. ) ;
#3303 = DIRECTION ( 'NONE',  ( -1.000000000000000000, 1.011922027653137577E-14, 0.0000000000000000000 ) ) ;
#3304 = VECTOR ( 'NONE', #4524, 1000.000000000000000 ) ;
#3305 = DIRECTION ( 'NONE',  ( 1.011922027653137419E-14, 1.000000000000000000, 0.0000000000000000000 ) ) ;
#3306 = SURFACE_SIDE_STYLE ('',( #946 ) ) ;
#3307 = EDGE_CURVE ( 'NONE', #931, #5123, #459, .T. ) ;
#3308 = CARTESIAN_POINT ( 'NONE',  ( -1.600000000000004086, -1.124999999999994449, 0.2000000000000000111 ) ) ;
#3309 = CARTESIAN_POINT ( 'NONE',  ( -1.989999999999999991, 1.989999999999999991, 0.02000000000000000042 ) ) ;
#3310 = PRESENTATION_LAYER_ASSIGNMENT (  '', '', ( #4525 ) ) ;
#3311 = CARTESIAN_POINT ( 'NONE',  ( 0.1750000000000138667, 1.999999999999998668, 0.0000000000000000000 ) ) ;
#3312 = DIRECTION ( 'NONE',  ( 1.000000000000000000, -3.523657060577892172E-15, 0.0000000000000000000 ) ) ;
#3313 = DIRECTION ( 'NONE',  ( 1.000000000000000000, 0.0000000000000000000, 0.0000000000000000000 ) ) ;
#3314 = FILL_AREA_STYLE_COLOUR ( '', #5104 ) ;
#3315 =( LENGTH_UNIT ( ) NAMED_UNIT ( * ) SI_UNIT ( .MILLI., .METRE. ) );
#3316 = LINE ( 'NONE', #4935, #2312 ) ;
#3317 = ORIENTED_EDGE ( 'NONE', *, *, #2231, .T. ) ;
#3318 = VERTEX_POINT ( 'NONE', #1296 ) ;
#3319 = DIRECTION ( 'NONE',  ( -0.0000000000000000000, -0.0000000000000000000, -1.000000000000000000 ) ) ;
#3320 = PLANE ( 'NONE',  #4835 ) ;
#3321 =( NAMED_UNIT ( * ) SI_UNIT ( $, .STERADIAN. ) SOLID_ANGLE_UNIT ( ) );
#3322 = DIRECTION ( 'NONE',  ( -1.000000000000000000, 3.252606517456516063E-15, 0.0000000000000000000 ) ) ;
#3323 = VERTEX_POINT ( 'NONE', #2902 ) ;
#3324 = SURFACE_STYLE_USAGE ( .BOTH. , #4576 ) ;
#3325 = DIRECTION ( 'NONE',  ( -1.000000000000000000, -0.0000000000000000000, -0.0000000000000000000 ) ) ;
#3326 = VECTOR ( 'NONE', #4314, 1000.000000000000000 ) ;
#3327 = VECTOR ( 'NONE', #5020, 1000.000000000000000 ) ;
#3328 = MECHANICAL_DESIGN_GEOMETRIC_PRESENTATION_REPRESENTATION (  '', ( #1974 ), #2989 ) ;
#3329 = DIRECTION ( 'NONE',  ( 1.000000000000000000, 0.0000000000000000000, 0.0000000000000000000 ) ) ;
#3330 = STYLED_ITEM ( 'NONE', ( #2776 ), #3972 ) ;
#3331 = STYLED_ITEM ( 'NONE', ( #5231 ), #3405 ) ;
#3332 = EDGE_CURVE ( 'NONE', #924, #5067, #4545, .T. ) ;
#3333 = CARTESIAN_POINT ( 'NONE',  ( -1.600000000000004086, -1.124999999999994449, 0.2000000000000000111 ) ) ;
#3334 = DIRECTION ( 'NONE',  ( 0.0000000000000000000, 0.0000000000000000000, -1.000000000000000000 ) ) ;
#3335 = STYLED_ITEM ( 'NONE', ( #1165 ), #3713 ) ;
#3336 = ORIENTED_EDGE ( 'NONE', *, *, #1245, .T. ) ;
#3337 =( LENGTH_UNIT ( ) NAMED_UNIT ( * ) SI_UNIT ( .MILLI., .METRE. ) );
#3338 = ADVANCED_FACE ( 'NONE', ( #4943 ), #1330, .F. ) ;
#3339 = EDGE_CURVE ( 'NONE', #2660, #5151, #607, .T. ) ;
#3340 = PRESENTATION_LAYER_ASSIGNMENT (  '', '', ( #4709 ) ) ;
#3341 =( GEOMETRIC_REPRESENTATION_CONTEXT ( 3 ) GLOBAL_UNCERTAINTY_ASSIGNED_CONTEXT ( ( #333 ) ) GLOBAL_UNIT_ASSIGNED_CONTEXT ( ( #3375, #959, #1378 ) ) REPRESENTATION_CONTEXT ( 'NONE', 'WORKASPACE' ) );
#3342 =( NAMED_UNIT ( * ) SI_UNIT ( $, .STERADIAN. ) SOLID_ANGLE_UNIT ( ) );
#3343 = ORIENTED_EDGE ( 'NONE', *, *, #3243, .F. ) ;
#3344 = CARTESIAN_POINT ( 'NONE',  ( -1.999999999999998224, 0.4750000000000067502, 0.2000000000000000111 ) ) ;
#3345 = MECHANICAL_DESIGN_GEOMETRIC_PRESENTATION_REPRESENTATION (  '', ( #1502 ), #1745 ) ;
#3346 = DIRECTION ( 'NONE',  ( -0.0000000000000000000, -0.0000000000000000000, -1.000000000000000000 ) ) ;
#3347 = COLOUR_RGB ( '',0.7529411764705882248, 0.7529411764705882248, 0.7529411764705882248 ) ;
#3348 = AXIS2_PLACEMENT_3D ( 'NONE', #4933, #4563, #2870 ) ;
#3349 = ORIENTED_EDGE ( 'NONE', *, *, #517, .F. ) ;
#3350 = ORIENTED_EDGE ( 'NONE', *, *, #3184, .T. ) ;
#3351 = CARTESIAN_POINT ( 'NONE',  ( -1.599999999999998090, 0.4750000000000053624, 0.0000000000000000000 ) ) ;
#3352 = VECTOR ( 'NONE', #3464, 1000.000000000000000 ) ;
#3353 = SURFACE_SIDE_STYLE ('',( #3430 ) ) ;
#3354 =( GEOMETRIC_REPRESENTATION_CONTEXT ( 3 ) GLOBAL_UNCERTAINTY_ASSIGNED_CONTEXT ( ( #1521 ) ) GLOBAL_UNIT_ASSIGNED_CONTEXT ( ( #2479, #1627, #4502 ) ) REPRESENTATION_CONTEXT ( 'NONE', 'WORKASPACE' ) );
#3355 = DIRECTION ( 'NONE',  ( -1.000000000000000000, 6.505213034913028182E-15, 0.0000000000000000000 ) ) ;
#3356 = FACE_OUTER_BOUND ( 'NONE', #29, .T. ) ;
#3357 = ORIENTED_EDGE ( 'NONE', *, *, #431, .F. ) ;
#3358 = CARTESIAN_POINT ( 'NONE',  ( -0.1749999999999888589, 1.600000000000001421, 0.0000000000000000000 ) ) ;
#3359 = CARTESIAN_POINT ( 'NONE',  ( -1.599999999999998090, 0.4750000000000053624, 0.0000000000000000000 ) ) ;
#3360 = CARTESIAN_POINT ( 'NONE',  ( -1.989999999999999991, 1.989999999999999991, 0.02000000000000000042 ) ) ;
#3361 = LINE ( 'NONE', #4950, #1750 ) ;
#3362 = FACE_OUTER_BOUND ( 'NONE', #2872, .T. ) ;
#3363 =( LENGTH_UNIT ( ) NAMED_UNIT ( * ) SI_UNIT ( .MILLI., .METRE. ) );
#3364 = EDGE_CURVE ( 'NONE', #4663, #4945, #1457, .T. ) ;
#3365 = LINE ( 'NONE', #4583, #3789 ) ;
#3366 = DIRECTION ( 'NONE',  ( -1.000000000000000000, 0.0000000000000000000, -0.0000000000000000000 ) ) ;
#3367 = ORIENTED_EDGE ( 'NONE', *, *, #3465, .F. ) ;
#3368 = EDGE_CURVE ( 'NONE', #5012, #3208, #1883, .T. ) ;
#3369 = DIRECTION ( 'NONE',  ( 1.000000000000000000, -7.228014483236699908E-15, 0.0000000000000000000 ) ) ;
#3370 = ADVANCED_FACE ( 'NONE', ( #3058 ), #1039, .F. ) ;
#3371 = LINE ( 'NONE', #2524, #265 ) ;
#3372 = ORIENTED_EDGE ( 'NONE', *, *, #380, .T. ) ;
#3373 = SURFACE_STYLE_USAGE ( .BOTH. , #602 ) ;
#3374 = SURFACE_STYLE_USAGE ( .BOTH. , #2974 ) ;
#3375 =( LENGTH_UNIT ( ) NAMED_UNIT ( * ) SI_UNIT ( .MILLI., .METRE. ) );
#3376 = SURFACE_SIDE_STYLE ('',( #4218 ) ) ;
#3377 = CARTESIAN_POINT ( 'NONE',  ( -1.599999999999997202, 0.8250000000000053957, 0.2000000000000000111 ) ) ;
#3378 = ORIENTED_EDGE ( 'NONE', *, *, #1068, .T. ) ;
#3379 = ORIENTED_EDGE ( 'NONE', *, *, #3207, .T. ) ;
#3380 = VECTOR ( 'NONE', #2662, 1000.000000000000000 ) ;
#3381 = LINE ( 'NONE', #4997, #3680 ) ;
#3382 = SURFACE_STYLE_USAGE ( .BOTH. , #4553 ) ;
#3383 =( LENGTH_UNIT ( ) NAMED_UNIT ( * ) SI_UNIT ( .MILLI., .METRE. ) );
#3384 = LINE ( 'NONE', #3449, #184 ) ;
#3385 = ORIENTED_EDGE ( 'NONE', *, *, #4703, .T. ) ;
#3386 = SURFACE_STYLE_USAGE ( .BOTH. , #2965 ) ;
#3387 = STYLED_ITEM ( 'NONE', ( #2952 ), #1278 ) ;
#3388 = SURFACE_SIDE_STYLE ('',( #164 ) ) ;
#3389 = VERTEX_POINT ( 'NONE', #5129 ) ;
#3390 =( NAMED_UNIT ( * ) PLANE_ANGLE_UNIT ( ) SI_UNIT ( $, .RADIAN. ) );
#3391 = AXIS2_PLACEMENT_3D ( 'NONE', #2628, #3793, #958 ) ;
#3392 = SURFACE_SIDE_STYLE ('',( #268 ) ) ;
#3393 = VERTEX_POINT ( 'NONE', #1857 ) ;
#3394 = ORIENTED_EDGE ( 'NONE', *, *, #3538, .F. ) ;
#3395 = DIRECTION ( 'NONE',  ( -1.000000000000000000, 3.523657060577892172E-15, -0.0000000000000000000 ) ) ;
#3396 = CARTESIAN_POINT ( 'NONE',  ( 1.600000000000008971, 0.8249999999999835243, 0.2000000000000000111 ) ) ;
#3397 = EDGE_CURVE ( 'NONE', #2767, #2376, #1483, .T. ) ;
#3398 = AXIS2_PLACEMENT_3D ( 'NONE', #790, #4891, #1229 ) ;
#3399 = FACE_OUTER_BOUND ( 'NONE', #4683, .T. ) ;
#3400 = FILL_AREA_STYLE_COLOUR ( '', #3077 ) ;
#3401 = VERTEX_POINT ( 'NONE', #4760 ) ;
#3402 = ORIENTED_EDGE ( 'NONE', *, *, #3609, .T. ) ;
#3403 = CARTESIAN_POINT ( 'NONE',  ( -1.719999999999999973, 1.550000000000000044, 0.9200000000000000400 ) ) ;
#3404 = CARTESIAN_POINT ( 'NONE',  ( 0.4750000000000139111, 1.989999999999999991, 0.2000000000000000111 ) ) ;
#3405 = ADVANCED_FACE ( 'NONE', ( #583 ), #5186, .F. ) ;
#3406 = ADVANCED_FACE ( 'NONE', ( #2850 ), #720, .F. ) ;
#3407 = UNCERTAINTY_MEASURE_WITH_UNIT (LENGTH_MEASURE( 1.000000000000000082E-05 ), #1252, 'distance_accuracy_value', 'NONE');
#3408 = DIRECTION ( 'NONE',  ( -1.089650424608547042E-16, 1.000000000000000000, 0.0000000000000000000 ) ) ;
#3409 = CARTESIAN_POINT ( 'NONE',  ( 0.1750000000000000167, -2.000000000000000000, 0.2000000000000000111 ) ) ;
#3410 =( GEOMETRIC_REPRESENTATION_CONTEXT ( 3 ) GLOBAL_UNCERTAINTY_ASSIGNED_CONTEXT ( ( #5083 ) ) GLOBAL_UNIT_ASSIGNED_CONTEXT ( ( #2095, #2145, #3780 ) ) REPRESENTATION_CONTEXT ( 'NONE', 'WORKASPACE' ) );
#3411 = CIRCLE ( 'NONE', #4542, 0.1700000000000000122 ) ;
#3412 = MECHANICAL_DESIGN_GEOMETRIC_PRESENTATION_REPRESENTATION (  '', ( #1724 ), #5171 ) ;
#3413 = CARTESIAN_POINT ( 'NONE',  ( -1.125000000000000000, -1.600000000000000089, 0.0000000000000000000 ) ) ;
#3414 = DIRECTION ( 'NONE',  ( -1.089650424608547042E-16, 1.000000000000000000, 0.0000000000000000000 ) ) ;
#3415 = COLOUR_RGB ( '',0.7529411764705882248, 0.7529411764705882248, 0.7529411764705882248 ) ;
#3416 = ORIENTED_EDGE ( 'NONE', *, *, #3494, .T. ) ;
#3417 = AXIS2_PLACEMENT_3D ( 'NONE', #1772, #920, #2908 ) ;
#3418 = SURFACE_STYLE_USAGE ( .BOTH. , #3388 ) ;
#3419 = ORIENTED_EDGE ( 'NONE', *, *, #1812, .T. ) ;
#3420 = DIRECTION ( 'NONE',  ( 0.0000000000000000000, 0.0000000000000000000, -1.000000000000000000 ) ) ;
#3421 =( NAMED_UNIT ( * ) SI_UNIT ( $, .STERADIAN. ) SOLID_ANGLE_UNIT ( ) );
#3422 = ORIENTED_EDGE ( 'NONE', *, *, #4880, .T. ) ;
#3423 =( NAMED_UNIT ( * ) SI_UNIT ( $, .STERADIAN. ) SOLID_ANGLE_UNIT ( ) );
#3424 = AXIS2_PLACEMENT_3D ( 'NONE', #2025, #57, #3088 ) ;
#3425 = VECTOR ( 'NONE', #4319, 1000.000000000000000 ) ;
#3426 = MECHANICAL_DESIGN_GEOMETRIC_PRESENTATION_REPRESENTATION (  '', ( #1227 ), #882 ) ;
#3427 = LINE ( 'NONE', #5010, #1243 ) ;
#3428 = VECTOR ( 'NONE', #1904, 1000.000000000000000 ) ;
#3429 = CARTESIAN_POINT ( 'NONE',  ( -0.4749999999999999778, -1.599999999999999867, 0.0000000000000000000 ) ) ;
#3430 = SURFACE_STYLE_FILL_AREA ( #3839 ) ;
#3431 = SURFACE_STYLE_FILL_AREA ( #4267 ) ;
#3432 = VECTOR ( 'NONE', #4265, 1000.000000000000000 ) ;
#3433 =( GEOMETRIC_REPRESENTATION_CONTEXT ( 3 ) GLOBAL_UNCERTAINTY_ASSIGNED_CONTEXT ( ( #5190 ) ) GLOBAL_UNIT_ASSIGNED_CONTEXT ( ( #5137, #1440, #685 ) ) REPRESENTATION_CONTEXT ( 'NONE', 'WORKASPACE' ) );
#3434 =( GEOMETRIC_REPRESENTATION_CONTEXT ( 3 ) GLOBAL_UNCERTAINTY_ASSIGNED_CONTEXT ( ( #4027 ) ) GLOBAL_UNIT_ASSIGNED_CONTEXT ( ( #500, #2498, #5209 ) ) REPRESENTATION_CONTEXT ( 'NONE', 'WORKASPACE' ) );
#3435 = ADVANCED_FACE ( 'NONE', ( #1642 ), #4430, .T. ) ;
#3436 = ORIENTED_EDGE ( 'NONE', *, *, #4168, .T. ) ;
#3437 = CARTESIAN_POINT ( 'NONE',  ( -0.1749999999999860556, 2.000000000000001332, 0.0000000000000000000 ) ) ;
#3438 = VECTOR ( 'NONE', #4734, 1000.000000000000000 ) ;
#3439 =( GEOMETRIC_REPRESENTATION_CONTEXT ( 3 ) GLOBAL_UNCERTAINTY_ASSIGNED_CONTEXT ( ( #4434 ) ) GLOBAL_UNIT_ASSIGNED_CONTEXT ( ( #3315, #501, #1062 ) ) REPRESENTATION_CONTEXT ( 'NONE', 'WORKASPACE' ) );
#3440 =( LENGTH_UNIT ( ) NAMED_UNIT ( * ) SI_UNIT ( .MILLI., .METRE. ) );
#3441 = AXIS2_PLACEMENT_3D ( 'NONE', #1469, #3096, #525 ) ;
#3442 =( NAMED_UNIT ( * ) PLANE_ANGLE_UNIT ( ) SI_UNIT ( $, .RADIAN. ) );
#3443 = EDGE_CURVE ( 'NONE', #95, #1002, #2545, .T. ) ;
#3444 = ORIENTED_EDGE ( 'NONE', *, *, #909, .F. ) ;
#3445 = EDGE_CURVE ( 'NONE', #291, #1409, #2127, .T. ) ;
#3446 = LINE ( 'NONE', #226, #3511 ) ;
#3447 = CARTESIAN_POINT ( 'NONE',  ( 2.000000000000004885, 0.4749999999999792721, 0.2000000000000000111 ) ) ;
#3448 = FILL_AREA_STYLE_COLOUR ( '', #3079 ) ;
#3449 = CARTESIAN_POINT ( 'NONE',  ( 1.125000000000000000, -1.600000000000000089, 0.0000000000000000000 ) ) ;
#3450 = ORIENTED_EDGE ( 'NONE', *, *, #831, .T. ) ;
#3451 = ORIENTED_EDGE ( 'NONE', *, *, #871, .F. ) ;
#3452 = VERTEX_POINT ( 'NONE', #3289 ) ;
#3453 = VERTEX_POINT ( 'NONE', #930 ) ;
#3454 = CARTESIAN_POINT ( 'NONE',  ( 1.600000000000004974, 0.4749999999999834910, 0.2000000000000000111 ) ) ;
#3455 = SURFACE_STYLE_FILL_AREA ( #4404 ) ;
#3456 = ORIENTED_EDGE ( 'NONE', *, *, #4771, .F. ) ;
#3457 = PRESENTATION_STYLE_ASSIGNMENT (( #199 ) ) ;
#3458 = CARTESIAN_POINT ( 'NONE',  ( 0.1750000000000111744, 1.599999999999998535, 0.2000000000000000111 ) ) ;
#3459 = DIRECTION ( 'NONE',  ( -0.0000000000000000000, -0.0000000000000000000, -1.000000000000000000 ) ) ;
#3460 = UNCERTAINTY_MEASURE_WITH_UNIT (LENGTH_MEASURE( 1.000000000000000082E-05 ), #4051, 'distance_accuracy_value', 'NONE');
#3461 = PRESENTATION_STYLE_ASSIGNMENT (( #2690 ) ) ;
#3462 = ORIENTED_EDGE ( 'NONE', *, *, #2283, .F. ) ;
#3463 = DIRECTION ( 'NONE',  ( 1.000000000000000000, 0.0000000000000000000, 0.0000000000000000000 ) ) ;
#3464 = DIRECTION ( 'NONE',  ( -1.000000000000000000, 1.043544591017298807E-14, 0.0000000000000000000 ) ) ;
#3465 = EDGE_CURVE ( 'NONE', #48, #2877, #3316, .T. ) ;
#3466 = PLANE ( 'NONE',  #2306 ) ;
#3467 = LINE ( 'NONE', #232, #686 ) ;
#3468 = ORIENTED_EDGE ( 'NONE', *, *, #516, .F. ) ;
#3469 = ADVANCED_FACE ( 'NONE', ( #4138 ), #1732, .F. ) ;
#3470 = PLANE ( 'NONE',  #694 ) ;
#3471 = VERTEX_POINT ( 'NONE', #4106 ) ;
#3472 =( LENGTH_UNIT ( ) NAMED_UNIT ( * ) SI_UNIT ( .MILLI., .METRE. ) );
#3473 = ORIENTED_EDGE ( 'NONE', *, *, #2984, .F. ) ;
#3474 = PRESENTATION_LAYER_ASSIGNMENT (  '', '', ( #839 ) ) ;
#3475 = FACE_OUTER_BOUND ( 'NONE', #3086, .T. ) ;
#3476 = PLANE ( 'NONE',  #4424 ) ;
#3477 = CARTESIAN_POINT ( 'NONE',  ( 1.125000000000000000, -1.600000000000000089, 0.2000000000000000111 ) ) ;
#3478 = FILL_AREA_STYLE_COLOUR ( '', #108 ) ;
#3479 =( GEOMETRIC_REPRESENTATION_CONTEXT ( 3 ) GLOBAL_UNCERTAINTY_ASSIGNED_CONTEXT ( ( #1386 ) ) GLOBAL_UNIT_ASSIGNED_CONTEXT ( ( #2278, #1602, #3321 ) ) REPRESENTATION_CONTEXT ( 'NONE', 'WORKASPACE' ) );
#3480 = SURFACE_STYLE_USAGE ( .BOTH. , #2684 ) ;
#3481 = VERTEX_POINT ( 'NONE', #1350 ) ;
#3482 = CARTESIAN_POINT ( 'NONE',  ( -0.8249999999999889644, 1.600000000000006084, 0.2000000000000000111 ) ) ;
#3483 = ORIENTED_EDGE ( 'NONE', *, *, #2558, .T. ) ;
#3484 =( LENGTH_UNIT ( ) NAMED_UNIT ( * ) SI_UNIT ( .MILLI., .METRE. ) );
#3485 = CARTESIAN_POINT ( 'NONE',  ( -1.599999999999999201, 0.1750000000000054567, 0.02000000000000000042 ) ) ;
#3486 = FILL_AREA_STYLE_COLOUR ( '', #1945 ) ;
#3487 = CARTESIAN_POINT ( 'NONE',  ( 0.8250000000000001776, -1.989999999999999103, 0.02000000000000000042 ) ) ;
#3488 = CARTESIAN_POINT ( 'NONE',  ( 0.1749999999999998224, -1.989999999999999991, 0.02000000000000000042 ) ) ;
#3489 = ORIENTED_EDGE ( 'NONE', *, *, #1760, .F. ) ;
#3490 = DIRECTION ( 'NONE',  ( -0.0000000000000000000, -0.0000000000000000000, -1.000000000000000000 ) ) ;
#3491 = DIRECTION ( 'NONE',  ( 0.0000000000000000000, -0.0000000000000000000, -1.000000000000000000 ) ) ;
#3492 = DIRECTION ( 'NONE',  ( 1.011922027653137419E-14, 1.000000000000000000, 0.0000000000000000000 ) ) ;
#3493 = SURFACE_STYLE_FILL_AREA ( #594 ) ;
#3494 = EDGE_CURVE ( 'NONE', #4057, #3125, #1759, .T. ) ;
#3495 = VERTEX_POINT ( 'NONE', #47 ) ;
#3496 = FILL_AREA_STYLE_COLOUR ( '', #4872 ) ;
#3497 = VECTOR ( 'NONE', #3912, 1000.000000000000000 ) ;
#3498 = LINE ( 'NONE', #1925, #3497 ) ;
#3499 = ORIENTED_EDGE ( 'NONE', *, *, #969, .F. ) ;
#3500 = PRESENTATION_LAYER_ASSIGNMENT (  '', '', ( #432 ) ) ;
#3501 = VECTOR ( 'NONE', #1544, 1000.000000000000000 ) ;
#3502 = FILL_AREA_STYLE ('',( #558 ) ) ;
#3503 = STYLED_ITEM ( 'NONE', ( #3583 ), #1641 ) ;
#3504 = EDGE_CURVE ( 'NONE', #363, #2699, #4912, .T. ) ;
#3505 = ORIENTED_EDGE ( 'NONE', *, *, #1938, .F. ) ;
#3506 = EDGE_CURVE ( 'NONE', #836, #1524, #4967, .T. ) ;
#3507 = DIRECTION ( 'NONE',  ( 4.336808689942016947E-15, 1.000000000000000000, 0.0000000000000000000 ) ) ;
#3508 = PRESENTATION_LAYER_ASSIGNMENT (  '', '', ( #3330 ) ) ;
#3509 = VECTOR ( 'NONE', #78, 1000.000000000000000 ) ;
#3510 = CARTESIAN_POINT ( 'NONE',  ( 0.1750000000000138667, 1.999999999999998668, 0.2000000000000000111 ) ) ;
#3511 = VECTOR ( 'NONE', #3849, 1000.000000000000000 ) ;
#3512 = DIRECTION ( 'NONE',  ( -7.228014483236692019E-15, -1.000000000000000000, 0.0000000000000000000 ) ) ;
#3513 = VERTEX_POINT ( 'NONE', #2102 ) ;
#3514 =( NAMED_UNIT ( * ) PLANE_ANGLE_UNIT ( ) SI_UNIT ( $, .RADIAN. ) );
#3515 = PLANE ( 'NONE',  #31 ) ;
#3516 = FILL_AREA_STYLE_COLOUR ( '', #70 ) ;
#3517 = COLOUR_RGB ( '',0.7529411764705882248, 0.7529411764705882248, 0.7529411764705882248 ) ;
#3518 = AXIS2_PLACEMENT_3D ( 'NONE', #5111, #1914, #1543 ) ;
#3519 = UNCERTAINTY_MEASURE_WITH_UNIT (LENGTH_MEASURE( 1.000000000000000082E-05 ), #3984, 'distance_accuracy_value', 'NONE');
#3520 = SURFACE_SIDE_STYLE ('',( #2668 ) ) ;
#3521 = VERTEX_POINT ( 'NONE', #2075 ) ;
#3522 =( GEOMETRIC_REPRESENTATION_CONTEXT ( 3 ) GLOBAL_UNCERTAINTY_ASSIGNED_CONTEXT ( ( #3632 ) ) GLOBAL_UNIT_ASSIGNED_CONTEXT ( ( #1292, #4110, #2078 ) ) REPRESENTATION_CONTEXT ( 'NONE', 'WORKASPACE' ) );
#3523 = COLOUR_RGB ( '',0.7529411764705882248, 0.7529411764705882248, 0.7529411764705882248 ) ;
#3524 = PRESENTATION_STYLE_ASSIGNMENT (( #805 ) ) ;
#3525 = CARTESIAN_POINT ( 'NONE',  ( -0.1749999999999999056, -2.000000000000000000, 0.2000000000000000111 ) ) ;
#3526 = VECTOR ( 'NONE', #4685, 1000.000000000000000 ) ;
#3527 = DIRECTION ( 'NONE',  ( 1.000000000000000000, -3.523657060577890199E-15, 0.0000000000000000000 ) ) ;
#3528 = PLANE ( 'NONE',  #4862 ) ;
#3529 = VERTEX_POINT ( 'NONE', #2947 ) ;
#3530 =( GEOMETRIC_REPRESENTATION_CONTEXT ( 3 ) GLOBAL_UNCERTAINTY_ASSIGNED_CONTEXT ( ( #4550 ) ) GLOBAL_UNIT_ASSIGNED_CONTEXT ( ( #3684, #2878, #128 ) ) REPRESENTATION_CONTEXT ( 'NONE', 'WORKASPACE' ) );
#3531 = SURFACE_SIDE_STYLE ('',( #4367 ) ) ;
#3532 = VERTEX_POINT ( 'NONE', #903 ) ;
#3533 = DIRECTION ( 'NONE',  ( 0.0000000000000000000, -0.0000000000000000000, 1.000000000000000000 ) ) ;
#3534 = CARTESIAN_POINT ( 'NONE',  ( -0.8249999999999999556, -1.600000000000000089, 0.2000000000000000111 ) ) ;
#3535 = ORIENTED_EDGE ( 'NONE', *, *, #2529, .T. ) ;
#3536 = FACE_OUTER_BOUND ( 'NONE', #3987, .T. ) ;
#3537 = FILL_AREA_STYLE_COLOUR ( '', #2633 ) ;
#3538 = EDGE_CURVE ( 'NONE', #767, #5220, #1317, .T. ) ;
#3539 = CARTESIAN_POINT ( 'NONE',  ( 0.1750000000000111466, 1.599999999999998979, 0.02000000000000000042 ) ) ;
#3540 = EDGE_CURVE ( 'NONE', #2285, #4087, #3371, .T. ) ;
#3541 =( LENGTH_UNIT ( ) NAMED_UNIT ( * ) SI_UNIT ( .MILLI., .METRE. ) );
#3542 = VERTEX_POINT ( 'NONE', #2179 ) ;
#3543 = PLANE ( 'NONE',  #1655 ) ;
#3544 = ORIENTED_EDGE ( 'NONE', *, *, #3296, .T. ) ;
#3545 = CARTESIAN_POINT ( 'NONE',  ( -2.000000000000000444, -0.1749999999999932443, 0.0000000000000000000 ) ) ;
#3546 = AXIS2_PLACEMENT_3D ( 'NONE', #4070, #4887, #2094 ) ;
#3547 = EDGE_CURVE ( 'NONE', #2077, #3223, #1260, .T. ) ;
#3548 =( LENGTH_UNIT ( ) NAMED_UNIT ( * ) SI_UNIT ( .MILLI., .METRE. ) );
#3549 = VERTEX_POINT ( 'NONE', #3073 ) ;
#3550 = CARTESIAN_POINT ( 'NONE',  ( -2.000000000000003109, -0.8249999999999935163, 0.2000000000000000111 ) ) ;
#3551 = CARTESIAN_POINT ( 'NONE',  ( 1.599999999999988320, -1.125000000000016431, 0.0000000000000000000 ) ) ;
#3552 =( LENGTH_UNIT ( ) NAMED_UNIT ( * ) SI_UNIT ( .MILLI., .METRE. ) );
#3553 = DIRECTION ( 'NONE',  ( 1.000000000000000000, -1.084202172485504750E-14, 0.0000000000000000000 ) ) ;
#3554 = ORIENTED_EDGE ( 'NONE', *, *, #2558, .F. ) ;
#3555 = LINE ( 'NONE', #2398, #2656 ) ;
#3556 = ORIENTED_EDGE ( 'NONE', *, *, #2559, .T. ) ;
#3557 = DIRECTION ( 'NONE',  ( -3.614007241618348376E-15, -1.000000000000000000, 0.0000000000000000000 ) ) ;
#3558 = VERTEX_POINT ( 'NONE', #1851 ) ;
#3559 = COLOUR_RGB ( '',0.7529411764705882248, 0.7529411764705882248, 0.7529411764705882248 ) ;
#3560 = FACE_OUTER_BOUND ( 'NONE', #4662, .T. ) ;
#3561 = EDGE_LOOP ( 'NONE', ( #4640, #4708, #660, #3444, #4290, #4334, #1446, #4396, #4846, #220, #1955, #1473, #72, #3996, #3499, #795, #4874, #566, #4700, #1560, #862, #3694, #755, #2972, #319, #3343, #1768, #5172, #4230, #4609, #2619, #2242, #652, #2929, #3024, #4108, #4569, #1780, #4222, #2076, #4678, #1309, #415, #1953, #578, #2616, #4776, #1829, #401, #4739, #2691, #4755, #749, #5205, #2645, #1518, #1909, #2934, #2104, #205, #4936, #1963, #3895, #2092, #3274, #1180, #3640, #3394 ) ) ;
#3562 = CARTESIAN_POINT ( 'NONE',  ( 0.1749999999999998224, -1.989999999999999991, 0.02000000000000000042 ) ) ;
#3563 =( GEOMETRIC_REPRESENTATION_CONTEXT ( 3 ) GLOBAL_UNCERTAINTY_ASSIGNED_CONTEXT ( ( #2634 ) ) GLOBAL_UNIT_ASSIGNED_CONTEXT ( ( #4322, #4735, #5125 ) ) REPRESENTATION_CONTEXT ( 'NONE', 'WORKASPACE' ) );
#3564 = DIRECTION ( 'NONE',  ( 6.776263578034411390E-15, 1.000000000000000000, 0.0000000000000000000 ) ) ;
#3565 = CARTESIAN_POINT ( 'NONE',  ( 0.8250000000000111688, 1.599999999999994316, 0.0000000000000000000 ) ) ;
#3566 = PLANE ( 'NONE',  #1598 ) ;
#3567 = VECTOR ( 'NONE', #1118, 1000.000000000000000 ) ;
#3568 = CARTESIAN_POINT ( 'NONE',  ( -1.999999999999996225, 1.125000000000006661, 0.2000000000000000111 ) ) ;
#3569 = EDGE_LOOP ( 'NONE', ( #2343, #3733, #275, #1884 ) ) ;
#3570 = EDGE_CURVE ( 'NONE', #1110, #1556, #2269, .T. ) ;
#3571 = DIRECTION ( 'NONE',  ( -1.000000000000000000, 7.228014483236699908E-15, 0.0000000000000000000 ) ) ;
#3572 = UNCERTAINTY_MEASURE_WITH_UNIT (LENGTH_MEASURE( 1.000000000000000082E-05 ), #2471, 'distance_accuracy_value', 'NONE');
#3573 = FILL_AREA_STYLE_COLOUR ( '', #4127 ) ;
#3574 = ORIENTED_EDGE ( 'NONE', *, *, #3540, .T. ) ;
#3575 = ADVANCED_FACE ( 'NONE', ( #4707 ), #5033, .F. ) ;
#3576 = EDGE_CURVE ( 'NONE', #3542, #2877, #633, .T. ) ;
#3577 = SURFACE_SIDE_STYLE ('',( #5164 ) ) ;
#3578 = DIRECTION ( 'NONE',  ( -0.0000000000000000000, 0.0000000000000000000, -1.000000000000000000 ) ) ;
#3579 = CARTESIAN_POINT ( 'NONE',  ( 1.125000000000000000, -1.600000000000000089, 0.0000000000000000000 ) ) ;
#3580 = ORIENTED_EDGE ( 'NONE', *, *, #2858, .T. ) ;
#3581 = DIRECTION ( 'NONE',  ( 5.782411586589363555E-15, 1.000000000000000000, -0.0000000000000000000 ) ) ;
#3582 = ORIENTED_EDGE ( 'NONE', *, *, #2288, .F. ) ;
#3583 = PRESENTATION_STYLE_ASSIGNMENT (( #2 ) ) ;
#3584 = ORIENTED_EDGE ( 'NONE', *, *, #2980, .T. ) ;
#3585 = DIRECTION ( 'NONE',  ( -1.000000000000000000, 0.0000000000000000000, 0.0000000000000000000 ) ) ;
#3586 = ORIENTED_EDGE ( 'NONE', *, *, #2945, .F. ) ;
#3587 = CARTESIAN_POINT ( 'NONE',  ( 1.599999999999991429, -0.8250000000000166089, 0.0000000000000000000 ) ) ;
#3588 = PRESENTATION_STYLE_ASSIGNMENT (( #2372 ) ) ;
#3589 = CARTESIAN_POINT ( 'NONE',  ( 1.989999999999999547, 0.8249999999999796385, 0.9200000000000000400 ) ) ;
#3590 = CARTESIAN_POINT ( 'NONE',  ( -2.000000000000000444, -0.1749999999999932443, 0.2000000000000000111 ) ) ;
#3591 =( GEOMETRIC_REPRESENTATION_CONTEXT ( 3 ) GLOBAL_UNCERTAINTY_ASSIGNED_CONTEXT ( ( #4385 ) ) GLOBAL_UNIT_ASSIGNED_CONTEXT ( ( #2279, #3442, #4310 ) ) REPRESENTATION_CONTEXT ( 'NONE', 'WORKASPACE' ) );
#3592 = STYLED_ITEM ( 'NONE', ( #2214 ), #1514 ) ;
#3593 = PLANE ( 'NONE',  #3348 ) ;
#3594 = SURFACE_STYLE_USAGE ( .BOTH. , #1960 ) ;
#3595 = DIRECTION ( 'NONE',  ( -3.614007241618349165E-15, -1.000000000000000000, 0.0000000000000000000 ) ) ;
#3596 = PRESENTATION_LAYER_ASSIGNMENT (  '', '', ( #1126 ) ) ;
#3597 = VERTEX_POINT ( 'NONE', #2701 ) ;
#3598 =( LENGTH_UNIT ( ) NAMED_UNIT ( * ) SI_UNIT ( .MILLI., .METRE. ) );
#3599 = COLOUR_RGB ( '',0.7529411764705882248, 0.7529411764705882248, 0.7529411764705882248 ) ;
#3600 = COLOUR_RGB ( '',0.7529411764705882248, 0.7529411764705882248, 0.7529411764705882248 ) ;
#3601 = AXIS2_PLACEMENT_3D ( 'NONE', #3787, #120, #2572 ) ;
#3602 = STYLED_ITEM ( 'NONE', ( #2195 ), #2487 ) ;
#3603 = PRODUCT_DEFINITION ( 'UNKNOWN', '', #3270, #3745 ) ;
#3604 = DIRECTION ( 'NONE',  ( -7.047314121155780399E-15, -1.000000000000000000, 0.0000000000000000000 ) ) ;
#3605 = ORIENTED_EDGE ( 'NONE', *, *, #3720, .T. ) ;
#3606 = CARTESIAN_POINT ( 'NONE',  ( -1.999999999999998224, 0.4750000000000067502, 0.0000000000000000000 ) ) ;
#3607 =( NAMED_UNIT ( * ) SI_UNIT ( $, .STERADIAN. ) SOLID_ANGLE_UNIT ( ) );
#3608 = MECHANICAL_DESIGN_GEOMETRIC_PRESENTATION_REPRESENTATION (  '', ( #2919 ), #1985 ) ;
#3609 = EDGE_CURVE ( 'NONE', #3513, #2637, #5072, .T. ) ;
#3610 = EDGE_CURVE ( 'NONE', #291, #812, #1475, .T. ) ;
#3611 = COLOUR_RGB ( '',0.7529411764705882248, 0.7529411764705882248, 0.7529411764705882248 ) ;
#3612 =( GEOMETRIC_REPRESENTATION_CONTEXT ( 3 ) GLOBAL_UNCERTAINTY_ASSIGNED_CONTEXT ( ( #4330 ) ) GLOBAL_UNIT_ASSIGNED_CONTEXT ( ( #1678, #2470, #2901 ) ) REPRESENTATION_CONTEXT ( 'NONE', 'WORKASPACE' ) );
#3613 = VECTOR ( 'NONE', #4050, 1000.000000000000000 ) ;
#3614 = FILL_AREA_STYLE_COLOUR ( '', #1321 ) ;
#3615 = MECHANICAL_DESIGN_GEOMETRIC_PRESENTATION_REPRESENTATION (  '', ( #1824 ), #4800 ) ;
#3616 = SURFACE_STYLE_FILL_AREA ( #4071 ) ;
#3617 = MECHANICAL_DESIGN_GEOMETRIC_PRESENTATION_REPRESENTATION (  '', ( #4565 ), #634 ) ;
#3618 = VERTEX_POINT ( 'NONE', #654 ) ;
#3619 = CARTESIAN_POINT ( 'NONE',  ( -1.989999999999994440, -0.4749999999999932054, 0.02000000000000000042 ) ) ;
#3620 = DIRECTION ( 'NONE',  ( 0.0000000000000000000, 0.0000000000000000000, -1.000000000000000000 ) ) ;
#3621 =( LENGTH_UNIT ( ) NAMED_UNIT ( * ) SI_UNIT ( .MILLI., .METRE. ) );
#3622 = VECTOR ( 'NONE', #474, 1000.000000000000000 ) ;
#3623 = SURFACE_STYLE_USAGE ( .BOTH. , #4815 ) ;
#3624 = SURFACE_SIDE_STYLE ('',( #3159 ) ) ;
#3625 = SURFACE_STYLE_FILL_AREA ( #2440 ) ;
#3626 = ORIENTED_EDGE ( 'NONE', *, *, #3637, .T. ) ;
#3627 =( NAMED_UNIT ( * ) SI_UNIT ( $, .STERADIAN. ) SOLID_ANGLE_UNIT ( ) );
#3628 = CARTESIAN_POINT ( 'NONE',  ( -1.600000000000004086, -1.124999999999994449, 0.0000000000000000000 ) ) ;
#3629 = CARTESIAN_POINT ( 'NONE',  ( -1.989999999999976232, 1.600000000000012967, 0.02000000000000000042 ) ) ;
#3630 = ORIENTED_EDGE ( 'NONE', *, *, #2780, .T. ) ;
#3631 = LINE ( 'NONE', #691, #3102 ) ;
#3632 = UNCERTAINTY_MEASURE_WITH_UNIT (LENGTH_MEASURE( 1.000000000000000082E-05 ), #1292, 'distance_accuracy_value', 'NONE');
#3633 = VECTOR ( 'NONE', #2485, 1000.000000000000000 ) ;
#3634 = FILL_AREA_STYLE_COLOUR ( '', #5175 ) ;
#3635 = FACE_OUTER_BOUND ( 'NONE', #3032, .T. ) ;
#3636 = FILL_AREA_STYLE_COLOUR ( '', #2575 ) ;
#3637 = EDGE_CURVE ( 'NONE', #4732, #291, #240, .T. ) ;
#3638 = CARTESIAN_POINT ( 'NONE',  ( -1.999999999999998224, 0.4750000000000067502, 0.2000000000000000111 ) ) ;
#3639 =( LENGTH_UNIT ( ) NAMED_UNIT ( * ) SI_UNIT ( .MILLI., .METRE. ) );
#3640 = ORIENTED_EDGE ( 'NONE', *, *, #4624, .F. ) ;
#3641 = SURFACE_STYLE_FILL_AREA ( #737 ) ;
#3642 = SURFACE_STYLE_FILL_AREA ( #4047 ) ;
#3643 = ADVANCED_FACE ( 'NONE', ( #2291 ), #1087, .F. ) ;
#3644 = EDGE_CURVE ( 'NONE', #3856, #394, #2403, .T. ) ;
#3645 = CARTESIAN_POINT ( 'NONE',  ( -0.1749999999999888589, 1.600000000000001421, 0.2000000000000000111 ) ) ;
#3646 = VECTOR ( 'NONE', #76, 1000.000000000000000 ) ;
#3647 =( LENGTH_UNIT ( ) NAMED_UNIT ( * ) SI_UNIT ( .MILLI., .METRE. ) );
#3648 =( NAMED_UNIT ( * ) PLANE_ANGLE_UNIT ( ) SI_UNIT ( $, .RADIAN. ) );
#3649 = SURFACE_STYLE_USAGE ( .BOTH. , #3216 ) ;
#3650 = EDGE_LOOP ( 'NONE', ( #3055, #3843, #3586, #3473 ) ) ;
#3651 = SURFACE_SIDE_STYLE ('',( #450 ) ) ;
#3652 = UNCERTAINTY_MEASURE_WITH_UNIT (LENGTH_MEASURE( 1.000000000000000082E-05 ), #3114, 'distance_accuracy_value', 'NONE');
#3653 = LINE ( 'NONE', #1155, #2401 ) ;
#3654 = PRESENTATION_STYLE_ASSIGNMENT (( #1942 ) ) ;
#3655 = ORIENTED_EDGE ( 'NONE', *, *, #3269, .F. ) ;
#3656 = LINE ( 'NONE', #3300, #60 ) ;
#3657 = UNCERTAINTY_MEASURE_WITH_UNIT (LENGTH_MEASURE( 1.000000000000000082E-05 ), #3286, 'distance_accuracy_value', 'NONE');
#3658 = STYLED_ITEM ( 'NONE', ( #1765 ), #1271 ) ;
#3659 = CARTESIAN_POINT ( 'NONE',  ( -1.125000000000000000, -2.000000000000000000, 0.2000000000000000111 ) ) ;
#3660 = DIRECTION ( 'NONE',  ( 7.047314121155777243E-15, 1.000000000000000000, 0.0000000000000000000 ) ) ;
#3661 = VERTEX_POINT ( 'NONE', #3128 ) ;
#3662 = LINE ( 'NONE', #3283, #3622 ) ;
#3663 = EDGE_CURVE ( 'NONE', #1253, #5049, #3206, .T. ) ;
#3664 = DIRECTION ( 'NONE',  ( 0.0000000000000000000, -1.000000000000000000, 0.0000000000000000000 ) ) ;
#3665 = ORIENTED_EDGE ( 'NONE', *, *, #1664, .T. ) ;
#3666 = DIRECTION ( 'NONE',  ( 1.000000000000000000, 0.0000000000000000000, 0.0000000000000000000 ) ) ;
#3667 = SURFACE_STYLE_USAGE ( .BOTH. , #4857 ) ;
#3668 = CARTESIAN_POINT ( 'NONE',  ( 0.1750000000000000167, -2.000000000000000000, 0.0000000000000000000 ) ) ;
#3669 = PLANE ( 'NONE',  #4693 ) ;
#3670 = EDGE_CURVE ( 'NONE', #1397, #15, #4752, .T. ) ;
#3671 = ORIENTED_EDGE ( 'NONE', *, *, #3570, .F. ) ;
#3672 = ORIENTED_EDGE ( 'NONE', *, *, #945, .F. ) ;
#3673 = MECHANICAL_DESIGN_GEOMETRIC_PRESENTATION_REPRESENTATION (  '', ( #858 ), #3850 ) ;
#3674 = CARTESIAN_POINT ( 'NONE',  ( -0.4749999999999999778, -2.000000000000000000, 0.0000000000000000000 ) ) ;
#3675 = AXIS2_PLACEMENT_3D ( 'NONE', #4104, #2438, #2070 ) ;
#3676 = FILL_AREA_STYLE_COLOUR ( '', #3139 ) ;
#3677 = CARTESIAN_POINT ( 'NONE',  ( 1.989999999999999103, 1.989999999999999991, 0.02000000000000000042 ) ) ;
#3678 = FILL_AREA_STYLE ('',( #4086 ) ) ;
#3679 = VECTOR ( 'NONE', #854, 1000.000000000000000 ) ;
#3680 = VECTOR ( 'NONE', #4152, 1000.000000000000000 ) ;
#3681 = FILL_AREA_STYLE ('',( #773 ) ) ;
#3682 = VECTOR ( 'NONE', #344, 1000.000000000000000 ) ;
#3683 = DIRECTION ( 'NONE',  ( 5.421010862427523156E-16, -1.000000000000000000, 0.0000000000000000000 ) ) ;
#3684 =( LENGTH_UNIT ( ) NAMED_UNIT ( * ) SI_UNIT ( .MILLI., .METRE. ) );
#3685 = VECTOR ( 'NONE', #1442, 1000.000000000000000 ) ;
#3686 = PRESENTATION_STYLE_ASSIGNMENT (( #1337 ) ) ;
#3687 = MECHANICAL_DESIGN_GEOMETRIC_PRESENTATION_REPRESENTATION (  '', ( #3331 ), #1729 ) ;
#3688 = VECTOR ( 'NONE', #4605, 1000.000000000000000 ) ;
#3689 = PRESENTATION_LAYER_ASSIGNMENT (  '', '', ( #2995 ) ) ;
#3690 = UNCERTAINTY_MEASURE_WITH_UNIT (LENGTH_MEASURE( 1.000000000000000082E-05 ), #4088, 'distance_accuracy_value', 'NONE');
#3691 = VECTOR ( 'NONE', #529, 1000.000000000000000 ) ;
#3692 =( NAMED_UNIT ( * ) SI_UNIT ( $, .STERADIAN. ) SOLID_ANGLE_UNIT ( ) );
#3693 = VECTOR ( 'NONE', #2332, 1000.000000000000000 ) ;
#3694 = ORIENTED_EDGE ( 'NONE', *, *, #3637, .F. ) ;
#3695 = VECTOR ( 'NONE', #2202, 1000.000000000000000 ) ;
#3696 = SURFACE_STYLE_USAGE ( .BOTH. , #2400 ) ;
#3697 = MECHANICAL_DESIGN_GEOMETRIC_PRESENTATION_REPRESENTATION (  '', ( #3007 ), #3612 ) ;
#3698 = DIRECTION ( 'NONE',  ( 0.0000000000000000000, 0.0000000000000000000, -1.000000000000000000 ) ) ;
#3699 = CARTESIAN_POINT ( 'NONE',  ( 1.999999999999995337, -0.4750000000000206835, 0.2000000000000000111 ) ) ;
#3700 = ORIENTED_EDGE ( 'NONE', *, *, #409, .F. ) ;
#3701 = AXIS2_PLACEMENT_3D ( 'NONE', #1866, #92, #3491 ) ;
#3702 = MECHANICAL_DESIGN_GEOMETRIC_PRESENTATION_REPRESENTATION (  '', ( #3876 ), #1421 ) ;
#3703 = LINE ( 'NONE', #4157, #1597 ) ;
#3704 = FACE_OUTER_BOUND ( 'NONE', #2010, .T. ) ;
#3705 = CARTESIAN_POINT ( 'NONE',  ( -1.599999999999997202, 0.8250000000000053957, 0.02000000000000000042 ) ) ;
#3706 = SURFACE_STYLE_FILL_AREA ( #4860 ) ;
#3707 = CARTESIAN_POINT ( 'NONE',  ( -1.989999999999999991, 1.989999999999999991, 0.02000000000000000042 ) ) ;
#3708 = PRODUCT_DEFINITION_SHAPE ( 'NONE', 'NONE',  #3603 ) ;
#3709 = ORIENTED_EDGE ( 'NONE', *, *, #2882, .F. ) ;
#3710 = EDGE_LOOP ( 'NONE', ( #5030, #4799, #3797, #1658 ) ) ;
#3711 = DIRECTION ( 'NONE',  ( 0.0000000000000000000, 0.0000000000000000000, -1.000000000000000000 ) ) ;
#3712 = VECTOR ( 'NONE', #4471, 1000.000000000000000 ) ;
#3713 = ADVANCED_FACE ( 'NONE', ( #1954 ), #1612, .F. ) ;
#3714 = DIRECTION ( 'NONE',  ( 0.0000000000000000000, 0.0000000000000000000, -1.000000000000000000 ) ) ;
#3715 = UNCERTAINTY_MEASURE_WITH_UNIT (LENGTH_MEASURE( 1.000000000000000082E-05 ), #5203, 'distance_accuracy_value', 'NONE');
#3716 = CARTESIAN_POINT ( 'NONE',  ( 2.000000000000004885, 0.4749999999999792721, 0.0000000000000000000 ) ) ;
#3717 = EDGE_LOOP ( 'NONE', ( #4804, #5174, #1458, #2236 ) ) ;
#3718 = FILL_AREA_STYLE ('',( #422 ) ) ;
#3719 = FILL_AREA_STYLE_COLOUR ( '', #5037 ) ;
#3720 = EDGE_CURVE ( 'NONE', #981, #2623, #1636, .T. ) ;
#3721 = DIRECTION ( 'NONE',  ( 0.0000000000000000000, 0.0000000000000000000, 1.000000000000000000 ) ) ;
#3722 = UNCERTAINTY_MEASURE_WITH_UNIT (LENGTH_MEASURE( 1.000000000000000082E-05 ), #822, 'distance_accuracy_value', 'NONE');
#3723 = LINE ( 'NONE', #64, #5017 ) ;
#3724 = CARTESIAN_POINT ( 'NONE',  ( 1.599999999999998090, -0.1750000000000165312, 0.2000000000000000111 ) ) ;
#3725 = MECHANICAL_DESIGN_GEOMETRIC_PRESENTATION_REPRESENTATION (  '', ( #1694 ), #300 ) ;
#3726 = FACE_OUTER_BOUND ( 'NONE', #3710, .T. ) ;
#3727 = SURFACE_SIDE_STYLE ('',( #1711 ) ) ;
#3728 = STYLED_ITEM ( 'NONE', ( #2256 ), #303 ) ;
#3729 = LINE ( 'NONE', #2462, #2080 ) ;
#3730 = PRESENTATION_STYLE_ASSIGNMENT (( #4077 ) ) ;
#3731 = PLANE ( 'NONE',  #3788 ) ;
#3732 = FILL_AREA_STYLE ('',( #1372 ) ) ;
#3733 = ORIENTED_EDGE ( 'NONE', *, *, #4433, .T. ) ;
#3734 = ORIENTED_EDGE ( 'NONE', *, *, #572, .F. ) ;
#3735 = CARTESIAN_POINT ( 'NONE',  ( 1.989999999999999103, 1.989999999999999991, 0.1999999999999999833 ) ) ;
#3736 = PLANE ( 'NONE',  #4512 ) ;
#3737 = FILL_AREA_STYLE_COLOUR ( '', #2227 ) ;
#3738 = PRESENTATION_LAYER_ASSIGNMENT (  '', '', ( #2612 ) ) ;
#3739 = EDGE_CURVE ( 'NONE', #1398, #2268, #2433, .T. ) ;
#3740 = ORIENTED_EDGE ( 'NONE', *, *, #4597, .F. ) ;
#3741 = LINE ( 'NONE', #3299, #1586 ) ;
#3742 = CARTESIAN_POINT ( 'NONE',  ( 0.0000000000000000000, 0.0000000000000000000, 0.0000000000000000000 ) ) ;
#3743 = CARTESIAN_POINT ( 'NONE',  ( 1.350000000000000311, -1.350000000000000089, 0.05000000000000000278 ) ) ;
#3744 = CARTESIAN_POINT ( 'NONE',  ( -0.4749999999999999223, -1.989999999999999991, 0.02000000000000000042 ) ) ;
#3745 = PRODUCT_DEFINITION_CONTEXT ( 'detailed design', #2213, 'design' ) ;
#3746 = DIRECTION ( 'NONE',  ( 0.0000000000000000000, 0.0000000000000000000, 1.000000000000000000 ) ) ;
#3747 = ADVANCED_FACE ( 'NONE', ( #3560 ), #4485, .F. ) ;
#3748 = EDGE_CURVE ( 'NONE', #4570, #4830, #41, .T. ) ;
#3749 = VECTOR ( 'NONE', #466, 1000.000000000000000 ) ;
#3750 = CARTESIAN_POINT ( 'NONE',  ( 0.1750000000000111744, 1.599999999999998535, 0.2000000000000000111 ) ) ;
#3751 = LINE ( 'NONE', #829, #2304 ) ;
#3752 =( NAMED_UNIT ( * ) SI_UNIT ( $, .STERADIAN. ) SOLID_ANGLE_UNIT ( ) );
#3753 = VERTEX_POINT ( 'NONE', #3699 ) ;
#3754 = COLOUR_RGB ( '',0.7529411764705882248, 0.7529411764705882248, 0.7529411764705882248 ) ;
#3755 = CARTESIAN_POINT ( 'NONE',  ( -1.989999999999997327, -1.124999999999993339, 0.02000000000000000042 ) ) ;
#3756 = ORIENTED_EDGE ( 'NONE', *, *, #809, .F. ) ;
#3757 = SURFACE_STYLE_USAGE ( .BOTH. , #479 ) ;
#3758 = ORIENTED_EDGE ( 'NONE', *, *, #979, .T. ) ;
#3759 = ORIENTED_EDGE ( 'NONE', *, *, #4925, .T. ) ;
#3760 = DIRECTION ( 'NONE',  ( -1.000000000000000000, 0.0000000000000000000, -0.0000000000000000000 ) ) ;
#3761 = SURFACE_SIDE_STYLE ('',( #938 ) ) ;
#3762 = ORIENTED_EDGE ( 'NONE', *, *, #142, .F. ) ;
#3763 = FILL_AREA_STYLE ('',( #4190 ) ) ;
#3764 =( LENGTH_UNIT ( ) NAMED_UNIT ( * ) SI_UNIT ( .MILLI., .METRE. ) );
#3765 = COLOUR_RGB ( '',0.7529411764705882248, 0.7529411764705882248, 0.7529411764705882248 ) ;
#3766 = AXIS2_PLACEMENT_3D ( 'NONE', #1968, #2050, #334 ) ;
#3767 = PRESENTATION_LAYER_ASSIGNMENT (  '', '', ( #1045 ) ) ;
#3768 = LINE ( 'NONE', #2938, #4277 ) ;
#3769 =( LENGTH_UNIT ( ) NAMED_UNIT ( * ) SI_UNIT ( .MILLI., .METRE. ) );
#3770 = STYLED_ITEM ( 'NONE', ( #36 ), #3999 ) ;
#3771 = COLOUR_RGB ( '',0.7529411764705882248, 0.7529411764705882248, 0.7529411764705882248 ) ;
#3772 = PRESENTATION_LAYER_ASSIGNMENT (  '', '', ( #2826 ) ) ;
#3773 = EDGE_CURVE ( 'NONE', #3532, #2129, #1255, .T. ) ;
#3774 = EDGE_CURVE ( 'NONE', #3026, #1290, #4097, .T. ) ;
#3775 = SURFACE_SIDE_STYLE ('',( #894 ) ) ;
#3776 = SURFACE_SIDE_STYLE ('',( #161 ) ) ;
#3777 = PRESENTATION_LAYER_ASSIGNMENT (  '', '', ( #1319 ) ) ;
#3778 = COLOUR_RGB ( '',0.7529411764705882248, 0.7529411764705882248, 0.7529411764705882248 ) ;
#3779 = MECHANICAL_DESIGN_GEOMETRIC_PRESENTATION_REPRESENTATION (  '', ( #5026 ), #4948 ) ;
#3780 =( NAMED_UNIT ( * ) SI_UNIT ( $, .STERADIAN. ) SOLID_ANGLE_UNIT ( ) );
#3781 = CARTESIAN_POINT ( 'NONE',  ( -0.4749999999999999223, -1.989999999999999991, 0.02000000000000000042 ) ) ;
#3782 = DIRECTION ( 'NONE',  ( 0.0000000000000000000, 0.0000000000000000000, 1.000000000000000000 ) ) ;
#3783 = MECHANICAL_DESIGN_GEOMETRIC_PRESENTATION_REPRESENTATION (  '', ( #4946 ), #4202 ) ;
#3784 = ADVANCED_FACE ( 'NONE', ( #896 ), #2914, .F. ) ;
#3785 = ADVANCED_FACE ( 'NONE', ( #3726 ), #4959, .F. ) ;
#3786 = VERTEX_POINT ( 'NONE', #2940 ) ;
#3787 = CARTESIAN_POINT ( 'NONE',  ( -1.599999999999997202, 0.8250000000000053957, 0.2000000000000000111 ) ) ;
#3788 = AXIS2_PLACEMENT_3D ( 'NONE', #1876, #1395, #4260 ) ;
#3789 = VECTOR ( 'NONE', #4559, 1000.000000000000000 ) ;
#3790 = EDGE_LOOP ( 'NONE', ( #5006, #3372, #2889, #5056 ) ) ;
#3791 = LINE ( 'NONE', #4610, #1144 ) ;
#3792 = CARTESIAN_POINT ( 'NONE',  ( 1.125000000000011102, 1.599999999999992317, 0.0000000000000000000 ) ) ;
#3793 = DIRECTION ( 'NONE',  ( 0.0000000000000000000, -1.000000000000000000, 0.0000000000000000000 ) ) ;
#3794 = SURFACE_STYLE_FILL_AREA ( #3892 ) ;
#3795 = FILL_AREA_STYLE ('',( #1295 ) ) ;
#3796 = VECTOR ( 'NONE', #1946, 1000.000000000000000 ) ;
#3797 = ORIENTED_EDGE ( 'NONE', *, *, #2011, .T. ) ;
#3798 = DIRECTION ( 'NONE',  ( -6.776263578034400346E-15, -1.000000000000000000, -0.0000000000000000000 ) ) ;
#3799 = DIRECTION ( 'NONE',  ( -0.0000000000000000000, -0.0000000000000000000, -1.000000000000000000 ) ) ;
#3800 = CARTESIAN_POINT ( 'NONE',  ( 1.599999999999998090, -0.1750000000000165312, 0.0000000000000000000 ) ) ;
#3801 = DIRECTION ( 'NONE',  ( -0.0000000000000000000, -0.0000000000000000000, 1.000000000000000000 ) ) ;
#3802 = CARTESIAN_POINT ( 'NONE',  ( -1.989999999999999547, -1.989999999999999991, 0.1999999999999999833 ) ) ;
#3803 = EDGE_CURVE ( 'NONE', #2720, #1696, #2034, .T. ) ;
#3804 = ORIENTED_EDGE ( 'NONE', *, *, #2534, .F. ) ;
#3805 = CARTESIAN_POINT ( 'NONE',  ( -1.124999999999988676, 1.600000000000007860, 0.0000000000000000000 ) ) ;
#3806 = DIRECTION ( 'NONE',  ( -7.047314121155780399E-15, -1.000000000000000000, 0.0000000000000000000 ) ) ;
#3807 = ORIENTED_EDGE ( 'NONE', *, *, #1548, .T. ) ;
#3808 =( LENGTH_UNIT ( ) NAMED_UNIT ( * ) SI_UNIT ( .MILLI., .METRE. ) );
#3809 = AXIS2_PLACEMENT_3D ( 'NONE', #4089, #3845, #4668 ) ;
#3810 = DIRECTION ( 'NONE',  ( -0.0000000000000000000, -0.0000000000000000000, -1.000000000000000000 ) ) ;
#3811 = EDGE_CURVE ( 'NONE', #3521, #3661, #3258, .T. ) ;
#3812 = ORIENTED_EDGE ( 'NONE', *, *, #1873, .T. ) ;
#3813 =( LENGTH_UNIT ( ) NAMED_UNIT ( * ) SI_UNIT ( .MILLI., .METRE. ) );
#3814 = LINE ( 'NONE', #2183, #402 ) ;
#3815 = CARTESIAN_POINT ( 'NONE',  ( -1.989999999999999991, 1.989999999999999991, 0.9200000000000000400 ) ) ;
#3816 = CARTESIAN_POINT ( 'NONE',  ( -1.550000000000000044, 1.550000000000000044, 0.8699999999999999956 ) ) ;
#3817 =( LENGTH_UNIT ( ) NAMED_UNIT ( * ) SI_UNIT ( .MILLI., .METRE. ) );
#3818 = ORIENTED_EDGE ( 'NONE', *, *, #1961, .F. ) ;
#3819 = ORIENTED_EDGE ( 'NONE', *, *, #443, .F. ) ;
#3820 =( NAMED_UNIT ( * ) PLANE_ANGLE_UNIT ( ) SI_UNIT ( $, .RADIAN. ) );
#3821 = CARTESIAN_POINT ( 'NONE',  ( -1.599999999999996092, 1.125000000000004885, 0.02000000000000000042 ) ) ;
#3822 =( NAMED_UNIT ( * ) SI_UNIT ( $, .STERADIAN. ) SOLID_ANGLE_UNIT ( ) );
#3823 =( GEOMETRIC_REPRESENTATION_CONTEXT ( 3 ) GLOBAL_UNCERTAINTY_ASSIGNED_CONTEXT ( ( #3012 ) ) GLOBAL_UNIT_ASSIGNED_CONTEXT ( ( #4971, #4239, #3838 ) ) REPRESENTATION_CONTEXT ( 'NONE', 'WORKASPACE' ) );
#3824 = CARTESIAN_POINT ( 'NONE',  ( 0.4750000000000139666, 1.999999999999996669, 0.2000000000000000111 ) ) ;
#3825 = MECHANICAL_DESIGN_GEOMETRIC_PRESENTATION_REPRESENTATION (  '', ( #1632 ), #4429 ) ;
#3826 = LINE ( 'NONE', #1001, #1572 ) ;
#3827 = ORIENTED_EDGE ( 'NONE', *, *, #374, .F. ) ;
#3828 =( NAMED_UNIT ( * ) PLANE_ANGLE_UNIT ( ) SI_UNIT ( $, .RADIAN. ) );
#3829 = VECTOR ( 'NONE', #581, 1000.000000000000000 ) ;
#3830 = ORIENTED_EDGE ( 'NONE', *, *, #12, .F. ) ;
#3831 = DIRECTION ( 'NONE',  ( 0.0000000000000000000, 0.0000000000000000000, -1.000000000000000000 ) ) ;
#3832 = EDGE_CURVE ( 'NONE', #2699, #4595, #4697, .T. ) ;
#3833 = EDGE_LOOP ( 'NONE', ( #561, #3584, #1516, #1697 ) ) ;
#3834 = VECTOR ( 'NONE', #3156, 1000.000000000000000 ) ;
#3835 = FILL_AREA_STYLE ('',( #4344 ) ) ;
#3836 = ORIENTED_EDGE ( 'NONE', *, *, #298, .F. ) ;
#3837 = LINE ( 'NONE', #2182, #3526 ) ;
#3838 =( NAMED_UNIT ( * ) SI_UNIT ( $, .STERADIAN. ) SOLID_ANGLE_UNIT ( ) );
#3839 = FILL_AREA_STYLE ('',( #1738 ) ) ;
#3840 = EDGE_CURVE ( 'NONE', #4287, #3521, #3099, .T. ) ;
#3841 = EDGE_CURVE ( 'NONE', #530, #144, #2264, .T. ) ;
#3842 = ORIENTED_EDGE ( 'NONE', *, *, #3109, .T. ) ;
#3843 = ORIENTED_EDGE ( 'NONE', *, *, #550, .F. ) ;
#3844 = CARTESIAN_POINT ( 'NONE',  ( -1.989999999999999991, 1.989999999999999991, 0.1999999999999999833 ) ) ;
#3845 = DIRECTION ( 'NONE',  ( 0.0000000000000000000, 0.0000000000000000000, 1.000000000000000000 ) ) ;
#3846 = UNCERTAINTY_MEASURE_WITH_UNIT (LENGTH_MEASURE( 1.000000000000000082E-05 ), #2413, 'distance_accuracy_value', 'NONE');
#3847 = CARTESIAN_POINT ( 'NONE',  ( 1.125000000000000222, -1.989999999999999991, 0.9200000000000000400 ) ) ;
#3848 = ORIENTED_EDGE ( 'NONE', *, *, #3184, .F. ) ;
#3849 = DIRECTION ( 'NONE',  ( -1.000000000000000000, 1.084202172485504750E-14, 0.0000000000000000000 ) ) ;
#3850 =( GEOMETRIC_REPRESENTATION_CONTEXT ( 3 ) GLOBAL_UNCERTAINTY_ASSIGNED_CONTEXT ( ( #249 ) ) GLOBAL_UNIT_ASSIGNED_CONTEXT ( ( #554, #1391, #4229 ) ) REPRESENTATION_CONTEXT ( 'NONE', 'WORKASPACE' ) );
#3851 = VECTOR ( 'NONE', #4249, 1000.000000000000000 ) ;
#3852 = STYLED_ITEM ( 'NONE', ( #2340 ), #3973 ) ;
#3853 = VECTOR ( 'NONE', #3134, 1000.000000000000000 ) ;
#3854 = ORIENTED_EDGE ( 'NONE', *, *, #2780, .F. ) ;
#3855 =( NAMED_UNIT ( * ) SI_UNIT ( $, .STERADIAN. ) SOLID_ANGLE_UNIT ( ) );
#3856 = VERTEX_POINT ( 'NONE', #1027 ) ;
#3857 = FILL_AREA_STYLE ('',( #1796 ) ) ;
#3858 = VECTOR ( 'NONE', #1009, 1000.000000000000000 ) ;
#3859 = VERTEX_POINT ( 'NONE', #3020 ) ;
#3860 = SURFACE_STYLE_FILL_AREA ( #2620 ) ;
#3861 =( LENGTH_UNIT ( ) NAMED_UNIT ( * ) SI_UNIT ( .MILLI., .METRE. ) );
#3862 = ORIENTED_EDGE ( 'NONE', *, *, #2261, .T. ) ;
#3863 = STYLED_ITEM ( 'NONE', ( #4223 ), #4456 ) ;
#3864 = COLOUR_RGB ( '',0.7529411764705882248, 0.7529411764705882248, 0.7529411764705882248 ) ;
#3865 = ORIENTED_EDGE ( 'NONE', *, *, #3881, .F. ) ;
#3866 = SURFACE_STYLE_USAGE ( .BOTH. , #601 ) ;
#3867 = AXIS2_PLACEMENT_3D ( 'NONE', #219, #3005, #125 ) ;
#3868 = CARTESIAN_POINT ( 'NONE',  ( 1.599999999999988320, -1.125000000000016431, 0.2000000000000000111 ) ) ;
#3869 = DIRECTION ( 'NONE',  ( -6.979551485375436372E-15, -1.000000000000000000, 0.0000000000000000000 ) ) ;
#3870 = SURFACE_SIDE_STYLE ('',( #3431 ) ) ;
#3871 = FILL_AREA_STYLE_COLOUR ( '', #4453 ) ;
#3872 = ORIENTED_EDGE ( 'NONE', *, *, #3465, .T. ) ;
#3873 = LINE ( 'NONE', #3458, #4636 ) ;
#3874 = EDGE_CURVE ( 'NONE', #4066, #1819, #3384, .T. ) ;
#3875 = VECTOR ( 'NONE', #3395, 1000.000000000000000 ) ;
#3876 = STYLED_ITEM ( 'NONE', ( #929 ), #2719 ) ;
#3877 = CARTESIAN_POINT ( 'NONE',  ( 0.8250000000000000666, -1.600000000000000311, 0.2000000000000000111 ) ) ;
#3878 = AXIS2_PLACEMENT_3D ( 'NONE', #853, #1272, #1212 ) ;
#3879 = ORIENTED_EDGE ( 'NONE', *, *, #118, .F. ) ;
#3880 = CARTESIAN_POINT ( 'NONE',  ( -1.989999999999999991, 0.4750000000000066391, 0.9200000000000000400 ) ) ;
#3881 = EDGE_CURVE ( 'NONE', #4355, #3495, #185, .T. ) ;
#3882 = EDGE_CURVE ( 'NONE', #2660, #1508, #3908, .T. ) ;
#3883 = PLANE ( 'NONE',  #5112 ) ;
#3884 = CLOSED_SHELL ( 'NONE', ( #1701, #5135, #1539, #4494, #4456, #1271, #2624, #1784, #1907, #1579, #1641, #2071, #1514, #1278, #2464, #664, #1673, #3148, #2487, #2141, #3999, #3469, #3406, #4226, #3277, #3405, #2814, #3713, #2112, #303, #2587, #4879, #174, #2694, #3784, #1617, #1418, #3966, #2349, #2501, #2200, #4268, #703, #1168, #3135, #305, #1840, #4134, #410, #2718, #2455, #4259, #2591, #3973, #1235, #3338, #2689, #2719, #4144, #1705, #2815, #3928, #117, #1203, #236, #669, #4985, #4469, #3048, #941, #2084, #2552, #4233, #4831, #2232, #4333, #4067, #1377, #3370, #2863, #770, #1270, #4501, #1931, #1777, #4093, #1417, #1349, #4295, #5156, #4107, #2808, #4337, #5126, #2199, #2205, #3747, #2862, #3972, #5047, #3201, #3575, #3643, #1385, #3435, #4766, #2789, #4068, #3785, #803 ) ) ;
#3885 = CARTESIAN_POINT ( 'NONE',  ( -1.124999999999986233, 2.000000000000007994, 0.0000000000000000000 ) ) ;
#3886 = ORIENTED_EDGE ( 'NONE', *, *, #4987, .F. ) ;
#3887 = ORIENTED_EDGE ( 'NONE', *, *, #4838, .F. ) ;
#3888 = DIRECTION ( 'NONE',  ( -1.000000000000000000, -2.032879073410320321E-16, 0.0000000000000000000 ) ) ;
#3889 = ORIENTED_EDGE ( 'NONE', *, *, #1704, .F. ) ;
#3890 = LINE ( 'NONE', #3454, #4382 ) ;
#3891 = DIRECTION ( 'NONE',  ( -1.000000000000000000, 1.002887009549092390E-14, 0.0000000000000000000 ) ) ;
#3892 = FILL_AREA_STYLE ('',( #3478 ) ) ;
#3893 = VECTOR ( 'NONE', #521, 1000.000000000000000 ) ;
#3894 =( LENGTH_UNIT ( ) NAMED_UNIT ( * ) SI_UNIT ( .MILLI., .METRE. ) );
#3895 = ORIENTED_EDGE ( 'NONE', *, *, #1674, .F. ) ;
#3896 = LINE ( 'NONE', #1459, #3954 ) ;
#3897 = FACE_OUTER_BOUND ( 'NONE', #666, .T. ) ;
#3898 = FILL_AREA_STYLE ('',( #3516 ) ) ;
#3899 = DIRECTION ( 'NONE',  ( -0.0000000000000000000, -0.0000000000000000000, -1.000000000000000000 ) ) ;
#3900 = UNCERTAINTY_MEASURE_WITH_UNIT (LENGTH_MEASURE( 1.000000000000000082E-05 ), #1559, 'distance_accuracy_value', 'NONE');
#3901 = EDGE_CURVE ( 'NONE', #2441, #4774, #4279, .T. ) ;
#3902 = FILL_AREA_STYLE_COLOUR ( '', #4451 ) ;
#3903 = ORIENTED_EDGE ( 'NONE', *, *, #3018, .F. ) ;
#3904 = SURFACE_STYLE_USAGE ( .BOTH. , #3040 ) ;
#3905 = DIRECTION ( 'NONE',  ( 1.000000000000000000, -0.0000000000000000000, -0.0000000000000000000 ) ) ;
#3906 = EDGE_CURVE ( 'NONE', #1162, #48, #3467, .T. ) ;
#3907 = EDGE_CURVE ( 'NONE', #2623, #5131, #2594, .T. ) ;
#3908 = LINE ( 'NONE', #5066, #1216 ) ;
#3909 = EDGE_LOOP ( 'NONE', ( #4517, #4647, #1505, #2949 ) ) ;
#3910 = FACE_OUTER_BOUND ( 'NONE', #1108, .T. ) ;
#3911 = MECHANICAL_DESIGN_GEOMETRIC_PRESENTATION_REPRESENTATION (  '', ( #311 ), #2963 ) ;
#3912 = DIRECTION ( 'NONE',  ( 1.084202172485504276E-14, 1.000000000000000000, 0.0000000000000000000 ) ) ;
#3913 = ORIENTED_EDGE ( 'NONE', *, *, #714, .T. ) ;
#3914 = PLANE ( 'NONE',  #4042 ) ;
#3915 = ORIENTED_EDGE ( 'NONE', *, *, #4427, .T. ) ;
#3916 = CARTESIAN_POINT ( 'NONE',  ( -1.999999999999998224, 0.4750000000000067502, 0.2000000000000000111 ) ) ;
#3917 = FILL_AREA_STYLE_COLOUR ( '', #2196 ) ;
#3918 = CARTESIAN_POINT ( 'NONE',  ( -1.124999999999986233, 1.989999999999999991, 0.02000000000000000042 ) ) ;
#3919 =( NAMED_UNIT ( * ) PLANE_ANGLE_UNIT ( ) SI_UNIT ( $, .RADIAN. ) );
#3920 = ORIENTED_EDGE ( 'NONE', *, *, #2222, .T. ) ;
#3921 = LINE ( 'NONE', #1936, #1893 ) ;
#3922 =( NAMED_UNIT ( * ) PLANE_ANGLE_UNIT ( ) SI_UNIT ( $, .RADIAN. ) );
#3923 = SURFACE_STYLE_FILL_AREA ( #3898 ) ;
#3924 = LINE ( 'NONE', #2714, #440 ) ;
#3925 = ORIENTED_EDGE ( 'NONE', *, *, #330, .T. ) ;
#3926 = CARTESIAN_POINT ( 'NONE',  ( -1.600000000000001865, -0.4749999999999946487, 0.2000000000000000111 ) ) ;
#3927 = SURFACE_STYLE_USAGE ( .BOTH. , #1443 ) ;
#3928 = ADVANCED_FACE ( 'NONE', ( #1500 ), #625, .F. ) ;
#3929 = CARTESIAN_POINT ( 'NONE',  ( -1.989999999999999547, -1.600000000000000089, 0.02000000000000000042 ) ) ;
#3930 = PRESENTATION_STYLE_ASSIGNMENT (( #1551 ) ) ;
#3931 = VERTEX_POINT ( 'NONE', #2613 ) ;
#3932 = EDGE_CURVE ( 'NONE', #194, #3039, #2193, .T. ) ;
#3933 = STYLED_ITEM ( 'NONE', ( #3023 ), #1418 ) ;
#3934 = EDGE_CURVE ( 'NONE', #2745, #3401, #3826, .T. ) ;
#3935 = ORIENTED_EDGE ( 'NONE', *, *, #2231, .F. ) ;
#3936 = PRESENTATION_LAYER_ASSIGNMENT (  '', '', ( #434 ) ) ;
#3937 = DIRECTION ( 'NONE',  ( 1.000000000000000000, 0.0000000000000000000, 0.0000000000000000000 ) ) ;
#3938 = CARTESIAN_POINT ( 'NONE',  ( -0.4749999999999999778, -2.000000000000000000, 0.2000000000000000111 ) ) ;
#3939 = ORIENTED_EDGE ( 'NONE', *, *, #979, .F. ) ;
#3940 =( NAMED_UNIT ( * ) PLANE_ANGLE_UNIT ( ) SI_UNIT ( $, .RADIAN. ) );
#3941 = EDGE_CURVE ( 'NONE', #4895, #3856, #696, .T. ) ;
#3942 = PRESENTATION_LAYER_ASSIGNMENT (  '', '', ( #2910 ) ) ;
#3943 = VECTOR ( 'NONE', #786, 1000.000000000000000 ) ;
#3944 = LINE ( 'NONE', #5184, #3428 ) ;
#3945 = FACE_OUTER_BOUND ( 'NONE', #2680, .T. ) ;
#3946 = VECTOR ( 'NONE', #4209, 1000.000000000000000 ) ;
#3947 = FILL_AREA_STYLE ('',( #3871 ) ) ;
#3948 = ORIENTED_EDGE ( 'NONE', *, *, #477, .F. ) ;
#3949 = SURFACE_STYLE_USAGE ( .BOTH. , #4327 ) ;
#3950 = FILL_AREA_STYLE_COLOUR ( '', #2753 ) ;
#3951 = PRESENTATION_LAYER_ASSIGNMENT (  '', '', ( #4470 ) ) ;
#3952 = CARTESIAN_POINT ( 'NONE',  ( -0.1749999999999999889, -1.599999999999999867, 0.0000000000000000000 ) ) ;
#3953 = VECTOR ( 'NONE', #911, 1000.000000000000000 ) ;
#3954 = VECTOR ( 'NONE', #1072, 1000.000000000000000 ) ;
#3955 = CARTESIAN_POINT ( 'NONE',  ( -0.4749999999999999778, -2.000000000000000000, 0.2000000000000000111 ) ) ;
#3956 = VERTEX_POINT ( 'NONE', #312 ) ;
#3957 = VECTOR ( 'NONE', #876, 1000.000000000000000 ) ;
#3958 = DIRECTION ( 'NONE',  ( 1.000000000000000000, -0.0000000000000000000, -0.0000000000000000000 ) ) ;
#3959 = SURFACE_SIDE_STYLE ('',( #1825 ) ) ;
#3960 = CARTESIAN_POINT ( 'NONE',  ( -0.8249999999999999556, -1.600000000000000089, 0.0000000000000000000 ) ) ;
#3961 = FILL_AREA_STYLE ('',( #5167 ) ) ;
#3962 = ORIENTED_EDGE ( 'NONE', *, *, #1580, .F. ) ;
#3963 = CARTESIAN_POINT ( 'NONE',  ( -1.125000000000000000, -2.000000000000000000, 0.0000000000000000000 ) ) ;
#3964 = EDGE_LOOP ( 'NONE', ( #599, #905, #1065, #4919 ) ) ;
#3965 = ORIENTED_EDGE ( 'NONE', *, *, #4401, .T. ) ;
#3966 = ADVANCED_FACE ( 'NONE', ( #5143 ), #3528, .F. ) ;
#3967 = DIRECTION ( 'NONE',  ( -0.0000000000000000000, -0.0000000000000000000, -1.000000000000000000 ) ) ;
#3968 = ORIENTED_EDGE ( 'NONE', *, *, #2345, .T. ) ;
#3969 = DIRECTION ( 'NONE',  ( -0.0000000000000000000, -0.0000000000000000000, -1.000000000000000000 ) ) ;
#3970 = DIRECTION ( 'NONE',  ( -2.179300849217094331E-16, 1.000000000000000000, -0.0000000000000000000 ) ) ;
#3971 = CARTESIAN_POINT ( 'NONE',  ( -1.989999999999999547, -1.124999999999994005, 0.02000000000000000042 ) ) ;
#3972 = ADVANCED_FACE ( 'NONE', ( #376 ), #3229, .T. ) ;
#3973 = ADVANCED_FACE ( 'NONE', ( #777 ), #1920, .F. ) ;
#3974 = SURFACE_STYLE_FILL_AREA ( #4761 ) ;
#3975 = ORIENTED_EDGE ( 'NONE', *, *, #1477, .T. ) ;
#3976 = FILL_AREA_STYLE ('',( #3115 ) ) ;
#3977 = DIRECTION ( 'NONE',  ( -0.0000000000000000000, -0.0000000000000000000, -1.000000000000000000 ) ) ;
#3978 = LINE ( 'NONE', #2771, #4472 ) ;
#3979 = PRESENTATION_STYLE_ASSIGNMENT (( #4354 ) ) ;
#3980 = ORIENTED_EDGE ( 'NONE', *, *, #3269, .T. ) ;
#3981 = FILL_AREA_STYLE_COLOUR ( '', #1813 ) ;
#3982 = CARTESIAN_POINT ( 'NONE',  ( -1.599999999999998090, 0.4750000000000053624, 0.02000000000000000042 ) ) ;
#3983 = LINE ( 'NONE', #23, #2570 ) ;
#3984 =( LENGTH_UNIT ( ) NAMED_UNIT ( * ) SI_UNIT ( .MILLI., .METRE. ) );
#3985 = SURFACE_STYLE_FILL_AREA ( #3961 ) ;
#3986 = SURFACE_STYLE_USAGE ( .BOTH. , #288 ) ;
#3987 = EDGE_LOOP ( 'NONE', ( #3163, #1167, #2707, #2584 ) ) ;
#3988 = DIRECTION ( 'NONE',  ( 0.0000000000000000000, 1.000000000000000000, 0.0000000000000000000 ) ) ;
#3989 = ORIENTED_EDGE ( 'NONE', *, *, #4684, .F. ) ;
#3990 =( GEOMETRIC_REPRESENTATION_CONTEXT ( 3 ) GLOBAL_UNCERTAINTY_ASSIGNED_CONTEXT ( ( #4090 ) ) GLOBAL_UNIT_ASSIGNED_CONTEXT ( ( #302, #3138, #4742 ) ) REPRESENTATION_CONTEXT ( 'NONE', 'WORKASPACE' ) );
#3991 = SURFACE_SIDE_STYLE ('',( #3616 ) ) ;
#3992 = ORIENTED_EDGE ( 'NONE', *, *, #1204, .T. ) ;
#3993 = DIRECTION ( 'NONE',  ( -0.0000000000000000000, -0.0000000000000000000, -1.000000000000000000 ) ) ;
#3994 = CARTESIAN_POINT ( 'NONE',  ( -1.989999999999999547, -1.124999999999994005, 0.1999999999999999833 ) ) ;
#3995 = FILL_AREA_STYLE ('',( #2352 ) ) ;
#3996 = ORIENTED_EDGE ( 'NONE', *, *, #4969, .F. ) ;
#3997 =( NAMED_UNIT ( * ) SI_UNIT ( $, .STERADIAN. ) SOLID_ANGLE_UNIT ( ) );
#3998 =( NAMED_UNIT ( * ) PLANE_ANGLE_UNIT ( ) SI_UNIT ( $, .RADIAN. ) );
#3999 = ADVANCED_FACE ( 'NONE', ( #811 ), #399, .T. ) ;
#4000 = EDGE_CURVE ( 'NONE', #1306, #1998, #4478, .T. ) ;
#4001 = VECTOR ( 'NONE', #3869, 1000.000000000000000 ) ;
#4002 = UNCERTAINTY_MEASURE_WITH_UNIT (LENGTH_MEASURE( 1.000000000000000082E-05 ), #1622, 'distance_accuracy_value', 'NONE');
#4003 = LINE ( 'NONE', #54, #1821 ) ;
#4004 = ORIENTED_EDGE ( 'NONE', *, *, #3811, .F. ) ;
#4005 = MECHANICAL_DESIGN_GEOMETRIC_PRESENTATION_REPRESENTATION (  '', ( #1293 ), #326 ) ;
#4006 = DIRECTION ( 'NONE',  ( -7.047314121155776454E-15, -1.000000000000000000, 0.0000000000000000000 ) ) ;
#4007 = DIRECTION ( 'NONE',  ( 1.000000000000000000, 0.0000000000000000000, 0.0000000000000000000 ) ) ;
#4008 = FACE_OUTER_BOUND ( 'NONE', #3246, .T. ) ;
#4009 =( NAMED_UNIT ( * ) PLANE_ANGLE_UNIT ( ) SI_UNIT ( $, .RADIAN. ) );
#4010 = SURFACE_SIDE_STYLE ('',( #1131 ) ) ;
#4011 = CARTESIAN_POINT ( 'NONE',  ( -1.989999999999999991, 0.1750000000000067613, 0.02000000000000000042 ) ) ;
#4012 = ORIENTED_EDGE ( 'NONE', *, *, #4252, .T. ) ;
#4013 = VERTEX_POINT ( 'NONE', #2480 ) ;
#4014 = FILL_AREA_STYLE_COLOUR ( '', #182 ) ;
#4015 =( NAMED_UNIT ( * ) SI_UNIT ( $, .STERADIAN. ) SOLID_ANGLE_UNIT ( ) );
#4016 = LINE ( 'NONE', #3668, #2277 ) ;
#4017 = VECTOR ( 'NONE', #4633, 1000.000000000000000 ) ;
#4018 = CARTESIAN_POINT ( 'NONE',  ( -1.989999999999999547, -1.989999999999999991, 0.02000000000000000042 ) ) ;
#4019 = VECTOR ( 'NONE', #589, 1000.000000000000000 ) ;
#4020 = VECTOR ( 'NONE', #781, 1000.000000000000000 ) ;
#4021 = PRESENTATION_STYLE_ASSIGNMENT (( #1959 ) ) ;
#4022 = ORIENTED_EDGE ( 'NONE', *, *, #4401, .F. ) ;
#4023 =( NAMED_UNIT ( * ) PLANE_ANGLE_UNIT ( ) SI_UNIT ( $, .RADIAN. ) );
#4024 = PRESENTATION_LAYER_ASSIGNMENT (  '', '', ( #2392 ) ) ;
#4025 = STYLED_ITEM ( 'NONE', ( #191 ), #3575 ) ;
#4026 = PRESENTATION_LAYER_ASSIGNMENT (  '', '', ( #26 ) ) ;
#4027 = UNCERTAINTY_MEASURE_WITH_UNIT (LENGTH_MEASURE( 1.000000000000000082E-05 ), #500, 'distance_accuracy_value', 'NONE');
#4028 = FACE_BOUND ( 'NONE', #170, .T. ) ;
#4029 = DIRECTION ( 'NONE',  ( 1.000000000000000000, -2.710505431213761874E-15, -0.0000000000000000000 ) ) ;
#4030 = EDGE_CURVE ( 'NONE', #672, #1110, #4123, .T. ) ;
#4031 = ORIENTED_EDGE ( 'NONE', *, *, #3906, .F. ) ;
#4032 = FILL_AREA_STYLE ('',( #4058 ) ) ;
#4033 = MECHANICAL_DESIGN_GEOMETRIC_PRESENTATION_REPRESENTATION (  '', ( #793 ), #3433 ) ;
#4034 = AXIS2_PLACEMENT_3D ( 'NONE', #3816, #4666, #1015 ) ;
#4035 = AXIS2_PLACEMENT_3D ( 'NONE', #3164, #5159, #5132 ) ;
#4036 = COLOUR_RGB ( '',0.7529411764705882248, 0.7529411764705882248, 0.7529411764705882248 ) ;
#4037 = EDGE_CURVE ( 'NONE', #3753, #5192, #3723, .T. ) ;
#4038 = EDGE_CURVE ( 'NONE', #2285, #5012, #891, .T. ) ;
#4039 = SURFACE_SIDE_STYLE ('',( #2318 ) ) ;
#4040 = PRESENTATION_STYLE_ASSIGNMENT (( #339 ) ) ;
#4041 = AXIS2_PLACEMENT_3D ( 'NONE', #4102, #2039, #2098 ) ;
#4042 = AXIS2_PLACEMENT_3D ( 'NONE', #1799, #3420, #5031 ) ;
#4043 = FILL_AREA_STYLE ('',( #4095 ) ) ;
#4044 = CARTESIAN_POINT ( 'NONE',  ( 1.989999999999999547, -0.8250000000000167200, 0.1999999999999999833 ) ) ;
#4045 = STYLED_ITEM ( 'NONE', ( #5141 ), #5156 ) ;
#4046 = ORIENTED_EDGE ( 'NONE', *, *, #1196, .T. ) ;
#4047 = FILL_AREA_STYLE ('',( #2806 ) ) ;
#4048 = DIRECTION ( 'NONE',  ( -0.0000000000000000000, -0.0000000000000000000, -1.000000000000000000 ) ) ;
#4049 =( NAMED_UNIT ( * ) PLANE_ANGLE_UNIT ( ) SI_UNIT ( $, .RADIAN. ) );
#4050 = DIRECTION ( 'NONE',  ( -0.0000000000000000000, -0.0000000000000000000, -1.000000000000000000 ) ) ;
#4051 =( LENGTH_UNIT ( ) NAMED_UNIT ( * ) SI_UNIT ( .MILLI., .METRE. ) );
#4052 = VERTEX_POINT ( 'NONE', #88 ) ;
#4053 = CARTESIAN_POINT ( 'NONE',  ( -1.989999999999999547, -1.124999999999993561, 0.9200000000000000400 ) ) ;
#4054 = DIRECTION ( 'NONE',  ( 1.000000000000000000, 0.0000000000000000000, 0.0000000000000000000 ) ) ;
#4055 =( LENGTH_UNIT ( ) NAMED_UNIT ( * ) SI_UNIT ( .MILLI., .METRE. ) );
#4056 = DIRECTION ( 'NONE',  ( -1.000000000000000000, 1.029992063861229370E-14, -0.0000000000000000000 ) ) ;
#4057 = VERTEX_POINT ( 'NONE', #730 ) ;
#4058 = FILL_AREA_STYLE_COLOUR ( '', #3600 ) ;
#4059 = FACE_OUTER_BOUND ( 'NONE', #162, .T. ) ;
#4060 = VECTOR ( 'NONE', #857, 1000.000000000000000 ) ;
#4061 = DIRECTION ( 'NONE',  ( -1.029992063861229370E-14, -1.000000000000000000, 0.0000000000000000000 ) ) ;
#4062 = DIRECTION ( 'NONE',  ( 1.089650424608547166E-16, -1.000000000000000000, 0.0000000000000000000 ) ) ;
#4063 = EDGE_CURVE ( 'NONE', #5162, #363, #2029, .T. ) ;
#4064 = UNCERTAINTY_MEASURE_WITH_UNIT (LENGTH_MEASURE( 1.000000000000000082E-05 ), #3337, 'distance_accuracy_value', 'NONE');
#4065 =( NAMED_UNIT ( * ) PLANE_ANGLE_UNIT ( ) SI_UNIT ( $, .RADIAN. ) );
#4066 = VERTEX_POINT ( 'NONE', #3579 ) ;
#4067 = ADVANCED_FACE ( 'NONE', ( #4442 ), #3202, .F. ) ;
#4068 = ADVANCED_FACE ( 'NONE', ( #4883 ), #2395, .F. ) ;
#4069 = CARTESIAN_POINT ( 'NONE',  ( -0.4749999999999859890, 2.000000000000003553, 0.2000000000000000111 ) ) ;
#4070 = CARTESIAN_POINT ( 'NONE',  ( -1.550000000000000044, 1.550000000000000044, 0.9200000000000000400 ) ) ;
#4071 = FILL_AREA_STYLE ('',( #349 ) ) ;
#4072 = ORIENTED_EDGE ( 'NONE', *, *, #5043, .T. ) ;
#4073 = CARTESIAN_POINT ( 'NONE',  ( 1.989999999999999547, -0.8250000000000206057, 0.02000000000000000042 ) ) ;
#4074 =( NAMED_UNIT ( * ) SI_UNIT ( $, .STERADIAN. ) SOLID_ANGLE_UNIT ( ) );
#4075 = VECTOR ( 'NONE', #2221, 1000.000000000000000 ) ;
#4076 = FACE_OUTER_BOUND ( 'NONE', #2333, .T. ) ;
#4077 = SURFACE_STYLE_USAGE ( .BOTH. , #2100 ) ;
#4078 = SURFACE_SIDE_STYLE ('',( #2041 ) ) ;
#4079 = SURFACE_STYLE_USAGE ( .BOTH. , #1934 ) ;
#4080 =( GEOMETRIC_REPRESENTATION_CONTEXT ( 3 ) GLOBAL_UNCERTAINTY_ASSIGNED_CONTEXT ( ( #2424 ) ) GLOBAL_UNIT_ASSIGNED_CONTEXT ( ( #957, #218, #739 ) ) REPRESENTATION_CONTEXT ( 'NONE', 'WORKASPACE' ) );
#4081 = ORIENTED_EDGE ( 'NONE', *, *, #3538, .T. ) ;
#4082 = LINE ( 'NONE', #416, #2406 ) ;
#4083 = LINE ( 'NONE', #2000, #1855 ) ;
#4084 =( GEOMETRIC_REPRESENTATION_CONTEXT ( 3 ) GLOBAL_UNCERTAINTY_ASSIGNED_CONTEXT ( ( #4308 ) ) GLOBAL_UNIT_ASSIGNED_CONTEXT ( ( #4813, #1691, #789 ) ) REPRESENTATION_CONTEXT ( 'NONE', 'WORKASPACE' ) );
#4085 = UNCERTAINTY_MEASURE_WITH_UNIT (LENGTH_MEASURE( 1.000000000000000082E-05 ), #4426, 'distance_accuracy_value', 'NONE');
#4086 = FILL_AREA_STYLE_COLOUR ( '', #1232 ) ;
#4087 = VERTEX_POINT ( 'NONE', #1214 ) ;
#4088 =( LENGTH_UNIT ( ) NAMED_UNIT ( * ) SI_UNIT ( .MILLI., .METRE. ) );
#4089 = CARTESIAN_POINT ( 'NONE',  ( -1.550000000000000044, 1.550000000000000044, 0.8699999999999999956 ) ) ;
#4090 = UNCERTAINTY_MEASURE_WITH_UNIT (LENGTH_MEASURE( 1.000000000000000082E-05 ), #302, 'distance_accuracy_value', 'NONE');
#4091 = COLOUR_RGB ( '',0.7529411764705882248, 0.7529411764705882248, 0.7529411764705882248 ) ;
#4092 = PLANE ( 'NONE',  #2245 ) ;
#4093 = ADVANCED_FACE ( 'NONE', ( #3635 ), #2832, .F. ) ;
#4094 = EDGE_LOOP ( 'NONE', ( #215, #4824, #1733, #1727 ) ) ;
#4095 = FILL_AREA_STYLE_COLOUR ( '', #1401 ) ;
#4096 = ORIENTED_EDGE ( 'NONE', *, *, #1076, .F. ) ;
#4097 = LINE ( 'NONE', #1308, #4541 ) ;
#4098 = EDGE_CURVE ( 'NONE', #481, #1028, #1706, .T. ) ;
#4099 = VERTEX_POINT ( 'NONE', #1339 ) ;
#4100 = EDGE_CURVE ( 'NONE', #3753, #1190, #3751, .T. ) ;
#4101 = LINE ( 'NONE', #497, #698 ) ;
#4102 = CARTESIAN_POINT ( 'NONE',  ( 2.000000000000011546, 1.124999999999979350, 0.2000000000000000111 ) ) ;
#4103 = CARTESIAN_POINT ( 'NONE',  ( -1.599999999999996092, 1.125000000000005329, 0.0000000000000000000 ) ) ;
#4104 = CARTESIAN_POINT ( 'NONE',  ( -0.4749999999999999778, -2.000000000000000000, 0.2000000000000000111 ) ) ;
#4105 = FILL_AREA_STYLE_COLOUR ( '', #4716 ) ;
#4106 = CARTESIAN_POINT ( 'NONE',  ( -1.600000000000003197, -0.8249999999999947375, 0.0000000000000000000 ) ) ;
#4107 = ADVANCED_FACE ( 'NONE', ( #4602 ), #2058, .F. ) ;
#4108 = ORIENTED_EDGE ( 'NONE', *, *, #4252, .F. ) ;
#4109 = ORIENTED_EDGE ( 'NONE', *, *, #2389, .F. ) ;
#4110 =( NAMED_UNIT ( * ) PLANE_ANGLE_UNIT ( ) SI_UNIT ( $, .RADIAN. ) );
#4111 = STYLED_ITEM ( 'NONE', ( #475 ), #3784 ) ;
#4112 = MECHANICAL_DESIGN_GEOMETRIC_PRESENTATION_REPRESENTATION (  '', ( #434 ), #2477 ) ;
#4113 = DIRECTION ( 'NONE',  ( 8.031127203596329369E-17, -1.000000000000000000, 0.0000000000000000000 ) ) ;
#4114 = CARTESIAN_POINT ( 'NONE',  ( 0.1750000000000111744, 1.599999999999998535, 0.2000000000000000111 ) ) ;
#4115 = SURFACE_STYLE_USAGE ( .BOTH. , #1294 ) ;
#4116 = DIRECTION ( 'NONE',  ( 1.084202172485504434E-14, 1.000000000000000000, 0.0000000000000000000 ) ) ;
#4117 = AXIS2_PLACEMENT_3D ( 'NONE', #1633, #3233, #4854 ) ;
#4118 = FILL_AREA_STYLE ('',( #1648 ) ) ;
#4119 = LINE ( 'NONE', #2514, #3749 ) ;
#4120 = STYLED_ITEM ( 'NONE', ( #5007 ), #3643 ) ;
#4121 = PRESENTATION_STYLE_ASSIGNMENT (( #1684 ) ) ;
#4122 =( GEOMETRIC_REPRESENTATION_CONTEXT ( 3 ) GLOBAL_UNCERTAINTY_ASSIGNED_CONTEXT ( ( #3690 ) ) GLOBAL_UNIT_ASSIGNED_CONTEXT ( ( #4088, #2512, #3275 ) ) REPRESENTATION_CONTEXT ( 'NONE', 'WORKASPACE' ) );
#4123 = LINE ( 'NONE', #470, #4544 ) ;
#4124 = MECHANICAL_DESIGN_GEOMETRIC_PRESENTATION_REPRESENTATION (  '', ( #3083 ), #1226 ) ;
#4125 = EDGE_LOOP ( 'NONE', ( #4522, #727, #1922, #2429 ) ) ;
#4126 = CARTESIAN_POINT ( 'NONE',  ( -1.999999999999998224, 0.4750000000000067502, 0.0000000000000000000 ) ) ;
#4127 = COLOUR_RGB ( '',0.1254901960784313708, 0.1254901960784313708, 0.1254901960784313708 ) ;
#4128 = ORIENTED_EDGE ( 'NONE', *, *, #3332, .T. ) ;
#4129 = DIRECTION ( 'NONE',  ( -3.614007241618348376E-15, -1.000000000000000000, 0.0000000000000000000 ) ) ;
#4130 = ORIENTED_EDGE ( 'NONE', *, *, #4677, .F. ) ;
#4131 = LINE ( 'NONE', #2539, #874 ) ;
#4132 = VECTOR ( 'NONE', #2067, 1000.000000000000000 ) ;
#4133 = PRESENTATION_LAYER_ASSIGNMENT (  '', '', ( #468 ) ) ;
#4134 = ADVANCED_FACE ( 'NONE', ( #3362 ), #2537, .F. ) ;
#4135 = FILL_AREA_STYLE_COLOUR ( '', #4957 ) ;
#4136 = STYLED_ITEM ( 'NONE', ( #2165 ), #1016 ) ;
#4137 = CARTESIAN_POINT ( 'NONE',  ( 2.000000000000001776, 0.1749999999999792832, 0.2000000000000000111 ) ) ;
#4138 = FACE_OUTER_BOUND ( 'NONE', #5, .T. ) ;
#4139 = VERTEX_POINT ( 'NONE', #179 ) ;
#4140 = ORIENTED_EDGE ( 'NONE', *, *, #4146, .F. ) ;
#4141 = CARTESIAN_POINT ( 'NONE',  ( 0.1750000000000000167, -2.000000000000000000, 0.2000000000000000111 ) ) ;
#4142 =( NAMED_UNIT ( * ) SI_UNIT ( $, .STERADIAN. ) SOLID_ANGLE_UNIT ( ) );
#4143 =( NAMED_UNIT ( * ) PLANE_ANGLE_UNIT ( ) SI_UNIT ( $, .RADIAN. ) );
#4144 = ADVANCED_FACE ( 'NONE', ( #4672 ), #591, .F. ) ;
#4145 =( NAMED_UNIT ( * ) PLANE_ANGLE_UNIT ( ) SI_UNIT ( $, .RADIAN. ) );
#4146 = EDGE_CURVE ( 'NONE', #1290, #1687, #5087, .T. ) ;
#4147 = CARTESIAN_POINT ( 'NONE',  ( 1.125000000000011102, 1.599999999999992317, 0.2000000000000000111 ) ) ;
#4148 = ORIENTED_EDGE ( 'NONE', *, *, #5134, .F. ) ;
#4149 = DIRECTION ( 'NONE',  ( -1.000000000000000000, -5.421010862427523156E-16, 0.0000000000000000000 ) ) ;
#4150 = CARTESIAN_POINT ( 'NONE',  ( -1.989999999999999991, 1.989999999999999991, 0.02000000000000000042 ) ) ;
#4151 = LINE ( 'NONE', #515, #937 ) ;
#4152 = DIRECTION ( 'NONE',  ( 1.000000000000000000, 0.0000000000000000000, 0.0000000000000000000 ) ) ;
#4153 = DIRECTION ( 'NONE',  ( 0.0000000000000000000, 0.0000000000000000000, -1.000000000000000000 ) ) ;
#4154 = FILL_AREA_STYLE_COLOUR ( '', #780 ) ;
#4155 = SURFACE_STYLE_USAGE ( .BOTH. , #3776 ) ;
#4156 = ORIENTED_EDGE ( 'NONE', *, *, #1898, .T. ) ;
#4157 = CARTESIAN_POINT ( 'NONE',  ( 0.4750000000000139666, 1.999999999999996669, 0.2000000000000000111 ) ) ;
#4158 = PLANE ( 'NONE',  #5085 ) ;
#4159 = DIRECTION ( 'NONE',  ( -3.614007241618347587E-15, -1.000000000000000000, 0.0000000000000000000 ) ) ;
#4160 = ORIENTED_EDGE ( 'NONE', *, *, #5161, .F. ) ;
#4161 = SURFACE_STYLE_FILL_AREA ( #1325 ) ;
#4162 = SURFACE_SIDE_STYLE ('',( #2021 ) ) ;
#4163 =( GEOMETRIC_REPRESENTATION_CONTEXT ( 3 ) GLOBAL_UNCERTAINTY_ASSIGNED_CONTEXT ( ( #2167 ) ) GLOBAL_UNIT_ASSIGNED_CONTEXT ( ( #364, #5235, #4142 ) ) REPRESENTATION_CONTEXT ( 'NONE', 'WORKASPACE' ) );
#4164 = DIRECTION ( 'NONE',  ( 3.252606517456516063E-15, 1.000000000000000000, -0.0000000000000000000 ) ) ;
#4165 = VERTEX_POINT ( 'NONE', #2610 ) ;
#4166 =( NAMED_UNIT ( * ) SI_UNIT ( $, .STERADIAN. ) SOLID_ANGLE_UNIT ( ) );
#4167 = EDGE_CURVE ( 'NONE', #18, #3452, #3446, .T. ) ;
#4168 = EDGE_CURVE ( 'NONE', #2289, #5145, #4250, .T. ) ;
#4169 = DIRECTION ( 'NONE',  ( -0.0000000000000000000, -0.0000000000000000000, -1.000000000000000000 ) ) ;
#4170 = VECTOR ( 'NONE', #2728, 1000.000000000000000 ) ;
#4171 = DIRECTION ( 'NONE',  ( -1.000000000000000000, -0.0000000000000000000, -0.0000000000000000000 ) ) ;
#4172 = CARTESIAN_POINT ( 'NONE',  ( 1.999999999999995337, -0.4750000000000206835, 0.2000000000000000111 ) ) ;
#4173 = AXIS2_PLACEMENT_3D ( 'NONE', #4922, #4902, #4578 ) ;
#4174 = FILL_AREA_STYLE_COLOUR ( '', #1053 ) ;
#4175 = DIRECTION ( 'NONE',  ( -8.031127203596329369E-17, 1.000000000000000000, 0.0000000000000000000 ) ) ;
#4176 = ORIENTED_EDGE ( 'NONE', *, *, #2945, .T. ) ;
#4177 = AXIS2_PLACEMENT_3D ( 'NONE', #3477, #1533, #1481 ) ;
#4178 = DIRECTION ( 'NONE',  ( 1.000000000000000000, -5.782411586589362766E-15, 0.0000000000000000000 ) ) ;
#4179 = DIRECTION ( 'NONE',  ( -0.0000000000000000000, -0.0000000000000000000, -1.000000000000000000 ) ) ;
#4180 = ORIENTED_EDGE ( 'NONE', *, *, #861, .T. ) ;
#4181 =( NAMED_UNIT ( * ) PLANE_ANGLE_UNIT ( ) SI_UNIT ( $, .RADIAN. ) );
#4182 = ORIENTED_EDGE ( 'NONE', *, *, #3874, .T. ) ;
#4183 = ORIENTED_EDGE ( 'NONE', *, *, #1664, .F. ) ;
#4184 = PLANE ( 'NONE',  #1900 ) ;
#4185 = PRESENTATION_STYLE_ASSIGNMENT (( #3374 ) ) ;
#4186 = LINE ( 'NONE', #81, #3249 ) ;
#4187 = EDGE_LOOP ( 'NONE', ( #4072, #2772, #2811, #3605 ) ) ;
#4188 =( LENGTH_UNIT ( ) NAMED_UNIT ( * ) SI_UNIT ( .MILLI., .METRE. ) );
#4189 = VECTOR ( 'NONE', #3313, 1000.000000000000000 ) ;
#4190 = FILL_AREA_STYLE_COLOUR ( '', #4660 ) ;
#4191 = PRESENTATION_LAYER_ASSIGNMENT (  '', '', ( #858 ) ) ;
#4192 = EDGE_CURVE ( 'NONE', #2859, #2129, #1495, .T. ) ;
#4193 = LINE ( 'NONE', #1338, #4723 ) ;
#4194 =( GEOMETRIC_REPRESENTATION_CONTEXT ( 3 ) GLOBAL_UNCERTAINTY_ASSIGNED_CONTEXT ( ( #2770 ) ) GLOBAL_UNIT_ASSIGNED_CONTEXT ( ( #166, #4754, #3423 ) ) REPRESENTATION_CONTEXT ( 'NONE', 'WORKASPACE' ) );
#4195 = LINE ( 'NONE', #2611, #2386 ) ;
#4196 = CARTESIAN_POINT ( 'NONE',  ( -1.349999999999999867, -1.989999999999999991, 0.02000000000000000042 ) ) ;
#4197 = EDGE_CURVE ( 'NONE', #2573, #119, #4274, .T. ) ;
#4198 =( GEOMETRIC_REPRESENTATION_CONTEXT ( 3 ) GLOBAL_UNCERTAINTY_ASSIGNED_CONTEXT ( ( #4690 ) ) GLOBAL_UNIT_ASSIGNED_CONTEXT ( ( #4537, #841, #2871 ) ) REPRESENTATION_CONTEXT ( 'NONE', 'WORKASPACE' ) );
#4199 = CARTESIAN_POINT ( 'NONE',  ( 1.125000000000000222, -2.000000000000000000, 0.2000000000000000111 ) ) ;
#4200 = EDGE_LOOP ( 'NONE', ( #1827, #4343, #4236, #4281 ) ) ;
#4201 = CARTESIAN_POINT ( 'NONE',  ( -1.989999999999999547, -0.8249999999999941824, 0.02000000000000000042 ) ) ;
#4202 =( GEOMETRIC_REPRESENTATION_CONTEXT ( 3 ) GLOBAL_UNCERTAINTY_ASSIGNED_CONTEXT ( ( #3301 ) ) GLOBAL_UNIT_ASSIGNED_CONTEXT ( ( #4802, #4390, #5115 ) ) REPRESENTATION_CONTEXT ( 'NONE', 'WORKASPACE' ) );
#4203 = COLOUR_RGB ( '',0.7529411764705882248, 0.7529411764705882248, 0.7529411764705882248 ) ;
#4204 = AXIS2_PLACEMENT_3D ( 'NONE', #2072, #3087, #2734 ) ;
#4205 = CARTESIAN_POINT ( 'NONE',  ( 0.1750000000000000167, -1.600000000000000089, 0.0000000000000000000 ) ) ;
#4206 = ORIENTED_EDGE ( 'NONE', *, *, #1905, .F. ) ;
#4207 = PRESENTATION_STYLE_ASSIGNMENT (( #2571 ) ) ;
#4208 = AXIS2_PLACEMENT_3D ( 'NONE', #3218, #4328, #1200 ) ;
#4209 = DIRECTION ( 'NONE',  ( -1.000000000000000000, -0.0000000000000000000, -0.0000000000000000000 ) ) ;
#4210 = ORIENTED_EDGE ( 'NONE', *, *, #4506, .T. ) ;
#4211 = ORIENTED_EDGE ( 'NONE', *, *, #2787, .F. ) ;
#4212 = DIRECTION ( 'NONE',  ( 1.000000000000000000, 8.031127203596329369E-17, -0.0000000000000000000 ) ) ;
#4213 = LINE ( 'NONE', #3396, #2445 ) ;
#4214 = COLOUR_RGB ( '',0.7529411764705882248, 0.7529411764705882248, 0.7529411764705882248 ) ;
#4215 = CARTESIAN_POINT ( 'NONE',  ( 0.8250000000000136113, 1.989999999999999991, 0.02000000000000000042 ) ) ;
#4216 = MECHANICAL_DESIGN_GEOMETRIC_PRESENTATION_REPRESENTATION (  '', ( #893 ), #1995 ) ;
#4217 = SURFACE_STYLE_USAGE ( .BOTH. , #3870 ) ;
#4218 = SURFACE_STYLE_FILL_AREA ( #3795 ) ;
#4219 = LINE ( 'NONE', #4594, #4779 ) ;
#4220 = ORIENTED_EDGE ( 'NONE', *, *, #2650, .T. ) ;
#4221 = COLOUR_RGB ( '',0.7529411764705882248, 0.7529411764705882248, 0.7529411764705882248 ) ;
#4222 = ORIENTED_EDGE ( 'NONE', *, *, #5202, .F. ) ;
#4223 = PRESENTATION_STYLE_ASSIGNMENT (( #222 ) ) ;
#4224 = UNCERTAINTY_MEASURE_WITH_UNIT (LENGTH_MEASURE( 1.000000000000000082E-05 ), #1111, 'distance_accuracy_value', 'NONE');
#4225 = CARTESIAN_POINT ( 'NONE',  ( -0.4749999999999999778, -1.599999999999999867, 0.2000000000000000111 ) ) ;
#4226 = ADVANCED_FACE ( 'NONE', ( #1822 ), #667, .F. ) ;
#4227 = FILL_AREA_STYLE ('',( #4154 ) ) ;
#4228 = FACE_OUTER_BOUND ( 'NONE', #3909, .T. ) ;
#4229 =( NAMED_UNIT ( * ) SI_UNIT ( $, .STERADIAN. ) SOLID_ANGLE_UNIT ( ) );
#4230 = ORIENTED_EDGE ( 'NONE', *, *, #4030, .F. ) ;
#4231 = PRESENTATION_STYLE_ASSIGNMENT (( #1795 ) ) ;
#4232 = EDGE_CURVE ( 'NONE', #4013, #2803, #973, .T. ) ;
#4233 = ADVANCED_FACE ( 'NONE', ( #728 ), #4356, .F. ) ;
#4234 = VERTEX_POINT ( 'NONE', #3550 ) ;
#4235 =( NAMED_UNIT ( * ) PLANE_ANGLE_UNIT ( ) SI_UNIT ( $, .RADIAN. ) );
#4236 = ORIENTED_EDGE ( 'NONE', *, *, #85, .T. ) ;
#4237 = ORIENTED_EDGE ( 'NONE', *, *, #2035, .F. ) ;
#4238 = DIRECTION ( 'NONE',  ( -0.0000000000000000000, -0.0000000000000000000, -1.000000000000000000 ) ) ;
#4239 =( NAMED_UNIT ( * ) PLANE_ANGLE_UNIT ( ) SI_UNIT ( $, .RADIAN. ) );
#4240 =( NAMED_UNIT ( * ) SI_UNIT ( $, .STERADIAN. ) SOLID_ANGLE_UNIT ( ) );
#4241 = LINE ( 'NONE', #4612, #1742 ) ;
#4242 = DIRECTION ( 'NONE',  ( -0.0000000000000000000, -0.0000000000000000000, -1.000000000000000000 ) ) ;
#4243 = VERTEX_POINT ( 'NONE', #1122 ) ;
#4244 = ORIENTED_EDGE ( 'NONE', *, *, #2012, .F. ) ;
#4245 = DIRECTION ( 'NONE',  ( -1.000000000000000000, 0.0000000000000000000, 0.0000000000000000000 ) ) ;
#4246 = LINE ( 'NONE', #1861, #510 ) ;
#4247 = VECTOR ( 'NONE', #1764, 1000.000000000000000 ) ;
#4248 = FILL_AREA_STYLE ('',( #994 ) ) ;
#4249 = DIRECTION ( 'NONE',  ( -1.000000000000000000, 1.029992063861228897E-14, -0.0000000000000000000 ) ) ;
#4250 = LINE ( 'NONE', #1052, #264 ) ;
#4251 = VECTOR ( 'NONE', #4764, 1000.000000000000000 ) ;
#4252 = EDGE_CURVE ( 'NONE', #1262, #555, #3145, .T. ) ;
#4253 = CARTESIAN_POINT ( 'NONE',  ( -0.4749999999999859890, 2.000000000000003553, 0.2000000000000000111 ) ) ;
#4254 = ORIENTED_EDGE ( 'NONE', *, *, #3143, .T. ) ;
#4255 = VECTOR ( 'NONE', #2048, 1000.000000000000000 ) ;
#4256 = ORIENTED_EDGE ( 'NONE', *, *, #3841, .T. ) ;
#4257 = CARTESIAN_POINT ( 'NONE',  ( -1.125000000000010214, -1.990000000000005320, 0.02000000000000000042 ) ) ;
#4258 = ORIENTED_EDGE ( 'NONE', *, *, #3178, .T. ) ;
#4259 = ADVANCED_FACE ( 'NONE', ( #4769 ), #396, .F. ) ;
#4260 = DIRECTION ( 'NONE',  ( 0.0000000000000000000, -0.0000000000000000000, 1.000000000000000000 ) ) ;
#4261 =( GEOMETRIC_REPRESENTATION_CONTEXT ( 3 ) GLOBAL_UNCERTAINTY_ASSIGNED_CONTEXT ( ( #2055 ) ) GLOBAL_UNIT_ASSIGNED_CONTEXT ( ( #3110, #1932, #1171 ) ) REPRESENTATION_CONTEXT ( 'NONE', 'WORKASPACE' ) );
#4262 = DIRECTION ( 'NONE',  ( -0.0000000000000000000, -0.0000000000000000000, -1.000000000000000000 ) ) ;
#4263 = ORIENTED_EDGE ( 'NONE', *, *, #735, .T. ) ;
#4264 = VERTEX_POINT ( 'NONE', #3606 ) ;
#4265 = DIRECTION ( 'NONE',  ( -0.0000000000000000000, -0.0000000000000000000, -1.000000000000000000 ) ) ;
#4266 = FACE_OUTER_BOUND ( 'NONE', #4719, .T. ) ;
#4267 = FILL_AREA_STYLE ('',( #2550 ) ) ;
#4268 = ADVANCED_FACE ( 'NONE', ( #2798 ), #4467, .F. ) ;
#4269 = PRESENTATION_STYLE_ASSIGNMENT (( #3480 ) ) ;
#4270 = VERTEX_POINT ( 'NONE', #3358 ) ;
#4271 = UNCERTAINTY_MEASURE_WITH_UNIT (LENGTH_MEASURE( 1.000000000000000082E-05 ), #2022, 'distance_accuracy_value', 'NONE');
#4272 = LINE ( 'NONE', #281, #3501 ) ;
#4273 = VERTEX_POINT ( 'NONE', #461 ) ;
#4274 = LINE ( 'NONE', #3409, #1404 ) ;
#4275 =( LENGTH_UNIT ( ) NAMED_UNIT ( * ) SI_UNIT ( .MILLI., .METRE. ) );
#4276 = AXIS2_PLACEMENT_3D ( 'NONE', #406, #3664, #1344 ) ;
#4277 = VECTOR ( 'NONE', #4601, 1000.000000000000000 ) ;
#4278 = PRESENTATION_LAYER_ASSIGNMENT (  '', '', ( #3852 ) ) ;
#4279 = LINE ( 'NONE', #1826, #3155 ) ;
#4280 = COLOUR_RGB ( '',0.7529411764705882248, 0.7529411764705882248, 0.7529411764705882248 ) ;
#4281 = ORIENTED_EDGE ( 'NONE', *, *, #517, .T. ) ;
#4282 =( GEOMETRIC_REPRESENTATION_CONTEXT ( 3 ) GLOBAL_UNCERTAINTY_ASSIGNED_CONTEXT ( ( #1362 ) ) GLOBAL_UNIT_ASSIGNED_CONTEXT ( ( #3769, #2517, #1365 ) ) REPRESENTATION_CONTEXT ( 'NONE', 'WORKASPACE' ) );
#4283 = CARTESIAN_POINT ( 'NONE',  ( -1.125000000000000000, -1.989999999999999991, 0.02000000000000000042 ) ) ;
#4284 = VECTOR ( 'NONE', #3967, 1000.000000000000000 ) ;
#4285 = PRESENTATION_LAYER_ASSIGNMENT (  '', '', ( #2313 ) ) ;
#4286 =( GEOMETRIC_REPRESENTATION_CONTEXT ( 3 ) GLOBAL_UNCERTAINTY_ASSIGNED_CONTEXT ( ( #391 ) ) GLOBAL_UNIT_ASSIGNED_CONTEXT ( ( #3552, #1056, #259 ) ) REPRESENTATION_CONTEXT ( 'NONE', 'WORKASPACE' ) );
#4287 = VERTEX_POINT ( 'NONE', #5239 ) ;
#4288 = DIRECTION ( 'NONE',  ( 0.0000000000000000000, 1.000000000000000000, -0.0000000000000000000 ) ) ;
#4289 = DIRECTION ( 'NONE',  ( 2.032879073410320321E-16, -1.000000000000000000, 0.0000000000000000000 ) ) ;
#4290 = ORIENTED_EDGE ( 'NONE', *, *, #1547, .F. ) ;
#4291 = AXIS2_PLACEMENT_3D ( 'NONE', #4975, #4149, #3683 ) ;
#4292 =( NAMED_UNIT ( * ) SI_UNIT ( $, .STERADIAN. ) SOLID_ANGLE_UNIT ( ) );
#4293 = VECTOR ( 'NONE', #1513, 1000.000000000000000 ) ;
#4294 = PRESENTATION_STYLE_ASSIGNMENT (( #1453 ) ) ;
#4295 = ADVANCED_FACE ( 'NONE', ( #2088 ), #4875, .F. ) ;
#4296 = SURFACE_STYLE_FILL_AREA ( #2764 ) ;
#4297 = DIRECTION ( 'NONE',  ( -0.0000000000000000000, -0.0000000000000000000, -1.000000000000000000 ) ) ;
#4298 = PRESENTATION_LAYER_ASSIGNMENT (  '', '', ( #1502 ) ) ;
#4299 = COLOUR_RGB ( '',0.7529411764705882248, 0.7529411764705882248, 0.7529411764705882248 ) ;
#4300 = MECHANICAL_DESIGN_GEOMETRIC_PRESENTATION_REPRESENTATION (  '', ( #2750 ), #628 ) ;
#4301 = EDGE_LOOP ( 'NONE', ( #1916, #683, #904, #3001, #4909, #3106 ) ) ;
#4302 = PRESENTATION_STYLE_ASSIGNMENT (( #3949 ) ) ;
#4303 = FILL_AREA_STYLE_COLOUR ( '', #880 ) ;
#4304 = PRESENTATION_LAYER_ASSIGNMENT (  '', '', ( #1824 ) ) ;
#4305 =( LENGTH_UNIT ( ) NAMED_UNIT ( * ) SI_UNIT ( .MILLI., .METRE. ) );
#4306 = EDGE_CURVE ( 'NONE', #210, #2767, #3741, .T. ) ;
#4307 = CARTESIAN_POINT ( 'NONE',  ( 0.1750000000000137002, 1.989999999999999991, 0.02000000000000000042 ) ) ;
#4308 = UNCERTAINTY_MEASURE_WITH_UNIT (LENGTH_MEASURE( 1.000000000000000082E-05 ), #4813, 'distance_accuracy_value', 'NONE');
#4309 = AXIS2_PLACEMENT_3D ( 'NONE', #3742, #1334, #915 ) ;
#4310 =( NAMED_UNIT ( * ) SI_UNIT ( $, .STERADIAN. ) SOLID_ANGLE_UNIT ( ) );
#4311 = ORIENTED_EDGE ( 'NONE', *, *, #549, .F. ) ;
#4312 = FILL_AREA_STYLE ('',( #2672 ) ) ;
#4313 = FACE_OUTER_BOUND ( 'NONE', #2968, .T. ) ;
#4314 = DIRECTION ( 'NONE',  ( -1.000000000000000000, 0.0000000000000000000, 0.0000000000000000000 ) ) ;
#4315 = FILL_AREA_STYLE ('',( #163 ) ) ;
#4316 = DIRECTION ( 'NONE',  ( 0.0000000000000000000, -0.0000000000000000000, 1.000000000000000000 ) ) ;
#4317 = ORIENTED_EDGE ( 'NONE', *, *, #641, .F. ) ;
#4318 = SURFACE_SIDE_STYLE ('',( #5054 ) ) ;
#4319 = DIRECTION ( 'NONE',  ( 0.0000000000000000000, 0.0000000000000000000, 1.000000000000000000 ) ) ;
#4320 = EDGE_LOOP ( 'NONE', ( #785, #1613, #3100, #4148 ) ) ;
#4321 = DIRECTION ( 'NONE',  ( -2.179300849217094331E-16, 1.000000000000000000, -0.0000000000000000000 ) ) ;
#4322 =( LENGTH_UNIT ( ) NAMED_UNIT ( * ) SI_UNIT ( .MILLI., .METRE. ) );
#4323 = LINE ( 'NONE', #1958, #1555 ) ;
#4324 =( LENGTH_UNIT ( ) NAMED_UNIT ( * ) SI_UNIT ( .MILLI., .METRE. ) );
#4325 = FILL_AREA_STYLE ('',( #2933 ) ) ;
#4326 = ORIENTED_EDGE ( 'NONE', *, *, #4000, .T. ) ;
#4327 = SURFACE_SIDE_STYLE ('',( #2686 ) ) ;
#4328 = DIRECTION ( 'NONE',  ( -1.000000000000000000, -2.179300849217094085E-16, 0.0000000000000000000 ) ) ;
#4329 = SURFACE_STYLE_USAGE ( .BOTH. , #4795 ) ;
#4330 = UNCERTAINTY_MEASURE_WITH_UNIT (LENGTH_MEASURE( 1.000000000000000082E-05 ), #1678, 'distance_accuracy_value', 'NONE');
#4331 = LINE ( 'NONE', #5084, #463 ) ;
#4332 = LINE ( 'NONE', #2636, #3245 ) ;
#4333 = ADVANCED_FACE ( 'NONE', ( #2533 ), #2134, .F. ) ;
#4334 = ORIENTED_EDGE ( 'NONE', *, *, #702, .F. ) ;
#4335 = LINE ( 'NONE', #3447, #3352 ) ;
#4336 = VECTOR ( 'NONE', #1201, 1000.000000000000000 ) ;
#4337 = ADVANCED_FACE ( 'NONE', ( #1410 ), #4648, .T. ) ;
#4338 = DIRECTION ( 'NONE',  ( -1.000000000000000000, 7.228014483236695175E-15, -0.0000000000000000000 ) ) ;
#4339 = ORIENTED_EDGE ( 'NONE', *, *, #4528, .T. ) ;
#4340 = DIRECTION ( 'NONE',  ( 0.0000000000000000000, 0.0000000000000000000, -1.000000000000000000 ) ) ;
#4341 = VECTOR ( 'NONE', #45, 1000.000000000000000 ) ;
#4342 =( NAMED_UNIT ( * ) PLANE_ANGLE_UNIT ( ) SI_UNIT ( $, .RADIAN. ) );
#4343 = ORIENTED_EDGE ( 'NONE', *, *, #1038, .T. ) ;
#4344 = FILL_AREA_STYLE_COLOUR ( '', #5025 ) ;
#4345 = ORIENTED_EDGE ( 'NONE', *, *, #229, .F. ) ;
#4346 = CARTESIAN_POINT ( 'NONE',  ( 1.989999999999999103, 1.989999999999999991, 0.02000000000000000042 ) ) ;
#4347 = DIRECTION ( 'NONE',  ( 1.000000000000000000, -3.320369153236854174E-15, -0.0000000000000000000 ) ) ;
#4348 = DIRECTION ( 'NONE',  ( 1.000000000000000000, -4.336808689942017736E-15, 0.0000000000000000000 ) ) ;
#4349 = SURFACE_STYLE_FILL_AREA ( #2350 ) ;
#4350 = COLOUR_RGB ( '',0.1254901960784313708, 0.1254901960784313708, 0.1254901960784313708 ) ;
#4351 = EDGE_LOOP ( 'NONE', ( #1951, #4206, #4705, #2841, #2397, #4575, #843, #2019, #4422, #3010, #523, #3812, #1484, #2024, #1030, #4220, #3804, #1393, #3939, #4809 ) ) ;
#4352 = VERTEX_POINT ( 'NONE', #1461 ) ;
#4353 = CARTESIAN_POINT ( 'NONE',  ( -0.4749999999999860445, 1.989999999999999991, 0.02000000000000000042 ) ) ;
#4354 = SURFACE_STYLE_USAGE ( .BOTH. , #3142 ) ;
#4355 = VERTEX_POINT ( 'NONE', #1073 ) ;
#4356 = PLANE ( 'NONE',  #971 ) ;
#4357 = LINE ( 'NONE', #1550, #2799 ) ;
#4358 = EDGE_CURVE ( 'NONE', #1409, #1370, #4617, .T. ) ;
#4359 = DIRECTION ( 'NONE',  ( 1.000000000000000000, -1.043544591017298964E-14, 0.0000000000000000000 ) ) ;
#4360 =( LENGTH_UNIT ( ) NAMED_UNIT ( * ) SI_UNIT ( .MILLI., .METRE. ) );
#4361 = VERTEX_POINT ( 'NONE', #4667 ) ;
#4362 =( LENGTH_UNIT ( ) NAMED_UNIT ( * ) SI_UNIT ( .MILLI., .METRE. ) );
#4363 = PRESENTATION_LAYER_ASSIGNMENT (  '', '', ( #2144 ) ) ;
#4364 = PRESENTATION_LAYER_ASSIGNMENT (  '', '', ( #2297 ) ) ;
#4365 = VERTEX_POINT ( 'NONE', #3437 ) ;
#4366 = EDGE_CURVE ( 'NONE', #1556, #2583, #4993, .T. ) ;
#4367 = SURFACE_STYLE_FILL_AREA ( #1448 ) ;
#4368 = ORIENTED_EDGE ( 'NONE', *, *, #3445, .T. ) ;
#4369 =( GEOMETRIC_REPRESENTATION_CONTEXT ( 3 ) GLOBAL_UNCERTAINTY_ASSIGNED_CONTEXT ( ( #1249 ) ) GLOBAL_UNIT_ASSIGNED_CONTEXT ( ( #1184, #2452, #1722 ) ) REPRESENTATION_CONTEXT ( 'NONE', 'WORKASPACE' ) );
#4370 = VECTOR ( 'NONE', #1277, 1000.000000000000000 ) ;
#4371 = ORIENTED_EDGE ( 'NONE', *, *, #1304, .F. ) ;
#4372 = MECHANICAL_DESIGN_GEOMETRIC_PRESENTATION_REPRESENTATION (  '', ( #353 ), #3168 ) ;
#4373 = STYLED_ITEM ( 'NONE', ( #91 ), #2349 ) ;
#4374 = CARTESIAN_POINT ( 'NONE',  ( -0.4749999999999999223, -1.599999999999999867, 0.02000000000000000042 ) ) ;
#4375 = VECTOR ( 'NONE', #4675, 1000.000000000000000 ) ;
#4376 = LINE ( 'NONE', #4814, #3834 ) ;
#4377 = DIRECTION ( 'NONE',  ( 0.0000000000000000000, 0.0000000000000000000, -1.000000000000000000 ) ) ;
#4378 = STYLED_ITEM ( 'NONE', ( #2052 ), #4295 ) ;
#4379 = VECTOR ( 'NONE', #5154, 1000.000000000000000 ) ;
#4380 = FACE_OUTER_BOUND ( 'NONE', #4351, .T. ) ;
#4381 = SURFACE_STYLE_USAGE ( .BOTH. , #2710 ) ;
#4382 = VECTOR ( 'NONE', #4238, 1000.000000000000000 ) ;
#4383 = PLANE ( 'NONE',  #2204 ) ;
#4384 = MECHANICAL_DESIGN_GEOMETRIC_PRESENTATION_REPRESENTATION (  '', ( #1892 ), #972 ) ;
#4385 = UNCERTAINTY_MEASURE_WITH_UNIT (LENGTH_MEASURE( 1.000000000000000082E-05 ), #2279, 'distance_accuracy_value', 'NONE');
#4386 = FILL_AREA_STYLE ('',( #3573 ) ) ;
#4387 = VERTEX_POINT ( 'NONE', #1044 ) ;
#4388 = PRESENTATION_LAYER_ASSIGNMENT (  '', '', ( #1149 ) ) ;
#4389 = AXIS2_PLACEMENT_3D ( 'NONE', #2154, #4892, #1758 ) ;
#4390 =( NAMED_UNIT ( * ) PLANE_ANGLE_UNIT ( ) SI_UNIT ( $, .RADIAN. ) );
#4391 = DIRECTION ( 'NONE',  ( 1.000000000000000000, -1.084202172485504750E-14, 0.0000000000000000000 ) ) ;
#4392 = LINE ( 'NONE', #2338, #4954 ) ;
#4393 = PRESENTATION_LAYER_ASSIGNMENT (  '', '', ( #5038 ) ) ;
#4394 = SURFACE_SIDE_STYLE ('',( #5166 ) ) ;
#4395 = EDGE_CURVE ( 'NONE', #3597, #1143, #541, .T. ) ;
#4396 = ORIENTED_EDGE ( 'NONE', *, *, #2345, .F. ) ;
#4397 = VERTEX_POINT ( 'NONE', #2632 ) ;
#4398 = LINE ( 'NONE', #4283, #3165 ) ;
#4399 = EDGE_LOOP ( 'NONE', ( #2207, #1318, #3992, #2708 ) ) ;
#4400 = FILL_AREA_STYLE ('',( #2369 ) ) ;
#4401 = EDGE_CURVE ( 'NONE', #1375, #2600, #3873, .T. ) ;
#4402 = ORIENTED_EDGE ( 'NONE', *, *, #1136, .T. ) ;
#4403 = EDGE_CURVE ( 'NONE', #5192, #3618, #173, .T. ) ;
#4404 = FILL_AREA_STYLE ('',( #3154 ) ) ;
#4405 = LINE ( 'NONE', #1148, #2396 ) ;
#4406 = DIRECTION ( 'NONE',  ( 6.505213034913026604E-15, 1.000000000000000000, -0.0000000000000000000 ) ) ;
#4407 = SURFACE_STYLE_FILL_AREA ( #1567 ) ;
#4408 = ORIENTED_EDGE ( 'NONE', *, *, #3049, .T. ) ;
#4409 = PRESENTATION_STYLE_ASSIGNMENT (( #2377 ) ) ;
#4410 = CARTESIAN_POINT ( 'NONE',  ( -1.350000000000000089, 1.350000000000000089, 0.0000000000000000000 ) ) ;
#4411 = FACE_OUTER_BOUND ( 'NONE', #4125, .T. ) ;
#4412 = ORIENTED_EDGE ( 'NONE', *, *, #3941, .T. ) ;
#4413 = PRESENTATION_LAYER_ASSIGNMENT (  '', '', ( #3728 ) ) ;
#4414 = CARTESIAN_POINT ( 'NONE',  ( -0.4749999999999859890, 2.000000000000003553, 0.0000000000000000000 ) ) ;
#4415 = DIRECTION ( 'NONE',  ( -1.000000000000000000, 3.523657060577888227E-15, 0.0000000000000000000 ) ) ;
#4416 = SURFACE_STYLE_FILL_AREA ( #4773 ) ;
#4417 = ORIENTED_EDGE ( 'NONE', *, *, #4812, .F. ) ;
#4418 = LINE ( 'NONE', #1217, #3682 ) ;
#4419 = ORIENTED_EDGE ( 'NONE', *, *, #1004, .T. ) ;
#4420 = VECTOR ( 'NONE', #2898, 1000.000000000000000 ) ;
#4421 = CARTESIAN_POINT ( 'NONE',  ( -1.989999999999987335, -0.8249999999999796385, 0.02000000000000000042 ) ) ;
#4422 = ORIENTED_EDGE ( 'NONE', *, *, #832, .F. ) ;
#4423 = CARTESIAN_POINT ( 'NONE',  ( 1.999999999999988232, -1.125000000000020650, 0.2000000000000000111 ) ) ;
#4424 = AXIS2_PLACEMENT_3D ( 'NONE', #1833, #5152, #3131 ) ;
#4425 = FILL_AREA_STYLE ('',( #3237 ) ) ;
#4426 =( LENGTH_UNIT ( ) NAMED_UNIT ( * ) SI_UNIT ( .MILLI., .METRE. ) );
#4427 = EDGE_CURVE ( 'NONE', #1819, #2641, #154, .T. ) ;
#4428 = DIRECTION ( 'NONE',  ( -0.0000000000000000000, -0.0000000000000000000, -1.000000000000000000 ) ) ;
#4429 =( GEOMETRIC_REPRESENTATION_CONTEXT ( 3 ) GLOBAL_UNCERTAINTY_ASSIGNED_CONTEXT ( ( #1649 ) ) GLOBAL_UNIT_ASSIGNED_CONTEXT ( ( #3764, #827, #2053 ) ) REPRESENTATION_CONTEXT ( 'NONE', 'WORKASPACE' ) );
#4430 = PLANE ( 'NONE',  #1320 ) ;
#4431 = LINE ( 'NONE', #1645, #580 ) ;
#4432 =( GEOMETRIC_REPRESENTATION_CONTEXT ( 3 ) GLOBAL_UNCERTAINTY_ASSIGNED_CONTEXT ( ( #4622 ) ) GLOBAL_UNIT_ASSIGNED_CONTEXT ( ( #4845, #4143, #1238 ) ) REPRESENTATION_CONTEXT ( 'NONE', 'WORKASPACE' ) );
#4433 = EDGE_CURVE ( 'NONE', #3152, #1105, #2661, .T. ) ;
#4434 = UNCERTAINTY_MEASURE_WITH_UNIT (LENGTH_MEASURE( 1.000000000000000082E-05 ), #3315, 'distance_accuracy_value', 'NONE');
#4435 =( NAMED_UNIT ( * ) SI_UNIT ( $, .STERADIAN. ) SOLID_ANGLE_UNIT ( ) );
#4436 = SURFACE_STYLE_FILL_AREA ( #3681 ) ;
#4437 = VERTEX_POINT ( 'NONE', #5041 ) ;
#4438 = FILL_AREA_STYLE_COLOUR ( '', #547 ) ;
#4439 =( LENGTH_UNIT ( ) NAMED_UNIT ( * ) SI_UNIT ( .MILLI., .METRE. ) );
#4440 = UNCERTAINTY_MEASURE_WITH_UNIT (LENGTH_MEASURE( 1.000000000000000082E-05 ), #1420, 'distance_accuracy_value', 'NONE');
#4441 = FILL_AREA_STYLE_COLOUR ( '', #984 ) ;
#4442 = FACE_OUTER_BOUND ( 'NONE', #4301, .T. ) ;
#4443 = PRESENTATION_STYLE_ASSIGNMENT (( #3696 ) ) ;
#4444 = ORIENTED_EDGE ( 'NONE', *, *, #269, .T. ) ;
#4445 = ORIENTED_EDGE ( 'NONE', *, *, #3774, .T. ) ;
#4446 = PLANE ( 'NONE',  #2569 ) ;
#4447 = CARTESIAN_POINT ( 'NONE',  ( -2.000000000000003997, -1.124999999999993339, 0.2000000000000000111 ) ) ;
#4448 = LINE ( 'NONE', #2409, #3133 ) ;
#4449 = VECTOR ( 'NONE', #2781, 1000.000000000000000 ) ;
#4450 = FACE_OUTER_BOUND ( 'NONE', #1731, .T. ) ;
#4451 = COLOUR_RGB ( '',0.7529411764705882248, 0.7529411764705882248, 0.7529411764705882248 ) ;
#4452 =( NAMED_UNIT ( * ) SI_UNIT ( $, .STERADIAN. ) SOLID_ANGLE_UNIT ( ) );
#4453 = COLOUR_RGB ( '',0.7529411764705882248, 0.7529411764705882248, 0.7529411764705882248 ) ;
#4454 = AXIS2_PLACEMENT_3D ( 'NONE', #362, #766, #447 ) ;
#4455 = DIRECTION ( 'NONE',  ( -1.000000000000000000, 3.252606517456514091E-15, 0.0000000000000000000 ) ) ;
#4456 = ADVANCED_FACE ( 'NONE', ( #3897 ), #1838, .F. ) ;
#4457 = PRESENTATION_LAYER_ASSIGNMENT (  '', '', ( #4949 ) ) ;
#4458 = CARTESIAN_POINT ( 'NONE',  ( -0.8249999999999999556, -1.600000000000000089, 0.2000000000000000111 ) ) ;
#4459 = COLOUR_RGB ( '',0.7529411764705882248, 0.7529411764705882248, 0.7529411764705882248 ) ;
#4460 =( GEOMETRIC_REPRESENTATION_CONTEXT ( 3 ) GLOBAL_UNCERTAINTY_ASSIGNED_CONTEXT ( ( #2666 ) ) GLOBAL_UNIT_ASSIGNED_CONTEXT ( ( #3472, #1064, #5100 ) ) REPRESENTATION_CONTEXT ( 'NONE', 'WORKASPACE' ) );
#4461 = PRESENTATION_LAYER_ASSIGNMENT (  '', '', ( #1227 ) ) ;
#4462 = UNCERTAINTY_MEASURE_WITH_UNIT (LENGTH_MEASURE( 1.000000000000000082E-05 ), #2344, 'distance_accuracy_value', 'NONE');
#4463 =( GEOMETRIC_REPRESENTATION_CONTEXT ( 3 ) GLOBAL_UNCERTAINTY_ASSIGNED_CONTEXT ( ( #3170 ) ) GLOBAL_UNIT_ASSIGNED_CONTEXT ( ( #2272, #3919, #1534 ) ) REPRESENTATION_CONTEXT ( 'NONE', 'WORKASPACE' ) );
#4464 = DIRECTION ( 'NONE',  ( -0.0000000000000000000, -0.0000000000000000000, -1.000000000000000000 ) ) ;
#4465 = CARTESIAN_POINT ( 'NONE',  ( -0.1749999999999860556, 2.000000000000001332, 0.0000000000000000000 ) ) ;
#4466 = ORIENTED_EDGE ( 'NONE', *, *, #4506, .F. ) ;
#4467 = PLANE ( 'NONE',  #1411 ) ;
#4468 = EDGE_CURVE ( 'NONE', #2268, #4570, #1174, .T. ) ;
#4469 = ADVANCED_FACE ( 'NONE', ( #2301 ), #1519, .F. ) ;
#4470 = STYLED_ITEM ( 'NONE', ( #750 ), #4259 ) ;
#4471 = DIRECTION ( 'NONE',  ( -0.0000000000000000000, -0.0000000000000000000, -1.000000000000000000 ) ) ;
#4472 = VECTOR ( 'NONE', #4464, 1000.000000000000000 ) ;
#4473 = SURFACE_STYLE_USAGE ( .BOTH. , #4577 ) ;
#4474 = DIRECTION ( 'NONE',  ( -0.0000000000000000000, -0.0000000000000000000, -1.000000000000000000 ) ) ;
#4475 = VECTOR ( 'NONE', #2220, 1000.000000000000000 ) ;
#4476 = VECTOR ( 'NONE', #2465, 1000.000000000000000 ) ;
#4477 = VECTOR ( 'NONE', #949, 1000.000000000000000 ) ;
#4478 = LINE ( 'NONE', #4527, #3679 ) ;
#4479 = CARTESIAN_POINT ( 'NONE',  ( -1.600000000000006972, -1.990000000000001323, 0.02000000000000000042 ) ) ;
#4480 = ORIENTED_EDGE ( 'NONE', *, *, #3670, .F. ) ;
#4481 = COLOUR_RGB ( '',0.7529411764705882248, 0.7529411764705882248, 0.7529411764705882248 ) ;
#4482 = CARTESIAN_POINT ( 'NONE',  ( -1.999999999999998224, 0.4750000000000067502, 0.2000000000000000111 ) ) ;
#4483 = ORIENTED_EDGE ( 'NONE', *, *, #3019, .T. ) ;
#4484 = VECTOR ( 'NONE', #3958, 1000.000000000000000 ) ;
#4485 = PLANE ( 'NONE',  #4616 ) ;
#4486 = LINE ( 'NONE', #815, #3250 ) ;
#4487 = LINE ( 'NONE', #4889, #4642 ) ;
#4488 = PRESENTATION_STYLE_ASSIGNMENT (( #2846 ) ) ;
#4489 = CARTESIAN_POINT ( 'NONE',  ( -1.989999999999999991, 0.4750000000000060285, 0.02000000000000000042 ) ) ;
#4490 =( LENGTH_UNIT ( ) NAMED_UNIT ( * ) SI_UNIT ( .MILLI., .METRE. ) );
#4491 = EDGE_LOOP ( 'NONE', ( #1135, #4081, #1291, #1043 ) ) ;
#4492 = CARTESIAN_POINT ( 'NONE',  ( 1.125000000000000222, -1.989999999999998215, 0.02000000000000000042 ) ) ;
#4493 = LINE ( 'NONE', #3241, #4982 ) ;
#4494 = ADVANCED_FACE ( 'NONE', ( #4380 ), #3137, .F. ) ;
#4495 = SURFACE_SIDE_STYLE ('',( #772 ) ) ;
#4496 = FILL_AREA_STYLE_COLOUR ( '', #2988 ) ;
#4497 = ORIENTED_EDGE ( 'NONE', *, *, #1683, .T. ) ;
#4498 = LINE ( 'NONE', #3359, #1828 ) ;
#4499 = MECHANICAL_DESIGN_GEOMETRIC_PRESENTATION_REPRESENTATION (  '', ( #294 ), #490 ) ;
#4500 = LINE ( 'NONE', #826, #823 ) ;
#4501 = ADVANCED_FACE ( 'NONE', ( #1886 ), #3515, .F. ) ;
#4502 =( NAMED_UNIT ( * ) SI_UNIT ( $, .STERADIAN. ) SOLID_ANGLE_UNIT ( ) );
#4503 = CARTESIAN_POINT ( 'NONE',  ( -2.000000000000003997, -1.124999999999993339, 0.0000000000000000000 ) ) ;
#4504 = DIRECTION ( 'NONE',  ( 0.0000000000000000000, 1.000000000000000000, 0.0000000000000000000 ) ) ;
#4505 = ORIENTED_EDGE ( 'NONE', *, *, #3364, .T. ) ;
#4506 = EDGE_CURVE ( 'NONE', #2077, #1998, #3240, .T. ) ;
#4507 = LINE ( 'NONE', #813, #2339 ) ;
#4508 = DIRECTION ( 'NONE',  ( 1.089650424608547166E-16, -1.000000000000000000, 0.0000000000000000000 ) ) ;
#4509 = DIRECTION ( 'NONE',  ( -1.000000000000000000, 0.0000000000000000000, 0.0000000000000000000 ) ) ;
#4510 =( LENGTH_UNIT ( ) NAMED_UNIT ( * ) SI_UNIT ( .MILLI., .METRE. ) );
#4511 = CARTESIAN_POINT ( 'NONE',  ( -0.1749999999999860556, 2.000000000000001332, 0.2000000000000000111 ) ) ;
#4512 = AXIS2_PLACEMENT_3D ( 'NONE', #5213, #2855, #845 ) ;
#4513 =( NAMED_UNIT ( * ) SI_UNIT ( $, .STERADIAN. ) SOLID_ANGLE_UNIT ( ) );
#4514 = CARTESIAN_POINT ( 'NONE',  ( -0.4749999999999999778, -1.989999999999999991, 0.2000000000000000111 ) ) ;
#4515 = DIRECTION ( 'NONE',  ( 2.179300849217094085E-16, -1.000000000000000000, 0.0000000000000000000 ) ) ;
#4516 = EDGE_LOOP ( 'NONE', ( #1850, #4096, #2254, #4658 ) ) ;
#4517 = ORIENTED_EDGE ( 'NONE', *, *, #3832, .F. ) ;
#4518 = LINE ( 'NONE', #844, #4475 ) ;
#4519 = SURFACE_STYLE_FILL_AREA ( #797 ) ;
#4520 = DIRECTION ( 'NONE',  ( -0.0000000000000000000, -0.0000000000000000000, -1.000000000000000000 ) ) ;
#4521 = LINE ( 'NONE', #2876, #4621 ) ;
#4522 = ORIENTED_EDGE ( 'NONE', *, *, #22, .T. ) ;
#4523 = CARTESIAN_POINT ( 'NONE',  ( -1.989999999999999547, -1.989999999999999991, 0.9200000000000000400 ) ) ;
#4524 = DIRECTION ( 'NONE',  ( 1.000000000000000000, 0.0000000000000000000, 0.0000000000000000000 ) ) ;
#4525 = STYLED_ITEM ( 'NONE', ( #4488 ), #1385 ) ;
#4526 = FILL_AREA_STYLE ('',( #4441 ) ) ;
#4527 = CARTESIAN_POINT ( 'NONE',  ( -1.600000000000004086, -1.124999999999994449, 0.2000000000000000111 ) ) ;
#4528 = EDGE_CURVE ( 'NONE', #1409, #3532, #906, .T. ) ;
#4529 = DIRECTION ( 'NONE',  ( 1.089650424608547166E-16, -1.000000000000000000, 0.0000000000000000000 ) ) ;
#4530 = EDGE_LOOP ( 'NONE', ( #3980, #3317, #2547, #1206 ) ) ;
#4531 = LINE ( 'NONE', #1346, #1503 ) ;
#4532 = LINE ( 'NONE', #1225, #2326 ) ;
#4533 = EDGE_CURVE ( 'NONE', #3661, #3074, #19, .T. ) ;
#4534 = EDGE_CURVE ( 'NONE', #119, #3182, #506, .T. ) ;
#4535 = SURFACE_STYLE_FILL_AREA ( #4425 ) ;
#4536 = FILL_AREA_STYLE_COLOUR ( '', #4299 ) ;
#4537 =( LENGTH_UNIT ( ) NAMED_UNIT ( * ) SI_UNIT ( .MILLI., .METRE. ) );
#4538 = ORIENTED_EDGE ( 'NONE', *, *, #111, .T. ) ;
#4539 = EDGE_LOOP ( 'NONE', ( #4417, #1870, #600, #2791, #1801, #1010 ) ) ;
#4540 = CARTESIAN_POINT ( 'NONE',  ( -1.989999999999999547, -1.989999999999999991, 0.02000000000000000042 ) ) ;
#4541 = VECTOR ( 'NONE', #4129, 1000.000000000000000 ) ;
#4542 = AXIS2_PLACEMENT_3D ( 'NONE', #569, #4650, #3329 ) ;
#4543 = DIRECTION ( 'NONE',  ( 1.000000000000000000, -9.396418828207708776E-15, 0.0000000000000000000 ) ) ;
#4544 = VECTOR ( 'NONE', #3660, 1000.000000000000000 ) ;
#4545 = LINE ( 'NONE', #4147, #2483 ) ;
#4546 = VECTOR ( 'NONE', #4580, 1000.000000000000000 ) ;
#4547 = ORIENTED_EDGE ( 'NONE', *, *, #1760, .T. ) ;
#4548 = AXIS2_PLACEMENT_3D ( 'NONE', #982, #2266, #2615 ) ;
#4549 = MECHANICAL_DESIGN_GEOMETRIC_PRESENTATION_REPRESENTATION (  '', ( #4949 ), #3251 ) ;
#4550 = UNCERTAINTY_MEASURE_WITH_UNIT (LENGTH_MEASURE( 1.000000000000000082E-05 ), #3684, 'distance_accuracy_value', 'NONE');
#4551 = LINE ( 'NONE', #4225, #2216 ) ;
#4552 =( GEOMETRIC_REPRESENTATION_CONTEXT ( 3 ) GLOBAL_UNCERTAINTY_ASSIGNED_CONTEXT ( ( #1177 ) ) GLOBAL_UNIT_ASSIGNED_CONTEXT ( ( #3440, #4670, #2743 ) ) REPRESENTATION_CONTEXT ( 'NONE', 'WORKASPACE' ) );
#4553 = SURFACE_SIDE_STYLE ('',( #2453 ) ) ;
#4554 = VECTOR ( 'NONE', #4415, 1000.000000000000000 ) ;
#4555 = COLOUR_RGB ( '',0.1254901960784313708, 0.1254901960784313708, 0.1254901960784313708 ) ;
#4556 = FILL_AREA_STYLE ('',( #4958 ) ) ;
#4557 = DIRECTION ( 'NONE',  ( -1.000000000000000000, 1.043544591017297071E-14, 0.0000000000000000000 ) ) ;
#4558 = EDGE_LOOP ( 'NONE', ( #3962, #4607, #2370, #186, #1590, #842 ) ) ;
#4559 = DIRECTION ( 'NONE',  ( -1.000000000000000000, -0.0000000000000000000, -0.0000000000000000000 ) ) ;
#4560 = PRESENTATION_LAYER_ASSIGNMENT (  '', '', ( #3014 ) ) ;
#4561 =( GEOMETRIC_REPRESENTATION_CONTEXT ( 3 ) GLOBAL_UNCERTAINTY_ASSIGNED_CONTEXT ( ( #746 ) ) GLOBAL_UNIT_ASSIGNED_CONTEXT ( ( #1150, #3648, #2849 ) ) REPRESENTATION_CONTEXT ( 'NONE', 'WORKASPACE' ) );
#4562 = CARTESIAN_POINT ( 'NONE',  ( -0.8249999999999999556, -2.000000000000000000, 0.2000000000000000111 ) ) ;
#4563 = DIRECTION ( 'NONE',  ( 1.084202172485504750E-14, 1.000000000000000000, -0.0000000000000000000 ) ) ;
#4564 = AXIS2_PLACEMENT_3D ( 'NONE', #2860, #371, #2360 ) ;
#4565 = STYLED_ITEM ( 'NONE', ( #4121 ), #2863 ) ;
#4566 = LINE ( 'NONE', #3344, #1895 ) ;
#4567 = EDGE_CURVE ( 'NONE', #4287, #3549, #4866, .T. ) ;
#4568 = CARTESIAN_POINT ( 'NONE',  ( 1.600000000000008971, 0.8249999999999835243, 0.2000000000000000111 ) ) ;
#4569 = ORIENTED_EDGE ( 'NONE', *, *, #2529, .F. ) ;
#4570 = VERTEX_POINT ( 'NONE', #3292 ) ;
#4571 = CARTESIAN_POINT ( 'NONE',  ( 0.4750000000000136335, 1.989999999999999991, 0.02000000000000000042 ) ) ;
#4572 = UNCERTAINTY_MEASURE_WITH_UNIT (LENGTH_MEASURE( 1.000000000000000082E-05 ), #3363, 'distance_accuracy_value', 'NONE');
#4573 = LINE ( 'NONE', #80, #3953 ) ;
#4574 = CARTESIAN_POINT ( 'NONE',  ( -0.4749999999999999778, -1.599999999999999867, 0.2000000000000000111 ) ) ;
#4575 = ORIENTED_EDGE ( 'NONE', *, *, #24, .F. ) ;
#4576 = SURFACE_SIDE_STYLE ('',( #1298 ) ) ;
#4577 = SURFACE_SIDE_STYLE ('',( #1209 ) ) ;
#4578 = DIRECTION ( 'NONE',  ( 1.011922027653138050E-14, 1.000000000000000000, 0.0000000000000000000 ) ) ;
#4579 = CARTESIAN_POINT ( 'NONE',  ( 1.599999999999998090, -0.1750000000000165312, 0.0000000000000000000 ) ) ;
#4580 = DIRECTION ( 'NONE',  ( -0.0000000000000000000, -0.0000000000000000000, -1.000000000000000000 ) ) ;
#4581 = STYLED_ITEM ( 'NONE', ( #495 ), #174 ) ;
#4582 = EDGE_LOOP ( 'NONE', ( #655, #2404, #4980, #152, #2155, #531 ) ) ;
#4583 = CARTESIAN_POINT ( 'NONE',  ( -1.989999999999999991, 1.989999999999999991, 0.02000000000000000042 ) ) ;
#4584 = FILL_AREA_STYLE_COLOUR ( '', #2674 ) ;
#4585 = CARTESIAN_POINT ( 'NONE',  ( -1.600000000000000755, -0.1749999999999946598, 0.2000000000000000111 ) ) ;
#4586 = LINE ( 'NONE', #1371, #2082 ) ;
#4587 = CARTESIAN_POINT ( 'NONE',  ( 1.989999999999999103, 1.989999999999999991, 0.1999999999999999833 ) ) ;
#4588 = EDGE_LOOP ( 'NONE', ( #188, #3483, #3626, #5139, #4750, #480 ) ) ;
#4589 = ORIENTED_EDGE ( 'NONE', *, *, #3071, .T. ) ;
#4590 = DIRECTION ( 'NONE',  ( -8.031127203596329369E-17, 1.000000000000000000, 0.0000000000000000000 ) ) ;
#4591 = CARTESIAN_POINT ( 'NONE',  ( -1.600000000000000755, -0.1749999999999946598, 0.0000000000000000000 ) ) ;
#4592 = EDGE_CURVE ( 'NONE', #4243, #2308, #4914, .T. ) ;
#4593 = AXIS2_PLACEMENT_3D ( 'NONE', #1965, #2276, #279 ) ;
#4594 = CARTESIAN_POINT ( 'NONE',  ( -1.989999999999978675, 1.600000000000013411, 0.02000000000000000042 ) ) ;
#4595 = VERTEX_POINT ( 'NONE', #3351 ) ;
#4596 =( NAMED_UNIT ( * ) PLANE_ANGLE_UNIT ( ) SI_UNIT ( $, .RADIAN. ) );
#4597 = EDGE_CURVE ( 'NONE', #3529, #2466, #2527, .T. ) ;
#4598 = EDGE_CURVE ( 'NONE', #608, #1859, #2506, .T. ) ;
#4599 = CARTESIAN_POINT ( 'NONE',  ( 2.000000000000001776, 0.1749999999999792832, 0.0000000000000000000 ) ) ;
#4600 = UNCERTAINTY_MEASURE_WITH_UNIT (LENGTH_MEASURE( 1.000000000000000082E-05 ), #247, 'distance_accuracy_value', 'NONE');
#4601 = DIRECTION ( 'NONE',  ( -1.000000000000000000, -0.0000000000000000000, -0.0000000000000000000 ) ) ;
#4602 = FACE_OUTER_BOUND ( 'NONE', #4530, .T. ) ;
#4603 = VECTOR ( 'NONE', #1326, 1000.000000000000000 ) ;
#4604 = FILL_AREA_STYLE ('',( #1689 ) ) ;
#4605 = DIRECTION ( 'NONE',  ( -1.000000000000000000, 2.710505431213761874E-15, 0.0000000000000000000 ) ) ;
#4606 = PLANE ( 'NONE',  #609 ) ;
#4607 = ORIENTED_EDGE ( 'NONE', *, *, #1674, .T. ) ;
#4608 = DIRECTION ( 'NONE',  ( 1.000000000000000000, -1.050320854595332578E-14, -0.0000000000000000000 ) ) ;
#4609 = ORIENTED_EDGE ( 'NONE', *, *, #3178, .F. ) ;
#4610 = CARTESIAN_POINT ( 'NONE',  ( -1.989999999999992220, 0.1750000000000067613, 0.02000000000000000042 ) ) ;
#4611 = LINE ( 'NONE', #3429, #146 ) ;
#4612 = CARTESIAN_POINT ( 'NONE',  ( -2.000000000000003997, -1.124999999999993339, 0.0000000000000000000 ) ) ;
#4613 = DIRECTION ( 'NONE',  ( 1.000000000000000000, 0.0000000000000000000, -0.0000000000000000000 ) ) ;
#4614 = EDGE_CURVE ( 'NONE', #812, #321, #2105, .T. ) ;
#4615 = ORIENTED_EDGE ( 'NONE', *, *, #4838, .T. ) ;
#4616 = AXIS2_PLACEMENT_3D ( 'NONE', #3534, #1532, #2458 ) ;
#4617 = LINE ( 'NONE', #2208, #183 ) ;
#4618 = VECTOR ( 'NONE', #3806, 1000.000000000000000 ) ;
#4619 = LINE ( 'NONE', #1412, #587 ) ;
#4620 = COLOUR_RGB ( '',0.7529411764705882248, 0.7529411764705882248, 0.7529411764705882248 ) ;
#4621 = VECTOR ( 'NONE', #4029, 1000.000000000000000 ) ;
#4622 = UNCERTAINTY_MEASURE_WITH_UNIT (LENGTH_MEASURE( 1.000000000000000082E-05 ), #4845, 'distance_accuracy_value', 'NONE');
#4623 = CARTESIAN_POINT ( 'NONE',  ( -1.989999999999999547, -0.1749999999999932998, 0.9200000000000000400 ) ) ;
#4624 = EDGE_CURVE ( 'NONE', #5220, #5079, #1263, .T. ) ;
#4625 = SURFACE_STYLE_USAGE ( .BOTH. , #2983 ) ;
#4626 = STYLED_ITEM ( 'NONE', ( #2262 ), #4226 ) ;
#4627 = PRESENTATION_LAYER_ASSIGNMENT (  '', '', ( #347 ) ) ;
#4628 = VECTOR ( 'NONE', #6, 1000.000000000000000 ) ;
#4629 = COLOUR_RGB ( '',0.7529411764705882248, 0.7529411764705882248, 0.7529411764705882248 ) ;
#4630 =( NAMED_UNIT ( * ) SI_UNIT ( $, .STERADIAN. ) SOLID_ANGLE_UNIT ( ) );
#4631 = DIRECTION ( 'NONE',  ( 0.0000000000000000000, 0.0000000000000000000, -1.000000000000000000 ) ) ;
#4632 = COLOUR_RGB ( '',0.7529411764705882248, 0.7529411764705882248, 0.7529411764705882248 ) ;
#4633 = DIRECTION ( 'NONE',  ( -0.0000000000000000000, -0.0000000000000000000, -1.000000000000000000 ) ) ;
#4634 = ORIENTED_EDGE ( 'NONE', *, *, #2083, .F. ) ;
#4635 = FILL_AREA_STYLE ('',( #3496 ) ) ;
#4636 = VECTOR ( 'NONE', #3798, 1000.000000000000000 ) ;
#4637 = ORIENTED_EDGE ( 'NONE', *, *, #1616, .T. ) ;
#4638 =( GEOMETRIC_REPRESENTATION_CONTEXT ( 3 ) GLOBAL_UNCERTAINTY_ASSIGNED_CONTEXT ( ( #4600 ) ) GLOBAL_UNIT_ASSIGNED_CONTEXT ( ( #247, #3922, #3627 ) ) REPRESENTATION_CONTEXT ( 'NONE', 'WORKASPACE' ) );
#4639 = MECHANICAL_DESIGN_GEOMETRIC_PRESENTATION_REPRESENTATION (  '', ( #3183 ), #719 ) ;
#4640 = ORIENTED_EDGE ( 'NONE', *, *, #1004, .F. ) ;
#4641 = CARTESIAN_POINT ( 'NONE',  ( -1.430000000000000160, 1.550000000000000044, 0.8699999999999999956 ) ) ;
#4642 = VECTOR ( 'NONE', #3312, 1000.000000000000000 ) ;
#4643 = LINE ( 'NONE', #1435, #1329 ) ;
#4644 = LINE ( 'NONE', #55, #2740 ) ;
#4645 = ORIENTED_EDGE ( 'NONE', *, *, #1026, .T. ) ;
#4646 = VECTOR ( 'NONE', #2638, 1000.000000000000000 ) ;
#4647 = ORIENTED_EDGE ( 'NONE', *, *, #714, .F. ) ;
#4648 = PLANE ( 'NONE',  #2493 ) ;
#4649 = PLANE ( 'NONE',  #4710 ) ;
#4650 = DIRECTION ( 'NONE',  ( 0.0000000000000000000, 0.0000000000000000000, 1.000000000000000000 ) ) ;
#4651 = DIRECTION ( 'NONE',  ( -1.084202172485504434E-14, -1.000000000000000000, -0.0000000000000000000 ) ) ;
#4652 = EDGE_CURVE ( 'NONE', #15, #2745, #796, .T. ) ;
#4653 = CARTESIAN_POINT ( 'NONE',  ( -1.550000000000000044, 1.550000000000000044, 0.9200000000000000400 ) ) ;
#4654 = CARTESIAN_POINT ( 'NONE',  ( -1.989999999999996216, -0.8249999999999935163, 0.02000000000000000042 ) ) ;
#4655 = CARTESIAN_POINT ( 'NONE',  ( -1.599999999999998090, 0.4750000000000053624, 0.0000000000000000000 ) ) ;
#4656 = ORIENTED_EDGE ( 'NONE', *, *, #3302, .T. ) ;
#4657 = EDGE_CURVE ( 'NONE', #2803, #1253, #75, .T. ) ;
#4658 = ORIENTED_EDGE ( 'NONE', *, *, #5201, .F. ) ;
#4659 = FACE_OUTER_BOUND ( 'NONE', #82, .T. ) ;
#4660 = COLOUR_RGB ( '',0.7529411764705882248, 0.7529411764705882248, 0.7529411764705882248 ) ;
#4661 = CARTESIAN_POINT ( 'NONE',  ( -0.1749999999999999889, -1.599999999999999867, 0.2000000000000000111 ) ) ;
#4662 = EDGE_LOOP ( 'NONE', ( #3021, #4256, #3807, #675 ) ) ;
#4663 = VERTEX_POINT ( 'NONE', #2046 ) ;
#4664 = LINE ( 'NONE', #637, #3875 ) ;
#4665 = LINE ( 'NONE', #1354, #4075 ) ;
#4666 = DIRECTION ( 'NONE',  ( 0.0000000000000000000, 0.0000000000000000000, 1.000000000000000000 ) ) ;
#4667 = CARTESIAN_POINT ( 'NONE',  ( -0.8249999999999999556, -2.000000000000000000, 0.0000000000000000000 ) ) ;
#4668 = DIRECTION ( 'NONE',  ( 1.000000000000000000, 0.0000000000000000000, 0.0000000000000000000 ) ) ;
#4669 = STYLED_ITEM ( 'NONE', ( #2813 ), #410 ) ;
#4670 =( NAMED_UNIT ( * ) PLANE_ANGLE_UNIT ( ) SI_UNIT ( $, .RADIAN. ) );
#4671 = DIRECTION ( 'NONE',  ( -2.891205793294679411E-15, -1.000000000000000000, -0.0000000000000000000 ) ) ;
#4672 = FACE_OUTER_BOUND ( 'NONE', #178, .T. ) ;
#4673 = VECTOR ( 'NONE', #3993, 1000.000000000000000 ) ;
#4674 = CARTESIAN_POINT ( 'NONE',  ( 1.599999999999994982, -0.4750000000000165201, 0.0000000000000000000 ) ) ;
#4675 = DIRECTION ( 'NONE',  ( -0.0000000000000000000, -0.0000000000000000000, -1.000000000000000000 ) ) ;
#4676 = VECTOR ( 'NONE', #1439, 1000.000000000000000 ) ;
#4677 = EDGE_CURVE ( 'NONE', #3471, #639, #4082, .T. ) ;
#4678 = ORIENTED_EDGE ( 'NONE', *, *, #1873, .F. ) ;
#4679 =( NAMED_UNIT ( * ) SI_UNIT ( $, .STERADIAN. ) SOLID_ANGLE_UNIT ( ) );
#4680 = VERTEX_POINT ( 'NONE', #4896 ) ;
#4681 =( NAMED_UNIT ( * ) SI_UNIT ( $, .STERADIAN. ) SOLID_ANGLE_UNIT ( ) );
#4682 = EDGE_CURVE ( 'NONE', #1687, #576, #4518, .T. ) ;
#4683 = EDGE_LOOP ( 'NONE', ( #3379, #573, #2761, #3759 ) ) ;
#4684 = EDGE_CURVE ( 'NONE', #4099, #2289, #3890, .T. ) ;
#4685 = DIRECTION ( 'NONE',  ( -9.396418828207708776E-15, -1.000000000000000000, 0.0000000000000000000 ) ) ;
#4686 = CARTESIAN_POINT ( 'NONE',  ( 0.4750000000000111910, 1.599999999999996536, 0.2000000000000000111 ) ) ;
#4687 = VERTEX_POINT ( 'NONE', #4641 ) ;
#4688 = LINE ( 'NONE', #3482, #2581 ) ;
#4689 = VERTEX_POINT ( 'NONE', #934 ) ;
#4690 = UNCERTAINTY_MEASURE_WITH_UNIT (LENGTH_MEASURE( 1.000000000000000082E-05 ), #4537, 'distance_accuracy_value', 'NONE');
#4691 = PRESENTATION_STYLE_ASSIGNMENT (( #5119 ) ) ;
#4692 =( NAMED_UNIT ( * ) SI_UNIT ( $, .STERADIAN. ) SOLID_ANGLE_UNIT ( ) );
#4693 = AXIS2_PLACEMENT_3D ( 'NONE', #4205, #3831, #3366 ) ;
#4694 = ORIENTED_EDGE ( 'NONE', *, *, #1977, .T. ) ;
#4695 = VECTOR ( 'NONE', #4557, 1000.000000000000000 ) ;
#4696 = CARTESIAN_POINT ( 'NONE',  ( 0.1750000000000000167, -1.600000000000000089, 0.2000000000000000111 ) ) ;
#4697 = LINE ( 'NONE', #4655, #2476 ) ;
#4698 = AXIS2_PLACEMENT_3D ( 'NONE', #3377, #4164, #3322 ) ;
#4699 = STYLED_ITEM ( 'NONE', ( #3457 ), #2200 ) ;
#4700 = ORIENTED_EDGE ( 'NONE', *, *, #3773, .F. ) ;
#4701 = DIRECTION ( 'NONE',  ( -1.000000000000000000, 1.043544591017298807E-14, 0.0000000000000000000 ) ) ;
#4702 = COLOUR_RGB ( '',0.7529411764705882248, 0.7529411764705882248, 0.7529411764705882248 ) ;
#4703 = EDGE_CURVE ( 'NONE', #1998, #2797, #579, .T. ) ;
#4704 = STYLED_ITEM ( 'NONE', ( #4021 ), #2071 ) ;
#4705 = ORIENTED_EDGE ( 'NONE', *, *, #1683, .F. ) ;
#4706 = FILL_AREA_STYLE ('',( #951 ) ) ;
#4707 = FACE_OUTER_BOUND ( 'NONE', #5223, .T. ) ;
#4708 = ORIENTED_EDGE ( 'NONE', *, *, #2259, .F. ) ;
#4709 = STYLED_ITEM ( 'NONE', ( #103 ), #4333 ) ;
#4710 = AXIS2_PLACEMENT_3D ( 'NONE', #4822, #2795, #3604 ) ;
#4711 = LINE ( 'NONE', #1510, #3438 ) ;
#4712 = VECTOR ( 'NONE', #4428, 1000.000000000000000 ) ;
#4713 = EDGE_CURVE ( 'NONE', #5008, #2504, #1353, .T. ) ;
#4714 = EDGE_CURVE ( 'NONE', #363, #1584, #3791, .T. ) ;
#4715 = VECTOR ( 'NONE', #2442, 1000.000000000000000 ) ;
#4716 = COLOUR_RGB ( '',0.7529411764705882248, 0.7529411764705882248, 0.7529411764705882248 ) ;
#4717 = STYLED_ITEM ( 'NONE', ( #3730 ), #2141 ) ;
#4718 =( NAMED_UNIT ( * ) SI_UNIT ( $, .STERADIAN. ) SOLID_ANGLE_UNIT ( ) );
#4719 = EDGE_LOOP ( 'NONE', ( #2596, #2553, #5045, #4728 ) ) ;
#4720 = FILL_AREA_STYLE_COLOUR ( '', #4280 ) ;
#4721 =( LENGTH_UNIT ( ) NAMED_UNIT ( * ) SI_UNIT ( .MILLI., .METRE. ) );
#4722 = VECTOR ( 'NONE', #5227, 1000.000000000000000 ) ;
#4723 = VECTOR ( 'NONE', #1751, 1000.000000000000000 ) ;
#4724 = DIRECTION ( 'NONE',  ( 1.000000000000000000, 0.0000000000000000000, 0.0000000000000000000 ) ) ;
#4725 = PLANE ( 'NONE',  #3766 ) ;
#4726 = VERTEX_POINT ( 'NONE', #1832 ) ;
#4727 = PLANE ( 'NONE',  #2657 ) ;
#4728 = ORIENTED_EDGE ( 'NONE', *, *, #3506, .T. ) ;
#4729 = ORIENTED_EDGE ( 'NONE', *, *, #3041, .F. ) ;
#4730 = FILL_AREA_STYLE ('',( #2028 ) ) ;
#4731 = CARTESIAN_POINT ( 'NONE',  ( -1.989999999999989555, 1.125000000000006661, 0.02000000000000000042 ) ) ;
#4732 = VERTEX_POINT ( 'NONE', #532 ) ;
#4733 = VECTOR ( 'NONE', #1422, 1000.000000000000000 ) ;
#4734 = DIRECTION ( 'NONE',  ( 1.000000000000000000, -1.043544591017298964E-14, 0.0000000000000000000 ) ) ;
#4735 =( NAMED_UNIT ( * ) PLANE_ANGLE_UNIT ( ) SI_UNIT ( $, .RADIAN. ) );
#4736 = CARTESIAN_POINT ( 'NONE',  ( -2.000000000000000444, -0.1749999999999932443, 0.2000000000000000111 ) ) ;
#4737 = LINE ( 'NONE', #357, #1589 ) ;
#4738 = DIRECTION ( 'NONE',  ( 1.000000000000000000, -7.228014483236692019E-15, 0.0000000000000000000 ) ) ;
#4739 = ORIENTED_EDGE ( 'NONE', *, *, #2597, .F. ) ;
#4740 = FILL_AREA_STYLE_COLOUR ( '', #1591 ) ;
#4741 = EDGE_CURVE ( 'NONE', #2916, #1763, #2626, .T. ) ;
#4742 =( NAMED_UNIT ( * ) SI_UNIT ( $, .STERADIAN. ) SOLID_ANGLE_UNIT ( ) );
#4743 = DIRECTION ( 'NONE',  ( 1.000000000000000000, 0.0000000000000000000, 0.0000000000000000000 ) ) ;
#4744 = ORIENTED_EDGE ( 'NONE', *, *, #5107, .T. ) ;
#4745 = EDGE_CURVE ( 'NONE', #394, #1653, #562, .T. ) ;
#4746 = PRESENTATION_STYLE_ASSIGNMENT (( #3927 ) ) ;
#4747 = VECTOR ( 'NONE', #1154, 1000.000000000000000 ) ;
#4748 = SURFACE_STYLE_USAGE ( .BOTH. , #4039 ) ;
#4749 = ORIENTED_EDGE ( 'NONE', *, *, #3644, .F. ) ;
#4750 = ORIENTED_EDGE ( 'NONE', *, *, #4614, .T. ) ;
#4751 = VERTEX_POINT ( 'NONE', #2950 ) ;
#4752 = LINE ( 'NONE', #4808, #4947 ) ;
#4753 = ORIENTED_EDGE ( 'NONE', *, *, #2431, .F. ) ;
#4754 =( NAMED_UNIT ( * ) PLANE_ANGLE_UNIT ( ) SI_UNIT ( $, .RADIAN. ) );
#4755 = ORIENTED_EDGE ( 'NONE', *, *, #3748, .F. ) ;
#4756 = CARTESIAN_POINT ( 'NONE',  ( -0.8249999999999999556, -1.989999999999999991, 0.02000000000000000042 ) ) ;
#4757 = CARTESIAN_POINT ( 'NONE',  ( -0.8249999999999889644, 1.600000000000006084, 0.0000000000000000000 ) ) ;
#4758 = DIRECTION ( 'NONE',  ( -0.0000000000000000000, -0.0000000000000000000, -1.000000000000000000 ) ) ;
#4759 = FILL_AREA_STYLE_COLOUR ( '', #3523 ) ;
#4760 = CARTESIAN_POINT ( 'NONE',  ( 1.999999999999988232, -1.125000000000020650, 0.2000000000000000111 ) ) ;
#4761 = FILL_AREA_STYLE ('',( #4720 ) ) ;
#4762 =( NAMED_UNIT ( * ) SI_UNIT ( $, .STERADIAN. ) SOLID_ANGLE_UNIT ( ) );
#4763 = CARTESIAN_POINT ( 'NONE',  ( 1.125000000000011102, 1.599999999999992317, 0.2000000000000000111 ) ) ;
#4764 = DIRECTION ( 'NONE',  ( -0.0000000000000000000, 0.0000000000000000000, -1.000000000000000000 ) ) ;
#4765 = UNCERTAINTY_MEASURE_WITH_UNIT (LENGTH_MEASURE( 1.000000000000000082E-05 ), #1327, 'distance_accuracy_value', 'NONE');
#4766 = ADVANCED_FACE ( 'NONE', ( #1854 ), #4981, .F. ) ;
#4767 = FILL_AREA_STYLE ('',( #890 ) ) ;
#4768 = ORIENTED_EDGE ( 'NONE', *, *, #3932, .F. ) ;
#4769 = FACE_OUTER_BOUND ( 'NONE', #1842, .T. ) ;
#4770 = PLANE ( 'NONE',  #4564 ) ;
#4771 = EDGE_CURVE ( 'NONE', #2598, #3125, #3837, .T. ) ;
#4772 = EDGE_CURVE ( 'NONE', #1584, #1508, #3427, .T. ) ;
#4773 = FILL_AREA_STYLE ('',( #2008 ) ) ;
#4774 = VERTEX_POINT ( 'NONE', #3027 ) ;
#4775 = FACE_OUTER_BOUND ( 'NONE', #381, .T. ) ;
#4776 = ORIENTED_EDGE ( 'NONE', *, *, #3302, .F. ) ;
#4777 = LINE ( 'NONE', #2759, #2061 ) ;
#4778 = ORIENTED_EDGE ( 'NONE', *, *, #3670, .T. ) ;
#4779 = VECTOR ( 'NONE', #2132, 1000.000000000000000 ) ;
#4780 = DIRECTION ( 'NONE',  ( -1.000000000000000000, 1.029992063861229370E-14, -0.0000000000000000000 ) ) ;
#4781 = ORIENTED_EDGE ( 'NONE', *, *, #4168, .F. ) ;
#4782 = SURFACE_STYLE_FILL_AREA ( #988 ) ;
#4783 = MECHANICAL_DESIGN_GEOMETRIC_PRESENTATION_REPRESENTATION (  '', ( #4626 ), #617 ) ;
#4784 = VECTOR ( 'NONE', #4515, 1000.000000000000000 ) ;
#4785 = STYLED_ITEM ( 'NONE', ( #2625 ), #2205 ) ;
#4786 = DIRECTION ( 'NONE',  ( 1.000000000000000000, 0.0000000000000000000, 0.0000000000000000000 ) ) ;
#4787 = PRESENTATION_LAYER_ASSIGNMENT (  '', '', ( #3171 ) ) ;
#4788 = DIRECTION ( 'NONE',  ( 3.523657060577890199E-15, 1.000000000000000000, -0.0000000000000000000 ) ) ;
#4789 =( GEOMETRIC_REPRESENTATION_CONTEXT ( 3 ) GLOBAL_UNCERTAINTY_ASSIGNED_CONTEXT ( ( #372 ) ) GLOBAL_UNIT_ASSIGNED_CONTEXT ( ( #4721, #3820, #2606 ) ) REPRESENTATION_CONTEXT ( 'NONE', 'WORKASPACE' ) );
#4790 =( NAMED_UNIT ( * ) PLANE_ANGLE_UNIT ( ) SI_UNIT ( $, .RADIAN. ) );
#4791 = VECTOR ( 'NONE', #1882, 1000.000000000000000 ) ;
#4792 = ORIENTED_EDGE ( 'NONE', *, *, #2355, .T. ) ;
#4793 = DIRECTION ( 'NONE',  ( -2.179300849217094331E-16, 1.000000000000000000, -0.0000000000000000000 ) ) ;
#4794 = LINE ( 'NONE', #331, #4747 ) ;
#4795 = SURFACE_SIDE_STYLE ('',( #1570 ) ) ;
#4796 = UNCERTAINTY_MEASURE_WITH_UNIT (LENGTH_MEASURE( 1.000000000000000082E-05 ), #1086, 'distance_accuracy_value', 'NONE');
#4797 = SURFACE_STYLE_USAGE ( .BOTH. , #4495 ) ;
#4798 =( NAMED_UNIT ( * ) PLANE_ANGLE_UNIT ( ) SI_UNIT ( $, .RADIAN. ) );
#4799 = ORIENTED_EDGE ( 'NONE', *, *, #1311, .T. ) ;
#4800 =( GEOMETRIC_REPRESENTATION_CONTEXT ( 3 ) GLOBAL_UNCERTAINTY_ASSIGNED_CONTEXT ( ( #852 ) ) GLOBAL_UNIT_ASSIGNED_CONTEXT ( ( #4510, #1660, #4074 ) ) REPRESENTATION_CONTEXT ( 'NONE', 'WORKASPACE' ) );
#4801 = MECHANICAL_DESIGN_GEOMETRIC_PRESENTATION_REPRESENTATION (  '', ( #468 ), #1335 ) ;
#4802 =( LENGTH_UNIT ( ) NAMED_UNIT ( * ) SI_UNIT ( .MILLI., .METRE. ) );
#4803 = CARTESIAN_POINT ( 'NONE',  ( -0.8249999999999861888, 2.000000000000005773, 0.0000000000000000000 ) ) ;
#4804 = ORIENTED_EDGE ( 'NONE', *, *, #4869, .T. ) ;
#4805 = LINE ( 'NONE', #5221, #5181 ) ;
#4806 = ORIENTED_EDGE ( 'NONE', *, *, #4987, .T. ) ;
#4807 = ORIENTED_EDGE ( 'NONE', *, *, #1031, .T. ) ;
#4808 = CARTESIAN_POINT ( 'NONE',  ( 1.599999999999991429, -0.8250000000000166089, 0.2000000000000000111 ) ) ;
#4809 = ORIENTED_EDGE ( 'NONE', *, *, #4468, .T. ) ;
#4810 = CARTESIAN_POINT ( 'NONE',  ( 1.989999999999999547, 0.4749999999999793276, 0.02000000000000000042 ) ) ;
#4811 = LINE ( 'NONE', #352, #190 ) ;
#4812 = EDGE_CURVE ( 'NONE', #5123, #1297, #4664, .T. ) ;
#4813 =( LENGTH_UNIT ( ) NAMED_UNIT ( * ) SI_UNIT ( .MILLI., .METRE. ) );
#4814 = CARTESIAN_POINT ( 'NONE',  ( -1.989999999999999547, 1.350000000000000089, 0.02000000000000000042 ) ) ;
#4815 = SURFACE_SIDE_STYLE ('',( #3191 ) ) ;
#4816 = DIRECTION ( 'NONE',  ( -1.011922027653138050E-14, -1.000000000000000000, -0.0000000000000000000 ) ) ;
#4817 = PRESENTATION_STYLE_ASSIGNMENT (( #3192 ) ) ;
#4818 = ORIENTED_EDGE ( 'NONE', *, *, #909, .T. ) ;
#4819 = LINE ( 'NONE', #4458, #2117 ) ;
#4820 = CARTESIAN_POINT ( 'NONE',  ( -1.719999999999999973, 1.550000000000000044, 0.9200000000000000400 ) ) ;
#4821 = UNCERTAINTY_MEASURE_WITH_UNIT (LENGTH_MEASURE( 1.000000000000000082E-05 ), #3647, 'distance_accuracy_value', 'NONE');
#4822 = CARTESIAN_POINT ( 'NONE',  ( 0.4750000000000111910, 1.599999999999996536, 0.2000000000000000111 ) ) ;
#4823 = LINE ( 'NONE', #3629, #257 ) ;
#4824 = ORIENTED_EDGE ( 'NONE', *, *, #1639, .F. ) ;
#4825 = CARTESIAN_POINT ( 'NONE',  ( 0.4750000000000111910, 1.599999999999996536, 0.2000000000000000111 ) ) ;
#4826 = CARTESIAN_POINT ( 'NONE',  ( -0.1749999999999860556, 2.000000000000001332, 0.2000000000000000111 ) ) ;
#4827 =( NAMED_UNIT ( * ) PLANE_ANGLE_UNIT ( ) SI_UNIT ( $, .RADIAN. ) );
#4828 = VERTEX_POINT ( 'NONE', #145 ) ;
#4829 = FILL_AREA_STYLE ('',( #3636 ) ) ;
#4830 = VERTEX_POINT ( 'NONE', #217 ) ;
#4831 = ADVANCED_FACE ( 'NONE', ( #3475 ), #4184, .F. ) ;
#4832 = ORIENTED_EDGE ( 'NONE', *, *, #2222, .F. ) ;
#4833 = CARTESIAN_POINT ( 'NONE',  ( -1.989999999999999547, -0.8249999999999932943, 0.9200000000000000400 ) ) ;
#4834 = SURFACE_STYLE_FILL_AREA ( #816 ) ;
#4835 = AXIS2_PLACEMENT_3D ( 'NONE', #2348, #5075, #3891 ) ;
#4836 = CARTESIAN_POINT ( 'NONE',  ( 0.4749999999999999778, -1.600000000000000089, 0.0000000000000000000 ) ) ;
#4837 =( NAMED_UNIT ( * ) PLANE_ANGLE_UNIT ( ) SI_UNIT ( $, .RADIAN. ) );
#4838 = EDGE_CURVE ( 'NONE', #672, #3393, #1593, .T. ) ;
#4839 = SURFACE_STYLE_USAGE ( .BOTH. , #3624 ) ;
#4840 = EDGE_CURVE ( 'NONE', #4139, #608, #761, .T. ) ;
#4841 = VECTOR ( 'NONE', #2712, 1000.000000000000000 ) ;
#4842 = FACE_OUTER_BOUND ( 'NONE', #102, .T. ) ;
#4843 = ORIENTED_EDGE ( 'NONE', *, *, #3368, .T. ) ;
#4844 = CARTESIAN_POINT ( 'NONE',  ( -0.4749999999999999778, -1.599999999999999867, 0.0000000000000000000 ) ) ;
#4845 =( LENGTH_UNIT ( ) NAMED_UNIT ( * ) SI_UNIT ( .MILLI., .METRE. ) );
#4846 = ORIENTED_EDGE ( 'NONE', *, *, #1038, .F. ) ;
#4847 = SURFACE_SIDE_STYLE ('',( #1546 ) ) ;
#4848 = CARTESIAN_POINT ( 'NONE',  ( 1.125000000000000222, -2.000000000000000000, 0.0000000000000000000 ) ) ;
#4849 = UNCERTAINTY_MEASURE_WITH_UNIT (LENGTH_MEASURE( 1.000000000000000082E-05 ), #4439, 'distance_accuracy_value', 'NONE');
#4850 = PRESENTATION_STYLE_ASSIGNMENT (( #3228 ) ) ;
#4851 = SURFACE_STYLE_USAGE ( .BOTH. , #4394 ) ;
#4852 = FILL_AREA_STYLE_COLOUR ( '', #1488 ) ;
#4853 = VERTEX_POINT ( 'NONE', #1956 ) ;
#4854 = DIRECTION ( 'NONE',  ( 1.000000000000000000, -3.523657060577892172E-15, 0.0000000000000000000 ) ) ;
#4855 = ORIENTED_EDGE ( 'NONE', *, *, #2378, .T. ) ;
#4856 = DIRECTION ( 'NONE',  ( -1.000000000000000000, 0.0000000000000000000, 0.0000000000000000000 ) ) ;
#4857 = SURFACE_SIDE_STYLE ('',( #4834 ) ) ;
#4858 = COLOUR_RGB ( '',0.7529411764705882248, 0.7529411764705882248, 0.7529411764705882248 ) ;
#4859 = VECTOR ( 'NONE', #2802, 1000.000000000000000 ) ;
#4860 = FILL_AREA_STYLE ('',( #4135 ) ) ;
#4861 =( NAMED_UNIT ( * ) PLANE_ANGLE_UNIT ( ) SI_UNIT ( $, .RADIAN. ) );
#4862 = AXIS2_PLACEMENT_3D ( 'NONE', #4826, #1161, #1894 ) ;
#4863 =( GEOMETRIC_REPRESENTATION_CONTEXT ( 3 ) GLOBAL_UNCERTAINTY_ASSIGNED_CONTEXT ( ( #2234 ) ) GLOBAL_UNIT_ASSIGNED_CONTEXT ( ( #4490, #4790, #2766 ) ) REPRESENTATION_CONTEXT ( 'NONE', 'WORKASPACE' ) );
#4864 = AXIS2_PLACEMENT_3D ( 'NONE', #1638, #4856, #408 ) ;
#4865 = EDGE_LOOP ( 'NONE', ( #4156, #1630, #1223, #1611 ) ) ;
#4866 = LINE ( 'NONE', #4540, #975 ) ;
#4867 = PRESENTATION_LAYER_ASSIGNMENT (  '', '', ( #961 ) ) ;
#4868 = EDGE_CURVE ( 'NONE', #2250, #2103, #1902, .T. ) ;
#4869 = EDGE_CURVE ( 'NONE', #321, #2292, #3153, .T. ) ;
#4870 = PLANE ( 'NONE',  #5236 ) ;
#4871 = MECHANICAL_DESIGN_GEOMETRIC_PRESENTATION_REPRESENTATION (  '', ( #1319 ), #4282 ) ;
#4872 = COLOUR_RGB ( '',0.7529411764705882248, 0.7529411764705882248, 0.7529411764705882248 ) ;
#4873 = DIRECTION ( 'NONE',  ( -0.0000000000000000000, -1.000000000000000000, -0.0000000000000000000 ) ) ;
#4874 = ORIENTED_EDGE ( 'NONE', *, *, #4063, .F. ) ;
#4875 = PLANE ( 'NONE',  #4291 ) ;
#4876 = STYLED_ITEM ( 'NONE', ( #3524 ), #4268 ) ;
#4877 = SURFACE_STYLE_USAGE ( .BOTH. , #1549 ) ;
#4878 = VECTOR ( 'NONE', #2229, 1000.000000000000000 ) ;
#4879 = ADVANCED_FACE ( 'NONE', ( #3536 ), #5124, .F. ) ;
#4880 = EDGE_CURVE ( 'NONE', #1051, #1744, #4811, .T. ) ;
#4881 = SURFACE_STYLE_FILL_AREA ( #751 ) ;
#4882 = VECTOR ( 'NONE', #869, 1000.000000000000000 ) ;
#4883 = FACE_OUTER_BOUND ( 'NONE', #238, .T. ) ;
#4884 = ORIENTED_EDGE ( 'NONE', *, *, #2425, .T. ) ;
#4885 = PRESENTATION_LAYER_ASSIGNMENT (  '', '', ( #3181 ) ) ;
#4886 = SURFACE_SIDE_STYLE ('',( #3186 ) ) ;
#4887 = DIRECTION ( 'NONE',  ( 0.0000000000000000000, 0.0000000000000000000, 1.000000000000000000 ) ) ;
#4888 = CARTESIAN_POINT ( 'NONE',  ( -1.989999999999999547, -1.989999999999999991, 0.1999999999999999833 ) ) ;
#4889 = CARTESIAN_POINT ( 'NONE',  ( -1.989999999999993108, -0.1749999999999932998, 0.02000000000000000042 ) ) ;
#4890 = LINE ( 'NONE', #1258, #3056 ) ;
#4891 = DIRECTION ( 'NONE',  ( -1.029992063861229055E-14, -1.000000000000000000, 0.0000000000000000000 ) ) ;
#4892 = DIRECTION ( 'NONE',  ( 1.000000000000000000, -1.084202172485504434E-14, 0.0000000000000000000 ) ) ;
#4893 = PRESENTATION_STYLE_ASSIGNMENT (( #3757 ) ) ;
#4894 = ORIENTED_EDGE ( 'NONE', *, *, #4592, .F. ) ;
#4895 = VERTEX_POINT ( 'NONE', #1479 ) ;
#4896 = CARTESIAN_POINT ( 'NONE',  ( -1.379999999999999893, 1.550000000000000044, 0.9200000000000000400 ) ) ;
#4897 = FILL_AREA_STYLE_COLOUR ( '', #3559 ) ;
#4898 = PRESENTATION_STYLE_ASSIGNMENT (( #4940 ) ) ;
#4899 = DIRECTION ( 'NONE',  ( -1.000000000000000000, 2.891205793294680200E-15, 0.0000000000000000000 ) ) ;
#4900 = ORIENTED_EDGE ( 'NONE', *, *, #977, .F. ) ;
#4901 = MECHANICAL_DESIGN_GEOMETRIC_PRESENTATION_REPRESENTATION (  '', ( #4581 ), #1528 ) ;
#4902 = DIRECTION ( 'NONE',  ( 1.000000000000000000, -1.011922027653138050E-14, 0.0000000000000000000 ) ) ;
#4903 = UNCERTAINTY_MEASURE_WITH_UNIT (LENGTH_MEASURE( 1.000000000000000082E-05 ), #5194, 'distance_accuracy_value', 'NONE');
#4904 = CARTESIAN_POINT ( 'NONE',  ( 2.000000000000004885, 0.4749999999999792721, 0.2000000000000000111 ) ) ;
#4905 = EDGE_CURVE ( 'NONE', #4099, #2250, #4711, .T. ) ;
#4906 = SURFACE_SIDE_STYLE ('',( #426 ) ) ;
#4907 = DIRECTION ( 'NONE',  ( 1.000000000000000000, -7.047314121155777243E-15, 0.0000000000000000000 ) ) ;
#4908 = FILL_AREA_STYLE_COLOUR ( '', #2911 ) ;
#4909 = ORIENTED_EDGE ( 'NONE', *, *, #4100, .F. ) ;
#4910 = LINE ( 'NONE', #3619, #804 ) ;
#4911 = CARTESIAN_POINT ( 'NONE',  ( 1.125000000000013767, 1.999999999999992228, 0.2000000000000000111 ) ) ;
#4912 = LINE ( 'NONE', #870, #2157 ) ;
#4913 = VERTEX_POINT ( 'NONE', #4756 ) ;
#4914 = LINE ( 'NONE', #2853, #34 ) ;
#4915 = FACE_OUTER_BOUND ( 'NONE', #1071, .T. ) ;
#4916 = FILL_AREA_STYLE_COLOUR ( '', #1221 ) ;
#4917 = UNCERTAINTY_MEASURE_WITH_UNIT (LENGTH_MEASURE( 1.000000000000000082E-05 ), #2246, 'distance_accuracy_value', 'NONE');
#4918 = CARTESIAN_POINT ( 'NONE',  ( -1.989999999999999991, 1.989999999999999991, 0.1999999999999999833 ) ) ;
#4919 = ORIENTED_EDGE ( 'NONE', *, *, #3874, .F. ) ;
#4920 = FILL_AREA_STYLE_COLOUR ( '', #3517 ) ;
#4921 = STYLED_ITEM ( 'NONE', ( #2507 ), #1203 ) ;
#4922 = CARTESIAN_POINT ( 'NONE',  ( 1.599999999999988320, -1.125000000000016431, 0.2000000000000000111 ) ) ;
#4923 = UNCERTAINTY_MEASURE_WITH_UNIT (LENGTH_MEASURE( 1.000000000000000082E-05 ), #1355, 'distance_accuracy_value', 'NONE');
#4924 = CARTESIAN_POINT ( 'NONE',  ( -1.600000000000000755, -0.1749999999999946043, 0.02000000000000000042 ) ) ;
#4925 = EDGE_CURVE ( 'NONE', #1297, #1084, #3729, .T. ) ;
#4926 = EDGE_CURVE ( 'NONE', #1306, #5002, #1257, .T. ) ;
#4927 = DIRECTION ( 'NONE',  ( -0.0000000000000000000, -0.0000000000000000000, -1.000000000000000000 ) ) ;
#4928 = DIRECTION ( 'NONE',  ( -0.0000000000000000000, -0.0000000000000000000, -1.000000000000000000 ) ) ;
#4929 = PRESENTATION_STYLE_ASSIGNMENT (( #1657 ) ) ;
#4930 = LINE ( 'NONE', #3755, #3688 ) ;
#4931 = CARTESIAN_POINT ( 'NONE',  ( -2.000000000000003997, -1.124999999999993339, 0.0000000000000000000 ) ) ;
#4932 = PRESENTATION_STYLE_ASSIGNMENT (( #3263 ) ) ;
#4933 = CARTESIAN_POINT ( 'NONE',  ( 1.599999999999988320, -1.125000000000016431, 0.2000000000000000111 ) ) ;
#4934 = LINE ( 'NONE', #4966, #4476 ) ;
#4935 = CARTESIAN_POINT ( 'NONE',  ( 2.000000000000011546, 1.124999999999979350, 0.2000000000000000111 ) ) ;
#4936 = ORIENTED_EDGE ( 'NONE', *, *, #2559, .F. ) ;
#4937 = VECTOR ( 'NONE', #4743, 1000.000000000000000 ) ;
#4938 = FILL_AREA_STYLE_COLOUR ( '', #932 ) ;
#4939 =( GEOMETRIC_REPRESENTATION_CONTEXT ( 3 ) GLOBAL_UNCERTAINTY_ASSIGNED_CONTEXT ( ( #457 ) ) GLOBAL_UNIT_ASSIGNED_CONTEXT ( ( #2944, #526, #3342 ) ) REPRESENTATION_CONTEXT ( 'NONE', 'WORKASPACE' ) );
#4940 = SURFACE_STYLE_USAGE ( .BOTH. , #2469 ) ;
#4941 = AXIS2_PLACEMENT_3D ( 'NONE', #2365, #3230, #2428 ) ;
#4942 = AXIS2_PLACEMENT_3D ( 'NONE', #3112, #3512, #4738 ) ;
#4943 = FACE_OUTER_BOUND ( 'NONE', #626, .T. ) ;
#4944 =( GEOMETRIC_REPRESENTATION_CONTEXT ( 3 ) GLOBAL_UNCERTAINTY_ASSIGNED_CONTEXT ( ( #3846 ) ) GLOBAL_UNIT_ASSIGNED_CONTEXT ( ( #2413, #3193, #2851 ) ) REPRESENTATION_CONTEXT ( 'NONE', 'WORKASPACE' ) );
#4945 = VERTEX_POINT ( 'NONE', #383 ) ;
#4946 = STYLED_ITEM ( 'NONE', ( #1917 ), #4233 ) ;
#4947 = VECTOR ( 'NONE', #4780, 1000.000000000000000 ) ;
#4948 =( GEOMETRIC_REPRESENTATION_CONTEXT ( 3 ) GLOBAL_UNCERTAINTY_ASSIGNED_CONTEXT ( ( #3037 ) ) GLOBAL_UNIT_ASSIGNED_CONTEXT ( ( #3022, #3828, #3855 ) ) REPRESENTATION_CONTEXT ( 'NONE', 'WORKASPACE' ) );
#4949 = STYLED_ITEM ( 'NONE', ( #695 ), #1777 ) ;
#4950 = CARTESIAN_POINT ( 'NONE',  ( 1.600000000000011857, 1.124999999999983347, 0.0000000000000000000 ) ) ;
#4951 = PRESENTATION_LAYER_ASSIGNMENT (  '', '', ( #4946 ) ) ;
#4952 = DIRECTION ( 'NONE',  ( 1.000000000000000000, -6.776263578034401135E-15, 0.0000000000000000000 ) ) ;
#4953 = AXIS2_PLACEMENT_3D ( 'NONE', #747, #5191, #2357 ) ;
#4954 = VECTOR ( 'NONE', #3578, 1000.000000000000000 ) ;
#4955 = PRESENTATION_LAYER_ASSIGNMENT (  '', '', ( #1333 ) ) ;
#4956 = FACE_OUTER_BOUND ( 'NONE', #3569, .T. ) ;
#4957 = COLOUR_RGB ( '',0.7529411764705882248, 0.7529411764705882248, 0.7529411764705882248 ) ;
#4958 = FILL_AREA_STYLE_COLOUR ( '', #2430 ) ;
#4959 = PLANE ( 'NONE',  #4276 ) ;
#4960 = EDGE_CURVE ( 'NONE', #3039, #4066, #2492, .T. ) ;
#4961 = ORIENTED_EDGE ( 'NONE', *, *, #4063, .T. ) ;
#4962 = PLANE ( 'NONE',  #3095 ) ;
#4963 = VECTOR ( 'NONE', #4179, 1000.000000000000000 ) ;
#4964 = SURFACE_STYLE_USAGE ( .BOTH. , #5005 ) ;
#4965 = ORIENTED_EDGE ( 'NONE', *, *, #5196, .T. ) ;
#4966 = CARTESIAN_POINT ( 'NONE',  ( 1.600000000000008971, 0.8249999999999835243, 0.0000000000000000000 ) ) ;
#4967 = LINE ( 'NONE', #2503, #3946 ) ;
#4968 = ORIENTED_EDGE ( 'NONE', *, *, #2463, .F. ) ;
#4969 = EDGE_CURVE ( 'NONE', #987, #3026, #4487, .T. ) ;
#4970 = DIRECTION ( 'NONE',  ( -1.000000000000000000, 3.252606517456516063E-15, 0.0000000000000000000 ) ) ;
#4971 =( LENGTH_UNIT ( ) NAMED_UNIT ( * ) SI_UNIT ( .MILLI., .METRE. ) );
#4972 = SURFACE_STYLE_USAGE ( .BOTH. , #3353 ) ;
#4973 = CARTESIAN_POINT ( 'NONE',  ( 0.8250000000000001776, -2.000000000000000000, 0.0000000000000000000 ) ) ;
#4974 = ORIENTED_EDGE ( 'NONE', *, *, #2037, .T. ) ;
#4975 = CARTESIAN_POINT ( 'NONE',  ( 1.125000000000000000, -1.600000000000000089, 0.2000000000000000111 ) ) ;
#4976 = DIRECTION ( 'NONE',  ( -1.000000000000000000, 1.029992063861229370E-14, -0.0000000000000000000 ) ) ;
#4977 = DIRECTION ( 'NONE',  ( -1.000000000000000000, -0.0000000000000000000, -0.0000000000000000000 ) ) ;
#4978 = DIRECTION ( 'NONE',  ( -7.228014483236699908E-15, -1.000000000000000000, 0.0000000000000000000 ) ) ;
#4979 = SURFACE_STYLE_FILL_AREA ( #3732 ) ;
#4980 = ORIENTED_EDGE ( 'NONE', *, *, #2426, .T. ) ;
#4981 = PLANE ( 'NONE',  #551 ) ;
#4982 = VECTOR ( 'NONE', #1699, 1000.000000000000000 ) ;
#4983 = PRESENTATION_STYLE_ASSIGNMENT (( #3373 ) ) ;
#4984 =( NAMED_UNIT ( * ) PLANE_ANGLE_UNIT ( ) SI_UNIT ( $, .RADIAN. ) );
#4985 = ADVANCED_FACE ( 'NONE', ( #44 ), #2015, .F. ) ;
#4986 = LINE ( 'NONE', #149, #3253 ) ;
#4987 = EDGE_CURVE ( 'NONE', #3046, #121, #4532, .T. ) ;
#4988 = DIRECTION ( 'NONE',  ( -2.179300849217094331E-16, 1.000000000000000000, -0.0000000000000000000 ) ) ;
#4989 = COLOUR_RGB ( '',0.7529411764705882248, 0.7529411764705882248, 0.7529411764705882248 ) ;
#4990 = CARTESIAN_POINT ( 'NONE',  ( -1.600000000000003197, -0.8249999999999947375, 0.2000000000000000111 ) ) ;
#4991 = ORIENTED_EDGE ( 'NONE', *, *, #2887, .F. ) ;
#4992 = ORIENTED_EDGE ( 'NONE', *, *, #3811, .T. ) ;
#4993 = LINE ( 'NONE', #3844, #5102 ) ;
#4994 = VECTOR ( 'NONE', #1912, 1000.000000000000000 ) ;
#4995 = CARTESIAN_POINT ( 'NONE',  ( -1.989999999999999991, 1.989999999999999991, 0.1999999999999999833 ) ) ;
#4996 = UNCERTAINTY_MEASURE_WITH_UNIT (LENGTH_MEASURE( 1.000000000000000082E-05 ), #3598, 'distance_accuracy_value', 'NONE');
#4997 = CARTESIAN_POINT ( 'NONE',  ( -1.125000000000000000, -2.000000000000000000, 0.0000000000000000000 ) ) ;
#4998 = VECTOR ( 'NONE', #3799, 1000.000000000000000 ) ;
#4999 = DIRECTION ( 'NONE',  ( -3.252606517456514091E-15, -1.000000000000000000, 0.0000000000000000000 ) ) ;
#5000 = CARTESIAN_POINT ( 'NONE',  ( -1.124999999999988676, 1.600000000000007860, 0.0000000000000000000 ) ) ;
#5001 = CARTESIAN_POINT ( 'NONE',  ( 0.4750000000000001443, -1.989999999999999991, 0.9200000000000000400 ) ) ;
#5002 = VERTEX_POINT ( 'NONE', #4931 ) ;
#5003 = AXIS2_PLACEMENT_3D ( 'NONE', #4736, #4348, #273 ) ;
#5004 = LINE ( 'NONE', #2149, #2844 ) ;
#5005 = SURFACE_SIDE_STYLE ('',( #2967 ) ) ;
#5006 = ORIENTED_EDGE ( 'NONE', *, *, #2037, .F. ) ;
#5007 = PRESENTATION_STYLE_ASSIGNMENT (( #2621 ) ) ;
#5008 = VERTEX_POINT ( 'NONE', #2918 ) ;
#5009 = VERTEX_POINT ( 'NONE', #4562 ) ;
#5010 = CARTESIAN_POINT ( 'NONE',  ( -1.989999999999999991, 0.1750000000000067613, 0.9200000000000000400 ) ) ;
#5011 = PLANE ( 'NONE',  #5003 ) ;
#5012 = VERTEX_POINT ( 'NONE', #864 ) ;
#5013 = PRESENTATION_LAYER_ASSIGNMENT (  '', '', ( #2985 ) ) ;
#5014 = EDGE_LOOP ( 'NONE', ( #5074, #4634, #954, #1911 ) ) ;
#5015 = EDGE_CURVE ( 'NONE', #4945, #924, #2869, .T. ) ;
#5016 = EDGE_CURVE ( 'NONE', #4273, #1375, #3703, .T. ) ;
#5017 = VECTOR ( 'NONE', #3305, 1000.000000000000000 ) ;
#5018 = AXIS2_PLACEMENT_3D ( 'NONE', #2744, #2307, #251 ) ;
#5019 = STYLED_ITEM ( 'NONE', ( #4443 ), #1617 ) ;
#5020 = DIRECTION ( 'NONE',  ( 0.0000000000000000000, -1.000000000000000000, 0.0000000000000000000 ) ) ;
#5021 = EDGE_CURVE ( 'NONE', #1190, #3618, #838, .T. ) ;
#5022 = MECHANICAL_DESIGN_GEOMETRIC_PRESENTATION_REPRESENTATION (  '', ( #4373 ), #3169 ) ;
#5023 = LINE ( 'NONE', #4196, #390 ) ;
#5024 =( GEOMETRIC_REPRESENTATION_CONTEXT ( 3 ) GLOBAL_UNCERTAINTY_ASSIGNED_CONTEXT ( ( #1415 ) ) GLOBAL_UNIT_ASSIGNED_CONTEXT ( ( #4188, #825, #4166 ) ) REPRESENTATION_CONTEXT ( 'NONE', 'WORKASPACE' ) );
#5025 = COLOUR_RGB ( '',0.7529411764705882248, 0.7529411764705882248, 0.7529411764705882248 ) ;
#5026 = STYLED_ITEM ( 'NONE', ( #4231 ), #2464 ) ;
#5027 = EDGE_LOOP ( 'NONE', ( #3762, #3740, #1669, #5187 ) ) ;
#5028 = APPLICATION_CONTEXT ( 'automotive_design' ) ;
#5029 = PRESENTATION_LAYER_ASSIGNMENT (  '', '', ( #1741 ) ) ;
#5030 = ORIENTED_EDGE ( 'NONE', *, *, #4098, .F. ) ;
#5031 = DIRECTION ( 'NONE',  ( -1.000000000000000000, 0.0000000000000000000, 0.0000000000000000000 ) ) ;
#5032 = MECHANICAL_DESIGN_GEOMETRIC_PRESENTATION_REPRESENTATION (  '', ( #1149 ), #2932 ) ;
#5033 = PLANE ( 'NONE',  #1814 ) ;
#5034 = EDGE_LOOP ( 'NONE', ( #3280, #4419, #4483, #2273, #1989, #314 ) ) ;
#5035 = DIRECTION ( 'NONE',  ( -1.089650424608547042E-16, 1.000000000000000000, 0.0000000000000000000 ) ) ;
#5036 = SURFACE_STYLE_FILL_AREA ( #935 ) ;
#5037 = COLOUR_RGB ( '',0.7960784313725489669, 0.8235294117647058432, 0.9372549019607843146 ) ;
#5038 = STYLED_ITEM ( 'NONE', ( #2861 ), #2862 ) ;
#5039 = DIRECTION ( 'NONE',  ( -7.047314121155776454E-15, -1.000000000000000000, -0.0000000000000000000 ) ) ;
#5040 = ORIENTED_EDGE ( 'NONE', *, *, #1939, .T. ) ;
#5041 = CARTESIAN_POINT ( 'NONE',  ( -1.600000000000003864, -1.124999999999994449, 0.02000000000000000042 ) ) ;
#5042 = UNCERTAINTY_MEASURE_WITH_UNIT (LENGTH_MEASURE( 1.000000000000000082E-05 ), #233, 'distance_accuracy_value', 'NONE');
#5043 = EDGE_CURVE ( 'NONE', #2623, #1556, #3285, .T. ) ;
#5044 = LINE ( 'NONE', #203, #2643 ) ;
#5045 = ORIENTED_EDGE ( 'NONE', *, *, #1580, .T. ) ;
#5046 = EDGE_CURVE ( 'NONE', #1290, #4726, #4910, .T. ) ;
#5047 = ADVANCED_FACE ( 'NONE', ( #1283 ), #437, .F. ) ;
#5048 = DIRECTION ( 'NONE',  ( 1.011922027653138050E-14, 1.000000000000000000, -0.0000000000000000000 ) ) ;
#5049 = VERTEX_POINT ( 'NONE', #5088 ) ;
#5050 = FACE_OUTER_BOUND ( 'NONE', #5080, .T. ) ;
#5051 = VECTOR ( 'NONE', #2026, 1000.000000000000000 ) ;
#5052 =( NAMED_UNIT ( * ) SI_UNIT ( $, .STERADIAN. ) SOLID_ANGLE_UNIT ( ) );
#5053 = ORIENTED_EDGE ( 'NONE', *, *, #2012, .T. ) ;
#5054 = SURFACE_STYLE_FILL_AREA ( #4706 ) ;
#5055 = SURFACE_STYLE_FILL_AREA ( #1430 ) ;
#5056 = ORIENTED_EDGE ( 'NONE', *, *, #604, .T. ) ;
#5057 = CARTESIAN_POINT ( 'NONE',  ( -1.124999999999988676, 1.600000000000007860, 0.0000000000000000000 ) ) ;
#5058 = SURFACE_SIDE_STYLE ('',( #3455 ) ) ;
#5059 = FACE_OUTER_BOUND ( 'NONE', #4558, .T. ) ;
#5060 = ORIENTED_EDGE ( 'NONE', *, *, #2787, .T. ) ;
#5061 = FACE_OUTER_BOUND ( 'NONE', #4582, .T. ) ;
#5062 = ORIENTED_EDGE ( 'NONE', *, *, #1548, .F. ) ;
#5063 = DIRECTION ( 'NONE',  ( 1.050320854595332578E-14, 1.000000000000000000, -0.0000000000000000000 ) ) ;
#5064 = PLANE ( 'NONE',  #3441 ) ;
#5065 = VECTOR ( 'NONE', #5228, 1000.000000000000000 ) ;
#5066 = CARTESIAN_POINT ( 'NONE',  ( -1.599999999999999201, 0.1750000000000053735, 0.2000000000000000111 ) ) ;
#5067 = VERTEX_POINT ( 'NONE', #5116 ) ;
#5068 =( NAMED_UNIT ( * ) SI_UNIT ( $, .STERADIAN. ) SOLID_ANGLE_UNIT ( ) );
#5069 = EDGE_CURVE ( 'NONE', #4387, #3389, #4335, .T. ) ;
#5070 = DIRECTION ( 'NONE',  ( -1.000000000000000000, 0.0000000000000000000, -0.0000000000000000000 ) ) ;
#5071 = ORIENTED_EDGE ( 'NONE', *, *, #871, .T. ) ;
#5072 = LINE ( 'NONE', #3938, #2486 ) ;
#5073 = EDGE_LOOP ( 'NONE', ( #991, #3298, #1558, #4182 ) ) ;
#5074 = ORIENTED_EDGE ( 'NONE', *, *, #604, .F. ) ;
#5075 = DIRECTION ( 'NONE',  ( 1.002887009549092390E-14, 1.000000000000000000, -0.0000000000000000000 ) ) ;
#5076 =( LENGTH_UNIT ( ) NAMED_UNIT ( * ) SI_UNIT ( .MILLI., .METRE. ) );
#5077 = CARTESIAN_POINT ( 'NONE',  ( -1.600000000000003197, -0.8249999999999947375, 0.01999999999999999695 ) ) ;
#5078 = SURFACE_STYLE_FILL_AREA ( #3947 ) ;
#5079 = VERTEX_POINT ( 'NONE', #926 ) ;
#5080 = EDGE_LOOP ( 'NONE', ( #1643, #193, #3489, #165 ) ) ;
#5081 = CARTESIAN_POINT ( 'NONE',  ( 0.8250000000000000666, -1.600000000000000311, 0.2000000000000000111 ) ) ;
#5082 = PRESENTATION_STYLE_ASSIGNMENT (( #4381 ) ) ;
#5083 = UNCERTAINTY_MEASURE_WITH_UNIT (LENGTH_MEASURE( 1.000000000000000082E-05 ), #2095, 'distance_accuracy_value', 'NONE');
#5084 = CARTESIAN_POINT ( 'NONE',  ( -1.989999999999999991, 1.125000000000006661, 0.9200000000000000400 ) ) ;
#5085 = AXIS2_PLACEMENT_3D ( 'NONE', #4585, #290, #3557 ) ;
#5086 = ORIENTED_EDGE ( 'NONE', *, *, #5161, .T. ) ;
#5087 = LINE ( 'NONE', #3926, #5095 ) ;
#5088 = CARTESIAN_POINT ( 'NONE',  ( -0.8249999999999889644, 1.600000000000006084, 0.0000000000000000000 ) ) ;
#5089 = VECTOR ( 'NONE', #3408, 1000.000000000000000 ) ;
#5090 =( GEOMETRIC_REPRESENTATION_CONTEXT ( 3 ) GLOBAL_UNCERTAINTY_ASSIGNED_CONTEXT ( ( #3715 ) ) GLOBAL_UNIT_ASSIGNED_CONTEXT ( ( #5203, #2836, #3255 ) ) REPRESENTATION_CONTEXT ( 'NONE', 'WORKASPACE' ) );
#5091 = FILL_AREA_STYLE_COLOUR ( '', #4629 ) ;
#5092 = STYLED_ITEM ( 'NONE', ( #5210 ), #3406 ) ;
#5093 = ORIENTED_EDGE ( 'NONE', *, *, #1097, .T. ) ;
#5094 = SURFACE_STYLE_FILL_AREA ( #4635 ) ;
#5095 = VECTOR ( 'NONE', #3490, 1000.000000000000000 ) ;
#5096 = COLOUR_RGB ( '',0.7529411764705882248, 0.7529411764705882248, 0.7529411764705882248 ) ;
#5097 = ORIENTED_EDGE ( 'NONE', *, *, #4684, .T. ) ;
#5098 = EDGE_CURVE ( 'NONE', #4828, #1653, #1497, .T. ) ;
#5099 = PRESENTATION_STYLE_ASSIGNMENT (( #2644 ) ) ;
#5100 =( NAMED_UNIT ( * ) SI_UNIT ( $, .STERADIAN. ) SOLID_ANGLE_UNIT ( ) );
#5101 = ORIENTED_EDGE ( 'NONE', *, *, #2425, .F. ) ;
#5102 = VECTOR ( 'NONE', #1019, 1000.000000000000000 ) ;
#5103 = FILL_AREA_STYLE_COLOUR ( '', #1063 ) ;
#5104 = COLOUR_RGB ( '',0.7529411764705882248, 0.7529411764705882248, 0.7529411764705882248 ) ;
#5105 = AXIS2_PLACEMENT_3D ( 'NONE', #986, #4288, #631 ) ;
#5106 = VECTOR ( 'NONE', #139, 1000.000000000000000 ) ;
#5107 = EDGE_CURVE ( 'NONE', #1279, #1478, #227, .T. ) ;
#5108 = ORIENTED_EDGE ( 'NONE', *, *, #298, .T. ) ;
#5109 = LINE ( 'NONE', #1517, #4878 ) ;
#5110 = LINE ( 'NONE', #2354, #4841 ) ;
#5111 = CARTESIAN_POINT ( 'NONE',  ( -1.599999999999999201, 0.1750000000000053735, 0.2000000000000000111 ) ) ;
#5112 = AXIS2_PLACEMENT_3D ( 'NONE', #1181, #1247, #284 ) ;
#5113 = SURFACE_STYLE_USAGE ( .BOTH. , #3520 ) ;
#5114 = VERTEX_POINT ( 'NONE', #1526 ) ;
#5115 =( NAMED_UNIT ( * ) SI_UNIT ( $, .STERADIAN. ) SOLID_ANGLE_UNIT ( ) );
#5116 = CARTESIAN_POINT ( 'NONE',  ( 1.125000000000013767, 1.999999999999992228, 0.2000000000000000111 ) ) ;
#5117 = LINE ( 'NONE', #3885, #451 ) ;
#5118 = EDGE_LOOP ( 'NONE', ( #2148, #1242, #3665, #1901 ) ) ;
#5119 = SURFACE_STYLE_USAGE ( .BOTH. , #1609 ) ;
#5120 =( NAMED_UNIT ( * ) PLANE_ANGLE_UNIT ( ) SI_UNIT ( $, .RADIAN. ) );
#5121 = ORIENTED_EDGE ( 'NONE', *, *, #235, .F. ) ;
#5122 = DIRECTION ( 'NONE',  ( 0.0000000000000000000, 0.0000000000000000000, -1.000000000000000000 ) ) ;
#5123 = VERTEX_POINT ( 'NONE', #2943 ) ;
#5124 = PLANE ( 'NONE',  #983 ) ;
#5125 =( NAMED_UNIT ( * ) SI_UNIT ( $, .STERADIAN. ) SOLID_ANGLE_UNIT ( ) );
#5126 = ADVANCED_FACE ( 'NONE', ( #668 ), #5064, .F. ) ;
#5127 = CARTESIAN_POINT ( 'NONE',  ( 0.1750000000000002387, -1.600000000000000089, 0.02000000000000000042 ) ) ;
#5128 = VECTOR ( 'NONE', #3459, 1000.000000000000000 ) ;
#5129 = CARTESIAN_POINT ( 'NONE',  ( 1.989999999999999547, 0.4749999999999834910, 0.1999999999999999833 ) ) ;
#5130 = FACE_OUTER_BOUND ( 'NONE', #3187, .T. ) ;
#5131 = VERTEX_POINT ( 'NONE', #2150 ) ;
#5132 = DIRECTION ( 'NONE',  ( 0.0000000000000000000, -0.0000000000000000000, -1.000000000000000000 ) ) ;
#5133 = SURFACE_STYLE_USAGE ( .BOTH. , #104 ) ;
#5134 = EDGE_CURVE ( 'NONE', #1763, #1190, #180, .T. ) ;
#5135 = ADVANCED_FACE ( 'NONE', ( #618, #2238 ), #3883, .F. ) ;
#5136 = UNCERTAINTY_MEASURE_WITH_UNIT (LENGTH_MEASURE( 1.000000000000000082E-05 ), #2375, 'distance_accuracy_value', 'NONE');
#5137 =( LENGTH_UNIT ( ) NAMED_UNIT ( * ) SI_UNIT ( .MILLI., .METRE. ) );
#5138 = FILL_AREA_STYLE ('',( #3902 ) ) ;
#5139 = ORIENTED_EDGE ( 'NONE', *, *, #3610, .T. ) ;
#5140 = CARTESIAN_POINT ( 'NONE',  ( -1.989999999999999991, 1.989999999999999991, 0.02000000000000000042 ) ) ;
#5141 = PRESENTATION_STYLE_ASSIGNMENT (( #3247 ) ) ;
#5142 = CARTESIAN_POINT ( 'NONE',  ( -0.1749999999999861389, 1.989999999999999991, 0.02000000000000000042 ) ) ;
#5143 = FACE_OUTER_BOUND ( 'NONE', #4865, .T. ) ;
#5144 = SURFACE_STYLE_USAGE ( .BOTH. , #2755 ) ;
#5145 = VERTEX_POINT ( 'NONE', #337 ) ;
#5146 = FACE_OUTER_BOUND ( 'NONE', #2201, .T. ) ;
#5147 = ORIENTED_EDGE ( 'NONE', *, *, #4926, .T. ) ;
#5148 = VECTOR ( 'NONE', #3905, 1000.000000000000000 ) ;
#5149 = EDGE_LOOP ( 'NONE', ( #1853, #1185, #734, #1554 ) ) ;
#5150 = CARTESIAN_POINT ( 'NONE',  ( -1.124999999999986233, 2.000000000000007994, 0.2000000000000000111 ) ) ;
#5151 = VERTEX_POINT ( 'NONE', #775 ) ;
#5152 = DIRECTION ( 'NONE',  ( 0.0000000000000000000, 0.0000000000000000000, -1.000000000000000000 ) ) ;
#5153 = FILL_AREA_STYLE_COLOUR ( '', #3754 ) ;
#5154 = DIRECTION ( 'NONE',  ( -7.047314121155776454E-15, -1.000000000000000000, -0.0000000000000000000 ) ) ;
#5155 = DIRECTION ( 'NONE',  ( 1.000000000000000000, -2.891205793294679805E-15, 0.0000000000000000000 ) ) ;
#5156 = ADVANCED_FACE ( 'NONE', ( #4059 ), #4770, .F. ) ;
#5157 = PLANE ( 'NONE',  #4864 ) ;
#5158 = EDGE_LOOP ( 'NONE', ( #3239, #282, #430, #5108 ) ) ;
#5159 = DIRECTION ( 'NONE',  ( 0.0000000000000000000, -1.000000000000000000, 0.0000000000000000000 ) ) ;
#5160 = DIRECTION ( 'NONE',  ( 1.000000000000000000, -1.029992063861229055E-14, 0.0000000000000000000 ) ) ;
#5161 = EDGE_CURVE ( 'NONE', #3208, #5145, #1624, .T. ) ;
#5162 = VERTEX_POINT ( 'NONE', #3982 ) ;
#5163 =( NAMED_UNIT ( * ) SI_UNIT ( $, .STERADIAN. ) SOLID_ANGLE_UNIT ( ) );
#5164 = SURFACE_STYLE_FILL_AREA ( #3174 ) ;
#5165 = EDGE_CURVE ( 'NONE', #2103, #4057, #3631, .T. ) ;
#5166 = SURFACE_STYLE_FILL_AREA ( #2364 ) ;
#5167 = FILL_AREA_STYLE_COLOUR ( '', #1973 ) ;
#5168 = ORIENTED_EDGE ( 'NONE', *, *, #3307, .F. ) ;
#5169 = DIRECTION ( 'NONE',  ( 1.000000000000000000, -2.981555974335137982E-15, 0.0000000000000000000 ) ) ;
#5170 = VECTOR ( 'NONE', #4508, 1000.000000000000000 ) ;
#5171 =( GEOMETRIC_REPRESENTATION_CONTEXT ( 3 ) GLOBAL_UNCERTAINTY_ASSIGNED_CONTEXT ( ( #4085 ) ) GLOBAL_UNIT_ASSIGNED_CONTEXT ( ( #4426, #4837, #1347 ) ) REPRESENTATION_CONTEXT ( 'NONE', 'WORKASPACE' ) );
#5172 = ORIENTED_EDGE ( 'NONE', *, *, #1103, .F. ) ;
#5173 =( NAMED_UNIT ( * ) PLANE_ANGLE_UNIT ( ) SI_UNIT ( $, .RADIAN. ) );
#5174 = ORIENTED_EDGE ( 'NONE', *, *, #2111, .F. ) ;
#5175 = COLOUR_RGB ( '',0.7529411764705882248, 0.7529411764705882248, 0.7529411764705882248 ) ;
#5176 = MECHANICAL_DESIGN_GEOMETRIC_PRESENTATION_REPRESENTATION (  '', ( #2223 ), #3072 ) ;
#5177 = PRESENTATION_STYLE_ASSIGNMENT (( #320 ) ) ;
#5178 = ORIENTED_EDGE ( 'NONE', *, *, #85, .F. ) ;
#5179 = DIRECTION ( 'NONE',  ( 0.0000000000000000000, 0.0000000000000000000, -1.000000000000000000 ) ) ;
#5180 =( NAMED_UNIT ( * ) PLANE_ANGLE_UNIT ( ) SI_UNIT ( $, .RADIAN. ) );
#5181 = VECTOR ( 'NONE', #1631, 1000.000000000000000 ) ;
#5182 = MECHANICAL_DESIGN_GEOMETRIC_PRESENTATION_REPRESENTATION (  '', ( #961 ), #2065 ) ;
#5183 = CARTESIAN_POINT ( 'NONE',  ( 1.989999999999999103, 1.989999999999999991, 0.02000000000000000042 ) ) ;
#5184 = CARTESIAN_POINT ( 'NONE',  ( 0.8250000000000136113, 1.989999999999999991, 0.9200000000000000400 ) ) ;
#5185 = PRESENTATION_LAYER_ASSIGNMENT (  '', '', ( #4876 ) ) ;
#5186 = PLANE ( 'NONE',  #100 ) ;
#5187 = ORIENTED_EDGE ( 'NONE', *, *, #1311, .F. ) ;
#5188 = DIRECTION ( 'NONE',  ( -1.011922027653138050E-14, -1.000000000000000000, 0.0000000000000000000 ) ) ;
#5189 = CARTESIAN_POINT ( 'NONE',  ( 1.989999999999999991, -1.989999999999999991, 0.9200000000000000400 ) ) ;
#5190 = UNCERTAINTY_MEASURE_WITH_UNIT (LENGTH_MEASURE( 1.000000000000000082E-05 ), #5137, 'distance_accuracy_value', 'NONE');
#5191 = DIRECTION ( 'NONE',  ( -0.0000000000000000000, 0.0000000000000000000, 1.000000000000000000 ) ) ;
#5192 = VERTEX_POINT ( 'NONE', #2311 ) ;
#5193 = STYLED_ITEM ( 'NONE', ( #5099 ), #2808 ) ;
#5194 =( LENGTH_UNIT ( ) NAMED_UNIT ( * ) SI_UNIT ( .MILLI., .METRE. ) );
#5195 =( NAMED_UNIT ( * ) PLANE_ANGLE_UNIT ( ) SI_UNIT ( $, .RADIAN. ) );
#5196 = EDGE_CURVE ( 'NONE', #2641, #3039, #1123, .T. ) ;
#5197 = UNCERTAINTY_MEASURE_WITH_UNIT (LENGTH_MEASURE( 1.000000000000000082E-05 ), #2009, 'distance_accuracy_value', 'NONE');
#5198 = VECTOR ( 'NONE', #995, 999.9999999999998863 ) ;
#5199 = ORIENTED_EDGE ( 'NONE', *, *, #5202, .T. ) ;
#5200 = SURFACE_STYLE_FILL_AREA ( #1134 ) ;
#5201 = EDGE_CURVE ( 'NONE', #143, #4853, #1918, .T. ) ;
#5202 = EDGE_CURVE ( 'NONE', #2971, #4397, #1208, .T. ) ;
#5203 =( LENGTH_UNIT ( ) NAMED_UNIT ( * ) SI_UNIT ( .MILLI., .METRE. ) );
#5204 =( NAMED_UNIT ( * ) PLANE_ANGLE_UNIT ( ) SI_UNIT ( $, .RADIAN. ) );
#5205 = ORIENTED_EDGE ( 'NONE', *, *, #3739, .F. ) ;
#5206 = LINE ( 'NONE', #4833, #4628 ) ;
#5207 = DIRECTION ( 'NONE',  ( -5.421010862427523156E-16, 1.000000000000000000, -0.0000000000000000000 ) ) ;
#5208 = SURFACE_STYLE_USAGE ( .BOTH. , #762 ) ;
#5209 =( NAMED_UNIT ( * ) SI_UNIT ( $, .STERADIAN. ) SOLID_ANGLE_UNIT ( ) );
#5210 = PRESENTATION_STYLE_ASSIGNMENT (( #3649 ) ) ;
#5211 = EDGE_LOOP ( 'NONE', ( #3887, #1888, #2454, #584, #1948, #884 ) ) ;
#5212 = SURFACE_STYLE_USAGE ( .BOTH. , #2709 ) ;
#5213 = CARTESIAN_POINT ( 'NONE',  ( 0.8250000000000111688, 1.599999999999994316, 0.2000000000000000111 ) ) ;
#5214 = PLANE ( 'NONE',  #2456 ) ;
#5215 = SURFACE_STYLE_USAGE ( .BOTH. , #3141 ) ;
#5216 = PLANE ( 'NONE',  #1048 ) ;
#5217 = ORIENTED_EDGE ( 'NONE', *, *, #5201, .T. ) ;
#5218 = DIRECTION ( 'NONE',  ( -1.000000000000000000, 1.002887009549092390E-14, 0.0000000000000000000 ) ) ;
#5219 = FILL_AREA_STYLE_COLOUR ( '', #4620 ) ;
#5220 = VERTEX_POINT ( 'NONE', #1158 ) ;
#5221 = CARTESIAN_POINT ( 'NONE',  ( 0.8249999999999858558, -1.990000000000019975, 0.02000000000000000042 ) ) ;
#5222 = PLANE ( 'NONE',  #258 ) ;
#5223 = EDGE_LOOP ( 'NONE', ( #1441, #37, #3267, #4832, #3068, #4402 ) ) ;
#5224 = EDGE_CURVE ( 'NONE', #5131, #3393, #2773, .T. ) ;
#5225 = EDGE_CURVE ( 'NONE', #4595, #4264, #4498, .T. ) ;
#5226 = CARTESIAN_POINT ( 'NONE',  ( 1.989999999999999547, 0.1749999999999793943, 0.2000000000000000111 ) ) ;
#5227 = DIRECTION ( 'NONE',  ( 1.000000000000000000, 0.0000000000000000000, 0.0000000000000000000 ) ) ;
#5228 = DIRECTION ( 'NONE',  ( -0.0000000000000000000, -0.0000000000000000000, -1.000000000000000000 ) ) ;
#5229 = CARTESIAN_POINT ( 'NONE',  ( -2.000000000000000444, -0.1749999999999932443, 0.2000000000000000111 ) ) ;
#5230 = CARTESIAN_POINT ( 'NONE',  ( 1.599999999999988320, -1.125000000000016431, 0.0000000000000000000 ) ) ;
#5231 = PRESENTATION_STYLE_ASSIGNMENT (( #4079 ) ) ;
#5232 = EDGE_CURVE ( 'NONE', #3026, #576, #32, .T. ) ;
#5233 = VERTEX_POINT ( 'NONE', #1360 ) ;
#5234 = PRESENTATION_STYLE_ASSIGNMENT (( #1735 ) ) ;
#5235 =( NAMED_UNIT ( * ) PLANE_ANGLE_UNIT ( ) SI_UNIT ( $, .RADIAN. ) );
#5236 = AXIS2_PLACEMENT_3D ( 'NONE', #4114, #3714, #52 ) ;
#5237 = PLANE ( 'NONE',  #4953 ) ;
#5238 = ORIENTED_EDGE ( 'NONE', *, *, #4772, .T. ) ;
#5239 = CARTESIAN_POINT ( 'NONE',  ( 0.4750000000000001443, -1.989999999999999991, 0.02000000000000000042 ) ) ;
#5240 = DIRECTION ( 'NONE',  ( 1.000000000000000000, -1.029992063861229370E-14, 0.0000000000000000000 ) ) ;
#5241 = LINE ( 'NONE', #3877, #3225 ) ;
#5242 = PRESENTATION_STYLE_ASSIGNMENT (( #5144 ) ) ;
ENDSEC;
END-ISO-10303-21;
