ISO-10303-21;
HEADER;
FILE_DESCRIPTION (( 'STEP AP214' ),
    '1' );
FILE_NAME ('User Library-TSSOP-20-2.STEP',
    '2025-05-07T15:32:07',
    ( '' ),
    ( '' ),
    'SwSTEP 2.0',
    'SolidWorks 2022',
    '' );
FILE_SCHEMA (( 'AUTOMOTIVE_DESIGN' ));
ENDSEC;

DATA;
#1 = DIRECTION ( 'NONE',  ( -0.2060104810498420147, 0.0000000000000000000, -0.9785497849867490494 ) ) ;
#2 = SURFACE_STYLE_FILL_AREA ( #1232 ) ;
#3 = CARTESIAN_POINT ( 'NONE',  ( 0.1499999999999999944, -3.200000000000000178, -2.925000000000000266 ) ) ;
#4 = ORIENTED_EDGE ( 'NONE', *, *, #1683, .F. ) ;
#5 = MECHANICAL_DESIGN_GEOMETRIC_PRESENTATION_REPRESENTATION (  '', ( #1047 ), #2163 ) ;
#6 = CYLINDRICAL_SURFACE ( 'NONE', #1747, 0.07500000000000001110 ) ;
#7 = AXIS2_PLACEMENT_3D ( 'NONE', #563, #1801, #400 ) ;
#8 = EDGE_CURVE ( 'NONE', #1894, #1088, #1192, .T. ) ;
#9 = CARTESIAN_POINT ( 'NONE',  ( 0.0000000000000000000, -2.640099048196850262, -3.049999999999999822 ) ) ;
#10 = LINE ( 'NONE', #2206, #1745 ) ;
#11 = EDGE_CURVE ( 'NONE', #15, #968, #1543, .T. ) ;
#12 = EDGE_LOOP ( 'NONE', ( #1573, #384, #1775, #526 ) ) ;
#13 = PRODUCT_DEFINITION_SHAPE ( 'NONE', 'NONE',  #2392 ) ;
#14 = CARTESIAN_POINT ( 'NONE',  ( 0.6000000000000000888, 2.100000000000000089, -2.925000000000000266 ) ) ;
#15 = VERTEX_POINT ( 'NONE', #2338 ) ;
#16 = UNCERTAINTY_MEASURE_WITH_UNIT (LENGTH_MEASURE( 1.000000000000000082E-05 ), #871, 'distance_accuracy_value', 'NONE');
#17 = DIRECTION ( 'NONE',  ( 1.000000000000000000, 0.0000000000000000000, -0.0000000000000000000 ) ) ;
#18 = FILL_AREA_STYLE ('',( #274 ) ) ;
#19 = DIRECTION ( 'NONE',  ( 0.0000000000000000000, -1.000000000000000000, -0.0000000000000000000 ) ) ;
#20 = APPLICATION_CONTEXT ( 'automotive_design' ) ;
#21 = SURFACE_STYLE_FILL_AREA ( #2245 ) ;
#22 = EDGE_LOOP ( 'NONE', ( #1973, #749, #873, #416 ) ) ;
#23 = EDGE_CURVE ( 'NONE', #319, #352, #2048, .T. ) ;
#24 = SHAPE_REPRESENTATION_RELATIONSHIP ( 'NONE' , 'NONE' ,  #1193, #1966 ) ;
#25 = LINE ( 'NONE', #1487, #1368 ) ;
#26 = PRESENTATION_LAYER_ASSIGNMENT (  '', '', ( #115 ) ) ;
#27 = ORIENTED_EDGE ( 'NONE', *, *, #599, .T. ) ;
#28 =( NAMED_UNIT ( * ) PLANE_ANGLE_UNIT ( ) SI_UNIT ( $, .RADIAN. ) );
#29 = FACE_OUTER_BOUND ( 'NONE', #53, .T. ) ;
#30 = SURFACE_SIDE_STYLE ('',( #726 ) ) ;
#31 = MECHANICAL_DESIGN_GEOMETRIC_PRESENTATION_REPRESENTATION (  '', ( #511 ), #192 ) ;
#32 = STYLED_ITEM ( 'NONE', ( #2170 ), #888 ) ;
#33 = CARTESIAN_POINT ( 'NONE',  ( 0.5999999999999999778, -2.306680960442910155, -3.049999999999999822 ) ) ;
#34 =( NAMED_UNIT ( * ) SI_UNIT ( $, .STERADIAN. ) SOLID_ANGLE_UNIT ( ) );
#35 = COLOUR_RGB ( '',0.1176470588235294101, 0.1176470588235294101, 0.1176470588235294101 ) ;
#36 = PRODUCT_DEFINITION_SHAPE ( 'NONE', 'NONE',  #2390 ) ;
#37 = MECHANICAL_DESIGN_GEOMETRIC_PRESENTATION_REPRESENTATION (  '', ( #889 ), #2235 ) ;
#38 = FACE_OUTER_BOUND ( 'NONE', #564, .T. ) ;
#39 = COLOUR_RGB ( '',0.7490196078431372584, 0.7490196078431372584, 0.7490196078431372584 ) ;
#40 = ORIENTED_EDGE ( 'NONE', *, *, #2207, .F. ) ;
#41 = UNCERTAINTY_MEASURE_WITH_UNIT (LENGTH_MEASURE( 1.000000000000000082E-05 ), #612, 'distance_accuracy_value', 'NONE');
#42 =( NAMED_UNIT ( * ) PLANE_ANGLE_UNIT ( ) SI_UNIT ( $, .RADIAN. ) );
#43 = PRESENTATION_STYLE_ASSIGNMENT (( #960 ) ) ;
#44 = ORIENTED_EDGE ( 'NONE', *, *, #1292, .T. ) ;
#45 = DIRECTION ( 'NONE',  ( 0.0000000000000000000, -1.000000000000000000, 0.0000000000000000000 ) ) ;
#46 = DIRECTION ( 'NONE',  ( -0.0000000000000000000, -1.000000000000000000, -0.0000000000000000000 ) ) ;
#47 = AXIS2_PLACEMENT_3D ( 'NONE', #2171, #1796, #1064 ) ;
#48 = SHAPE_DEFINITION_REPRESENTATION ( #791, #124 ) ;
#49 = UNCERTAINTY_MEASURE_WITH_UNIT (LENGTH_MEASURE( 1.000000000000000082E-05 ), #1498, 'distance_accuracy_value', 'NONE');
#50 = ORIENTED_EDGE ( 'NONE', *, *, #1836, .F. ) ;
#51 =( NAMED_UNIT ( * ) SI_UNIT ( $, .STERADIAN. ) SOLID_ANGLE_UNIT ( ) );
#52 = CARTESIAN_POINT ( 'NONE',  ( 0.5999999999999999778, -2.306680960442910155, -2.799999999999999822 ) ) ;
#53 = EDGE_LOOP ( 'NONE', ( #341, #1464, #1722, #1623 ) ) ;
#54 =( LENGTH_UNIT ( ) NAMED_UNIT ( * ) SI_UNIT ( .MILLI., .METRE. ) );
#55 = FACE_BOUND ( 'NONE', #1390, .T. ) ;
#56 = LINE ( 'NONE', #2297, #1183 ) ;
#57 = EDGE_CURVE ( 'NONE', #1184, #592, #292, .T. ) ;
#58 = CARTESIAN_POINT ( 'NONE',  ( 0.0000000000000000000, 2.640099048196850262, -2.925000000000000266 ) ) ;
#59 = APPLICATION_PROTOCOL_DEFINITION ( 'draft international standard', 'automotive_design', 1998, #1492 ) ;
#60 = ORIENTED_EDGE ( 'NONE', *, *, #1951, .T. ) ;
#61 = UNCERTAINTY_MEASURE_WITH_UNIT (LENGTH_MEASURE( 1.000000000000000082E-05 ), #630, 'distance_accuracy_value', 'NONE');
#62 =( LENGTH_UNIT ( ) NAMED_UNIT ( * ) SI_UNIT ( .MILLI., .METRE. ) );
#63 = STYLED_ITEM ( 'NONE', ( #1750 ), #90 ) ;
#64 = CARTESIAN_POINT ( 'NONE',  ( 2.589999999999999858, 1.064999999999999947, 1.000000000000000000 ) ) ;
#65 =( GEOMETRIC_REPRESENTATION_CONTEXT ( 3 ) GLOBAL_UNCERTAINTY_ASSIGNED_CONTEXT ( ( #1569 ) ) GLOBAL_UNIT_ASSIGNED_CONTEXT ( ( #2229, #1297, #1877 ) ) REPRESENTATION_CONTEXT ( 'NONE', 'WORKASPACE' ) );
#66 = PLANE ( 'NONE',  #1099 ) ;
#67 =( NAMED_UNIT ( * ) SI_UNIT ( $, .STERADIAN. ) SOLID_ANGLE_UNIT ( ) );
#68 = APPLICATION_CONTEXT ( 'automotive_design' ) ;
#69 = DIRECTION ( 'NONE',  ( 0.0000000000000000000, 0.0000000000000000000, -1.000000000000000000 ) ) ;
#70 = MECHANICAL_DESIGN_GEOMETRIC_PRESENTATION_REPRESENTATION (  '', ( #732 ), #233 ) ;
#71 = EDGE_CURVE ( 'NONE', #1583, #793, #1060, .T. ) ;
#72 =( NAMED_UNIT ( * ) PLANE_ANGLE_UNIT ( ) SI_UNIT ( $, .RADIAN. ) );
#73 = PRODUCT_CONTEXT ( 'NONE', #20, 'mechanical' ) ;
#74 = UNCERTAINTY_MEASURE_WITH_UNIT (LENGTH_MEASURE( 1.000000000000000082E-05 ), #1982, 'distance_accuracy_value', 'NONE');
#75 =( NAMED_UNIT ( * ) SI_UNIT ( $, .STERADIAN. ) SOLID_ANGLE_UNIT ( ) );
#76 = PRESENTATION_LAYER_ASSIGNMENT (  '', '', ( #1097 ) ) ;
#77 = STYLED_ITEM ( 'NONE', ( #1692 ), #915 ) ;
#78 = VERTEX_POINT ( 'NONE', #1035 ) ;
#79 = VECTOR ( 'NONE', #1444, 1000.000000000000000 ) ;
#80 = CIRCLE ( 'NONE', #2274, 0.1499999999999999944 ) ;
#81 = MECHANICAL_DESIGN_GEOMETRIC_PRESENTATION_REPRESENTATION (  '', ( #2150 ), #967 ) ;
#82 = DIRECTION ( 'NONE',  ( -0.0000000000000000000, -1.000000000000000000, 0.0000000000000000000 ) ) ;
#83 = AXIS2_PLACEMENT_3D ( 'NONE', #1811, #198, #17 ) ;
#84 =( GEOMETRIC_REPRESENTATION_CONTEXT ( 3 ) GLOBAL_UNCERTAINTY_ASSIGNED_CONTEXT ( ( #1138 ) ) GLOBAL_UNIT_ASSIGNED_CONTEXT ( ( #1577, #1398, #842 ) ) REPRESENTATION_CONTEXT ( 'NONE', 'WORKASPACE' ) );
#85 =( LENGTH_UNIT ( ) NAMED_UNIT ( * ) SI_UNIT ( .MILLI., .METRE. ) );
#86 = SURFACE_STYLE_USAGE ( .BOTH. , #493 ) ;
#87 =( LENGTH_UNIT ( ) NAMED_UNIT ( * ) SI_UNIT ( .MILLI., .METRE. ) );
#88 = DIRECTION ( 'NONE',  ( -1.000000000000000000, -1.156482317317871291E-14, 0.0000000000000000000 ) ) ;
#89 = CONTEXT_DEPENDENT_SHAPE_REPRESENTATION ( #254, #417 ) ;
#90 = ADVANCED_FACE ( 'NONE', ( #525 ), #1228, .F. ) ;
#91 = VERTEX_POINT ( 'NONE', #9 ) ;
#92 = ADVANCED_FACE ( 'NONE', ( #1964 ), #741, .T. ) ;
#93 = DIRECTION ( 'NONE',  ( 0.0000000000000000000, 0.0000000000000000000, -1.000000000000000000 ) ) ;
#94 = FACE_OUTER_BOUND ( 'NONE', #1804, .T. ) ;
#95 = SURFACE_SIDE_STYLE ('',( #1196 ) ) ;
#96 = PLANE ( 'NONE',  #2151 ) ;
#97 = UNCERTAINTY_MEASURE_WITH_UNIT (LENGTH_MEASURE( 1.000000000000000082E-05 ), #1818, 'distance_accuracy_value', 'NONE');
#98 = DIRECTION ( 'NONE',  ( 1.000000000000000000, 1.381282807458380114E-16, 0.0000000000000000000 ) ) ;
#99 = CARTESIAN_POINT ( 'NONE',  ( 0.5444114283826891887, 2.379125397414590726, -2.925000000000000266 ) ) ;
#100 = ITEM_DEFINED_TRANSFORMATION ( 'NONE', 'NONE', #259,  #675 ) ;
#101 = CARTESIAN_POINT ( 'NONE',  ( 0.3190721488971339781, -3.200000000000000178, -3.049999999999999822 ) ) ;
#102 = VERTEX_POINT ( 'NONE', #2215 ) ;
#103 = ORIENTED_EDGE ( 'NONE', *, *, #1276, .T. ) ;
#104 = SURFACE_STYLE_USAGE ( .BOTH. , #1006 ) ;
#105 = EDGE_CURVE ( 'NONE', #961, #489, #900, .T. ) ;
#106 =( REPRESENTATION_RELATIONSHIP ('NONE','NONE', #124, #617 ) REPRESENTATION_RELATIONSHIP_WITH_TRANSFORMATION ( #141 )SHAPE_REPRESENTATION_RELATIONSHIP( ) );
#107 = CARTESIAN_POINT ( 'NONE',  ( 0.7499999999999998890, -2.364230484541329780, -2.925000000000000266 ) ) ;
#108 =( LENGTH_UNIT ( ) NAMED_UNIT ( * ) SI_UNIT ( .MILLI., .METRE. ) );
#109 = DIRECTION ( 'NONE',  ( 0.2017733089221278309, 0.2017733089221278309, -0.9584232173801046084 ) ) ;
#110 = PLANE ( 'NONE',  #621 ) ;
#111 = CARTESIAN_POINT ( 'NONE',  ( 0.5999999999999999778, -2.100000000000000089, -2.799999999999999822 ) ) ;
#112 = PRESENTATION_STYLE_ASSIGNMENT (( #2288 ) ) ;
#113 =( GEOMETRIC_REPRESENTATION_CONTEXT ( 3 ) GLOBAL_UNCERTAINTY_ASSIGNED_CONTEXT ( ( #374 ) ) GLOBAL_UNIT_ASSIGNED_CONTEXT ( ( #707, #1792, #966 ) ) REPRESENTATION_CONTEXT ( 'NONE', 'WORKASPACE' ) );
#114 = FACE_OUTER_BOUND ( 'NONE', #1956, .T. ) ;
#115 = STYLED_ITEM ( 'NONE', ( #112 ), #291 ) ;
#116 = DIRECTION ( 'NONE',  ( -0.0000000000000000000, -0.0000000000000000000, 1.000000000000000000 ) ) ;
#117 = STYLED_ITEM ( 'NONE', ( #1649 ), #1434 ) ;
#118 = VECTOR ( 'NONE', #1231, 1000.000000000000000 ) ;
#119 = ORIENTED_EDGE ( 'NONE', *, *, #1180, .F. ) ;
#120 = DIRECTION ( 'NONE',  ( -0.0000000000000000000, -0.0000000000000000000, -1.000000000000000000 ) ) ;
#121 = AXIS2_PLACEMENT_3D ( 'NONE', #2003, #1829, #1655 ) ;
#122 =( GEOMETRIC_REPRESENTATION_CONTEXT ( 3 ) GLOBAL_UNCERTAINTY_ASSIGNED_CONTEXT ( ( #607 ) ) GLOBAL_UNIT_ASSIGNED_CONTEXT ( ( #232, #272, #1862 ) ) REPRESENTATION_CONTEXT ( 'NONE', 'WORKASPACE' ) );
#123 =( LENGTH_UNIT ( ) NAMED_UNIT ( * ) SI_UNIT ( .MILLI., .METRE. ) );
#124 = SHAPE_REPRESENTATION ( 'User Library-TSSOP-20-2', ( #488, #1954, #782, #1380, #1608, #293, #1114, #1716, #2321, #259, #2360, #1302, #939 ), #1714 ) ;
#125 = VECTOR ( 'NONE', #2104, 1000.000000000000000 ) ;
#126 = FILL_AREA_STYLE ('',( #2118 ) ) ;
#127 = APPLICATION_CONTEXT ( 'automotive_design' ) ;
#128 = FILL_AREA_STYLE ('',( #1922 ) ) ;
#129 = SURFACE_STYLE_USAGE ( .BOTH. , #2332 ) ;
#130 = VECTOR ( 'NONE', #2202, 1000.000000000000000 ) ;
#131 = ITEM_DEFINED_TRANSFORMATION ( 'NONE', 'NONE', #1114,  #675 ) ;
#132 =( NAMED_UNIT ( * ) PLANE_ANGLE_UNIT ( ) SI_UNIT ( $, .RADIAN. ) );
#133 = FILL_AREA_STYLE ('',( #2353 ) ) ;
#134 = CARTESIAN_POINT ( 'NONE',  ( 5.551115123125779744E-16, -2.100000000000000089, 0.1499999999999999944 ) ) ;
#135 =( NAMED_UNIT ( * ) SI_UNIT ( $, .STERADIAN. ) SOLID_ANGLE_UNIT ( ) );
#136 = COLOUR_RGB ( '',0.7490196078431372584, 0.7490196078431372584, 0.7490196078431372584 ) ;
#137 =( GEOMETRIC_REPRESENTATION_CONTEXT ( 3 ) GLOBAL_UNCERTAINTY_ASSIGNED_CONTEXT ( ( #297 ) ) GLOBAL_UNIT_ASSIGNED_CONTEXT ( ( #2259, #958, #403 ) ) REPRESENTATION_CONTEXT ( 'NONE', 'WORKASPACE' ) );
#138 = SURFACE_SIDE_STYLE ('',( #1702 ) ) ;
#139 = LINE ( 'NONE', #1766, #1895 ) ;
#140 =( LENGTH_UNIT ( ) NAMED_UNIT ( * ) SI_UNIT ( .MILLI., .METRE. ) );
#141 = ITEM_DEFINED_TRANSFORMATION ( 'NONE', 'NONE', #2321,  #675 ) ;
#142 = EDGE_CURVE ( 'NONE', #166, #1219, #1992, .T. ) ;
#143 = DIRECTION ( 'NONE',  ( 0.0000000000000000000, 0.0000000000000000000, 1.000000000000000000 ) ) ;
#144 = ORIENTED_EDGE ( 'NONE', *, *, #2291, .F. ) ;
#145 = VERTEX_POINT ( 'NONE', #918 ) ;
#146 = PLANE ( 'NONE',  #2014 ) ;
#147 =( NAMED_UNIT ( * ) SI_UNIT ( $, .STERADIAN. ) SOLID_ANGLE_UNIT ( ) );
#148 = FILL_AREA_STYLE_COLOUR ( '', #1031 ) ;
#149 =( LENGTH_UNIT ( ) NAMED_UNIT ( * ) SI_UNIT ( .MILLI., .METRE. ) );
#150 = SURFACE_SIDE_STYLE ('',( #1362 ) ) ;
#151 = CARTESIAN_POINT ( 'NONE',  ( 0.5999999999999999778, -2.364230484541329780, -2.799999999999999822 ) ) ;
#152 = ORIENTED_EDGE ( 'NONE', *, *, #174, .F. ) ;
#153 = PRESENTATION_STYLE_ASSIGNMENT (( #496 ) ) ;
#154 = CLOSED_SHELL ( 'NONE', ( #1346, #812, #560, #1149, #1739, #1235, #1101, #1058, #90, #381, #1771, #888, #2059, #1160 ) ) ;
#155 = ADVANCED_FACE ( 'NONE', ( #1424 ), #751, .T. ) ;
#156 = ORIENTED_EDGE ( 'NONE', *, *, #742, .F. ) ;
#157 = VECTOR ( 'NONE', #495, 1000.000000000000000 ) ;
#158 = ORIENTED_EDGE ( 'NONE', *, *, #262, .F. ) ;
#159 = FILL_AREA_STYLE ('',( #333 ) ) ;
#160 =( NAMED_UNIT ( * ) SI_UNIT ( $, .STERADIAN. ) SOLID_ANGLE_UNIT ( ) );
#161 = COLOUR_RGB ( '',0.7490196078431372584, 0.7490196078431372584, 0.7490196078431372584 ) ;
#162 = MECHANICAL_DESIGN_GEOMETRIC_PRESENTATION_REPRESENTATION (  '', ( #279 ), #194 ) ;
#163 = AXIS2_PLACEMENT_3D ( 'NONE', #1466, #781, #2254 ) ;
#164 = SURFACE_SIDE_STYLE ('',( #1824 ) ) ;
#165 = STYLED_ITEM ( 'NONE', ( #390 ), #1106 ) ;
#166 = VERTEX_POINT ( 'NONE', #623 ) ;
#167 = AXIS2_PLACEMENT_3D ( 'NONE', #1778, #143, #865 ) ;
#168 = FILL_AREA_STYLE ('',( #1226 ) ) ;
#169 = SURFACE_STYLE_USAGE ( .BOTH. , #1401 ) ;
#170 = DIRECTION ( 'NONE',  ( -1.000000000000000000, -3.357297106147360196E-16, 0.0000000000000000000 ) ) ;
#171 = CARTESIAN_POINT ( 'NONE',  ( 0.0000000000000000000, 0.0000000000000000000, 0.0000000000000000000 ) ) ;
#172 = PRODUCT_RELATED_PRODUCT_CATEGORY ( 'part', '', ( #1287 ) ) ;
#173 = VERTEX_POINT ( 'NONE', #1166 ) ;
#174 = EDGE_CURVE ( 'NONE', #1271, #1274, #237, .T. ) ;
#175 =( LENGTH_UNIT ( ) NAMED_UNIT ( * ) SI_UNIT ( .MILLI., .METRE. ) );
#176 =( NAMED_UNIT ( * ) SI_UNIT ( $, .STERADIAN. ) SOLID_ANGLE_UNIT ( ) );
#177 = VERTEX_POINT ( 'NONE', #799 ) ;
#178 = UNCERTAINTY_MEASURE_WITH_UNIT (LENGTH_MEASURE( 1.000000000000000082E-05 ), #562, 'distance_accuracy_value', 'NONE');
#179 = CARTESIAN_POINT ( 'NONE',  ( 0.0000000000000000000, 2.640099048196850262, -3.049999999999999822 ) ) ;
#180 =( NAMED_UNIT ( * ) PLANE_ANGLE_UNIT ( ) SI_UNIT ( $, .RADIAN. ) );
#181 =( NAMED_UNIT ( * ) SI_UNIT ( $, .STERADIAN. ) SOLID_ANGLE_UNIT ( ) );
#182 = EDGE_LOOP ( 'NONE', ( #1005, #762, #203, #332 ) ) ;
#183 = EDGE_CURVE ( 'NONE', #2365, #916, #975, .T. ) ;
#184 = CARTESIAN_POINT ( 'NONE',  ( 0.1111771432346219945, -2.495210174253479796, -2.925000000000000266 ) ) ;
#185 = SURFACE_SIDE_STYLE ('',( #537 ) ) ;
#186 = VERTEX_POINT ( 'NONE', #1333 ) ;
#187 = SURFACE_SIDE_STYLE ('',( #1272 ) ) ;
#188 = DIRECTION ( 'NONE',  ( 1.000000000000000000, 0.0000000000000000000, 0.0000000000000000000 ) ) ;
#189 = VECTOR ( 'NONE', #1676, 1000.000000000000000 ) ;
#190 = MECHANICAL_DESIGN_GEOMETRIC_PRESENTATION_REPRESENTATION (  '', ( #1205 ), #388 ) ;
#191 = CARTESIAN_POINT ( 'NONE',  ( 0.1499999999999999944, 3.200000000000000178, -2.799999999999999822 ) ) ;
#192 =( GEOMETRIC_REPRESENTATION_CONTEXT ( 3 ) GLOBAL_UNCERTAINTY_ASSIGNED_CONTEXT ( ( #1282 ) ) GLOBAL_UNIT_ASSIGNED_CONTEXT ( ( #740, #942, #1259 ) ) REPRESENTATION_CONTEXT ( 'NONE', 'WORKASPACE' ) );
#193 = DIRECTION ( 'NONE',  ( -1.000000000000000000, 0.0000000000000000000, 0.0000000000000000000 ) ) ;
#194 =( GEOMETRIC_REPRESENTATION_CONTEXT ( 3 ) GLOBAL_UNCERTAINTY_ASSIGNED_CONTEXT ( ( #421 ) ) GLOBAL_UNIT_ASSIGNED_CONTEXT ( ( #282, #631, #677 ) ) REPRESENTATION_CONTEXT ( 'NONE', 'WORKASPACE' ) );
#195 = CARTESIAN_POINT ( 'NONE',  ( 0.7500000000000000000, 2.364230484541329780, -3.049999999999999822 ) ) ;
#196 = ORIENTED_EDGE ( 'NONE', *, *, #105, .T. ) ;
#197 = PRESENTATION_LAYER_ASSIGNMENT (  '', '', ( #2147 ) ) ;
#198 = DIRECTION ( 'NONE',  ( 0.0000000000000000000, 0.0000000000000000000, 1.000000000000000000 ) ) ;
#199 = FILL_AREA_STYLE ('',( #1662 ) ) ;
#200 = COLOUR_RGB ( '',0.1176470588235294101, 0.1176470588235294101, 0.1176470588235294101 ) ;
#201 = SURFACE_SIDE_STYLE ('',( #1780 ) ) ;
#202 = DIRECTION ( 'NONE',  ( -0.0000000000000000000, -0.0000000000000000000, 1.000000000000000000 ) ) ;
#203 = ORIENTED_EDGE ( 'NONE', *, *, #1014, .T. ) ;
#204 =( NAMED_UNIT ( * ) PLANE_ANGLE_UNIT ( ) SI_UNIT ( $, .RADIAN. ) );
#205 = ORIENTED_EDGE ( 'NONE', *, *, #946, .F. ) ;
#206 = FILL_AREA_STYLE_COLOUR ( '', #431 ) ;
#207 = LINE ( 'NONE', #2031, #130 ) ;
#208 = FILL_AREA_STYLE_COLOUR ( '', #2051 ) ;
#209 = ADVANCED_FACE ( 'NONE', ( #1119 ), #1314, .F. ) ;
#210 = DIRECTION ( 'NONE',  ( 0.0000000000000000000, 0.0000000000000000000, 1.000000000000000000 ) ) ;
#211 = CARTESIAN_POINT ( 'NONE',  ( 2.600000000000000533, 0.0000000000000000000, 0.0000000000000000000 ) ) ;
#212 = CARTESIAN_POINT ( 'NONE',  ( 3.250000000000000444, -2.199999999999999734, 0.6250000000000001110 ) ) ;
#213 = ORIENTED_EDGE ( 'NONE', *, *, #142, .F. ) ;
#214 = UNCERTAINTY_MEASURE_WITH_UNIT (LENGTH_MEASURE( 1.000000000000000082E-05 ), #62, 'distance_accuracy_value', 'NONE');
#215 = PRODUCT_DEFINITION_SHAPE ( 'NONE', 'NONE',  #2383 ) ;
#216 = CARTESIAN_POINT ( 'NONE',  ( -3.250000000000000444, 2.199999999999999734, 0.6250000000000001110 ) ) ;
#217 = FILL_AREA_STYLE ('',( #632 ) ) ;
#218 = DIRECTION ( 'NONE',  ( 1.000000000000000000, -0.0000000000000000000, 0.0000000000000000000 ) ) ;
#219 = EDGE_LOOP ( 'NONE', ( #1561, #855, #1770, #739 ) ) ;
#220 = CARTESIAN_POINT ( 'NONE',  ( -1.625000000000000222, -2.200000000000000178, 0.6250000000000001110 ) ) ;
#221 =( NAMED_UNIT ( * ) SI_UNIT ( $, .STERADIAN. ) SOLID_ANGLE_UNIT ( ) );
#222 = PRESENTATION_STYLE_ASSIGNMENT (( #413 ) ) ;
#223 = SURFACE_STYLE_USAGE ( .BOTH. , #1837 ) ;
#224 = DIRECTION ( 'NONE',  ( 1.261617073437679971E-16, -1.000000000000000000, -0.0000000000000000000 ) ) ;
#225 = SHAPE_DEFINITION_REPRESENTATION ( #906, #1193 ) ;
#226 = EDGE_CURVE ( 'NONE', #342, #1583, #1144, .T. ) ;
#227 = FILL_AREA_STYLE ('',( #1856 ) ) ;
#228 =( LENGTH_UNIT ( ) NAMED_UNIT ( * ) SI_UNIT ( .MILLI., .METRE. ) );
#229 = SURFACE_SIDE_STYLE ('',( #1843 ) ) ;
#230 = ORIENTED_EDGE ( 'NONE', *, *, #2340, .T. ) ;
#231 = DIRECTION ( 'NONE',  ( 1.000000000000000000, 0.0000000000000000000, -0.0000000000000000000 ) ) ;
#232 =( LENGTH_UNIT ( ) NAMED_UNIT ( * ) SI_UNIT ( .MILLI., .METRE. ) );
#233 =( GEOMETRIC_REPRESENTATION_CONTEXT ( 3 ) GLOBAL_UNCERTAINTY_ASSIGNED_CONTEXT ( ( #2314 ) ) GLOBAL_UNIT_ASSIGNED_CONTEXT ( ( #2345, #1797, #702 ) ) REPRESENTATION_CONTEXT ( 'NONE', 'WORKASPACE' ) );
#234 = SURFACE_SIDE_STYLE ('',( #974 ) ) ;
#235 = STYLED_ITEM ( 'NONE', ( #881 ), #1363 ) ;
#236 = VECTOR ( 'NONE', #93, 1000.000000000000000 ) ;
#237 = LINE ( 'NONE', #58, #2136 ) ;
#238 = DIRECTION ( 'NONE',  ( -1.000000000000000000, -5.252152427417539695E-16, 0.0000000000000000000 ) ) ;
#239 = APPLICATION_PROTOCOL_DEFINITION ( 'draft international standard', 'automotive_design', 1998, #456 ) ;
#240 = COLOUR_RGB ( '',0.7490196078431372584, 0.7490196078431372584, 0.7490196078431372584 ) ;
#241 = PRESENTATION_LAYER_ASSIGNMENT (  '', '', ( #2308 ) ) ;
#242 = FILL_AREA_STYLE_COLOUR ( '', #39 ) ;
#243 = VECTOR ( 'NONE', #289, 999.9999999999997726 ) ;
#244 = PRESENTATION_LAYER_ASSIGNMENT (  '', '', ( #1940 ) ) ;
#245 = EDGE_LOOP ( 'NONE', ( #596, #345, #2380, #1266 ) ) ;
#246 = SURFACE_STYLE_USAGE ( .BOTH. , #2248 ) ;
#247 = UNCERTAINTY_MEASURE_WITH_UNIT (LENGTH_MEASURE( 1.000000000000000082E-05 ), #393, 'distance_accuracy_value', 'NONE');
#248 = EDGE_LOOP ( 'NONE', ( #1737, #2169, #1022, #230 ) ) ;
#249 = LINE ( 'NONE', #446, #351 ) ;
#250 = SURFACE_STYLE_USAGE ( .BOTH. , #2071 ) ;
#251 = UNCERTAINTY_MEASURE_WITH_UNIT (LENGTH_MEASURE( 1.000000000000000082E-05 ), #1376, 'distance_accuracy_value', 'NONE');
#252 = SURFACE_STYLE_USAGE ( .BOTH. , #2050 ) ;
#253 = DIRECTION ( 'NONE',  ( -5.252152427417539695E-16, 1.000000000000000000, -0.0000000000000000000 ) ) ;
#254 =( REPRESENTATION_RELATIONSHIP ('NONE','NONE', #124, #1604 ) REPRESENTATION_RELATIONSHIP_WITH_TRANSFORMATION ( #266 )SHAPE_REPRESENTATION_RELATIONSHIP( ) );
#255 = DIRECTION ( 'NONE',  ( 1.000000000000000000, 0.0000000000000000000, -0.0000000000000000000 ) ) ;
#256 = STYLED_ITEM ( 'NONE', ( #790 ), #1966 ) ;
#257 = CARTESIAN_POINT ( 'NONE',  ( -3.149999999999999911, 2.100000000000000089, 1.199999999999999734 ) ) ;
#258 = DIRECTION ( 'NONE',  ( -1.000000000000000000, 0.0000000000000000000, 0.0000000000000000000 ) ) ;
#259 = AXIS2_PLACEMENT_3D ( 'NONE', #2289, #801, #2055 ) ;
#260 = ORIENTED_EDGE ( 'NONE', *, *, #1656, .T. ) ;
#261 = LINE ( 'NONE', #981, #2141 ) ;
#262 = EDGE_CURVE ( 'NONE', #2049, #2060, #1686, .T. ) ;
#263 = CARTESIAN_POINT ( 'NONE',  ( 0.0000000000000000000, -3.200000000000000178, -3.049999999999999378 ) ) ;
#264 = PRESENTATION_STYLE_ASSIGNMENT (( #252 ) ) ;
#265 = FACE_OUTER_BOUND ( 'NONE', #2262, .T. ) ;
#266 = ITEM_DEFINED_TRANSFORMATION ( 'NONE', 'NONE', #782,  #675 ) ;
#267 =( NAMED_UNIT ( * ) SI_UNIT ( $, .STERADIAN. ) SOLID_ANGLE_UNIT ( ) );
#268 = ORIENTED_EDGE ( 'NONE', *, *, #1784, .T. ) ;
#269 = CYLINDRICAL_SURFACE ( 'NONE', #1593, 0.1499999999999999667 ) ;
#270 = FACE_OUTER_BOUND ( 'NONE', #2351, .T. ) ;
#271 = DIRECTION ( 'NONE',  ( -0.2017733089221278031, -0.2017733089221278031, -0.9584232173801046084 ) ) ;
#272 =( NAMED_UNIT ( * ) PLANE_ANGLE_UNIT ( ) SI_UNIT ( $, .RADIAN. ) );
#273 = EDGE_CURVE ( 'NONE', #2060, #1844, #1394, .T. ) ;
#274 = FILL_AREA_STYLE_COLOUR ( '', #1503 ) ;
#275 = MECHANICAL_DESIGN_GEOMETRIC_PRESENTATION_REPRESENTATION (  '', ( #2303 ), #1135 ) ;
#276 =( LENGTH_UNIT ( ) NAMED_UNIT ( * ) SI_UNIT ( .MILLI., .METRE. ) );
#277 = ADVANCED_FACE ( 'NONE', ( #462 ), #2086, .F. ) ;
#278 = VECTOR ( 'NONE', #797, 1000.000000000000000 ) ;
#279 = STYLED_ITEM ( 'NONE', ( #490 ), #765 ) ;
#280 = VERTEX_POINT ( 'NONE', #2325 ) ;
#281 = COLOUR_RGB ( '',0.7490196078431372584, 0.7490196078431372584, 0.7490196078431372584 ) ;
#282 =( LENGTH_UNIT ( ) NAMED_UNIT ( * ) SI_UNIT ( .MILLI., .METRE. ) );
#283 = CIRCLE ( 'NONE', #1145, 0.07500000000000001110 ) ;
#284 =( REPRESENTATION_RELATIONSHIP ('NONE','NONE', #124, #617 ) REPRESENTATION_RELATIONSHIP_WITH_TRANSFORMATION ( #872 )SHAPE_REPRESENTATION_RELATIONSHIP( ) );
#285 = LINE ( 'NONE', #1712, #125 ) ;
#286 = CIRCLE ( 'NONE', #1755, 0.07499999999999998335 ) ;
#287 = FACE_OUTER_BOUND ( 'NONE', #603, .T. ) ;
#288 = SURFACE_SIDE_STYLE ('',( #1352 ) ) ;
#289 = DIRECTION ( 'NONE',  ( 0.9659258262890733082, 0.2588190451025021432, 0.0000000000000000000 ) ) ;
#290 = MECHANICAL_DESIGN_GEOMETRIC_PRESENTATION_REPRESENTATION (  '', ( #1450 ), #1485 ) ;
#291 = ADVANCED_FACE ( 'NONE', ( #1756 ), #1540, .T. ) ;
#292 = LINE ( 'NONE', #1542, #1280 ) ;
#293 = AXIS2_PLACEMENT_3D ( 'NONE', #1077, #1793, #2205 ) ;
#294 = ORIENTED_EDGE ( 'NONE', *, *, #305, .F. ) ;
#295 = CARTESIAN_POINT ( 'NONE',  ( 3.149999999999999467, -2.099999999999998757, 0.1500000000000002998 ) ) ;
#296 = DIRECTION ( 'NONE',  ( -1.000000000000000000, 0.0000000000000000000, 0.0000000000000000000 ) ) ;
#297 = UNCERTAINTY_MEASURE_WITH_UNIT (LENGTH_MEASURE( 1.000000000000000082E-05 ), #2259, 'distance_accuracy_value', 'NONE');
#298 = SURFACE_SIDE_STYLE ('',( #309 ) ) ;
#299 = PRESENTATION_STYLE_ASSIGNMENT (( #1027 ) ) ;
#300 = SURFACE_STYLE_USAGE ( .BOTH. , #484 ) ;
#301 = LINE ( 'NONE', #1960, #1941 ) ;
#302 = CARTESIAN_POINT ( 'NONE',  ( 0.3190721488971339781, 3.200000000000000178, -2.799999999999999822 ) ) ;
#303 = PRESENTATION_STYLE_ASSIGNMENT (( #2056 ) ) ;
#304 = ORIENTED_EDGE ( 'NONE', *, *, #57, .T. ) ;
#305 = EDGE_CURVE ( 'NONE', #1203, #663, #2122, .T. ) ;
#306 = ORIENTED_EDGE ( 'NONE', *, *, #742, .T. ) ;
#307 = DIRECTION ( 'NONE',  ( -0.0000000000000000000, -0.0000000000000000000, -1.000000000000000000 ) ) ;
#308 = LINE ( 'NONE', #1965, #2306 ) ;
#309 = SURFACE_STYLE_FILL_AREA ( #1396 ) ;
#310 = DIRECTION ( 'NONE',  ( -1.000000000000000000, -2.989061989375420203E-16, -0.0000000000000000000 ) ) ;
#311 = DIRECTION ( 'NONE',  ( -1.000000000000000000, -1.281026566875180017E-16, 0.0000000000000000000 ) ) ;
#312 = CARTESIAN_POINT ( 'NONE',  ( 2.589999999999999858, 1.064999999999999947, 1.199999999999999956 ) ) ;
#313 = CONTEXT_DEPENDENT_SHAPE_REPRESENTATION ( #1123, #1632 ) ;
#314 = LINE ( 'NONE', #883, #665 ) ;
#315 = CARTESIAN_POINT ( 'NONE',  ( -3.250000000000000444, 2.199999999999999734, 0.7249999999999999778 ) ) ;
#316 = DIRECTION ( 'NONE',  ( -0.0000000000000000000, -0.0000000000000000000, -1.000000000000000000 ) ) ;
#317 = STYLED_ITEM ( 'NONE', ( #718 ), #1645 ) ;
#318 = COLOUR_RGB ( '',0.7490196078431372584, 0.7490196078431372584, 0.7490196078431372584 ) ;
#319 = VERTEX_POINT ( 'NONE', #1530 ) ;
#320 = FILL_AREA_STYLE ('',( #504 ) ) ;
#321 = AXIS2_PLACEMENT_3D ( 'NONE', #474, #2280, #2300 ) ;
#322 = COLOUR_RGB ( '',0.7490196078431372584, 0.7490196078431372584, 0.7490196078431372584 ) ;
#323 = CARTESIAN_POINT ( 'NONE',  ( 2.589999999999999858, 1.064999999999999947, 1.199999999999999956 ) ) ;
#324 = ADVANCED_FACE ( 'NONE', ( #843 ), #643, .F. ) ;
#325 = LINE ( 'NONE', #2294, #1095 ) ;
#326 = AXIS2_PLACEMENT_3D ( 'NONE', #1871, #1367, #1915 ) ;
#327 = CARTESIAN_POINT ( 'NONE',  ( 0.1111771432346221056, 2.495210174253479796, -2.799999999999999822 ) ) ;
#328 = DIRECTION ( 'NONE',  ( 0.0000000000000000000, 0.0000000000000000000, -1.000000000000000000 ) ) ;
#329 = PRESENTATION_LAYER_ASSIGNMENT (  '', '', ( #1257 ) ) ;
#330 = CARTESIAN_POINT ( 'NONE',  ( -1.625000000000000222, -2.149999999999999911, 0.3875000000000000666 ) ) ;
#331 = ORIENTED_EDGE ( 'NONE', *, *, #2217, .T. ) ;
#332 = ORIENTED_EDGE ( 'NONE', *, *, #1695, .F. ) ;
#333 = FILL_AREA_STYLE_COLOUR ( '', #318 ) ;
#334 = AXIS2_PLACEMENT_3D ( 'NONE', #2222, #1291, #722 ) ;
#335 = DIRECTION ( 'NONE',  ( 1.000000000000000000, 0.0000000000000000000, 0.0000000000000000000 ) ) ;
#336 =( NAMED_UNIT ( * ) SI_UNIT ( $, .STERADIAN. ) SOLID_ANGLE_UNIT ( ) );
#337 = EDGE_CURVE ( 'NONE', #1125, #2341, #941, .T. ) ;
#338 = CONTEXT_DEPENDENT_SHAPE_REPRESENTATION ( #2078, #397 ) ;
#339 = CARTESIAN_POINT ( 'NONE',  ( -3.149999999999999911, 2.100000000000000089, 0.1500000000000000222 ) ) ;
#340 = LINE ( 'NONE', #535, #1217 ) ;
#341 = ORIENTED_EDGE ( 'NONE', *, *, #473, .T. ) ;
#342 = VERTEX_POINT ( 'NONE', #805 ) ;
#343 =( LENGTH_UNIT ( ) NAMED_UNIT ( * ) SI_UNIT ( .MILLI., .METRE. ) );
#344 =( LENGTH_UNIT ( ) NAMED_UNIT ( * ) SI_UNIT ( .MILLI., .METRE. ) );
#345 = ORIENTED_EDGE ( 'NONE', *, *, #1869, .T. ) ;
#346 = PRODUCT_RELATED_PRODUCT_CATEGORY ( 'part', '', ( #1880 ) ) ;
#347 = SURFACE_STYLE_FILL_AREA ( #1963 ) ;
#348 =( NAMED_UNIT ( * ) SI_UNIT ( $, .STERADIAN. ) SOLID_ANGLE_UNIT ( ) );
#349 = EDGE_CURVE ( 'NONE', #968, #2208, #249, .T. ) ;
#350 = FILL_AREA_STYLE ('',( #1358 ) ) ;
#351 = VECTOR ( 'NONE', #2263, 1000.000000000000000 ) ;
#352 = VERTEX_POINT ( 'NONE', #633 ) ;
#353 = DIRECTION ( 'NONE',  ( 0.0000000000000000000, 1.000000000000000000, -0.0000000000000000000 ) ) ;
#354 = CIRCLE ( 'NONE', #2058, 0.3300000000000000155 ) ;
#355 = AXIS2_PLACEMENT_3D ( 'NONE', #2299, #659, #1212 ) ;
#356 = COLOUR_RGB ( '',0.7490196078431372584, 0.7490196078431372584, 0.7490196078431372584 ) ;
#357 =( GEOMETRIC_REPRESENTATION_CONTEXT ( 3 ) GLOBAL_UNCERTAINTY_ASSIGNED_CONTEXT ( ( #1955 ) ) GLOBAL_UNIT_ASSIGNED_CONTEXT ( ( #1872, #971, #1512 ) ) REPRESENTATION_CONTEXT ( 'NONE', 'WORKASPACE' ) );
#358 = CIRCLE ( 'NONE', #664, 0.1499999999999999667 ) ;
#359 = VECTOR ( 'NONE', #202, 1000.000000000000000 ) ;
#360 = AXIS2_PLACEMENT_3D ( 'NONE', #1715, #1197, #2146 ) ;
#361 = ORIENTED_EDGE ( 'NONE', *, *, #2240, .F. ) ;
#362 =( REPRESENTATION_RELATIONSHIP ('NONE','NONE', #124, #617 ) REPRESENTATION_RELATIONSHIP_WITH_TRANSFORMATION ( #1594 )SHAPE_REPRESENTATION_RELATIONSHIP( ) );
#363 =( LENGTH_UNIT ( ) NAMED_UNIT ( * ) SI_UNIT ( .MILLI., .METRE. ) );
#364 =( GEOMETRIC_REPRESENTATION_CONTEXT ( 3 ) GLOBAL_UNCERTAINTY_ASSIGNED_CONTEXT ( ( #2047 ) ) GLOBAL_UNIT_ASSIGNED_CONTEXT ( ( #344, #2164, #336 ) ) REPRESENTATION_CONTEXT ( 'NONE', 'WORKASPACE' ) );
#365 = CARTESIAN_POINT ( 'NONE',  ( 0.6500000000000001332, 0.0000000000000000000, 0.0000000000000000000 ) ) ;
#366 = DIRECTION ( 'NONE',  ( 0.2017733089221278864, 0.2017733089221261655, 0.9584232173801048305 ) ) ;
#367 = EDGE_CURVE ( 'NONE', #1762, #2152, #1874, .T. ) ;
#368 = ORIENTED_EDGE ( 'NONE', *, *, #946, .T. ) ;
#369 = DIRECTION ( 'NONE',  ( 1.000000000000000000, 0.0000000000000000000, 0.0000000000000000000 ) ) ;
#370 = AXIS2_PLACEMENT_3D ( 'NONE', #1455, #1431, #951 ) ;
#371 = DIRECTION ( 'NONE',  ( 1.000000000000000000, -5.252152427417539695E-16, 0.0000000000000000000 ) ) ;
#372 = LINE ( 'NONE', #1092, #1711 ) ;
#373 = ORIENTED_EDGE ( 'NONE', *, *, #2340, .F. ) ;
#374 = UNCERTAINTY_MEASURE_WITH_UNIT (LENGTH_MEASURE( 1.000000000000000082E-05 ), #707, 'distance_accuracy_value', 'NONE');
#375 = LINE ( 'NONE', #725, #1209 ) ;
#376 = DIRECTION ( 'NONE',  ( 1.208073643265255239E-16, -1.000000000000000000, -2.543312933190012684E-17 ) ) ;
#377 = SURFACE_SIDE_STYLE ('',( #1122 ) ) ;
#378 = PRODUCT_DEFINITION_SHAPE ( 'NONE', 'NONE',  #2109 ) ;
#379 =( LENGTH_UNIT ( ) NAMED_UNIT ( * ) SI_UNIT ( .MILLI., .METRE. ) );
#380 = ORIENTED_EDGE ( 'NONE', *, *, #1887, .F. ) ;
#381 = ADVANCED_FACE ( 'NONE', ( #1105 ), #2253, .F. ) ;
#382 =( LENGTH_UNIT ( ) NAMED_UNIT ( * ) SI_UNIT ( .MILLI., .METRE. ) );
#383 = LINE ( 'NONE', #2010, #448 ) ;
#384 = ORIENTED_EDGE ( 'NONE', *, *, #2143, .T. ) ;
#385 = CARTESIAN_POINT ( 'NONE',  ( 0.5999999999999999778, 2.306680960442910155, -2.925000000000000266 ) ) ;
#386 = CARTESIAN_POINT ( 'NONE',  ( 3.250000000000000444, 0.0000000000000000000, 0.0000000000000000000 ) ) ;
#387 = ORIENTED_EDGE ( 'NONE', *, *, #712, .T. ) ;
#388 =( GEOMETRIC_REPRESENTATION_CONTEXT ( 3 ) GLOBAL_UNCERTAINTY_ASSIGNED_CONTEXT ( ( #398 ) ) GLOBAL_UNIT_ASSIGNED_CONTEXT ( ( #85, #1525, #2285 ) ) REPRESENTATION_CONTEXT ( 'NONE', 'WORKASPACE' ) );
#389 = AXIS2_PLACEMENT_3D ( 'NONE', #1479, #777, #616 ) ;
#390 = PRESENTATION_STYLE_ASSIGNMENT (( #575 ) ) ;
#391 =( GEOMETRIC_REPRESENTATION_CONTEXT ( 3 ) GLOBAL_UNCERTAINTY_ASSIGNED_CONTEXT ( ( #2035 ) ) GLOBAL_UNIT_ASSIGNED_CONTEXT ( ( #1246, #907, #1351 ) ) REPRESENTATION_CONTEXT ( 'NONE', 'WORKASPACE' ) );
#392 = PRESENTATION_LAYER_ASSIGNMENT (  '', '', ( #77 ) ) ;
#393 =( LENGTH_UNIT ( ) NAMED_UNIT ( * ) SI_UNIT ( .MILLI., .METRE. ) );
#394 = EDGE_CURVE ( 'NONE', #2152, #1057, #325, .T. ) ;
#395 = ORIENTED_EDGE ( 'NONE', *, *, #2083, .T. ) ;
#396 =( GEOMETRIC_REPRESENTATION_CONTEXT ( 3 ) GLOBAL_UNCERTAINTY_ASSIGNED_CONTEXT ( ( #2336 ) ) GLOBAL_UNIT_ASSIGNED_CONTEXT ( ( #938, #204, #176 ) ) REPRESENTATION_CONTEXT ( 'NONE', 'WORKASPACE' ) );
#397 = PRODUCT_DEFINITION_SHAPE ( 'NONE', 'NONE',  #2387 ) ;
#398 = UNCERTAINTY_MEASURE_WITH_UNIT (LENGTH_MEASURE( 1.000000000000000082E-05 ), #85, 'distance_accuracy_value', 'NONE');
#399 = VECTOR ( 'NONE', #2072, 1000.000000000000000 ) ;
#400 = DIRECTION ( 'NONE',  ( 1.000000000000000000, 0.0000000000000000000, 0.0000000000000000000 ) ) ;
#401 = VECTOR ( 'NONE', #328, 1000.000000000000000 ) ;
#402 = ORIENTED_EDGE ( 'NONE', *, *, #57, .F. ) ;
#403 =( NAMED_UNIT ( * ) SI_UNIT ( $, .STERADIAN. ) SOLID_ANGLE_UNIT ( ) );
#404 = CARTESIAN_POINT ( 'NONE',  ( 0.7500000000000001110, -2.100000000000000089, -3.049999999999999378 ) ) ;
#405 = DIRECTION ( 'NONE',  ( -1.000000000000000000, 0.0000000000000000000, -0.0000000000000000000 ) ) ;
#406 = PLANE ( 'NONE',  #1977 ) ;
#407 = CARTESIAN_POINT ( 'NONE',  ( -3.250000000000000444, 1.100000000000000089, 0.6250000000000001110 ) ) ;
#408 = ORIENTED_EDGE ( 'NONE', *, *, #473, .F. ) ;
#409 =( REPRESENTATION_RELATIONSHIP ('NONE','NONE', #124, #617 ) REPRESENTATION_RELATIONSHIP_WITH_TRANSFORMATION ( #1570 )SHAPE_REPRESENTATION_RELATIONSHIP( ) );
#410 = SURFACE_SIDE_STYLE ('',( #2070 ) ) ;
#411 = FILL_AREA_STYLE ('',( #1294 ) ) ;
#412 = EDGE_CURVE ( 'NONE', #2208, #709, #1930, .T. ) ;
#413 = SURFACE_STYLE_USAGE ( .BOTH. , #187 ) ;
#414 = MECHANICAL_DESIGN_GEOMETRIC_PRESENTATION_REPRESENTATION (  '', ( #1681 ), #1229 ) ;
#415 = SURFACE_STYLE_USAGE ( .BOTH. , #1473 ) ;
#416 = ORIENTED_EDGE ( 'NONE', *, *, #1421, .T. ) ;
#417 = PRODUCT_DEFINITION_SHAPE ( 'NONE', 'NONE',  #2382 ) ;
#418 = LINE ( 'NONE', #1523, #1596 ) ;
#419 = UNCERTAINTY_MEASURE_WITH_UNIT (LENGTH_MEASURE( 1.000000000000000082E-05 ), #821, 'distance_accuracy_value', 'NONE');
#420 = EDGE_LOOP ( 'NONE', ( #268, #1078, #1606, #1017, #1406, #897, #1040, #1252, #1916, #2258, #395, #1798 ) ) ;
#421 = UNCERTAINTY_MEASURE_WITH_UNIT (LENGTH_MEASURE( 1.000000000000000082E-05 ), #282, 'distance_accuracy_value', 'NONE');
#422 =( NAMED_UNIT ( * ) PLANE_ANGLE_UNIT ( ) SI_UNIT ( $, .RADIAN. ) );
#423 = SURFACE_STYLE_FILL_AREA ( #1164 ) ;
#424 = APPLICATION_PROTOCOL_DEFINITION ( 'draft international standard', 'automotive_design', 1998, #127 ) ;
#425 = EDGE_CURVE ( 'NONE', #489, #1088, #652, .T. ) ;
#426 = VERTEX_POINT ( 'NONE', #2106 ) ;
#427 = DIRECTION ( 'NONE',  ( 0.0000000000000000000, 0.0000000000000000000, 1.000000000000000000 ) ) ;
#428 = SURFACE_STYLE_USAGE ( .BOTH. , #970 ) ;
#429 = COLOUR_RGB ( '',0.1176470588235294101, 0.1176470588235294101, 0.1176470588235294101 ) ;
#430 = LINE ( 'NONE', #2084, #2103 ) ;
#431 = COLOUR_RGB ( '',0.7490196078431372584, 0.7490196078431372584, 0.7490196078431372584 ) ;
#432 = ORIENTED_EDGE ( 'NONE', *, *, #2221, .T. ) ;
#433 = VECTOR ( 'NONE', #2219, 1000.000000000000000 ) ;
#434 = CARTESIAN_POINT ( 'NONE',  ( 2.259999999999999787, 1.064999999999999947, 1.199999999999999956 ) ) ;
#435 =( GEOMETRIC_REPRESENTATION_CONTEXT ( 3 ) GLOBAL_UNCERTAINTY_ASSIGNED_CONTEXT ( ( #1851 ) ) GLOBAL_UNIT_ASSIGNED_CONTEXT ( ( #382, #1278, #2183 ) ) REPRESENTATION_CONTEXT ( 'NONE', 'WORKASPACE' ) );
#436 = CARTESIAN_POINT ( 'NONE',  ( 0.1499999999999999944, -2.618681122833390162, -3.049999999999999822 ) ) ;
#437 = DIRECTION ( 'NONE',  ( 1.000000000000000000, 0.0000000000000000000, 0.0000000000000000000 ) ) ;
#438 = VECTOR ( 'NONE', #1172, 1000.000000000000000 ) ;
#439 = CIRCLE ( 'NONE', #828, 0.1499999999999999667 ) ;
#440 = ORIENTED_EDGE ( 'NONE', *, *, #584, .F. ) ;
#441 = EDGE_CURVE ( 'NONE', #102, #342, #1359, .T. ) ;
#442 = FILL_AREA_STYLE_COLOUR ( '', #1757 ) ;
#443 = COLOUR_RGB ( '',0.1176470588235294101, 0.1176470588235294101, 0.1176470588235294101 ) ;
#444 = CARTESIAN_POINT ( 'NONE',  ( 0.7500000000000000000, 2.364230484541329780, -2.799999999999999822 ) ) ;
#445 = DIRECTION ( 'NONE',  ( 0.0000000000000000000, 0.0000000000000000000, 1.000000000000000000 ) ) ;
#446 = CARTESIAN_POINT ( 'NONE',  ( 0.5999999999999999778, -2.618681122833390162, -3.049999999999999822 ) ) ;
#447 = FACE_OUTER_BOUND ( 'NONE', #521, .T. ) ;
#448 = VECTOR ( 'NONE', #218, 1000.000000000000000 ) ;
#449 = SURFACE_STYLE_USAGE ( .BOTH. , #2266 ) ;
#450 = DIRECTION ( 'NONE',  ( 1.000000000000000000, 0.0000000000000000000, 0.0000000000000000000 ) ) ;
#451 = SURFACE_STYLE_FILL_AREA ( #1013 ) ;
#452 = CYLINDRICAL_SURFACE ( 'NONE', #121, 0.1499999999999999944 ) ;
#453 = ORIENTED_EDGE ( 'NONE', *, *, #2207, .T. ) ;
#454 = SURFACE_STYLE_FILL_AREA ( #227 ) ;
#455 = CARTESIAN_POINT ( 'NONE',  ( -3.149999999999999911, -2.100000000000000089, 0.1499999999999999112 ) ) ;
#456 = APPLICATION_CONTEXT ( 'automotive_design' ) ;
#457 = SURFACE_STYLE_FILL_AREA ( #217 ) ;
#458 = EDGE_CURVE ( 'NONE', #1015, #91, #1042, .T. ) ;
#459 = SURFACE_STYLE_FILL_AREA ( #411 ) ;
#460 = CARTESIAN_POINT ( 'NONE',  ( 0.3190721488971339781, 2.100000000000000089, -2.799999999999999822 ) ) ;
#461 = DIRECTION ( 'NONE',  ( 0.0000000000000000000, 0.0000000000000000000, 1.000000000000000000 ) ) ;
#462 = FACE_OUTER_BOUND ( 'NONE', #867, .T. ) ;
#463 = DIRECTION ( 'NONE',  ( 5.252152427417539695E-16, -1.000000000000000000, 0.0000000000000000000 ) ) ;
#464 = CARTESIAN_POINT ( 'NONE',  ( 5.850000000000000533, 0.0000000000000000000, 0.0000000000000000000 ) ) ;
#465 = DIRECTION ( 'NONE',  ( -0.0000000000000000000, -0.0000000000000000000, -1.000000000000000000 ) ) ;
#466 = ORIENTED_EDGE ( 'NONE', *, *, #142, .T. ) ;
#467 = SURFACE_STYLE_FILL_AREA ( #320 ) ;
#468 = PRESENTATION_LAYER_ASSIGNMENT (  '', '', ( #1468 ) ) ;
#469 = DIRECTION ( 'NONE',  ( 0.0000000000000000000, 0.0000000000000000000, 1.000000000000000000 ) ) ;
#470 = PLANE ( 'NONE',  #360 ) ;
#471 = UNCERTAINTY_MEASURE_WITH_UNIT (LENGTH_MEASURE( 1.000000000000000082E-05 ), #343, 'distance_accuracy_value', 'NONE');
#472 = PRESENTATION_STYLE_ASSIGNMENT (( #1155 ) ) ;
#473 = EDGE_CURVE ( 'NONE', #767, #1057, #1899, .T. ) ;
#474 = CARTESIAN_POINT ( 'NONE',  ( 0.5250000000000000222, 2.306680960442910155, -2.799999999999999822 ) ) ;
#475 = MECHANICAL_DESIGN_GEOMETRIC_PRESENTATION_REPRESENTATION (  '', ( #1476 ), #1103 ) ;
#476 = MECHANICAL_DESIGN_GEOMETRIC_PRESENTATION_REPRESENTATION (  '', ( #1034 ), #1325 ) ;
#477 = VERTEX_POINT ( 'NONE', #492 ) ;
#478 = COLOUR_RGB ( '',0.7490196078431372584, 0.7490196078431372584, 0.7490196078431372584 ) ;
#479 = ORIENTED_EDGE ( 'NONE', *, *, #2282, .T. ) ;
#480 = FILL_AREA_STYLE ('',( #990 ) ) ;
#481 = SURFACE_SIDE_STYLE ('',( #640 ) ) ;
#482 = DIRECTION ( 'NONE',  ( -0.9659258262890680902, -0.2588190451025210170, 0.0000000000000000000 ) ) ;
#483 = DIRECTION ( 'NONE',  ( 1.000000000000000000, 0.0000000000000000000, 0.0000000000000000000 ) ) ;
#484 = SURFACE_SIDE_STYLE ('',( #1198 ) ) ;
#485 = DIRECTION ( 'NONE',  ( 0.0000000000000000000, -1.000000000000000000, -0.0000000000000000000 ) ) ;
#486 =( GEOMETRIC_REPRESENTATION_CONTEXT ( 3 ) GLOBAL_UNCERTAINTY_ASSIGNED_CONTEXT ( ( #1538 ) ) GLOBAL_UNIT_ASSIGNED_CONTEXT ( ( #1242, #1970, #2024 ) ) REPRESENTATION_CONTEXT ( 'NONE', 'WORKASPACE' ) );
#487 = EDGE_LOOP ( 'NONE', ( #1475, #940, #776, #440 ) ) ;
#488 = AXIS2_PLACEMENT_3D ( 'NONE', #1496, #427, #2042 ) ;
#489 = VERTEX_POINT ( 'NONE', #1375 ) ;
#490 = PRESENTATION_STYLE_ASSIGNMENT (( #104 ) ) ;
#491 = CARTESIAN_POINT ( 'NONE',  ( 3.149999999999999911, -2.100000000000000089, 0.1499999999999999944 ) ) ;
#492 = CARTESIAN_POINT ( 'NONE',  ( 2.919999999999999929, 1.064999999999999947, 1.199999999999999956 ) ) ;
#493 = SURFACE_SIDE_STYLE ('',( #681 ) ) ;
#494 = SURFACE_STYLE_FILL_AREA ( #1234 ) ;
#495 = DIRECTION ( 'NONE',  ( -0.2017733089221295240, 0.2017733089221277754, 0.9584232173801042753 ) ) ;
#496 = SURFACE_STYLE_USAGE ( .BOTH. , #2123 ) ;
#497 =( LENGTH_UNIT ( ) NAMED_UNIT ( * ) SI_UNIT ( .MILLI., .METRE. ) );
#498 = PRESENTATION_STYLE_ASSIGNMENT (( #2337 ) ) ;
#499 = DIRECTION ( 'NONE',  ( -1.000000000000000000, 0.0000000000000000000, 0.0000000000000000000 ) ) ;
#500 = ADVANCED_FACE ( 'NONE', ( #1728 ), #2092, .T. ) ;
#501 =( REPRESENTATION_RELATIONSHIP ('NONE','NONE', #124, #617 ) REPRESENTATION_RELATIONSHIP_WITH_TRANSFORMATION ( #824 )SHAPE_REPRESENTATION_RELATIONSHIP( ) );
#502 = ORIENTED_EDGE ( 'NONE', *, *, #516, .T. ) ;
#503 = MANIFOLD_SOLID_BREP ( 'Imported1', #506 ) ;
#504 = FILL_AREA_STYLE_COLOUR ( '', #735 ) ;
#505 = DIRECTION ( 'NONE',  ( -0.2588190451025210725, 0.9659258262890682012, 0.0000000000000000000 ) ) ;
#506 = CLOSED_SHELL ( 'NONE', ( #1275, #92, #1265, #1826, #500, #1434, #1582, #1995, #1946, #1768, #796, #1106, #2326, #324 ) ) ;
#507 = CARTESIAN_POINT ( 'NONE',  ( 3.250000000000000444, 2.199999999999999734, 0.7249999999999999778 ) ) ;
#508 = DIRECTION ( 'NONE',  ( -1.000000000000000000, 0.0000000000000000000, 0.0000000000000000000 ) ) ;
#509 = PRESENTATION_LAYER_ASSIGNMENT (  '', '', ( #1663 ) ) ;
#510 = ORIENTED_EDGE ( 'NONE', *, *, #458, .T. ) ;
#511 = STYLED_ITEM ( 'NONE', ( #222 ), #1275 ) ;
#512 = PRESENTATION_LAYER_ASSIGNMENT (  '', '', ( #32 ) ) ;
#513 = MECHANICAL_DESIGN_GEOMETRIC_PRESENTATION_REPRESENTATION (  '', ( #77 ), #1037 ) ;
#514 = ORIENTED_EDGE ( 'NONE', *, *, #2143, .F. ) ;
#515 = CARTESIAN_POINT ( 'NONE',  ( -3.149999999999999911, 1.100000000000000089, 1.199999999999999956 ) ) ;
#516 = EDGE_CURVE ( 'NONE', #2200, #1584, #669, .T. ) ;
#517 = PRESENTATION_LAYER_ASSIGNMENT (  '', '', ( #2063 ) ) ;
#518 =( GEOMETRIC_REPRESENTATION_CONTEXT ( 3 ) GLOBAL_UNCERTAINTY_ASSIGNED_CONTEXT ( ( #2339 ) ) GLOBAL_UNIT_ASSIGNED_CONTEXT ( ( #2112, #132, #534 ) ) REPRESENTATION_CONTEXT ( 'NONE', 'WORKASPACE' ) );
#519 = PRESENTATION_STYLE_ASSIGNMENT (( #1080 ) ) ;
#520 = CARTESIAN_POINT ( 'NONE',  ( 0.1499999999999999944, -2.697648572295269886, -2.925000000000000266 ) ) ;
#521 = EDGE_LOOP ( 'NONE', ( #1309, #2101, #1024, #1426 ) ) ;
#522 = DIRECTION ( 'NONE',  ( 0.0000000000000000000, 0.0000000000000000000, -1.000000000000000000 ) ) ;
#523 = UNCERTAINTY_MEASURE_WITH_UNIT (LENGTH_MEASURE( 1.000000000000000082E-05 ), #773, 'distance_accuracy_value', 'NONE');
#524 = ITEM_DEFINED_TRANSFORMATION ( 'NONE', 'NONE', #1716,  #675 ) ;
#525 = FACE_OUTER_BOUND ( 'NONE', #1372, .T. ) ;
#526 = ORIENTED_EDGE ( 'NONE', *, *, #1951, .F. ) ;
#527 = SURFACE_STYLE_USAGE ( .BOTH. , #1407 ) ;
#528 = SURFACE_STYLE_USAGE ( .BOTH. , #95 ) ;
#529 = SURFACE_SIDE_STYLE ('',( #859 ) ) ;
#530 = DIRECTION ( 'NONE',  ( 0.9659258262890687563, 0.2588190451025189631, 0.0000000000000000000 ) ) ;
#531 = MANIFOLD_SOLID_BREP ( 'Imported1', #2134 ) ;
#532 = LINE ( 'NONE', #1948, #850 ) ;
#533 = EDGE_CURVE ( 'NONE', #793, #2152, #1429, .T. ) ;
#534 =( NAMED_UNIT ( * ) SI_UNIT ( $, .STERADIAN. ) SOLID_ANGLE_UNIT ( ) );
#535 = CARTESIAN_POINT ( 'NONE',  ( 0.0000000000000000000, -3.200000000000000178, -2.799999999999999822 ) ) ;
#536 = ORIENTED_EDGE ( 'NONE', *, *, #1978, .T. ) ;
#537 = SURFACE_STYLE_FILL_AREA ( #2173 ) ;
#538 = ORIENTED_EDGE ( 'NONE', *, *, #425, .F. ) ;
#539 = PRESENTATION_STYLE_ASSIGNMENT (( #1085 ) ) ;
#540 = AXIS2_PLACEMENT_3D ( 'NONE', #1761, #116, #499 ) ;
#541 = SURFACE_SIDE_STYLE ('',( #1595 ) ) ;
#542 = DIRECTION ( 'NONE',  ( -0.9659258262890680902, 0.2588190451025210170, 0.0000000000000000000 ) ) ;
#543 = UNCERTAINTY_MEASURE_WITH_UNIT (LENGTH_MEASURE( 1.000000000000000082E-05 ), #1515, 'distance_accuracy_value', 'NONE');
#544 = DIRECTION ( 'NONE',  ( 0.2060104810498420147, 0.0000000000000000000, -0.9785497849867490494 ) ) ;
#545 = COLOUR_RGB ( '',0.7490196078431372584, 0.7490196078431372584, 0.7490196078431372584 ) ;
#546 = ORIENTED_EDGE ( 'NONE', *, *, #1836, .T. ) ;
#547 = FILL_AREA_STYLE ('',( #2005 ) ) ;
#548 = AXIS2_PLACEMENT_3D ( 'NONE', #2085, #608, #1885 ) ;
#549 =( GEOMETRIC_REPRESENTATION_CONTEXT ( 3 ) GLOBAL_UNCERTAINTY_ASSIGNED_CONTEXT ( ( #2142 ) ) GLOBAL_UNIT_ASSIGNED_CONTEXT ( ( #1307, #72, #1849 ) ) REPRESENTATION_CONTEXT ( 'NONE', 'WORKASPACE' ) );
#550 = SURFACE_STYLE_FILL_AREA ( #1958 ) ;
#551 = SURFACE_STYLE_USAGE ( .BOTH. , #1277 ) ;
#552 = AXIS2_PLACEMENT_3D ( 'NONE', #1579, #2335, #691 ) ;
#553 = FILL_AREA_STYLE_COLOUR ( '', #240 ) ;
#554 = STYLED_ITEM ( 'NONE', ( #303 ), #1826 ) ;
#555 = VECTOR ( 'NONE', #1430, 1000.000000000000000 ) ;
#556 = ORIENTED_EDGE ( 'NONE', *, *, #1669, .F. ) ;
#557 = AXIS2_PLACEMENT_3D ( 'NONE', #330, #1046, #1238 ) ;
#558 = PLANE ( 'NONE',  #83 ) ;
#559 = CARTESIAN_POINT ( 'NONE',  ( 0.5999999999999999778, -2.364230484541329780, -3.049999999999999822 ) ) ;
#560 = ADVANCED_FACE ( 'NONE', ( #894 ), #1289, .F. ) ;
#561 = AXIS2_PLACEMENT_3D ( 'NONE', #1675, #45, #784 ) ;
#562 =( LENGTH_UNIT ( ) NAMED_UNIT ( * ) SI_UNIT ( .MILLI., .METRE. ) );
#563 = CARTESIAN_POINT ( 'NONE',  ( 0.0000000000000000000, 0.0000000000000000000, 0.0000000000000000000 ) ) ;
#564 = EDGE_LOOP ( 'NONE', ( #2037, #466, #1244, #1417 ) ) ;
#565 = CIRCLE ( 'NONE', #2034, 0.3300000000000000155 ) ;
#566 = SURFACE_STYLE_USAGE ( .BOTH. , #2197 ) ;
#567 = FACE_OUTER_BOUND ( 'NONE', #905, .T. ) ;
#568 = LINE ( 'NONE', #766, #1700 ) ;
#569 = UNCERTAINTY_MEASURE_WITH_UNIT (LENGTH_MEASURE( 1.000000000000000082E-05 ), #363, 'distance_accuracy_value', 'NONE');
#570 = ORIENTED_EDGE ( 'NONE', *, *, #874, .T. ) ;
#571 = DIRECTION ( 'NONE',  ( 1.000000000000000000, 0.0000000000000000000, 0.0000000000000000000 ) ) ;
#572 = DIRECTION ( 'NONE',  ( 0.2588190451025210725, 0.9659258262890682012, 0.0000000000000000000 ) ) ;
#573 = EDGE_LOOP ( 'NONE', ( #2011, #2159, #156, #2044 ) ) ;
#574 = EDGE_CURVE ( 'NONE', #1894, #961, #2066, .T. ) ;
#575 = SURFACE_STYLE_USAGE ( .BOTH. , #1971 ) ;
#576 = VERTEX_POINT ( 'NONE', #444 ) ;
#577 = CARTESIAN_POINT ( 'NONE',  ( 3.250000000000000444, -1.100000000000000089, 0.6250000000000001110 ) ) ;
#578 = FILL_AREA_STYLE ('',( #1447 ) ) ;
#579 = VECTOR ( 'NONE', #2158, 1000.000000000000000 ) ;
#580 = SURFACE_STYLE_USAGE ( .BOTH. , #377 ) ;
#581 = FACE_OUTER_BOUND ( 'NONE', #1867, .T. ) ;
#582 =( GEOMETRIC_REPRESENTATION_CONTEXT ( 3 ) GLOBAL_UNCERTAINTY_ASSIGNED_CONTEXT ( ( #523 ) ) GLOBAL_UNIT_ASSIGNED_CONTEXT ( ( #773, #1704, #2334 ) ) REPRESENTATION_CONTEXT ( 'NONE', 'WORKASPACE' ) );
#583 = ORIENTED_EDGE ( 'NONE', *, *, #2028, .T. ) ;
#584 = EDGE_CURVE ( 'NONE', #1672, #1157, #2007, .T. ) ;
#585 = CARTESIAN_POINT ( 'NONE',  ( 0.0000000000000000000, -2.640099048196850262, -2.925000000000000266 ) ) ;
#586 = ORIENTED_EDGE ( 'NONE', *, *, #1784, .F. ) ;
#587 = STYLED_ITEM ( 'NONE', ( #1642 ), #1446 ) ;
#588 = CARTESIAN_POINT ( 'NONE',  ( 0.7500000000000000000, -2.618681122833390162, -3.049999999999999822 ) ) ;
#589 = CARTESIAN_POINT ( 'NONE',  ( 0.2250000000000000333, 2.697648572295269886, -3.049999999999999822 ) ) ;
#590 = DIRECTION ( 'NONE',  ( 3.357297106147360196E-16, 1.000000000000000000, 0.0000000000000000000 ) ) ;
#591 = PRESENTATION_LAYER_ASSIGNMENT (  '', '', ( #1004 ) ) ;
#592 = VERTEX_POINT ( 'NONE', #404 ) ;
#593 = LINE ( 'NONE', #1303, #923 ) ;
#594 = PRODUCT_DEFINITION ( 'UNKNOWN', '', #1567, #1049 ) ;
#595 = AXIS2_PLACEMENT_3D ( 'NONE', #2196, #893, #1 ) ;
#596 = ORIENTED_EDGE ( 'NONE', *, *, #1491, .T. ) ;
#597 = DIRECTION ( 'NONE',  ( 0.0000000000000000000, 0.0000000000000000000, 1.000000000000000000 ) ) ;
#598 = PRESENTATION_STYLE_ASSIGNMENT (( #250 ) ) ;
#599 = EDGE_CURVE ( 'NONE', #2362, #145, #261, .T. ) ;
#600 = SHAPE_REPRESENTATION_RELATIONSHIP ( 'NONE' , 'NONE' ,  #1604, #2128 ) ;
#601 = CARTESIAN_POINT ( 'NONE',  ( 2.589999999999999858, 1.064999999999999947, 1.199999999999999956 ) ) ;
#602 = PRODUCT_CONTEXT ( 'NONE', #456, 'mechanical' ) ;
#603 = EDGE_LOOP ( 'NONE', ( #952, #1096, #1345, #304 ) ) ;
#604 = DIRECTION ( 'NONE',  ( -0.2017733089221277754, -0.2017733089221260268, 0.9584232173801049415 ) ) ;
#605 = PLANE ( 'NONE',  #1477 ) ;
#606 = ORIENTED_EDGE ( 'NONE', *, *, #1795, .T. ) ;
#607 = UNCERTAINTY_MEASURE_WITH_UNIT (LENGTH_MEASURE( 1.000000000000000082E-05 ), #232, 'distance_accuracy_value', 'NONE');
#608 = DIRECTION ( 'NONE',  ( 0.0000000000000000000, 0.0000000000000000000, 1.000000000000000000 ) ) ;
#609 = CARTESIAN_POINT ( 'NONE',  ( 0.1499999999999999944, 2.697648572295269886, -2.925000000000000266 ) ) ;
#610 = SURFACE_SIDE_STYLE ('',( #1501 ) ) ;
#611 = EDGE_CURVE ( 'NONE', #1636, #1942, #354, .T. ) ;
#612 =( LENGTH_UNIT ( ) NAMED_UNIT ( * ) SI_UNIT ( .MILLI., .METRE. ) );
#613 = FILL_AREA_STYLE_COLOUR ( '', #1441 ) ;
#614 = EDGE_LOOP ( 'NONE', ( #1679, #835, #1786, #618 ) ) ;
#615 = PRESENTATION_LAYER_ASSIGNMENT (  '', '', ( #1317 ) ) ;
#616 = DIRECTION ( 'NONE',  ( -1.000000000000000000, 0.0000000000000000000, 0.0000000000000000000 ) ) ;
#617 = SHAPE_REPRESENTATION ( '_X2_041D043E0436043A0430_X0_', ( #675 ), #2166 ) ;
#618 = ORIENTED_EDGE ( 'NONE', *, *, #1177, .F. ) ;
#619 = DIRECTION ( 'NONE',  ( -1.000000000000000000, -2.862205247120760235E-16, -6.025695257096339867E-17 ) ) ;
#620 = FILL_AREA_STYLE_COLOUR ( '', #1405 ) ;
#621 = AXIS2_PLACEMENT_3D ( 'NONE', #2311, #670, #311 ) ;
#622 = VECTOR ( 'NONE', #19, 1000.000000000000000 ) ;
#623 = CARTESIAN_POINT ( 'NONE',  ( 0.6388228567653780887, 2.509119358484690032, -3.049999999999999822 ) ) ;
#624 = DIRECTION ( 'NONE',  ( 1.000000000000000000, 0.0000000000000000000, 0.0000000000000000000 ) ) ;
#625 = VECTOR ( 'NONE', #465, 1000.000000000000000 ) ;
#626 = AXIS2_PLACEMENT_3D ( 'NONE', #1838, #976, #1001 ) ;
#627 = MECHANICAL_DESIGN_GEOMETRIC_PRESENTATION_REPRESENTATION (  '', ( #1785 ), #1820 ) ;
#628 = AXIS2_PLACEMENT_3D ( 'NONE', #184, #913, #530 ) ;
#629 = ORIENTED_EDGE ( 'NONE', *, *, #305, .T. ) ;
#630 =( LENGTH_UNIT ( ) NAMED_UNIT ( * ) SI_UNIT ( .MILLI., .METRE. ) );
#631 =( NAMED_UNIT ( * ) PLANE_ANGLE_UNIT ( ) SI_UNIT ( $, .RADIAN. ) );
#632 = FILL_AREA_STYLE_COLOUR ( '', #35 ) ;
#633 = CARTESIAN_POINT ( 'NONE',  ( 0.5444114283826879674, 2.379125397414586729, -3.049999999999999822 ) ) ;
#634 = FILL_AREA_STYLE ('',( #783 ) ) ;
#635 = PLANE ( 'NONE',  #561 ) ;
#636 = CARTESIAN_POINT ( 'NONE',  ( 2.919999999999999929, 1.064999999999999947, 1.199999999999999956 ) ) ;
#637 = PRESENTATION_LAYER_ASSIGNMENT (  '', '', ( #1341 ) ) ;
#638 = ORIENTED_EDGE ( 'NONE', *, *, #650, .F. ) ;
#639 = EDGE_CURVE ( 'NONE', #1050, #426, #1842, .T. ) ;
#640 = SURFACE_STYLE_FILL_AREA ( #350 ) ;
#641 = CARTESIAN_POINT ( 'NONE',  ( 0.5999999999999999778, 2.364230484541329780, -3.049999999999999822 ) ) ;
#642 =( NAMED_UNIT ( * ) SI_UNIT ( $, .STERADIAN. ) SOLID_ANGLE_UNIT ( ) );
#643 = PLANE ( 'NONE',  #2379 ) ;
#644 = FILL_AREA_STYLE ('',( #786 ) ) ;
#645 = ITEM_DEFINED_TRANSFORMATION ( 'NONE', 'NONE', #1608,  #675 ) ;
#646 = SURFACE_STYLE_FILL_AREA ( #1597 ) ;
#647 = CARTESIAN_POINT ( 'NONE',  ( 0.2250000000000000333, 2.697648572295269886, -2.799999999999999822 ) ) ;
#648 = VECTOR ( 'NONE', #2126, 1000.000000000000000 ) ;
#649 = CARTESIAN_POINT ( 'NONE',  ( 0.1499999999999999667, -3.200000000000000178, -2.799999999999999822 ) ) ;
#650 = EDGE_CURVE ( 'NONE', #91, #1432, #1462, .T. ) ;
#651 = VECTOR ( 'NONE', #933, 1000.000000000000000 ) ;
#652 = LINE ( 'NONE', #992, #2301 ) ;
#653 = LINE ( 'NONE', #1931, #999 ) ;
#654 = FACE_OUTER_BOUND ( 'NONE', #1618, .T. ) ;
#655 = MECHANICAL_DESIGN_GEOMETRIC_PRESENTATION_REPRESENTATION (  '', ( #1663 ), #1029 ) ;
#656 = CARTESIAN_POINT ( 'NONE',  ( 0.7500000000000000000, -2.100000000000000089, -2.799999999999999822 ) ) ;
#657 = FILL_AREA_STYLE_COLOUR ( '', #545 ) ;
#658 = COLOUR_RGB ( '',0.7490196078431372584, 0.7490196078431372584, 0.7490196078431372584 ) ;
#659 = DIRECTION ( 'NONE',  ( 0.0000000000000000000, 0.0000000000000000000, 1.000000000000000000 ) ) ;
#660 = FILL_AREA_STYLE ('',( #1541 ) ) ;
#661 = COLOUR_RGB ( '',0.7490196078431372584, 0.7490196078431372584, 0.7490196078431372584 ) ;
#662 = AXIS2_PLACEMENT_3D ( 'NONE', #1073, #1418, #590 ) ;
#663 = VERTEX_POINT ( 'NONE', #216 ) ;
#664 = AXIS2_PLACEMENT_3D ( 'NONE', #641, #2323, #820 ) ;
#665 = VECTOR ( 'NONE', #1769, 1000.000000000000000 ) ;
#666 = ORIENTED_EDGE ( 'NONE', *, *, #11, .T. ) ;
#667 = CARTESIAN_POINT ( 'NONE',  ( 0.6388228567653779777, -2.509119358484690032, -2.799999999999999822 ) ) ;
#668 = CARTESIAN_POINT ( 'NONE',  ( 0.1111771432346208427, 2.495210174253479796, -3.049999999999999822 ) ) ;
#669 = LINE ( 'NONE', #1054, #1589 ) ;
#670 = DIRECTION ( 'NONE',  ( -1.281026566875180017E-16, 1.000000000000000000, 0.0000000000000000000 ) ) ;
#671 = FILL_AREA_STYLE ('',( #1365 ) ) ;
#672 = EDGE_CURVE ( 'NONE', #173, #2290, #593, .T. ) ;
#673 = SURFACE_STYLE_USAGE ( .BOTH. , #1059 ) ;
#674 = FILL_AREA_STYLE_COLOUR ( '', #1255 ) ;
#675 = AXIS2_PLACEMENT_3D ( 'NONE', #1615, #2366, #369 ) ;
#676 = EDGE_LOOP ( 'NONE', ( #2195, #2129, #1591, #2304 ) ) ;
#677 =( NAMED_UNIT ( * ) SI_UNIT ( $, .STERADIAN. ) SOLID_ANGLE_UNIT ( ) );
#678 = CARTESIAN_POINT ( 'NONE',  ( 0.1499999999999999944, 3.200000000000000178, -2.925000000000000266 ) ) ;
#679 = FILL_AREA_STYLE_COLOUR ( '', #136 ) ;
#680 = FILL_AREA_STYLE_COLOUR ( '', #1134 ) ;
#681 = SURFACE_STYLE_FILL_AREA ( #128 ) ;
#682 = FILL_AREA_STYLE ('',( #1207 ) ) ;
#683 = DIRECTION ( 'NONE',  ( 0.0000000000000000000, 0.2060104810498420147, 0.9785497849867490494 ) ) ;
#684 = CARTESIAN_POINT ( 'NONE',  ( 0.0000000000000000000, -3.200000000000000178, -2.925000000000000266 ) ) ;
#685 = PLANE ( 'NONE',  #557 ) ;
#686 = EDGE_CURVE ( 'NONE', #1994, #2341, #1522, .T. ) ;
#687 = ORIENTED_EDGE ( 'NONE', *, *, #1521, .T. ) ;
#688 = SURFACE_SIDE_STYLE ('',( #2330 ) ) ;
#689 = FACE_OUTER_BOUND ( 'NONE', #1882, .T. ) ;
#690 = ORIENTED_EDGE ( 'NONE', *, *, #2083, .F. ) ;
#691 = DIRECTION ( 'NONE',  ( 0.2060104810498420147, 0.0000000000000000000, 0.9785497849867490494 ) ) ;
#692 = FACE_OUTER_BOUND ( 'NONE', #1230, .T. ) ;
#693 = DIRECTION ( 'NONE',  ( 0.0000000000000000000, 0.0000000000000000000, 1.000000000000000000 ) ) ;
#694 = COLOUR_RGB ( '',0.1176470588235294101, 0.1176470588235294101, 0.1176470588235294101 ) ;
#695 = EDGE_CURVE ( 'NONE', #1583, #1762, #1545, .T. ) ;
#696 = VECTOR ( 'NONE', #1754, 1000.000000000000114 ) ;
#697 = ORIENTED_EDGE ( 'NONE', *, *, #863, .T. ) ;
#698 = EDGE_CURVE ( 'NONE', #957, #2319, #830, .T. ) ;
#699 = CIRCLE ( 'NONE', #2350, 0.3300000000000000155 ) ;
#700 = STYLED_ITEM ( 'NONE', ( #746 ), #1149 ) ;
#701 =( NAMED_UNIT ( * ) PLANE_ANGLE_UNIT ( ) SI_UNIT ( $, .RADIAN. ) );
#702 =( NAMED_UNIT ( * ) SI_UNIT ( $, .STERADIAN. ) SOLID_ANGLE_UNIT ( ) );
#703 = FILL_AREA_STYLE_COLOUR ( '', #2069 ) ;
#704 = VECTOR ( 'NONE', #1934, 1000.000000000000000 ) ;
#705 = ORIENTED_EDGE ( 'NONE', *, *, #1887, .T. ) ;
#706 = UNCERTAINTY_MEASURE_WITH_UNIT (LENGTH_MEASURE( 1.000000000000000082E-05 ), #2204, 'distance_accuracy_value', 'NONE');
#707 =( LENGTH_UNIT ( ) NAMED_UNIT ( * ) SI_UNIT ( .MILLI., .METRE. ) );
#708 = AXIS2_PLACEMENT_3D ( 'NONE', #323, #1945, #335 ) ;
#709 = VERTEX_POINT ( 'NONE', #1688 ) ;
#710 = PLANE ( 'NONE',  #662 ) ;
#711 = PRESENTATION_LAYER_ASSIGNMENT (  '', '', ( #700 ) ) ;
#712 = EDGE_CURVE ( 'NONE', #186, #1274, #1919, .T. ) ;
#713 = DIRECTION ( 'NONE',  ( 0.0000000000000000000, -0.0000000000000000000, -1.000000000000000000 ) ) ;
#714 =( NAMED_UNIT ( * ) PLANE_ANGLE_UNIT ( ) SI_UNIT ( $, .RADIAN. ) );
#715 = SURFACE_SIDE_STYLE ('',( #2363 ) ) ;
#716 = CARTESIAN_POINT ( 'NONE',  ( 0.1499999999999999944, 3.200000000000000178, -3.049999999999999822 ) ) ;
#717 = CARTESIAN_POINT ( 'NONE',  ( 0.6388228567653779777, 2.509119358484690032, -3.049999999999999822 ) ) ;
#718 = PRESENTATION_STYLE_ASSIGNMENT (( #1026 ) ) ;
#719 = ORIENTED_EDGE ( 'NONE', *, *, #2032, .T. ) ;
#720 = SURFACE_STYLE_FILL_AREA ( #1360 ) ;
#721 = UNCERTAINTY_MEASURE_WITH_UNIT (LENGTH_MEASURE( 1.000000000000000082E-05 ), #379, 'distance_accuracy_value', 'NONE');
#722 = DIRECTION ( 'NONE',  ( -1.000000000000000000, 0.0000000000000000000, 0.0000000000000000000 ) ) ;
#723 = EDGE_CURVE ( 'NONE', #1684, #1672, #1552, .T. ) ;
#724 = ORIENTED_EDGE ( 'NONE', *, *, #1928, .T. ) ;
#725 = CARTESIAN_POINT ( 'NONE',  ( 0.3190721488971339781, -2.100000000000000089, -3.049999999999999822 ) ) ;
#726 = SURFACE_STYLE_FILL_AREA ( #199 ) ;
#727 = SURFACE_STYLE_USAGE ( .BOTH. , #201 ) ;
#728 = MECHANICAL_DESIGN_GEOMETRIC_PRESENTATION_REPRESENTATION (  '', ( #2261 ), #65 ) ;
#729 = DIRECTION ( 'NONE',  ( 0.0000000000000000000, 1.000000000000000000, 0.0000000000000000000 ) ) ;
#730 = AXIS2_PLACEMENT_3D ( 'NONE', #2153, #1210, #1953 ) ;
#731 = ORIENTED_EDGE ( 'NONE', *, *, #1978, .F. ) ;
#732 = STYLED_ITEM ( 'NONE', ( #878 ), #531 ) ;
#733 = PRESENTATION_STYLE_ASSIGNMENT (( #2218 ) ) ;
#734 = VECTOR ( 'NONE', #2307, 1000.000000000000000 ) ;
#735 = COLOUR_RGB ( '',0.7490196078431372584, 0.7490196078431372584, 0.7490196078431372584 ) ;
#736 = CARTESIAN_POINT ( 'NONE',  ( 0.6388228567653780887, -2.509119358484690032, -3.049999999999999822 ) ) ;
#737 =( GEOMETRIC_REPRESENTATION_CONTEXT ( 3 ) GLOBAL_UNCERTAINTY_ASSIGNED_CONTEXT ( ( #721 ) ) GLOBAL_UNIT_ASSIGNED_CONTEXT ( ( #379, #921, #1803 ) ) REPRESENTATION_CONTEXT ( 'NONE', 'WORKASPACE' ) );
#738 = CARTESIAN_POINT ( 'NONE',  ( 0.7500000000000000000, 2.618681122833390162, -2.799999999999999822 ) ) ;
#739 = ORIENTED_EDGE ( 'NONE', *, *, #2255, .T. ) ;
#740 =( LENGTH_UNIT ( ) NAMED_UNIT ( * ) SI_UNIT ( .MILLI., .METRE. ) );
#741 = PLANE ( 'NONE',  #1890 ) ;
#742 = EDGE_CURVE ( 'NONE', #1994, #78, #803, .T. ) ;
#743 = DIRECTION ( 'NONE',  ( -1.000000000000000000, 0.0000000000000000000, 0.0000000000000000000 ) ) ;
#744 = ORIENTED_EDGE ( 'NONE', *, *, #611, .F. ) ;
#745 = CIRCLE ( 'NONE', #334, 0.07500000000000001110 ) ;
#746 = PRESENTATION_STYLE_ASSIGNMENT (( #551 ) ) ;
#747 =( GEOMETRIC_REPRESENTATION_CONTEXT ( 3 ) GLOBAL_UNCERTAINTY_ASSIGNED_CONTEXT ( ( #214 ) ) GLOBAL_UNIT_ASSIGNED_CONTEXT ( ( #62, #1507, #980 ) ) REPRESENTATION_CONTEXT ( 'NONE', 'WORKASPACE' ) );
#748 = LINE ( 'NONE', #407, #2359 ) ;
#749 = ORIENTED_EDGE ( 'NONE', *, *, #1928, .F. ) ;
#750 = FACE_OUTER_BOUND ( 'NONE', #614, .T. ) ;
#751 = PLANE ( 'NONE',  #1924 ) ;
#752 = DIRECTION ( 'NONE',  ( 0.0000000000000000000, 1.000000000000000000, 0.0000000000000000000 ) ) ;
#753 = EDGE_CURVE ( 'NONE', #1356, #477, #2344, .T. ) ;
#754 = ORIENTED_EDGE ( 'NONE', *, *, #672, .F. ) ;
#755 = DIRECTION ( 'NONE',  ( 0.0000000000000000000, 0.0000000000000000000, 1.000000000000000000 ) ) ;
#756 = SURFACE_STYLE_USAGE ( .BOTH. , #164 ) ;
#757 = CARTESIAN_POINT ( 'NONE',  ( 0.7500000000000000000, -2.364230484541329780, -3.049999999999999822 ) ) ;
#758 = ORIENTED_EDGE ( 'NONE', *, *, #1292, .F. ) ;
#759 = LINE ( 'NONE', #588, #1821 ) ;
#760 = SURFACE_STYLE_FILL_AREA ( #18 ) ;
#761 = STYLED_ITEM ( 'NONE', ( #1132 ), #277 ) ;
#762 = ORIENTED_EDGE ( 'NONE', *, *, #1069, .T. ) ;
#763 = EDGE_CURVE ( 'NONE', #1385, #1643, #1195, .T. ) ;
#764 = MECHANICAL_DESIGN_GEOMETRIC_PRESENTATION_REPRESENTATION (  '', ( #884 ), #1972 ) ;
#765 = ADVANCED_FACE ( 'NONE', ( #2275 ), #1927, .T. ) ;
#766 = CARTESIAN_POINT ( 'NONE',  ( 0.6388228567653779777, 2.509119358484690032, -2.799999999999999822 ) ) ;
#767 = VERTEX_POINT ( 'NONE', #2116 ) ;
#768 = VECTOR ( 'NONE', #2250, 1000.000000000000000 ) ;
#769 = SURFACE_STYLE_USAGE ( .BOTH. , #1342 ) ;
#770 = SURFACE_STYLE_FILL_AREA ( #634 ) ;
#771 = STYLED_ITEM ( 'NONE', ( #956 ), #1739 ) ;
#772 = VECTOR ( 'NONE', #1832, 1000.000000000000000 ) ;
#773 =( LENGTH_UNIT ( ) NAMED_UNIT ( * ) SI_UNIT ( .MILLI., .METRE. ) );
#774 = DIRECTION ( 'NONE',  ( 0.0000000000000000000, 0.0000000000000000000, -1.000000000000000000 ) ) ;
#775 = MECHANICAL_DESIGN_GEOMETRIC_PRESENTATION_REPRESENTATION (  '', ( #2068 ), #1369 ) ;
#776 = ORIENTED_EDGE ( 'NONE', *, *, #1491, .F. ) ;
#777 = DIRECTION ( 'NONE',  ( 0.0000000000000000000, 0.0000000000000000000, -1.000000000000000000 ) ) ;
#778 = CIRCLE ( 'NONE', #370, 0.1499999999999999944 ) ;
#779 = EDGE_CURVE ( 'NONE', #1926, #166, #1357, .T. ) ;
#780 = ORIENTED_EDGE ( 'NONE', *, *, #23, .T. ) ;
#781 = DIRECTION ( 'NONE',  ( 2.989061989375420203E-16, -1.000000000000000000, 0.0000000000000000000 ) ) ;
#782 = AXIS2_PLACEMENT_3D ( 'NONE', #1108, #752, #1981 ) ;
#783 = FILL_AREA_STYLE_COLOUR ( '', #694 ) ;
#784 = DIRECTION ( 'NONE',  ( 0.0000000000000000000, -0.0000000000000000000, -1.000000000000000000 ) ) ;
#785 = DIRECTION ( 'NONE',  ( 0.0000000000000000000, 0.0000000000000000000, 1.000000000000000000 ) ) ;
#786 = FILL_AREA_STYLE_COLOUR ( '', #1098 ) ;
#787 = CONTEXT_DEPENDENT_SHAPE_REPRESENTATION ( #816, #1996 ) ;
#788 =( NAMED_UNIT ( * ) PLANE_ANGLE_UNIT ( ) SI_UNIT ( $, .RADIAN. ) );
#789 = ORIENTED_EDGE ( 'NONE', *, *, #2255, .F. ) ;
#790 = PRESENTATION_STYLE_ASSIGNMENT (( #246 ) ) ;
#791 = PRODUCT_DEFINITION_SHAPE ( 'NONE', 'NONE',  #2174 ) ;
#792 = FILL_AREA_STYLE_COLOUR ( '', #1511 ) ;
#793 = VERTEX_POINT ( 'NONE', #455 ) ;
#794 = CARTESIAN_POINT ( 'NONE',  ( 0.6388228567653779777, -2.509119358484690032, -3.049999999999999822 ) ) ;
#795 = UNCERTAINTY_MEASURE_WITH_UNIT (LENGTH_MEASURE( 1.000000000000000082E-05 ), #1350, 'distance_accuracy_value', 'NONE');
#796 = ADVANCED_FACE ( 'NONE', ( #1158 ), #269, .T. ) ;
#797 = DIRECTION ( 'NONE',  ( 1.000000000000000000, 0.0000000000000000000, -0.0000000000000000000 ) ) ;
#798 = CARTESIAN_POINT ( 'NONE',  ( 2.919999999999999929, 1.064999999999999947, 1.199999999999999956 ) ) ;
#799 = CARTESIAN_POINT ( 'NONE',  ( 0.0000000000000000000, -3.200000000000000178, -2.799999999999999822 ) ) ;
#800 = CARTESIAN_POINT ( 'NONE',  ( 0.1499999999999999944, -2.640099048196850262, -2.799999999999999822 ) ) ;
#801 = DIRECTION ( 'NONE',  ( 1.000000000000000000, 0.0000000000000000000, 0.0000000000000000000 ) ) ;
#802 = ORIENTED_EDGE ( 'NONE', *, *, #71, .F. ) ;
#803 = LINE ( 'NONE', #667, #1137 ) ;
#804 = CARTESIAN_POINT ( 'NONE',  ( -3.149999999999999911, -8.326672684688670109E-16, 0.1499999999999999944 ) ) ;
#805 = CARTESIAN_POINT ( 'NONE',  ( 3.149999999999999911, 2.100000000000000089, 0.1499999999999999944 ) ) ;
#806 = CARTESIAN_POINT ( 'NONE',  ( -1.625000000000000222, -2.149999999999999911, 0.9625000000000000222 ) ) ;
#807 = PRESENTATION_LAYER_ASSIGNMENT (  '', '', ( #1476 ) ) ;
#808 = PLANE ( 'NONE',  #1776 ) ;
#809 =( NAMED_UNIT ( * ) PLANE_ANGLE_UNIT ( ) SI_UNIT ( $, .RADIAN. ) );
#810 = APPLICATION_PROTOCOL_DEFINITION ( 'draft international standard', 'automotive_design', 1998, #2378 ) ;
#811 = PRESENTATION_LAYER_ASSIGNMENT (  '', '', ( #554 ) ) ;
#812 = ADVANCED_FACE ( 'NONE', ( #2179 ), #710, .F. ) ;
#813 = AXIS2_PLACEMENT_3D ( 'NONE', #609, #98, #1886 ) ;
#814 = MECHANICAL_DESIGN_GEOMETRIC_PRESENTATION_REPRESENTATION (  '', ( #1175 ), #925 ) ;
#815 = ORIENTED_EDGE ( 'NONE', *, *, #2357, .F. ) ;
#816 =( REPRESENTATION_RELATIONSHIP ('NONE','NONE', #124, #617 ) REPRESENTATION_RELATIONSHIP_WITH_TRANSFORMATION ( #645 )SHAPE_REPRESENTATION_RELATIONSHIP( ) );
#817 = CIRCLE ( 'NONE', #2157, 0.1499999999999999667 ) ;
#818 = CARTESIAN_POINT ( 'NONE',  ( 2.589999999999999858, 1.064999999999999947, 1.199999999999999956 ) ) ;
#819 = DIRECTION ( 'NONE',  ( -1.000000000000000000, 0.0000000000000000000, 0.0000000000000000000 ) ) ;
#820 = DIRECTION ( 'NONE',  ( 1.000000000000000000, 0.0000000000000000000, 0.0000000000000000000 ) ) ;
#821 =( LENGTH_UNIT ( ) NAMED_UNIT ( * ) SI_UNIT ( .MILLI., .METRE. ) );
#822 = SURFACE_STYLE_FILL_AREA ( #1011 ) ;
#823 = LINE ( 'NONE', #1121, #963 ) ;
#824 = ITEM_DEFINED_TRANSFORMATION ( 'NONE', 'NONE', #1380,  #675 ) ;
#825 = CARTESIAN_POINT ( 'NONE',  ( 2.919999999999999929, 1.064999999999999947, 1.000000000000000000 ) ) ;
#826 = MECHANICAL_DESIGN_GEOMETRIC_PRESENTATION_REPRESENTATION (  '', ( #256 ), #137 ) ;
#827 = ORIENTED_EDGE ( 'NONE', *, *, #698, .F. ) ;
#828 = AXIS2_PLACEMENT_3D ( 'NONE', #559, #1260, #1990 ) ;
#829 = EDGE_CURVE ( 'NONE', #280, #961, #2140, .T. ) ;
#830 = LINE ( 'NONE', #2305, #2145 ) ;
#831 = CARTESIAN_POINT ( 'NONE',  ( 2.589999999999999858, 1.064999999999999947, 1.199999999999999956 ) ) ;
#832 = DIRECTION ( 'NONE',  ( -0.0000000000000000000, 0.0000000000000000000, 1.000000000000000000 ) ) ;
#833 = FILL_AREA_STYLE_COLOUR ( '', #2191 ) ;
#834 =( NAMED_UNIT ( * ) SI_UNIT ( $, .STERADIAN. ) SOLID_ANGLE_UNIT ( ) );
#835 = ORIENTED_EDGE ( 'NONE', *, *, #2006, .F. ) ;
#836 = EDGE_LOOP ( 'NONE', ( #1416, #479, #294, #1392 ) ) ;
#837 = CARTESIAN_POINT ( 'NONE',  ( -3.250000000000000444, -2.199999999999999734, 0.7249999999999999778 ) ) ;
#838 = AXIS2_PLACEMENT_3D ( 'NONE', #986, #69, #2033 ) ;
#839 = EDGE_CURVE ( 'NONE', #1918, #426, #1253, .T. ) ;
#840 =( NAMED_UNIT ( * ) SI_UNIT ( $, .STERADIAN. ) SOLID_ANGLE_UNIT ( ) );
#841 = VECTOR ( 'NONE', #869, 1000.000000000000000 ) ;
#842 =( NAMED_UNIT ( * ) SI_UNIT ( $, .STERADIAN. ) SOLID_ANGLE_UNIT ( ) );
#843 = FACE_OUTER_BOUND ( 'NONE', #1613, .T. ) ;
#844 = COLOUR_RGB ( '',0.7490196078431372584, 0.7490196078431372584, 0.7490196078431372584 ) ;
#845 = FACE_OUTER_BOUND ( 'NONE', #1987, .T. ) ;
#846 = UNCERTAINTY_MEASURE_WITH_UNIT (LENGTH_MEASURE( 1.000000000000000082E-05 ), #927, 'distance_accuracy_value', 'NONE');
#847 = CONTEXT_DEPENDENT_SHAPE_REPRESENTATION ( #1782, #1835 ) ;
#848 = FILL_AREA_STYLE_COLOUR ( '', #1980 ) ;
#849 =( NAMED_UNIT ( * ) PLANE_ANGLE_UNIT ( ) SI_UNIT ( $, .RADIAN. ) );
#850 = VECTOR ( 'NONE', #1233, 1000.000000000000000 ) ;
#851 = ORIENTED_EDGE ( 'NONE', *, *, #2282, .F. ) ;
#852 = UNCERTAINTY_MEASURE_WITH_UNIT (LENGTH_MEASURE( 1.000000000000000082E-05 ), #87, 'distance_accuracy_value', 'NONE');
#853 = MECHANICAL_DESIGN_GEOMETRIC_PRESENTATION_REPRESENTATION (  '', ( #554 ), #1404 ) ;
#854 = AXIS2_PLACEMENT_3D ( 'NONE', #1497, #2025, #405 ) ;
#855 = ORIENTED_EDGE ( 'NONE', *, *, #1549, .F. ) ;
#856 = CARTESIAN_POINT ( 'NONE',  ( 0.1111771432346219945, 2.495210174253479796, -2.925000000000000266 ) ) ;
#857 = CARTESIAN_POINT ( 'NONE',  ( 2.259999999999999787, 1.064999999999999947, 1.000000000000000000 ) ) ;
#858 = FILL_AREA_STYLE_COLOUR ( '', #1227 ) ;
#859 = SURFACE_STYLE_FILL_AREA ( #126 ) ;
#860 = FILL_AREA_STYLE ('',( #1539 ) ) ;
#861 =( NAMED_UNIT ( * ) SI_UNIT ( $, .STERADIAN. ) SOLID_ANGLE_UNIT ( ) );
#862 = CARTESIAN_POINT ( 'NONE',  ( 0.5999999999999999778, -2.100000000000000089, -3.049999999999999378 ) ) ;
#863 = EDGE_CURVE ( 'NONE', #1076, #186, #1944, .T. ) ;
#864 = CARTESIAN_POINT ( 'NONE',  ( 0.2055885716173108668, 2.625204135323589316, -3.049999999999999822 ) ) ;
#865 = DIRECTION ( 'NONE',  ( 1.000000000000000000, 0.0000000000000000000, -0.0000000000000000000 ) ) ;
#866 = PRESENTATION_LAYER_ASSIGNMENT (  '', '', ( #256 ) ) ;
#867 = EDGE_LOOP ( 'NONE', ( #4, #2165, #1460, #40 ) ) ;
#868 = ORIENTED_EDGE ( 'NONE', *, *, #1502, .F. ) ;
#869 = DIRECTION ( 'NONE',  ( 0.0000000000000000000, 1.000000000000000000, 0.0000000000000000000 ) ) ;
#870 = DIRECTION ( 'NONE',  ( 0.0000000000000000000, -0.0000000000000000000, -1.000000000000000000 ) ) ;
#871 =( LENGTH_UNIT ( ) NAMED_UNIT ( * ) SI_UNIT ( .MILLI., .METRE. ) );
#872 = ITEM_DEFINED_TRANSFORMATION ( 'NONE', 'NONE', #2360,  #675 ) ;
#873 = ORIENTED_EDGE ( 'NONE', *, *, #2221, .F. ) ;
#874 = EDGE_CURVE ( 'NONE', #1057, #1894, #2342, .T. ) ;
#875 = ORIENTED_EDGE ( 'NONE', *, *, #1502, .T. ) ;
#876 = FILL_AREA_STYLE ('',( #1220 ) ) ;
#877 = CARTESIAN_POINT ( 'NONE',  ( 0.5999999999999999778, 2.100000000000000089, -2.925000000000000266 ) ) ;
#878 = PRESENTATION_STYLE_ASSIGNMENT (( #566 ) ) ;
#879 = MECHANICAL_DESIGN_GEOMETRIC_PRESENTATION_REPRESENTATION (  '', ( #63 ), #1065 ) ;
#880 = FILL_AREA_STYLE_COLOUR ( '', #1332 ) ;
#881 = PRESENTATION_STYLE_ASSIGNMENT (( #1717 ) ) ;
#882 = ORIENTED_EDGE ( 'NONE', *, *, #695, .T. ) ;
#883 = CARTESIAN_POINT ( 'NONE',  ( 3.250000000000000444, 2.200000000000000178, 0.6750000000000000444 ) ) ;
#884 = STYLED_ITEM ( 'NONE', ( #2260 ), #560 ) ;
#885 = FILL_AREA_STYLE_COLOUR ( '', #1888 ) ;
#886 = COLOUR_RGB ( '',0.1176470588235294101, 0.1176470588235294101, 0.1176470588235294101 ) ;
#887 = VECTOR ( 'NONE', #1339, 999.9999999999998863 ) ;
#888 = ADVANCED_FACE ( 'NONE', ( #1752 ), #146, .F. ) ;
#889 = STYLED_ITEM ( 'NONE', ( #1912 ), #1101 ) ;
#890 = ORIENTED_EDGE ( 'NONE', *, *, #394, .T. ) ;
#891 = PRESENTATION_STYLE_ASSIGNMENT (( #1787 ) ) ;
#892 = PRESENTATION_LAYER_ASSIGNMENT (  '', '', ( #2150 ) ) ;
#893 = DIRECTION ( 'NONE',  ( 0.9785497849867490494, 1.234555115948049959E-16, -0.2060104810498420147 ) ) ;
#894 = FACE_OUTER_BOUND ( 'NONE', #22, .T. ) ;
#895 = SURFACE_SIDE_STYLE ('',( #2 ) ) ;
#896 = AXIS2_PLACEMENT_3D ( 'NONE', #1565, #2361, #683 ) ;
#897 = ORIENTED_EDGE ( 'NONE', *, *, #1478, .T. ) ;
#898 = CYLINDRICAL_SURFACE ( 'NONE', #355, 0.07499999999999998335 ) ;
#899 = PRESENTATION_STYLE_ASSIGNMENT (( #169 ) ) ;
#900 = LINE ( 'NONE', #1435, #651 ) ;
#901 = DIRECTION ( 'NONE',  ( 0.0000000000000000000, 1.000000000000000000, 0.0000000000000000000 ) ) ;
#902 = ORIENTED_EDGE ( 'NONE', *, *, #2269, .T. ) ;
#903 =( GEOMETRIC_REPRESENTATION_CONTEXT ( 3 ) GLOBAL_UNCERTAINTY_ASSIGNED_CONTEXT ( ( #16 ) ) GLOBAL_UNIT_ASSIGNED_CONTEXT ( ( #871, #1568, #1938 ) ) REPRESENTATION_CONTEXT ( 'NONE', 'WORKASPACE' ) );
#904 = FILL_AREA_STYLE ('',( #553 ) ) ;
#905 = EDGE_LOOP ( 'NONE', ( #1733, #1451, #1499, #724 ) ) ;
#906 = PRODUCT_DEFINITION_SHAPE ( 'NONE', 'NONE',  #1666 ) ;
#907 =( NAMED_UNIT ( * ) PLANE_ANGLE_UNIT ( ) SI_UNIT ( $, .RADIAN. ) );
#908 =( NAMED_UNIT ( * ) PLANE_ANGLE_UNIT ( ) SI_UNIT ( $, .RADIAN. ) );
#909 = PRESENTATION_STYLE_ASSIGNMENT (( #580 ) ) ;
#910 = DIRECTION ( 'NONE',  ( 0.0000000000000000000, -0.0000000000000000000, 1.000000000000000000 ) ) ;
#911 = ORIENTED_EDGE ( 'NONE', *, *, #1247, .F. ) ;
#912 = SURFACE_SIDE_STYLE ('',( #1268 ) ) ;
#913 = DIRECTION ( 'NONE',  ( 0.2588190451025190186, -0.9659258262890688673, 0.0000000000000000000 ) ) ;
#914 = CARTESIAN_POINT ( 'NONE',  ( 0.0000000000000000000, 3.200000000000000178, -2.925000000000000266 ) ) ;
#915 = ADVANCED_FACE ( 'NONE', ( #1878 ), #1531, .T. ) ;
#916 = VERTEX_POINT ( 'NONE', #2087 ) ;
#917 = VECTOR ( 'NONE', #46, 1000.000000000000000 ) ;
#918 = CARTESIAN_POINT ( 'NONE',  ( 0.1499999999999999944, -2.697648572295269886, -2.799999999999999822 ) ) ;
#919 = MECHANICAL_DESIGN_GEOMETRIC_PRESENTATION_REPRESENTATION (  '', ( #1470 ), #1245 ) ;
#920 = CARTESIAN_POINT ( 'NONE',  ( 0.0000000000000000000, 0.0000000000000000000, 0.0000000000000000000 ) ) ;
#921 =( NAMED_UNIT ( * ) PLANE_ANGLE_UNIT ( ) SI_UNIT ( $, .RADIAN. ) );
#922 = ORIENTED_EDGE ( 'NONE', *, *, #226, .F. ) ;
#923 = VECTOR ( 'NONE', #1347, 1000.000000000000000 ) ;
#924 =( NAMED_UNIT ( * ) PLANE_ANGLE_UNIT ( ) SI_UNIT ( $, .RADIAN. ) );
#925 =( GEOMETRIC_REPRESENTATION_CONTEXT ( 3 ) GLOBAL_UNCERTAINTY_ASSIGNED_CONTEXT ( ( #1571 ) ) GLOBAL_UNIT_ASSIGNED_CONTEXT ( ( #1387, #1913, #2324 ) ) REPRESENTATION_CONTEXT ( 'NONE', 'WORKASPACE' ) );
#926 = AXIS2_PLACEMENT_3D ( 'NONE', #647, #307, #2292 ) ;
#927 =( LENGTH_UNIT ( ) NAMED_UNIT ( * ) SI_UNIT ( .MILLI., .METRE. ) );
#928 =( NAMED_UNIT ( * ) SI_UNIT ( $, .STERADIAN. ) SOLID_ANGLE_UNIT ( ) );
#929 = FACE_OUTER_BOUND ( 'NONE', #248, .T. ) ;
#930 = FACE_OUTER_BOUND ( 'NONE', #2135, .T. ) ;
#931 = ORIENTED_EDGE ( 'NONE', *, *, #1090, .F. ) ;
#932 = DIRECTION ( 'NONE',  ( -0.0000000000000000000, -1.000000000000000000, -0.0000000000000000000 ) ) ;
#933 = DIRECTION ( 'NONE',  ( 1.000000000000000000, 1.226659391623182641E-16, 2.582440824469859635E-17 ) ) ;
#934 = CARTESIAN_POINT ( 'NONE',  ( 0.1111771432346219807, 2.495210174253479796, -2.799999999999999822 ) ) ;
#935 = EDGE_LOOP ( 'NONE', ( #1520, #1957, #1283, #2241 ) ) ;
#936 = AXIS2_PLACEMENT_3D ( 'NONE', #877, #1587, #1727 ) ;
#937 = CARTESIAN_POINT ( 'NONE',  ( 2.589999999999999858, 1.064999999999999947, 1.000000000000000000 ) ) ;
#938 =( LENGTH_UNIT ( ) NAMED_UNIT ( * ) SI_UNIT ( .MILLI., .METRE. ) );
#939 = AXIS2_PLACEMENT_3D ( 'NONE', #464, #624, #1167 ) ;
#940 = ORIENTED_EDGE ( 'NONE', *, *, #672, .T. ) ;
#941 = LINE ( 'NONE', #794, #1068 ) ;
#942 =( NAMED_UNIT ( * ) PLANE_ANGLE_UNIT ( ) SI_UNIT ( $, .RADIAN. ) );
#943 = CARTESIAN_POINT ( 'NONE',  ( 2.919999999999999929, 1.064999999999999947, 1.000000000000000000 ) ) ;
#944 = EDGE_CURVE ( 'NONE', #2341, #2365, #1140, .T. ) ;
#945 = DIRECTION ( 'NONE',  ( 1.000000000000000000, 0.0000000000000000000, 0.0000000000000000000 ) ) ;
#946 = EDGE_CURVE ( 'NONE', #1088, #767, #823, .T. ) ;
#947 = ORIENTED_EDGE ( 'NONE', *, *, #1795, .F. ) ;
#948 = SURFACE_SIDE_STYLE ('',( #1126 ) ) ;
#949 =( NAMED_UNIT ( * ) SI_UNIT ( $, .STERADIAN. ) SOLID_ANGLE_UNIT ( ) );
#950 = PRESENTATION_STYLE_ASSIGNMENT (( #1833 ) ) ;
#951 = DIRECTION ( 'NONE',  ( -1.000000000000000000, 0.0000000000000000000, 0.0000000000000000000 ) ) ;
#952 = ORIENTED_EDGE ( 'NONE', *, *, #1276, .F. ) ;
#953 = FILL_AREA_STYLE_COLOUR ( '', #429 ) ;
#954 = CARTESIAN_POINT ( 'NONE',  ( 0.7500000000000001110, 2.100000000000000089, -3.049999999999999378 ) ) ;
#955 = DIRECTION ( 'NONE',  ( 0.0000000000000000000, 1.000000000000000000, 0.0000000000000000000 ) ) ;
#956 = PRESENTATION_STYLE_ASSIGNMENT (( #2193 ) ) ;
#957 = VERTEX_POINT ( 'NONE', #954 ) ;
#958 =( NAMED_UNIT ( * ) PLANE_ANGLE_UNIT ( ) SI_UNIT ( $, .RADIAN. ) );
#959 = PRESENTATION_LAYER_ASSIGNMENT (  '', '', ( #884 ) ) ;
#960 = SURFACE_STYLE_USAGE ( .BOTH. , #229 ) ;
#961 = VERTEX_POINT ( 'NONE', #257 ) ;
#962 = STYLED_ITEM ( 'NONE', ( #43 ), #1582 ) ;
#963 = VECTOR ( 'NONE', #224, 1000.000000000000000 ) ;
#964 = MECHANICAL_DESIGN_GEOMETRIC_PRESENTATION_REPRESENTATION (  '', ( #1216 ), #737 ) ;
#965 = STYLED_ITEM ( 'NONE', ( #2124 ), #1265 ) ;
#966 =( NAMED_UNIT ( * ) SI_UNIT ( $, .STERADIAN. ) SOLID_ANGLE_UNIT ( ) );
#967 =( GEOMETRIC_REPRESENTATION_CONTEXT ( 3 ) GLOBAL_UNCERTAINTY_ASSIGNED_CONTEXT ( ( #1659 ) ) GLOBAL_UNIT_ASSIGNED_CONTEXT ( ( #2316, #1581, #1414 ) ) REPRESENTATION_CONTEXT ( 'NONE', 'WORKASPACE' ) );
#968 = VERTEX_POINT ( 'NONE', #33 ) ;
#969 = EDGE_CURVE ( 'NONE', #1432, #2200, #80, .T. ) ;
#970 = SURFACE_SIDE_STYLE ('',( #2211 ) ) ;
#971 =( NAMED_UNIT ( * ) PLANE_ANGLE_UNIT ( ) SI_UNIT ( $, .RADIAN. ) );
#972 = EDGE_LOOP ( 'NONE', ( #1968, #1482, #1661, #1104 ) ) ;
#973 = ADVANCED_FACE ( 'NONE', ( #1806 ), #1639, .T. ) ;
#974 = SURFACE_STYLE_FILL_AREA ( #2040 ) ;
#975 = LINE ( 'NONE', #436, #917 ) ;
#976 = DIRECTION ( 'NONE',  ( -0.9785497849867490494, 0.0000000000000000000, -0.2060104810498420147 ) ) ;
#977 = CARTESIAN_POINT ( 'NONE',  ( 5.200000000000001066, 0.0000000000000000000, 0.0000000000000000000 ) ) ;
#978 =( LENGTH_UNIT ( ) NAMED_UNIT ( * ) SI_UNIT ( .MILLI., .METRE. ) );
#979 = ORIENTED_EDGE ( 'NONE', *, *, #1691, .F. ) ;
#980 =( NAMED_UNIT ( * ) SI_UNIT ( $, .STERADIAN. ) SOLID_ANGLE_UNIT ( ) );
#981 = CARTESIAN_POINT ( 'NONE',  ( 0.1499999999999999944, -2.697648572295269886, -2.799999999999999822 ) ) ;
#982 = CARTESIAN_POINT ( 'NONE',  ( 0.1499999999999999944, 2.697648572295269886, -2.925000000000000266 ) ) ;
#983 = CARTESIAN_POINT ( 'NONE',  ( 2.589999999999999858, 1.064999999999999947, 1.000000000000000000 ) ) ;
#984 = SURFACE_SIDE_STYLE ('',( #423 ) ) ;
#985 = ADVANCED_FACE ( 'NONE', ( #845 ), #1045, .T. ) ;
#986 = CARTESIAN_POINT ( 'NONE',  ( 2.589999999999999858, 1.064999999999999947, 1.199999999999999956 ) ) ;
#987 = CARTESIAN_POINT ( 'NONE',  ( 0.7500000000000000000, -2.100000000000000089, -2.925000000000000266 ) ) ;
#988 = CYLINDRICAL_SURFACE ( 'NONE', #1819, 0.1499999999999999667 ) ;
#989 = ORIENTED_EDGE ( 'NONE', *, *, #574, .T. ) ;
#990 = FILL_AREA_STYLE_COLOUR ( '', #356 ) ;
#991 = DIRECTION ( 'NONE',  ( -0.0000000000000000000, -0.0000000000000000000, 1.000000000000000000 ) ) ;
#992 = CARTESIAN_POINT ( 'NONE',  ( 3.149999999999999911, 2.100000000000000089, 1.199999999999999956 ) ) ;
#993 = DIRECTION ( 'NONE',  ( 0.0000000000000000000, -0.2060104810498420147, -0.9785497849867490494 ) ) ;
#994 =( GEOMETRIC_REPRESENTATION_CONTEXT ( 3 ) GLOBAL_UNCERTAINTY_ASSIGNED_CONTEXT ( ( #852 ) ) GLOBAL_UNIT_ASSIGNED_CONTEXT ( ( #87, #422, #1343 ) ) REPRESENTATION_CONTEXT ( 'NONE', 'WORKASPACE' ) );
#995 = STYLED_ITEM ( 'NONE', ( #891 ), #812 ) ;
#996 = CARTESIAN_POINT ( 'NONE',  ( 0.3190721488971339781, -2.618681122833390162, -3.049999999999999822 ) ) ;
#997 = LINE ( 'NONE', #656, #1102 ) ;
#998 = MECHANICAL_DESIGN_GEOMETRIC_PRESENTATION_REPRESENTATION (  '', ( #117 ), #396 ) ;
#999 = VECTOR ( 'NONE', #483, 1000.000000000000000 ) ;
#1000 = EDGE_CURVE ( 'NONE', #1403, #2049, #1898, .T. ) ;
#1001 = DIRECTION ( 'NONE',  ( -0.2060104810498420147, 0.0000000000000000000, 0.9785497849867490494 ) ) ;
#1002 = MECHANICAL_DESIGN_GEOMETRIC_PRESENTATION_REPRESENTATION (  '', ( #1940 ), #1748 ) ;
#1003 = LINE ( 'NONE', #101, #1598 ) ;
#1004 = STYLED_ITEM ( 'NONE', ( #2287 ), #2059 ) ;
#1005 = ORIENTED_EDGE ( 'NONE', *, *, #763, .T. ) ;
#1006 = SURFACE_SIDE_STYLE ('',( #467 ) ) ;
#1007 = CARTESIAN_POINT ( 'NONE',  ( -1.625000000000000222, -2.100000000000000089, 1.199999999999999956 ) ) ;
#1008 = FILL_AREA_STYLE_COLOUR ( '', #886 ) ;
#1009 = MECHANICAL_DESIGN_GEOMETRIC_PRESENTATION_REPRESENTATION (  '', ( #1341 ), #1949 ) ;
#1010 = PLANE ( 'NONE',  #813 ) ;
#1011 = FILL_AREA_STYLE ('',( #1179 ) ) ;
#1012 = DIRECTION ( 'NONE',  ( -1.000000000000000000, 0.0000000000000000000, 0.0000000000000000000 ) ) ;
#1013 = FILL_AREA_STYLE ('',( #613 ) ) ;
#1014 = EDGE_CURVE ( 'NONE', #352, #1311, #1720, .T. ) ;
#1015 = VERTEX_POINT ( 'NONE', #263 ) ;
#1016 = ADVANCED_FACE ( 'NONE', ( #29 ), #1690, .T. ) ;
#1017 = ORIENTED_EDGE ( 'NONE', *, *, #1461, .T. ) ;
#1018 = DIRECTION ( 'NONE',  ( 1.000000000000000000, 0.0000000000000000000, 0.0000000000000000000 ) ) ;
#1019 = CARTESIAN_POINT ( 'NONE',  ( 0.2055885716173109223, 2.625204135323589760, -2.799999999999999822 ) ) ;
#1020 = SURFACE_STYLE_USAGE ( .BOTH. , #298 ) ;
#1021 = DIRECTION ( 'NONE',  ( 0.0000000000000000000, 0.0000000000000000000, -1.000000000000000000 ) ) ;
#1022 = ORIENTED_EDGE ( 'NONE', *, *, #1840, .T. ) ;
#1023 = PRESENTATION_LAYER_ASSIGNMENT (  '', '', ( #63 ) ) ;
#1024 = ORIENTED_EDGE ( 'NONE', *, *, #1616, .F. ) ;
#1025 = ADVANCED_FACE ( 'NONE', ( #1162 ), #66, .T. ) ;
#1026 = SURFACE_STYLE_USAGE ( .BOTH. , #481 ) ;
#1027 = SURFACE_STYLE_USAGE ( .BOTH. , #138 ) ;
#1028 = CARTESIAN_POINT ( 'NONE',  ( 0.1111771432346219945, 2.495210174253479796, -3.049999999999999822 ) ) ;
#1029 =( GEOMETRIC_REPRESENTATION_CONTEXT ( 3 ) GLOBAL_UNCERTAINTY_ASSIGNED_CONTEXT ( ( #2000 ) ) GLOBAL_UNIT_ASSIGNED_CONTEXT ( ( #1465, #28, #2242 ) ) REPRESENTATION_CONTEXT ( 'NONE', 'WORKASPACE' ) );
#1030 = MECHANICAL_DESIGN_GEOMETRIC_PRESENTATION_REPRESENTATION (  '', ( #235 ), #1070 ) ;
#1031 = COLOUR_RGB ( '',0.1176470588235294101, 0.1176470588235294101, 0.1176470588235294101 ) ;
#1032 = SURFACE_STYLE_FILL_AREA ( #168 ) ;
#1033 =( NAMED_UNIT ( * ) SI_UNIT ( $, .STERADIAN. ) SOLID_ANGLE_UNIT ( ) );
#1034 = STYLED_ITEM ( 'NONE', ( #1614 ), #796 ) ;
#1035 = CARTESIAN_POINT ( 'NONE',  ( 0.6388228567653780887, -2.509119358484690032, -2.799999999999999822 ) ) ;
#1036 = MECHANICAL_DESIGN_GEOMETRIC_PRESENTATION_REPRESENTATION (  '', ( #2063 ), #1514 ) ;
#1037 =( GEOMETRIC_REPRESENTATION_CONTEXT ( 3 ) GLOBAL_UNCERTAINTY_ASSIGNED_CONTEXT ( ( #1846 ) ) GLOBAL_UNIT_ASSIGNED_CONTEXT ( ( #276, #2054, #1516 ) ) REPRESENTATION_CONTEXT ( 'NONE', 'WORKASPACE' ) );
#1038 = VECTOR ( 'NONE', #376, 1000.000000000000000 ) ;
#1039 = MECHANICAL_DESIGN_GEOMETRIC_PRESENTATION_REPRESENTATION (  '', ( #165 ), #1481 ) ;
#1040 = ORIENTED_EDGE ( 'NONE', *, *, #723, .T. ) ;
#1041 = STYLED_ITEM ( 'NONE', ( #1056 ), #2127 ) ;
#1042 = LINE ( 'NONE', #1562, #841 ) ;
#1043 = LINE ( 'NONE', #2130, #2189 ) ;
#1044 = SURFACE_STYLE_USAGE ( .BOTH. , #1199 ) ;
#1045 = PLANE ( 'NONE',  #552 ) ;
#1046 = DIRECTION ( 'NONE',  ( 2.924945967015381709E-16, -0.9785497849867490494, -0.2060104810498420147 ) ) ;
#1047 = STYLED_ITEM ( 'NONE', ( #1279 ), #2293 ) ;
#1048 = CARTESIAN_POINT ( 'NONE',  ( 3.250000000000000444, 2.200000000000000178, 0.7249999999999999778 ) ) ;
#1049 = PRODUCT_DEFINITION_CONTEXT ( 'detailed design', #68, 'design' ) ;
#1050 = VERTEX_POINT ( 'NONE', #1152 ) ;
#1051 = UNCERTAINTY_MEASURE_WITH_UNIT (LENGTH_MEASURE( 1.000000000000000082E-05 ), #1903, 'distance_accuracy_value', 'NONE');
#1052 =( NAMED_UNIT ( * ) SI_UNIT ( $, .STERADIAN. ) SOLID_ANGLE_UNIT ( ) );
#1053 = DIRECTION ( 'NONE',  ( 1.000000000000000000, 0.0000000000000000000, 0.0000000000000000000 ) ) ;
#1054 = CARTESIAN_POINT ( 'NONE',  ( 0.1111771432346219945, -2.495210174253479796, -2.925000000000000266 ) ) ;
#1055 = CARTESIAN_POINT ( 'NONE',  ( 0.0000000000000000000, 3.200000000000000178, -2.799999999999999822 ) ) ;
#1056 = PRESENTATION_STYLE_ASSIGNMENT (( #129 ) ) ;
#1057 = VERTEX_POINT ( 'NONE', #1875 ) ;
#1058 = ADVANCED_FACE ( 'NONE', ( #1741 ), #2310, .F. ) ;
#1059 = SURFACE_SIDE_STYLE ('',( #1032 ) ) ;
#1060 = LINE ( 'NONE', #134, #579 ) ;
#1061 = EDGE_LOOP ( 'NONE', ( #2329, #331, #1456, #1751 ) ) ;
#1062 =( NAMED_UNIT ( * ) PLANE_ANGLE_UNIT ( ) SI_UNIT ( $, .RADIAN. ) );
#1063 = UNCERTAINTY_MEASURE_WITH_UNIT (LENGTH_MEASURE( 1.000000000000000082E-05 ), #2356, 'distance_accuracy_value', 'NONE');
#1064 = DIRECTION ( 'NONE',  ( -1.000000000000000000, 0.0000000000000000000, -0.0000000000000000000 ) ) ;
#1065 =( GEOMETRIC_REPRESENTATION_CONTEXT ( 3 ) GLOBAL_UNCERTAINTY_ASSIGNED_CONTEXT ( ( #706 ) ) GLOBAL_UNIT_ASSIGNED_CONTEXT ( ( #2204, #1827, #1107 ) ) REPRESENTATION_CONTEXT ( 'NONE', 'WORKASPACE' ) );
#1066 = CARTESIAN_POINT ( 'NONE',  ( 0.7500000000000000000, -2.364230484541329780, -2.799999999999999822 ) ) ;
#1067 = ORIENTED_EDGE ( 'NONE', *, *, #2161, .F. ) ;
#1068 = VECTOR ( 'NONE', #1861, 1000.000000000000114 ) ;
#1069 = EDGE_CURVE ( 'NONE', #1643, #352, #2286, .T. ) ;
#1070 =( GEOMETRIC_REPRESENTATION_CONTEXT ( 3 ) GLOBAL_UNCERTAINTY_ASSIGNED_CONTEXT ( ( #2318 ) ) GLOBAL_UNIT_ASSIGNED_CONTEXT ( ( #2348, #1743, #861 ) ) REPRESENTATION_CONTEXT ( 'NONE', 'WORKASPACE' ) );
#1071 = AXIS2_PLACEMENT_3D ( 'NONE', #520, #2119, #1550 ) ;
#1072 = EDGE_LOOP ( 'NONE', ( #1578, #1440, #2099, #690 ) ) ;
#1073 = CARTESIAN_POINT ( 'NONE',  ( 0.5999999999999999778, -2.306680960442910155, -2.925000000000000266 ) ) ;
#1074 = MECHANICAL_DESIGN_GEOMETRIC_PRESENTATION_REPRESENTATION (  '', ( #771 ), #1979 ) ;
#1075 = MECHANICAL_DESIGN_GEOMETRIC_PRESENTATION_REPRESENTATION (  '', ( #2276 ), #518 ) ;
#1076 = VERTEX_POINT ( 'NONE', #1055 ) ;
#1077 = CARTESIAN_POINT ( 'NONE',  ( 1.300000000000000266, 0.0000000000000000000, 0.0000000000000000000 ) ) ;
#1078 = ORIENTED_EDGE ( 'NONE', *, *, #839, .T. ) ;
#1079 = EDGE_CURVE ( 'NONE', #2319, #166, #358, .T. ) ;
#1080 = SURFACE_STYLE_USAGE ( .BOTH. , #529 ) ;
#1081 = CARTESIAN_POINT ( 'NONE',  ( 0.7500000000000001110, 2.100000000000000089, -2.799999999999999822 ) ) ;
#1082 = FILL_AREA_STYLE ('',( #2148 ) ) ;
#1083 =( NAMED_UNIT ( * ) PLANE_ANGLE_UNIT ( ) SI_UNIT ( $, .RADIAN. ) );
#1084 = EDGE_LOOP ( 'NONE', ( #368, #1067, #731, #911 ) ) ;
#1085 = SURFACE_STYLE_USAGE ( .BOTH. , #715 ) ;
#1086 = SURFACE_STYLE_USAGE ( .BOTH. , #1620 ) ;
#1087 = PRODUCT_DEFINITION_CONTEXT ( 'detailed design', #2378, 'design' ) ;
#1088 = VERTEX_POINT ( 'NONE', #507 ) ;
#1089 =( NAMED_UNIT ( * ) SI_UNIT ( $, .STERADIAN. ) SOLID_ANGLE_UNIT ( ) );
#1090 = EDGE_CURVE ( 'NONE', #1050, #957, #653, .T. ) ;
#1091 = SURFACE_STYLE_USAGE ( .BOTH. , #1998 ) ;
#1092 = CARTESIAN_POINT ( 'NONE',  ( 0.6388228567653779777, -2.509119358484690032, -2.925000000000000266 ) ) ;
#1093 = ORIENTED_EDGE ( 'NONE', *, *, #1869, .F. ) ;
#1094 = CARTESIAN_POINT ( 'NONE',  ( 0.5999999999999999778, 2.306680960442910155, -2.799999999999999822 ) ) ;
#1095 = VECTOR ( 'NONE', #1161, 1000.000000000000000 ) ;
#1096 = ORIENTED_EDGE ( 'NONE', *, *, #412, .T. ) ;
#1097 = STYLED_ITEM ( 'NONE', ( #539 ), #1316 ) ;
#1098 = COLOUR_RGB ( '',0.1176470588235294101, 0.1176470588235294101, 0.1176470588235294101 ) ;
#1099 = AXIS2_PLACEMENT_3D ( 'NONE', #806, #1130, #993 ) ;
#1100 = COLOUR_RGB ( '',0.7490196078431372584, 0.7490196078431372584, 0.7490196078431372584 ) ;
#1101 = ADVANCED_FACE ( 'NONE', ( #1224 ), #470, .F. ) ;
#1102 = VECTOR ( 'NONE', #253, 1000.000000000000000 ) ;
#1103 =( GEOMETRIC_REPRESENTATION_CONTEXT ( 3 ) GLOBAL_UNCERTAINTY_ASSIGNED_CONTEXT ( ( #543 ) ) GLOBAL_UNIT_ASSIGNED_CONTEXT ( ( #1515, #1312, #1528 ) ) REPRESENTATION_CONTEXT ( 'NONE', 'WORKASPACE' ) );
#1104 = ORIENTED_EDGE ( 'NONE', *, *, #71, .T. ) ;
#1105 = FACE_OUTER_BOUND ( 'NONE', #573, .T. ) ;
#1106 = ADVANCED_FACE ( 'NONE', ( #1174 ), #96, .T. ) ;
#1107 =( NAMED_UNIT ( * ) SI_UNIT ( $, .STERADIAN. ) SOLID_ANGLE_UNIT ( ) );
#1108 = CARTESIAN_POINT ( 'NONE',  ( 0.0000000000000000000, 0.0000000000000000000, 0.0000000000000000000 ) ) ;
#1109 = SURFACE_STYLE_FILL_AREA ( #1852 ) ;
#1110 = ORIENTED_EDGE ( 'NONE', *, *, #874, .F. ) ;
#1111 = COLOUR_RGB ( '',0.1176470588235294101, 0.1176470588235294101, 0.1176470588235294101 ) ;
#1112 = LINE ( 'NONE', #982, #772 ) ;
#1113 = FILL_AREA_STYLE ('',( #792 ) ) ;
#1114 = AXIS2_PLACEMENT_3D ( 'NONE', #2373, #1828, #729 ) ;
#1115 = CARTESIAN_POINT ( 'NONE',  ( 0.1499999999999999667, 3.200000000000000178, -3.049999999999999378 ) ) ;
#1116 = ORIENTED_EDGE ( 'NONE', *, *, #1381, .T. ) ;
#1117 = FILL_AREA_STYLE ('',( #2224 ) ) ;
#1118 = LINE ( 'NONE', #460, #278 ) ;
#1119 = FACE_OUTER_BOUND ( 'NONE', #1834, .T. ) ;
#1120 = EDGE_CURVE ( 'NONE', #177, #2362, #2367, .T. ) ;
#1121 = CARTESIAN_POINT ( 'NONE',  ( 3.250000000000000444, -2.200000000000000178, 0.7249999999999999778 ) ) ;
#1122 = SURFACE_STYLE_FILL_AREA ( #1458 ) ;
#1123 =( REPRESENTATION_RELATIONSHIP ('NONE','NONE', #124, #617 ) REPRESENTATION_RELATIONSHIP_WITH_TRANSFORMATION ( #100 )SHAPE_REPRESENTATION_RELATIONSHIP( ) );
#1124 = PRESENTATION_STYLE_ASSIGNMENT (( #415 ) ) ;
#1125 = VERTEX_POINT ( 'NONE', #736 ) ;
#1126 = SURFACE_STYLE_FILL_AREA ( #1680 ) ;
#1127 = FILL_AREA_STYLE_COLOUR ( '', #658 ) ;
#1128 = DIRECTION ( 'NONE',  ( -0.0000000000000000000, -0.0000000000000000000, -1.000000000000000000 ) ) ;
#1129 = ORIENTED_EDGE ( 'NONE', *, *, #712, .F. ) ;
#1130 = DIRECTION ( 'NONE',  ( 2.924945967015381709E-16, -0.9785497849867490494, 0.2060104810498420147 ) ) ;
#1131 = FACE_OUTER_BOUND ( 'NONE', #487, .T. ) ;
#1132 = PRESENTATION_STYLE_ASSIGNMENT (( #223 ) ) ;
#1133 = ORIENTED_EDGE ( 'NONE', *, *, #1000, .T. ) ;
#1134 = COLOUR_RGB ( '',0.7490196078431372584, 0.7490196078431372584, 0.7490196078431372584 ) ;
#1135 =( GEOMETRIC_REPRESENTATION_CONTEXT ( 3 ) GLOBAL_UNCERTAINTY_ASSIGNED_CONTEXT ( ( #846 ) ) GLOBAL_UNIT_ASSIGNED_CONTEXT ( ( #927, #1223, #1997 ) ) REPRESENTATION_CONTEXT ( 'NONE', 'WORKASPACE' ) );
#1136 =( GEOMETRIC_REPRESENTATION_CONTEXT ( 3 ) GLOBAL_UNCERTAINTY_ASSIGNED_CONTEXT ( ( #49 ) ) GLOBAL_UNIT_ASSIGNED_CONTEXT ( ( #1498, #2090, #1374 ) ) REPRESENTATION_CONTEXT ( 'NONE', 'WORKASPACE' ) );
#1137 = VECTOR ( 'NONE', #1896, 1000.000000000000114 ) ;
#1138 = UNCERTAINTY_MEASURE_WITH_UNIT (LENGTH_MEASURE( 1.000000000000000082E-05 ), #1577, 'distance_accuracy_value', 'NONE');
#1139 = ORIENTED_EDGE ( 'NONE', *, *, #753, .F. ) ;
#1140 = CIRCLE ( 'NONE', #1817, 0.07500000000000001110 ) ;
#1141 = SURFACE_STYLE_FILL_AREA ( #1117 ) ;
#1142 = FILL_AREA_STYLE_COLOUR ( '', #2227 ) ;
#1143 =( LENGTH_UNIT ( ) NAMED_UNIT ( * ) SI_UNIT ( .MILLI., .METRE. ) );
#1144 = LINE ( 'NONE', #2053, #189 ) ;
#1145 = AXIS2_PLACEMENT_3D ( 'NONE', #589, #2226, #188 ) ;
#1146 = AXIS2_PLACEMENT_3D ( 'NONE', #1313, #1330, #2073 ) ;
#1147 = VERTEX_POINT ( 'NONE', #1081 ) ;
#1148 = CARTESIAN_POINT ( 'NONE',  ( 0.1499999999999999944, 2.618681122833390162, -2.799999999999999822 ) ) ;
#1149 = ADVANCED_FACE ( 'NONE', ( #567 ), #2009, .F. ) ;
#1150 = DIRECTION ( 'NONE',  ( 1.000000000000000000, 0.0000000000000000000, 0.0000000000000000000 ) ) ;
#1151 = CARTESIAN_POINT ( 'NONE',  ( 0.3190721488971339781, 2.618681122833390162, -3.049999999999999822 ) ) ;
#1152 = CARTESIAN_POINT ( 'NONE',  ( 0.6000000000000000888, 2.100000000000000089, -3.049999999999999378 ) ) ;
#1153 = VECTOR ( 'NONE', #366, 1000.000000000000227 ) ;
#1154 = FACE_OUTER_BOUND ( 'NONE', #1225, .T. ) ;
#1155 = SURFACE_STYLE_USAGE ( .BOTH. , #234 ) ;
#1156 = CARTESIAN_POINT ( 'NONE',  ( 0.1111771432346219945, 2.495210174253479796, -2.925000000000000266 ) ) ;
#1157 = VERTEX_POINT ( 'NONE', #191 ) ;
#1158 = FACE_OUTER_BOUND ( 'NONE', #935, .T. ) ;
#1159 = UNCERTAINTY_MEASURE_WITH_UNIT (LENGTH_MEASURE( 1.000000000000000082E-05 ), #978, 'distance_accuracy_value', 'NONE');
#1160 = ADVANCED_FACE ( 'NONE', ( #2198 ), #1641, .F. ) ;
#1161 = DIRECTION ( 'NONE',  ( 0.0000000000000000000, 0.0000000000000000000, 1.000000000000000000 ) ) ;
#1162 = FACE_OUTER_BOUND ( 'NONE', #2029, .T. ) ;
#1163 = DIRECTION ( 'NONE',  ( 0.0000000000000000000, 0.0000000000000000000, -1.000000000000000000 ) ) ;
#1164 = FILL_AREA_STYLE ('',( #620 ) ) ;
#1165 =( REPRESENTATION_RELATIONSHIP ('NONE','NONE', #124, #617 ) REPRESENTATION_RELATIONSHIP_WITH_TRANSFORMATION ( #1493 )SHAPE_REPRESENTATION_RELATIONSHIP( ) );
#1166 = CARTESIAN_POINT ( 'NONE',  ( 0.1499999999999999944, 2.697648572295269886, -3.049999999999999822 ) ) ;
#1167 = DIRECTION ( 'NONE',  ( 0.0000000000000000000, 1.000000000000000000, 0.0000000000000000000 ) ) ;
#1168 = LINE ( 'NONE', #825, #1935 ) ;
#1169 = EDGE_LOOP ( 'NONE', ( #1281, #536, #1767, #922 ) ) ;
#1170 = AXIS2_PLACEMENT_3D ( 'NONE', #1344, #1863, #1889 ) ;
#1171 = DIRECTION ( 'NONE',  ( 0.0000000000000000000, 0.0000000000000000000, 1.000000000000000000 ) ) ;
#1172 = DIRECTION ( 'NONE',  ( -1.000000000000000000, -2.862205247120760235E-16, 6.025695257096339867E-17 ) ) ;
#1173 = AXIS2_PLACEMENT_3D ( 'NONE', #1740, #469, #1187 ) ;
#1174 = FACE_OUTER_BOUND ( 'NONE', #676, .T. ) ;
#1175 = STYLED_ITEM ( 'NONE', ( #1189 ), #1408 ) ;
#1176 = VECTOR ( 'NONE', #1725, 1000.000000000000000 ) ;
#1177 = EDGE_CURVE ( 'NONE', #1672, #173, #1112, .T. ) ;
#1178 = AXIS2_PLACEMENT_3D ( 'NONE', #914, #193, #1788 ) ;
#1179 = FILL_AREA_STYLE_COLOUR ( '', #1586 ) ;
#1180 = EDGE_CURVE ( 'NONE', #663, #102, #25, .T. ) ;
#1181 = COLOUR_RGB ( '',0.7490196078431372584, 0.7490196078431372584, 0.7490196078431372584 ) ;
#1182 = DIRECTION ( 'NONE',  ( -1.000000000000000000, 0.0000000000000000000, -0.0000000000000000000 ) ) ;
#1183 = VECTOR ( 'NONE', #461, 1000.000000000000000 ) ;
#1184 = VERTEX_POINT ( 'NONE', #1322 ) ;
#1185 = SURFACE_SIDE_STYLE ('',( #1699 ) ) ;
#1186 = UNCERTAINTY_MEASURE_WITH_UNIT (LENGTH_MEASURE( 1.000000000000000082E-05 ), #108, 'distance_accuracy_value', 'NONE');
#1187 = DIRECTION ( 'NONE',  ( 1.000000000000000000, 0.0000000000000000000, 0.0000000000000000000 ) ) ;
#1188 = SURFACE_STYLE_FILL_AREA ( #860 ) ;
#1189 = PRESENTATION_STYLE_ASSIGNMENT (( #300 ) ) ;
#1190 = DIRECTION ( 'NONE',  ( 0.0000000000000000000, 0.0000000000000000000, -1.000000000000000000 ) ) ;
#1191 = EDGE_CURVE ( 'NONE', #576, #1926, #2107, .T. ) ;
#1192 = LINE ( 'NONE', #1048, #648 ) ;
#1193 = SHAPE_REPRESENTATION ( '_X2_041A043E0440043F04430441_X0_', ( #675 ), #486 ) ;
#1194 = ORIENTED_EDGE ( 'NONE', *, *, #839, .F. ) ;
#1195 = LINE ( 'NONE', #856, #1176 ) ;
#1196 = SURFACE_STYLE_FILL_AREA ( #2160 ) ;
#1197 = DIRECTION ( 'NONE',  ( 0.0000000000000000000, 1.000000000000000000, 0.0000000000000000000 ) ) ;
#1198 = SURFACE_STYLE_FILL_AREA ( #2110 ) ;
#1199 = SURFACE_SIDE_STYLE ('',( #1605 ) ) ;
#1200 = DIRECTION ( 'NONE',  ( -1.000000000000000000, -0.0000000000000000000, 0.0000000000000000000 ) ) ;
#1201 = ORIENTED_EDGE ( 'NONE', *, *, #639, .F. ) ;
#1202 = EDGE_CURVE ( 'NONE', #1274, #1643, #1558, .T. ) ;
#1203 = VERTEX_POINT ( 'NONE', #339 ) ;
#1204 = FACE_OUTER_BOUND ( 'NONE', #1169, .T. ) ;
#1205 = STYLED_ITEM ( 'NONE', ( #299 ), #500 ) ;
#1206 = SURFACE_SIDE_STYLE ('',( #1188 ) ) ;
#1207 = FILL_AREA_STYLE_COLOUR ( '', #2057 ) ;
#1208 = LINE ( 'NONE', #1388, #704 ) ;
#1209 = VECTOR ( 'NONE', #2225, 1000.000000000000000 ) ;
#1210 = DIRECTION ( 'NONE',  ( 1.000000000000000000, 1.261617073437679971E-16, 0.0000000000000000000 ) ) ;
#1211 = UNCERTAINTY_MEASURE_WITH_UNIT (LENGTH_MEASURE( 1.000000000000000082E-05 ), #228, 'distance_accuracy_value', 'NONE');
#1212 = DIRECTION ( 'NONE',  ( 1.000000000000000000, 0.0000000000000000000, 0.0000000000000000000 ) ) ;
#1213 = PRESENTATION_LAYER_ASSIGNMENT (  '', '', ( #317 ) ) ;
#1214 = AXIS2_PLACEMENT_3D ( 'NONE', #2154, #522, #1012 ) ;
#1215 = EDGE_LOOP ( 'NONE', ( #373, #1139 ) ) ;
#1216 = STYLED_ITEM ( 'NONE', ( #1124 ), #1768 ) ;
#1217 = VECTOR ( 'NONE', #1759, 1000.000000000000000 ) ;
#1218 = PRESENTATION_LAYER_ASSIGNMENT (  '', '', ( #2276 ) ) ;
#1219 = VERTEX_POINT ( 'NONE', #864 ) ;
#1220 = FILL_AREA_STYLE_COLOUR ( '', #1509 ) ;
#1221 = PLANE ( 'NONE',  #936 ) ;
#1222 = EDGE_CURVE ( 'NONE', #1157, #1076, #1758, .T. ) ;
#1223 =( NAMED_UNIT ( * ) PLANE_ANGLE_UNIT ( ) SI_UNIT ( $, .RADIAN. ) );
#1224 = FACE_OUTER_BOUND ( 'NONE', #2114, .T. ) ;
#1225 = EDGE_LOOP ( 'NONE', ( #666, #2216, #103, #44, #60, #2355, #1709, #2270, #606, #510, #1506, #2178 ) ) ;
#1226 = FILL_AREA_STYLE_COLOUR ( '', #1638 ) ;
#1227 = COLOUR_RGB ( '',0.1176470588235294101, 0.1176470588235294101, 0.1176470588235294101 ) ;
#1228 = CYLINDRICAL_SURFACE ( 'NONE', #2096, 0.07500000000000001110 ) ;
#1229 =( GEOMETRIC_REPRESENTATION_CONTEXT ( 3 ) GLOBAL_UNCERTAINTY_ASSIGNED_CONTEXT ( ( #61 ) ) GLOBAL_UNIT_ASSIGNED_CONTEXT ( ( #630, #42, #1301 ) ) REPRESENTATION_CONTEXT ( 'NONE', 'WORKASPACE' ) );
#1230 = EDGE_LOOP ( 'NONE', ( #815, #744 ) ) ;
#1231 = DIRECTION ( 'NONE',  ( 0.0000000000000000000, 1.000000000000000000, -0.0000000000000000000 ) ) ;
#1232 = FILL_AREA_STYLE ('',( #880 ) ) ;
#1233 = DIRECTION ( 'NONE',  ( 3.357297106147360196E-16, -1.000000000000000000, 0.0000000000000000000 ) ) ;
#1234 = FILL_AREA_STYLE ('',( #703 ) ) ;
#1235 = ADVANCED_FACE ( 'NONE', ( #2156 ), #1731, .F. ) ;
#1236 = ORIENTED_EDGE ( 'NONE', *, *, #273, .T. ) ;
#1237 = SURFACE_STYLE_FILL_AREA ( #1962 ) ;
#1238 = DIRECTION ( 'NONE',  ( 0.0000000000000000000, 0.2060104810498420147, -0.9785497849867490494 ) ) ;
#1239 = DIRECTION ( 'NONE',  ( -1.000000000000000000, 0.0000000000000000000, 0.0000000000000000000 ) ) ;
#1240 = LINE ( 'NONE', #837, #1153 ) ;
#1241 = ORIENTED_EDGE ( 'NONE', *, *, #1917, .T. ) ;
#1242 =( LENGTH_UNIT ( ) NAMED_UNIT ( * ) SI_UNIT ( .MILLI., .METRE. ) );
#1243 = DIRECTION ( 'NONE',  ( 0.0000000000000000000, 0.0000000000000000000, -1.000000000000000000 ) ) ;
#1244 = ORIENTED_EDGE ( 'NONE', *, *, #2006, .T. ) ;
#1245 =( GEOMETRIC_REPRESENTATION_CONTEXT ( 3 ) GLOBAL_UNCERTAINTY_ASSIGNED_CONTEXT ( ( #1051 ) ) GLOBAL_UNIT_ASSIGNED_CONTEXT ( ( #1903, #1914, #1379 ) ) REPRESENTATION_CONTEXT ( 'NONE', 'WORKASPACE' ) );
#1246 =( LENGTH_UNIT ( ) NAMED_UNIT ( * ) SI_UNIT ( .MILLI., .METRE. ) );
#1247 = EDGE_CURVE ( 'NONE', #1088, #102, #314, .T. ) ;
#1248 = PRODUCT ( '_X2_041C04350442043A0430_X0_', '_X2_041C04350442043A0430_X0_', '', ( #602 ) ) ;
#1249 = LINE ( 'NONE', #1007, #438 ) ;
#1250 = PRESENTATION_LAYER_ASSIGNMENT (  '', '', ( #1555 ) ) ;
#1251 = COLOUR_RGB ( '',0.1176470588235294101, 0.1176470588235294101, 0.1176470588235294101 ) ;
#1252 = ORIENTED_EDGE ( 'NONE', *, *, #584, .T. ) ;
#1253 = LINE ( 'NONE', #1763, #622 ) ;
#1254 = AXIS2_PLACEMENT_3D ( 'NONE', #1449, #572, #1881 ) ;
#1255 = COLOUR_RGB ( '',0.1176470588235294101, 0.1176470588235294101, 0.1176470588235294101 ) ;
#1256 = CARTESIAN_POINT ( 'NONE',  ( 2.589999999999999858, 1.064999999999999947, 1.000000000000000000 ) ) ;
#1257 = STYLED_ITEM ( 'NONE', ( #1411 ), #2091 ) ;
#1258 = ORIENTED_EDGE ( 'NONE', *, *, #533, .F. ) ;
#1259 =( NAMED_UNIT ( * ) SI_UNIT ( $, .STERADIAN. ) SOLID_ANGLE_UNIT ( ) );
#1260 = DIRECTION ( 'NONE',  ( 0.0000000000000000000, 0.0000000000000000000, -1.000000000000000000 ) ) ;
#1261 = FILL_AREA_STYLE ('',( #208 ) ) ;
#1262 = UNCERTAINTY_MEASURE_WITH_UNIT (LENGTH_MEASURE( 1.000000000000000082E-05 ), #175, 'distance_accuracy_value', 'NONE');
#1263 = PLANE ( 'NONE',  #1254 ) ;
#1264 = COLOUR_RGB ( '',0.7921568627450980005, 0.8196078431372548767, 0.9333333333333333481 ) ;
#1265 = ADVANCED_FACE ( 'NONE', ( #114 ), #898, .F. ) ;
#1266 = ORIENTED_EDGE ( 'NONE', *, *, #1222, .F. ) ;
#1267 = STYLED_ITEM ( 'NONE', ( #909 ), #1453 ) ;
#1268 = SURFACE_STYLE_FILL_AREA ( #547 ) ;
#1269 =( NAMED_UNIT ( * ) PLANE_ANGLE_UNIT ( ) SI_UNIT ( $, .RADIAN. ) );
#1270 = SURFACE_STYLE_USAGE ( .BOTH. , #185 ) ;
#1271 = VERTEX_POINT ( 'NONE', #1467 ) ;
#1272 = SURFACE_STYLE_FILL_AREA ( #1800 ) ;
#1273 = LINE ( 'NONE', #577, #1038 ) ;
#1274 = VERTEX_POINT ( 'NONE', #179 ) ;
#1275 = ADVANCED_FACE ( 'NONE', ( #1457 ), #558, .T. ) ;
#1276 = EDGE_CURVE ( 'NONE', #2208, #592, #375, .T. ) ;
#1277 = SURFACE_SIDE_STYLE ('',( #1765 ) ) ;
#1278 =( NAMED_UNIT ( * ) PLANE_ANGLE_UNIT ( ) SI_UNIT ( $, .RADIAN. ) );
#1279 = PRESENTATION_STYLE_ASSIGNMENT (( #1270 ) ) ;
#1280 = VECTOR ( 'NONE', #316, 1000.000000000000000 ) ;
#1281 = ORIENTED_EDGE ( 'NONE', *, *, #441, .F. ) ;
#1282 = UNCERTAINTY_MEASURE_WITH_UNIT (LENGTH_MEASURE( 1.000000000000000082E-05 ), #740, 'distance_accuracy_value', 'NONE');
#1283 = ORIENTED_EDGE ( 'NONE', *, *, #779, .F. ) ;
#1284 = PRESENTATION_LAYER_ASSIGNMENT (  '', '', ( #235 ) ) ;
#1285 = PRESENTATION_LAYER_ASSIGNMENT (  '', '', ( #1034 ) ) ;
#1286 = AXIS2_PLACEMENT_3D ( 'NONE', #64, #991, #819 ) ;
#1287 = PRODUCT ( '_X2_041D043E0436043A0430_X0_', '_X2_041D043E0436043A0430_X0_', '', ( #1353 ) ) ;
#1288 = STYLED_ITEM ( 'NONE', ( #2030 ), #1016 ) ;
#1289 = CYLINDRICAL_SURFACE ( 'NONE', #389, 0.07499999999999998335 ) ;
#1290 = AXIS2_PLACEMENT_3D ( 'NONE', #2364, #1348, #544 ) ;
#1291 = DIRECTION ( 'NONE',  ( 0.0000000000000000000, 0.0000000000000000000, -1.000000000000000000 ) ) ;
#1292 = EDGE_CURVE ( 'NONE', #592, #2251, #759, .T. ) ;
#1293 = ORIENTED_EDGE ( 'NONE', *, *, #2028, .F. ) ;
#1294 = FILL_AREA_STYLE_COLOUR ( '', #2065 ) ;
#1295 = CIRCLE ( 'NONE', #1146, 0.1499999999999999944 ) ;
#1296 = CARTESIAN_POINT ( 'NONE',  ( 0.5444114283826883005, 2.379125397414590282, -2.799999999999999822 ) ) ;
#1297 =( NAMED_UNIT ( * ) PLANE_ANGLE_UNIT ( ) SI_UNIT ( $, .RADIAN. ) );
#1298 = CARTESIAN_POINT ( 'NONE',  ( -3.250000000000000444, 2.200000000000000178, 0.7249999999999999778 ) ) ;
#1299 = ORIENTED_EDGE ( 'NONE', *, *, #639, .T. ) ;
#1300 = UNCERTAINTY_MEASURE_WITH_UNIT (LENGTH_MEASURE( 1.000000000000000082E-05 ), #1630, 'distance_accuracy_value', 'NONE');
#1301 =( NAMED_UNIT ( * ) SI_UNIT ( $, .STERADIAN. ) SOLID_ANGLE_UNIT ( ) );
#1302 = AXIS2_PLACEMENT_3D ( 'NONE', #977, #450, #1891 ) ;
#1303 = CARTESIAN_POINT ( 'NONE',  ( 0.1499999999999999944, 2.697648572295269886, -3.049999999999999822 ) ) ;
#1304 = LINE ( 'NONE', #804, #2186 ) ;
#1305 = ORIENTED_EDGE ( 'NONE', *, *, #1600, .F. ) ;
#1306 = PRODUCT_RELATED_PRODUCT_CATEGORY ( 'part', '', ( #2252 ) ) ;
#1307 =( LENGTH_UNIT ( ) NAMED_UNIT ( * ) SI_UNIT ( .MILLI., .METRE. ) );
#1308 = LINE ( 'NONE', #934, #2273 ) ;
#1309 = ORIENTED_EDGE ( 'NONE', *, *, #829, .F. ) ;
#1310 = PRESENTATION_STYLE_ASSIGNMENT (( #2080 ) ) ;
#1311 = VERTEX_POINT ( 'NONE', #1296 ) ;
#1312 =( NAMED_UNIT ( * ) PLANE_ANGLE_UNIT ( ) SI_UNIT ( $, .RADIAN. ) );
#1313 = CARTESIAN_POINT ( 'NONE',  ( 0.1499999999999999944, 2.640099048196850262, -2.799999999999999822 ) ) ;
#1314 = CYLINDRICAL_SURFACE ( 'NONE', #838, 0.3300000000000000155 ) ;
#1315 = SURFACE_SIDE_STYLE ('',( #451 ) ) ;
#1316 = MANIFOLD_SOLID_BREP ( 'Imported2', #154 ) ;
#1317 = STYLED_ITEM ( 'NONE', ( #2372 ), #155 ) ;
#1318 = EDGE_CURVE ( 'NONE', #709, #1488, #1674, .T. ) ;
#1319 = ORIENTED_EDGE ( 'NONE', *, *, #412, .F. ) ;
#1320 = VECTOR ( 'NONE', #271, 1000.000000000000114 ) ;
#1321 = FILL_AREA_STYLE ('',( #1127 ) ) ;
#1322 = CARTESIAN_POINT ( 'NONE',  ( 0.7500000000000001110, -2.100000000000000089, -2.799999999999999822 ) ) ;
#1323 = COLOUR_RGB ( '',0.1176470588235294101, 0.1176470588235294101, 0.1176470588235294101 ) ;
#1324 = FACE_OUTER_BOUND ( 'NONE', #2247, .T. ) ;
#1325 =( GEOMETRIC_REPRESENTATION_CONTEXT ( 3 ) GLOBAL_UNCERTAINTY_ASSIGNED_CONTEXT ( ( #471 ) ) GLOBAL_UNIT_ASSIGNED_CONTEXT ( ( #343, #1062, #135 ) ) REPRESENTATION_CONTEXT ( 'NONE', 'WORKASPACE' ) );
#1326 = PRODUCT_DEFINITION_SHAPE ( 'NONE', 'NONE',  #2385 ) ;
#1327 = CARTESIAN_POINT ( 'NONE',  ( 0.6388228567653779777, -2.509119358484690032, -2.925000000000000266 ) ) ;
#1328 =( GEOMETRIC_REPRESENTATION_CONTEXT ( 3 ) GLOBAL_UNCERTAINTY_ASSIGNED_CONTEXT ( ( #2343 ) ) GLOBAL_UNIT_ASSIGNED_CONTEXT ( ( #54, #2243, #221 ) ) REPRESENTATION_CONTEXT ( 'NONE', 'WORKASPACE' ) );
#1329 = CARTESIAN_POINT ( 'NONE',  ( 0.5999999999999999778, -2.306680960442910155, -2.799999999999999822 ) ) ;
#1330 = DIRECTION ( 'NONE',  ( 0.0000000000000000000, 0.0000000000000000000, 1.000000000000000000 ) ) ;
#1331 = COLOUR_RGB ( '',0.7490196078431372584, 0.7490196078431372584, 0.7490196078431372584 ) ;
#1332 = COLOUR_RGB ( '',0.7490196078431372584, 0.7490196078431372584, 0.7490196078431372584 ) ;
#1333 = CARTESIAN_POINT ( 'NONE',  ( 0.0000000000000000000, 3.200000000000000178, -3.049999999999999378 ) ) ;
#1334 = MECHANICAL_DESIGN_GEOMETRIC_PRESENTATION_REPRESENTATION (  '', ( #1041 ), #84 ) ;
#1335 = APPLICATION_PROTOCOL_DEFINITION ( 'draft international standard', 'automotive_design', 1998, #1736 ) ;
#1336 = SURFACE_STYLE_USAGE ( .BOTH. , #1678 ) ;
#1337 = ORIENTED_EDGE ( 'NONE', *, *, #441, .T. ) ;
#1338 = EDGE_CURVE ( 'NONE', #426, #1147, #1118, .T. ) ;
#1339 = DIRECTION ( 'NONE',  ( 0.2017733089221294684, -0.2017733089221276643, 0.9584232173801043864 ) ) ;
#1340 = DIRECTION ( 'NONE',  ( -0.2017733089221294684, 0.2017733089221276643, 0.9584232173801043864 ) ) ;
#1341 = STYLED_ITEM ( 'NONE', ( #1575 ), #2326 ) ;
#1342 = SURFACE_SIDE_STYLE ('',( #459 ) ) ;
#1343 =( NAMED_UNIT ( * ) SI_UNIT ( $, .STERADIAN. ) SOLID_ANGLE_UNIT ( ) );
#1344 = CARTESIAN_POINT ( 'NONE',  ( 2.589999999999999858, 1.064999999999999947, 1.000000000000000000 ) ) ;
#1345 = ORIENTED_EDGE ( 'NONE', *, *, #2125, .F. ) ;
#1346 = ADVANCED_FACE ( 'NONE', ( #1154 ), #808, .T. ) ;
#1347 = DIRECTION ( 'NONE',  ( -1.381282807458380114E-16, 1.000000000000000000, 0.0000000000000000000 ) ) ;
#1348 = DIRECTION ( 'NONE',  ( 0.9785497849867490494, 1.234555115948049959E-16, 0.2060104810498420147 ) ) ;
#1349 = ADVANCED_FACE ( 'NONE', ( #55, #447 ), #1483, .T. ) ;
#1350 =( LENGTH_UNIT ( ) NAMED_UNIT ( * ) SI_UNIT ( .MILLI., .METRE. ) );
#1351 =( NAMED_UNIT ( * ) SI_UNIT ( $, .STERADIAN. ) SOLID_ANGLE_UNIT ( ) );
#1352 = SURFACE_STYLE_FILL_AREA ( #2095 ) ;
#1353 = PRODUCT_CONTEXT ( 'NONE', #1621, 'mechanical' ) ;
#1354 = CARTESIAN_POINT ( 'NONE',  ( 0.5999999999999999778, -2.364230484541329780, -2.925000000000000266 ) ) ;
#1355 = SURFACE_SIDE_STYLE ('',( #646 ) ) ;
#1356 = VERTEX_POINT ( 'NONE', #434 ) ;
#1357 = LINE ( 'NONE', #1710, #2272 ) ;
#1358 = FILL_AREA_STYLE_COLOUR ( '', #1323 ) ;
#1359 = LINE ( 'NONE', #1884, #1320 ) ;
#1360 = FILL_AREA_STYLE ('',( #833 ) ) ;
#1361 = AXIS2_PLACEMENT_3D ( 'NONE', #818, #120, #1018 ) ;
#1362 = SURFACE_STYLE_FILL_AREA ( #682 ) ;
#1363 = ADVANCED_FACE ( 'NONE', ( #654 ), #1377, .T. ) ;
#1364 = CARTESIAN_POINT ( 'NONE',  ( -3.149999999999999467, 2.099999999999999645, 0.1500000000000001887 ) ) ;
#1365 = FILL_AREA_STYLE_COLOUR ( '', #1251 ) ;
#1366 = PRESENTATION_LAYER_ASSIGNMENT (  '', '', ( #1216 ) ) ;
#1367 = DIRECTION ( 'NONE',  ( 0.0000000000000000000, 0.0000000000000000000, 1.000000000000000000 ) ) ;
#1368 = VECTOR ( 'NONE', #2249, 1000.000000000000000 ) ;
#1369 =( GEOMETRIC_REPRESENTATION_CONTEXT ( 3 ) GLOBAL_UNCERTAINTY_ASSIGNED_CONTEXT ( ( #569 ) ) GLOBAL_UNIT_ASSIGNED_CONTEXT ( ( #363, #180, #2188 ) ) REPRESENTATION_CONTEXT ( 'NONE', 'WORKASPACE' ) );
#1370 =( GEOMETRIC_REPRESENTATION_CONTEXT ( 3 ) GLOBAL_UNCERTAINTY_ASSIGNED_CONTEXT ( ( #419 ) ) GLOBAL_UNIT_ASSIGNED_CONTEXT ( ( #821, #809, #642 ) ) REPRESENTATION_CONTEXT ( 'NONE', 'WORKASPACE' ) );
#1371 = UNCERTAINTY_MEASURE_WITH_UNIT (LENGTH_MEASURE( 1.000000000000000082E-05 ), #1610, 'distance_accuracy_value', 'NONE');
#1372 = EDGE_LOOP ( 'NONE', ( #1860, #2281, #1601, #1907 ) ) ;
#1373 = CARTESIAN_POINT ( 'NONE',  ( 0.2055885716173108668, -2.625204135323589316, -2.925000000000000266 ) ) ;
#1374 =( NAMED_UNIT ( * ) SI_UNIT ( $, .STERADIAN. ) SOLID_ANGLE_UNIT ( ) );
#1375 = CARTESIAN_POINT ( 'NONE',  ( 3.149999999999999911, 2.100000000000000089, 1.200000000000000178 ) ) ;
#1376 =( LENGTH_UNIT ( ) NAMED_UNIT ( * ) SI_UNIT ( .MILLI., .METRE. ) );
#1377 = PLANE ( 'NONE',  #1929 ) ;
#1378 = LINE ( 'NONE', #111, #1822 ) ;
#1379 =( NAMED_UNIT ( * ) SI_UNIT ( $, .STERADIAN. ) SOLID_ANGLE_UNIT ( ) );
#1380 = AXIS2_PLACEMENT_3D ( 'NONE', #171, #945, #1448 ) ;
#1381 = EDGE_CURVE ( 'NONE', #319, #1050, #532, .T. ) ;
#1382 = SURFACE_STYLE_FILL_AREA ( #671 ) ;
#1383 = SURFACE_STYLE_USAGE ( .BOTH. , #2327 ) ;
#1384 = ORIENTED_EDGE ( 'NONE', *, *, #1079, .F. ) ;
#1385 = VERTEX_POINT ( 'NONE', #327 ) ;
#1386 = PLANE ( 'NONE',  #1290 ) ;
#1387 =( LENGTH_UNIT ( ) NAMED_UNIT ( * ) SI_UNIT ( .MILLI., .METRE. ) );
#1388 = CARTESIAN_POINT ( 'NONE',  ( 2.259999999999999787, 1.064999999999999947, 1.000000000000000000 ) ) ;
#1389 = CARTESIAN_POINT ( 'NONE',  ( 2.259999999999999787, 1.064999999999999947, 1.000000000000000000 ) ) ;
#1390 = EDGE_LOOP ( 'NONE', ( #1133, #1534 ) ) ;
#1391 = EDGE_CURVE ( 'NONE', #576, #2319, #139, .T. ) ;
#1392 = ORIENTED_EDGE ( 'NONE', *, *, #1536, .F. ) ;
#1393 =( NAMED_UNIT ( * ) PLANE_ANGLE_UNIT ( ) SI_UNIT ( $, .RADIAN. ) );
#1394 = CIRCLE ( 'NONE', #1170, 0.3300000000000000155 ) ;
#1395 = UNCERTAINTY_MEASURE_WITH_UNIT (LENGTH_MEASURE( 1.000000000000000082E-05 ), #123, 'distance_accuracy_value', 'NONE');
#1396 = FILL_AREA_STYLE ('',( #679 ) ) ;
#1397 = PLANE ( 'NONE',  #1178 ) ;
#1398 =( NAMED_UNIT ( * ) PLANE_ANGLE_UNIT ( ) SI_UNIT ( $, .RADIAN. ) );
#1399 = ORIENTED_EDGE ( 'NONE', *, *, #1247, .T. ) ;
#1400 = MECHANICAL_DESIGN_GEOMETRIC_PRESENTATION_REPRESENTATION (  '', ( #995 ), #2100 ) ;
#1401 = SURFACE_SIDE_STYLE ('',( #347 ) ) ;
#1402 = MECHANICAL_DESIGN_GEOMETRIC_PRESENTATION_REPRESENTATION (  '', ( #1668 ), #1701 ) ;
#1403 = VERTEX_POINT ( 'NONE', #2296 ) ;
#1404 =( GEOMETRIC_REPRESENTATION_CONTEXT ( 3 ) GLOBAL_UNCERTAINTY_ASSIGNED_CONTEXT ( ( #1452 ) ) GLOBAL_UNIT_ASSIGNED_CONTEXT ( ( #1494, #1866, #75 ) ) REPRESENTATION_CONTEXT ( 'NONE', 'WORKASPACE' ) );
#1405 = COLOUR_RGB ( '',0.7490196078431372584, 0.7490196078431372584, 0.7490196078431372584 ) ;
#1406 = ORIENTED_EDGE ( 'NONE', *, *, #1191, .T. ) ;
#1407 = SURFACE_SIDE_STYLE ('',( #1585 ) ) ;
#1408 = ADVANCED_FACE ( 'NONE', ( #1553 ), #110, .T. ) ;
#1409 = VECTOR ( 'NONE', #2349, 1000.000000000000000 ) ;
#1410 = CARTESIAN_POINT ( 'NONE',  ( 0.1499999999999999944, -2.697648572295269886, -3.049999999999999822 ) ) ;
#1411 = PRESENTATION_STYLE_ASSIGNMENT (( #1044 ) ) ;
#1412 = ORIENTED_EDGE ( 'NONE', *, *, #8, .T. ) ;
#1413 =( NAMED_UNIT ( * ) PLANE_ANGLE_UNIT ( ) SI_UNIT ( $, .RADIAN. ) );
#1414 =( NAMED_UNIT ( * ) SI_UNIT ( $, .STERADIAN. ) SOLID_ANGLE_UNIT ( ) );
#1415 = MECHANICAL_DESIGN_GEOMETRIC_PRESENTATION_REPRESENTATION (  '', ( #1267 ), #1991 ) ;
#1416 = ORIENTED_EDGE ( 'NONE', *, *, #533, .T. ) ;
#1417 = ORIENTED_EDGE ( 'NONE', *, *, #1478, .F. ) ;
#1418 = DIRECTION ( 'NONE',  ( 1.000000000000000000, -3.357297106147360196E-16, 0.0000000000000000000 ) ) ;
#1419 =( NAMED_UNIT ( * ) SI_UNIT ( $, .STERADIAN. ) SOLID_ANGLE_UNIT ( ) );
#1420 = PLANE ( 'NONE',  #2201 ) ;
#1421 = EDGE_CURVE ( 'NONE', #1488, #968, #1043, .T. ) ;
#1422 = ORIENTED_EDGE ( 'NONE', *, *, #2125, .T. ) ;
#1423 = FACE_OUTER_BOUND ( 'NONE', #2333, .T. ) ;
#1424 = FACE_OUTER_BOUND ( 'NONE', #1215, .T. ) ;
#1425 = UNCERTAINTY_MEASURE_WITH_UNIT (LENGTH_MEASURE( 1.000000000000000082E-05 ), #497, 'distance_accuracy_value', 'NONE');
#1426 = ORIENTED_EDGE ( 'NONE', *, *, #105, .F. ) ;
#1427 = DIRECTION ( 'NONE',  ( 1.000000000000000000, 0.0000000000000000000, 0.0000000000000000000 ) ) ;
#1428 =( NAMED_UNIT ( * ) PLANE_ANGLE_UNIT ( ) SI_UNIT ( $, .RADIAN. ) );
#1429 = LINE ( 'NONE', #2181, #2265 ) ;
#1430 = DIRECTION ( 'NONE',  ( 1.000000000000000000, 0.0000000000000000000, -0.0000000000000000000 ) ) ;
#1431 = DIRECTION ( 'NONE',  ( 0.0000000000000000000, 0.0000000000000000000, -1.000000000000000000 ) ) ;
#1432 = VERTEX_POINT ( 'NONE', #2331 ) ;
#1433 = PRESENTATION_LAYER_ASSIGNMENT (  '', '', ( #1470 ) ) ;
#1434 = ADVANCED_FACE ( 'NONE', ( #689 ), #1397, .T. ) ;
#1435 = CARTESIAN_POINT ( 'NONE',  ( 1.625000000000000222, 2.100000000000000089, 1.199999999999999956 ) ) ;
#1436 =( NAMED_UNIT ( * ) PLANE_ANGLE_UNIT ( ) SI_UNIT ( $, .RADIAN. ) );
#1437 = PRESENTATION_LAYER_ASSIGNMENT (  '', '', ( #587 ) ) ;
#1438 = PRESENTATION_LAYER_ASSIGNMENT (  '', '', ( #279 ) ) ;
#1439 = FILL_AREA_STYLE_COLOUR ( '', #2020 ) ;
#1440 = ORIENTED_EDGE ( 'NONE', *, *, #1202, .T. ) ;
#1441 = COLOUR_RGB ( '',0.7490196078431372584, 0.7490196078431372584, 0.7490196078431372584 ) ;
#1442 = COLOUR_RGB ( '',0.7490196078431372584, 0.7490196078431372584, 0.7490196078431372584 ) ;
#1443 = FILL_AREA_STYLE_COLOUR ( '', #478 ) ;
#1444 = DIRECTION ( 'NONE',  ( -0.0000000000000000000, 1.000000000000000000, 0.0000000000000000000 ) ) ;
#1445 = VERTEX_POINT ( 'NONE', #1463 ) ;
#1446 = ADVANCED_FACE ( 'NONE', ( #929 ), #2172, .T. ) ;
#1447 = FILL_AREA_STYLE_COLOUR ( '', #1624 ) ;
#1448 = DIRECTION ( 'NONE',  ( 0.0000000000000000000, 1.000000000000000000, 0.0000000000000000000 ) ) ;
#1449 = CARTESIAN_POINT ( 'NONE',  ( 0.6388228567653779777, 2.509119358484690032, -2.925000000000000266 ) ) ;
#1450 = STYLED_ITEM ( 'NONE', ( #2105 ), #2369 ) ;
#1451 = ORIENTED_EDGE ( 'NONE', *, *, #516, .F. ) ;
#1452 = UNCERTAINTY_MEASURE_WITH_UNIT (LENGTH_MEASURE( 1.000000000000000082E-05 ), #1494, 'distance_accuracy_value', 'NONE');
#1453 = ADVANCED_BREP_SHAPE_REPRESENTATION ( '', ( #503, #1316, #675 ), #2166 ) ;
#1454 = SURFACE_STYLE_USAGE ( .BOTH. , #895 ) ;
#1455 = CARTESIAN_POINT ( 'NONE',  ( 0.1499999999999999944, -2.640099048196850262, -3.049999999999999822 ) ) ;
#1456 = ORIENTED_EDGE ( 'NONE', *, *, #753, .T. ) ;
#1457 = FACE_OUTER_BOUND ( 'NONE', #420, .T. ) ;
#1458 = FILL_AREA_STYLE ('',( #1993 ) ) ;
#1459 =( NAMED_UNIT ( * ) SI_UNIT ( $, .STERADIAN. ) SOLID_ANGLE_UNIT ( ) );
#1460 = ORIENTED_EDGE ( 'NONE', *, *, #1521, .F. ) ;
#1461 = EDGE_CURVE ( 'NONE', #1147, #576, #1760, .T. ) ;
#1462 = LINE ( 'NONE', #585, #2228 ) ;
#1463 = CARTESIAN_POINT ( 'NONE',  ( 0.5444114283826879674, -2.379125397414586729, -2.799999999999999822 ) ) ;
#1464 = ORIENTED_EDGE ( 'NONE', *, *, #394, .F. ) ;
#1465 =( LENGTH_UNIT ( ) NAMED_UNIT ( * ) SI_UNIT ( .MILLI., .METRE. ) );
#1466 = CARTESIAN_POINT ( 'NONE',  ( -3.250000000000000444, -2.200000000000000178, 0.6750000000000000444 ) ) ;
#1467 = CARTESIAN_POINT ( 'NONE',  ( 0.0000000000000000000, 2.640099048196850262, -2.799999999999999822 ) ) ;
#1468 = STYLED_ITEM ( 'NONE', ( #2190 ), #92 ) ;
#1469 = PRESENTATION_STYLE_ASSIGNMENT (( #2279 ) ) ;
#1470 = STYLED_ITEM ( 'NONE', ( #1937 ), #324 ) ;
#1471 = CARTESIAN_POINT ( 'NONE',  ( 0.0000000000000000000, 3.200000000000000178, -2.925000000000000266 ) ) ;
#1472 = DIRECTION ( 'NONE',  ( 1.000000000000000000, 0.0000000000000000000, 0.0000000000000000000 ) ) ;
#1473 = SURFACE_SIDE_STYLE ('',( #21 ) ) ;
#1474 = PRESENTATION_LAYER_ASSIGNMENT (  '', '', ( #2303 ) ) ;
#1475 = ORIENTED_EDGE ( 'NONE', *, *, #1177, .T. ) ;
#1476 = STYLED_ITEM ( 'NONE', ( #264 ), #1346 ) ;
#1477 = AXIS2_PLACEMENT_3D ( 'NONE', #983, #1883, #2284 ) ;
#1478 = EDGE_CURVE ( 'NONE', #1926, #1684, #568, .T. ) ;
#1479 = CARTESIAN_POINT ( 'NONE',  ( 0.5250000000000000222, -2.306680960442910155, -2.925000000000000266 ) ) ;
#1480 = CIRCLE ( 'NONE', #321, 0.07499999999999998335 ) ;
#1481 =( GEOMETRIC_REPRESENTATION_CONTEXT ( 3 ) GLOBAL_UNCERTAINTY_ASSIGNED_CONTEXT ( ( #1262 ) ) GLOBAL_UNIT_ASSIGNED_CONTEXT ( ( #175, #1269, #1419 ) ) REPRESENTATION_CONTEXT ( 'NONE', 'WORKASPACE' ) );
#1482 = ORIENTED_EDGE ( 'NONE', *, *, #2291, .T. ) ;
#1483 = PLANE ( 'NONE',  #548 ) ;
#1484 = DIRECTION ( 'NONE',  ( -1.000000000000000000, 0.0000000000000000000, 0.0000000000000000000 ) ) ;
#1485 =( GEOMETRIC_REPRESENTATION_CONTEXT ( 3 ) GLOBAL_UNCERTAINTY_ASSIGNED_CONTEXT ( ( #1186 ) ) GLOBAL_UNIT_ASSIGNED_CONTEXT ( ( #108, #1428, #160 ) ) REPRESENTATION_CONTEXT ( 'NONE', 'WORKASPACE' ) );
#1486 = COLOUR_RGB ( '',0.7921568627450980005, 0.8196078431372548767, 0.9333333333333333481 ) ;
#1487 = CARTESIAN_POINT ( 'NONE',  ( 1.625000000000000222, 2.200000000000000178, 0.6250000000000000000 ) ) ;
#1488 = VERTEX_POINT ( 'NONE', #52 ) ;
#1489 = DIRECTION ( 'NONE',  ( -1.000000000000000000, 0.0000000000000000000, -0.0000000000000000000 ) ) ;
#1490 = SURFACE_STYLE_USAGE ( .BOTH. , #984 ) ;
#1491 = EDGE_CURVE ( 'NONE', #1157, #2290, #2046, .T. ) ;
#1492 = APPLICATION_CONTEXT ( 'automotive_design' ) ;
#1493 = ITEM_DEFINED_TRANSFORMATION ( 'NONE', 'NONE', #293,  #675 ) ;
#1494 =( LENGTH_UNIT ( ) NAMED_UNIT ( * ) SI_UNIT ( .MILLI., .METRE. ) );
#1495 = ORIENTED_EDGE ( 'NONE', *, *, #650, .T. ) ;
#1496 = CARTESIAN_POINT ( 'NONE',  ( 0.0000000000000000000, 0.0000000000000000000, 0.0000000000000000000 ) ) ;
#1497 = CARTESIAN_POINT ( 'NONE',  ( 0.3190721488971339781, -2.618681122833390162, -2.799999999999999822 ) ) ;
#1498 =( LENGTH_UNIT ( ) NAMED_UNIT ( * ) SI_UNIT ( .MILLI., .METRE. ) );
#1499 = ORIENTED_EDGE ( 'NONE', *, *, #1708, .F. ) ;
#1500 = SURFACE_STYLE_USAGE ( .BOTH. , #2277 ) ;
#1501 = SURFACE_STYLE_FILL_AREA ( #2257 ) ;
#1502 = EDGE_CURVE ( 'NONE', #767, #1657, #430, .T. ) ;
#1503 = COLOUR_RGB ( '',0.1176470588235294101, 0.1176470588235294101, 0.1176470588235294101 ) ;
#1504 = PRODUCT_CONTEXT ( 'NONE', #1492, 'mechanical' ) ;
#1505 = DIRECTION ( 'NONE',  ( 0.9659258262890687563, -0.2588190451025189631, 0.0000000000000000000 ) ) ;
#1506 = ORIENTED_EDGE ( 'NONE', *, *, #2240, .T. ) ;
#1507 =( NAMED_UNIT ( * ) PLANE_ANGLE_UNIT ( ) SI_UNIT ( $, .RADIAN. ) );
#1508 =( GEOMETRIC_REPRESENTATION_CONTEXT ( 3 ) GLOBAL_UNCERTAINTY_ASSIGNED_CONTEXT ( ( #1425 ) ) GLOBAL_UNIT_ASSIGNED_CONTEXT ( ( #497, #1413, #1777 ) ) REPRESENTATION_CONTEXT ( 'NONE', 'WORKASPACE' ) );
#1509 = COLOUR_RGB ( '',0.7490196078431372584, 0.7490196078431372584, 0.7490196078431372584 ) ;
#1510 = DIRECTION ( 'NONE',  ( 5.252152427417539695E-16, 1.000000000000000000, 0.0000000000000000000 ) ) ;
#1511 = COLOUR_RGB ( '',0.7490196078431372584, 0.7490196078431372584, 0.7490196078431372584 ) ;
#1512 =( NAMED_UNIT ( * ) SI_UNIT ( $, .STERADIAN. ) SOLID_ANGLE_UNIT ( ) );
#1513 = PRESENTATION_LAYER_ASSIGNMENT (  '', '', ( #1668 ) ) ;
#1514 =( GEOMETRIC_REPRESENTATION_CONTEXT ( 3 ) GLOBAL_UNCERTAINTY_ASSIGNED_CONTEXT ( ( #1159 ) ) GLOBAL_UNIT_ASSIGNED_CONTEXT ( ( #978, #788, #267 ) ) REPRESENTATION_CONTEXT ( 'NONE', 'WORKASPACE' ) );
#1515 =( LENGTH_UNIT ( ) NAMED_UNIT ( * ) SI_UNIT ( .MILLI., .METRE. ) );
#1516 =( NAMED_UNIT ( * ) SI_UNIT ( $, .STERADIAN. ) SOLID_ANGLE_UNIT ( ) );
#1517 = SHAPE_DEFINITION_REPRESENTATION ( #2018, #617 ) ;
#1518 = CARTESIAN_POINT ( 'NONE',  ( 0.5999999999999999778, 2.306680960442910155, -2.925000000000000266 ) ) ;
#1519 = ADVANCED_FACE ( 'NONE', ( #1324 ), #605, .T. ) ;
#1520 = ORIENTED_EDGE ( 'NONE', *, *, #1391, .T. ) ;
#1521 = EDGE_CURVE ( 'NONE', #1844, #2060, #1631, .T. ) ;
#1522 = LINE ( 'NONE', #1373, #236 ) ;
#1523 = CARTESIAN_POINT ( 'NONE',  ( 0.1499999999999999944, -2.697648572295269886, -2.925000000000000266 ) ) ;
#1524 = STYLED_ITEM ( 'NONE', ( #733 ), #973 ) ;
#1525 =( NAMED_UNIT ( * ) PLANE_ANGLE_UNIT ( ) SI_UNIT ( $, .RADIAN. ) );
#1526 = SURFACE_STYLE_USAGE ( .BOTH. , #1206 ) ;
#1527 = PRESENTATION_LAYER_ASSIGNMENT (  '', '', ( #1267 ) ) ;
#1528 =( NAMED_UNIT ( * ) SI_UNIT ( $, .STERADIAN. ) SOLID_ANGLE_UNIT ( ) );
#1529 = CARTESIAN_POINT ( 'NONE',  ( 0.2055885716173108668, -2.625204135323589316, -2.799999999999999822 ) ) ;
#1530 = CARTESIAN_POINT ( 'NONE',  ( 0.5999999999999999778, 2.306680960442910155, -3.049999999999999822 ) ) ;
#1531 = PLANE ( 'NONE',  #626 ) ;
#1532 = CARTESIAN_POINT ( 'NONE',  ( 4.549999999999999822, 0.0000000000000000000, 0.0000000000000000000 ) ) ;
#1533 = FACE_OUTER_BOUND ( 'NONE', #12, .T. ) ;
#1534 = ORIENTED_EDGE ( 'NONE', *, *, #1683, .T. ) ;
#1535 = CARTESIAN_POINT ( 'NONE',  ( 0.0000000000000000000, 3.200000000000000178, -3.049999999999999822 ) ) ;
#1536 = EDGE_CURVE ( 'NONE', #793, #1203, #1304, .T. ) ;
#1537 = DIRECTION ( 'NONE',  ( 0.0000000000000000000, 0.0000000000000000000, -1.000000000000000000 ) ) ;
#1538 = UNCERTAINTY_MEASURE_WITH_UNIT (LENGTH_MEASURE( 1.000000000000000082E-05 ), #1242, 'distance_accuracy_value', 'NONE');
#1539 = FILL_AREA_STYLE_COLOUR ( '', #281 ) ;
#1540 = PLANE ( 'NONE',  #730 ) ;
#1541 = FILL_AREA_STYLE_COLOUR ( '', #1181 ) ;
#1542 = CARTESIAN_POINT ( 'NONE',  ( 0.7500000000000000000, -2.100000000000000089, -2.925000000000000266 ) ) ;
#1543 = CIRCLE ( 'NONE', #540, 0.07499999999999998335 ) ;
#1544 = ORIENTED_EDGE ( 'NONE', *, *, #1180, .T. ) ;
#1545 = LINE ( 'NONE', #295, #887 ) ;
#1546 = CARTESIAN_POINT ( 'NONE',  ( 3.149999999999999911, -1.100000000000000089, 1.200000000000000178 ) ) ;
#1547 = CARTESIAN_POINT ( 'NONE',  ( 0.2055885716173109223, -2.625204135323589760, -3.049999999999999822 ) ) ;
#1548 = PRESENTATION_LAYER_ASSIGNMENT (  '', '', ( #732 ) ) ;
#1549 = EDGE_CURVE ( 'NONE', #145, #2365, #418, .T. ) ;
#1550 = DIRECTION ( 'NONE',  ( -1.381282807458380114E-16, -1.000000000000000000, 0.0000000000000000000 ) ) ;
#1551 = STYLED_ITEM ( 'NONE', ( #1847 ), #1349 ) ;
#1552 = CIRCLE ( 'NONE', #926, 0.07500000000000001110 ) ;
#1553 = FACE_OUTER_BOUND ( 'NONE', #1647, .T. ) ;
#1554 = CARTESIAN_POINT ( 'NONE',  ( 0.1111771432346208427, -2.495210174253479796, -2.799999999999999822 ) ) ;
#1555 = STYLED_ITEM ( 'NONE', ( #950 ), #1519 ) ;
#1556 = VECTOR ( 'NONE', #1845, 1000.000000000000000 ) ;
#1557 = CONTEXT_DEPENDENT_SHAPE_REPRESENTATION ( #106, #1816 ) ;
#1558 = CIRCLE ( 'NONE', #326, 0.1499999999999999944 ) ;
#1559 = LINE ( 'NONE', #716, #1703 ) ;
#1560 =( GEOMETRIC_REPRESENTATION_CONTEXT ( 3 ) GLOBAL_UNCERTAINTY_ASSIGNED_CONTEXT ( ( #1873 ) ) GLOBAL_UNIT_ASSIGNED_CONTEXT ( ( #1976, #849, #1033 ) ) REPRESENTATION_CONTEXT ( 'NONE', 'WORKASPACE' ) );
#1561 = ORIENTED_EDGE ( 'NONE', *, *, #183, .F. ) ;
#1562 = CARTESIAN_POINT ( 'NONE',  ( 0.0000000000000000000, -2.618681122833390162, -3.049999999999999822 ) ) ;
#1563 = DIRECTION ( 'NONE',  ( -0.0000000000000000000, -0.0000000000000000000, -1.000000000000000000 ) ) ;
#1564 =( GEOMETRIC_REPRESENTATION_CONTEXT ( 3 ) GLOBAL_UNCERTAINTY_ASSIGNED_CONTEXT ( ( #2358 ) ) GLOBAL_UNIT_ASSIGNED_CONTEXT ( ( #1602, #924, #1089 ) ) REPRESENTATION_CONTEXT ( 'NONE', 'WORKASPACE' ) );
#1565 = CARTESIAN_POINT ( 'NONE',  ( 1.625000000000000222, 2.149999999999999911, 0.3875000000000000666 ) ) ;
#1566 = DIRECTION ( 'NONE',  ( -1.000000000000000000, 0.0000000000000000000, 0.0000000000000000000 ) ) ;
#1567 = PRODUCT_DEFINITION_FORMATION_WITH_SPECIFIED_SOURCE ( 'ANY', '', #1287, .NOT_KNOWN. ) ;
#1568 =( NAMED_UNIT ( * ) PLANE_ANGLE_UNIT ( ) SI_UNIT ( $, .RADIAN. ) );
#1569 = UNCERTAINTY_MEASURE_WITH_UNIT (LENGTH_MEASURE( 1.000000000000000082E-05 ), #2229, 'distance_accuracy_value', 'NONE');
#1570 = ITEM_DEFINED_TRANSFORMATION ( 'NONE', 'NONE', #1302,  #675 ) ;
#1571 = UNCERTAINTY_MEASURE_WITH_UNIT (LENGTH_MEASURE( 1.000000000000000082E-05 ), #1387, 'distance_accuracy_value', 'NONE');
#1572 = ORIENTED_EDGE ( 'NONE', *, *, #574, .F. ) ;
#1573 = ORIENTED_EDGE ( 'NONE', *, *, #1691, .T. ) ;
#1574 = CARTESIAN_POINT ( 'NONE',  ( 0.5999999999999999778, 2.364230484541329780, -2.925000000000000266 ) ) ;
#1575 = PRESENTATION_STYLE_ASSIGNMENT (( #1020 ) ) ;
#1576 =( NAMED_UNIT ( * ) PLANE_ANGLE_UNIT ( ) SI_UNIT ( $, .RADIAN. ) );
#1577 =( LENGTH_UNIT ( ) NAMED_UNIT ( * ) SI_UNIT ( .MILLI., .METRE. ) );
#1578 = ORIENTED_EDGE ( 'NONE', *, *, #174, .T. ) ;
#1579 = CARTESIAN_POINT ( 'NONE',  ( -3.200000000000000178, 1.100000000000000089, 0.9625000000000000222 ) ) ;
#1580 = CONTEXT_DEPENDENT_SHAPE_REPRESENTATION ( #362, #13 ) ;
#1581 =( NAMED_UNIT ( * ) PLANE_ANGLE_UNIT ( ) SI_UNIT ( $, .RADIAN. ) );
#1582 = ADVANCED_FACE ( 'NONE', ( #2026 ), #406, .T. ) ;
#1583 = VERTEX_POINT ( 'NONE', #491 ) ;
#1584 = VERTEX_POINT ( 'NONE', #1920 ) ;
#1585 = SURFACE_STYLE_FILL_AREA ( #876 ) ;
#1586 = COLOUR_RGB ( '',0.1176470588235294101, 0.1176470588235294101, 0.1176470588235294101 ) ;
#1587 = DIRECTION ( 'NONE',  ( 0.0000000000000000000, -1.000000000000000000, 0.0000000000000000000 ) ) ;
#1588 = VECTOR ( 'NONE', #619, 1000.000000000000000 ) ;
#1589 = VECTOR ( 'NONE', #713, 1000.000000000000000 ) ;
#1590 = LINE ( 'NONE', #1774, #1409 ) ;
#1591 = ORIENTED_EDGE ( 'NONE', *, *, #1391, .F. ) ;
#1592 = MECHANICAL_DESIGN_GEOMETRIC_PRESENTATION_REPRESENTATION (  '', ( #965 ), #1508 ) ;
#1593 = AXIS2_PLACEMENT_3D ( 'NONE', #1574, #210, #1427 ) ;
#1594 = ITEM_DEFINED_TRANSFORMATION ( 'NONE', 'NONE', #939,  #675 ) ;
#1595 = SURFACE_STYLE_FILL_AREA ( #133 ) ;
#1596 = VECTOR ( 'NONE', #1128, 1000.000000000000000 ) ;
#1597 = FILL_AREA_STYLE ('',( #885 ) ) ;
#1598 = VECTOR ( 'NONE', #1182, 1000.000000000000000 ) ;
#1599 = AXIS2_PLACEMENT_3D ( 'NONE', #2067, #445, #1150 ) ;
#1600 = EDGE_CURVE ( 'NONE', #1147, #957, #308, .T. ) ;
#1601 = ORIENTED_EDGE ( 'NONE', *, *, #2269, .F. ) ;
#1602 =( LENGTH_UNIT ( ) NAMED_UNIT ( * ) SI_UNIT ( .MILLI., .METRE. ) );
#1603 =( LENGTH_UNIT ( ) NAMED_UNIT ( * ) SI_UNIT ( .MILLI., .METRE. ) );
#1604 = SHAPE_REPRESENTATION ( '_X2_041C04350442043A0430_X0_', ( #675 ), #747 ) ;
#1605 = SURFACE_STYLE_FILL_AREA ( #1950 ) ;
#1606 = ORIENTED_EDGE ( 'NONE', *, *, #1338, .T. ) ;
#1607 = FILL_AREA_STYLE ('',( #1989 ) ) ;
#1608 = AXIS2_PLACEMENT_3D ( 'NONE', #365, #1472, #901 ) ;
#1609 = DIRECTION ( 'NONE',  ( 0.0000000000000000000, 0.0000000000000000000, -1.000000000000000000 ) ) ;
#1610 =( LENGTH_UNIT ( ) NAMED_UNIT ( * ) SI_UNIT ( .MILLI., .METRE. ) );
#1611 = LINE ( 'NONE', #1546, #734 ) ;
#1612 = PRODUCT_DEFINITION_CONTEXT ( 'detailed design', #1736, 'design' ) ;
#1613 = EDGE_LOOP ( 'NONE', ( #1697, #780, #2376, #1854, #1129, #1093, #754, #1241, #213, #1384, #827, #931 ) ) ;
#1614 = PRESENTATION_STYLE_ASSIGNMENT (( #2016 ) ) ;
#1615 = CARTESIAN_POINT ( 'NONE',  ( 0.0000000000000000000, 0.0000000000000000000, 0.0000000000000000000 ) ) ;
#1616 = EDGE_CURVE ( 'NONE', #489, #1657, #1611, .T. ) ;
#1617 = CARTESIAN_POINT ( 'NONE',  ( 0.7500000000000000000, 2.100000000000000089, -2.925000000000000266 ) ) ;
#1618 = EDGE_LOOP ( 'NONE', ( #570, #1293, #851, #890 ) ) ;
#1619 = CARTESIAN_POINT ( 'NONE',  ( 0.2250000000000000333, 2.697648572295269886, -2.925000000000000266 ) ) ;
#1620 = SURFACE_SIDE_STYLE ('',( #2015 ) ) ;
#1621 = APPLICATION_CONTEXT ( 'automotive_design' ) ;
#1622 = DIRECTION ( 'NONE',  ( 0.0000000000000000000, -0.0000000000000000000, -1.000000000000000000 ) ) ;
#1623 = ORIENTED_EDGE ( 'NONE', *, *, #2161, .T. ) ;
#1624 = COLOUR_RGB ( '',0.7490196078431372584, 0.7490196078431372584, 0.7490196078431372584 ) ;
#1625 = DIRECTION ( 'NONE',  ( 1.000000000000000000, 0.0000000000000000000, 0.0000000000000000000 ) ) ;
#1626 = LINE ( 'NONE', #3, #2117 ) ;
#1627 = EDGE_CURVE ( 'NONE', #1057, #280, #1240, .T. ) ;
#1628 = ORIENTED_EDGE ( 'NONE', *, *, #1000, .F. ) ;
#1629 = PRESENTATION_LAYER_ASSIGNMENT (  '', '', ( #1205 ) ) ;
#1630 =( LENGTH_UNIT ( ) NAMED_UNIT ( * ) SI_UNIT ( .MILLI., .METRE. ) );
#1631 = CIRCLE ( 'NONE', #1286, 0.3300000000000000155 ) ;
#1632 = PRODUCT_DEFINITION_SHAPE ( 'NONE', 'NONE',  #2389 ) ;
#1633 = VECTOR ( 'NONE', #353, 1000.000000000000000 ) ;
#1634 = AXIS2_PLACEMENT_3D ( 'NONE', #1156, #1696, #1505 ) ;
#1635 = PRESENTATION_LAYER_ASSIGNMENT (  '', '', ( #1288 ) ) ;
#1636 = VERTEX_POINT ( 'NONE', #857 ) ;
#1637 = PRESENTATION_LAYER_ASSIGNMENT (  '', '', ( #1785 ) ) ;
#1638 = COLOUR_RGB ( '',0.7490196078431372584, 0.7490196078431372584, 0.7490196078431372584 ) ;
#1639 = PLANE ( 'NONE',  #47 ) ;
#1640 = MECHANICAL_DESIGN_GEOMETRIC_PRESENTATION_REPRESENTATION (  '', ( #1257 ), #364 ) ;
#1641 = PLANE ( 'NONE',  #854 ) ;
#1642 = PRESENTATION_STYLE_ASSIGNMENT (( #1091 ) ) ;
#1643 = VERTEX_POINT ( 'NONE', #668 ) ;
#1644 = DIRECTION ( 'NONE',  ( 3.357297106147360196E-16, -1.000000000000000000, 0.0000000000000000000 ) ) ;
#1645 = ADVANCED_FACE ( 'NONE', ( #94 ), #1386, .T. ) ;
#1646 =( NAMED_UNIT ( * ) PLANE_ANGLE_UNIT ( ) SI_UNIT ( $, .RADIAN. ) );
#1647 = EDGE_LOOP ( 'NONE', ( #1412, #1399, #119, #583 ) ) ;
#1648 = DIRECTION ( 'NONE',  ( 1.000000000000000000, 0.0000000000000000000, 0.0000000000000000000 ) ) ;
#1649 = PRESENTATION_STYLE_ASSIGNMENT (( #756 ) ) ;
#1650 = CARTESIAN_POINT ( 'NONE',  ( 1.625000000000000222, 2.149999999999999911, 0.9625000000000000222 ) ) ;
#1651 = EDGE_LOOP ( 'NONE', ( #1825, #2039, #1790, #1319 ) ) ;
#1652 = PRESENTATION_STYLE_ASSIGNMENT (( #1689 ) ) ;
#1653 = SURFACE_STYLE_USAGE ( .BOTH. , #30 ) ;
#1654 = DIRECTION ( 'NONE',  ( 0.0000000000000000000, 1.000000000000000000, 0.0000000000000000000 ) ) ;
#1655 = DIRECTION ( 'NONE',  ( -1.000000000000000000, 0.0000000000000000000, 0.0000000000000000000 ) ) ;
#1656 = EDGE_CURVE ( 'NONE', #1657, #280, #1249, .T. ) ;
#1657 = VERTEX_POINT ( 'NONE', #1897 ) ;
#1658 = CARTESIAN_POINT ( 'NONE',  ( 0.1499999999999999944, 3.200000000000000178, -2.925000000000000266 ) ) ;
#1659 = UNCERTAINTY_MEASURE_WITH_UNIT (LENGTH_MEASURE( 1.000000000000000082E-05 ), #2316, 'distance_accuracy_value', 'NONE');
#1660 = DIRECTION ( 'NONE',  ( -0.0000000000000000000, 0.0000000000000000000, -1.000000000000000000 ) ) ;
#1661 = ORIENTED_EDGE ( 'NONE', *, *, #226, .T. ) ;
#1662 = FILL_AREA_STYLE_COLOUR ( '', #1442 ) ;
#1663 = STYLED_ITEM ( 'NONE', ( #1652 ), #381 ) ;
#1664 = EDGE_LOOP ( 'NONE', ( #758, #402, #2175, #979 ) ) ;
#1665 = MECHANICAL_DESIGN_GEOMETRIC_PRESENTATION_REPRESENTATION (  '', ( #1097 ), #391 ) ;
#1666 = PRODUCT_DEFINITION ( 'UNKNOWN', '', #2203, #1087 ) ;
#1667 = PRESENTATION_LAYER_ASSIGNMENT (  '', '', ( #962 ) ) ;
#1668 = STYLED_ITEM ( 'NONE', ( #1947 ), #1058 ) ;
#1669 = EDGE_CURVE ( 'NONE', #177, #1015, #285, .T. ) ;
#1670 = AXIS2_PLACEMENT_3D ( 'NONE', #684, #1939, #1190 ) ;
#1671 = SURFACE_SIDE_STYLE ('',( #457 ) ) ;
#1672 = VERTEX_POINT ( 'NONE', #1909 ) ;
#1673 = FILL_AREA_STYLE ('',( #206 ) ) ;
#1674 = LINE ( 'NONE', #1329, #399 ) ;
#1675 = CARTESIAN_POINT ( 'NONE',  ( 0.5999999999999999778, -2.100000000000000089, -2.925000000000000266 ) ) ;
#1676 = DIRECTION ( 'NONE',  ( -0.0000000000000000000, -1.000000000000000000, -0.0000000000000000000 ) ) ;
#1677 = SHAPE_DEFINITION_REPRESENTATION ( #378, #1604 ) ;
#1678 = SURFACE_SIDE_STYLE ('',( #2076 ) ) ;
#1679 = ORIENTED_EDGE ( 'NONE', *, *, #723, .F. ) ;
#1680 = FILL_AREA_STYLE ('',( #442 ) ) ;
#1681 = STYLED_ITEM ( 'NONE', ( #1310 ), #2128 ) ;
#1682 =( NAMED_UNIT ( * ) PLANE_ANGLE_UNIT ( ) SI_UNIT ( $, .RADIAN. ) );
#1683 = EDGE_CURVE ( 'NONE', #2049, #1403, #699, .T. ) ;
#1684 = VERTEX_POINT ( 'NONE', #1019 ) ;
#1685 = DIRECTION ( 'NONE',  ( 0.0000000000000000000, 0.0000000000000000000, 1.000000000000000000 ) ) ;
#1686 = LINE ( 'NONE', #636, #2220 ) ;
#1687 = ORIENTED_EDGE ( 'NONE', *, *, #1014, .F. ) ;
#1688 = CARTESIAN_POINT ( 'NONE',  ( 0.6000000000000000888, -2.100000000000000089, -2.799999999999999822 ) ) ;
#1689 = SURFACE_STYLE_USAGE ( .BOTH. , #410 ) ;
#1690 = PLANE ( 'NONE',  #163 ) ;
#1691 = EDGE_CURVE ( 'NONE', #2251, #2139, #1726, .T. ) ;
#1692 = PRESENTATION_STYLE_ASSIGNMENT (( #449 ) ) ;
#1693 =( GEOMETRIC_REPRESENTATION_CONTEXT ( 3 ) GLOBAL_UNCERTAINTY_ASSIGNED_CONTEXT ( ( #178 ) ) GLOBAL_UNIT_ASSIGNED_CONTEXT ( ( #562, #908, #348 ) ) REPRESENTATION_CONTEXT ( 'NONE', 'WORKASPACE' ) );
#1694 = APPLICATION_PROTOCOL_DEFINITION ( 'draft international standard', 'automotive_design', 1998, #1621 ) ;
#1695 = EDGE_CURVE ( 'NONE', #1385, #1311, #1308, .T. ) ;
#1696 = DIRECTION ( 'NONE',  ( -0.2588190451025190186, -0.9659258262890688673, 0.0000000000000000000 ) ) ;
#1697 = ORIENTED_EDGE ( 'NONE', *, *, #1381, .F. ) ;
#1698 = VECTOR ( 'NONE', #755, 1000.000000000000000 ) ;
#1699 = SURFACE_STYLE_FILL_AREA ( #480 ) ;
#1700 = VECTOR ( 'NONE', #1859, 1000.000000000000114 ) ;
#1701 =( GEOMETRIC_REPRESENTATION_CONTEXT ( 3 ) GLOBAL_UNCERTAINTY_ASSIGNED_CONTEXT ( ( #251 ) ) GLOBAL_UNIT_ASSIGNED_CONTEXT ( ( #1376, #2108, #840 ) ) REPRESENTATION_CONTEXT ( 'NONE', 'WORKASPACE' ) );
#1702 = SURFACE_STYLE_FILL_AREA ( #1911 ) ;
#1703 = VECTOR ( 'NONE', #1200, 1000.000000000000000 ) ;
#1704 =( NAMED_UNIT ( * ) PLANE_ANGLE_UNIT ( ) SI_UNIT ( $, .RADIAN. ) );
#1705 = CARTESIAN_POINT ( 'NONE',  ( 0.2250000000000000333, -2.697648572295269886, -3.049999999999999822 ) ) ;
#1706 = APPLICATION_PROTOCOL_DEFINITION ( 'draft international standard', 'automotive_design', 1998, #20 ) ;
#1707 = FACE_OUTER_BOUND ( 'NONE', #182, .T. ) ;
#1708 = EDGE_CURVE ( 'NONE', #1445, #2200, #10, .T. ) ;
#1709 = ORIENTED_EDGE ( 'NONE', *, *, #944, .T. ) ;
#1710 = CARTESIAN_POINT ( 'NONE',  ( 0.6388228567653779777, 2.509119358484690032, -2.925000000000000266 ) ) ;
#1711 = VECTOR ( 'NONE', #1808, 1000.000000000000000 ) ;
#1712 = CARTESIAN_POINT ( 'NONE',  ( 0.0000000000000000000, -3.200000000000000178, -2.925000000000000266 ) ) ;
#1713 = DIRECTION ( 'NONE',  ( 0.0000000000000000000, 0.0000000000000000000, 1.000000000000000000 ) ) ;
#1714 =( GEOMETRIC_REPRESENTATION_CONTEXT ( 3 ) GLOBAL_UNCERTAINTY_ASSIGNED_CONTEXT ( ( #41 ) ) GLOBAL_UNIT_ASSIGNED_CONTEXT ( ( #612, #2088, #34 ) ) REPRESENTATION_CONTEXT ( 'NONE', 'WORKASPACE' ) );
#1715 = CARTESIAN_POINT ( 'NONE',  ( 0.1499999999999999944, -3.200000000000000178, -2.925000000000000266 ) ) ;
#1716 = AXIS2_PLACEMENT_3D ( 'NONE', #211, #571, #2002 ) ;
#1717 = SURFACE_STYLE_USAGE ( .BOTH. , #150 ) ;
#1718 = CARTESIAN_POINT ( 'NONE',  ( -3.250000000000000444, 2.199999999999999289, 0.6750000000000000444 ) ) ;
#1719 =( NAMED_UNIT ( * ) PLANE_ANGLE_UNIT ( ) SI_UNIT ( $, .RADIAN. ) );
#1720 = LINE ( 'NONE', #99, #1556 ) ;
#1721 = CARTESIAN_POINT ( 'NONE',  ( 0.1111771432346219807, -2.495210174253479796, -3.049999999999999822 ) ) ;
#1722 = ORIENTED_EDGE ( 'NONE', *, *, #367, .F. ) ;
#1723 = PRODUCT_RELATED_PRODUCT_CATEGORY ( 'part', '', ( #1248 ) ) ;
#1724 = ORIENTED_EDGE ( 'NONE', *, *, #1090, .T. ) ;
#1725 = DIRECTION ( 'NONE',  ( -0.0000000000000000000, -0.0000000000000000000, -1.000000000000000000 ) ) ;
#1726 = LINE ( 'NONE', #107, #359 ) ;
#1727 = DIRECTION ( 'NONE',  ( 0.0000000000000000000, -0.0000000000000000000, -1.000000000000000000 ) ) ;
#1728 = FACE_OUTER_BOUND ( 'NONE', #1072, .T. ) ;
#1729 = CARTESIAN_POINT ( 'NONE',  ( -3.250000000000000444, -2.200000000000000178, 0.6250000000000001110 ) ) ;
#1730 = SURFACE_STYLE_USAGE ( .BOTH. , #288 ) ;
#1731 = PLANE ( 'NONE',  #1670 ) ;
#1732 = PLANE ( 'NONE',  #167 ) ;
#1733 = ORIENTED_EDGE ( 'NONE', *, *, #1809, .F. ) ;
#1734 = UNCERTAINTY_MEASURE_WITH_UNIT (LENGTH_MEASURE( 1.000000000000000082E-05 ), #1603, 'distance_accuracy_value', 'NONE');
#1735 = PRESENTATION_LAYER_ASSIGNMENT (  '', '', ( #2261 ) ) ;
#1736 = APPLICATION_CONTEXT ( 'automotive_design' ) ;
#1737 = ORIENTED_EDGE ( 'NONE', *, *, #2217, .F. ) ;
#1738 =( GEOMETRIC_REPRESENTATION_CONTEXT ( 3 ) GLOBAL_UNCERTAINTY_ASSIGNED_CONTEXT ( ( #1799 ) ) GLOBAL_UNIT_ASSIGNED_CONTEXT ( ( #140, #1719, #834 ) ) REPRESENTATION_CONTEXT ( 'NONE', 'WORKASPACE' ) );
#1739 = ADVANCED_FACE ( 'NONE', ( #581 ), #452, .T. ) ;
#1740 = CARTESIAN_POINT ( 'NONE',  ( 0.1499999999999999944, 2.640099048196850262, -2.925000000000000266 ) ) ;
#1741 = FACE_OUTER_BOUND ( 'NONE', #219, .T. ) ;
#1742 = VECTOR ( 'NONE', #2230, 1000.000000000000000 ) ;
#1743 =( NAMED_UNIT ( * ) PLANE_ANGLE_UNIT ( ) SI_UNIT ( $, .RADIAN. ) );
#1744 = CARTESIAN_POINT ( 'NONE',  ( 2.259999999999999787, 1.064999999999999947, 1.199999999999999956 ) ) ;
#1745 = VECTOR ( 'NONE', #2233, 1000.000000000000114 ) ;
#1746 = DIRECTION ( 'NONE',  ( 0.0000000000000000000, 0.0000000000000000000, -1.000000000000000000 ) ) ;
#1747 = AXIS2_PLACEMENT_3D ( 'NONE', #1619, #2214, #2371 ) ;
#1748 =( GEOMETRIC_REPRESENTATION_CONTEXT ( 3 ) GLOBAL_UNCERTAINTY_ASSIGNED_CONTEXT ( ( #1734 ) ) GLOBAL_UNIT_ASSIGNED_CONTEXT ( ( #1603, #714, #949 ) ) REPRESENTATION_CONTEXT ( 'NONE', 'WORKASPACE' ) );
#1749 = DIRECTION ( 'NONE',  ( 0.0000000000000000000, 0.0000000000000000000, 1.000000000000000000 ) ) ;
#1750 = PRESENTATION_STYLE_ASSIGNMENT (( #2302 ) ) ;
#1751 = ORIENTED_EDGE ( 'NONE', *, *, #1840, .F. ) ;
#1752 = FACE_OUTER_BOUND ( 'NONE', #1664, .T. ) ;
#1753 = CARTESIAN_POINT ( 'NONE',  ( -3.250000000000000444, -2.200000000000000178, 0.7249999999999999778 ) ) ;
#1754 = DIRECTION ( 'NONE',  ( 0.9659258262890687563, -0.2588190451025189631, 0.0000000000000000000 ) ) ;
#1755 = AXIS2_PLACEMENT_3D ( 'NONE', #2149, #1243, #2027 ) ;
#1756 = FACE_OUTER_BOUND ( 'NONE', #1084, .T. ) ;
#1757 = COLOUR_RGB ( '',0.7921568627450980005, 0.8196078431372548767, 0.9333333333333333481 ) ;
#1758 = LINE ( 'NONE', #302, #1900 ) ;
#1759 = DIRECTION ( 'NONE',  ( 0.0000000000000000000, -1.000000000000000000, -0.0000000000000000000 ) ) ;
#1760 = LINE ( 'NONE', #738, #79 ) ;
#1761 = CARTESIAN_POINT ( 'NONE',  ( 0.5250000000000000222, -2.306680960442910155, -3.049999999999999822 ) ) ;
#1762 = VERTEX_POINT ( 'NONE', #212 ) ;
#1763 = CARTESIAN_POINT ( 'NONE',  ( 0.5999999999999999778, 2.618681122833390162, -2.799999999999999822 ) ) ;
#1764 = CARTESIAN_POINT ( 'NONE',  ( 2.589999999999999858, 1.064999999999999947, 1.000000000000000000 ) ) ;
#1765 = SURFACE_STYLE_FILL_AREA ( #2182 ) ;
#1766 = CARTESIAN_POINT ( 'NONE',  ( 0.7499999999999998890, 2.364230484541329780, -2.925000000000000266 ) ) ;
#1767 = ORIENTED_EDGE ( 'NONE', *, *, #695, .F. ) ;
#1768 = ADVANCED_FACE ( 'NONE', ( #38 ), #1263, .T. ) ;
#1769 = DIRECTION ( 'NONE',  ( -0.0000000000000000000, -0.0000000000000000000, -1.000000000000000000 ) ) ;
#1770 = ORIENTED_EDGE ( 'NONE', *, *, #599, .F. ) ;
#1771 = ADVANCED_FACE ( 'NONE', ( #1533 ), #988, .T. ) ;
#1772 = EDGE_LOOP ( 'NONE', ( #2370, #556, #380, #638 ) ) ;
#1773 = PRESENTATION_LAYER_ASSIGNMENT (  '', '', ( #761 ) ) ;
#1774 = CARTESIAN_POINT ( 'NONE',  ( 3.250000000000000444, -2.199999999999998401, 0.6750000000000000444 ) ) ;
#1775 = ORIENTED_EDGE ( 'NONE', *, *, #2313, .T. ) ;
#1776 = AXIS2_PLACEMENT_3D ( 'NONE', #996, #1163, #1489 ) ;
#1777 =( NAMED_UNIT ( * ) SI_UNIT ( $, .STERADIAN. ) SOLID_ANGLE_UNIT ( ) );
#1778 = CARTESIAN_POINT ( 'NONE',  ( 2.589999999999999858, 1.064999999999999947, 1.000000000000000000 ) ) ;
#1779 = MECHANICAL_DESIGN_GEOMETRIC_PRESENTATION_REPRESENTATION (  '', ( #2308 ), #903 ) ;
#1780 = SURFACE_STYLE_FILL_AREA ( #1261 ) ;
#1781 = PRESENTATION_LAYER_ASSIGNMENT (  '', '', ( #165 ) ) ;
#1782 =( REPRESENTATION_RELATIONSHIP ('NONE','NONE', #124, #617 ) REPRESENTATION_RELATIONSHIP_WITH_TRANSFORMATION ( #131 )SHAPE_REPRESENTATION_RELATIONSHIP( ) );
#1783 =( NAMED_UNIT ( * ) SI_UNIT ( $, .STERADIAN. ) SOLID_ANGLE_UNIT ( ) );
#1784 = EDGE_CURVE ( 'NONE', #1311, #1918, #1480, .T. ) ;
#1785 = STYLED_ITEM ( 'NONE', ( #472 ), #1995 ) ;
#1786 = ORIENTED_EDGE ( 'NONE', *, *, #1917, .F. ) ;
#1787 = SURFACE_STYLE_USAGE ( .BOTH. , #688 ) ;
#1788 = DIRECTION ( 'NONE',  ( 0.0000000000000000000, 0.0000000000000000000, 1.000000000000000000 ) ) ;
#1789 =( NAMED_UNIT ( * ) SI_UNIT ( $, .STERADIAN. ) SOLID_ANGLE_UNIT ( ) );
#1790 = ORIENTED_EDGE ( 'NONE', *, *, #1318, .F. ) ;
#1791 = PRESENTATION_LAYER_ASSIGNMENT (  '', '', ( #1047 ) ) ;
#1792 =( NAMED_UNIT ( * ) PLANE_ANGLE_UNIT ( ) SI_UNIT ( $, .RADIAN. ) );
#1793 = DIRECTION ( 'NONE',  ( 1.000000000000000000, 0.0000000000000000000, 0.0000000000000000000 ) ) ;
#1794 = ORIENTED_EDGE ( 'NONE', *, *, #23, .F. ) ;
#1795 = EDGE_CURVE ( 'NONE', #916, #1015, #1003, .T. ) ;
#1796 = DIRECTION ( 'NONE',  ( 0.0000000000000000000, 0.0000000000000000000, -1.000000000000000000 ) ) ;
#1797 =( NAMED_UNIT ( * ) PLANE_ANGLE_UNIT ( ) SI_UNIT ( $, .RADIAN. ) );
#1798 = ORIENTED_EDGE ( 'NONE', *, *, #1695, .T. ) ;
#1799 = UNCERTAINTY_MEASURE_WITH_UNIT (LENGTH_MEASURE( 1.000000000000000082E-05 ), #140, 'distance_accuracy_value', 'NONE');
#1800 = FILL_AREA_STYLE ('',( #2012 ) ) ;
#1801 = DIRECTION ( 'NONE',  ( 0.0000000000000000000, 0.0000000000000000000, 1.000000000000000000 ) ) ;
#1802 = UNCERTAINTY_MEASURE_WITH_UNIT (LENGTH_MEASURE( 1.000000000000000082E-05 ), #149, 'distance_accuracy_value', 'NONE');
#1803 =( NAMED_UNIT ( * ) SI_UNIT ( $, .STERADIAN. ) SOLID_ANGLE_UNIT ( ) );
#1804 = EDGE_LOOP ( 'NONE', ( #868, #205, #538, #2236 ) ) ;
#1805 = AXIS2_PLACEMENT_3D ( 'NONE', #1923, #693, #1906 ) ;
#1806 = FACE_OUTER_BOUND ( 'NONE', #972, .T. ) ;
#1807 = DIRECTION ( 'NONE',  ( 5.252152427417539695E-16, 1.000000000000000000, 0.0000000000000000000 ) ) ;
#1808 = DIRECTION ( 'NONE',  ( -0.0000000000000000000, -0.0000000000000000000, -1.000000000000000000 ) ) ;
#1809 = EDGE_CURVE ( 'NONE', #1584, #15, #1905, .T. ) ;
#1810 = ORIENTED_EDGE ( 'NONE', *, *, #8, .F. ) ;
#1811 = CARTESIAN_POINT ( 'NONE',  ( 0.3190721488971339781, 2.618681122833390162, -2.799999999999999822 ) ) ;
#1812 = CARTESIAN_POINT ( 'NONE',  ( 0.6388228567653780887, 2.509119358484690032, -2.799999999999999822 ) ) ;
#1813 = CARTESIAN_POINT ( 'NONE',  ( 0.2250000000000000333, -2.697648572295269886, -2.925000000000000266 ) ) ;
#1814 = DIRECTION ( 'NONE',  ( 1.000000000000000000, 0.0000000000000000000, 0.0000000000000000000 ) ) ;
#1815 = MECHANICAL_DESIGN_GEOMETRIC_PRESENTATION_REPRESENTATION (  '', ( #317 ), #2234 ) ;
#1816 = PRODUCT_DEFINITION_SHAPE ( 'NONE', 'NONE',  #2388 ) ;
#1817 = AXIS2_PLACEMENT_3D ( 'NONE', #1705, #2041, #88 ) ;
#1818 =( LENGTH_UNIT ( ) NAMED_UNIT ( * ) SI_UNIT ( .MILLI., .METRE. ) );
#1819 = AXIS2_PLACEMENT_3D ( 'NONE', #1354, #2098, #258 ) ;
#1820 =( GEOMETRIC_REPRESENTATION_CONTEXT ( 3 ) GLOBAL_UNCERTAINTY_ASSIGNED_CONTEXT ( ( #2239 ) ) GLOBAL_UNIT_ASSIGNED_CONTEXT ( ( #1143, #1876, #67 ) ) REPRESENTATION_CONTEXT ( 'NONE', 'WORKASPACE' ) );
#1821 = VECTOR ( 'NONE', #932, 1000.000000000000000 ) ;
#1822 = VECTOR ( 'NONE', #2131, 1000.000000000000000 ) ;
#1823 = DIRECTION ( 'NONE',  ( 1.381282807458380114E-16, 1.000000000000000000, -0.0000000000000000000 ) ) ;
#1824 = SURFACE_STYLE_FILL_AREA ( #1082 ) ;
#1825 = ORIENTED_EDGE ( 'NONE', *, *, #349, .F. ) ;
#1826 = ADVANCED_FACE ( 'NONE', ( #1707 ), #1892, .T. ) ;
#1827 =( NAMED_UNIT ( * ) PLANE_ANGLE_UNIT ( ) SI_UNIT ( $, .RADIAN. ) );
#1828 = DIRECTION ( 'NONE',  ( 1.000000000000000000, 0.0000000000000000000, 0.0000000000000000000 ) ) ;
#1829 = DIRECTION ( 'NONE',  ( 0.0000000000000000000, 0.0000000000000000000, -1.000000000000000000 ) ) ;
#1830 = ORIENTED_EDGE ( 'NONE', *, *, #969, .F. ) ;
#1831 = DIRECTION ( 'NONE',  ( -0.0000000000000000000, -0.0000000000000000000, 1.000000000000000000 ) ) ;
#1832 = DIRECTION ( 'NONE',  ( -0.0000000000000000000, 0.0000000000000000000, -1.000000000000000000 ) ) ;
#1833 = SURFACE_STYLE_USAGE ( .BOTH. , #1671 ) ;
#1834 = EDGE_LOOP ( 'NONE', ( #158, #1628, #453, #2004 ) ) ;
#1835 = PRODUCT_DEFINITION_SHAPE ( 'NONE', 'NONE',  #2386 ) ;
#1836 = EDGE_CURVE ( 'NONE', #1918, #319, #2267, .T. ) ;
#1837 = SURFACE_SIDE_STYLE ('',( #760 ) ) ;
#1838 = CARTESIAN_POINT ( 'NONE',  ( -3.200000000000000178, 1.100000000000000089, 0.3875000000000000666 ) ) ;
#1839 = APPLICATION_PROTOCOL_DEFINITION ( 'draft international standard', 'automotive_design', 1998, #68 ) ;
#1840 = EDGE_CURVE ( 'NONE', #1942, #477, #1168, .T. ) ;
#1841 = ORIENTED_EDGE ( 'NONE', *, *, #1120, .F. ) ;
#1842 = LINE ( 'NONE', #14, #1698 ) ;
#1843 = SURFACE_STYLE_FILL_AREA ( #1113 ) ;
#1844 = VERTEX_POINT ( 'NONE', #1389 ) ;
#1845 = DIRECTION ( 'NONE',  ( 0.0000000000000000000, 0.0000000000000000000, 1.000000000000000000 ) ) ;
#1846 = UNCERTAINTY_MEASURE_WITH_UNIT (LENGTH_MEASURE( 1.000000000000000082E-05 ), #276, 'distance_accuracy_value', 'NONE');
#1847 = PRESENTATION_STYLE_ASSIGNMENT (( #1500 ) ) ;
#1848 = MECHANICAL_DESIGN_GEOMETRIC_PRESENTATION_REPRESENTATION (  '', ( #115 ), #1738 ) ;
#1849 =( NAMED_UNIT ( * ) SI_UNIT ( $, .STERADIAN. ) SOLID_ANGLE_UNIT ( ) );
#1850 = DIRECTION ( 'NONE',  ( 0.0000000000000000000, 1.000000000000000000, 0.0000000000000000000 ) ) ;
#1851 = UNCERTAINTY_MEASURE_WITH_UNIT (LENGTH_MEASURE( 1.000000000000000082E-05 ), #382, 'distance_accuracy_value', 'NONE');
#1852 = FILL_AREA_STYLE ('',( #1439 ) ) ;
#1853 = VECTOR ( 'NONE', #1870, 1000.000000000000000 ) ;
#1854 = ORIENTED_EDGE ( 'NONE', *, *, #1202, .F. ) ;
#1855 = ADVANCED_FACE ( 'NONE', ( #692 ), #1732, .F. ) ;
#1856 = FILL_AREA_STYLE_COLOUR ( '', #1264 ) ;
#1857 = MECHANICAL_DESIGN_GEOMETRIC_PRESENTATION_REPRESENTATION (  '', ( #1555 ), #357 ) ;
#1858 = MECHANICAL_DESIGN_GEOMETRIC_PRESENTATION_REPRESENTATION (  '', ( #700 ), #2021 ) ;
#1859 = DIRECTION ( 'NONE',  ( -0.9659258262890676461, 0.2588190451025229044, 0.0000000000000000000 ) ) ;
#1860 = ORIENTED_EDGE ( 'NONE', *, *, #944, .F. ) ;
#1861 = DIRECTION ( 'NONE',  ( -0.9659258262890676461, -0.2588190451025229044, 0.0000000000000000000 ) ) ;
#1862 =( NAMED_UNIT ( * ) SI_UNIT ( $, .STERADIAN. ) SOLID_ANGLE_UNIT ( ) );
#1863 = DIRECTION ( 'NONE',  ( -0.0000000000000000000, -0.0000000000000000000, 1.000000000000000000 ) ) ;
#1864 = SURFACE_STYLE_FILL_AREA ( #644 ) ;
#1865 = CONTEXT_DEPENDENT_SHAPE_REPRESENTATION ( #1165, #1326 ) ;
#1866 =( NAMED_UNIT ( * ) PLANE_ANGLE_UNIT ( ) SI_UNIT ( $, .RADIAN. ) );
#1867 = EDGE_LOOP ( 'NONE', ( #1495, #2115, #502, #361 ) ) ;
#1868 = PRODUCT_DEFINITION_FORMATION_WITH_SPECIFIED_SOURCE ( 'ANY', '', #1248, .NOT_KNOWN. ) ;
#1869 = EDGE_CURVE ( 'NONE', #2290, #186, #1559, .T. ) ;
#1870 = DIRECTION ( 'NONE',  ( -0.0000000000000000000, 1.000000000000000000, 0.0000000000000000000 ) ) ;
#1871 = CARTESIAN_POINT ( 'NONE',  ( 0.1499999999999999944, 2.640099048196850262, -3.049999999999999822 ) ) ;
#1872 =( LENGTH_UNIT ( ) NAMED_UNIT ( * ) SI_UNIT ( .MILLI., .METRE. ) );
#1873 = UNCERTAINTY_MEASURE_WITH_UNIT (LENGTH_MEASURE( 1.000000000000000082E-05 ), #1976, 'distance_accuracy_value', 'NONE');
#1874 = LINE ( 'NONE', #220, #1588 ) ;
#1875 = CARTESIAN_POINT ( 'NONE',  ( -3.250000000000000444, -2.200000000000000178, 0.7249999999999999778 ) ) ;
#1876 =( NAMED_UNIT ( * ) PLANE_ANGLE_UNIT ( ) SI_UNIT ( $, .RADIAN. ) );
#1877 =( NAMED_UNIT ( * ) SI_UNIT ( $, .STERADIAN. ) SOLID_ANGLE_UNIT ( ) );
#1878 = FACE_OUTER_BOUND ( 'NONE', #836, .T. ) ;
#1879 = ITEM_DEFINED_TRANSFORMATION ( 'NONE', 'NONE', #1954,  #675 ) ;
#1880 = PRODUCT ( 'User Library-TSSOP-20-2', 'User Library-TSSOP-20-2', '', ( #1504 ) ) ;
#1881 = DIRECTION ( 'NONE',  ( -0.9659258262890680902, 0.2588190451025210170, 0.0000000000000000000 ) ) ;
#1882 = EDGE_LOOP ( 'NONE', ( #697, #387, #152, #2223 ) ) ;
#1883 = DIRECTION ( 'NONE',  ( 0.0000000000000000000, 0.0000000000000000000, 1.000000000000000000 ) ) ;
#1884 = CARTESIAN_POINT ( 'NONE',  ( 3.250000000000000444, 2.200000000000000178, 0.6250000000000001110 ) ) ;
#1885 = DIRECTION ( 'NONE',  ( 1.000000000000000000, 0.0000000000000000000, -0.0000000000000000000 ) ) ;
#1886 = DIRECTION ( 'NONE',  ( -1.381282807458380114E-16, 1.000000000000000000, 0.0000000000000000000 ) ) ;
#1887 = EDGE_CURVE ( 'NONE', #1432, #177, #340, .T. ) ;
#1888 = COLOUR_RGB ( '',0.7490196078431372584, 0.7490196078431372584, 0.7490196078431372584 ) ;
#1889 = DIRECTION ( 'NONE',  ( -1.000000000000000000, 0.0000000000000000000, 0.0000000000000000000 ) ) ;
#1890 = AXIS2_PLACEMENT_3D ( 'NONE', #385, #170, #1644 ) ;
#1891 = DIRECTION ( 'NONE',  ( 0.0000000000000000000, 1.000000000000000000, 0.0000000000000000000 ) ) ;
#1892 = PLANE ( 'NONE',  #1634 ) ;
#1893 = AXIS2_PLACEMENT_3D ( 'NONE', #1327, #505, #482 ) ;
#1894 = VERTEX_POINT ( 'NONE', #315 ) ;
#1895 = VECTOR ( 'NONE', #1563, 1000.000000000000000 ) ;
#1896 = DIRECTION ( 'NONE',  ( 0.9659258262890680902, 0.2588190451025210170, -0.0000000000000000000 ) ) ;
#1897 = CARTESIAN_POINT ( 'NONE',  ( 3.149999999999999911, -2.100000000000000089, 1.199999999999999956 ) ) ;
#1898 = CIRCLE ( 'NONE', #1214, 0.3300000000000000155 ) ;
#1899 = LINE ( 'NONE', #1753, #2138 ) ;
#1900 = VECTOR ( 'NONE', #2167, 1000.000000000000000 ) ;
#1901 = SURFACE_STYLE_FILL_AREA ( #2093 ) ;
#1902 = LINE ( 'NONE', #1718, #2155 ) ;
#1903 =( LENGTH_UNIT ( ) NAMED_UNIT ( * ) SI_UNIT ( .MILLI., .METRE. ) );
#1904 = ADVANCED_FACE ( 'NONE', ( #1423 ), #685, .T. ) ;
#1905 = LINE ( 'NONE', #1721, #243 ) ;
#1906 = DIRECTION ( 'NONE',  ( 1.000000000000000000, 0.0000000000000000000, 0.0000000000000000000 ) ) ;
#1907 = ORIENTED_EDGE ( 'NONE', *, *, #1549, .T. ) ;
#1908 = MECHANICAL_DESIGN_GEOMETRIC_PRESENTATION_REPRESENTATION (  '', ( #1524 ), #1564 ) ;
#1909 = CARTESIAN_POINT ( 'NONE',  ( 0.1499999999999999944, 2.697648572295269886, -2.799999999999999822 ) ) ;
#1910 = PRESENTATION_LAYER_ASSIGNMENT (  '', '', ( #1175 ) ) ;
#1911 = FILL_AREA_STYLE ('',( #680 ) ) ;
#1912 = PRESENTATION_STYLE_ASSIGNMENT (( #1526 ) ) ;
#1913 =( NAMED_UNIT ( * ) PLANE_ANGLE_UNIT ( ) SI_UNIT ( $, .RADIAN. ) );
#1914 =( NAMED_UNIT ( * ) PLANE_ANGLE_UNIT ( ) SI_UNIT ( $, .RADIAN. ) );
#1915 = DIRECTION ( 'NONE',  ( 1.000000000000000000, 0.0000000000000000000, 0.0000000000000000000 ) ) ;
#1916 = ORIENTED_EDGE ( 'NONE', *, *, #1222, .T. ) ;
#1917 = EDGE_CURVE ( 'NONE', #173, #1219, #283, .T. ) ;
#1918 = VERTEX_POINT ( 'NONE', #1094 ) ;
#1919 = LINE ( 'NONE', #1535, #1932 ) ;
#1920 = CARTESIAN_POINT ( 'NONE',  ( 0.1111771432346221056, -2.495210174253479796, -3.049999999999999822 ) ) ;
#1921 = PLANE ( 'NONE',  #595 ) ;
#1922 = FILL_AREA_STYLE_COLOUR ( '', #322 ) ;
#1923 = CARTESIAN_POINT ( 'NONE',  ( 0.5250000000000000222, 2.306680960442910155, -3.049999999999999822 ) ) ;
#1924 = AXIS2_PLACEMENT_3D ( 'NONE', #601, #785, #255 ) ;
#1925 = AXIS2_PLACEMENT_3D ( 'NONE', #312, #1746, #1566 ) ;
#1926 = VERTEX_POINT ( 'NONE', #1812 ) ;
#1927 = CYLINDRICAL_SURFACE ( 'NONE', #2062, 0.3300000000000000155 ) ;
#1928 = EDGE_CURVE ( 'NONE', #1445, #15, #207, .T. ) ;
#1929 = AXIS2_PLACEMENT_3D ( 'NONE', #2120, #2162, #1933 ) ;
#1930 = LINE ( 'NONE', #2322, #2180 ) ;
#1931 = CARTESIAN_POINT ( 'NONE',  ( 0.5999999999999999778, 2.100000000000000089, -3.049999999999999822 ) ) ;
#1932 = VECTOR ( 'NONE', #82, 1000.000000000000000 ) ;
#1933 = DIRECTION ( 'NONE',  ( 0.0000000000000000000, 0.0000000000000000000, 1.000000000000000000 ) ) ;
#1934 = DIRECTION ( 'NONE',  ( 0.0000000000000000000, 0.0000000000000000000, 1.000000000000000000 ) ) ;
#1935 = VECTOR ( 'NONE', #1749, 1000.000000000000000 ) ;
#1936 = MECHANICAL_DESIGN_GEOMETRIC_PRESENTATION_REPRESENTATION (  '', ( #1288 ), #122 ) ;
#1937 = PRESENTATION_STYLE_ASSIGNMENT (( #1730 ) ) ;
#1938 =( NAMED_UNIT ( * ) SI_UNIT ( $, .STERADIAN. ) SOLID_ANGLE_UNIT ( ) );
#1939 = DIRECTION ( 'NONE',  ( 1.000000000000000000, 0.0000000000000000000, 0.0000000000000000000 ) ) ;
#1940 = STYLED_ITEM ( 'NONE', ( #1959 ), #1160 ) ;
#1941 = VECTOR ( 'NONE', #485, 1000.000000000000000 ) ;
#1942 = VERTEX_POINT ( 'NONE', #943 ) ;
#1943 = ORIENTED_EDGE ( 'NONE', *, *, #425, .T. ) ;
#1944 = LINE ( 'NONE', #1471, #1742 ) ;
#1945 = DIRECTION ( 'NONE',  ( -0.0000000000000000000, -0.0000000000000000000, -1.000000000000000000 ) ) ;
#1946 = ADVANCED_FACE ( 'NONE', ( #750 ), #6, .F. ) ;
#1947 = PRESENTATION_STYLE_ASSIGNMENT (( #86 ) ) ;
#1948 = CARTESIAN_POINT ( 'NONE',  ( 0.5999999999999999778, 2.306680960442910155, -3.049999999999999822 ) ) ;
#1949 =( GEOMETRIC_REPRESENTATION_CONTEXT ( 3 ) GLOBAL_UNCERTAINTY_ASSIGNED_CONTEXT ( ( #1395 ) ) GLOBAL_UNIT_ASSIGNED_CONTEXT ( ( #123, #701, #147 ) ) REPRESENTATION_CONTEXT ( 'NONE', 'WORKASPACE' ) );
#1950 = FILL_AREA_STYLE ('',( #2121 ) ) ;
#1951 = EDGE_CURVE ( 'NONE', #2251, #1125, #439, .T. ) ;
#1952 = ORIENTED_EDGE ( 'NONE', *, *, #1318, .T. ) ;
#1953 = DIRECTION ( 'NONE',  ( -1.261617073437679971E-16, 1.000000000000000000, 0.0000000000000000000 ) ) ;
#1954 = AXIS2_PLACEMENT_3D ( 'NONE', #920, #1654, #743 ) ;
#1955 = UNCERTAINTY_MEASURE_WITH_UNIT (LENGTH_MEASURE( 1.000000000000000082E-05 ), #1872, 'distance_accuracy_value', 'NONE');
#1956 = EDGE_LOOP ( 'NONE', ( #586, #1687, #1794, #50 ) ) ;
#1957 = ORIENTED_EDGE ( 'NONE', *, *, #1079, .T. ) ;
#1958 = FILL_AREA_STYLE ('',( #148 ) ) ;
#1959 = PRESENTATION_STYLE_ASSIGNMENT (( #1454 ) ) ;
#1960 = CARTESIAN_POINT ( 'NONE',  ( 0.0000000000000000000, 2.618681122833390162, -2.799999999999999822 ) ) ;
#1961 = ORIENTED_EDGE ( 'NONE', *, *, #829, .T. ) ;
#1962 = FILL_AREA_STYLE ('',( #848 ) ) ;
#1963 = FILL_AREA_STYLE ('',( #674 ) ) ;
#1964 = FACE_OUTER_BOUND ( 'NONE', #2213, .T. ) ;
#1965 = CARTESIAN_POINT ( 'NONE',  ( 0.7500000000000000000, 2.100000000000000089, -2.925000000000000266 ) ) ;
#1966 = ADVANCED_BREP_SHAPE_REPRESENTATION ( '', ( #531, #675 ), #486 ) ;
#1967 = PRODUCT_DEFINITION_CONTEXT ( 'detailed design', #127, 'design' ) ;
#1968 = ORIENTED_EDGE ( 'NONE', *, *, #1536, .T. ) ;
#1969 = MECHANICAL_DESIGN_GEOMETRIC_PRESENTATION_REPRESENTATION (  '', ( #1317 ), #113 ) ;
#1970 =( NAMED_UNIT ( * ) PLANE_ANGLE_UNIT ( ) SI_UNIT ( $, .RADIAN. ) );
#1971 = SURFACE_SIDE_STYLE ('',( #720 ) ) ;
#1972 =( GEOMETRIC_REPRESENTATION_CONTEXT ( 3 ) GLOBAL_UNCERTAINTY_ASSIGNED_CONTEXT ( ( #1211 ) ) GLOBAL_UNIT_ASSIGNED_CONTEXT ( ( #228, #1682, #51 ) ) REPRESENTATION_CONTEXT ( 'NONE', 'WORKASPACE' ) );
#1973 = ORIENTED_EDGE ( 'NONE', *, *, #11, .F. ) ;
#1974 = PRESENTATION_LAYER_ASSIGNMENT (  '', '', ( #1551 ) ) ;
#1975 = MECHANICAL_DESIGN_GEOMETRIC_PRESENTATION_REPRESENTATION (  '', ( #32 ), #549 ) ;
#1976 =( LENGTH_UNIT ( ) NAMED_UNIT ( * ) SI_UNIT ( .MILLI., .METRE. ) );
#1977 = AXIS2_PLACEMENT_3D ( 'NONE', #678, #2168, #910 ) ;
#1978 = EDGE_CURVE ( 'NONE', #102, #1762, #1273, .T. ) ;
#1979 =( GEOMETRIC_REPRESENTATION_CONTEXT ( 3 ) GLOBAL_UNCERTAINTY_ASSIGNED_CONTEXT ( ( #97 ) ) GLOBAL_UNIT_ASSIGNED_CONTEXT ( ( #1818, #2036, #1459 ) ) REPRESENTATION_CONTEXT ( 'NONE', 'WORKASPACE' ) );
#1980 = COLOUR_RGB ( '',0.7490196078431372584, 0.7490196078431372584, 0.7490196078431372584 ) ;
#1981 = DIRECTION ( 'NONE',  ( -1.000000000000000000, 0.0000000000000000000, 0.0000000000000000000 ) ) ;
#1982 =( LENGTH_UNIT ( ) NAMED_UNIT ( * ) SI_UNIT ( .MILLI., .METRE. ) );
#1983 = ORIENTED_EDGE ( 'NONE', *, *, #1669, .T. ) ;
#1984 =( NAMED_UNIT ( * ) PLANE_ANGLE_UNIT ( ) SI_UNIT ( $, .RADIAN. ) );
#1985 = DIRECTION ( 'NONE',  ( 0.0000000000000000000, 0.0000000000000000000, 1.000000000000000000 ) ) ;
#1986 = DIRECTION ( 'NONE',  ( 0.0000000000000000000, -0.2060104810498420147, 0.9785497849867490494 ) ) ;
#1987 = EDGE_LOOP ( 'NONE', ( #1572, #1110, #1999, #1961 ) ) ;
#1988 = CIRCLE ( 'NONE', #708, 0.3300000000000000155 ) ;
#1989 = FILL_AREA_STYLE_COLOUR ( '', #661 ) ;
#1990 = DIRECTION ( 'NONE',  ( -1.000000000000000000, 0.0000000000000000000, 0.0000000000000000000 ) ) ;
#1991 =( GEOMETRIC_REPRESENTATION_CONTEXT ( 3 ) GLOBAL_UNCERTAINTY_ASSIGNED_CONTEXT ( ( #1300 ) ) GLOBAL_UNIT_ASSIGNED_CONTEXT ( ( #1630, #1646, #2192 ) ) REPRESENTATION_CONTEXT ( 'NONE', 'WORKASPACE' ) );
#1992 = LINE ( 'NONE', #717, #2377 ) ;
#1993 = FILL_AREA_STYLE_COLOUR ( '', #1486 ) ;
#1994 = VERTEX_POINT ( 'NONE', #1529 ) ;
#1995 = ADVANCED_FACE ( 'NONE', ( #1131 ), #1010, .T. ) ;
#1996 = PRODUCT_DEFINITION_SHAPE ( 'NONE', 'NONE',  #2384 ) ;
#1997 =( NAMED_UNIT ( * ) SI_UNIT ( $, .STERADIAN. ) SOLID_ANGLE_UNIT ( ) );
#1998 = SURFACE_SIDE_STYLE ('',( #2368 ) ) ;
#1999 = ORIENTED_EDGE ( 'NONE', *, *, #1627, .T. ) ;
#2000 = UNCERTAINTY_MEASURE_WITH_UNIT (LENGTH_MEASURE( 1.000000000000000082E-05 ), #1465, 'distance_accuracy_value', 'NONE');
#2001 = PRESENTATION_STYLE_ASSIGNMENT (( #1653 ) ) ;
#2002 = DIRECTION ( 'NONE',  ( 0.0000000000000000000, 1.000000000000000000, 0.0000000000000000000 ) ) ;
#2003 = CARTESIAN_POINT ( 'NONE',  ( 0.1499999999999999944, -2.640099048196850262, -2.925000000000000266 ) ) ;
#2004 = ORIENTED_EDGE ( 'NONE', *, *, #273, .F. ) ;
#2005 = FILL_AREA_STYLE_COLOUR ( '', #1111 ) ;
#2006 = EDGE_CURVE ( 'NONE', #1219, #1684, #56, .T. ) ;
#2007 = LINE ( 'NONE', #1148, #1853 ) ;
#2008 = MECHANICAL_DESIGN_GEOMETRIC_PRESENTATION_REPRESENTATION (  '', ( #761 ), #582 ) ;
#2009 = PLANE ( 'NONE',  #628 ) ;
#2010 = CARTESIAN_POINT ( 'NONE',  ( 5.551115123125779744E-16, 2.100000000000000089, 0.1499999999999999944 ) ) ;
#2011 = ORIENTED_EDGE ( 'NONE', *, *, #337, .F. ) ;
#2012 = FILL_AREA_STYLE_COLOUR ( '', #161 ) ;
#2013 = MECHANICAL_DESIGN_GEOMETRIC_PRESENTATION_REPRESENTATION (  '', ( #1551 ), #994 ) ;
#2014 = AXIS2_PLACEMENT_3D ( 'NONE', #987, #238, #463 ) ;
#2015 = SURFACE_STYLE_FILL_AREA ( #578 ) ;
#2016 = SURFACE_STYLE_USAGE ( .BOTH. , #1185 ) ;
#2017 = PRESENTATION_LAYER_ASSIGNMENT (  '', '', ( #117 ) ) ;
#2018 = PRODUCT_DEFINITION_SHAPE ( 'NONE', 'NONE',  #594 ) ;
#2019 = MECHANICAL_DESIGN_GEOMETRIC_PRESENTATION_REPRESENTATION (  '', ( #2147 ), #1328 ) ;
#2020 = COLOUR_RGB ( '',0.7490196078431372584, 0.7490196078431372584, 0.7490196078431372584 ) ;
#2021 =( GEOMETRIC_REPRESENTATION_CONTEXT ( 3 ) GLOBAL_UNCERTAINTY_ASSIGNED_CONTEXT ( ( #1802 ) ) GLOBAL_UNIT_ASSIGNED_CONTEXT ( ( #149, #1984, #928 ) ) REPRESENTATION_CONTEXT ( 'NONE', 'WORKASPACE' ) );
#2022 = ORIENTED_EDGE ( 'NONE', *, *, #1338, .F. ) ;
#2023 = MECHANICAL_DESIGN_GEOMETRIC_PRESENTATION_REPRESENTATION (  '', ( #2194 ), #1560 ) ;
#2024 =( NAMED_UNIT ( * ) SI_UNIT ( $, .STERADIAN. ) SOLID_ANGLE_UNIT ( ) );
#2025 = DIRECTION ( 'NONE',  ( 0.0000000000000000000, 0.0000000000000000000, -1.000000000000000000 ) ) ;
#2026 = FACE_OUTER_BOUND ( 'NONE', #245, .T. ) ;
#2027 = DIRECTION ( 'NONE',  ( -1.000000000000000000, 0.0000000000000000000, 0.0000000000000000000 ) ) ;
#2028 = EDGE_CURVE ( 'NONE', #663, #1894, #1902, .T. ) ;
#2029 = EDGE_LOOP ( 'NONE', ( #2089, #408, #875, #260 ) ) ;
#2030 = PRESENTATION_STYLE_ASSIGNMENT (( #769 ) ) ;
#2031 = CARTESIAN_POINT ( 'NONE',  ( 0.5444114283826891887, -2.379125397414590726, -2.925000000000000266 ) ) ;
#2032 = EDGE_CURVE ( 'NONE', #2139, #1184, #997, .T. ) ;
#2033 = DIRECTION ( 'NONE',  ( -1.000000000000000000, 0.0000000000000000000, 0.0000000000000000000 ) ) ;
#2034 = AXIS2_PLACEMENT_3D ( 'NONE', #1764, #1713, #1053 ) ;
#2035 = UNCERTAINTY_MEASURE_WITH_UNIT (LENGTH_MEASURE( 1.000000000000000082E-05 ), #1246, 'distance_accuracy_value', 'NONE');
#2036 =( NAMED_UNIT ( * ) PLANE_ANGLE_UNIT ( ) SI_UNIT ( $, .RADIAN. ) );
#2037 = ORIENTED_EDGE ( 'NONE', *, *, #779, .T. ) ;
#2038 = DIRECTION ( 'NONE',  ( 0.0000000000000000000, 1.000000000000000000, 0.0000000000000000000 ) ) ;
#2039 = ORIENTED_EDGE ( 'NONE', *, *, #1421, .F. ) ;
#2040 = FILL_AREA_STYLE ('',( #2052 ) ) ;
#2041 = DIRECTION ( 'NONE',  ( -0.0000000000000000000, -0.0000000000000000000, 1.000000000000000000 ) ) ;
#2042 = DIRECTION ( 'NONE',  ( 1.000000000000000000, 0.0000000000000000000, 0.0000000000000000000 ) ) ;
#2043 = SURFACE_SIDE_STYLE ('',( #1109 ) ) ;
#2044 = ORIENTED_EDGE ( 'NONE', *, *, #686, .T. ) ;
#2045 = CARTESIAN_POINT ( 'NONE',  ( -3.250000000000000888, 2.199999999999999734, 0.7249999999999998668 ) ) ;
#2046 = LINE ( 'NONE', #1658, #768 ) ;
#2047 = UNCERTAINTY_MEASURE_WITH_UNIT (LENGTH_MEASURE( 1.000000000000000082E-05 ), #344, 'distance_accuracy_value', 'NONE');
#2048 = CIRCLE ( 'NONE', #1805, 0.07499999999999998335 ) ;
#2049 = VERTEX_POINT ( 'NONE', #798 ) ;
#2050 = SURFACE_SIDE_STYLE ('',( #1901 ) ) ;
#2051 = COLOUR_RGB ( '',0.7490196078431372584, 0.7490196078431372584, 0.7490196078431372584 ) ;
#2052 = FILL_AREA_STYLE_COLOUR ( '', #1331 ) ;
#2053 = CARTESIAN_POINT ( 'NONE',  ( 3.149999999999999911, -8.326672684688670109E-16, 0.1499999999999999944 ) ) ;
#2054 =( NAMED_UNIT ( * ) PLANE_ANGLE_UNIT ( ) SI_UNIT ( $, .RADIAN. ) );
#2055 = DIRECTION ( 'NONE',  ( 0.0000000000000000000, 1.000000000000000000, 0.0000000000000000000 ) ) ;
#2056 = SURFACE_STYLE_USAGE ( .BOTH. , #1315 ) ;
#2057 = COLOUR_RGB ( '',0.1176470588235294101, 0.1176470588235294101, 0.1176470588235294101 ) ;
#2058 = AXIS2_PLACEMENT_3D ( 'NONE', #937, #2238, #1648 ) ;
#2059 = ADVANCED_FACE ( 'NONE', ( #287 ), #635, .F. ) ;
#2060 = VERTEX_POINT ( 'NONE', #2256 ) ;
#2061 = MECHANICAL_DESIGN_GEOMETRIC_PRESENTATION_REPRESENTATION (  '', ( #962 ), #1136 ) ;
#2062 = AXIS2_PLACEMENT_3D ( 'NONE', #2283, #1171, #2082 ) ;
#2063 = STYLED_ITEM ( 'NONE', ( #2113 ), #1771 ) ;
#2064 = PRODUCT_DEFINITION_SHAPE ( 'NONE', 'NONE',  #2381 ) ;
#2065 = COLOUR_RGB ( '',0.1176470588235294101, 0.1176470588235294101, 0.1176470588235294101 ) ;
#2066 = LINE ( 'NONE', #2045, #433 ) ;
#2067 = CARTESIAN_POINT ( 'NONE',  ( 0.5999999999999999778, 2.364230484541329780, -2.799999999999999822 ) ) ;
#2068 = STYLED_ITEM ( 'NONE', ( #2001 ), #1946 ) ;
#2069 = COLOUR_RGB ( '',0.7490196078431372584, 0.7490196078431372584, 0.7490196078431372584 ) ;
#2070 = SURFACE_STYLE_FILL_AREA ( #1673 ) ;
#2071 = SURFACE_SIDE_STYLE ('',( #1141 ) ) ;
#2072 = DIRECTION ( 'NONE',  ( -3.357297106147360196E-16, -1.000000000000000000, -0.0000000000000000000 ) ) ;
#2073 = DIRECTION ( 'NONE',  ( 1.000000000000000000, 0.0000000000000000000, 0.0000000000000000000 ) ) ;
#2074 = DIRECTION ( 'NONE',  ( 0.0000000000000000000, 0.0000000000000000000, -1.000000000000000000 ) ) ;
#2075 = CONTEXT_DEPENDENT_SHAPE_REPRESENTATION ( #2209, #2064 ) ;
#2076 = SURFACE_STYLE_FILL_AREA ( #660 ) ;
#2077 = EDGE_LOOP ( 'NONE', ( #1952, #432, #2185, #1830, #705, #2328, #27, #902, #306, #514, #719, #1422 ) ) ;
#2078 =( REPRESENTATION_RELATIONSHIP ('NONE','NONE', #124, #617 ) REPRESENTATION_RELATIONSHIP_WITH_TRANSFORMATION ( #524 )SHAPE_REPRESENTATION_RELATIONSHIP( ) );
#2079 = COLOUR_RGB ( '',0.1176470588235294101, 0.1176470588235294101, 0.1176470588235294101 ) ;
#2080 = SURFACE_STYLE_USAGE ( .BOTH. , #948 ) ;
#2081 = PRESENTATION_LAYER_ASSIGNMENT (  '', '', ( #1681 ) ) ;
#2082 = DIRECTION ( 'NONE',  ( 1.000000000000000000, 0.0000000000000000000, 0.0000000000000000000 ) ) ;
#2083 = EDGE_CURVE ( 'NONE', #1271, #1385, #1295, .T. ) ;
#2084 = CARTESIAN_POINT ( 'NONE',  ( 3.250000000000000888, -2.199999999999998845, 0.7249999999999995337 ) ) ;
#2085 = CARTESIAN_POINT ( 'NONE',  ( 5.551115123125779744E-16, -8.326672684688670109E-16, 1.199999999999999956 ) ) ;
#2086 = CYLINDRICAL_SURFACE ( 'NONE', #1925, 0.3300000000000000155 ) ;
#2087 = CARTESIAN_POINT ( 'NONE',  ( 0.1499999999999999944, -3.200000000000000178, -3.049999999999999378 ) ) ;
#2088 =( NAMED_UNIT ( * ) PLANE_ANGLE_UNIT ( ) SI_UNIT ( $, .RADIAN. ) );
#2089 = ORIENTED_EDGE ( 'NONE', *, *, #1627, .F. ) ;
#2090 =( NAMED_UNIT ( * ) PLANE_ANGLE_UNIT ( ) SI_UNIT ( $, .RADIAN. ) );
#2091 = ADVANCED_FACE ( 'NONE', ( #265 ), #2278, .T. ) ;
#2092 = CYLINDRICAL_SURFACE ( 'NONE', #1173, 0.1499999999999999944 ) ;
#2093 = FILL_AREA_STYLE ('',( #1142 ) ) ;
#2094 = CLOSED_SHELL ( 'NONE', ( #765, #1446, #1855, #155 ) ) ;
#2095 = FILL_AREA_STYLE ('',( #657 ) ) ;
#2096 = AXIS2_PLACEMENT_3D ( 'NONE', #1813, #1609, #1239 ) ;
#2097 = CONTEXT_DEPENDENT_SHAPE_REPRESENTATION ( #501, #215 ) ;
#2098 = DIRECTION ( 'NONE',  ( 0.0000000000000000000, 0.0000000000000000000, -1.000000000000000000 ) ) ;
#2099 = ORIENTED_EDGE ( 'NONE', *, *, #763, .F. ) ;
#2100 =( GEOMETRIC_REPRESENTATION_CONTEXT ( 3 ) GLOBAL_UNCERTAINTY_ASSIGNED_CONTEXT ( ( #1063 ) ) GLOBAL_UNIT_ASSIGNED_CONTEXT ( ( #2356, #1393, #1052 ) ) REPRESENTATION_CONTEXT ( 'NONE', 'WORKASPACE' ) );
#2101 = ORIENTED_EDGE ( 'NONE', *, *, #1656, .F. ) ;
#2102 = DIRECTION ( 'NONE',  ( -0.0000000000000000000, 0.0000000000000000000, -1.000000000000000000 ) ) ;
#2103 = VECTOR ( 'NONE', #1340, 999.9999999999998863 ) ;
#2104 = DIRECTION ( 'NONE',  ( 0.0000000000000000000, 0.0000000000000000000, -1.000000000000000000 ) ) ;
#2105 = PRESENTATION_STYLE_ASSIGNMENT (( #528 ) ) ;
#2106 = CARTESIAN_POINT ( 'NONE',  ( 0.5999999999999999778, 2.100000000000000089, -2.799999999999999822 ) ) ;
#2107 = CIRCLE ( 'NONE', #1599, 0.1499999999999999667 ) ;
#2108 =( NAMED_UNIT ( * ) PLANE_ANGLE_UNIT ( ) SI_UNIT ( $, .RADIAN. ) );
#2109 = PRODUCT_DEFINITION ( 'UNKNOWN', '', #1868, #1612 ) ;
#2110 = FILL_AREA_STYLE ('',( #1008 ) ) ;
#2111 = PRESENTATION_LAYER_ASSIGNMENT (  '', '', ( #2068 ) ) ;
#2112 =( LENGTH_UNIT ( ) NAMED_UNIT ( * ) SI_UNIT ( .MILLI., .METRE. ) );
#2113 = PRESENTATION_STYLE_ASSIGNMENT (( #1336 ) ) ;
#2114 = EDGE_LOOP ( 'NONE', ( #947, #789, #1841, #1983 ) ) ;
#2115 = ORIENTED_EDGE ( 'NONE', *, *, #969, .T. ) ;
#2116 = CARTESIAN_POINT ( 'NONE',  ( 3.250000000000000444, -2.199999999999999734, 0.7249999999999999778 ) ) ;
#2117 = VECTOR ( 'NONE', #1660, 1000.000000000000000 ) ;
#2118 = FILL_AREA_STYLE_COLOUR ( '', #844 ) ;
#2119 = DIRECTION ( 'NONE',  ( -1.000000000000000000, 1.381282807458380114E-16, 0.0000000000000000000 ) ) ;
#2120 = CARTESIAN_POINT ( 'NONE',  ( -3.250000000000000444, 2.200000000000000178, 0.6750000000000000444 ) ) ;
#2121 = FILL_AREA_STYLE_COLOUR ( '', #443 ) ;
#2122 = LINE ( 'NONE', #1364, #157 ) ;
#2123 = SURFACE_SIDE_STYLE ('',( #1382 ) ) ;
#2124 = PRESENTATION_STYLE_ASSIGNMENT (( #1383 ) ) ;
#2125 = EDGE_CURVE ( 'NONE', #1184, #709, #1378, .T. ) ;
#2126 = DIRECTION ( 'NONE',  ( 1.000000000000000000, 1.281026566875180017E-16, -0.0000000000000000000 ) ) ;
#2127 = MANIFOLD_SOLID_BREP ( 'Imported1', #2094 ) ;
#2128 = ADVANCED_BREP_SHAPE_REPRESENTATION ( '', ( #2127, #675 ), #747 ) ;
#2129 = ORIENTED_EDGE ( 'NONE', *, *, #698, .T. ) ;
#2130 = CARTESIAN_POINT ( 'NONE',  ( 0.5999999999999999778, -2.306680960442910155, -2.925000000000000266 ) ) ;
#2131 = DIRECTION ( 'NONE',  ( -1.000000000000000000, -0.0000000000000000000, -0.0000000000000000000 ) ) ;
#2132 = CONTEXT_DEPENDENT_SHAPE_REPRESENTATION ( #284, #36 ) ;
#2133 = PRESENTATION_STYLE_ASSIGNMENT (( #673 ) ) ;
#2134 = CLOSED_SHELL ( 'NONE', ( #277, #973, #2091, #915, #1904, #2369, #1408, #1363, #1016, #291, #2293, #985, #1025, #1645, #1349, #209, #1519 ) ) ;
#2135 = EDGE_LOOP ( 'NONE', ( #989, #196, #1943, #1810 ) ) ;
#2136 = VECTOR ( 'NONE', #2264, 1000.000000000000000 ) ;
#2137 = EDGE_CURVE ( 'NONE', #1076, #1271, #301, .T. ) ;
#2138 = VECTOR ( 'NONE', #310, 1000.000000000000000 ) ;
#2139 = VERTEX_POINT ( 'NONE', #1066 ) ;
#2140 = LINE ( 'NONE', #515, #1633 ) ;
#2141 = VECTOR ( 'NONE', #1823, 1000.000000000000000 ) ;
#2142 = UNCERTAINTY_MEASURE_WITH_UNIT (LENGTH_MEASURE( 1.000000000000000082E-05 ), #1307, 'distance_accuracy_value', 'NONE');
#2143 = EDGE_CURVE ( 'NONE', #2139, #78, #817, .T. ) ;
#2144 = PRESENTATION_LAYER_ASSIGNMENT (  '', '', ( #511 ) ) ;
#2145 = VECTOR ( 'NONE', #1510, 1000.000000000000000 ) ;
#2146 = DIRECTION ( 'NONE',  ( 0.0000000000000000000, -0.0000000000000000000, 1.000000000000000000 ) ) ;
#2147 = STYLED_ITEM ( 'NONE', ( #598 ), #1025 ) ;
#2148 = FILL_AREA_STYLE_COLOUR ( '', #2271 ) ;
#2149 = CARTESIAN_POINT ( 'NONE',  ( 0.5250000000000000222, -2.306680960442910155, -2.799999999999999822 ) ) ;
#2150 = STYLED_ITEM ( 'NONE', ( #498 ), #1855 ) ;
#2151 = AXIS2_PLACEMENT_3D ( 'NONE', #1617, #371, #1807 ) ;
#2152 = VERTEX_POINT ( 'NONE', #1729 ) ;
#2153 = CARTESIAN_POINT ( 'NONE',  ( 3.250000000000000444, -2.200000000000000178, 0.6750000000000000444 ) ) ;
#2154 = CARTESIAN_POINT ( 'NONE',  ( 2.589999999999999858, 1.064999999999999947, 1.199999999999999956 ) ) ;
#2155 = VECTOR ( 'NONE', #1685, 1000.000000000000000 ) ;
#2156 = FACE_OUTER_BOUND ( 'NONE', #1772, .T. ) ;
#2157 = AXIS2_PLACEMENT_3D ( 'NONE', #151, #1021, #508 ) ;
#2158 = DIRECTION ( 'NONE',  ( -1.000000000000000000, 0.0000000000000000000, -0.0000000000000000000 ) ) ;
#2159 = ORIENTED_EDGE ( 'NONE', *, *, #2313, .F. ) ;
#2160 = FILL_AREA_STYLE ('',( #858 ) ) ;
#2161 = EDGE_CURVE ( 'NONE', #1762, #767, #1590, .T. ) ;
#2162 = DIRECTION ( 'NONE',  ( -1.000000000000000000, 0.0000000000000000000, 0.0000000000000000000 ) ) ;
#2163 =( GEOMETRIC_REPRESENTATION_CONTEXT ( 3 ) GLOBAL_UNCERTAINTY_ASSIGNED_CONTEXT ( ( #247 ) ) GLOBAL_UNIT_ASSIGNED_CONTEXT ( ( #393, #1083, #1789 ) ) REPRESENTATION_CONTEXT ( 'NONE', 'WORKASPACE' ) );
#2164 =( NAMED_UNIT ( * ) PLANE_ANGLE_UNIT ( ) SI_UNIT ( $, .RADIAN. ) );
#2165 = ORIENTED_EDGE ( 'NONE', *, *, #262, .T. ) ;
#2166 =( GEOMETRIC_REPRESENTATION_CONTEXT ( 3 ) GLOBAL_UNCERTAINTY_ASSIGNED_CONTEXT ( ( #1371 ) ) GLOBAL_UNIT_ASSIGNED_CONTEXT ( ( #1610, #1436, #181 ) ) REPRESENTATION_CONTEXT ( 'NONE', 'WORKASPACE' ) );
#2167 = DIRECTION ( 'NONE',  ( -1.000000000000000000, -0.0000000000000000000, 0.0000000000000000000 ) ) ;
#2168 = DIRECTION ( 'NONE',  ( 0.0000000000000000000, 1.000000000000000000, 0.0000000000000000000 ) ) ;
#2169 = ORIENTED_EDGE ( 'NONE', *, *, #611, .T. ) ;
#2170 = PRESENTATION_STYLE_ASSIGNMENT (( #527 ) ) ;
#2171 = CARTESIAN_POINT ( 'NONE',  ( 5.551115123125779744E-16, -8.326672684688670109E-16, 0.1499999999999999944 ) ) ;
#2172 = CYLINDRICAL_SURFACE ( 'NONE', #2347, 0.3300000000000000155 ) ;
#2173 = FILL_AREA_STYLE ('',( #2199 ) ) ;
#2174 = PRODUCT_DEFINITION ( 'UNKNOWN', '', #2246, #1967 ) ;
#2175 = ORIENTED_EDGE ( 'NONE', *, *, #2032, .F. ) ;
#2176 = SHAPE_REPRESENTATION_RELATIONSHIP ( 'NONE' , 'NONE' ,  #617, #1453 ) ;
#2177 =( NAMED_UNIT ( * ) PLANE_ANGLE_UNIT ( ) SI_UNIT ( $, .RADIAN. ) );
#2178 = ORIENTED_EDGE ( 'NONE', *, *, #1809, .T. ) ;
#2179 = FACE_OUTER_BOUND ( 'NONE', #1651, .T. ) ;
#2180 = VECTOR ( 'NONE', #832, 1000.000000000000000 ) ;
#2181 = CARTESIAN_POINT ( 'NONE',  ( -3.149999999999999911, -2.100000000000000089, 0.1499999999999999112 ) ) ;
#2182 = FILL_AREA_STYLE ('',( #1443 ) ) ;
#2183 =( NAMED_UNIT ( * ) SI_UNIT ( $, .STERADIAN. ) SOLID_ANGLE_UNIT ( ) );
#2184 = DIRECTION ( 'NONE',  ( -1.253548271578020486E-16, 0.9785497849867490494, 0.2060104810498420147 ) ) ;
#2185 = ORIENTED_EDGE ( 'NONE', *, *, #1708, .T. ) ;
#2186 = VECTOR ( 'NONE', #2038, 1000.000000000000000 ) ;
#2187 = PRESENTATION_LAYER_ASSIGNMENT (  '', '', ( #995 ) ) ;
#2188 =( NAMED_UNIT ( * ) SI_UNIT ( $, .STERADIAN. ) SOLID_ANGLE_UNIT ( ) );
#2189 = VECTOR ( 'NONE', #870, 1000.000000000000000 ) ;
#2190 = PRESENTATION_STYLE_ASSIGNMENT (( #727 ) ) ;
#2191 = COLOUR_RGB ( '',0.7490196078431372584, 0.7490196078431372584, 0.7490196078431372584 ) ;
#2192 =( NAMED_UNIT ( * ) SI_UNIT ( $, .STERADIAN. ) SOLID_ANGLE_UNIT ( ) );
#2193 = SURFACE_STYLE_USAGE ( .BOTH. , #2043 ) ;
#2194 = STYLED_ITEM ( 'NONE', ( #899 ), #1904 ) ;
#2195 = ORIENTED_EDGE ( 'NONE', *, *, #1600, .T. ) ;
#2196 = CARTESIAN_POINT ( 'NONE',  ( 3.200000000000000178, -1.100000000000000089, 0.3875000000000000666 ) ) ;
#2197 = SURFACE_SIDE_STYLE ('',( #550 ) ) ;
#2198 = FACE_OUTER_BOUND ( 'NONE', #2077, .T. ) ;
#2199 = FILL_AREA_STYLE_COLOUR ( '', #2079 ) ;
#2200 = VERTEX_POINT ( 'NONE', #1554 ) ;
#2201 = AXIS2_PLACEMENT_3D ( 'NONE', #1650, #2184, #1986 ) ;
#2202 = DIRECTION ( 'NONE',  ( 0.0000000000000000000, 0.0000000000000000000, -1.000000000000000000 ) ) ;
#2203 = PRODUCT_DEFINITION_FORMATION_WITH_SPECIFIED_SOURCE ( 'ANY', '', #2252, .NOT_KNOWN. ) ;
#2204 =( LENGTH_UNIT ( ) NAMED_UNIT ( * ) SI_UNIT ( .MILLI., .METRE. ) );
#2205 = DIRECTION ( 'NONE',  ( 0.0000000000000000000, 1.000000000000000000, 0.0000000000000000000 ) ) ;
#2206 = CARTESIAN_POINT ( 'NONE',  ( 0.1111771432346219945, -2.495210174253479796, -2.799999999999999822 ) ) ;
#2207 = EDGE_CURVE ( 'NONE', #1403, #1844, #2312, .T. ) ;
#2208 = VERTEX_POINT ( 'NONE', #862 ) ;
#2209 =( REPRESENTATION_RELATIONSHIP ('NONE','NONE', #124, #1193 ) REPRESENTATION_RELATIONSHIP_WITH_TRANSFORMATION ( #1879 )SHAPE_REPRESENTATION_RELATIONSHIP( ) );
#2210 = PRODUCT_DEFINITION_SHAPE ( 'NONE', 'NONE',  #2391 ) ;
#2211 = SURFACE_STYLE_FILL_AREA ( #1321 ) ;
#2212 = DIRECTION ( 'NONE',  ( 0.0000000000000000000, 1.000000000000000000, 0.0000000000000000000 ) ) ;
#2213 = EDGE_LOOP ( 'NONE', ( #546, #1116, #1299, #1194 ) ) ;
#2214 = DIRECTION ( 'NONE',  ( 0.0000000000000000000, 0.0000000000000000000, 1.000000000000000000 ) ) ;
#2215 = CARTESIAN_POINT ( 'NONE',  ( 3.250000000000000444, 2.199999999999999734, 0.6250000000000001110 ) ) ;
#2216 = ORIENTED_EDGE ( 'NONE', *, *, #349, .T. ) ;
#2217 = EDGE_CURVE ( 'NONE', #1636, #1356, #1208, .T. ) ;
#2218 = SURFACE_STYLE_USAGE ( .BOTH. , #912 ) ;
#2219 = DIRECTION ( 'NONE',  ( 0.2017733089221295517, -0.2017733089221278031, 0.9584232173801042753 ) ) ;
#2220 = VECTOR ( 'NONE', #2074, 1000.000000000000000 ) ;
#2221 = EDGE_CURVE ( 'NONE', #1488, #1445, #286, .T. ) ;
#2222 = CARTESIAN_POINT ( 'NONE',  ( 0.2250000000000000333, -2.697648572295269886, -2.799999999999999822 ) ) ;
#2223 = ORIENTED_EDGE ( 'NONE', *, *, #2137, .F. ) ;
#2224 = FILL_AREA_STYLE_COLOUR ( '', #200 ) ;
#2225 = DIRECTION ( 'NONE',  ( 1.000000000000000000, -0.0000000000000000000, 0.0000000000000000000 ) ) ;
#2226 = DIRECTION ( 'NONE',  ( 0.0000000000000000000, 0.0000000000000000000, 1.000000000000000000 ) ) ;
#2227 = COLOUR_RGB ( '',0.7490196078431372584, 0.7490196078431372584, 0.7490196078431372584 ) ;
#2228 = VECTOR ( 'NONE', #1831, 1000.000000000000000 ) ;
#2229 =( LENGTH_UNIT ( ) NAMED_UNIT ( * ) SI_UNIT ( .MILLI., .METRE. ) );
#2230 = DIRECTION ( 'NONE',  ( -0.0000000000000000000, -0.0000000000000000000, -1.000000000000000000 ) ) ;
#2231 = MECHANICAL_DESIGN_GEOMETRIC_PRESENTATION_REPRESENTATION (  '', ( #587 ), #435 ) ;
#2232 = PRESENTATION_LAYER_ASSIGNMENT (  '', '', ( #889 ) ) ;
#2233 = DIRECTION ( 'NONE',  ( -0.9659258262890687563, -0.2588190451025189631, -0.0000000000000000000 ) ) ;
#2234 =( GEOMETRIC_REPRESENTATION_CONTEXT ( 3 ) GLOBAL_UNCERTAINTY_ASSIGNED_CONTEXT ( ( #74 ) ) GLOBAL_UNIT_ASSIGNED_CONTEXT ( ( #1982, #2177, #1783 ) ) REPRESENTATION_CONTEXT ( 'NONE', 'WORKASPACE' ) );
#2235 =( GEOMETRIC_REPRESENTATION_CONTEXT ( 3 ) GLOBAL_UNCERTAINTY_ASSIGNED_CONTEXT ( ( #795 ) ) GLOBAL_UNIT_ASSIGNED_CONTEXT ( ( #1350, #1576, #2295 ) ) REPRESENTATION_CONTEXT ( 'NONE', 'WORKASPACE' ) );
#2236 = ORIENTED_EDGE ( 'NONE', *, *, #1616, .T. ) ;
#2237 = PRESENTATION_LAYER_ASSIGNMENT (  '', '', ( #2194 ) ) ;
#2238 = DIRECTION ( 'NONE',  ( 0.0000000000000000000, 0.0000000000000000000, 1.000000000000000000 ) ) ;
#2239 = UNCERTAINTY_MEASURE_WITH_UNIT (LENGTH_MEASURE( 1.000000000000000082E-05 ), #1143, 'distance_accuracy_value', 'NONE');
#2240 = EDGE_CURVE ( 'NONE', #91, #1584, #778, .T. ) ;
#2241 = ORIENTED_EDGE ( 'NONE', *, *, #1191, .F. ) ;
#2242 =( NAMED_UNIT ( * ) SI_UNIT ( $, .STERADIAN. ) SOLID_ANGLE_UNIT ( ) );
#2243 =( NAMED_UNIT ( * ) PLANE_ANGLE_UNIT ( ) SI_UNIT ( $, .RADIAN. ) );
#2244 = PRESENTATION_LAYER_ASSIGNMENT (  '', '', ( #1524 ) ) ;
#2245 = FILL_AREA_STYLE ('',( #242 ) ) ;
#2246 = PRODUCT_DEFINITION_FORMATION_WITH_SPECIFIED_SOURCE ( 'ANY', '', #1880, .NOT_KNOWN. ) ;
#2247 = EDGE_LOOP ( 'NONE', ( #687, #1236 ) ) ;
#2248 = SURFACE_SIDE_STYLE ('',( #454 ) ) ;
#2249 = DIRECTION ( 'NONE',  ( 1.000000000000000000, 1.226659391623182641E-16, -2.582440824469859635E-17 ) ) ;
#2250 = DIRECTION ( 'NONE',  ( -0.0000000000000000000, 0.0000000000000000000, -1.000000000000000000 ) ) ;
#2251 = VERTEX_POINT ( 'NONE', #757 ) ;
#2252 = PRODUCT ( '_X2_041A043E0440043F04430441_X0_', '_X2_041A043E0440043F04430441_X0_', '', ( #73 ) ) ;
#2253 = PLANE ( 'NONE',  #1893 ) ;
#2254 = DIRECTION ( 'NONE',  ( 1.000000000000000000, 2.989061989375420203E-16, 0.0000000000000000000 ) ) ;
#2255 = EDGE_CURVE ( 'NONE', #2362, #916, #1626, .T. ) ;
#2256 = CARTESIAN_POINT ( 'NONE',  ( 2.919999999999999929, 1.064999999999999947, 1.000000000000000000 ) ) ;
#2257 = FILL_AREA_STYLE ('',( #953 ) ) ;
#2258 = ORIENTED_EDGE ( 'NONE', *, *, #2137, .T. ) ;
#2259 =( LENGTH_UNIT ( ) NAMED_UNIT ( * ) SI_UNIT ( .MILLI., .METRE. ) );
#2260 = PRESENTATION_STYLE_ASSIGNMENT (( #428 ) ) ;
#2261 = STYLED_ITEM ( 'NONE', ( #1469 ), #209 ) ;
#2262 = EDGE_LOOP ( 'NONE', ( #629, #1544, #1337, #144 ) ) ;
#2263 = DIRECTION ( 'NONE',  ( 0.0000000000000000000, 1.000000000000000000, 0.0000000000000000000 ) ) ;
#2264 = DIRECTION ( 'NONE',  ( -0.0000000000000000000, -0.0000000000000000000, -1.000000000000000000 ) ) ;
#2265 = VECTOR ( 'NONE', #604, 1000.000000000000114 ) ;
#2266 = SURFACE_SIDE_STYLE ('',( #1864 ) ) ;
#2267 = LINE ( 'NONE', #1518, #625 ) ;
#2268 = PRESENTATION_LAYER_ASSIGNMENT (  '', '', ( #965 ) ) ;
#2269 = EDGE_CURVE ( 'NONE', #145, #1994, #745, .T. ) ;
#2270 = ORIENTED_EDGE ( 'NONE', *, *, #183, .T. ) ;
#2271 = COLOUR_RGB ( '',0.7490196078431372584, 0.7490196078431372584, 0.7490196078431372584 ) ;
#2272 = VECTOR ( 'NONE', #2102, 1000.000000000000000 ) ;
#2273 = VECTOR ( 'NONE', #2374, 999.9999999999997726 ) ;
#2274 = AXIS2_PLACEMENT_3D ( 'NONE', #800, #774, #1484 ) ;
#2275 = FACE_OUTER_BOUND ( 'NONE', #1061, .T. ) ;
#2276 = STYLED_ITEM ( 'NONE', ( #2133 ), #1235 ) ;
#2277 = SURFACE_SIDE_STYLE ('',( #770 ) ) ;
#2278 = PLANE ( 'NONE',  #896 ) ;
#2279 = SURFACE_STYLE_USAGE ( .BOTH. , #610 ) ;
#2280 = DIRECTION ( 'NONE',  ( -0.0000000000000000000, -0.0000000000000000000, -1.000000000000000000 ) ) ;
#2281 = ORIENTED_EDGE ( 'NONE', *, *, #686, .F. ) ;
#2282 = EDGE_CURVE ( 'NONE', #2152, #663, #748, .T. ) ;
#2283 = CARTESIAN_POINT ( 'NONE',  ( 2.589999999999999858, 1.064999999999999947, 1.000000000000000000 ) ) ;
#2284 = DIRECTION ( 'NONE',  ( 1.000000000000000000, 0.0000000000000000000, -0.0000000000000000000 ) ) ;
#2285 =( NAMED_UNIT ( * ) SI_UNIT ( $, .STERADIAN. ) SOLID_ANGLE_UNIT ( ) );
#2286 = LINE ( 'NONE', #1028, #696 ) ;
#2287 = PRESENTATION_STYLE_ASSIGNMENT (( #1490 ) ) ;
#2288 = SURFACE_STYLE_USAGE ( .BOTH. , #2298 ) ;
#2289 = CARTESIAN_POINT ( 'NONE',  ( 3.899999999999999911, 0.0000000000000000000, 0.0000000000000000000 ) ) ;
#2290 = VERTEX_POINT ( 'NONE', #1115 ) ;
#2291 = EDGE_CURVE ( 'NONE', #1203, #342, #383, .T. ) ;
#2292 = DIRECTION ( 'NONE',  ( 1.000000000000000000, 0.0000000000000000000, 0.0000000000000000000 ) ) ;
#2293 = ADVANCED_FACE ( 'NONE', ( #930 ), #1420, .T. ) ;
#2294 = CARTESIAN_POINT ( 'NONE',  ( -3.250000000000000444, -2.200000000000000178, 0.6750000000000000444 ) ) ;
#2295 =( NAMED_UNIT ( * ) SI_UNIT ( $, .STERADIAN. ) SOLID_ANGLE_UNIT ( ) );
#2296 = CARTESIAN_POINT ( 'NONE',  ( 2.259999999999999787, 1.064999999999999947, 1.199999999999999956 ) ) ;
#2297 = CARTESIAN_POINT ( 'NONE',  ( 0.2055885716173108391, 2.625204135323589316, -2.925000000000000266 ) ) ;
#2298 = SURFACE_SIDE_STYLE ('',( #822 ) ) ;
#2299 = CARTESIAN_POINT ( 'NONE',  ( 0.5250000000000000222, 2.306680960442910155, -2.925000000000000266 ) ) ;
#2300 = DIRECTION ( 'NONE',  ( 1.000000000000000000, 0.0000000000000000000, 0.0000000000000000000 ) ) ;
#2301 = VECTOR ( 'NONE', #109, 1000.000000000000114 ) ;
#2302 = SURFACE_STYLE_USAGE ( .BOTH. , #1355 ) ;
#2303 = STYLED_ITEM ( 'NONE', ( #519 ), #503 ) ;
#2304 = ORIENTED_EDGE ( 'NONE', *, *, #1461, .F. ) ;
#2305 = CARTESIAN_POINT ( 'NONE',  ( 0.7500000000000000000, 2.100000000000000089, -3.049999999999999822 ) ) ;
#2306 = VECTOR ( 'NONE', #1622, 1000.000000000000000 ) ;
#2307 = DIRECTION ( 'NONE',  ( 1.208073643265255239E-16, -1.000000000000000000, 2.543312933190012684E-17 ) ) ;
#2308 = STYLED_ITEM ( 'NONE', ( #153 ), #985 ) ;
#2309 = PRESENTATION_LAYER_ASSIGNMENT (  '', '', ( #771 ) ) ;
#2310 = PLANE ( 'NONE',  #1071 ) ;
#2311 = CARTESIAN_POINT ( 'NONE',  ( 3.250000000000000444, 2.200000000000000178, 0.6750000000000000444 ) ) ;
#2312 = LINE ( 'NONE', #1744, #401 ) ;
#2313 = EDGE_CURVE ( 'NONE', #78, #1125, #372, .T. ) ;
#2314 = UNCERTAINTY_MEASURE_WITH_UNIT (LENGTH_MEASURE( 1.000000000000000082E-05 ), #2345, 'distance_accuracy_value', 'NONE');
#2315 = CONTEXT_DEPENDENT_SHAPE_REPRESENTATION ( #409, #2210 ) ;
#2316 =( LENGTH_UNIT ( ) NAMED_UNIT ( * ) SI_UNIT ( .MILLI., .METRE. ) );
#2317 = ORIENTED_EDGE ( 'NONE', *, *, #367, .T. ) ;
#2318 = UNCERTAINTY_MEASURE_WITH_UNIT (LENGTH_MEASURE( 1.000000000000000082E-05 ), #2348, 'distance_accuracy_value', 'NONE');
#2319 = VERTEX_POINT ( 'NONE', #195 ) ;
#2320 = PRESENTATION_LAYER_ASSIGNMENT (  '', '', ( #1450 ) ) ;
#2321 = AXIS2_PLACEMENT_3D ( 'NONE', #386, #1814, #955 ) ;
#2322 = CARTESIAN_POINT ( 'NONE',  ( 0.6000000000000000888, -2.100000000000000089, -2.925000000000000266 ) ) ;
#2323 = DIRECTION ( 'NONE',  ( 0.0000000000000000000, 0.0000000000000000000, 1.000000000000000000 ) ) ;
#2324 =( NAMED_UNIT ( * ) SI_UNIT ( $, .STERADIAN. ) SOLID_ANGLE_UNIT ( ) );
#2325 = CARTESIAN_POINT ( 'NONE',  ( -3.149999999999999911, -2.100000000000000089, 1.199999999999999956 ) ) ;
#2326 = ADVANCED_FACE ( 'NONE', ( #270 ), #1221, .T. ) ;
#2327 = SURFACE_SIDE_STYLE ('',( #1237 ) ) ;
#2328 = ORIENTED_EDGE ( 'NONE', *, *, #1120, .T. ) ;
#2329 = ORIENTED_EDGE ( 'NONE', *, *, #2357, .T. ) ;
#2330 = SURFACE_STYLE_FILL_AREA ( #159 ) ;
#2331 = CARTESIAN_POINT ( 'NONE',  ( 0.0000000000000000000, -2.640099048196850262, -2.799999999999999822 ) ) ;
#2332 = SURFACE_SIDE_STYLE ('',( #494 ) ) ;
#2333 = EDGE_LOOP ( 'NONE', ( #1258, #802, #882, #2317 ) ) ;
#2334 =( NAMED_UNIT ( * ) SI_UNIT ( $, .STERADIAN. ) SOLID_ANGLE_UNIT ( ) );
#2335 = DIRECTION ( 'NONE',  ( -0.9785497849867490494, 0.0000000000000000000, 0.2060104810498420147 ) ) ;
#2336 = UNCERTAINTY_MEASURE_WITH_UNIT (LENGTH_MEASURE( 1.000000000000000082E-05 ), #938, 'distance_accuracy_value', 'NONE');
#2337 = SURFACE_STYLE_USAGE ( .BOTH. , #541 ) ;
#2338 = CARTESIAN_POINT ( 'NONE',  ( 0.5444114283826883005, -2.379125397414590282, -3.049999999999999822 ) ) ;
#2339 = UNCERTAINTY_MEASURE_WITH_UNIT (LENGTH_MEASURE( 1.000000000000000082E-05 ), #2112, 'distance_accuracy_value', 'NONE');
#2340 = EDGE_CURVE ( 'NONE', #477, #1356, #1988, .T. ) ;
#2341 = VERTEX_POINT ( 'NONE', #1547 ) ;
#2342 = LINE ( 'NONE', #1298, #118 ) ;
#2343 = UNCERTAINTY_MEASURE_WITH_UNIT (LENGTH_MEASURE( 1.000000000000000082E-05 ), #54, 'distance_accuracy_value', 'NONE');
#2344 = CIRCLE ( 'NONE', #1361, 0.3300000000000000155 ) ;
#2345 =( LENGTH_UNIT ( ) NAMED_UNIT ( * ) SI_UNIT ( .MILLI., .METRE. ) );
#2346 = CARTESIAN_POINT ( 'NONE',  ( 0.1499999999999999944, -3.200000000000000178, -2.799999999999999822 ) ) ;
#2347 = AXIS2_PLACEMENT_3D ( 'NONE', #1256, #1985, #1625 ) ;
#2348 =( LENGTH_UNIT ( ) NAMED_UNIT ( * ) SI_UNIT ( .MILLI., .METRE. ) );
#2349 = DIRECTION ( 'NONE',  ( -0.0000000000000000000, 0.0000000000000000000, 1.000000000000000000 ) ) ;
#2350 = AXIS2_PLACEMENT_3D ( 'NONE', #831, #1537, #296 ) ;
#2351 = EDGE_LOOP ( 'NONE', ( #1201, #1724, #1305, #2022 ) ) ;
#2352 = MECHANICAL_DESIGN_GEOMETRIC_PRESENTATION_REPRESENTATION (  '', ( #1004 ), #1370 ) ;
#2353 = FILL_AREA_STYLE_COLOUR ( '', #1100 ) ;
#2354 = PRESENTATION_LAYER_ASSIGNMENT (  '', '', ( #1041 ) ) ;
#2355 = ORIENTED_EDGE ( 'NONE', *, *, #337, .T. ) ;
#2356 =( LENGTH_UNIT ( ) NAMED_UNIT ( * ) SI_UNIT ( .MILLI., .METRE. ) );
#2357 = EDGE_CURVE ( 'NONE', #1942, #1636, #565, .T. ) ;
#2358 = UNCERTAINTY_MEASURE_WITH_UNIT (LENGTH_MEASURE( 1.000000000000000082E-05 ), #1602, 'distance_accuracy_value', 'NONE');
#2359 = VECTOR ( 'NONE', #2212, 1000.000000000000000 ) ;
#2360 = AXIS2_PLACEMENT_3D ( 'NONE', #1532, #437, #1850 ) ;
#2361 = DIRECTION ( 'NONE',  ( -1.253548271578020486E-16, 0.9785497849867490494, -0.2060104810498420147 ) ) ;
#2362 = VERTEX_POINT ( 'NONE', #649 ) ;
#2363 = SURFACE_STYLE_FILL_AREA ( #1607 ) ;
#2364 = CARTESIAN_POINT ( 'NONE',  ( 3.200000000000000178, -1.100000000000000089, 0.9625000000000000222 ) ) ;
#2365 = VERTEX_POINT ( 'NONE', #1410 ) ;
#2366 = DIRECTION ( 'NONE',  ( 0.0000000000000000000, 0.0000000000000000000, 1.000000000000000000 ) ) ;
#2367 = LINE ( 'NONE', #2346, #555 ) ;
#2368 = SURFACE_STYLE_FILL_AREA ( #904 ) ;
#2369 = ADVANCED_FACE ( 'NONE', ( #1204 ), #1921, .T. ) ;
#2370 = ORIENTED_EDGE ( 'NONE', *, *, #458, .F. ) ;
#2371 = DIRECTION ( 'NONE',  ( 1.000000000000000000, 0.0000000000000000000, 0.0000000000000000000 ) ) ;
#2372 = PRESENTATION_STYLE_ASSIGNMENT (( #1086 ) ) ;
#2373 = CARTESIAN_POINT ( 'NONE',  ( 1.949999999999999956, 0.0000000000000000000, 0.0000000000000000000 ) ) ;
#2374 = DIRECTION ( 'NONE',  ( 0.9659258262890733082, -0.2588190451025021432, 0.0000000000000000000 ) ) ;
#2375 = MECHANICAL_DESIGN_GEOMETRIC_PRESENTATION_REPRESENTATION (  '', ( #1468 ), #1693 ) ;
#2376 = ORIENTED_EDGE ( 'NONE', *, *, #1069, .F. ) ;
#2377 = VECTOR ( 'NONE', #542, 1000.000000000000114 ) ;
#2378 = APPLICATION_CONTEXT ( 'automotive_design' ) ;
#2379 = AXIS2_PLACEMENT_3D ( 'NONE', #1151, #597, #231 ) ;
#2380 = ORIENTED_EDGE ( 'NONE', *, *, #863, .F. ) ;
#2381 = NEXT_ASSEMBLY_USAGE_OCCURRENCE ( 'NAUO1', ' ', ' ', #2174, #1666, $ ) ;
#2382 = NEXT_ASSEMBLY_USAGE_OCCURRENCE ( 'NAUO2', ' ', ' ', #2174, #2109, $ ) ;
#2383 = NEXT_ASSEMBLY_USAGE_OCCURRENCE ( 'NAUO3', ' ', ' ', #2174, #594, $ ) ;
#2384 = NEXT_ASSEMBLY_USAGE_OCCURRENCE ( 'NAUO4', ' ', ' ', #2174, #594, $ ) ;
#2385 = NEXT_ASSEMBLY_USAGE_OCCURRENCE ( 'NAUO5', ' ', ' ', #2174, #594, $ ) ;
#2386 = NEXT_ASSEMBLY_USAGE_OCCURRENCE ( 'NAUO6', ' ', ' ', #2174, #594, $ ) ;
#2387 = NEXT_ASSEMBLY_USAGE_OCCURRENCE ( 'NAUO7', ' ', ' ', #2174, #594, $ ) ;
#2388 = NEXT_ASSEMBLY_USAGE_OCCURRENCE ( 'NAUO8', ' ', ' ', #2174, #594, $ ) ;
#2389 = NEXT_ASSEMBLY_USAGE_OCCURRENCE ( 'NAUO9', ' ', ' ', #2174, #594, $ ) ;
#2390 = NEXT_ASSEMBLY_USAGE_OCCURRENCE ( 'NAUO10', ' ', ' ', #2174, #594, $ ) ;
#2391 = NEXT_ASSEMBLY_USAGE_OCCURRENCE ( 'NAUO11', ' ', ' ', #2174, #594, $ ) ;
#2392 = NEXT_ASSEMBLY_USAGE_OCCURRENCE ( 'NAUO12', ' ', ' ', #2174, #594, $ ) ;
ENDSEC;
END-ISO-10303-21;
