ISO-10303-21;
HEADER;
FILE_DESCRIPTION (( 'STEP AP214' ),
    '1' );
FILE_NAME ('75E822A9-24D3-4482-AE9A-000830EB7141.STEP',
    '2025-02-08T07:32:55',
    ( '' ),
    ( '' ),
    'SwSTEP 2.0',
    'SolidWorks 2022',
    '' );
FILE_SCHEMA (( 'AUTOMOTIVE_DESIGN' ));
ENDSEC;

DATA;
#1 = ORIENTED_EDGE ( 'NONE', *, *, #1300, .F. ) ;
#2 = ORIENTED_EDGE ( 'NONE', *, *, #3060, .F. ) ;
#3 = AXIS2_PLACEMENT_3D ( 'NONE', #136, #907, #2414 ) ;
#4 = VERTEX_POINT ( 'NONE', #1285 ) ;
#5 = ADVANCED_FACE ( 'NONE', ( #514 ), #2063, .F. ) ;
#6 = ORIENTED_EDGE ( 'NONE', *, *, #3623, .T. ) ;
#7 = EDGE_CURVE ( 'NONE', #44, #568, #567, .T. ) ;
#8 = CARTESIAN_POINT ( 'NONE',  ( -1.550000000000000266, 0.2500000000000000000, 0.9000000000000001332 ) ) ;
#9 = LINE ( 'NONE', #1178, #3334 ) ;
#10 = DIRECTION ( 'NONE',  ( -1.000000000000000000, -0.0000000000000000000, 0.0000000000000000000 ) ) ;
#11 = EDGE_CURVE ( 'NONE', #4924, #1493, #3679, .T. ) ;
#12 = VERTEX_POINT ( 'NONE', #588 ) ;
#13 = CARTESIAN_POINT ( 'NONE',  ( -0.9000000000000001332, 0.2500000000000000000, -1.500000000000000000 ) ) ;
#14 = DIRECTION ( 'NONE',  ( -1.000000000000000000, -0.0000000000000000000, 0.0000000000000000000 ) ) ;
#15 = LINE ( 'NONE', #1118, #4874 ) ;
#16 = CARTESIAN_POINT ( 'NONE',  ( 1.550000000000000266, 0.2500000000000000000, 0.1000000000000000056 ) ) ;
#17 = UNCERTAINTY_MEASURE_WITH_UNIT (LENGTH_MEASURE( 1.000000000000000082E-05 ), #666, 'distance_accuracy_value', 'NONE');
#18 = DIRECTION ( 'NONE',  ( -1.000000000000000000, 0.0000000000000000000, 0.0000000000000000000 ) ) ;
#19 = ORIENTED_EDGE ( 'NONE', *, *, #2482, .T. ) ;
#20 = ORIENTED_EDGE ( 'NONE', *, *, #2988, .T. ) ;
#21 = CARTESIAN_POINT ( 'NONE',  ( -0.9759200297362975451, 0.5500000000000000444, 1.099454377607316014 ) ) ;
#22 = LINE ( 'NONE', #2691, #2049 ) ;
#23 = EDGE_CURVE ( 'NONE', #3057, #3021, #3727, .T. ) ;
#24 = VERTEX_POINT ( 'NONE', #1353 ) ;
#25 = CARTESIAN_POINT ( 'NONE',  ( -0.1000000000000000056, 0.2500000000000000000, -1.550000000000000266 ) ) ;
#26 = DIRECTION ( 'NONE',  ( -0.0000000000000000000, -1.000000000000000000, -0.0000000000000000000 ) ) ;
#27 = EDGE_CURVE ( 'NONE', #3458, #114, #639, .T. ) ;
#28 = DIRECTION ( 'NONE',  ( -0.0000000000000000000, -0.0000000000000000000, -1.000000000000000000 ) ) ;
#29 = ORIENTED_EDGE ( 'NONE', *, *, #1155, .T. ) ;
#30 = CARTESIAN_POINT ( 'NONE',  ( 0.6999999999999999556, 0.05000000000000000278, 0.0000000000000000000 ) ) ;
#31 = FACE_OUTER_BOUND ( 'NONE', #4478, .T. ) ;
#32 = EDGE_CURVE ( 'NONE', #2969, #3559, #2111, .T. ) ;
#33 = LINE ( 'NONE', #340, #938 ) ;
#34 = VECTOR ( 'NONE', #4892, 1000.000000000000000 ) ;
#35 = LINE ( 'NONE', #1545, #3194 ) ;
#36 = CARTESIAN_POINT ( 'NONE',  ( -1.500000000000000000, 0.04999999999999999584, -0.1000000000000000056 ) ) ;
#37 = ORIENTED_EDGE ( 'NONE', *, *, #3213, .T. ) ;
#38 = FACE_OUTER_BOUND ( 'NONE', #302, .T. ) ;
#39 = EDGE_CURVE ( 'NONE', #1194, #1309, #1013, .T. ) ;
#40 = AXIS2_PLACEMENT_3D ( 'NONE', #4888, #1371, #4084 ) ;
#41 =( NAMED_UNIT ( * ) SI_UNIT ( $, .STERADIAN. ) SOLID_ANGLE_UNIT ( ) );
#42 = PLANE ( 'NONE',  #137 ) ;
#43 = VECTOR ( 'NONE', #4451, 1000.000000000000000 ) ;
#44 = VERTEX_POINT ( 'NONE', #3701 ) ;
#45 = EDGE_LOOP ( 'NONE', ( #4365, #1430, #72, #864 ) ) ;
#46 = CARTESIAN_POINT ( 'NONE',  ( -0.5000000000000000000, 0.0000000000000000000, 1.500000000000000000 ) ) ;
#47 = ORIENTED_EDGE ( 'NONE', *, *, #3867, .T. ) ;
#48 = EDGE_CURVE ( 'NONE', #4701, #3680, #4090, .T. ) ;
#49 = CARTESIAN_POINT ( 'NONE',  ( 0.9000000000000001332, 0.0000000000000000000, 1.050000000000000044 ) ) ;
#50 = AXIS2_PLACEMENT_3D ( 'NONE', #4377, #3595, #3212 ) ;
#51 = LINE ( 'NONE', #4565, #1253 ) ;
#52 = VERTEX_POINT ( 'NONE', #2992 ) ;
#53 = DIRECTION ( 'NONE',  ( -1.000000000000000000, 0.0000000000000000000, 0.0000000000000000000 ) ) ;
#54 = ADVANCED_FACE ( 'NONE', ( #1374 ), #2913, .T. ) ;
#55 = VECTOR ( 'NONE', #3318, 1000.000000000000000 ) ;
#56 = VECTOR ( 'NONE', #1814, 1000.000000000000000 ) ;
#57 = CARTESIAN_POINT ( 'NONE',  ( 1.550000000000000266, 0.2500000000000000000, 0.1000000000000000056 ) ) ;
#58 = EDGE_CURVE ( 'NONE', #2114, #4713, #3655, .T. ) ;
#59 = CARTESIAN_POINT ( 'NONE',  ( 0.0000000000000000000, 0.2500000000000000000, 0.5000000000000000000 ) ) ;
#60 = VECTOR ( 'NONE', #1667, 1000.000000000000000 ) ;
#61 = LINE ( 'NONE', #3045, #299 ) ;
#62 = FACE_OUTER_BOUND ( 'NONE', #3378, .T. ) ;
#63 = ADVANCED_FACE ( 'NONE', ( #4865 ), #1839, .F. ) ;
#64 = DIRECTION ( 'NONE',  ( -0.0000000000000000000, -0.0000000000000000000, 1.000000000000000000 ) ) ;
#65 = STYLED_ITEM ( 'NONE', ( #4756 ), #2709 ) ;
#66 = DIRECTION ( 'NONE',  ( -1.000000000000000000, 0.0000000000000000000, -0.0000000000000000000 ) ) ;
#67 = CARTESIAN_POINT ( 'NONE',  ( 0.6999999999999999556, 0.05000000000000000278, 1.050000000000000044 ) ) ;
#68 = ORIENTED_EDGE ( 'NONE', *, *, #1633, .F. ) ;
#69 = DIRECTION ( 'NONE',  ( 1.000000000000000000, -0.0000000000000000000, 0.0000000000000000000 ) ) ;
#70 = CARTESIAN_POINT ( 'NONE',  ( -1.500000000000000000, 0.04999999999999999584, -0.2999999999999999889 ) ) ;
#71 = CARTESIAN_POINT ( 'NONE',  ( -0.2999999999999999889, 0.2500000000000000000, -1.550000000000000266 ) ) ;
#72 = ORIENTED_EDGE ( 'NONE', *, *, #1424, .F. ) ;
#73 = ORIENTED_EDGE ( 'NONE', *, *, #1192, .F. ) ;
#74 = AXIS2_PLACEMENT_3D ( 'NONE', #4409, #187, #1696 ) ;
#75 = CARTESIAN_POINT ( 'NONE',  ( 0.0000000000000000000, 0.0000000000000000000, 0.1000000000000000056 ) ) ;
#76 = CARTESIAN_POINT ( 'NONE',  ( -0.2999999999999999889, 0.2500000000000000000, 1.550000000000000266 ) ) ;
#77 = ORIENTED_EDGE ( 'NONE', *, *, #4922, .T. ) ;
#78 = PLANE ( 'NONE',  #4500 ) ;
#79 = DIRECTION ( 'NONE',  ( 0.0000000000000000000, -0.0000000000000000000, 1.000000000000000000 ) ) ;
#80 = DIRECTION ( 'NONE',  ( 1.000000000000000000, 0.0000000000000000000, -0.0000000000000000000 ) ) ;
#81 = EDGE_CURVE ( 'NONE', #3817, #3343, #1401, .T. ) ;
#82 = PLANE ( 'NONE',  #1404 ) ;
#83 = VERTEX_POINT ( 'NONE', #4463 ) ;
#84 = DIRECTION ( 'NONE',  ( 0.0000000000000000000, 0.0000000000000000000, 1.000000000000000000 ) ) ;
#85 = DIRECTION ( 'NONE',  ( 0.0000000000000000000, 0.0000000000000000000, 1.000000000000000000 ) ) ;
#86 = EDGE_CURVE ( 'NONE', #329, #1101, #4496, .T. ) ;
#87 = PLANE ( 'NONE',  #2945 ) ;
#88 = EDGE_CURVE ( 'NONE', #2006, #436, #3299, .T. ) ;
#89 = SURFACE_STYLE_FILL_AREA ( #469 ) ;
#90 = EDGE_LOOP ( 'NONE', ( #744, #3141, #1949, #3961 ) ) ;
#91 = ORIENTED_EDGE ( 'NONE', *, *, #2278, .F. ) ;
#92 = DIRECTION ( 'NONE',  ( -1.000000000000000000, 0.0000000000000000000, -0.0000000000000000000 ) ) ;
#93 = CARTESIAN_POINT ( 'NONE',  ( 1.550000000000000266, 0.0000000000000000000, 0.1000000000000000056 ) ) ;
#94 = DIRECTION ( 'NONE',  ( 0.0000000000000000000, -0.0000000000000000000, 1.000000000000000000 ) ) ;
#95 = EDGE_CURVE ( 'NONE', #1309, #2915, #4818, .T. ) ;
#96 = VERTEX_POINT ( 'NONE', #2891 ) ;
#97 = ORIENTED_EDGE ( 'NONE', *, *, #3171, .T. ) ;
#98 =( LENGTH_UNIT ( ) NAMED_UNIT ( * ) SI_UNIT ( .MILLI., .METRE. ) );
#99 = CARTESIAN_POINT ( 'NONE',  ( 1.500000000000000000, 0.05000000000000000278, 0.9000000000000001332 ) ) ;
#100 = ORIENTED_EDGE ( 'NONE', *, *, #4558, .F. ) ;
#101 = CARTESIAN_POINT ( 'NONE',  ( 0.0000000000000000000, 0.2500000000000000000, 0.6999999999999999556 ) ) ;
#102 = ORIENTED_EDGE ( 'NONE', *, *, #968, .T. ) ;
#103 = FILL_AREA_STYLE ('',( #1252 ) ) ;
#104 = LINE ( 'NONE', #879, #597 ) ;
#105 = DIRECTION ( 'NONE',  ( -1.000000000000000000, -0.0000000000000000000, 0.0000000000000000000 ) ) ;
#106 = LINE ( 'NONE', #2005, #3913 ) ;
#107 = ORIENTED_EDGE ( 'NONE', *, *, #623, .T. ) ;
#108 = CARTESIAN_POINT ( 'NONE',  ( -0.2999999999999998224, 0.5999999999999999778, 1.250000000000000222 ) ) ;
#109 = ADVANCED_FACE ( 'NONE', ( #4440 ), #1450, .T. ) ;
#110 = DIRECTION ( 'NONE',  ( -1.000000000000000000, -0.0000000000000000000, 0.0000000000000000000 ) ) ;
#111 = FILL_AREA_STYLE_COLOUR ( '', #4719 ) ;
#112 = CARTESIAN_POINT ( 'NONE',  ( -0.1000000000000000056, 0.2500000000000000000, -1.500000000000000000 ) ) ;
#113 = CARTESIAN_POINT ( 'NONE',  ( 1.550000000000000266, 0.2500000000000000000, 0.9000000000000001332 ) ) ;
#114 = VERTEX_POINT ( 'NONE', #4111 ) ;
#115 = EDGE_CURVE ( 'NONE', #4464, #3797, #288, .T. ) ;
#116 = AXIS2_PLACEMENT_3D ( 'NONE', #1349, #962, #3622 ) ;
#117 = ORIENTED_EDGE ( 'NONE', *, *, #4149, .F. ) ;
#118 = DIRECTION ( 'NONE',  ( 0.0000000000000000000, -0.0000000000000000000, 1.000000000000000000 ) ) ;
#119 = LINE ( 'NONE', #2818, #1091 ) ;
#120 = ADVANCED_FACE ( 'NONE', ( #2498 ), #1429, .F. ) ;
#121 = DIRECTION ( 'NONE',  ( 0.0000000000000000000, -0.0000000000000000000, 1.000000000000000000 ) ) ;
#122 = AXIS2_PLACEMENT_3D ( 'NONE', #1586, #726, #1873 ) ;
#123 = ORIENTED_EDGE ( 'NONE', *, *, #861, .F. ) ;
#124 = ORIENTED_EDGE ( 'NONE', *, *, #3653, .F. ) ;
#125 = FACE_OUTER_BOUND ( 'NONE', #1286, .T. ) ;
#126 = PLANE ( 'NONE',  #2507 ) ;
#127 = ORIENTED_EDGE ( 'NONE', *, *, #3217, .T. ) ;
#128 = CIRCLE ( 'NONE', #4707, 0.2500000000000000000 ) ;
#129 = ORIENTED_EDGE ( 'NONE', *, *, #1223, .F. ) ;
#130 = ADVANCED_FACE ( 'NONE', ( #4518 ), #1957, .T. ) ;
#131 = DIRECTION ( 'NONE',  ( 1.000000000000000000, -0.0000000000000000000, 0.0000000000000000000 ) ) ;
#132 = DIRECTION ( 'NONE',  ( -0.0000000000000000000, -0.0000000000000000000, 1.000000000000000000 ) ) ;
#133 = VECTOR ( 'NONE', #4730, 1000.000000000000000 ) ;
#134 = DIRECTION ( 'NONE',  ( 0.0000000000000000000, 1.000000000000000000, 0.0000000000000000000 ) ) ;
#135 = ORIENTED_EDGE ( 'NONE', *, *, #4393, .T. ) ;
#136 = CARTESIAN_POINT ( 'NONE',  ( 0.0000000000000000000, 0.0000000000000000000, 0.5000000000000000000 ) ) ;
#137 = AXIS2_PLACEMENT_3D ( 'NONE', #3096, #439, #1478 ) ;
#138 = AXIS2_PLACEMENT_3D ( 'NONE', #1239, #4748, #1308 ) ;
#139 = CARTESIAN_POINT ( 'NONE',  ( -0.6999999999999999556, 0.04999999999999999584, -1.500000000000000000 ) ) ;
#140 = VECTOR ( 'NONE', #2702, 1000.000000000000000 ) ;
#141 = VECTOR ( 'NONE', #2941, 1000.000000000000000 ) ;
#142 = DIRECTION ( 'NONE',  ( 0.0000000000000000000, 0.0000000000000000000, 1.000000000000000000 ) ) ;
#143 = FILL_AREA_STYLE ('',( #3221 ) ) ;
#144 = EDGE_LOOP ( 'NONE', ( #1686, #2088, #4528, #3001 ) ) ;
#145 = VECTOR ( 'NONE', #4683, 1000.000000000000000 ) ;
#146 = VECTOR ( 'NONE', #118, 1000.000000000000000 ) ;
#147 = ORIENTED_EDGE ( 'NONE', *, *, #2672, .T. ) ;
#148 = CARTESIAN_POINT ( 'NONE',  ( -1.050000000000000044, 0.0000000000000000000, -0.2999999999999999889 ) ) ;
#149 = CARTESIAN_POINT ( 'NONE',  ( -1.050000000000000044, 0.05000000000000000278, -0.6999999999999999556 ) ) ;
#150 = DIRECTION ( 'NONE',  ( 1.000000000000000000, 0.0000000000000000000, 0.0000000000000000000 ) ) ;
#151 = EDGE_CURVE ( 'NONE', #2907, #4525, #1187, .T. ) ;
#152 = VECTOR ( 'NONE', #3551, 1000.000000000000000 ) ;
#153 = EDGE_LOOP ( 'NONE', ( #1555, #289, #2244, #2013 ) ) ;
#154 = ORIENTED_EDGE ( 'NONE', *, *, #3330, .F. ) ;
#155 = EDGE_CURVE ( 'NONE', #3903, #2847, #2632, .T. ) ;
#156 = DIRECTION ( 'NONE',  ( 0.0000000000000000000, 0.0000000000000000000, -1.000000000000000000 ) ) ;
#157 = ORIENTED_EDGE ( 'NONE', *, *, #2321, .F. ) ;
#158 = LINE ( 'NONE', #1977, #3669 ) ;
#159 = EDGE_CURVE ( 'NONE', #2272, #2716, #1168, .T. ) ;
#160 = ORIENTED_EDGE ( 'NONE', *, *, #4558, .T. ) ;
#161 = COLOUR_RGB ( '',0.7529411764705882248, 0.7529411764705882248, 0.7529411764705882248 ) ;
#162 = DIRECTION ( 'NONE',  ( 0.0000000000000000000, 1.000000000000000000, -0.0000000000000000000 ) ) ;
#163 = DIRECTION ( 'NONE',  ( 1.000000000000000000, -0.0000000000000000000, 0.0000000000000000000 ) ) ;
#164 = VECTOR ( 'NONE', #3598, 1000.000000000000000 ) ;
#165 = FACE_OUTER_BOUND ( 'NONE', #1578, .T. ) ;
#166 = ORIENTED_EDGE ( 'NONE', *, *, #4646, .F. ) ;
#167 = DIRECTION ( 'NONE',  ( 0.0000000000000000000, 0.0000000000000000000, -1.000000000000000000 ) ) ;
#168 = DIRECTION ( 'NONE',  ( 1.000000000000000000, 0.0000000000000000000, 0.0000000000000000000 ) ) ;
#169 = EDGE_CURVE ( 'NONE', #329, #4804, #4190, .T. ) ;
#170 = DIRECTION ( 'NONE',  ( -1.000000000000000000, 0.0000000000000000000, -0.0000000000000000000 ) ) ;
#171 = ORIENTED_EDGE ( 'NONE', *, *, #3348, .T. ) ;
#172 = VERTEX_POINT ( 'NONE', #1499 ) ;
#173 = CARTESIAN_POINT ( 'NONE',  ( -0.8000000000000000444, 0.5999999999999999778, 1.000000000000000000 ) ) ;
#174 = CARTESIAN_POINT ( 'NONE',  ( -0.5000000000000000000, 0.05000000000000000278, -1.500000000000000000 ) ) ;
#175 = PLANE ( 'NONE',  #3747 ) ;
#176 = ORIENTED_EDGE ( 'NONE', *, *, #4932, .T. ) ;
#177 = ORIENTED_EDGE ( 'NONE', *, *, #268, .F. ) ;
#178 = EDGE_CURVE ( 'NONE', #4773, #3903, #2683, .T. ) ;
#179 = DIRECTION ( 'NONE',  ( 1.000000000000000000, 0.0000000000000000000, 0.0000000000000000000 ) ) ;
#180 = DIRECTION ( 'NONE',  ( 0.0000000000000000000, 0.0000000000000000000, 1.000000000000000000 ) ) ;
#181 = ORIENTED_EDGE ( 'NONE', *, *, #3838, .F. ) ;
#182 = CARTESIAN_POINT ( 'NONE',  ( -0.6999999999999999556, 0.05000000000000000278, -1.050000000000000044 ) ) ;
#183 = EDGE_CURVE ( 'NONE', #3689, #4944, #3499, .T. ) ;
#184 = CARTESIAN_POINT ( 'NONE',  ( -1.258578643762690019, 0.5499999999999999334, 0.7707106781186553457 ) ) ;
#185 = CARTESIAN_POINT ( 'NONE',  ( 1.050000000000000044, 0.0000000000000000000, 0.2999999999999999889 ) ) ;
#186 = DIRECTION ( 'NONE',  ( 1.000000000000000000, 0.0000000000000000000, -0.0000000000000000000 ) ) ;
#187 = DIRECTION ( 'NONE',  ( 0.0000000000000000000, 0.0000000000000000000, -1.000000000000000000 ) ) ;
#188 = ADVANCED_FACE ( 'NONE', ( #2282 ), #3046, .T. ) ;
#189 = DIRECTION ( 'NONE',  ( -1.000000000000000000, 0.0000000000000000000, 0.0000000000000000000 ) ) ;
#190 = CARTESIAN_POINT ( 'NONE',  ( 1.500000000000000000, 0.2500000000000000000, 0.1000000000000000056 ) ) ;
#191 = ORIENTED_EDGE ( 'NONE', *, *, #1512, .T. ) ;
#192 = EDGE_CURVE ( 'NONE', #4794, #2580, #1939, .T. ) ;
#193 = VERTEX_POINT ( 'NONE', #36 ) ;
#194 = DIRECTION ( 'NONE',  ( 1.000000000000000000, 0.0000000000000000000, -0.0000000000000000000 ) ) ;
#195 = LINE ( 'NONE', #2207, #2923 ) ;
#196 = CARTESIAN_POINT ( 'NONE',  ( 0.9000000000000001332, 0.2500000000000000000, 1.500000000000000000 ) ) ;
#197 = ORIENTED_EDGE ( 'NONE', *, *, #3433, .T. ) ;
#198 = AXIS2_PLACEMENT_3D ( 'NONE', #1916, #3806, #365 ) ;
#199 = EDGE_LOOP ( 'NONE', ( #4605, #4009, #3872, #147 ) ) ;
#200 = DIRECTION ( 'NONE',  ( -0.0000000000000000000, 1.000000000000000000, 0.0000000000000000000 ) ) ;
#201 = AXIS2_PLACEMENT_3D ( 'NONE', #57, #2366, #3109 ) ;
#202 = ORIENTED_EDGE ( 'NONE', *, *, #7, .T. ) ;
#203 = LINE ( 'NONE', #2095, #222 ) ;
#204 = ORIENTED_EDGE ( 'NONE', *, *, #3990, .F. ) ;
#205 =( NAMED_UNIT ( * ) PLANE_ANGLE_UNIT ( ) SI_UNIT ( $, .RADIAN. ) );
#206 = DIRECTION ( 'NONE',  ( -1.000000000000000000, -0.0000000000000000000, 0.0000000000000000000 ) ) ;
#207 = CARTESIAN_POINT ( 'NONE',  ( -0.5000000000000000000, 0.0000000000000000000, 0.0000000000000000000 ) ) ;
#208 = VECTOR ( 'NONE', #4619, 1000.000000000000000 ) ;
#209 = EDGE_CURVE ( 'NONE', #3680, #1705, #3473, .T. ) ;
#210 = FILL_AREA_STYLE ('',( #2102 ) ) ;
#211 = EDGE_LOOP ( 'NONE', ( #1074, #1479, #4877, #1547 ) ) ;
#212 = DIRECTION ( 'NONE',  ( -0.0000000000000000000, 0.0000000000000000000, -1.000000000000000000 ) ) ;
#213 = DIRECTION ( 'NONE',  ( 0.0000000000000000000, 1.000000000000000000, 0.0000000000000000000 ) ) ;
#214 = VECTOR ( 'NONE', #625, 1000.000000000000000 ) ;
#215 = DIRECTION ( 'NONE',  ( -0.0000000000000000000, -1.000000000000000000, -0.0000000000000000000 ) ) ;
#216 = DIRECTION ( 'NONE',  ( -0.0000000000000000000, -0.0000000000000000000, -1.000000000000000000 ) ) ;
#217 = ORIENTED_EDGE ( 'NONE', *, *, #2672, .F. ) ;
#218 = AXIS2_PLACEMENT_3D ( 'NONE', #3908, #3190, #3596 ) ;
#219 = PRESENTATION_LAYER_ASSIGNMENT (  '', '', ( #1643 ) ) ;
#220 = CARTESIAN_POINT ( 'NONE',  ( 0.6999999999999999556, 0.0000000000000000000, 1.550000000000000266 ) ) ;
#221 = EDGE_CURVE ( 'NONE', #535, #3559, #3861, .T. ) ;
#222 = VECTOR ( 'NONE', #646, 1000.000000000000000 ) ;
#223 = EDGE_LOOP ( 'NONE', ( #3147, #3877, #310, #2905 ) ) ;
#224 = AXIS2_PLACEMENT_3D ( 'NONE', #3365, #4152, #4449 ) ;
#225 = LINE ( 'NONE', #971, #2919 ) ;
#226 = DIRECTION ( 'NONE',  ( 1.000000000000000000, 0.0000000000000000000, -0.0000000000000000000 ) ) ;
#227 = VECTOR ( 'NONE', #2086, 1000.000000000000000 ) ;
#228 = DIRECTION ( 'NONE',  ( 0.0000000000000000000, -0.0000000000000000000, 1.000000000000000000 ) ) ;
#229 = ORIENTED_EDGE ( 'NONE', *, *, #159, .T. ) ;
#230 = DIRECTION ( 'NONE',  ( -0.0000000000000000000, -1.000000000000000000, 0.0000000000000000000 ) ) ;
#231 = CARTESIAN_POINT ( 'NONE',  ( -0.5000000000000000000, 0.2500000000000000000, 0.0000000000000000000 ) ) ;
#232 = DIRECTION ( 'NONE',  ( 1.000000000000000000, -0.0000000000000000000, 0.0000000000000000000 ) ) ;
#233 = VECTOR ( 'NONE', #888, 1000.000000000000000 ) ;
#234 = ORIENTED_EDGE ( 'NONE', *, *, #81, .F. ) ;
#235 = DIRECTION ( 'NONE',  ( 0.0000000000000000000, 0.0000000000000000000, -1.000000000000000000 ) ) ;
#236 = DIRECTION ( 'NONE',  ( 0.0000000000000000000, 0.0000000000000000000, -1.000000000000000000 ) ) ;
#237 = ADVANCED_FACE ( 'NONE', ( #4598 ), #2237, .F. ) ;
#238 = STYLED_ITEM ( 'NONE', ( #4829 ), #3600 ) ;
#239 = DIRECTION ( 'NONE',  ( -0.0000000000000000000, -0.0000000000000000000, -1.000000000000000000 ) ) ;
#240 = DIRECTION ( 'NONE',  ( 0.0000000000000000000, 0.0000000000000000000, -1.000000000000000000 ) ) ;
#241 = VECTOR ( 'NONE', #2596, 1000.000000000000000 ) ;
#242 = DIRECTION ( 'NONE',  ( -0.0000000000000000000, -1.000000000000000000, -0.0000000000000000000 ) ) ;
#243 = DIRECTION ( 'NONE',  ( -0.0000000000000000000, -0.0000000000000000000, 1.000000000000000000 ) ) ;
#244 = EDGE_CURVE ( 'NONE', #4360, #3817, #4237, .T. ) ;
#245 = EDGE_LOOP ( 'NONE', ( #4845, #3401, #2018, #3812 ) ) ;
#246 = ADVANCED_FACE ( 'NONE', ( #1474 ), #737, .F. ) ;
#247 = PRESENTATION_STYLE_ASSIGNMENT (( #2924 ) ) ;
#248 = PLANE ( 'NONE',  #2345 ) ;
#249 = ORIENTED_EDGE ( 'NONE', *, *, #2010, .T. ) ;
#250 = SURFACE_SIDE_STYLE ('',( #4876 ) ) ;
#251 = EDGE_LOOP ( 'NONE', ( #1, #723, #516, #3033 ) ) ;
#252 = DIRECTION ( 'NONE',  ( -1.000000000000000000, -0.0000000000000000000, 0.0000000000000000000 ) ) ;
#253 = ADVANCED_FACE ( 'NONE', ( #2656 ), #2305, .F. ) ;
#254 = DIRECTION ( 'NONE',  ( -1.000000000000000000, -0.0000000000000000000, 0.0000000000000000000 ) ) ;
#255 = LINE ( 'NONE', #4882, #1008 ) ;
#256 = EDGE_LOOP ( 'NONE', ( #2229, #324, #3029, #4278 ) ) ;
#257 = CARTESIAN_POINT ( 'NONE',  ( -0.9000000000000001332, 0.0000000000000000000, -1.550000000000000266 ) ) ;
#258 = CARTESIAN_POINT ( 'NONE',  ( 0.0000000000000000000, 0.0000000000000000000, -0.6999999999999999556 ) ) ;
#259 = CARTESIAN_POINT ( 'NONE',  ( 1.500000000000000000, 0.05000000000000000278, 0.1000000000000000056 ) ) ;
#260 = DIRECTION ( 'NONE',  ( 1.000000000000000000, 0.0000000000000000000, -0.0000000000000000000 ) ) ;
#261 = CARTESIAN_POINT ( 'NONE',  ( -1.050000000000000044, 0.05000000000000000278, 0.5000000000000000000 ) ) ;
#262 = VERTEX_POINT ( 'NONE', #909 ) ;
#263 = DIRECTION ( 'NONE',  ( 0.0000000000000000000, -1.000000000000000000, -0.0000000000000000000 ) ) ;
#264 = LINE ( 'NONE', #619, #2129 ) ;
#265 = ORIENTED_EDGE ( 'NONE', *, *, #704, .T. ) ;
#266 = EDGE_CURVE ( 'NONE', #1766, #2743, #939, .T. ) ;
#267 = EDGE_LOOP ( 'NONE', ( #3174, #2633, #3768, #4053 ) ) ;
#268 = EDGE_CURVE ( 'NONE', #2928, #4846, #1320, .T. ) ;
#269 = PLANE ( 'NONE',  #3082 ) ;
#270 = CARTESIAN_POINT ( 'NONE',  ( -1.500000000000000000, 0.2500000000000000000, -0.6999999999999999556 ) ) ;
#271 = ORIENTED_EDGE ( 'NONE', *, *, #1574, .F. ) ;
#272 = SURFACE_STYLE_USAGE ( .BOTH. , #250 ) ;
#273 = EDGE_CURVE ( 'NONE', #3559, #1460, #2061, .T. ) ;
#274 = EDGE_LOOP ( 'NONE', ( #2750, #2059, #973, #1943 ) ) ;
#275 = CARTESIAN_POINT ( 'NONE',  ( 0.1000000000000000056, 0.2500000000000000000, 1.550000000000000266 ) ) ;
#276 = DIRECTION ( 'NONE',  ( -0.0000000000000000000, -1.000000000000000000, 0.0000000000000000000 ) ) ;
#277 = DIRECTION ( 'NONE',  ( -0.0000000000000000000, 0.0000000000000000000, -1.000000000000000000 ) ) ;
#278 = ADVANCED_FACE ( 'NONE', ( #3296 ), #4814, .T. ) ;
#279 = VECTOR ( 'NONE', #3043, 1000.000000000000000 ) ;
#280 = ORIENTED_EDGE ( 'NONE', *, *, #309, .T. ) ;
#281 = DIRECTION ( 'NONE',  ( 0.0000000000000000000, 0.0000000000000000000, 1.000000000000000000 ) ) ;
#282 = CARTESIAN_POINT ( 'NONE',  ( -1.050000000000000044, 0.0000000000000000000, -0.5000000000000000000 ) ) ;
#283 = CARTESIAN_POINT ( 'NONE',  ( 1.550000000000000266, 0.0000000000000000000, -0.5000000000000000000 ) ) ;
#284 =( GEOMETRIC_REPRESENTATION_CONTEXT ( 3 ) GLOBAL_UNCERTAINTY_ASSIGNED_CONTEXT ( ( #1597 ) ) GLOBAL_UNIT_ASSIGNED_CONTEXT ( ( #2170, #3328, #3358 ) ) REPRESENTATION_CONTEXT ( 'NONE', 'WORKASPACE' ) );
#285 = DIRECTION ( 'NONE',  ( 0.0000000000000000000, -1.000000000000000000, -0.0000000000000000000 ) ) ;
#286 = CARTESIAN_POINT ( 'NONE',  ( -1.500000000000000000, 0.04999999999999999584, -0.6999999999999999556 ) ) ;
#287 = PLANE ( 'NONE',  #558 ) ;
#288 = LINE ( 'NONE', #1808, #34 ) ;
#289 = ORIENTED_EDGE ( 'NONE', *, *, #2608, .T. ) ;
#290 = DIRECTION ( 'NONE',  ( 0.0000000000000000000, 0.0000000000000000000, -1.000000000000000000 ) ) ;
#291 = VECTOR ( 'NONE', #3206, 1000.000000000000000 ) ;
#292 = EDGE_LOOP ( 'NONE', ( #2241, #2637, #127, #2293, #1311, #4238 ) ) ;
#293 = ORIENTED_EDGE ( 'NONE', *, *, #1389, .F. ) ;
#294 = STYLED_ITEM ( 'NONE', ( #981 ), #3954 ) ;
#295 = VECTOR ( 'NONE', #1968, 1000.000000000000000 ) ;
#296 = SURFACE_SIDE_STYLE ('',( #3687 ) ) ;
#297 = LINE ( 'NONE', #4848, #2597 ) ;
#298 = ADVANCED_FACE ( 'NONE', ( #984 ), #2084, .T. ) ;
#299 = VECTOR ( 'NONE', #4188, 1000.000000000000000 ) ;
#300 = ORIENTED_EDGE ( 'NONE', *, *, #1732, .T. ) ;
#301 = CARTESIAN_POINT ( 'NONE',  ( -1.550000000000000266, 0.0000000000000000000, 0.5000000000000000000 ) ) ;
#302 = EDGE_LOOP ( 'NONE', ( #1755, #3385, #2974, #4557 ) ) ;
#303 = FACE_BOUND ( 'NONE', #1584, .T. ) ;
#304 = AXIS2_PLACEMENT_3D ( 'NONE', #3775, #2270, #1467 ) ;
#305 = AXIS2_PLACEMENT_3D ( 'NONE', #977, #1364, #1342 ) ;
#306 = PLANE ( 'NONE',  #1706 ) ;
#307 = DIRECTION ( 'NONE',  ( 0.0000000000000000000, 0.0000000000000000000, -1.000000000000000000 ) ) ;
#308 = EDGE_CURVE ( 'NONE', #1154, #4416, #2107, .T. ) ;
#309 = EDGE_CURVE ( 'NONE', #4943, #3261, #3599, .T. ) ;
#310 = ORIENTED_EDGE ( 'NONE', *, *, #48, .F. ) ;
#311 = CARTESIAN_POINT ( 'NONE',  ( -0.9000000000000001332, 0.0000000000000000000, -1.500000000000000000 ) ) ;
#312 = EDGE_LOOP ( 'NONE', ( #573, #2705, #4334, #4850 ) ) ;
#313 = CARTESIAN_POINT ( 'NONE',  ( 1.500000000000000000, 0.0000000000000000000, 0.1000000000000000056 ) ) ;
#314 = CARTESIAN_POINT ( 'NONE',  ( 1.500000000000000000, 0.0000000000000000000, -0.1000000000000000056 ) ) ;
#315 = CARTESIAN_POINT ( 'NONE',  ( -0.6052237187892843817, 0.5499999999999999334, 1.054090276993380204 ) ) ;
#316 = DIRECTION ( 'NONE',  ( 1.000000000000000000, -0.0000000000000000000, 0.0000000000000000000 ) ) ;
#317 = CARTESIAN_POINT ( 'NONE',  ( 1.050000000000000044, 0.0000000000000000000, 0.5000000000000000000 ) ) ;
#318 = CARTESIAN_POINT ( 'NONE',  ( 0.0000000000000000000, 0.05000000000000000278, 0.9000000000000001332 ) ) ;
#319 = ORIENTED_EDGE ( 'NONE', *, *, #2416, .T. ) ;
#320 = CARTESIAN_POINT ( 'NONE',  ( 0.9000000000000001332, 0.05000000000000000278, 1.500000000000000000 ) ) ;
#321 = AXIS2_PLACEMENT_3D ( 'NONE', #3018, #987, #1400 ) ;
#322 = DIRECTION ( 'NONE',  ( -0.0000000000000000000, -1.000000000000000000, -0.0000000000000000000 ) ) ;
#323 = VECTOR ( 'NONE', #1423, 1000.000000000000000 ) ;
#324 = ORIENTED_EDGE ( 'NONE', *, *, #3376, .F. ) ;
#325 = EDGE_LOOP ( 'NONE', ( #498, #3734, #1468, #1657 ) ) ;
#326 = ORIENTED_EDGE ( 'NONE', *, *, #4095, .T. ) ;
#327 = CARTESIAN_POINT ( 'NONE',  ( 1.550000000000000266, 0.2500000000000000000, 0.6999999999999999556 ) ) ;
#328 = CARTESIAN_POINT ( 'NONE',  ( -0.5000000000000000000, 0.05000000000000000278, 0.0000000000000000000 ) ) ;
#329 = VERTEX_POINT ( 'NONE', #4034 ) ;
#330 = EDGE_CURVE ( 'NONE', #1917, #3712, #1261, .T. ) ;
#331 = CARTESIAN_POINT ( 'NONE',  ( -1.500000000000000000, 0.05000000000000000278, 0.5000000000000000000 ) ) ;
#332 = DIRECTION ( 'NONE',  ( 1.000000000000000000, 0.0000000000000000000, -0.0000000000000000000 ) ) ;
#333 = ORIENTED_EDGE ( 'NONE', *, *, #2158, .F. ) ;
#334 = PLANE ( 'NONE',  #2137 ) ;
#335 = ORIENTED_EDGE ( 'NONE', *, *, #2477, .T. ) ;
#336 = DIRECTION ( 'NONE',  ( -0.0000000000000000000, 0.0000000000000000000, -1.000000000000000000 ) ) ;
#337 = ADVANCED_FACE ( 'NONE', ( #3648 ), #3218, .F. ) ;
#338 = CARTESIAN_POINT ( 'NONE',  ( 0.6999999999999999556, 0.0000000000000000000, 1.550000000000000266 ) ) ;
#339 = DIRECTION ( 'NONE',  ( 0.0000000000000000000, -1.000000000000000000, -0.0000000000000000000 ) ) ;
#340 = CARTESIAN_POINT ( 'NONE',  ( 0.0000000000000000000, 0.05000000000000000278, 0.1000000000000000056 ) ) ;
#341 = CARTESIAN_POINT ( 'NONE',  ( 0.1000000000000000056, 0.2500000000000000000, -1.500000000000000000 ) ) ;
#342 = EDGE_CURVE ( 'NONE', #411, #4073, #2836, .T. ) ;
#343 = DIRECTION ( 'NONE',  ( 0.0000000000000000000, 1.000000000000000000, 0.0000000000000000000 ) ) ;
#344 = ORIENTED_EDGE ( 'NONE', *, *, #2017, .T. ) ;
#345 = LINE ( 'NONE', #2373, #1010 ) ;
#346 = VERTEX_POINT ( 'NONE', #4790 ) ;
#347 = ADVANCED_FACE ( 'NONE', ( #2446 ), #2394, .T. ) ;
#348 = ORIENTED_EDGE ( 'NONE', *, *, #518, .F. ) ;
#349 = LINE ( 'NONE', #1150, #528 ) ;
#350 = DIRECTION ( 'NONE',  ( 1.000000000000000000, -0.0000000000000000000, 0.0000000000000000000 ) ) ;
#351 = ORIENTED_EDGE ( 'NONE', *, *, #3495, .T. ) ;
#352 = ORIENTED_EDGE ( 'NONE', *, *, #2812, .T. ) ;
#353 = FACE_OUTER_BOUND ( 'NONE', #3069, .T. ) ;
#354 = DIRECTION ( 'NONE',  ( 0.0000000000000000000, -0.0000000000000000000, 1.000000000000000000 ) ) ;
#355 = CLOSED_SHELL ( 'NONE', ( #3411, #1113, #581, #1071, #1509, #2368, #4906, #3865 ) ) ;
#356 = CARTESIAN_POINT ( 'NONE',  ( -0.5000000000000000000, 0.0000000000000000000, -1.550000000000000266 ) ) ;
#357 = EDGE_LOOP ( 'NONE', ( #3382, #1327, #2800, #4254 ) ) ;
#358 = PLANE ( 'NONE',  #795 ) ;
#359 = DIRECTION ( 'NONE',  ( 0.0000000000000000000, -0.0000000000000000000, 1.000000000000000000 ) ) ;
#360 = CARTESIAN_POINT ( 'NONE',  ( -0.7739547177007144452, 0.5499999999999999334, 0.7999999999999998224 ) ) ;
#361 = ADVANCED_FACE ( 'NONE', ( #4437 ), #2492, .T. ) ;
#362 = VECTOR ( 'NONE', #254, 1000.000000000000000 ) ;
#363 = CARTESIAN_POINT ( 'NONE',  ( 1.550000000000000266, 0.0000000000000000000, -0.2999999999999999889 ) ) ;
#364 = LINE ( 'NONE', #1522, #1496 ) ;
#365 = DIRECTION ( 'NONE',  ( 0.0000000000000000000, 0.0000000000000000000, 1.000000000000000000 ) ) ;
#366 = PRESENTATION_LAYER_ASSIGNMENT (  '', '', ( #1086 ) ) ;
#367 = EDGE_LOOP ( 'NONE', ( #3134, #3255, #3303, #4917 ) ) ;
#368 = DIRECTION ( 'NONE',  ( -0.0000000000000000000, -1.000000000000000000, 0.0000000000000000000 ) ) ;
#369 = UNCERTAINTY_MEASURE_WITH_UNIT (LENGTH_MEASURE( 1.000000000000000082E-05 ), #1803, 'distance_accuracy_value', 'NONE');
#370 = SURFACE_STYLE_USAGE ( .BOTH. , #3475 ) ;
#371 = AXIS2_PLACEMENT_3D ( 'NONE', #756, #1952, #80 ) ;
#372 = DIRECTION ( 'NONE',  ( 0.0000000000000000000, 0.0000000000000000000, 1.000000000000000000 ) ) ;
#373 = EDGE_CURVE ( 'NONE', #2038, #4944, #1757, .T. ) ;
#374 = ORIENTED_EDGE ( 'NONE', *, *, #3930, .T. ) ;
#375 = VERTEX_POINT ( 'NONE', #139 ) ;
#376 = ORIENTED_EDGE ( 'NONE', *, *, #4275, .F. ) ;
#377 = DIRECTION ( 'NONE',  ( 1.000000000000000000, 0.0000000000000000000, -0.0000000000000000000 ) ) ;
#378 = CARTESIAN_POINT ( 'NONE',  ( 0.0000000000000000000, 0.05000000000000000278, 0.2999999999999999889 ) ) ;
#379 = EDGE_CURVE ( 'NONE', #1588, #4408, #1652, .T. ) ;
#380 = VECTOR ( 'NONE', #3165, 1000.000000000000000 ) ;
#381 = ORIENTED_EDGE ( 'NONE', *, *, #2700, .F. ) ;
#382 = AXIS2_PLACEMENT_3D ( 'NONE', #1267, #3921, #950 ) ;
#383 = ORIENTED_EDGE ( 'NONE', *, *, #556, .F. ) ;
#384 = DIRECTION ( 'NONE',  ( 0.0000000000000000000, 0.0000000000000000000, -1.000000000000000000 ) ) ;
#385 = AXIS2_PLACEMENT_3D ( 'NONE', #4890, #2602, #4914 ) ;
#386 = LINE ( 'NONE', #3464, #4467 ) ;
#387 = CARTESIAN_POINT ( 'NONE',  ( -0.9000000000000001332, 0.2500000000000000000, -1.550000000000000266 ) ) ;
#388 = ORIENTED_EDGE ( 'NONE', *, *, #178, .F. ) ;
#389 = DIRECTION ( 'NONE',  ( 1.000000000000000000, 0.0000000000000000000, -0.0000000000000000000 ) ) ;
#390 = FACE_OUTER_BOUND ( 'NONE', #325, .T. ) ;
#391 = VECTOR ( 'NONE', #466, 1000.000000000000000 ) ;
#392 = CARTESIAN_POINT ( 'NONE',  ( 1.550000000000000266, 0.0000000000000000000, 0.5000000000000000000 ) ) ;
#393 = DIRECTION ( 'NONE',  ( 0.0000000000000000000, 0.0000000000000000000, 1.000000000000000000 ) ) ;
#394 = DIRECTION ( 'NONE',  ( 0.0000000000000000000, 0.0000000000000000000, 1.000000000000000000 ) ) ;
#395 = ADVANCED_FACE ( 'NONE', ( #3193 ), #2811, .T. ) ;
#396 = ORIENTED_EDGE ( 'NONE', *, *, #4510, .F. ) ;
#397 = FACE_OUTER_BOUND ( 'NONE', #4603, .T. ) ;
#398 = CARTESIAN_POINT ( 'NONE',  ( 0.9000000000000001332, 0.05000000000000000278, 0.0000000000000000000 ) ) ;
#399 = STYLED_ITEM ( 'NONE', ( #1760 ), #4382 ) ;
#400 = EDGE_LOOP ( 'NONE', ( #2370, #280, #4820, #2530 ) ) ;
#401 = EDGE_CURVE ( 'NONE', #2262, #4448, #4860, .T. ) ;
#402 = EDGE_LOOP ( 'NONE', ( #6, #4426, #488, #616 ) ) ;
#403 = CARTESIAN_POINT ( 'NONE',  ( 1.050000000000000044, 0.05000000000000000278, 0.2999999999999999889 ) ) ;
#404 = AXIS2_PLACEMENT_3D ( 'NONE', #4205, #1203, #4640 ) ;
#405 = ORIENTED_EDGE ( 'NONE', *, *, #720, .T. ) ;
#406 = ORIENTED_EDGE ( 'NONE', *, *, #4048, .T. ) ;
#407 = ADVANCED_FACE ( 'NONE', ( #1089 ), #2909, .F. ) ;
#408 = CARTESIAN_POINT ( 'NONE',  ( -0.1000000000000000056, 0.2500000000000000000, -1.500000000000000000 ) ) ;
#409 = DIRECTION ( 'NONE',  ( 0.0000000000000000000, 0.0000000000000000000, 1.000000000000000000 ) ) ;
#410 = FACE_OUTER_BOUND ( 'NONE', #2155, .T. ) ;
#411 = VERTEX_POINT ( 'NONE', #2252 ) ;
#412 = EDGE_CURVE ( 'NONE', #936, #2342, #3801, .T. ) ;
#413 = CARTESIAN_POINT ( 'NONE',  ( 1.550000000000000266, 0.2500000000000000000, 0.1000000000000000056 ) ) ;
#414 = DIRECTION ( 'NONE',  ( 0.0000000000000000000, 1.000000000000000000, 0.0000000000000000000 ) ) ;
#415 = CARTESIAN_POINT ( 'NONE',  ( 1.550000000000000266, 0.2500000000000000000, -0.1000000000000000056 ) ) ;
#416 = DIRECTION ( 'NONE',  ( 0.0000000000000000000, 0.0000000000000000000, -1.000000000000000000 ) ) ;
#417 = CARTESIAN_POINT ( 'NONE',  ( 1.050000000000000044, 0.0000000000000000000, 0.1000000000000000056 ) ) ;
#418 = ORIENTED_EDGE ( 'NONE', *, *, #2158, .T. ) ;
#419 = CARTESIAN_POINT ( 'NONE',  ( -0.9000000000000001332, 0.2500000000000000000, -1.500000000000000000 ) ) ;
#420 = UNCERTAINTY_MEASURE_WITH_UNIT (LENGTH_MEASURE( 1.000000000000000082E-05 ), #2708, 'distance_accuracy_value', 'NONE');
#421 = FILL_AREA_STYLE ('',( #3024 ) ) ;
#422 = DIRECTION ( 'NONE',  ( 0.0000000000000000000, 0.0000000000000000000, 1.000000000000000000 ) ) ;
#423 = DIRECTION ( 'NONE',  ( 0.0000000000000000000, -1.000000000000000000, -0.0000000000000000000 ) ) ;
#424 = LINE ( 'NONE', #4607, #295 ) ;
#425 = ORIENTED_EDGE ( 'NONE', *, *, #2784, .F. ) ;
#426 = ORIENTED_EDGE ( 'NONE', *, *, #2327, .T. ) ;
#427 = CARTESIAN_POINT ( 'NONE',  ( -1.500000000000000000, 0.0000000000000000000, -0.1000000000000000056 ) ) ;
#428 = PLANE ( 'NONE',  #3572 ) ;
#429 = DIRECTION ( 'NONE',  ( -0.0000000000000000000, -0.0000000000000000000, 1.000000000000000000 ) ) ;
#430 = ORIENTED_EDGE ( 'NONE', *, *, #2657, .T. ) ;
#431 = CARTESIAN_POINT ( 'NONE',  ( 0.2999999999999999889, 0.0000000000000000000, -1.500000000000000000 ) ) ;
#432 = DIRECTION ( 'NONE',  ( 0.0000000000000000000, 1.000000000000000000, 0.0000000000000000000 ) ) ;
#433 = ADVANCED_FACE ( 'NONE', ( #1425 ), #2598, .F. ) ;
#434 = FACE_OUTER_BOUND ( 'NONE', #2187, .T. ) ;
#435 = DIRECTION ( 'NONE',  ( 0.0000000000000000000, 1.000000000000000000, -0.0000000000000000000 ) ) ;
#436 = VERTEX_POINT ( 'NONE', #282 ) ;
#437 = DIRECTION ( 'NONE',  ( 1.000000000000000000, -0.0000000000000000000, 0.0000000000000000000 ) ) ;
#438 = VECTOR ( 'NONE', #4832, 1000.000000000000000 ) ;
#439 = DIRECTION ( 'NONE',  ( 0.0000000000000000000, 1.000000000000000000, -0.0000000000000000000 ) ) ;
#440 = VERTEX_POINT ( 'NONE', #4162 ) ;
#441 = ORIENTED_EDGE ( 'NONE', *, *, #1886, .T. ) ;
#442 = DIRECTION ( 'NONE',  ( 0.0000000000000000000, -0.0000000000000000000, 1.000000000000000000 ) ) ;
#443 = FACE_OUTER_BOUND ( 'NONE', #4380, .T. ) ;
#444 = DIRECTION ( 'NONE',  ( -0.0000000000000000000, -1.000000000000000000, -0.0000000000000000000 ) ) ;
#445 = VECTOR ( 'NONE', #1448, 1000.000000000000000 ) ;
#446 = ORIENTED_EDGE ( 'NONE', *, *, #4522, .T. ) ;
#447 = EDGE_LOOP ( 'NONE', ( #4604, #969, #2169, #4614, #2029, #1414 ) ) ;
#448 = VECTOR ( 'NONE', #972, 1000.000000000000000 ) ;
#449 = EDGE_CURVE ( 'NONE', #375, #4924, #4514, .T. ) ;
#450 = SURFACE_SIDE_STYLE ('',( #1490 ) ) ;
#451 = CARTESIAN_POINT ( 'NONE',  ( -1.050000000000000044, 0.05000000000000000278, -0.6999999999999999556 ) ) ;
#452 = VECTOR ( 'NONE', #226, 1000.000000000000000 ) ;
#453 = ORIENTED_EDGE ( 'NONE', *, *, #1396, .F. ) ;
#454 = CARTESIAN_POINT ( 'NONE',  ( 1.500000000000000000, 0.0000000000000000000, 0.9000000000000001332 ) ) ;
#455 = ORIENTED_EDGE ( 'NONE', *, *, #3912, .T. ) ;
#456 = AXIS2_PLACEMENT_3D ( 'NONE', #4081, #1346, #3293 ) ;
#457 = EDGE_CURVE ( 'NONE', #3799, #2245, #2939, .T. ) ;
#458 = STYLED_ITEM ( 'NONE', ( #1679 ), #2618 ) ;
#459 = LINE ( 'NONE', #30, #1464 ) ;
#460 = CARTESIAN_POINT ( 'NONE',  ( -0.1000000000000000056, 0.0000000000000000000, -1.550000000000000266 ) ) ;
#461 = ADVANCED_FACE ( 'NONE', ( #1878 ), #708, .T. ) ;
#462 = VECTOR ( 'NONE', #482, 1000.000000000000000 ) ;
#463 = CARTESIAN_POINT ( 'NONE',  ( 0.0000000000000000000, 0.05000000000000000278, -0.9000000000000001332 ) ) ;
#464 = EDGE_LOOP ( 'NONE', ( #4655, #1523, #1392, #2172, #3929, #100 ) ) ;
#465 = CARTESIAN_POINT ( 'NONE',  ( 0.9000000000000001332, 0.2500000000000000000, -1.500000000000000000 ) ) ;
#466 = DIRECTION ( 'NONE',  ( -1.000000000000000000, -0.0000000000000000000, 0.0000000000000000000 ) ) ;
#467 = SURFACE_STYLE_FILL_AREA ( #4385 ) ;
#468 = CARTESIAN_POINT ( 'NONE',  ( 0.0000000000000000000, 0.0000000000000000000, -0.2999999999999999889 ) ) ;
#469 = FILL_AREA_STYLE ('',( #3442 ) ) ;
#470 = VERTEX_POINT ( 'NONE', #2545 ) ;
#471 = ADVANCED_FACE ( 'NONE', ( #2157 ), #4911, .T. ) ;
#472 = ORIENTED_EDGE ( 'NONE', *, *, #771, .T. ) ;
#473 = CARTESIAN_POINT ( 'NONE',  ( -1.500000000000000000, 0.5999999999999999778, 1.500000000000000000 ) ) ;
#474 = LINE ( 'NONE', #2015, #4222 ) ;
#475 = LINE ( 'NONE', #3581, #848 ) ;
#476 = ORIENTED_EDGE ( 'NONE', *, *, #1770, .T. ) ;
#477 = EDGE_LOOP ( 'NONE', ( #922, #2790, #2069, #1925 ) ) ;
#478 = STYLED_ITEM ( 'NONE', ( #1284 ), #4371 ) ;
#479 = DIRECTION ( 'NONE',  ( -0.0000000000000000000, 1.000000000000000000, 0.0000000000000000000 ) ) ;
#480 = EDGE_CURVE ( 'NONE', #3439, #172, #2962, .T. ) ;
#481 = VERTEX_POINT ( 'NONE', #338 ) ;
#482 = DIRECTION ( 'NONE',  ( -0.0000000000000000000, -0.0000000000000000000, -1.000000000000000000 ) ) ;
#483 = ORIENTED_EDGE ( 'NONE', *, *, #3608, .T. ) ;
#484 = LINE ( 'NONE', #3451, #279 ) ;
#485 = DIRECTION ( 'NONE',  ( 0.0000000000000000000, 1.000000000000000000, -0.0000000000000000000 ) ) ;
#486 = EDGE_CURVE ( 'NONE', #4408, #1194, #2567, .T. ) ;
#487 = DIRECTION ( 'NONE',  ( -0.0000000000000000000, 1.000000000000000000, 0.0000000000000000000 ) ) ;
#488 = ORIENTED_EDGE ( 'NONE', *, *, #401, .F. ) ;
#489 = CARTESIAN_POINT ( 'NONE',  ( 0.1000000000000000056, 0.0000000000000000000, 1.550000000000000266 ) ) ;
#490 = FACE_OUTER_BOUND ( 'NONE', #1786, .T. ) ;
#491 = EDGE_CURVE ( 'NONE', #3791, #3308, #678, .T. ) ;
#492 = DIRECTION ( 'NONE',  ( 0.0000000000000000000, -0.0000000000000000000, 1.000000000000000000 ) ) ;
#493 = ORIENTED_EDGE ( 'NONE', *, *, #3773, .T. ) ;
#494 = EDGE_LOOP ( 'NONE', ( #4245, #3604, #3288, #700 ) ) ;
#495 = LINE ( 'NONE', #1108, #1816 ) ;
#496 = CARTESIAN_POINT ( 'NONE',  ( -1.500000000000000000, 0.0000000000000000000, -0.2999999999999999889 ) ) ;
#497 = EDGE_CURVE ( 'NONE', #4525, #714, #3754, .T. ) ;
#498 = ORIENTED_EDGE ( 'NONE', *, *, #1920, .T. ) ;
#499 = EDGE_LOOP ( 'NONE', ( #2050, #1529, #3152, #3099 ) ) ;
#500 = DIRECTION ( 'NONE',  ( -1.000000000000000000, 0.0000000000000000000, 0.0000000000000000000 ) ) ;
#501 = CARTESIAN_POINT ( 'NONE',  ( -0.9000000000000001332, 0.2500000000000000000, -1.550000000000000266 ) ) ;
#502 = ORIENTED_EDGE ( 'NONE', *, *, #4658, .F. ) ;
#503 = LINE ( 'NONE', #2825, #4482 ) ;
#504 = ORIENTED_EDGE ( 'NONE', *, *, #1129, .F. ) ;
#505 = LINE ( 'NONE', #2002, #1788 ) ;
#506 = FACE_OUTER_BOUND ( 'NONE', #2381, .T. ) ;
#507 = CARTESIAN_POINT ( 'NONE',  ( -0.9000000000000001332, 0.0000000000000000000, 1.550000000000000266 ) ) ;
#508 = VERTEX_POINT ( 'NONE', #3396 ) ;
#509 = DIRECTION ( 'NONE',  ( 0.0000000000000000000, -1.000000000000000000, -0.0000000000000000000 ) ) ;
#510 = DIRECTION ( 'NONE',  ( 0.0000000000000000000, 1.000000000000000000, 0.0000000000000000000 ) ) ;
#511 = ADVANCED_FACE ( 'NONE', ( #4931 ), #1469, .F. ) ;
#512 = CLOSED_SHELL ( 'NONE', ( #337, #2419, #2679, #253, #5, #1505, #2573, #1673 ) ) ;
#513 = FACE_OUTER_BOUND ( 'NONE', #4476, .T. ) ;
#514 = FACE_OUTER_BOUND ( 'NONE', #4344, .T. ) ;
#515 = VECTOR ( 'NONE', #3352, 1000.000000000000000 ) ;
#516 = ORIENTED_EDGE ( 'NONE', *, *, #183, .T. ) ;
#517 = CARTESIAN_POINT ( 'NONE',  ( -1.550000000000000266, 0.2500000000000000000, -0.2999999999999999889 ) ) ;
#518 = EDGE_CURVE ( 'NONE', #3202, #1375, #4185, .T. ) ;
#519 = CARTESIAN_POINT ( 'NONE',  ( 0.6999999999999999556, 0.2500000000000000000, -1.550000000000000266 ) ) ;
#520 = DIRECTION ( 'NONE',  ( 1.000000000000000000, -0.0000000000000000000, 0.0000000000000000000 ) ) ;
#521 = EDGE_CURVE ( 'NONE', #1169, #976, #1518, .T. ) ;
#522 = VECTOR ( 'NONE', #3063, 1000.000000000000000 ) ;
#523 = ORIENTED_EDGE ( 'NONE', *, *, #4030, .T. ) ;
#524 = EDGE_CURVE ( 'NONE', #4297, #3228, #852, .T. ) ;
#525 = PRESENTATION_LAYER_ASSIGNMENT (  '', '', ( #4056 ) ) ;
#526 = CARTESIAN_POINT ( 'NONE',  ( 0.1000000000000000056, 0.2500000000000000000, 0.0000000000000000000 ) ) ;
#527 = ORIENTED_EDGE ( 'NONE', *, *, #2192, .F. ) ;
#528 = VECTOR ( 'NONE', #3480, 1000.000000000000000 ) ;
#529 = VERTEX_POINT ( 'NONE', #4686 ) ;
#530 = CARTESIAN_POINT ( 'NONE',  ( 0.2999999999999999889, 0.0000000000000000000, -1.550000000000000266 ) ) ;
#531 = EDGE_CURVE ( 'NONE', #2325, #1822, #484, .T. ) ;
#532 = LINE ( 'NONE', #3978, #2833 ) ;
#533 = VECTOR ( 'NONE', #4777, 1000.000000000000000 ) ;
#534 = CARTESIAN_POINT ( 'NONE',  ( 1.500000000000000000, 0.2500000000000000000, -0.6999999999999999556 ) ) ;
#535 = VERTEX_POINT ( 'NONE', #1911 ) ;
#536 = DIRECTION ( 'NONE',  ( 0.0000000000000000000, 1.000000000000000000, 0.0000000000000000000 ) ) ;
#537 = AXIS2_PLACEMENT_3D ( 'NONE', #4115, #1356, #2576 ) ;
#538 = CARTESIAN_POINT ( 'NONE',  ( 0.2999999999999999889, 0.0000000000000000000, -1.550000000000000266 ) ) ;
#539 = VECTOR ( 'NONE', #3879, 1000.000000000000000 ) ;
#540 = CARTESIAN_POINT ( 'NONE',  ( 1.050000000000000044, 0.05000000000000000278, 0.1000000000000000056 ) ) ;
#541 = STYLED_ITEM ( 'NONE', ( #1611 ), #2699 ) ;
#542 = PLANE ( 'NONE',  #2284 ) ;
#543 = ORIENTED_EDGE ( 'NONE', *, *, #3900, .F. ) ;
#544 = VECTOR ( 'NONE', #1876, 1000.000000000000000 ) ;
#545 = AXIS2_PLACEMENT_3D ( 'NONE', #173, #965, #2474 ) ;
#546 = CARTESIAN_POINT ( 'NONE',  ( -0.2999999999999999889, 0.0000000000000000000, 1.550000000000000266 ) ) ;
#547 = FACE_OUTER_BOUND ( 'NONE', #809, .T. ) ;
#548 = DIRECTION ( 'NONE',  ( -1.000000000000000000, 0.0000000000000000000, -0.0000000000000000000 ) ) ;
#549 = ORIENTED_EDGE ( 'NONE', *, *, #2717, .T. ) ;
#550 = ADVANCED_FACE ( 'NONE', ( #1935 ), #2340, .T. ) ;
#551 = EDGE_LOOP ( 'NONE', ( #747, #344, #1725, #3104 ) ) ;
#552 = LINE ( 'NONE', #924, #2035 ) ;
#553 = FACE_OUTER_BOUND ( 'NONE', #899, .T. ) ;
#554 = ORIENTED_EDGE ( 'NONE', *, *, #4428, .T. ) ;
#555 = DIRECTION ( 'NONE',  ( -0.0000000000000000000, -1.000000000000000000, 0.0000000000000000000 ) ) ;
#556 = EDGE_CURVE ( 'NONE', #4367, #1869, #828, .T. ) ;
#557 = ORIENTED_EDGE ( 'NONE', *, *, #4290, .F. ) ;
#558 = AXIS2_PLACEMENT_3D ( 'NONE', #4891, #1428, #3497 ) ;
#559 = FILL_AREA_STYLE ('',( #1670 ) ) ;
#560 = CARTESIAN_POINT ( 'NONE',  ( 1.500000000000000000, 0.2500000000000000000, -0.2999999999999999889 ) ) ;
#561 = DIRECTION ( 'NONE',  ( 0.0000000000000000000, 0.0000000000000000000, -1.000000000000000000 ) ) ;
#562 = PRESENTATION_LAYER_ASSIGNMENT (  '', '', ( #238 ) ) ;
#563 = CARTESIAN_POINT ( 'NONE',  ( -1.550000000000000266, 0.2500000000000000000, -0.5000000000000000000 ) ) ;
#564 = EDGE_CURVE ( 'NONE', #689, #2429, #459, .T. ) ;
#565 = FACE_OUTER_BOUND ( 'NONE', #45, .T. ) ;
#566 = CARTESIAN_POINT ( 'NONE',  ( -1.550000000000000266, 0.2500000000000000000, 0.2999999999999999889 ) ) ;
#567 = LINE ( 'NONE', #3247, #912 ) ;
#568 = VERTEX_POINT ( 'NONE', #782 ) ;
#569 = PLANE ( 'NONE',  #3432 ) ;
#570 = CARTESIAN_POINT ( 'NONE',  ( -1.500000000000000000, 0.04999999999999999584, 0.5000000000000000000 ) ) ;
#571 = CARTESIAN_POINT ( 'NONE',  ( -1.500000000000000000, 0.0000000000000000000, 0.1000000000000000056 ) ) ;
#572 = ORIENTED_EDGE ( 'NONE', *, *, #1928, .F. ) ;
#573 = ORIENTED_EDGE ( 'NONE', *, *, #3757, .T. ) ;
#574 = CARTESIAN_POINT ( 'NONE',  ( 0.6999999999999999556, 0.05000000000000000278, -1.050000000000000044 ) ) ;
#575 = PLANE ( 'NONE',  #4868 ) ;
#576 = ADVANCED_FACE ( 'NONE', ( #4618 ), #4667, .F. ) ;
#577 = ADVANCED_FACE ( 'NONE', ( #2275 ), #2301, .T. ) ;
#578 = DIRECTION ( 'NONE',  ( 1.000000000000000000, 0.0000000000000000000, -0.0000000000000000000 ) ) ;
#579 = ORIENTED_EDGE ( 'NONE', *, *, #2396, .T. ) ;
#580 = DIRECTION ( 'NONE',  ( -1.000000000000000000, 0.0000000000000000000, 0.0000000000000000000 ) ) ;
#581 = ADVANCED_FACE ( 'NONE', ( #1162 ), #1981, .T. ) ;
#582 = CARTESIAN_POINT ( 'NONE',  ( 1.050000000000000044, 0.05000000000000000278, 0.1000000000000000056 ) ) ;
#583 = PLANE ( 'NONE',  #74 ) ;
#584 = CARTESIAN_POINT ( 'NONE',  ( 0.0000000000000000000, 0.05000000000000000278, -0.6999999999999999556 ) ) ;
#585 = SURFACE_STYLE_FILL_AREA ( #4035 ) ;
#586 = LINE ( 'NONE', #1427, #612 ) ;
#587 = DIRECTION ( 'NONE',  ( 0.0000000000000000000, 0.0000000000000000000, 1.000000000000000000 ) ) ;
#588 = CARTESIAN_POINT ( 'NONE',  ( -0.6999999999999999556, 0.05000000000000000278, 1.050000000000000044 ) ) ;
#589 = ORIENTED_EDGE ( 'NONE', *, *, #1209, .T. ) ;
#590 = LINE ( 'NONE', #990, #2057 ) ;
#591 = CLOSED_SHELL ( 'NONE', ( #4887, #1241, #2004, #2403, #2930, #3937, #2964, #3966 ) ) ;
#592 = LINE ( 'NONE', #3724, #4383 ) ;
#593 = DIRECTION ( 'NONE',  ( 0.0000000000000000000, 1.000000000000000000, -0.0000000000000000000 ) ) ;
#594 = VECTOR ( 'NONE', #3571, 1000.000000000000000 ) ;
#595 = ORIENTED_EDGE ( 'NONE', *, *, #1453, .F. ) ;
#596 = CARTESIAN_POINT ( 'NONE',  ( -0.9000000000000001332, 0.0000000000000000000, -1.050000000000000044 ) ) ;
#597 = VECTOR ( 'NONE', #163, 1000.000000000000000 ) ;
#598 = ORIENTED_EDGE ( 'NONE', *, *, #1740, .F. ) ;
#599 = DIRECTION ( 'NONE',  ( 0.0000000000000000000, 1.000000000000000000, 0.0000000000000000000 ) ) ;
#600 = VERTEX_POINT ( 'NONE', #1566 ) ;
#601 = EDGE_CURVE ( 'NONE', #3597, #1154, #3086, .T. ) ;
#602 = AXIS2_PLACEMENT_3D ( 'NONE', #2558, #1769, #4872 ) ;
#603 = FACE_OUTER_BOUND ( 'NONE', #1763, .T. ) ;
#604 = PLANE ( 'NONE',  #2196 ) ;
#605 = VECTOR ( 'NONE', #2830, 1000.000000000000000 ) ;
#606 =( NAMED_UNIT ( * ) SI_UNIT ( $, .STERADIAN. ) SOLID_ANGLE_UNIT ( ) );
#607 = ORIENTED_EDGE ( 'NONE', *, *, #3371, .T. ) ;
#608 = LINE ( 'NONE', #634, #1502 ) ;
#609 = EDGE_CURVE ( 'NONE', #508, #2560, #1951, .T. ) ;
#610 = VECTOR ( 'NONE', #1083, 1000.000000000000000 ) ;
#611 = CARTESIAN_POINT ( 'NONE',  ( 1.500000000000000000, 0.0000000000000000000, -0.5000000000000000000 ) ) ;
#612 = VECTOR ( 'NONE', #3272, 1000.000000000000000 ) ;
#613 = DIRECTION ( 'NONE',  ( -0.0000000000000000000, 1.000000000000000000, 0.0000000000000000000 ) ) ;
#614 = DIRECTION ( 'NONE',  ( 0.0000000000000000000, 0.0000000000000000000, 1.000000000000000000 ) ) ;
#615 = CARTESIAN_POINT ( 'NONE',  ( 0.0000000000000000000, 0.2500000000000000000, 0.2999999999999999889 ) ) ;
#616 = ORIENTED_EDGE ( 'NONE', *, *, #1432, .F. ) ;
#617 = CARTESIAN_POINT ( 'NONE',  ( 0.1000000000000000056, 0.2500000000000000000, -1.550000000000000266 ) ) ;
#618 = AXIS2_PLACEMENT_3D ( 'NONE', #802, #752, #3011 ) ;
#619 = CARTESIAN_POINT ( 'NONE',  ( 1.500000000000000000, 0.0000000000000000000, 0.5000000000000000000 ) ) ;
#620 = VECTOR ( 'NONE', #3916, 1000.000000000000000 ) ;
#621 = EDGE_LOOP ( 'NONE', ( #4752, #2738, #1989, #793, #2876, #3784 ) ) ;
#622 = AXIS2_PLACEMENT_3D ( 'NONE', #3199, #2452, #194 ) ;
#623 = EDGE_CURVE ( 'NONE', #3021, #4273, #3422, .T. ) ;
#624 = DIRECTION ( 'NONE',  ( 0.0000000000000000000, 1.000000000000000000, 0.0000000000000000000 ) ) ;
#625 = DIRECTION ( 'NONE',  ( 0.0000000000000000000, 0.0000000000000000000, 1.000000000000000000 ) ) ;
#626 = ORIENTED_EDGE ( 'NONE', *, *, #2327, .F. ) ;
#627 = ORIENTED_EDGE ( 'NONE', *, *, #4235, .T. ) ;
#628 = PLANE ( 'NONE',  #3078 ) ;
#629 = CARTESIAN_POINT ( 'NONE',  ( 0.2999999999999999889, 0.2500000000000000000, 1.500000000000000000 ) ) ;
#630 = ORIENTED_EDGE ( 'NONE', *, *, #2958, .F. ) ;
#631 = PLANE ( 'NONE',  #456 ) ;
#632 = PRESENTATION_LAYER_ASSIGNMENT (  '', '', ( #2292 ) ) ;
#633 = ORIENTED_EDGE ( 'NONE', *, *, #4244, .T. ) ;
#634 = CARTESIAN_POINT ( 'NONE',  ( -0.5000000000000000000, 0.0000000000000000000, -1.500000000000000000 ) ) ;
#635 = CARTESIAN_POINT ( 'NONE',  ( -0.9000000000000001332, 0.0000000000000000000, 1.550000000000000266 ) ) ;
#636 = ADVANCED_FACE ( 'NONE', ( #2676 ), #4230, .T. ) ;
#637 = CARTESIAN_POINT ( 'NONE',  ( 0.6999999999999999556, 0.05000000000000000278, -1.500000000000000000 ) ) ;
#638 = LINE ( 'NONE', #1067, #4093 ) ;
#639 = LINE ( 'NONE', #615, #2028 ) ;
#640 = DIRECTION ( 'NONE',  ( -1.000000000000000000, 0.0000000000000000000, -0.0000000000000000000 ) ) ;
#641 = ORIENTED_EDGE ( 'NONE', *, *, #1033, .F. ) ;
#642 = ORIENTED_EDGE ( 'NONE', *, *, #4731, .F. ) ;
#643 = CARTESIAN_POINT ( 'NONE',  ( -0.6999999999999999556, 0.0000000000000000000, 0.0000000000000000000 ) ) ;
#644 = EDGE_CURVE ( 'NONE', #4544, #2221, #4643, .T. ) ;
#645 = VERTEX_POINT ( 'NONE', #804 ) ;
#646 = DIRECTION ( 'NONE',  ( -0.0000000000000000000, -1.000000000000000000, 0.0000000000000000000 ) ) ;
#647 = ORIENTED_EDGE ( 'NONE', *, *, #2812, .F. ) ;
#648 = LINE ( 'NONE', #3715, #2309 ) ;
#649 = DIRECTION ( 'NONE',  ( 1.000000000000000000, -0.0000000000000000000, 0.0000000000000000000 ) ) ;
#650 = CARTESIAN_POINT ( 'NONE',  ( -0.5000000000000000000, 0.05000000000000000278, -1.050000000000000044 ) ) ;
#651 = ORIENTED_EDGE ( 'NONE', *, *, #1804, .F. ) ;
#652 = LINE ( 'NONE', #311, #4071 ) ;
#653 = ORIENTED_EDGE ( 'NONE', *, *, #4048, .F. ) ;
#654 = DIRECTION ( 'NONE',  ( 0.0000000000000000000, 1.000000000000000000, 0.0000000000000000000 ) ) ;
#655 = DIRECTION ( 'NONE',  ( 0.0000000000000000000, 0.0000000000000000000, 1.000000000000000000 ) ) ;
#656 = LINE ( 'NONE', #3758, #2519 ) ;
#657 = DIRECTION ( 'NONE',  ( 0.0000000000000000000, -0.0000000000000000000, 1.000000000000000000 ) ) ;
#658 = CARTESIAN_POINT ( 'NONE',  ( -0.6999999999999999556, 0.0000000000000000000, -1.050000000000000044 ) ) ;
#659 = ADVANCED_FACE ( 'NONE', ( #2322 ), #2795, .F. ) ;
#660 = ORIENTED_EDGE ( 'NONE', *, *, #2165, .T. ) ;
#661 = DIRECTION ( 'NONE',  ( 1.000000000000000000, -0.0000000000000000000, 0.0000000000000000000 ) ) ;
#662 = EDGE_CURVE ( 'NONE', #3093, #4697, #1644, .T. ) ;
#663 = DIRECTION ( 'NONE',  ( -0.0000000000000000000, -0.0000000000000000000, -1.000000000000000000 ) ) ;
#664 = EDGE_CURVE ( 'NONE', #1738, #2726, #4350, .T. ) ;
#665 = ORIENTED_EDGE ( 'NONE', *, *, #1678, .T. ) ;
#666 =( LENGTH_UNIT ( ) NAMED_UNIT ( * ) SI_UNIT ( .MILLI., .METRE. ) );
#667 = EDGE_CURVE ( 'NONE', #1493, #1550, #4028, .T. ) ;
#668 = CARTESIAN_POINT ( 'NONE',  ( -0.1000000000000000056, 0.05000000000000000278, 1.050000000000000044 ) ) ;
#669 = ORIENTED_EDGE ( 'NONE', *, *, #3027, .T. ) ;
#670 = ADVANCED_FACE ( 'NONE', ( #978 ), #4405, .T. ) ;
#671 = VECTOR ( 'NONE', #2987, 1000.000000000000000 ) ;
#672 = CARTESIAN_POINT ( 'NONE',  ( 0.5000000000000000000, 0.2500000000000000000, 0.0000000000000000000 ) ) ;
#673 = PLANE ( 'NONE',  #1395 ) ;
#674 = DIRECTION ( 'NONE',  ( -0.0000000000000000000, -1.000000000000000000, -0.0000000000000000000 ) ) ;
#675 = STYLED_ITEM ( 'NONE', ( #1292 ), #1012 ) ;
#676 = EDGE_LOOP ( 'NONE', ( #1685, #2435, #160, #923 ) ) ;
#677 = FACE_OUTER_BOUND ( 'NONE', #400, .T. ) ;
#678 = LINE ( 'NONE', #1852, #1165 ) ;
#679 = DIRECTION ( 'NONE',  ( 0.0000000000000000000, 0.0000000000000000000, 1.000000000000000000 ) ) ;
#680 = VECTOR ( 'NONE', #2406, 1000.000000000000000 ) ;
#681 = LINE ( 'NONE', #4542, #4474 ) ;
#682 = SURFACE_STYLE_FILL_AREA ( #4840 ) ;
#683 = AXIS2_PLACEMENT_3D ( 'NONE', #3132, #4231, #3831 ) ;
#684 = CARTESIAN_POINT ( 'NONE',  ( -1.500000000000000000, 0.0000000000000000000, -0.9000000000000001332 ) ) ;
#685 = EDGE_LOOP ( 'NONE', ( #1409, #4141, #4802, #3896 ) ) ;
#686 = CARTESIAN_POINT ( 'NONE',  ( 0.9000000000000001332, 0.05000000000000000278, -1.050000000000000044 ) ) ;
#687 = VECTOR ( 'NONE', #2904, 1000.000000000000000 ) ;
#688 = EDGE_CURVE ( 'NONE', #3413, #3903, #505, .T. ) ;
#689 = VERTEX_POINT ( 'NONE', #3236 ) ;
#690 = VECTOR ( 'NONE', #4407, 1000.000000000000000 ) ;
#691 = PRESENTATION_LAYER_ASSIGNMENT (  '', '', ( #774 ) ) ;
#692 = EDGE_LOOP ( 'NONE', ( #3357, #3550, #381, #4137 ) ) ;
#693 = LINE ( 'NONE', #994, #4219 ) ;
#694 = DIRECTION ( 'NONE',  ( 0.0000000000000000000, 0.0000000000000000000, -1.000000000000000000 ) ) ;
#695 = AXIS2_PLACEMENT_3D ( 'NONE', #3637, #180, #578 ) ;
#696 = EDGE_CURVE ( 'NONE', #4389, #3769, #532, .T. ) ;
#697 = AXIS2_PLACEMENT_3D ( 'NONE', #910, #3986, #85 ) ;
#698 = EDGE_LOOP ( 'NONE', ( #129, #3326, #3414, #4348 ) ) ;
#699 = CARTESIAN_POINT ( 'NONE',  ( 0.5000000000000000000, 0.05000000000000000278, 0.0000000000000000000 ) ) ;
#700 = ORIENTED_EDGE ( 'NONE', *, *, #1167, .T. ) ;
#701 = CARTESIAN_POINT ( 'NONE',  ( -0.2999999999999999889, 0.2500000000000000000, 0.0000000000000000000 ) ) ;
#702 = DIRECTION ( 'NONE',  ( -1.000000000000000000, -0.0000000000000000000, 0.0000000000000000000 ) ) ;
#703 = DIRECTION ( 'NONE',  ( -1.000000000000000000, -0.0000000000000000000, 0.0000000000000000000 ) ) ;
#704 = EDGE_CURVE ( 'NONE', #1668, #2333, #1254, .T. ) ;
#705 = LINE ( 'NONE', #2299, #1646 ) ;
#706 = ORIENTED_EDGE ( 'NONE', *, *, #3491, .F. ) ;
#707 = LINE ( 'NONE', #3777, #3041 ) ;
#708 = PLANE ( 'NONE',  #40 ) ;
#709 = DIRECTION ( 'NONE',  ( 0.0000000000000000000, -1.000000000000000000, -0.0000000000000000000 ) ) ;
#710 = EDGE_CURVE ( 'NONE', #1508, #3707, #104, .T. ) ;
#711 = CARTESIAN_POINT ( 'NONE',  ( -0.1000000000000000056, 0.0000000000000000000, 1.050000000000000044 ) ) ;
#712 = SURFACE_STYLE_USAGE ( .BOTH. , #4166 ) ;
#713 = DIRECTION ( 'NONE',  ( 1.000000000000000000, -0.0000000000000000000, 0.0000000000000000000 ) ) ;
#714 = VERTEX_POINT ( 'NONE', #1671 ) ;
#715 = DIRECTION ( 'NONE',  ( 0.0000000000000000000, -0.0000000000000000000, 1.000000000000000000 ) ) ;
#716 = UNCERTAINTY_MEASURE_WITH_UNIT (LENGTH_MEASURE( 1.000000000000000082E-05 ), #2561, 'distance_accuracy_value', 'NONE');
#717 = VECTOR ( 'NONE', #281, 1000.000000000000000 ) ;
#718 = ORIENTED_EDGE ( 'NONE', *, *, #3900, .T. ) ;
#719 = EDGE_LOOP ( 'NONE', ( #2386, #333, #2238, #1626, #1487, #3097 ) ) ;
#720 = EDGE_CURVE ( 'NONE', #4000, #3918, #3211, .T. ) ;
#721 = LINE ( 'NONE', #3662, #452 ) ;
#722 = ORIENTED_EDGE ( 'NONE', *, *, #3757, .F. ) ;
#723 = ORIENTED_EDGE ( 'NONE', *, *, #2844, .T. ) ;
#724 = CARTESIAN_POINT ( 'NONE',  ( 0.2999999999999999889, 0.0000000000000000000, 1.500000000000000000 ) ) ;
#725 = ADVANCED_FACE ( 'NONE', ( #3265 ), #4810, .T. ) ;
#726 = DIRECTION ( 'NONE',  ( -1.000000000000000000, 0.0000000000000000000, 0.0000000000000000000 ) ) ;
#727 = CARTESIAN_POINT ( 'NONE',  ( -1.500000000000000000, 0.5999999999999999778, 1.500000000000000000 ) ) ;
#728 = EDGE_CURVE ( 'NONE', #2325, #52, #2778, .T. ) ;
#729 = ORIENTED_EDGE ( 'NONE', *, *, #3683, .F. ) ;
#730 = DIRECTION ( 'NONE',  ( 0.0000000000000000000, 1.000000000000000000, 0.0000000000000000000 ) ) ;
#731 = ORIENTED_EDGE ( 'NONE', *, *, #4078, .T. ) ;
#732 = DIRECTION ( 'NONE',  ( 1.000000000000000000, 0.0000000000000000000, -0.0000000000000000000 ) ) ;
#733 = EDGE_CURVE ( 'NONE', #4924, #2726, #3616, .T. ) ;
#734 = PLANE ( 'NONE',  #3735 ) ;
#735 = CARTESIAN_POINT ( 'NONE',  ( -0.5000000000000000000, 0.2500000000000000000, 1.500000000000000000 ) ) ;
#736 = LINE ( 'NONE', #3427, #1830 ) ;
#737 = PLANE ( 'NONE',  #198 ) ;
#738 = ORIENTED_EDGE ( 'NONE', *, *, #798, .T. ) ;
#739 = CARTESIAN_POINT ( 'NONE',  ( 0.0000000000000000000, 0.05000000000000000278, -0.5000000000000000000 ) ) ;
#740 = DIRECTION ( 'NONE',  ( 0.0000000000000000000, 0.0000000000000000000, -1.000000000000000000 ) ) ;
#741 = DIRECTION ( 'NONE',  ( 0.0000000000000000000, 1.000000000000000000, 0.0000000000000000000 ) ) ;
#742 = EDGE_LOOP ( 'NONE', ( #4112, #2840, #871, #1660 ) ) ;
#743 = ORIENTED_EDGE ( 'NONE', *, *, #2233, .F. ) ;
#744 = ORIENTED_EDGE ( 'NONE', *, *, #609, .T. ) ;
#745 = CARTESIAN_POINT ( 'NONE',  ( -0.9219133546592450656, 0.5500000000000000444, 1.159254758873146773 ) ) ;
#746 = CARTESIAN_POINT ( 'NONE',  ( -0.9000000000000001332, 0.2500000000000000000, 1.500000000000000000 ) ) ;
#747 = ORIENTED_EDGE ( 'NONE', *, *, #1530, .T. ) ;
#748 = ORIENTED_EDGE ( 'NONE', *, *, #4135, .F. ) ;
#749 = CARTESIAN_POINT ( 'NONE',  ( 0.0000000000000000000, 0.05000000000000000278, 0.6999999999999999556 ) ) ;
#750 = CARTESIAN_POINT ( 'NONE',  ( 0.5000000000000000000, 0.0000000000000000000, 1.500000000000000000 ) ) ;
#751 = EDGE_CURVE ( 'NONE', #3927, #1741, #3950, .T. ) ;
#752 = DIRECTION ( 'NONE',  ( 0.0000000000000000000, 1.000000000000000000, -0.0000000000000000000 ) ) ;
#753 = EDGE_LOOP ( 'NONE', ( #1237, #3051, #2543, #4923 ) ) ;
#754 = AXIS2_PLACEMENT_3D ( 'NONE', #3068, #189, #3985 ) ;
#755 = DIRECTION ( 'NONE',  ( -0.0000000000000000000, -0.0000000000000000000, 1.000000000000000000 ) ) ;
#756 = CARTESIAN_POINT ( 'NONE',  ( 1.500000000000000000, 0.5999999999999999778, -1.500000000000000000 ) ) ;
#757 = STYLED_ITEM ( 'NONE', ( #3445 ), #934 ) ;
#758 = EDGE_CURVE ( 'NONE', #3154, #4021, #3187, .T. ) ;
#759 = LINE ( 'NONE', #4573, #2134 ) ;
#760 = DIRECTION ( 'NONE',  ( -1.000000000000000000, 0.0000000000000000000, 0.0000000000000000000 ) ) ;
#761 = EDGE_CURVE ( 'NONE', #3384, #3458, #2956, .T. ) ;
#762 = VECTOR ( 'NONE', #1742, 1000.000000000000000 ) ;
#763 = ORIENTED_EDGE ( 'NONE', *, *, #2051, .T. ) ;
#764 = SURFACE_STYLE_FILL_AREA ( #421 ) ;
#765 = ADVANCED_FACE ( 'NONE', ( #1031 ), #604, .F. ) ;
#766 = CARTESIAN_POINT ( 'NONE',  ( 0.5000000000000000000, 0.0000000000000000000, -1.500000000000000000 ) ) ;
#767 = VERTEX_POINT ( 'NONE', #2620 ) ;
#768 = VECTOR ( 'NONE', #4509, 1000.000000000000000 ) ;
#769 = DIRECTION ( 'NONE',  ( -0.0000000000000000000, 1.000000000000000000, 0.0000000000000000000 ) ) ;
#770 = CARTESIAN_POINT ( 'NONE',  ( 0.2999999999999999889, 0.0000000000000000000, 1.050000000000000044 ) ) ;
#771 = EDGE_CURVE ( 'NONE', #3774, #4073, #2126, .T. ) ;
#772 = VECTOR ( 'NONE', #741, 1000.000000000000000 ) ;
#773 = EDGE_LOOP ( 'NONE', ( #2399, #4695, #3576, #2697 ) ) ;
#774 = STYLED_ITEM ( 'NONE', ( #4466 ), #2568 ) ;
#775 = SURFACE_STYLE_USAGE ( .BOTH. , #450 ) ;
#776 = AXIS2_PLACEMENT_3D ( 'NONE', #3953, #3159, #4353 ) ;
#777 = CARTESIAN_POINT ( 'NONE',  ( 0.0000000000000000000, 0.2500000000000000000, 0.1000000000000000056 ) ) ;
#778 = FACE_OUTER_BOUND ( 'NONE', #4826, .T. ) ;
#779 = ORIENTED_EDGE ( 'NONE', *, *, #1432, .T. ) ;
#780 = AXIS2_PLACEMENT_3D ( 'NONE', #1222, #1563, #3181 ) ;
#781 = AXIS2_PLACEMENT_3D ( 'NONE', #517, #3577, #1764 ) ;
#782 = CARTESIAN_POINT ( 'NONE',  ( -1.550000000000000266, 0.2500000000000000000, 0.6999999999999999556 ) ) ;
#783 = EDGE_CURVE ( 'NONE', #2203, #767, #1001, .T. ) ;
#784 = DIRECTION ( 'NONE',  ( -1.000000000000000000, -0.0000000000000000000, 0.0000000000000000000 ) ) ;
#785 = VECTOR ( 'NONE', #4720, 1000.000000000000000 ) ;
#786 = CARTESIAN_POINT ( 'NONE',  ( 0.6999999999999999556, 0.0000000000000000000, -1.550000000000000266 ) ) ;
#787 = FACE_OUTER_BOUND ( 'NONE', #719, .T. ) ;
#788 = ORIENTED_EDGE ( 'NONE', *, *, #2219, .F. ) ;
#789 = DIRECTION ( 'NONE',  ( 0.0000000000000000000, 1.000000000000000000, 0.0000000000000000000 ) ) ;
#790 = EDGE_CURVE ( 'NONE', #3665, #1048, #1441, .T. ) ;
#791 = LINE ( 'NONE', #4674, #2363 ) ;
#792 = VECTOR ( 'NONE', #2471, 1000.000000000000000 ) ;
#793 = ORIENTED_EDGE ( 'NONE', *, *, #2251, .F. ) ;
#794 = LINE ( 'NONE', #1195, #4864 ) ;
#795 = AXIS2_PLACEMENT_3D ( 'NONE', #4274, #53, #4592 ) ;
#796 = EDGE_LOOP ( 'NONE', ( #1347, #3248, #1790, #2625, #3695, #2103 ) ) ;
#797 = VERTEX_POINT ( 'NONE', #1082 ) ;
#798 = EDGE_CURVE ( 'NONE', #1822, #3765, #2903, .T. ) ;
#799 = SURFACE_STYLE_USAGE ( .BOTH. , #2694 ) ;
#800 = LINE ( 'NONE', #3853, #4637 ) ;
#801 = ORIENTED_EDGE ( 'NONE', *, *, #95, .T. ) ;
#802 = CARTESIAN_POINT ( 'NONE',  ( -1.550000000000000266, 0.2500000000000000000, -0.2999999999999999889 ) ) ;
#803 = ORIENTED_EDGE ( 'NONE', *, *, #1665, .T. ) ;
#804 = CARTESIAN_POINT ( 'NONE',  ( 0.9000000000000001332, 0.2500000000000000000, -1.550000000000000266 ) ) ;
#805 = LINE ( 'NONE', #4668, #2043 ) ;
#806 = CARTESIAN_POINT ( 'NONE',  ( 1.500000000000000000, 0.05000000000000000278, 0.9000000000000001332 ) ) ;
#807 = LINE ( 'NONE', #1956, #3852 ) ;
#808 = CARTESIAN_POINT ( 'NONE',  ( -0.1000000000000000056, 0.0000000000000000000, 0.0000000000000000000 ) ) ;
#809 = EDGE_LOOP ( 'NONE', ( #3180, #4575, #3610, #97 ) ) ;
#810 = DIRECTION ( 'NONE',  ( 1.000000000000000000, 0.0000000000000000000, -0.0000000000000000000 ) ) ;
#811 = UNCERTAINTY_MEASURE_WITH_UNIT (LENGTH_MEASURE( 1.000000000000000082E-05 ), #98, 'distance_accuracy_value', 'NONE');
#812 = DIRECTION ( 'NONE',  ( 0.0000000000000000000, 0.0000000000000000000, 1.000000000000000000 ) ) ;
#813 = CARTESIAN_POINT ( 'NONE',  ( 0.9000000000000001332, 0.0000000000000000000, 0.0000000000000000000 ) ) ;
#814 = EDGE_CURVE ( 'NONE', #3774, #4794, #3366, .T. ) ;
#815 = ORIENTED_EDGE ( 'NONE', *, *, #480, .T. ) ;
#816 = EDGE_LOOP ( 'NONE', ( #4732, #2615, #1909, #2796 ) ) ;
#817 = CARTESIAN_POINT ( 'NONE',  ( -1.550000000000000266, 0.2500000000000000000, 0.1000000000000000056 ) ) ;
#818 = CARTESIAN_POINT ( 'NONE',  ( -0.9598984234164026352, 0.5499999999999998224, 1.122591964275656995 ) ) ;
#819 = VERTEX_POINT ( 'NONE', #1848 ) ;
#820 = ADVANCED_FACE ( 'NONE', ( #4854 ), #1417, .F. ) ;
#821 = ORIENTED_EDGE ( 'NONE', *, *, #1332, .T. ) ;
#822 = EDGE_CURVE ( 'NONE', #2580, #3799, #4508, .T. ) ;
#823 = DIRECTION ( 'NONE',  ( -0.0000000000000000000, -1.000000000000000000, -0.0000000000000000000 ) ) ;
#824 = PLANE ( 'NONE',  #695 ) ;
#825 = EDGE_CURVE ( 'NONE', #2006, #600, #1365, .T. ) ;
#826 = VERTEX_POINT ( 'NONE', #1465 ) ;
#827 = CLOSED_SHELL ( 'NONE', ( #4206, #4422, #1938, #3279, #3179, #3808, #2428, #1857 ) ) ;
#828 = LINE ( 'NONE', #3904, #522 ) ;
#829 = PLANE ( 'NONE',  #2845 ) ;
#830 = VECTOR ( 'NONE', #1729, 1000.000000000000000 ) ;
#831 = EDGE_LOOP ( 'NONE', ( #1831, #4038, #3235, #2565 ) ) ;
#832 = DIRECTION ( 'NONE',  ( -1.000000000000000000, -0.0000000000000000000, -0.0000000000000000000 ) ) ;
#833 = VECTOR ( 'NONE', #1316, 1000.000000000000000 ) ;
#834 = SURFACE_STYLE_USAGE ( .BOTH. , #1573 ) ;
#835 = PLANE ( 'NONE',  #1737 ) ;
#836 = VECTOR ( 'NONE', #4201, 1000.000000000000000 ) ;
#837 = ORIENTED_EDGE ( 'NONE', *, *, #95, .F. ) ;
#838 = ORIENTED_EDGE ( 'NONE', *, *, #1783, .T. ) ;
#839 = CARTESIAN_POINT ( 'NONE',  ( 0.0000000000000000000, 0.05000000000000000278, -0.5000000000000000000 ) ) ;
#840 = DIRECTION ( 'NONE',  ( 0.0000000000000000000, -0.0000000000000000000, 1.000000000000000000 ) ) ;
#841 = CARTESIAN_POINT ( 'NONE',  ( 0.2999999999999999889, 0.05000000000000000278, 0.0000000000000000000 ) ) ;
#842 = VECTOR ( 'NONE', #423, 1000.000000000000000 ) ;
#843 = ORIENTED_EDGE ( 'NONE', *, *, #1783, .F. ) ;
#844 = EDGE_LOOP ( 'NONE', ( #1562, #4689, #154, #4632 ) ) ;
#845 = VECTOR ( 'NONE', #823, 1000.000000000000000 ) ;
#846 = LINE ( 'NONE', #1200, #4150 ) ;
#847 = EDGE_CURVE ( 'NONE', #1550, #3882, #3007, .T. ) ;
#848 = VECTOR ( 'NONE', #2454, 1000.000000000000000 ) ;
#849 = LINE ( 'NONE', #76, #60 ) ;
#850 = EDGE_LOOP ( 'NONE', ( #669, #3686, #3742, #779, #2711, #1264 ) ) ;
#851 = AXIS2_PLACEMENT_3D ( 'NONE', #1497, #4669, #1569 ) ;
#852 = LINE ( 'NONE', #431, #1305 ) ;
#853 = CARTESIAN_POINT ( 'NONE',  ( -1.550000000000000266, 0.0000000000000000000, 0.5000000000000000000 ) ) ;
#854 = EDGE_CURVE ( 'NONE', #172, #4130, #4153, .T. ) ;
#855 = VECTOR ( 'NONE', #2984, 1000.000000000000000 ) ;
#856 = VECTOR ( 'NONE', #4178, 1000.000000000000000 ) ;
#857 = CARTESIAN_POINT ( 'NONE',  ( 0.1000000000000000056, 0.0000000000000000000, -1.050000000000000044 ) ) ;
#858 = ORIENTED_EDGE ( 'NONE', *, *, #2657, .F. ) ;
#859 = DIRECTION ( 'NONE',  ( -1.000000000000000000, 0.0000000000000000000, -0.0000000000000000000 ) ) ;
#860 = CARTESIAN_POINT ( 'NONE',  ( 0.6999999999999999556, 0.2500000000000000000, -1.500000000000000000 ) ) ;
#861 = EDGE_CURVE ( 'NONE', #1903, #1634, #2510, .T. ) ;
#862 = PLANE ( 'NONE',  #1026 ) ;
#863 = SURFACE_SIDE_STYLE ('',( #3002 ) ) ;
#864 = ORIENTED_EDGE ( 'NONE', *, *, #4652, .F. ) ;
#865 = EDGE_LOOP ( 'NONE', ( #1666, #729, #989, #1606 ) ) ;
#866 = CARTESIAN_POINT ( 'NONE',  ( -1.500000000000000000, 0.05000000000000000278, -0.6999999999999999556 ) ) ;
#867 = CARTESIAN_POINT ( 'NONE',  ( -0.1000000000000000056, 0.05000000000000000278, -1.500000000000000000 ) ) ;
#868 = DIRECTION ( 'NONE',  ( -1.000000000000000000, 0.0000000000000000000, -0.0000000000000000000 ) ) ;
#869 = MECHANICAL_DESIGN_GEOMETRIC_PRESENTATION_REPRESENTATION (  '', ( #2292 ), #2872 ) ;
#870 = ORIENTED_EDGE ( 'NONE', *, *, #4339, .F. ) ;
#871 = ORIENTED_EDGE ( 'NONE', *, *, #1300, .T. ) ;
#872 = FILL_AREA_STYLE ('',( #3230 ) ) ;
#873 = VECTOR ( 'NONE', #336, 1000.000000000000000 ) ;
#874 = DIRECTION ( 'NONE',  ( -0.0000000000000000000, 1.000000000000000000, 0.0000000000000000000 ) ) ;
#875 = VERTEX_POINT ( 'NONE', #2223 ) ;
#876 = DIRECTION ( 'NONE',  ( -0.0000000000000000000, -0.0000000000000000000, -1.000000000000000000 ) ) ;
#877 = EDGE_LOOP ( 'NONE', ( #4901, #455, #2444, #4780, #3047, #441 ) ) ;
#878 = EDGE_CURVE ( 'NONE', #4204, #689, #4076, .T. ) ;
#879 = CARTESIAN_POINT ( 'NONE',  ( -1.500000000000000000, 0.0000000000000000000, 0.5000000000000000000 ) ) ;
#880 = DIRECTION ( 'NONE',  ( 0.0000000000000000000, 1.000000000000000000, 0.0000000000000000000 ) ) ;
#881 = EDGE_LOOP ( 'NONE', ( #4828, #4554, #3935, #3207 ) ) ;
#882 = DIRECTION ( 'NONE',  ( -0.0000000000000000000, -0.0000000000000000000, 1.000000000000000000 ) ) ;
#883 = ADVANCED_FACE ( 'NONE', ( #4127 ), #306, .T. ) ;
#884 = DIRECTION ( 'NONE',  ( 1.000000000000000000, 0.0000000000000000000, -0.0000000000000000000 ) ) ;
#885 = ADVANCED_FACE ( 'NONE', ( #4560 ), #628, .F. ) ;
#886 = CARTESIAN_POINT ( 'NONE',  ( -1.550000000000000266, 0.0000000000000000000, 0.1000000000000000056 ) ) ;
#887 = CARTESIAN_POINT ( 'NONE',  ( -0.8000000000000000444, 0.5499999999999999334, 1.200000000000000178 ) ) ;
#888 = DIRECTION ( 'NONE',  ( 1.000000000000000000, -0.0000000000000000000, 0.0000000000000000000 ) ) ;
#889 = ORIENTED_EDGE ( 'NONE', *, *, #2831, .F. ) ;
#890 = ORIENTED_EDGE ( 'NONE', *, *, #1840, .T. ) ;
#891 = CARTESIAN_POINT ( 'NONE',  ( -0.8000000000000000444, 0.5999999999999999778, 1.250000000000000000 ) ) ;
#892 = PLANE ( 'NONE',  #2427 ) ;
#893 = LINE ( 'NONE', #496, #4792 ) ;
#894 = ORIENTED_EDGE ( 'NONE', *, *, #4830, .T. ) ;
#895 = ORIENTED_EDGE ( 'NONE', *, *, #3307, .T. ) ;
#896 = CARTESIAN_POINT ( 'NONE',  ( -0.5000000000000000000, 0.04999999999999999584, 1.500000000000000000 ) ) ;
#897 = VERTEX_POINT ( 'NONE', #4484 ) ;
#898 = DIRECTION ( 'NONE',  ( 0.0000000000000000000, 1.000000000000000000, 0.0000000000000000000 ) ) ;
#899 = EDGE_LOOP ( 'NONE', ( #3887, #3862, #3750, #2617 ) ) ;
#900 = DIRECTION ( 'NONE',  ( 0.0000000000000000000, 0.0000000000000000000, -1.000000000000000000 ) ) ;
#901 =( NAMED_UNIT ( * ) SI_UNIT ( $, .STERADIAN. ) SOLID_ANGLE_UNIT ( ) );
#902 = CARTESIAN_POINT ( 'NONE',  ( -1.500000000000000000, 0.0000000000000000000, -0.1000000000000000056 ) ) ;
#903 = FACE_OUTER_BOUND ( 'NONE', #90, .T. ) ;
#904 = EDGE_CURVE ( 'NONE', #1357, #193, #3038, .T. ) ;
#905 = CARTESIAN_POINT ( 'NONE',  ( 1.050000000000000044, 0.0000000000000000000, 0.6999999999999999556 ) ) ;
#906 = ORIENTED_EDGE ( 'NONE', *, *, #2424, .F. ) ;
#907 = DIRECTION ( 'NONE',  ( 0.0000000000000000000, 0.0000000000000000000, -1.000000000000000000 ) ) ;
#908 = CLOSED_SHELL ( 'NONE', ( #3574, #4856, #395, #1415, #4328, #1961, #1014, #2541 ) ) ;
#909 = CARTESIAN_POINT ( 'NONE',  ( 1.050000000000000044, 0.0000000000000000000, -0.6999999999999999556 ) ) ;
#910 = CARTESIAN_POINT ( 'NONE',  ( 1.500000000000000000, 0.5999999999999999778, 1.500000000000000000 ) ) ;
#911 = EDGE_CURVE ( 'NONE', #2862, #3791, #2247, .T. ) ;
#912 = VECTOR ( 'NONE', #2422, 1000.000000000000000 ) ;
#913 = FACE_OUTER_BOUND ( 'NONE', #877, .T. ) ;
#914 = EDGE_LOOP ( 'NONE', ( #1815, #204, #2300, #4950, #3636, #3524 ) ) ;
#915 = VECTOR ( 'NONE', #4570, 1000.000000000000000 ) ;
#916 = ORIENTED_EDGE ( 'NONE', *, *, #4301, .T. ) ;
#917 = CARTESIAN_POINT ( 'NONE',  ( 1.050000000000000044, 0.0000000000000000000, -0.6999999999999999556 ) ) ;
#918 = DIRECTION ( 'NONE',  ( 0.0000000000000000000, 1.000000000000000000, 0.0000000000000000000 ) ) ;
#919 = DIRECTION ( 'NONE',  ( 0.0000000000000000000, -0.0000000000000000000, 1.000000000000000000 ) ) ;
#920 = EDGE_CURVE ( 'NONE', #3308, #2975, #2670, .T. ) ;
#921 = VECTOR ( 'NONE', #4431, 1000.000000000000000 ) ;
#922 = ORIENTED_EDGE ( 'NONE', *, *, #3118, .T. ) ;
#923 = ORIENTED_EDGE ( 'NONE', *, *, #2973, .F. ) ;
#924 = CARTESIAN_POINT ( 'NONE',  ( -1.050000000000000044, 0.0000000000000000000, -0.6999999999999999556 ) ) ;
#925 = CARTESIAN_POINT ( 'NONE',  ( -1.550000000000000266, 0.0000000000000000000, -0.2999999999999999889 ) ) ;
#926 = ADVANCED_FACE ( 'NONE', ( #3821 ), #4248, .T. ) ;
#927 = ORIENTED_EDGE ( 'NONE', *, *, #4879, .F. ) ;
#928 = CARTESIAN_POINT ( 'NONE',  ( 0.1000000000000000056, 0.05000000000000000278, 0.0000000000000000000 ) ) ;
#929 = VECTOR ( 'NONE', #339, 1000.000000000000000 ) ;
#930 = ORIENTED_EDGE ( 'NONE', *, *, #3091, .F. ) ;
#931 = CARTESIAN_POINT ( 'NONE',  ( -0.9000000000000001332, 0.05000000000000000278, 0.0000000000000000000 ) ) ;
#932 = LINE ( 'NONE', #4351, #3987 ) ;
#933 = VECTOR ( 'NONE', #4180, 1000.000000000000000 ) ;
#934 = MANIFOLD_SOLID_BREP ( 'NONE', #3072 ) ;
#935 = DIRECTION ( 'NONE',  ( 1.000000000000000000, 0.0000000000000000000, -0.0000000000000000000 ) ) ;
#936 = VERTEX_POINT ( 'NONE', #3058 ) ;
#937 = CARTESIAN_POINT ( 'NONE',  ( -0.3000000000000004885, 0.5999999999999999778, 0.7500000000000000000 ) ) ;
#938 = VECTOR ( 'NONE', #3017, 1000.000000000000000 ) ;
#939 = LINE ( 'NONE', #1301, #4853 ) ;
#940 = VECTOR ( 'NONE', #1609, 1000.000000000000000 ) ;
#941 = SURFACE_SIDE_STYLE ('',( #467 ) ) ;
#942 =( GEOMETRIC_REPRESENTATION_CONTEXT ( 3 ) GLOBAL_UNCERTAINTY_ASSIGNED_CONTEXT ( ( #3380 ) ) GLOBAL_UNIT_ASSIGNED_CONTEXT ( ( #3186, #2777, #901 ) ) REPRESENTATION_CONTEXT ( 'NONE', 'WORKASPACE' ) );
#943 = CARTESIAN_POINT ( 'NONE',  ( -1.500000000000000000, 0.0000000000000000000, -0.6999999999999999556 ) ) ;
#944 = VERTEX_POINT ( 'NONE', #1944 ) ;
#945 = AXIS2_PLACEMENT_3D ( 'NONE', #1147, #4138, #4967 ) ;
#946 = ORIENTED_EDGE ( 'NONE', *, *, #1475, .F. ) ;
#947 = PLANE ( 'NONE',  #781 ) ;
#948 = DIRECTION ( 'NONE',  ( 0.0000000000000000000, 1.000000000000000000, 0.0000000000000000000 ) ) ;
#949 = ADVANCED_FACE ( 'NONE', ( #4179 ), #4953, .F. ) ;
#950 = DIRECTION ( 'NONE',  ( 0.0000000000000000000, 0.0000000000000000000, 1.000000000000000000 ) ) ;
#951 = ORIENTED_EDGE ( 'NONE', *, *, #1854, .T. ) ;
#952 = ORIENTED_EDGE ( 'NONE', *, *, #3210, .T. ) ;
#953 = EDGE_CURVE ( 'NONE', #4399, #3413, #1134, .T. ) ;
#954 = LINE ( 'NONE', #574, #2271 ) ;
#955 = CARTESIAN_POINT ( 'NONE',  ( 0.6999999999999999556, 0.2500000000000000000, -1.550000000000000266 ) ) ;
#956 = VERTEX_POINT ( 'NONE', #3463 ) ;
#957 = VECTOR ( 'NONE', #509, 1000.000000000000000 ) ;
#958 = CARTESIAN_POINT ( 'NONE',  ( 0.0000000000000000000, 0.05000000000000000278, 0.1000000000000000056 ) ) ;
#959 = CARTESIAN_POINT ( 'NONE',  ( -0.6999999999999999556, 0.0000000000000000000, 1.550000000000000266 ) ) ;
#960 = ORIENTED_EDGE ( 'NONE', *, *, #48, .T. ) ;
#961 = CARTESIAN_POINT ( 'NONE',  ( -1.050000000000000044, 0.05000000000000000278, 0.2999999999999999889 ) ) ;
#962 = DIRECTION ( 'NONE',  ( -1.000000000000000000, 0.0000000000000000000, 0.0000000000000000000 ) ) ;
#963 = DIRECTION ( 'NONE',  ( 0.0000000000000000000, -0.0000000000000000000, 1.000000000000000000 ) ) ;
#964 = EDGE_LOOP ( 'NONE', ( #157, #4808, #123, #572, #3997, #4096 ) ) ;
#965 = DIRECTION ( 'NONE',  ( -0.0000000000000000000, -1.000000000000000000, -0.0000000000000000000 ) ) ;
#966 = CARTESIAN_POINT ( 'NONE',  ( 0.2999999999999999889, 0.0000000000000000000, 1.550000000000000266 ) ) ;
#967 = LINE ( 'NONE', #2116, #2601 ) ;
#968 = EDGE_CURVE ( 'NONE', #3343, #96, #2644, .T. ) ;
#969 = ORIENTED_EDGE ( 'NONE', *, *, #4095, .F. ) ;
#970 = EDGE_LOOP ( 'NONE', ( #653, #763, #4524, #1081 ) ) ;
#971 = CARTESIAN_POINT ( 'NONE',  ( 0.0000000000000000000, 0.2500000000000000000, 0.9000000000000001332 ) ) ;
#972 = DIRECTION ( 'NONE',  ( -1.000000000000000000, -0.0000000000000000000, 0.0000000000000000000 ) ) ;
#973 = ORIENTED_EDGE ( 'NONE', *, *, #3232, .F. ) ;
#974 =( LENGTH_UNIT ( ) NAMED_UNIT ( * ) SI_UNIT ( .MILLI., .METRE. ) );
#975 = EDGE_CURVE ( 'NONE', #4548, #3844, #3516, .T. ) ;
#976 = VERTEX_POINT ( 'NONE', #25 ) ;
#977 = CARTESIAN_POINT ( 'NONE',  ( 0.6999999999999999556, 0.05000000000000000278, -1.500000000000000000 ) ) ;
#978 = FACE_OUTER_BOUND ( 'NONE', #3729, .T. ) ;
#979 = DIRECTION ( 'NONE',  ( 0.0000000000000000000, 1.000000000000000000, 0.0000000000000000000 ) ) ;
#980 = ADVANCED_FACE ( 'NONE', ( #4661 ), #3898, .F. ) ;
#981 = PRESENTATION_STYLE_ASSIGNMENT (( #2542 ) ) ;
#982 = ORIENTED_EDGE ( 'NONE', *, *, #1700, .T. ) ;
#983 = CARTESIAN_POINT ( 'NONE',  ( 0.1000000000000000056, 0.0000000000000000000, 1.550000000000000266 ) ) ;
#984 = FACE_OUTER_BOUND ( 'NONE', #3477, .T. ) ;
#985 = FILL_AREA_STYLE_COLOUR ( '', #4398 ) ;
#986 = FACE_OUTER_BOUND ( 'NONE', #2669, .T. ) ;
#987 = DIRECTION ( 'NONE',  ( -1.000000000000000000, 0.0000000000000000000, 0.0000000000000000000 ) ) ;
#988 = DIRECTION ( 'NONE',  ( 0.0000000000000000000, 1.000000000000000000, 0.0000000000000000000 ) ) ;
#989 = ORIENTED_EDGE ( 'NONE', *, *, #2457, .F. ) ;
#990 = CARTESIAN_POINT ( 'NONE',  ( -1.550000000000000266, 0.2500000000000000000, 0.5000000000000000000 ) ) ;
#991 = EDGE_LOOP ( 'NONE', ( #3455, #2294, #1995, #4639, #3062, #3335 ) ) ;
#992 = MANIFOLD_SOLID_BREP ( 'Pin6', #908 ) ;
#993 = EDGE_CURVE ( 'NONE', #875, #2021, #552, .T. ) ;
#994 = CARTESIAN_POINT ( 'NONE',  ( -0.9000000000000001332, 0.0000000000000000000, -1.550000000000000266 ) ) ;
#995 = CARTESIAN_POINT ( 'NONE',  ( -0.5000000000000000000, 0.2500000000000000000, -1.500000000000000000 ) ) ;
#996 = VECTOR ( 'NONE', #3771, 1000.000000000000000 ) ;
#997 = ORIENTED_EDGE ( 'NONE', *, *, #2233, .T. ) ;
#998 = EDGE_LOOP ( 'NONE', ( #4519, #4469, #2736, #4957 ) ) ;
#999 = LINE ( 'NONE', #1386, #3267 ) ;
#1000 = EDGE_CURVE ( 'NONE', #1970, #1525, #1906, .T. ) ;
#1001 = LINE ( 'NONE', #1793, #2032 ) ;
#1002 = DIRECTION ( 'NONE',  ( 0.0000000000000000000, 0.0000000000000000000, 1.000000000000000000 ) ) ;
#1003 = AXIS2_PLACEMENT_3D ( 'NONE', #4644, #432, #3110 ) ;
#1004 = ORIENTED_EDGE ( 'NONE', *, *, #2717, .F. ) ;
#1005 = DIRECTION ( 'NONE',  ( -0.0000000000000000000, -1.000000000000000000, -0.0000000000000000000 ) ) ;
#1006 = ORIENTED_EDGE ( 'NONE', *, *, #3223, .T. ) ;
#1007 = LINE ( 'NONE', #983, #2071 ) ;
#1008 = VECTOR ( 'NONE', #1002, 1000.000000000000000 ) ;
#1009 = DIRECTION ( 'NONE',  ( 0.0000000000000000000, 1.000000000000000000, -0.0000000000000000000 ) ) ;
#1010 = VECTOR ( 'NONE', #832, 1000.000000000000000 ) ;
#1011 = CARTESIAN_POINT ( 'NONE',  ( -1.500000000000000000, 0.05000000000000000278, 0.9000000000000001332 ) ) ;
#1012 = MANIFOLD_SOLID_BREP ( 'Pin8', #3635 ) ;
#1013 = LINE ( 'NONE', #318, #4049 ) ;
#1014 = ADVANCED_FACE ( 'NONE', ( #125 ), #1687, .T. ) ;
#1015 = EDGE_LOOP ( 'NONE', ( #3632, #4869, #4027, #660, #838, #20 ) ) ;
#1016 = CARTESIAN_POINT ( 'NONE',  ( 0.6999999999999999556, 0.0000000000000000000, -1.050000000000000044 ) ) ;
#1017 = AXIS2_PLACEMENT_3D ( 'NONE', #4008, #2369, #935 ) ;
#1018 = PRESENTATION_LAYER_ASSIGNMENT (  '', '', ( #2355 ) ) ;
#1019 = LINE ( 'NONE', #3731, #4306 ) ;
#1020 = AXIS2_PLACEMENT_3D ( 'NONE', #1180, #2228, #2674 ) ;
#1021 = ORIENTED_EDGE ( 'NONE', *, *, #623, .F. ) ;
#1022 = STYLED_ITEM ( 'NONE', ( #1440 ), #2729 ) ;
#1023 = EDGE_LOOP ( 'NONE', ( #1278, #1107, #2873, #2978 ) ) ;
#1024 = CARTESIAN_POINT ( 'NONE',  ( -0.6999999999999999556, 0.05000000000000000278, 1.050000000000000044 ) ) ;
#1025 = PLANE ( 'NONE',  #3579 ) ;
#1026 = AXIS2_PLACEMENT_3D ( 'NONE', #4036, #3959, #492 ) ;
#1027 = ORIENTED_EDGE ( 'NONE', *, *, #1740, .T. ) ;
#1028 = EDGE_LOOP ( 'NONE', ( #2878, #4025, #1781, #472 ) ) ;
#1029 = SHAPE_DEFINITION_REPRESENTATION ( #1651, #3600 ) ;
#1030 = PLANE ( 'NONE',  #4483 ) ;
#1031 = FACE_OUTER_BOUND ( 'NONE', #2667, .T. ) ;
#1032 = CARTESIAN_POINT ( 'NONE',  ( -0.1000000000000000056, 0.2500000000000000000, 1.500000000000000000 ) ) ;
#1033 = EDGE_CURVE ( 'NONE', #1318, #4194, #3175, .T. ) ;
#1034 = ORIENTED_EDGE ( 'NONE', *, *, #3952, .F. ) ;
#1035 = SURFACE_STYLE_FILL_AREA ( #210 ) ;
#1036 = VECTOR ( 'NONE', #657, 1000.000000000000000 ) ;
#1037 = ORIENTED_EDGE ( 'NONE', *, *, #3677, .T. ) ;
#1038 = CARTESIAN_POINT ( 'NONE',  ( 1.050000000000000044, 0.05000000000000000278, -0.2999999999999999889 ) ) ;
#1039 = EDGE_CURVE ( 'NONE', #3769, #3764, #1662, .T. ) ;
#1040 = DIRECTION ( 'NONE',  ( -1.000000000000000000, 0.0000000000000000000, 0.0000000000000000000 ) ) ;
#1041 = VECTOR ( 'NONE', #4886, 1000.000000000000000 ) ;
#1042 = LINE ( 'NONE', #2864, #2214 ) ;
#1043 = EDGE_CURVE ( 'NONE', #1746, #4176, #2849, .T. ) ;
#1044 = LINE ( 'NONE', #637, #4392 ) ;
#1045 = FACE_OUTER_BOUND ( 'NONE', #2798, .T. ) ;
#1046 = EDGE_CURVE ( 'NONE', #3073, #2429, #954, .T. ) ;
#1047 = CARTESIAN_POINT ( 'NONE',  ( 1.050000000000000044, 0.05000000000000000278, 0.9000000000000001332 ) ) ;
#1048 = VERTEX_POINT ( 'NONE', #1359 ) ;
#1049 = FACE_OUTER_BOUND ( 'NONE', #1843, .T. ) ;
#1050 = CARTESIAN_POINT ( 'NONE',  ( 0.0000000000000000000, 0.0000000000000000000, -0.1000000000000000056 ) ) ;
#1051 = EDGE_CURVE ( 'NONE', #4680, #4408, #225, .T. ) ;
#1052 = ORIENTED_EDGE ( 'NONE', *, *, #4135, .T. ) ;
#1053 = LINE ( 'NONE', #2559, #4229 ) ;
#1054 = EDGE_CURVE ( 'NONE', #12, #1087, #4424, .T. ) ;
#1055 = ORIENTED_EDGE ( 'NONE', *, *, #564, .T. ) ;
#1056 = ORIENTED_EDGE ( 'NONE', *, *, #2226, .T. ) ;
#1057 =( NAMED_UNIT ( * ) SI_UNIT ( $, .STERADIAN. ) SOLID_ANGLE_UNIT ( ) );
#1058 = CARTESIAN_POINT ( 'NONE',  ( 0.0000000000000000000, 0.2500000000000000000, 0.2999999999999999889 ) ) ;
#1059 = FACE_OUTER_BOUND ( 'NONE', #3120, .T. ) ;
#1060 = MANIFOLD_SOLID_BREP ( 'Pin17', #591 ) ;
#1061 = ORIENTED_EDGE ( 'NONE', *, *, #4552, .T. ) ;
#1062 = CARTESIAN_POINT ( 'NONE',  ( 0.2999999999999999889, 0.2500000000000000000, -1.550000000000000266 ) ) ;
#1063 = CARTESIAN_POINT ( 'NONE',  ( 0.0000000000000000000, 0.05000000000000000278, 0.9000000000000001332 ) ) ;
#1064 = EDGE_CURVE ( 'NONE', #3882, #4116, #693, .T. ) ;
#1065 = CARTESIAN_POINT ( 'NONE',  ( 0.1000000000000000056, 0.05000000000000000278, 1.500000000000000000 ) ) ;
#1066 = CARTESIAN_POINT ( 'NONE',  ( -1.500000000000000000, 0.0000000000000000000, -0.9000000000000001332 ) ) ;
#1067 = CARTESIAN_POINT ( 'NONE',  ( 1.050000000000000044, 0.0000000000000000000, -0.1000000000000000056 ) ) ;
#1068 = CARTESIAN_POINT ( 'NONE',  ( -1.500000000000000000, 0.5999999999999999778, -1.500000000000000000 ) ) ;
#1069 = ORIENTED_EDGE ( 'NONE', *, *, #268, .T. ) ;
#1070 = CARTESIAN_POINT ( 'NONE',  ( 0.9000000000000001332, 0.0000000000000000000, 1.050000000000000044 ) ) ;
#1071 = ADVANCED_FACE ( 'NONE', ( #3736 ), #4098, .T. ) ;
#1072 = UNCERTAINTY_MEASURE_WITH_UNIT (LENGTH_MEASURE( 1.000000000000000082E-05 ), #974, 'distance_accuracy_value', 'NONE');
#1073 = ORIENTED_EDGE ( 'NONE', *, *, #2260, .F. ) ;
#1074 = ORIENTED_EDGE ( 'NONE', *, *, #4613, .T. ) ;
#1075 = ORIENTED_EDGE ( 'NONE', *, *, #221, .F. ) ;
#1076 = ADVANCED_FACE ( 'NONE', ( #3283 ), #269, .T. ) ;
#1077 = FACE_OUTER_BOUND ( 'NONE', #2767, .T. ) ;
#1078 = VECTOR ( 'NONE', #4210, 1000.000000000000000 ) ;
#1079 = ORIENTED_EDGE ( 'NONE', *, *, #2554, .T. ) ;
#1080 = PRESENTATION_STYLE_ASSIGNMENT (( #2616 ) ) ;
#1081 = ORIENTED_EDGE ( 'NONE', *, *, #4620, .F. ) ;
#1082 = CARTESIAN_POINT ( 'NONE',  ( -0.2999999999999999889, 0.0000000000000000000, -1.550000000000000266 ) ) ;
#1083 = DIRECTION ( 'NONE',  ( 0.0000000000000000000, 0.0000000000000000000, 1.000000000000000000 ) ) ;
#1084 = MANIFOLD_SOLID_BREP ( 'Pin16', #4533 ) ;
#1085 = PLANE ( 'NONE',  #618 ) ;
#1086 = STYLED_ITEM ( 'NONE', ( #2317 ), #992 ) ;
#1087 = VERTEX_POINT ( 'NONE', #3766 ) ;
#1088 = CARTESIAN_POINT ( 'NONE',  ( 1.050000000000000044, 0.05000000000000000278, 0.5000000000000000000 ) ) ;
#1089 = FACE_OUTER_BOUND ( 'NONE', #1198, .T. ) ;
#1090 = CARTESIAN_POINT ( 'NONE',  ( -0.6678171773522401100, 0.5500000000000002665, 0.8491639477818636594 ) ) ;
#1091 = VECTOR ( 'NONE', #3964, 1000.000000000000000 ) ;
#1092 = LINE ( 'NONE', #4817, #1246 ) ;
#1093 = VECTOR ( 'NONE', #4751, 1000.000000000000000 ) ;
#1094 = CARTESIAN_POINT ( 'NONE',  ( -1.550000000000000266, 0.0000000000000000000, 0.9000000000000001332 ) ) ;
#1095 = ORIENTED_EDGE ( 'NONE', *, *, #3027, .F. ) ;
#1096 = LINE ( 'NONE', #1782, #2141 ) ;
#1097 = VECTOR ( 'NONE', #1924, 1000.000000000000000 ) ;
#1098 = ORIENTED_EDGE ( 'NONE', *, *, #3331, .T. ) ;
#1099 = VECTOR ( 'NONE', #3643, 1000.000000000000000 ) ;
#1100 = MECHANICAL_DESIGN_GEOMETRIC_PRESENTATION_REPRESENTATION (  '', ( #458 ), #3509 ) ;
#1101 = VERTEX_POINT ( 'NONE', #327 ) ;
#1102 = CARTESIAN_POINT ( 'NONE',  ( 1.500000000000000000, 0.5999999999999999778, 1.500000000000000000 ) ) ;
#1103 = CARTESIAN_POINT ( 'NONE',  ( -0.2999999999999999889, 0.0000000000000000000, 0.0000000000000000000 ) ) ;
#1104 = PRESENTATION_LAYER_ASSIGNMENT (  '', '', ( #2056 ) ) ;
#1105 = ORIENTED_EDGE ( 'NONE', *, *, #3087, .F. ) ;
#1106 = EDGE_CURVE ( 'NONE', #1535, #3443, #3545, .T. ) ;
#1107 = ORIENTED_EDGE ( 'NONE', *, *, #183, .F. ) ;
#1108 = CARTESIAN_POINT ( 'NONE',  ( 0.0000000000000000000, 0.2500000000000000000, 0.5000000000000000000 ) ) ;
#1109 = AXIS2_PLACEMENT_3D ( 'NONE', #473, #69, #3533 ) ;
#1110 = CARTESIAN_POINT ( 'NONE',  ( -1.050000000000000044, 0.05000000000000000278, -0.2999999999999999889 ) ) ;
#1111 = LINE ( 'NONE', #1466, #610 ) ;
#1112 = CARTESIAN_POINT ( 'NONE',  ( -0.2999999999999999889, 0.05000000000000000278, 1.050000000000000044 ) ) ;
#1113 = ADVANCED_FACE ( 'NONE', ( #1942 ), #2664, .F. ) ;
#1114 = ORIENTED_EDGE ( 'NONE', *, *, #3990, .T. ) ;
#1115 = LINE ( 'NONE', #2626, #873 ) ;
#1116 = DIRECTION ( 'NONE',  ( 0.0000000000000000000, 1.000000000000000000, -0.0000000000000000000 ) ) ;
#1117 = FACE_OUTER_BOUND ( 'NONE', #3042, .T. ) ;
#1118 = CARTESIAN_POINT ( 'NONE',  ( 0.9000000000000001332, 0.2500000000000000000, 0.0000000000000000000 ) ) ;
#1119 = CARTESIAN_POINT ( 'NONE',  ( -1.550000000000000266, 0.0000000000000000000, -0.5000000000000000000 ) ) ;
#1120 = VERTEX_POINT ( 'NONE', #2690 ) ;
#1121 = VECTOR ( 'NONE', #4597, 1000.000000000000000 ) ;
#1122 = PRESENTATION_STYLE_ASSIGNMENT (( #370 ) ) ;
#1123 = DIRECTION ( 'NONE',  ( -0.0000000000000000000, -0.0000000000000000000, 1.000000000000000000 ) ) ;
#1124 = MECHANICAL_DESIGN_GEOMETRIC_PRESENTATION_REPRESENTATION (  '', ( #238 ), #1994 ) ;
#1125 = EDGE_LOOP ( 'NONE', ( #4284, #2392, #3149, #4893 ) ) ;
#1126 = ORIENTED_EDGE ( 'NONE', *, *, #1000, .F. ) ;
#1127 = DIRECTION ( 'NONE',  ( 0.0000000000000000000, 1.000000000000000000, -0.0000000000000000000 ) ) ;
#1128 = CARTESIAN_POINT ( 'NONE',  ( -0.2999999999999999889, 0.0000000000000000000, -1.050000000000000044 ) ) ;
#1129 = EDGE_CURVE ( 'NONE', #2436, #3673, #2999, .T. ) ;
#1130 = EDGE_LOOP ( 'NONE', ( #4875, #1978, #1069, #4082, #1149, #3203 ) ) ;
#1131 =( LENGTH_UNIT ( ) NAMED_UNIT ( * ) SI_UNIT ( .MILLI., .METRE. ) );
#1132 = ORIENTED_EDGE ( 'NONE', *, *, #2831, .T. ) ;
#1133 = DIRECTION ( 'NONE',  ( 0.0000000000000000000, -0.0000000000000000000, 1.000000000000000000 ) ) ;
#1134 = LINE ( 'NONE', #408, #3567 ) ;
#1135 = DIRECTION ( 'NONE',  ( -0.0000000000000000000, -0.0000000000000000000, -1.000000000000000000 ) ) ;
#1136 = EDGE_CURVE ( 'NONE', #1087, #2580, #794, .T. ) ;
#1137 = LINE ( 'NONE', #3854, #4567 ) ;
#1138 = EDGE_LOOP ( 'NONE', ( #4338, #1996, #2500, #4536, #858, #1270 ) ) ;
#1139 = CARTESIAN_POINT ( 'NONE',  ( -0.2999999999999999889, 0.05000000000000000278, 1.050000000000000044 ) ) ;
#1140 = DIRECTION ( 'NONE',  ( -0.0000000000000000000, -1.000000000000000000, -0.0000000000000000000 ) ) ;
#1141 = CARTESIAN_POINT ( 'NONE',  ( -0.8000000000000000444, 0.5499999999999999334, 0.8000000000000000444 ) ) ;
#1142 = EDGE_CURVE ( 'NONE', #2333, #3597, #349, .T. ) ;
#1143 = DIRECTION ( 'NONE',  ( 1.000000000000000000, -0.0000000000000000000, 0.0000000000000000000 ) ) ;
#1144 = PLANE ( 'NONE',  #4815 ) ;
#1145 = DIRECTION ( 'NONE',  ( -0.0000000000000000000, 1.000000000000000000, 0.0000000000000000000 ) ) ;
#1146 = ORIENTED_EDGE ( 'NONE', *, *, #3555, .F. ) ;
#1147 = CARTESIAN_POINT ( 'NONE',  ( -0.5000000000000000000, 0.2500000000000000000, -1.550000000000000266 ) ) ;
#1148 = CARTESIAN_POINT ( 'NONE',  ( -0.2999999999999999889, 0.0000000000000000000, 1.500000000000000000 ) ) ;
#1149 = ORIENTED_EDGE ( 'NONE', *, *, #3659, .T. ) ;
#1150 = CARTESIAN_POINT ( 'NONE',  ( 1.500000000000000000, 0.0000000000000000000, -0.9000000000000001332 ) ) ;
#1151 = CARTESIAN_POINT ( 'NONE',  ( 1.500000000000000000, 0.2500000000000000000, -0.5000000000000000000 ) ) ;
#1152 = ORIENTED_EDGE ( 'NONE', *, *, #1926, .T. ) ;
#1153 = SURFACE_STYLE_USAGE ( .BOTH. , #1511 ) ;
#1154 = VERTEX_POINT ( 'NONE', #3053 ) ;
#1155 = EDGE_CURVE ( 'NONE', #4168, #2505, #4265, .T. ) ;
#1156 = FILL_AREA_STYLE_COLOUR ( '', #4704 ) ;
#1157 = DIRECTION ( 'NONE',  ( 0.0000000000000000000, 0.0000000000000000000, -1.000000000000000000 ) ) ;
#1158 = CARTESIAN_POINT ( 'NONE',  ( 0.5000000000000000000, 0.2500000000000000000, -1.500000000000000000 ) ) ;
#1159 = ORIENTED_EDGE ( 'NONE', *, *, #3738, .F. ) ;
#1160 = EDGE_CURVE ( 'NONE', #3638, #1275, #3032, .T. ) ;
#1161 = AXIS2_PLACEMENT_3D ( 'NONE', #2231, #3315, #4837 ) ;
#1162 = FACE_OUTER_BOUND ( 'NONE', #676, .T. ) ;
#1163 = EDGE_CURVE ( 'NONE', #1588, #3369, #3868, .T. ) ;
#1164 = FACE_OUTER_BOUND ( 'NONE', #970, .T. ) ;
#1165 = VECTOR ( 'NONE', #1447, 1000.000000000000000 ) ;
#1166 = LINE ( 'NONE', #2680, #2353 ) ;
#1167 = EDGE_CURVE ( 'NONE', #1526, #826, #2612, .T. ) ;
#1168 = LINE ( 'NONE', #1094, #1615 ) ;
#1169 = VERTEX_POINT ( 'NONE', #3891 ) ;
#1170 = CARTESIAN_POINT ( 'NONE',  ( -0.9000000000000001332, 0.0000000000000000000, 1.050000000000000044 ) ) ;
#1171 = VECTOR ( 'NONE', #4395, 1000.000000000000000 ) ;
#1172 = CARTESIAN_POINT ( 'NONE',  ( -0.6999999999999999556, 0.0000000000000000000, 1.550000000000000266 ) ) ;
#1173 = AXIS2_PLACEMENT_3D ( 'NONE', #860, #84, #4261 ) ;
#1174 = ORIENTED_EDGE ( 'NONE', *, *, #953, .T. ) ;
#1175 = ORIENTED_EDGE ( 'NONE', *, *, #2424, .T. ) ;
#1176 = FILL_AREA_STYLE ('',( #1156 ) ) ;
#1177 = VECTOR ( 'NONE', #3453, 1000.000000000000000 ) ;
#1178 = CARTESIAN_POINT ( 'NONE',  ( 0.0000000000000000000, 0.2500000000000000000, -0.5000000000000000000 ) ) ;
#1179 = MECHANICAL_DESIGN_GEOMETRIC_PRESENTATION_REPRESENTATION (  '', ( #541 ), #942 ) ;
#1180 = CARTESIAN_POINT ( 'NONE',  ( 1.550000000000000266, 0.2500000000000000000, 0.5000000000000000000 ) ) ;
#1181 = VERTEX_POINT ( 'NONE', #3409 ) ;
#1182 = VECTOR ( 'NONE', #1362, 1000.000000000000000 ) ;
#1183 = MECHANICAL_DESIGN_GEOMETRIC_PRESENTATION_REPRESENTATION (  '', ( #65 ), #2360 ) ;
#1184 = CARTESIAN_POINT ( 'NONE',  ( -0.1000000000000000056, 0.05000000000000000278, 0.0000000000000000000 ) ) ;
#1185 = CARTESIAN_POINT ( 'NONE',  ( -1.500000000000000000, 0.2500000000000000000, 0.5000000000000000000 ) ) ;
#1186 = CARTESIAN_POINT ( 'NONE',  ( -1.500000000000000000, 0.5999999999999999778, 1.500000000000000000 ) ) ;
#1187 = LINE ( 'NONE', #417, #2911 ) ;
#1188 = ORIENTED_EDGE ( 'NONE', *, *, #3348, .F. ) ;
#1189 = DIRECTION ( 'NONE',  ( -1.000000000000000000, 0.0000000000000000000, -0.0000000000000000000 ) ) ;
#1190 = ADVANCED_FACE ( 'NONE', ( #443 ), #1485, .T. ) ;
#1191 = LINE ( 'NONE', #3529, #4572 ) ;
#1192 = EDGE_CURVE ( 'NONE', #3721, #944, #3440, .T. ) ;
#1193 = PRESENTATION_LAYER_ASSIGNMENT (  '', '', ( #2624 ) ) ;
#1194 = VERTEX_POINT ( 'NONE', #3846 ) ;
#1195 = CARTESIAN_POINT ( 'NONE',  ( -0.6999999999999999556, 0.0000000000000000000, 1.050000000000000044 ) ) ;
#1196 = FACE_OUTER_BOUND ( 'NONE', #2483, .T. ) ;
#1197 = VECTOR ( 'NONE', #2855, 1000.000000000000000 ) ;
#1198 = EDGE_LOOP ( 'NONE', ( #3077, #3848, #1229, #1772 ) ) ;
#1199 = SURFACE_STYLE_FILL_AREA ( #1176 ) ;
#1200 = CARTESIAN_POINT ( 'NONE',  ( 1.550000000000000266, 0.0000000000000000000, 0.2999999999999999889 ) ) ;
#1201 = CARTESIAN_POINT ( 'NONE',  ( 0.0000000000000000000, 0.05000000000000000278, 0.6999999999999999556 ) ) ;
#1202 = ORIENTED_EDGE ( 'NONE', *, *, #3036, .F. ) ;
#1203 = DIRECTION ( 'NONE',  ( 0.0000000000000000000, 0.0000000000000000000, 1.000000000000000000 ) ) ;
#1204 = CARTESIAN_POINT ( 'NONE',  ( -1.550000000000000266, 0.2500000000000000000, -0.6999999999999999556 ) ) ;
#1205 = DIRECTION ( 'NONE',  ( -1.000000000000000000, 0.0000000000000000000, 0.0000000000000000000 ) ) ;
#1206 = LINE ( 'NONE', #2254, #3663 ) ;
#1207 = ORIENTED_EDGE ( 'NONE', *, *, #667, .F. ) ;
#1208 = LINE ( 'NONE', #1186, #1121 ) ;
#1209 = EDGE_CURVE ( 'NONE', #4506, #96, #119, .T. ) ;
#1210 = LINE ( 'NONE', #2728, #1397 ) ;
#1211 = UNCERTAINTY_MEASURE_WITH_UNIT (LENGTH_MEASURE( 1.000000000000000082E-05 ), #4074, 'distance_accuracy_value', 'NONE');
#1212 = DIRECTION ( 'NONE',  ( -1.000000000000000000, -0.0000000000000000000, 0.0000000000000000000 ) ) ;
#1213 = ORIENTED_EDGE ( 'NONE', *, *, #854, .T. ) ;
#1214 = ADVANCED_FACE ( 'NONE', ( #2401 ), #2040, .T. ) ;
#1215 = ORIENTED_EDGE ( 'NONE', *, *, #3150, .T. ) ;
#1216 = DIRECTION ( 'NONE',  ( 0.0000000000000000000, -0.0000000000000000000, 1.000000000000000000 ) ) ;
#1217 = DIRECTION ( 'NONE',  ( 0.0000000000000000000, 0.0000000000000000000, -1.000000000000000000 ) ) ;
#1218 = EDGE_LOOP ( 'NONE', ( #2826, #1338, #3967, #2348 ) ) ;
#1219 = EDGE_CURVE ( 'NONE', #2203, #470, #3200, .T. ) ;
#1220 = FILL_AREA_STYLE ('',( #3874 ) ) ;
#1221 = CARTESIAN_POINT ( 'NONE',  ( -0.5000000000000000000, 0.2500000000000000000, 1.550000000000000266 ) ) ;
#1222 = CARTESIAN_POINT ( 'NONE',  ( -0.8000000000000001554, 0.5999999999999999778, 0.7999999999999999334 ) ) ;
#1223 = EDGE_CURVE ( 'NONE', #1712, #4775, #1238, .T. ) ;
#1224 = PLANE ( 'NONE',  #305 ) ;
#1225 = CARTESIAN_POINT ( 'NONE',  ( -0.1000000000000000056, 0.0000000000000000000, -1.550000000000000266 ) ) ;
#1226 = CARTESIAN_POINT ( 'NONE',  ( -0.5000000000000000000, 0.0000000000000000000, 1.050000000000000044 ) ) ;
#1227 = CARTESIAN_POINT ( 'NONE',  ( -1.050000000000000044, 0.05000000000000000278, 0.6999999999999999556 ) ) ;
#1228 = VECTOR ( 'NONE', #1677, 1000.000000000000000 ) ;
#1229 = ORIENTED_EDGE ( 'NONE', *, *, #3623, .F. ) ;
#1230 = CARTESIAN_POINT ( 'NONE',  ( -0.2999999999999999889, 0.05000000000000000278, 1.500000000000000000 ) ) ;
#1231 = CARTESIAN_POINT ( 'NONE',  ( -0.5000000000000000000, 0.0000000000000000000, -1.500000000000000000 ) ) ;
#1232 = AXIS2_PLACEMENT_3D ( 'NONE', #3013, #1116, #2627 ) ;
#1233 = LINE ( 'NONE', #2420, #4728 ) ;
#1234 = DIRECTION ( 'NONE',  ( 0.0000000000000000000, 0.0000000000000000000, -1.000000000000000000 ) ) ;
#1235 =( GEOMETRIC_REPRESENTATION_CONTEXT ( 3 ) GLOBAL_UNCERTAINTY_ASSIGNED_CONTEXT ( ( #1918 ) ) GLOBAL_UNIT_ASSIGNED_CONTEXT ( ( #1973, #3079, #1513 ) ) REPRESENTATION_CONTEXT ( 'NONE', 'WORKASPACE' ) );
#1236 = ORIENTED_EDGE ( 'NONE', *, *, #4364, .T. ) ;
#1237 = ORIENTED_EDGE ( 'NONE', *, *, #3710, .F. ) ;
#1238 = LINE ( 'NONE', #4747, #3902 ) ;
#1239 = CARTESIAN_POINT ( 'NONE',  ( 0.0000000000000000000, 0.0000000000000000000, -0.2999999999999999889 ) ) ;
#1240 = VECTOR ( 'NONE', #1216, 1000.000000000000000 ) ;
#1241 = ADVANCED_FACE ( 'NONE', ( #1288 ), #892, .T. ) ;
#1242 = ORIENTED_EDGE ( 'NONE', *, *, #4290, .T. ) ;
#1243 = AXIS2_PLACEMENT_3D ( 'NONE', #3926, #3447, #3039 ) ;
#1244 =( NAMED_UNIT ( * ) SI_UNIT ( $, .STERADIAN. ) SOLID_ANGLE_UNIT ( ) );
#1245 = CARTESIAN_POINT ( 'NONE',  ( -1.050000000000000044, 0.05000000000000000278, -0.5000000000000000000 ) ) ;
#1246 = VECTOR ( 'NONE', #215, 1000.000000000000000 ) ;
#1247 = VECTOR ( 'NONE', #2613, 1000.000000000000000 ) ;
#1248 = ORIENTED_EDGE ( 'NONE', *, *, #1380, .T. ) ;
#1249 = CARTESIAN_POINT ( 'NONE',  ( -1.500000000000000000, 0.05000000000000000278, -0.2999999999999999889 ) ) ;
#1250 = ADVANCED_FACE ( 'NONE', ( #547 ), #3920, .T. ) ;
#1251 = VERTEX_POINT ( 'NONE', #70 ) ;
#1252 = FILL_AREA_STYLE_COLOUR ( '', #2053 ) ;
#1253 = VECTOR ( 'NONE', #4156, 1000.000000000000000 ) ;
#1254 = LINE ( 'NONE', #3594, #4627 ) ;
#1255 = PLANE ( 'NONE',  #1390 ) ;
#1256 = VECTOR ( 'NONE', #3824, 1000.000000000000000 ) ;
#1257 = VECTOR ( 'NONE', #2893, 1000.000000000000000 ) ;
#1258 = FACE_OUTER_BOUND ( 'NONE', #2839, .T. ) ;
#1259 = ORIENTED_EDGE ( 'NONE', *, *, #4652, .T. ) ;
#1260 = PLANE ( 'NONE',  #1750 ) ;
#1261 = LINE ( 'NONE', #4336, #1228 ) ;
#1262 = LINE ( 'NONE', #2786, #3753 ) ;
#1263 = CARTESIAN_POINT ( 'NONE',  ( 0.1000000000000000056, 0.0000000000000000000, 1.500000000000000000 ) ) ;
#1264 = ORIENTED_EDGE ( 'NONE', *, *, #3087, .T. ) ;
#1265 = ORIENTED_EDGE ( 'NONE', *, *, #1219, .T. ) ;
#1266 = CARTESIAN_POINT ( 'NONE',  ( 0.0000000000000000000, 0.2500000000000000000, -0.9000000000000001332 ) ) ;
#1267 = CARTESIAN_POINT ( 'NONE',  ( -0.9000000000000001332, 0.0000000000000000000, 0.0000000000000000000 ) ) ;
#1268 = VECTOR ( 'NONE', #3939, 1000.000000000000000 ) ;
#1269 = ORIENTED_EDGE ( 'NONE', *, *, #3558, .T. ) ;
#1270 = ORIENTED_EDGE ( 'NONE', *, *, #3428, .T. ) ;
#1271 = ADVANCED_FACE ( 'NONE', ( #3145 ), #1580, .T. ) ;
#1272 = AXIS2_PLACEMENT_3D ( 'NONE', #1726, #1832, #1756 ) ;
#1273 = CARTESIAN_POINT ( 'NONE',  ( -1.050000000000000044, 0.05000000000000000278, -0.2999999999999999889 ) ) ;
#1274 = ORIENTED_EDGE ( 'NONE', *, *, #2306, .F. ) ;
#1275 = VERTEX_POINT ( 'NONE', #149 ) ;
#1276 = ADVANCED_FACE ( 'NONE', ( #2842 ), #4699, .F. ) ;
#1277 = CARTESIAN_POINT ( 'NONE',  ( -0.8000000000000001554, 0.5499999999999999334, 1.229289321881345209 ) ) ;
#1278 = ORIENTED_EDGE ( 'NONE', *, *, #3840, .F. ) ;
#1279 = FACE_OUTER_BOUND ( 'NONE', #4195, .T. ) ;
#1280 = EDGE_CURVE ( 'NONE', #2899, #976, #2066, .T. ) ;
#1281 = DIRECTION ( 'NONE',  ( 0.0000000000000000000, 0.0000000000000000000, 1.000000000000000000 ) ) ;
#1282 = DIRECTION ( 'NONE',  ( 0.0000000000000000000, 0.0000000000000000000, 1.000000000000000000 ) ) ;
#1283 = DIRECTION ( 'NONE',  ( 0.0000000000000000000, -0.0000000000000000000, 1.000000000000000000 ) ) ;
#1284 = PRESENTATION_STYLE_ASSIGNMENT (( #4013 ) ) ;
#1285 = CARTESIAN_POINT ( 'NONE',  ( 1.550000000000000266, 0.0000000000000000000, 0.2999999999999999889 ) ) ;
#1286 = EDGE_LOOP ( 'NONE', ( #4446, #3962, #1773, #2551 ) ) ;
#1287 = DIRECTION ( 'NONE',  ( -1.000000000000000000, 0.0000000000000000000, 0.0000000000000000000 ) ) ;
#1288 = FACE_OUTER_BOUND ( 'NONE', #2502, .T. ) ;
#1289 = PLANE ( 'NONE',  #382 ) ;
#1290 = VERTEX_POINT ( 'NONE', #3556 ) ;
#1291 = ORIENTED_EDGE ( 'NONE', *, *, #81, .T. ) ;
#1292 = PRESENTATION_STYLE_ASSIGNMENT (( #1716 ) ) ;
#1293 = DIRECTION ( 'NONE',  ( 0.0000000000000000000, -0.0000000000000000000, 1.000000000000000000 ) ) ;
#1294 = ORIENTED_EDGE ( 'NONE', *, *, #688, .F. ) ;
#1295 = CARTESIAN_POINT ( 'NONE',  ( -0.8000000000000000444, 0.5999999999999999778, 1.249999999999999778 ) ) ;
#1296 = ADVANCED_FACE ( 'NONE', ( #4316 ), #1683, .T. ) ;
#1297 = DIRECTION ( 'NONE',  ( 1.000000000000000000, -0.0000000000000000000, 0.0000000000000000000 ) ) ;
#1298 = DIRECTION ( 'NONE',  ( -0.0000000000000000000, 1.000000000000000000, 0.0000000000000000000 ) ) ;
#1299 = CLOSED_SHELL ( 'NONE', ( #4945, #188, #1713, #120, #4819, #1561, #278, #109 ) ) ;
#1300 = EDGE_CURVE ( 'NONE', #714, #2038, #2453, .T. ) ;
#1301 = CARTESIAN_POINT ( 'NONE',  ( 0.1000000000000000056, 0.2500000000000000000, 1.500000000000000000 ) ) ;
#1302 = VECTOR ( 'NONE', #4916, 1000.000000000000000 ) ;
#1303 = DIRECTION ( 'NONE',  ( 1.000000000000000000, 0.0000000000000000000, -0.0000000000000000000 ) ) ;
#1304 = ORIENTED_EDGE ( 'NONE', *, *, #457, .F. ) ;
#1305 = VECTOR ( 'NONE', #1140, 1000.000000000000000 ) ;
#1306 = CARTESIAN_POINT ( 'NONE',  ( 1.550000000000000266, 0.0000000000000000000, -0.9000000000000001332 ) ) ;
#1307 = DIRECTION ( 'NONE',  ( 0.0000000000000000000, 1.000000000000000000, 0.0000000000000000000 ) ) ;
#1308 = DIRECTION ( 'NONE',  ( -1.000000000000000000, 0.0000000000000000000, -0.0000000000000000000 ) ) ;
#1309 = VERTEX_POINT ( 'NONE', #4017 ) ;
#1310 = AXIS2_PLACEMENT_3D ( 'NONE', #4581, #1127, #2638 ) ;
#1311 = ORIENTED_EDGE ( 'NONE', *, *, #758, .T. ) ;
#1312 = AXIS2_PLACEMENT_3D ( 'NONE', #3122, #1307, #2425 ) ;
#1313 = ORIENTED_EDGE ( 'NONE', *, *, #4706, .T. ) ;
#1314 = PLANE ( 'NONE',  #1754 ) ;
#1315 = SURFACE_STYLE_FILL_AREA ( #559 ) ;
#1316 = DIRECTION ( 'NONE',  ( -0.0000000000000000000, -0.0000000000000000000, 1.000000000000000000 ) ) ;
#1317 = VECTOR ( 'NONE', #1930, 1000.000000000000000 ) ;
#1318 = VERTEX_POINT ( 'NONE', #570 ) ;
#1319 = VECTOR ( 'NONE', #4678, 1000.000000000000000 ) ;
#1320 = LINE ( 'NONE', #2887, #830 ) ;
#1321 = EDGE_CURVE ( 'NONE', #2014, #2114, #474, .T. ) ;
#1322 = AXIS2_PLACEMENT_3D ( 'NONE', #2148, #3690, #1234 ) ;
#1323 = SURFACE_STYLE_FILL_AREA ( #1731 ) ;
#1324 = CARTESIAN_POINT ( 'NONE',  ( 1.500000000000000000, 0.04999999999999999584, 0.6999999999999999556 ) ) ;
#1325 = EDGE_LOOP ( 'NONE', ( #3076, #124, #3691, #4724, #3125, #1638 ) ) ;
#1326 = VECTOR ( 'NONE', #3005, 1000.000000000000000 ) ;
#1327 = ORIENTED_EDGE ( 'NONE', *, *, #1167, .F. ) ;
#1328 = FACE_OUTER_BOUND ( 'NONE', #3946, .T. ) ;
#1329 = EDGE_CURVE ( 'NONE', #944, #52, #4287, .T. ) ;
#1330 = CARTESIAN_POINT ( 'NONE',  ( -0.5997814680194971659, 0.5500000000000001554, 0.9729807916610410112 ) ) ;
#1331 = CARTESIAN_POINT ( 'NONE',  ( 0.5000000000000000000, 0.05000000000000000278, 0.0000000000000000000 ) ) ;
#1332 = EDGE_CURVE ( 'NONE', #4794, #12, #1992, .T. ) ;
#1333 = ORIENTED_EDGE ( 'NONE', *, *, #3484, .T. ) ;
#1334 = ORIENTED_EDGE ( 'NONE', *, *, #2285, .F. ) ;
#1335 = EDGE_CURVE ( 'NONE', #3202, #3057, #4726, .T. ) ;
#1336 = FILL_AREA_STYLE ('',( #4824 ) ) ;
#1337 = PLANE ( 'NONE',  #3907 ) ;
#1338 = ORIENTED_EDGE ( 'NONE', *, *, #710, .F. ) ;
#1339 = FACE_OUTER_BOUND ( 'NONE', #816, .T. ) ;
#1340 = ORIENTED_EDGE ( 'NONE', *, *, #4019, .T. ) ;
#1341 =( LENGTH_UNIT ( ) NAMED_UNIT ( * ) SI_UNIT ( .MILLI., .METRE. ) );
#1342 = DIRECTION ( 'NONE',  ( 0.0000000000000000000, -0.0000000000000000000, 1.000000000000000000 ) ) ;
#1343 = EDGE_CURVE ( 'NONE', #440, #1087, #4342, .T. ) ;
#1344 = DIRECTION ( 'NONE',  ( -1.000000000000000000, 0.0000000000000000000, 0.0000000000000000000 ) ) ;
#1345 = CARTESIAN_POINT ( 'NONE',  ( 0.1000000000000000056, 0.0000000000000000000, 1.550000000000000266 ) ) ;
#1346 = DIRECTION ( 'NONE',  ( 0.0000000000000000000, 1.000000000000000000, 0.0000000000000000000 ) ) ;
#1347 = ORIENTED_EDGE ( 'NONE', *, *, #491, .T. ) ;
#1348 = CARTESIAN_POINT ( 'NONE',  ( -0.4000000000000000777, 0.5499999999999999334, 1.199999999999999956 ) ) ;
#1349 = CARTESIAN_POINT ( 'NONE',  ( 1.500000000000000000, 0.2500000000000000000, -0.2999999999999999889 ) ) ;
#1350 = LINE ( 'NONE', #3316, #3664 ) ;
#1351 = LINE ( 'NONE', #1066, #3832 ) ;
#1352 = DIRECTION ( 'NONE',  ( 0.0000000000000000000, 1.000000000000000000, -0.0000000000000000000 ) ) ;
#1353 = CARTESIAN_POINT ( 'NONE',  ( -0.2999999999999999889, 0.0000000000000000000, -1.050000000000000044 ) ) ;
#1354 = ORIENTED_EDGE ( 'NONE', *, *, #1574, .T. ) ;
#1355 = LINE ( 'NONE', #4795, #1257 ) ;
#1356 = DIRECTION ( 'NONE',  ( -0.0000000000000000000, 1.000000000000000000, 0.0000000000000000000 ) ) ;
#1357 = VERTEX_POINT ( 'NONE', #1709 ) ;
#1358 = EDGE_CURVE ( 'NONE', #2262, #1746, #195, .T. ) ;
#1359 = CARTESIAN_POINT ( 'NONE',  ( -0.5000000000000000000, 0.2500000000000000000, -1.500000000000000000 ) ) ;
#1360 = DIRECTION ( 'NONE',  ( 0.0000000000000000000, 0.0000000000000000000, -1.000000000000000000 ) ) ;
#1361 = ORIENTED_EDGE ( 'NONE', *, *, #3590, .F. ) ;
#1362 = DIRECTION ( 'NONE',  ( 0.0000000000000000000, -1.000000000000000000, -0.0000000000000000000 ) ) ;
#1363 = VERTEX_POINT ( 'NONE', #1802 ) ;
#1364 = DIRECTION ( 'NONE',  ( 0.0000000000000000000, 1.000000000000000000, 0.0000000000000000000 ) ) ;
#1365 = LINE ( 'NONE', #1110, #43 ) ;
#1366 = CARTESIAN_POINT ( 'NONE',  ( -1.550000000000000266, 0.0000000000000000000, -0.9000000000000001332 ) ) ;
#1367 = ORIENTED_EDGE ( 'NONE', *, *, #273, .F. ) ;
#1368 = FACE_OUTER_BOUND ( 'NONE', #4749, .T. ) ;
#1369 = EDGE_CURVE ( 'NONE', #3467, #4000, #1835, .T. ) ;
#1370 = CARTESIAN_POINT ( 'NONE',  ( -0.8000000000000000444, 0.5499999999999998224, 1.229289321881345431 ) ) ;
#1371 = DIRECTION ( 'NONE',  ( 1.000000000000000000, -0.0000000000000000000, 0.0000000000000000000 ) ) ;
#1372 = PLANE ( 'NONE',  #1405 ) ;
#1373 = CARTESIAN_POINT ( 'NONE',  ( 1.550000000000000266, 0.0000000000000000000, -0.6999999999999999556 ) ) ;
#1374 = FACE_OUTER_BOUND ( 'NONE', #1797, .T. ) ;
#1375 = VERTEX_POINT ( 'NONE', #4207 ) ;
#1376 = PLANE ( 'NONE',  #537 ) ;
#1377 = VERTEX_POINT ( 'NONE', #3014 ) ;
#1378 = VECTOR ( 'NONE', #2182, 1000.000000000000000 ) ;
#1379 = CARTESIAN_POINT ( 'NONE',  ( 0.5000000000000000000, 0.2500000000000000000, 0.0000000000000000000 ) ) ;
#1380 = EDGE_CURVE ( 'NONE', #3844, #3501, #3373, .T. ) ;
#1381 = MECHANICAL_DESIGN_GEOMETRIC_PRESENTATION_REPRESENTATION (  '', ( #757 ), #1235 ) ;
#1382 = ORIENTED_EDGE ( 'NONE', *, *, #373, .T. ) ;
#1383 = EDGE_LOOP ( 'NONE', ( #376, #4564, #2266, #4942, #1625, #554 ) ) ;
#1384 = DIRECTION ( 'NONE',  ( -0.0000000000000000000, -1.000000000000000000, -0.0000000000000000000 ) ) ;
#1385 = COLOUR_RGB ( '',0.7529411764705882248, 0.7529411764705882248, 0.7529411764705882248 ) ;
#1386 = CARTESIAN_POINT ( 'NONE',  ( 1.050000000000000044, 0.05000000000000000278, -0.6999999999999999556 ) ) ;
#1387 = CARTESIAN_POINT ( 'NONE',  ( -0.9000000000000001332, 0.0000000000000000000, -1.550000000000000266 ) ) ;
#1388 = DIRECTION ( 'NONE',  ( 1.000000000000000000, 0.0000000000000000000, -0.0000000000000000000 ) ) ;
#1389 = EDGE_CURVE ( 'NONE', #2846, #1841, #128, .T. ) ;
#1390 = AXIS2_PLACEMENT_3D ( 'NONE', #2779, #485, #2701 ) ;
#1391 = EDGE_CURVE ( 'NONE', #1525, #2240, #2569, .T. ) ;
#1392 = ORIENTED_EDGE ( 'NONE', *, *, #704, .F. ) ;
#1393 = LINE ( 'NONE', #959, #690 ) ;
#1394 = CARTESIAN_POINT ( 'NONE',  ( 0.2999999999999999889, 0.2500000000000000000, -1.550000000000000266 ) ) ;
#1395 = AXIS2_PLACEMENT_3D ( 'NONE', #2621, #3367, #1388 ) ;
#1396 = EDGE_CURVE ( 'NONE', #3126, #3918, #2115, .T. ) ;
#1397 = VECTOR ( 'NONE', #3163, 1000.000000000000000 ) ;
#1398 = AXIS2_PLACEMENT_3D ( 'NONE', #4267, #1659, #4396 ) ;
#1399 = FACE_OUTER_BOUND ( 'NONE', #753, .T. ) ;
#1400 = DIRECTION ( 'NONE',  ( 0.0000000000000000000, 0.0000000000000000000, 1.000000000000000000 ) ) ;
#1401 = LINE ( 'NONE', #3377, #4696 ) ;
#1402 = ORIENTED_EDGE ( 'NONE', *, *, #2306, .T. ) ;
#1403 = LINE ( 'NONE', #4520, #3350 ) ;
#1404 = AXIS2_PLACEMENT_3D ( 'NONE', #2027, #134, #2412 ) ;
#1405 = AXIS2_PLACEMENT_3D ( 'NONE', #4404, #2001, #4709 ) ;
#1406 = EDGE_CURVE ( 'NONE', #4544, #2816, #4594, .T. ) ;
#1407 = PRESENTATION_LAYER_ASSIGNMENT (  '', '', ( #3508 ) ) ;
#1408 = VECTOR ( 'NONE', #2841, 1000.000000000000000 ) ;
#1409 = ORIENTED_EDGE ( 'NONE', *, *, #308, .F. ) ;
#1410 = FILL_AREA_STYLE ('',( #1818 ) ) ;
#1411 = LINE ( 'NONE', #1379, #1247 ) ;
#1412 = VECTOR ( 'NONE', #4413, 1000.000000000000000 ) ;
#1413 = ORIENTED_EDGE ( 'NONE', *, *, #4174, .F. ) ;
#1414 = ORIENTED_EDGE ( 'NONE', *, *, #4569, .T. ) ;
#1415 = ADVANCED_FACE ( 'NONE', ( #1117 ), #734, .T. ) ;
#1416 =( NAMED_UNIT ( * ) SI_UNIT ( $, .STERADIAN. ) SOLID_ANGLE_UNIT ( ) );
#1417 = PLANE ( 'NONE',  #2744 ) ;
#1418 = FACE_OUTER_BOUND ( 'NONE', #2684, .T. ) ;
#1419 = ORIENTED_EDGE ( 'NONE', *, *, #3732, .T. ) ;
#1420 = FACE_OUTER_BOUND ( 'NONE', #3714, .T. ) ;
#1421 =( GEOMETRIC_REPRESENTATION_CONTEXT ( 3 ) GLOBAL_UNCERTAINTY_ASSIGNED_CONTEXT ( ( #3786 ) ) GLOBAL_UNIT_ASSIGNED_CONTEXT ( ( #3530, #4439, #3626 ) ) REPRESENTATION_CONTEXT ( 'NONE', 'WORKASPACE' ) );
#1422 = EDGE_LOOP ( 'NONE', ( #1695, #946, #3173, #1215 ) ) ;
#1423 = DIRECTION ( 'NONE',  ( 0.0000000000000000000, -1.000000000000000000, -0.0000000000000000000 ) ) ;
#1424 = EDGE_CURVE ( 'NONE', #3443, #1535, #2274, .T. ) ;
#1425 = FACE_OUTER_BOUND ( 'NONE', #4454, .T. ) ;
#1426 = DIRECTION ( 'NONE',  ( 1.000000000000000000, 0.0000000000000000000, -0.0000000000000000000 ) ) ;
#1427 = CARTESIAN_POINT ( 'NONE',  ( -0.6999999999999999556, 0.2500000000000000000, 1.550000000000000266 ) ) ;
#1428 = DIRECTION ( 'NONE',  ( 0.0000000000000000000, 1.000000000000000000, 0.0000000000000000000 ) ) ;
#1429 = PLANE ( 'NONE',  #4774 ) ;
#1430 = ORIENTED_EDGE ( 'NONE', *, *, #4157, .T. ) ;
#1431 = LINE ( 'NONE', #2257, #1565 ) ;
#1432 = EDGE_CURVE ( 'NONE', #1864, #2262, #4419, .T. ) ;
#1433 = ORIENTED_EDGE ( 'NONE', *, *, #531, .T. ) ;
#1434 = SURFACE_SIDE_STYLE ('',( #2480 ) ) ;
#1435 = DIRECTION ( 'NONE',  ( -1.000000000000000000, 0.0000000000000000000, -0.0000000000000000000 ) ) ;
#1436 = ORIENTED_EDGE ( 'NONE', *, *, #2312, .F. ) ;
#1437 = FILL_AREA_STYLE ('',( #1821 ) ) ;
#1438 = ORIENTED_EDGE ( 'NONE', *, *, #1623, .T. ) ;
#1439 = FILL_AREA_STYLE_COLOUR ( '', #2234 ) ;
#1440 = PRESENTATION_STYLE_ASSIGNMENT (( #4430 ) ) ;
#1441 = LINE ( 'NONE', #231, #1872 ) ;
#1442 = PLANE ( 'NONE',  #2047 ) ;
#1443 = EDGE_LOOP ( 'NONE', ( #2768, #2092, #1500, #1720, #4616, #37 ) ) ;
#1444 = DIRECTION ( 'NONE',  ( 0.0000000000000000000, 0.0000000000000000000, 1.000000000000000000 ) ) ;
#1445 = ORIENTED_EDGE ( 'NONE', *, *, #3307, .F. ) ;
#1446 = CARTESIAN_POINT ( 'NONE',  ( -0.2999999999999999889, 0.05000000000000000278, 1.050000000000000044 ) ) ;
#1447 = DIRECTION ( 'NONE',  ( -0.0000000000000000000, -0.0000000000000000000, -1.000000000000000000 ) ) ;
#1448 = DIRECTION ( 'NONE',  ( 0.0000000000000000000, -0.0000000000000000000, 1.000000000000000000 ) ) ;
#1449 = CARTESIAN_POINT ( 'NONE',  ( 1.500000000000000000, 0.04999999999999999584, -0.9000000000000001332 ) ) ;
#1450 = PLANE ( 'NONE',  #2495 ) ;
#1451 = ORIENTED_EDGE ( 'NONE', *, *, #2739, .F. ) ;
#1452 = CARTESIAN_POINT ( 'NONE',  ( 0.6999999999999999556, 0.0000000000000000000, 1.500000000000000000 ) ) ;
#1453 = EDGE_CURVE ( 'NONE', #3501, #44, #2599, .T. ) ;
#1454 = ORIENTED_EDGE ( 'NONE', *, *, #3940, .T. ) ;
#1455 = CLOSED_SHELL ( 'NONE', ( #407, #725, #4940, #1932, #4741, #2998, #3618, #1271 ) ) ;
#1456 = CARTESIAN_POINT ( 'NONE',  ( -0.8851359480668569146, 0.5500000000000001554, 1.181276880283314901 ) ) ;
#1457 = CARTESIAN_POINT ( 'NONE',  ( -1.550000000000000266, 0.2500000000000000000, 0.9000000000000001332 ) ) ;
#1458 = EDGE_CURVE ( 'NONE', #1634, #2450, #592, .T. ) ;
#1459 = VECTOR ( 'NONE', #4167, 1000.000000000000000 ) ;
#1460 = VERTEX_POINT ( 'NONE', #283 ) ;
#1461 = CARTESIAN_POINT ( 'NONE',  ( 0.2999999999999999889, 0.2500000000000000000, -1.500000000000000000 ) ) ;
#1462 = VERTEX_POINT ( 'NONE', #4889 ) ;
#1463 = DIRECTION ( 'NONE',  ( 0.0000000000000000000, 0.0000000000000000000, 1.000000000000000000 ) ) ;
#1464 = VECTOR ( 'NONE', #755, 1000.000000000000000 ) ;
#1465 = CARTESIAN_POINT ( 'NONE',  ( -1.050000000000000044, 0.05000000000000000278, 0.1000000000000000056 ) ) ;
#1466 = CARTESIAN_POINT ( 'NONE',  ( 1.050000000000000044, 0.05000000000000000278, -0.6999999999999999556 ) ) ;
#1467 = DIRECTION ( 'NONE',  ( -1.000000000000000000, 0.0000000000000000000, -0.0000000000000000000 ) ) ;
#1468 = ORIENTED_EDGE ( 'NONE', *, *, #3705, .F. ) ;
#1469 = PLANE ( 'NONE',  #1232 ) ;
#1470 = DIRECTION ( 'NONE',  ( -0.0000000000000000000, -1.000000000000000000, -0.0000000000000000000 ) ) ;
#1471 = CARTESIAN_POINT ( 'NONE',  ( 0.9000000000000001332, 0.2500000000000000000, 1.550000000000000266 ) ) ;
#1472 = CARTESIAN_POINT ( 'NONE',  ( 1.050000000000000044, 0.05000000000000000278, -0.6999999999999999556 ) ) ;
#1473 = AXIS2_PLACEMENT_3D ( 'NONE', #2925, #3329, #1435 ) ;
#1474 = FACE_OUTER_BOUND ( 'NONE', #1218, .T. ) ;
#1475 = EDGE_CURVE ( 'NONE', #375, #1738, #2232, .T. ) ;
#1476 = ORIENTED_EDGE ( 'NONE', *, *, #3893, .T. ) ;
#1477 = VECTOR ( 'NONE', #4289, 1000.000000000000000 ) ;
#1478 = DIRECTION ( 'NONE',  ( 0.0000000000000000000, 0.0000000000000000000, 1.000000000000000000 ) ) ;
#1479 = ORIENTED_EDGE ( 'NONE', *, *, #3111, .F. ) ;
#1480 = ORIENTED_EDGE ( 'NONE', *, *, #4617, .T. ) ;
#1481 = VECTOR ( 'NONE', #1592, 1000.000000000000000 ) ;
#1482 = ADVANCED_FACE ( 'NONE', ( #31 ), #4276, .F. ) ;
#1483 =( GEOMETRIC_REPRESENTATION_CONTEXT ( 3 ) GLOBAL_UNCERTAINTY_ASSIGNED_CONTEXT ( ( #1813 ) ) GLOBAL_UNIT_ASSIGNED_CONTEXT ( ( #2108, #4085, #4685 ) ) REPRESENTATION_CONTEXT ( 'NONE', 'WORKASPACE' ) );
#1484 = ORIENTED_EDGE ( 'NONE', *, *, #2784, .T. ) ;
#1485 = PLANE ( 'NONE',  #1310 ) ;
#1486 = CARTESIAN_POINT ( 'NONE',  ( -0.9000000000000001332, 0.2500000000000000000, 1.550000000000000266 ) ) ;
#1487 = ORIENTED_EDGE ( 'NONE', *, *, #4086, .F. ) ;
#1488 =( LENGTH_UNIT ( ) NAMED_UNIT ( * ) SI_UNIT ( .MILLI., .METRE. ) );
#1489 = ORIENTED_EDGE ( 'NONE', *, *, #644, .T. ) ;
#1490 = SURFACE_STYLE_FILL_AREA ( #1220 ) ;
#1491 = LINE ( 'NONE', #4202, #4066 ) ;
#1492 = FACE_OUTER_BOUND ( 'NONE', #3056, .T. ) ;
#1493 = VERTEX_POINT ( 'NONE', #1519 ) ;
#1494 = DIRECTION ( 'NONE',  ( 0.0000000000000000000, 0.0000000000000000000, 1.000000000000000000 ) ) ;
#1495 = CARTESIAN_POINT ( 'NONE',  ( -0.7494150703965900551, 0.5499999999999999334, 0.8046807799291715302 ) ) ;
#1496 = VECTOR ( 'NONE', #4964, 1000.000000000000000 ) ;
#1497 = CARTESIAN_POINT ( 'NONE',  ( 0.6999999999999999556, 0.0000000000000000000, -1.500000000000000000 ) ) ;
#1498 = LINE ( 'NONE', #4236, #4662 ) ;
#1499 = CARTESIAN_POINT ( 'NONE',  ( -1.050000000000000044, 0.05000000000000000278, 0.9000000000000001332 ) ) ;
#1500 = ORIENTED_EDGE ( 'NONE', *, *, #3906, .F. ) ;
#1501 = DIRECTION ( 'NONE',  ( 1.000000000000000000, 0.0000000000000000000, -0.0000000000000000000 ) ) ;
#1502 = VECTOR ( 'NONE', #3295, 1000.000000000000000 ) ;
#1503 = UNCERTAINTY_MEASURE_WITH_UNIT (LENGTH_MEASURE( 1.000000000000000082E-05 ), #2955, 'distance_accuracy_value', 'NONE');
#1504 = DIRECTION ( 'NONE',  ( -1.000000000000000000, 0.0000000000000000000, 0.0000000000000000000 ) ) ;
#1505 = ADVANCED_FACE ( 'NONE', ( #1912 ), #3522, .T. ) ;
#1506 = CARTESIAN_POINT ( 'NONE',  ( 0.5000000000000000000, 0.04999999999999999584, -1.500000000000000000 ) ) ;
#1507 = ORIENTED_EDGE ( 'NONE', *, *, #798, .F. ) ;
#1508 = VERTEX_POINT ( 'NONE', #853 ) ;
#1509 = ADVANCED_FACE ( 'NONE', ( #1164 ), #829, .F. ) ;
#1510 = VERTEX_POINT ( 'NONE', #2341 ) ;
#1511 = SURFACE_SIDE_STYLE ('',( #89 ) ) ;
#1512 = EDGE_CURVE ( 'NONE', #3685, #2993, #4687, .T. ) ;
#1513 =( NAMED_UNIT ( * ) SI_UNIT ( $, .STERADIAN. ) SOLID_ANGLE_UNIT ( ) );
#1514 = LINE ( 'NONE', #1587, #2592 ) ;
#1515 = ADVANCED_FACE ( 'NONE', ( #3878 ), #1982, .T. ) ;
#1516 = CARTESIAN_POINT ( 'NONE',  ( 1.500000000000000000, 0.0000000000000000000, -0.1000000000000000056 ) ) ;
#1517 = ORIENTED_EDGE ( 'NONE', *, *, #662, .T. ) ;
#1518 = LINE ( 'NONE', #1225, #4541 ) ;
#1519 = CARTESIAN_POINT ( 'NONE',  ( -0.6999999999999999556, 0.0000000000000000000, -1.050000000000000044 ) ) ;
#1520 = ADVANCED_FACE ( 'NONE', ( #390 ), #1255, .T. ) ;
#1521 = CARTESIAN_POINT ( 'NONE',  ( 0.2999999999999999889, 0.0000000000000000000, -1.050000000000000044 ) ) ;
#1522 = CARTESIAN_POINT ( 'NONE',  ( 1.550000000000000266, 0.0000000000000000000, -0.2999999999999999889 ) ) ;
#1523 = ORIENTED_EDGE ( 'NONE', *, *, #1142, .F. ) ;
#1524 = LINE ( 'NONE', #766, #3992 ) ;
#1525 = VERTEX_POINT ( 'NONE', #1226 ) ;
#1526 = VERTEX_POINT ( 'NONE', #2367 ) ;
#1527 = DIRECTION ( 'NONE',  ( 0.0000000000000000000, 1.000000000000000000, -0.0000000000000000000 ) ) ;
#1528 = ORIENTED_EDGE ( 'NONE', *, *, #39, .T. ) ;
#1529 = ORIENTED_EDGE ( 'NONE', *, *, #4913, .F. ) ;
#1530 = EDGE_CURVE ( 'NONE', #4846, #3667, #2003, .T. ) ;
#1531 = DIRECTION ( 'NONE',  ( -0.0000000000000000000, -1.000000000000000000, 0.0000000000000000000 ) ) ;
#1532 = CARTESIAN_POINT ( 'NONE',  ( 1.500000000000000000, 0.5999999999999999778, -1.500000000000000000 ) ) ;
#1533 = VECTOR ( 'NONE', #1009, 1000.000000000000000 ) ;
#1534 = EDGE_CURVE ( 'NONE', #2153, #3353, #3452, .T. ) ;
#1535 = VERTEX_POINT ( 'NONE', #3493 ) ;
#1536 = DIRECTION ( 'NONE',  ( 0.0000000000000000000, -0.0000000000000000000, 1.000000000000000000 ) ) ;
#1537 = ORIENTED_EDGE ( 'NONE', *, *, #696, .F. ) ;
#1538 = AXIS2_PLACEMENT_3D ( 'NONE', #3271, #510, #4011 ) ;
#1539 = EDGE_CURVE ( 'NONE', #3764, #1169, #3158, .T. ) ;
#1540 = DIRECTION ( 'NONE',  ( 0.0000000000000000000, -0.0000000000000000000, 1.000000000000000000 ) ) ;
#1541 = DIRECTION ( 'NONE',  ( 0.0000000000000000000, 0.0000000000000000000, 1.000000000000000000 ) ) ;
#1542 = EDGE_CURVE ( 'NONE', #1526, #3093, #4711, .T. ) ;
#1543 = VECTOR ( 'NONE', #2025, 1000.000000000000000 ) ;
#1544 = CARTESIAN_POINT ( 'NONE',  ( -0.5000000000000000000, 0.2500000000000000000, -1.550000000000000266 ) ) ;
#1545 = CARTESIAN_POINT ( 'NONE',  ( -1.500000000000000000, 0.05000000000000000278, 0.5000000000000000000 ) ) ;
#1546 = EDGE_CURVE ( 'NONE', #2593, #819, #4256, .T. ) ;
#1547 = ORIENTED_EDGE ( 'NONE', *, *, #3383, .T. ) ;
#1548 = CARTESIAN_POINT ( 'NONE',  ( 1.550000000000000266, 0.2500000000000000000, -0.2999999999999999889 ) ) ;
#1549 = VECTOR ( 'NONE', #4163, 1000.000000000000000 ) ;
#1550 = VERTEX_POINT ( 'NONE', #1936 ) ;
#1551 = ORIENTED_EDGE ( 'NONE', *, *, #4879, .T. ) ;
#1552 = AXIS2_PLACEMENT_3D ( 'NONE', #4007, #561, #4784 ) ;
#1553 = CARTESIAN_POINT ( 'NONE',  ( -0.8505849296034104778, 0.5500000000000001554, 1.195319220070828692 ) ) ;
#1554 = CARTESIAN_POINT ( 'NONE',  ( -0.2999999999999999889, 0.0000000000000000000, -1.500000000000000000 ) ) ;
#1555 = ORIENTED_EDGE ( 'NONE', *, *, #2130, .T. ) ;
#1556 = VECTOR ( 'NONE', #2583, 1000.000000000000000 ) ;
#1557 = VERTEX_POINT ( 'NONE', #1567 ) ;
#1558 = DIRECTION ( 'NONE',  ( -1.000000000000000000, -0.0000000000000000000, 0.0000000000000000000 ) ) ;
#1559 = CARTESIAN_POINT ( 'NONE',  ( 1.050000000000000044, 0.0000000000000000000, -0.9000000000000001332 ) ) ;
#1560 = AXIS2_PLACEMENT_3D ( 'NONE', #3884, #3504, #1282 ) ;
#1561 = ADVANCED_FACE ( 'NONE', ( #3470 ), #3088, .T. ) ;
#1562 = ORIENTED_EDGE ( 'NONE', *, *, #1762, .T. ) ;
#1563 = DIRECTION ( 'NONE',  ( -1.000000000000000000, 0.0000000000000000000, -1.224646799147353207E-16 ) ) ;
#1564 = VERTEX_POINT ( 'NONE', #1185 ) ;
#1565 = VECTOR ( 'NONE', #3704, 1000.000000000000000 ) ;
#1566 = CARTESIAN_POINT ( 'NONE',  ( -1.050000000000000044, 0.05000000000000000278, -0.2999999999999999889 ) ) ;
#1567 = CARTESIAN_POINT ( 'NONE',  ( -0.5000000000000000000, 0.0000000000000000000, -1.050000000000000044 ) ) ;
#1568 = EDGE_CURVE ( 'NONE', #2555, #3126, #805, .T. ) ;
#1569 = DIRECTION ( 'NONE',  ( 0.0000000000000000000, -0.0000000000000000000, 1.000000000000000000 ) ) ;
#1570 = CARTESIAN_POINT ( 'NONE',  ( -0.2999999999999999889, 0.2500000000000000000, 1.550000000000000266 ) ) ;
#1571 = DIRECTION ( 'NONE',  ( 0.0000000000000000000, 0.0000000000000000000, -1.000000000000000000 ) ) ;
#1572 = DIRECTION ( 'NONE',  ( 0.0000000000000000000, 0.0000000000000000000, -1.000000000000000000 ) ) ;
#1573 = SURFACE_SIDE_STYLE ('',( #1598 ) ) ;
#1574 = EDGE_CURVE ( 'NONE', #3764, #2899, #3951, .T. ) ;
#1575 = CARTESIAN_POINT ( 'NONE',  ( -1.550000000000000266, 0.2500000000000000000, 0.9000000000000001332 ) ) ;
#1576 = VECTOR ( 'NONE', #212, 1000.000000000000000 ) ;
#1577 = ORIENTED_EDGE ( 'NONE', *, *, #486, .T. ) ;
#1578 = EDGE_LOOP ( 'NONE', ( #1820, #3845, #1537, #77 ) ) ;
#1579 = CARTESIAN_POINT ( 'NONE',  ( -0.1000000000000000056, 0.0000000000000000000, -1.500000000000000000 ) ) ;
#1580 = PLANE ( 'NONE',  #1312 ) ;
#1581 = LINE ( 'NONE', #3460, #3828 ) ;
#1582 = CIRCLE ( 'NONE', #1836, 0.04999999999999991257 ) ;
#1583 = ADVANCED_FACE ( 'NONE', ( #506 ), #3237, .F. ) ;
#1584 = EDGE_LOOP ( 'NONE', ( #2824, #2478 ) ) ;
#1585 = ORIENTED_EDGE ( 'NONE', *, *, #3150, .F. ) ;
#1586 = CARTESIAN_POINT ( 'NONE',  ( 1.050000000000000044, 0.05000000000000000278, 0.5000000000000000000 ) ) ;
#1587 = CARTESIAN_POINT ( 'NONE',  ( -1.050000000000000044, 0.0000000000000000000, 0.9000000000000001332 ) ) ;
#1588 = VERTEX_POINT ( 'NONE', #3617 ) ;
#1589 = LINE ( 'NONE', #1201, #4240 ) ;
#1590 = EDGE_LOOP ( 'NONE', ( #1489, #483, #1027, #3362, #4269, #3167 ) ) ;
#1591 = CARTESIAN_POINT ( 'NONE',  ( 0.1000000000000000056, 0.05000000000000000278, 1.050000000000000044 ) ) ;
#1592 = DIRECTION ( 'NONE',  ( -1.000000000000000000, -0.0000000000000000000, 0.0000000000000000000 ) ) ;
#1593 = VERTEX_POINT ( 'NONE', #2860 ) ;
#1594 = CARTESIAN_POINT ( 'NONE',  ( -0.5000000000000000000, 0.0000000000000000000, 0.0000000000000000000 ) ) ;
#1595 = CARTESIAN_POINT ( 'NONE',  ( 0.0000000000000000000, 0.05000000000000000278, 0.0000000000000000000 ) ) ;
#1596 = EDGE_CURVE ( 'NONE', #3817, #4506, #1722, .T. ) ;
#1597 = UNCERTAINTY_MEASURE_WITH_UNIT (LENGTH_MEASURE( 1.000000000000000082E-05 ), #2170, 'distance_accuracy_value', 'NONE');
#1598 = SURFACE_STYLE_FILL_AREA ( #4692 ) ;
#1599 = ADVANCED_FACE ( 'NONE', ( #4029 ), #2026, .F. ) ;
#1600 = LINE ( 'NONE', #2757, #3028 ) ;
#1601 = ORIENTED_EDGE ( 'NONE', *, *, #1329, .T. ) ;
#1602 = EDGE_LOOP ( 'NONE', ( #1052, #3615, #3575, #4264 ) ) ;
#1603 = DIRECTION ( 'NONE',  ( 1.000000000000000000, -0.0000000000000000000, 0.0000000000000000000 ) ) ;
#1604 = DIRECTION ( 'NONE',  ( -1.000000000000000000, -0.0000000000000000000, 0.0000000000000000000 ) ) ;
#1605 = FACE_OUTER_BOUND ( 'NONE', #4158, .T. ) ;
#1606 = ORIENTED_EDGE ( 'NONE', *, *, #4026, .T. ) ;
#1607 = ORIENTED_EDGE ( 'NONE', *, *, #518, .T. ) ;
#1608 = CARTESIAN_POINT ( 'NONE',  ( -0.2999999999999999889, 0.05000000000000000278, 1.050000000000000044 ) ) ;
#1609 = DIRECTION ( 'NONE',  ( -1.000000000000000000, -0.0000000000000000000, 0.0000000000000000000 ) ) ;
#1610 = ORIENTED_EDGE ( 'NONE', *, *, #4174, .T. ) ;
#1611 = PRESENTATION_STYLE_ASSIGNMENT (( #2364 ) ) ;
#1612 = CARTESIAN_POINT ( 'NONE',  ( -0.8000000000000002665, 0.5707106781186548350, 0.7500000000000002220 ) ) ;
#1613 = CARTESIAN_POINT ( 'NONE',  ( 1.550000000000000266, 0.2500000000000000000, -0.6999999999999999556 ) ) ;
#1614 = PLANE ( 'NONE',  #3345 ) ;
#1615 = VECTOR ( 'NONE', #2603, 1000.000000000000000 ) ;
#1616 = EDGE_LOOP ( 'NONE', ( #1454, #2759, #3462, #4171 ) ) ;
#1617 = CARTESIAN_POINT ( 'NONE',  ( -0.8000000000000000444, 0.5707106781186546129, 1.250000000000000000 ) ) ;
#1618 = PLANE ( 'NONE',  #1173 ) ;
#1619 = VECTOR ( 'NONE', #1929, 1000.000000000000000 ) ;
#1620 = DIRECTION ( 'NONE',  ( 0.0000000000000000000, 0.0000000000000000000, 1.000000000000000000 ) ) ;
#1621 = LINE ( 'NONE', #4387, #380 ) ;
#1622 = FACE_OUTER_BOUND ( 'NONE', #1767, .T. ) ;
#1623 = EDGE_CURVE ( 'NONE', #2354, #3388, #4406, .T. ) ;
#1624 = COLOUR_RGB ( '',0.7529411764705882248, 0.7529411764705882248, 0.7529411764705882248 ) ;
#1625 = ORIENTED_EDGE ( 'NONE', *, *, #309, .F. ) ;
#1626 = ORIENTED_EDGE ( 'NONE', *, *, #790, .F. ) ;
#1627 = CARTESIAN_POINT ( 'NONE',  ( 0.1000000000000000056, 0.05000000000000000278, 1.050000000000000044 ) ) ;
#1628 = ADVANCED_FACE ( 'NONE', ( #3566 ), #4051, .F. ) ;
#1629 = DIRECTION ( 'NONE',  ( 0.0000000000000000000, -0.0000000000000000000, 1.000000000000000000 ) ) ;
#1630 = CARTESIAN_POINT ( 'NONE',  ( -0.9000000000000001332, 0.0000000000000000000, -1.500000000000000000 ) ) ;
#1631 = VECTOR ( 'NONE', #769, 1000.000000000000000 ) ;
#1632 = ORIENTED_EDGE ( 'NONE', *, *, #1280, .F. ) ;
#1633 = EDGE_CURVE ( 'NONE', #2716, #1690, #4811, .T. ) ;
#1634 = VERTEX_POINT ( 'NONE', #1753 ) ;
#1635 = VECTOR ( 'NONE', #4271, 1000.000000000000000 ) ;
#1636 = VECTOR ( 'NONE', #810, 1000.000000000000000 ) ;
#1637 = VECTOR ( 'NONE', #121, 1000.000000000000000 ) ;
#1638 = ORIENTED_EDGE ( 'NONE', *, *, #2372, .T. ) ;
#1639 = DIRECTION ( 'NONE',  ( 0.0000000000000000000, 0.0000000000000000000, 1.000000000000000000 ) ) ;
#1640 = ADVANCED_FACE ( 'NONE', ( #3292 ), #2128, .T. ) ;
#1641 = ORIENTED_EDGE ( 'NONE', *, *, #1155, .F. ) ;
#1642 = SURFACE_SIDE_STYLE ('',( #1315 ) ) ;
#1643 = STYLED_ITEM ( 'NONE', ( #3699 ), #2643 ) ;
#1644 = LINE ( 'NONE', #902, #921 ) ;
#1645 = DIRECTION ( 'NONE',  ( 1.000000000000000000, 0.0000000000000000000, -0.0000000000000000000 ) ) ;
#1646 = VECTOR ( 'NONE', #1536, 1000.000000000000000 ) ;
#1647 = AXIS2_PLACEMENT_3D ( 'NONE', #2349, #2761, #92 ) ;
#1648 = PLANE ( 'NONE',  #218 ) ;
#1649 = ORIENTED_EDGE ( 'NONE', *, *, #2687, .T. ) ;
#1650 = PLANE ( 'NONE',  #3933 ) ;
#1651 = PRODUCT_DEFINITION_SHAPE ( 'NONE', 'NONE',  #4109 ) ;
#1652 = LINE ( 'NONE', #4740, #1868 ) ;
#1653 = VECTOR ( 'NONE', #3117, 1000.000000000000000 ) ;
#1654 = CARTESIAN_POINT ( 'NONE',  ( 0.5000000000000000000, 0.0000000000000000000, -1.550000000000000266 ) ) ;
#1655 = SURFACE_SIDE_STYLE ('',( #4388 ) ) ;
#1656 = ORIENTED_EDGE ( 'NONE', *, *, #1530, .F. ) ;
#1657 = ORIENTED_EDGE ( 'NONE', *, *, #2810, .T. ) ;
#1658 = CARTESIAN_POINT ( 'NONE',  ( 1.500000000000000000, 0.05000000000000000278, 0.5000000000000000000 ) ) ;
#1659 = DIRECTION ( 'NONE',  ( 1.000000000000000000, -0.0000000000000000000, 0.0000000000000000000 ) ) ;
#1660 = ORIENTED_EDGE ( 'NONE', *, *, #4731, .T. ) ;
#1661 = VERTEX_POINT ( 'NONE', #1345 ) ;
#1662 = LINE ( 'NONE', #3205, #3243 ) ;
#1663 = AXIS2_PLACEMENT_3D ( 'NONE', #1934, #3490, #3084 ) ;
#1664 = CARTESIAN_POINT ( 'NONE',  ( -0.2999999999999999889, 0.2500000000000000000, 0.0000000000000000000 ) ) ;
#1665 = EDGE_CURVE ( 'NONE', #4417, #3202, #4833, .T. ) ;
#1666 = ORIENTED_EDGE ( 'NONE', *, *, #2365, .T. ) ;
#1667 = DIRECTION ( 'NONE',  ( 1.000000000000000000, -0.0000000000000000000, 0.0000000000000000000 ) ) ;
#1668 = VERTEX_POINT ( 'NONE', #2883 ) ;
#1669 = LINE ( 'NONE', #2387, #1197 ) ;
#1670 = FILL_AREA_STYLE_COLOUR ( '', #3922 ) ;
#1671 = CARTESIAN_POINT ( 'NONE',  ( 1.550000000000000266, 0.0000000000000000000, -0.1000000000000000056 ) ) ;
#1672 = DIRECTION ( 'NONE',  ( 0.0000000000000000000, 0.0000000000000000000, 1.000000000000000000 ) ) ;
#1673 = ADVANCED_FACE ( 'NONE', ( #4432 ), #4736, .T. ) ;
#1674 = PLANE ( 'NONE',  #4232 ) ;
#1675 = VERTEX_POINT ( 'NONE', #3672 ) ;
#1676 = DIRECTION ( 'NONE',  ( 0.0000000000000000000, -0.0000000000000000000, 1.000000000000000000 ) ) ;
#1677 = DIRECTION ( 'NONE',  ( -0.0000000000000000000, -0.0000000000000000000, -1.000000000000000000 ) ) ;
#1678 = EDGE_CURVE ( 'NONE', #4067, #2153, #932, .T. ) ;
#1679 = PRESENTATION_STYLE_ASSIGNMENT (( #834 ) ) ;
#1680 = CARTESIAN_POINT ( 'NONE',  ( 0.5000000000000000000, 0.0000000000000000000, 1.550000000000000266 ) ) ;
#1681 = VERTEX_POINT ( 'NONE', #4330 ) ;
#1682 = ORIENTED_EDGE ( 'NONE', *, *, #4244, .F. ) ;
#1683 = PLANE ( 'NONE',  #3984 ) ;
#1684 = DIRECTION ( 'NONE',  ( -0.0000000000000000000, -0.0000000000000000000, 1.000000000000000000 ) ) ;
#1685 = ORIENTED_EDGE ( 'NONE', *, *, #2749, .F. ) ;
#1686 = ORIENTED_EDGE ( 'NONE', *, *, #1926, .F. ) ;
#1687 = PLANE ( 'NONE',  #3733 ) ;
#1688 = LINE ( 'NONE', #3634, #4300 ) ;
#1689 = ORIENTED_EDGE ( 'NONE', *, *, #23, .T. ) ;
#1690 = VERTEX_POINT ( 'NONE', #2806 ) ;
#1691 = ADVANCED_FACE ( 'NONE', ( #903 ), #2440, .T. ) ;
#1692 = CARTESIAN_POINT ( 'NONE',  ( -0.9000000000000001332, 0.05000000000000000278, -1.050000000000000044 ) ) ;
#1693 = DIRECTION ( 'NONE',  ( 0.0000000000000000000, 0.0000000000000000000, 1.000000000000000000 ) ) ;
#1694 = CARTESIAN_POINT ( 'NONE',  ( -0.9000000000000001332, 0.04999999999999999584, 1.500000000000000000 ) ) ;
#1695 = ORIENTED_EDGE ( 'NONE', *, *, #3906, .T. ) ;
#1696 = DIRECTION ( 'NONE',  ( -1.000000000000000000, 0.0000000000000000000, -0.0000000000000000000 ) ) ;
#1697 = EDGE_CURVE ( 'NONE', #1675, #3467, #255, .T. ) ;
#1698 = CLOSED_SHELL ( 'NONE', ( #237, #3253, #3647, #3277, #2581, #3783, #298, #3613 ) ) ;
#1699 = DIRECTION ( 'NONE',  ( 0.0000000000000000000, 1.000000000000000000, 0.0000000000000000000 ) ) ;
#1700 = EDGE_CURVE ( 'NONE', #1557, #24, #3008, .T. ) ;
#1701 = LINE ( 'NONE', #2183, #4563 ) ;
#1702 = AXIS2_PLACEMENT_3D ( 'NONE', #4574, #713, #1571 ) ;
#1703 = LINE ( 'NONE', #2865, #1412 ) ;
#1704 = LINE ( 'NONE', #2866, #792 ) ;
#1705 = VERTEX_POINT ( 'NONE', #727 ) ;
#1706 = AXIS2_PLACEMENT_3D ( 'NONE', #331, #3391, #4925 ) ;
#1707 = ORIENTED_EDGE ( 'NONE', *, *, #2608, .F. ) ;
#1708 = CARTESIAN_POINT ( 'NONE',  ( -1.500000000000000000, 0.2500000000000000000, -0.2999999999999999889 ) ) ;
#1709 = CARTESIAN_POINT ( 'NONE',  ( -1.500000000000000000, 0.2500000000000000000, -0.1000000000000000056 ) ) ;
#1710 = CARTESIAN_POINT ( 'NONE',  ( 1.500000000000000000, 0.5999999999999999778, 1.500000000000000000 ) ) ;
#1711 = MECHANICAL_DESIGN_GEOMETRIC_PRESENTATION_REPRESENTATION (  '', ( #4631 ), #2747 ) ;
#1712 = VERTEX_POINT ( 'NONE', #2248 ) ;
#1713 = ADVANCED_FACE ( 'NONE', ( #1418 ), #3392, .T. ) ;
#1714 = ORIENTED_EDGE ( 'NONE', *, *, #4108, .T. ) ;
#1715 = AXIS2_PLACEMENT_3D ( 'NONE', #3993, #3534, #4677 ) ;
#1716 = SURFACE_STYLE_USAGE ( .BOTH. , #3925 ) ;
#1717 = LINE ( 'NONE', #1664, #291 ) ;
#1718 = VERTEX_POINT ( 'NONE', #3795 ) ;
#1719 = VECTOR ( 'NONE', #4369, 1000.000000000000000 ) ;
#1720 = ORIENTED_EDGE ( 'NONE', *, *, #4181, .F. ) ;
#1721 = CARTESIAN_POINT ( 'NONE',  ( -1.299999999999999822, 0.5999999999999999778, 0.7500000000000005551 ) ) ;
#1722 = LINE ( 'NONE', #2411, #2119 ) ;
#1723 = VECTOR ( 'NONE', #3535, 1000.000000000000000 ) ;
#1724 = ADVANCED_FACE ( 'NONE', ( #3746 ), #2957, .F. ) ;
#1725 = ORIENTED_EDGE ( 'NONE', *, *, #3171, .F. ) ;
#1726 = CARTESIAN_POINT ( 'NONE',  ( 0.5000000000000000000, 0.2500000000000000000, 1.550000000000000266 ) ) ;
#1727 = VECTOR ( 'NONE', #4956, 1000.000000000000000 ) ;
#1728 = PRESENTATION_LAYER_ASSIGNMENT (  '', '', ( #2607 ) ) ;
#1729 = DIRECTION ( 'NONE',  ( -0.0000000000000000000, 0.0000000000000000000, -1.000000000000000000 ) ) ;
#1730 = COLOUR_RGB ( '',0.7529411764705882248, 0.7529411764705882248, 0.7529411764705882248 ) ;
#1731 = FILL_AREA_STYLE ('',( #985 ) ) ;
#1732 = EDGE_CURVE ( 'NONE', #767, #2515, #2224, .T. ) ;
#1733 = COLOUR_RGB ( '',0.7529411764705882248, 0.7529411764705882248, 0.7529411764705882248 ) ;
#1734 = DIRECTION ( 'NONE',  ( -0.0000000000000000000, -1.000000000000000000, 0.0000000000000000000 ) ) ;
#1735 = DIRECTION ( 'NONE',  ( -1.000000000000000000, 0.0000000000000000000, 0.0000000000000000000 ) ) ;
#1736 = CARTESIAN_POINT ( 'NONE',  ( -1.550000000000000266, 0.2500000000000000000, 0.1000000000000000056 ) ) ;
#1737 = AXIS2_PLACEMENT_3D ( 'NONE', #813, #18, #372 ) ;
#1738 = VERTEX_POINT ( 'NONE', #4128 ) ;
#1739 = LINE ( 'NONE', #4094, #2434 ) ;
#1740 = EDGE_CURVE ( 'NONE', #4319, #3660, #4485, .T. ) ;
#1741 = VERTEX_POINT ( 'NONE', #2540 ) ;
#1742 = DIRECTION ( 'NONE',  ( -0.0000000000000000000, -1.000000000000000000, -0.0000000000000000000 ) ) ;
#1743 = DIRECTION ( 'NONE',  ( -0.0000000000000000000, -0.0000000000000000000, 1.000000000000000000 ) ) ;
#1744 = EDGE_CURVE ( 'NONE', #2070, #4416, #1111, .T. ) ;
#1745 =( GEOMETRIC_REPRESENTATION_CONTEXT ( 3 ) GLOBAL_UNCERTAINTY_ASSIGNED_CONTEXT ( ( #1860 ) ) GLOBAL_UNIT_ASSIGNED_CONTEXT ( ( #2814, #4494, #3375 ) ) REPRESENTATION_CONTEXT ( 'NONE', 'WORKASPACE' ) );
#1746 = VERTEX_POINT ( 'NONE', #629 ) ;
#1747 = CARTESIAN_POINT ( 'NONE',  ( 0.2999999999999999889, 0.05000000000000000278, -1.050000000000000044 ) ) ;
#1748 = ORIENTED_EDGE ( 'NONE', *, *, #3500, .T. ) ;
#1749 = SURFACE_STYLE_FILL_AREA ( #3289 ) ;
#1750 = AXIS2_PLACEMENT_3D ( 'NONE', #3135, #167, #859 ) ;
#1751 = FACE_OUTER_BOUND ( 'NONE', #1130, .T. ) ;
#1752 = DIRECTION ( 'NONE',  ( -0.0000000000000000000, -0.0000000000000000000, 1.000000000000000000 ) ) ;
#1753 = CARTESIAN_POINT ( 'NONE',  ( 1.500000000000000000, 0.2500000000000000000, 0.2999999999999999889 ) ) ;
#1754 = AXIS2_PLACEMENT_3D ( 'NONE', #4349, #2775, #900 ) ;
#1755 = ORIENTED_EDGE ( 'NONE', *, *, #1768, .T. ) ;
#1756 = DIRECTION ( 'NONE',  ( -1.000000000000000000, 0.0000000000000000000, -0.0000000000000000000 ) ) ;
#1757 = LINE ( 'NONE', #2031, #594 ) ;
#1758 = FACE_OUTER_BOUND ( 'NONE', #4584, .T. ) ;
#1759 = DIRECTION ( 'NONE',  ( -0.0000000000000000000, -1.000000000000000000, -0.0000000000000000000 ) ) ;
#1760 = PRESENTATION_STYLE_ASSIGNMENT (( #712 ) ) ;
#1761 = CARTESIAN_POINT ( 'NONE',  ( 0.2999999999999999889, 0.2500000000000000000, -1.550000000000000266 ) ) ;
#1762 = EDGE_CURVE ( 'NONE', #2743, #2816, #1874, .T. ) ;
#1763 = EDGE_LOOP ( 'NONE', ( #1055, #3982, #1862, #3591 ) ) ;
#1764 = DIRECTION ( 'NONE',  ( 0.0000000000000000000, 0.0000000000000000000, -1.000000000000000000 ) ) ;
#1765 = LINE ( 'NONE', #2948, #4949 ) ;
#1766 = VERTEX_POINT ( 'NONE', #1032 ) ;
#1767 = EDGE_LOOP ( 'NONE', ( #3083, #4044, #3229, #598 ) ) ;
#1768 = EDGE_CURVE ( 'NONE', #481, #3585, #1794, .T. ) ;
#1769 = DIRECTION ( 'NONE',  ( 0.0000000000000000000, 0.0000000000000000000, 1.000000000000000000 ) ) ;
#1770 = EDGE_CURVE ( 'NONE', #4176, #2505, #4926, .T. ) ;
#1771 = LINE ( 'NONE', #328, #3256 ) ;
#1772 = ORIENTED_EDGE ( 'NONE', *, *, #2868, .F. ) ;
#1773 = ORIENTED_EDGE ( 'NONE', *, *, #1163, .T. ) ;
#1774 = DIRECTION ( 'NONE',  ( -1.000000000000000000, 0.0000000000000000000, 0.0000000000000000000 ) ) ;
#1775 = CARTESIAN_POINT ( 'NONE',  ( -0.6999999999999999556, 0.2500000000000000000, 0.0000000000000000000 ) ) ;
#1776 = EDGE_LOOP ( 'NONE', ( #1333, #2663, #4666, #3183, #4580, #426 ) ) ;
#1777 = LINE ( 'NONE', #4884, #1969 ) ;
#1778 = DIRECTION ( 'NONE',  ( 0.0000000000000000000, 0.0000000000000000000, 1.000000000000000000 ) ) ;
#1779 = CARTESIAN_POINT ( 'NONE',  ( -1.500000000000000000, 0.0000000000000000000, 0.9000000000000001332 ) ) ;
#1780 = DIRECTION ( 'NONE',  ( 1.000000000000000000, -0.0000000000000000000, 0.0000000000000000000 ) ) ;
#1781 = ORIENTED_EDGE ( 'NONE', *, *, #814, .F. ) ;
#1782 = CARTESIAN_POINT ( 'NONE',  ( -1.050000000000000044, 0.0000000000000000000, -0.2999999999999999889 ) ) ;
#1783 = EDGE_CURVE ( 'NONE', #1377, #4216, #2152, .T. ) ;
#1784 = ORIENTED_EDGE ( 'NONE', *, *, #2192, .T. ) ;
#1785 = VECTOR ( 'NONE', #242, 1000.000000000000000 ) ;
#1786 = EDGE_LOOP ( 'NONE', ( #3968, #3130, #927, #2586 ) ) ;
#1787 = DIRECTION ( 'NONE',  ( 0.0000000000000000000, 1.000000000000000000, 0.0000000000000000000 ) ) ;
#1788 = VECTOR ( 'NONE', #3547, 1000.000000000000000 ) ;
#1789 = EDGE_CURVE ( 'NONE', #2290, #411, #4562, .T. ) ;
#1790 = ORIENTED_EDGE ( 'NONE', *, *, #3124, .T. ) ;
#1791 = ORIENTED_EDGE ( 'NONE', *, *, #2285, .T. ) ;
#1792 = CARTESIAN_POINT ( 'NONE',  ( -0.5000000000000000000, 0.2500000000000000000, -1.550000000000000266 ) ) ;
#1793 = CARTESIAN_POINT ( 'NONE',  ( -0.2999999999999999889, 0.05000000000000000278, 0.0000000000000000000 ) ) ;
#1794 = LINE ( 'NONE', #1826, #3418 ) ;
#1795 = ADVANCED_FACE ( 'NONE', ( #1059 ), #673, .T. ) ;
#1796 = VECTOR ( 'NONE', #1527, 1000.000000000000000 ) ;
#1797 = EDGE_LOOP ( 'NONE', ( #2976, #2473, #4679, #4754 ) ) ;
#1798 = DIRECTION ( 'NONE',  ( -0.0000000000000000000, -1.000000000000000000, -0.0000000000000000000 ) ) ;
#1799 = ORIENTED_EDGE ( 'NONE', *, *, #2219, .T. ) ;
#1800 = LINE ( 'NONE', #3344, #323 ) ;
#1801 = CARTESIAN_POINT ( 'NONE',  ( 0.5000000000000000000, 0.2500000000000000000, 1.550000000000000266 ) ) ;
#1802 = CARTESIAN_POINT ( 'NONE',  ( -1.550000000000000266, 0.2500000000000000000, 0.5000000000000000000 ) ) ;
#1803 =( LENGTH_UNIT ( ) NAMED_UNIT ( * ) SI_UNIT ( .MILLI., .METRE. ) );
#1804 = EDGE_CURVE ( 'NONE', #4871, #1154, #2201, .T. ) ;
#1805 = AXIS2_PLACEMENT_3D ( 'NONE', #468, #2730, #3476 ) ;
#1806 = STYLED_ITEM ( 'NONE', ( #1122 ), #2577 ) ;
#1807 = LINE ( 'NONE', #1779, #2208 ) ;
#1808 = CARTESIAN_POINT ( 'NONE',  ( 0.9000000000000001332, 0.0000000000000000000, -1.500000000000000000 ) ) ;
#1809 = ORIENTED_EDGE ( 'NONE', *, *, #1867, .F. ) ;
#1810 = LINE ( 'NONE', #1859, #2693 ) ;
#1811 = VECTOR ( 'NONE', #1005, 1000.000000000000000 ) ;
#1812 = MECHANICAL_DESIGN_GEOMETRIC_PRESENTATION_REPRESENTATION (  '', ( #2355 ), #3016 ) ;
#1813 = UNCERTAINTY_MEASURE_WITH_UNIT (LENGTH_MEASURE( 1.000000000000000082E-05 ), #2108, 'distance_accuracy_value', 'NONE');
#1814 = DIRECTION ( 'NONE',  ( -0.0000000000000000000, -1.000000000000000000, -0.0000000000000000000 ) ) ;
#1815 = ORIENTED_EDGE ( 'NONE', *, *, #1568, .F. ) ;
#1816 = VECTOR ( 'NONE', #3554, 1000.000000000000000 ) ;
#1817 = ADVANCED_FACE ( 'NONE', ( #4905 ), #1442, .T. ) ;
#1818 = FILL_AREA_STYLE_COLOUR ( '', #3412 ) ;
#1819 = CARTESIAN_POINT ( 'NONE',  ( -0.2999999999999999889, 0.2500000000000000000, 1.550000000000000266 ) ) ;
#1820 = ORIENTED_EDGE ( 'NONE', *, *, #2650, .T. ) ;
#1821 = FILL_AREA_STYLE_COLOUR ( '', #2522 ) ;
#1822 = VERTEX_POINT ( 'NONE', #4452 ) ;
#1823 = DIRECTION ( 'NONE',  ( 0.0000000000000000000, 1.000000000000000000, 0.0000000000000000000 ) ) ;
#1824 = EDGE_CURVE ( 'NONE', #3215, #936, #4855, .T. ) ;
#1825 = CARTESIAN_POINT ( 'NONE',  ( 0.6999999999999999556, 0.0000000000000000000, -1.500000000000000000 ) ) ;
#1826 = CARTESIAN_POINT ( 'NONE',  ( 0.9000000000000001332, 0.0000000000000000000, 1.550000000000000266 ) ) ;
#1827 = EDGE_CURVE ( 'NONE', #1275, #875, #3822, .T. ) ;
#1828 = VERTEX_POINT ( 'NONE', #1559 ) ;
#1829 =( LENGTH_UNIT ( ) NAMED_UNIT ( * ) SI_UNIT ( .MILLI., .METRE. ) );
#1830 = VECTOR ( 'NONE', #393, 1000.000000000000000 ) ;
#1831 = ORIENTED_EDGE ( 'NONE', *, *, #169, .F. ) ;
#1832 = DIRECTION ( 'NONE',  ( 0.0000000000000000000, 0.0000000000000000000, -1.000000000000000000 ) ) ;
#1833 = EDGE_CURVE ( 'NONE', #114, #1564, #386, .T. ) ;
#1834 = CARTESIAN_POINT ( 'NONE',  ( 0.5000000000000000000, 0.0000000000000000000, 1.050000000000000044 ) ) ;
#1835 = LINE ( 'NONE', #3755, #929 ) ;
#1836 = AXIS2_PLACEMENT_3D ( 'NONE', #2863, #2782, #2751 ) ;
#1837 = DIRECTION ( 'NONE',  ( -1.000000000000000000, 0.0000000000000000000, -0.0000000000000000000 ) ) ;
#1838 = FILL_AREA_STYLE_COLOUR ( '', #4175 ) ;
#1839 = PLANE ( 'NONE',  #3403 ) ;
#1840 = EDGE_CURVE ( 'NONE', #4130, #3501, #1514, .T. ) ;
#1841 = VERTEX_POINT ( 'NONE', #2645 ) ;
#1842 = LINE ( 'NONE', #320, #4486 ) ;
#1843 = EDGE_LOOP ( 'NONE', ( #2242, #647, #4675, #335 ) ) ;
#1844 = CARTESIAN_POINT ( 'NONE',  ( -0.8000000000000000444, 0.5499999999999999334, 0.8000000000000000444 ) ) ;
#1845 = CARTESIAN_POINT ( 'NONE',  ( -1.050000000000000044, 0.0000000000000000000, 0.2999999999999999889 ) ) ;
#1846 = ORIENTED_EDGE ( 'NONE', *, *, #3803, .F. ) ;
#1847 = VERTEX_POINT ( 'NONE', #2695 ) ;
#1848 = CARTESIAN_POINT ( 'NONE',  ( -1.550000000000000266, 0.2500000000000000000, 0.1000000000000000056 ) ) ;
#1849 = CARTESIAN_POINT ( 'NONE',  ( 1.500000000000000000, 0.04999999999999999584, 0.1000000000000000056 ) ) ;
#1850 = ORIENTED_EDGE ( 'NONE', *, *, #3683, .T. ) ;
#1851 = LINE ( 'NONE', #1139, #3284 ) ;
#1852 = CARTESIAN_POINT ( 'NONE',  ( 0.6999999999999999556, 0.05000000000000000278, 0.0000000000000000000 ) ) ;
#1853 = DIRECTION ( 'NONE',  ( -0.0000000000000000000, -1.000000000000000000, -0.0000000000000000000 ) ) ;
#1854 = EDGE_CURVE ( 'NONE', #4397, #3388, #3899, .T. ) ;
#1855 = LINE ( 'NONE', #806, #140 ) ;
#1856 = CARTESIAN_POINT ( 'NONE',  ( 1.500000000000000000, 0.2500000000000000000, 0.9000000000000001332 ) ) ;
#1857 = ADVANCED_FACE ( 'NONE', ( #1997 ), #2269, .T. ) ;
#1858 = CARTESIAN_POINT ( 'NONE',  ( -1.500000000000000000, 0.5999999999999999778, 1.500000000000000000 ) ) ;
#1859 = CARTESIAN_POINT ( 'NONE',  ( 0.2999999999999999889, 0.05000000000000000278, 0.0000000000000000000 ) ) ;
#1860 = UNCERTAINTY_MEASURE_WITH_UNIT (LENGTH_MEASURE( 1.000000000000000082E-05 ), #2814, 'distance_accuracy_value', 'NONE');
#1861 = EDGE_CURVE ( 'NONE', #2240, #1917, #2740, .T. ) ;
#1862 = ORIENTED_EDGE ( 'NONE', *, *, #3238, .F. ) ;
#1863 = ORIENTED_EDGE ( 'NONE', *, *, #178, .T. ) ;
#1864 = VERTEX_POINT ( 'NONE', #3540 ) ;
#1865 = DIRECTION ( 'NONE',  ( -0.0000000000000000000, -0.0000000000000000000, 1.000000000000000000 ) ) ;
#1866 = CARTESIAN_POINT ( 'NONE',  ( 0.2999999999999999889, 0.2500000000000000000, 1.550000000000000266 ) ) ;
#1867 = EDGE_CURVE ( 'NONE', #1718, #2325, #9, .T. ) ;
#1868 = VECTOR ( 'NONE', #1281, 1000.000000000000000 ) ;
#1869 = VERTEX_POINT ( 'NONE', #1532 ) ;
#1870 = EDGE_LOOP ( 'NONE', ( #651, #1901, #4768, #3866 ) ) ;
#1871 = CARTESIAN_POINT ( 'NONE',  ( -0.1000000000000000056, 0.0000000000000000000, -1.500000000000000000 ) ) ;
#1872 = VECTOR ( 'NONE', #1752, 1000.000000000000000 ) ;
#1873 = DIRECTION ( 'NONE',  ( 0.0000000000000000000, 0.0000000000000000000, 1.000000000000000000 ) ) ;
#1874 = LINE ( 'NONE', #3417, #2848 ) ;
#1875 = VERTEX_POINT ( 'NONE', #3059 ) ;
#1876 = DIRECTION ( 'NONE',  ( -1.000000000000000000, -0.0000000000000000000, 0.0000000000000000000 ) ) ;
#1877 = ORIENTED_EDGE ( 'NONE', *, *, #2994, .T. ) ;
#1878 = FACE_OUTER_BOUND ( 'NONE', #494, .T. ) ;
#1879 = EDGE_CURVE ( 'NONE', #4399, #4773, #1491, .T. ) ;
#1880 = CARTESIAN_POINT ( 'NONE',  ( -0.6780866453407594641, 0.5500000000000002665, 0.8407452411268520054 ) ) ;
#1881 = AXIS2_PLACEMENT_3D ( 'NONE', #4947, #4246, #3813 ) ;
#1882 = LINE ( 'NONE', #4596, #2689 ) ;
#1883 = VECTOR ( 'NONE', #1975, 1000.000000000000000 ) ;
#1884 = ORIENTED_EDGE ( 'NONE', *, *, #4182, .T. ) ;
#1885 = CARTESIAN_POINT ( 'NONE',  ( 1.500000000000000000, 0.0000000000000000000, 0.5000000000000000000 ) ) ;
#1886 = EDGE_CURVE ( 'NONE', #114, #3703, #4612, .T. ) ;
#1887 = VECTOR ( 'NONE', #3354, 1000.000000000000000 ) ;
#1888 = COLOUR_RGB ( '',0.7529411764705882248, 0.7529411764705882248, 0.7529411764705882248 ) ;
#1889 = LINE ( 'NONE', #1575, #1653 ) ;
#1890 = ORIENTED_EDGE ( 'NONE', *, *, #728, .T. ) ;
#1891 = EDGE_LOOP ( 'NONE', ( #374, #4359, #1959, #3254 ) ) ;
#1892 = VECTOR ( 'NONE', #2154, 1000.000000000000000 ) ;
#1893 = AXIS2_PLACEMENT_3D ( 'NONE', #540, #3914, #1620 ) ;
#1894 = ORIENTED_EDGE ( 'NONE', *, *, #975, .T. ) ;
#1895 = ADVANCED_FACE ( 'NONE', ( #3080 ), #2335, .F. ) ;
#1896 = PRODUCT ( '75E822A9-24D3-4482-AE9A-000830EB7141', '75E822A9-24D3-4482-AE9A-000830EB7141', '', ( #4479 ) ) ;
#1897 = CARTESIAN_POINT ( 'NONE',  ( -0.9607194607299458511, 0.5500000000000000444, 0.8775156531927255088 ) ) ;
#1898 = CARTESIAN_POINT ( 'NONE',  ( -1.550000000000000266, 0.0000000000000000000, 0.9000000000000001332 ) ) ;
#1899 =( GEOMETRIC_REPRESENTATION_CONTEXT ( 3 ) GLOBAL_UNCERTAINTY_ASSIGNED_CONTEXT ( ( #2215 ) ) GLOBAL_UNIT_ASSIGNED_CONTEXT ( ( #1131, #4148, #3740 ) ) REPRESENTATION_CONTEXT ( 'NONE', 'WORKASPACE' ) );
#1900 = VECTOR ( 'NONE', #2970, 1000.000000000000000 ) ;
#1901 = ORIENTED_EDGE ( 'NONE', *, *, #3773, .F. ) ;
#1902 = CARTESIAN_POINT ( 'NONE',  ( -0.1000000000000000056, 0.0000000000000000000, -1.050000000000000044 ) ) ;
#1903 = VERTEX_POINT ( 'NONE', #4224 ) ;
#1904 = VECTOR ( 'NONE', #3220, 1000.000000000000000 ) ;
#1905 = ADVANCED_FACE ( 'NONE', ( #4636 ), #1945, .F. ) ;
#1906 = LINE ( 'NONE', #4294, #680 ) ;
#1907 = DIRECTION ( 'NONE',  ( -0.0000000000000000000, 0.0000000000000000000, -1.000000000000000000 ) ) ;
#1908 = CARTESIAN_POINT ( 'NONE',  ( 0.9000000000000001332, 0.04999999999999999584, 1.500000000000000000 ) ) ;
#1909 = ORIENTED_EDGE ( 'NONE', *, *, #449, .F. ) ;
#1910 = CARTESIAN_POINT ( 'NONE',  ( 0.0000000000000000000, 0.05000000000000000278, 1.500000000000000000 ) ) ;
#1911 = CARTESIAN_POINT ( 'NONE',  ( 1.050000000000000044, 0.05000000000000000278, -0.5000000000000000000 ) ) ;
#1912 = FACE_OUTER_BOUND ( 'NONE', #1028, .T. ) ;
#1913 = AXIS2_PLACEMENT_3D ( 'NONE', #1594, #2631, #4209 ) ;
#1914 = CARTESIAN_POINT ( 'NONE',  ( -1.050000000000000044, 0.0000000000000000000, 0.5000000000000000000 ) ) ;
#1915 = DIRECTION ( 'NONE',  ( 0.0000000000000000000, 0.0000000000000000000, 1.000000000000000000 ) ) ;
#1916 = CARTESIAN_POINT ( 'NONE',  ( -1.500000000000000000, 0.0000000000000000000, 0.5000000000000000000 ) ) ;
#1917 = VERTEX_POINT ( 'NONE', #1221 ) ;
#1918 = UNCERTAINTY_MEASURE_WITH_UNIT (LENGTH_MEASURE( 1.000000000000000082E-05 ), #1973, 'distance_accuracy_value', 'NONE');
#1919 = DIRECTION ( 'NONE',  ( -0.0000000000000000000, -0.0000000000000000000, 1.000000000000000000 ) ) ;
#1920 = EDGE_CURVE ( 'NONE', #819, #956, #4250, .T. ) ;
#1921 = ORIENTED_EDGE ( 'NONE', *, *, #2482, .F. ) ;
#1922 = EDGE_CURVE ( 'NONE', #1101, #4680, #800, .T. ) ;
#1923 = CARTESIAN_POINT ( 'NONE',  ( -0.9321828226477631985, 0.5500000000000001554, 1.150836052218135785 ) ) ;
#1924 = DIRECTION ( 'NONE',  ( -0.0000000000000000000, -1.000000000000000000, -0.0000000000000000000 ) ) ;
#1925 = ORIENTED_EDGE ( 'NONE', *, *, #4149, .T. ) ;
#1926 = EDGE_CURVE ( 'NONE', #3026, #2975, #4295, .T. ) ;
#1927 = ORIENTED_EDGE ( 'NONE', *, *, #662, .F. ) ;
#1928 = EDGE_CURVE ( 'NONE', #4, #1903, #846, .T. ) ;
#1929 = DIRECTION ( 'NONE',  ( -0.0000000000000000000, -1.000000000000000000, 0.0000000000000000000 ) ) ;
#1930 = DIRECTION ( 'NONE',  ( 1.000000000000000000, -0.0000000000000000000, 0.0000000000000000000 ) ) ;
#1931 = CARTESIAN_POINT ( 'NONE',  ( 0.9000000000000001332, 0.2500000000000000000, 1.550000000000000266 ) ) ;
#1932 = ADVANCED_FACE ( 'NONE', ( #3875 ), #428, .F. ) ;
#1933 = ORIENTED_EDGE ( 'NONE', *, *, #4114, .F. ) ;
#1934 = CARTESIAN_POINT ( 'NONE',  ( -1.500000000000000000, 0.0000000000000000000, -0.2999999999999999889 ) ) ;
#1935 = FACE_OUTER_BOUND ( 'NONE', #1422, .T. ) ;
#1936 = CARTESIAN_POINT ( 'NONE',  ( -0.6999999999999999556, 0.0000000000000000000, -1.550000000000000266 ) ) ;
#1937 = LINE ( 'NONE', #1955, #2938 ) ;
#1938 = ADVANCED_FACE ( 'NONE', ( #2769 ), #575, .T. ) ;
#1939 = LINE ( 'NONE', #3881, #1459 ) ;
#1940 = ORIENTED_EDGE ( 'NONE', *, *, #1163, .F. ) ;
#1941 = DIRECTION ( 'NONE',  ( 0.0000000000000000000, 1.000000000000000000, 0.0000000000000000000 ) ) ;
#1942 = FACE_OUTER_BOUND ( 'NONE', #464, .T. ) ;
#1943 = ORIENTED_EDGE ( 'NONE', *, *, #822, .F. ) ;
#1944 = CARTESIAN_POINT ( 'NONE',  ( 1.550000000000000266, 0.2500000000000000000, -0.2999999999999999889 ) ) ;
#1945 = PLANE ( 'NONE',  #2682 ) ;
#1946 = EDGE_CURVE ( 'NONE', #1741, #2743, #3257, .T. ) ;
#1947 = VECTOR ( 'NONE', #2211, 1000.000000000000000 ) ;
#1948 = PLANE ( 'NONE',  #2940 ) ;
#1949 = ORIENTED_EDGE ( 'NONE', *, *, #3608, .F. ) ;
#1950 = AXIS2_PLACEMENT_3D ( 'NONE', #4757, #1344, #2486 ) ;
#1951 = LINE ( 'NONE', #1591, #2267 ) ;
#1952 = DIRECTION ( 'NONE',  ( 0.0000000000000000000, 0.0000000000000000000, 1.000000000000000000 ) ) ;
#1953 = EDGE_CURVE ( 'NONE', #2220, #1875, #1717, .T. ) ;
#1954 = VECTOR ( 'NONE', #2718, 1000.000000000000000 ) ;
#1955 = CARTESIAN_POINT ( 'NONE',  ( 1.050000000000000044, 0.05000000000000000278, -0.2999999999999999889 ) ) ;
#1956 = CARTESIAN_POINT ( 'NONE',  ( 0.9000000000000001332, 0.05000000000000000278, 1.050000000000000044 ) ) ;
#1957 = PLANE ( 'NONE',  #3561 ) ;
#1958 = VECTOR ( 'NONE', #2989, 1000.000000000000000 ) ;
#1959 = ORIENTED_EDGE ( 'NONE', *, *, #758, .F. ) ;
#1960 = FACE_OUTER_BOUND ( 'NONE', #4633, .T. ) ;
#1961 = ADVANCED_FACE ( 'NONE', ( #553 ), #126, .T. ) ;
#1962 = UNCERTAINTY_MEASURE_WITH_UNIT (LENGTH_MEASURE( 1.000000000000000082E-05 ), #3539, 'distance_accuracy_value', 'NONE');
#1963 = FACE_OUTER_BOUND ( 'NONE', #3368, .T. ) ;
#1964 = VECTOR ( 'NONE', #880, 1000.000000000000000 ) ;
#1965 = CARTESIAN_POINT ( 'NONE',  ( 0.5000000000000000000, 0.05000000000000000278, -1.050000000000000044 ) ) ;
#1966 = FACE_OUTER_BOUND ( 'NONE', #223, .T. ) ;
#1967 = DIRECTION ( 'NONE',  ( 1.000000000000000000, -0.0000000000000000000, 0.0000000000000000000 ) ) ;
#1968 = DIRECTION ( 'NONE',  ( 0.0000000000000000000, 0.0000000000000000000, 1.000000000000000000 ) ) ;
#1969 = VECTOR ( 'NONE', #3720, 1000.000000000000000 ) ;
#1970 = VERTEX_POINT ( 'NONE', #2094 ) ;
#1971 = VECTOR ( 'NONE', #4120, 1000.000000000000000 ) ;
#1972 = ORIENTED_EDGE ( 'NONE', *, *, #4157, .F. ) ;
#1973 =( LENGTH_UNIT ( ) NAMED_UNIT ( * ) SI_UNIT ( .MILLI., .METRE. ) );
#1974 = STYLED_ITEM ( 'NONE', ( #1080 ), #4288 ) ;
#1975 = DIRECTION ( 'NONE',  ( -0.0000000000000000000, -1.000000000000000000, -0.0000000000000000000 ) ) ;
#1976 = VECTOR ( 'NONE', #2447, 1000.000000000000000 ) ;
#1977 = CARTESIAN_POINT ( 'NONE',  ( -0.9000000000000001332, 0.2500000000000000000, 0.0000000000000000000 ) ) ;
#1978 = ORIENTED_EDGE ( 'NONE', *, *, #2112, .T. ) ;
#1979 = CARTESIAN_POINT ( 'NONE',  ( -0.1000000000000000056, 0.05000000000000000278, -1.050000000000000044 ) ) ;
#1980 = EDGE_CURVE ( 'NONE', #4713, #1970, #2120, .T. ) ;
#1981 = PLANE ( 'NONE',  #2997 ) ;
#1982 = PLANE ( 'NONE',  #683 ) ;
#1983 = CARTESIAN_POINT ( 'NONE',  ( 0.0000000000000000000, 0.2500000000000000000, 0.1000000000000000056 ) ) ;
#1984 = ORIENTED_EDGE ( 'NONE', *, *, #2226, .F. ) ;
#1985 = LINE ( 'NONE', #419, #391 ) ;
#1986 = LINE ( 'NONE', #4577, #3578 ) ;
#1987 = EDGE_CURVE ( 'NONE', #1377, #4116, #3151, .T. ) ;
#1988 = AXIS2_PLACEMENT_3D ( 'NONE', #1011, #4059, #614 ) ;
#1989 = ORIENTED_EDGE ( 'NONE', *, *, #878, .F. ) ;
#1990 = ORIENTED_EDGE ( 'NONE', *, *, #1106, .F. ) ;
#1991 = LINE ( 'NONE', #4725, #2523 ) ;
#1992 = LINE ( 'NONE', #3944, #2277 ) ;
#1993 = DIRECTION ( 'NONE',  ( 1.000000000000000000, -0.0000000000000000000, 0.0000000000000000000 ) ) ;
#1994 =( GEOMETRIC_REPRESENTATION_CONTEXT ( 3 ) GLOBAL_UNCERTAINTY_ASSIGNED_CONTEXT ( ( #4601 ) ) GLOBAL_UNIT_ASSIGNED_CONTEXT ( ( #1341, #205, #2125 ) ) REPRESENTATION_CONTEXT ( 'NONE', 'WORKASPACE' ) );
#1995 = ORIENTED_EDGE ( 'NONE', *, *, #822, .T. ) ;
#1996 = ORIENTED_EDGE ( 'NONE', *, *, #1160, .F. ) ;
#1997 = FACE_OUTER_BOUND ( 'NONE', #3552, .T. ) ;
#1998 = DIRECTION ( 'NONE',  ( -0.0000000000000000000, -0.0000000000000000000, 1.000000000000000000 ) ) ;
#1999 = EDGE_LOOP ( 'NONE', ( #2953, #2675, #2376, #1207 ) ) ;
#2000 = FACE_OUTER_BOUND ( 'NONE', #3562, .T. ) ;
#2001 = DIRECTION ( 'NONE',  ( 0.0000000000000000000, 0.0000000000000000000, -1.000000000000000000 ) ) ;
#2002 = CARTESIAN_POINT ( 'NONE',  ( -0.1000000000000000056, 0.0000000000000000000, -1.500000000000000000 ) ) ;
#2003 = LINE ( 'NONE', #3548, #2588 ) ;
#2004 = ADVANCED_FACE ( 'NONE', ( #2407 ), #4023, .T. ) ;
#2005 = CARTESIAN_POINT ( 'NONE',  ( 0.6999999999999999556, 0.0000000000000000000, -1.050000000000000044 ) ) ;
#2006 = VERTEX_POINT ( 'NONE', #1245 ) ;
#2007 = CARTESIAN_POINT ( 'NONE',  ( -1.550000000000000266, 0.0000000000000000000, -0.1000000000000000056 ) ) ;
#2008 = FACE_OUTER_BOUND ( 'NONE', #2315, .T. ) ;
#2009 =( NAMED_UNIT ( * ) SI_UNIT ( $, .STERADIAN. ) SOLID_ANGLE_UNIT ( ) );
#2010 = EDGE_CURVE ( 'NONE', #2450, #1712, #4805, .T. ) ;
#2011 = CARTESIAN_POINT ( 'NONE',  ( -1.500000000000000000, 0.0000000000000000000, 0.2999999999999999889 ) ) ;
#2012 = PLANE ( 'NONE',  #4582 ) ;
#2013 = ORIENTED_EDGE ( 'NONE', *, *, #2175, .T. ) ;
#2014 = VERTEX_POINT ( 'NONE', #896 ) ;
#2015 = CARTESIAN_POINT ( 'NONE',  ( -0.2999999999999999889, 0.05000000000000000278, 1.500000000000000000 ) ) ;
#2016 = DIRECTION ( 'NONE',  ( -0.0000000000000000000, -0.0000000000000000000, 1.000000000000000000 ) ) ;
#2017 = EDGE_CURVE ( 'NONE', #3667, #2023, #2432, .T. ) ;
#2018 = ORIENTED_EDGE ( 'NONE', *, *, #4501, .T. ) ;
#2019 = DIRECTION ( 'NONE',  ( 0.0000000000000000000, 0.0000000000000000000, 1.000000000000000000 ) ) ;
#2020 = DIRECTION ( 'NONE',  ( 0.0000000000000000000, 0.0000000000000000000, -1.000000000000000000 ) ) ;
#2021 = VERTEX_POINT ( 'NONE', #2850 ) ;
#2022 = LINE ( 'NONE', #101, #940 ) ;
#2023 = VERTEX_POINT ( 'NONE', #2481 ) ;
#2024 = DIRECTION ( 'NONE',  ( 0.0000000000000000000, 0.0000000000000000000, 1.000000000000000000 ) ) ;
#2025 = DIRECTION ( 'NONE',  ( -0.0000000000000000000, 0.0000000000000000000, -1.000000000000000000 ) ) ;
#2026 = PLANE ( 'NONE',  #2752 ) ;
#2027 = CARTESIAN_POINT ( 'NONE',  ( 0.9000000000000001332, 0.05000000000000000278, 1.500000000000000000 ) ) ;
#2028 = VECTOR ( 'NONE', #3760, 1000.000000000000000 ) ;
#2029 = ORIENTED_EDGE ( 'NONE', *, *, #4480, .F. ) ;
#2030 = LINE ( 'NONE', #3569, #4971 ) ;
#2031 = CARTESIAN_POINT ( 'NONE',  ( 1.550000000000000266, 0.0000000000000000000, 0.1000000000000000056 ) ) ;
#2032 = VECTOR ( 'NONE', #2590, 1000.000000000000000 ) ;
#2033 =( LENGTH_UNIT ( ) NAMED_UNIT ( * ) SI_UNIT ( .MILLI., .METRE. ) );
#2034 = LINE ( 'NONE', #1654, #785 ) ;
#2035 = VECTOR ( 'NONE', #2459, 1000.000000000000000 ) ;
#2036 = DIRECTION ( 'NONE',  ( 0.0000000000000000000, 0.0000000000000000000, -1.000000000000000000 ) ) ;
#2037 = ADVANCED_FACE ( 'NONE', ( #4043 ), #1337, .F. ) ;
#2038 = VERTEX_POINT ( 'NONE', #2072 ) ;
#2039 = CARTESIAN_POINT ( 'NONE',  ( 1.050000000000000044, 0.0000000000000000000, 0.9000000000000001332 ) ) ;
#2040 = PLANE ( 'NONE',  #4634 ) ;
#2041 = EDGE_CURVE ( 'NONE', #1120, #1493, #2823, .T. ) ;
#2042 = LINE ( 'NONE', #2067, #3012 ) ;
#2043 = VECTOR ( 'NONE', #2724, 1000.000000000000000 ) ;
#2044 = ORIENTED_EDGE ( 'NONE', *, *, #1039, .F. ) ;
#2045 = VERTEX_POINT ( 'NONE', #925 ) ;
#2046 = EDGE_CURVE ( 'NONE', #1828, #2985, #3999, .T. ) ;
#2047 = AXIS2_PLACEMENT_3D ( 'NONE', #2982, #4532, #3311 ) ;
#2048 = VECTOR ( 'NONE', #2328, 1000.000000000000000 ) ;
#2049 = VECTOR ( 'NONE', #444, 1000.000000000000000 ) ;
#2050 = ORIENTED_EDGE ( 'NONE', *, *, #58, .T. ) ;
#2051 = EDGE_CURVE ( 'NONE', #2985, #1668, #1688, .T. ) ;
#2052 = AXIS2_PLACEMENT_3D ( 'NONE', #3678, #240, #2524 ) ;
#2053 = COLOUR_RGB ( '',0.7529411764705882248, 0.7529411764705882248, 0.7529411764705882248 ) ;
#2054 = CARTESIAN_POINT ( 'NONE',  ( -0.6999999999999999556, 0.0000000000000000000, -1.500000000000000000 ) ) ;
#2055 = CARTESIAN_POINT ( 'NONE',  ( -1.500000000000000000, 0.0000000000000000000, 0.9000000000000001332 ) ) ;
#2056 = STYLED_ITEM ( 'NONE', ( #3287 ), #4252 ) ;
#2057 = VECTOR ( 'NONE', #243, 1000.000000000000000 ) ;
#2058 = DIRECTION ( 'NONE',  ( -1.000000000000000000, -0.0000000000000000000, 0.0000000000000000000 ) ) ;
#2059 = ORIENTED_EDGE ( 'NONE', *, *, #1343, .F. ) ;
#2060 = LINE ( 'NONE', #3936, #2537 ) ;
#2061 = LINE ( 'NONE', #611, #3640 ) ;
#2062 = CARTESIAN_POINT ( 'NONE',  ( 0.0000000000000000000, 0.0000000000000000000, 0.2999999999999999889 ) ) ;
#2063 = PLANE ( 'NONE',  #3148 ) ;
#2064 = ORIENTED_EDGE ( 'NONE', *, *, #2700, .T. ) ;
#2065 = CARTESIAN_POINT ( 'NONE',  ( -1.500000000000000000, 0.2500000000000000000, 0.9000000000000001332 ) ) ;
#2066 = LINE ( 'NONE', #3606, #3089 ) ;
#2067 = CARTESIAN_POINT ( 'NONE',  ( 1.500000000000000000, 0.0000000000000000000, 0.6999999999999999556 ) ) ;
#2068 = ADVANCED_FACE ( 'NONE', ( #2875 ), #248, .T. ) ;
#2069 = ORIENTED_EDGE ( 'NONE', *, *, #2895, .F. ) ;
#2070 = VERTEX_POINT ( 'NONE', #4553 ) ;
#2071 = VECTOR ( 'NONE', #4513, 1000.000000000000000 ) ;
#2072 = CARTESIAN_POINT ( 'NONE',  ( 1.550000000000000266, 0.0000000000000000000, 0.1000000000000000056 ) ) ;
#2073 = EDGE_CURVE ( 'NONE', #3660, #3927, #4099, .T. ) ;
#2074 = EDGE_LOOP ( 'NONE', ( #319, #1152, #2557, #1061 ) ) ;
#2075 = CARTESIAN_POINT ( 'NONE',  ( -1.050000000000000044, 0.05000000000000000278, 0.5000000000000000000 ) ) ;
#2076 = ADVANCED_FACE ( 'NONE', ( #1077 ), #4444, .T. ) ;
#2077 = CARTESIAN_POINT ( 'NONE',  ( 0.5000000000000000000, 0.05000000000000000278, 1.050000000000000044 ) ) ;
#2078 = DIRECTION ( 'NONE',  ( -1.000000000000000000, -0.0000000000000000000, 0.0000000000000000000 ) ) ;
#2079 = CARTESIAN_POINT ( 'NONE',  ( 0.1000000000000000056, 0.0000000000000000000, -1.550000000000000266 ) ) ;
#2080 = ADVANCED_FACE ( 'NONE', ( #3304 ), #3711, .F. ) ;
#2081 = CARTESIAN_POINT ( 'NONE',  ( -0.9000000000000001332, 0.2500000000000000000, -1.500000000000000000 ) ) ;
#2082 = VERTEX_POINT ( 'NONE', #2195 ) ;
#2083 = CARTESIAN_POINT ( 'NONE',  ( -0.8000000000000002665, 0.5999999999999999778, 0.7500000000000002220 ) ) ;
#2084 = PLANE ( 'NONE',  #116 ) ;
#2085 = SURFACE_STYLE_USAGE ( .BOTH. , #941 ) ;
#2086 = DIRECTION ( 'NONE',  ( 0.0000000000000000000, -0.0000000000000000000, 1.000000000000000000 ) ) ;
#2087 = CARTESIAN_POINT ( 'NONE',  ( -0.6999999999999999556, 0.2500000000000000000, 1.550000000000000266 ) ) ;
#2088 = ORIENTED_EDGE ( 'NONE', *, *, #4569, .F. ) ;
#2089 = CARTESIAN_POINT ( 'NONE',  ( -0.5000000000000000000, 0.0000000000000000000, 1.500000000000000000 ) ) ;
#2090 = CARTESIAN_POINT ( 'NONE',  ( 0.6999999999999999556, 0.05000000000000000278, -1.050000000000000044 ) ) ;
#2091 = ORIENTED_EDGE ( 'NONE', *, *, #1946, .T. ) ;
#2092 = ORIENTED_EDGE ( 'NONE', *, *, #664, .F. ) ;
#2093 = EDGE_CURVE ( 'NONE', #3343, #1462, #3387, .T. ) ;
#2094 = CARTESIAN_POINT ( 'NONE',  ( -0.2999999999999999889, 0.0000000000000000000, 1.050000000000000044 ) ) ;
#2095 = CARTESIAN_POINT ( 'NONE',  ( -0.9000000000000001332, 0.0000000000000000000, 1.500000000000000000 ) ) ;
#2096 = ORIENTED_EDGE ( 'NONE', *, *, #4952, .T. ) ;
#2097 = DIRECTION ( 'NONE',  ( 0.0000000000000000000, -0.0000000000000000000, 1.000000000000000000 ) ) ;
#2098 = SURFACE_SIDE_STYLE ('',( #3564 ) ) ;
#2099 = EDGE_CURVE ( 'NONE', #1510, #1048, #2146, .T. ) ;
#2100 = CARTESIAN_POINT ( 'NONE',  ( -1.258578643762689797, 0.5499999999999999334, 1.229289321881344987 ) ) ;
#2101 = DIRECTION ( 'NONE',  ( 0.0000000000000000000, 0.0000000000000000000, 1.000000000000000000 ) ) ;
#2102 = FILL_AREA_STYLE_COLOUR ( '', #2437 ) ;
#2103 = ORIENTED_EDGE ( 'NONE', *, *, #911, .T. ) ;
#2104 = CARTESIAN_POINT ( 'NONE',  ( 0.9000000000000001332, 0.0000000000000000000, 1.500000000000000000 ) ) ;
#2105 = CLOSED_SHELL ( 'NONE', ( #3702, #2770, #3871, #4282, #2037, #2712, #3204, #1250 ) ) ;
#2106 = ADVANCED_FACE ( 'NONE', ( #2218 ), #1025, .T. ) ;
#2107 = LINE ( 'NONE', #584, #3075 ) ;
#2108 =( LENGTH_UNIT ( ) NAMED_UNIT ( * ) SI_UNIT ( .MILLI., .METRE. ) );
#2109 = AXIS2_PLACEMENT_3D ( 'NONE', #2136, #213, #4764 ) ;
#2110 = CARTESIAN_POINT ( 'NONE',  ( 1.050000000000000044, 0.0000000000000000000, 0.2999999999999999889 ) ) ;
#2111 = LINE ( 'NONE', #3274, #4366 ) ;
#2112 = EDGE_CURVE ( 'NONE', #3073, #2928, #4873, .T. ) ;
#2113 = VECTOR ( 'NONE', #4102, 1000.000000000000000 ) ;
#2114 = VERTEX_POINT ( 'NONE', #4146 ) ;
#2115 = LINE ( 'NONE', #3630, #1958 ) ;
#2116 = CARTESIAN_POINT ( 'NONE',  ( -0.2999999999999999889, 0.0000000000000000000, -1.500000000000000000 ) ) ;
#2117 = VECTOR ( 'NONE', #4400, 1000.000000000000000 ) ;
#2118 = ORIENTED_EDGE ( 'NONE', *, *, #1280, .T. ) ;
#2119 = VECTOR ( 'NONE', #132, 1000.000000000000000 ) ;
#2120 = LINE ( 'NONE', #1608, #133 ) ;
#2121 = EDGE_LOOP ( 'NONE', ( #2356, #2456, #3233, #3294 ) ) ;
#2122 =( NAMED_UNIT ( * ) PLANE_ANGLE_UNIT ( ) SI_UNIT ( $, .RADIAN. ) );
#2123 = VECTOR ( 'NONE', #2951, 1000.000000000000000 ) ;
#2124 = VERTEX_POINT ( 'NONE', #270 ) ;
#2125 =( NAMED_UNIT ( * ) SI_UNIT ( $, .STERADIAN. ) SOLID_ANGLE_UNIT ( ) );
#2126 = LINE ( 'NONE', #3671, #2113 ) ;
#2127 = VECTOR ( 'NONE', #437, 1000.000000000000000 ) ;
#2128 = PLANE ( 'NONE',  #3741 ) ;
#2129 = VECTOR ( 'NONE', #4843, 1000.000000000000000 ) ;
#2130 = EDGE_CURVE ( 'NONE', #3673, #1869, #4473, .T. ) ;
#2131 = CARTESIAN_POINT ( 'NONE',  ( -0.1000000000000000056, 0.2500000000000000000, 1.550000000000000266 ) ) ;
#2132 = ORIENTED_EDGE ( 'NONE', *, *, #3223, .F. ) ;
#2133 = CARTESIAN_POINT ( 'NONE',  ( -0.2999999999999999889, 0.2500000000000000000, 1.550000000000000266 ) ) ;
#2134 = VECTOR ( 'NONE', #2630, 1000.000000000000000 ) ;
#2135 = PRESENTATION_LAYER_ASSIGNMENT (  '', '', ( #458 ) ) ;
#2136 = CARTESIAN_POINT ( 'NONE',  ( -0.6999999999999999556, 0.0000000000000000000, 1.500000000000000000 ) ) ;
#2137 = AXIS2_PLACEMENT_3D ( 'NONE', #1112, #2623, #2647 ) ;
#2138 = VECTOR ( 'NONE', #3919, 1000.000000000000000 ) ;
#2139 = PLANE ( 'NONE',  #2052 ) ;
#2140 = CARTESIAN_POINT ( 'NONE',  ( 1.550000000000000266, 0.0000000000000000000, 0.6999999999999999556 ) ) ;
#2141 = VECTOR ( 'NONE', #3323, 1000.000000000000000 ) ;
#2142 = ORIENTED_EDGE ( 'NONE', *, *, #1391, .F. ) ;
#2143 = EDGE_LOOP ( 'NONE', ( #1361, #453, #135, #4966 ) ) ;
#2144 = ORIENTED_EDGE ( 'NONE', *, *, #4026, .F. ) ;
#2145 = CARTESIAN_POINT ( 'NONE',  ( -0.1000000000000000056, 0.2500000000000000000, -1.550000000000000266 ) ) ;
#2146 = LINE ( 'NONE', #995, #4155 ) ;
#2147 = ORIENTED_EDGE ( 'NONE', *, *, #2225, .F. ) ;
#2148 = CARTESIAN_POINT ( 'NONE',  ( 0.6999999999999999556, 0.0000000000000000000, 0.0000000000000000000 ) ) ;
#2149 = ORIENTED_EDGE ( 'NONE', *, *, #783, .F. ) ;
#2150 =( NAMED_UNIT ( * ) PLANE_ANGLE_UNIT ( ) SI_UNIT ( $, .RADIAN. ) );
#2151 = CARTESIAN_POINT ( 'NONE',  ( 1.550000000000000266, 0.2500000000000000000, 0.5000000000000000000 ) ) ;
#2152 = LINE ( 'NONE', #1775, #687 ) ;
#2153 = VERTEX_POINT ( 'NONE', #2531 ) ;
#2154 = DIRECTION ( 'NONE',  ( -0.0000000000000000000, -1.000000000000000000, -0.0000000000000000000 ) ) ;
#2155 = EDGE_LOOP ( 'NONE', ( #107, #1402, #1269, #803, #2760, #1689 ) ) ;
#2156 = LINE ( 'NONE', #2886, #3364 ) ;
#2157 = FACE_OUTER_BOUND ( 'NONE', #4303, .T. ) ;
#2158 = EDGE_CURVE ( 'NONE', #470, #2515, #1771, .T. ) ;
#2159 = SURFACE_SIDE_STYLE ('',( #1323 ) ) ;
#2160 = CARTESIAN_POINT ( 'NONE',  ( 1.550000000000000266, 0.2500000000000000000, -0.2999999999999999889 ) ) ;
#2161 = FACE_OUTER_BOUND ( 'NONE', #1602, .T. ) ;
#2162 = DIRECTION ( 'NONE',  ( -0.0000000000000000000, 0.0000000000000000000, -1.000000000000000000 ) ) ;
#2163 = EDGE_LOOP ( 'NONE', ( #3143, #4286, #2132, #1863 ) ) ;
#2164 = CARTESIAN_POINT ( 'NONE',  ( -1.500000000000000000, 0.04999999999999999584, -0.9000000000000001332 ) ) ;
#2165 = EDGE_CURVE ( 'NONE', #1550, #1377, #297, .T. ) ;
#2166 = SURFACE_STYLE_USAGE ( .BOTH. , #3763 ) ;
#2167 = ORIENTED_EDGE ( 'NONE', *, *, #1369, .F. ) ;
#2168 = ORIENTED_EDGE ( 'NONE', *, *, #1136, .T. ) ;
#2169 = ORIENTED_EDGE ( 'NONE', *, *, #4613, .F. ) ;
#2170 =( LENGTH_UNIT ( ) NAMED_UNIT ( * ) SI_UNIT ( .MILLI., .METRE. ) );
#2171 = CARTESIAN_POINT ( 'NONE',  ( -0.1000000000000000056, 0.0000000000000000000, 1.550000000000000266 ) ) ;
#2172 = ORIENTED_EDGE ( 'NONE', *, *, #2051, .F. ) ;
#2173 = ORIENTED_EDGE ( 'NONE', *, *, #710, .T. ) ;
#2174 = CARTESIAN_POINT ( 'NONE',  ( 0.0000000000000000000, 0.0000000000000000000, 0.0000000000000000000 ) ) ;
#2175 = EDGE_CURVE ( 'NONE', #1705, #3673, #3737, .T. ) ;
#2176 = CARTESIAN_POINT ( 'NONE',  ( -0.9000000000000001332, 0.0000000000000000000, 1.500000000000000000 ) ) ;
#2177 = CARTESIAN_POINT ( 'NONE',  ( 0.5000000000000000000, 0.0000000000000000000, 1.500000000000000000 ) ) ;
#2178 = ORIENTED_EDGE ( 'NONE', *, *, #379, .T. ) ;
#2179 = CARTESIAN_POINT ( 'NONE',  ( -0.1000000000000000056, 0.04999999999999999584, -1.500000000000000000 ) ) ;
#2180 = EDGE_LOOP ( 'NONE', ( #1714, #2535, #1004, #1445 ) ) ;
#2181 = LINE ( 'NONE', #1038, #4332 ) ;
#2182 = DIRECTION ( 'NONE',  ( 1.000000000000000000, -0.0000000000000000000, 0.0000000000000000000 ) ) ;
#2183 = CARTESIAN_POINT ( 'NONE',  ( -1.050000000000000044, 0.0000000000000000000, 0.1000000000000000056 ) ) ;
#2184 = DIRECTION ( 'NONE',  ( -1.000000000000000000, -0.0000000000000000000, 0.0000000000000000000 ) ) ;
#2185 = CARTESIAN_POINT ( 'NONE',  ( 1.550000000000000266, 0.2500000000000000000, -0.6999999999999999556 ) ) ;
#2186 = DIRECTION ( 'NONE',  ( 0.0000000000000000000, 0.0000000000000000000, -1.000000000000000000 ) ) ;
#2187 = EDGE_LOOP ( 'NONE', ( #181, #4684, #1656, #177 ) ) ;
#2188 = LINE ( 'NONE', #2552, #2442 ) ;
#2189 = AXIS2_PLACEMENT_3D ( 'NONE', #261, #1780, #2186 ) ;
#2190 = CARTESIAN_POINT ( 'NONE',  ( 1.500000000000000000, 0.04999999999999999584, -0.1000000000000000056 ) ) ;
#2191 = ORIENTED_EDGE ( 'NONE', *, *, #975, .F. ) ;
#2192 = EDGE_CURVE ( 'NONE', #4448, #4176, #1411, .T. ) ;
#2193 = VECTOR ( 'NONE', #702, 1000.000000000000000 ) ;
#2194 =( NAMED_UNIT ( * ) PLANE_ANGLE_UNIT ( ) SI_UNIT ( $, .RADIAN. ) );
#2195 = CARTESIAN_POINT ( 'NONE',  ( -0.5000000000000000000, 0.05000000000000000278, 1.050000000000000044 ) ) ;
#2196 = AXIS2_PLACEMENT_3D ( 'NONE', #275, #3717, #2981 ) ;
#2197 = ORIENTED_EDGE ( 'NONE', *, *, #3528, .F. ) ;
#2198 = ORIENTED_EDGE ( 'NONE', *, *, #1665, .F. ) ;
#2199 = SURFACE_STYLE_USAGE ( .BOTH. , #4124 ) ;
#2200 = DIRECTION ( 'NONE',  ( -0.0000000000000000000, -0.0000000000000000000, -1.000000000000000000 ) ) ;
#2201 = LINE ( 'NONE', #2591, #4225 ) ;
#2202 = VECTOR ( 'NONE', #2963, 1000.000000000000000 ) ;
#2203 = VERTEX_POINT ( 'NONE', #4503 ) ;
#2204 = CARTESIAN_POINT ( 'NONE',  ( 0.1000000000000000056, 0.0000000000000000000, 1.500000000000000000 ) ) ;
#2205 = VERTEX_POINT ( 'NONE', #1845 ) ;
#2206 = DIRECTION ( 'NONE',  ( -0.0000000000000000000, -0.0000000000000000000, -1.000000000000000000 ) ) ;
#2207 = CARTESIAN_POINT ( 'NONE',  ( 0.2999999999999999889, 0.2500000000000000000, 0.0000000000000000000 ) ) ;
#2208 = VECTOR ( 'NONE', #4862, 1000.000000000000000 ) ;
#2209 = AXIS2_PLACEMENT_3D ( 'NONE', #1050, #3706, #640 ) ;
#2210 = CARTESIAN_POINT ( 'NONE',  ( 1.050000000000000044, 0.05000000000000000278, -0.2999999999999999889 ) ) ;
#2211 = DIRECTION ( 'NONE',  ( -0.0000000000000000000, -1.000000000000000000, -0.0000000000000000000 ) ) ;
#2212 = ORIENTED_EDGE ( 'NONE', *, *, #86, .F. ) ;
#2213 = CARTESIAN_POINT ( 'NONE',  ( -1.050000000000000044, 0.0000000000000000000, -0.1000000000000000056 ) ) ;
#2214 = VECTOR ( 'NONE', #3676, 1000.000000000000000 ) ;
#2215 = UNCERTAINTY_MEASURE_WITH_UNIT (LENGTH_MEASURE( 1.000000000000000082E-05 ), #1131, 'distance_accuracy_value', 'NONE');
#2216 = FACE_OUTER_BOUND ( 'NONE', #4374, .T. ) ;
#2217 = VECTOR ( 'NONE', #1463, 1000.000000000000000 ) ;
#2218 = FACE_OUTER_BOUND ( 'NONE', #998, .T. ) ;
#2219 = EDGE_CURVE ( 'NONE', #4273, #1275, #1053, .T. ) ;
#2220 = VERTEX_POINT ( 'NONE', #1819 ) ;
#2221 = VERTEX_POINT ( 'NONE', #668 ) ;
#2222 = DIRECTION ( 'NONE',  ( -0.0000000000000000000, -0.0000000000000000000, 1.000000000000000000 ) ) ;
#2223 = CARTESIAN_POINT ( 'NONE',  ( -1.050000000000000044, 0.0000000000000000000, -0.6999999999999999556 ) ) ;
#2224 = LINE ( 'NONE', #650, #4946 ) ;
#2225 = EDGE_CURVE ( 'NONE', #4360, #2045, #3359, .T. ) ;
#2226 = EDGE_CURVE ( 'NONE', #3749, #1593, #721, .T. ) ;
#2227 = ORIENTED_EDGE ( 'NONE', *, *, #4030, .F. ) ;
#2228 = DIRECTION ( 'NONE',  ( -0.0000000000000000000, 1.000000000000000000, 0.0000000000000000000 ) ) ;
#2229 = ORIENTED_EDGE ( 'NONE', *, *, #1033, .T. ) ;
#2230 = LINE ( 'NONE', #2544, #241 ) ;
#2231 = CARTESIAN_POINT ( 'NONE',  ( -1.550000000000000266, 0.2500000000000000000, -0.6999999999999999556 ) ) ;
#2232 = LINE ( 'NONE', #3779, #2202 ) ;
#2233 = EDGE_CURVE ( 'NONE', #24, #797, #4218, .T. ) ;
#2234 = COLOUR_RGB ( '',0.7529411764705882248, 0.7529411764705882248, 0.7529411764705882248 ) ;
#2235 = DIRECTION ( 'NONE',  ( 0.0000000000000000000, 0.0000000000000000000, 1.000000000000000000 ) ) ;
#2236 = CARTESIAN_POINT ( 'NONE',  ( 0.1000000000000000056, 0.05000000000000000278, -1.050000000000000044 ) ) ;
#2237 = PLANE ( 'NONE',  #2336 ) ;
#2238 = ORIENTED_EDGE ( 'NONE', *, *, #4952, .F. ) ;
#2239 = DIRECTION ( 'NONE',  ( 0.0000000000000000000, 0.0000000000000000000, 1.000000000000000000 ) ) ;
#2240 = VERTEX_POINT ( 'NONE', #3869 ) ;
#2241 = ORIENTED_EDGE ( 'NONE', *, *, #2457, .T. ) ;
#2242 = ORIENTED_EDGE ( 'NONE', *, *, #2511, .T. ) ;
#2243 = CARTESIAN_POINT ( 'NONE',  ( -0.9947762812107187047, 0.5500000000000000444, 0.9459097230066224604 ) ) ;
#2244 = ORIENTED_EDGE ( 'NONE', *, *, #209, .T. ) ;
#2245 = VERTEX_POINT ( 'NONE', #1486 ) ;
#2246 = DIRECTION ( 'NONE',  ( 0.0000000000000000000, 0.0000000000000000000, -1.000000000000000000 ) ) ;
#2247 = LINE ( 'NONE', #4223, #1619 ) ;
#2248 = CARTESIAN_POINT ( 'NONE',  ( 1.500000000000000000, 0.04999999999999999584, 0.5000000000000000000 ) ) ;
#2249 = PLANE ( 'NONE',  #304 ) ;
#2250 = FACE_OUTER_BOUND ( 'NONE', #1870, .T. ) ;
#2251 = EDGE_CURVE ( 'NONE', #2023, #4204, #3847, .T. ) ;
#2252 = CARTESIAN_POINT ( 'NONE',  ( -0.6999999999999999556, 0.2500000000000000000, 1.500000000000000000 ) ) ;
#2253 = CARTESIAN_POINT ( 'NONE',  ( -0.6240799702636997681, 0.5500000000000001554, 0.9005456223926822101 ) ) ;
#2254 = CARTESIAN_POINT ( 'NONE',  ( 0.5000000000000000000, 0.0000000000000000000, -1.500000000000000000 ) ) ;
#2255 = CARTESIAN_POINT ( 'NONE',  ( 1.050000000000000044, 0.0000000000000000000, -0.5000000000000000000 ) ) ;
#2256 = ORIENTED_EDGE ( 'NONE', *, *, #1453, .T. ) ;
#2257 = CARTESIAN_POINT ( 'NONE',  ( 0.2999999999999999889, 0.2500000000000000000, -1.500000000000000000 ) ) ;
#2258 = FACE_OUTER_BOUND ( 'NONE', #3947, .T. ) ;
#2259 = VERTEX_POINT ( 'NONE', #71 ) ;
#2260 = EDGE_CURVE ( 'NONE', #767, #24, #3410, .T. ) ;
#2261 = ORIENTED_EDGE ( 'NONE', *, *, #7, .F. ) ;
#2262 = VERTEX_POINT ( 'NONE', #1866 ) ;
#2263 = CARTESIAN_POINT ( 'NONE',  ( -0.8260452822992856436, 0.5500000000000000444, 1.200000000000000178 ) ) ;
#2264 = PLANE ( 'NONE',  #4394 ) ;
#2265 = AXIS2_PLACEMENT_3D ( 'NONE', #2415, #2783, #884 ) ;
#2266 = ORIENTED_EDGE ( 'NONE', *, *, #524, .F. ) ;
#2267 = VECTOR ( 'NONE', #3131, 1000.000000000000000 ) ;
#2268 = DIRECTION ( 'NONE',  ( 1.000000000000000000, -0.0000000000000000000, 0.0000000000000000000 ) ) ;
#2269 = PLANE ( 'NONE',  #1243 ) ;
#2270 = DIRECTION ( 'NONE',  ( 0.0000000000000000000, 0.0000000000000000000, -1.000000000000000000 ) ) ;
#2271 = VECTOR ( 'NONE', #4899, 1000.000000000000000 ) ;
#2272 = VERTEX_POINT ( 'NONE', #1898 ) ;
#2273 = CARTESIAN_POINT ( 'NONE',  ( 1.500000000000000000, 0.2500000000000000000, -0.6999999999999999556 ) ) ;
#2274 = B_SPLINE_CURVE_WITH_KNOTS ( 'NONE', 3,
 ( #2629, #4515, #4933, #4540, #4186, #315, #3250, #1330, #4961, #2253, #3397, #1090, #1880, #3802, #2871, #1495, #360, #1141 ),
 .UNSPECIFIED., .F., .F.,
 ( 4, 2, 2, 2, 2, 2, 2, 2, 4 ),
 ( 0.0000000000000000000, 0.2500000000000006661, 0.3750000000000007772, 0.5000000000000008882, 0.6250000000000005551, 0.7500000000000002220, 0.8125000000000000000, 0.8749999999999998890, 1.000000000000000000 ),
 .UNSPECIFIED. ) ;
#2275 = FACE_OUTER_BOUND ( 'NONE', #3941, .T. ) ;
#2276 = DIRECTION ( 'NONE',  ( 0.0000000000000000000, -0.0000000000000000000, 1.000000000000000000 ) ) ;
#2277 = VECTOR ( 'NONE', #3169, 1000.000000000000000 ) ;
#2278 = EDGE_CURVE ( 'NONE', #3224, #1593, #2639, .T. ) ;
#2279 = LINE ( 'NONE', #2304, #3172 ) ;
#2280 = CARTESIAN_POINT ( 'NONE',  ( 0.9000000000000001332, 0.0000000000000000000, 1.550000000000000266 ) ) ;
#2281 = VECTOR ( 'NONE', #1907, 1000.000000000000000 ) ;
#2282 = FACE_OUTER_BOUND ( 'NONE', #292, .T. ) ;
#2283 = ORIENTED_EDGE ( 'NONE', *, *, #2390, .F. ) ;
#2284 = AXIS2_PLACEMENT_3D ( 'NONE', #2062, #3603, #170 ) ;
#2285 = EDGE_CURVE ( 'NONE', #2555, #4000, #1581, .T. ) ;
#2286 = VECTOR ( 'NONE', #1684, 1000.000000000000000 ) ;
#2287 = DIRECTION ( 'NONE',  ( -0.0000000000000000000, 0.0000000000000000000, -1.000000000000000000 ) ) ;
#2288 = EDGE_CURVE ( 'NONE', #3388, #4, #3892, .T. ) ;
#2289 = VECTOR ( 'NONE', #1734, 1000.000000000000000 ) ;
#2290 = VERTEX_POINT ( 'NONE', #746 ) ;
#2291 = CARTESIAN_POINT ( 'NONE',  ( -1.050000000000000044, 0.05000000000000000278, 0.1000000000000000056 ) ) ;
#2292 = STYLED_ITEM ( 'NONE', ( #4311 ), #4307 ) ;
#2293 = ORIENTED_EDGE ( 'NONE', *, *, #3438, .T. ) ;
#2294 = ORIENTED_EDGE ( 'NONE', *, *, #192, .T. ) ;
#2295 = AXIS2_PLACEMENT_3D ( 'NONE', #1148, #2661, #1283 ) ;
#2296 = CARTESIAN_POINT ( 'NONE',  ( -0.5000000000000000000, 0.0000000000000000000, 1.550000000000000266 ) ) ;
#2297 = ADVANCED_FACE ( 'NONE', ( #1196 ), #2264, .T. ) ;
#2298 = EDGE_LOOP ( 'NONE', ( #2384, #2168, #2658, #821 ) ) ;
#2299 = CARTESIAN_POINT ( 'NONE',  ( 1.550000000000000266, 0.0000000000000000000, -0.6999999999999999556 ) ) ;
#2300 = ORIENTED_EDGE ( 'NONE', *, *, #3708, .F. ) ;
#2301 = PLANE ( 'NONE',  #3894 ) ;
#2302 = CARTESIAN_POINT ( 'NONE',  ( -1.550000000000000266, 0.0000000000000000000, 0.1000000000000000056 ) ) ;
#2303 = AXIS2_PLACEMENT_3D ( 'NONE', #1263, #2421, #2788 ) ;
#2304 = CARTESIAN_POINT ( 'NONE',  ( 0.2999999999999999889, 0.05000000000000000278, -1.050000000000000044 ) ) ;
#2305 = PLANE ( 'NONE',  #754 ) ;
#2306 = EDGE_CURVE ( 'NONE', #4273, #2021, #22, .T. ) ;
#2307 = ORIENTED_EDGE ( 'NONE', *, *, #1953, .F. ) ;
#2308 = PLANE ( 'NONE',  #2776 ) ;
#2309 = VECTOR ( 'NONE', #1384, 1000.000000000000000 ) ;
#2310 = PRODUCT_DEFINITION_CONTEXT ( 'detailed design', #3975, 'design' ) ;
#2311 = CARTESIAN_POINT ( 'NONE',  ( -0.6999999999999999556, 0.2500000000000000000, 1.550000000000000266 ) ) ;
#2312 = EDGE_CURVE ( 'NONE', #1681, #1309, #424, .T. ) ;
#2313 = CARTESIAN_POINT ( 'NONE',  ( 0.5000000000000000000, 0.05000000000000000278, 1.500000000000000000 ) ) ;
#2314 = CARTESIAN_POINT ( 'NONE',  ( 1.500000000000000000, 0.0000000000000000000, 0.2999999999999999889 ) ) ;
#2315 = EDGE_LOOP ( 'NONE', ( #4468, #1146, #4080, #197 ) ) ;
#2316 = ORIENTED_EDGE ( 'NONE', *, *, #58, .F. ) ;
#2317 = PRESENTATION_STYLE_ASSIGNMENT (( #799 ) ) ;
#2318 = DIRECTION ( 'NONE',  ( -1.000000000000000000, -0.0000000000000000000, 0.0000000000000000000 ) ) ;
#2319 = LINE ( 'NONE', #3040, #3263 ) ;
#2320 = EDGE_LOOP ( 'NONE', ( #2892, #2461, #166, #1927 ) ) ;
#2321 = EDGE_CURVE ( 'NONE', #2450, #2354, #3814, .T. ) ;
#2322 = FACE_OUTER_BOUND ( 'NONE', #3658, .T. ) ;
#2323 = CARTESIAN_POINT ( 'NONE',  ( 0.6999999999999999556, 0.2500000000000000000, 1.550000000000000266 ) ) ;
#2324 = CARTESIAN_POINT ( 'NONE',  ( -0.1000000000000000056, 0.05000000000000000278, 0.0000000000000000000 ) ) ;
#2325 = VERTEX_POINT ( 'NONE', #1151 ) ;
#2326 = PLANE ( 'NONE',  #1560 ) ;
#2327 = EDGE_CURVE ( 'NONE', #3712, #2014, #2735, .T. ) ;
#2328 = DIRECTION ( 'NONE',  ( -0.0000000000000000000, -0.0000000000000000000, 1.000000000000000000 ) ) ;
#2329 = ORIENTED_EDGE ( 'NONE', *, *, #2707, .T. ) ;
#2330 = PLANE ( 'NONE',  #1647 ) ;
#2331 = DIRECTION ( 'NONE',  ( -1.000000000000000000, -0.0000000000000000000, 0.0000000000000000000 ) ) ;
#2332 = DIRECTION ( 'NONE',  ( 0.0000000000000000000, -0.0000000000000000000, 1.000000000000000000 ) ) ;
#2333 = VERTEX_POINT ( 'NONE', #3101 ) ;
#2334 = ORIENTED_EDGE ( 'NONE', *, *, #3128, .T. ) ;
#2335 = PLANE ( 'NONE',  #3498 ) ;
#2336 = AXIS2_PLACEMENT_3D ( 'NONE', #3835, #1145, #3782 ) ;
#2337 = LINE ( 'NONE', #454, #2441 ) ;
#2338 = ORIENTED_EDGE ( 'NONE', *, *, #3748, .F. ) ;
#2339 = VECTOR ( 'NONE', #3372, 1000.000000000000000 ) ;
#2340 = PLANE ( 'NONE',  #2417 ) ;
#2341 = CARTESIAN_POINT ( 'NONE',  ( -0.2999999999999999889, 0.2500000000000000000, -1.500000000000000000 ) ) ;
#2342 = VERTEX_POINT ( 'NONE', #770 ) ;
#2343 = VECTOR ( 'NONE', #4133, 1000.000000000000000 ) ;
#2344 = PLANE ( 'NONE',  #4228 ) ;
#2345 = AXIS2_PLACEMENT_3D ( 'NONE', #643, #3000, #1360 ) ;
#2346 = CARTESIAN_POINT ( 'NONE',  ( 0.9000000000000001332, 0.0000000000000000000, -1.550000000000000266 ) ) ;
#2347 = DIRECTION ( 'NONE',  ( 0.0000000000000000000, 1.000000000000000000, 0.0000000000000000000 ) ) ;
#2348 = ORIENTED_EDGE ( 'NONE', *, *, #3398, .F. ) ;
#2349 = CARTESIAN_POINT ( 'NONE',  ( 0.1000000000000000056, 0.2500000000000000000, 1.500000000000000000 ) ) ;
#2350 = VECTOR ( 'NONE', #520, 1000.000000000000000 ) ;
#2351 = DIRECTION ( 'NONE',  ( -1.000000000000000000, -0.0000000000000000000, 0.0000000000000000000 ) ) ;
#2352 = DIRECTION ( 'NONE',  ( -0.0000000000000000000, 1.000000000000000000, 0.0000000000000000000 ) ) ;
#2353 = VECTOR ( 'NONE', #4234, 1000.000000000000000 ) ;
#2354 = VERTEX_POINT ( 'NONE', #403 ) ;
#2355 = STYLED_ITEM ( 'NONE', ( #3527 ), #2628 ) ;
#2356 = ORIENTED_EDGE ( 'NONE', *, *, #2377, .T. ) ;
#2357 = ADVANCED_FACE ( 'NONE', ( #4657 ), #2714, .T. ) ;
#2358 = COLOUR_RGB ( '',0.7529411764705882248, 0.7529411764705882248, 0.7529411764705882248 ) ;
#2359 = CARTESIAN_POINT ( 'NONE',  ( 0.5000000000000000000, 0.0000000000000000000, 0.0000000000000000000 ) ) ;
#2360 =( GEOMETRIC_REPRESENTATION_CONTEXT ( 3 ) GLOBAL_UNCERTAINTY_ASSIGNED_CONTEXT ( ( #1211 ) ) GLOBAL_UNIT_ASSIGNED_CONTEXT ( ( #4074, #2509, #1416 ) ) REPRESENTATION_CONTEXT ( 'NONE', 'WORKASPACE' ) );
#2361 = LINE ( 'NONE', #928, #462 ) ;
#2362 = ORIENTED_EDGE ( 'NONE', *, *, #524, .T. ) ;
#2363 = VECTOR ( 'NONE', #1212, 1000.000000000000000 ) ;
#2364 = SURFACE_STYLE_USAGE ( .BOTH. , #2098 ) ;
#2365 = EDGE_CURVE ( 'NONE', #3228, #346, #4343, .T. ) ;
#2366 = DIRECTION ( 'NONE',  ( -1.000000000000000000, 0.0000000000000000000, 0.0000000000000000000 ) ) ;
#2367 = CARTESIAN_POINT ( 'NONE',  ( -1.050000000000000044, 0.05000000000000000278, -0.1000000000000000056 ) ) ;
#2368 = ADVANCED_FACE ( 'NONE', ( #3170 ), #3227, .T. ) ;
#2369 = DIRECTION ( 'NONE',  ( 0.0000000000000000000, 0.0000000000000000000, 1.000000000000000000 ) ) ;
#2370 = ORIENTED_EDGE ( 'NONE', *, *, #4114, .T. ) ;
#2371 = LINE ( 'NONE', #2468, #164 ) ;
#2372 = EDGE_CURVE ( 'NONE', #2593, #3531, #3201, .T. ) ;
#2373 = CARTESIAN_POINT ( 'NONE',  ( 1.500000000000000000, 0.0000000000000000000, -0.2999999999999999889 ) ) ;
#2374 = LINE ( 'NONE', #4743, #227 ) ;
#2375 = AXIS2_PLACEMENT_3D ( 'NONE', #2077, #3184, #2827 ) ;
#2376 = ORIENTED_EDGE ( 'NONE', *, *, #847, .F. ) ;
#2377 = EDGE_CURVE ( 'NONE', #2429, #2996, #4772, .T. ) ;
#2378 = ORIENTED_EDGE ( 'NONE', *, *, #3500, .F. ) ;
#2379 = CARTESIAN_POINT ( 'NONE',  ( 0.0000000000000000000, 0.2500000000000000000, -0.2999999999999999889 ) ) ;
#2380 = LINE ( 'NONE', #1331, #2933 ) ;
#2381 = EDGE_LOOP ( 'NONE', ( #4325, #4260, #3627, #595 ) ) ;
#2382 = ORIENTED_EDGE ( 'NONE', *, *, #4322, .T. ) ;
#2383 = CARTESIAN_POINT ( 'NONE',  ( 1.500000000000000000, 0.2500000000000000000, 0.9000000000000001332 ) ) ;
#2384 = ORIENTED_EDGE ( 'NONE', *, *, #1054, .T. ) ;
#2385 = DIRECTION ( 'NONE',  ( -1.000000000000000000, -0.0000000000000000000, -0.0000000000000000000 ) ) ;
#2386 = ORIENTED_EDGE ( 'NONE', *, *, #4019, .F. ) ;
#2387 = CARTESIAN_POINT ( 'NONE',  ( -1.550000000000000266, 0.0000000000000000000, -0.1000000000000000056 ) ) ;
#2388 = FACE_OUTER_BOUND ( 'NONE', #2298, .T. ) ;
#2389 = DIRECTION ( 'NONE',  ( 0.0000000000000000000, 0.0000000000000000000, 1.000000000000000000 ) ) ;
#2390 = EDGE_CURVE ( 'NONE', #2045, #2921, #893, .T. ) ;
#2391 = CARTESIAN_POINT ( 'NONE',  ( 0.1000000000000000056, 0.0000000000000000000, -1.550000000000000266 ) ) ;
#2392 = ORIENTED_EDGE ( 'NONE', *, *, #1546, .T. ) ;
#2393 = DIRECTION ( 'NONE',  ( 0.0000000000000000000, 1.000000000000000000, -0.0000000000000000000 ) ) ;
#2394 = PLANE ( 'NONE',  #1538 ) ;
#2395 = FACE_OUTER_BOUND ( 'NONE', #2143, .T. ) ;
#2396 = EDGE_CURVE ( 'NONE', #1847, #329, #2042, .T. ) ;
#2397 = PLANE ( 'NONE',  #3593 ) ;
#2398 = LINE ( 'NONE', #4337, #233 ) ;
#2399 = ORIENTED_EDGE ( 'NONE', *, *, #342, .T. ) ;
#2400 = CARTESIAN_POINT ( 'NONE',  ( 1.500000000000000000, 0.05000000000000000278, 0.0000000000000000000 ) ) ;
#2401 = FACE_OUTER_BOUND ( 'NONE', #698, .T. ) ;
#2402 = PLANE ( 'NONE',  #4556 ) ;
#2403 = ADVANCED_FACE ( 'NONE', ( #1605 ), #3631, .F. ) ;
#2404 = ORIENTED_EDGE ( 'NONE', *, *, #2707, .F. ) ;
#2405 = ORIENTED_EDGE ( 'NONE', *, *, #1879, .T. ) ;
#2406 = DIRECTION ( 'NONE',  ( -1.000000000000000000, -0.0000000000000000000, 0.0000000000000000000 ) ) ;
#2407 = FACE_OUTER_BOUND ( 'NONE', #367, .T. ) ;
#2408 = CARTESIAN_POINT ( 'NONE',  ( -0.6999999999999999556, 0.2500000000000000000, -1.500000000000000000 ) ) ;
#2409 = ORIENTED_EDGE ( 'NONE', *, *, #1542, .T. ) ;
#2410 = CARTESIAN_POINT ( 'NONE',  ( -0.8000000000000001554, 0.5707106781186548350, 1.249999999999999778 ) ) ;
#2411 = CARTESIAN_POINT ( 'NONE',  ( -1.550000000000000266, 0.2500000000000000000, -0.2999999999999999889 ) ) ;
#2412 = DIRECTION ( 'NONE',  ( 0.0000000000000000000, -0.0000000000000000000, 1.000000000000000000 ) ) ;
#2413 = ORIENTED_EDGE ( 'NONE', *, *, #4181, .T. ) ;
#2414 = DIRECTION ( 'NONE',  ( -1.000000000000000000, 0.0000000000000000000, -0.0000000000000000000 ) ) ;
#2415 = CARTESIAN_POINT ( 'NONE',  ( 0.2999999999999999889, 0.2500000000000000000, -1.500000000000000000 ) ) ;
#2416 = EDGE_CURVE ( 'NONE', #3849, #3026, #4700, .T. ) ;
#2417 = AXIS2_PLACEMENT_3D ( 'NONE', #13, #1494, #4593 ) ;
#2418 = PLANE ( 'NONE',  #1893 ) ;
#2419 = ADVANCED_FACE ( 'NONE', ( #2794 ), #1289, .T. ) ;
#2420 = CARTESIAN_POINT ( 'NONE',  ( -1.050000000000000044, 0.05000000000000000278, 0.5000000000000000000 ) ) ;
#2421 = DIRECTION ( 'NONE',  ( 0.0000000000000000000, 1.000000000000000000, 0.0000000000000000000 ) ) ;
#2422 = DIRECTION ( 'NONE',  ( 0.0000000000000000000, 1.000000000000000000, 0.0000000000000000000 ) ) ;
#2423 = CARTESIAN_POINT ( 'NONE',  ( 0.9000000000000001332, 0.2500000000000000000, 1.500000000000000000 ) ) ;
#2424 = EDGE_CURVE ( 'NONE', #976, #3413, #475, .T. ) ;
#2425 = DIRECTION ( 'NONE',  ( 0.0000000000000000000, -0.0000000000000000000, 1.000000000000000000 ) ) ;
#2426 = CARTESIAN_POINT ( 'NONE',  ( -1.550000000000000266, 0.0000000000000000000, -0.6999999999999999556 ) ) ;
#2427 = AXIS2_PLACEMENT_3D ( 'NONE', #3580, #4362, #3512 ) ;
#2428 = ADVANCED_FACE ( 'NONE', ( #3251 ), #175, .T. ) ;
#2429 = VERTEX_POINT ( 'NONE', #2090 ) ;
#2430 = ORIENTED_EDGE ( 'NONE', *, *, #169, .T. ) ;
#2431 = VECTOR ( 'NONE', #2318, 1000.000000000000000 ) ;
#2432 = LINE ( 'NONE', #3231, #1093 ) ;
#2433 = VECTOR ( 'NONE', #4812, 1000.000000000000000 ) ;
#2434 = VECTOR ( 'NONE', #4065, 1000.000000000000000 ) ;
#2435 = ORIENTED_EDGE ( 'NONE', *, *, #1744, .F. ) ;
#2436 = VERTEX_POINT ( 'NONE', #3146 ) ;
#2437 = COLOUR_RGB ( '',1.000000000000000000, 1.000000000000000000, 1.000000000000000000 ) ;
#2438 = VECTOR ( 'NONE', #285, 1000.000000000000000 ) ;
#2439 = CARTESIAN_POINT ( 'NONE',  ( -1.199999999999999734, 0.5499999999999998224, 0.8000000000000004885 ) ) ;
#2440 = PLANE ( 'NONE',  #1552 ) ;
#2441 = VECTOR ( 'NONE', #2385, 1000.000000000000000 ) ;
#2442 = VECTOR ( 'NONE', #4192, 1000.000000000000000 ) ;
#2443 = CARTESIAN_POINT ( 'NONE',  ( 0.6999999999999999556, 0.04999999999999999584, 1.500000000000000000 ) ) ;
#2444 = ORIENTED_EDGE ( 'NONE', *, *, #3398, .T. ) ;
#2445 = FACE_OUTER_BOUND ( 'NONE', #499, .T. ) ;
#2446 = FACE_OUTER_BOUND ( 'NONE', #3810, .T. ) ;
#2447 = DIRECTION ( 'NONE',  ( -1.000000000000000000, -0.0000000000000000000, 0.0000000000000000000 ) ) ;
#2448 = CARTESIAN_POINT ( 'NONE',  ( -1.550000000000000266, 0.0000000000000000000, 0.2999999999999999889 ) ) ;
#2449 = ADVANCED_FACE ( 'NONE', ( #2765 ), #2402, .F. ) ;
#2450 = VERTEX_POINT ( 'NONE', #2819 ) ;
#2451 = EDGE_LOOP ( 'NONE', ( #837, #1436, #2648, #4738 ) ) ;
#2452 = DIRECTION ( 'NONE',  ( 0.0000000000000000000, 0.0000000000000000000, 1.000000000000000000 ) ) ;
#2453 = LINE ( 'NONE', #93, #1240 ) ;
#2454 = DIRECTION ( 'NONE',  ( -0.0000000000000000000, -0.0000000000000000000, 1.000000000000000000 ) ) ;
#2455 = PRESENTATION_LAYER_ASSIGNMENT (  '', '', ( #399 ) ) ;
#2456 = ORIENTED_EDGE ( 'NONE', *, *, #3838, .T. ) ;
#2457 = EDGE_CURVE ( 'NONE', #3222, #3224, #2380, .T. ) ;
#2458 = ORIENTED_EDGE ( 'NONE', *, *, #4428, .F. ) ;
#2459 = DIRECTION ( 'NONE',  ( -0.0000000000000000000, -0.0000000000000000000, -1.000000000000000000 ) ) ;
#2460 = AXIS2_PLACEMENT_3D ( 'NONE', #1394, #2937, #4489 ) ;
#2461 = ORIENTED_EDGE ( 'NONE', *, *, #2372, .F. ) ;
#2462 = EDGE_CURVE ( 'NONE', #4701, #4323, #3557, .T. ) ;
#2463 = ORIENTED_EDGE ( 'NONE', *, *, #4791, .F. ) ;
#2464 = DIRECTION ( 'NONE',  ( 0.0000000000000000000, 1.000000000000000000, -0.0000000000000000000 ) ) ;
#2465 = LINE ( 'NONE', #4455, #1892 ) ;
#2466 = ADVANCED_FACE ( 'NONE', ( #4363 ), #3994, .F. ) ;
#2467 = VERTEX_POINT ( 'NONE', #2426 ) ;
#2468 = CARTESIAN_POINT ( 'NONE',  ( 1.550000000000000266, 0.0000000000000000000, -0.5000000000000000000 ) ) ;
#2469 = DIRECTION ( 'NONE',  ( 0.0000000000000000000, -0.0000000000000000000, 1.000000000000000000 ) ) ;
#2470 = DIRECTION ( 'NONE',  ( 1.000000000000000000, -0.0000000000000000000, 0.0000000000000000000 ) ) ;
#2471 = DIRECTION ( 'NONE',  ( -0.0000000000000000000, -1.000000000000000000, -0.0000000000000000000 ) ) ;
#2472 = DIRECTION ( 'NONE',  ( 1.000000000000000000, -0.0000000000000000000, 0.0000000000000000000 ) ) ;
#2473 = ORIENTED_EDGE ( 'NONE', *, *, #4187, .T. ) ;
#2474 = DIRECTION ( 'NONE',  ( 0.0000000000000000000, 0.0000000000000000000, 1.000000000000000000 ) ) ;
#2475 = CARTESIAN_POINT ( 'NONE',  ( -1.050000000000000044, 0.0000000000000000000, 0.6999999999999999556 ) ) ;
#2476 = SURFACE_STYLE_FILL_AREA ( #2918 ) ;
#2477 = EDGE_CURVE ( 'NONE', #3057, #2124, #1739, .T. ) ;
#2478 = ORIENTED_EDGE ( 'NONE', *, *, #3006, .T. ) ;
#2479 = ORIENTED_EDGE ( 'NONE', *, *, #27, .F. ) ;
#2480 = SURFACE_STYLE_FILL_AREA ( #1336 ) ;
#2481 = CARTESIAN_POINT ( 'NONE',  ( 0.6999999999999999556, 0.2500000000000000000, -1.550000000000000266 ) ) ;
#2482 = EDGE_CURVE ( 'NONE', #1510, #2203, #967, .T. ) ;
#2483 = EDGE_LOOP ( 'NONE', ( #2382, #2595, #3474, #1480 ) ) ;
#2484 = FACE_OUTER_BOUND ( 'NONE', #1616, .T. ) ;
#2485 = ORIENTED_EDGE ( 'NONE', *, *, #1219, .F. ) ;
#2486 = DIRECTION ( 'NONE',  ( 0.0000000000000000000, 0.0000000000000000000, 1.000000000000000000 ) ) ;
#2487 = DIRECTION ( 'NONE',  ( -0.0000000000000000000, 1.000000000000000000, 0.0000000000000000000 ) ) ;
#2488 = EDGE_CURVE ( 'NONE', #4775, #4397, #1019, .T. ) ;
#2489 = ORIENTED_EDGE ( 'NONE', *, *, #1335, .F. ) ;
#2490 = CARTESIAN_POINT ( 'NONE',  ( -0.3414213562373087929, 0.5499999999999997113, 1.229289321881345654 ) ) ;
#2491 = CLOSED_SHELL ( 'NONE', ( #4352, #130, #1691, #4527, #765, #4453, #2805, #2659 ) ) ;
#2492 = PLANE ( 'NONE',  #2741 ) ;
#2493 = ADVANCED_FACE ( 'NONE', ( #2216 ), #4521, .T. ) ;
#2494 = CARTESIAN_POINT ( 'NONE',  ( -1.550000000000000266, 0.0000000000000000000, -0.6999999999999999556 ) ) ;
#2495 = AXIS2_PLACEMENT_3D ( 'NONE', #1761, #988, #963 ) ;
#2496 = FACE_OUTER_BOUND ( 'NONE', #3489, .T. ) ;
#2497 = CARTESIAN_POINT ( 'NONE',  ( 0.2999999999999999889, 0.0000000000000000000, -1.500000000000000000 ) ) ;
#2498 = FACE_OUTER_BOUND ( 'NONE', #1383, .T. ) ;
#2499 = AXIS2_PLACEMENT_3D ( 'NONE', #413, #3469, #1540 ) ;
#2500 = ORIENTED_EDGE ( 'NONE', *, *, #2511, .F. ) ;
#2501 = LINE ( 'NONE', #917, #3589 ) ;
#2502 = EDGE_LOOP ( 'NONE', ( #4487, #4928, #4897, #3269, #1291, #3035 ) ) ;
#2503 = VECTOR ( 'NONE', #2652, 1000.000000000000000 ) ;
#2504 = CARTESIAN_POINT ( 'NONE',  ( 0.9000000000000001332, 0.0000000000000000000, -1.050000000000000044 ) ) ;
#2505 = VERTEX_POINT ( 'NONE', #3278 ) ;
#2506 = FILL_AREA_STYLE ('',( #3666 ) ) ;
#2507 = AXIS2_PLACEMENT_3D ( 'NONE', #99, #874, #1293 ) ;
#2508 = EDGE_CURVE ( 'NONE', #2245, #2290, #3682, .T. ) ;
#2509 =( NAMED_UNIT ( * ) PLANE_ANGLE_UNIT ( ) SI_UNIT ( $, .RADIAN. ) );
#2510 = LINE ( 'NONE', #1058, #2193 ) ;
#2511 = EDGE_CURVE ( 'NONE', #2124, #3638, #4420, .T. ) ;
#2512 = VECTOR ( 'NONE', #3245, 1000.000000000000000 ) ;
#2513 = DIRECTION ( 'NONE',  ( 0.0000000000000000000, 0.0000000000000000000, 1.000000000000000000 ) ) ;
#2514 = MECHANICAL_DESIGN_GEOMETRIC_PRESENTATION_REPRESENTATION (  '', ( #1806 ), #4072 ) ;
#2515 = VERTEX_POINT ( 'NONE', #2529 ) ;
#2516 = CARTESIAN_POINT ( 'NONE',  ( -1.050000000000000044, 0.05000000000000000278, -0.2999999999999999889 ) ) ;
#2517 = ORIENTED_EDGE ( 'NONE', *, *, #159, .F. ) ;
#2518 = LINE ( 'NONE', #1062, #3684 ) ;
#2519 = VECTOR ( 'NONE', #316, 1000.000000000000000 ) ;
#2520 = EDGE_CURVE ( 'NONE', #4067, #4397, #264, .T. ) ;
#2521 = DIRECTION ( 'NONE',  ( -1.000000000000000000, -0.0000000000000000000, 0.0000000000000000000 ) ) ;
#2522 = COLOUR_RGB ( '',0.7529411764705882248, 0.7529411764705882248, 0.7529411764705882248 ) ;
#2523 = VECTOR ( 'NONE', #4341, 1000.000000000000000 ) ;
#2524 = DIRECTION ( 'NONE',  ( -1.000000000000000000, 0.0000000000000000000, -0.0000000000000000000 ) ) ;
#2525 = LINE ( 'NONE', #2185, #4411 ) ;
#2526 = DIRECTION ( 'NONE',  ( -1.000000000000000000, -0.0000000000000000000, 0.0000000000000000000 ) ) ;
#2527 = ORIENTED_EDGE ( 'NONE', *, *, #1732, .F. ) ;
#2528 = CARTESIAN_POINT ( 'NONE',  ( 1.050000000000000044, 0.0000000000000000000, 0.1000000000000000056 ) ) ;
#2529 = CARTESIAN_POINT ( 'NONE',  ( -0.5000000000000000000, 0.05000000000000000278, -1.050000000000000044 ) ) ;
#2530 = ORIENTED_EDGE ( 'NONE', *, *, #3438, .F. ) ;
#2531 = CARTESIAN_POINT ( 'NONE',  ( 1.550000000000000266, 0.2500000000000000000, 0.5000000000000000000 ) ) ;
#2532 = VECTOR ( 'NONE', #435, 1000.000000000000000 ) ;
#2533 = ORIENTED_EDGE ( 'NONE', *, *, #3893, .F. ) ;
#2534 = SURFACE_SIDE_STYLE ('',( #3306 ) ) ;
#2535 = ORIENTED_EDGE ( 'NONE', *, *, #4086, .T. ) ;
#2536 =( NAMED_UNIT ( * ) PLANE_ANGLE_UNIT ( ) SI_UNIT ( $, .RADIAN. ) );
#2537 = VECTOR ( 'NONE', #3216, 1000.000000000000000 ) ;
#2538 = DIRECTION ( 'NONE',  ( 1.000000000000000000, -0.0000000000000000000, 0.0000000000000000000 ) ) ;
#2539 = CARTESIAN_POINT ( 'NONE',  ( -1.550000000000000266, 0.0000000000000000000, 0.2999999999999999889 ) ) ;
#2540 = CARTESIAN_POINT ( 'NONE',  ( 0.1000000000000000056, 0.2500000000000000000, 1.550000000000000266 ) ) ;
#2541 = ADVANCED_FACE ( 'NONE', ( #3356 ), #1376, .T. ) ;
#2542 = SURFACE_STYLE_USAGE ( .BOTH. , #4511 ) ;
#2543 = ORIENTED_EDGE ( 'NONE', *, *, #221, .T. ) ;
#2544 = CARTESIAN_POINT ( 'NONE',  ( 0.6999999999999999556, 0.2500000000000000000, 0.0000000000000000000 ) ) ;
#2545 = CARTESIAN_POINT ( 'NONE',  ( -0.5000000000000000000, 0.04999999999999999584, -1.500000000000000000 ) ) ;
#2546 = CARTESIAN_POINT ( 'NONE',  ( -0.1000000000000000056, 0.05000000000000000278, -1.050000000000000044 ) ) ;
#2547 = EDGE_CURVE ( 'NONE', #481, #3709, #2894, .T. ) ;
#2548 = CARTESIAN_POINT ( 'NONE',  ( 1.050000000000000044, 0.05000000000000000278, 0.1000000000000000056 ) ) ;
#2549 = LINE ( 'NONE', #2497, #1036 ) ;
#2550 = DIRECTION ( 'NONE',  ( 0.0000000000000000000, 0.0000000000000000000, -1.000000000000000000 ) ) ;
#2551 = ORIENTED_EDGE ( 'NONE', *, *, #3649, .T. ) ;
#2552 = CARTESIAN_POINT ( 'NONE',  ( 1.500000000000000000, 0.0000000000000000000, -0.6999999999999999556 ) ) ;
#2553 = CARTESIAN_POINT ( 'NONE',  ( -0.9000000000000001332, 0.2500000000000000000, 0.0000000000000000000 ) ) ;
#2554 = EDGE_CURVE ( 'NONE', #2272, #4130, #1765, .T. ) ;
#2555 = VERTEX_POINT ( 'NONE', #2190 ) ;
#2556 = ORIENTED_EDGE ( 'NONE', *, *, #4844, .T. ) ;
#2557 = ORIENTED_EDGE ( 'NONE', *, *, #920, .F. ) ;
#2558 = CARTESIAN_POINT ( 'NONE',  ( 0.0000000000000000000, 0.0000000000000000000, -0.6999999999999999556 ) ) ;
#2559 = CARTESIAN_POINT ( 'NONE',  ( -1.050000000000000044, 0.05000000000000000278, -0.6999999999999999556 ) ) ;
#2560 = VERTEX_POINT ( 'NONE', #3300 ) ;
#2561 =( LENGTH_UNIT ( ) NAMED_UNIT ( * ) SI_UNIT ( .MILLI., .METRE. ) );
#2562 = ORIENTED_EDGE ( 'NONE', *, *, #751, .T. ) ;
#2563 = DIRECTION ( 'NONE',  ( -0.0000000000000000000, -0.0000000000000000000, 1.000000000000000000 ) ) ;
#2564 = DIRECTION ( 'NONE',  ( 1.000000000000000000, 0.0000000000000000000, -0.0000000000000000000 ) ) ;
#2565 = ORIENTED_EDGE ( 'NONE', *, *, #2687, .F. ) ;
#2566 = DIRECTION ( 'NONE',  ( -1.000000000000000000, -0.0000000000000000000, 0.0000000000000000000 ) ) ;
#2567 = LINE ( 'NONE', #4132, #2339 ) ;
#2568 = MANIFOLD_SOLID_BREP ( 'Pin15', #4927 ) ;
#2569 = LINE ( 'NONE', #2089, #445 ) ;
#2570 = PLANE ( 'NONE',  #4718 ) ;
#2571 = FACE_OUTER_BOUND ( 'NONE', #796, .T. ) ;
#2572 = DIRECTION ( 'NONE',  ( 0.0000000000000000000, 1.000000000000000000, 0.0000000000000000000 ) ) ;
#2573 = ADVANCED_FACE ( 'NONE', ( #3070 ), #3324, .T. ) ;
#2574 = ORIENTED_EDGE ( 'NONE', *, *, #1922, .F. ) ;
#2575 = FACE_OUTER_BOUND ( 'NONE', #2950, .T. ) ;
#2576 = DIRECTION ( 'NONE',  ( 0.0000000000000000000, -0.0000000000000000000, 1.000000000000000000 ) ) ;
#2577 = MANIFOLD_SOLID_BREP ( 'Pin18', #3400 ) ;
#2578 = ORIENTED_EDGE ( 'NONE', *, *, #1568, .T. ) ;
#2579 = VECTOR ( 'NONE', #4904, 1000.000000000000000 ) ;
#2580 = VERTEX_POINT ( 'NONE', #1170 ) ;
#2581 = ADVANCED_FACE ( 'NONE', ( #4968 ), #4170, .F. ) ;
#2582 = ADVANCED_FACE ( 'NONE', ( #1963 ), #2326, .T. ) ;
#2583 = DIRECTION ( 'NONE',  ( -0.0000000000000000000, -1.000000000000000000, -0.0000000000000000000 ) ) ;
#2584 = VECTOR ( 'NONE', #4776, 1000.000000000000000 ) ;
#2585 = ORIENTED_EDGE ( 'NONE', *, *, #751, .F. ) ;
#2586 = ORIENTED_EDGE ( 'NONE', *, *, #2462, .F. ) ;
#2587 = ADVANCED_FACE ( 'NONE', ( #4280 ), #4356, .F. ) ;
#2588 = VECTOR ( 'NONE', #105, 1000.000000000000000 ) ;
#2589 = LINE ( 'NONE', #701, #4723 ) ;
#2590 = DIRECTION ( 'NONE',  ( -0.0000000000000000000, -0.0000000000000000000, 1.000000000000000000 ) ) ;
#2591 = CARTESIAN_POINT ( 'NONE',  ( 1.500000000000000000, 0.0000000000000000000, -0.6999999999999999556 ) ) ;
#2592 = VECTOR ( 'NONE', #1135, 1000.000000000000000 ) ;
#2593 = VERTEX_POINT ( 'NONE', #886 ) ;
#2594 = CARTESIAN_POINT ( 'NONE',  ( -0.1000000000000000056, 0.2500000000000000000, -1.550000000000000266 ) ) ;
#2595 = ORIENTED_EDGE ( 'NONE', *, *, #4806, .F. ) ;
#2596 = DIRECTION ( 'NONE',  ( -0.0000000000000000000, -0.0000000000000000000, -1.000000000000000000 ) ) ;
#2597 = VECTOR ( 'NONE', #1787, 1000.000000000000000 ) ;
#2598 = PLANE ( 'NONE',  #1161 ) ;
#2599 = LINE ( 'NONE', #4039, #1549 ) ;
#2600 =( GEOMETRIC_REPRESENTATION_CONTEXT ( 3 ) GLOBAL_UNCERTAINTY_ASSIGNED_CONTEXT ( ( #2754 ) ) GLOBAL_UNIT_ASSIGNED_CONTEXT ( ( #1829, #4433, #606 ) ) REPRESENTATION_CONTEXT ( 'NONE', 'WORKASPACE' ) );
#2601 = VECTOR ( 'NONE', #322, 1000.000000000000000 ) ;
#2602 = DIRECTION ( 'NONE',  ( -0.0000000000000000000, 1.000000000000000000, 0.0000000000000000000 ) ) ;
#2603 = DIRECTION ( 'NONE',  ( 0.0000000000000000000, 1.000000000000000000, 0.0000000000000000000 ) ) ;
#2604 = ORIENTED_EDGE ( 'NONE', *, *, #1106, .T. ) ;
#2605 = LINE ( 'NONE', #4600, #1887 ) ;
#2606 = MECHANICAL_DESIGN_GEOMETRIC_PRESENTATION_REPRESENTATION (  '', ( #1974 ), #1899 ) ;
#2607 = STYLED_ITEM ( 'NONE', ( #4438 ), #2677 ) ;
#2608 = EDGE_CURVE ( 'NONE', #1869, #3680, #3624, .T. ) ;
#2609 = ORIENTED_EDGE ( 'NONE', *, *, #696, .T. ) ;
#2610 = VECTOR ( 'NONE', #2024, 1000.000000000000000 ) ;
#2611 = ORIENTED_EDGE ( 'NONE', *, *, #1762, .F. ) ;
#2612 = LINE ( 'NONE', #2291, #4296 ) ;
#2613 = DIRECTION ( 'NONE',  ( -0.0000000000000000000, -0.0000000000000000000, -1.000000000000000000 ) ) ;
#2614 = ADVANCED_FACE ( 'NONE', ( #2395 ), #2418, .T. ) ;
#2615 = ORIENTED_EDGE ( 'NONE', *, *, #733, .F. ) ;
#2616 = SURFACE_STYLE_USAGE ( .BOTH. , #3389 ) ;
#2617 = ORIENTED_EDGE ( 'NONE', *, *, #2312, .T. ) ;
#2618 = MANIFOLD_SOLID_BREP ( 'Pin9', #1698 ) ;
#2619 = LINE ( 'NONE', #817, #856 ) ;
#2620 = CARTESIAN_POINT ( 'NONE',  ( -0.2999999999999999889, 0.05000000000000000278, -1.050000000000000044 ) ) ;
#2621 = CARTESIAN_POINT ( 'NONE',  ( -0.5000000000000000000, 0.05000000000000000278, -1.050000000000000044 ) ) ;
#2622 = EDGE_CURVE ( 'NONE', #4347, #2342, #1262, .T. ) ;
#2623 = DIRECTION ( 'NONE',  ( 0.0000000000000000000, 0.0000000000000000000, -1.000000000000000000 ) ) ;
#2624 = STYLED_ITEM ( 'NONE', ( #2668 ), #4317 ) ;
#2625 = ORIENTED_EDGE ( 'NONE', *, *, #2547, .T. ) ;
#2626 = CARTESIAN_POINT ( 'NONE',  ( 1.050000000000000044, 0.0000000000000000000, 0.9000000000000001332 ) ) ;
#2627 = DIRECTION ( 'NONE',  ( 0.0000000000000000000, 0.0000000000000000000, 1.000000000000000000 ) ) ;
#2628 = MANIFOLD_SOLID_BREP ( 'Chip', #4445 ) ;
#2629 = CARTESIAN_POINT ( 'NONE',  ( -0.8000000000000000444, 0.5499999999999999334, 1.200000000000000178 ) ) ;
#2630 = DIRECTION ( 'NONE',  ( -1.000000000000000000, -0.0000000000000000000, 0.0000000000000000000 ) ) ;
#2631 = DIRECTION ( 'NONE',  ( 1.000000000000000000, -0.0000000000000000000, 0.0000000000000000000 ) ) ;
#2632 = LINE ( 'NONE', #2324, #3888 ) ;
#2633 = ORIENTED_EDGE ( 'NONE', *, *, #1064, .T. ) ;
#2634 = DIRECTION ( 'NONE',  ( 1.000000000000000000, 0.0000000000000000000, -0.0000000000000000000 ) ) ;
#2635 = CARTESIAN_POINT ( 'NONE',  ( 1.500000000000000000, 0.2500000000000000000, 0.5000000000000000000 ) ) ;
#2636 = EDGE_LOOP ( 'NONE', ( #2197, #3989, #265, #493 ) ) ;
#2637 = ORIENTED_EDGE ( 'NONE', *, *, #2278, .T. ) ;
#2638 = DIRECTION ( 'NONE',  ( 0.0000000000000000000, 0.0000000000000000000, 1.000000000000000000 ) ) ;
#2639 = LINE ( 'NONE', #4630, #4642 ) ;
#2640 = ORIENTED_EDGE ( 'NONE', *, *, #4199, .F. ) ;
#2641 =( NAMED_UNIT ( * ) SI_UNIT ( $, .STERADIAN. ) SOLID_ANGLE_UNIT ( ) );
#2642 = ORIENTED_EDGE ( 'NONE', *, *, #401, .T. ) ;
#2643 = MANIFOLD_SOLID_BREP ( 'Pin19', #2662 ) ;
#2644 = LINE ( 'NONE', #4635, #836 ) ;
#2645 = CARTESIAN_POINT ( 'NONE',  ( -0.8000000000000001554, 0.5999999999999999778, 0.7500000000000000000 ) ) ;
#2646 = EDGE_CURVE ( 'NONE', #3531, #3093, #1701, .T. ) ;
#2647 = DIRECTION ( 'NONE',  ( -1.000000000000000000, 0.0000000000000000000, -0.0000000000000000000 ) ) ;
#2648 = ORIENTED_EDGE ( 'NONE', *, *, #3803, .T. ) ;
#2649 = DIRECTION ( 'NONE',  ( 1.000000000000000000, -0.0000000000000000000, 0.0000000000000000000 ) ) ;
#2650 = EDGE_CURVE ( 'NONE', #2847, #897, #4766, .T. ) ;
#2651 = CARTESIAN_POINT ( 'NONE',  ( 1.500000000000000000, 0.05000000000000000278, -0.6999999999999999556 ) ) ;
#2652 = DIRECTION ( 'NONE',  ( 0.0000000000000000000, 1.000000000000000000, -0.0000000000000000000 ) ) ;
#2653 = EDGE_CURVE ( 'NONE', #2082, #1525, #1350, .T. ) ;
#2654 = DIRECTION ( 'NONE',  ( -1.000000000000000000, 0.0000000000000000000, 0.0000000000000000000 ) ) ;
#2655 = CARTESIAN_POINT ( 'NONE',  ( 0.1000000000000000056, 0.0000000000000000000, 0.0000000000000000000 ) ) ;
#2656 = FACE_OUTER_BOUND ( 'NONE', #3030, .T. ) ;
#2657 = EDGE_CURVE ( 'NONE', #2467, #1375, #4861, .T. ) ;
#2658 = ORIENTED_EDGE ( 'NONE', *, *, #192, .F. ) ;
#2659 = ADVANCED_FACE ( 'NONE', ( #1758 ), #4492, .T. ) ;
#2660 = CARTESIAN_POINT ( 'NONE',  ( 0.5000000000000000000, 0.0000000000000000000, 1.550000000000000266 ) ) ;
#2661 = DIRECTION ( 'NONE',  ( 0.0000000000000000000, 1.000000000000000000, 0.0000000000000000000 ) ) ;
#2662 = CLOSED_SHELL ( 'NONE', ( #246, #3465, #54, #4628, #1276, #883, #3830, #1515 ) ) ;
#2663 = ORIENTED_EDGE ( 'NONE', *, *, #2653, .T. ) ;
#2664 = PLANE ( 'NONE',  #1881 ) ;
#2665 = DIRECTION ( 'NONE',  ( -0.0000000000000000000, -1.000000000000000000, 0.0000000000000000000 ) ) ;
#2666 = AXIS2_PLACEMENT_3D ( 'NONE', #4459, #3698, #359 ) ;
#2667 = EDGE_LOOP ( 'NONE', ( #1313, #3609, #2585, #4599 ) ) ;
#2668 = PRESENTATION_STYLE_ASSIGNMENT (( #1153 ) ) ;
#2669 = EDGE_LOOP ( 'NONE', ( #3583, #543, #2733, #1890 ) ) ;
#2670 = LINE ( 'NONE', #4611, #4456 ) ;
#2671 = DIRECTION ( 'NONE',  ( -1.000000000000000000, 0.0000000000000000000, -0.0000000000000000000 ) ) ;
#2672 = EDGE_CURVE ( 'NONE', #1634, #3353, #1042, .T. ) ;
#2673 = ORIENTED_EDGE ( 'NONE', *, *, #2802, .T. ) ;
#2674 = DIRECTION ( 'NONE',  ( 0.0000000000000000000, -0.0000000000000000000, 1.000000000000000000 ) ) ;
#2675 = ORIENTED_EDGE ( 'NONE', *, *, #3213, .F. ) ;
#2676 = FACE_OUTER_BOUND ( 'NONE', #1023, .T. ) ;
#2677 = MANIFOLD_SOLID_BREP ( 'Pin13', #4693 ) ;
#2678 = DIRECTION ( 'NONE',  ( -0.0000000000000000000, -0.0000000000000000000, -1.000000000000000000 ) ) ;
#2679 = ADVANCED_FACE ( 'NONE', ( #2388 ), #1372, .T. ) ;
#2680 = CARTESIAN_POINT ( 'NONE',  ( -0.6999999999999999556, 0.2500000000000000000, 0.0000000000000000000 ) ) ;
#2681 = PLANE ( 'NONE',  #3112 ) ;
#2682 = AXIS2_PLACEMENT_3D ( 'NONE', #3127, #4663, #4682 ) ;
#2683 = LINE ( 'NONE', #4258, #1078 ) ;
#2684 = EDGE_LOOP ( 'NONE', ( #4293, #1056, #91, #1850 ) ) ;
#2685 = CARTESIAN_POINT ( 'NONE',  ( -0.9000000000000001332, 0.2500000000000000000, -1.550000000000000266 ) ) ;
#2686 = VECTOR ( 'NONE', #663, 1000.000000000000000 ) ;
#2687 = EDGE_CURVE ( 'NONE', #4804, #4680, #3546, .T. ) ;
#2688 = FACE_OUTER_BOUND ( 'NONE', #4497, .T. ) ;
#2689 = VECTOR ( 'NONE', #3860, 1000.000000000000000 ) ;
#2690 = CARTESIAN_POINT ( 'NONE',  ( -0.9000000000000001332, 0.0000000000000000000, -1.050000000000000044 ) ) ;
#2691 = CARTESIAN_POINT ( 'NONE',  ( -1.050000000000000044, 0.0000000000000000000, -0.9000000000000001332 ) ) ;
#2692 =( GEOMETRIC_REPRESENTATION_CONTEXT ( 3 ) GLOBAL_UNCERTAINTY_ASSIGNED_CONTEXT ( ( #1072 ) ) GLOBAL_UNIT_ASSIGNED_CONTEXT ( ( #974, #4505, #3234 ) ) REPRESENTATION_CONTEXT ( 'NONE', 'WORKASPACE' ) );
#2693 = VECTOR ( 'NONE', #3402, 1000.000000000000000 ) ;
#2694 = SURFACE_SIDE_STYLE ('',( #1199 ) ) ;
#2695 = CARTESIAN_POINT ( 'NONE',  ( 1.050000000000000044, 0.0000000000000000000, 0.6999999999999999556 ) ) ;
#2696 = CARTESIAN_POINT ( 'NONE',  ( 0.9000000000000001332, 0.05000000000000000278, 0.0000000000000000000 ) ) ;
#2697 = ORIENTED_EDGE ( 'NONE', *, *, #1789, .T. ) ;
#2698 = DIRECTION ( 'NONE',  ( 0.0000000000000000000, 0.0000000000000000000, 1.000000000000000000 ) ) ;
#2699 = MANIFOLD_SOLID_BREP ( 'Pin7', #4281 ) ;
#2700 = EDGE_CURVE ( 'NONE', #4417, #2467, #2745, .T. ) ;
#2701 = DIRECTION ( 'NONE',  ( 0.0000000000000000000, 0.0000000000000000000, 1.000000000000000000 ) ) ;
#2702 = DIRECTION ( 'NONE',  ( 0.0000000000000000000, -0.0000000000000000000, 1.000000000000000000 ) ) ;
#2703 = DIRECTION ( 'NONE',  ( 0.0000000000000000000, 0.0000000000000000000, 1.000000000000000000 ) ) ;
#2704 = DIRECTION ( 'NONE',  ( 0.0000000000000000000, -0.0000000000000000000, 1.000000000000000000 ) ) ;
#2705 = ORIENTED_EDGE ( 'NONE', *, *, #1789, .F. ) ;
#2706 = CARTESIAN_POINT ( 'NONE',  ( -1.550000000000000266, 0.2500000000000000000, -0.9000000000000001332 ) ) ;
#2707 = EDGE_CURVE ( 'NONE', #2920, #2220, #4782, .T. ) ;
#2708 =( LENGTH_UNIT ( ) NAMED_UNIT ( * ) SI_UNIT ( .MILLI., .METRE. ) );
#2709 = MANIFOLD_SOLID_BREP ( 'Pin10', #355 ) ;
#2710 = PLANE ( 'NONE',  #1805 ) ;
#2711 = ORIENTED_EDGE ( 'NONE', *, *, #1358, .T. ) ;
#2712 = ADVANCED_FACE ( 'NONE', ( #603 ), #1224, .T. ) ;
#2713 = CARTESIAN_POINT ( 'NONE',  ( -0.8000000000000000444, 0.5499999999999999334, 1.200000000000000178 ) ) ;
#2714 = PLANE ( 'NONE',  #1398 ) ;
#2715 = ORIENTED_EDGE ( 'NONE', *, *, #4800, .T. ) ;
#2716 = VERTEX_POINT ( 'NONE', #3692 ) ;
#2717 = EDGE_CURVE ( 'NONE', #2259, #3665, #3743, .T. ) ;
#2718 = DIRECTION ( 'NONE',  ( 1.000000000000000000, -0.0000000000000000000, 0.0000000000000000000 ) ) ;
#2719 = CARTESIAN_POINT ( 'NONE',  ( -1.500000000000000000, 0.0000000000000000000, 0.2999999999999999889 ) ) ;
#2720 = CARTESIAN_POINT ( 'NONE',  ( -1.050000000000000044, 0.05000000000000000278, 0.5000000000000000000 ) ) ;
#2721 = ORIENTED_EDGE ( 'NONE', *, *, #3036, .T. ) ;
#2722 = PLANE ( 'NONE',  #1663 ) ;
#2723 = DIRECTION ( 'NONE',  ( -0.0000000000000000000, -0.0000000000000000000, 1.000000000000000000 ) ) ;
#2724 = DIRECTION ( 'NONE',  ( -1.000000000000000000, -0.0000000000000000000, 0.0000000000000000000 ) ) ;
#2725 = LINE ( 'NONE', #392, #1177 ) ;
#2726 = VERTEX_POINT ( 'NONE', #3290 ) ;
#2727 = CARTESIAN_POINT ( 'NONE',  ( 1.050000000000000044, 0.0000000000000000000, -0.1000000000000000056 ) ) ;
#2728 = CARTESIAN_POINT ( 'NONE',  ( -0.9000000000000001332, 0.0000000000000000000, -1.500000000000000000 ) ) ;
#2729 = MANIFOLD_SOLID_BREP ( 'Pin1', #512 ) ;
#2730 = DIRECTION ( 'NONE',  ( 0.0000000000000000000, 0.0000000000000000000, 1.000000000000000000 ) ) ;
#2731 = ADVANCED_FACE ( 'NONE', ( #4125, #303 ), #1030, .T. ) ;
#2732 = ORIENTED_EDGE ( 'NONE', *, *, #1160, .T. ) ;
#2733 = ORIENTED_EDGE ( 'NONE', *, *, #1867, .T. ) ;
#2734 = DIRECTION ( 'NONE',  ( 1.000000000000000000, 0.0000000000000000000, -0.0000000000000000000 ) ) ;
#2735 = LINE ( 'NONE', #46, #3168 ) ;
#2736 = ORIENTED_EDGE ( 'NONE', *, *, #3210, .F. ) ;
#2737 = ADVANCED_FACE ( 'NONE', ( #4852 ), #4047, .T. ) ;
#2738 = ORIENTED_EDGE ( 'NONE', *, *, #564, .F. ) ;
#2739 = EDGE_CURVE ( 'NONE', #2259, #1510, #2589, .T. ) ;
#2740 = LINE ( 'NONE', #2296, #4551 ) ;
#2741 = AXIS2_PLACEMENT_3D ( 'NONE', #3675, #4055, #236 ) ;
#2742 = CARTESIAN_POINT ( 'NONE',  ( 0.2999999999999999889, 0.04999999999999999584, 1.500000000000000000 ) ) ;
#2743 = VERTEX_POINT ( 'NONE', #3668 ) ;
#2744 = AXIS2_PLACEMENT_3D ( 'NONE', #4531, #649, #3291 ) ;
#2745 = LINE ( 'NONE', #4298, #2610 ) ;
#2746 = CARTESIAN_POINT ( 'NONE',  ( 0.0000000000000000000, 0.05000000000000000278, -0.9000000000000001332 ) ) ;
#2747 =( GEOMETRIC_REPRESENTATION_CONTEXT ( 3 ) GLOBAL_UNCERTAINTY_ASSIGNED_CONTEXT ( ( #17 ) ) GLOBAL_UNIT_ASSIGNED_CONTEXT ( ( #666, #2194, #4145 ) ) REPRESENTATION_CONTEXT ( 'NONE', 'WORKASPACE' ) );
#2748 = CARTESIAN_POINT ( 'NONE',  ( 0.9000000000000001332, 0.05000000000000000278, 1.050000000000000044 ) ) ;
#2749 = EDGE_CURVE ( 'NONE', #4416, #262, #999, .T. ) ;
#2750 = ORIENTED_EDGE ( 'NONE', *, *, #1136, .F. ) ;
#2751 = DIRECTION ( 'NONE',  ( 0.0000000000000000000, 0.0000000000000000000, 1.000000000000000000 ) ) ;
#2752 = AXIS2_PLACEMENT_3D ( 'NONE', #3188, #2487, #3266 ) ;
#2753 = CARTESIAN_POINT ( 'NONE',  ( 0.0000000000000000000, 0.2500000000000000000, 0.6999999999999999556 ) ) ;
#2754 = UNCERTAINTY_MEASURE_WITH_UNIT (LENGTH_MEASURE( 1.000000000000000082E-05 ), #1829, 'distance_accuracy_value', 'NONE');
#2755 =( NAMED_UNIT ( * ) PLANE_ANGLE_UNIT ( ) SI_UNIT ( $, .RADIAN. ) );
#2756 = AXIS2_PLACEMENT_3D ( 'NONE', #4103, #3718, #307 ) ;
#2757 = CARTESIAN_POINT ( 'NONE',  ( 0.0000000000000000000, 0.05000000000000000278, -0.1000000000000000056 ) ) ;
#2758 = SURFACE_STYLE_USAGE ( .BOTH. , #863 ) ;
#2759 = ORIENTED_EDGE ( 'NONE', *, *, #2041, .T. ) ;
#2760 = ORIENTED_EDGE ( 'NONE', *, *, #1335, .T. ) ;
#2761 = DIRECTION ( 'NONE',  ( 0.0000000000000000000, 0.0000000000000000000, -1.000000000000000000 ) ) ;
#2762 = VECTOR ( 'NONE', #715, 1000.000000000000000 ) ;
#2763 = COLOUR_RGB ( '',0.7529411764705882248, 0.7529411764705882248, 0.7529411764705882248 ) ;
#2764 = DIRECTION ( 'NONE',  ( 0.0000000000000000000, -0.0000000000000000000, 1.000000000000000000 ) ) ;
#2765 = FACE_OUTER_BOUND ( 'NONE', #4143, .T. ) ;
#2766 = PRESENTATION_LAYER_ASSIGNMENT (  '', '', ( #294 ) ) ;
#2767 = EDGE_LOOP ( 'NONE', ( #4898, #3923, #997, #895, #4589, #19 ) ) ;
#2768 = ORIENTED_EDGE ( 'NONE', *, *, #3940, .F. ) ;
#2769 = FACE_OUTER_BOUND ( 'NONE', #2074, .T. ) ;
#2770 = ADVANCED_FACE ( 'NONE', ( #1751 ), #2929, .T. ) ;
#2771 = AXIS2_PLACEMENT_3D ( 'NONE', #1871, #4951, #1133 ) ;
#2772 = ORIENTED_EDGE ( 'NONE', *, *, #1953, .T. ) ;
#2773 = LINE ( 'NONE', #4001, #2857 ) ;
#2774 = ORIENTED_EDGE ( 'NONE', *, *, #3710, .T. ) ;
#2775 = DIRECTION ( 'NONE',  ( 1.000000000000000000, -0.0000000000000000000, 0.0000000000000000000 ) ) ;
#2776 = AXIS2_PLACEMENT_3D ( 'NONE', #1595, #789, #3863 ) ;
#2777 =( NAMED_UNIT ( * ) PLANE_ANGLE_UNIT ( ) SI_UNIT ( $, .RADIAN. ) );
#2778 = LINE ( 'NONE', #560, #4778 ) ;
#2779 = CARTESIAN_POINT ( 'NONE',  ( -1.550000000000000266, 0.2500000000000000000, 0.1000000000000000056 ) ) ;
#2780 = LINE ( 'NONE', #905, #3582 ) ;
#2781 = EDGE_LOOP ( 'NONE', ( #4919, #4211, #504, #4608 ) ) ;
#2782 = DIRECTION ( 'NONE',  ( 1.000000000000000000, 0.0000000000000000000, 0.0000000000000000000 ) ) ;
#2783 = DIRECTION ( 'NONE',  ( 0.0000000000000000000, 0.0000000000000000000, 1.000000000000000000 ) ) ;
#2784 = EDGE_CURVE ( 'NONE', #1363, #1564, #495, .T. ) ;
#2785 = VECTOR ( 'NONE', #1298, 1000.000000000000000 ) ;
#2786 = CARTESIAN_POINT ( 'NONE',  ( 0.2999999999999999889, 0.0000000000000000000, 1.050000000000000044 ) ) ;
#2787 = CARTESIAN_POINT ( 'NONE',  ( -1.500000000000000000, 0.04999999999999999584, 0.9000000000000001332 ) ) ;
#2788 = DIRECTION ( 'NONE',  ( 0.0000000000000000000, -0.0000000000000000000, 1.000000000000000000 ) ) ;
#2789 =( GEOMETRIC_REPRESENTATION_CONTEXT ( 3 ) GLOBAL_UNCERTAINTY_ASSIGNED_CONTEXT ( ( #4941 ) ) GLOBAL_UNIT_ASSIGNED_CONTEXT ( ( #4903, #2536, #2879 ) ) REPRESENTATION_CONTEXT ( 'NONE', 'WORKASPACE' ) );
#2790 = ORIENTED_EDGE ( 'NONE', *, *, #825, .F. ) ;
#2791 = ORIENTED_EDGE ( 'NONE', *, *, #1396, .T. ) ;
#2792 = LINE ( 'NONE', #1579, #146 ) ;
#2793 = DIRECTION ( 'NONE',  ( 1.000000000000000000, -0.0000000000000000000, 0.0000000000000000000 ) ) ;
#2794 = FACE_OUTER_BOUND ( 'NONE', #991, .T. ) ;
#2795 =( BOUNDED_SURFACE ( )  B_SPLINE_SURFACE ( 3, 3, ( 
 ( #4329, #1721, #4783, #1295 ),
 ( #1612, #2829, #4050, #2410 ),
 ( #2859, #184, #2100, #1277 ),
 ( #2882, #2439, #2803, #4006 ) ),
 .UNSPECIFIED., .F., .F., .F. ) 
 B_SPLINE_SURFACE_WITH_KNOTS ( ( 4, 4 ),
 ( 4, 4 ),
 ( 0.0000000000000000000, 1.000000000000000000 ),
 ( 0.0000000000000000000, 1.000000000000000000 ),
 .UNSPECIFIED. ) 
 GEOMETRIC_REPRESENTATION_ITEM ( )  RATIONAL_B_SPLINE_SURFACE ( (
 ( 1.000000000000000000, 0.3333333333333335369, 0.3333333333333335369, 1.000000000000000000),
 ( 0.8047378541243649375, 0.2682459513747884605, 0.2682459513747884605, 0.8047378541243649375),
 ( 0.8047378541243649375, 0.2682459513747884605, 0.2682459513747884605, 0.8047378541243649375),
 ( 1.000000000000000000, 0.3333333333333335369, 0.3333333333333335369, 1.000000000000000000) ) ) 
 REPRESENTATION_ITEM ( '' )  SURFACE ( )  );
#2796 = ORIENTED_EDGE ( 'NONE', *, *, #1475, .T. ) ;
#2797 = CARTESIAN_POINT ( 'NONE',  ( 1.500000000000000000, 0.05000000000000000278, 0.5000000000000000000 ) ) ;
#2798 = EDGE_LOOP ( 'NONE', ( #815, #2227, #2191, #627 ) ) ;
#2799 = DIRECTION ( 'NONE',  ( 0.0000000000000000000, -0.0000000000000000000, 1.000000000000000000 ) ) ;
#2800 = ORIENTED_EDGE ( 'NONE', *, *, #3371, .F. ) ;
#2801 = FACE_OUTER_BOUND ( 'NONE', #4105, .T. ) ;
#2802 = EDGE_CURVE ( 'NONE', #3384, #1508, #4200, .T. ) ;
#2803 = CARTESIAN_POINT ( 'NONE',  ( -1.199999999999999512, 0.5499999999999998224, 1.199999999999999956 ) ) ;
#2804 = EDGE_CURVE ( 'NONE', #2221, #508, #4698, .T. ) ;
#2805 = ADVANCED_FACE ( 'NONE', ( #3416 ), #2330, .T. ) ;
#2806 = CARTESIAN_POINT ( 'NONE',  ( -1.500000000000000000, 0.2500000000000000000, 0.9000000000000001332 ) ) ;
#2807 = LINE ( 'NONE', #534, #2852 ) ;
#2808 = ORIENTED_EDGE ( 'NONE', *, *, #3639, .F. ) ;
#2809 = FACE_OUTER_BOUND ( 'NONE', #3553, .T. ) ;
#2810 = EDGE_CURVE ( 'NONE', #4268, #819, #2619, .T. ) ;
#2811 = PLANE ( 'NONE',  #4625 ) ;
#2812 = EDGE_CURVE ( 'NONE', #3021, #3638, #3511, .T. ) ;
#2813 = LINE ( 'NONE', #2838, #1904 ) ;
#2814 =( LENGTH_UNIT ( ) NAMED_UNIT ( * ) SI_UNIT ( .MILLI., .METRE. ) );
#2815 = ORIENTED_EDGE ( 'NONE', *, *, #521, .T. ) ;
#2816 = VERTEX_POINT ( 'NONE', #3144 ) ;
#2817 = CARTESIAN_POINT ( 'NONE',  ( 1.050000000000000044, 0.0000000000000000000, -0.2999999999999999889 ) ) ;
#2818 = CARTESIAN_POINT ( 'NONE',  ( 0.0000000000000000000, 0.2500000000000000000, -0.2999999999999999889 ) ) ;
#2819 = CARTESIAN_POINT ( 'NONE',  ( 1.500000000000000000, 0.04999999999999999584, 0.2999999999999999889 ) ) ;
#2820 = ORIENTED_EDGE ( 'NONE', *, *, #412, .T. ) ;
#2821 = ORIENTED_EDGE ( 'NONE', *, *, #1980, .F. ) ;
#2822 = SURFACE_STYLE_FILL_AREA ( #872 ) ;
#2823 = LINE ( 'NONE', #596, #1719 ) ;
#2824 = ORIENTED_EDGE ( 'NONE', *, *, #1389, .T. ) ;
#2825 = CARTESIAN_POINT ( 'NONE',  ( 0.0000000000000000000, 0.2500000000000000000, -0.6999999999999999556 ) ) ;
#2826 = ORIENTED_EDGE ( 'NONE', *, *, #4187, .F. ) ;
#2827 = DIRECTION ( 'NONE',  ( -1.000000000000000000, 0.0000000000000000000, -0.0000000000000000000 ) ) ;
#2828 = VECTOR ( 'NONE', #2704, 1000.000000000000000 ) ;
#2829 = CARTESIAN_POINT ( 'NONE',  ( -1.299999999999999600, 0.5707106781186548350, 0.7500000000000005551 ) ) ;
#2830 = DIRECTION ( 'NONE',  ( 0.0000000000000000000, -1.000000000000000000, -0.0000000000000000000 ) ) ;
#2831 = EDGE_CURVE ( 'NONE', #1169, #897, #2792, .T. ) ;
#2832 = DIRECTION ( 'NONE',  ( 0.0000000000000000000, 0.0000000000000000000, -1.000000000000000000 ) ) ;
#2833 = VECTOR ( 'NONE', #4376, 1000.000000000000000 ) ;
#2834 = ORIENTED_EDGE ( 'NONE', *, *, #1534, .T. ) ;
#2835 = CARTESIAN_POINT ( 'NONE',  ( -0.8000000000000000444, 0.5999999999999999778, 1.250000000000000000 ) ) ;
#2836 = LINE ( 'NONE', #4384, #4930 ) ;
#2837 = MECHANICAL_DESIGN_GEOMETRIC_PRESENTATION_REPRESENTATION (  '', ( #675 ), #4937 ) ;
#2838 = CARTESIAN_POINT ( 'NONE',  ( 0.9000000000000001332, 0.2500000000000000000, 1.500000000000000000 ) ) ;
#2839 = EDGE_LOOP ( 'NONE', ( #326, #2935, #3429, #3461 ) ) ;
#2840 = ORIENTED_EDGE ( 'NONE', *, *, #497, .T. ) ;
#2841 = DIRECTION ( 'NONE',  ( -0.0000000000000000000, -0.0000000000000000000, 1.000000000000000000 ) ) ;
#2842 = FACE_OUTER_BOUND ( 'NONE', #3870, .T. ) ;
#2843 = CARTESIAN_POINT ( 'NONE',  ( 0.9000000000000001332, 0.05000000000000000278, 1.050000000000000044 ) ) ;
#2844 = EDGE_CURVE ( 'NONE', #714, #3689, #1991, .T. ) ;
#2845 = AXIS2_PLACEMENT_3D ( 'NONE', #1613, #1205, #1541 ) ;
#2846 = VERTEX_POINT ( 'NONE', #891 ) ;
#2847 = VERTEX_POINT ( 'NONE', #3121 ) ;
#2848 = VECTOR ( 'NONE', #276, 1000.000000000000000 ) ;
#2849 = LINE ( 'NONE', #3998, #2117 ) ;
#2850 = CARTESIAN_POINT ( 'NONE',  ( -1.050000000000000044, 0.0000000000000000000, -0.9000000000000001332 ) ) ;
#2851 = EDGE_CURVE ( 'NONE', #2436, #4367, #3890, .T. ) ;
#2852 = VECTOR ( 'NONE', #3981, 1000.000000000000000 ) ;
#2853 = AXIS2_PLACEMENT_3D ( 'NONE', #4318, #2352, #94 ) ;
#2854 = ORIENTED_EDGE ( 'NONE', *, *, #155, .F. ) ;
#2855 = DIRECTION ( 'NONE',  ( 0.0000000000000000000, 1.000000000000000000, 0.0000000000000000000 ) ) ;
#2856 = SURFACE_STYLE_USAGE ( .BOTH. , #1642 ) ;
#2857 = VECTOR ( 'NONE', #3973, 1000.000000000000000 ) ;
#2858 = MECHANICAL_DESIGN_GEOMETRIC_PRESENTATION_REPRESENTATION (  '', ( #2607 ), #1483 ) ;
#2859 = CARTESIAN_POINT ( 'NONE',  ( -0.8000000000000002665, 0.5499999999999999334, 0.7707106781186549016 ) ) ;
#2860 = CARTESIAN_POINT ( 'NONE',  ( 0.5000000000000000000, 0.0000000000000000000, -1.050000000000000044 ) ) ;
#2861 = AXIS2_PLACEMENT_3D ( 'NONE', #4481, #2538, #2246 ) ;
#2862 = VERTEX_POINT ( 'NONE', #3963 ) ;
#2863 = CARTESIAN_POINT ( 'NONE',  ( -0.8000000000000000444, 0.5999999999999999778, 1.200000000000000178 ) ) ;
#2864 = CARTESIAN_POINT ( 'NONE',  ( 1.500000000000000000, 0.2500000000000000000, 0.5000000000000000000 ) ) ;
#2865 = CARTESIAN_POINT ( 'NONE',  ( -0.5000000000000000000, 0.05000000000000000278, 0.0000000000000000000 ) ) ;
#2866 = CARTESIAN_POINT ( 'NONE',  ( -1.500000000000000000, 0.0000000000000000000, 0.1000000000000000056 ) ) ;
#2867 = EDGE_LOOP ( 'NONE', ( #351, #117, #4097, #102 ) ) ;
#2868 = EDGE_CURVE ( 'NONE', #2342, #1864, #4559, .T. ) ;
#2869 = ORIENTED_EDGE ( 'NONE', *, *, #1980, .T. ) ;
#2870 = CARTESIAN_POINT ( 'NONE',  ( 0.5000000000000000000, 0.05000000000000000278, 1.500000000000000000 ) ) ;
#2871 = CARTESIAN_POINT ( 'NONE',  ( -0.7148640519331436183, 0.5500000000000000444, 0.8187231197166854324 ) ) ;
#2872 =( GEOMETRIC_REPRESENTATION_CONTEXT ( 3 ) GLOBAL_UNCERTAINTY_ASSIGNED_CONTEXT ( ( #4546 ) ) GLOBAL_UNIT_ASSIGNED_CONTEXT ( ( #1488, #3792, #2641 ) ) REPRESENTATION_CONTEXT ( 'NONE', 'WORKASPACE' ) );
#2873 = ORIENTED_EDGE ( 'NONE', *, *, #3708, .T. ) ;
#2874 = ADVANCED_FACE ( 'NONE', ( #1966 ), #3794, .F. ) ;
#2875 = FACE_OUTER_BOUND ( 'NONE', #1015, .T. ) ;
#2876 = ORIENTED_EDGE ( 'NONE', *, *, #2017, .F. ) ;
#2877 = PLANE ( 'NONE',  #3349 ) ;
#2878 = ORIENTED_EDGE ( 'NONE', *, *, #4516, .T. ) ;
#2879 =( NAMED_UNIT ( * ) SI_UNIT ( $, .STERADIAN. ) SOLID_ANGLE_UNIT ( ) );
#2880 = ADVANCED_FACE ( 'NONE', ( #353 ), #3037, .F. ) ;
#2881 = FILL_AREA_STYLE_COLOUR ( '', #1733 ) ;
#2882 = CARTESIAN_POINT ( 'NONE',  ( -0.8000000000000002665, 0.5499999999999999334, 0.8000000000000001554 ) ) ;
#2883 = CARTESIAN_POINT ( 'NONE',  ( 1.550000000000000266, 0.2500000000000000000, -0.9000000000000001332 ) ) ;
#2884 = LINE ( 'NONE', #4834, #1099 ) ;
#2885 = ORIENTED_EDGE ( 'NONE', *, *, #3748, .T. ) ;
#2886 = CARTESIAN_POINT ( 'NONE',  ( -0.1000000000000000056, 0.2500000000000000000, 0.0000000000000000000 ) ) ;
#2887 = CARTESIAN_POINT ( 'NONE',  ( 0.9000000000000001332, 0.0000000000000000000, -1.500000000000000000 ) ) ;
#2888 =( NAMED_UNIT ( * ) SI_UNIT ( $, .STERADIAN. ) SOLID_ANGLE_UNIT ( ) );
#2889 = LINE ( 'NONE', #2548, #2289 ) ;
#2890 = CARTESIAN_POINT ( 'NONE',  ( 0.2999999999999999889, 0.05000000000000000278, 1.050000000000000044 ) ) ;
#2891 = CARTESIAN_POINT ( 'NONE',  ( -1.500000000000000000, 0.2500000000000000000, -0.2999999999999999889 ) ) ;
#2892 = ORIENTED_EDGE ( 'NONE', *, *, #2646, .F. ) ;
#2893 = DIRECTION ( 'NONE',  ( -0.0000000000000000000, -1.000000000000000000, -0.0000000000000000000 ) ) ;
#2894 = LINE ( 'NONE', #220, #4797 ) ;
#2895 = EDGE_CURVE ( 'NONE', #1462, #2006, #4676, .T. ) ;
#2896 = ORIENTED_EDGE ( 'NONE', *, *, #1051, .F. ) ;
#2897 = PRESENTATION_STYLE_ASSIGNMENT (( #4042 ) ) ;
#2898 = DIRECTION ( 'NONE',  ( 0.0000000000000000000, 0.0000000000000000000, 1.000000000000000000 ) ) ;
#2899 = VERTEX_POINT ( 'NONE', #617 ) ;
#2900 = FACE_OUTER_BOUND ( 'NONE', #621, .T. ) ;
#2901 = ORIENTED_EDGE ( 'NONE', *, *, #3840, .T. ) ;
#2902 = DIRECTION ( 'NONE',  ( 1.000000000000000000, 0.0000000000000000000, 0.0000000000000000000 ) ) ;
#2903 = LINE ( 'NONE', #3337, #4858 ) ;
#2904 = DIRECTION ( 'NONE',  ( -0.0000000000000000000, -0.0000000000000000000, 1.000000000000000000 ) ) ;
#2905 = ORIENTED_EDGE ( 'NONE', *, *, #2462, .T. ) ;
#2906 = FACE_OUTER_BOUND ( 'NONE', #2121, .T. ) ;
#2907 = VERTEX_POINT ( 'NONE', #2528 ) ;
#2908 = CARTESIAN_POINT ( 'NONE',  ( -0.8000000000000002665, 0.5499999999999999334, 0.8000000000000003775 ) ) ;
#2909 = PLANE ( 'NONE',  #2666 ) ;
#2910 =( NAMED_UNIT ( * ) PLANE_ANGLE_UNIT ( ) SI_UNIT ( $, .RADIAN. ) );
#2911 = VECTOR ( 'NONE', #4965, 1000.000000000000000 ) ;
#2912 = DIRECTION ( 'NONE',  ( 0.0000000000000000000, 1.000000000000000000, 0.0000000000000000000 ) ) ;
#2913 = PLANE ( 'NONE',  #2189 ) ;
#2914 = VECTOR ( 'NONE', #3778, 1000.000000000000000 ) ;
#2915 = VERTEX_POINT ( 'NONE', #2039 ) ;
#2916 = CARTESIAN_POINT ( 'NONE',  ( 0.9000000000000001332, 0.0000000000000000000, -1.050000000000000044 ) ) ;
#2917 = UNCERTAINTY_MEASURE_WITH_UNIT (LENGTH_MEASURE( 1.000000000000000082E-05 ), #2972, 'distance_accuracy_value', 'NONE');
#2918 = FILL_AREA_STYLE ('',( #4895 ) ) ;
#2919 = VECTOR ( 'NONE', #3386, 1000.000000000000000 ) ;
#2920 = VERTEX_POINT ( 'NONE', #546 ) ;
#2921 = VERTEX_POINT ( 'NONE', #148 ) ;
#2922 = ADVANCED_FACE ( 'NONE', ( #1328 ), #4391, .T. ) ;
#2923 = VECTOR ( 'NONE', #4912, 1000.000000000000000 ) ;
#2924 = SURFACE_STYLE_USAGE ( .BOTH. , #296 ) ;
#2925 = CARTESIAN_POINT ( 'NONE',  ( 0.0000000000000000000, 0.0000000000000000000, 0.9000000000000001332 ) ) ;
#2926 = ORIENTED_EDGE ( 'NONE', *, *, #1854, .F. ) ;
#2927 = VECTOR ( 'NONE', #4346, 1000.000000000000000 ) ;
#2928 = VERTEX_POINT ( 'NONE', #2916 ) ;
#2929 = PLANE ( 'NONE',  #2861 ) ;
#2930 = ADVANCED_FACE ( 'NONE', ( #4465 ), #947, .F. ) ;
#2931 = DIRECTION ( 'NONE',  ( -0.0000000000000000000, -1.000000000000000000, -0.0000000000000000000 ) ) ;
#2932 = CARTESIAN_POINT ( 'NONE',  ( 0.2999999999999999889, 0.05000000000000000278, -1.050000000000000044 ) ) ;
#2933 = VECTOR ( 'NONE', #2016, 1000.000000000000000 ) ;
#2934 = APPLICATION_CONTEXT ( 'automotive_design' ) ;
#2935 = ORIENTED_EDGE ( 'NONE', *, *, #4552, .F. ) ;
#2936 = CARTESIAN_POINT ( 'NONE',  ( -0.9000000000000001332, 0.05000000000000000278, -1.050000000000000044 ) ) ;
#2937 = DIRECTION ( 'NONE',  ( 0.0000000000000000000, 0.0000000000000000000, 1.000000000000000000 ) ) ;
#2938 = VECTOR ( 'NONE', #3113, 1000.000000000000000 ) ;
#2939 = LINE ( 'NONE', #635, #1533 ) ;
#2940 = AXIS2_PLACEMENT_3D ( 'NONE', #3487, #4615, #1639 ) ;
#2941 = DIRECTION ( 'NONE',  ( 0.0000000000000000000, 1.000000000000000000, 0.0000000000000000000 ) ) ;
#2942 = VECTOR ( 'NONE', #162, 1000.000000000000000 ) ;
#2943 = LINE ( 'NONE', #4058, #4715 ) ;
#2944 = DIRECTION ( 'NONE',  ( 1.000000000000000000, -0.0000000000000000000, 0.0000000000000000000 ) ) ;
#2945 = AXIS2_PLACEMENT_3D ( 'NONE', #4357, #3195, #4012 ) ;
#2946 = EDGE_LOOP ( 'NONE', ( #4041, #641, #2378, #425, #557, #2173 ) ) ;
#2947 = DIRECTION ( 'NONE',  ( 0.0000000000000000000, 0.0000000000000000000, 1.000000000000000000 ) ) ;
#2948 = CARTESIAN_POINT ( 'NONE',  ( -1.500000000000000000, 0.0000000000000000000, 0.9000000000000001332 ) ) ;
#2949 = ORIENTED_EDGE ( 'NONE', *, *, #3738, .T. ) ;
#2950 = EDGE_LOOP ( 'NONE', ( #4623, #4457, #665, #2834, #4390, #4184 ) ) ;
#2951 = DIRECTION ( 'NONE',  ( -0.0000000000000000000, -1.000000000000000000, -0.0000000000000000000 ) ) ;
#2952 =( GEOMETRIC_REPRESENTATION_CONTEXT ( 3 ) GLOBAL_UNCERTAINTY_ASSIGNED_CONTEXT ( ( #4241 ) ) GLOBAL_UNIT_ASSIGNED_CONTEXT ( ( #2966, #3781, #3759 ) ) REPRESENTATION_CONTEXT ( 'NONE', 'WORKASPACE' ) );
#2953 = ORIENTED_EDGE ( 'NONE', *, *, #2041, .F. ) ;
#2954 = ORIENTED_EDGE ( 'NONE', *, *, #2175, .F. ) ;
#2955 =( LENGTH_UNIT ( ) NAMED_UNIT ( * ) SI_UNIT ( .MILLI., .METRE. ) );
#2956 = LINE ( 'NONE', #2539, #2579 ) ;
#2957 = PLANE ( 'NONE',  #2756 ) ;
#2958 = EDGE_CURVE ( 'NONE', #3458, #1363, #590, .T. ) ;
#2959 = CARTESIAN_POINT ( 'NONE',  ( -1.500000000000000000, 0.05000000000000000278, -0.2999999999999999889 ) ) ;
#2960 = ORIENTED_EDGE ( 'NONE', *, *, #3495, .F. ) ;
#2961 = CARTESIAN_POINT ( 'NONE',  ( 0.9000000000000001332, 0.0000000000000000000, -1.550000000000000266 ) ) ;
#2962 = LINE ( 'NONE', #1063, #2914 ) ;
#2963 = DIRECTION ( 'NONE',  ( -1.000000000000000000, -0.0000000000000000000, 0.0000000000000000000 ) ) ;
#2964 = ADVANCED_FACE ( 'NONE', ( #4016 ), #569, .T. ) ;
#2965 = DIRECTION ( 'NONE',  ( -1.000000000000000000, -0.0000000000000000000, 0.0000000000000000000 ) ) ;
#2966 =( LENGTH_UNIT ( ) NAMED_UNIT ( * ) SI_UNIT ( .MILLI., .METRE. ) );
#2967 = ADVANCED_FACE ( 'NONE', ( #4821 ), #3225, .T. ) ;
#2968 = CARTESIAN_POINT ( 'NONE',  ( 0.2999999999999999889, 0.0000000000000000000, 0.0000000000000000000 ) ) ;
#2969 = VERTEX_POINT ( 'NONE', #2817 ) ;
#2970 = DIRECTION ( 'NONE',  ( -1.000000000000000000, -0.0000000000000000000, 0.0000000000000000000 ) ) ;
#2971 = UNCERTAINTY_MEASURE_WITH_UNIT (LENGTH_MEASURE( 1.000000000000000082E-05 ), #2033, 'distance_accuracy_value', 'NONE');
#2972 =( LENGTH_UNIT ( ) NAMED_UNIT ( * ) SI_UNIT ( .MILLI., .METRE. ) );
#2973 = EDGE_CURVE ( 'NONE', #262, #1828, #2501, .T. ) ;
#2974 = ORIENTED_EDGE ( 'NONE', *, *, #4078, .F. ) ;
#2975 = VERTEX_POINT ( 'NONE', #4361 ) ;
#2976 = ORIENTED_EDGE ( 'NONE', *, *, #4251, .T. ) ;
#2977 = DIRECTION ( 'NONE',  ( 0.0000000000000000000, 1.000000000000000000, -0.0000000000000000000 ) ) ;
#2978 = ORIENTED_EDGE ( 'NONE', *, *, #1697, .T. ) ;
#2979 = ORIENTED_EDGE ( 'NONE', *, *, #3189, .F. ) ;
#2980 = APPLICATION_PROTOCOL_DEFINITION ( 'draft international standard', 'automotive_design', 1998, #2934 ) ;
#2981 = DIRECTION ( 'NONE',  ( -1.000000000000000000, 0.0000000000000000000, -0.0000000000000000000 ) ) ;
#2982 = CARTESIAN_POINT ( 'NONE',  ( -0.5000000000000000000, 0.2500000000000000000, -1.550000000000000266 ) ) ;
#2983 = ORIENTED_EDGE ( 'NONE', *, *, #32, .T. ) ;
#2984 = DIRECTION ( 'NONE',  ( 1.000000000000000000, -0.0000000000000000000, 0.0000000000000000000 ) ) ;
#2985 = VERTEX_POINT ( 'NONE', #1306 ) ;
#2986 = CARTESIAN_POINT ( 'NONE',  ( -0.8000000000000003775, 0.5499999999999998224, 0.7707106781186547906 ) ) ;
#2987 = DIRECTION ( 'NONE',  ( 1.000000000000000000, 0.0000000000000000000, 0.0000000000000000000 ) ) ;
#2988 = EDGE_CURVE ( 'NONE', #4216, #375, #1355, .T. ) ;
#2989 = DIRECTION ( 'NONE',  ( 0.0000000000000000000, 0.0000000000000000000, 1.000000000000000000 ) ) ;
#2990 = CARTESIAN_POINT ( 'NONE',  ( 1.050000000000000044, 0.0000000000000000000, -0.5000000000000000000 ) ) ;
#2991 = PLANE ( 'NONE',  #1988 ) ;
#2992 = CARTESIAN_POINT ( 'NONE',  ( 1.500000000000000000, 0.2500000000000000000, -0.2999999999999999889 ) ) ;
#2993 = VERTEX_POINT ( 'NONE', #2423 ) ;
#2994 = EDGE_CURVE ( 'NONE', #1181, #1690, #3991, .T. ) ;
#2995 = VECTOR ( 'NONE', #394, 1000.000000000000000 ) ;
#2996 = VERTEX_POINT ( 'NONE', #1016 ) ;
#2997 = AXIS2_PLACEMENT_3D ( 'NONE', #3858, #3521, #2698 ) ;
#2998 = ADVANCED_FACE ( 'NONE', ( #3681 ), #4442, .T. ) ;
#2999 = LINE ( 'NONE', #1102, #1796 ) ;
#3000 = DIRECTION ( 'NONE',  ( 1.000000000000000000, -0.0000000000000000000, 0.0000000000000000000 ) ) ;
#3001 = ORIENTED_EDGE ( 'NONE', *, *, #3124, .F. ) ;
#3002 = SURFACE_STYLE_FILL_AREA ( #1437 ) ;
#3003 = ORIENTED_EDGE ( 'NONE', *, *, #2749, .T. ) ;
#3004 = VECTOR ( 'NONE', #979, 1000.000000000000000 ) ;
#3005 = DIRECTION ( 'NONE',  ( -0.0000000000000000000, 0.0000000000000000000, -1.000000000000000000 ) ) ;
#3006 = EDGE_CURVE ( 'NONE', #1841, #2846, #4880, .T. ) ;
#3007 = LINE ( 'NONE', #1387, #362 ) ;
#3008 = LINE ( 'NONE', #4955, #933 ) ;
#3009 = VECTOR ( 'NONE', #4526, 1000.000000000000000 ) ;
#3010 = ORIENTED_EDGE ( 'NONE', *, *, #4235, .F. ) ;
#3011 = DIRECTION ( 'NONE',  ( 0.0000000000000000000, 0.0000000000000000000, 1.000000000000000000 ) ) ;
#3012 = VECTOR ( 'NONE', #150, 1000.000000000000000 ) ;
#3013 = CARTESIAN_POINT ( 'NONE',  ( -1.500000000000000000, 0.0000000000000000000, -0.6999999999999999556 ) ) ;
#3014 = CARTESIAN_POINT ( 'NONE',  ( -0.6999999999999999556, 0.2500000000000000000, -1.550000000000000266 ) ) ;
#3015 = VECTOR ( 'NONE', #1798, 1000.000000000000000 ) ;
#3016 =( GEOMETRIC_REPRESENTATION_CONTEXT ( 3 ) GLOBAL_UNCERTAINTY_ASSIGNED_CONTEXT ( ( #2971 ) ) GLOBAL_UNIT_ASSIGNED_CONTEXT ( ( #2033, #2755, #2009 ) ) REPRESENTATION_CONTEXT ( 'NONE', 'WORKASPACE' ) );
#3017 = DIRECTION ( 'NONE',  ( 1.000000000000000000, -0.0000000000000000000, 0.0000000000000000000 ) ) ;
#3018 = CARTESIAN_POINT ( 'NONE',  ( 0.6999999999999999556, 0.0000000000000000000, 0.0000000000000000000 ) ) ;
#3019 = EDGE_CURVE ( 'NONE', #2560, #4319, #4894, .T. ) ;
#3020 = CARTESIAN_POINT ( 'NONE',  ( 1.550000000000000266, 0.0000000000000000000, 0.9000000000000001332 ) ) ;
#3021 = VERTEX_POINT ( 'NONE', #2164 ) ;
#3022 = CARTESIAN_POINT ( 'NONE',  ( 0.2999999999999999889, 0.0000000000000000000, 1.500000000000000000 ) ) ;
#3023 = PRESENTATION_LAYER_ASSIGNMENT (  '', '', ( #65 ) ) ;
#3024 = FILL_AREA_STYLE_COLOUR ( '', #1888 ) ;
#3025 = LINE ( 'NONE', #4283, #2048 ) ;
#3026 = VERTEX_POINT ( 'NONE', #1070 ) ;
#3027 = EDGE_CURVE ( 'NONE', #4168, #4347, #1810, .T. ) ;
#3028 = VECTOR ( 'NONE', #2470, 1000.000000000000000 ) ;
#3029 = ORIENTED_EDGE ( 'NONE', *, *, #3536, .F. ) ;
#3030 = EDGE_LOOP ( 'NONE', ( #3787, #4902, #3052, #722, #4198, #4372 ) ) ;
#3031 = ADVANCED_FACE ( 'NONE', ( #2575 ), #4545, .T. ) ;
#3032 = LINE ( 'NONE', #3789, #3246 ) ;
#3033 = ORIENTED_EDGE ( 'NONE', *, *, #373, .F. ) ;
#3034 = EDGE_CURVE ( 'NONE', #2354, #4775, #1403, .T. ) ;
#3035 = ORIENTED_EDGE ( 'NONE', *, *, #2093, .T. ) ;
#3036 = EDGE_CURVE ( 'NONE', #3507, #262, #2188, .T. ) ;
#3037 = PLANE ( 'NONE',  #2771 ) ;
#3038 = LINE ( 'NONE', #427, #3811 ) ;
#3039 = DIRECTION ( 'NONE',  ( 0.0000000000000000000, -0.0000000000000000000, 1.000000000000000000 ) ) ;
#3040 = CARTESIAN_POINT ( 'NONE',  ( -1.050000000000000044, 0.05000000000000000278, 0.9000000000000001332 ) ) ;
#3041 = VECTOR ( 'NONE', #1778, 1000.000000000000000 ) ;
#3042 = EDGE_LOOP ( 'NONE', ( #801, #4654, #1649, #4472, #1577, #1528 ) ) ;
#3043 = DIRECTION ( 'NONE',  ( 0.0000000000000000000, -1.000000000000000000, -0.0000000000000000000 ) ) ;
#3044 = CARTESIAN_POINT ( 'NONE',  ( -0.6999999999999999556, 0.0000000000000000000, 1.500000000000000000 ) ) ;
#3045 = CARTESIAN_POINT ( 'NONE',  ( -1.500000000000000000, 0.0000000000000000000, -0.5000000000000000000 ) ) ;
#3046 = PLANE ( 'NONE',  #1702 ) ;
#3047 = ORIENTED_EDGE ( 'NONE', *, *, #27, .T. ) ;
#3048 = CARTESIAN_POINT ( 'NONE',  ( -1.500000000000000000, 0.2500000000000000000, -0.6999999999999999556 ) ) ;
#3049 =( NAMED_UNIT ( * ) PLANE_ANGLE_UNIT ( ) SI_UNIT ( $, .RADIAN. ) );
#3050 = CARTESIAN_POINT ( 'NONE',  ( 0.2999999999999999889, 0.2500000000000000000, -1.550000000000000266 ) ) ;
#3051 = ORIENTED_EDGE ( 'NONE', *, *, #4830, .F. ) ;
#3052 = ORIENTED_EDGE ( 'NONE', *, *, #342, .F. ) ;
#3053 = CARTESIAN_POINT ( 'NONE',  ( 1.500000000000000000, 0.04999999999999999584, -0.6999999999999999556 ) ) ;
#3054 = DIRECTION ( 'NONE',  ( -0.0000000000000000000, 0.0000000000000000000, -1.000000000000000000 ) ) ;
#3055 = ADVANCED_FACE ( 'NONE', ( #4113 ), #3762, .F. ) ;
#3056 = EDGE_LOOP ( 'NONE', ( #3450, #2815, #1632, #271 ) ) ;
#3057 = VERTEX_POINT ( 'NONE', #4092 ) ;
#3058 = CARTESIAN_POINT ( 'NONE',  ( 0.5000000000000000000, 0.0000000000000000000, 1.050000000000000044 ) ) ;
#3059 = CARTESIAN_POINT ( 'NONE',  ( -0.2999999999999999889, 0.2500000000000000000, 1.500000000000000000 ) ) ;
#3060 = EDGE_CURVE ( 'NONE', #1822, #535, #4169, .T. ) ;
#3061 = LINE ( 'NONE', #2696, #3917 ) ;
#3062 = ORIENTED_EDGE ( 'NONE', *, *, #2508, .T. ) ;
#3063 = DIRECTION ( 'NONE',  ( -0.0000000000000000000, 1.000000000000000000, 0.0000000000000000000 ) ) ;
#3064 = CARTESIAN_POINT ( 'NONE',  ( -1.050000000000000044, 0.0000000000000000000, -0.1000000000000000056 ) ) ;
#3065 = EDGE_CURVE ( 'NONE', #4021, #4297, #1431, .T. ) ;
#3066 = DIRECTION ( 'NONE',  ( -1.000000000000000000, -0.0000000000000000000, 0.0000000000000000000 ) ) ;
#3067 = DIRECTION ( 'NONE',  ( -1.000000000000000000, 0.0000000000000000000, -0.0000000000000000000 ) ) ;
#3068 = CARTESIAN_POINT ( 'NONE',  ( -0.6999999999999999556, 0.0000000000000000000, 0.0000000000000000000 ) ) ;
#3069 = EDGE_LOOP ( 'NONE', ( #4703, #889, #3836, #2044 ) ) ;
#3070 = FACE_OUTER_BOUND ( 'NONE', #773, .T. ) ;
#3071 = DIRECTION ( 'NONE',  ( 0.0000000000000000000, 1.000000000000000000, 0.0000000000000000000 ) ) ;
#3072 = CLOSED_SHELL ( 'NONE', ( #1583, #4610, #4915, #2080, #980, #4414, #2737, #2106 ) ) ;
#3073 = VERTEX_POINT ( 'NONE', #686 ) ;
#3074 = CARTESIAN_POINT ( 'NONE',  ( -0.9954462443238611957, 0.5500000000000000444, 1.052313925528212790 ) ) ;
#3075 = VECTOR ( 'NONE', #3957, 1000.000000000000000 ) ;
#3076 = ORIENTED_EDGE ( 'NONE', *, *, #4495, .F. ) ;
#3077 = ORIENTED_EDGE ( 'NONE', *, *, #412, .F. ) ;
#3078 = AXIS2_PLACEMENT_3D ( 'NONE', #2151, #1774, #3310 ) ;
#3079 =( NAMED_UNIT ( * ) PLANE_ANGLE_UNIT ( ) SI_UNIT ( $, .RADIAN. ) );
#3080 = FACE_OUTER_BOUND ( 'NONE', #1325, .T. ) ;
#3081 = CARTESIAN_POINT ( 'NONE',  ( 0.2999999999999999889, 0.0000000000000000000, -1.550000000000000266 ) ) ;
#3082 = AXIS2_PLACEMENT_3D ( 'NONE', #2145, #4502, #4119 ) ;
#3083 = ORIENTED_EDGE ( 'NONE', *, *, #3019, .F. ) ;
#3084 = DIRECTION ( 'NONE',  ( 0.0000000000000000000, 0.0000000000000000000, 1.000000000000000000 ) ) ;
#3085 = EDGE_CURVE ( 'NONE', #3353, #1712, #3730, .T. ) ;
#3086 = LINE ( 'NONE', #2651, #3976 ) ;
#3087 = EDGE_CURVE ( 'NONE', #1746, #4168, #4498, .T. ) ;
#3088 = PLANE ( 'NONE',  #1003 ) ;
#3089 = VECTOR ( 'NONE', #1604, 1000.000000000000000 ) ;
#3090 = CARTESIAN_POINT ( 'NONE',  ( 1.050000000000000044, 0.05000000000000000278, -0.2999999999999999889 ) ) ;
#3091 = EDGE_CURVE ( 'NONE', #2921, #436, #1096, .T. ) ;
#3092 = DIRECTION ( 'NONE',  ( -1.000000000000000000, 0.0000000000000000000, 0.0000000000000000000 ) ) ;
#3093 = VERTEX_POINT ( 'NONE', #2213 ) ;
#3094 = LINE ( 'NONE', #4239, #3843 ) ;
#3095 = VECTOR ( 'NONE', #3945, 1000.000000000000000 ) ;
#3096 = CARTESIAN_POINT ( 'NONE',  ( -1.500000000000000000, 0.0000000000000000000, 0.1000000000000000056 ) ) ;
#3097 = ORIENTED_EDGE ( 'NONE', *, *, #4791, .T. ) ;
#3098 = VECTOR ( 'NONE', #4272, 1000.000000000000000 ) ;
#3099 = ORIENTED_EDGE ( 'NONE', *, *, #1321, .T. ) ;
#3100 = CARTESIAN_POINT ( 'NONE',  ( -0.9028251472520368859, 0.5500000000000000444, 0.8207046249026198614 ) ) ;
#3101 = CARTESIAN_POINT ( 'NONE',  ( 1.500000000000000000, 0.2500000000000000000, -0.9000000000000001332 ) ) ;
#3102 = VECTOR ( 'NONE', #252, 1000.000000000000000 ) ;
#3103 = EDGE_LOOP ( 'NONE', ( #1784, #4247, #3198, #2642 ) ) ;
#3104 = ORIENTED_EDGE ( 'NONE', *, *, #3341, .F. ) ;
#3105 = DIRECTION ( 'NONE',  ( -0.0000000000000000000, -1.000000000000000000, -0.0000000000000000000 ) ) ;
#3106 = CARTESIAN_POINT ( 'NONE',  ( 1.050000000000000044, 0.0000000000000000000, 0.5000000000000000000 ) ) ;
#3107 = CARTESIAN_POINT ( 'NONE',  ( -1.050000000000000044, 0.0000000000000000000, 0.5000000000000000000 ) ) ;
#3108 = ORIENTED_EDGE ( 'NONE', *, *, #1424, .T. ) ;
#3109 = DIRECTION ( 'NONE',  ( 0.0000000000000000000, 0.0000000000000000000, 1.000000000000000000 ) ) ;
#3110 = DIRECTION ( 'NONE',  ( 0.0000000000000000000, -0.0000000000000000000, 1.000000000000000000 ) ) ;
#3111 = EDGE_CURVE ( 'NONE', #3791, #4123, #1842, .T. ) ;
#3112 = AXIS2_PLACEMENT_3D ( 'NONE', #1570, #416, #3067 ) ;
#3113 = DIRECTION ( 'NONE',  ( -0.0000000000000000000, -1.000000000000000000, 0.0000000000000000000 ) ) ;
#3114 = CARTESIAN_POINT ( 'NONE',  ( -0.1000000000000000056, 0.04999999999999999584, 1.500000000000000000 ) ) ;
#3115 = UNCERTAINTY_MEASURE_WITH_UNIT (LENGTH_MEASURE( 1.000000000000000082E-05 ), #3138, 'distance_accuracy_value', 'NONE');
#3116 = ADVANCED_FACE ( 'NONE', ( #1049 ), #3379, .T. ) ;
#3117 = DIRECTION ( 'NONE',  ( -0.0000000000000000000, -0.0000000000000000000, 1.000000000000000000 ) ) ;
#3118 = EDGE_CURVE ( 'NONE', #1251, #600, #2605, .T. ) ;
#3119 = EDGE_LOOP ( 'NONE', ( #2362, #2144, #3924, #3322 ) ) ;
#3120 = EDGE_LOOP ( 'NONE', ( #1340, #982, #1073, #300 ) ) ;
#3121 = CARTESIAN_POINT ( 'NONE',  ( -0.1000000000000000056, 0.05000000000000000278, -1.050000000000000044 ) ) ;
#3122 = CARTESIAN_POINT ( 'NONE',  ( 0.5000000000000000000, 0.2500000000000000000, 1.550000000000000266 ) ) ;
#3123 = CARTESIAN_POINT ( 'NONE',  ( 0.6999999999999999556, 0.2500000000000000000, 0.0000000000000000000 ) ) ;
#3124 = EDGE_CURVE ( 'NONE', #2975, #481, #4918, .T. ) ;
#3125 = ORIENTED_EDGE ( 'NONE', *, *, #1546, .F. ) ;
#3126 = VERTEX_POINT ( 'NONE', #3785 ) ;
#3127 = CARTESIAN_POINT ( 'NONE',  ( -0.9000000000000001332, 0.2500000000000000000, -1.550000000000000266 ) ) ;
#3128 = EDGE_CURVE ( 'NONE', #3721, #2969, #345, .T. ) ;
#3129 = LINE ( 'NONE', #2075, #3098 ) ;
#3130 = ORIENTED_EDGE ( 'NONE', *, *, #2851, .F. ) ;
#3131 = DIRECTION ( 'NONE',  ( -0.0000000000000000000, -1.000000000000000000, -0.0000000000000000000 ) ) ;
#3132 = CARTESIAN_POINT ( 'NONE',  ( -1.550000000000000266, 0.2500000000000000000, 0.5000000000000000000 ) ) ;
#3133 = CARTESIAN_POINT ( 'NONE',  ( 1.500000000000000000, 0.04999999999999999584, -0.2999999999999999889 ) ) ;
#3134 = ORIENTED_EDGE ( 'NONE', *, *, #3952, .T. ) ;
#3135 = CARTESIAN_POINT ( 'NONE',  ( 0.0000000000000000000, 0.0000000000000000000, 0.6999999999999999556 ) ) ;
#3136 = ADVANCED_FACE ( 'NONE', ( #397 ), #2344, .F. ) ;
#3137 = CARTESIAN_POINT ( 'NONE',  ( 0.5000000000000000000, 0.2500000000000000000, -1.550000000000000266 ) ) ;
#3138 =( LENGTH_UNIT ( ) NAMED_UNIT ( * ) SI_UNIT ( .MILLI., .METRE. ) );
#3139 = FACE_OUTER_BOUND ( 'NONE', #3361, .T. ) ;
#3140 = FILL_AREA_STYLE ('',( #4555 ) ) ;
#3141 = ORIENTED_EDGE ( 'NONE', *, *, #3019, .T. ) ;
#3142 = EDGE_CURVE ( 'NONE', #4367, #4701, #4212, .T. ) ;
#3143 = ORIENTED_EDGE ( 'NONE', *, *, #155, .T. ) ;
#3144 = CARTESIAN_POINT ( 'NONE',  ( 0.1000000000000000056, 0.04999999999999999584, 1.500000000000000000 ) ) ;
#3145 = FACE_OUTER_BOUND ( 'NONE', #3103, .T. ) ;
#3146 = CARTESIAN_POINT ( 'NONE',  ( 1.500000000000000000, 0.05000000000000001665, 1.500000000000000000 ) ) ;
#3147 = ORIENTED_EDGE ( 'NONE', *, *, #4522, .F. ) ;
#3148 = AXIS2_PLACEMENT_3D ( 'NONE', #2087, #2036, #3197 ) ;
#3149 = ORIENTED_EDGE ( 'NONE', *, *, #2810, .F. ) ;
#3150 = EDGE_CURVE ( 'NONE', #4216, #3856, #1985, .T. ) ;
#3151 = LINE ( 'NONE', #501, #448 ) ;
#3152 = ORIENTED_EDGE ( 'NONE', *, *, #3484, .F. ) ;
#3153 = CARTESIAN_POINT ( 'NONE',  ( 0.6999999999999999556, 0.2500000000000000000, -1.500000000000000000 ) ) ;
#3154 = VERTEX_POINT ( 'NONE', #3137 ) ;
#3155 = ADVANCED_FACE ( 'NONE', ( #1960 ), #3456, .T. ) ;
#3156 = VECTOR ( 'NONE', #2931, 1000.000000000000000 ) ;
#3157 = DIRECTION ( 'NONE',  ( -1.000000000000000000, -0.0000000000000000000, 0.0000000000000000000 ) ) ;
#3158 = LINE ( 'NONE', #460, #3820 ) ;
#3159 = DIRECTION ( 'NONE',  ( -0.0000000000000000000, 1.000000000000000000, 0.0000000000000000000 ) ) ;
#3160 = ORIENTED_EDGE ( 'NONE', *, *, #1209, .F. ) ;
#3161 = CARTESIAN_POINT ( 'NONE',  ( -0.2999999999999997113, 0.5707106781186546129, 1.250000000000000000 ) ) ;
#3162 = VECTOR ( 'NONE', #3859, 1000.000000000000000 ) ;
#3163 = DIRECTION ( 'NONE',  ( 0.0000000000000000000, -0.0000000000000000000, 1.000000000000000000 ) ) ;
#3164 = VECTOR ( 'NONE', #179, 1000.000000000000000 ) ;
#3165 = DIRECTION ( 'NONE',  ( -1.000000000000000000, -0.0000000000000000000, 0.0000000000000000000 ) ) ;
#3166 = PLANE ( 'NONE',  #2303 ) ;
#3167 = ORIENTED_EDGE ( 'NONE', *, *, #3330, .T. ) ;
#3168 = VECTOR ( 'NONE', #2665, 1000.000000000000000 ) ;
#3169 = DIRECTION ( 'NONE',  ( 1.000000000000000000, -0.0000000000000000000, 0.0000000000000000000 ) ) ;
#3170 = FACE_OUTER_BOUND ( 'NONE', #685, .T. ) ;
#3171 = EDGE_CURVE ( 'NONE', #645, #2023, #3094, .T. ) ;
#3172 = VECTOR ( 'NONE', #3066, 1000.000000000000000 ) ;
#3173 = ORIENTED_EDGE ( 'NONE', *, *, #2988, .F. ) ;
#3174 = ORIENTED_EDGE ( 'NONE', *, *, #847, .T. ) ;
#3175 = LINE ( 'NONE', #3969, #2584 ) ;
#3176 = VECTOR ( 'NONE', #555, 1000.000000000000000 ) ;
#3177 = CARTESIAN_POINT ( 'NONE',  ( 0.9000000000000001332, 0.05000000000000000278, 1.050000000000000044 ) ) ;
#3178 = AXIS2_PLACEMENT_3D ( 'NONE', #4770, #1287, #3605 ) ;
#3179 = ADVANCED_FACE ( 'NONE', ( #38 ), #3911, .F. ) ;
#3180 = ORIENTED_EDGE ( 'NONE', *, *, #2251, .T. ) ;
#3181 = DIRECTION ( 'NONE',  ( 0.0000000000000000000, 0.0000000000000000000, -1.000000000000000000 ) ) ;
#3182 = ADVANCED_FACE ( 'NONE', ( #490 ), #2308, .F. ) ;
#3183 = ORIENTED_EDGE ( 'NONE', *, *, #1861, .T. ) ;
#3184 = DIRECTION ( 'NONE',  ( 0.0000000000000000000, 0.0000000000000000000, -1.000000000000000000 ) ) ;
#3185 = VECTOR ( 'NONE', #4243, 1000.000000000000000 ) ;
#3186 =( LENGTH_UNIT ( ) NAMED_UNIT ( * ) SI_UNIT ( .MILLI., .METRE. ) );
#3187 = LINE ( 'NONE', #672, #4375 ) ;
#3188 = CARTESIAN_POINT ( 'NONE',  ( 1.500000000000000000, 0.0000000000000000000, 0.1000000000000000056 ) ) ;
#3189 = EDGE_CURVE ( 'NONE', #2240, #2920, #4671, .T. ) ;
#3190 = DIRECTION ( 'NONE',  ( 0.0000000000000000000, 0.0000000000000000000, 1.000000000000000000 ) ) ;
#3191 = ORIENTED_EDGE ( 'NONE', *, *, #2396, .F. ) ;
#3192 = LINE ( 'NONE', #4033, #1576 ) ;
#3193 = FACE_OUTER_BOUND ( 'NONE', #2451, .T. ) ;
#3194 = VECTOR ( 'NONE', #2703, 1000.000000000000000 ) ;
#3195 = DIRECTION ( 'NONE',  ( -0.0000000000000000000, 1.000000000000000000, 0.0000000000000000000 ) ) ;
#3196 = AXIS2_PLACEMENT_3D ( 'NONE', #2174, #4809, #2902 ) ;
#3197 = DIRECTION ( 'NONE',  ( -1.000000000000000000, 0.0000000000000000000, -0.0000000000000000000 ) ) ;
#3198 = ORIENTED_EDGE ( 'NONE', *, *, #1358, .F. ) ;
#3199 = CARTESIAN_POINT ( 'NONE',  ( -0.1000000000000000056, 0.2500000000000000000, -1.500000000000000000 ) ) ;
#3200 = LINE ( 'NONE', #174, #1171 ) ;
#3201 = LINE ( 'NONE', #571, #2350 ) ;
#3202 = VERTEX_POINT ( 'NONE', #2706 ) ;
#3203 = ORIENTED_EDGE ( 'NONE', *, *, #115, .T. ) ;
#3204 = ADVANCED_FACE ( 'NONE', ( #2008 ), #1618, .T. ) ;
#3205 = CARTESIAN_POINT ( 'NONE',  ( 0.1000000000000000056, 0.0000000000000000000, -1.500000000000000000 ) ) ;
#3206 = DIRECTION ( 'NONE',  ( -0.0000000000000000000, -0.0000000000000000000, -1.000000000000000000 ) ) ;
#3207 = ORIENTED_EDGE ( 'NONE', *, *, #244, .F. ) ;
#3208 = LINE ( 'NONE', #4753, #3176 ) ;
#3209 = ORIENTED_EDGE ( 'NONE', *, *, #1000, .T. ) ;
#3210 = EDGE_CURVE ( 'NONE', #568, #1181, #4691, .T. ) ;
#3211 = LINE ( 'NONE', #958, #4134 ) ;
#3212 = DIRECTION ( 'NONE',  ( 0.0000000000000000000, -0.0000000000000000000, 1.000000000000000000 ) ) ;
#3213 = EDGE_CURVE ( 'NONE', #3882, #1120, #1210, .T. ) ;
#3214 = CARTESIAN_POINT ( 'NONE',  ( 0.9000000000000001332, 0.04999999999999999584, -1.500000000000000000 ) ) ;
#3215 = VERTEX_POINT ( 'NONE', #2660 ) ;
#3216 = DIRECTION ( 'NONE',  ( 0.0000000000000000000, 0.0000000000000000000, 1.000000000000000000 ) ) ;
#3217 = EDGE_CURVE ( 'NONE', #1593, #4586, #1524, .T. ) ;
#3218 = PLANE ( 'NONE',  #2109 ) ;
#3219 = FILL_AREA_STYLE_COLOUR ( '', #3259 ) ;
#3220 = DIRECTION ( 'NONE',  ( 1.000000000000000000, -0.0000000000000000000, 0.0000000000000000000 ) ) ;
#3221 = FILL_AREA_STYLE_COLOUR ( '', #161 ) ;
#3222 = VERTEX_POINT ( 'NONE', #1506 ) ;
#3223 = EDGE_CURVE ( 'NONE', #4773, #4389, #3025, .T. ) ;
#3224 = VERTEX_POINT ( 'NONE', #1965 ) ;
#3225 = PLANE ( 'NONE',  #3178 ) ;
#3226 = DIRECTION ( 'NONE',  ( -0.0000000000000000000, 1.000000000000000000, 0.0000000000000000000 ) ) ;
#3227 = PLANE ( 'NONE',  #2853 ) ;
#3228 = VERTEX_POINT ( 'NONE', #3864 ) ;
#3229 = ORIENTED_EDGE ( 'NONE', *, *, #4706, .F. ) ;
#3230 = FILL_AREA_STYLE_COLOUR ( '', #1624 ) ;
#3231 = CARTESIAN_POINT ( 'NONE',  ( 0.6999999999999999556, 0.0000000000000000000, -1.550000000000000266 ) ) ;
#3232 = EDGE_CURVE ( 'NONE', #3799, #440, #3809, .T. ) ;
#3233 = ORIENTED_EDGE ( 'NONE', *, *, #2112, .F. ) ;
#3234 =( NAMED_UNIT ( * ) SI_UNIT ( $, .STERADIAN. ) SOLID_ANGLE_UNIT ( ) );
#3235 = ORIENTED_EDGE ( 'NONE', *, *, #1922, .T. ) ;
#3236 = CARTESIAN_POINT ( 'NONE',  ( 0.6999999999999999556, 0.04999999999999999584, -1.500000000000000000 ) ) ;
#3237 = PLANE ( 'NONE',  #3654 ) ;
#3238 = EDGE_CURVE ( 'NONE', #3797, #3073, #3915, .T. ) ;
#3239 = FACE_OUTER_BOUND ( 'NONE', #4512, .T. ) ;
#3240 = VERTEX_POINT ( 'NONE', #2311 ) ;
#3241 = CARTESIAN_POINT ( 'NONE',  ( 0.5000000000000000000, 0.0000000000000000000, -1.550000000000000266 ) ) ;
#3242 = DIRECTION ( 'NONE',  ( -0.0000000000000000000, -1.000000000000000000, 0.0000000000000000000 ) ) ;
#3243 = VECTOR ( 'NONE', #4368, 1000.000000000000000 ) ;
#3244 = DIRECTION ( 'NONE',  ( -0.0000000000000000000, -1.000000000000000000, 0.0000000000000000000 ) ) ;
#3245 = DIRECTION ( 'NONE',  ( 1.000000000000000000, -0.0000000000000000000, 0.0000000000000000000 ) ) ;
#3246 = VECTOR ( 'NONE', #1967, 1000.000000000000000 ) ;
#3247 = CARTESIAN_POINT ( 'NONE',  ( -1.550000000000000266, 0.0000000000000000000, 0.6999999999999999556 ) ) ;
#3248 = ORIENTED_EDGE ( 'NONE', *, *, #920, .T. ) ;
#3249 = DIRECTION ( 'NONE',  ( 1.000000000000000000, -0.0000000000000000000, 0.0000000000000000000 ) ) ;
#3250 = CARTESIAN_POINT ( 'NONE',  ( -0.6002185319805032337, 0.5500000000000000444, 1.027019208338959322 ) ) ;
#3251 = FACE_OUTER_BOUND ( 'NONE', #211, .T. ) ;
#3252 = AXIS2_PLACEMENT_3D ( 'NONE', #1273, #4705, #2020 ) ;
#3253 = ADVANCED_FACE ( 'NONE', ( #3841 ), #4653, .F. ) ;
#3254 = ORIENTED_EDGE ( 'NONE', *, *, #4765, .T. ) ;
#3255 = ORIENTED_EDGE ( 'NONE', *, *, #3091, .T. ) ;
#3256 = VECTOR ( 'NONE', #1743, 1000.000000000000000 ) ;
#3257 = LINE ( 'NONE', #526, #533 ) ;
#3258 = VECTOR ( 'NONE', #4257, 1000.000000000000000 ) ;
#3259 = COLOUR_RGB ( '',0.2470588235294117752, 0.2470588235294117752, 0.2470588235294117752 ) ;
#3260 = ORIENTED_EDGE ( 'NONE', *, *, #1039, .T. ) ;
#3261 = VERTEX_POINT ( 'NONE', #3050 ) ;
#3262 = SURFACE_SIDE_STYLE ('',( #3336 ) ) ;
#3263 = VECTOR ( 'NONE', #429, 1000.000000000000000 ) ;
#3264 = AXIS2_PLACEMENT_3D ( 'NONE', #1548, #1504, #812 ) ;
#3265 = FACE_OUTER_BOUND ( 'NONE', #850, .T. ) ;
#3266 = DIRECTION ( 'NONE',  ( 0.0000000000000000000, -0.0000000000000000000, 1.000000000000000000 ) ) ;
#3267 = VECTOR ( 'NONE', #230, 1000.000000000000000 ) ;
#3268 = PLANE ( 'NONE',  #3745 ) ;
#3269 = ORIENTED_EDGE ( 'NONE', *, *, #244, .T. ) ;
#3270 = CARTESIAN_POINT ( 'NONE',  ( -1.500000000000000000, 0.05000000000000000278, 0.1000000000000000056 ) ) ;
#3271 = CARTESIAN_POINT ( 'NONE',  ( -0.5000000000000000000, 0.05000000000000000278, -1.500000000000000000 ) ) ;
#3272 = DIRECTION ( 'NONE',  ( 1.000000000000000000, -0.0000000000000000000, 0.0000000000000000000 ) ) ;
#3273 = LINE ( 'NONE', #1680, #3601 ) ;
#3274 = CARTESIAN_POINT ( 'NONE',  ( 1.050000000000000044, 0.0000000000000000000, -0.2999999999999999889 ) ) ;
#3275 = ORIENTED_EDGE ( 'NONE', *, *, #1946, .F. ) ;
#3276 = DIRECTION ( 'NONE',  ( 0.0000000000000000000, 0.0000000000000000000, -1.000000000000000000 ) ) ;
#3277 = ADVANCED_FACE ( 'NONE', ( #2688 ), #2710, .T. ) ;
#3278 = CARTESIAN_POINT ( 'NONE',  ( 0.5000000000000000000, 0.04999999999999999584, 1.500000000000000000 ) ) ;
#3279 = ADVANCED_FACE ( 'NONE', ( #4262 ), #835, .F. ) ;
#3280 = MECHANICAL_DESIGN_GEOMETRIC_PRESENTATION_REPRESENTATION (  '', ( #399 ), #2952 ) ;
#3281 = EDGE_LOOP ( 'NONE', ( #2821, #2316, #1682, #2307, #2404, #2949 ) ) ;
#3282 = EDGE_LOOP ( 'NONE', ( #3761, #3819, #1451, #549 ) ) ;
#3283 = FACE_OUTER_BOUND ( 'NONE', #3420, .T. ) ;
#3284 = VECTOR ( 'NONE', #2649, 1000.000000000000000 ) ;
#3285 = CARTESIAN_POINT ( 'NONE',  ( -1.550000000000000266, 0.0000000000000000000, -0.2999999999999999889 ) ) ;
#3286 = ORIENTED_EDGE ( 'NONE', *, *, #3313, .F. ) ;
#3287 = PRESENTATION_STYLE_ASSIGNMENT (( #4477 ) ) ;
#3288 = ORIENTED_EDGE ( 'NONE', *, *, #1542, .F. ) ;
#3289 = FILL_AREA_STYLE ('',( #1439 ) ) ;
#3290 = CARTESIAN_POINT ( 'NONE',  ( -0.9000000000000001332, 0.05000000000000000278, -1.050000000000000044 ) ) ;
#3291 = DIRECTION ( 'NONE',  ( 0.0000000000000000000, 0.0000000000000000000, -1.000000000000000000 ) ) ;
#3292 = FACE_OUTER_BOUND ( 'NONE', #1776, .T. ) ;
#3293 = DIRECTION ( 'NONE',  ( 0.0000000000000000000, -0.0000000000000000000, 1.000000000000000000 ) ) ;
#3294 = ORIENTED_EDGE ( 'NONE', *, *, #1046, .T. ) ;
#3295 = DIRECTION ( 'NONE',  ( 0.0000000000000000000, -0.0000000000000000000, 1.000000000000000000 ) ) ;
#3296 = FACE_OUTER_BOUND ( 'NONE', #3119, .T. ) ;
#3297 = FILL_AREA_STYLE_COLOUR ( '', #4803 ) ;
#3298 = CARTESIAN_POINT ( 'NONE',  ( -1.500000000000000000, 0.0000000000000000000, 0.5000000000000000000 ) ) ;
#3299 = LINE ( 'NONE', #4841, #1785 ) ;
#3300 = CARTESIAN_POINT ( 'NONE',  ( 0.1000000000000000056, 0.0000000000000000000, 1.050000000000000044 ) ) ;
#3301 = ORIENTED_EDGE ( 'NONE', *, *, #761, .F. ) ;
#3302 = ADVANCED_FACE ( 'NONE', ( #3886 ), #42, .F. ) ;
#3303 = ORIENTED_EDGE ( 'NONE', *, *, #88, .F. ) ;
#3304 = FACE_OUTER_BOUND ( 'NONE', #4227, .T. ) ;
#3305 = ORIENTED_EDGE ( 'NONE', *, *, #688, .T. ) ;
#3306 = SURFACE_STYLE_FILL_AREA ( #2506 ) ;
#3307 = EDGE_CURVE ( 'NONE', #797, #2259, #1191, .T. ) ;
#3308 = VERTEX_POINT ( 'NONE', #67 ) ;
#3309 = DIRECTION ( 'NONE',  ( 0.0000000000000000000, -0.0000000000000000000, 1.000000000000000000 ) ) ;
#3310 = DIRECTION ( 'NONE',  ( 0.0000000000000000000, 0.0000000000000000000, 1.000000000000000000 ) ) ;
#3311 = DIRECTION ( 'NONE',  ( 0.0000000000000000000, -0.0000000000000000000, 1.000000000000000000 ) ) ;
#3312 = PLANE ( 'NONE',  #4645 ) ;
#3313 = EDGE_CURVE ( 'NONE', #568, #2716, #1889, .T. ) ;
#3314 = LINE ( 'NONE', #3270, #717 ) ;
#3315 = DIRECTION ( 'NONE',  ( 1.000000000000000000, -0.0000000000000000000, 0.0000000000000000000 ) ) ;
#3316 = CARTESIAN_POINT ( 'NONE',  ( -0.5000000000000000000, 0.0000000000000000000, 1.050000000000000044 ) ) ;
#3317 = VECTOR ( 'NONE', #2521, 1000.000000000000000 ) ;
#3318 = DIRECTION ( 'NONE',  ( -0.0000000000000000000, -1.000000000000000000, 0.0000000000000000000 ) ) ;
#3319 = CARTESIAN_POINT ( 'NONE',  ( -1.550000000000000266, 0.0000000000000000000, -0.9000000000000001332 ) ) ;
#3320 = CARTESIAN_POINT ( 'NONE',  ( -0.2999999999999999889, 0.05000000000000000278, 0.0000000000000000000 ) ) ;
#3321 = COLOUR_RGB ( '',0.7529411764705882248, 0.7529411764705882248, 0.7529411764705882248 ) ;
#3322 = ORIENTED_EDGE ( 'NONE', *, *, #3065, .T. ) ;
#3323 = DIRECTION ( 'NONE',  ( -0.0000000000000000000, -0.0000000000000000000, -1.000000000000000000 ) ) ;
#3324 = PLANE ( 'NONE',  #3505 ) ;
#3325 = MECHANICAL_DESIGN_GEOMETRIC_PRESENTATION_REPRESENTATION (  '', ( #4056 ), #284 ) ;
#3326 = ORIENTED_EDGE ( 'NONE', *, *, #2010, .F. ) ;
#3327 = VECTOR ( 'NONE', #377, 1000.000000000000000 ) ;
#3328 =( NAMED_UNIT ( * ) PLANE_ANGLE_UNIT ( ) SI_UNIT ( $, .RADIAN. ) );
#3329 = DIRECTION ( 'NONE',  ( 0.0000000000000000000, 0.0000000000000000000, -1.000000000000000000 ) ) ;
#3330 = EDGE_CURVE ( 'NONE', #1766, #4544, #4602, .T. ) ;
#3331 = EDGE_CURVE ( 'NONE', #3765, #3510, #791, .T. ) ;
#3332 = ORIENTED_EDGE ( 'NONE', *, *, #1833, .T. ) ;
#3333 =( NAMED_UNIT ( * ) SI_UNIT ( $, .STERADIAN. ) SOLID_ANGLE_UNIT ( ) );
#3334 = VECTOR ( 'NONE', #3485, 1000.000000000000000 ) ;
#3335 = ORIENTED_EDGE ( 'NONE', *, *, #4263, .T. ) ;
#3336 = SURFACE_STYLE_FILL_AREA ( #3770 ) ;
#3337 = CARTESIAN_POINT ( 'NONE',  ( 1.500000000000000000, 0.05000000000000000278, -0.2999999999999999889 ) ) ;
#3338 = AXIS2_PLACEMENT_3D ( 'NONE', #3048, #661, #290 ) ;
#3339 = CARTESIAN_POINT ( 'NONE',  ( -0.6999999999999999556, 0.2500000000000000000, 1.500000000000000000 ) ) ;
#3340 = MECHANICAL_DESIGN_GEOMETRIC_PRESENTATION_REPRESENTATION (  '', ( #774 ), #3421 ) ;
#3341 = EDGE_CURVE ( 'NONE', #4846, #645, #3434, .T. ) ;
#3342 = LINE ( 'NONE', #2936, #2433 ) ;
#3343 = VERTEX_POINT ( 'NONE', #4193 ) ;
#3344 = CARTESIAN_POINT ( 'NONE',  ( 1.500000000000000000, 0.0000000000000000000, -0.2999999999999999889 ) ) ;
#3345 = AXIS2_PLACEMENT_3D ( 'NONE', #3934, #487, #3549 ) ;
#3346 = PRESENTATION_LAYER_ASSIGNMENT (  '', '', ( #541 ) ) ;
#3347 = CARTESIAN_POINT ( 'NONE',  ( -0.8000000000000000444, 0.5999999999999999778, 1.000000000000000000 ) ) ;
#3348 = EDGE_CURVE ( 'NONE', #2899, #4399, #1986, .T. ) ;
#3349 = AXIS2_PLACEMENT_3D ( 'NONE', #4045, #599, #228 ) ;
#3350 = VECTOR ( 'NONE', #2947, 1000.000000000000000 ) ;
#3351 = PLANE ( 'NONE',  #4796 ) ;
#3352 = DIRECTION ( 'NONE',  ( -0.0000000000000000000, -1.000000000000000000, -0.0000000000000000000 ) ) ;
#3353 = VERTEX_POINT ( 'NONE', #2635 ) ;
#3354 = DIRECTION ( 'NONE',  ( 1.000000000000000000, -0.0000000000000000000, 0.0000000000000000000 ) ) ;
#3355 = ADVANCED_FACE ( 'NONE', ( #2258 ), #4969, .F. ) ;
#3356 = FACE_OUTER_BOUND ( 'NONE', #4091, .T. ) ;
#3357 = ORIENTED_EDGE ( 'NONE', *, *, #993, .F. ) ;
#3358 =( NAMED_UNIT ( * ) SI_UNIT ( $, .STERADIAN. ) SOLID_ANGLE_UNIT ( ) );
#3359 = LINE ( 'NONE', #3285, #214 ) ;
#3360 = VECTOR ( 'NONE', #3834, 1000.000000000000000 ) ;
#3361 = EDGE_LOOP ( 'NONE', ( #951, #3739, #1419, #4909 ) ) ;
#3362 = ORIENTED_EDGE ( 'NONE', *, *, #2073, .T. ) ;
#3363 = EDGE_CURVE ( 'NONE', #3667, #2996, #2374, .T. ) ;
#3364 = VECTOR ( 'NONE', #2206, 1000.000000000000000 ) ;
#3365 = CARTESIAN_POINT ( 'NONE',  ( -1.500000000000000000, 0.2500000000000000000, 0.9000000000000001332 ) ) ;
#3366 = LINE ( 'NONE', #4881, #4291 ) ;
#3367 = DIRECTION ( 'NONE',  ( 0.0000000000000000000, 0.0000000000000000000, 1.000000000000000000 ) ) ;
#3368 = EDGE_LOOP ( 'NONE', ( #2167, #3942, #1114, #1791 ) ) ;
#3369 = VERTEX_POINT ( 'NONE', #1324 ) ;
#3370 = CARTESIAN_POINT ( 'NONE',  ( -0.9000000000000001332, 0.05000000000000000278, 1.050000000000000044 ) ) ;
#3371 = EDGE_CURVE ( 'NONE', #193, #1526, #1600, .T. ) ;
#3372 = DIRECTION ( 'NONE',  ( 0.0000000000000000000, -1.000000000000000000, -0.0000000000000000000 ) ) ;
#3373 = LINE ( 'NONE', #2475, #4462 ) ;
#3374 = PLANE ( 'NONE',  #385 ) ;
#3375 =( NAMED_UNIT ( * ) SI_UNIT ( $, .STERADIAN. ) SOLID_ANGLE_UNIT ( ) );
#3376 = EDGE_CURVE ( 'NONE', #4578, #4194, #1233, .T. ) ;
#3377 = CARTESIAN_POINT ( 'NONE',  ( 0.0000000000000000000, 0.2500000000000000000, -0.5000000000000000000 ) ) ;
#3378 = EDGE_LOOP ( 'NONE', ( #3825, #748, #2611, #3275, #4435, #47 ) ) ;
#3379 = PLANE ( 'NONE',  #3338 ) ;
#3380 = UNCERTAINTY_MEASURE_WITH_UNIT (LENGTH_MEASURE( 1.000000000000000082E-05 ), #3186, 'distance_accuracy_value', 'NONE');
#3381 =( NAMED_UNIT ( * ) SI_UNIT ( $, .STERADIAN. ) SOLID_ANGLE_UNIT ( ) );
#3382 = ORIENTED_EDGE ( 'NONE', *, *, #3653, .T. ) ;
#3383 = EDGE_CURVE ( 'NONE', #2862, #2993, #2813, .T. ) ;
#3384 = VERTEX_POINT ( 'NONE', #2448 ) ;
#3385 = ORIENTED_EDGE ( 'NONE', *, *, #4480, .T. ) ;
#3386 = DIRECTION ( 'NONE',  ( -1.000000000000000000, -0.0000000000000000000, 0.0000000000000000000 ) ) ;
#3387 = LINE ( 'NONE', #3688, #2123 ) ;
#3388 = VERTEX_POINT ( 'NONE', #2110 ) ;
#3389 = SURFACE_SIDE_STYLE ('',( #4585 ) ) ;
#3390 = ORIENTED_EDGE ( 'NONE', *, *, #2650, .F. ) ;
#3391 = DIRECTION ( 'NONE',  ( 0.0000000000000000000, 1.000000000000000000, -0.0000000000000000000 ) ) ;
#3392 = PLANE ( 'NONE',  #4386 ) ;
#3393 = ADVANCED_FACE ( 'NONE', ( #3139 ), #862, .F. ) ;
#3394 = DIRECTION ( 'NONE',  ( 0.0000000000000000000, 0.0000000000000000000, 1.000000000000000000 ) ) ;
#3395 = ORIENTED_EDGE ( 'NONE', *, *, #4108, .F. ) ;
#3396 = CARTESIAN_POINT ( 'NONE',  ( 0.1000000000000000056, 0.05000000000000000278, 1.050000000000000044 ) ) ;
#3397 = CARTESIAN_POINT ( 'NONE',  ( -0.6401015765835919025, 0.5499999999999999334, 0.8774080357243446704 ) ) ;
#3398 = EDGE_CURVE ( 'NONE', #2205, #3384, #3625, .T. ) ;
#3399 = CARTESIAN_POINT ( 'NONE',  ( -0.1000000000000000056, 0.0000000000000000000, 1.550000000000000266 ) ) ;
#3400 = CLOSED_SHELL ( 'NONE', ( #3302, #2493, #461, #1895, #63, #4126, #2297, #1520 ) ) ;
#3401 = ORIENTED_EDGE ( 'NONE', *, *, #1928, .T. ) ;
#3402 = DIRECTION ( 'NONE',  ( -0.0000000000000000000, -0.0000000000000000000, -1.000000000000000000 ) ) ;
#3403 = AXIS2_PLACEMENT_3D ( 'NONE', #1736, #4136, #2550 ) ;
#3404 = CARTESIAN_POINT ( 'NONE',  ( -0.6999999999999999556, 0.2500000000000000000, 1.500000000000000000 ) ) ;
#3405 = EDGE_LOOP ( 'NONE', ( #4320, #1507, #4746, #894 ) ) ;
#3406 = AXIS2_PLACEMENT_3D ( 'NONE', #259, #4539, #4107 ) ;
#3407 = ORIENTED_EDGE ( 'NONE', *, *, #904, .T. ) ;
#3408 = EDGE_LOOP ( 'NONE', ( #3003, #1202, #4660, #4708, #4842, #4151 ) ) ;
#3409 = CARTESIAN_POINT ( 'NONE',  ( -1.500000000000000000, 0.2500000000000000000, 0.6999999999999999556 ) ) ;
#3410 = LINE ( 'NONE', #1128, #1097 ) ;
#3411 = ADVANCED_FACE ( 'NONE', ( #513 ), #87, .F. ) ;
#3412 = COLOUR_RGB ( '',0.7529411764705882248, 0.7529411764705882248, 0.7529411764705882248 ) ;
#3413 = VERTEX_POINT ( 'NONE', #112 ) ;
#3414 = ORIENTED_EDGE ( 'NONE', *, *, #2321, .T. ) ;
#3415 = AXIS2_PLACEMENT_3D ( 'NONE', #3642, #1693, #1645 ) ;
#3416 = FACE_OUTER_BOUND ( 'NONE', #844, .T. ) ;
#3417 = CARTESIAN_POINT ( 'NONE',  ( 0.1000000000000000056, 0.0000000000000000000, 1.500000000000000000 ) ) ;
#3418 = VECTOR ( 'NONE', #332, 1000.000000000000000 ) ;
#3419 = LINE ( 'NONE', #1931, #855 ) ;
#3420 = EDGE_LOOP ( 'NONE', ( #1175, #4807, #1188, #2118 ) ) ;
#3421 =( GEOMETRIC_REPRESENTATION_CONTEXT ( 3 ) GLOBAL_UNCERTAINTY_ASSIGNED_CONTEXT ( ( #2917 ) ) GLOBAL_UNIT_ASSIGNED_CONTEXT ( ( #2972, #4139, #3381 ) ) REPRESENTATION_CONTEXT ( 'NONE', 'WORKASPACE' ) );
#3422 = LINE ( 'NONE', #2746, #3644 ) ;
#3423 = CARTESIAN_POINT ( 'NONE',  ( 0.0000000000000000000, 0.0000000000000000000, 0.9000000000000001332 ) ) ;
#3424 = AXIS2_PLACEMENT_3D ( 'NONE', #2594, #3394, #4638 ) ;
#3425 = VECTOR ( 'NONE', #3931, 1000.000000000000000 ) ;
#3426 = LINE ( 'NONE', #4621, #4561 ) ;
#3427 = CARTESIAN_POINT ( 'NONE',  ( 1.550000000000000266, 0.2500000000000000000, 0.5000000000000000000 ) ) ;
#3428 = EDGE_CURVE ( 'NONE', #2467, #875, #4767, .T. ) ;
#3429 = ORIENTED_EDGE ( 'NONE', *, *, #491, .F. ) ;
#3430 = CARTESIAN_POINT ( 'NONE',  ( 0.1000000000000000056, 0.0000000000000000000, 1.050000000000000044 ) ) ;
#3431 = VECTOR ( 'NONE', #10, 1000.000000000000000 ) ;
#3432 = AXIS2_PLACEMENT_3D ( 'NONE', #1708, #3249, #3276 ) ;
#3433 = EDGE_CURVE ( 'NONE', #4464, #4204, #1621, .T. ) ;
#3434 = LINE ( 'NONE', #2346, #772 ) ;
#3435 = ORIENTED_EDGE ( 'NONE', *, *, #2046, .T. ) ;
#3436 = VECTOR ( 'NONE', #368, 1000.000000000000000 ) ;
#3437 = ORIENTED_EDGE ( 'NONE', *, *, #1321, .F. ) ;
#3438 = EDGE_CURVE ( 'NONE', #4586, #3154, #2034, .T. ) ;
#3439 = VERTEX_POINT ( 'NONE', #2787 ) ;
#3440 = LINE ( 'NONE', #4217, #1631 ) ;
#3441 = ORIENTED_EDGE ( 'NONE', *, *, #4364, .F. ) ;
#3442 = FILL_AREA_STYLE_COLOUR ( '', #3446 ) ;
#3443 = VERTEX_POINT ( 'NONE', #887 ) ;
#3444 = ADVANCED_FACE ( 'NONE', ( #3988 ), #2397, .T. ) ;
#3445 = PRESENTATION_STYLE_ASSIGNMENT (( #775 ) ) ;
#3446 = COLOUR_RGB ( '',0.7529411764705882248, 0.7529411764705882248, 0.7529411764705882248 ) ;
#3447 = DIRECTION ( 'NONE',  ( 0.0000000000000000000, 1.000000000000000000, 0.0000000000000000000 ) ) ;
#3448 = LINE ( 'NONE', #4253, #3431 ) ;
#3449 = PRODUCT_DEFINITION_FORMATION_WITH_SPECIFIED_SOURCE ( 'ANY', '', #1896, .NOT_KNOWN. ) ;
#3450 = ORIENTED_EDGE ( 'NONE', *, *, #1539, .T. ) ;
#3451 = CARTESIAN_POINT ( 'NONE',  ( 1.500000000000000000, 0.0000000000000000000, -0.5000000000000000000 ) ) ;
#3452 = LINE ( 'NONE', #59, #3494 ) ;
#3453 = DIRECTION ( 'NONE',  ( 0.0000000000000000000, -0.0000000000000000000, 1.000000000000000000 ) ) ;
#3454 = FACE_OUTER_BOUND ( 'NONE', #4101, .T. ) ;
#3455 = ORIENTED_EDGE ( 'NONE', *, *, #814, .T. ) ;
#3456 = PLANE ( 'NONE',  #4962 ) ;
#3457 = CARTESIAN_POINT ( 'NONE',  ( 0.0000000000000000000, 0.0000000000000000000, -0.5000000000000000000 ) ) ;
#3458 = VERTEX_POINT ( 'NONE', #566 ) ;
#3459 = CARTESIAN_POINT ( 'NONE',  ( -0.8993125498842664545, 0.5500000000000001554, 1.174100193531538716 ) ) ;
#3460 = CARTESIAN_POINT ( 'NONE',  ( 1.500000000000000000, 0.05000000000000000278, 0.1000000000000000056 ) ) ;
#3461 = ORIENTED_EDGE ( 'NONE', *, *, #3111, .T. ) ;
#3462 = ORIENTED_EDGE ( 'NONE', *, *, #11, .F. ) ;
#3463 = CARTESIAN_POINT ( 'NONE',  ( -1.500000000000000000, 0.2500000000000000000, 0.1000000000000000056 ) ) ;
#3464 = CARTESIAN_POINT ( 'NONE',  ( -1.500000000000000000, 0.2500000000000000000, 0.5000000000000000000 ) ) ;
#3465 = ADVANCED_FACE ( 'NONE', ( #913 ), #542, .T. ) ;
#3466 = LINE ( 'NONE', #1516, #1727 ) ;
#3467 = VERTEX_POINT ( 'NONE', #190 ) ;
#3468 = FACE_OUTER_BOUND ( 'NONE', #4197, .T. ) ;
#3469 = DIRECTION ( 'NONE',  ( -0.0000000000000000000, 1.000000000000000000, 0.0000000000000000000 ) ) ;
#3470 = FACE_OUTER_BOUND ( 'NONE', #865, .T. ) ;
#3471 = CARTESIAN_POINT ( 'NONE',  ( -1.500000000000000000, 0.5999999999999999778, -1.500000000000000000 ) ) ;
#3472 = CARTESIAN_POINT ( 'NONE',  ( -1.500000000000000000, 0.04999999999999999584, 0.6999999999999999556 ) ) ;
#3473 = LINE ( 'NONE', #1858, #3971 ) ;
#3474 = ORIENTED_EDGE ( 'NONE', *, *, #904, .F. ) ;
#3475 = SURFACE_SIDE_STYLE ('',( #764 ) ) ;
#3476 = DIRECTION ( 'NONE',  ( 1.000000000000000000, 0.0000000000000000000, -0.0000000000000000000 ) ) ;
#3477 = EDGE_LOOP ( 'NONE', ( #4835, #4429, #1433, #738 ) ) ;
#3478 = VECTOR ( 'NONE', #343, 1000.000000000000000 ) ;
#3479 = ORIENTED_EDGE ( 'NONE', *, *, #1700, .F. ) ;
#3480 = DIRECTION ( 'NONE',  ( 0.0000000000000000000, -1.000000000000000000, -0.0000000000000000000 ) ) ;
#3481 = DIRECTION ( 'NONE',  ( -1.000000000000000000, -0.0000000000000000000, 0.0000000000000000000 ) ) ;
#3482 = VECTOR ( 'NONE', #2723, 1000.000000000000000 ) ;
#3483 = ORIENTED_EDGE ( 'NONE', *, *, #1827, .T. ) ;
#3484 = EDGE_CURVE ( 'NONE', #2014, #2082, #1703, .T. ) ;
#3485 = DIRECTION ( 'NONE',  ( -1.000000000000000000, -0.0000000000000000000, 0.0000000000000000000 ) ) ;
#3486 = ORIENTED_EDGE ( 'NONE', *, *, #3217, .F. ) ;
#3487 = CARTESIAN_POINT ( 'NONE',  ( -1.500000000000000000, 0.05000000000000000278, 0.1000000000000000056 ) ) ;
#3488 = VECTOR ( 'NONE', #2793, 1000.000000000000000 ) ;
#3489 = EDGE_LOOP ( 'NONE', ( #476, #1641, #1105, #3519 ) ) ;
#3490 = DIRECTION ( 'NONE',  ( 0.0000000000000000000, 1.000000000000000000, -0.0000000000000000000 ) ) ;
#3491 = EDGE_CURVE ( 'NONE', #2245, #3240, #586, .T. ) ;
#3492 = DIRECTION ( 'NONE',  ( 0.0000000000000000000, 1.000000000000000000, 0.0000000000000000000 ) ) ;
#3493 = CARTESIAN_POINT ( 'NONE',  ( -0.8000000000000000444, 0.5499999999999999334, 0.8000000000000000444 ) ) ;
#3494 = VECTOR ( 'NONE', #14, 1000.000000000000000 ) ;
#3495 = EDGE_CURVE ( 'NONE', #96, #1251, #1092, .T. ) ;
#3496 = PLANE ( 'NONE',  #851 ) ;
#3497 = DIRECTION ( 'NONE',  ( 0.0000000000000000000, -0.0000000000000000000, 1.000000000000000000 ) ) ;
#3498 = AXIS2_PLACEMENT_3D ( 'NONE', #75, #1157, #2671 ) ;
#3499 = LINE ( 'NONE', #16, #2995 ) ;
#3500 = EDGE_CURVE ( 'NONE', #1564, #1318, #4110, .T. ) ;
#3501 = VERTEX_POINT ( 'NONE', #4517 ) ;
#3502 = DIRECTION ( 'NONE',  ( 0.0000000000000000000, 1.000000000000000000, 0.0000000000000000000 ) ) ;
#3503 = MECHANICAL_DESIGN_GEOMETRIC_PRESENTATION_REPRESENTATION (  '', ( #294 ), #2600 ) ;
#3504 = DIRECTION ( 'NONE',  ( -1.000000000000000000, 0.0000000000000000000, 0.0000000000000000000 ) ) ;
#3505 = AXIS2_PLACEMENT_3D ( 'NONE', #3404, #740, #66 ) ;
#3506 = DIRECTION ( 'NONE',  ( 1.000000000000000000, 0.0000000000000000000, -0.0000000000000000000 ) ) ;
#3507 = VERTEX_POINT ( 'NONE', #1373 ) ;
#3508 = STYLED_ITEM ( 'NONE', ( #4122 ), #4266 ) ;
#3509 =( GEOMETRIC_REPRESENTATION_CONTEXT ( 3 ) GLOBAL_UNCERTAINTY_ASSIGNED_CONTEXT ( ( #3115 ) ) GLOBAL_UNIT_ASSIGNED_CONTEXT ( ( #3138, #3958, #4673 ) ) REPRESENTATION_CONTEXT ( 'NONE', 'WORKASPACE' ) );
#3510 = VERTEX_POINT ( 'NONE', #2210 ) ;
#3511 = LINE ( 'NONE', #866, #2138 ) ;
#3512 = DIRECTION ( 'NONE',  ( -1.000000000000000000, 0.0000000000000000000, -0.0000000000000000000 ) ) ;
#3513 = CARTESIAN_POINT ( 'NONE',  ( -1.500000000000000000, 0.2500000000000000000, 0.1000000000000000056 ) ) ;
#3514 = VECTOR ( 'NONE', #4315, 1000.000000000000000 ) ;
#3515 = ORIENTED_EDGE ( 'NONE', *, *, #4301, .F. ) ;
#3516 = LINE ( 'NONE', #749, #1954 ) ;
#3517 = DIRECTION ( 'NONE',  ( 0.0000000000000000000, 1.000000000000000000, -0.0000000000000000000 ) ) ;
#3518 = PLANE ( 'NONE',  #3587 ) ;
#3519 = ORIENTED_EDGE ( 'NONE', *, *, #1043, .T. ) ;
#3520 = PLANE ( 'NONE',  #2375 ) ;
#3521 = DIRECTION ( 'NONE',  ( -1.000000000000000000, 0.0000000000000000000, 0.0000000000000000000 ) ) ;
#3522 = PLANE ( 'NONE',  #3570 ) ;
#3523 = PLANE ( 'NONE',  #776 ) ;
#3524 = ORIENTED_EDGE ( 'NONE', *, *, #4393, .F. ) ;
#3525 = PLANE ( 'NONE',  #1913 ) ;
#3526 = CARTESIAN_POINT ( 'NONE',  ( -0.2999999999999999889, 0.0000000000000000000, 1.550000000000000266 ) ) ;
#3527 = PRESENTATION_STYLE_ASSIGNMENT (( #2085 ) ) ;
#3528 = EDGE_CURVE ( 'NONE', #83, #4871, #2943, .T. ) ;
#3529 = CARTESIAN_POINT ( 'NONE',  ( -0.2999999999999999889, 0.0000000000000000000, -1.550000000000000266 ) ) ;
#3530 =( LENGTH_UNIT ( ) NAMED_UNIT ( * ) SI_UNIT ( .MILLI., .METRE. ) );
#3531 = VERTEX_POINT ( 'NONE', #4165 ) ;
#3532 = EDGE_LOOP ( 'NONE', ( #4220, #642, #1382, #2901, #4550, #405 ) ) ;
#3533 = DIRECTION ( 'NONE',  ( 0.0000000000000000000, 0.0000000000000000000, -1.000000000000000000 ) ) ;
#3534 = DIRECTION ( 'NONE',  ( 1.000000000000000000, -0.0000000000000000000, 0.0000000000000000000 ) ) ;
#3535 = DIRECTION ( 'NONE',  ( -0.0000000000000000000, -1.000000000000000000, -0.0000000000000000000 ) ) ;
#3536 = EDGE_CURVE ( 'NONE', #3703, #4578, #656, .T. ) ;
#3537 = ORIENTED_EDGE ( 'NONE', *, *, #3232, .T. ) ;
#3538 = EDGE_LOOP ( 'NONE', ( #2, #3793, #1809, #502, #1367, #1075 ) ) ;
#3539 =( LENGTH_UNIT ( ) NAMED_UNIT ( * ) SI_UNIT ( .MILLI., .METRE. ) );
#3540 = CARTESIAN_POINT ( 'NONE',  ( 0.2999999999999999889, 0.0000000000000000000, 1.550000000000000266 ) ) ;
#3541 = ORIENTED_EDGE ( 'NONE', *, *, #1987, .T. ) ;
#3542 = LINE ( 'NONE', #3107, #3752 ) ;
#3543 = ORIENTED_EDGE ( 'NONE', *, *, #4510, .T. ) ;
#3544 = CARTESIAN_POINT ( 'NONE',  ( 0.2999999999999999889, 0.0000000000000000000, -1.500000000000000000 ) ) ;
#3545 = B_SPLINE_CURVE_WITH_KNOTS ( 'NONE', 3,
 ( #1844, #4847, #3100, #1897, #4629, #2243, #4656, #4172, #3074, #21, #818, #1923, #745, #3459, #1456, #1553, #2263, #2713 ),
 .UNSPECIFIED., .F., .F.,
 ( 4, 2, 2, 2, 2, 2, 2, 2, 4 ),
 ( 0.0000000000000000000, 0.2500000000000000000, 0.3749999999999997780, 0.4999999999999997780, 0.6249999999999997780, 0.7499999999999995559, 0.8124999999999996669, 0.8749999999999997780, 1.000000000000000000 ),
 .UNSPECIFIED. ) ;
#3546 = LINE ( 'NONE', #4005, #3425 ) ;
#3547 = DIRECTION ( 'NONE',  ( -0.0000000000000000000, -1.000000000000000000, -0.0000000000000000000 ) ) ;
#3548 = CARTESIAN_POINT ( 'NONE',  ( 0.6999999999999999556, 0.0000000000000000000, -1.550000000000000266 ) ) ;
#3549 = DIRECTION ( 'NONE',  ( 0.0000000000000000000, -0.0000000000000000000, 1.000000000000000000 ) ) ;
#3550 = ORIENTED_EDGE ( 'NONE', *, *, #3428, .F. ) ;
#3551 = DIRECTION ( 'NONE',  ( -1.000000000000000000, 0.0000000000000000000, -0.0000000000000000000 ) ) ;
#3552 = EDGE_LOOP ( 'NONE', ( #191, #4147, #4870, #731 ) ) ;
#3553 = EDGE_LOOP ( 'NONE', ( #1894, #1248, #2256, #202, #952, #1476 ) ) ;
#3554 = DIRECTION ( 'NONE',  ( 1.000000000000000000, -0.0000000000000000000, 0.0000000000000000000 ) ) ;
#3555 = EDGE_CURVE ( 'NONE', #3797, #689, #1044, .T. ) ;
#3556 = CARTESIAN_POINT ( 'NONE',  ( -1.500000000000000000, 0.04999999999999999584, 0.1000000000000000056 ) ) ;
#3557 = LINE ( 'NONE', #3965, #1637 ) ;
#3558 = EDGE_CURVE ( 'NONE', #2021, #4417, #1351, .T. ) ;
#3559 = VERTEX_POINT ( 'NONE', #2990 ) ;
#3560 = DIRECTION ( 'NONE',  ( 0.0000000000000000000, 0.0000000000000000000, 1.000000000000000000 ) ) ;
#3561 = AXIS2_PLACEMENT_3D ( 'NONE', #808, #3092, #4649 ) ;
#3562 = EDGE_LOOP ( 'NONE', ( #1984, #2458, #1933, #3486 ) ) ;
#3563 = PRESENTATION_LAYER_ASSIGNMENT (  '', '', ( #757 ) ) ;
#3564 = SURFACE_STYLE_FILL_AREA ( #103 ) ;
#3565 = CARTESIAN_POINT ( 'NONE',  ( 0.1000000000000000056, 0.2500000000000000000, 1.550000000000000266 ) ) ;
#3566 = FACE_OUTER_BOUND ( 'NONE', #964, .T. ) ;
#3567 = VECTOR ( 'NONE', #1558, 1000.000000000000000 ) ;
#3568 = ORIENTED_EDGE ( 'NONE', *, *, #4913, .T. ) ;
#3569 = CARTESIAN_POINT ( 'NONE',  ( -1.500000000000000000, 0.2500000000000000000, 0.1000000000000000056 ) ) ;
#3570 = AXIS2_PLACEMENT_3D ( 'NONE', #4299, #414, #2276 ) ;
#3571 = DIRECTION ( 'NONE',  ( -0.0000000000000000000, 1.000000000000000000, 0.0000000000000000000 ) ) ;
#3572 = AXIS2_PLACEMENT_3D ( 'NONE', #2359, #3588, #3560 ) ;
#3573 = FACE_OUTER_BOUND ( 'NONE', #831, .T. ) ;
#3574 = ADVANCED_FACE ( 'NONE', ( #4493 ), #3374, .F. ) ;
#3575 = ORIENTED_EDGE ( 'NONE', *, *, #644, .F. ) ;
#3576 = ORIENTED_EDGE ( 'NONE', *, *, #4263, .F. ) ;
#3577 = DIRECTION ( 'NONE',  ( 1.000000000000000000, -0.0000000000000000000, 0.0000000000000000000 ) ) ;
#3578 = VECTOR ( 'NONE', #1123, 1000.000000000000000 ) ;
#3579 = AXIS2_PLACEMENT_3D ( 'NONE', #1457, #2977, #2898 ) ;
#3580 = CARTESIAN_POINT ( 'NONE',  ( 0.0000000000000000000, 0.0000000000000000000, -0.5000000000000000000 ) ) ;
#3581 = CARTESIAN_POINT ( 'NONE',  ( -0.1000000000000000056, 0.2500000000000000000, 0.0000000000000000000 ) ) ;
#3582 = VECTOR ( 'NONE', #4688, 1000.000000000000000 ) ;
#3583 = ORIENTED_EDGE ( 'NONE', *, *, #1329, .F. ) ;
#3584 = EDGE_CURVE ( 'NONE', #2045, #4506, #681, .T. ) ;
#3585 = VERTEX_POINT ( 'NONE', #4839 ) ;
#3586 =( NAMED_UNIT ( * ) PLANE_ANGLE_UNIT ( ) SI_UNIT ( $, .RADIAN. ) );
#3587 = AXIS2_PLACEMENT_3D ( 'NONE', #4373, #898, #2799 ) ;
#3588 = DIRECTION ( 'NONE',  ( -1.000000000000000000, 0.0000000000000000000, 0.0000000000000000000 ) ) ;
#3589 = VECTOR ( 'NONE', #3629, 1000.000000000000000 ) ;
#3590 = EDGE_CURVE ( 'NONE', #3918, #2907, #2889, .T. ) ;
#3591 = ORIENTED_EDGE ( 'NONE', *, *, #3555, .T. ) ;
#3592 = LINE ( 'NONE', #1979, #3938 ) ;
#3593 = AXIS2_PLACEMENT_3D ( 'NONE', #4793, #142, #1303 ) ;
#3594 = CARTESIAN_POINT ( 'NONE',  ( 0.0000000000000000000, 0.2500000000000000000, -0.9000000000000001332 ) ) ;
#3595 = DIRECTION ( 'NONE',  ( 0.0000000000000000000, 1.000000000000000000, 0.0000000000000000000 ) ) ;
#3596 = DIRECTION ( 'NONE',  ( 1.000000000000000000, 0.0000000000000000000, -0.0000000000000000000 ) ) ;
#3597 = VERTEX_POINT ( 'NONE', #1449 ) ;
#3598 = DIRECTION ( 'NONE',  ( -0.0000000000000000000, 1.000000000000000000, 0.0000000000000000000 ) ) ;
#3599 = LINE ( 'NONE', #538, #4285 ) ;
#3600 = ADVANCED_BREP_SHAPE_REPRESENTATION ( '75E822A9-24D3-4482-AE9A-000830EB7141', ( #934, #4288, #1060, #4266, #1012, #2677, #4382, #2618, #2628, #4317, #2577, #2568, #4371, #4252, #2699, #1084, #2709, #992, #2643, #4307, #2729, #3196 ), #2789 ) ;
#3601 = VECTOR ( 'NONE', #1352, 1000.000000000000000 ) ;
#3602 = CARTESIAN_POINT ( 'NONE',  ( 1.500000000000000000, 0.5999999999999999778, -1.500000000000000000 ) ) ;
#3603 = DIRECTION ( 'NONE',  ( 0.0000000000000000000, 0.0000000000000000000, -1.000000000000000000 ) ) ;
#3604 = ORIENTED_EDGE ( 'NONE', *, *, #2646, .T. ) ;
#3605 = DIRECTION ( 'NONE',  ( 0.0000000000000000000, 0.0000000000000000000, 1.000000000000000000 ) ) ;
#3606 = CARTESIAN_POINT ( 'NONE',  ( -0.1000000000000000056, 0.2500000000000000000, -1.550000000000000266 ) ) ;
#3607 = CARTESIAN_POINT ( 'NONE',  ( 0.6999999999999999556, 0.05000000000000000278, -1.050000000000000044 ) ) ;
#3608 = EDGE_CURVE ( 'NONE', #2221, #4319, #3725, .T. ) ;
#3609 = ORIENTED_EDGE ( 'NONE', *, *, #4672, .T. ) ;
#3610 = ORIENTED_EDGE ( 'NONE', *, *, #3659, .F. ) ;
#3611 =( NAMED_UNIT ( * ) PLANE_ANGLE_UNIT ( ) SI_UNIT ( $, .RADIAN. ) );
#3612 = CARTESIAN_POINT ( 'NONE',  ( 1.500000000000000000, 0.0000000000000000000, -0.9000000000000001332 ) ) ;
#3613 = ADVANCED_FACE ( 'NONE', ( #986 ), #2570, .T. ) ;
#3614 = DIRECTION ( 'NONE',  ( -1.000000000000000000, -0.0000000000000000000, 0.0000000000000000000 ) ) ;
#3615 = ORIENTED_EDGE ( 'NONE', *, *, #2804, .F. ) ;
#3616 = LINE ( 'NONE', #1692, #4934 ) ;
#3617 = CARTESIAN_POINT ( 'NONE',  ( 1.500000000000000000, 0.2500000000000000000, 0.6999999999999999556 ) ) ;
#3618 = ADVANCED_FACE ( 'NONE', ( #2496 ), #2139, .T. ) ;
#3619 = FACE_OUTER_BOUND ( 'NONE', #2636, .T. ) ;
#3620 = ORIENTED_EDGE ( 'NONE', *, *, #2973, .T. ) ;
#3621 = CARTESIAN_POINT ( 'NONE',  ( -0.5000000000000000000, 0.0000000000000000000, -1.550000000000000266 ) ) ;
#3622 = DIRECTION ( 'NONE',  ( 0.0000000000000000000, 0.0000000000000000000, 1.000000000000000000 ) ) ;
#3623 = EDGE_CURVE ( 'NONE', #1864, #3215, #3700, .T. ) ;
#3624 = LINE ( 'NONE', #3602, #1976 ) ;
#3625 = LINE ( 'NONE', #2011, #152 ) ;
#3626 =( NAMED_UNIT ( * ) SI_UNIT ( $, .STERADIAN. ) SOLID_ANGLE_UNIT ( ) );
#3627 = ORIENTED_EDGE ( 'NONE', *, *, #4800, .F. ) ;
#3628 = EDGE_LOOP ( 'NONE', ( #2983, #4014, #3543, #2334 ) ) ;
#3629 = DIRECTION ( 'NONE',  ( -0.0000000000000000000, 0.0000000000000000000, -1.000000000000000000 ) ) ;
#3630 = CARTESIAN_POINT ( 'NONE',  ( 1.050000000000000044, 0.05000000000000000278, 0.1000000000000000056 ) ) ;
#3631 = PLANE ( 'NONE',  #138 ) ;
#3632 = ORIENTED_EDGE ( 'NONE', *, *, #449, .T. ) ;
#3633 = ORIENTED_EDGE ( 'NONE', *, *, #3085, .F. ) ;
#3634 = CARTESIAN_POINT ( 'NONE',  ( 1.550000000000000266, 0.0000000000000000000, -0.9000000000000001332 ) ) ;
#3635 = CLOSED_SHELL ( 'NONE', ( #1599, #3850, #2614, #3444, #576, #471, #2582, #636 ) ) ;
#3636 = ORIENTED_EDGE ( 'NONE', *, *, #497, .F. ) ;
#3637 = CARTESIAN_POINT ( 'NONE',  ( -0.9000000000000001332, 0.05000000000000000278, -1.050000000000000044 ) ) ;
#3638 = VERTEX_POINT ( 'NONE', #286 ) ;
#3639 = EDGE_CURVE ( 'NONE', #1690, #3439, #1807, .T. ) ;
#3640 = VECTOR ( 'NONE', #168, 1000.000000000000000 ) ;
#3641 = CARTESIAN_POINT ( 'NONE',  ( -1.550000000000000266, 0.2500000000000000000, -0.6999999999999999556 ) ) ;
#3642 = CARTESIAN_POINT ( 'NONE',  ( 0.0000000000000000000, 0.0000000000000000000, 0.2999999999999999889 ) ) ;
#3643 = DIRECTION ( 'NONE',  ( -0.0000000000000000000, -0.0000000000000000000, 1.000000000000000000 ) ) ;
#3644 = VECTOR ( 'NONE', #4960, 1000.000000000000000 ) ;
#3645 = ORIENTED_EDGE ( 'NONE', *, *, #1458, .T. ) ;
#3646 = LINE ( 'NONE', #489, #4415 ) ;
#3647 = ADVANCED_FACE ( 'NONE', ( #1399 ), #3351, .T. ) ;
#3648 = FACE_OUTER_BOUND ( 'NONE', #274, .T. ) ;
#3649 = EDGE_CURVE ( 'NONE', #3369, #1194, #1855, .T. ) ;
#3650 =( GEOMETRIC_REPRESENTATION_CONTEXT ( 3 ) GLOBAL_UNCERTAINTY_ASSIGNED_CONTEXT ( ( #811 ) ) GLOBAL_UNIT_ASSIGNED_CONTEXT ( ( #98, #3586, #4022 ) ) REPRESENTATION_CONTEXT ( 'NONE', 'WORKASPACE' ) );
#3651 = DIRECTION ( 'NONE',  ( 0.0000000000000000000, -0.0000000000000000000, 1.000000000000000000 ) ) ;
#3652 = CARTESIAN_POINT ( 'NONE',  ( -1.500000000000000000, 0.05000000000000001665, 1.500000000000000000 ) ) ;
#3653 = EDGE_CURVE ( 'NONE', #1290, #826, #33, .T. ) ;
#3654 = AXIS2_PLACEMENT_3D ( 'NONE', #2055, #2464, #2101 ) ;
#3655 = LINE ( 'NONE', #3320, #4538 ) ;
#3656 = ORIENTED_EDGE ( 'NONE', *, *, #2958, .T. ) ;
#3657 = AXIS2_PLACEMENT_3D ( 'NONE', #1103, #4921, #694 ) ;
#3658 = EDGE_LOOP ( 'NONE', ( #1972, #293, #1259, #1990 ) ) ;
#3659 = EDGE_CURVE ( 'NONE', #645, #4464, #15, .T. ) ;
#3660 = VERTEX_POINT ( 'NONE', #3399 ) ;
#3661 = AXIS2_PLACEMENT_3D ( 'NONE', #1630, #4727, #919 ) ;
#3662 = CARTESIAN_POINT ( 'NONE',  ( 0.2999999999999999889, 0.0000000000000000000, -1.050000000000000044 ) ) ;
#3663 = VECTOR ( 'NONE', #3804, 1000.000000000000000 ) ;
#3664 = VECTOR ( 'NONE', #3244, 1000.000000000000000 ) ;
#3665 = VERTEX_POINT ( 'NONE', #1544 ) ;
#3666 = FILL_AREA_STYLE_COLOUR ( '', #2358 ) ;
#3667 = VERTEX_POINT ( 'NONE', #786 ) ;
#3668 = CARTESIAN_POINT ( 'NONE',  ( 0.1000000000000000056, 0.2500000000000000000, 1.500000000000000000 ) ) ;
#3669 = VECTOR ( 'NONE', #1998, 1000.000000000000000 ) ;
#3670 = MECHANICAL_DESIGN_GEOMETRIC_PRESENTATION_REPRESENTATION (  '', ( #1022 ), #4568 ) ;
#3671 = CARTESIAN_POINT ( 'NONE',  ( -0.6999999999999999556, 0.05000000000000000278, 1.500000000000000000 ) ) ;
#3672 = CARTESIAN_POINT ( 'NONE',  ( 1.500000000000000000, 0.2500000000000000000, -0.1000000000000000056 ) ) ;
#3673 = VERTEX_POINT ( 'NONE', #4277 ) ;
#3674 = CARTESIAN_POINT ( 'NONE',  ( 0.1000000000000000056, 0.04999999999999999584, -1.500000000000000000 ) ) ;
#3675 = CARTESIAN_POINT ( 'NONE',  ( 0.1000000000000000056, 0.0000000000000000000, 0.0000000000000000000 ) ) ;
#3676 = DIRECTION ( 'NONE',  ( 0.0000000000000000000, 0.0000000000000000000, 1.000000000000000000 ) ) ;
#3677 = EDGE_CURVE ( 'NONE', #529, #936, #3780, .T. ) ;
#3678 = CARTESIAN_POINT ( 'NONE',  ( 0.5000000000000000000, 0.2500000000000000000, 1.500000000000000000 ) ) ;
#3679 = LINE ( 'NONE', #658, #1947 ) ;
#3680 = VERTEX_POINT ( 'NONE', #3471 ) ;
#3681 = FACE_OUTER_BOUND ( 'NONE', #4020, .T. ) ;
#3682 = LINE ( 'NONE', #2553, #2686 ) ;
#3683 = EDGE_CURVE ( 'NONE', #3224, #346, #2279, .T. ) ;
#3684 = VECTOR ( 'NONE', #2566, 1000.000000000000000 ) ;
#3685 = VERTEX_POINT ( 'NONE', #1471 ) ;
#3686 = ORIENTED_EDGE ( 'NONE', *, *, #2622, .T. ) ;
#3687 = SURFACE_STYLE_FILL_AREA ( #1410 ) ;
#3688 = CARTESIAN_POINT ( 'NONE',  ( -1.500000000000000000, 0.0000000000000000000, -0.5000000000000000000 ) ) ;
#3689 = VERTEX_POINT ( 'NONE', #415 ) ;
#3690 = DIRECTION ( 'NONE',  ( 1.000000000000000000, -0.0000000000000000000, 0.0000000000000000000 ) ) ;
#3691 = ORIENTED_EDGE ( 'NONE', *, *, #4322, .F. ) ;
#3692 = CARTESIAN_POINT ( 'NONE',  ( -1.550000000000000266, 0.2500000000000000000, 0.9000000000000001332 ) ) ;
#3693 = DIRECTION ( 'NONE',  ( 0.0000000000000000000, -0.0000000000000000000, 1.000000000000000000 ) ) ;
#3694 = DIRECTION ( 'NONE',  ( -0.0000000000000000000, -1.000000000000000000, 0.0000000000000000000 ) ) ;
#3695 = ORIENTED_EDGE ( 'NONE', *, *, #4785, .T. ) ;
#3696 = LINE ( 'NONE', #2516, #3015 ) ;
#3697 = FACE_OUTER_BOUND ( 'NONE', #1138, .T. ) ;
#3698 = DIRECTION ( 'NONE',  ( 0.0000000000000000000, 1.000000000000000000, 0.0000000000000000000 ) ) ;
#3699 = PRESENTATION_STYLE_ASSIGNMENT (( #4057 ) ) ;
#3700 = LINE ( 'NONE', #4087, #4309 ) ;
#3701 = CARTESIAN_POINT ( 'NONE',  ( -1.550000000000000266, 0.0000000000000000000, 0.6999999999999999556 ) ) ;
#3702 = ADVANCED_FACE ( 'NONE', ( #434 ), #3496, .F. ) ;
#3703 = VERTEX_POINT ( 'NONE', #3833 ) ;
#3704 = DIRECTION ( 'NONE',  ( -1.000000000000000000, -0.0000000000000000000, 0.0000000000000000000 ) ) ;
#3705 = EDGE_CURVE ( 'NONE', #4268, #1357, #4647, .T. ) ;
#3706 = DIRECTION ( 'NONE',  ( 0.0000000000000000000, 0.0000000000000000000, -1.000000000000000000 ) ) ;
#3707 = VERTEX_POINT ( 'NONE', #1914 ) ;
#3708 = EDGE_CURVE ( 'NONE', #3689, #1675, #759, .T. ) ;
#3709 = VERTEX_POINT ( 'NONE', #2323 ) ;
#3710 = EDGE_CURVE ( 'NONE', #3510, #2969, #1937, .T. ) ;
#3711 = PLANE ( 'NONE',  #1473 ) ;
#3712 = VERTEX_POINT ( 'NONE', #735 ) ;
#3713 = FILL_AREA_STYLE ('',( #4427 ) ) ;
#3714 = EDGE_LOOP ( 'NONE', ( #3108, #2604 ) ) ;
#3715 = CARTESIAN_POINT ( 'NONE',  ( -0.5000000000000000000, 0.0000000000000000000, -1.500000000000000000 ) ) ;
#3716 = EDGE_CURVE ( 'NONE', #436, #4360, #61, .T. ) ;
#3717 = DIRECTION ( 'NONE',  ( 0.0000000000000000000, 0.0000000000000000000, -1.000000000000000000 ) ) ;
#3718 = DIRECTION ( 'NONE',  ( 1.000000000000000000, -0.0000000000000000000, 0.0000000000000000000 ) ) ;
#3719 = CLOSED_SHELL ( 'NONE', ( #3136, #2076, #1795, #4490, #3055, #347, #577, #1817 ) ) ;
#3720 = DIRECTION ( 'NONE',  ( 0.0000000000000000000, 0.0000000000000000000, 1.000000000000000000 ) ) ;
#3721 = VERTEX_POINT ( 'NONE', #363 ) ;
#3722 = DIRECTION ( 'NONE',  ( 0.0000000000000000000, 0.0000000000000000000, 1.000000000000000000 ) ) ;
#3723 = EDGE_CURVE ( 'NONE', #4021, #3222, #1206, .T. ) ;
#3724 = CARTESIAN_POINT ( 'NONE',  ( 1.500000000000000000, 0.0000000000000000000, 0.2999999999999999889 ) ) ;
#3725 = LINE ( 'NONE', #711, #55 ) ;
#3726 = CARTESIAN_POINT ( 'NONE',  ( 0.5000000000000000000, 0.2500000000000000000, 1.550000000000000266 ) ) ;
#3727 = LINE ( 'NONE', #684, #515 ) ;
#3728 = VECTOR ( 'NONE', #4255, 1000.000000000000000 ) ;
#3729 = EDGE_LOOP ( 'NONE', ( #4015, #4403, #2489, #1607 ) ) ;
#3730 = LINE ( 'NONE', #1885, #4402 ) ;
#3731 = CARTESIAN_POINT ( 'NONE',  ( 1.050000000000000044, 0.05000000000000000278, 0.5000000000000000000 ) ) ;
#3732 = EDGE_CURVE ( 'NONE', #4, #4067, #2725, .T. ) ;
#3733 = AXIS2_PLACEMENT_3D ( 'NONE', #2383, #500, #2019 ) ;
#3734 = ORIENTED_EDGE ( 'NONE', *, *, #4617, .F. ) ;
#3735 = AXIS2_PLACEMENT_3D ( 'NONE', #3423, #679, #1426 ) ;
#3736 = FACE_OUTER_BOUND ( 'NONE', #3408, .T. ) ;
#3737 = LINE ( 'NONE', #4900, #1971 ) ;
#3738 = EDGE_CURVE ( 'NONE', #2920, #1970, #1882, .T. ) ;
#3739 = ORIENTED_EDGE ( 'NONE', *, *, #2288, .T. ) ;
#3740 =( NAMED_UNIT ( * ) SI_UNIT ( $, .STERADIAN. ) SOLID_ANGLE_UNIT ( ) );
#3741 = AXIS2_PLACEMENT_3D ( 'NONE', #207, #580, #1672 ) ;
#3742 = ORIENTED_EDGE ( 'NONE', *, *, #2868, .T. ) ;
#3743 = LINE ( 'NONE', #1792, #3102 ) ;
#3744 = CARTESIAN_POINT ( 'NONE',  ( -1.050000000000000044, 0.05000000000000000278, 0.9000000000000001332 ) ) ;
#3745 = AXIS2_PLACEMENT_3D ( 'NONE', #4908, #1444, #2564 ) ;
#3746 = FACE_OUTER_BOUND ( 'NONE', #1443, .T. ) ;
#3747 = AXIS2_PLACEMENT_3D ( 'NONE', #196, #4018, #548 ) ;
#3748 = EDGE_CURVE ( 'NONE', #3712, #1875, #3426, .T. ) ;
#3749 = VERTEX_POINT ( 'NONE', #1521 ) ;
#3750 = ORIENTED_EDGE ( 'NONE', *, *, #4242, .T. ) ;
#3751 = CARTESIAN_POINT ( 'NONE',  ( -0.8000000000000000444, 0.5499999999999999334, 1.199999999999999956 ) ) ;
#3752 = VECTOR ( 'NONE', #876, 1000.000000000000000 ) ;
#3753 = VECTOR ( 'NONE', #4742, 1000.000000000000000 ) ;
#3754 = LINE ( 'NONE', #314, #671 ) ;
#3755 = CARTESIAN_POINT ( 'NONE',  ( 1.500000000000000000, 0.0000000000000000000, 0.1000000000000000056 ) ) ;
#3756 = VECTOR ( 'NONE', #4576, 1000.000000000000000 ) ;
#3757 = EDGE_CURVE ( 'NONE', #3240, #411, #1166, .T. ) ;
#3758 = CARTESIAN_POINT ( 'NONE',  ( 0.0000000000000000000, 0.05000000000000000278, 0.2999999999999999889 ) ) ;
#3759 =( NAMED_UNIT ( * ) SI_UNIT ( $, .STERADIAN. ) SOLID_ANGLE_UNIT ( ) );
#3760 = DIRECTION ( 'NONE',  ( 1.000000000000000000, -0.0000000000000000000, 0.0000000000000000000 ) ) ;
#3761 = ORIENTED_EDGE ( 'NONE', *, *, #790, .T. ) ;
#3762 = PLANE ( 'NONE',  #945 ) ;
#3763 = SURFACE_SIDE_STYLE ('',( #2476 ) ) ;
#3764 = VERTEX_POINT ( 'NONE', #2391 ) ;
#3765 = VERTEX_POINT ( 'NONE', #3133 ) ;
#3766 = CARTESIAN_POINT ( 'NONE',  ( -0.6999999999999999556, 0.0000000000000000000, 1.050000000000000044 ) ) ;
#3767 = CARTESIAN_POINT ( 'NONE',  ( 1.500000000000000000, 0.5999999999999999778, 1.500000000000000000 ) ) ;
#3768 = ORIENTED_EDGE ( 'NONE', *, *, #1987, .F. ) ;
#3769 = VERTEX_POINT ( 'NONE', #857 ) ;
#3770 = FILL_AREA_STYLE ('',( #2881 ) ) ;
#3771 = DIRECTION ( 'NONE',  ( -0.0000000000000000000, -1.000000000000000000, -0.0000000000000000000 ) ) ;
#3772 = CARTESIAN_POINT ( 'NONE',  ( -0.1000000000000000056, 0.0000000000000000000, 1.500000000000000000 ) ) ;
#3773 = EDGE_CURVE ( 'NONE', #2333, #4871, #2807, .T. ) ;
#3774 = VERTEX_POINT ( 'NONE', #1694 ) ;
#3775 = CARTESIAN_POINT ( 'NONE',  ( 0.0000000000000000000, 0.0000000000000000000, -0.9000000000000001332 ) ) ;
#3776 = ORIENTED_EDGE ( 'NONE', *, *, #480, .F. ) ;
#3777 = CARTESIAN_POINT ( 'NONE',  ( -1.550000000000000266, 0.0000000000000000000, 0.9000000000000001332 ) ) ;
#3778 = DIRECTION ( 'NONE',  ( 1.000000000000000000, -0.0000000000000000000, 0.0000000000000000000 ) ) ;
#3779 = CARTESIAN_POINT ( 'NONE',  ( -0.9000000000000001332, 0.05000000000000000278, -1.500000000000000000 ) ) ;
#3780 = LINE ( 'NONE', #4935, #539 ) ;
#3781 =( NAMED_UNIT ( * ) PLANE_ANGLE_UNIT ( ) SI_UNIT ( $, .RADIAN. ) );
#3782 = DIRECTION ( 'NONE',  ( 0.0000000000000000000, -0.0000000000000000000, 1.000000000000000000 ) ) ;
#3783 = ADVANCED_FACE ( 'NONE', ( #4712 ), #3523, .T. ) ;
#3784 = ORIENTED_EDGE ( 'NONE', *, *, #3363, .T. ) ;
#3785 = CARTESIAN_POINT ( 'NONE',  ( 1.050000000000000044, 0.05000000000000000278, -0.1000000000000000056 ) ) ;
#3786 = UNCERTAINTY_MEASURE_WITH_UNIT (LENGTH_MEASURE( 1.000000000000000082E-05 ), #3530, 'distance_accuracy_value', 'NONE');
#3787 = ORIENTED_EDGE ( 'NONE', *, *, #1054, .F. ) ;
#3788 = ORIENTED_EDGE ( 'NONE', *, *, #3584, .F. ) ;
#3789 = CARTESIAN_POINT ( 'NONE',  ( 0.0000000000000000000, 0.05000000000000000278, -0.6999999999999999556 ) ) ;
#3790 = DIRECTION ( 'NONE',  ( -0.0000000000000000000, -1.000000000000000000, -0.0000000000000000000 ) ) ;
#3791 = VERTEX_POINT ( 'NONE', #2443 ) ;
#3792 =( NAMED_UNIT ( * ) PLANE_ANGLE_UNIT ( ) SI_UNIT ( $, .RADIAN. ) );
#3793 = ORIENTED_EDGE ( 'NONE', *, *, #531, .F. ) ;
#3794 = PLANE ( 'NONE',  #1109 ) ;
#3795 = CARTESIAN_POINT ( 'NONE',  ( 1.550000000000000266, 0.2500000000000000000, -0.5000000000000000000 ) ) ;
#3796 = EDGE_CURVE ( 'NONE', #3597, #2070, #4333, .T. ) ;
#3797 = VERTEX_POINT ( 'NONE', #3214 ) ;
#3798 = LINE ( 'NONE', #356, #1256 ) ;
#3799 = VERTEX_POINT ( 'NONE', #507 ) ;
#3800 = LINE ( 'NONE', #1910, #3855 ) ;
#3801 = LINE ( 'NONE', #1834, #3317 ) ;
#3802 = CARTESIAN_POINT ( 'NONE',  ( -0.7006874501157375201, 0.5500000000000001554, 0.8258998064684596185 ) ) ;
#3803 = EDGE_CURVE ( 'NONE', #1681, #1847, #2780, .T. ) ;
#3804 = DIRECTION ( 'NONE',  ( -0.0000000000000000000, -1.000000000000000000, -0.0000000000000000000 ) ) ;
#3805 = CARTESIAN_POINT ( 'NONE',  ( -1.550000000000000266, 0.2500000000000000000, -0.2999999999999999889 ) ) ;
#3806 = DIRECTION ( 'NONE',  ( 0.0000000000000000000, 1.000000000000000000, -0.0000000000000000000 ) ) ;
#3807 = ORIENTED_EDGE ( 'NONE', *, *, #1879, .F. ) ;
#3808 = ADVANCED_FACE ( 'NONE', ( #1258 ), #82, .T. ) ;
#3809 = LINE ( 'NONE', #1172, #4641 ) ;
#3810 = EDGE_LOOP ( 'NONE', ( #418, #2527, #2149, #1265 ) ) ;
#3811 = VECTOR ( 'NONE', #3105, 1000.000000000000000 ) ;
#3812 = ORIENTED_EDGE ( 'NONE', *, *, #1678, .F. ) ;
#3813 = DIRECTION ( 'NONE',  ( 1.000000000000000000, 0.0000000000000000000, -0.0000000000000000000 ) ) ;
#3814 = LINE ( 'NONE', #378, #3910 ) ;
#3815 = AXIS2_PLACEMENT_3D ( 'NONE', #8, #2268, #384 ) ;
#3816 = ADVANCED_FACE ( 'NONE', ( #165 ), #1648, .T. ) ;
#3817 = VERTEX_POINT ( 'NONE', #563 ) ;
#3818 = LINE ( 'NONE', #1902, #1268 ) ;
#3819 = ORIENTED_EDGE ( 'NONE', *, *, #2099, .F. ) ;
#3820 = VECTOR ( 'NONE', #784, 1000.000000000000000 ) ;
#3821 = FACE_OUTER_BOUND ( 'NONE', #4046, .T. ) ;
#3822 = LINE ( 'NONE', #451, #845 ) ;
#3823 = VECTOR ( 'NONE', #3694, 1000.000000000000000 ) ;
#3824 = DIRECTION ( 'NONE',  ( -1.000000000000000000, -0.0000000000000000000, 0.0000000000000000000 ) ) ;
#3825 = ORIENTED_EDGE ( 'NONE', *, *, #609, .F. ) ;
#3826 = FACE_OUTER_BOUND ( 'NONE', #4314, .T. ) ;
#3827 = AXIS2_PLACEMENT_3D ( 'NONE', #4650, #1572, #1189 ) ;
#3828 = VECTOR ( 'NONE', #2332, 1000.000000000000000 ) ;
#3829 = CARTESIAN_POINT ( 'NONE',  ( -0.5000000000000000000, 0.2500000000000000000, -1.500000000000000000 ) ) ;
#3830 = ADVANCED_FACE ( 'NONE', ( #3239 ), #1674, .T. ) ;
#3831 = DIRECTION ( 'NONE',  ( 0.0000000000000000000, 0.0000000000000000000, 1.000000000000000000 ) ) ;
#3832 = VECTOR ( 'NONE', #1837, 1000.000000000000000 ) ;
#3833 = CARTESIAN_POINT ( 'NONE',  ( -1.500000000000000000, 0.04999999999999999584, 0.2999999999999999889 ) ) ;
#3834 = DIRECTION ( 'NONE',  ( -0.0000000000000000000, -1.000000000000000000, -0.0000000000000000000 ) ) ;
#3835 = CARTESIAN_POINT ( 'NONE',  ( 1.500000000000000000, 0.0000000000000000000, -0.2999999999999999889 ) ) ;
#3836 = ORIENTED_EDGE ( 'NONE', *, *, #1539, .F. ) ;
#3837 = MECHANICAL_DESIGN_GEOMETRIC_PRESENTATION_REPRESENTATION (  '', ( #2056 ), #4958 ) ;
#3838 = EDGE_CURVE ( 'NONE', #2996, #2928, #106, .T. ) ;
#3839 = PRESENTATION_LAYER_ASSIGNMENT (  '', '', ( #1022 ) ) ;
#3840 = EDGE_CURVE ( 'NONE', #4944, #3467, #4379, .T. ) ;
#3841 = FACE_OUTER_BOUND ( 'NONE', #3538, .T. ) ;
#3842 =( BOUNDED_SURFACE ( )  B_SPLINE_SURFACE ( 3, 3, ( 
 ( #2835, #108, #937, #2083 ),
 ( #1617, #3161, #4714, #3956 ),
 ( #1370, #2490, #4159, #2986 ),
 ( #3751, #1348, #4106, #2908 ) ),
 .UNSPECIFIED., .F., .F., .F. ) 
 B_SPLINE_SURFACE_WITH_KNOTS ( ( 4, 4 ),
 ( 4, 4 ),
 ( 0.0000000000000000000, 1.000000000000000000 ),
 ( 0.0000000000000000000, 1.000000000000000000 ),
 .UNSPECIFIED. ) 
 GEOMETRIC_REPRESENTATION_ITEM ( )  RATIONAL_B_SPLINE_SURFACE ( (
 ( 1.000000000000000000, 0.3333333333333332038, 0.3333333333333332038, 1.000000000000000000),
 ( 0.8047378541243640493, 0.2682459513747879054, 0.2682459513747879054, 0.8047378541243640493),
 ( 0.8047378541243640493, 0.2682459513747879054, 0.2682459513747879054, 0.8047378541243640493),
 ( 1.000000000000000000, 0.3333333333333332038, 0.3333333333333332038, 1.000000000000000000) ) ) 
 REPRESENTATION_ITEM ( '' )  SURFACE ( )  );
#3843 = VECTOR ( 'NONE', #110, 1000.000000000000000 ) ;
#3844 = VERTEX_POINT ( 'NONE', #1227 ) ;
#3845 = ORIENTED_EDGE ( 'NONE', *, *, #4321, .T. ) ;
#3846 = CARTESIAN_POINT ( 'NONE',  ( 1.500000000000000000, 0.04999999999999999584, 0.9000000000000001332 ) ) ;
#3847 = LINE ( 'NONE', #3123, #1477 ) ;
#3848 = ORIENTED_EDGE ( 'NONE', *, *, #1824, .F. ) ;
#3849 = VERTEX_POINT ( 'NONE', #2748 ) ;
#3850 = ADVANCED_FACE ( 'NONE', ( #4737 ), #4302, .F. ) ;
#3851 = CARTESIAN_POINT ( 'NONE',  ( -0.2999999999999999889, 0.0000000000000000000, 0.0000000000000000000 ) ) ;
#3852 = VECTOR ( 'NONE', #4279, 1000.000000000000000 ) ;
#3853 = CARTESIAN_POINT ( 'NONE',  ( 1.550000000000000266, 0.2500000000000000000, 0.9000000000000001332 ) ) ;
#3854 = CARTESIAN_POINT ( 'NONE',  ( -0.5000000000000000000, 0.0000000000000000000, -1.550000000000000266 ) ) ;
#3855 = VECTOR ( 'NONE', #732, 1000.000000000000000 ) ;
#3856 = VERTEX_POINT ( 'NONE', #2081 ) ;
#3857 = PLANE ( 'NONE',  #404 ) ;
#3858 = CARTESIAN_POINT ( 'NONE',  ( 1.050000000000000044, 0.05000000000000000278, -0.6999999999999999556 ) ) ;
#3859 = DIRECTION ( 'NONE',  ( 0.0000000000000000000, 1.000000000000000000, 0.0000000000000000000 ) ) ;
#3860 = DIRECTION ( 'NONE',  ( -0.0000000000000000000, 0.0000000000000000000, -1.000000000000000000 ) ) ;
#3861 = LINE ( 'NONE', #2255, #4370 ) ;
#3862 = ORIENTED_EDGE ( 'NONE', *, *, #3649, .F. ) ;
#3863 = DIRECTION ( 'NONE',  ( 0.0000000000000000000, -0.0000000000000000000, 1.000000000000000000 ) ) ;
#3864 = CARTESIAN_POINT ( 'NONE',  ( 0.2999999999999999889, 0.04999999999999999584, -1.500000000000000000 ) ) ;
#3865 = ADVANCED_FACE ( 'NONE', ( #3619 ), #1614, .T. ) ;
#3866 = ORIENTED_EDGE ( 'NONE', *, *, #601, .T. ) ;
#3867 = EDGE_CURVE ( 'NONE', #1661, #2560, #4787, .T. ) ;
#3868 = LINE ( 'NONE', #4606, #842 ) ;
#3869 = CARTESIAN_POINT ( 'NONE',  ( -0.5000000000000000000, 0.0000000000000000000, 1.550000000000000266 ) ) ;
#3870 = EDGE_LOOP ( 'NONE', ( #2673, #1242, #630, #3301 ) ) ;
#3871 = ADVANCED_FACE ( 'NONE', ( #2906 ), #3268, .T. ) ;
#3872 = ORIENTED_EDGE ( 'NONE', *, *, #861, .T. ) ;
#3873 = EDGE_CURVE ( 'NONE', #440, #3240, #1393, .T. ) ;
#3874 = FILL_AREA_STYLE_COLOUR ( '', #3321 ) ;
#3875 = FACE_OUTER_BOUND ( 'NONE', #3972, .T. ) ;
#3876 = FACE_OUTER_BOUND ( 'NONE', #357, .T. ) ;
#3877 = ORIENTED_EDGE ( 'NONE', *, *, #209, .F. ) ;
#3878 = FACE_OUTER_BOUND ( 'NONE', #4504, .T. ) ;
#3879 = DIRECTION ( 'NONE',  ( -0.0000000000000000000, -1.000000000000000000, -0.0000000000000000000 ) ) ;
#3880 = LINE ( 'NONE', #2280, #2532 ) ;
#3881 = CARTESIAN_POINT ( 'NONE',  ( -0.9000000000000001332, 0.0000000000000000000, 1.050000000000000044 ) ) ;
#3882 = VERTEX_POINT ( 'NONE', #257 ) ;
#3883 = CARTESIAN_POINT ( 'NONE',  ( 0.0000000000000000000, 0.05000000000000000278, -1.500000000000000000 ) ) ;
#3884 = CARTESIAN_POINT ( 'NONE',  ( 1.500000000000000000, 0.2500000000000000000, 0.1000000000000000056 ) ) ;
#3885 = CLOSED_SHELL ( 'NONE', ( #3355, #1640, #4024, #949, #4543, #4595, #4583, #4758 ) ) ;
#3886 = FACE_OUTER_BOUND ( 'NONE', #2320, .T. ) ;
#3887 = ORIENTED_EDGE ( 'NONE', *, *, #39, .F. ) ;
#3888 = VECTOR ( 'NONE', #4622, 1000.000000000000000 ) ;
#3889 = ORIENTED_EDGE ( 'NONE', *, *, #3705, .T. ) ;
#3890 = LINE ( 'NONE', #2400, #1326 ) ;
#3891 = CARTESIAN_POINT ( 'NONE',  ( -0.1000000000000000056, 0.0000000000000000000, -1.550000000000000266 ) ) ;
#3892 = LINE ( 'NONE', #2314, #1319 ) ;
#3893 = EDGE_CURVE ( 'NONE', #1181, #4548, #2465, .T. ) ;
#3894 = AXIS2_PLACEMENT_3D ( 'NONE', #3829, #3932, #389 ) ;
#3895 = ORIENTED_EDGE ( 'NONE', *, *, #4849, .T. ) ;
#3896 = ORIENTED_EDGE ( 'NONE', *, *, #1744, .T. ) ;
#3897 = PRESENTATION_LAYER_ASSIGNMENT (  '', '', ( #4631 ) ) ;
#3898 = PLANE ( 'NONE',  #3815 ) ;
#3899 = LINE ( 'NONE', #3106, #2281 ) ;
#3900 = EDGE_CURVE ( 'NONE', #1718, #944, #1777, .T. ) ;
#3901 = LINE ( 'NONE', #1249, #145 ) ;
#3902 = VECTOR ( 'NONE', #4771, 1000.000000000000000 ) ;
#3903 = VERTEX_POINT ( 'NONE', #2179 ) ;
#3904 = CARTESIAN_POINT ( 'NONE',  ( 1.500000000000000000, 0.5999999999999999778, -1.500000000000000000 ) ) ;
#3905 = CARTESIAN_POINT ( 'NONE',  ( 0.9000000000000001332, 0.2500000000000000000, 0.0000000000000000000 ) ) ;
#3906 = EDGE_CURVE ( 'NONE', #3856, #1738, #652, .T. ) ;
#3907 = AXIS2_PLACEMENT_3D ( 'NONE', #955, #4401, #3970 ) ;
#3908 = CARTESIAN_POINT ( 'NONE',  ( -0.1000000000000000056, 0.05000000000000000278, -1.050000000000000044 ) ) ;
#3909 = ORIENTED_EDGE ( 'NONE', *, *, #720, .F. ) ;
#3910 = VECTOR ( 'NONE', #3481, 1000.000000000000000 ) ;
#3911 = PLANE ( 'NONE',  #3827 ) ;
#3912 = EDGE_CURVE ( 'NONE', #4578, #2205, #4104, .T. ) ;
#3913 = VECTOR ( 'NONE', #186, 1000.000000000000000 ) ;
#3914 = DIRECTION ( 'NONE',  ( -1.000000000000000000, 0.0000000000000000000, 0.0000000000000000000 ) ) ;
#3915 = LINE ( 'NONE', #398, #4079 ) ;
#3916 = DIRECTION ( 'NONE',  ( -0.0000000000000000000, -0.0000000000000000000, -1.000000000000000000 ) ) ;
#3917 = VECTOR ( 'NONE', #28, 1000.000000000000000 ) ;
#3918 = VERTEX_POINT ( 'NONE', #582 ) ;
#3919 = DIRECTION ( 'NONE',  ( 0.0000000000000000000, 0.0000000000000000000, 1.000000000000000000 ) ) ;
#3920 = PLANE ( 'NONE',  #4060 ) ;
#3921 = DIRECTION ( 'NONE',  ( -1.000000000000000000, 0.0000000000000000000, 0.0000000000000000000 ) ) ;
#3922 = COLOUR_RGB ( '',0.7529411764705882248, 0.7529411764705882248, 0.7529411764705882248 ) ;
#3923 = ORIENTED_EDGE ( 'NONE', *, *, #2260, .T. ) ;
#3924 = ORIENTED_EDGE ( 'NONE', *, *, #3723, .F. ) ;
#3925 = SURFACE_SIDE_STYLE ('',( #2822 ) ) ;
#3926 = CARTESIAN_POINT ( 'NONE',  ( 0.9000000000000001332, 0.2500000000000000000, 1.550000000000000266 ) ) ;
#3927 = VERTEX_POINT ( 'NONE', #2131 ) ;
#3928 = CARTESIAN_POINT ( 'NONE',  ( 0.5000000000000000000, 0.2500000000000000000, 1.500000000000000000 ) ) ;
#3929 = ORIENTED_EDGE ( 'NONE', *, *, #2046, .F. ) ;
#3930 = EDGE_CURVE ( 'NONE', #3261, #4297, #2884, .T. ) ;
#3931 = DIRECTION ( 'NONE',  ( -0.0000000000000000000, 1.000000000000000000, 0.0000000000000000000 ) ) ;
#3932 = DIRECTION ( 'NONE',  ( 0.0000000000000000000, 0.0000000000000000000, 1.000000000000000000 ) ) ;
#3933 = AXIS2_PLACEMENT_3D ( 'NONE', #1230, #536, #1676 ) ;
#3934 = CARTESIAN_POINT ( 'NONE',  ( 1.550000000000000266, 0.2500000000000000000, -0.6999999999999999556 ) ) ;
#3935 = ORIENTED_EDGE ( 'NONE', *, *, #1596, .F. ) ;
#3936 = CARTESIAN_POINT ( 'NONE',  ( -1.550000000000000266, 0.0000000000000000000, 0.1000000000000000056 ) ) ;
#3937 = ADVANCED_FACE ( 'NONE', ( #4129 ), #3312, .T. ) ;
#3938 = VECTOR ( 'NONE', #4326, 1000.000000000000000 ) ;
#3939 = DIRECTION ( 'NONE',  ( 1.000000000000000000, 0.0000000000000000000, -0.0000000000000000000 ) ) ;
#3940 = EDGE_CURVE ( 'NONE', #2726, #1120, #3342, .T. ) ;
#3941 = EDGE_LOOP ( 'NONE', ( #2096, #2485, #1921, #4040 ) ) ;
#3942 = ORIENTED_EDGE ( 'NONE', *, *, #1697, .F. ) ;
#3943 = CARTESIAN_POINT ( 'NONE',  ( -1.550000000000000266, 0.0000000000000000000, 0.5000000000000000000 ) ) ;
#3944 = CARTESIAN_POINT ( 'NONE',  ( -0.6999999999999999556, 0.05000000000000000278, 1.050000000000000044 ) ) ;
#3945 = DIRECTION ( 'NONE',  ( 0.0000000000000000000, -1.000000000000000000, -0.0000000000000000000 ) ) ;
#3946 = EDGE_LOOP ( 'NONE', ( #3305, #388, #3807, #1174 ) ) ;
#3947 = EDGE_LOOP ( 'NONE', ( #1126, #1159, #2979, #2142 ) ) ;
#3948 = EDGE_LOOP ( 'NONE', ( #4002, #3010, #2533, #1877 ) ) ;
#3949 = FACE_OUTER_BOUND ( 'NONE', #4063, .T. ) ;
#3950 = LINE ( 'NONE', #3565, #4052 ) ;
#3951 = LINE ( 'NONE', #2079, #3004 ) ;
#3952 = EDGE_CURVE ( 'NONE', #600, #2921, #3696, .T. ) ;
#3953 = CARTESIAN_POINT ( 'NONE',  ( 1.500000000000000000, 0.05000000000000000278, -0.2999999999999999889 ) ) ;
#3954 = ADVANCED_FACE ( 'NONE', ( #1420 ), #631, .T. ) ;
#3955 = ORIENTED_EDGE ( 'NONE', *, *, #968, .F. ) ;
#3956 = CARTESIAN_POINT ( 'NONE',  ( -0.8000000000000003775, 0.5707106781186546129, 0.7500000000000003331 ) ) ;
#3957 = DIRECTION ( 'NONE',  ( -1.000000000000000000, -0.0000000000000000000, 0.0000000000000000000 ) ) ;
#3958 =( NAMED_UNIT ( * ) PLANE_ANGLE_UNIT ( ) SI_UNIT ( $, .RADIAN. ) );
#3959 = DIRECTION ( 'NONE',  ( -0.0000000000000000000, 1.000000000000000000, 0.0000000000000000000 ) ) ;
#3960 = CARTESIAN_POINT ( 'NONE',  ( 1.500000000000000000, 0.05000000000000001665, -1.500000000000000000 ) ) ;
#3961 = ORIENTED_EDGE ( 'NONE', *, *, #2804, .T. ) ;
#3962 = ORIENTED_EDGE ( 'NONE', *, *, #379, .F. ) ;
#3963 = CARTESIAN_POINT ( 'NONE',  ( 0.6999999999999999556, 0.2500000000000000000, 1.500000000000000000 ) ) ;
#3964 = DIRECTION ( 'NONE',  ( 1.000000000000000000, -0.0000000000000000000, 0.0000000000000000000 ) ) ;
#3965 = CARTESIAN_POINT ( 'NONE',  ( -1.500000000000000000, 0.05000000000000000278, 0.0000000000000000000 ) ) ;
#3966 = ADVANCED_FACE ( 'NONE', ( #1368 ), #1085, .T. ) ;
#3967 = ORIENTED_EDGE ( 'NONE', *, *, #2802, .F. ) ;
#3968 = ORIENTED_EDGE ( 'NONE', *, *, #3142, .F. ) ;
#3969 = CARTESIAN_POINT ( 'NONE',  ( 0.0000000000000000000, 0.05000000000000000278, 0.5000000000000000000 ) ) ;
#3970 = DIRECTION ( 'NONE',  ( 1.000000000000000000, 0.0000000000000000000, -0.0000000000000000000 ) ) ;
#3971 = VECTOR ( 'NONE', #64, 1000.000000000000000 ) ;
#3972 = EDGE_LOOP ( 'NONE', ( #4948, #3515, #4423, #527, #870, #4117 ) ) ;
#3973 = DIRECTION ( 'NONE',  ( 0.0000000000000000000, 0.0000000000000000000, 1.000000000000000000 ) ) ;
#3974 = EDGE_LOOP ( 'NONE', ( #3895, #579, #2430, #1884 ) ) ;
#3975 = APPLICATION_CONTEXT ( 'automotive_design' ) ;
#3976 = VECTOR ( 'NONE', #79, 1000.000000000000000 ) ;
#3977 = CARTESIAN_POINT ( 'NONE',  ( -0.2999999999999999889, 0.0000000000000000000, 1.550000000000000266 ) ) ;
#3978 = CARTESIAN_POINT ( 'NONE',  ( 0.1000000000000000056, 0.0000000000000000000, -1.050000000000000044 ) ) ;
#3979 = CARTESIAN_POINT ( 'NONE',  ( 0.0000000000000000000, 0.2500000000000000000, 0.9000000000000001332 ) ) ;
#3980 = AXIS2_PLACEMENT_3D ( 'NONE', #3851, #4681, #4587 ) ;
#3981 = DIRECTION ( 'NONE',  ( 0.0000000000000000000, 0.0000000000000000000, 1.000000000000000000 ) ) ;
#3982 = ORIENTED_EDGE ( 'NONE', *, *, #1046, .F. ) ;
#3983 = DIRECTION ( 'NONE',  ( -0.0000000000000000000, -1.000000000000000000, 0.0000000000000000000 ) ) ;
#3984 = AXIS2_PLACEMENT_3D ( 'NONE', #867, #948, #2764 ) ;
#3985 = DIRECTION ( 'NONE',  ( 0.0000000000000000000, 0.0000000000000000000, 1.000000000000000000 ) ) ;
#3986 = DIRECTION ( 'NONE',  ( -1.000000000000000000, 0.0000000000000000000, 0.0000000000000000000 ) ) ;
#3987 = VECTOR ( 'NONE', #4759, 1000.000000000000000 ) ;
#3988 = FACE_OUTER_BOUND ( 'NONE', #3532, .T. ) ;
#3989 = ORIENTED_EDGE ( 'NONE', *, *, #4434, .F. ) ;
#3990 = EDGE_CURVE ( 'NONE', #1675, #2555, #3466, .T. ) ;
#3991 = LINE ( 'NONE', #2065, #1408 ) ;
#3992 = VECTOR ( 'NONE', #2287, 1000.000000000000000 ) ;
#3993 = CARTESIAN_POINT ( 'NONE',  ( -1.550000000000000266, 0.2500000000000000000, 0.5000000000000000000 ) ) ;
#3994 = PLANE ( 'NONE',  #3661 ) ;
#3995 = VECTOR ( 'NONE', #277, 1000.000000000000000 ) ;
#3996 = ORIENTED_EDGE ( 'NONE', *, *, #330, .F. ) ;
#3997 = ORIENTED_EDGE ( 'NONE', *, *, #2288, .F. ) ;
#3998 = CARTESIAN_POINT ( 'NONE',  ( 0.5000000000000000000, 0.2500000000000000000, 1.500000000000000000 ) ) ;
#3999 = LINE ( 'NONE', #3612, #3164 ) ;
#4000 = VERTEX_POINT ( 'NONE', #1849 ) ;
#4001 = CARTESIAN_POINT ( 'NONE',  ( -1.500000000000000000, 0.05000000000000000278, 0.9000000000000001332 ) ) ;
#4002 = ORIENTED_EDGE ( 'NONE', *, *, #3639, .T. ) ;
#4003 = CARTESIAN_POINT ( 'NONE',  ( 1.550000000000000266, 0.2500000000000000000, 0.1000000000000000056 ) ) ;
#4004 = ADVANCED_FACE ( 'NONE', ( #1492 ), #4535, .F. ) ;
#4005 = CARTESIAN_POINT ( 'NONE',  ( 1.550000000000000266, 0.0000000000000000000, 0.9000000000000001332 ) ) ;
#4006 = CARTESIAN_POINT ( 'NONE',  ( -0.8000000000000000444, 0.5499999999999999334, 1.199999999999999956 ) ) ;
#4007 = CARTESIAN_POINT ( 'NONE',  ( 0.1000000000000000056, 0.05000000000000000278, 1.050000000000000044 ) ) ;
#4008 = CARTESIAN_POINT ( 'NONE',  ( 0.0000000000000000000, 0.0000000000000000000, -0.1000000000000000056 ) ) ;
#4009 = ORIENTED_EDGE ( 'NONE', *, *, #4501, .F. ) ;
#4010 = CARTESIAN_POINT ( 'NONE',  ( 1.050000000000000044, 0.0000000000000000000, -0.9000000000000001332 ) ) ;
#4011 = DIRECTION ( 'NONE',  ( 0.0000000000000000000, -0.0000000000000000000, 1.000000000000000000 ) ) ;
#4012 = DIRECTION ( 'NONE',  ( 0.0000000000000000000, -0.0000000000000000000, 1.000000000000000000 ) ) ;
#4013 = SURFACE_STYLE_USAGE ( .BOTH. , #1655 ) ;
#4014 = ORIENTED_EDGE ( 'NONE', *, *, #273, .T. ) ;
#4015 = ORIENTED_EDGE ( 'NONE', *, *, #4142, .T. ) ;
#4016 = FACE_OUTER_BOUND ( 'NONE', #2867, .T. ) ;
#4017 = CARTESIAN_POINT ( 'NONE',  ( 1.050000000000000044, 0.05000000000000000278, 0.9000000000000001332 ) ) ;
#4018 = DIRECTION ( 'NONE',  ( 0.0000000000000000000, 0.0000000000000000000, -1.000000000000000000 ) ) ;
#4019 = EDGE_CURVE ( 'NONE', #2515, #1557, #51, .T. ) ;
#4020 = EDGE_LOOP ( 'NONE', ( #916, #3441, #1095, #29 ) ) ;
#4021 = VERTEX_POINT ( 'NONE', #1158 ) ;
#4022 =( NAMED_UNIT ( * ) SI_UNIT ( $, .STERADIAN. ) SOLID_ANGLE_UNIT ( ) );
#4023 = PLANE ( 'NONE',  #3252 ) ;
#4024 = ADVANCED_FACE ( 'NONE', ( #778 ), #334, .T. ) ;
#4025 = ORIENTED_EDGE ( 'NONE', *, *, #1332, .F. ) ;
#4026 = EDGE_CURVE ( 'NONE', #3222, #3228, #3448, .T. ) ;
#4027 = ORIENTED_EDGE ( 'NONE', *, *, #667, .T. ) ;
#4028 = LINE ( 'NONE', #2054, #1543 ) ;
#4029 = FACE_OUTER_BOUND ( 'NONE', #742, .T. ) ;
#4030 = EDGE_CURVE ( 'NONE', #3844, #172, #2319, .T. ) ;
#4031 = CARTESIAN_POINT ( 'NONE',  ( -1.050000000000000044, 0.0000000000000000000, 0.2999999999999999889 ) ) ;
#4032 = EDGE_LOOP ( 'NONE', ( #1006, #2609, #3260, #1354, #171, #2405 ) ) ;
#4033 = CARTESIAN_POINT ( 'NONE',  ( 0.9000000000000001332, 0.0000000000000000000, 1.500000000000000000 ) ) ;
#4034 = CARTESIAN_POINT ( 'NONE',  ( 1.550000000000000266, 0.0000000000000000000, 0.6999999999999999556 ) ) ;
#4035 = FILL_AREA_STYLE ('',( #3297 ) ) ;
#4036 = CARTESIAN_POINT ( 'NONE',  ( 1.500000000000000000, 0.0000000000000000000, 0.5000000000000000000 ) ) ;
#4037 = DIRECTION ( 'NONE',  ( 0.0000000000000000000, 0.0000000000000000000, -1.000000000000000000 ) ) ;
#4038 = ORIENTED_EDGE ( 'NONE', *, *, #86, .T. ) ;
#4039 = CARTESIAN_POINT ( 'NONE',  ( -1.500000000000000000, 0.0000000000000000000, 0.6999999999999999556 ) ) ;
#4040 = ORIENTED_EDGE ( 'NONE', *, *, #2099, .T. ) ;
#4041 = ORIENTED_EDGE ( 'NONE', *, *, #4251, .F. ) ;
#4042 = SURFACE_STYLE_USAGE ( .BOTH. , #1434 ) ;
#4043 = FACE_OUTER_BOUND ( 'NONE', #551, .T. ) ;
#4044 = ORIENTED_EDGE ( 'NONE', *, *, #3867, .F. ) ;
#4045 = CARTESIAN_POINT ( 'NONE',  ( -0.9000000000000001332, 0.05000000000000000278, -1.500000000000000000 ) ) ;
#4046 = EDGE_LOOP ( 'NONE', ( #4938, #4721, #1438, #2926 ) ) ;
#4047 = PLANE ( 'NONE',  #224 ) ;
#4048 = EDGE_CURVE ( 'NONE', #2985, #3507, #705, .T. ) ;
#4049 = VECTOR ( 'NONE', #2526, 1000.000000000000000 ) ;
#4050 = CARTESIAN_POINT ( 'NONE',  ( -1.299999999999999156, 0.5707106781186548350, 1.250000000000000000 ) ) ;
#4051 = PLANE ( 'NONE',  #3415 ) ;
#4052 = VECTOR ( 'NONE', #131, 1000.000000000000000 ) ;
#4053 = ORIENTED_EDGE ( 'NONE', *, *, #2165, .F. ) ;
#4054 = FACE_OUTER_BOUND ( 'NONE', #4529, .T. ) ;
#4055 = DIRECTION ( 'NONE',  ( 1.000000000000000000, -0.0000000000000000000, 0.0000000000000000000 ) ) ;
#4056 = STYLED_ITEM ( 'NONE', ( #247 ), #1084 ) ;
#4057 = SURFACE_STYLE_USAGE ( .BOTH. , #2159 ) ;
#4058 = CARTESIAN_POINT ( 'NONE',  ( 0.0000000000000000000, 0.2500000000000000000, -0.6999999999999999556 ) ) ;
#4059 = DIRECTION ( 'NONE',  ( 0.0000000000000000000, 1.000000000000000000, -0.0000000000000000000 ) ) ;
#4060 = AXIS2_PLACEMENT_3D ( 'NONE', #519, #918, #1629 ) ;
#4061 = DIRECTION ( 'NONE',  ( -0.0000000000000000000, -1.000000000000000000, 0.0000000000000000000 ) ) ;
#4062 = ADVANCED_FACE ( 'NONE', ( #4203 ), #4929, .T. ) ;
#4063 = EDGE_LOOP ( 'NONE', ( #1213, #890, #4121, #523 ) ) ;
#4064 = DIRECTION ( 'NONE',  ( 0.0000000000000000000, -0.0000000000000000000, 1.000000000000000000 ) ) ;
#4065 = DIRECTION ( 'NONE',  ( -0.0000000000000000000, -0.0000000000000000000, 1.000000000000000000 ) ) ;
#4066 = VECTOR ( 'NONE', #26, 1000.000000000000000 ) ;
#4067 = VERTEX_POINT ( 'NONE', #4590 ) ;
#4068 = VECTOR ( 'NONE', #1759, 1000.000000000000000 ) ;
#4069 = VECTOR ( 'NONE', #3054, 1000.000000000000000 ) ;
#4070 = DIRECTION ( 'NONE',  ( -0.0000000000000000000, -0.0000000000000000000, -1.000000000000000000 ) ) ;
#4071 = VECTOR ( 'NONE', #674, 1000.000000000000000 ) ;
#4072 =( GEOMETRIC_REPRESENTATION_CONTEXT ( 3 ) GLOBAL_UNCERTAINTY_ASSIGNED_CONTEXT ( ( #420 ) ) GLOBAL_UNIT_ASSIGNED_CONTEXT ( ( #2708, #3049, #41 ) ) REPRESENTATION_CONTEXT ( 'NONE', 'WORKASPACE' ) );
#4073 = VERTEX_POINT ( 'NONE', #4183 ) ;
#4074 =( LENGTH_UNIT ( ) NAMED_UNIT ( * ) SI_UNIT ( .MILLI., .METRE. ) );
#4075 = AXIS2_PLACEMENT_3D ( 'NONE', #2870, #4418, #4064 ) ;
#4076 = LINE ( 'NONE', #1825, #996 ) ;
#4077 = DIRECTION ( 'NONE',  ( 1.000000000000000000, 0.0000000000000000000, -0.0000000000000000000 ) ) ;
#4078 = EDGE_CURVE ( 'NONE', #3709, #3685, #3419, .T. ) ;
#4080 = ORIENTED_EDGE ( 'NONE', *, *, #115, .F. ) ;
#4079 = VECTOR ( 'NONE', #1919, 1000.000000000000000 ) ;
#4081 = CARTESIAN_POINT ( 'NONE',  ( -0.8000000000000000444, 0.5500000000000000444, 1.000000000000000000 ) ) ;
#4082 = ORIENTED_EDGE ( 'NONE', *, *, #3341, .T. ) ;
#4083 = CARTESIAN_POINT ( 'NONE',  ( 1.550000000000000266, 0.0000000000000000000, 0.9000000000000001332 ) ) ;
#4084 = DIRECTION ( 'NONE',  ( 0.0000000000000000000, 0.0000000000000000000, -1.000000000000000000 ) ) ;
#4085 =( NAMED_UNIT ( * ) PLANE_ANGLE_UNIT ( ) SI_UNIT ( $, .RADIAN. ) );
#4086 = EDGE_CURVE ( 'NONE', #4659, #3665, #1137, .T. ) ;
#4087 = CARTESIAN_POINT ( 'NONE',  ( 0.5000000000000000000, 0.0000000000000000000, 1.550000000000000266 ) ) ;
#4088 = DIRECTION ( 'NONE',  ( 0.0000000000000000000, 0.0000000000000000000, 1.000000000000000000 ) ) ;
#4089 = ADVANCED_FACE ( 'NONE', ( #410 ), #2249, .T. ) ;
#4090 = LINE ( 'NONE', #1068, #4450 ) ;
#4091 = EDGE_LOOP ( 'NONE', ( #2896, #2574, #4750, #2178 ) ) ;
#4092 = CARTESIAN_POINT ( 'NONE',  ( -1.500000000000000000, 0.2500000000000000000, -0.9000000000000001332 ) ) ;
#4093 = VECTOR ( 'NONE', #4461, 1000.000000000000000 ) ;
#4094 = CARTESIAN_POINT ( 'NONE',  ( -1.500000000000000000, 0.2500000000000000000, -0.6999999999999999556 ) ) ;
#4095 = EDGE_CURVE ( 'NONE', #4123, #3849, #3061, .T. ) ;
#4096 = ORIENTED_EDGE ( 'NONE', *, *, #1623, .F. ) ;
#4097 = ORIENTED_EDGE ( 'NONE', *, *, #2093, .F. ) ;
#4098 = PLANE ( 'NONE',  #602 ) ;
#4099 = LINE ( 'NONE', #2171, #3009 ) ;
#4100 = ORIENTED_EDGE ( 'NONE', *, *, #993, .T. ) ;
#4101 = EDGE_LOOP ( 'NONE', ( #4340, #2329, #1413, #4177 ) ) ;
#4102 = DIRECTION ( 'NONE',  ( 1.000000000000000000, 0.0000000000000000000, -0.0000000000000000000 ) ) ;
#4103 = CARTESIAN_POINT ( 'NONE',  ( -0.9000000000000001332, 0.0000000000000000000, 0.0000000000000000000 ) ) ;
#4104 = LINE ( 'NONE', #4031, #1811 ) ;
#4105 = EDGE_LOOP ( 'NONE', ( #1037, #2820, #4761, #1236 ) ) ;
#4106 = CARTESIAN_POINT ( 'NONE',  ( -0.4000000000000007438, 0.5499999999999999334, 0.7999999999999998224 ) ) ;
#4107 = DIRECTION ( 'NONE',  ( 0.0000000000000000000, -0.0000000000000000000, 1.000000000000000000 ) ) ;
#4108 = EDGE_CURVE ( 'NONE', #797, #4659, #3798, .T. ) ;
#4109 = PRODUCT_DEFINITION ( 'UNKNOWN', '', #3449, #2310 ) ;
#4110 = LINE ( 'NONE', #3298, #4068 ) ;
#4111 = CARTESIAN_POINT ( 'NONE',  ( -1.500000000000000000, 0.2500000000000000000, 0.2999999999999999889 ) ) ;
#4112 = ORIENTED_EDGE ( 'NONE', *, *, #151, .T. ) ;
#4113 = FACE_OUTER_BOUND ( 'NONE', #2180, .T. ) ;
#4114 = EDGE_CURVE ( 'NONE', #4586, #4943, #4226, .T. ) ;
#4115 = CARTESIAN_POINT ( 'NONE',  ( 1.550000000000000266, 0.2500000000000000000, 0.9000000000000001332 ) ) ;
#4116 = VERTEX_POINT ( 'NONE', #387 ) ;
#4117 = ORIENTED_EDGE ( 'NONE', *, *, #1824, .T. ) ;
#4118 = ORIENTED_EDGE ( 'NONE', *, *, #4242, .F. ) ;
#4119 = DIRECTION ( 'NONE',  ( 0.0000000000000000000, -0.0000000000000000000, 1.000000000000000000 ) ) ;
#4120 = DIRECTION ( 'NONE',  ( 1.000000000000000000, -0.0000000000000000000, 0.0000000000000000000 ) ) ;
#4121 = ORIENTED_EDGE ( 'NONE', *, *, #1380, .F. ) ;
#4122 = PRESENTATION_STYLE_ASSIGNMENT (( #272 ) ) ;
#4123 = VERTEX_POINT ( 'NONE', #1908 ) ;
#4124 = SURFACE_SIDE_STYLE ('',( #1749 ) ) ;
#4125 = FACE_OUTER_BOUND ( 'NONE', #153, .T. ) ;
#4126 = ADVANCED_FACE ( 'NONE', ( #3876 ), #1948, .T. ) ;
#4127 = FACE_OUTER_BOUND ( 'NONE', #256, .T. ) ;
#4128 = CARTESIAN_POINT ( 'NONE',  ( -0.9000000000000001332, 0.04999999999999999584, -1.500000000000000000 ) ) ;
#4129 = FACE_OUTER_BOUND ( 'NONE', #477, .T. ) ;
#4130 = VERTEX_POINT ( 'NONE', #4324 ) ;
#4131 = DIRECTION ( 'NONE',  ( 0.0000000000000000000, -0.0000000000000000000, 1.000000000000000000 ) ) ;
#4132 = CARTESIAN_POINT ( 'NONE',  ( 1.500000000000000000, 0.0000000000000000000, 0.9000000000000001332 ) ) ;
#4133 = DIRECTION ( 'NONE',  ( 1.000000000000000000, 0.0000000000000000000, -0.0000000000000000000 ) ) ;
#4134 = VECTOR ( 'NONE', #206, 1000.000000000000000 ) ;
#4135 = EDGE_CURVE ( 'NONE', #2816, #508, #2361, .T. ) ;
#4136 = DIRECTION ( 'NONE',  ( 1.000000000000000000, -0.0000000000000000000, 0.0000000000000000000 ) ) ;
#4137 = ORIENTED_EDGE ( 'NONE', *, *, #3558, .F. ) ;
#4138 = DIRECTION ( 'NONE',  ( 0.0000000000000000000, 0.0000000000000000000, 1.000000000000000000 ) ) ;
#4139 =( NAMED_UNIT ( * ) PLANE_ANGLE_UNIT ( ) SI_UNIT ( $, .RADIAN. ) );
#4140 = VECTOR ( 'NONE', #4798, 1000.000000000000000 ) ;
#4141 = ORIENTED_EDGE ( 'NONE', *, *, #601, .F. ) ;
#4142 = EDGE_CURVE ( 'NONE', #1375, #2124, #503, .T. ) ;
#4143 = EDGE_LOOP ( 'NONE', ( #4221, #2954, #446, #1551 ) ) ;
#4144 = VECTOR ( 'NONE', #232, 1000.000000000000000 ) ;
#4145 =( NAMED_UNIT ( * ) SI_UNIT ( $, .STERADIAN. ) SOLID_ANGLE_UNIT ( ) );
#4146 = CARTESIAN_POINT ( 'NONE',  ( -0.2999999999999999889, 0.04999999999999999584, 1.500000000000000000 ) ) ;
#4147 = ORIENTED_EDGE ( 'NONE', *, *, #3383, .F. ) ;
#4148 =( NAMED_UNIT ( * ) PLANE_ANGLE_UNIT ( ) SI_UNIT ( $, .RADIAN. ) );
#4149 = EDGE_CURVE ( 'NONE', #1462, #1251, #3901, .T. ) ;
#4150 = VECTOR ( 'NONE', #479, 1000.000000000000000 ) ;
#4151 = ORIENTED_EDGE ( 'NONE', *, *, #308, .T. ) ;
#4152 = DIRECTION ( 'NONE',  ( 1.000000000000000000, -0.0000000000000000000, 0.0000000000000000000 ) ) ;
#4153 = LINE ( 'NONE', #3744, #3156 ) ;
#4154 = DIRECTION ( 'NONE',  ( 0.0000000000000000000, -1.000000000000000000, -0.0000000000000000000 ) ) ;
#4155 = VECTOR ( 'NONE', #4825, 1000.000000000000000 ) ;
#4156 = DIRECTION ( 'NONE',  ( 0.0000000000000000000, -1.000000000000000000, -0.0000000000000000000 ) ) ;
#4157 = EDGE_CURVE ( 'NONE', #1841, #1535, #4313, .T. ) ;
#4158 = EDGE_LOOP ( 'NONE', ( #1034, #4566, #2960, #3160, #3788, #4745 ) ) ;
#4159 = CARTESIAN_POINT ( 'NONE',  ( -0.3414213562373094590, 0.5499999999999997113, 0.7707106781186542355 ) ) ;
#4160 = COLOUR_RGB ( '',0.7529411764705882248, 0.7529411764705882248, 0.7529411764705882248 ) ;
#4161 = AXIS2_PLACEMENT_3D ( 'NONE', #4816, #4412, #2469 ) ;
#4162 = CARTESIAN_POINT ( 'NONE',  ( -0.6999999999999999556, 0.0000000000000000000, 1.550000000000000266 ) ) ;
#4163 = DIRECTION ( 'NONE',  ( -1.000000000000000000, 0.0000000000000000000, -0.0000000000000000000 ) ) ;
#4164 = VECTOR ( 'NONE', #1603, 1000.000000000000000 ) ;
#4165 = CARTESIAN_POINT ( 'NONE',  ( -1.050000000000000044, 0.0000000000000000000, 0.1000000000000000056 ) ) ;
#4166 = SURFACE_SIDE_STYLE ('',( #682 ) ) ;
#4167 = DIRECTION ( 'NONE',  ( -0.0000000000000000000, -1.000000000000000000, 0.0000000000000000000 ) ) ;
#4168 = VERTEX_POINT ( 'NONE', #2742 ) ;
#4169 = LINE ( 'NONE', #739, #3756 ) ;
#4170 = PLANE ( 'NONE',  #3264 ) ;
#4171 = ORIENTED_EDGE ( 'NONE', *, *, #733, .T. ) ;
#4172 = CARTESIAN_POINT ( 'NONE',  ( -1.000218531980501480, 0.5500000000000000444, 1.027019208338957990 ) ) ;
#4173 = DIRECTION ( 'NONE',  ( -0.0000000000000000000, -0.0000000000000000000, 1.000000000000000000 ) ) ;
#4174 = EDGE_CURVE ( 'NONE', #1917, #2220, #849, .T. ) ;
#4175 = COLOUR_RGB ( '',0.7529411764705882248, 0.7529411764705882248, 0.7529411764705882248 ) ;
#4176 = VERTEX_POINT ( 'NONE', #3928 ) ;
#4177 = ORIENTED_EDGE ( 'NONE', *, *, #1861, .F. ) ;
#4178 = DIRECTION ( 'NONE',  ( -0.0000000000000000000, -0.0000000000000000000, 1.000000000000000000 ) ) ;
#4179 = FACE_OUTER_BOUND ( 'NONE', #3281, .T. ) ;
#4180 = DIRECTION ( 'NONE',  ( 1.000000000000000000, 0.0000000000000000000, -0.0000000000000000000 ) ) ;
#4181 = EDGE_CURVE ( 'NONE', #4116, #3856, #158, .T. ) ;
#4182 = EDGE_CURVE ( 'NONE', #4804, #2915, #2337, .T. ) ;
#4183 = CARTESIAN_POINT ( 'NONE',  ( -0.6999999999999999556, 0.04999999999999999584, 1.500000000000000000 ) ) ;
#4184 = ORIENTED_EDGE ( 'NONE', *, *, #1223, .T. ) ;
#4185 = LINE ( 'NONE', #1204, #3482 ) ;
#4186 = CARTESIAN_POINT ( 'NONE',  ( -0.6247499333768480323, 0.5499999999999999334, 1.101230729072483205 ) ) ;
#4187 = EDGE_CURVE ( 'NONE', #3707, #2205, #3542, .T. ) ;
#4188 = DIRECTION ( 'NONE',  ( -1.000000000000000000, 0.0000000000000000000, -0.0000000000000000000 ) ) ;
#4189 = LINE ( 'NONE', #4648, #3360 ) ;
#4190 = LINE ( 'NONE', #3020, #2828 ) ;
#4191 = ORIENTED_EDGE ( 'NONE', *, *, #1596, .T. ) ;
#4192 = DIRECTION ( 'NONE',  ( -1.000000000000000000, -0.0000000000000000000, -0.0000000000000000000 ) ) ;
#4193 = CARTESIAN_POINT ( 'NONE',  ( -1.500000000000000000, 0.2500000000000000000, -0.5000000000000000000 ) ) ;
#4194 = VERTEX_POINT ( 'NONE', #2720 ) ;
#4195 = EDGE_LOOP ( 'NONE', ( #633, #3437, #626, #2885 ) ) ;
#4196 = ORIENTED_EDGE ( 'NONE', *, *, #521, .F. ) ;
#4197 = EDGE_LOOP ( 'NONE', ( #930, #2283, #2147, #4970 ) ) ;
#4198 = ORIENTED_EDGE ( 'NONE', *, *, #3873, .F. ) ;
#4199 = EDGE_CURVE ( 'NONE', #1101, #1588, #2022, .T. ) ;
#4200 = LINE ( 'NONE', #3943, #2217 ) ;
#4201 = DIRECTION ( 'NONE',  ( -0.0000000000000000000, -0.0000000000000000000, 1.000000000000000000 ) ) ;
#4202 = CARTESIAN_POINT ( 'NONE',  ( 0.1000000000000000056, 0.0000000000000000000, -1.500000000000000000 ) ) ;
#4203 = FACE_OUTER_BOUND ( 'NONE', #199, .T. ) ;
#4204 = VERTEX_POINT ( 'NONE', #3153 ) ;
#4205 = CARTESIAN_POINT ( 'NONE',  ( 0.0000000000000000000, 0.0000000000000000000, 0.6999999999999999556 ) ) ;
#4206 = ADVANCED_FACE ( 'NONE', ( #4664 ), #3518, .F. ) ;
#4207 = CARTESIAN_POINT ( 'NONE',  ( -1.550000000000000266, 0.2500000000000000000, -0.6999999999999999556 ) ) ;
#4208 = DIRECTION ( 'NONE',  ( -0.0000000000000000000, -0.0000000000000000000, 1.000000000000000000 ) ) ;
#4209 = DIRECTION ( 'NONE',  ( 0.0000000000000000000, 0.0000000000000000000, -1.000000000000000000 ) ) ;
#4210 = DIRECTION ( 'NONE',  ( -1.000000000000000000, -0.0000000000000000000, 0.0000000000000000000 ) ) ;
#4211 = ORIENTED_EDGE ( 'NONE', *, *, #2130, .F. ) ;
#4212 = LINE ( 'NONE', #3883, #4305 ) ;
#4213 = VECTOR ( 'NONE', #4061, 1000.000000000000000 ) ;
#4214 = DIRECTION ( 'NONE',  ( 1.000000000000000000, 0.0000000000000000000, -0.0000000000000000000 ) ) ;
#4215 = AXIS2_PLACEMENT_3D ( 'NONE', #3641, #4710, #4735 ) ;
#4216 = VERTEX_POINT ( 'NONE', #2408 ) ;
#4217 = CARTESIAN_POINT ( 'NONE',  ( 1.550000000000000266, 0.0000000000000000000, -0.2999999999999999889 ) ) ;
#4218 = LINE ( 'NONE', #1554, #4069 ) ;
#4219 = VECTOR ( 'NONE', #624, 1000.000000000000000 ) ;
#4220 = ORIENTED_EDGE ( 'NONE', *, *, #3590, .T. ) ;
#4221 = ORIENTED_EDGE ( 'NONE', *, *, #1129, .T. ) ;
#4222 = VECTOR ( 'NONE', #2734, 1000.000000000000000 ) ;
#4223 = CARTESIAN_POINT ( 'NONE',  ( 0.6999999999999999556, 0.0000000000000000000, 1.500000000000000000 ) ) ;
#4224 = CARTESIAN_POINT ( 'NONE',  ( 1.550000000000000266, 0.2500000000000000000, 0.2999999999999999889 ) ) ;
#4225 = VECTOR ( 'NONE', #4154, 1000.000000000000000 ) ;
#4226 = LINE ( 'NONE', #3081, #544 ) ;
#4227 = EDGE_LOOP ( 'NONE', ( #4591, #3776, #2808, #68, #2517, #1079 ) ) ;
#4228 = AXIS2_PLACEMENT_3D ( 'NONE', #1231, #1941, #4308 ) ;
#4229 = VECTOR ( 'NONE', #4173, 1000.000000000000000 ) ;
#4230 = PLANE ( 'NONE',  #2499 ) ;
#4231 = DIRECTION ( 'NONE',  ( 0.0000000000000000000, 1.000000000000000000, -0.0000000000000000000 ) ) ;
#4232 = AXIS2_PLACEMENT_3D ( 'NONE', #4760, #1297, #2832 ) ;
#4233 =( GEOMETRIC_REPRESENTATION_CONTEXT ( 3 ) GLOBAL_UNCERTAINTY_ASSIGNED_CONTEXT ( ( #369 ) ) GLOBAL_UNIT_ASSIGNED_CONTEXT ( ( #1803, #2910, #2888 ) ) REPRESENTATION_CONTEXT ( 'NONE', 'WORKASPACE' ) );
#4234 = DIRECTION ( 'NONE',  ( -0.0000000000000000000, -0.0000000000000000000, -1.000000000000000000 ) ) ;
#4235 = EDGE_CURVE ( 'NONE', #4548, #3439, #2773, .T. ) ;
#4236 = CARTESIAN_POINT ( 'NONE',  ( -0.6999999999999999556, 0.05000000000000000278, 0.0000000000000000000 ) ) ;
#4237 = LINE ( 'NONE', #1119, #3478 ) ;
#4238 = ORIENTED_EDGE ( 'NONE', *, *, #3723, .T. ) ;
#4239 = CARTESIAN_POINT ( 'NONE',  ( 0.6999999999999999556, 0.2500000000000000000, -1.550000000000000266 ) ) ;
#4240 = VECTOR ( 'NONE', #3614, 1000.000000000000000 ) ;
#4241 = UNCERTAINTY_MEASURE_WITH_UNIT (LENGTH_MEASURE( 1.000000000000000082E-05 ), #2966, 'distance_accuracy_value', 'NONE');
#4242 = EDGE_CURVE ( 'NONE', #3369, #1681, #1589, .T. ) ;
#4243 = DIRECTION ( 'NONE',  ( -0.0000000000000000000, -1.000000000000000000, 0.0000000000000000000 ) ) ;
#4244 = EDGE_CURVE ( 'NONE', #1875, #2114, #3208, .T. ) ;
#4245 = ORIENTED_EDGE ( 'NONE', *, *, #4495, .T. ) ;
#4246 = DIRECTION ( 'NONE',  ( 0.0000000000000000000, 0.0000000000000000000, 1.000000000000000000 ) ) ;
#4247 = ORIENTED_EDGE ( 'NONE', *, *, #1043, .F. ) ;
#4248 = PLANE ( 'NONE',  #122 ) ;
#4249 = MECHANICAL_DESIGN_GEOMETRIC_PRESENTATION_REPRESENTATION (  '', ( #478 ), #1745 ) ;
#4250 = LINE ( 'NONE', #777, #1317 ) ;
#4251 = EDGE_CURVE ( 'NONE', #4194, #3707, #3129, .T. ) ;
#4252 = MANIFOLD_SOLID_BREP ( 'Pin12', #1299 ) ;
#4253 = CARTESIAN_POINT ( 'NONE',  ( 0.2999999999999999889, 0.05000000000000000278, -1.500000000000000000 ) ) ;
#4254 = ORIENTED_EDGE ( 'NONE', *, *, #4806, .T. ) ;
#4255 = DIRECTION ( 'NONE',  ( -0.0000000000000000000, -0.0000000000000000000, -1.000000000000000000 ) ) ;
#4256 = LINE ( 'NONE', #2302, #3162 ) ;
#4257 = DIRECTION ( 'NONE',  ( 1.000000000000000000, -0.0000000000000000000, 0.0000000000000000000 ) ) ;
#4258 = CARTESIAN_POINT ( 'NONE',  ( -0.1000000000000000056, 0.05000000000000000278, -1.500000000000000000 ) ) ;
#4259 = ADVANCED_FACE ( 'NONE', ( #2484 ), #824, .T. ) ;
#4260 = ORIENTED_EDGE ( 'NONE', *, *, #2554, .F. ) ;
#4261 = DIRECTION ( 'NONE',  ( 1.000000000000000000, 0.0000000000000000000, -0.0000000000000000000 ) ) ;
#4262 = FACE_OUTER_BOUND ( 'NONE', #447, .T. ) ;
#4263 = EDGE_CURVE ( 'NONE', #2290, #3774, #203, .T. ) ;
#4264 = ORIENTED_EDGE ( 'NONE', *, *, #1406, .T. ) ;
#4265 = LINE ( 'NONE', #2313, #3327 ) ;
#4266 = MANIFOLD_SOLID_BREP ( 'Pin14', #3719 ) ;
#4267 = CARTESIAN_POINT ( 'NONE',  ( -1.050000000000000044, 0.05000000000000000278, -0.6999999999999999556 ) ) ;
#4268 = VERTEX_POINT ( 'NONE', #4779 ) ;
#4269 = ORIENTED_EDGE ( 'NONE', *, *, #4755, .T. ) ;
#4270 = ADVANCED_FACE ( 'NONE', ( #1339 ), #2877, .T. ) ;
#4271 = DIRECTION ( 'NONE',  ( -0.0000000000000000000, 0.0000000000000000000, -1.000000000000000000 ) ) ;
#4272 = DIRECTION ( 'NONE',  ( -0.0000000000000000000, -1.000000000000000000, -0.0000000000000000000 ) ) ;
#4273 = VERTEX_POINT ( 'NONE', #4851 ) ;
#4274 = CARTESIAN_POINT ( 'NONE',  ( 1.500000000000000000, 0.2500000000000000000, -0.6999999999999999556 ) ) ;
#4275 = EDGE_CURVE ( 'NONE', #346, #3749, #4827, .T. ) ;
#4276 = PLANE ( 'NONE',  #371 ) ;
#4277 = CARTESIAN_POINT ( 'NONE',  ( 1.500000000000000000, 0.5999999999999999778, 1.500000000000000000 ) ) ;
#4278 = ORIENTED_EDGE ( 'NONE', *, *, #4549, .T. ) ;
#4279 = DIRECTION ( 'NONE',  ( 1.000000000000000000, -0.0000000000000000000, 0.0000000000000000000 ) ) ;
#4280 = FACE_OUTER_BOUND ( 'NONE', #2781, .T. ) ;
#4281 = CLOSED_SHELL ( 'NONE', ( #3393, #1628, #926, #3031, #885, #1214, #2967, #4062 ) ) ;
#4282 = ADVANCED_FACE ( 'NONE', ( #2900 ), #4447, .F. ) ;
#4283 = CARTESIAN_POINT ( 'NONE',  ( 0.1000000000000000056, 0.05000000000000000278, 0.0000000000000000000 ) ) ;
#4284 = ORIENTED_EDGE ( 'NONE', *, *, #4646, .T. ) ;
#4285 = VECTOR ( 'NONE', #1699, 1000.000000000000000 ) ;
#4286 = ORIENTED_EDGE ( 'NONE', *, *, #4922, .F. ) ;
#4287 = LINE ( 'NONE', #2379, #4547 ) ;
#4288 = MANIFOLD_SOLID_BREP ( 'Pin3', #2491 ) ;
#4289 = DIRECTION ( 'NONE',  ( -0.0000000000000000000, -0.0000000000000000000, 1.000000000000000000 ) ) ;
#4290 = EDGE_CURVE ( 'NONE', #1508, #1363, #4694, .T. ) ;
#4291 = VECTOR ( 'NONE', #2200, 1000.000000000000000 ) ;
#4292 = ORIENTED_EDGE ( 'NONE', *, *, #1192, .T. ) ;
#4293 = ORIENTED_EDGE ( 'NONE', *, *, #4275, .T. ) ;
#4294 = CARTESIAN_POINT ( 'NONE',  ( -0.2999999999999999889, 0.0000000000000000000, 1.050000000000000044 ) ) ;
#4295 = LINE ( 'NONE', #49, #2431 ) ;
#4296 = VECTOR ( 'NONE', #1865, 1000.000000000000000 ) ;
#4297 = VERTEX_POINT ( 'NONE', #1461 ) ;
#4298 = CARTESIAN_POINT ( 'NONE',  ( -1.550000000000000266, 0.0000000000000000000, -0.6999999999999999556 ) ) ;
#4299 = CARTESIAN_POINT ( 'NONE',  ( -0.6999999999999999556, 0.05000000000000000278, 1.500000000000000000 ) ) ;
#4300 = VECTOR ( 'NONE', #200, 1000.000000000000000 ) ;
#4301 = EDGE_CURVE ( 'NONE', #2505, #529, #4609, .T. ) ;
#4302 = PLANE ( 'NONE',  #1017 ) ;
#4303 = EDGE_LOOP ( 'NONE', ( #3909, #1334, #2578, #2791 ) ) ;
#4304 = PLANE ( 'NONE',  #3 ) ;
#4305 = VECTOR ( 'NONE', #4624, 1000.000000000000000 ) ;
#4306 = VECTOR ( 'NONE', #4867, 1000.000000000000000 ) ;
#4307 = MANIFOLD_SOLID_BREP ( 'Pin2', #3885 ) ;
#4308 = DIRECTION ( 'NONE',  ( 0.0000000000000000000, -0.0000000000000000000, 1.000000000000000000 ) ) ;
#4309 = VECTOR ( 'NONE', #260, 1000.000000000000000 ) ;
#4310 = DIRECTION ( 'NONE',  ( -0.0000000000000000000, -0.0000000000000000000, 1.000000000000000000 ) ) ;
#4311 = PRESENTATION_STYLE_ASSIGNMENT (( #2758 ) ) ;
#4312 = EDGE_LOOP ( 'NONE', ( #3390, #2854, #1294, #906, #4196, #1132 ) ) ;
#4313 = CIRCLE ( 'NONE', #780, 0.05000000000000002359 ) ;
#4314 = EDGE_LOOP ( 'NONE', ( #4118, #1940, #2640, #2212, #3191, #1846 ) ) ;
#4315 = DIRECTION ( 'NONE',  ( 1.000000000000000000, -0.0000000000000000000, 0.0000000000000000000 ) ) ;
#4316 = FACE_OUTER_BOUND ( 'NONE', #2163, .T. ) ;
#4317 = MANIFOLD_SOLID_BREP ( 'Pin5', #827 ) ;
#4318 = CARTESIAN_POINT ( 'NONE',  ( 1.500000000000000000, 0.05000000000000000278, -0.6999999999999999556 ) ) ;
#4319 = VERTEX_POINT ( 'NONE', #4358 ) ;
#4320 = ORIENTED_EDGE ( 'NONE', *, *, #3331, .F. ) ;
#4321 = EDGE_CURVE ( 'NONE', #897, #3769, #3818, .T. ) ;
#4322 = EDGE_CURVE ( 'NONE', #956, #1290, #1704, .T. ) ;
#4323 = VERTEX_POINT ( 'NONE', #3652 ) ;
#4324 = CARTESIAN_POINT ( 'NONE',  ( -1.050000000000000044, 0.0000000000000000000, 0.9000000000000001332 ) ) ;
#4325 = ORIENTED_EDGE ( 'NONE', *, *, #1840, .F. ) ;
#4326 = DIRECTION ( 'NONE',  ( -1.000000000000000000, -0.0000000000000000000, 0.0000000000000000000 ) ) ;
#4327 = VECTOR ( 'NONE', #3983, 1000.000000000000000 ) ;
#4328 = ADVANCED_FACE ( 'NONE', ( #3573 ), #2012, .F. ) ;
#4329 = CARTESIAN_POINT ( 'NONE',  ( -0.8000000000000002665, 0.5999999999999999778, 0.7500000000000001110 ) ) ;
#4330 = CARTESIAN_POINT ( 'NONE',  ( 1.050000000000000044, 0.05000000000000000278, 0.6999999999999999556 ) ) ;
#4331 = PRODUCT_RELATED_PRODUCT_CATEGORY ( 'part', '', ( #1896 ) ) ;
#4332 = VECTOR ( 'NONE', #3722, 1000.000000000000000 ) ;
#4333 = LINE ( 'NONE', #463, #4954 ) ;
#4334 = ORIENTED_EDGE ( 'NONE', *, *, #2508, .F. ) ;
#4335 = LINE ( 'NONE', #2104, #4327 ) ;
#4336 = CARTESIAN_POINT ( 'NONE',  ( -0.5000000000000000000, 0.2500000000000000000, 0.0000000000000000000 ) ) ;
#4337 = CARTESIAN_POINT ( 'NONE',  ( 0.5000000000000000000, 0.05000000000000000278, 1.050000000000000044 ) ) ;
#4338 = ORIENTED_EDGE ( 'NONE', *, *, #1827, .F. ) ;
#4339 = EDGE_CURVE ( 'NONE', #3215, #4448, #3273, .T. ) ;
#4340 = ORIENTED_EDGE ( 'NONE', *, *, #3189, .T. ) ;
#4341 = DIRECTION ( 'NONE',  ( -0.0000000000000000000, 1.000000000000000000, 0.0000000000000000000 ) ) ;
#4342 = LINE ( 'NONE', #3044, #4140 ) ;
#4343 = LINE ( 'NONE', #841, #2286 ) ;
#4344 = EDGE_LOOP ( 'NONE', ( #3537, #4866, #706, #1304 ) ) ;
#4345 = ORIENTED_EDGE ( 'NONE', *, *, #2653, .F. ) ;
#4346 = DIRECTION ( 'NONE',  ( 0.0000000000000000000, -0.0000000000000000000, 1.000000000000000000 ) ) ;
#4347 = VERTEX_POINT ( 'NONE', #2890 ) ;
#4348 = ORIENTED_EDGE ( 'NONE', *, *, #3034, .T. ) ;
#4349 = CARTESIAN_POINT ( 'NONE',  ( -1.050000000000000044, 0.05000000000000000278, 0.9000000000000001332 ) ) ;
#4350 = LINE ( 'NONE', #931, #833 ) ;
#4351 = CARTESIAN_POINT ( 'NONE',  ( 1.550000000000000266, 0.0000000000000000000, 0.5000000000000000000 ) ) ;
#4352 = ADVANCED_FACE ( 'NONE', ( #1622 ), #3166, .F. ) ;
#4353 = DIRECTION ( 'NONE',  ( 0.0000000000000000000, -0.0000000000000000000, 1.000000000000000000 ) ) ;
#4354 = LINE ( 'NONE', #4739, #2785 ) ;
#4355 = CARTESIAN_POINT ( 'NONE',  ( 1.050000000000000044, 0.05000000000000000278, 0.9000000000000001332 ) ) ;
#4356 = PLANE ( 'NONE',  #697 ) ;
#4357 = CARTESIAN_POINT ( 'NONE',  ( 1.500000000000000000, 0.0000000000000000000, -0.6999999999999999556 ) ) ;
#4358 = CARTESIAN_POINT ( 'NONE',  ( -0.1000000000000000056, 0.0000000000000000000, 1.050000000000000044 ) ) ;
#4359 = ORIENTED_EDGE ( 'NONE', *, *, #3065, .F. ) ;
#4360 = VERTEX_POINT ( 'NONE', #4744 ) ;
#4361 = CARTESIAN_POINT ( 'NONE',  ( 0.6999999999999999556, 0.0000000000000000000, 1.050000000000000044 ) ) ;
#4362 = DIRECTION ( 'NONE',  ( 0.0000000000000000000, 0.0000000000000000000, -1.000000000000000000 ) ) ;
#4363 = FACE_OUTER_BOUND ( 'NONE', #1999, .T. ) ;
#4364 = EDGE_CURVE ( 'NONE', #4347, #529, #2398, .T. ) ;
#4365 = ORIENTED_EDGE ( 'NONE', *, *, #3006, .F. ) ;
#4366 = VECTOR ( 'NONE', #2162, 1000.000000000000000 ) ;
#4367 = VERTEX_POINT ( 'NONE', #3960 ) ;
#4368 = DIRECTION ( 'NONE',  ( -0.0000000000000000000, 0.0000000000000000000, -1.000000000000000000 ) ) ;
#4369 = DIRECTION ( 'NONE',  ( 1.000000000000000000, 0.0000000000000000000, -0.0000000000000000000 ) ) ;
#4370 = VECTOR ( 'NONE', #4936, 1000.000000000000000 ) ;
#4371 = MANIFOLD_SOLID_BREP ( 'Pin4', #1455 ) ;
#4372 = ORIENTED_EDGE ( 'NONE', *, *, #1343, .T. ) ;
#4373 = CARTESIAN_POINT ( 'NONE',  ( 0.9000000000000001332, 0.0000000000000000000, 1.500000000000000000 ) ) ;
#4374 = EDGE_LOOP ( 'NONE', ( #607, #2409, #1517, #176, #3889, #3407 ) ) ;
#4375 = VECTOR ( 'NONE', #2563, 1000.000000000000000 ) ;
#4376 = DIRECTION ( 'NONE',  ( -0.0000000000000000000, -1.000000000000000000, -0.0000000000000000000 ) ) ;
#4377 = CARTESIAN_POINT ( 'NONE',  ( -0.6999999999999999556, 0.2500000000000000000, 1.550000000000000266 ) ) ;
#4378 = MECHANICAL_DESIGN_GEOMETRIC_PRESENTATION_REPRESENTATION (  '', ( #1086 ), #3650 ) ;
#4379 = LINE ( 'NONE', #1983, #1481 ) ;
#4380 = EDGE_LOOP ( 'NONE', ( #2732, #788, #1021, #352 ) ) ;
#4381 = CARTESIAN_POINT ( 'NONE',  ( -1.500000000000000000, 0.05000000000000001665, -1.500000000000000000 ) ) ;
#4382 = MANIFOLD_SOLID_BREP ( 'Pin11', #2105 ) ;
#4383 = VECTOR ( 'NONE', #709, 1000.000000000000000 ) ;
#4384 = CARTESIAN_POINT ( 'NONE',  ( -0.6999999999999999556, 0.0000000000000000000, 1.500000000000000000 ) ) ;
#4385 = FILL_AREA_STYLE ('',( #3219 ) ) ;
#4386 = AXIS2_PLACEMENT_3D ( 'NONE', #2932, #2513, #4077 ) ;
#4387 = CARTESIAN_POINT ( 'NONE',  ( 0.6999999999999999556, 0.2500000000000000000, -1.500000000000000000 ) ) ;
#4388 = SURFACE_STYLE_FILL_AREA ( #143 ) ;
#4389 = VERTEX_POINT ( 'NONE', #2236 ) ;
#4390 = ORIENTED_EDGE ( 'NONE', *, *, #3085, .T. ) ;
#4391 = PLANE ( 'NONE',  #622 ) ;
#4392 = VECTOR ( 'NONE', #2965, 1000.000000000000000 ) ;
#4393 = EDGE_CURVE ( 'NONE', #3126, #4525, #638, .T. ) ;
#4394 = AXIS2_PLACEMENT_3D ( 'NONE', #3513, #350, #1217 ) ;
#4395 = DIRECTION ( 'NONE',  ( -1.000000000000000000, -0.0000000000000000000, 0.0000000000000000000 ) ) ;
#4396 = DIRECTION ( 'NONE',  ( 0.0000000000000000000, 0.0000000000000000000, -1.000000000000000000 ) ) ;
#4397 = VERTEX_POINT ( 'NONE', #317 ) ;
#4398 = COLOUR_RGB ( '',0.7529411764705882248, 0.7529411764705882248, 0.7529411764705882248 ) ;
#4399 = VERTEX_POINT ( 'NONE', #341 ) ;
#4400 = DIRECTION ( 'NONE',  ( 1.000000000000000000, -0.0000000000000000000, 0.0000000000000000000 ) ) ;
#4401 = DIRECTION ( 'NONE',  ( 0.0000000000000000000, 0.0000000000000000000, 1.000000000000000000 ) ) ;
#4402 = VECTOR ( 'NONE', #263, 1000.000000000000000 ) ;
#4403 = ORIENTED_EDGE ( 'NONE', *, *, #2477, .F. ) ;
#4404 = CARTESIAN_POINT ( 'NONE',  ( -0.6999999999999999556, 0.05000000000000000278, 1.050000000000000044 ) ) ;
#4405 = PLANE ( 'NONE',  #4215 ) ;
#4406 = LINE ( 'NONE', #185, #605 ) ;
#4407 = DIRECTION ( 'NONE',  ( 0.0000000000000000000, 1.000000000000000000, -0.0000000000000000000 ) ) ;
#4408 = VERTEX_POINT ( 'NONE', #1856 ) ;
#4409 = CARTESIAN_POINT ( 'NONE',  ( -0.2999999999999999889, 0.2500000000000000000, 1.500000000000000000 ) ) ;
#4410 = DIRECTION ( 'NONE',  ( 1.000000000000000000, -0.0000000000000000000, 0.0000000000000000000 ) ) ;
#4411 = VECTOR ( 'NONE', #4088, 1000.000000000000000 ) ;
#4412 = DIRECTION ( 'NONE',  ( 0.0000000000000000000, 1.000000000000000000, 0.0000000000000000000 ) ) ;
#4413 = DIRECTION ( 'NONE',  ( -0.0000000000000000000, -0.0000000000000000000, -1.000000000000000000 ) ) ;
#4414 = ADVANCED_FACE ( 'NONE', ( #1045 ), #2991, .T. ) ;
#4415 = VECTOR ( 'NONE', #2393, 1000.000000000000000 ) ;
#4416 = VERTEX_POINT ( 'NONE', #1472 ) ;
#4417 = VERTEX_POINT ( 'NONE', #3319 ) ;
#4418 = DIRECTION ( 'NONE',  ( 0.0000000000000000000, 1.000000000000000000, 0.0000000000000000000 ) ) ;
#4419 = LINE ( 'NONE', #966, #2503 ) ;
#4420 = LINE ( 'NONE', #4822, #56 ) ;
#4421 = EDGE_LOOP ( 'NONE', ( #3633, #217, #3645, #249 ) ) ;
#4422 = ADVANCED_FACE ( 'NONE', ( #2571 ), #4863, .T. ) ;
#4423 = ORIENTED_EDGE ( 'NONE', *, *, #1770, .F. ) ;
#4424 = LINE ( 'NONE', #1024, #762 ) ;
#4425 = DIRECTION ( 'NONE',  ( -1.000000000000000000, 0.0000000000000000000, -0.0000000000000000000 ) ) ;
#4426 = ORIENTED_EDGE ( 'NONE', *, *, #4339, .T. ) ;
#4427 = FILL_AREA_STYLE_COLOUR ( '', #1730 ) ;
#4428 = EDGE_CURVE ( 'NONE', #4943, #3749, #2549, .T. ) ;
#4429 = ORIENTED_EDGE ( 'NONE', *, *, #728, .F. ) ;
#4430 = SURFACE_STYLE_USAGE ( .BOTH. , #3262 ) ;
#4431 = DIRECTION ( 'NONE',  ( -1.000000000000000000, 0.0000000000000000000, -0.0000000000000000000 ) ) ;
#4432 = FACE_OUTER_BOUND ( 'NONE', #312, .T. ) ;
#4433 =( NAMED_UNIT ( * ) PLANE_ANGLE_UNIT ( ) SI_UNIT ( $, .RADIAN. ) );
#4434 = EDGE_CURVE ( 'NONE', #1668, #83, #2525, .T. ) ;
#4435 = ORIENTED_EDGE ( 'NONE', *, *, #4672, .F. ) ;
#4436 = DIRECTION ( 'NONE',  ( -1.000000000000000000, 0.0000000000000000000, -0.0000000000000000000 ) ) ;
#4437 = FACE_OUTER_BOUND ( 'NONE', #4032, .T. ) ;
#4438 = PRESENTATION_STYLE_ASSIGNMENT (( #4460 ) ) ;
#4439 =( NAMED_UNIT ( * ) PLANE_ANGLE_UNIT ( ) SI_UNIT ( $, .RADIAN. ) );
#4440 = FACE_OUTER_BOUND ( 'NONE', #1891, .T. ) ;
#4441 = EDGE_LOOP ( 'NONE', ( #2715, #229, #3286, #2261 ) ) ;
#4442 = PLANE ( 'NONE',  #4075 ) ;
#4443 = DIRECTION ( 'NONE',  ( 1.000000000000000000, -0.0000000000000000000, 0.0000000000000000000 ) ) ;
#4444 = PLANE ( 'NONE',  #3657 ) ;
#4445 = CLOSED_SHELL ( 'NONE', ( #4702, #3182, #2874, #1482, #2587, #2449, #2731, #659, #3954 ) ) ;
#4446 = ORIENTED_EDGE ( 'NONE', *, *, #486, .F. ) ;
#4447 = PLANE ( 'NONE',  #1322 ) ;
#4448 = VERTEX_POINT ( 'NONE', #3726 ) ;
#4449 = DIRECTION ( 'NONE',  ( 0.0000000000000000000, 0.0000000000000000000, -1.000000000000000000 ) ) ;
#4450 = VECTOR ( 'NONE', #2572, 1000.000000000000000 ) ;
#4451 = DIRECTION ( 'NONE',  ( -0.0000000000000000000, -0.0000000000000000000, 1.000000000000000000 ) ) ;
#4452 = CARTESIAN_POINT ( 'NONE',  ( 1.500000000000000000, 0.04999999999999999584, -0.5000000000000000000 ) ) ;
#4453 = ADVANCED_FACE ( 'NONE', ( #2161 ), #287, .T. ) ;
#4454 = EDGE_LOOP ( 'NONE', ( #2064, #430, #348, #2198 ) ) ;
#4455 = CARTESIAN_POINT ( 'NONE',  ( -1.500000000000000000, 0.0000000000000000000, 0.6999999999999999556 ) ) ;
#4456 = VECTOR ( 'NONE', #1531, 1000.000000000000000 ) ;
#4457 = ORIENTED_EDGE ( 'NONE', *, *, #2520, .F. ) ;
#4458 = PLANE ( 'NONE',  #4665 ) ;
#4459 = CARTESIAN_POINT ( 'NONE',  ( 0.5000000000000000000, 0.0000000000000000000, 1.500000000000000000 ) ) ;
#4460 = SURFACE_STYLE_USAGE ( .BOTH. , #4838 ) ;
#4461 = DIRECTION ( 'NONE',  ( 0.0000000000000000000, -1.000000000000000000, -0.0000000000000000000 ) ) ;
#4462 = VECTOR ( 'NONE', #1853, 1000.000000000000000 ) ;
#4463 = CARTESIAN_POINT ( 'NONE',  ( 1.550000000000000266, 0.2500000000000000000, -0.6999999999999999556 ) ) ;
#4464 = VERTEX_POINT ( 'NONE', #465 ) ;
#4465 = FACE_OUTER_BOUND ( 'NONE', #881, .T. ) ;
#4466 = PRESENTATION_STYLE_ASSIGNMENT (( #2166 ) ) ;
#4467 = VECTOR ( 'NONE', #4588, 1000.000000000000000 ) ;
#4468 = ORIENTED_EDGE ( 'NONE', *, *, #878, .T. ) ;
#4469 = ORIENTED_EDGE ( 'NONE', *, *, #2994, .F. ) ;
#4470 = AXIS2_PLACEMENT_3D ( 'NONE', #3457, #422, #4214 ) ;
#4471 = VECTOR ( 'NONE', #4070, 1000.000000000000000 ) ;
#4472 = ORIENTED_EDGE ( 'NONE', *, *, #1051, .T. ) ;
#4473 = LINE ( 'NONE', #3767, #4471 ) ;
#4474 = VECTOR ( 'NONE', #2912, 1000.000000000000000 ) ;
#4475 = MECHANICAL_DESIGN_GEOMETRIC_PRESENTATION_REPRESENTATION (  '', ( #1643 ), #4233 ) ;
#4476 = EDGE_LOOP ( 'NONE', ( #3620, #3435, #406, #2721 ) ) ;
#4477 = SURFACE_STYLE_USAGE ( .BOTH. , #2534 ) ;
#4478 = EDGE_LOOP ( 'NONE', ( #960, #1707, #383, #4885 ) ) ;
#4479 = PRODUCT_CONTEXT ( 'NONE', #2934, 'mechanical' ) ;
#4480 = EDGE_CURVE ( 'NONE', #3585, #3685, #3880, .T. ) ;
#4481 = CARTESIAN_POINT ( 'NONE',  ( 0.9000000000000001332, 0.0000000000000000000, 0.0000000000000000000 ) ) ;
#4482 = VECTOR ( 'NONE', #4733, 1000.000000000000000 ) ;
#4483 = AXIS2_PLACEMENT_3D ( 'NONE', #4831, #1823, #3309 ) ;
#4484 = CARTESIAN_POINT ( 'NONE',  ( -0.1000000000000000056, 0.0000000000000000000, -1.050000000000000044 ) ) ;
#4485 = LINE ( 'NONE', #3772, #4789 ) ;
#4487 = ORIENTED_EDGE ( 'NONE', *, *, #2895, .T. ) ;
#4486 = VECTOR ( 'NONE', #1501, 1000.000000000000000 ) ;
#4488 = DIRECTION ( 'NONE',  ( 0.0000000000000000000, 1.000000000000000000, -0.0000000000000000000 ) ) ;
#4489 = DIRECTION ( 'NONE',  ( 1.000000000000000000, 0.0000000000000000000, -0.0000000000000000000 ) ) ;
#4490 = ADVANCED_FACE ( 'NONE', ( #787 ), #3525, .F. ) ;
#4491 = CARTESIAN_POINT ( 'NONE',  ( -0.6999999999999999556, 0.05000000000000000278, 0.0000000000000000000 ) ) ;
#4492 = PLANE ( 'NONE',  #4161 ) ;
#4493 = FACE_OUTER_BOUND ( 'NONE', #3974, .T. ) ;
#4494 =( NAMED_UNIT ( * ) PLANE_ANGLE_UNIT ( ) SI_UNIT ( $, .RADIAN. ) );
#4495 = EDGE_CURVE ( 'NONE', #826, #3531, #4189, .T. ) ;
#4496 = LINE ( 'NONE', #2140, #1302 ) ;
#4497 = EDGE_LOOP ( 'NONE', ( #2774, #4769, #4292, #1601, #2556, #1098 ) ) ;
#4498 = LINE ( 'NONE', #3022, #3436 ) ;
#4499 = MECHANICAL_DESIGN_GEOMETRIC_PRESENTATION_REPRESENTATION (  '', ( #2624 ), #1421 ) ;
#4500 = AXIS2_PLACEMENT_3D ( 'NONE', #3544, #4507, #2097 ) ;
#4501 = EDGE_CURVE ( 'NONE', #1903, #2153, #736, .T. ) ;
#4502 = DIRECTION ( 'NONE',  ( 0.0000000000000000000, 1.000000000000000000, 0.0000000000000000000 ) ) ;
#4503 = CARTESIAN_POINT ( 'NONE',  ( -0.2999999999999999889, 0.04999999999999999584, -1.500000000000000000 ) ) ;
#4504 = EDGE_LOOP ( 'NONE', ( #1484, #4823, #2479, #3656 ) ) ;
#4505 =( NAMED_UNIT ( * ) PLANE_ANGLE_UNIT ( ) SI_UNIT ( $, .RADIAN. ) );
#4506 = VERTEX_POINT ( 'NONE', #3805 ) ;
#4507 = DIRECTION ( 'NONE',  ( 0.0000000000000000000, 1.000000000000000000, 0.0000000000000000000 ) ) ;
#4508 = LINE ( 'NONE', #2176, #438 ) ;
#4509 = DIRECTION ( 'NONE',  ( 1.000000000000000000, -0.0000000000000000000, 0.0000000000000000000 ) ) ;
#4510 = EDGE_CURVE ( 'NONE', #1460, #3721, #364, .T. ) ;
#4511 = SURFACE_SIDE_STYLE ('',( #1035 ) ) ;
#4512 = EDGE_LOOP ( 'NONE', ( #1748, #4920, #4883, #3332 ) ) ;
#4513 = DIRECTION ( 'NONE',  ( 1.000000000000000000, 0.0000000000000000000, -0.0000000000000000000 ) ) ;
#4514 = LINE ( 'NONE', #4491, #915 ) ;
#4515 = CARTESIAN_POINT ( 'NONE',  ( -0.7455161853293007512, 0.5500000000000000444, 1.200000000000000400 ) ) ;
#4516 = EDGE_CURVE ( 'NONE', #4073, #12, #1498, .T. ) ;
#4517 = CARTESIAN_POINT ( 'NONE',  ( -1.050000000000000044, 0.0000000000000000000, 0.6999999999999999556 ) ) ;
#4518 = FACE_OUTER_BOUND ( 'NONE', #1590, .T. ) ;
#4519 = ORIENTED_EDGE ( 'NONE', *, *, #1633, .T. ) ;
#4520 = CARTESIAN_POINT ( 'NONE',  ( 1.050000000000000044, 0.05000000000000000278, 0.5000000000000000000 ) ) ;
#4521 = PLANE ( 'NONE',  #2209 ) ;
#4522 = EDGE_CURVE ( 'NONE', #1705, #4323, #1208, .T. ) ;
#4523 = ORIENTED_EDGE ( 'NONE', *, *, #266, .F. ) ;
#4524 = ORIENTED_EDGE ( 'NONE', *, *, #4434, .T. ) ;
#4525 = VERTEX_POINT ( 'NONE', #2727 ) ;
#4526 = DIRECTION ( 'NONE',  ( 0.0000000000000000000, 1.000000000000000000, -0.0000000000000000000 ) ) ;
#4527 = ADVANCED_FACE ( 'NONE', ( #62 ), #1144, .F. ) ;
#4528 = ORIENTED_EDGE ( 'NONE', *, *, #1768, .F. ) ;
#4529 = EDGE_LOOP ( 'NONE', ( #2772, #2338, #3996, #1610 ) ) ;
#4530 = APPLICATION_PROTOCOL_DEFINITION ( 'draft international standard', 'automotive_design', 1998, #3975 ) ;
#4531 = CARTESIAN_POINT ( 'NONE',  ( -0.1000000000000000056, 0.0000000000000000000, 0.0000000000000000000 ) ) ;
#4532 = DIRECTION ( 'NONE',  ( 0.0000000000000000000, 1.000000000000000000, 0.0000000000000000000 ) ) ;
#4533 = CLOSED_SHELL ( 'NONE', ( #511, #4089, #2357, #4763, #433, #1190, #3116, #670 ) ) ;
#4534 = EDGE_LOOP ( 'NONE', ( #3483, #4100, #1274, #1799 ) ) ;
#4535 = PLANE ( 'NONE',  #3424 ) ;
#4536 = ORIENTED_EDGE ( 'NONE', *, *, #4142, .F. ) ;
#4537 = PLANE ( 'NONE',  #4896 ) ;
#4538 = VECTOR ( 'NONE', #216, 1000.000000000000000 ) ;
#4539 = DIRECTION ( 'NONE',  ( -0.0000000000000000000, 1.000000000000000000, 0.0000000000000000000 ) ) ;
#4540 = CARTESIAN_POINT ( 'NONE',  ( -0.6392805392700562361, 0.5499999999999999334, 1.122484346807275823 ) ) ;
#4541 = VECTOR ( 'NONE', #3492, 1000.000000000000000 ) ;
#4542 = CARTESIAN_POINT ( 'NONE',  ( -1.550000000000000266, 0.0000000000000000000, -0.2999999999999999889 ) ) ;
#4543 = ADVANCED_FACE ( 'NONE', ( #3454 ), #2681, .F. ) ;
#4544 = VERTEX_POINT ( 'NONE', #3114 ) ;
#4545 = PLANE ( 'NONE',  #4651 ) ;
#4546 = UNCERTAINTY_MEASURE_WITH_UNIT (LENGTH_MEASURE( 1.000000000000000082E-05 ), #1488, 'distance_accuracy_value', 'NONE');
#4547 = VECTOR ( 'NONE', #2351, 1000.000000000000000 ) ;
#4548 = VERTEX_POINT ( 'NONE', #3472 ) ;
#4549 = EDGE_CURVE ( 'NONE', #3703, #1318, #35, .T. ) ;
#4550 = ORIENTED_EDGE ( 'NONE', *, *, #1369, .T. ) ;
#4551 = VECTOR ( 'NONE', #3517, 1000.000000000000000 ) ;
#4552 = EDGE_CURVE ( 'NONE', #3308, #3849, #807, .T. ) ;
#4553 = CARTESIAN_POINT ( 'NONE',  ( 1.050000000000000044, 0.05000000000000000278, -0.9000000000000001332 ) ) ;
#4554 = ORIENTED_EDGE ( 'NONE', *, *, #3584, .T. ) ;
#4555 = FILL_AREA_STYLE_COLOUR ( '', #4160 ) ;
#4556 = AXIS2_PLACEMENT_3D ( 'NONE', #1710, #4799, #868 ) ;
#4557 = ORIENTED_EDGE ( 'NONE', *, *, #2547, .F. ) ;
#4558 = EDGE_CURVE ( 'NONE', #2070, #1828, #4788, .T. ) ;
#4559 = LINE ( 'NONE', #724, #4959 ) ;
#4560 = FACE_OUTER_BOUND ( 'NONE', #245, .T. ) ;
#4561 = VECTOR ( 'NONE', #1143, 1000.000000000000000 ) ;
#4562 = LINE ( 'NONE', #3339, #768 ) ;
#4563 = VECTOR ( 'NONE', #239, 1000.000000000000000 ) ;
#4564 = ORIENTED_EDGE ( 'NONE', *, *, #2365, .F. ) ;
#4565 = CARTESIAN_POINT ( 'NONE',  ( -0.5000000000000000000, 0.05000000000000000278, -1.050000000000000044 ) ) ;
#4566 = ORIENTED_EDGE ( 'NONE', *, *, #3118, .F. ) ;
#4567 = VECTOR ( 'NONE', #730, 1000.000000000000000 ) ;
#4568 =( GEOMETRIC_REPRESENTATION_CONTEXT ( 3 ) GLOBAL_UNCERTAINTY_ASSIGNED_CONTEXT ( ( #1503 ) ) GLOBAL_UNIT_ASSIGNED_CONTEXT ( ( #2955, #2150, #1057 ) ) REPRESENTATION_CONTEXT ( 'NONE', 'WORKASPACE' ) );
#4569 = EDGE_CURVE ( 'NONE', #3585, #3026, #3192, .T. ) ;
#4570 = DIRECTION ( 'NONE',  ( -0.0000000000000000000, -0.0000000000000000000, 1.000000000000000000 ) ) ;
#4571 = DIRECTION ( 'NONE',  ( 0.0000000000000000000, 0.0000000000000000000, 1.000000000000000000 ) ) ;
#4572 = VECTOR ( 'NONE', #3071, 1000.000000000000000 ) ;
#4573 = CARTESIAN_POINT ( 'NONE',  ( 0.0000000000000000000, 0.2500000000000000000, -0.1000000000000000056 ) ) ;
#4574 = CARTESIAN_POINT ( 'NONE',  ( 0.5000000000000000000, 0.0000000000000000000, 0.0000000000000000000 ) ) ;
#4575 = ORIENTED_EDGE ( 'NONE', *, *, #3433, .F. ) ;
#4576 = DIRECTION ( 'NONE',  ( -1.000000000000000000, -0.0000000000000000000, 0.0000000000000000000 ) ) ;
#4577 = CARTESIAN_POINT ( 'NONE',  ( 0.1000000000000000056, 0.2500000000000000000, 0.0000000000000000000 ) ) ;
#4578 = VERTEX_POINT ( 'NONE', #961 ) ;
#4579 = PRESENTATION_LAYER_ASSIGNMENT (  '', '', ( #478 ) ) ;
#4580 = ORIENTED_EDGE ( 'NONE', *, *, #330, .T. ) ;
#4581 = CARTESIAN_POINT ( 'NONE',  ( -1.500000000000000000, 0.05000000000000000278, -0.6999999999999999556 ) ) ;
#4582 = AXIS2_PLACEMENT_3D ( 'NONE', #113, #1735, #587 ) ;
#4583 = ADVANCED_FACE ( 'NONE', ( #1279 ), #583, .T. ) ;
#4584 = EDGE_LOOP ( 'NONE', ( #2091, #4523, #4729, #2562 ) ) ;
#4585 = SURFACE_STYLE_FILL_AREA ( #3140 ) ;
#4586 = VERTEX_POINT ( 'NONE', #3241 ) ;
#4587 = DIRECTION ( 'NONE',  ( 0.0000000000000000000, 0.0000000000000000000, 1.000000000000000000 ) ) ;
#4588 = DIRECTION ( 'NONE',  ( -0.0000000000000000000, -0.0000000000000000000, 1.000000000000000000 ) ) ;
#4589 = ORIENTED_EDGE ( 'NONE', *, *, #2739, .T. ) ;
#4590 = CARTESIAN_POINT ( 'NONE',  ( 1.550000000000000266, 0.0000000000000000000, 0.5000000000000000000 ) ) ;
#4591 = ORIENTED_EDGE ( 'NONE', *, *, #854, .F. ) ;
#4592 = DIRECTION ( 'NONE',  ( 0.0000000000000000000, 0.0000000000000000000, 1.000000000000000000 ) ) ;
#4593 = DIRECTION ( 'NONE',  ( 1.000000000000000000, 0.0000000000000000000, -0.0000000000000000000 ) ) ;
#4594 = LINE ( 'NONE', #1065, #2343 ) ;
#4595 = ADVANCED_FACE ( 'NONE', ( #2445 ), #1650, .T. ) ;
#4596 = CARTESIAN_POINT ( 'NONE',  ( -0.2999999999999999889, 0.0000000000000000000, 1.500000000000000000 ) ) ;
#4597 = DIRECTION ( 'NONE',  ( -0.0000000000000000000, -1.000000000000000000, -0.0000000000000000000 ) ) ;
#4598 = FACE_OUTER_BOUND ( 'NONE', #3628, .T. ) ;
#4599 = ORIENTED_EDGE ( 'NONE', *, *, #2073, .F. ) ;
#4600 = CARTESIAN_POINT ( 'NONE',  ( 0.0000000000000000000, 0.05000000000000000278, -0.2999999999999999889 ) ) ;
#4601 = UNCERTAINTY_MEASURE_WITH_UNIT (LENGTH_MEASURE( 1.000000000000000082E-05 ), #1341, 'distance_accuracy_value', 'NONE');
#4602 = LINE ( 'NONE', #4626, #3185 ) ;
#4603 = EDGE_LOOP ( 'NONE', ( #3479, #2463, #3395, #743 ) ) ;
#4604 = ORIENTED_EDGE ( 'NONE', *, *, #2416, .F. ) ;
#4605 = ORIENTED_EDGE ( 'NONE', *, *, #1534, .F. ) ;
#4606 = CARTESIAN_POINT ( 'NONE',  ( 1.500000000000000000, 0.0000000000000000000, 0.6999999999999999556 ) ) ;
#4607 = CARTESIAN_POINT ( 'NONE',  ( 1.050000000000000044, 0.05000000000000000278, 0.9000000000000001332 ) ) ;
#4608 = ORIENTED_EDGE ( 'NONE', *, *, #2851, .T. ) ;
#4609 = LINE ( 'NONE', #699, #620 ) ;
#4610 = ADVANCED_FACE ( 'NONE', ( #2809 ), #1260, .T. ) ;
#4611 = CARTESIAN_POINT ( 'NONE',  ( 0.6999999999999999556, 0.0000000000000000000, 1.050000000000000044 ) ) ;
#4612 = LINE ( 'NONE', #2719, #1883 ) ;
#4613 = EDGE_CURVE ( 'NONE', #2993, #4123, #4335, .T. ) ;
#4614 = ORIENTED_EDGE ( 'NONE', *, *, #1512, .F. ) ;
#4615 = DIRECTION ( 'NONE',  ( 0.0000000000000000000, 1.000000000000000000, -0.0000000000000000000 ) ) ;
#4616 = ORIENTED_EDGE ( 'NONE', *, *, #1064, .F. ) ;
#4617 = EDGE_CURVE ( 'NONE', #1357, #956, #2030, .T. ) ;
#4618 = FACE_OUTER_BOUND ( 'NONE', #251, .T. ) ;
#4619 = DIRECTION ( 'NONE',  ( -0.0000000000000000000, -1.000000000000000000, -0.0000000000000000000 ) ) ;
#4620 = EDGE_CURVE ( 'NONE', #3507, #83, #4354, .T. ) ;
#4621 = CARTESIAN_POINT ( 'NONE',  ( -0.2999999999999999889, 0.2500000000000000000, 1.500000000000000000 ) ) ;
#4622 = DIRECTION ( 'NONE',  ( -0.0000000000000000000, -0.0000000000000000000, 1.000000000000000000 ) ) ;
#4623 = ORIENTED_EDGE ( 'NONE', *, *, #2488, .T. ) ;
#4624 = DIRECTION ( 'NONE',  ( -1.000000000000000000, -0.0000000000000000000, 0.0000000000000000000 ) ) ;
#4625 = AXIS2_PLACEMENT_3D ( 'NONE', #4355, #1040, #655 ) ;
#4626 = CARTESIAN_POINT ( 'NONE',  ( -0.1000000000000000056, 0.0000000000000000000, 1.500000000000000000 ) ) ;
#4627 = VECTOR ( 'NONE', #2078, 1000.000000000000000 ) ;
#4628 = ADVANCED_FACE ( 'NONE', ( #4690 ), #4304, .F. ) ;
#4629 = CARTESIAN_POINT ( 'NONE',  ( -0.9752500666231549431, 0.5499999999999999334, 0.8987692709275189040 ) ) ;
#4630 = CARTESIAN_POINT ( 'NONE',  ( 0.5000000000000000000, 0.0000000000000000000, -1.050000000000000044 ) ) ;
#4631 = STYLED_ITEM ( 'NONE', ( #2897 ), #1060 ) ;
#4632 = ORIENTED_EDGE ( 'NONE', *, *, #266, .T. ) ;
#4633 = EDGE_LOOP ( 'NONE', ( #2413, #1585, #843, #3541 ) ) ;
#4634 = AXIS2_PLACEMENT_3D ( 'NONE', #1658, #3226, #840 ) ;
#4635 = CARTESIAN_POINT ( 'NONE',  ( -1.500000000000000000, 0.2500000000000000000, -0.2999999999999999889 ) ) ;
#4636 = FACE_OUTER_BOUND ( 'NONE', #267, .T. ) ;
#4637 = VECTOR ( 'NONE', #409, 1000.000000000000000 ) ;
#4638 = DIRECTION ( 'NONE',  ( 1.000000000000000000, 0.0000000000000000000, -0.0000000000000000000 ) ) ;
#4639 = ORIENTED_EDGE ( 'NONE', *, *, #457, .T. ) ;
#4640 = DIRECTION ( 'NONE',  ( 1.000000000000000000, 0.0000000000000000000, -0.0000000000000000000 ) ) ;
#4641 = VECTOR ( 'NONE', #3506, 1000.000000000000000 ) ;
#4642 = VECTOR ( 'NONE', #3790, 1000.000000000000000 ) ;
#4643 = LINE ( 'NONE', #1184, #3728 ) ;
#4644 = CARTESIAN_POINT ( 'NONE',  ( 0.2999999999999999889, 0.05000000000000000278, -1.500000000000000000 ) ) ;
#4645 = AXIS2_PLACEMENT_3D ( 'NONE', #2959, #4488, #4857 ) ;
#4646 = EDGE_CURVE ( 'NONE', #4697, #2593, #2060, .T. ) ;
#4647 = LINE ( 'NONE', #4963, #3258 ) ;
#4648 = CARTESIAN_POINT ( 'NONE',  ( -1.050000000000000044, 0.05000000000000000278, 0.1000000000000000056 ) ) ;
#4649 = DIRECTION ( 'NONE',  ( 0.0000000000000000000, 0.0000000000000000000, 1.000000000000000000 ) ) ;
#4650 = CARTESIAN_POINT ( 'NONE',  ( 0.9000000000000001332, 0.2500000000000000000, 1.550000000000000266 ) ) ;
#4651 = AXIS2_PLACEMENT_3D ( 'NONE', #4939, #2239, #2634 ) ;
#4652 = EDGE_CURVE ( 'NONE', #2846, #3443, #1582, .T. ) ;
#4653 = PLANE ( 'NONE',  #4470 ) ;
#4654 = ORIENTED_EDGE ( 'NONE', *, *, #4182, .F. ) ;
#4655 = ORIENTED_EDGE ( 'NONE', *, *, #3796, .F. ) ;
#4656 = CARTESIAN_POINT ( 'NONE',  ( -0.9997814680194987424, 0.5500000000000000444, 0.9729807916610422325 ) ) ;
#4657 = FACE_OUTER_BOUND ( 'NONE', #4534, .T. ) ;
#4658 = EDGE_CURVE ( 'NONE', #1460, #1718, #2371, .T. ) ;
#4659 = VERTEX_POINT ( 'NONE', #3621 ) ;
#4660 = ORIENTED_EDGE ( 'NONE', *, *, #4620, .T. ) ;
#4661 = FACE_OUTER_BOUND ( 'NONE', #4441, .T. ) ;
#4662 = VECTOR ( 'NONE', #4670, 1000.000000000000000 ) ;
#4663 = DIRECTION ( 'NONE',  ( 0.0000000000000000000, 0.0000000000000000000, 1.000000000000000000 ) ) ;
#4664 = FACE_OUTER_BOUND ( 'NONE', #144, .T. ) ;
#4665 = AXIS2_PLACEMENT_3D ( 'NONE', #258, #235, #4436 ) ;
#4666 = ORIENTED_EDGE ( 'NONE', *, *, #1391, .T. ) ;
#4667 = PLANE ( 'NONE',  #201 ) ;
#4668 = CARTESIAN_POINT ( 'NONE',  ( 0.0000000000000000000, 0.05000000000000000278, -0.1000000000000000056 ) ) ;
#4669 = DIRECTION ( 'NONE',  ( 0.0000000000000000000, 1.000000000000000000, 0.0000000000000000000 ) ) ;
#4670 = DIRECTION ( 'NONE',  ( -0.0000000000000000000, -0.0000000000000000000, -1.000000000000000000 ) ) ;
#4671 = LINE ( 'NONE', #3526, #1636 ) ;
#4672 = EDGE_CURVE ( 'NONE', #1661, #1741, #3646, .T. ) ;
#4673 =( NAMED_UNIT ( * ) SI_UNIT ( $, .STERADIAN. ) SOLID_ANGLE_UNIT ( ) );
#4674 = CARTESIAN_POINT ( 'NONE',  ( 0.0000000000000000000, 0.05000000000000000278, -0.2999999999999999889 ) ) ;
#4675 = ORIENTED_EDGE ( 'NONE', *, *, #23, .F. ) ;
#4676 = LINE ( 'NONE', #839, #4164 ) ;
#4677 = DIRECTION ( 'NONE',  ( 0.0000000000000000000, 0.0000000000000000000, -1.000000000000000000 ) ) ;
#4678 = DIRECTION ( 'NONE',  ( 1.000000000000000000, 0.0000000000000000000, 0.0000000000000000000 ) ) ;
#4679 = ORIENTED_EDGE ( 'NONE', *, *, #3912, .F. ) ;
#4680 = VERTEX_POINT ( 'NONE', #4762 ) ;
#4681 = DIRECTION ( 'NONE',  ( -1.000000000000000000, 0.0000000000000000000, 0.0000000000000000000 ) ) ;
#4682 = DIRECTION ( 'NONE',  ( 1.000000000000000000, 0.0000000000000000000, -0.0000000000000000000 ) ) ;
#4683 = DIRECTION ( 'NONE',  ( 0.0000000000000000000, 0.0000000000000000000, 1.000000000000000000 ) ) ;
#4684 = ORIENTED_EDGE ( 'NONE', *, *, #3363, .F. ) ;
#4685 =( NAMED_UNIT ( * ) SI_UNIT ( $, .STERADIAN. ) SOLID_ANGLE_UNIT ( ) );
#4686 = CARTESIAN_POINT ( 'NONE',  ( 0.5000000000000000000, 0.05000000000000000278, 1.050000000000000044 ) ) ;
#4687 = LINE ( 'NONE', #3905, #4786 ) ;
#4688 = DIRECTION ( 'NONE',  ( 0.0000000000000000000, -1.000000000000000000, -0.0000000000000000000 ) ) ;
#4689 = ORIENTED_EDGE ( 'NONE', *, *, #1406, .F. ) ;
#4690 = FACE_OUTER_BOUND ( 'NONE', #2946, .T. ) ;
#4691 = LINE ( 'NONE', #2753, #2127 ) ;
#4692 = FILL_AREA_STYLE ('',( #111 ) ) ;
#4693 = CLOSED_SHELL ( 'NONE', ( #2880, #361, #3816, #820, #4004, #1296, #2922, #1076 ) ) ;
#4694 = LINE ( 'NONE', #301, #4722 ) ;
#4695 = ORIENTED_EDGE ( 'NONE', *, *, #771, .F. ) ;
#4696 = VECTOR ( 'NONE', #2944, 1000.000000000000000 ) ;
#4697 = VERTEX_POINT ( 'NONE', #2007 ) ;
#4698 = LINE ( 'NONE', #1627, #3514 ) ;
#4699 = PLANE ( 'NONE',  #1715 ) ;
#4700 = LINE ( 'NONE', #2843, #1723 ) ;
#4701 = VERTEX_POINT ( 'NONE', #4381 ) ;
#4702 = ADVANCED_FACE ( 'NONE', ( #565 ), #3842, .F. ) ;
#4703 = ORIENTED_EDGE ( 'NONE', *, *, #4321, .F. ) ;
#4704 = COLOUR_RGB ( '',0.7529411764705882248, 0.7529411764705882248, 0.7529411764705882248 ) ;
#4705 = DIRECTION ( 'NONE',  ( 1.000000000000000000, -0.0000000000000000000, 0.0000000000000000000 ) ) ;
#4706 = EDGE_CURVE ( 'NONE', #3660, #1661, #1007, .T. ) ;
#4707 = AXIS2_PLACEMENT_3D ( 'NONE', #3347, #1470, #4571 ) ;
#4708 = ORIENTED_EDGE ( 'NONE', *, *, #3528, .T. ) ;
#4709 = DIRECTION ( 'NONE',  ( -1.000000000000000000, 0.0000000000000000000, -0.0000000000000000000 ) ) ;
#4710 = DIRECTION ( 'NONE',  ( 0.0000000000000000000, 1.000000000000000000, -0.0000000000000000000 ) ) ;
#4711 = LINE ( 'NONE', #3064, #208 ) ;
#4712 = FACE_OUTER_BOUND ( 'NONE', #3405, .T. ) ;
#4713 = VERTEX_POINT ( 'NONE', #1446 ) ;
#4714 = CARTESIAN_POINT ( 'NONE',  ( -0.3000000000000004330, 0.5707106781186546129, 0.7499999999999997780 ) ) ;
#4715 = VECTOR ( 'NONE', #2184, 1000.000000000000000 ) ;
#4716 = PRESENTATION_LAYER_ASSIGNMENT (  '', '', ( #1806 ) ) ;
#4717 = DIRECTION ( 'NONE',  ( 0.0000000000000000000, -0.0000000000000000000, 1.000000000000000000 ) ) ;
#4718 = AXIS2_PLACEMENT_3D ( 'NONE', #2160, #613, #3651 ) ;
#4719 = COLOUR_RGB ( '',0.7529411764705882248, 0.7529411764705882248, 0.7529411764705882248 ) ;
#4720 = DIRECTION ( 'NONE',  ( 0.0000000000000000000, 1.000000000000000000, 0.0000000000000000000 ) ) ;
#4721 = ORIENTED_EDGE ( 'NONE', *, *, #3034, .F. ) ;
#4722 = VECTOR ( 'NONE', #2347, 1000.000000000000000 ) ;
#4723 = VECTOR ( 'NONE', #2222, 1000.000000000000000 ) ;
#4724 = ORIENTED_EDGE ( 'NONE', *, *, #1920, .F. ) ;
#4725 = CARTESIAN_POINT ( 'NONE',  ( 1.550000000000000266, 0.0000000000000000000, -0.1000000000000000056 ) ) ;
#4726 = LINE ( 'NONE', #1266, #3488 ) ;
#4727 = DIRECTION ( 'NONE',  ( 0.0000000000000000000, 1.000000000000000000, 0.0000000000000000000 ) ) ;
#4728 = VECTOR ( 'NONE', #4310, 1000.000000000000000 ) ;
#4729 = ORIENTED_EDGE ( 'NONE', *, *, #4755, .F. ) ;
#4730 = DIRECTION ( 'NONE',  ( -0.0000000000000000000, -1.000000000000000000, -0.0000000000000000000 ) ) ;
#4731 = EDGE_CURVE ( 'NONE', #2038, #2907, #4910, .T. ) ;
#4732 = ORIENTED_EDGE ( 'NONE', *, *, #664, .T. ) ;
#4733 = DIRECTION ( 'NONE',  ( 1.000000000000000000, -0.0000000000000000000, 0.0000000000000000000 ) ) ;
#4734 = ORIENTED_EDGE ( 'NONE', *, *, #4658, .T. ) ;
#4735 = DIRECTION ( 'NONE',  ( 0.0000000000000000000, 0.0000000000000000000, 1.000000000000000000 ) ) ;
#4736 = PLANE ( 'NONE',  #50 ) ;
#4737 = FACE_OUTER_BOUND ( 'NONE', #914, .T. ) ;
#4738 = ORIENTED_EDGE ( 'NONE', *, *, #4849, .F. ) ;
#4739 = CARTESIAN_POINT ( 'NONE',  ( 1.550000000000000266, 0.0000000000000000000, -0.6999999999999999556 ) ) ;
#4740 = CARTESIAN_POINT ( 'NONE',  ( 1.500000000000000000, 0.2500000000000000000, 0.9000000000000001332 ) ) ;
#4741 = ADVANCED_FACE ( 'NONE', ( #4813 ), #4836, .F. ) ;
#4742 = DIRECTION ( 'NONE',  ( -0.0000000000000000000, -1.000000000000000000, 0.0000000000000000000 ) ) ;
#4743 = CARTESIAN_POINT ( 'NONE',  ( 0.6999999999999999556, 0.0000000000000000000, -1.500000000000000000 ) ) ;
#4744 = CARTESIAN_POINT ( 'NONE',  ( -1.550000000000000266, 0.0000000000000000000, -0.5000000000000000000 ) ) ;
#4745 = ORIENTED_EDGE ( 'NONE', *, *, #2390, .T. ) ;
#4746 = ORIENTED_EDGE ( 'NONE', *, *, #3060, .T. ) ;
#4747 = CARTESIAN_POINT ( 'NONE',  ( 0.0000000000000000000, 0.05000000000000000278, 0.5000000000000000000 ) ) ;
#4748 = DIRECTION ( 'NONE',  ( 0.0000000000000000000, 0.0000000000000000000, -1.000000000000000000 ) ) ;
#4749 = EDGE_LOOP ( 'NONE', ( #589, #3955, #234, #4191 ) ) ;
#4750 = ORIENTED_EDGE ( 'NONE', *, *, #4199, .T. ) ;
#4751 = DIRECTION ( 'NONE',  ( 0.0000000000000000000, 1.000000000000000000, 0.0000000000000000000 ) ) ;
#4752 = ORIENTED_EDGE ( 'NONE', *, *, #2377, .F. ) ;
#4753 = CARTESIAN_POINT ( 'NONE',  ( -0.2999999999999999889, 0.0000000000000000000, 1.500000000000000000 ) ) ;
#4754 = ORIENTED_EDGE ( 'NONE', *, *, #3376, .T. ) ;
#4755 = EDGE_CURVE ( 'NONE', #3927, #1766, #2156, .T. ) ;
#4756 = PRESENTATION_STYLE_ASSIGNMENT (( #2856 ) ) ;
#4757 = CARTESIAN_POINT ( 'NONE',  ( 0.2999999999999999889, 0.0000000000000000000, 0.0000000000000000000 ) ) ;
#4758 = ADVANCED_FACE ( 'NONE', ( #4054 ), #4537, .T. ) ;
#4759 = DIRECTION ( 'NONE',  ( -0.0000000000000000000, 1.000000000000000000, 0.0000000000000000000 ) ) ;
#4760 = CARTESIAN_POINT ( 'NONE',  ( -1.500000000000000000, 0.2500000000000000000, 0.5000000000000000000 ) ) ;
#4761 = ORIENTED_EDGE ( 'NONE', *, *, #2622, .F. ) ;
#4762 = CARTESIAN_POINT ( 'NONE',  ( 1.550000000000000266, 0.2500000000000000000, 0.9000000000000001332 ) ) ;
#4763 = ADVANCED_FACE ( 'NONE', ( #3697 ), #4458, .F. ) ;
#4764 = DIRECTION ( 'NONE',  ( 0.0000000000000000000, -0.0000000000000000000, 1.000000000000000000 ) ) ;
#4765 = EDGE_CURVE ( 'NONE', #3154, #3261, #2518, .T. ) ;
#4766 = LINE ( 'NONE', #2546, #2438 ) ;
#4767 = LINE ( 'NONE', #943, #2512 ) ;
#4768 = ORIENTED_EDGE ( 'NONE', *, *, #1142, .T. ) ;
#4769 = ORIENTED_EDGE ( 'NONE', *, *, #3128, .F. ) ;
#4770 = CARTESIAN_POINT ( 'NONE',  ( 1.500000000000000000, 0.2500000000000000000, 0.5000000000000000000 ) ) ;
#4771 = DIRECTION ( 'NONE',  ( -1.000000000000000000, -0.0000000000000000000, 0.0000000000000000000 ) ) ;
#4772 = LINE ( 'NONE', #3607, #3095 ) ;
#4773 = VERTEX_POINT ( 'NONE', #3674 ) ;
#4774 = AXIS2_PLACEMENT_3D ( 'NONE', #2968, #2472, #4037 ) ;
#4775 = VERTEX_POINT ( 'NONE', #1088 ) ;
#4776 = DIRECTION ( 'NONE',  ( 1.000000000000000000, -0.0000000000000000000, 0.0000000000000000000 ) ) ;
#4777 = DIRECTION ( 'NONE',  ( -0.0000000000000000000, -0.0000000000000000000, -1.000000000000000000 ) ) ;
#4778 = VECTOR ( 'NONE', #2389, 1000.000000000000000 ) ;
#4779 = CARTESIAN_POINT ( 'NONE',  ( -1.550000000000000266, 0.2500000000000000000, -0.1000000000000000056 ) ) ;
#4780 = ORIENTED_EDGE ( 'NONE', *, *, #761, .T. ) ;
#4781 = PRESENTATION_LAYER_ASSIGNMENT (  '', '', ( #675 ) ) ;
#4782 = LINE ( 'NONE', #3977, #2942 ) ;
#4783 = CARTESIAN_POINT ( 'NONE',  ( -1.299999999999999156, 0.5999999999999999778, 1.249999999999999778 ) ) ;
#4784 = DIRECTION ( 'NONE',  ( -1.000000000000000000, 0.0000000000000000000, -0.0000000000000000000 ) ) ;
#4785 = EDGE_CURVE ( 'NONE', #3709, #2862, #2230, .T. ) ;
#4786 = VECTOR ( 'NONE', #2678, 1000.000000000000000 ) ;
#4787 = LINE ( 'NONE', #2204, #3995 ) ;
#4788 = LINE ( 'NONE', #4010, #957 ) ;
#4789 = VECTOR ( 'NONE', #354, 1000.000000000000000 ) ;
#4790 = CARTESIAN_POINT ( 'NONE',  ( 0.2999999999999999889, 0.05000000000000000278, -1.050000000000000044 ) ) ;
#4791 = EDGE_CURVE ( 'NONE', #4659, #1557, #608, .T. ) ;
#4792 = VECTOR ( 'NONE', #1993, 1000.000000000000000 ) ;
#4793 = CARTESIAN_POINT ( 'NONE',  ( 0.0000000000000000000, 0.0000000000000000000, 0.1000000000000000056 ) ) ;
#4794 = VERTEX_POINT ( 'NONE', #3370 ) ;
#4795 = CARTESIAN_POINT ( 'NONE',  ( -0.6999999999999999556, 0.0000000000000000000, -1.500000000000000000 ) ) ;
#4796 = AXIS2_PLACEMENT_3D ( 'NONE', #3090, #2654, #2235 ) ;
#4797 = VECTOR ( 'NONE', #593, 1000.000000000000000 ) ;
#4798 = DIRECTION ( 'NONE',  ( -0.0000000000000000000, 0.0000000000000000000, -1.000000000000000000 ) ) ;
#4799 = DIRECTION ( 'NONE',  ( 0.0000000000000000000, 0.0000000000000000000, -1.000000000000000000 ) ) ;
#4800 = EDGE_CURVE ( 'NONE', #44, #2272, #707, .T. ) ;
#4801 = PRESENTATION_LAYER_ASSIGNMENT (  '', '', ( #1974 ) ) ;
#4802 = ORIENTED_EDGE ( 'NONE', *, *, #3796, .T. ) ;
#4803 = COLOUR_RGB ( '',0.7529411764705882248, 0.7529411764705882248, 0.7529411764705882248 ) ;
#4804 = VERTEX_POINT ( 'NONE', #4083 ) ;
#4805 = LINE ( 'NONE', #2797, #2927 ) ;
#4806 = EDGE_CURVE ( 'NONE', #193, #1290, #3314, .T. ) ;
#4807 = ORIENTED_EDGE ( 'NONE', *, *, #953, .F. ) ;
#4808 = ORIENTED_EDGE ( 'NONE', *, *, #1458, .F. ) ;
#4809 = DIRECTION ( 'NONE',  ( 0.0000000000000000000, 0.0000000000000000000, 1.000000000000000000 ) ) ;
#4810 = PLANE ( 'NONE',  #1950 ) ;
#4811 = LINE ( 'NONE', #3979, #4144 ) ;
#4812 = DIRECTION ( 'NONE',  ( 0.0000000000000000000, -1.000000000000000000, -0.0000000000000000000 ) ) ;
#4813 = FACE_OUTER_BOUND ( 'NONE', #402, .T. ) ;
#4814 = PLANE ( 'NONE',  #2265 ) ;
#4815 = AXIS2_PLACEMENT_3D ( 'NONE', #2655, #760, #1915 ) ;
#4816 = CARTESIAN_POINT ( 'NONE',  ( 0.1000000000000000056, 0.2500000000000000000, 1.550000000000000266 ) ) ;
#4817 = CARTESIAN_POINT ( 'NONE',  ( -1.500000000000000000, 0.0000000000000000000, -0.2999999999999999889 ) ) ;
#4818 = LINE ( 'NONE', #1047, #4213 ) ;
#4819 = ADVANCED_FACE ( 'NONE', ( #677 ), #4859, .F. ) ;
#4820 = ORIENTED_EDGE ( 'NONE', *, *, #4765, .F. ) ;
#4821 = FACE_OUTER_BOUND ( 'NONE', #4421, .T. ) ;
#4822 = CARTESIAN_POINT ( 'NONE',  ( -1.500000000000000000, 0.0000000000000000000, -0.6999999999999999556 ) ) ;
#4823 = ORIENTED_EDGE ( 'NONE', *, *, #1833, .F. ) ;
#4824 = FILL_AREA_STYLE_COLOUR ( '', #1385 ) ;
#4825 = DIRECTION ( 'NONE',  ( -1.000000000000000000, -0.0000000000000000000, 0.0000000000000000000 ) ) ;
#4826 = EDGE_LOOP ( 'NONE', ( #2869, #3209, #4345, #3568 ) ) ;
#4827 = LINE ( 'NONE', #1747, #1182 ) ;
#4828 = ORIENTED_EDGE ( 'NONE', *, *, #2225, .T. ) ;
#4829 = PRESENTATION_STYLE_ASSIGNMENT (( #2199 ) ) ;
#4830 = EDGE_CURVE ( 'NONE', #535, #3510, #2181, .T. ) ;
#4831 = CARTESIAN_POINT ( 'NONE',  ( 0.0000000000000000000, 0.5999999999999999778, 0.0000000000000000000 ) ) ;
#4832 = DIRECTION ( 'NONE',  ( 0.0000000000000000000, -0.0000000000000000000, 1.000000000000000000 ) ) ;
#4833 = LINE ( 'NONE', #1366, #1964 ) ;
#4834 = CARTESIAN_POINT ( 'NONE',  ( 0.2999999999999999889, 0.2500000000000000000, 0.0000000000000000000 ) ) ;
#4835 = ORIENTED_EDGE ( 'NONE', *, *, #4844, .F. ) ;
#4836 = PLANE ( 'NONE',  #1272 ) ;
#4837 = DIRECTION ( 'NONE',  ( 0.0000000000000000000, 0.0000000000000000000, -1.000000000000000000 ) ) ;
#4838 = SURFACE_SIDE_STYLE ('',( #585 ) ) ;
#4839 = CARTESIAN_POINT ( 'NONE',  ( 0.9000000000000001332, 0.0000000000000000000, 1.550000000000000266 ) ) ;
#4840 = FILL_AREA_STYLE ('',( #1838 ) ) ;
#4841 = CARTESIAN_POINT ( 'NONE',  ( -1.050000000000000044, 0.0000000000000000000, -0.5000000000000000000 ) ) ;
#4842 = ORIENTED_EDGE ( 'NONE', *, *, #1804, .T. ) ;
#4843 = DIRECTION ( 'NONE',  ( -1.000000000000000000, -0.0000000000000000000, -0.0000000000000000000 ) ) ;
#4844 = EDGE_CURVE ( 'NONE', #52, #3765, #1800, .T. ) ;
#4845 = ORIENTED_EDGE ( 'NONE', *, *, #3732, .F. ) ;
#4846 = VERTEX_POINT ( 'NONE', #2961 ) ;
#4847 = CARTESIAN_POINT ( 'NONE',  ( -0.8544838146706991155, 0.5499999999999999334, 0.7999999999999998224 ) ) ;
#4848 = CARTESIAN_POINT ( 'NONE',  ( -0.6999999999999999556, 0.0000000000000000000, -1.550000000000000266 ) ) ;
#4849 = EDGE_CURVE ( 'NONE', #2915, #1847, #1115, .T. ) ;
#4850 = ORIENTED_EDGE ( 'NONE', *, *, #3491, .T. ) ;
#4851 = CARTESIAN_POINT ( 'NONE',  ( -1.050000000000000044, 0.05000000000000000278, -0.9000000000000001332 ) ) ;
#4852 = FACE_OUTER_BOUND ( 'NONE', #3948, .T. ) ;
#4853 = VECTOR ( 'NONE', #4410, 1000.000000000000000 ) ;
#4854 = FACE_OUTER_BOUND ( 'NONE', #4312, .T. ) ;
#4855 = LINE ( 'NONE', #750, #1635 ) ;
#4856 = ADVANCED_FACE ( 'NONE', ( #3826 ), #3857, .F. ) ;
#4857 = DIRECTION ( 'NONE',  ( 0.0000000000000000000, 0.0000000000000000000, 1.000000000000000000 ) ) ;
#4858 = VECTOR ( 'NONE', #3693, 1000.000000000000000 ) ;
#4859 = PLANE ( 'NONE',  #2460 ) ;
#4860 = LINE ( 'NONE', #1801, #1378 ) ;
#4861 = LINE ( 'NONE', #2494, #141 ) ;
#4862 = DIRECTION ( 'NONE',  ( -0.0000000000000000000, -1.000000000000000000, -0.0000000000000000000 ) ) ;
#4863 = PLANE ( 'NONE',  #321 ) ;
#4864 = VECTOR ( 'NONE', #2331, 1000.000000000000000 ) ;
#4865 = FACE_OUTER_BOUND ( 'NONE', #1125, .T. ) ;
#4866 = ORIENTED_EDGE ( 'NONE', *, *, #3873, .T. ) ;
#4867 = DIRECTION ( 'NONE',  ( -0.0000000000000000000, -1.000000000000000000, 0.0000000000000000000 ) ) ;
#4868 = AXIS2_PLACEMENT_3D ( 'NONE', #3177, #156, #4425 ) ;
#4869 = ORIENTED_EDGE ( 'NONE', *, *, #11, .T. ) ;
#4870 = ORIENTED_EDGE ( 'NONE', *, *, #4785, .F. ) ;
#4871 = VERTEX_POINT ( 'NONE', #2273 ) ;
#4872 = DIRECTION ( 'NONE',  ( 1.000000000000000000, 0.0000000000000000000, -0.0000000000000000000 ) ) ;
#4873 = LINE ( 'NONE', #2504, #1556 ) ;
#4874 = VECTOR ( 'NONE', #4208, 1000.000000000000000 ) ;
#4875 = ORIENTED_EDGE ( 'NONE', *, *, #3238, .T. ) ;
#4876 = SURFACE_STYLE_FILL_AREA ( #3713 ) ;
#4877 = ORIENTED_EDGE ( 'NONE', *, *, #911, .F. ) ;
#4878 = MECHANICAL_DESIGN_GEOMETRIC_PRESENTATION_REPRESENTATION (  '', ( #3508 ), #2692 ) ;
#4879 = EDGE_CURVE ( 'NONE', #4323, #2436, #3800, .T. ) ;
#4880 = CIRCLE ( 'NONE', #545, 0.2500000000000000000 ) ;
#4881 = CARTESIAN_POINT ( 'NONE',  ( -0.9000000000000001332, 0.05000000000000000278, 0.0000000000000000000 ) ) ;
#4882 = CARTESIAN_POINT ( 'NONE',  ( 1.500000000000000000, 0.2500000000000000000, 0.1000000000000000056 ) ) ;
#4883 = ORIENTED_EDGE ( 'NONE', *, *, #1886, .F. ) ;
#4884 = CARTESIAN_POINT ( 'NONE',  ( 1.550000000000000266, 0.2500000000000000000, -0.2999999999999999889 ) ) ;
#4885 = ORIENTED_EDGE ( 'NONE', *, *, #3142, .T. ) ;
#4886 = DIRECTION ( 'NONE',  ( -1.000000000000000000, -0.0000000000000000000, -0.0000000000000000000 ) ) ;
#4887 = ADVANCED_FACE ( 'NONE', ( #3468 ), #2722, .F. ) ;
#4888 = CARTESIAN_POINT ( 'NONE',  ( -1.050000000000000044, 0.05000000000000000278, 0.1000000000000000056 ) ) ;
#4889 = CARTESIAN_POINT ( 'NONE',  ( -1.500000000000000000, 0.04999999999999999584, -0.5000000000000000000 ) ) ;
#4890 = CARTESIAN_POINT ( 'NONE',  ( 1.500000000000000000, 0.0000000000000000000, 0.9000000000000001332 ) ) ;
#4891 = CARTESIAN_POINT ( 'NONE',  ( 0.1000000000000000056, 0.05000000000000000278, 1.500000000000000000 ) ) ;
#4892 = DIRECTION ( 'NONE',  ( -0.0000000000000000000, -1.000000000000000000, -0.0000000000000000000 ) ) ;
#4893 = ORIENTED_EDGE ( 'NONE', *, *, #4932, .F. ) ;
#4894 = LINE ( 'NONE', #3430, #1900 ) ;
#4895 = FILL_AREA_STYLE_COLOUR ( '', #2763 ) ;
#4896 = AXIS2_PLACEMENT_3D ( 'NONE', #2133, #654, #4131 ) ;
#4897 = ORIENTED_EDGE ( 'NONE', *, *, #3716, .T. ) ;
#4898 = ORIENTED_EDGE ( 'NONE', *, *, #783, .T. ) ;
#4899 = DIRECTION ( 'NONE',  ( -1.000000000000000000, -0.0000000000000000000, 0.0000000000000000000 ) ) ;
#4900 = CARTESIAN_POINT ( 'NONE',  ( 1.500000000000000000, 0.5999999999999999778, 1.500000000000000000 ) ) ;
#4901 = ORIENTED_EDGE ( 'NONE', *, *, #3536, .T. ) ;
#4902 = ORIENTED_EDGE ( 'NONE', *, *, #4516, .F. ) ;
#4903 =( LENGTH_UNIT ( ) NAMED_UNIT ( * ) SI_UNIT ( .MILLI., .METRE. ) );
#4904 = DIRECTION ( 'NONE',  ( 0.0000000000000000000, 1.000000000000000000, 0.0000000000000000000 ) ) ;
#4905 = FACE_OUTER_BOUND ( 'NONE', #3282, .T. ) ;
#4906 = ADVANCED_FACE ( 'NONE', ( #2250 ), #358, .T. ) ;
#4907 = EDGE_LOOP ( 'NONE', ( #396, #4734, #718, #73 ) ) ;
#4908 = CARTESIAN_POINT ( 'NONE',  ( 0.6999999999999999556, 0.05000000000000000278, -1.050000000000000044 ) ) ;
#4909 = ORIENTED_EDGE ( 'NONE', *, *, #2520, .T. ) ;
#4910 = LINE ( 'NONE', #313, #1041 ) ;
#4911 = PLANE ( 'NONE',  #3406 ) ;
#4912 = DIRECTION ( 'NONE',  ( -0.0000000000000000000, -0.0000000000000000000, -1.000000000000000000 ) ) ;
#4913 = EDGE_CURVE ( 'NONE', #2082, #4713, #1851, .T. ) ;
#4914 = DIRECTION ( 'NONE',  ( 0.0000000000000000000, -0.0000000000000000000, 1.000000000000000000 ) ) ;
#4915 = ADVANCED_FACE ( 'NONE', ( #3949 ), #1314, .T. ) ;
#4916 = DIRECTION ( 'NONE',  ( -0.0000000000000000000, 1.000000000000000000, 0.0000000000000000000 ) ) ;
#4917 = ORIENTED_EDGE ( 'NONE', *, *, #825, .T. ) ;
#4918 = LINE ( 'NONE', #1452, #2762 ) ;
#4919 = ORIENTED_EDGE ( 'NONE', *, *, #556, .T. ) ;
#4920 = ORIENTED_EDGE ( 'NONE', *, *, #4549, .F. ) ;
#4921 = DIRECTION ( 'NONE',  ( 1.000000000000000000, -0.0000000000000000000, 0.0000000000000000000 ) ) ;
#4922 = EDGE_CURVE ( 'NONE', #4389, #2847, #3592, .T. ) ;
#4923 = ORIENTED_EDGE ( 'NONE', *, *, #32, .F. ) ;
#4924 = VERTEX_POINT ( 'NONE', #182 ) ;
#4925 = DIRECTION ( 'NONE',  ( 0.0000000000000000000, 0.0000000000000000000, 1.000000000000000000 ) ) ;
#4926 = LINE ( 'NONE', #2177, #3823 ) ;
#4927 = CLOSED_SHELL ( 'NONE', ( #2466, #2068, #4259, #1724, #1905, #4270, #550, #3155 ) ) ;
#4928 = ORIENTED_EDGE ( 'NONE', *, *, #88, .T. ) ;
#4929 = PLANE ( 'NONE',  #1020 ) ;
#4930 = VECTOR ( 'NONE', #3242, 1000.000000000000000 ) ;
#4931 = FACE_OUTER_BOUND ( 'NONE', #692, .T. ) ;
#4932 = EDGE_CURVE ( 'NONE', #4697, #4268, #1669, .T. ) ;
#4933 = CARTESIAN_POINT ( 'NONE',  ( -0.6971748527479595392, 0.5499999999999999334, 1.179295375097376253 ) ) ;
#4934 = VECTOR ( 'NONE', #3157, 1000.000000000000000 ) ;
#4935 = CARTESIAN_POINT ( 'NONE',  ( 0.5000000000000000000, 0.05000000000000000278, 1.050000000000000044 ) ) ;
#4936 = DIRECTION ( 'NONE',  ( 0.0000000000000000000, -1.000000000000000000, -0.0000000000000000000 ) ) ;
#4937 =( GEOMETRIC_REPRESENTATION_CONTEXT ( 3 ) GLOBAL_UNCERTAINTY_ASSIGNED_CONTEXT ( ( #1962 ) ) GLOBAL_UNIT_ASSIGNED_CONTEXT ( ( #3539, #3611, #1244 ) ) REPRESENTATION_CONTEXT ( 'NONE', 'WORKASPACE' ) );
#4938 = ORIENTED_EDGE ( 'NONE', *, *, #2488, .F. ) ;
#4939 = CARTESIAN_POINT ( 'NONE',  ( 0.0000000000000000000, 0.0000000000000000000, 0.5000000000000000000 ) ) ;
#4940 = ADVANCED_FACE ( 'NONE', ( #2801 ), #3520, .T. ) ;
#4941 = UNCERTAINTY_MEASURE_WITH_UNIT (LENGTH_MEASURE( 1.000000000000000082E-05 ), #4903, 'distance_accuracy_value', 'NONE');
#4942 = ORIENTED_EDGE ( 'NONE', *, *, #3930, .F. ) ;
#4943 = VERTEX_POINT ( 'NONE', #530 ) ;
#4944 = VERTEX_POINT ( 'NONE', #4003 ) ;
#4945 = ADVANCED_FACE ( 'NONE', ( #2000 ), #78, .F. ) ;
#4946 = VECTOR ( 'NONE', #703, 1000.000000000000000 ) ;
#4947 = CARTESIAN_POINT ( 'NONE',  ( 0.0000000000000000000, 0.0000000000000000000, -0.9000000000000001332 ) ) ;
#4948 = ORIENTED_EDGE ( 'NONE', *, *, #3677, .F. ) ;
#4949 = VECTOR ( 'NONE', #4443, 1000.000000000000000 ) ;
#4950 = ORIENTED_EDGE ( 'NONE', *, *, #2844, .F. ) ;
#4951 = DIRECTION ( 'NONE',  ( 0.0000000000000000000, 1.000000000000000000, 0.0000000000000000000 ) ) ;
#4952 = EDGE_CURVE ( 'NONE', #1048, #470, #648, .T. ) ;
#4953 = PLANE ( 'NONE',  #3980 ) ;
#4954 = VECTOR ( 'NONE', #2058, 1000.000000000000000 ) ;
#4955 = CARTESIAN_POINT ( 'NONE',  ( -0.5000000000000000000, 0.0000000000000000000, -1.050000000000000044 ) ) ;
#4956 = DIRECTION ( 'NONE',  ( 0.0000000000000000000, -1.000000000000000000, -0.0000000000000000000 ) ) ;
#4957 = ORIENTED_EDGE ( 'NONE', *, *, #3313, .T. ) ;
#4958 =( GEOMETRIC_REPRESENTATION_CONTEXT ( 3 ) GLOBAL_UNCERTAINTY_ASSIGNED_CONTEXT ( ( #716 ) ) GLOBAL_UNIT_ASSIGNED_CONTEXT ( ( #2561, #2122, #3333 ) ) REPRESENTATION_CONTEXT ( 'NONE', 'WORKASPACE' ) );
#4959 = VECTOR ( 'NONE', #442, 1000.000000000000000 ) ;
#4960 = DIRECTION ( 'NONE',  ( 1.000000000000000000, -0.0000000000000000000, 0.0000000000000000000 ) ) ;
#4961 = CARTESIAN_POINT ( 'NONE',  ( -0.6045537556761362286, 0.5500000000000000444, 0.9476860744717853224 ) ) ;
#4962 = AXIS2_PLACEMENT_3D ( 'NONE', #2685, #3502, #4717 ) ;
#4963 = CARTESIAN_POINT ( 'NONE',  ( 0.0000000000000000000, 0.2500000000000000000, -0.1000000000000000056 ) ) ;
#4964 = DIRECTION ( 'NONE',  ( 0.0000000000000000000, -0.0000000000000000000, 1.000000000000000000 ) ) ;
#4965 = DIRECTION ( 'NONE',  ( -0.0000000000000000000, 0.0000000000000000000, -1.000000000000000000 ) ) ;
#4966 = ORIENTED_EDGE ( 'NONE', *, *, #151, .F. ) ;
#4967 = DIRECTION ( 'NONE',  ( 1.000000000000000000, 0.0000000000000000000, -0.0000000000000000000 ) ) ;
#4968 = FACE_OUTER_BOUND ( 'NONE', #4907, .T. ) ;
#4969 = PLANE ( 'NONE',  #2295 ) ;
#4970 = ORIENTED_EDGE ( 'NONE', *, *, #3716, .F. ) ;
#4971 = VECTOR ( 'NONE', #882, 1000.000000000000000 ) ;
ENDSEC;
END-ISO-10303-21;
