ISO-10303-21;
HEADER;
FILE_DESCRIPTION (( 'STEP AP214' ),
    '1' );
FILE_NAME ('F8D23774-0E6B-4E15-8B52-96B14E7C9DB7.STEP',
    '2025-05-14T16:00:14',
    ( '' ),
    ( '' ),
    'SwSTEP 2.0',
    'SolidWorks 2022',
    '' );
FILE_SCHEMA (( 'AUTOMOTIVE_DESIGN' ));
ENDSEC;

DATA;
#1 = CARTESIAN_POINT ( 'NONE',  ( -1.500000000000000000, -7.000000000000000000, 3.780859118568930199 ) ) ;
#2 = VERTEX_POINT ( 'NONE', #3318 ) ;
#3 = CARTESIAN_POINT ( 'NONE',  ( -1.550000000000000044, -7.000000000000000000, 0.0000000000000000000 ) ) ;
#4 = FILL_AREA_STYLE_COLOUR ( '', #1414 ) ;
#5 = AXIS2_PLACEMENT_3D ( 'NONE', #4353, #1519, #4397 ) ;
#6 = ORIENTED_EDGE ( 'NONE', *, *, #4131, .F. ) ;
#7 = CARTESIAN_POINT ( 'NONE',  ( -1.399999999999999911, -0.7200000000000000844, 3.550000000000000266 ) ) ;
#8 = ORIENTED_EDGE ( 'NONE', *, *, #4156, .F. ) ;
#9 = EDGE_CURVE ( 'NONE', #2154, #3168, #4502, .T. ) ;
#10 = COLOUR_RGB ( '',0.8980392156862745390, 0.8980392156862745390, 0.8980392156862745390 ) ;
#11 = CARTESIAN_POINT ( 'NONE',  ( -1.500000000000000000, -2.658085454641173406, 3.950000000000000178 ) ) ;
#12 = CARTESIAN_POINT ( 'NONE',  ( -1.283333333333332549, -6.999999999999990230, 6.080000000000000071 ) ) ;
#13 = CARTESIAN_POINT ( 'NONE',  ( 4.049999999999999822, -3.006493971390749920, -0.08000000000000000167 ) ) ;
#14 = ORIENTED_EDGE ( 'NONE', *, *, #1961, .F. ) ;
#15 = EDGE_CURVE ( 'NONE', #369, #253, #1686, .T. ) ;
#16 = ORIENTED_EDGE ( 'NONE', *, *, #256, .F. ) ;
#17 = CARTESIAN_POINT ( 'NONE',  ( -3.049999999999999822, -3.274776590342747706, 5.005690457820247019 ) ) ;
#18 = ORIENTED_EDGE ( 'NONE', *, *, #1893, .F. ) ;
#20 = B_SPLINE_CURVE_WITH_KNOTS ( 'NONE', 3,
 ( #1137, #4138, #3389, #2671 ),
 .UNSPECIFIED., .F., .F.,
 ( 4, 4 ),
 ( 0.0000000000000000000, 1.000000000000000000 ),
 .UNSPECIFIED. ) ;
#19 = SURFACE_SIDE_STYLE ('',( #413 ) ) ;
#21 =( NAMED_UNIT ( * ) SI_UNIT ( $, .STERADIAN. ) SOLID_ANGLE_UNIT ( ) );
#22 = CARTESIAN_POINT ( 'NONE',  ( -0.3500000000000049738, 0.0000000000000000000, 5.500000000000000888 ) ) ;
#23 = EDGE_CURVE ( 'NONE', #322, #2807, #2361, .T. ) ;
#24 = CARTESIAN_POINT ( 'NONE',  ( 0.4698800000000000199, -10.33999999999999986, -0.5301200000000000356 ) ) ;
#25 = CARTESIAN_POINT ( 'NONE',  ( 5.100000000000000533, -4.533333333333333215, 0.0000000000000000000 ) ) ;
#26 = ORIENTED_EDGE ( 'NONE', *, *, #1593, .F. ) ;
#27 = PLANE ( 'NONE',  #3440 ) ;
#28 = B_SPLINE_CURVE_WITH_KNOTS ( 'NONE', 3,
 ( #3390, #1205, #3411, #467 ),
 .UNSPECIFIED., .F., .F.,
 ( 4, 4 ),
 ( 0.0000000000000000000, 1.000000000000000000 ),
 .UNSPECIFIED. ) ;
#29 = CARTESIAN_POINT ( 'NONE',  ( -1.016666666666660612, -7.000000000000000000, 2.700000000000000178 ) ) ;
#30 = B_SPLINE_CURVE_WITH_KNOTS ( 'NONE', 3,
 ( #2886, #1018, #1727, #4345 ),
 .UNSPECIFIED., .F., .F.,
 ( 4, 4 ),
 ( 0.0000000000000000000, 1.000000000000000000 ),
 .UNSPECIFIED. ) ;
#31 = B_SPLINE_CURVE_WITH_KNOTS ( 'NONE', 3,
 ( #3974, #4322, #2959, #2509 ),
 .UNSPECIFIED., .F., .F.,
 ( 4, 4 ),
 ( 0.0000000000000000000, 1.000000000000000000 ),
 .UNSPECIFIED. ) ;
#32 = VERTEX_POINT ( 'NONE', #174 ) ;
#33 = UNCERTAINTY_MEASURE_WITH_UNIT (LENGTH_MEASURE( 1.000000000000000082E-05 ), #2464, 'distance_accuracy_value', 'NONE');
#34 = CARTESIAN_POINT ( 'NONE',  ( 1.199999999999999956, -0.7199999999999973088, 3.850000000000000977 ) ) ;
#35 = ORIENTED_EDGE ( 'NONE', *, *, #80, .F. ) ;
#36 = SURFACE_STYLE_FILL_AREA ( #3245 ) ;
#37 = PLANE ( 'NONE',  #596 ) ;
#38 = ORIENTED_EDGE ( 'NONE', *, *, #3067, .T. ) ;
#39 = ORIENTED_EDGE ( 'NONE', *, *, #4417, .F. ) ;
#40 = CARTESIAN_POINT ( 'NONE',  ( -3.050000000000000711, -3.244788055514187253, 5.059377906644439982 ) ) ;
#41 = B_SPLINE_CURVE_WITH_KNOTS ( 'NONE', 3,
 ( #767, #1509, #1163, #1020 ),
 .UNSPECIFIED., .F., .F.,
 ( 4, 4 ),
 ( 0.0000000000000000000, 1.000000000000000000 ),
 .UNSPECIFIED. ) ;
#42 = EDGE_CURVE ( 'NONE', #3468, #583, #2304, .T. ) ;
#43 = VERTEX_POINT ( 'NONE', #1563 ) ;
#44 = ORIENTED_EDGE ( 'NONE', *, *, #704, .F. ) ;
#45 = PLANE ( 'NONE',  #2314 ) ;
#46 = CARTESIAN_POINT ( 'NONE',  ( 3.049999999999999822, -1.103333333333333277, 4.299999999999999822 ) ) ;
#47 = FACE_OUTER_BOUND ( 'NONE', #3273, .T. ) ;
#48 = CARTESIAN_POINT ( 'NONE',  ( 1.738067785992279957, -7.799999999999999822, 1.090000000000000080 ) ) ;
#49 = PRESENTATION_STYLE_ASSIGNMENT (( #3620 ) ) ;
#50 = EDGE_CURVE ( 'NONE', #1544, #3700, #250, .T. ) ;
#51 = EDGE_LOOP ( 'NONE', ( #3267, #1085, #3381, #3287, #1512, #2911, #1140, #1173, #3655, #4330, #3991, #655, #1646, #3294, #2162, #3254, #2637 ) ) ;
#52 = PLANE ( 'NONE',  #2089 ) ;
#53 = CARTESIAN_POINT ( 'NONE',  ( 1.550000000000000266, -7.377512199590586128, 0.0000000000000000000 ) ) ;
#54 = FILL_AREA_STYLE_COLOUR ( '', #679 ) ;
#55 = SURFACE_SIDE_STYLE ('',( #3555 ) ) ;
#56 = CARTESIAN_POINT ( 'NONE',  ( 3.850000000000000089, -0.08406282870510960181, 2.200000000000000178 ) ) ;
#57 = CARTESIAN_POINT ( 'NONE',  ( -5.100000000000000533, -5.299999999999999822, 2.850000000000000089 ) ) ;
#58 = ORIENTED_EDGE ( 'NONE', *, *, #4025, .T. ) ;
#60 = ORIENTED_EDGE ( 'NONE', *, *, #933, .F. ) ;
#59 = B_SPLINE_CURVE_WITH_KNOTS ( 'NONE', 1,
 ( #3548, #4292 ),
 .UNSPECIFIED., .F., .F.,
 ( 2, 2 ),
 ( 0.0000000000000000000, 1.455302503148149906 ),
 .UNSPECIFIED. ) ;
#61 = CARTESIAN_POINT ( 'NONE',  ( -0.8699999999999999956, -4.599999999999999645, 6.080000000000000071 ) ) ;
#62 = ORIENTED_EDGE ( 'NONE', *, *, #649, .F. ) ;
#63 =( LENGTH_UNIT ( ) NAMED_UNIT ( * ) SI_UNIT ( .MILLI., .METRE. ) );
#64 = CARTESIAN_POINT ( 'NONE',  ( 1.000000000000000000, -7.000000000000000000, 3.780859118568930199 ) ) ;
#65 = EDGE_CURVE ( 'NONE', #1345, #1228, #1070, .T. ) ;
#66 = CARTESIAN_POINT ( 'NONE',  ( 1.500000000000000000, -8.317569314890061349, 0.5000000000000000000 ) ) ;
#67 = B_SPLINE_CURVE_WITH_KNOTS ( 'NONE', 3,
 ( #260, #2732, #3419, #4531 ),
 .UNSPECIFIED., .F., .F.,
 ( 4, 4 ),
 ( 0.0000000000000000000, 1.000000000000000000 ),
 .UNSPECIFIED. ) ;
#68 = CARTESIAN_POINT ( 'NONE',  ( -4.049999999999999822, -0.2560418858034070322, 2.200000000000000178 ) ) ;
#69 = CARTESIAN_POINT ( 'NONE',  ( -4.049999999999999822, -0.08406282870510990712, 2.200000000000000178 ) ) ;
#70 = CARTESIAN_POINT ( 'NONE',  ( 1.033333333333331217, -1.098085454641178904, 3.483333333333332948 ) ) ;
#71 = AXIS2_PLACEMENT_3D ( 'NONE', #3994, #1848, #3288 ) ;
#72 = DIRECTION ( 'NONE',  ( 1.204926281437670091E-18, -0.1736481776669319410, 0.9848077530122077983 ) ) ;
#73 = CARTESIAN_POINT ( 'NONE',  ( 5.100000000000000533, -5.770120000000000360, -0.2851199999999999846 ) ) ;
#74 = COLOUR_RGB ( '',0.8980392156862745390, 0.8980392156862745390, 0.8980392156862745390 ) ;
#75 = B_SPLINE_CURVE_WITH_KNOTS ( 'NONE', 3,
 ( #2964, #4512, #1286, #2259 ),
 .UNSPECIFIED., .F., .F.,
 ( 4, 4 ),
 ( 0.0000000000000000000, 1.000000000000000000 ),
 .UNSPECIFIED. ) ;
#76 = VERTEX_POINT ( 'NONE', #3025 ) ;
#77 = UNCERTAINTY_MEASURE_WITH_UNIT (LENGTH_MEASURE( 1.000000000000000082E-05 ), #1250, 'distance_accuracy_value', 'NONE');
#78 = CARTESIAN_POINT ( 'NONE',  ( -3.050000000000000266, -5.400000000000000355, 2.463333333333332931 ) ) ;
#79 = VERTEX_POINT ( 'NONE', #1652 ) ;
#80 = EDGE_CURVE ( 'NONE', #1968, #1903, #2587, .T. ) ;
#81 = B_SPLINE_CURVE_WITH_KNOTS ( 'NONE', 3,
 ( #3738, #70, #1570, #179 ),
 .UNSPECIFIED., .F., .F.,
 ( 4, 4 ),
 ( 0.0000000000000000000, 1.000000000000000000 ),
 .UNSPECIFIED. ) ;
#82 = DIRECTION ( 'NONE',  ( 0.7791056687136858061, 0.6268926199742669292, 0.0000000000000000000 ) ) ;
#83 = FILL_AREA_STYLE_COLOUR ( '', #1630 ) ;
#84 = COLOUR_RGB ( '',0.8980392156862745390, 0.8980392156862745390, 0.8980392156862745390 ) ;
#85 = CARTESIAN_POINT ( 'NONE',  ( 2.369880000000000209, -8.408637782832981244, 3.702857191727280117 ) ) ;
#86 = CARTESIAN_POINT ( 'NONE',  ( 2.150120000000000253, -5.811407181803820876, 3.449999999999999734 ) ) ;
#87 = ORIENTED_EDGE ( 'NONE', *, *, #1402, .T. ) ;
#88 = EDGE_CURVE ( 'NONE', #3963, #4577, #4555, .T. ) ;
#89 = VERTEX_POINT ( 'NONE', #613 ) ;
#90 = DIRECTION ( 'NONE',  ( 1.000000000000000000, 0.0000000000000000000, 0.0000000000000000000 ) ) ;
#91 = B_SPLINE_CURVE_WITH_KNOTS ( 'NONE', 3,
 ( #3070, #4085, #861, #4103 ),
 .UNSPECIFIED., .F., .F.,
 ( 4, 4 ),
 ( 0.0000000000000000000, 1.000000000000000000 ),
 .UNSPECIFIED. ) ;
#92 = B_SPLINE_CURVE_WITH_KNOTS ( 'NONE', 3,
 ( #4071, #888, #522, #1972 ),
 .UNSPECIFIED., .F., .F.,
 ( 4, 4 ),
 ( 0.0000000000000000000, 1.000000000000000000 ),
 .UNSPECIFIED. ) ;
#93 = ORIENTED_EDGE ( 'NONE', *, *, #2758, .F. ) ;
#94 = CARTESIAN_POINT ( 'NONE',  ( 1.250000000000000000, -8.520221196276558828, 1.053442945548549892 ) ) ;
#95 = DIRECTION ( 'NONE',  ( 0.0000000000000000000, 1.000000000000000000, 0.0000000000000000000 ) ) ;
#96 = CARTESIAN_POINT ( 'NONE',  ( -4.049999999999999822, -3.000000000000000000, 1.090000000000000080 ) ) ;
#97 = CARTESIAN_POINT ( 'NONE',  ( -1.612689261997426016, -7.644178866257259841, 1.090000000000000080 ) ) ;
#98 = DIRECTION ( 'NONE',  ( 0.0000000000000000000, -3.148193827638730051E-16, -1.000000000000000000 ) ) ;
#99 = CARTESIAN_POINT ( 'NONE',  ( 3.050000000000000266, 1.091865616008679887E-15, 1.090000000000000080 ) ) ;
#100 = B_SPLINE_CURVE_WITH_KNOTS ( 'NONE', 3,
 ( #2516, #1794, #68, #1107 ),
 .UNSPECIFIED., .F., .F.,
 ( 4, 4 ),
 ( 0.0000000000000000000, 1.000000000000000000 ),
 .UNSPECIFIED. ) ;
#101 = ADVANCED_FACE ( 'NONE', ( #193 ), #2429, .T. ) ;
#102 = ADVANCED_FACE ( 'NONE', ( #4132 ), #2014, .T. ) ;
#103 = VERTEX_POINT ( 'NONE', #3122 ) ;
#104 = CARTESIAN_POINT ( 'NONE',  ( 3.049999999999999822, -6.466666666666667673, 4.700000000000000178 ) ) ;
#105 = VERTEX_POINT ( 'NONE', #3800 ) ;
#106 = CARTESIAN_POINT ( 'NONE',  ( 3.050000000000000266, -7.799999999999999822, 4.029999999999999361 ) ) ;
#107 = CARTESIAN_POINT ( 'NONE',  ( 1.066666666666666430, -0.9090427273205845538, 3.883333333333334192 ) ) ;
#108 = CARTESIAN_POINT ( 'NONE',  ( -1.100000000000000089, -0.7200000000000000844, 3.550000000000000266 ) ) ;
#109 = CARTESIAN_POINT ( 'NONE',  ( -3.850000000000000089, -7.000000000000000000, 4.460000000000000853 ) ) ;
#110 = ORIENTED_EDGE ( 'NONE', *, *, #1894, .F. ) ;
#111 = CARTESIAN_POINT ( 'NONE',  ( 1.806662234587993021, -1.653315185207049121, 5.209999999999999076 ) ) ;
#112 = FACE_OUTER_BOUND ( 'NONE', #3726, .T. ) ;
#113 = EDGE_CURVE ( 'NONE', #3947, #2210, #3433, .T. ) ;
#114 = ORIENTED_EDGE ( 'NONE', *, *, #1346, .F. ) ;
#115 = CARTESIAN_POINT ( 'NONE',  ( 1.550000000000000044, -7.188756099795286403, 1.089999999999999858 ) ) ;
#116 = DIRECTION ( 'NONE',  ( -0.0000000000000000000, 1.000000000000000000, 0.0000000000000000000 ) ) ;
#117 = ORIENTED_EDGE ( 'NONE', *, *, #88, .F. ) ;
#118 = CARTESIAN_POINT ( 'NONE',  ( -1.500000000000000000, -5.400000000000000355, 3.449999999999999734 ) ) ;
#119 = CARTESIAN_POINT ( 'NONE',  ( -0.9499999999999999556, -7.566268299385889406, 0.0000000000000000000 ) ) ;
#120 = FACE_OUTER_BOUND ( 'NONE', #332, .T. ) ;
#121 = DIRECTION ( 'NONE',  ( 0.0000000000000000000, 0.0000000000000000000, 1.000000000000000000 ) ) ;
#122 = ORIENTED_EDGE ( 'NONE', *, *, #3043, .T. ) ;
#123 = UNCERTAINTY_MEASURE_WITH_UNIT (LENGTH_MEASURE( 1.000000000000000082E-05 ), #3772, 'distance_accuracy_value', 'NONE');
#124 = EDGE_LOOP ( 'NONE', ( #2602, #736, #346, #3177 ) ) ;
#125 = CARTESIAN_POINT ( 'NONE',  ( -1.550000000000000044, -7.566268299385889406, 0.0000000000000000000 ) ) ;
#126 = DIRECTION ( 'NONE',  ( -0.1736481776669309696, 0.9848077530122079093, 0.0000000000000000000 ) ) ;
#127 = DIRECTION ( 'NONE',  ( 0.0000000000000000000, 0.0000000000000000000, -1.000000000000000000 ) ) ;
#128 = B_SPLINE_CURVE_WITH_KNOTS ( 'NONE', 1,
 ( #3427, #4134 ),
 .UNSPECIFIED., .F., .F.,
 ( 2, 2 ),
 ( 0.0000000000000000000, 0.5000000000000000000 ),
 .UNSPECIFIED. ) ;
#129 = CARTESIAN_POINT ( 'NONE',  ( 3.049999999999999822, -7.000000000000000000, 3.286666666666667069 ) ) ;
#130 = PLANE ( 'NONE',  #2308 ) ;
#131 = ORIENTED_EDGE ( 'NONE', *, *, #3584, .T. ) ;
#132 = VERTEX_POINT ( 'NONE', #3778 ) ;
#133 = CARTESIAN_POINT ( 'NONE',  ( 1.000000000000000000, -9.772871818038218805, 0.5000000000000000000 ) ) ;
#134 = ADVANCED_FACE ( 'NONE', ( #218 ), #242, .T. ) ;
#135 = CARTESIAN_POINT ( 'NONE',  ( 3.050000000000000266, -5.400000000000000355, 1.090000000000000080 ) ) ;
#136 = SURFACE_STYLE_FILL_AREA ( #1910 ) ;
#137 = CARTESIAN_POINT ( 'NONE',  ( 3.050000000000000266, -6.200000000000000178, 5.209999999999999964 ) ) ;
#138 = VERTEX_POINT ( 'NONE', #976 ) ;
#139 = EDGE_CURVE ( 'NONE', #2665, #4503, #3828, .T. ) ;
#140 =( NAMED_UNIT ( * ) SI_UNIT ( $, .STERADIAN. ) SOLID_ANGLE_UNIT ( ) );
#141 =( NAMED_UNIT ( * ) SI_UNIT ( $, .STERADIAN. ) SOLID_ANGLE_UNIT ( ) );
#142 = VERTEX_POINT ( 'NONE', #2407 ) ;
#143 = CARTESIAN_POINT ( 'NONE',  ( -1.738067785992279957, -7.799999999999999822, 0.0000000000000000000 ) ) ;
#144 = SURFACE_STYLE_USAGE ( .BOTH. , #2660 ) ;
#145 =( GEOMETRIC_REPRESENTATION_CONTEXT ( 3 ) GLOBAL_UNCERTAINTY_ASSIGNED_CONTEXT ( ( #4342 ) ) GLOBAL_UNIT_ASSIGNED_CONTEXT ( ( #978, #2433, #3284 ) ) REPRESENTATION_CONTEXT ( 'NONE', 'WORKASPACE' ) );
#146 = AXIS2_PLACEMENT_3D ( 'NONE', #3164, #3187, #1769 ) ;
#147 = EDGE_CURVE ( 'NONE', #3489, #1094, #2027, .T. ) ;
#148 = CARTESIAN_POINT ( 'NONE',  ( -1.751256890803259969, -0.5599999999999999423, 6.080000000000000071 ) ) ;
#149 = CARTESIAN_POINT ( 'NONE',  ( -1.500000000000000000, -5.400000000000000355, 3.449999999999999734 ) ) ;
#150 = ORIENTED_EDGE ( 'NONE', *, *, #4005, .T. ) ;
#151 = ORIENTED_EDGE ( 'NONE', *, *, #3237, .F. ) ;
#152 =( GEOMETRIC_REPRESENTATION_CONTEXT ( 3 ) GLOBAL_UNCERTAINTY_ASSIGNED_CONTEXT ( ( #4563 ) ) GLOBAL_UNIT_ASSIGNED_CONTEXT ( ( #2916, #1857, #753 ) ) REPRESENTATION_CONTEXT ( 'NONE', 'WORKASPACE' ) );
#153 = FILL_AREA_STYLE ('',( #1543 ) ) ;
#154 = B_SPLINE_CURVE_WITH_KNOTS ( 'NONE', 3,
 ( #4408, #3704, #871, #1590 ),
 .UNSPECIFIED., .F., .F.,
 ( 4, 4 ),
 ( 0.0000000000000000000, 1.000000000000000000 ),
 .UNSPECIFIED. ) ;
#155 = AXIS2_PLACEMENT_3D ( 'NONE', #243, #4481, #2604 ) ;
#156 = EDGE_CURVE ( 'NONE', #2046, #4077, #795, .T. ) ;
#157 = CARTESIAN_POINT ( 'NONE',  ( 3.850000000000000089, 1.091865616008679887E-15, 0.0000000000000000000 ) ) ;
#158 = ORIENTED_EDGE ( 'NONE', *, *, #4514, .T. ) ;
#159 = CARTESIAN_POINT ( 'NONE',  ( -1.000000000000000000, -9.772871818038209923, 0.5000000000000000000 ) ) ;
#160 = CARTESIAN_POINT ( 'NONE',  ( -3.850000000000000089, 3.622850476404775104E-15, 5.209999999999999964 ) ) ;
#161 = PLANE ( 'NONE',  #4260 ) ;
#162 = ORIENTED_EDGE ( 'NONE', *, *, #3394, .T. ) ;
#163 = SURFACE_STYLE_USAGE ( .BOTH. , #444 ) ;
#164 = SURFACE_STYLE_FILL_AREA ( #2283 ) ;
#165 = EDGE_CURVE ( 'NONE', #3845, #2930, #30, .T. ) ;
#166 = B_SPLINE_CURVE_WITH_KNOTS ( 'NONE', 1,
 ( #3956, #737 ),
 .UNSPECIFIED., .F., .F.,
 ( 2, 2 ),
 ( 0.0000000000000000000, 0.2999999999999999889 ),
 .UNSPECIFIED. ) ;
#167 = ORIENTED_EDGE ( 'NONE', *, *, #3584, .F. ) ;
#168 = CARTESIAN_POINT ( 'NONE',  ( 1.500000000000000000, -7.406778174262040437, 3.192135588967509818 ) ) ;
#169 = SURFACE_SIDE_STYLE ('',( #1599 ) ) ;
#170 = DIRECTION ( 'NONE',  ( 1.000000000000000000, 0.0000000000000000000, 0.0000000000000000000 ) ) ;
#171 = CARTESIAN_POINT ( 'NONE',  ( 3.850000000000000089, -2.777939915136560055E-15, 5.209999999999999964 ) ) ;
#172 = CARTESIAN_POINT ( 'NONE',  ( 4.049999999999999822, -3.002164657130250713, 0.0000000000000000000 ) ) ;
#173 = ORIENTED_EDGE ( 'NONE', *, *, #593, .T. ) ;
#174 = CARTESIAN_POINT ( 'NONE',  ( 1.100000000000000089, -10.33999999999999986, 0.4000000000000000222 ) ) ;
#175 = CARTESIAN_POINT ( 'NONE',  ( 4.049999999999999822, -0.2560418858034073097, 2.200000000000000178 ) ) ;
#176 = CARTESIAN_POINT ( 'NONE',  ( -1.399999999999999911, -10.33999999999999986, 0.1000000000000000056 ) ) ;
#177 = EDGE_LOOP ( 'NONE', ( #3484, #3176, #457, #969 ) ) ;
#178 = CARTESIAN_POINT ( 'NONE',  ( 3.850000000000000089, -3.310000000000000497, 4.666666666666666963 ) ) ;
#179 = CARTESIAN_POINT ( 'NONE',  ( 1.100000000000000089, -0.7200000000000000844, 3.550000000000000266 ) ) ;
#180 = B_SPLINE_CURVE_WITH_KNOTS ( 'NONE', 3,
 ( #2869, #4304, #4356, #2559 ),
 .UNSPECIFIED., .F., .F.,
 ( 4, 4 ),
 ( 0.0000000000000000000, 1.000000000000000000 ),
 .UNSPECIFIED. ) ;
#181 = DIRECTION ( 'NONE',  ( 0.0000000000000000000, 0.0000000000000000000, -1.000000000000000000 ) ) ;
#182 = ORIENTED_EDGE ( 'NONE', *, *, #4293, .F. ) ;
#183 = FILL_AREA_STYLE_COLOUR ( '', #887 ) ;
#184 = SURFACE_SIDE_STYLE ('',( #164 ) ) ;
#185 = ORIENTED_EDGE ( 'NONE', *, *, #503, .F. ) ;
#186 = ORIENTED_EDGE ( 'NONE', *, *, #3716, .T. ) ;
#187 = CARTESIAN_POINT ( 'NONE',  ( 3.850000000000000089, 3.622850476404775104E-15, 5.209999999999999964 ) ) ;
#188 = CARTESIAN_POINT ( 'NONE',  ( -3.850000000000000089, -7.000000000000000000, 4.460000000000000853 ) ) ;
#189 = ADVANCED_FACE ( 'NONE', ( #1752 ), #359, .T. ) ;
#190 = CARTESIAN_POINT ( 'NONE',  ( 3.850000000000000089, -5.299999999999999822, 2.850000000000000089 ) ) ;
#191 = CARTESIAN_POINT ( 'NONE',  ( 0.3500000000000044742, 1.965225821582489834E-15, 5.209999999999999964 ) ) ;
#192 = EDGE_LOOP ( 'NONE', ( #2561, #3152, #1670, #247 ) ) ;
#193 = FACE_OUTER_BOUND ( 'NONE', #3951, .T. ) ;
#194 = CARTESIAN_POINT ( 'NONE',  ( 1.000000000000000888, -5.400000000000000355, 3.616666666666666252 ) ) ;
#195 = CARTESIAN_POINT ( 'NONE',  ( 1.016666666666670160, -7.000000000000000000, 4.700000000000000178 ) ) ;
#196 = EDGE_CURVE ( 'NONE', #715, #4172, #2751, .T. ) ;
#197 = CARTESIAN_POINT ( 'NONE',  ( 0.7619322140077210426, -7.799999999999999822, 0.0000000000000000000 ) ) ;
#198 = CARTESIAN_POINT ( 'NONE',  ( 3.850000000000000089, -5.299999999999999822, 2.850000000000000089 ) ) ;
#199 = ORIENTED_EDGE ( 'NONE', *, *, #1843, .F. ) ;
#200 = CARTESIAN_POINT ( 'NONE',  ( -3.050000000000000266, -6.200000000000000178, 2.700000000000000178 ) ) ;
#202 = CARTESIAN_POINT ( 'NONE',  ( 3.850000000000000089, -8.580120000000000857, -0.6081199999999999939 ) ) ;
#201 = B_SPLINE_CURVE_WITH_KNOTS ( 'NONE', 1,
 ( #1462, #421 ),
 .UNSPECIFIED., .F., .F.,
 ( 2, 2 ),
 ( -1.455302503148159898, 0.0000000000000000000 ),
 .UNSPECIFIED. ) ;
#203 = EDGE_CURVE ( 'NONE', #1164, #2130, #3325, .T. ) ;
#204 = CARTESIAN_POINT ( 'NONE',  ( -3.050000000000000266, -5.400000000000000355, 5.209999999999999964 ) ) ;
#205 =( LENGTH_UNIT ( ) NAMED_UNIT ( * ) SI_UNIT ( .MILLI., .METRE. ) );
#206 = ORIENTED_EDGE ( 'NONE', *, *, #261, .F. ) ;
#207 = CARTESIAN_POINT ( 'NONE',  ( 1.500000000000000000, -4.029042727320587325, 3.950000000000000178 ) ) ;
#208 = CARTESIAN_POINT ( 'NONE',  ( 4.399999999999999467, -3.000000000000000000, 0.0000000000000000000 ) ) ;
#209 = B_SPLINE_CURVE_WITH_KNOTS ( 'NONE', 3,
 ( #2026, #3178, #2818, #4255 ),
 .UNSPECIFIED., .F., .F.,
 ( 4, 4 ),
 ( 0.0000000000000000000, 1.000000000000000000 ),
 .UNSPECIFIED. ) ;
#210 = EDGE_CURVE ( 'NONE', #1073, #2807, #4387, .T. ) ;
#211 = ORIENTED_EDGE ( 'NONE', *, *, #2149, .F. ) ;
#212 = DIRECTION ( 'NONE',  ( 1.000000000000000000, 0.0000000000000000000, 0.0000000000000000000 ) ) ;
#213 = CARTESIAN_POINT ( 'NONE',  ( 3.916666666666666519, -3.004329314260500094, 0.0000000000000000000 ) ) ;
#214 = ADVANCED_FACE ( 'NONE', ( #1827 ), #683, .T. ) ;
#215 = CARTESIAN_POINT ( 'NONE',  ( 1.500000000000000000, -7.000000000000000000, 3.780859118568930199 ) ) ;
#216 = CARTESIAN_POINT ( 'NONE',  ( -0.9499999999999999556, -7.000000000000000000, 0.3633333333333332305 ) ) ;
#217 = ORIENTED_EDGE ( 'NONE', *, *, #761, .T. ) ;
#218 = FACE_OUTER_BOUND ( 'NONE', #3127, .T. ) ;
#219 = CARTESIAN_POINT ( 'NONE',  ( -2.369880000000000209, -3.641119999999999912, 4.299999999999999822 ) ) ;
#220 = AXIS2_PLACEMENT_3D ( 'NONE', #1719, #4262, #3161 ) ;
#221 = CARTESIAN_POINT ( 'NONE',  ( -1.000000000000000000, -0.8757210001579359693, 2.799879999999999924 ) ) ;
#222 = EDGE_CURVE ( 'NONE', #3910, #4125, #1126, .T. ) ;
#223 =( GEOMETRIC_REPRESENTATION_CONTEXT ( 3 ) GLOBAL_UNCERTAINTY_ASSIGNED_CONTEXT ( ( #1845 ) ) GLOBAL_UNIT_ASSIGNED_CONTEXT ( ( #63, #2919, #1411 ) ) REPRESENTATION_CONTEXT ( 'NONE', 'WORKASPACE' ) );
#224 = CARTESIAN_POINT ( 'NONE',  ( -4.266666666666665719, -0.5999999999999999778, 2.850000000000000089 ) ) ;
#225 = ORIENTED_EDGE ( 'NONE', *, *, #1204, .F. ) ;
#226 =( GEOMETRIC_REPRESENTATION_CONTEXT ( 3 ) GLOBAL_UNCERTAINTY_ASSIGNED_CONTEXT ( ( #3355 ) ) GLOBAL_UNIT_ASSIGNED_CONTEXT ( ( #3673, #4301, #4022 ) ) REPRESENTATION_CONTEXT ( 'NONE', 'WORKASPACE' ) );
#227 = PRESENTATION_LAYER_ASSIGNMENT (  '', '', ( #4270 ) ) ;
#228 = DIRECTION ( 'NONE',  ( 0.0000000000000000000, 0.0000000000000000000, 1.000000000000000000 ) ) ;
#229 = PRESENTATION_LAYER_ASSIGNMENT (  '', '', ( #2245 ) ) ;
#230 = VERTEX_POINT ( 'NONE', #3311 ) ;
#231 = CARTESIAN_POINT ( 'NONE',  ( 4.049999999999999822, -0.5999999999999999778, 1.090000000000000080 ) ) ;
#232 = PLANE ( 'NONE',  #2379 ) ;
#233 = CARTESIAN_POINT ( 'NONE',  ( -3.050000000000000266, -7.799999999999999822, 4.029999999999999361 ) ) ;
#234 = VERTEX_POINT ( 'NONE', #3377 ) ;
#235 = CARTESIAN_POINT ( 'NONE',  ( -1.500000000000000000, -7.000000000000000000, 3.780859118568930199 ) ) ;
#236 = APPLICATION_PROTOCOL_DEFINITION ( 'draft international standard', 'automotive_design', 1998, #1231 ) ;
#237 = DIRECTION ( 'NONE',  ( 1.000000000000000000, 0.0000000000000000000, 0.0000000000000000000 ) ) ;
#238 = EDGE_CURVE ( 'NONE', #2980, #3628, #4520, .T. ) ;
#239 = B_SPLINE_CURVE_WITH_KNOTS ( 'NONE', 3,
 ( #609, #4147, #2731, #2055 ),
 .UNSPECIFIED., .F., .F.,
 ( 4, 4 ),
 ( 0.0000000000000000000, 1.000000000000000000 ),
 .UNSPECIFIED. ) ;
#240 = CARTESIAN_POINT ( 'NONE',  ( 1.806193986409600827, -1.370504178998698475, 5.209999999999999964 ) ) ;
#241 = VERTEX_POINT ( 'NONE', #1190 ) ;
#242 = PLANE ( 'NONE',  #3054 ) ;
#243 = CARTESIAN_POINT ( 'NONE',  ( 2.150120000000000253, -9.926006334810860920, 0.0000000000000000000 ) ) ;
#244 = DIRECTION ( 'NONE',  ( 0.0000000000000000000, 0.0000000000000000000, 1.000000000000000000 ) ) ;
#245 = FACE_OUTER_BOUND ( 'NONE', #4368, .T. ) ;
#246 = CARTESIAN_POINT ( 'NONE',  ( 0.9499999999999999556, -7.566268299385879637, 1.090000000000000080 ) ) ;
#247 = ORIENTED_EDGE ( 'NONE', *, *, #802, .F. ) ;
#248 = FACE_OUTER_BOUND ( 'NONE', #309, .T. ) ;
#249 = ADVANCED_FACE ( 'NONE', ( #2286 ), #1878, .T. ) ;
#250 = B_SPLINE_CURVE_WITH_KNOTS ( 'NONE', 3,
 ( #2690, #3147, #3827, #1285 ),
 .UNSPECIFIED., .F., .F.,
 ( 4, 4 ),
 ( 0.0000000000000000000, 1.000000000000000000 ),
 .UNSPECIFIED. ) ;
#251 = B_SPLINE_CURVE_WITH_KNOTS ( 'NONE', 3,
 ( #980, #4615, #1359, #1049 ),
 .UNSPECIFIED., .F., .F.,
 ( 4, 4 ),
 ( 0.0000000000000000000, 1.000000000000000000 ),
 .UNSPECIFIED. ) ;
#252 = CARTESIAN_POINT ( 'NONE',  ( -1.500000000000000000, -1.287128181961759932, 3.950000000000000178 ) ) ;
#253 = VERTEX_POINT ( 'NONE', #4041 ) ;
#254 = CARTESIAN_POINT ( 'NONE',  ( -3.850000000000000089, -3.127651546735139565, 5.163366380951815771 ) ) ;
#255 = CARTESIAN_POINT ( 'NONE',  ( 3.850000000000000977, -2.032350257162203633, 0.0000000000000000000 ) ) ;
#256 = EDGE_CURVE ( 'NONE', #269, #4303, #2694, .T. ) ;
#257 = ORIENTED_EDGE ( 'NONE', *, *, #584, .F. ) ;
#258 = VERTEX_POINT ( 'NONE', #1579 ) ;
#259 = CARTESIAN_POINT ( 'NONE',  ( -3.850000000000000089, -5.299999999999999822, 2.850000000000000089 ) ) ;
#260 = CARTESIAN_POINT ( 'NONE',  ( 1.850000000000000089, 3.225309679826754708E-15, 6.080000000000000071 ) ) ;
#261 = EDGE_CURVE ( 'NONE', #2558, #2807, #3553, .T. ) ;
#262 = VERTEX_POINT ( 'NONE', #2934 ) ;
#263 = CARTESIAN_POINT ( 'NONE',  ( -1.033333333333333881, -1.098085454641172021, 3.916666666666668295 ) ) ;
#264 = ORIENTED_EDGE ( 'NONE', *, *, #2446, .F. ) ;
#265 = FILL_AREA_STYLE ('',( #1356 ) ) ;
#266 = FILL_AREA_STYLE_COLOUR ( '', #1104 ) ;
#267 = CARTESIAN_POINT ( 'NONE',  ( 1.500000000000000000, -1.287128181961759932, 3.950000000000000178 ) ) ;
#268 = CARTESIAN_POINT ( 'NONE',  ( -3.050000000000000266, -7.000000000000000000, 5.209999999999999964 ) ) ;
#269 = VERTEX_POINT ( 'NONE', #3017 ) ;
#270 = ORIENTED_EDGE ( 'NONE', *, *, #553, .T. ) ;
#271 = PLANE ( 'NONE',  #4263 ) ;
#272 = B_SPLINE_CURVE_WITH_KNOTS ( 'NONE', 1,
 ( #4066, #2228 ),
 .UNSPECIFIED., .F., .F.,
 ( 2, 2 ),
 ( -0.5844949741231939555, 0.0000000000000000000 ),
 .UNSPECIFIED. ) ;
#273 = FILL_AREA_STYLE_COLOUR ( '', #4108 ) ;
#274 = DIRECTION ( 'NONE',  ( 0.0000000000000000000, -1.000000000000000000, 0.0000000000000000000 ) ) ;
#275 = ORIENTED_EDGE ( 'NONE', *, *, #3218, .T. ) ;
#276 = CARTESIAN_POINT ( 'NONE',  ( -3.850000000000000533, -3.105690457820239558, 5.174776590342754723 ) ) ;
#277 = B_SPLINE_CURVE_WITH_KNOTS ( 'NONE', 1,
 ( #2265, #1508 ),
 .UNSPECIFIED., .F., .F.,
 ( 2, 2 ),
 ( -2.338032229735130141, 0.0000000000000000000 ),
 .UNSPECIFIED. ) ;
#278 = CARTESIAN_POINT ( 'NONE',  ( 1.550000000000000044, -7.566268299385879637, 0.7266666666666665719 ) ) ;
#279 = FACE_BOUND ( 'NONE', #3713, .T. ) ;
#280 = CARTESIAN_POINT ( 'NONE',  ( 1.500000000000000000, -8.242726650311741565, 1.110223024625159992E-16 ) ) ;
#281 = ORIENTED_EDGE ( 'NONE', *, *, #2020, .T. ) ;
#282 = CARTESIAN_POINT ( 'NONE',  ( -0.3500000000000044742, -4.599999999999999645, 5.209999999999999964 ) ) ;
#283 = ORIENTED_EDGE ( 'NONE', *, *, #2832, .T. ) ;
#284 =( NAMED_UNIT ( * ) PLANE_ANGLE_UNIT ( ) SI_UNIT ( $, .RADIAN. ) );
#285 = SURFACE_SIDE_STYLE ('',( #4153 ) ) ;
#286 = CYLINDRICAL_SURFACE ( 'NONE', #4566, 0.3600000000000000977 ) ;
#287 = B_SPLINE_CURVE_WITH_KNOTS ( 'NONE', 3,
 ( #2482, #4319, #1379, #747 ),
 .UNSPECIFIED., .F., .F.,
 ( 4, 4 ),
 ( 0.0000000000000000000, 1.000000000000000000 ),
 .UNSPECIFIED. ) ;
#288 = EDGE_CURVE ( 'NONE', #4104, #1151, #3614, .T. ) ;
#289 = FACE_OUTER_BOUND ( 'NONE', #1002, .T. ) ;
#290 = ORIENTED_EDGE ( 'NONE', *, *, #568, .F. ) ;
#291 = UNCERTAINTY_MEASURE_WITH_UNIT (LENGTH_MEASURE( 1.000000000000000082E-05 ), #3557, 'distance_accuracy_value', 'NONE');
#292 = ORIENTED_EDGE ( 'NONE', *, *, #558, .T. ) ;
#293 = STYLED_ITEM ( 'NONE', ( #4627 ), #489 ) ;
#294 =( NAMED_UNIT ( * ) PLANE_ANGLE_UNIT ( ) SI_UNIT ( $, .RADIAN. ) );
#295 = ADVANCED_FACE ( 'NONE', ( #426 ), #2572, .T. ) ;
#296 = COLOUR_RGB ( '',0.8980392156862745390, 0.8980392156862745390, 0.8980392156862745390 ) ;
#297 = CARTESIAN_POINT ( 'NONE',  ( -0.9499999999999999556, -7.000000000000000000, 1.090000000000000080 ) ) ;
#298 = VERTEX_POINT ( 'NONE', #472 ) ;
#299 = AXIS2_PLACEMENT_3D ( 'NONE', #1725, #2735, #2479 ) ;
#300 = MECHANICAL_DESIGN_GEOMETRIC_PRESENTATION_REPRESENTATION (  '', ( #3059 ), #1112 ) ;
#301 = FACE_OUTER_BOUND ( 'NONE', #1751, .T. ) ;
#302 = CARTESIAN_POINT ( 'NONE',  ( 3.850000000000000089, -0.5999999999999999778, 2.200000000000000178 ) ) ;
#303 = AXIS2_PLACEMENT_3D ( 'NONE', #3618, #2825, #418 ) ;
#304 = CARTESIAN_POINT ( 'NONE',  ( 3.850000000000000089, -5.299999999999999822, 0.0000000000000000000 ) ) ;
#305 = CARTESIAN_POINT ( 'NONE',  ( -3.050000000000000266, -6.466666666666666785, 2.700000000000000178 ) ) ;
#306 = ORIENTED_EDGE ( 'NONE', *, *, #2500, .F. ) ;
#307 = CARTESIAN_POINT ( 'NONE',  ( -0.9499999999999999556, -7.000000000000000000, 0.0000000000000000000 ) ) ;
#308 = ADVANCED_FACE ( 'NONE', ( #2551 ), #1210, .T. ) ;
#309 = EDGE_LOOP ( 'NONE', ( #4591, #1520, #4209, #3321 ) ) ;
#310 = FACE_OUTER_BOUND ( 'NONE', #491, .T. ) ;
#311 = ORIENTED_EDGE ( 'NONE', *, *, #50, .F. ) ;
#312 = CARTESIAN_POINT ( 'NONE',  ( -4.049999999999999822, -3.006493971390749920, -0.08000000000000000167 ) ) ;
#313 = SURFACE_STYLE_USAGE ( .BOTH. , #4243 ) ;
#314 =( NAMED_UNIT ( * ) PLANE_ANGLE_UNIT ( ) SI_UNIT ( $, .RADIAN. ) );
#315 = EDGE_CURVE ( 'NONE', #1772, #1006, #360, .T. ) ;
#316 = CARTESIAN_POINT ( 'NONE',  ( 3.850000000000000089, -7.000000000000000000, 6.080000000000000071 ) ) ;
#317 = CARTESIAN_POINT ( 'NONE',  ( 3.050000000000000711, -4.583333333333333037, 5.209999999999999964 ) ) ;
#318 = ORIENTED_EDGE ( 'NONE', *, *, #438, .T. ) ;
#319 = CARTESIAN_POINT ( 'NONE',  ( 3.050000000000000266, -6.200000000000000178, 5.209999999999999964 ) ) ;
#320 = B_SPLINE_CURVE_WITH_KNOTS ( 'NONE', 3,
 ( #252, #2049, #1364, #569 ),
 .UNSPECIFIED., .F., .F.,
 ( 4, 4 ),
 ( 0.0000000000000000000, 1.000000000000000000 ),
 .UNSPECIFIED. ) ;
#321 = CARTESIAN_POINT ( 'NONE',  ( 3.050000000000000266, -7.000000000000000000, 5.209999999999999964 ) ) ;
#322 = VERTEX_POINT ( 'NONE', #125 ) ;
#323 = EDGE_CURVE ( 'NONE', #4000, #3499, #2870, .T. ) ;
#324 = FACE_OUTER_BOUND ( 'NONE', #3011, .T. ) ;
#325 = CARTESIAN_POINT ( 'NONE',  ( 3.916666666666666519, -0.5999999999999999778, 2.200000000000000178 ) ) ;
#326 = CARTESIAN_POINT ( 'NONE',  ( 3.050000000000000266, -7.799999999999999822, 4.029999999999999361 ) ) ;
#327 = FACE_OUTER_BOUND ( 'NONE', #2320, .T. ) ;
#328 = VERTEX_POINT ( 'NONE', #536 ) ;
#329 = CARTESIAN_POINT ( 'NONE',  ( 3.316666666666666430, -7.800000000000002487, 4.030000000000002913 ) ) ;
#330 = PLANE ( 'NONE',  #1780 ) ;
#331 = CARTESIAN_POINT ( 'NONE',  ( 3.050000000000000266, -6.200000000000000178, 1.090000000000000080 ) ) ;
#332 = EDGE_LOOP ( 'NONE', ( #2725, #4562, #937, #14, #1026, #1407 ) ) ;
#333 = EDGE_CURVE ( 'NONE', #253, #2257, #1674, .T. ) ;
#334 = SURFACE_SIDE_STYLE ('',( #3552 ) ) ;
#335 = CARTESIAN_POINT ( 'NONE',  ( 11.69012000000000029, -6.200000000000000178, 0.9288799999999999280 ) ) ;
#336 = SURFACE_STYLE_USAGE ( .BOTH. , #55 ) ;
#337 = DIRECTION ( 'NONE',  ( 0.0000000000000000000, -1.000000000000000000, 0.0000000000000000000 ) ) ;
#338 = CARTESIAN_POINT ( 'NONE',  ( 3.050000000000000266, -7.000000000000000000, 5.209999999999999964 ) ) ;
#339 = ORIENTED_EDGE ( 'NONE', *, *, #4258, .F. ) ;
#340 = ADVANCED_FACE ( 'NONE', ( #4101 ), #3040, .T. ) ;
#342 = ORIENTED_EDGE ( 'NONE', *, *, #4484, .T. ) ;
#341 = B_SPLINE_CURVE_WITH_KNOTS ( 'NONE', 3,
 ( #703, #3938, #2476, #1396 ),
 .UNSPECIFIED., .F., .F.,
 ( 4, 4 ),
 ( 0.0000000000000000000, 1.000000000000000000 ),
 .UNSPECIFIED. ) ;
#343 = CARTESIAN_POINT ( 'NONE',  ( 5.100000000000000533, -0.5999999999999999778, 2.263333333333333197 ) ) ;
#344 = VERTEX_POINT ( 'NONE', #1965 ) ;
#345 = CARTESIAN_POINT ( 'NONE',  ( -1.850000000000000089, 3.189169607410569781E-15, 6.080000000000000071 ) ) ;
#346 = ORIENTED_EDGE ( 'NONE', *, *, #1997, .T. ) ;
#347 = PLANE ( 'NONE',  #2004 ) ;
#348 = EDGE_CURVE ( 'NONE', #771, #3265, #1300, .T. ) ;
#349 = CARTESIAN_POINT ( 'NONE',  ( 3.850000000000000089, 3.622850476404775104E-15, 6.080000000000000071 ) ) ;
#350 = CARTESIAN_POINT ( 'NONE',  ( 3.849999999999999645, -0.08406282870510990712, -0.02666666666666666491 ) ) ;
#351 = ORIENTED_EDGE ( 'NONE', *, *, #2591, .F. ) ;
#352 =( LENGTH_UNIT ( ) NAMED_UNIT ( * ) SI_UNIT ( .MILLI., .METRE. ) );
#353 = FILL_AREA_STYLE ('',( #4 ) ) ;
#354 = ADVANCED_FACE ( 'NONE', ( #279, #1647 ), #4505, .T. ) ;
#355 = B_SPLINE_CURVE_WITH_KNOTS ( 'NONE', 1,
 ( #485, #852 ),
 .UNSPECIFIED., .F., .F.,
 ( 2, 2 ),
 ( 0.0000000000000000000, 2.338032229735130141 ),
 .UNSPECIFIED. ) ;
#356 = ORIENTED_EDGE ( 'NONE', *, *, #3961, .F. ) ;
#357 = DIRECTION ( 'NONE',  ( -1.000000000000000000, 0.0000000000000000000, 0.0000000000000000000 ) ) ;
#358 = ORIENTED_EDGE ( 'NONE', *, *, #4508, .T. ) ;
#359 = CYLINDRICAL_SURFACE ( 'NONE', #1027, 0.9854725568652399348 ) ;
#360 = B_SPLINE_CURVE_WITH_KNOTS ( 'NONE', 1,
 ( #2639, #4018 ),
 .UNSPECIFIED., .F., .F.,
 ( 2, 2 ),
 ( 0.0000000000000000000, 1.039964272304189974 ),
 .UNSPECIFIED. ) ;
#361 = SURFACE_STYLE_USAGE ( .BOTH. , #2861 ) ;
#362 = CARTESIAN_POINT ( 'NONE',  ( -1.000000000000000000, -7.460296961164719853, 0.8018363510626200785 ) ) ;
#363 = EDGE_CURVE ( 'NONE', #2078, #2892, #1853, .T. ) ;
#364 = CARTESIAN_POINT ( 'NONE',  ( 3.850000000000000089, -0.08406282870510969896, 0.0000000000000000000 ) ) ;
#365 = PLANE ( 'NONE',  #3600 ) ;
#366 = ORIENTED_EDGE ( 'NONE', *, *, #2627, .F. ) ;
#367 = ORIENTED_EDGE ( 'NONE', *, *, #2399, .F. ) ;
#368 = EDGE_CURVE ( 'NONE', #4420, #1825, #1063, .T. ) ;
#369 = VERTEX_POINT ( 'NONE', #2402 ) ;
#370 = CARTESIAN_POINT ( 'NONE',  ( 1.500000000000000000, -1.287128181961759932, 3.950000000000000178 ) ) ;
#371 = CARTESIAN_POINT ( 'NONE',  ( 3.850000000000000089, 1.091865616008679887E-15, 0.0000000000000000000 ) ) ;
#372 = STYLED_ITEM ( 'NONE', ( #400 ), #2882 ) ;
#373 = AXIS2_PLACEMENT_3D ( 'NONE', #1537, #3709, #3336 ) ;
#374 = CARTESIAN_POINT ( 'NONE',  ( 3.850000000000000089, -0.05604188580340720843, 0.0000000000000000000 ) ) ;
#375 = CARTESIAN_POINT ( 'NONE',  ( -1.000000000000000000, -7.000000000000000000, 2.740894846264729789 ) ) ;
#376 = EDGE_LOOP ( 'NONE', ( #1101, #733, #3904, #4364, #3924, #2663 ) ) ;
#377 = CARTESIAN_POINT ( 'NONE',  ( 1.806371316872611654, -1.101095160468831713, 6.080000000000000071 ) ) ;
#378 = CARTESIAN_POINT ( 'NONE',  ( 1.150000000000000133, -7.000000000000000000, 0.0000000000000000000 ) ) ;
#379 = EDGE_CURVE ( 'NONE', #1550, #4062, #239, .T. ) ;
#380 = B_SPLINE_CURVE_WITH_KNOTS ( 'NONE', 3,
 ( #2852, #1839, #2924, #1159 ),
 .UNSPECIFIED., .F., .F.,
 ( 4, 4 ),
 ( 0.0000000000000000000, 1.000000000000000000 ),
 .UNSPECIFIED. ) ;
#381 = VERTEX_POINT ( 'NONE', #1671 ) ;
#382 = CARTESIAN_POINT ( 'NONE',  ( 3.049999999999999822, -6.733333333333333393, 4.700000000000000178 ) ) ;
#383 = FILL_AREA_STYLE ('',( #54 ) ) ;
#384 = CARTESIAN_POINT ( 'NONE',  ( -5.100000000000000533, -3.766666666666666607, 0.0000000000000000000 ) ) ;
#385 = CARTESIAN_POINT ( 'NONE',  ( 1.000000000000000000, -9.772871818038218805, 0.0000000000000000000 ) ) ;
#386 = FILL_AREA_STYLE_COLOUR ( '', #3815 ) ;
#387 = VERTEX_POINT ( 'NONE', #2681 ) ;
#388 = VERTEX_POINT ( 'NONE', #920 ) ;
#389 = CARTESIAN_POINT ( 'NONE',  ( -3.049999999999999822, -3.170033931635602098, 5.138758431352417055 ) ) ;
#390 = B_SPLINE_CURVE_WITH_KNOTS ( 'NONE', 3,
 ( #717, #3615, #2514, #3512 ),
 .UNSPECIFIED., .F., .F.,
 ( 4, 4 ),
 ( 0.0000000000000000000, 1.000000000000000000 ),
 .UNSPECIFIED. ) ;
#391 = ORIENTED_EDGE ( 'NONE', *, *, #2965, .F. ) ;
#392 = CARTESIAN_POINT ( 'NONE',  ( -3.050000000000000266, -3.600000000000000533, 1.089999999999999858 ) ) ;
#393 = EDGE_CURVE ( 'NONE', #3438, #1432, #513, .T. ) ;
#394 = CARTESIAN_POINT ( 'NONE',  ( 1.000000000000000000, -4.029042727320590878, 3.449999999999999734 ) ) ;
#395 = CARTESIAN_POINT ( 'NONE',  ( -1.100000000000000089, -10.33999999999999986, 0.1000000000000000056 ) ) ;
#396 = CARTESIAN_POINT ( 'NONE',  ( 4.400000000000000355, -3.000000000000000000, 1.090000000000000080 ) ) ;
#397 = SURFACE_SIDE_STYLE ('',( #3619 ) ) ;
#398 = B_SPLINE_CURVE_WITH_KNOTS ( 'NONE', 3,
 ( #4259, #1766, #2876, #4309 ),
 .UNSPECIFIED., .F., .F.,
 ( 4, 4 ),
 ( 0.0000000000000000000, 1.000000000000000000 ),
 .UNSPECIFIED. ) ;
#399 = CARTESIAN_POINT ( 'NONE',  ( 1.350000000000000311, -7.000000000000000000, 0.0000000000000000000 ) ) ;
#400 = PRESENTATION_STYLE_ASSIGNMENT (( #1533 ) ) ;
#401 = ORIENTED_EDGE ( 'NONE', *, *, #4367, .T. ) ;
#402 = DIRECTION ( 'NONE',  ( 1.000000000000000000, 0.0000000000000000000, 0.0000000000000000000 ) ) ;
#403 = CARTESIAN_POINT ( 'NONE',  ( 1.000000000000000000, -7.946778174262040473, 0.9173180782031339353 ) ) ;
#404 =( NAMED_UNIT ( * ) PLANE_ANGLE_UNIT ( ) SI_UNIT ( $, .RADIAN. ) );
#405 = PLANE ( 'NONE',  #960 ) ;
#406 = B_SPLINE_CURVE_WITH_KNOTS ( 'NONE', 3,
 ( #1363, #692, #1125, #1834, #2186, #61 ),
 .UNSPECIFIED., .F., .F.,
 ( 4, 2, 4 ),
 ( 0.0000000000000000000, 0.5000000000000000000, 1.000000000000000000 ),
 .UNSPECIFIED. ) ;
#407 = ADVANCED_FACE ( 'NONE', ( #3493 ), #942, .T. ) ;
#408 = CARTESIAN_POINT ( 'NONE',  ( -1.500000000000000000, -7.946778174262040473, 0.9173180782031339353 ) ) ;
#409 = FACE_OUTER_BOUND ( 'NONE', #837, .T. ) ;
#410 = ORIENTED_EDGE ( 'NONE', *, *, #3854, .T. ) ;
#411 = ORIENTED_EDGE ( 'NONE', *, *, #1814, .T. ) ;
#412 = VERTEX_POINT ( 'NONE', #3 ) ;
#413 = SURFACE_STYLE_FILL_AREA ( #3632 ) ;
#414 = FILL_AREA_STYLE ('',( #2896 ) ) ;
#415 = CARTESIAN_POINT ( 'NONE',  ( -4.049999999999999822, -0.5999999999999999778, 2.200000000000000178 ) ) ;
#416 = B_SPLINE_CURVE_WITH_KNOTS ( 'NONE', 1,
 ( #2769, #2044 ),
 .UNSPECIFIED., .F., .F.,
 ( 2, 2 ),
 ( 0.0000000000000000000, 0.5000000000000000000 ),
 .UNSPECIFIED. ) ;
#417 = CARTESIAN_POINT ( 'NONE',  ( -0.8873107380025727631, -7.644178866257259841, 1.090000000000000080 ) ) ;
#418 = DIRECTION ( 'NONE',  ( 0.0000000000000000000, 0.0000000000000000000, -1.000000000000000000 ) ) ;
#419 = CARTESIAN_POINT ( 'NONE',  ( 5.100000000000000533, -5.299999999999999822, 0.0000000000000000000 ) ) ;
#420 = DIRECTION ( 'NONE',  ( 0.9848077530122072432, -0.1736481776669350774, 5.466781211117586060E-17 ) ) ;
#421 = CARTESIAN_POINT ( 'NONE',  ( 1.500000000000000000, -8.317569314890061349, 0.5000000000000000000 ) ) ;
#422 = ORIENTED_EDGE ( 'NONE', *, *, #3977, .F. ) ;
#423 = CARTESIAN_POINT ( 'NONE',  ( 1.100000000000000089, -0.7200000000000000844, 3.850000000000000089 ) ) ;
#424 = ORIENTED_EDGE ( 'NONE', *, *, #4065, .F. ) ;
#425 = B_SPLINE_CURVE_WITH_KNOTS ( 'NONE', 3,
 ( #200, #1569, #1609, #3052 ),
 .UNSPECIFIED., .F., .F.,
 ( 4, 4 ),
 ( 0.0000000000000000000, 1.000000000000000000 ),
 .UNSPECIFIED. ) ;
#426 = FACE_OUTER_BOUND ( 'NONE', #3981, .T. ) ;
#427 = CARTESIAN_POINT ( 'NONE',  ( 1.500000000000000000, -7.460296961164719853, 0.8018363510626200785 ) ) ;
#428 = FACE_OUTER_BOUND ( 'NONE', #545, .T. ) ;
#429 = FILL_AREA_STYLE ('',( #3649 ) ) ;
#430 = ORIENTED_EDGE ( 'NONE', *, *, #2457, .T. ) ;
#431 = ORIENTED_EDGE ( 'NONE', *, *, #1819, .F. ) ;
#432 = CARTESIAN_POINT ( 'NONE',  ( -3.850000000000000089, -0.08406282870510960181, 2.200000000000000178 ) ) ;
#433 = EDGE_CURVE ( 'NONE', #43, #3519, #3268, .T. ) ;
#434 = B_SPLINE_CURVE_WITH_KNOTS ( 'NONE', 3,
 ( #3033, #4496, #2347, #1270 ),
 .UNSPECIFIED., .F., .F.,
 ( 4, 4 ),
 ( 0.0000000000000000000, 1.000000000000000000 ),
 .UNSPECIFIED. ) ;
#435 = ORIENTED_EDGE ( 'NONE', *, *, #3941, .F. ) ;
#436 = FACE_OUTER_BOUND ( 'NONE', #779, .T. ) ;
#437 = CARTESIAN_POINT ( 'NONE',  ( 1.100000000000000089, -0.7200000000000000844, 3.550000000000000266 ) ) ;
#438 = EDGE_CURVE ( 'NONE', #2005, #1316, #3758, .T. ) ;
#439 = CARTESIAN_POINT ( 'NONE',  ( -0.9499999999999999556, -7.566268299385889406, 1.090000000000000080 ) ) ;
#440 = CARTESIAN_POINT ( 'NONE',  ( -1.016666666666667052, -6.200000000000000178, 1.090000000000000080 ) ) ;
#441 = ORIENTED_EDGE ( 'NONE', *, *, #645, .F. ) ;
#442 = CARTESIAN_POINT ( 'NONE',  ( 2.175378523994853541, -7.799999999999999822, 1.089999999999999858 ) ) ;
#443 = AXIS2_PLACEMENT_3D ( 'NONE', #2838, #3248, #2890 ) ;
#444 = SURFACE_SIDE_STYLE ('',( #3352 ) ) ;
#445 = CARTESIAN_POINT ( 'NONE',  ( -0.3500000000000049738, 1.965225821582489834E-15, 6.080000000000000071 ) ) ;
#446 = AXIS2_PLACEMENT_3D ( 'NONE', #1262, #950, #3850 ) ;
#447 = B_SPLINE_CURVE_WITH_KNOTS ( 'NONE', 1,
 ( #2460, #1447 ),
 .UNSPECIFIED., .F., .F.,
 ( 2, 2 ),
 ( -0.5000000000000000000, 0.0000000000000000000 ),
 .UNSPECIFIED. ) ;
#448 = COLOUR_RGB ( '',0.8980392156862745390, 0.8980392156862745390, 0.8980392156862745390 ) ;
#449 = ORIENTED_EDGE ( 'NONE', *, *, #3343, .T. ) ;
#450 = DIRECTION ( 'NONE',  ( -1.000000000000000000, 0.0000000000000000000, 0.0000000000000000000 ) ) ;
#451 = ORIENTED_EDGE ( 'NONE', *, *, #1146, .F. ) ;
#452 = DIRECTION ( 'NONE',  ( 0.0000000000000000000, 0.0000000000000000000, 1.000000000000000000 ) ) ;
#453 = PRESENTATION_LAYER_ASSIGNMENT (  '', '', ( #2459 ) ) ;
#454 = PRESENTATION_LAYER_ASSIGNMENT (  '', '', ( #1341 ) ) ;
#455 = CARTESIAN_POINT ( 'NONE',  ( 1.399999999999999911, -10.33999999999999986, 0.4000000000000000222 ) ) ;
#456 = CARTESIAN_POINT ( 'NONE',  ( 1.850000000000000089, -2.777939915136560055E-15, 6.080000000000000071 ) ) ;
#457 = ORIENTED_EDGE ( 'NONE', *, *, #728, .F. ) ;
#458 = ORIENTED_EDGE ( 'NONE', *, *, #1655, .F. ) ;
#459 = CARTESIAN_POINT ( 'NONE',  ( -0.8699999999999999956, -4.599999999999999645, 6.080000000000000071 ) ) ;
#460 = ORIENTED_EDGE ( 'NONE', *, *, #3556, .T. ) ;
#461 = CARTESIAN_POINT ( 'NONE',  ( 4.049999999999999822, -3.000000000000000888, 0.3633333333333333415 ) ) ;
#462 = FACE_OUTER_BOUND ( 'NONE', #3978, .T. ) ;
#463 = CARTESIAN_POINT ( 'NONE',  ( -3.850000000000000089, -0.5999999999999999778, 2.200000000000000178 ) ) ;
#464 = B_SPLINE_CURVE_WITH_KNOTS ( 'NONE', 3,
 ( #4272, #3171, #4634, #1728 ),
 .UNSPECIFIED., .F., .F.,
 ( 4, 4 ),
 ( 0.0000000000000000000, 1.000000000000000000 ),
 .UNSPECIFIED. ) ;
#465 = EDGE_CURVE ( 'NONE', #1550, #4637, #4437, .T. ) ;
#466 = CARTESIAN_POINT ( 'NONE',  ( 1.500000000000000000, -8.242726650311741565, 1.110223024625159992E-16 ) ) ;
#467 = CARTESIAN_POINT ( 'NONE',  ( 3.850000000000000089, -2.777939915136560055E-15, 5.209999999999999964 ) ) ;
#468 = CARTESIAN_POINT ( 'NONE',  ( -0.7619322140077199323, -7.799999999999999822, 1.090000000000000080 ) ) ;
#469 = CARTESIAN_POINT ( 'NONE',  ( 4.049999999999999822, -3.006493971390749920, -0.08000000000000000167 ) ) ;
#470 = EDGE_LOOP ( 'NONE', ( #131, #1844, #3862, #3582, #516, #87, #4184, #2803, #3794, #1171, #4306, #4344, #4421, #182, #2033, #509, #4220 ) ) ;
#471 = B_SPLINE_CURVE_WITH_KNOTS ( 'NONE', 3,
 ( #1591, #2675, #2969, #4409 ),
 .UNSPECIFIED., .F., .F.,
 ( 4, 4 ),
 ( 0.0000000000000000000, 1.000000000000000000 ),
 .UNSPECIFIED. ) ;
#472 = CARTESIAN_POINT ( 'NONE',  ( -1.399999999999999911, -10.33999999999999986, 0.1000000000000000056 ) ) ;
#473 = SURFACE_STYLE_FILL_AREA ( #4042 ) ;
#474 = ADVANCED_FACE ( 'NONE', ( #3960 ), #3520, .T. ) ;
#475 = CARTESIAN_POINT ( 'NONE',  ( 3.049999999999999822, -7.000000000000000000, 3.873333333333333517 ) ) ;
#476 =( LENGTH_UNIT ( ) NAMED_UNIT ( * ) SI_UNIT ( .MILLI., .METRE. ) );
#477 = ORIENTED_EDGE ( 'NONE', *, *, #4097, .F. ) ;
#478 = EDGE_LOOP ( 'NONE', ( #2547, #3731, #4607, #4228 ) ) ;
#479 = ADVANCED_FACE ( 'NONE', ( #4605 ), #2105, .T. ) ;
#480 = ORIENTED_EDGE ( 'NONE', *, *, #2728, .T. ) ;
#481 = CARTESIAN_POINT ( 'NONE',  ( 1.614213046251510075, -9.125137445268871161, -0.6501200000000000312 ) ) ;
#482 = B_SPLINE_CURVE_WITH_KNOTS ( 'NONE', 3,
 ( #1718, #2727, #2420, #3840 ),
 .UNSPECIFIED., .F., .F.,
 ( 4, 4 ),
 ( 0.0000000000000000000, 1.000000000000000000 ),
 .UNSPECIFIED. ) ;
#483 = CARTESIAN_POINT ( 'NONE',  ( 1.000000000000000000, -7.000000000000000000, 2.740894846264729789 ) ) ;
#484 = CARTESIAN_POINT ( 'NONE',  ( -1.550000000000000044, -7.566268299385889406, 1.090000000000000080 ) ) ;
#485 = CARTESIAN_POINT ( 'NONE',  ( 1.500000000000000000, -7.946778174262040473, 0.9173180782031339353 ) ) ;
#486 = ORIENTED_EDGE ( 'NONE', *, *, #2984, .F. ) ;
#487 = CARTESIAN_POINT ( 'NONE',  ( 1.850000000000000089, 3.803550838485689881E-15, 5.209999999999999964 ) ) ;
#488 = DIRECTION ( 'NONE',  ( 0.0000000000000000000, 1.000000000000000000, 0.0000000000000000000 ) ) ;
#489 = ADVANCED_FACE ( 'NONE', ( #2127 ), #27, .T. ) ;
#490 = UNCERTAINTY_MEASURE_WITH_UNIT (LENGTH_MEASURE( 1.000000000000000082E-05 ), #2661, 'distance_accuracy_value', 'NONE');
#491 = EDGE_LOOP ( 'NONE', ( #1683, #1659, #2615, #3252 ) ) ;
#492 = DIRECTION ( 'NONE',  ( 0.0000000000000000000, -1.000000000000000000, 0.0000000000000000000 ) ) ;
#493 = EDGE_CURVE ( 'NONE', #1345, #2598, #3421, .T. ) ;
#494 = PLANE ( 'NONE',  #587 ) ;
#495 = CARTESIAN_POINT ( 'NONE',  ( 3.850000000000000089, -0.08406282870510990712, -0.08000000000000000167 ) ) ;
#496 = ORIENTED_EDGE ( 'NONE', *, *, #42, .T. ) ;
#497 = CARTESIAN_POINT ( 'NONE',  ( -4.234135816670770325, -1.370504526279460178, 5.644999999999999574 ) ) ;
#498 = ADVANCED_FACE ( 'NONE', ( #526 ), #1241, .T. ) ;
#499 = B_SPLINE_CURVE_WITH_KNOTS ( 'NONE', 3,
 ( #4315, #1084, #2904, #4336 ),
 .UNSPECIFIED., .F., .F.,
 ( 4, 4 ),
 ( 0.0000000000000000000, 1.000000000000000000 ),
 .UNSPECIFIED. ) ;
#500 = DIRECTION ( 'NONE',  ( 1.000000000000000000, 0.0000000000000000000, 0.0000000000000000000 ) ) ;
#501 = VERTEX_POINT ( 'NONE', #1268 ) ;
#502 = PLANE ( 'NONE',  #2454 ) ;
#503 = EDGE_CURVE ( 'NONE', #2210, #4252, #3031, .T. ) ;
#504 = CARTESIAN_POINT ( 'NONE',  ( -3.050000000000000266, -7.000000000000000000, 5.209999999999999964 ) ) ;
#505 = EDGE_LOOP ( 'NONE', ( #114, #3241, #3975, #1077 ) ) ;
#506 = CARTESIAN_POINT ( 'NONE',  ( 3.850000000000000089, -0.9833333333333335036, 5.209999999999999964 ) ) ;
#507 = FACE_OUTER_BOUND ( 'NONE', #2197, .T. ) ;
#508 = ORIENTED_EDGE ( 'NONE', *, *, #65, .T. ) ;
#509 = ORIENTED_EDGE ( 'NONE', *, *, #1237, .T. ) ;
#510 = CARTESIAN_POINT ( 'NONE',  ( -1.399999999999999911, -10.33999999999999986, 0.4000000000000000222 ) ) ;
#511 = AXIS2_PLACEMENT_3D ( 'NONE', #3037, #3014, #917 ) ;
#512 = PRESENTATION_LAYER_ASSIGNMENT (  '', '', ( #3517 ) ) ;
#513 = B_SPLINE_CURVE_WITH_KNOTS ( 'NONE', 3,
 ( #2036, #1278, #3471, #259 ),
 .UNSPECIFIED., .F., .F.,
 ( 4, 4 ),
 ( 0.0000000000000000000, 1.000000000000000000 ),
 .UNSPECIFIED. ) ;
#514 = CARTESIAN_POINT ( 'NONE',  ( 3.050000000000000266, -7.000000000000000000, 2.700000000000000178 ) ) ;
#515 = DIRECTION ( 'NONE',  ( -1.000000000000000000, -4.510281037539699678E-17, 0.0000000000000000000 ) ) ;
#516 = ORIENTED_EDGE ( 'NONE', *, *, #3429, .F. ) ;
#517 = EDGE_CURVE ( 'NONE', #1635, #1329, #4051, .T. ) ;
#518 = AXIS2_PLACEMENT_3D ( 'NONE', #3782, #1952, #3736 ) ;
#519 = ORIENTED_EDGE ( 'NONE', *, *, #156, .T. ) ;
#520 = AXIS2_PLACEMENT_3D ( 'NONE', #202, #789, #3763 ) ;
#521 =( NAMED_UNIT ( * ) SI_UNIT ( $, .STERADIAN. ) SOLID_ANGLE_UNIT ( ) );
#522 = CARTESIAN_POINT ( 'NONE',  ( -3.850000000000000089, -2.166666666666666519, 2.850000000000000089 ) ) ;
#523 = ORIENTED_EDGE ( 'NONE', *, *, #922, .F. ) ;
#524 = CARTESIAN_POINT ( 'NONE',  ( 1.550000000000000044, -7.566268299385879637, 1.090000000000000080 ) ) ;
#525 = B_SPLINE_CURVE_WITH_KNOTS ( 'NONE', 3,
 ( #652, #988, #3518, #2352 ),
 .UNSPECIFIED., .F., .F.,
 ( 4, 4 ),
 ( 0.0000000000000000000, 1.000000000000000000 ),
 .UNSPECIFIED. ) ;
#526 = FACE_OUTER_BOUND ( 'NONE', #51, .T. ) ;
#527 = B_SPLINE_CURVE_WITH_KNOTS ( 'NONE', 3,
 ( #4278, #618, #1338, #4182 ),
 .UNSPECIFIED., .F., .F.,
 ( 4, 4 ),
 ( 0.0000000000000000000, 1.000000000000000000 ),
 .UNSPECIFIED. ) ;
#528 = EDGE_CURVE ( 'NONE', #4637, #1267, #20, .T. ) ;
#529 = CARTESIAN_POINT ( 'NONE',  ( -1.000000000000000000, -7.000000000000000000, 3.780859118568930199 ) ) ;
#530 = CARTESIAN_POINT ( 'NONE',  ( -4.049999999999999822, -3.002886209507004356, -0.02666666666666666491 ) ) ;
#531 = ORIENTED_EDGE ( 'NONE', *, *, #1692, .F. ) ;
#532 =( LENGTH_UNIT ( ) NAMED_UNIT ( * ) SI_UNIT ( .MILLI., .METRE. ) );
#533 =( NAMED_UNIT ( * ) SI_UNIT ( $, .STERADIAN. ) SOLID_ANGLE_UNIT ( ) );
#534 = UNCERTAINTY_MEASURE_WITH_UNIT (LENGTH_MEASURE( 1.000000000000000082E-05 ), #3814, 'distance_accuracy_value', 'NONE');
#535 = ORIENTED_EDGE ( 'NONE', *, *, #1756, .F. ) ;
#536 = CARTESIAN_POINT ( 'NONE',  ( 5.100000000000000533, -0.5999999999999999778, 1.090000000000000080 ) ) ;
#537 = PLANE ( 'NONE',  #885 ) ;
#538 = B_SPLINE_CURVE_WITH_KNOTS ( 'NONE', 3,
 ( #3933, #718, #2566, #786 ),
 .UNSPECIFIED., .F., .F.,
 ( 4, 4 ),
 ( 0.0000000000000000000, 1.000000000000000000 ),
 .UNSPECIFIED. ) ;
#539 = ORIENTED_EDGE ( 'NONE', *, *, #1547, .T. ) ;
#540 = CARTESIAN_POINT ( 'NONE',  ( 3.850000000000000089, -3.006493971390749920, 0.0000000000000000000 ) ) ;
#541 = CARTESIAN_POINT ( 'NONE',  ( 1.283333333333332993, 0.0000000000000000000, 0.0000000000000000000 ) ) ;
#542 = SURFACE_STYLE_FILL_AREA ( #1971 ) ;
#543 = EDGE_CURVE ( 'NONE', #3506, #3651, #848, .T. ) ;
#544 = CARTESIAN_POINT ( 'NONE',  ( -1.500000000000000000, -1.287128181961759932, 3.783333333333333215 ) ) ;
#545 = EDGE_LOOP ( 'NONE', ( #1445, #572, #2697, #4111 ) ) ;
#546 = CARTESIAN_POINT ( 'NONE',  ( 1.751256890803259969, -0.5599999999999999423, 5.209999999999999964 ) ) ;
#547 = CARTESIAN_POINT ( 'NONE',  ( 2.612689261997426904, -7.799999999999999822, 1.089999999999999858 ) ) ;
#548 = CARTESIAN_POINT ( 'NONE',  ( -3.850000000000000089, -0.08406282870510999039, -0.05333333333333332982 ) ) ;
#549 = CARTESIAN_POINT ( 'NONE',  ( -4.049999999999999822, -3.006493971390749920, -0.08000000000000000167 ) ) ;
#550 = ORIENTED_EDGE ( 'NONE', *, *, #697, .T. ) ;
#551 = CARTESIAN_POINT ( 'NONE',  ( -3.850000000000000089, -3.293565117423396860, 4.959882765596506538 ) ) ;
#552 =( NAMED_UNIT ( * ) PLANE_ANGLE_UNIT ( ) SI_UNIT ( $, .RADIAN. ) );
#553 = EDGE_CURVE ( 'NONE', #3583, #2730, #81, .T. ) ;
#554 = ORIENTED_EDGE ( 'NONE', *, *, #4005, .F. ) ;
#555 = CARTESIAN_POINT ( 'NONE',  ( 3.850000000000000533, -3.310000000000000941, 4.896335712918038929 ) ) ;
#556 = CARTESIAN_POINT ( 'NONE',  ( 0.0000000000000000000, 0.0000000000000000000, 0.0000000000000000000 ) ) ;
#557 = FACE_OUTER_BOUND ( 'NONE', #4604, .T. ) ;
#558 = EDGE_CURVE ( 'NONE', #253, #1327, #1738, .T. ) ;
#559 = CARTESIAN_POINT ( 'NONE',  ( 3.850000000000000089, -3.310000000000000053, 4.850000000000000533 ) ) ;
#560 = CARTESIAN_POINT ( 'NONE',  ( -3.049999999999999822, 3.275596848026040055E-15, 2.159999999999999698 ) ) ;
#561 = CARTESIAN_POINT ( 'NONE',  ( 3.050000000000000266, 3.693950829973889345E-15, 4.299999999999999822 ) ) ;
#562 = B_SPLINE_CURVE_WITH_KNOTS ( 'NONE', 3,
 ( #1886, #3801, #3298, #3323 ),
 .UNSPECIFIED., .F., .F.,
 ( 4, 4 ),
 ( 0.0000000000000000000, 1.000000000000000000 ),
 .UNSPECIFIED. ) ;
#563 = DIRECTION ( 'NONE',  ( -1.000000000000000000, 0.0000000000000000000, 0.0000000000000000000 ) ) ;
#564 = B_SPLINE_CURVE_WITH_KNOTS ( 'NONE', 3,
 ( #3172, #1729, #4611, #1678 ),
 .UNSPECIFIED., .F., .F.,
 ( 4, 4 ),
 ( 0.0000000000000000000, 1.000000000000000000 ),
 .UNSPECIFIED. ) ;
#565 = CARTESIAN_POINT ( 'NONE',  ( 4.049999999999999822, -3.000000000000000000, 1.090000000000000080 ) ) ;
#566 = ORIENTED_EDGE ( 'NONE', *, *, #2414, .T. ) ;
#567 = FILL_AREA_STYLE_COLOUR ( '', #3886 ) ;
#568 = EDGE_CURVE ( 'NONE', #2883, #2391, #4098, .T. ) ;
#569 = CARTESIAN_POINT ( 'NONE',  ( -1.399999999999999911, -0.7200000000000000844, 3.850000000000000089 ) ) ;
#570 = CARTESIAN_POINT ( 'NONE',  ( -0.3498800000000000243, -9.926006334810860920, 0.0000000000000000000 ) ) ;
#571 = EDGE_CURVE ( 'NONE', #3154, #2154, #3204, .T. ) ;
#572 = ORIENTED_EDGE ( 'NONE', *, *, #3878, .F. ) ;
#573 = ADVANCED_FACE ( 'NONE', ( #1841 ), #1610, .T. ) ;
#574 = CARTESIAN_POINT ( 'NONE',  ( -1.000000000000000000, -7.000000000000000000, 3.780859118568930199 ) ) ;
#575 = CARTESIAN_POINT ( 'NONE',  ( 1.738067785992279957, -7.799999999999999822, 1.090000000000000080 ) ) ;
#576 = SURFACE_STYLE_USAGE ( .BOTH. , #2053 ) ;
#577 = ORIENTED_EDGE ( 'NONE', *, *, #4484, .F. ) ;
#578 = DIRECTION ( 'NONE',  ( 1.000000000000000000, 0.0000000000000000000, 0.0000000000000000000 ) ) ;
#579 = PLANE ( 'NONE',  #1868 ) ;
#580 = CLOSED_SHELL ( 'NONE', ( #879, #674, #4524, #4532, #2214, #1133, #3232, #295, #189, #3490, #2600, #796, #2709, #3538, #1088 ) ) ;
#581 = CARTESIAN_POINT ( 'NONE',  ( -1.000000000000000000, -8.317569314890061349, 0.5000000000000000000 ) ) ;
#582 = DIRECTION ( 'NONE',  ( -7.711528201200922180E-17, -0.1736481776669280830, -0.9848077530122084644 ) ) ;
#583 = VERTEX_POINT ( 'NONE', #2094 ) ;
#584 = EDGE_CURVE ( 'NONE', #4077, #2078, #2075, .T. ) ;
#585 = CARTESIAN_POINT ( 'NONE',  ( 12.65012000000000114, 0.5401200000000000445, 5.209999999999999964 ) ) ;
#586 = CARTESIAN_POINT ( 'NONE',  ( -3.050000000000000266, 3.693950829973889345E-15, 4.299999999999999822 ) ) ;
#587 = AXIS2_PLACEMENT_3D ( 'NONE', #1148, #3339, #860 ) ;
#588 =( GEOMETRIC_REPRESENTATION_CONTEXT ( 3 ) GLOBAL_UNCERTAINTY_ASSIGNED_CONTEXT ( ( #1513 ) ) GLOBAL_UNIT_ASSIGNED_CONTEXT ( ( #1045, #726, #3244 ) ) REPRESENTATION_CONTEXT ( 'NONE', 'WORKASPACE' ) );
#589 = AXIS2_PLACEMENT_3D ( 'NONE', #3856, #4521, #228 ) ;
#590 = PRESENTATION_LAYER_ASSIGNMENT (  '', '', ( #4652 ) ) ;
#591 = FACE_OUTER_BOUND ( 'NONE', #4597, .T. ) ;
#592 = EDGE_LOOP ( 'NONE', ( #1225, #1050, #2469, #1925 ) ) ;
#593 = EDGE_CURVE ( 'NONE', #1979, #4087, #3601, .T. ) ;
#594 = ORIENTED_EDGE ( 'NONE', *, *, #3854, .F. ) ;
#595 = CARTESIAN_POINT ( 'NONE',  ( 1.500000000000000000, -9.772871818038218805, 0.0000000000000000000 ) ) ;
#596 = AXIS2_PLACEMENT_3D ( 'NONE', #3751, #1539, #515 ) ;
#597 = MECHANICAL_DESIGN_GEOMETRIC_PRESENTATION_REPRESENTATION (  '', ( #2459 ), #676 ) ;
#598 = AXIS2_PLACEMENT_3D ( 'NONE', #4429, #3741, #181 ) ;
#599 = CARTESIAN_POINT ( 'NONE',  ( 1.738067785992279957, -7.799999999999999822, 0.7266666666666665719 ) ) ;
#600 = EDGE_CURVE ( 'NONE', #3642, #3805, #1127, .T. ) ;
#601 = CARTESIAN_POINT ( 'NONE',  ( -3.050000000000000266, -7.000000000000000000, 4.460000000000000853 ) ) ;
#602 = ORIENTED_EDGE ( 'NONE', *, *, #1743, .F. ) ;
#603 = CARTESIAN_POINT ( 'NONE',  ( 3.850000000000000089, 3.693950829973889345E-15, 4.299999999999999822 ) ) ;
#604 = CARTESIAN_POINT ( 'NONE',  ( 5.100000000000000533, -0.5999999999999999778, 2.850000000000000089 ) ) ;
#605 = EDGE_CURVE ( 'NONE', #2680, #262, #3990, .T. ) ;
#606 = ORIENTED_EDGE ( 'NONE', *, *, #2003, .T. ) ;
#607 = FACE_OUTER_BOUND ( 'NONE', #3930, .T. ) ;
#608 = ORIENTED_EDGE ( 'NONE', *, *, #2657, .T. ) ;
#609 = CARTESIAN_POINT ( 'NONE',  ( 3.850000000000000089, -7.799999999999999822, 4.029999999999999361 ) ) ;
#610 = PLANE ( 'NONE',  #3892 ) ;
#611 = B_SPLINE_CURVE_WITH_KNOTS ( 'NONE', 3,
 ( #4029, #806, #1528, #4055 ),
 .UNSPECIFIED., .F., .F.,
 ( 4, 4 ),
 ( 0.0000000000000000000, 1.000000000000000000 ),
 .UNSPECIFIED. ) ;
#612 = CARTESIAN_POINT ( 'NONE',  ( 3.583333333333333481, -3.310000000000000053, 4.299999999999999822 ) ) ;
#613 = CARTESIAN_POINT ( 'NONE',  ( 5.100000000000000533, -0.5999999999999999778, 2.850000000000000089 ) ) ;
#614 = DIRECTION ( 'NONE',  ( 1.000000000000000000, 0.0000000000000000000, 0.0000000000000000000 ) ) ;
#615 = DIRECTION ( 'NONE',  ( -1.000000000000000000, 0.0000000000000000000, 0.0000000000000000000 ) ) ;
#616 = FILL_AREA_STYLE_COLOUR ( '', #3058 ) ;
#617 = ADVANCED_FACE ( 'NONE', ( #248 ), #271, .T. ) ;
#618 = CARTESIAN_POINT ( 'NONE',  ( 0.3500000000000013656, -1.533333333333333215, 6.080000000000000071 ) ) ;
#619 = VERTEX_POINT ( 'NONE', #1685 ) ;
#620 = ORIENTED_EDGE ( 'NONE', *, *, #1212, .F. ) ;
#621 = EDGE_CURVE ( 'NONE', #2645, #3438, #3872, .T. ) ;
#622 = CARTESIAN_POINT ( 'NONE',  ( 1.738067785992279957, -7.799999999999999822, 0.3633333333333332305 ) ) ;
#623 = FACE_OUTER_BOUND ( 'NONE', #3881, .T. ) ;
#624 = ORIENTED_EDGE ( 'NONE', *, *, #4214, .F. ) ;
#625 = CARTESIAN_POINT ( 'NONE',  ( -1.964087357171189874, 0.6470215545731748952, 4.522879999999999789 ) ) ;
#626 =( NAMED_UNIT ( * ) SI_UNIT ( $, .STERADIAN. ) SOLID_ANGLE_UNIT ( ) );
#627 = CARTESIAN_POINT ( 'NONE',  ( 1.550000000000000044, -7.566268299385879637, 0.0000000000000000000 ) ) ;
#628 = ORIENTED_EDGE ( 'NONE', *, *, #15, .T. ) ;
#629 = CARTESIAN_POINT ( 'NONE',  ( -3.850000000000000089, -3.006493971390749920, -0.08000000000000000167 ) ) ;
#630 = CARTESIAN_POINT ( 'NONE',  ( -1.100000000000000089, -0.7200000000000000844, 3.550000000000000266 ) ) ;
#631 = EDGE_CURVE ( 'NONE', #3700, #4087, #2297, .T. ) ;
#632 = B_SPLINE_CURVE_WITH_KNOTS ( 'NONE', 3,
 ( #4164, #936, #3810, #3130 ),
 .UNSPECIFIED., .F., .F.,
 ( 4, 4 ),
 ( 0.0000000000000000000, 1.000000000000000000 ),
 .UNSPECIFIED. ) ;
#633 = ORIENTED_EDGE ( 'NONE', *, *, #807, .F. ) ;
#634 = CARTESIAN_POINT ( 'NONE',  ( 1.016666666666667052, -6.200000000000001066, 2.700000000000000178 ) ) ;
#635 = ORIENTED_EDGE ( 'NONE', *, *, #1819, .T. ) ;
#636 = CARTESIAN_POINT ( 'NONE',  ( 3.850000000000000089, -3.310000000000000053, 4.299999999999999822 ) ) ;
#637 = DIRECTION ( 'NONE',  ( -0.0000000000000000000, 1.000000000000000000, 0.0000000000000000000 ) ) ;
#638 = DIRECTION ( 'NONE',  ( 0.0000000000000000000, 0.0000000000000000000, 1.000000000000000000 ) ) ;
#639 = FILL_AREA_STYLE ('',( #616 ) ) ;
#640 = B_SPLINE_CURVE_WITH_KNOTS ( 'NONE', 3,
 ( #1880, #3696, #2596, #3999 ),
 .UNSPECIFIED., .F., .F.,
 ( 4, 4 ),
 ( 0.0000000000000000000, 1.000000000000000000 ),
 .UNSPECIFIED. ) ;
#641 = FACE_OUTER_BOUND ( 'NONE', #2519, .T. ) ;
#642 = EDGE_LOOP ( 'NONE', ( #1938, #2752, #173, #1360 ) ) ;
#643 = VERTEX_POINT ( 'NONE', #2367 ) ;
#644 = SURFACE_STYLE_USAGE ( .BOTH. , #2794 ) ;
#645 = EDGE_CURVE ( 'NONE', #2058, #2130, #406, .T. ) ;
#646 = CARTESIAN_POINT ( 'NONE',  ( -4.049999999999999822, -3.000000000000000000, 0.7266666666666665719 ) ) ;
#647 = CARTESIAN_POINT ( 'NONE',  ( 1.000000000000000000, -9.772871818038218805, 0.5000000000000000000 ) ) ;
#648 = EDGE_LOOP ( 'NONE', ( #1759, #1527, #430, #2177 ) ) ;
#649 = EDGE_CURVE ( 'NONE', #79, #2247, #4492, .T. ) ;
#650 = CARTESIAN_POINT ( 'NONE',  ( -0.3500000000000049738, 1.965225821582489834E-15, 5.209999999999999964 ) ) ;
#651 = CARTESIAN_POINT ( 'NONE',  ( 5.100000000000000533, -2.166666666666666519, 2.850000000000000089 ) ) ;
#652 = CARTESIAN_POINT ( 'NONE',  ( 3.850000000000000089, -5.299999999999999822, 0.0000000000000000000 ) ) ;
#653 = ORIENTED_EDGE ( 'NONE', *, *, #1893, .T. ) ;
#654 = CARTESIAN_POINT ( 'NONE',  ( 1.149999999999999911, -7.000000000000000000, 1.089999999999999858 ) ) ;
#655 = ORIENTED_EDGE ( 'NONE', *, *, #368, .T. ) ;
#656 = CARTESIAN_POINT ( 'NONE',  ( -1.500000000000000000, -7.000000000000000000, 3.780859118568930199 ) ) ;
#657 = ORIENTED_EDGE ( 'NONE', *, *, #645, .T. ) ;
#658 = B_SPLINE_CURVE_WITH_KNOTS ( 'NONE', 3,
 ( #3570, #1009, #2472, #349 ),
 .UNSPECIFIED., .F., .F.,
 ( 4, 4 ),
 ( 0.0000000000000000000, 1.000000000000000000 ),
 .UNSPECIFIED. ) ;
#659 = CARTESIAN_POINT ( 'NONE',  ( -1.000000000000000000, -2.658085454641173406, 3.950000000000000178 ) ) ;
#660 = CARTESIAN_POINT ( 'NONE',  ( -3.850000000000000089, 0.0000000000000000000, 5.790000000000000036 ) ) ;
#661 = CARTESIAN_POINT ( 'NONE',  ( 3.050000000000000711, -6.733333333333333393, 2.700000000000000178 ) ) ;
#662 = CARTESIAN_POINT ( 'NONE',  ( -1.500000000000000000, -8.317569314890061349, 0.5000000000000000000 ) ) ;
#663 = CARTESIAN_POINT ( 'NONE',  ( 1.100000000000000089, -10.33999999999999986, 0.1000000000000000056 ) ) ;
#664 = VERTEX_POINT ( 'NONE', #2164 ) ;
#665 = COLOUR_RGB ( '',0.8980392156862745390, 0.8980392156862745390, 0.8980392156862745390 ) ;
#666 = CARTESIAN_POINT ( 'NONE',  ( 3.050000000000000266, -6.200000000000000178, 4.700000000000000178 ) ) ;
#667 = B_SPLINE_CURVE_WITH_KNOTS ( 'NONE', 3,
 ( #1367, #986, #2172, #2419 ),
 .UNSPECIFIED., .F., .F.,
 ( 4, 4 ),
 ( 0.0000000000000000000, 1.000000000000000000 ),
 .UNSPECIFIED. ) ;
#668 = AXIS2_PLACEMENT_3D ( 'NONE', #2341, #563, #244 ) ;
#669 = CARTESIAN_POINT ( 'NONE',  ( 4.049999999999999822, -0.5999999999999999778, 1.090000000000000080 ) ) ;
#670 = CARTESIAN_POINT ( 'NONE',  ( 4.750000000000000000, -0.5999999999999998668, 1.090000000000000080 ) ) ;
#671 = VERTEX_POINT ( 'NONE', #3976 ) ;
#672 = CARTESIAN_POINT ( 'NONE',  ( 5.100000000000000533, -3.000000000000000000, 1.090000000000000080 ) ) ;
#673 = CARTESIAN_POINT ( 'NONE',  ( -5.100000000000000533, -5.299999999999999822, 2.850000000000000089 ) ) ;
#674 = ADVANCED_FACE ( 'NONE', ( #4639 ), #1152, .T. ) ;
#675 = MECHANICAL_DESIGN_GEOMETRIC_PRESENTATION_REPRESENTATION (  '', ( #1341 ), #2685 ) ;
#676 =( GEOMETRIC_REPRESENTATION_CONTEXT ( 3 ) GLOBAL_UNCERTAINTY_ASSIGNED_CONTEXT ( ( #856 ) ) GLOBAL_UNIT_ASSIGNED_CONTEXT ( ( #1748, #1062, #2499 ) ) REPRESENTATION_CONTEXT ( 'NONE', 'WORKASPACE' ) );
#677 = CARTESIAN_POINT ( 'NONE',  ( -3.850000000000000089, -7.799999999999999822, 4.029999999999999361 ) ) ;
#678 = ORIENTED_EDGE ( 'NONE', *, *, #2149, .T. ) ;
#679 = COLOUR_RGB ( '',0.8431372549019607865, 0.8156862745098039102, 0.7529411764705882248 ) ;
#680 = ADVANCED_FACE ( 'NONE', ( #2893 ), #2488, .T. ) ;
#681 = CARTESIAN_POINT ( 'NONE',  ( 1.399999999999999911, -0.7200000000000000844, 3.550000000000000266 ) ) ;
#682 = ORIENTED_EDGE ( 'NONE', *, *, #3749, .T. ) ;
#683 = PLANE ( 'NONE',  #3212 ) ;
#684 = PRESENTATION_STYLE_ASSIGNMENT (( #313 ) ) ;
#685 = DIRECTION ( 'NONE',  ( 1.000000000000000000, 0.0000000000000000000, 0.0000000000000000000 ) ) ;
#686 = SURFACE_SIDE_STYLE ('',( #2455 ) ) ;
#687 = B_SPLINE_CURVE_WITH_KNOTS ( 'NONE', 3,
 ( #2212, #4404, #805, #1969 ),
 .UNSPECIFIED., .F., .F.,
 ( 4, 4 ),
 ( 0.0000000000000000000, 1.000000000000000000 ),
 .UNSPECIFIED. ) ;
#688 = CARTESIAN_POINT ( 'NONE',  ( 3.849999999999999645, -0.08406282870510990712, 0.7333333333333333925 ) ) ;
#689 = CARTESIAN_POINT ( 'NONE',  ( 4.049999999999999822, -0.08406282870510990712, -0.08000000000000000167 ) ) ;
#690 = VERTEX_POINT ( 'NONE', #780 ) ;
#691 = ORIENTED_EDGE ( 'NONE', *, *, #2025, .F. ) ;
#692 = CARTESIAN_POINT ( 'NONE',  ( -1.846591174306112082, -1.264022132818400479, 6.080000000000000959 ) ) ;
#693 = EDGE_CURVE ( 'NONE', #3940, #3963, #901, .T. ) ;
#694 = B_SPLINE_CURVE_WITH_KNOTS ( 'NONE', 3,
 ( #456, #3316, #1808, #3627 ),
 .UNSPECIFIED., .F., .F.,
 ( 4, 4 ),
 ( 0.0000000000000000000, 1.000000000000000000 ),
 .UNSPECIFIED. ) ;
#695 = ORIENTED_EDGE ( 'NONE', *, *, #1200, .F. ) ;
#696 = CARTESIAN_POINT ( 'NONE',  ( 1.499999999999999556, -5.400000000000000355, 3.616666666666666252 ) ) ;
#697 = EDGE_CURVE ( 'NONE', #4529, #911, #180, .T. ) ;
#698 = B_SPLINE_CURVE_WITH_KNOTS ( 'NONE', 3,
 ( #2411, #1023, #3505, #2115 ),
 .UNSPECIFIED., .F., .F.,
 ( 4, 4 ),
 ( 0.0000000000000000000, 1.000000000000000000 ),
 .UNSPECIFIED. ) ;
#699 = CARTESIAN_POINT ( 'NONE',  ( 3.849999999999999201, -2.032350257162203633, 0.0000000000000000000 ) ) ;
#700 = CARTESIAN_POINT ( 'NONE',  ( -1.738067785992279957, -7.799999999999999822, 1.090000000000000080 ) ) ;
#701 = ORIENTED_EDGE ( 'NONE', *, *, #1661, .F. ) ;
#702 = CARTESIAN_POINT ( 'NONE',  ( 1.738067785992279957, -7.799999999999999822, 0.0000000000000000000 ) ) ;
#703 = CARTESIAN_POINT ( 'NONE',  ( -3.850000000000000089, -5.299999999999999822, 0.0000000000000000000 ) ) ;
#704 = EDGE_CURVE ( 'NONE', #328, #89, #2682, .T. ) ;
#705 = ORIENTED_EDGE ( 'NONE', *, *, #165, .F. ) ;
#706 = CARTESIAN_POINT ( 'NONE',  ( -3.850000000000000089, -0.5999999999999998668, 2.633333333333333304 ) ) ;
#707 = ORIENTED_EDGE ( 'NONE', *, *, #3135, .T. ) ;
#708 = B_SPLINE_CURVE_WITH_KNOTS ( 'NONE', 3,
 ( #3719, #2670, #2625, #3029 ),
 .UNSPECIFIED., .F., .F.,
 ( 4, 4 ),
 ( 0.0000000000000000000, 1.000000000000000000 ),
 .UNSPECIFIED. ) ;
#709 = CARTESIAN_POINT ( 'NONE',  ( -4.049999999999999822, -2.032350257162204077, -0.07999999999999998779 ) ) ;
#710 = DIRECTION ( 'NONE',  ( 1.000000000000000000, 0.0000000000000000000, 0.0000000000000000000 ) ) ;
#711 = DIRECTION ( 'NONE',  ( 0.0000000000000000000, 1.000000000000000000, 0.0000000000000000000 ) ) ;
#712 = DIRECTION ( 'NONE',  ( -1.000000000000000000, 0.0000000000000000000, -1.026956297778279710E-16 ) ) ;
#713 = ORIENTED_EDGE ( 'NONE', *, *, #3698, .F. ) ;
#714 = ORIENTED_EDGE ( 'NONE', *, *, #605, .F. ) ;
#715 = VERTEX_POINT ( 'NONE', #3563 ) ;
#716 = ADVANCED_FACE ( 'NONE', ( #112 ), #1564, .T. ) ;
#717 = CARTESIAN_POINT ( 'NONE',  ( 3.850000000000000089, -3.006493971390749920, 0.0000000000000000000 ) ) ;
#718 = CARTESIAN_POINT ( 'NONE',  ( -0.2539774046692401255, -7.799999999999999822, 0.0000000000000000000 ) ) ;
#719 = FACE_OUTER_BOUND ( 'NONE', #478, .T. ) ;
#720 = VERTEX_POINT ( 'NONE', #864 ) ;
#721 = CARTESIAN_POINT ( 'NONE',  ( 3.050000000000000266, -7.000000000000000000, 2.700000000000000178 ) ) ;
#722 = B_SPLINE_CURVE_WITH_KNOTS ( 'NONE', 3,
 ( #2129, #3165, #2447, #4606 ),
 .UNSPECIFIED., .F., .F.,
 ( 4, 4 ),
 ( 0.0000000000000000000, 1.000000000000000000 ),
 .UNSPECIFIED. ) ;
#723 = ORIENTED_EDGE ( 'NONE', *, *, #3769, .F. ) ;
#724 = CARTESIAN_POINT ( 'NONE',  ( 3.724879999999999747, -5.299999999999999822, -0.2851199999999999846 ) ) ;
#725 = ORIENTED_EDGE ( 'NONE', *, *, #3971, .T. ) ;
#726 =( NAMED_UNIT ( * ) PLANE_ANGLE_UNIT ( ) SI_UNIT ( $, .RADIAN. ) );
#727 = CARTESIAN_POINT ( 'NONE',  ( -1.500000000000000000, -1.287128181961759932, 3.950000000000000178 ) ) ;
#728 = EDGE_CURVE ( 'NONE', #2242, #1874, #2579, .T. ) ;
#729 = CARTESIAN_POINT ( 'NONE',  ( 1.738067785992279957, -7.799999999999999822, 0.0000000000000000000 ) ) ;
#730 = ORIENTED_EDGE ( 'NONE', *, *, #1697, .T. ) ;
#731 = SURFACE_SIDE_STYLE ('',( #1408 ) ) ;
#732 = EDGE_CURVE ( 'NONE', #1206, #3039, #2351, .T. ) ;
#733 = ORIENTED_EDGE ( 'NONE', *, *, #3020, .F. ) ;
#734 =( LENGTH_UNIT ( ) NAMED_UNIT ( * ) SI_UNIT ( .MILLI., .METRE. ) );
#735 = CARTESIAN_POINT ( 'NONE',  ( -1.100000000000000089, -10.33999999999999986, 0.1000000000000000056 ) ) ;
#736 = ORIENTED_EDGE ( 'NONE', *, *, #1843, .T. ) ;
#737 = CARTESIAN_POINT ( 'NONE',  ( -1.399999999999999911, -10.33999999999999986, 0.1000000000000000056 ) ) ;
#738 = PRESENTATION_LAYER_ASSIGNMENT (  '', '', ( #876 ) ) ;
#739 = PLANE ( 'NONE',  #4273 ) ;
#740 =( GEOMETRIC_REPRESENTATION_CONTEXT ( 3 ) GLOBAL_UNCERTAINTY_ASSIGNED_CONTEXT ( ( #3596 ) ) GLOBAL_UNIT_ASSIGNED_CONTEXT ( ( #4513, #314, #2766 ) ) REPRESENTATION_CONTEXT ( 'NONE', 'WORKASPACE' ) );
#741 = CARTESIAN_POINT ( 'NONE',  ( -3.050000000000000266, -7.000000000000000000, 5.209999999999999964 ) ) ;
#742 = FILL_AREA_STYLE ('',( #2880 ) ) ;
#743 = EDGE_CURVE ( 'NONE', #4121, #3468, #3082, .T. ) ;
#744 = AXIS2_PLACEMENT_3D ( 'NONE', #94, #4133, #1176 ) ;
#745 = EDGE_LOOP ( 'NONE', ( #3276, #2577, #283, #1668 ) ) ;
#746 = CARTESIAN_POINT ( 'NONE',  ( 3.050000000000000266, -3.310000000000000053, 4.850000000000000533 ) ) ;
#747 = CARTESIAN_POINT ( 'NONE',  ( 3.850000000000000089, -0.08406282870510990712, -0.08000000000000000167 ) ) ;
#748 = B_SPLINE_CURVE_WITH_KNOTS ( 'NONE', 3,
 ( #2052, #4167, #255, #3111 ),
 .UNSPECIFIED., .F., .F.,
 ( 4, 4 ),
 ( 0.0000000000000000000, 1.000000000000000000 ),
 .UNSPECIFIED. ) ;
#749 = CARTESIAN_POINT ( 'NONE',  ( -1.300000000000000266, -0.7199999999999958655, 3.550000000000001599 ) ) ;
#750 = CARTESIAN_POINT ( 'NONE',  ( -3.850000000000000089, -7.000000000000000000, 6.080000000000000071 ) ) ;
#751 = EDGE_LOOP ( 'NONE', ( #523, #1122, #4165, #3015, #3376, #2022, #1235, #602 ) ) ;
#752 = ORIENTED_EDGE ( 'NONE', *, *, #1095, .T. ) ;
#753 =( NAMED_UNIT ( * ) SI_UNIT ( $, .STERADIAN. ) SOLID_ANGLE_UNIT ( ) );
#754 = ADVANCED_FACE ( 'NONE', ( #4464 ), #4049, .T. ) ;
#755 = VERTEX_POINT ( 'NONE', #4070 ) ;
#756 = CARTESIAN_POINT ( 'NONE',  ( -1.500000000000000000, -0.8757210001579359693, 2.799879999999999924 ) ) ;
#757 = CARTESIAN_POINT ( 'NONE',  ( 0.8857869537484880373, -1.934862554731110018, 2.799879999999999924 ) ) ;
#758 = ORIENTED_EDGE ( 'NONE', *, *, #4139, .T. ) ;
#759 = B_SPLINE_CURVE_WITH_KNOTS ( 'NONE', 3,
 ( #4163, #935, #646, #2098 ),
 .UNSPECIFIED., .F., .F.,
 ( 4, 4 ),
 ( 0.0000000000000000000, 1.000000000000000000 ),
 .UNSPECIFIED. ) ;
#760 = CARTESIAN_POINT ( 'NONE',  ( -3.916666666666666519, -0.6000000000000009770, 2.200000000000000178 ) ) ;
#761 = EDGE_CURVE ( 'NONE', #3166, #4471, #1175, .T. ) ;
#762 = CARTESIAN_POINT ( 'NONE',  ( 0.1166666666666676955, 0.0000000000000000000, 6.080000000000000071 ) ) ;
#763 = CARTESIAN_POINT ( 'NONE',  ( -1.850000000000000089, 3.189169607410569781E-15, 6.080000000000000071 ) ) ;
#764 = EDGE_LOOP ( 'NONE', ( #3811, #4638, #531, #3546 ) ) ;
#765 = CARTESIAN_POINT ( 'NONE',  ( -0.3500000000000044742, -4.599999999999999645, 5.209999999999999964 ) ) ;
#766 = PLANE ( 'NONE',  #1194 ) ;
#767 = CARTESIAN_POINT ( 'NONE',  ( -1.550000000000000044, -7.000000000000000000, 0.0000000000000000000 ) ) ;
#768 = EDGE_LOOP ( 'NONE', ( #3143, #3674, #2816, #1573 ) ) ;
#769 = UNCERTAINTY_MEASURE_WITH_UNIT (LENGTH_MEASURE( 1.000000000000000082E-05 ), #1217, 'distance_accuracy_value', 'NONE');
#770 = CARTESIAN_POINT ( 'NONE',  ( -3.050000000000000266, -5.400000000000000355, 1.090000000000000080 ) ) ;
#771 = VERTEX_POINT ( 'NONE', #1923 ) ;
#772 = EDGE_CURVE ( 'NONE', #1733, #3536, #3926, .T. ) ;
#773 = CARTESIAN_POINT ( 'NONE',  ( -1.738067785992279957, -7.799999999999999822, 1.090000000000000080 ) ) ;
#774 = CARTESIAN_POINT ( 'NONE',  ( 3.050000000000000266, -5.400000000000000355, 5.209999999999999964 ) ) ;
#775 = CARTESIAN_POINT ( 'NONE',  ( -1.399999999999999911, -10.33999999999999986, 0.4000000000000000222 ) ) ;
#776 = PLANE ( 'NONE',  #3968 ) ;
#777 = ORIENTED_EDGE ( 'NONE', *, *, #3106, .T. ) ;
#778 = EDGE_CURVE ( 'NONE', #3574, #4239, #3021, .T. ) ;
#779 = EDGE_LOOP ( 'NONE', ( #1726, #3205, #3905, #2126 ) ) ;
#780 = CARTESIAN_POINT ( 'NONE',  ( 1.500000000000000000, -8.242726650311741565, 1.110223024625159992E-16 ) ) ;
#781 = VERTEX_POINT ( 'NONE', #4482 ) ;
#782 =( NAMED_UNIT ( * ) SI_UNIT ( $, .STERADIAN. ) SOLID_ANGLE_UNIT ( ) );
#783 = CARTESIAN_POINT ( 'NONE',  ( -1.000000000000000000, -7.946778174262040473, 0.9173180782031339353 ) ) ;
#784 = CARTESIAN_POINT ( 'NONE',  ( 1.399999999999999911, -0.7200000000000000844, 3.550000000000000266 ) ) ;
#785 = EDGE_CURVE ( 'NONE', #2130, #3651, #2344, .T. ) ;
#786 = CARTESIAN_POINT ( 'NONE',  ( 0.7619322140077210426, -7.799999999999999822, 0.0000000000000000000 ) ) ;
#787 = CARTESIAN_POINT ( 'NONE',  ( 1.550000000000000044, -8.223015129324469541, -0.1091199999999999948 ) ) ;
#788 = ORIENTED_EDGE ( 'NONE', *, *, #1649, .F. ) ;
#789 = DIRECTION ( 'NONE',  ( -1.000000000000000000, 0.0000000000000000000, 0.0000000000000000000 ) ) ;
#790 = CARTESIAN_POINT ( 'NONE',  ( -5.100000000000000533, -3.000000000000000000, 0.0000000000000000000 ) ) ;
#791 = CARTESIAN_POINT ( 'NONE',  ( 3.050000000000000266, -5.400000000000000355, 1.090000000000000080 ) ) ;
#792 = ORIENTED_EDGE ( 'NONE', *, *, #288, .T. ) ;
#793 = CARTESIAN_POINT ( 'NONE',  ( -1.333333333333333481, -1.287128181961760154, 3.950000000000000178 ) ) ;
#794 = FACE_OUTER_BOUND ( 'NONE', #1292, .T. ) ;
#795 = B_SPLINE_CURVE_WITH_KNOTS ( 'NONE', 3,
 ( #312, #709, #4298, #2085 ),
 .UNSPECIFIED., .F., .F.,
 ( 4, 4 ),
 ( 0.0000000000000000000, 1.000000000000000000 ),
 .UNSPECIFIED. ) ;
#796 = ADVANCED_FACE ( 'NONE', ( #2623 ), #1261, .T. ) ;
#797 = CARTESIAN_POINT ( 'NONE',  ( 3.850000000000000089, -2.777939915136560055E-15, 5.790000000000000036 ) ) ;
#798 = PRESENTATION_STYLE_ASSIGNMENT (( #2575 ) ) ;
#799 = EDGE_LOOP ( 'NONE', ( #158, #2285, #4448, #4489 ) ) ;
#800 = ORIENTED_EDGE ( 'NONE', *, *, #2822, .F. ) ;
#801 = SURFACE_SIDE_STYLE ('',( #3715 ) ) ;
#802 = EDGE_CURVE ( 'NONE', #3103, #671, #564, .T. ) ;
#803 = ORIENTED_EDGE ( 'NONE', *, *, #433, .T. ) ;
#804 = CARTESIAN_POINT ( 'NONE',  ( 1.500000000000000000, -9.772871818038218805, 0.5000000000000000000 ) ) ;
#805 = CARTESIAN_POINT ( 'NONE',  ( -1.550000000000000266, -7.188756099795296173, 0.0000000000000000000 ) ) ;
#806 = CARTESIAN_POINT ( 'NONE',  ( 4.683333333333333570, -0.5999999999999999778, 2.850000000000000089 ) ) ;
#807 = EDGE_CURVE ( 'NONE', #1353, #3424, #3653, .T. ) ;
#808 = B_SPLINE_CURVE_WITH_KNOTS ( 'NONE', 3,
 ( #3173, #4013, #3664, #469 ),
 .UNSPECIFIED., .F., .F.,
 ( 4, 4 ),
 ( 0.0000000000000000000, 1.000000000000000000 ),
 .UNSPECIFIED. ) ;
#809 = CARTESIAN_POINT ( 'NONE',  ( -0.3500000000000049738, 1.965225821582489834E-15, 6.080000000000000071 ) ) ;
#810 = CARTESIAN_POINT ( 'NONE',  ( 1.016666666666667052, -6.200000000000000178, 5.209999999999999964 ) ) ;
#811 = COLOUR_RGB ( '',0.8980392156862745390, 0.8980392156862745390, 0.8980392156862745390 ) ;
#812 = FACE_OUTER_BOUND ( 'NONE', #3650, .T. ) ;
#813 = EDGE_CURVE ( 'NONE', #2930, #2558, #2967, .T. ) ;
#814 = MECHANICAL_DESIGN_GEOMETRIC_PRESENTATION_REPRESENTATION (  '', ( #3293 ), #3364 ) ;
#815 = ORIENTED_EDGE ( 'NONE', *, *, #2494, .T. ) ;
#816 = UNCERTAINTY_MEASURE_WITH_UNIT (LENGTH_MEASURE( 1.000000000000000082E-05 ), #4511, 'distance_accuracy_value', 'NONE');
#817 = MECHANICAL_DESIGN_GEOMETRIC_PRESENTATION_REPRESENTATION (  '', ( #2166 ), #4493 ) ;
#818 = AXIS2_PLACEMENT_3D ( 'NONE', #2227, #4395, #170 ) ;
#819 = ADVANCED_FACE ( 'NONE', ( #2599 ), #2408, .F. ) ;
#820 = AXIS2_PLACEMENT_3D ( 'NONE', #570, #1641, #3084 ) ;
#821 = B_SPLINE_CURVE_WITH_KNOTS ( 'NONE', 3,
 ( #190, #2010, #4236, #304 ),
 .UNSPECIFIED., .F., .F.,
 ( 4, 4 ),
 ( 0.0000000000000000000, 1.000000000000000000 ),
 .UNSPECIFIED. ) ;
#822 = AXIS2_PLACEMENT_3D ( 'NONE', #1455, #2966, #95 ) ;
#823 = CARTESIAN_POINT ( 'NONE',  ( 3.850000000000000089, -3.006493971390749920, -0.08000000000000000167 ) ) ;
#824 = ORIENTED_EDGE ( 'NONE', *, *, #865, .F. ) ;
#825 = ORIENTED_EDGE ( 'NONE', *, *, #4161, .F. ) ;
#826 = MECHANICAL_DESIGN_GEOMETRIC_PRESENTATION_REPRESENTATION (  '', ( #1041 ), #1638 ) ;
#827 = CARTESIAN_POINT ( 'NONE',  ( 1.000000000000000000, -7.946778174262040473, 0.9173180782031339353 ) ) ;
#828 = CARTESIAN_POINT ( 'NONE',  ( -1.000000000000000000, -8.242726650311741565, 0.0000000000000000000 ) ) ;
#829 = EDGE_CURVE ( 'NONE', #3071, #1912, #128, .T. ) ;
#830 = CARTESIAN_POINT ( 'NONE',  ( -1.000000000000000000, -7.000000000000000000, 2.740894846264729789 ) ) ;
#831 = B_SPLINE_CURVE_WITH_KNOTS ( 'NONE', 3,
 ( #135, #2583, #3982, #1864 ),
 .UNSPECIFIED., .F., .F.,
 ( 4, 4 ),
 ( 0.0000000000000000000, 1.000000000000000000 ),
 .UNSPECIFIED. ) ;
#832 = FILL_AREA_STYLE_COLOUR ( '', #811 ) ;
#833 = CARTESIAN_POINT ( 'NONE',  ( -1.500000000000000000, -8.242726650311741565, 0.0000000000000000000 ) ) ;
#834 = ADVANCED_FACE ( 'NONE', ( #4206 ), #2087, .T. ) ;
#835 = CARTESIAN_POINT ( 'NONE',  ( -3.850000000000000089, -0.05604188580340666720, 0.0000000000000000000 ) ) ;
#836 = CARTESIAN_POINT ( 'NONE',  ( 1.738067785992279957, -7.799999999999999822, 1.090000000000000080 ) ) ;
#837 = EDGE_LOOP ( 'NONE', ( #3847, #1390, #2255, #4499 ) ) ;
#838 = EDGE_CURVE ( 'NONE', #1329, #1219, #891, .T. ) ;
#839 = CARTESIAN_POINT ( 'NONE',  ( -1.738067785992279957, -7.799999999999999822, 0.7266666666666665719 ) ) ;
#840 = DIRECTION ( 'NONE',  ( 1.000000000000000000, 0.0000000000000000000, 0.0000000000000000000 ) ) ;
#841 = DIRECTION ( 'NONE',  ( 1.000000000000000000, 0.0000000000000000000, 0.0000000000000000000 ) ) ;
#842 = CARTESIAN_POINT ( 'NONE',  ( -1.333333333333332815, -5.400000000000000355, 3.449999999999999734 ) ) ;
#843 = EDGE_LOOP ( 'NONE', ( #110, #2885, #4033, #4582 ) ) ;
#844 = EDGE_CURVE ( 'NONE', #32, #4239, #3313, .T. ) ;
#845 = EDGE_LOOP ( 'NONE', ( #2701, #1734, #4003, #608, #4232, #1597, #458, #777, #1584 ) ) ;
#846 = B_SPLINE_CURVE_WITH_KNOTS ( 'NONE', 3,
 ( #345, #3929, #3231, #2536 ),
 .UNSPECIFIED., .F., .F.,
 ( 4, 4 ),
 ( 0.0000000000000000000, 1.000000000000000000 ),
 .UNSPECIFIED. ) ;
#847 = CARTESIAN_POINT ( 'NONE',  ( -1.285786953748490058, -10.98773437276930132, 1.150119999999999809 ) ) ;
#848 = B_SPLINE_CURVE_WITH_KNOTS ( 'NONE', 3,
 ( #765, #2652, #1588, #2194 ),
 .UNSPECIFIED., .F., .F.,
 ( 4, 4 ),
 ( 0.0000000000000000000, 1.000000000000000000 ),
 .UNSPECIFIED. ) ;
#849 = CARTESIAN_POINT ( 'NONE',  ( 1.500000000000000000, -8.019974593652642980, 0.6089690105087136596 ) ) ;
#850 = ORIENTED_EDGE ( 'NONE', *, *, #113, .F. ) ;
#851 = EDGE_CURVE ( 'NONE', #1903, #3666, #2570, .T. ) ;
#852 = CARTESIAN_POINT ( 'NONE',  ( 1.500000000000000000, -7.406778174262040437, 3.192135588967509818 ) ) ;
#853 = ORIENTED_EDGE ( 'NONE', *, *, #1284, .F. ) ;
#854 = CARTESIAN_POINT ( 'NONE',  ( -3.850000000000000089, 1.091865616008679887E-15, 0.0000000000000000000 ) ) ;
#855 = CARTESIAN_POINT ( 'NONE',  ( 1.100000000000000089, -0.7200000000000000844, 3.550000000000000266 ) ) ;
#856 = UNCERTAINTY_MEASURE_WITH_UNIT (LENGTH_MEASURE( 1.000000000000000082E-05 ), #1748, 'distance_accuracy_value', 'NONE');
#857 = ORIENTED_EDGE ( 'NONE', *, *, #933, .T. ) ;
#858 = CARTESIAN_POINT ( 'NONE',  ( -1.500000000000000000, -8.242726650311741565, 0.0000000000000000000 ) ) ;
#859 = CARTESIAN_POINT ( 'NONE',  ( -3.316666666666660213, -7.000000000000000000, 4.460000000000000853 ) ) ;
#860 = DIRECTION ( 'NONE',  ( -1.000000000000000000, 0.0000000000000000000, 0.0000000000000000000 ) ) ;
#861 = CARTESIAN_POINT ( 'NONE',  ( -1.200000000000000400, -0.7199999999999957545, 3.850000000000001421 ) ) ;
#862 = ORIENTED_EDGE ( 'NONE', *, *, #348, .T. ) ;
#863 = CARTESIAN_POINT ( 'NONE',  ( 4.049999999999999822, -0.08406282870510999039, 1.466666666666667007 ) ) ;
#864 = CARTESIAN_POINT ( 'NONE',  ( 3.850000000000000089, -0.5999999999999999778, 2.200000000000000178 ) ) ;
#865 = EDGE_CURVE ( 'NONE', #1437, #3215, #1280, .T. ) ;
#866 = CARTESIAN_POINT ( 'NONE',  ( -1.500000000000000000, -1.287128181961759932, 3.616666666666666252 ) ) ;
#867 = ORIENTED_EDGE ( 'NONE', *, *, #1456, .F. ) ;
#868 = CARTESIAN_POINT ( 'NONE',  ( -2.516666666666665719, 0.0000000000000000000, 5.209999999999999964 ) ) ;
#869 = EDGE_CURVE ( 'NONE', #4646, #877, #3195, .T. ) ;
#870 = B_SPLINE_CURVE_WITH_KNOTS ( 'NONE', 3,
 ( #2206, #2443, #3401, #3069 ),
 .UNSPECIFIED., .F., .F.,
 ( 4, 4 ),
 ( 0.0000000000000000000, 1.000000000000000000 ),
 .UNSPECIFIED. ) ;
#871 = CARTESIAN_POINT ( 'NONE',  ( 0.9499999999999999556, -7.566268299385879637, 0.7266666666666665719 ) ) ;
#872 = CARTESIAN_POINT ( 'NONE',  ( -3.049999999999990052, -7.000000000000000000, 5.040000000000000036 ) ) ;
#873 = ORIENTED_EDGE ( 'NONE', *, *, #1906, .T. ) ;
#874 =( NAMED_UNIT ( * ) SI_UNIT ( $, .STERADIAN. ) SOLID_ANGLE_UNIT ( ) );
#875 = CARTESIAN_POINT ( 'NONE',  ( -1.850000000000000089, 3.189169607410569781E-15, 6.080000000000000071 ) ) ;
#876 = STYLED_ITEM ( 'NONE', ( #1628 ), #134 ) ;
#877 = VERTEX_POINT ( 'NONE', #997 ) ;
#878 = SURFACE_STYLE_USAGE ( .BOTH. , #3139 ) ;
#879 = ADVANCED_FACE ( 'NONE', ( #2431 ), #3869, .T. ) ;
#880 = B_SPLINE_CURVE_WITH_KNOTS ( 'NONE', 3,
 ( #3392, #4191, #1690, #3587 ),
 .UNSPECIFIED., .F., .F.,
 ( 4, 4 ),
 ( 0.0000000000000000000, 1.000000000000000000 ),
 .UNSPECIFIED. ) ;
#881 = PRESENTATION_LAYER_ASSIGNMENT (  '', '', ( #4422 ) ) ;
#882 = CARTESIAN_POINT ( 'NONE',  ( 1.000000000000000000, -9.772871818038218805, 0.0000000000000000000 ) ) ;
#883 = AXIS2_PLACEMENT_3D ( 'NONE', #1302, #2405, #946 ) ;
#884 = CARTESIAN_POINT ( 'NONE',  ( 5.100000000000000533, -5.299999999999999822, 2.850000000000000089 ) ) ;
#885 = AXIS2_PLACEMENT_3D ( 'NONE', #3019, #452, #3693 ) ;
#886 = AXIS2_PLACEMENT_3D ( 'NONE', #2103, #2753, #2422 ) ;
#887 = COLOUR_RGB ( '',0.8980392156862745390, 0.8980392156862745390, 0.8980392156862745390 ) ;
#888 = CARTESIAN_POINT ( 'NONE',  ( -3.850000000000000089, -3.733333333333333393, 2.850000000000000089 ) ) ;
#889 = ORIENTED_EDGE ( 'NONE', *, *, #15, .F. ) ;
#891 = B_SPLINE_CURVE_WITH_KNOTS ( 'NONE', 3,
 ( #3478, #906, #660, #3074 ),
 .UNSPECIFIED., .F., .F.,
 ( 4, 4 ),
 ( 0.0000000000000000000, 1.000000000000000000 ),
 .UNSPECIFIED. ) ;
#890 = DIRECTION ( 'NONE',  ( 1.000000000000000000, 0.0000000000000000000, 0.0000000000000000000 ) ) ;
#892 = CARTESIAN_POINT ( 'NONE',  ( -0.9999999999999991118, -5.400000000000000355, 3.616666666666666252 ) ) ;
#893 = ADVANCED_FACE ( 'NONE', ( #3098 ), #405, .T. ) ;
#894 =( GEOMETRIC_REPRESENTATION_CONTEXT ( 3 ) GLOBAL_UNCERTAINTY_ASSIGNED_CONTEXT ( ( #3483 ) ) GLOBAL_UNIT_ASSIGNED_CONTEXT ( ( #3646, #404, #1144 ) ) REPRESENTATION_CONTEXT ( 'NONE', 'WORKASPACE' ) );
#895 = CARTESIAN_POINT ( 'NONE',  ( -3.050000000000000711, -3.766666666666667052, 5.209999999999999964 ) ) ;
#896 = CARTESIAN_POINT ( 'NONE',  ( 3.850000000000000089, -0.08406282870510990712, 0.0000000000000000000 ) ) ;
#897 = ORIENTED_EDGE ( 'NONE', *, *, #4189, .T. ) ;
#898 = EDGE_CURVE ( 'NONE', #1912, #690, #2088, .T. ) ;
#899 = CARTESIAN_POINT ( 'NONE',  ( -3.850000000000000533, -3.310000000000000497, 4.872604687418340852 ) ) ;
#900 = CARTESIAN_POINT ( 'NONE',  ( -3.849999999999999201, -4.666666666666660745, 6.080000000000000071 ) ) ;
#901 = B_SPLINE_CURVE_WITH_KNOTS ( 'NONE', 3,
 ( #2141, #3253, #4326, #3630, #2118, #3200, #389, #1783, #40, #1450, #17, #3226, #4282, #1433, #1097 ),
 .UNSPECIFIED., .F., .F.,
 ( 4, 2, 2, 2, 1, 2, 2, 4 ),
 ( 0.0000000000000000000, 0.1250000000000009714, 0.2500000000000019429, 0.5000000000000023315, 0.6250000000000025535, 0.6875000000000007772, 0.7499999999999990008, 1.000000000000000000 ),
 .UNSPECIFIED. ) ;
#902 = ORIENTED_EDGE ( 'NONE', *, *, #3081, .F. ) ;
#903 = CARTESIAN_POINT ( 'NONE',  ( -1.000000000000000000, -7.460296961164719853, 0.8018363510626200785 ) ) ;
#904 = CARTESIAN_POINT ( 'NONE',  ( -3.050000000000000266, -3.309999999999999609, 4.483333333333333393 ) ) ;
#905 = CARTESIAN_POINT ( 'NONE',  ( -3.850000000000000089, 1.091865616008679887E-15, 0.0000000000000000000 ) ) ;
#906 = CARTESIAN_POINT ( 'NONE',  ( -3.850000000000000089, 0.0000000000000000000, 5.500000000000000000 ) ) ;
#907 = PRESENTATION_STYLE_ASSIGNMENT (( #2064 ) ) ;
#908 = ADVANCED_FACE ( 'NONE', ( #4346 ), #3967, .T. ) ;
#909 = ADVANCED_FACE ( 'NONE', ( #1850 ), #2553, .T. ) ;
#910 = CARTESIAN_POINT ( 'NONE',  ( 3.050000000000000266, -3.310000000000000053, 4.850000000000000533 ) ) ;
#911 = VERTEX_POINT ( 'NONE', #2523 ) ;
#912 = CARTESIAN_POINT ( 'NONE',  ( -1.000000000000000000, -5.400000000000000355, 3.950000000000000178 ) ) ;
#913 = B_SPLINE_CURVE_WITH_KNOTS ( 'NONE', 3,
 ( #2944, #4379, #1786, #1075 ),
 .UNSPECIFIED., .F., .F.,
 ( 4, 4 ),
 ( 0.0000000000000000000, 1.000000000000000000 ),
 .UNSPECIFIED. ) ;
#914 = CARTESIAN_POINT ( 'NONE',  ( -1.100000000000000089, -0.7200000000000000844, 3.850000000000000089 ) ) ;
#915 = ORIENTED_EDGE ( 'NONE', *, *, #80, .T. ) ;
#916 = FILL_AREA_STYLE ('',( #183 ) ) ;
#917 = DIRECTION ( 'NONE',  ( 1.000000000000000000, 0.0000000000000000000, 0.0000000000000000000 ) ) ;
#918 = DIRECTION ( 'NONE',  ( 0.0000000000000000000, -1.000000000000000000, 0.0000000000000000000 ) ) ;
#919 = ORIENTED_EDGE ( 'NONE', *, *, #1882, .T. ) ;
#920 = CARTESIAN_POINT ( 'NONE',  ( 3.850000000000000089, -7.000000000000000000, 6.080000000000000071 ) ) ;
#921 = DIRECTION ( 'NONE',  ( 1.000000000000000000, 0.0000000000000000000, 0.0000000000000000000 ) ) ;
#922 = EDGE_CURVE ( 'NONE', #4062, #388, #2857, .T. ) ;
#923 = CARTESIAN_POINT ( 'NONE',  ( 3.050000000000000266, -7.799999999999999822, 1.090000000000000080 ) ) ;
#924 = CARTESIAN_POINT ( 'NONE',  ( 3.050000000000000266, -6.200000000000000178, 2.163333333333333552 ) ) ;
#925 = CARTESIAN_POINT ( 'NONE',  ( -3.050000000000000266, -3.310000000000000053, 4.299999999999999822 ) ) ;
#926 = PLANE ( 'NONE',  #4193 ) ;
#927 = CARTESIAN_POINT ( 'NONE',  ( -1.250000000000000000, -8.520221196276558828, 1.053442945548549892 ) ) ;
#928 = SURFACE_STYLE_FILL_AREA ( #639 ) ;
#929 = CARTESIAN_POINT ( 'NONE',  ( -1.000000000000000000, -7.406778174262040437, 3.192135588967509818 ) ) ;
#930 = ORIENTED_EDGE ( 'NONE', *, *, #4156, .T. ) ;
#931 = ORIENTED_EDGE ( 'NONE', *, *, #2978, .T. ) ;
#932 = DIRECTION ( 'NONE',  ( 0.0000000000000000000, 0.0000000000000000000, 1.000000000000000000 ) ) ;
#933 = EDGE_CURVE ( 'NONE', #619, #3562, #287, .T. ) ;
#934 = B_SPLINE_CURVE_WITH_KNOTS ( 'NONE', 3,
 ( #1842, #3283, #1184, #1594 ),
 .UNSPECIFIED., .F., .F.,
 ( 4, 4 ),
 ( 0.0000000000000000000, 1.000000000000000000 ),
 .UNSPECIFIED. ) ;
#935 = CARTESIAN_POINT ( 'NONE',  ( -4.049999999999999822, -3.000000000000000000, 0.3633333333333332305 ) ) ;
#936 = CARTESIAN_POINT ( 'NONE',  ( -3.850000000000003642, -7.799999999999999822, 1.343333333333333046 ) ) ;
#937 = ORIENTED_EDGE ( 'NONE', *, *, #2863, .F. ) ;
#938 =( NAMED_UNIT ( * ) PLANE_ANGLE_UNIT ( ) SI_UNIT ( $, .RADIAN. ) );
#939 = ORIENTED_EDGE ( 'NONE', *, *, #1771, .F. ) ;
#940 = CARTESIAN_POINT ( 'NONE',  ( -1.784171260535505787, -0.3733333333333332948, 5.209999999999999964 ) ) ;
#941 = ORIENTED_EDGE ( 'NONE', *, *, #4382, .T. ) ;
#942 = PLANE ( 'NONE',  #4185 ) ;
#943 = B_SPLINE_CURVE_WITH_KNOTS ( 'NONE', 1,
 ( #3943, #362 ),
 .UNSPECIFIED., .F., .F.,
 ( 2, 2 ),
 ( 0.0000000000000000000, 1.992942834170859934 ),
 .UNSPECIFIED. ) ;
#944 = CARTESIAN_POINT ( 'NONE',  ( -3.050000000000000266, -5.400000000000000355, 5.209999999999999964 ) ) ;
#945 = ADVANCED_FACE ( 'NONE', ( #3920 ), #3996, .T. ) ;
#946 = DIRECTION ( 'NONE',  ( 0.0000000000000000000, 0.0000000000000000000, -1.000000000000000000 ) ) ;
#947 = EDGE_LOOP ( 'NONE', ( #2233, #162, #2436, #2998, #2569, #824, #1161, #1016, #496 ) ) ;
#948 = CARTESIAN_POINT ( 'NONE',  ( 11.69012000000000029, -7.680120000000000502, 2.700000000000000178 ) ) ;
#949 = EDGE_CURVE ( 'NONE', #1733, #1209, #943, .T. ) ;
#950 = DIRECTION ( 'NONE',  ( 1.000000000000000000, 0.0000000000000000000, 0.0000000000000000000 ) ) ;
#951 = PRESENTATION_LAYER_ASSIGNMENT (  '', '', ( #3594 ) ) ;
#952 = B_SPLINE_CURVE_WITH_KNOTS ( 'NONE', 3,
 ( #1549, #1243, #2241, #3765, #1531, #2997 ),
 .UNSPECIFIED., .F., .F.,
 ( 4, 2, 4 ),
 ( 0.0000000000000000000, 0.5000000000000000000, 1.000000000000000000 ),
 .UNSPECIFIED. ) ;
#953 = VECTOR ( 'NONE', #2814, 1000.000000000000000 ) ;
#954 = COLOUR_RGB ( '',0.8980392156862745390, 0.8980392156862745390, 0.8980392156862745390 ) ;
#955 = DIRECTION ( 'NONE',  ( 0.0000000000000000000, 1.000000000000000000, 0.0000000000000000000 ) ) ;
#956 = EDGE_LOOP ( 'NONE', ( #2463, #2045, #391, #1051 ) ) ;
#957 = EDGE_LOOP ( 'NONE', ( #2327, #1256, #4294, #311 ) ) ;
#958 = CARTESIAN_POINT ( 'NONE',  ( -5.100000000000000533, -2.166666666666666519, 2.850000000000000089 ) ) ;
#959 = AXIS2_PLACEMENT_3D ( 'NONE', #2400, #3841, #2174 ) ;
#960 = AXIS2_PLACEMENT_3D ( 'NONE', #1829, #3647, #1119 ) ;
#961 = EDGE_CURVE ( 'NONE', #3947, #142, #1905, .T. ) ;
#962 = AXIS2_PLACEMENT_3D ( 'NONE', #2700, #274, #4522 ) ;
#963 = FACE_OUTER_BOUND ( 'NONE', #2975, .T. ) ;
#964 = CARTESIAN_POINT ( 'NONE',  ( 4.400000000000000355, -0.5999999999999998668, 1.090000000000000080 ) ) ;
#965 = ORIENTED_EDGE ( 'NONE', *, *, #1309, .F. ) ;
#966 = CARTESIAN_POINT ( 'NONE',  ( 1.500000000000000000, -2.658085454641173406, 3.950000000000000178 ) ) ;
#967 = EDGE_CURVE ( 'NONE', #2589, #4354, #2626, .T. ) ;
#968 = CARTESIAN_POINT ( 'NONE',  ( -1.500000000000000000, -5.400000000000000355, 3.950000000000000178 ) ) ;
#969 = ORIENTED_EDGE ( 'NONE', *, *, #2139, .F. ) ;
#970 = CARTESIAN_POINT ( 'NONE',  ( 3.850000000000000089, 0.0000000000000000000, 5.790000000000000036 ) ) ;
#971 = PLANE ( 'NONE',  #2837 ) ;
#972 = EDGE_CURVE ( 'NONE', #1515, #230, #2243, .T. ) ;
#973 = ORIENTED_EDGE ( 'NONE', *, *, #2667, .F. ) ;
#974 = CARTESIAN_POINT ( 'NONE',  ( -3.050000000000000266, -6.200000000000000178, 4.700000000000000178 ) ) ;
#975 = ORIENTED_EDGE ( 'NONE', *, *, #1269, .F. ) ;
#976 = CARTESIAN_POINT ( 'NONE',  ( -1.100000000000000089, -10.33999999999999986, 0.4000000000000000222 ) ) ;
#977 = CARTESIAN_POINT ( 'NONE',  ( 0.7619322140077199323, -7.799999999999999822, 1.090000000000000080 ) ) ;
#978 =( LENGTH_UNIT ( ) NAMED_UNIT ( * ) SI_UNIT ( .MILLI., .METRE. ) );
#979 = ADVANCED_FACE ( 'NONE', ( #1019 ), #1900, .T. ) ;
#980 = CARTESIAN_POINT ( 'NONE',  ( -4.049999999999999822, -3.000000000000000000, 1.090000000000000080 ) ) ;
#981 = ORIENTED_EDGE ( 'NONE', *, *, #1179, .T. ) ;
#982 = ORIENTED_EDGE ( 'NONE', *, *, #3884, .F. ) ;
#983 = CARTESIAN_POINT ( 'NONE',  ( 4.049999999999999822, -0.6000000000000019762, 1.459999999999999964 ) ) ;
#984 = CARTESIAN_POINT ( 'NONE',  ( 4.049999999999999822, -0.5999999999999999778, 1.090000000000000080 ) ) ;
#985 = EDGE_LOOP ( 'NONE', ( #1813, #2580, #1932, #3576 ) ) ;
#986 = CARTESIAN_POINT ( 'NONE',  ( 3.183333333333333570, 3.062295787318689839E-15, 6.080000000000000071 ) ) ;
#987 = SURFACE_STYLE_FILL_AREA ( #4213 ) ;
#988 = CARTESIAN_POINT ( 'NONE',  ( 3.850000000000000089, -6.133333333333333748, 0.0000000000000000000 ) ) ;
#989 = EDGE_LOOP ( 'NONE', ( #441, #2082, #6, #1377 ) ) ;
#990 = CARTESIAN_POINT ( 'NONE',  ( 3.050000000000000266, -3.310000000000000053, 4.299999999999999822 ) ) ;
#991 = ADVANCED_FACE ( 'NONE', ( #794 ), #537, .T. ) ;
#992 = EDGE_LOOP ( 'NONE', ( #606, #4642, #4241, #3397 ) ) ;
#993 = CARTESIAN_POINT ( 'NONE',  ( 4.049999999999999822, -3.000000000000000000, 0.0000000000000000000 ) ) ;
#994 = EDGE_LOOP ( 'NONE', ( #4426, #981, #3138, #1709 ) ) ;
#995 = CARTESIAN_POINT ( 'NONE',  ( -1.000000000000000000, -5.400000000000000355, 3.950000000000000178 ) ) ;
#996 = CARTESIAN_POINT ( 'NONE',  ( -4.049999999999999822, 0.2083002855634539796, -0.3081200000000000050 ) ) ;
#997 = CARTESIAN_POINT ( 'NONE',  ( -1.500000000000000000, -9.772871818038209923, 0.5000000000000000000 ) ) ;
#998 =( NAMED_UNIT ( * ) PLANE_ANGLE_UNIT ( ) SI_UNIT ( $, .RADIAN. ) );
#999 = CARTESIAN_POINT ( 'NONE',  ( 3.849999999999999645, -0.08406282870510990712, 1.466666666666667007 ) ) ;
#1000 = CARTESIAN_POINT ( 'NONE',  ( -3.850000000000000089, -0.08406282870510960181, 2.200000000000000178 ) ) ;
#1001 = ORIENTED_EDGE ( 'NONE', *, *, #2965, .T. ) ;
#1002 = EDGE_LOOP ( 'NONE', ( #3806, #2501, #1833, #725 ) ) ;
#1003 = EDGE_CURVE ( 'NONE', #1228, #3783, #3863, .T. ) ;
#1004 = CARTESIAN_POINT ( 'NONE',  ( 1.706590279245800978, -2.497787219060955799, 6.080000000000000071 ) ) ;
#1005 = CARTESIAN_POINT ( 'NONE',  ( 1.399999999999999911, -0.7200000000000000844, 3.850000000000000089 ) ) ;
#1006 = VERTEX_POINT ( 'NONE', #1145 ) ;
#1007 = CARTESIAN_POINT ( 'NONE',  ( 1.550000000000000044, -6.999999999999989342, 0.7266666666666665719 ) ) ;
#1008 = ADVANCED_FACE ( 'NONE', ( #3338 ), #2617, .T. ) ;
#1009 = CARTESIAN_POINT ( 'NONE',  ( 3.850000000000000089, -4.666666666666666963, 6.079999999999999183 ) ) ;
#1010 = CARTESIAN_POINT ( 'NONE',  ( -1.850000000000000089, 4.381791997144624264E-15, 5.209999999999999964 ) ) ;
#1011 = ORIENTED_EDGE ( 'NONE', *, *, #961, .T. ) ;
#1012 =( NAMED_UNIT ( * ) SI_UNIT ( $, .STERADIAN. ) SOLID_ANGLE_UNIT ( ) );
#1013 = CARTESIAN_POINT ( 'NONE',  ( -3.229880000000000084, 0.5676508884243789410, 2.200000000000000178 ) ) ;
#1014 = ORIENTED_EDGE ( 'NONE', *, *, #732, .F. ) ;
#1015 = DIRECTION ( 'NONE',  ( 0.0000000000000000000, 1.000000000000000000, 0.0000000000000000000 ) ) ;
#1016 = ORIENTED_EDGE ( 'NONE', *, *, #743, .T. ) ;
#1017 = ADVANCED_FACE ( 'NONE', ( #4457 ), #1494, .T. ) ;
#1018 = CARTESIAN_POINT ( 'NONE',  ( -3.050000000000000266, -7.799999999999999822, 3.049999999999999822 ) ) ;
#1019 = FACE_OUTER_BOUND ( 'NONE', #1372, .T. ) ;
#1020 = CARTESIAN_POINT ( 'NONE',  ( -0.9499999999999999556, -7.000000000000000000, 0.0000000000000000000 ) ) ;
#1021 = B_SPLINE_CURVE_WITH_KNOTS ( 'NONE', 3,
 ( #2581, #1973, #3737, #1587 ),
 .UNSPECIFIED., .F., .F.,
 ( 4, 4 ),
 ( 0.0000000000000000000, 1.000000000000000000 ),
 .UNSPECIFIED. ) ;
#1022 = CARTESIAN_POINT ( 'NONE',  ( -1.500000000000000000, -8.019974593652642980, 0.6089690105087136596 ) ) ;
#1023 = CARTESIAN_POINT ( 'NONE',  ( -3.850000000000000089, -6.133333333333333748, 0.0000000000000000000 ) ) ;
#1024 = ORIENTED_EDGE ( 'NONE', *, *, #3333, .F. ) ;
#1025 = AXIS2_PLACEMENT_3D ( 'NONE', #4383, #2215, #3659 ) ;
#1026 = ORIENTED_EDGE ( 'NONE', *, *, #528, .F. ) ;
#1027 = AXIS2_PLACEMENT_3D ( 'NONE', #3170, #3623, #2810 ) ;
#1028 = MECHANICAL_DESIGN_GEOMETRIC_PRESENTATION_REPRESENTATION (  '', ( #2677 ), #3219 ) ;
#1029 = ORIENTED_EDGE ( 'NONE', *, *, #543, .F. ) ;
#1030 = ADVANCED_FACE ( 'NONE', ( #1917 ), #2312, .T. ) ;
#1031 = CARTESIAN_POINT ( 'NONE',  ( 1.176810743643579515, -4.115093388947697939, 6.080000000000000071 ) ) ;
#1032 = CARTESIAN_POINT ( 'NONE',  ( -0.3500000000000044742, -4.599999999999999645, 5.209999999999999964 ) ) ;
#1033 = ORIENTED_EDGE ( 'NONE', *, *, #4131, .T. ) ;
#1034 = FACE_OUTER_BOUND ( 'NONE', #957, .T. ) ;
#1035 = B_SPLINE_CURVE_WITH_KNOTS ( 'NONE', 3,
 ( #2979, #3648, #1582, #108 ),
 .UNSPECIFIED., .F., .F.,
 ( 4, 4 ),
 ( 0.0000000000000000000, 1.000000000000000000 ),
 .UNSPECIFIED. ) ;
#1036 = MECHANICAL_DESIGN_GEOMETRIC_PRESENTATION_REPRESENTATION (  '', ( #2096 ), #1633 ) ;
#1037 = CARTESIAN_POINT ( 'NONE',  ( 5.100000000000000533, -5.299999999999999822, 0.0000000000000000000 ) ) ;
#1038 = ORIENTED_EDGE ( 'NONE', *, *, #2993, .T. ) ;
#1039 =( NAMED_UNIT ( * ) PLANE_ANGLE_UNIT ( ) SI_UNIT ( $, .RADIAN. ) );
#1040 = FILL_AREA_STYLE_COLOUR ( '', #3211 ) ;
#1041 = STYLED_ITEM ( 'NONE', ( #1446 ), #4613 ) ;
#1042 = ORIENTED_EDGE ( 'NONE', *, *, #1655, .T. ) ;
#1043 = CARTESIAN_POINT ( 'NONE',  ( -3.850000000000000089, -0.5999999999999998668, 2.416666666666666519 ) ) ;
#1044 = VERTEX_POINT ( 'NONE', #4082 ) ;
#1045 =( LENGTH_UNIT ( ) NAMED_UNIT ( * ) SI_UNIT ( .MILLI., .METRE. ) );
#1046 = CARTESIAN_POINT ( 'NONE',  ( -1.000000000000000000, -7.406778174262040437, 3.192135588967509818 ) ) ;
#1047 = CARTESIAN_POINT ( 'NONE',  ( 1.500000000000000000, -8.242726650311741565, 1.110223024625159992E-16 ) ) ;
#1048 = PLANE ( 'NONE',  #4649 ) ;
#1049 = CARTESIAN_POINT ( 'NONE',  ( -5.100000000000000533, -3.000000000000000000, 1.090000000000000080 ) ) ;
#1050 = ORIENTED_EDGE ( 'NONE', *, *, #2494, .F. ) ;
#1051 = ORIENTED_EDGE ( 'NONE', *, *, #2289, .T. ) ;
#1052 = FILL_AREA_STYLE ('',( #2209 ) ) ;
#1053 = EDGE_CURVE ( 'NONE', #1801, #664, #1791, .T. ) ;
#1054 = ORIENTED_EDGE ( 'NONE', *, *, #3043, .F. ) ;
#1055 = SURFACE_SIDE_STYLE ('',( #3297 ) ) ;
#1056 = CARTESIAN_POINT ( 'NONE',  ( 3.850000000000000089, 3.693950829973889345E-15, 4.299999999999999822 ) ) ;
#1057 = DIRECTION ( 'NONE',  ( 0.0000000000000000000, 1.000000000000000000, 0.0000000000000000000 ) ) ;
#1058 = MANIFOLD_SURFACE_SHAPE_REPRESENTATION ( 'F8D23774-0E6B-4E15-8B52-96B14E7C9DB7', ( #3916, #4275 ), #894 ) ;
#1059 = CARTESIAN_POINT ( 'NONE',  ( -3.050000000000000266, -6.200000000000000178, 1.090000000000000080 ) ) ;
#1060 = ORIENTED_EDGE ( 'NONE', *, *, #2181, .T. ) ;
#1061 = CARTESIAN_POINT ( 'NONE',  ( 3.850000000000000089, -7.799999999999999822, 0.0000000000000000000 ) ) ;
#1062 =( NAMED_UNIT ( * ) PLANE_ANGLE_UNIT ( ) SI_UNIT ( $, .RADIAN. ) );
#1063 = B_SPLINE_CURVE_WITH_KNOTS ( 'NONE', 3,
 ( #1324, #970, #4530, #187 ),
 .UNSPECIFIED., .F., .F.,
 ( 4, 4 ),
 ( 0.0000000000000000000, 1.000000000000000000 ),
 .UNSPECIFIED. ) ;
#1064 = EDGE_CURVE ( 'NONE', #2412, #1153, #4543, .T. ) ;
#1065 = CARTESIAN_POINT ( 'NONE',  ( 0.9499999999999999556, -7.188756099795286403, 1.089999999999999858 ) ) ;
#1066 = ORIENTED_EDGE ( 'NONE', *, *, #3008, .F. ) ;
#1067 = CARTESIAN_POINT ( 'NONE',  ( -1.500000000000000000, -5.400000000000000355, 3.950000000000000178 ) ) ;
#1068 = EDGE_CURVE ( 'NONE', #2281, #3689, #2128, .T. ) ;
#1069 = B_SPLINE_CURVE_WITH_KNOTS ( 'NONE', 1,
 ( #1, #2853 ),
 .UNSPECIFIED., .F., .F.,
 ( 2, 2 ),
 ( 0.0000000000000000000, 0.5000000000000000000 ),
 .UNSPECIFIED. ) ;
#1070 = B_SPLINE_CURVE_WITH_KNOTS ( 'NONE', 3,
 ( #3072, #3425, #2062, #1603 ),
 .UNSPECIFIED., .F., .F.,
 ( 4, 4 ),
 ( 0.0000000000000000000, 1.000000000000000000 ),
 .UNSPECIFIED. ) ;
#1071 = CARTESIAN_POINT ( 'NONE',  ( 4.049999999999999822, -0.08406282870511010141, 0.0000000000000000000 ) ) ;
#1072 = VERTEX_POINT ( 'NONE', #510 ) ;
#1073 = VERTEX_POINT ( 'NONE', #2935 ) ;
#1074 = VERTEX_POINT ( 'NONE', #4371 ) ;
#1075 = CARTESIAN_POINT ( 'NONE',  ( -1.000000000000000000, -1.287128181961759932, 3.449999999999999734 ) ) ;
#1076 = CARTESIAN_POINT ( 'NONE',  ( 1.433333333333333348, -0.9090427273205845538, 3.883333333333334192 ) ) ;
#1077 = ORIENTED_EDGE ( 'NONE', *, *, #3703, .F. ) ;
#1078 = EDGE_CURVE ( 'NONE', #4552, #1339, #67, .T. ) ;
#1079 = CARTESIAN_POINT ( 'NONE',  ( -0.3500000000000049738, 0.0000000000000000000, 5.790000000000000036 ) ) ;
#1080 = B_SPLINE_CURVE_WITH_KNOTS ( 'NONE', 3,
 ( #4112, #2234, #1545, #4427 ),
 .UNSPECIFIED., .F., .F.,
 ( 4, 4 ),
 ( 0.0000000000000000000, 1.000000000000000000 ),
 .UNSPECIFIED. ) ;
#1081 = CARTESIAN_POINT ( 'NONE',  ( 3.049999999999999822, -2.206666666666666554, 4.299999999999999822 ) ) ;
#1082 = CARTESIAN_POINT ( 'NONE',  ( -1.000000000000000000, -7.460296961164719853, 0.8018363510626200785 ) ) ;
#1083 = CARTESIAN_POINT ( 'NONE',  ( 2.442045190661518816, -7.799999999999999822, 0.0000000000000000000 ) ) ;
#1084 = CARTESIAN_POINT ( 'NONE',  ( 3.183333333333334458, 0.0000000000000000000, 5.209999999999999964 ) ) ;
#1085 = ORIENTED_EDGE ( 'NONE', *, *, #1863, .F. ) ;
#1086 = CARTESIAN_POINT ( 'NONE',  ( 1.300000000000000044, -0.7199999999999973088, 3.850000000000000977 ) ) ;
#1087 = EDGE_LOOP ( 'NONE', ( #2170, #3875, #3819, #257 ) ) ;
#1088 = ADVANCED_FACE ( 'NONE', ( #2355 ), #971, .T. ) ;
#1089 = CARTESIAN_POINT ( 'NONE',  ( 2.133115905770170073, -8.290968021838040158, -0.1091199999999999948 ) ) ;
#1090 =( NAMED_UNIT ( * ) PLANE_ANGLE_UNIT ( ) SI_UNIT ( $, .RADIAN. ) );
#1091 = B_SPLINE_CURVE_WITH_KNOTS ( 'NONE', 3,
 ( #2271, #1496, #3358, #148 ),
 .UNSPECIFIED., .F., .F.,
 ( 4, 4 ),
 ( 0.0000000000000000000, 1.000000000000000000 ),
 .UNSPECIFIED. ) ;
#1092 = CARTESIAN_POINT ( 'NONE',  ( 3.850000000000000089, -3.006493971390749920, 0.0000000000000000000 ) ) ;
#1093 = CARTESIAN_POINT ( 'NONE',  ( -3.850000000000000089, -7.000000000000000000, 5.540000000000000924 ) ) ;
#1094 = VERTEX_POINT ( 'NONE', #4217 ) ;
#1095 = EDGE_CURVE ( 'NONE', #132, #4475, #4038, .T. ) ;
#1096 = ORIENTED_EDGE ( 'NONE', *, *, #3808, .F. ) ;
#1097 = CARTESIAN_POINT ( 'NONE',  ( -3.050000000000000266, -3.310000000000000053, 4.850000000000000533 ) ) ;
#1098 = AXIS2_PLACEMENT_3D ( 'NONE', #1441, #2424, #3547 ) ;
#1099 = ORIENTED_EDGE ( 'NONE', *, *, #4025, .F. ) ;
#1100 = DIRECTION ( 'NONE',  ( -1.000000000000000000, 0.0000000000000000000, 0.0000000000000000000 ) ) ;
#1101 = ORIENTED_EDGE ( 'NONE', *, *, #621, .T. ) ;
#1102 = CARTESIAN_POINT ( 'NONE',  ( 1.649880000000000013, 3.062295787318689839E-15, 4.522879999999999789 ) ) ;
#1103 = B_SPLINE_CURVE_WITH_KNOTS ( 'NONE', 3,
 ( #2518, #3239, #3591, #2881 ),
 .UNSPECIFIED., .F., .F.,
 ( 4, 4 ),
 ( 0.0000000000000000000, 1.000000000000000000 ),
 .UNSPECIFIED. ) ;
#1104 = COLOUR_RGB ( '',0.8980392156862745390, 0.8980392156862745390, 0.8980392156862745390 ) ;
#1105 = EDGE_CURVE ( 'NONE', #690, #2680, #4253, .T. ) ;
#1106 = STYLED_ITEM ( 'NONE', ( #3860 ), #3032 ) ;
#1107 = CARTESIAN_POINT ( 'NONE',  ( -4.049999999999999822, -0.08406282870510990712, 2.200000000000000178 ) ) ;
#1108 = MECHANICAL_DESIGN_GEOMETRIC_PRESENTATION_REPRESENTATION (  '', ( #2917 ), #1260 ) ;
#1109 = CARTESIAN_POINT ( 'NONE',  ( -1.000000000000000000, -7.611145234331244680, 0.1663691413074739056 ) ) ;
#1110 = SURFACE_STYLE_USAGE ( .BOTH. , #2925 ) ;
#1111 = CARTESIAN_POINT ( 'NONE',  ( 0.9499999999999999556, -7.000000000000000000, 0.0000000000000000000 ) ) ;
#1112 =( GEOMETRIC_REPRESENTATION_CONTEXT ( 3 ) GLOBAL_UNCERTAINTY_ASSIGNED_CONTEXT ( ( #4015 ) ) GLOBAL_UNIT_ASSIGNED_CONTEXT ( ( #1428, #1090, #3217 ) ) REPRESENTATION_CONTEXT ( 'NONE', 'WORKASPACE' ) );
#1113 = ORIENTED_EDGE ( 'NONE', *, *, #3169, .F. ) ;
#1114 = CARTESIAN_POINT ( 'NONE',  ( 0.9499999999999999556, -7.000000000000000000, 1.090000000000000080 ) ) ;
#1115 = ORIENTED_EDGE ( 'NONE', *, *, #3457, .T. ) ;
#1116 =( GEOMETRIC_REPRESENTATION_CONTEXT ( 3 ) GLOBAL_UNCERTAINTY_ASSIGNED_CONTEXT ( ( #77 ) ) GLOBAL_UNIT_ASSIGNED_CONTEXT ( ( #1250, #2640, #3747 ) ) REPRESENTATION_CONTEXT ( 'NONE', 'WORKASPACE' ) );
#1117 = CARTESIAN_POINT ( 'NONE',  ( 1.550000000000000044, -7.000000000000000000, 0.0000000000000000000 ) ) ;
#1118 =( NAMED_UNIT ( * ) PLANE_ANGLE_UNIT ( ) SI_UNIT ( $, .RADIAN. ) );
#1119 = DIRECTION ( 'NONE',  ( 0.0000000000000000000, 0.0000000000000000000, -1.000000000000000000 ) ) ;
#1120 = CARTESIAN_POINT ( 'NONE',  ( -0.9499999999999999556, -7.566268299385889406, 0.0000000000000000000 ) ) ;
#1121 = SURFACE_STYLE_USAGE ( .BOTH. , #3271 ) ;
#1122 = ORIENTED_EDGE ( 'NONE', *, *, #3878, .T. ) ;
#1123 = ORIENTED_EDGE ( 'NONE', *, *, #2841, .F. ) ;
#1124 = B_SPLINE_CURVE_WITH_KNOTS ( 'NONE', 3,
 ( #3966, #2908, #2202, #1493 ),
 .UNSPECIFIED., .F., .F.,
 ( 4, 4 ),
 ( 0.0000000000000000000, 1.000000000000000000 ),
 .UNSPECIFIED. ) ;
#1125 = CARTESIAN_POINT ( 'NONE',  ( -1.818471952978260031, -1.963612534016681233, 6.080000000000000071 ) ) ;
#1126 =( BOUNDED_CURVE ( )  B_SPLINE_CURVE ( 2, ( #3692, #2225, #858 ),
 .UNSPECIFIED., .F., .T. ) 
 B_SPLINE_CURVE_WITH_KNOTS ( ( 3, 3 ),
 ( -1.176705914881390092, 0.0000000000000000000 ),
 .UNSPECIFIED. ) 
 CURVE ( )  GEOMETRIC_REPRESENTATION_ITEM ( )  RATIONAL_B_SPLINE_CURVE ( ( 1.000000000000000000, 0.8576668491319520138, 1.000000000000000000 ) ) 
 REPRESENTATION_ITEM ( '' )  );
#1127 = B_SPLINE_CURVE_WITH_KNOTS ( 'NONE', 3,
 ( #3461, #3128, #2413, #3853 ),
 .UNSPECIFIED., .F., .F.,
 ( 4, 4 ),
 ( 0.0000000000000000000, 1.000000000000000000 ),
 .UNSPECIFIED. ) ;
#1128 = EDGE_CURVE ( 'NONE', #322, #1044, #2734, .T. ) ;
#1129 = VERTEX_POINT ( 'NONE', #1696 ) ;
#1130 = CARTESIAN_POINT ( 'NONE',  ( 2.516666666666666607, -2.777939915136560055E-15, 6.080000000000000071 ) ) ;
#1131 = PRESENTATION_STYLE_ASSIGNMENT (( #3586 ) ) ;
#1132 = CARTESIAN_POINT ( 'NONE',  ( 0.7619322140077210426, -7.799999999999999822, 0.0000000000000000000 ) ) ;
#1133 = ADVANCED_FACE ( 'NONE', ( #3399 ), #2781, .T. ) ;
#1134 = B_SPLINE_CURVE_WITH_KNOTS ( 'NONE', 3,
 ( #1233, #2337, #924, #1946 ),
 .UNSPECIFIED., .F., .F.,
 ( 4, 4 ),
 ( 0.0000000000000000000, 1.000000000000000000 ),
 .UNSPECIFIED. ) ;
#1135 = CARTESIAN_POINT ( 'NONE',  ( -3.849999999999999201, -1.966666666666667007, 5.209999999999999964 ) ) ;
#1136 = CARTESIAN_POINT ( 'NONE',  ( -3.050000000000000266, -7.799999999999999822, 4.029999999999999361 ) ) ;
#1137 = CARTESIAN_POINT ( 'NONE',  ( 3.050000000000000266, -7.799999999999999822, 4.029999999999999361 ) ) ;
#1138 = FACE_OUTER_BOUND ( 'NONE', #3430, .T. ) ;
#1139 = CARTESIAN_POINT ( 'NONE',  ( 3.050000000000000266, -7.000000000000000000, 2.700000000000000178 ) ) ;
#1140 = ORIENTED_EDGE ( 'NONE', *, *, #3867, .T. ) ;
#1141 = PLANE ( 'NONE',  #4115 ) ;
#1142 = ORIENTED_EDGE ( 'NONE', *, *, #4424, .F. ) ;
#1143 = DIRECTION ( 'NONE',  ( -0.0000000000000000000, 1.000000000000000000, 0.0000000000000000000 ) ) ;
#1144 =( NAMED_UNIT ( * ) SI_UNIT ( $, .STERADIAN. ) SOLID_ANGLE_UNIT ( ) );
#1145 = CARTESIAN_POINT ( 'NONE',  ( 1.500000000000000000, -7.000000000000000000, 2.740894846264729789 ) ) ;
#1146 = EDGE_CURVE ( 'NONE', #3562, #1907, #1398, .T. ) ;
#1147 = B_SPLINE_CURVE_WITH_KNOTS ( 'NONE', 1,
 ( #3588, #395 ),
 .UNSPECIFIED., .F., .F.,
 ( 2, 2 ),
 ( 0.0000000000000000000, 0.2999999999999999889 ),
 .UNSPECIFIED. ) ;
#1148 = CARTESIAN_POINT ( 'NONE',  ( -0.3498800000000000243, -8.000811541807649974, 0.6896957621692210161 ) ) ;
#1149 = SURFACE_SIDE_STYLE ('',( #2161 ) ) ;
#1150 = VERTEX_POINT ( 'NONE', #944 ) ;
#1151 = VERTEX_POINT ( 'NONE', #990 ) ;
#1152 = PLANE ( 'NONE',  #2239 ) ;
#1153 = VERTEX_POINT ( 'NONE', #188 ) ;
#1154 = CARTESIAN_POINT ( 'NONE',  ( -1.100000000000000089, -10.33999999999999986, 0.4000000000000000222 ) ) ;
#1155 = CARTESIAN_POINT ( 'NONE',  ( -0.6966666666666661012, -4.599999999999999645, 5.209999999999999964 ) ) ;
#1156 = EDGE_CURVE ( 'NONE', #3536, #3910, #1560, .T. ) ;
#1157 = CARTESIAN_POINT ( 'NONE',  ( 0.7619322140077200434, -7.799999999999999822, 0.3633333333333332305 ) ) ;
#1158 = B_SPLINE_CURVE_WITH_KNOTS ( 'NONE', 3,
 ( #2922, #3326, #2213, #3702 ),
 .UNSPECIFIED., .F., .F.,
 ( 4, 4 ),
 ( 0.0000000000000000000, 1.000000000000000000 ),
 .UNSPECIFIED. ) ;
#1159 = CARTESIAN_POINT ( 'NONE',  ( -4.049999999999999822, -0.08406282870510990712, -0.08000000000000000167 ) ) ;
#1160 = CARTESIAN_POINT ( 'NONE',  ( -3.049999999999999822, -1.103333333333333277, 4.299999999999999822 ) ) ;
#1161 = ORIENTED_EDGE ( 'NONE', *, *, #2410, .T. ) ;
#1162 = CARTESIAN_POINT ( 'NONE',  ( -3.850000000000000089, -5.299999999999999822, 2.850000000000000089 ) ) ;
#1163 = CARTESIAN_POINT ( 'NONE',  ( -1.150000000000000133, -7.000000000000000000, 0.0000000000000000000 ) ) ;
#1164 = VERTEX_POINT ( 'NONE', #2007 ) ;
#1165 = CARTESIAN_POINT ( 'NONE',  ( -5.201999999999999957, 0.07799999999999999989, 0.0000000000000000000 ) ) ;
#1166 = CARTESIAN_POINT ( 'NONE',  ( 1.000000000000000000, -7.406778174262040437, 3.192135588967509818 ) ) ;
#1167 = DIRECTION ( 'NONE',  ( 0.0000000000000000000, -1.000000000000000000, 0.0000000000000000000 ) ) ;
#1168 = EDGE_CURVE ( 'NONE', #2359, #344, #3258, .T. ) ;
#1169 = DIRECTION ( 'NONE',  ( -1.955823052436702038E-16, 0.4734431133959089433, -0.8808243970156529601 ) ) ;
#1170 = ORIENTED_EDGE ( 'NONE', *, *, #1730, .T. ) ;
#1171 = ORIENTED_EDGE ( 'NONE', *, *, #838, .T. ) ;
#1172 = DIRECTION ( 'NONE',  ( -0.1736481776669280830, 0.9848077530122084644, 0.0000000000000000000 ) ) ;
#1173 = ORIENTED_EDGE ( 'NONE', *, *, #1212, .T. ) ;
#1175 = B_SPLINE_CURVE_WITH_KNOTS ( 'NONE', 3,
 ( #2666, #541, #1970, #2982 ),
 .UNSPECIFIED., .F., .F.,
 ( 4, 4 ),
 ( 0.0000000000000000000, 1.000000000000000000 ),
 .UNSPECIFIED. ) ;
#1174 = CARTESIAN_POINT ( 'NONE',  ( 0.3498800000000000243, -9.125137445268871161, 0.6142130462515089651 ) ) ;
#1176 = DIRECTION ( 'NONE',  ( 0.0000000000000000000, 1.000000000000000000, 0.0000000000000000000 ) ) ;
#1177 = CARTESIAN_POINT ( 'NONE',  ( -3.050000000000000266, -7.266666666666665719, 1.090000000000000080 ) ) ;
#1178 = CLOSED_SHELL ( 'NONE', ( #3739, #1608, #2907, #4246, #4462, #3592, #819, #1976, #2718, #3264, #2342, #754, #3463, #3525, #340 ) ) ;
#1179 = EDGE_CURVE ( 'NONE', #877, #4177, #1781, .T. ) ;
#1180 = CARTESIAN_POINT ( 'NONE',  ( -1.000000000000000000, -7.406778174262040437, 3.192135588967509818 ) ) ;
#1181 = CARTESIAN_POINT ( 'NONE',  ( 1.522120000000000140, -4.599999999999999645, 4.522879999999999789 ) ) ;
#1182 = EDGE_LOOP ( 'NONE', ( #4040, #2462, #788, #2374 ) ) ;
#1183 = COLOUR_RGB ( '',0.8980392156862745390, 0.8980392156862745390, 0.8980392156862745390 ) ;
#1184 = CARTESIAN_POINT ( 'NONE',  ( -3.850000000000000089, -2.206666666666666998, 4.299999999999999822 ) ) ;
#1185 = CARTESIAN_POINT ( 'NONE',  ( -3.050000000000000266, -7.799999999999999822, 1.090000000000000080 ) ) ;
#1186 = AXIS2_PLACEMENT_3D ( 'NONE', #2275, #4401, #1172 ) ;
#1187 = B_SPLINE_CURVE_WITH_KNOTS ( 'NONE', 3,
 ( #2316, #612, #1650, #2830 ),
 .UNSPECIFIED., .F., .F.,
 ( 4, 4 ),
 ( 0.0000000000000000000, 1.000000000000000000 ),
 .UNSPECIFIED. ) ;
#1188 = ORIENTED_EDGE ( 'NONE', *, *, #949, .F. ) ;
#1189 = ORIENTED_EDGE ( 'NONE', *, *, #761, .F. ) ;
#1190 = CARTESIAN_POINT ( 'NONE',  ( -3.850000000000000089, -2.949999999999999734, 5.209999999999999964 ) ) ;
#1191 = CARTESIAN_POINT ( 'NONE',  ( 1.100000000000000089, -0.7200000000000000844, 3.850000000000000089 ) ) ;
#1192 = AXIS2_PLACEMENT_3D ( 'NONE', #4459, #4150, #1601 ) ;
#1193 = AXIS2_PLACEMENT_3D ( 'NONE', #1989, #116, #1604 ) ;
#1194 = AXIS2_PLACEMENT_3D ( 'NONE', #2195, #420, #98 ) ;
#1195 = FACE_OUTER_BOUND ( 'NONE', #1939, .T. ) ;
#1196 = DIRECTION ( 'NONE',  ( -0.7791056687136862502, 0.6268926199742662630, 0.0000000000000000000 ) ) ;
#1197 = ORIENTED_EDGE ( 'NONE', *, *, #1697, .F. ) ;
#1198 = ORIENTED_EDGE ( 'NONE', *, *, #1003, .T. ) ;
#1199 = B_SPLINE_CURVE_WITH_KNOTS ( 'NONE', 3,
 ( #3870, #2952, #3641, #2972 ),
 .UNSPECIFIED., .F., .F.,
 ( 4, 4 ),
 ( 0.0000000000000000000, 1.000000000000000000 ),
 .UNSPECIFIED. ) ;
#1200 = EDGE_CURVE ( 'NONE', #2867, #105, #4198, .T. ) ;
#1201 = ADVANCED_FACE ( 'NONE', ( #557 ), #610, .T. ) ;
#1202 = ORIENTED_EDGE ( 'NONE', *, *, #3884, .T. ) ;
#1203 = DIRECTION ( 'NONE',  ( 0.9848077530122084644, -0.1736481776669280830, -5.466781211117591607E-17 ) ) ;
#1204 = EDGE_CURVE ( 'NONE', #1006, #1577, #1334, .T. ) ;
#1205 = CARTESIAN_POINT ( 'NONE',  ( 2.516666666666666607, -2.777939915136560055E-15, 5.209999999999999964 ) ) ;
#1206 = VERTEX_POINT ( 'NONE', #3065 ) ;
#1207 = CARTESIAN_POINT ( 'NONE',  ( 1.751256890803259969, -0.5599999999999999423, 6.080000000000000071 ) ) ;
#1208 = CARTESIAN_POINT ( 'NONE',  ( -3.850000000000000089, -3.310000000000000053, 4.850000000000000533 ) ) ;
#1209 = VERTEX_POINT ( 'NONE', #903 ) ;
#1210 = PLANE ( 'NONE',  #71 ) ;
#1211 = CARTESIAN_POINT ( 'NONE',  ( -1.333333333333333481, -1.287128181961760154, 3.449999999999999734 ) ) ;
#1212 = EDGE_CURVE ( 'NONE', #3519, #1550, #1951, .T. ) ;
#1213 = CARTESIAN_POINT ( 'NONE',  ( 3.850000000000000089, -0.08406282870510960181, 2.200000000000000178 ) ) ;
#1214 = CARTESIAN_POINT ( 'NONE',  ( -0.9499999999999999556, -7.000000000000000000, 1.090000000000000080 ) ) ;
#1216 = ORIENTED_EDGE ( 'NONE', *, *, #1053, .F. ) ;
#1215 = B_SPLINE_CURVE_WITH_KNOTS ( 'NONE', 3,
 ( #1071, #1732, #3532, #2508 ),
 .UNSPECIFIED., .F., .F.,
 ( 4, 4 ),
 ( 0.0000000000000000000, 1.000000000000000000 ),
 .UNSPECIFIED. ) ;
#1217 =( LENGTH_UNIT ( ) NAMED_UNIT ( * ) SI_UNIT ( .MILLI., .METRE. ) );
#1218 = CARTESIAN_POINT ( 'NONE',  ( -4.683333333333333570, -5.299999999999999822, 0.0000000000000000000 ) ) ;
#1219 = VERTEX_POINT ( 'NONE', #3472 ) ;
#1220 = CARTESIAN_POINT ( 'NONE',  ( 1.166666666666666963, -1.287128181961770590, 3.449999999999999734 ) ) ;
#1221 = CARTESIAN_POINT ( 'NONE',  ( 1.500000000000000000, -5.400000000000000355, 3.950000000000000178 ) ) ;
#1222 = ADVANCED_FACE ( 'NONE', ( #1325 ), #579, .T. ) ;
#1223 = CARTESIAN_POINT ( 'NONE',  ( 0.9999999999999988898, -7.318089129048057195, 3.565749279829991458 ) ) ;
#1224 = PLANE ( 'NONE',  #1489 ) ;
#1225 = ORIENTED_EDGE ( 'NONE', *, *, #571, .F. ) ;
#1226 = CARTESIAN_POINT ( 'NONE',  ( -3.850000000000000089, -3.006493971390750808, -0.05333333333333332982 ) ) ;
#1227 = CARTESIAN_POINT ( 'NONE',  ( -3.583333333333333481, -3.310000000000000053, 4.850000000000000533 ) ) ;
#1228 = VERTEX_POINT ( 'NONE', #2106 ) ;
#1229 = CARTESIAN_POINT ( 'NONE',  ( 3.849999999999999645, -3.221820696022934083, 5.087458446164517589 ) ) ;
#1230 = CARTESIAN_POINT ( 'NONE',  ( 1.466666666666666785, -1.098085454641179348, 3.483333333333332504 ) ) ;
#1231 = APPLICATION_CONTEXT ( 'automotive_design' ) ;
#1232 = EDGE_CURVE ( 'NONE', #4323, #4442, #1499, .T. ) ;
#1233 = CARTESIAN_POINT ( 'NONE',  ( 3.050000000000000266, -6.200000000000000178, 1.090000000000000080 ) ) ;
#1234 = ORIENTED_EDGE ( 'NONE', *, *, #1309, .T. ) ;
#1235 = ORIENTED_EDGE ( 'NONE', *, *, #3413, .T. ) ;
#1236 = DIRECTION ( 'NONE',  ( -0.9848077530122086864, -0.1736481776669269450, 0.0000000000000000000 ) ) ;
#1237 = EDGE_CURVE ( 'NONE', #3681, #1432, #341, .T. ) ;
#1238 = CARTESIAN_POINT ( 'NONE',  ( 3.050000000000000266, -7.266666666666665719, 1.090000000000000080 ) ) ;
#1239 = ORIENTED_EDGE ( 'NONE', *, *, #3786, .F. ) ;
#1240 = FACE_OUTER_BOUND ( 'NONE', #2254, .T. ) ;
#1241 = PLANE ( 'NONE',  #520 ) ;
#1242 = CARTESIAN_POINT ( 'NONE',  ( 2.150120000000000253, -0.07226562723064861027, 3.735786953748490014 ) ) ;
#1243 = CARTESIAN_POINT ( 'NONE',  ( -1.249864179754438975, -3.999634283084717357, 5.209999999999999964 ) ) ;
#1244 = ORIENTED_EDGE ( 'NONE', *, *, #88, .T. ) ;
#1245 = SURFACE_STYLE_FILL_AREA ( #916 ) ;
#1246 = ADVANCED_FACE ( 'NONE', ( #1797 ), #330, .T. ) ;
#1247 = MECHANICAL_DESIGN_GEOMETRIC_PRESENTATION_REPRESENTATION (  '', ( #293 ), #2456 ) ;
#1248 = VERTEX_POINT ( 'NONE', #307 ) ;
#1249 = CARTESIAN_POINT ( 'NONE',  ( 3.849999999999999645, -3.039121237561789535, 5.199468245159365232 ) ) ;
#1250 =( LENGTH_UNIT ( ) NAMED_UNIT ( * ) SI_UNIT ( .MILLI., .METRE. ) );
#1251 = CARTESIAN_POINT ( 'NONE',  ( 2.210119999999999862, -7.000000000000000000, -0.1091199999999999948 ) ) ;
#1252 = EDGE_CURVE ( 'NONE', #1327, #4159, #1103, .T. ) ;
#1253 = AXIS2_PLACEMENT_3D ( 'NONE', #2188, #3656, #890 ) ;
#1254 = PLANE ( 'NONE',  #2448 ) ;
#1255 = CARTESIAN_POINT ( 'NONE',  ( 2.150120000000000253, -10.98773437276930132, 0.2142130462515090261 ) ) ;
#1256 = ORIENTED_EDGE ( 'NONE', *, *, #4124, .F. ) ;
#1257 =( GEOMETRIC_REPRESENTATION_CONTEXT ( 3 ) GLOBAL_UNCERTAINTY_ASSIGNED_CONTEXT ( ( #534 ) ) GLOBAL_UNIT_ASSIGNED_CONTEXT ( ( #3814, #3883, #626 ) ) REPRESENTATION_CONTEXT ( 'NONE', 'WORKASPACE' ) );
#1258 = CARTESIAN_POINT ( 'NONE',  ( -3.050000000000000266, 1.091865616008679887E-15, 1.090000000000000080 ) ) ;
#1259 = DIRECTION ( 'NONE',  ( 0.0000000000000000000, 0.0000000000000000000, -1.000000000000000000 ) ) ;
#1260 =( GEOMETRIC_REPRESENTATION_CONTEXT ( 3 ) GLOBAL_UNCERTAINTY_ASSIGNED_CONTEXT ( ( #2266 ) ) GLOBAL_UNIT_ASSIGNED_CONTEXT ( ( #2956, #3378, #2269 ) ) REPRESENTATION_CONTEXT ( 'NONE', 'WORKASPACE' ) );
#1261 = PLANE ( 'NONE',  #1186 ) ;
#1262 = CARTESIAN_POINT ( 'NONE',  ( -1.250000000000000000, -6.447950404386189938, 2.964527443134759910 ) ) ;
#1263 = AXIS2_PLACEMENT_3D ( 'NONE', #219, #1653, #3657 ) ;
#1264 = B_SPLINE_CURVE_WITH_KNOTS ( 'NONE', 3,
 ( #3695, #475, #129, #514 ),
 .UNSPECIFIED., .F., .F.,
 ( 4, 4 ),
 ( 0.0000000000000000000, 1.000000000000000000 ),
 .UNSPECIFIED. ) ;
#1265 =( GEOMETRIC_REPRESENTATION_CONTEXT ( 3 ) GLOBAL_UNCERTAINTY_ASSIGNED_CONTEXT ( ( #2548 ) ) GLOBAL_UNIT_ASSIGNED_CONTEXT ( ( #2633, #4431, #140 ) ) REPRESENTATION_CONTEXT ( 'NONE', 'WORKASPACE' ) );
#1266 = CARTESIAN_POINT ( 'NONE',  ( -0.9499999999999999556, -7.566268299385890295, 0.7266666666666665719 ) ) ;
#1267 = VERTEX_POINT ( 'NONE', #2176 ) ;
#1268 = CARTESIAN_POINT ( 'NONE',  ( -0.7619322140077199323, -7.799999999999999822, 0.0000000000000000000 ) ) ;
#1269 = EDGE_CURVE ( 'NONE', #1721, #3489, #3363, .T. ) ;
#1270 = CARTESIAN_POINT ( 'NONE',  ( 1.850000000000000089, 3.225309679826754708E-15, 6.080000000000000071 ) ) ;
#1271 = DIRECTION ( 'NONE',  ( 0.0000000000000000000, 0.0000000000000000000, -1.000000000000000000 ) ) ;
#1272 = EDGE_LOOP ( 'NONE', ( #714, #3189, #4412, #1066, #2423, #2277, #4399, #1113, #3045 ) ) ;
#1273 =( BOUNDED_CURVE ( )  B_SPLINE_CURVE ( 2, ( #1681, #4227, #3874 ),
 .UNSPECIFIED., .F., .F. ) 
 B_SPLINE_CURVE_WITH_KNOTS ( ( 3, 3 ),
 ( -1.176705914881390092, 0.0000000000000000000 ),
 .UNSPECIFIED. ) 
 CURVE ( )  GEOMETRIC_REPRESENTATION_ITEM ( )  RATIONAL_B_SPLINE_CURVE ( ( 1.000000000000000000, 0.8576668491319530130, 1.000000000000000000 ) ) 
 REPRESENTATION_ITEM ( '' )  );
#1274 = CARTESIAN_POINT ( 'NONE',  ( 1.675378523994853763, -7.722089433128626723, 1.090000000000000080 ) ) ;
#1275 = EDGE_CURVE ( 'NONE', #1716, #664, #4600, .T. ) ;
#1276 = PLANE ( 'NONE',  #886 ) ;
#1277 = ORIENTED_EDGE ( 'NONE', *, *, #1275, .T. ) ;
#1278 = CARTESIAN_POINT ( 'NONE',  ( -4.683333333333333570, -5.299999999999999822, 2.850000000000000089 ) ) ;
#1279 = CARTESIAN_POINT ( 'NONE',  ( 3.850000000000000089, -3.006493971390749920, -0.08000000000000000167 ) ) ;
#1280 = B_SPLINE_CURVE_WITH_KNOTS ( 'NONE', 3,
 ( #2787, #4223, #2016, #3456 ),
 .UNSPECIFIED., .F., .F.,
 ( 4, 4 ),
 ( 0.0000000000000000000, 1.000000000000000000 ),
 .UNSPECIFIED. ) ;
#1281 = FACE_OUTER_BOUND ( 'NONE', #1340, .T. ) ;
#1282 = DIRECTION ( 'NONE',  ( 0.0000000000000000000, -0.9848077530122084644, 0.1736481776669280830 ) ) ;
#1283 = ORIENTED_EDGE ( 'NONE', *, *, #4189, .F. ) ;
#1284 = EDGE_CURVE ( 'NONE', #1825, #1339, #499, .T. ) ;
#1285 = CARTESIAN_POINT ( 'NONE',  ( 3.050000000000000266, -6.200000000000000178, 4.700000000000000178 ) ) ;
#1286 = CARTESIAN_POINT ( 'NONE',  ( 1.500000000000000000, -1.287128181961766815, 3.616666666666666252 ) ) ;
#1287 = CARTESIAN_POINT ( 'NONE',  ( 1.000000000000000000, -7.000000000000000000, 2.740894846264729789 ) ) ;
#1288 = ORIENTED_EDGE ( 'NONE', *, *, #1928, .T. ) ;
#1289 = ORIENTED_EDGE ( 'NONE', *, *, #3607, .F. ) ;
#1290 = EDGE_CURVE ( 'NONE', #4000, #2534, #722, .T. ) ;
#1291 = CARTESIAN_POINT ( 'NONE',  ( 4.049999999999999822, -0.6000000000000019762, 1.830000000000000293 ) ) ;
#1292 = EDGE_LOOP ( 'NONE', ( #2264, #2774, #150, #342 ) ) ;
#1293 = CARTESIAN_POINT ( 'NONE',  ( -3.849999999999999201, -2.996335712918026140, 5.209999999999999076 ) ) ;
#1294 = CARTESIAN_POINT ( 'NONE',  ( -5.100000000000000533, -5.299999999999999822, 0.9499999999999999556 ) ) ;
#1295 = B_SPLINE_CURVE_WITH_KNOTS ( 'NONE', 1,
 ( #1768, #3261 ),
 .UNSPECIFIED., .F., .F.,
 ( 2, 2 ),
 ( -0.5844949741231939555, 0.0000000000000000000 ),
 .UNSPECIFIED. ) ;
#1296 = EDGE_CURVE ( 'NONE', #877, #381, #59, .T. ) ;
#1297 = CARTESIAN_POINT ( 'NONE',  ( -1.016666666666667052, -5.400000000000000355, 5.209999999999999964 ) ) ;
#1298 = ORIENTED_EDGE ( 'NONE', *, *, #3141, .T. ) ;
#1299 = B_SPLINE_CURVE_WITH_KNOTS ( 'NONE', 3,
 ( #2298, #1266, #2668, #3804 ),
 .UNSPECIFIED., .F., .F.,
 ( 4, 4 ),
 ( 0.0000000000000000000, 1.000000000000000000 ),
 .UNSPECIFIED. ) ;
#1300 =( BOUNDED_CURVE ( )  B_SPLINE_CURVE ( 2, ( #3418, #2659, #4476 ),
 .UNSPECIFIED., .F., .T. ) 
 B_SPLINE_CURVE_WITH_KNOTS ( ( 3, 3 ),
 ( 0.0000000000000000000, 0.5815545707747930004 ),
 .UNSPECIFIED. ) 
 CURVE ( )  GEOMETRIC_REPRESENTATION_ITEM ( )  RATIONAL_B_SPLINE_CURVE ( ( 1.000000000000000000, 0.8807453196100240023, 1.000000000000000000 ) ) 
 REPRESENTATION_ITEM ( '' )  );
#1301 = CARTESIAN_POINT ( 'NONE',  ( 3.850000000000000089, -1.058206542933656458, -0.08000000000000000167 ) ) ;
#1302 = CARTESIAN_POINT ( 'NONE',  ( 11.69012000000000029, -5.400000000000000355, 0.6778799999999999271 ) ) ;
#1303 = ORIENTED_EDGE ( 'NONE', *, *, #3068, .T. ) ;
#1304 = CARTESIAN_POINT ( 'NONE',  ( -3.050000000000000266, 3.693950829973889345E-15, 4.299999999999999822 ) ) ;
#1305 = CARTESIAN_POINT ( 'NONE',  ( 5.100000000000000533, -3.000000000000000000, 1.090000000000000080 ) ) ;
#1306 = FILL_AREA_STYLE ('',( #266 ) ) ;
#1307 = CARTESIAN_POINT ( 'NONE',  ( 3.449999999999999734, -2.949999999999999734, 4.850000000000000533 ) ) ;
#1308 = B_SPLINE_CURVE_WITH_KNOTS ( 'NONE', 3,
 ( #1656, #3480, #3075, #267 ),
 .UNSPECIFIED., .F., .F.,
 ( 4, 4 ),
 ( 0.0000000000000000000, 1.000000000000000000 ),
 .UNSPECIFIED. ) ;
#1309 = EDGE_CURVE ( 'NONE', #501, #4142, #1551, .T. ) ;
#1310 = CYLINDRICAL_SURFACE ( 'NONE', #3677, 0.5893783835592796283 ) ;
#1311 = ORIENTED_EDGE ( 'NONE', *, *, #3687, .F. ) ;
#1312 =( LENGTH_UNIT ( ) NAMED_UNIT ( * ) SI_UNIT ( .MILLI., .METRE. ) );
#1313 = ADVANCED_FACE ( 'NONE', ( #4628 ), #4267, .T. ) ;
#1314 = CARTESIAN_POINT ( 'NONE',  ( 0.9500000000000002887, -7.188756099795293508, 0.0000000000000000000 ) ) ;
#1315 = DIRECTION ( 'NONE',  ( -0.1736481776669309696, 0.9848077530122079093, 0.0000000000000000000 ) ) ;
#1316 = VERTEX_POINT ( 'NONE', #1207 ) ;
#1317 = CARTESIAN_POINT ( 'NONE',  ( 3.983333333333333393, -3.002164657130249825, 0.0000000000000000000 ) ) ;
#1318 = FACE_OUTER_BOUND ( 'NONE', #1087, .T. ) ;
#1319 = EDGE_CURVE ( 'NONE', #4471, #2247, #3535, .T. ) ;
#1320 = B_SPLINE_CURVE_WITH_KNOTS ( 'NONE', 3,
 ( #2357, #699, #2336, #3885 ),
 .UNSPECIFIED., .F., .F.,
 ( 4, 4 ),
 ( 0.0000000000000000000, 1.000000000000000000 ),
 .UNSPECIFIED. ) ;
#1321 = ORIENTED_EDGE ( 'NONE', *, *, #3997, .T. ) ;
#1322 = CARTESIAN_POINT ( 'NONE',  ( 0.9499999999999999556, -7.000000000000000000, 1.090000000000000080 ) ) ;
#1323 = EDGE_LOOP ( 'NONE', ( #2918, #1038, #3852, #1740 ) ) ;
#1324 = CARTESIAN_POINT ( 'NONE',  ( 3.850000000000000089, 3.622850476404775104E-15, 6.080000000000000071 ) ) ;
#1325 = FACE_OUTER_BOUND ( 'NONE', #2163, .T. ) ;
#1326 = EDGE_CURVE ( 'NONE', #3386, #2980, #277, .T. ) ;
#1327 = VERTEX_POINT ( 'NONE', #4366 ) ;
#1328 = CARTESIAN_POINT ( 'NONE',  ( -0.3499999999999996447, -1.533333333333333215, 5.209999999999999964 ) ) ;
#1329 = VERTEX_POINT ( 'NONE', #1487 ) ;
#1330 = DIRECTION ( 'NONE',  ( 1.000000000000000000, 0.0000000000000000000, 0.0000000000000000000 ) ) ;
#1331 =( NAMED_UNIT ( * ) SI_UNIT ( $, .STERADIAN. ) SOLID_ANGLE_UNIT ( ) );
#1332 = CARTESIAN_POINT ( 'NONE',  ( -3.050000000000000266, -7.799999999999999822, 1.090000000000000080 ) ) ;
#1333 = MECHANICAL_DESIGN_GEOMETRIC_PRESENTATION_REPRESENTATION (  '', ( #1865 ), #223 ) ;
#1334 = B_SPLINE_CURVE_WITH_KNOTS ( 'NONE', 1,
 ( #1984, #4127 ),
 .UNSPECIFIED., .F., .F.,
 ( 2, 2 ),
 ( 0.0000000000000000000, 0.5000000000000000000 ),
 .UNSPECIFIED. ) ;
#1335 = CARTESIAN_POINT ( 'NONE',  ( -0.3499999999999996447, -3.066666666666666874, 6.080000000000000071 ) ) ;
#1336 = COLOUR_RGB ( '',0.8980392156862745390, 0.8980392156862745390, 0.8980392156862745390 ) ;
#1337 = MECHANICAL_DESIGN_GEOMETRIC_PRESENTATION_REPRESENTATION (  '', ( #2013 ), #226 ) ;
#1338 = CARTESIAN_POINT ( 'NONE',  ( 0.3500000000000013656, -3.066666666666666874, 6.080000000000000071 ) ) ;
#1339 = VERTEX_POINT ( 'NONE', #487 ) ;
#1340 = EDGE_LOOP ( 'NONE', ( #800, #3858, #2597, #4402 ) ) ;
#1341 = STYLED_ITEM ( 'NONE', ( #2439 ), #4226 ) ;
#1342 = PRESENTATION_LAYER_ASSIGNMENT (  '', '', ( #4581 ) ) ;
#1343 = DIRECTION ( 'NONE',  ( 0.0000000000000000000, -0.1736481776669309973, -0.9848077530122080203 ) ) ;
#1344 = PLANE ( 'NONE',  #1792 ) ;
#1345 = VERTEX_POINT ( 'NONE', #1913 ) ;
#1346 = EDGE_CURVE ( 'NONE', #2943, #1515, #4311, .T. ) ;
#1347 = DIRECTION ( 'NONE',  ( 0.0000000000000000000, -1.000000000000000000, 0.0000000000000000000 ) ) ;
#1348 = ORIENTED_EDGE ( 'NONE', *, *, #2414, .F. ) ;
#1349 = CARTESIAN_POINT ( 'NONE',  ( 3.583333333333333481, -7.800000000000002487, 4.030000000000002025 ) ) ;
#1350 = DIRECTION ( 'NONE',  ( 1.000000000000000000, 0.0000000000000000000, 0.0000000000000000000 ) ) ;
#1351 = VERTEX_POINT ( 'NONE', #4012 ) ;
#1352 = PLANE ( 'NONE',  #299 ) ;
#1353 = VERTEX_POINT ( 'NONE', #468 ) ;
#1354 = EDGE_CURVE ( 'NONE', #1825, #4000, #3855, .T. ) ;
#1355 = CARTESIAN_POINT ( 'NONE',  ( -0.3668840942298279839, -8.290968021838049040, -0.1091199999999999948 ) ) ;
#1356 = FILL_AREA_STYLE_COLOUR ( '', #84 ) ;
#1357 = DIRECTION ( 'NONE',  ( 0.0000000000000000000, -1.000000000000000000, 0.0000000000000000000 ) ) ;
#1358 = B_SPLINE_CURVE_WITH_KNOTS ( 'NONE', 3,
 ( #770, #78, #3597, #4016 ),
 .UNSPECIFIED., .F., .F.,
 ( 4, 4 ),
 ( 0.0000000000000000000, 1.000000000000000000 ),
 .UNSPECIFIED. ) ;
#1359 = CARTESIAN_POINT ( 'NONE',  ( -4.750000000000000000, -3.000000000000000000, 1.089999999999999858 ) ) ;
#1360 = ORIENTED_EDGE ( 'NONE', *, *, #4124, .T. ) ;
#1361 = UNCERTAINTY_MEASURE_WITH_UNIT (LENGTH_MEASURE( 1.000000000000000082E-05 ), #734, 'distance_accuracy_value', 'NONE');
#1363 = CARTESIAN_POINT ( 'NONE',  ( -1.751256890803259969, -0.5599999999999999423, 6.080000000000000071 ) ) ;
#1362 = B_SPLINE_CURVE_WITH_KNOTS ( 'NONE', 3,
 ( #3560, #317, #1404, #2435 ),
 .UNSPECIFIED., .F., .F.,
 ( 4, 4 ),
 ( 0.0000000000000000000, 1.000000000000000000 ),
 .UNSPECIFIED. ) ;
#1364 = CARTESIAN_POINT ( 'NONE',  ( -1.433333333333334014, -0.9090427273205838876, 3.883333333333334636 ) ) ;
#1365 = CARTESIAN_POINT ( 'NONE',  ( -1.550000000000000044, -7.000000000000000000, 0.3633333333333332305 ) ) ;
#1366 = ORIENTED_EDGE ( 'NONE', *, *, #1481, .F. ) ;
#1367 = CARTESIAN_POINT ( 'NONE',  ( 3.850000000000000089, 3.622850476404775104E-15, 6.080000000000000071 ) ) ;
#1368 = CARTESIAN_POINT ( 'NONE',  ( -5.100000000000000533, -5.299999999999999822, 1.900000000000000133 ) ) ;
#1369 = ADVANCED_FACE ( 'NONE', ( #1138 ), #3373, .T. ) ;
#1370 = FILL_AREA_STYLE_COLOUR ( '', #1183 ) ;
#1371 = CARTESIAN_POINT ( 'NONE',  ( 1.000000000000000000, -7.406778174262040437, 3.192135588967509818 ) ) ;
#1372 = EDGE_LOOP ( 'NONE', ( #3090, #1836, #2512, #508 ) ) ;
#1373 = FILL_AREA_STYLE ('',( #4266 ) ) ;
#1374 = CARTESIAN_POINT ( 'NONE',  ( -0.8246214760051482351, -7.722089433128628500, 0.0000000000000000000 ) ) ;
#1375 = EDGE_LOOP ( 'NONE', ( #2689, #206, #424, #1811 ) ) ;
#1376 = CARTESIAN_POINT ( 'NONE',  ( -5.100000000000000533, -3.000000000000000000, 0.3633333333333333415 ) ) ;
#1377 = ORIENTED_EDGE ( 'NONE', *, *, #203, .T. ) ;
#1378 = CARTESIAN_POINT ( 'NONE',  ( 0.9144386568092640610, -7.799999999999999822, -0.1091199999999999948 ) ) ;
#1379 = CARTESIAN_POINT ( 'NONE',  ( 3.916666666666666519, -0.08406282870510994876, -0.08000000000000000167 ) ) ;
#1380 = EDGE_CURVE ( 'NONE', #2892, #2480, #2850, .T. ) ;
#1381 = B_SPLINE_CURVE_WITH_KNOTS ( 'NONE', 3,
 ( #729, #2526, #2182, #4614 ),
 .UNSPECIFIED., .F., .F.,
 ( 4, 4 ),
 ( 0.0000000000000000000, 1.000000000000000000 ),
 .UNSPECIFIED. ) ;
#1382 = CARTESIAN_POINT ( 'NONE',  ( -1.000000000000000000, -1.287128181961759932, 3.616666666666666252 ) ) ;
#1383 = LINE ( 'NONE', #3175, #953 ) ;
#1384 = EDGE_LOOP ( 'NONE', ( #4460, #2208, #3317, #3351 ) ) ;
#1385 = ORIENTED_EDGE ( 'NONE', *, *, #2984, .T. ) ;
#1386 =( NAMED_UNIT ( * ) SI_UNIT ( $, .STERADIAN. ) SOLID_ANGLE_UNIT ( ) );
#1387 = ADVANCED_FACE ( 'NONE', ( #120 ), #3306, .T. ) ;
#1388 = CARTESIAN_POINT ( 'NONE',  ( -3.316666666666666874, -2.950000000000000178, 5.209999999999999964 ) ) ;
#1389 = CARTESIAN_POINT ( 'NONE',  ( 3.050000000000000266, -5.400000000000000355, 1.090000000000000080 ) ) ;
#1390 = ORIENTED_EDGE ( 'NONE', *, *, #2942, .T. ) ;
#1391 = DIRECTION ( 'NONE',  ( -0.0000000000000000000, 1.000000000000000000, 0.0000000000000000000 ) ) ;
#1392 = CARTESIAN_POINT ( 'NONE',  ( 4.049999999999999822, -0.5999999999999999778, 2.200000000000000178 ) ) ;
#1393 = SURFACE_SIDE_STYLE ('',( #2315 ) ) ;
#1394 = CARTESIAN_POINT ( 'NONE',  ( 3.050000000000000266, -7.000000000000000000, 4.460000000000000853 ) ) ;
#1395 = ORIENTED_EDGE ( 'NONE', *, *, #1894, .T. ) ;
#1396 = CARTESIAN_POINT ( 'NONE',  ( -3.850000000000000089, -5.299999999999999822, 2.850000000000000089 ) ) ;
#1397 = ORIENTED_EDGE ( 'NONE', *, *, #203, .F. ) ;
#1398 = B_SPLINE_CURVE_WITH_KNOTS ( 'NONE', 3,
 ( #3495, #1301, #1622, #1279 ),
 .UNSPECIFIED., .F., .F.,
 ( 4, 4 ),
 ( 0.0000000000000000000, 1.000000000000000000 ),
 .UNSPECIFIED. ) ;
#1399 = CARTESIAN_POINT ( 'NONE',  ( -1.500000000000000000, -1.287128181961759932, 3.950000000000000178 ) ) ;
#1400 = ORIENTED_EDGE ( 'NONE', *, *, #1576, .F. ) ;
#1401 = ADVANCED_FACE ( 'NONE', ( #4410 ), #766, .T. ) ;
#1402 = EDGE_CURVE ( 'NONE', #3666, #755, #934, .T. ) ;
#1403 = CARTESIAN_POINT ( 'NONE',  ( -1.000000000000000000, -1.287128181961759932, 3.449999999999999734 ) ) ;
#1404 = CARTESIAN_POINT ( 'NONE',  ( 3.050000000000000711, -3.766666666666667052, 5.209999999999999964 ) ) ;
#1405 = ORIENTED_EDGE ( 'NONE', *, *, #3259, .F. ) ;
#1406 = STYLED_ITEM ( 'NONE', ( #2373 ), #1442 ) ;
#1407 = ORIENTED_EDGE ( 'NONE', *, *, #2020, .F. ) ;
#1408 = SURFACE_STYLE_FILL_AREA ( #1052 ) ;
#1409 = AXIS2_PLACEMENT_3D ( 'NONE', #73, #1488, #121 ) ;
#1410 = ORIENTED_EDGE ( 'NONE', *, *, #3394, .F. ) ;
#1411 =( NAMED_UNIT ( * ) SI_UNIT ( $, .STERADIAN. ) SOLID_ANGLE_UNIT ( ) );
#1412 = CARTESIAN_POINT ( 'NONE',  ( 1.466666666666666785, -1.098085454641171799, 3.916666666666666519 ) ) ;
#1413 = ORIENTED_EDGE ( 'NONE', *, *, #1997, .F. ) ;
#1414 = COLOUR_RGB ( '',0.8980392156862745390, 0.8980392156862745390, 0.8980392156862745390 ) ;
#1415 = PLANE ( 'NONE',  #3300 ) ;
#1416 = MECHANICAL_DESIGN_GEOMETRIC_PRESENTATION_REPRESENTATION (  '', ( #4270 ), #2244 ) ;
#1417 = MECHANICAL_DESIGN_GEOMETRIC_PRESENTATION_REPRESENTATION (  '', ( #2245 ), #4485 ) ;
#1418 = CARTESIAN_POINT ( 'NONE',  ( 1.751256890803259969, -0.5599999999999999423, 5.209999999999999964 ) ) ;
#1419 = EDGE_LOOP ( 'NONE', ( #897, #3445, #3035, #1014 ) ) ;
#1420 = EDGE_CURVE ( 'NONE', #1676, #2598, #2788, .T. ) ;
#1421 = CARTESIAN_POINT ( 'NONE',  ( 3.146022595330759675, -7.799999999999999822, 0.0000000000000000000 ) ) ;
#1422 = B_SPLINE_CURVE_WITH_KNOTS ( 'NONE', 3,
 ( #791, #3263, #1872, #99 ),
 .UNSPECIFIED., .F., .F.,
 ( 4, 4 ),
 ( 0.0000000000000000000, 1.000000000000000000 ),
 .UNSPECIFIED. ) ;
#1423 = ORIENTED_EDGE ( 'NONE', *, *, #2957, .T. ) ;
#1424 = CARTESIAN_POINT ( 'NONE',  ( -1.000000000000000000, -1.287128181961759932, 3.950000000000000178 ) ) ;
#1425 = ORIENTED_EDGE ( 'NONE', *, *, #2372, .F. ) ;
#1426 = CARTESIAN_POINT ( 'NONE',  ( -1.738067785992279957, -7.799999999999999822, 0.0000000000000000000 ) ) ;
#1427 = CARTESIAN_POINT ( 'NONE',  ( -3.050000000000000266, -3.310000000000000053, 4.299999999999999822 ) ) ;
#1428 =( LENGTH_UNIT ( ) NAMED_UNIT ( * ) SI_UNIT ( .MILLI., .METRE. ) );
#1429 = CYLINDRICAL_SURFACE ( 'NONE', #443, 0.3600000000000000977 ) ;
#1430 =( NAMED_UNIT ( * ) PLANE_ANGLE_UNIT ( ) SI_UNIT ( $, .RADIAN. ) );
#1431 = ORIENTED_EDGE ( 'NONE', *, *, #2970, .F. ) ;
#1432 = VERTEX_POINT ( 'NONE', #1162 ) ;
#1433 = CARTESIAN_POINT ( 'NONE',  ( -3.049999999999999822, -3.309999999999998721, 4.896335712918038929 ) ) ;
#1434 = VERTEX_POINT ( 'NONE', #4096 ) ;
#1435 = SURFACE_STYLE_USAGE ( .BOTH. , #19 ) ;
#1436 = CARTESIAN_POINT ( 'NONE',  ( 4.049999999999999822, -3.006493971390749920, -0.08000000000000000167 ) ) ;
#1437 = VERTEX_POINT ( 'NONE', #231 ) ;
#1438 = DIRECTION ( 'NONE',  ( 1.000000000000000000, 0.0000000000000000000, 0.0000000000000000000 ) ) ;
#1439 = CARTESIAN_POINT ( 'NONE',  ( 3.850000000000000089, -0.08406282870510969896, 0.0000000000000000000 ) ) ;
#1440 = CARTESIAN_POINT ( 'NONE',  ( -3.850000000000000089, -3.310000000000000053, 4.850000000000000533 ) ) ;
#1441 = CARTESIAN_POINT ( 'NONE',  ( 1.000000000000000000, -0.8757210001579419645, 2.799879999999999924 ) ) ;
#1442 = ADVANCED_FACE ( 'NONE', ( #1643 ), #3132, .T. ) ;
#1443 = ORIENTED_EDGE ( 'NONE', *, *, #3158, .F. ) ;
#1444 = DIRECTION ( 'NONE',  ( 0.0000000000000000000, 0.0000000000000000000, 1.000000000000000000 ) ) ;
#1445 = ORIENTED_EDGE ( 'NONE', *, *, #528, .T. ) ;
#1446 = PRESENTATION_STYLE_ASSIGNMENT (( #1899 ) ) ;
#1447 = CARTESIAN_POINT ( 'NONE',  ( -1.000000000000000000, -9.772871818038209923, 0.0000000000000000000 ) ) ;
#1448 = VERTEX_POINT ( 'NONE', #3414 ) ;
#1449 = ORIENTED_EDGE ( 'NONE', *, *, #2929, .F. ) ;
#1450 = CARTESIAN_POINT ( 'NONE',  ( -3.050000000000000266, -3.263366380951806534, 5.027651546735151022 ) ) ;
#1451 = ORIENTED_EDGE ( 'NONE', *, *, #1501, .F. ) ;
#1452 = PRESENTATION_STYLE_ASSIGNMENT (( #3255 ) ) ;
#1453 = CARTESIAN_POINT ( 'NONE',  ( 1.500000000000000000, -7.000000000000000000, 3.780859118568930199 ) ) ;
#1454 = VERTEX_POINT ( 'NONE', #574 ) ;
#1455 = CARTESIAN_POINT ( 'NONE',  ( -1.000000000000000000, -6.722592818196179820, -0.3782059118568930067 ) ) ;
#1456 = EDGE_CURVE ( 'NONE', #4503, #4529, #2068, .T. ) ;
#1457 = CARTESIAN_POINT ( 'NONE',  ( 3.050000000000000266, 3.693950829973889345E-15, 4.299999999999999822 ) ) ;
#1458 = CARTESIAN_POINT ( 'NONE',  ( -3.050000000000000266, -6.466666666666666785, 5.209999999999999964 ) ) ;
#1459 = CARTESIAN_POINT ( 'NONE',  ( 5.100000000000000533, -5.299999999999999822, 1.900000000000000133 ) ) ;
#1460 = B_SPLINE_CURVE_WITH_KNOTS ( 'NONE', 3,
 ( #4308, #1076, #1412, #370 ),
 .UNSPECIFIED., .F., .F.,
 ( 4, 4 ),
 ( 0.0000000000000000000, 1.000000000000000000 ),
 .UNSPECIFIED. ) ;
#1461 = CARTESIAN_POINT ( 'NONE',  ( -3.050000000000000266, -7.000000000000000000, 2.700000000000000178 ) ) ;
#1462 = CARTESIAN_POINT ( 'NONE',  ( 1.500000000000000000, -9.772871818038218805, 0.5000000000000000000 ) ) ;
#1463 = EDGE_CURVE ( 'NONE', #1779, #3642, #3251, .T. ) ;
#1464 = ORIENTED_EDGE ( 'NONE', *, *, #584, .T. ) ;
#1465 = CARTESIAN_POINT ( 'NONE',  ( -1.433333333333332682, -0.9090427273205839986, 3.516666666666666607 ) ) ;
#1466 = ORIENTED_EDGE ( 'NONE', *, *, #3135, .F. ) ;
#1467 = PLANE ( 'NONE',  #3302 ) ;
#1468 = DIRECTION ( 'NONE',  ( 0.0000000000000000000, -1.000000000000000000, 0.0000000000000000000 ) ) ;
#1469 = ADVANCED_FACE ( 'NONE', ( #3036 ), #2328, .T. ) ;
#1470 = CARTESIAN_POINT ( 'NONE',  ( 3.850000000000000089, -2.032350257162204077, 0.0000000000000000000 ) ) ;
#1471 = CARTESIAN_POINT ( 'NONE',  ( 3.849999999999999645, -0.5999999999999999778, 2.416666666666666963 ) ) ;
#1472 = ORIENTED_EDGE ( 'NONE', *, *, #2289, .F. ) ;
#1473 = ORIENTED_EDGE ( 'NONE', *, *, #2846, .F. ) ;
#1474 = CARTESIAN_POINT ( 'NONE',  ( -3.850000000000000089, -0.08406282870511080918, 0.7333333333333332815 ) ) ;
#1475 = B_SPLINE_CURVE_WITH_KNOTS ( 'NONE', 3,
 ( #3387, #461, #1926, #4091 ),
 .UNSPECIFIED., .F., .F.,
 ( 4, 4 ),
 ( 0.0000000000000000000, 1.000000000000000000 ),
 .UNSPECIFIED. ) ;
#1476 = ORIENTED_EDGE ( 'NONE', *, *, #2591, .T. ) ;
#1477 = CARTESIAN_POINT ( 'NONE',  ( -1.550000000000000044, -7.000000000000000000, 1.090000000000000080 ) ) ;
#1478 = CARTESIAN_POINT ( 'NONE',  ( -3.050000000000000266, -6.200000000000000178, 1.090000000000000080 ) ) ;
#1479 = AXIS2_PLACEMENT_3D ( 'NONE', #1242, #1343, #4620 ) ;
#1480 =( GEOMETRIC_REPRESENTATION_CONTEXT ( 3 ) GLOBAL_UNCERTAINTY_ASSIGNED_CONTEXT ( ( #1897 ) ) GLOBAL_UNIT_ASSIGNED_CONTEXT ( ( #1312, #294, #1386 ) ) REPRESENTATION_CONTEXT ( 'NONE', 'WORKASPACE' ) );
#1481 = EDGE_CURVE ( 'NONE', #3965, #241, #3012, .T. ) ;
#1482 = AXIS2_PLACEMENT_3D ( 'NONE', #2549, #450, #1875 ) ;
#1483 = CARTESIAN_POINT ( 'NONE',  ( -0.9499999999999999556, -7.566268299385889406, 1.090000000000000080 ) ) ;
#1484 = AXIS2_PLACEMENT_3D ( 'NONE', #1516, #127, #492 ) ;
#1485 = CARTESIAN_POINT ( 'NONE',  ( -1.000000000000000000, -7.000000000000000000, 3.780859118568930199 ) ) ;
#1486 = FILL_AREA_STYLE ('',( #567 ) ) ;
#1487 = CARTESIAN_POINT ( 'NONE',  ( -3.850000000000000089, 3.622850476404775104E-15, 5.209999999999999964 ) ) ;
#1488 = DIRECTION ( 'NONE',  ( -1.000000000000000000, 0.0000000000000000000, 0.0000000000000000000 ) ) ;
#1489 = AXIS2_PLACEMENT_3D ( 'NONE', #2263, #1911, #3837 ) ;
#1490 = ORIENTED_EDGE ( 'NONE', *, *, #4398, .T. ) ;
#1491 = CARTESIAN_POINT ( 'NONE',  ( -0.7619322140077208205, -7.799999999999999822, 0.3633333333333332305 ) ) ;
#1492 = EDGE_LOOP ( 'NONE', ( #4373, #4467, #1425, #16 ) ) ;
#1493 = CARTESIAN_POINT ( 'NONE',  ( 0.8699999999999999956, -4.599999999999999645, 6.080000000000000071 ) ) ;
#1494 = PLANE ( 'NONE',  #1484 ) ;
#1495 = EDGE_CURVE ( 'NONE', #387, #3168, #880, .T. ) ;
#1496 = CARTESIAN_POINT ( 'NONE',  ( -1.751256890803259303, -0.5599999999999949463, 5.499999999999999112 ) ) ;
#1497 = CARTESIAN_POINT ( 'NONE',  ( 3.850000000000000089, -0.5999999999999999778, 2.200000000000000178 ) ) ;
#1498 = ORIENTED_EDGE ( 'NONE', *, *, #1928, .F. ) ;
#1500 = ORIENTED_EDGE ( 'NONE', *, *, #2923, .T. ) ;
#1499 = B_SPLINE_CURVE_WITH_KNOTS ( 'NONE', 3,
 ( #721, #2544, #29, #1461 ),
 .UNSPECIFIED., .F., .F.,
 ( 4, 4 ),
 ( 0.0000000000000000000, 1.000000000000000000 ),
 .UNSPECIFIED. ) ;
#1501 = EDGE_CURVE ( 'NONE', #4503, #3166, #3134, .T. ) ;
#1502 = ORIENTED_EDGE ( 'NONE', *, *, #4010, .T. ) ;
#1503 = CARTESIAN_POINT ( 'NONE',  ( 12.65012000000000114, -7.700120000000000076, 6.080000000000000071 ) ) ;
#1504 = CARTESIAN_POINT ( 'NONE',  ( -2.030119999999999703, -10.33999999999999986, -0.5301200000000000356 ) ) ;
#1505 = CARTESIAN_POINT ( 'NONE',  ( 0.7619322140077200434, -7.799999999999999822, 0.7266666666666665719 ) ) ;
#1506 = CARTESIAN_POINT ( 'NONE',  ( 1.817085630267754270, -0.1866666666666666197, 5.209999999999999964 ) ) ;
#1507 = DIRECTION ( 'NONE',  ( 0.0000000000000000000, 0.0000000000000000000, -1.000000000000000000 ) ) ;
#1508 = CARTESIAN_POINT ( 'NONE',  ( -1.500000000000000000, -7.406778174262040437, 3.192135588967509818 ) ) ;
#1509 = CARTESIAN_POINT ( 'NONE',  ( -1.350000000000000311, -7.000000000000000000, 0.0000000000000000000 ) ) ;
#1510 = EDGE_CURVE ( 'NONE', #3468, #3102, #398, .T. ) ;
#1511 = PRODUCT_RELATED_PRODUCT_CATEGORY ( 'part', '', ( #1936 ) ) ;
#1512 = ORIENTED_EDGE ( 'NONE', *, *, #1495, .T. ) ;
#1513 = UNCERTAINTY_MEASURE_WITH_UNIT (LENGTH_MEASURE( 1.000000000000000082E-05 ), #1045, 'distance_accuracy_value', 'NONE');
#1514 = DIRECTION ( 'NONE',  ( 0.0000000000000000000, 0.0000000000000000000, 1.000000000000000000 ) ) ;
#1515 = VERTEX_POINT ( 'NONE', #2749 ) ;
#1516 = CARTESIAN_POINT ( 'NONE',  ( -4.390119999999999578, -7.680120000000000502, 4.700000000000000178 ) ) ;
#1517 = ADVANCED_FACE ( 'NONE', ( #324 ), #1415, .T. ) ;
#1518 = CARTESIAN_POINT ( 'NONE',  ( 3.850000000000000089, -0.2560418858034070322, 2.200000000000000178 ) ) ;
#1519 = DIRECTION ( 'NONE',  ( 0.9848077530122086864, -0.1736481776669269450, 0.0000000000000000000 ) ) ;
#1520 = ORIENTED_EDGE ( 'NONE', *, *, #2500, .T. ) ;
#1521 = CARTESIAN_POINT ( 'NONE',  ( 1.786701949343568296, -1.935348699460574640, 5.210000000000000853 ) ) ;
#1522 = ADVANCED_FACE ( 'NONE', ( #1034 ), #2849, .T. ) ;
#1523 = B_SPLINE_CURVE_WITH_KNOTS ( 'NONE', 1,
 ( #1287, #1606 ),
 .UNSPECIFIED., .F., .F.,
 ( 2, 2 ),
 ( -1.992942834170859934, 0.0000000000000000000 ),
 .UNSPECIFIED. ) ;
#1524 = ORIENTED_EDGE ( 'NONE', *, *, #4161, .T. ) ;
#1525 = CARTESIAN_POINT ( 'NONE',  ( 1.500000000000000000, -1.287128181961769924, 3.449999999999999734 ) ) ;
#1526 = DIRECTION ( 'NONE',  ( 1.000000000000000000, 0.0000000000000000000, 0.0000000000000000000 ) ) ;
#1527 = ORIENTED_EDGE ( 'NONE', *, *, #3568, .T. ) ;
#1528 = CARTESIAN_POINT ( 'NONE',  ( 4.266666666666665719, -0.5999999999999999778, 2.850000000000000089 ) ) ;
#1529 = EDGE_CURVE ( 'NONE', #4420, #4552, #667, .T. ) ;
#1530 = CARTESIAN_POINT ( 'NONE',  ( -1.000000000000000000, -7.318089129048063413, 3.565749279829989238 ) ) ;
#1531 = CARTESIAN_POINT ( 'NONE',  ( -1.846640329229884747, -1.264385130818769465, 5.209999999999999964 ) ) ;
#1532 = CARTESIAN_POINT ( 'NONE',  ( 3.050000000000000266, -6.039880000000000138, 0.7528799999999999937 ) ) ;
#1533 = SURFACE_STYLE_USAGE ( .BOTH. , #686 ) ;
#1534 = ORIENTED_EDGE ( 'NONE', *, *, #238, .T. ) ;
#1535 = ORIENTED_EDGE ( 'NONE', *, *, #851, .F. ) ;
#1536 = ADVANCED_FACE ( 'NONE', ( #2123 ), #347, .T. ) ;
#1537 = CARTESIAN_POINT ( 'NONE',  ( 2.150120000000000253, -8.000811541807649974, 0.6896957621692210161 ) ) ;
#1538 = CARTESIAN_POINT ( 'NONE',  ( -3.050000000000000266, 3.693950829973889345E-15, 4.299999999999999822 ) ) ;
#1539 = DIRECTION ( 'NONE',  ( 7.832020829344836137E-18, -0.1736481776669309973, 0.9848077530122080203 ) ) ;
#1540 = ORIENTED_EDGE ( 'NONE', *, *, #2457, .F. ) ;
#1541 = EDGE_CURVE ( 'NONE', #2598, #3103, #3969, .T. ) ;
#1542 = ORIENTED_EDGE ( 'NONE', *, *, #2009, .T. ) ;
#1543 = FILL_AREA_STYLE_COLOUR ( '', #2915 ) ;
#1544 = VERTEX_POINT ( 'NONE', #1818 ) ;
#1545 = CARTESIAN_POINT ( 'NONE',  ( 4.049999999999999822, -0.08406282870510990712, -0.02666666666666666491 ) ) ;
#1546 = CARTESIAN_POINT ( 'NONE',  ( 0.7619322140077199323, -7.799999999999999822, 1.090000000000000080 ) ) ;
#1547 = EDGE_CURVE ( 'NONE', #671, #3583, #2385, .T. ) ;
#1548 = SURFACE_SIDE_STYLE ('',( #136 ) ) ;
#1549 = CARTESIAN_POINT ( 'NONE',  ( -0.8699999999999999956, -4.599999999999999645, 5.209999999999999964 ) ) ;
#1550 = VERTEX_POINT ( 'NONE', #2470 ) ;
#1551 = B_SPLINE_CURVE_WITH_KNOTS ( 'NONE', 3,
 ( #1723, #1374, #3188, #2828 ),
 .UNSPECIFIED., .F., .F.,
 ( 4, 4 ),
 ( 0.0000000000000000000, 1.000000000000000000 ),
 .UNSPECIFIED. ) ;
#1552 = CARTESIAN_POINT ( 'NONE',  ( -2.150120000000000253, -1.934862554731110018, 3.335786953748489658 ) ) ;
#1553 = CARTESIAN_POINT ( 'NONE',  ( -3.050000000000000266, -7.000000000000000000, 5.209999999999999964 ) ) ;
#1554 = AXIS2_PLACEMENT_3D ( 'NONE', #3481, #2091, #3533 ) ;
#1555 = MECHANICAL_DESIGN_GEOMETRIC_PRESENTATION_REPRESENTATION (  '', ( #3517 ), #1480 ) ;
#1556 = EDGE_CURVE ( 'NONE', #2, #76, #390, .T. ) ;
#1557 = EDGE_LOOP ( 'NONE', ( #2376, #594, #3006, #1953 ) ) ;
#1558 = DIRECTION ( 'NONE',  ( 1.000000000000000000, 0.0000000000000000000, 0.0000000000000000000 ) ) ;
#1559 = CARTESIAN_POINT ( 'NONE',  ( 1.000000000000000000, -1.287128181961759932, 3.950000000000000178 ) ) ;
#1560 = B_SPLINE_CURVE_WITH_KNOTS ( 'NONE', 1,
 ( #2403, #3844 ),
 .UNSPECIFIED., .F., .F.,
 ( 2, 2 ),
 ( -1.992942834170859934, 0.0000000000000000000 ),
 .UNSPECIFIED. ) ;
#1561 = CARTESIAN_POINT ( 'NONE',  ( -1.016666666666666607, 3.275596848026040055E-15, 1.089999999999999858 ) ) ;
#1562 = CARTESIAN_POINT ( 'NONE',  ( 4.049999999999999822, -3.000000000000000000, 0.0000000000000000000 ) ) ;
#1563 = CARTESIAN_POINT ( 'NONE',  ( 1.738067785992279957, -7.799999999999999822, 0.0000000000000000000 ) ) ;
#1564 = CYLINDRICAL_SURFACE ( 'NONE', #3970, 6.040020153095750466 ) ;
#1565 = EDGE_CURVE ( 'NONE', #4510, #2875, #1835, .T. ) ;
#1566 = B_SPLINE_CURVE_WITH_KNOTS ( 'NONE', 3,
 ( #3880, #670, #964, #984 ),
 .UNSPECIFIED., .F., .F.,
 ( 4, 4 ),
 ( 0.0000000000000000000, 1.000000000000000000 ),
 .UNSPECIFIED. ) ;
#1567 = CARTESIAN_POINT ( 'NONE',  ( -5.100000000000000533, -0.5999999999999999778, 2.850000000000000089 ) ) ;
#1568 = EDGE_LOOP ( 'NONE', ( #1042, #941, #2848, #2793 ) ) ;
#1569 = CARTESIAN_POINT ( 'NONE',  ( -3.050000000000000266, -6.200000000000000178, 2.163333333333333552 ) ) ;
#1570 = CARTESIAN_POINT ( 'NONE',  ( 1.066666666666664653, -0.9090427273205879954, 3.516666666666666607 ) ) ;
#1571 = CARTESIAN_POINT ( 'NONE',  ( 1.000000000000000000, -8.242726650311741565, 1.110223024625159992E-16 ) ) ;
#1572 = CARTESIAN_POINT ( 'NONE',  ( 0.3499999999999999778, -4.599999999999999645, 6.080000000000000071 ) ) ;
#1573 = ORIENTED_EDGE ( 'NONE', *, *, #2631, .F. ) ;
#1574 = DIRECTION ( 'NONE',  ( -0.0000000000000000000, 1.000000000000000000, 0.0000000000000000000 ) ) ;
#1575 = B_SPLINE_CURVE_WITH_KNOTS ( 'NONE', 3,
 ( #4296, #2906, #2131, #4369 ),
 .UNSPECIFIED., .F., .F.,
 ( 4, 4 ),
 ( 0.0000000000000000000, 1.000000000000000000 ),
 .UNSPECIFIED. ) ;
#1576 = EDGE_CURVE ( 'NONE', #1072, #298, #166, .T. ) ;
#1577 = VERTEX_POINT ( 'NONE', #3206 ) ;
#1578 = B_SPLINE_CURVE_WITH_KNOTS ( 'NONE', 1,
 ( #2799, #3182 ),
 .UNSPECIFIED., .F., .F.,
 ( 2, 2 ),
 ( 0.0000000000000000000, 1.530145167726479905 ),
 .UNSPECIFIED. ) ;
#1579 = CARTESIAN_POINT ( 'NONE',  ( 0.9499999999999999556, -7.566268299385879637, 1.090000000000000080 ) ) ;
#1580 = CARTESIAN_POINT ( 'NONE',  ( -5.100000000000000533, -5.299999999999999822, 0.0000000000000000000 ) ) ;
#1581 = ADVANCED_FACE ( 'NONE', ( #4234 ), #45, .T. ) ;
#1582 = CARTESIAN_POINT ( 'NONE',  ( -1.066666666666666652, -0.9090427273205839986, 3.516666666666668384 ) ) ;
#1583 = PLANE ( 'NONE',  #4347 ) ;
#1584 = ORIENTED_EDGE ( 'NONE', *, *, #3333, .T. ) ;
#1585 = PRESENTATION_STYLE_ASSIGNMENT (( #2295 ) ) ;
#1586 = CARTESIAN_POINT ( 'NONE',  ( 1.500000000000000000, -5.400000000000000355, 3.449999999999999734 ) ) ;
#1587 = CARTESIAN_POINT ( 'NONE',  ( 0.3500000000000044742, 1.965225821582489834E-15, 5.209999999999999964 ) ) ;
#1588 = CARTESIAN_POINT ( 'NONE',  ( -0.3500000000000000333, -4.599999999999999645, 5.790000000000000036 ) ) ;
#1589 = EDGE_CURVE ( 'NONE', #3489, #105, #4190, .T. ) ;
#1590 = CARTESIAN_POINT ( 'NONE',  ( 0.9499999999999999556, -7.566268299385879637, 1.090000000000000080 ) ) ;
#1591 = CARTESIAN_POINT ( 'NONE',  ( -3.050000000000000266, -7.000000000000000000, 4.700000000000000178 ) ) ;
#1592 = EDGE_LOOP ( 'NONE', ( #93, #1198, #3631, #2365 ) ) ;
#1593 = EDGE_CURVE ( 'NONE', #2132, #1884, #1895, .T. ) ;
#1594 = CARTESIAN_POINT ( 'NONE',  ( -3.850000000000000089, -3.310000000000000053, 4.299999999999999822 ) ) ;
#1595 =( BOUNDED_CURVE ( )  B_SPLINE_CURVE ( 2, ( #3022, #3044, #215 ),
 .UNSPECIFIED., .F., .T. ) 
 B_SPLINE_CURVE_WITH_KNOTS ( ( 3, 3 ),
 ( 0.0000000000000000000, 0.7323205927438609653 ),
 .UNSPECIFIED. ) 
 CURVE ( )  GEOMETRIC_REPRESENTATION_ITEM ( )  RATIONAL_B_SPLINE_CURVE ( ( 1.000000000000000000, 0.9317627864625179779, 1.000000000000000000 ) ) 
 REPRESENTATION_ITEM ( '' )  );
#1596 = VERTEX_POINT ( 'NONE', #2821 ) ;
#1597 = ORIENTED_EDGE ( 'NONE', *, *, #2372, .T. ) ;
#1598 = CARTESIAN_POINT ( 'NONE',  ( 3.850000000000000533, -3.274776590342743710, 5.005690457820233696 ) ) ;
#1599 = SURFACE_STYLE_FILL_AREA ( #383 ) ;
#1600 = CARTESIAN_POINT ( 'NONE',  ( 1.349999999999999645, -7.000000000000000000, 1.089999999999999858 ) ) ;
#1601 = DIRECTION ( 'NONE',  ( 0.0000000000000000000, -0.9848077530122086864, 0.1736481776669269450 ) ) ;
#1602 = ORIENTED_EDGE ( 'NONE', *, *, #1495, .F. ) ;
#1603 = CARTESIAN_POINT ( 'NONE',  ( 1.000000000000000000, -1.287128181961759932, 3.950000000000000178 ) ) ;
#1604 = DIRECTION ( 'NONE',  ( 1.000000000000000000, 0.0000000000000000000, 0.0000000000000000000 ) ) ;
#1605 = CARTESIAN_POINT ( 'NONE',  ( -1.500000000000000000, -9.772871818038209923, 0.5000000000000000000 ) ) ;
#1606 = CARTESIAN_POINT ( 'NONE',  ( 1.000000000000000000, -7.460296961164719853, 0.8018363510626200785 ) ) ;
#1607 = EDGE_LOOP ( 'NONE', ( #2866, #3566, #803, #2466, #815, #356, #1449, #752, #3243, #4318, #217, #3126, #1001, #2478, #2592, #4541, #38, #449, #1921, #3605, #2073, #1796, #2426, #965, #2510, #4517, #2933, #4633 ) ) ;
#1608 = ADVANCED_FACE ( 'NONE', ( #301 ), #2946, .T. ) ;
#1609 = CARTESIAN_POINT ( 'NONE',  ( -3.050000000000000266, -6.200000000000000178, 1.626666666666666705 ) ) ;
#1610 = PLANE ( 'NONE',  #4048 ) ;
#1611 = B_SPLINE_CURVE_WITH_KNOTS ( 'NONE', 1,
 ( #735, #1816 ),
 .UNSPECIFIED., .F., .F.,
 ( 2, 2 ),
 ( 0.0000000000000000000, 0.2999999999999999889 ),
 .UNSPECIFIED. ) ;
#1612 = DIRECTION ( 'NONE',  ( 0.0000000000000000000, 0.0000000000000000000, -1.000000000000000000 ) ) ;
#1613 = PLANE ( 'NONE',  #4117 ) ;
#1614 = ORIENTED_EDGE ( 'NONE', *, *, #967, .T. ) ;
#1615 = ADVANCED_FACE ( 'NONE', ( #3279 ), #2539, .T. ) ;
#1616 = AXIS2_PLACEMENT_3D ( 'NONE', #3764, #4140, #1612 ) ;
#1617 = MECHANICAL_DESIGN_GEOMETRIC_PRESENTATION_REPRESENTATION (  '', ( #876 ), #2232 ) ;
#1618 = B_SPLINE_CURVE_WITH_KNOTS ( 'NONE', 3,
 ( #1059, #440, #4333, #3305 ),
 .UNSPECIFIED., .F., .F.,
 ( 4, 4 ),
 ( 0.0000000000000000000, 1.000000000000000000 ),
 .UNSPECIFIED. ) ;
#1619 = ORIENTED_EDGE ( 'NONE', *, *, #368, .F. ) ;
#1620 = CARTESIAN_POINT ( 'NONE',  ( 3.849999999999999201, -3.280511086446214808, 4.993015849786471172 ) ) ;
#1621 = DIRECTION ( 'NONE',  ( 0.0000000000000000000, 0.0000000000000000000, 1.000000000000000000 ) ) ;
#1622 = CARTESIAN_POINT ( 'NONE',  ( 3.850000000000000089, -2.032350257162203633, -0.08000000000000000167 ) ) ;
#1623 = COLOUR_RGB ( '',0.8980392156862745390, 0.8980392156862745390, 0.8980392156862745390 ) ;
#1624 = PLANE ( 'NONE',  #3451 ) ;
#1625 = CARTESIAN_POINT ( 'NONE',  ( 1.000000000000000000, -1.287128181961769924, 3.449999999999999734 ) ) ;
#1626 = ORIENTED_EDGE ( 'NONE', *, *, #1736, .T. ) ;
#1627 = MECHANICAL_DESIGN_GEOMETRIC_PRESENTATION_REPRESENTATION (  '', ( #1106 ), #1257 ) ;
#1628 = PRESENTATION_STYLE_ASSIGNMENT (( #4204 ) ) ;
#1629 = CARTESIAN_POINT ( 'NONE',  ( 3.850000000000000089, 3.693950829973889345E-15, 4.299999999999999822 ) ) ;
#1630 = COLOUR_RGB ( '',0.8980392156862745390, 0.8980392156862745390, 0.8980392156862745390 ) ;
#1631 = CARTESIAN_POINT ( 'NONE',  ( -3.850000000000000089, -7.000000000000000000, 4.460000000000000853 ) ) ;
#1632 = COLOUR_RGB ( '',0.8980392156862745390, 0.8980392156862745390, 0.8980392156862745390 ) ;
#1633 =( GEOMETRIC_REPRESENTATION_CONTEXT ( 3 ) GLOBAL_UNCERTAINTY_ASSIGNED_CONTEXT ( ( #490 ) ) GLOBAL_UNIT_ASSIGNED_CONTEXT ( ( #2661, #2687, #4128 ) ) REPRESENTATION_CONTEXT ( 'NONE', 'WORKASPACE' ) );
#1634 = CARTESIAN_POINT ( 'NONE',  ( -0.9499999999999999556, -7.000000000000000000, 1.090000000000000080 ) ) ;
#1635 = VERTEX_POINT ( 'NONE', #4405 ) ;
#1637 = DIRECTION ( 'NONE',  ( 0.0000000000000000000, -0.9848077530122077983, 0.1736481776669319410 ) ) ;
#1636 = B_SPLINE_CURVE_WITH_KNOTS ( 'NONE', 3,
 ( #1208, #1227, #3792, #1914 ),
 .UNSPECIFIED., .F., .F.,
 ( 4, 4 ),
 ( 0.0000000000000000000, 1.000000000000000000 ),
 .UNSPECIFIED. ) ;
#1638 =( GEOMETRIC_REPRESENTATION_CONTEXT ( 3 ) GLOBAL_UNCERTAINTY_ASSIGNED_CONTEXT ( ( #2636 ) ) GLOBAL_UNIT_ASSIGNED_CONTEXT ( ( #3337, #1118, #3995 ) ) REPRESENTATION_CONTEXT ( 'NONE', 'WORKASPACE' ) );
#1639 = EDGE_CURVE ( 'NONE', #2730, #3783, #1996, .T. ) ;
#1640 = CARTESIAN_POINT ( 'NONE',  ( 0.9499999999999999556, -7.000000000000000000, 0.0000000000000000000 ) ) ;
#1641 = DIRECTION ( 'NONE',  ( 0.0000000000000000000, 0.0000000000000000000, -1.000000000000000000 ) ) ;
#1642 = ORIENTED_EDGE ( 'NONE', *, *, #844, .F. ) ;
#1643 = FACE_OUTER_BOUND ( 'NONE', #2116, .T. ) ;
#1644 = PLANE ( 'NONE',  #2458 ) ;
#1645 = CARTESIAN_POINT ( 'NONE',  ( -3.050000000000000266, -7.000000000000000000, 2.700000000000000178 ) ) ;
#1646 = ORIENTED_EDGE ( 'NONE', *, *, #1354, .T. ) ;
#1647 = FACE_OUTER_BOUND ( 'NONE', #751, .T. ) ;
#1648 = CARTESIAN_POINT ( 'NONE',  ( 1.000000000000000000, -7.000000000000000000, 3.780859118568919985 ) ) ;
#1649 = EDGE_CURVE ( 'NONE', #2891, #2224, #4650, .T. ) ;
#1650 = CARTESIAN_POINT ( 'NONE',  ( 3.316666666666666430, -3.310000000000000053, 4.299999999999999822 ) ) ;
#1651 = ORIENTED_EDGE ( 'NONE', *, *, #2190, .T. ) ;
#1652 = CARTESIAN_POINT ( 'NONE',  ( -3.850000000000000089, -0.08406282870510960181, 2.200000000000000178 ) ) ;
#1653 = DIRECTION ( 'NONE',  ( 0.0000000000000000000, 0.0000000000000000000, -1.000000000000000000 ) ) ;
#1654 = CARTESIAN_POINT ( 'NONE',  ( -1.738067785992279957, -7.799999999999999822, 1.090000000000000080 ) ) ;
#1655 = EDGE_CURVE ( 'NONE', #1577, #103, #2664, .T. ) ;
#1656 = CARTESIAN_POINT ( 'NONE',  ( 1.000000000000000000, -1.287128181961759932, 3.950000000000000178 ) ) ;
#1657 = CARTESIAN_POINT ( 'NONE',  ( 0.7619322140077199323, -7.799999999999999822, 1.090000000000000080 ) ) ;
#1658 = EDGE_LOOP ( 'NONE', ( #1288, #4280, #1239, #1216 ) ) ;
#1659 = ORIENTED_EDGE ( 'NONE', *, *, #1665, .F. ) ;
#1660 = PRESENTATION_STYLE_ASSIGNMENT (( #644 ) ) ;
#1661 = EDGE_CURVE ( 'NONE', #1448, #2930, #2119, .T. ) ;
#1662 = CARTESIAN_POINT ( 'NONE',  ( 3.049999999999999822, -7.000000000000000000, 4.870000000000000107 ) ) ;
#1663 = FACE_OUTER_BOUND ( 'NONE', #2792, .T. ) ;
#1664 = ORIENTED_EDGE ( 'NONE', *, *, #4036, .F. ) ;
#1665 = EDGE_CURVE ( 'NONE', #4354, #2854, #831, .T. ) ;
#1666 = CARTESIAN_POINT ( 'NONE',  ( -3.850000000000000977, -3.040507078065449953, 5.201574596127493066 ) ) ;
#1667 = CARTESIAN_POINT ( 'NONE',  ( -1.000000000000000000, -9.772871818038209923, 0.0000000000000000000 ) ) ;
#1668 = ORIENTED_EDGE ( 'NONE', *, *, #1649, .T. ) ;
#1669 = CARTESIAN_POINT ( 'NONE',  ( 1.016666666666667052, -5.400000000000000355, 5.209999999999999964 ) ) ;
#1670 = ORIENTED_EDGE ( 'NONE', *, *, #1547, .F. ) ;
#1671 = CARTESIAN_POINT ( 'NONE',  ( -1.500000000000000000, -8.317569314890061349, 0.5000000000000000000 ) ) ;
#1672 = CARTESIAN_POINT ( 'NONE',  ( 3.850000000000000089, -3.006493971390749920, 0.0000000000000000000 ) ) ;
#1673 = ORIENTED_EDGE ( 'NONE', *, *, #1156, .F. ) ;
#1674 = B_SPLINE_CURVE_WITH_KNOTS ( 'NONE', 3,
 ( #4196, #2006, #1983, #3843 ),
 .UNSPECIFIED., .F., .F.,
 ( 4, 4 ),
 ( 0.0000000000000000000, 1.000000000000000000 ),
 .UNSPECIFIED. ) ;
#1675 = CARTESIAN_POINT ( 'NONE',  ( -1.100000000000000089, -0.7200000000000000844, 3.850000000000000089 ) ) ;
#1676 = VERTEX_POINT ( 'NONE', #2236 ) ;
#1677 =( NAMED_UNIT ( * ) PLANE_ANGLE_UNIT ( ) SI_UNIT ( $, .RADIAN. ) );
#1678 = CARTESIAN_POINT ( 'NONE',  ( 1.000000000000000000, -5.400000000000000355, 3.449999999999999734 ) ) ;
#1679 = CARTESIAN_POINT ( 'NONE',  ( 1.100000000000000089, -0.7200000000000000844, 3.550000000000000266 ) ) ;
#1680 = EDGE_CURVE ( 'NONE', #3285, #1682, #3462, .T. ) ;
#1681 = CARTESIAN_POINT ( 'NONE',  ( 1.000000000000000000, -7.460296961164719853, 0.8018363510626200785 ) ) ;
#1682 = VERTEX_POINT ( 'NONE', #415 ) ;
#1683 = ORIENTED_EDGE ( 'NONE', *, *, #3797, .F. ) ;
#1684 = B_SPLINE_CURVE_WITH_KNOTS ( 'NONE', 1,
 ( #2747, #2396 ),
 .UNSPECIFIED., .F., .F.,
 ( 2, 2 ),
 ( -0.5000000000000000000, 0.0000000000000000000 ),
 .UNSPECIFIED. ) ;
#1685 = CARTESIAN_POINT ( 'NONE',  ( 4.049999999999999822, -0.08406282870510990712, -0.08000000000000000167 ) ) ;
#1686 = B_SPLINE_CURVE_WITH_KNOTS ( 'NONE', 3,
 ( #4374, #111, #1521, #2960, #4400, #4047, #3361, #3382 ),
 .UNSPECIFIED., .F., .F.,
 ( 4, 2, 2, 4 ),
 ( 0.1923759746971098472, 0.3942819810228322952, 0.5961879873485549375, 1.000000000000000000 ),
 .UNSPECIFIED. ) ;
#1687 = CARTESIAN_POINT ( 'NONE',  ( -0.9499999999999999556, -7.566268299385889406, 1.090000000000000080 ) ) ;
#1688 = CARTESIAN_POINT ( 'NONE',  ( -3.927000000000000046, 3.275596848026040055E-15, 4.342999999999999972 ) ) ;
#1689 = ORIENTED_EDGE ( 'NONE', *, *, #3314, .T. ) ;
#1690 = CARTESIAN_POINT ( 'NONE',  ( 3.850000000000000089, -3.733333333333333393, 2.850000000000000089 ) ) ;
#1691 = CARTESIAN_POINT ( 'NONE',  ( -3.229880000000000084, -3.298857085659320010, -0.08000000000000000167 ) ) ;
#1692 = EDGE_CURVE ( 'NONE', #3103, #2281, #1158, .T. ) ;
#1693 = FILL_AREA_STYLE ('',( #3793 ) ) ;
#1694 = ORIENTED_EDGE ( 'NONE', *, *, #3068, .F. ) ;
#1695 = SURFACE_STYLE_FILL_AREA ( #4553 ) ;
#1696 = CARTESIAN_POINT ( 'NONE',  ( -1.399999999999999911, -0.7200000000000000844, 3.550000000000000266 ) ) ;
#1697 = EDGE_CURVE ( 'NONE', #4254, #3689, #3911, .T. ) ;
#1698 = VERTEX_POINT ( 'NONE', #1888 ) ;
#1699 = CARTESIAN_POINT ( 'NONE',  ( -5.100000000000000533, -0.5999999999999999778, 2.850000000000000089 ) ) ;
#1700 = ORIENTED_EDGE ( 'NONE', *, *, #1510, .T. ) ;
#1701 = CARTESIAN_POINT ( 'NONE',  ( 3.850000000000000089, -1.103333333333333277, 4.299999999999999822 ) ) ;
#1702 = PLANE ( 'NONE',  #3375 ) ;
#1703 = CARTESIAN_POINT ( 'NONE',  ( -3.850000000000000089, 3.693950829973889345E-15, 4.299999999999999822 ) ) ;
#1704 = AXIS2_PLACEMENT_3D ( 'NONE', #1503, #3203, #3928 ) ;
#1705 = CARTESIAN_POINT ( 'NONE',  ( -1.399999999999999911, -10.33999999999999986, 0.4000000000000000222 ) ) ;
#1706 = B_SPLINE_CURVE_WITH_KNOTS ( 'NONE', 1,
 ( #3509, #2395 ),
 .UNSPECIFIED., .F., .F.,
 ( 2, 2 ),
 ( 0.0000000000000000000, 0.2999999999999999889 ),
 .UNSPECIFIED. ) ;
#1707 = CARTESIAN_POINT ( 'NONE',  ( -3.850000000000000089, -0.5999999999999999778, 2.200000000000000178 ) ) ;
#1708 = EDGE_LOOP ( 'NONE', ( #4355, #3610, #1881, #117 ) ) ;
#1709 = ORIENTED_EDGE ( 'NONE', *, *, #4244, .T. ) ;
#1710 = DIRECTION ( 'NONE',  ( 0.0000000000000000000, -0.1736481776669319410, -0.9848077530122077983 ) ) ;
#1711 = EDGE_CURVE ( 'NONE', #3424, #1434, #2836, .T. ) ;
#1712 = PRESENTATION_LAYER_ASSIGNMENT (  '', '', ( #2921 ) ) ;
#1713 = STYLED_ITEM ( 'NONE', ( #3724 ), #1313 ) ;
#1714 = CARTESIAN_POINT ( 'NONE',  ( 3.050000000000000266, -7.000000000000000000, 4.700000000000000178 ) ) ;
#1715 = FILL_AREA_STYLE_COLOUR ( '', #3450 ) ;
#1716 = VERTEX_POINT ( 'NONE', #118 ) ;
#1717 = CARTESIAN_POINT ( 'NONE',  ( 1.550000000000000044, -7.000000000000000000, 0.0000000000000000000 ) ) ;
#1718 = CARTESIAN_POINT ( 'NONE',  ( -3.850000000000000089, -0.08406282870510969896, 0.0000000000000000000 ) ) ;
#1719 = CARTESIAN_POINT ( 'NONE',  ( -0.2898800000000000265, -7.000000000000000000, -0.1091199999999999948 ) ) ;
#1720 = CARTESIAN_POINT ( 'NONE',  ( -3.050000000000000266, -5.400000000000000355, 5.209999999999999964 ) ) ;
#1721 = VERTEX_POINT ( 'NONE', #3658 ) ;
#1722 = CARTESIAN_POINT ( 'NONE',  ( 3.850000000000000089, -7.799999999999999822, 4.029999999999999361 ) ) ;
#1723 = CARTESIAN_POINT ( 'NONE',  ( -0.7619322140077199323, -7.799999999999999822, 0.0000000000000000000 ) ) ;
#1724 = EDGE_CURVE ( 'NONE', #89, #387, #611, .T. ) ;
#1725 = CARTESIAN_POINT ( 'NONE',  ( -0.3498800000000000243, -9.918522068353031074, 0.5000000000000000000 ) ) ;
#1726 = ORIENTED_EDGE ( 'NONE', *, *, #1576, .T. ) ;
#1727 = CARTESIAN_POINT ( 'NONE',  ( -3.050000000000000266, -7.799999999999999822, 2.069999999999999840 ) ) ;
#1728 = CARTESIAN_POINT ( 'NONE',  ( -0.9499999999999999556, -7.000000000000000000, 1.090000000000000080 ) ) ;
#1729 = CARTESIAN_POINT ( 'NONE',  ( 1.333333333333333259, -5.400000000000000355, 3.449999999999999734 ) ) ;
#1730 = EDGE_CURVE ( 'NONE', #2892, #2046, #2335, .T. ) ;
#1731 = CARTESIAN_POINT ( 'NONE',  ( 1.751256890803259969, -0.5599999999999999423, 5.209999999999999964 ) ) ;
#1732 = CARTESIAN_POINT ( 'NONE',  ( 3.983333333333333393, -0.08406282870510994876, 0.0000000000000000000 ) ) ;
#1733 = VERTEX_POINT ( 'NONE', #830 ) ;
#1734 = ORIENTED_EDGE ( 'NONE', *, *, #778, .T. ) ;
#1735 = CARTESIAN_POINT ( 'NONE',  ( 3.050000000000000711, -6.466666666666666785, 5.209999999999999964 ) ) ;
#1736 = EDGE_CURVE ( 'NONE', #1876, #2, #2057, .T. ) ;
#1738 = B_SPLINE_CURVE_WITH_KNOTS ( 'NONE', 3,
 ( #4469, #2322, #3662, #2301 ),
 .UNSPECIFIED., .F., .F.,
 ( 4, 4 ),
 ( 0.0000000000000000000, 1.000000000000000000 ),
 .UNSPECIFIED. ) ;
#1737 = CARTESIAN_POINT ( 'NONE',  ( -5.100000000000000533, -0.5999999999999999778, 1.090000000000000080 ) ) ;
#1739 = CARTESIAN_POINT ( 'NONE',  ( 1.399999999999999911, -10.33999999999999986, 0.4000000000000000222 ) ) ;
#1740 = ORIENTED_EDGE ( 'NONE', *, *, #600, .T. ) ;
#1741 = CARTESIAN_POINT ( 'NONE',  ( -3.050000000000000266, -5.519879999999999676, 4.048880000000000479 ) ) ;
#1742 = CARTESIAN_POINT ( 'NONE',  ( 3.983333333333333393, -0.5999999999999999778, 2.200000000000000178 ) ) ;
#1743 = EDGE_CURVE ( 'NONE', #388, #4617, #2899, .T. ) ;
#1744 = ADVANCED_FACE ( 'NONE', ( #2909 ), #1429, .T. ) ;
#1745 = CARTESIAN_POINT ( 'NONE',  ( -3.850000000000000089, -3.310000000000000053, 4.299999999999999822 ) ) ;
#1746 = EDGE_LOOP ( 'NONE', ( #4616, #2782, #3057, #1664 ) ) ;
#1747 = SURFACE_STYLE_USAGE ( .BOTH. , #397 ) ;
#1748 =( LENGTH_UNIT ( ) NAMED_UNIT ( * ) SI_UNIT ( .MILLI., .METRE. ) );
#1749 = B_SPLINE_CURVE_WITH_KNOTS ( 'NONE', 3,
 ( #3077, #1218, #2276, #3458 ),
 .UNSPECIFIED., .F., .F.,
 ( 4, 4 ),
 ( 0.0000000000000000000, 1.000000000000000000 ),
 .UNSPECIFIED. ) ;
#1750 = CARTESIAN_POINT ( 'NONE',  ( -5.100000000000000533, -3.000000000000000000, 0.0000000000000000000 ) ) ;
#1751 = EDGE_LOOP ( 'NONE', ( #1054, #2349, #2000, #1188, #4631, #2486, #1694, #2754, #691 ) ) ;
#1752 = FACE_OUTER_BOUND ( 'NONE', #1492, .T. ) ;
#1753 = SURFACE_STYLE_FILL_AREA ( #3097 ) ;
#1754 = CARTESIAN_POINT ( 'NONE',  ( 3.850000000000000089, -7.000000000000000000, 6.080000000000000071 ) ) ;
#1755 =( BOUNDED_CURVE ( )  B_SPLINE_CURVE ( 2, ( #1082, #1109, #3589 ),
 .UNSPECIFIED., .F., .F. ) 
 B_SPLINE_CURVE_WITH_KNOTS ( ( 3, 3 ),
 ( 0.0000000000000000000, 1.176705914881390092 ),
 .UNSPECIFIED. ) 
 CURVE ( )  GEOMETRIC_REPRESENTATION_ITEM ( )  RATIONAL_B_SPLINE_CURVE ( ( 1.000000000000000000, 0.8576668491319520138, 1.000000000000000000 ) ) 
 REPRESENTATION_ITEM ( '' )  );
#1756 = EDGE_CURVE ( 'NONE', #643, #1801, #3354, .T. ) ;
#1757 = CARTESIAN_POINT ( 'NONE',  ( 1.399999999999999911, -10.33999999999999986, 0.1000000000000000056 ) ) ;
#1758 = CARTESIAN_POINT ( 'NONE',  ( 1.250000000000000000, -8.520221196276558828, 1.053442945548549892 ) ) ;
#1759 = ORIENTED_EDGE ( 'NONE', *, *, #1985, .F. ) ;
#1760 = ORIENTED_EDGE ( 'NONE', *, *, #2410, .F. ) ;
#1761 = B_SPLINE_CURVE_WITH_KNOTS ( 'NONE', 1,
 ( #4644, #2144 ),
 .UNSPECIFIED., .F., .F.,
 ( 2, 2 ),
 ( 0.0000000000000000000, 1.455302503148159898 ),
 .UNSPECIFIED. ) ;
#1762 = EDGE_CURVE ( 'NONE', #3805, #4130, #1215, .T. ) ;
#1763 = ORIENTED_EDGE ( 'NONE', *, *, #139, .F. ) ;
#1764 = DIRECTION ( 'NONE',  ( 1.000000000000000000, 0.0000000000000000000, 0.0000000000000000000 ) ) ;
#1765 = EDGE_LOOP ( 'NONE', ( #4523, #902, #290, #1500, #351, #695, #2981, #4218, #633, #1060, #1540, #4158, #4540, #2474, #3742, #701 ) ) ;
#1766 = CARTESIAN_POINT ( 'NONE',  ( 3.983333333333333393, -0.08406282870510990712, 2.200000000000000178 ) ) ;
#1767 = CARTESIAN_POINT ( 'NONE',  ( -3.850000000000000089, -0.08406282870510969896, 0.0000000000000000000 ) ) ;
#1768 = CARTESIAN_POINT ( 'NONE',  ( 1.500000000000000000, -9.772871818038218805, 0.5000000000000000000 ) ) ;
#1769 = DIRECTION ( 'NONE',  ( 0.0000000000000000000, 0.0000000000000000000, 1.000000000000000000 ) ) ;
#1770 = DIRECTION ( 'NONE',  ( 0.0000000000000000000, -1.000000000000000000, 0.0000000000000000000 ) ) ;
#1771 = EDGE_CURVE ( 'NONE', #344, #1129, #2440, .T. ) ;
#1772 = VERTEX_POINT ( 'NONE', #2864 ) ;
#1773 = CARTESIAN_POINT ( 'NONE',  ( 1.100000000000000089, -0.7200000000000000844, 3.850000000000000089 ) ) ;
#1774 = ORIENTED_EDGE ( 'NONE', *, *, #2546, .T. ) ;
#1775 = CARTESIAN_POINT ( 'NONE',  ( 1.500000000000000000, -7.946778174262040473, 0.9173180782031339353 ) ) ;
#1776 = CARTESIAN_POINT ( 'NONE',  ( -1.500000000000000000, -4.029042727320587325, 3.950000000000000178 ) ) ;
#1777 = CARTESIAN_POINT ( 'NONE',  ( 3.850000000000000089, -0.08406282870510969896, 0.0000000000000000000 ) ) ;
#1778 = FACE_OUTER_BOUND ( 'NONE', #192, .T. ) ;
#1779 = VERTEX_POINT ( 'NONE', #1092 ) ;
#1780 = AXIS2_PLACEMENT_3D ( 'NONE', #1013, #3521, #1770 ) ;
#1782 = VERTEX_POINT ( 'NONE', #4321 ) ;
#1781 = B_SPLINE_CURVE_WITH_KNOTS ( 'NONE', 1,
 ( #3140, #2757 ),
 .UNSPECIFIED., .F., .F.,
 ( 2, 2 ),
 ( 0.0000000000000000000, 0.5000000000000000000 ),
 .UNSPECIFIED. ) ;
#1783 = CARTESIAN_POINT ( 'NONE',  ( -3.050000000000000711, -3.221820696022937192, 5.087458446164522030 ) ) ;
#1784 = EDGE_CURVE ( 'NONE', #43, #1094, #1381, .T. ) ;
#1785 = ORIENTED_EDGE ( 'NONE', *, *, #2684, .T. ) ;
#1786 = CARTESIAN_POINT ( 'NONE',  ( -1.000000000000000000, -2.658085454641173406, 3.449999999999999734 ) ) ;
#1787 = DIRECTION ( 'NONE',  ( 0.0000000000000000000, 0.0000000000000000000, 1.000000000000000000 ) ) ;
#1788 = COLOUR_RGB ( '',0.8980392156862745390, 0.8980392156862745390, 0.8980392156862745390 ) ;
#1789 = CARTESIAN_POINT ( 'NONE',  ( 14.15012000000000114, 0.7801200000000000356, 0.0000000000000000000 ) ) ;
#1790 = EDGE_CURVE ( 'NONE', #2366, #3574, #4589, .T. ) ;
#1791 = B_SPLINE_CURVE_WITH_KNOTS ( 'NONE', 3,
 ( #3357, #4438, #1211, #2641 ),
 .UNSPECIFIED., .F., .F.,
 ( 4, 4 ),
 ( 0.0000000000000000000, 1.000000000000000000 ),
 .UNSPECIFIED. ) ;
#1792 = AXIS2_PLACEMENT_3D ( 'NONE', #1688, #3056, #1271 ) ;
#1793 = AXIS2_PLACEMENT_3D ( 'NONE', #4572, #3086, #1347 ) ;
#1794 = CARTESIAN_POINT ( 'NONE',  ( -4.049999999999999822, -0.4280209429017040601, 2.200000000000000178 ) ) ;
#1795 = PLANE ( 'NONE',  #2844 ) ;
#1796 = ORIENTED_EDGE ( 'NONE', *, *, #2822, .T. ) ;
#1797 = FACE_OUTER_BOUND ( 'NONE', #1817, .T. ) ;
#1798 = B_SPLINE_CURVE_WITH_KNOTS ( 'NONE', 3,
 ( #1999, #3465, #2050, #601 ),
 .UNSPECIFIED., .F., .F.,
 ( 4, 4 ),
 ( 0.0000000000000000000, 1.000000000000000000 ),
 .UNSPECIFIED. ) ;
#1799 = ORIENTED_EDGE ( 'NONE', *, *, #3786, .T. ) ;
#1800 = CARTESIAN_POINT ( 'NONE',  ( 1.000000000000000000, -9.772871818038218805, 0.0000000000000000000 ) ) ;
#1801 = VERTEX_POINT ( 'NONE', #1807 ) ;
#1802 = ADVANCED_FACE ( 'NONE', ( #2813 ), #1048, .T. ) ;
#1803 = CARTESIAN_POINT ( 'NONE',  ( 1.550000000000000266, -7.188756099795293508, 0.0000000000000000000 ) ) ;
#1804 = CARTESIAN_POINT ( 'NONE',  ( -1.000000000000000000, -5.400000000000000355, 3.950000000000000178 ) ) ;
#1805 = CARTESIAN_POINT ( 'NONE',  ( -5.100000000000000533, -4.533333333333333215, 0.0000000000000000000 ) ) ;
#1806 = B_SPLINE_CURVE_WITH_KNOTS ( 'NONE', 3,
 ( #3266, #4039, #3309, #2503 ),
 .UNSPECIFIED., .F., .F.,
 ( 4, 4 ),
 ( 0.0000000000000000000, 1.000000000000000000 ),
 .UNSPECIFIED. ) ;
#1807 = CARTESIAN_POINT ( 'NONE',  ( -1.000000000000000000, -1.287128181961759932, 3.449999999999999734 ) ) ;
#1808 = CARTESIAN_POINT ( 'NONE',  ( 1.850000000000000089, -2.777939915136560055E-15, 5.500000000000000888 ) ) ;
#1809 = EDGE_LOOP ( 'NONE', ( #2761, #3893, #2809, #539 ) ) ;
#1810 = ADVANCED_FACE ( 'NONE', ( #3973 ), #3873, .T. ) ;
#1811 = ORIENTED_EDGE ( 'NONE', *, *, #1128, .F. ) ;
#1812 = CARTESIAN_POINT ( 'NONE',  ( -3.850000000000000089, -0.08406282870511080918, 1.466666666666666563 ) ) ;
#1813 = ORIENTED_EDGE ( 'NONE', *, *, #393, .T. ) ;
#1814 = EDGE_CURVE ( 'NONE', #381, #3386, #1964, .T. ) ;
#1815 = FACE_OUTER_BOUND ( 'NONE', #1765, .T. ) ;
#1816 = CARTESIAN_POINT ( 'NONE',  ( -1.100000000000000089, -10.33999999999999986, 0.4000000000000000222 ) ) ;
#1817 = EDGE_LOOP ( 'NONE', ( #4238, #2035, #2146, #1948 ) ) ;
#1818 = CARTESIAN_POINT ( 'NONE',  ( -3.050000000000000266, -6.200000000000000178, 4.700000000000000178 ) ) ;
#1819 = EDGE_CURVE ( 'NONE', #781, #2680, #3523, .T. ) ;
#1820 = CARTESIAN_POINT ( 'NONE',  ( 1.784171260535507342, -0.3733333333333332948, 5.209999999999999964 ) ) ;
#1821 = CARTESIAN_POINT ( 'NONE',  ( -3.049999999999999822, -7.266666666666666607, 4.316666666666668206 ) ) ;
#1822 = CARTESIAN_POINT ( 'NONE',  ( 1.550000000000000044, -7.000000000000000000, 0.0000000000000000000 ) ) ;
#1823 =( NAMED_UNIT ( * ) PLANE_ANGLE_UNIT ( ) SI_UNIT ( $, .RADIAN. ) );
#1824 = B_SPLINE_CURVE_WITH_KNOTS ( 'NONE', 3,
 ( #669, #983, #1291, #2723 ),
 .UNSPECIFIED., .F., .F.,
 ( 4, 4 ),
 ( 0.0000000000000000000, 1.000000000000000000 ),
 .UNSPECIFIED. ) ;
#1825 = VERTEX_POINT ( 'NONE', #1830 ) ;
#1826 = PLANE ( 'NONE',  #1482 ) ;
#1827 = FACE_OUTER_BOUND ( 'NONE', #2404, .T. ) ;
#1828 = SURFACE_SIDE_STYLE ('',( #36 ) ) ;
#1829 = CARTESIAN_POINT ( 'NONE',  ( -2.030119999999999703, -0.7200000000000000844, 2.919880000000000031 ) ) ;
#1830 = CARTESIAN_POINT ( 'NONE',  ( 3.850000000000000089, 3.622850476404775104E-15, 5.209999999999999964 ) ) ;
#1831 = CARTESIAN_POINT ( 'NONE',  ( 3.849999999999999645, -0.5999999999999999778, 2.633333333333333304 ) ) ;
#1832 = ORIENTED_EDGE ( 'NONE', *, *, #1556, .T. ) ;
#1833 = ORIENTED_EDGE ( 'NONE', *, *, #1064, .F. ) ;
#1834 = CARTESIAN_POINT ( 'NONE',  ( -1.515766438578339148, -3.351912183942260537, 6.079999999999999183 ) ) ;
#1835 = B_SPLINE_CURVE_WITH_KNOTS ( 'NONE', 3,
 ( #650, #22, #1079, #3257 ),
 .UNSPECIFIED., .F., .F.,
 ( 4, 4 ),
 ( 0.0000000000000000000, 1.000000000000000000 ),
 .UNSPECIFIED. ) ;
#1836 = ORIENTED_EDGE ( 'NONE', *, *, #1420, .T. ) ;
#1837 = CARTESIAN_POINT ( 'NONE',  ( 11.69012000000000029, -6.039880000000000138, 1.090000000000000080 ) ) ;
#1838 = CARTESIAN_POINT ( 'NONE',  ( 1.099999999999998090, -0.7199999999999975309, 3.649999999999999467 ) ) ;
#1839 = CARTESIAN_POINT ( 'NONE',  ( -4.049999999999999822, -0.08406282870510990712, 1.440000000000000391 ) ) ;
#1840 = CARTESIAN_POINT ( 'NONE',  ( 5.100000000000000533, -3.766666666666666607, 0.0000000000000000000 ) ) ;
#1841 = FACE_OUTER_BOUND ( 'NONE', #764, .T. ) ;
#1842 = CARTESIAN_POINT ( 'NONE',  ( -3.850000000000000089, 3.693950829973889345E-15, 4.299999999999999822 ) ) ;
#1843 = EDGE_CURVE ( 'NONE', #3367, #781, #3694, .T. ) ;
#1844 = ORIENTED_EDGE ( 'NONE', *, *, #3247, .T. ) ;
#1845 = UNCERTAINTY_MEASURE_WITH_UNIT (LENGTH_MEASURE( 1.000000000000000082E-05 ), #63, 'distance_accuracy_value', 'NONE');
#1846 = CARTESIAN_POINT ( 'NONE',  ( 3.050000000000000266, -7.000000000000000000, 4.700000000000000178 ) ) ;
#1847 = ORIENTED_EDGE ( 'NONE', *, *, #2284, .F. ) ;
#1848 = DIRECTION ( 'NONE',  ( 0.0000000000000000000, -1.000000000000000000, 0.0000000000000000000 ) ) ;
#1849 = DIRECTION ( 'NONE',  ( -0.9848077530122080203, -0.1736481776669309973, 2.733390605558789332E-17 ) ) ;
#1850 = FACE_OUTER_BOUND ( 'NONE', #2530, .T. ) ;
#1851 = B_SPLINE_CURVE_WITH_KNOTS ( 'NONE', 3,
 ( #2169, #3613, #392, #3633 ),
 .UNSPECIFIED., .F., .F.,
 ( 4, 4 ),
 ( 0.0000000000000000000, 1.000000000000000000 ),
 .UNSPECIFIED. ) ;
#1852 = EDGE_CURVE ( 'NONE', #4646, #1874, #447, .T. ) ;
#1853 = B_SPLINE_CURVE_WITH_KNOTS ( 'NONE', 3,
 ( #3795, #4173, #3398, #629 ),
 .UNSPECIFIED., .F., .F.,
 ( 4, 4 ),
 ( 0.0000000000000000000, 1.000000000000000000 ),
 .UNSPECIFIED. ) ;
#1854 = FACE_OUTER_BOUND ( 'NONE', #3708, .T. ) ;
#1855 = ORIENTED_EDGE ( 'NONE', *, *, #571, .T. ) ;
#1856 = CARTESIAN_POINT ( 'NONE',  ( -1.675378523994854429, -7.722089433128628500, 0.0000000000000000000 ) ) ;
#1857 =( NAMED_UNIT ( * ) PLANE_ANGLE_UNIT ( ) SI_UNIT ( $, .RADIAN. ) );
#1858 = AXIS2_PLACEMENT_3D ( 'NONE', #1940, #3645, #2201 ) ;
#1859 = B_SPLINE_CURVE_WITH_KNOTS ( 'NONE', 1,
 ( #1485, #375 ),
 .UNSPECIFIED., .F., .F.,
 ( 2, 2 ),
 ( 0.0000000000000000000, 1.039964272304189974 ),
 .UNSPECIFIED. ) ;
#1860 = EDGE_LOOP ( 'NONE', ( #3121, #1799, #2770, #306 ) ) ;
#1861 = DIRECTION ( 'NONE',  ( 0.0000000000000000000, 1.000000000000000000, 0.0000000000000000000 ) ) ;
#1862 = CARTESIAN_POINT ( 'NONE',  ( 5.100000000000000533, -2.200000000000000178, 1.090000000000000080 ) ) ;
#1863 = EDGE_CURVE ( 'NONE', #3102, #1876, #4527, .T. ) ;
#1864 = CARTESIAN_POINT ( 'NONE',  ( -3.050000000000000266, -5.400000000000000355, 1.090000000000000080 ) ) ;
#1865 = STYLED_ITEM ( 'NONE', ( #3952 ), #2585 ) ;
#1866 = STYLED_ITEM ( 'NONE', ( #1660 ), #617 ) ;
#1867 = CARTESIAN_POINT ( 'NONE',  ( 1.850000000000000089, 3.803550838485689881E-15, 5.209999999999999964 ) ) ;
#1868 = AXIS2_PLACEMENT_3D ( 'NONE', #3448, #237, #3210 ) ;
#1869 = CARTESIAN_POINT ( 'NONE',  ( -3.050000000000000266, -6.200000000000000178, 5.209999999999999964 ) ) ;
#1870 = EDGE_LOOP ( 'NONE', ( #2550, #3116, #1443, #3341 ) ) ;
#1871 = CARTESIAN_POINT ( 'NONE',  ( -3.850000000000000089, -3.006493971390750808, -0.02666666666666666491 ) ) ;
#1872 = CARTESIAN_POINT ( 'NONE',  ( 3.050000000000000266, -1.800000000000000044, 1.089999999999999858 ) ) ;
#1873 = AXIS2_PLACEMENT_3D ( 'NONE', #3945, #3196, #711 ) ;
#1874 = VERTEX_POINT ( 'NONE', #4635 ) ;
#1875 = DIRECTION ( 'NONE',  ( 0.0000000000000000000, 0.0000000000000000000, 1.000000000000000000 ) ) ;
#1876 = VERTEX_POINT ( 'NONE', #1777 ) ;
#1877 = COLOUR_RGB ( '',0.8980392156862745390, 0.8980392156862745390, 0.8980392156862745390 ) ;
#1878 = PLANE ( 'NONE',  #1858 ) ;
#1879 = CARTESIAN_POINT ( 'NONE',  ( -1.000000000000000000, -9.772871818038209923, 0.5000000000000000000 ) ) ;
#1880 = CARTESIAN_POINT ( 'NONE',  ( -3.850000000000000089, 3.693950829973889345E-15, 4.299999999999999822 ) ) ;
#1881 = ORIENTED_EDGE ( 'NONE', *, *, #3749, .F. ) ;
#1882 = EDGE_CURVE ( 'NONE', #4592, #2980, #4247, .T. ) ;
#1883 = EDGE_LOOP ( 'NONE', ( #3109, #867, #1763, #2156 ) ) ;
#1884 = VERTEX_POINT ( 'NONE', #4440 ) ;
#1885 = CARTESIAN_POINT ( 'NONE',  ( 1.000000000000000000, -8.317569314890061349, 0.5000000000000000000 ) ) ;
#1886 = CARTESIAN_POINT ( 'NONE',  ( 0.3500000000000044742, 1.965225821582489834E-15, 5.209999999999999964 ) ) ;
#1887 = B_SPLINE_CURVE_WITH_KNOTS ( 'NONE', 3,
 ( #3672, #2574, #4418, #1120 ),
 .UNSPECIFIED., .F., .F.,
 ( 4, 4 ),
 ( 0.0000000000000000000, 1.000000000000000000 ),
 .UNSPECIFIED. ) ;
#1888 = CARTESIAN_POINT ( 'NONE',  ( 1.850000000000000089, -2.777939915136560055E-15, 5.209999999999999964 ) ) ;
#1889 = CARTESIAN_POINT ( 'NONE',  ( -1.550000000000000044, -7.000000000000000000, 1.090000000000000080 ) ) ;
#1890 = CARTESIAN_POINT ( 'NONE',  ( -4.049999999999999822, -0.5999999999999999778, 2.200000000000000178 ) ) ;
#1891 = FILL_AREA_STYLE ('',( #1040 ) ) ;
#1892 = FILL_AREA_STYLE ('',( #3688 ) ) ;
#1893 = EDGE_CURVE ( 'NONE', #3367, #3574, #272, .T. ) ;
#1894 = EDGE_CURVE ( 'NONE', #911, #1968, #4020, .T. ) ;
#1895 = B_SPLINE_CURVE_WITH_KNOTS ( 'NONE', 3,
 ( #672, #2100, #3181, #4623 ),
 .UNSPECIFIED., .F., .F.,
 ( 4, 4 ),
 ( 0.0000000000000000000, 1.000000000000000000 ),
 .UNSPECIFIED. ) ;
#1896 = ORIENTED_EDGE ( 'NONE', *, *, #1290, .T. ) ;
#1897 = UNCERTAINTY_MEASURE_WITH_UNIT (LENGTH_MEASURE( 1.000000000000000082E-05 ), #1312, 'distance_accuracy_value', 'NONE');
#1898 = CARTESIAN_POINT ( 'NONE',  ( 3.049999999999999822, -3.310000000000000053, 4.483333333333333393 ) ) ;
#1899 = SURFACE_STYLE_USAGE ( .BOTH. , #1828 ) ;
#1900 = PLANE ( 'NONE',  #3972 ) ;
#1901 = CARTESIAN_POINT ( 'NONE',  ( -3.050000000000000266, 1.091865616008679887E-15, 1.090000000000000080 ) ) ;
#1902 = ORIENTED_EDGE ( 'NONE', *, *, #2672, .F. ) ;
#1903 = VERTEX_POINT ( 'NONE', #1538 ) ;
#1904 = CARTESIAN_POINT ( 'NONE',  ( -1.016666666666660612, -7.000000000000000000, 4.700000000000000178 ) ) ;
#1905 = B_SPLINE_CURVE_WITH_KNOTS ( 'NONE', 3,
 ( #1067, #1776, #11, #727 ),
 .UNSPECIFIED., .F., .F.,
 ( 4, 4 ),
 ( 0.0000000000000000000, 1.000000000000000000 ),
 .UNSPECIFIED. ) ;
#1906 = EDGE_CURVE ( 'NONE', #1782, #2058, #1091, .T. ) ;
#1907 = VERTEX_POINT ( 'NONE', #2619 ) ;
#1908 = CARTESIAN_POINT ( 'NONE',  ( 1.751256890803263300, -0.5600000000000079359, 5.789999999999999147 ) ) ;
#1909 = CARTESIAN_POINT ( 'NONE',  ( 1.000000000000000000, -7.000000000000000000, 3.780859118568930199 ) ) ;
#1910 = FILL_AREA_STYLE ('',( #832 ) ) ;
#1911 = DIRECTION ( 'NONE',  ( 0.0000000000000000000, -1.000000000000000000, 0.0000000000000000000 ) ) ;
#1912 = VERTEX_POINT ( 'NONE', #3291 ) ;
#1913 = CARTESIAN_POINT ( 'NONE',  ( 1.000000000000000000, -5.400000000000000355, 3.950000000000000178 ) ) ;
#1914 = CARTESIAN_POINT ( 'NONE',  ( -3.050000000000000266, -3.310000000000000053, 4.850000000000000533 ) ) ;
#1915 = ORIENTED_EDGE ( 'NONE', *, *, #1790, .F. ) ;
#1916 = CARTESIAN_POINT ( 'NONE',  ( -3.229880000000000084, -3.006493971390749920, 0.6081199999999999939 ) ) ;
#1917 = FACE_OUTER_BOUND ( 'NONE', #4291, .T. ) ;
#1918 = EDGE_CURVE ( 'NONE', #720, #3102, #2953, .T. ) ;
#1919 = CARTESIAN_POINT ( 'NONE',  ( -3.050000000000000266, 1.091865616008679887E-15, 1.090000000000000080 ) ) ;
#1920 = DIRECTION ( 'NONE',  ( -1.000000000000000000, 0.0000000000000000000, -9.353906582485561084E-16 ) ) ;
#1921 = ORIENTED_EDGE ( 'NONE', *, *, #210, .T. ) ;
#1922 = CARTESIAN_POINT ( 'NONE',  ( 4.266666666666665719, -5.300000000000002487, 2.850000000000000089 ) ) ;
#1923 = CARTESIAN_POINT ( 'NONE',  ( -1.000000000000000000, -8.317569314890061349, 0.5000000000000000000 ) ) ;
#1924 = CARTESIAN_POINT ( 'NONE',  ( 3.050000000000000266, -7.799999999999999822, 1.090000000000000080 ) ) ;
#1925 = ORIENTED_EDGE ( 'NONE', *, *, #9, .F. ) ;
#1926 = CARTESIAN_POINT ( 'NONE',  ( 4.049999999999999822, -3.000000000000000888, 0.7266666666666666829 ) ) ;
#1927 = B_SPLINE_CURVE_WITH_KNOTS ( 'NONE', 3,
 ( #3149, #1335, #2693, #3780 ),
 .UNSPECIFIED., .F., .F.,
 ( 4, 4 ),
 ( 0.0000000000000000000, 1.000000000000000000 ),
 .UNSPECIFIED. ) ;
#1928 = EDGE_CURVE ( 'NONE', #1801, #344, #1035, .T. ) ;
#1929 = MECHANICAL_DESIGN_GEOMETRIC_PRESENTATION_REPRESENTATION (  '', ( #3594 ), #3670 ) ;
#1930 = CARTESIAN_POINT ( 'NONE',  ( -3.850000000000000089, -0.08406282870510969896, 0.0000000000000000000 ) ) ;
#1931 = CARTESIAN_POINT ( 'NONE',  ( 3.050000000000000266, -6.200000000000000178, 5.209999999999999964 ) ) ;
#1932 = ORIENTED_EDGE ( 'NONE', *, *, #3067, .F. ) ;
#1933 = ADVANCED_FACE ( 'NONE', ( #1195 ), #4396, .T. ) ;
#1934 = MECHANICAL_DESIGN_GEOMETRIC_PRESENTATION_REPRESENTATION (  '', ( #2524 ), #2673 ) ;
#1935 = CARTESIAN_POINT ( 'NONE',  ( 3.850000000000000089, -2.949999999999999734, 5.209999999999999964 ) ) ;
#1936 = PRODUCT ( 'F8D23774-0E6B-4E15-8B52-96B14E7C9DB7', 'F8D23774-0E6B-4E15-8B52-96B14E7C9DB7', '', ( #3447 ) ) ;
#1937 = FACE_OUTER_BOUND ( 'NONE', #4328, .T. ) ;
#1938 = ORIENTED_EDGE ( 'NONE', *, *, #4010, .F. ) ;
#1939 = EDGE_LOOP ( 'NONE', ( #3028, #1029, #713, #3145 ) ) ;
#1940 = CARTESIAN_POINT ( 'NONE',  ( -3.050000000000000266, -6.039880000000000138, 0.7528799999999999937 ) ) ;
#1941 = CARTESIAN_POINT ( 'NONE',  ( 1.500000000000000000, -1.287128181961769924, 3.449999999999999734 ) ) ;
#1942 = AXIS2_PLACEMENT_3D ( 'NONE', #4329, #1100, #1787 ) ;
#1943 = B_SPLINE_CURVE_WITH_KNOTS ( 'NONE', 3,
 ( #823, #2595, #2253, #2643 ),
 .UNSPECIFIED., .F., .F.,
 ( 4, 4 ),
 ( 0.0000000000000000000, 1.000000000000000000 ),
 .UNSPECIFIED. ) ;
#1944 = EDGE_CURVE ( 'NONE', #1907, #2, #1943, .T. ) ;
#1945 = CARTESIAN_POINT ( 'NONE',  ( -1.100000000000000089, -10.33999999999999986, 0.4000000000000000222 ) ) ;
#1946 = CARTESIAN_POINT ( 'NONE',  ( 3.050000000000000266, -6.200000000000000178, 2.700000000000000178 ) ) ;
#1947 = ORIENTED_EDGE ( 'NONE', *, *, #1711, .F. ) ;
#1948 = ORIENTED_EDGE ( 'NONE', *, *, #3320, .T. ) ;
#1949 = DIRECTION ( 'NONE',  ( 1.000000000000000000, 0.0000000000000000000, 0.0000000000000000000 ) ) ;
#1950 = ADVANCED_FACE ( 'NONE', ( #428 ), #3710, .T. ) ;
#1951 = B_SPLINE_CURVE_WITH_KNOTS ( 'NONE', 3,
 ( #2334, #3118, #2708, #3796 ),
 .UNSPECIFIED., .F., .F.,
 ( 4, 4 ),
 ( 0.0000000000000000000, 1.000000000000000000 ),
 .UNSPECIFIED. ) ;
#1952 = DIRECTION ( 'NONE',  ( 0.0000000000000000000, 0.0000000000000000000, 1.000000000000000000 ) ) ;
#1953 = ORIENTED_EDGE ( 'NONE', *, *, #2489, .F. ) ;
#1954 = CARTESIAN_POINT ( 'NONE',  ( 1.000000000000000000, -1.287128181961769924, 3.449999999999999734 ) ) ;
#1955 = DIRECTION ( 'NONE',  ( 0.9848077530122080203, -0.1736481776669309973, 0.0000000000000000000 ) ) ;
#1956 =( NAMED_UNIT ( * ) SI_UNIT ( $, .STERADIAN. ) SOLID_ANGLE_UNIT ( ) );
#1957 = CARTESIAN_POINT ( 'NONE',  ( -3.049999999999999822, -2.206666666666666554, 4.299999999999999822 ) ) ;
#1958 = ORIENTED_EDGE ( 'NONE', *, *, #3825, .F. ) ;
#1959 = DIRECTION ( 'NONE',  ( -0.9848077530122072432, -0.1736481776669350774, 0.0000000000000000000 ) ) ;
#1960 = CARTESIAN_POINT ( 'NONE',  ( -4.049999999999999822, -3.003517567836660351, 0.0000000000000000000 ) ) ;
#1961 = EDGE_CURVE ( 'NONE', #1267, #4323, #1264, .T. ) ;
#1962 = ORIENTED_EDGE ( 'NONE', *, *, #4030, .T. ) ;
#1963 = ORIENTED_EDGE ( 'NONE', *, *, #433, .F. ) ;
#1964 =( BOUNDED_CURVE ( )  B_SPLINE_CURVE ( 2, ( #662, #1022, #408 ),
 .UNSPECIFIED., .F., .F. ) 
 B_SPLINE_CURVE_WITH_KNOTS ( ( 3, 3 ),
 ( -0.5815545707747930004, 0.0000000000000000000 ),
 .UNSPECIFIED. ) 
 CURVE ( )  GEOMETRIC_REPRESENTATION_ITEM ( )  RATIONAL_B_SPLINE_CURVE ( ( 1.000000000000000000, 0.8807453196100240023, 1.000000000000000000 ) ) 
 REPRESENTATION_ITEM ( '' )  );
#1965 = CARTESIAN_POINT ( 'NONE',  ( -1.100000000000000089, -0.7200000000000000844, 3.550000000000000266 ) ) ;
#1966 = DIRECTION ( 'NONE',  ( 0.0000000000000000000, 1.000000000000000000, 0.0000000000000000000 ) ) ;
#1967 = FACE_OUTER_BOUND ( 'NONE', #3191, .T. ) ;
#1968 = VERTEX_POINT ( 'NONE', #1919 ) ;
#1969 = CARTESIAN_POINT ( 'NONE',  ( -1.550000000000000044, -7.000000000000000000, 0.0000000000000000000 ) ) ;
#1970 = CARTESIAN_POINT ( 'NONE',  ( -1.283333333333333881, 0.0000000000000000000, 0.0000000000000000000 ) ) ;
#1971 = FILL_AREA_STYLE ('',( #4224 ) ) ;
#1972 = CARTESIAN_POINT ( 'NONE',  ( -3.850000000000000089, -0.5999999999999999778, 2.850000000000000089 ) ) ;
#1973 = CARTESIAN_POINT ( 'NONE',  ( 0.3500000000000013656, -3.066666666666666874, 5.209999999999999964 ) ) ;
#1974 = B_SPLINE_CURVE_WITH_KNOTS ( 'NONE', 3,
 ( #4441, #216, #2644, #1214 ),
 .UNSPECIFIED., .F., .F.,
 ( 4, 4 ),
 ( 0.0000000000000000000, 1.000000000000000000 ),
 .UNSPECIFIED. ) ;
#1975 = CARTESIAN_POINT ( 'NONE',  ( 5.100000000000000533, -5.299999999999999822, 0.9499999999999999556 ) ) ;
#1976 = ADVANCED_FACE ( 'NONE', ( #1854 ), #494, .T. ) ;
#1977 = CARTESIAN_POINT ( 'NONE',  ( -3.850000000000000089, -0.08406282870510990712, -0.08000000000000000167 ) ) ;
#1978 = CARTESIAN_POINT ( 'NONE',  ( 1.500000000000000000, -7.946778174262040473, 0.9173180782031339353 ) ) ;
#1979 = VERTEX_POINT ( 'NONE', #3729 ) ;
#1980 = CARTESIAN_POINT ( 'NONE',  ( 3.583333333333333481, 3.275596848026040055E-15, 4.299999999999999822 ) ) ;
#1981 = CARTESIAN_POINT ( 'NONE',  ( 1.550000000000000044, -7.566268299385879637, 1.090000000000000080 ) ) ;
#1982 = EDGE_LOOP ( 'NONE', ( #1993, #367, #1366, #3114 ) ) ;
#1983 = CARTESIAN_POINT ( 'NONE',  ( 0.8700000000000001066, -4.599999999999999645, 5.790000000000000036 ) ) ;
#1984 = CARTESIAN_POINT ( 'NONE',  ( 1.500000000000000000, -7.000000000000000000, 2.740894846264729789 ) ) ;
#1985 = EDGE_CURVE ( 'NONE', #1248, #4142, #1887, .T. ) ;
#1986 = CARTESIAN_POINT ( 'NONE',  ( -1.500000000000000000, -7.000000000000000000, 2.740894846264729789 ) ) ;
#1987 = ORIENTED_EDGE ( 'NONE', *, *, #3698, .T. ) ;
#1988 = CARTESIAN_POINT ( 'NONE',  ( -1.500000000000000000, -5.400000000000000355, 3.950000000000000178 ) ) ;
#1989 = CARTESIAN_POINT ( 'NONE',  ( 1.526754564591509933, -7.799999999999999822, -0.4031199999999999783 ) ) ;
#1990 = CARTESIAN_POINT ( 'NONE',  ( -2.612689261997426904, -7.799999999999999822, 1.089999999999999858 ) ) ;
#1991 = EDGE_CURVE ( 'NONE', #138, #1072, #3787, .T. ) ;
#1992 = CARTESIAN_POINT ( 'NONE',  ( -3.850000000000000089, -0.5999999999999999778, 2.850000000000000089 ) ) ;
#1993 = ORIENTED_EDGE ( 'NONE', *, *, #693, .F. ) ;
#1994 = ORIENTED_EDGE ( 'NONE', *, *, #3917, .F. ) ;
#1995 = CARTESIAN_POINT ( 'NONE',  ( -3.850000000000000089, -0.08406282870510990712, -0.08000000000000000167 ) ) ;
#1996 = B_SPLINE_CURVE_WITH_KNOTS ( 'NONE', 3,
 ( #437, #1838, #4381, #2898 ),
 .UNSPECIFIED., .F., .F.,
 ( 4, 4 ),
 ( 0.0000000000000000000, 1.000000000000000000 ),
 .UNSPECIFIED. ) ;
#1997 = EDGE_CURVE ( 'NONE', #781, #2780, #4640, .T. ) ;
#1998 = CARTESIAN_POINT ( 'NONE',  ( 0.9499999999999999556, -7.566268299385879637, 0.0000000000000000000 ) ) ;
#1999 = CARTESIAN_POINT ( 'NONE',  ( -3.050000000000000266, -7.000000000000000000, 2.700000000000000178 ) ) ;
#2000 = ORIENTED_EDGE ( 'NONE', *, *, #4050, .F. ) ;
#2001 = CARTESIAN_POINT ( 'NONE',  ( -3.850000000000000533, -3.159377906644426748, 5.144788055514196046 ) ) ;
#2002 = CARTESIAN_POINT ( 'NONE',  ( -1.250000000000000000, -8.520221196276558828, 1.053442945548549892 ) ) ;
#2003 = EDGE_CURVE ( 'NONE', #234, #2658, #2324, .T. ) ;
#2004 = AXIS2_PLACEMENT_3D ( 'NONE', #1789, #3567, #1438 ) ;
#2005 = VERTEX_POINT ( 'NONE', #3379 ) ;
#2006 = CARTESIAN_POINT ( 'NONE',  ( 0.8700000000000001066, -4.599999999999999645, 5.500000000000000888 ) ) ;
#2007 = CARTESIAN_POINT ( 'NONE',  ( -0.8699999999999999956, -4.599999999999999645, 5.209999999999999964 ) ) ;
#2008 = COLOUR_RGB ( '',0.8980392156862745390, 0.8980392156862745390, 0.8980392156862745390 ) ;
#2009 = EDGE_CURVE ( 'NONE', #2051, #3845, #870, .T. ) ;
#2010 = CARTESIAN_POINT ( 'NONE',  ( 3.850000000000000089, -5.299999999999999822, 1.900000000000000133 ) ) ;
#2011 = CARTESIAN_POINT ( 'NONE',  ( 3.850000000000000089, -7.799999999999999822, 0.0000000000000000000 ) ) ;
#2012 = ORIENTED_EDGE ( 'NONE', *, *, #838, .F. ) ;
#2013 = STYLED_ITEM ( 'NONE', ( #2910 ), #3400 ) ;
#2014 = PLANE ( 'NONE',  #2158 ) ;
#2015 = PLANE ( 'NONE',  #3146 ) ;
#2016 = CARTESIAN_POINT ( 'NONE',  ( 4.049999999999999822, -2.200000000000000178, 1.090000000000000080 ) ) ;
#2017 = FACE_OUTER_BOUND ( 'NONE', #947, .T. ) ;
#2018 = AXIS2_PLACEMENT_3D ( 'NONE', #757, #4645, #3565 ) ;
#2019 = AXIS2_PLACEMENT_3D ( 'NONE', #2493, #1391, #4598 ) ;
#2020 = EDGE_CURVE ( 'NONE', #2391, #4637, #3240, .T. ) ;
#2021 = CARTESIAN_POINT ( 'NONE',  ( 1.500000000000000000, -7.946778174262040473, 0.9173180782031339353 ) ) ;
#2022 = ORIENTED_EDGE ( 'NONE', *, *, #1064, .T. ) ;
#2023 = ORIENTED_EDGE ( 'NONE', *, *, #2489, .T. ) ;
#2024 = B_SPLINE_CURVE_WITH_KNOTS ( 'NONE', 3,
 ( #4498, #1365, #4231, #3857 ),
 .UNSPECIFIED., .F., .F.,
 ( 4, 4 ),
 ( 0.0000000000000000000, 1.000000000000000000 ),
 .UNSPECIFIED. ) ;
#2025 = EDGE_CURVE ( 'NONE', #4177, #771, #4465, .T. ) ;
#2027 = B_SPLINE_CURVE_WITH_KNOTS ( 'NONE', 3,
 ( #1117, #1803, #53, #3868 ),
 .UNSPECIFIED., .F., .F.,
 ( 4, 4 ),
 ( 0.0000000000000000000, 1.000000000000000000 ),
 .UNSPECIFIED. ) ;
#2026 = CARTESIAN_POINT ( 'NONE',  ( 3.850000000000000089, -5.299999999999999822, 0.0000000000000000000 ) ) ;
#2028 = ORIENTED_EDGE ( 'NONE', *, *, #4376, .F. ) ;
#2029 = CARTESIAN_POINT ( 'NONE',  ( 1.500000000000000000, -1.287128181961759932, 3.950000000000000178 ) ) ;
#2030 = B_SPLINE_CURVE_WITH_KNOTS ( 'NONE', 3,
 ( #2711, #3776, #842, #149 ),
 .UNSPECIFIED., .F., .F.,
 ( 4, 4 ),
 ( 0.0000000000000000000, 1.000000000000000000 ),
 .UNSPECIFIED. ) ;
#2031 = CARTESIAN_POINT ( 'NONE',  ( 1.500000000000000000, -7.000000000000000000, 2.740894846264729789 ) ) ;
#2032 = ADVANCED_FACE ( 'NONE', ( #4149 ), #1624, .T. ) ;
#2033 = ORIENTED_EDGE ( 'NONE', *, *, #3343, .F. ) ;
#2034 = CARTESIAN_POINT ( 'NONE',  ( 0.9499999999999999556, -7.000000000000000000, 0.0000000000000000000 ) ) ;
#2035 = ORIENTED_EDGE ( 'NONE', *, *, #1680, .T. ) ;
#2036 = CARTESIAN_POINT ( 'NONE',  ( -5.100000000000000533, -5.299999999999999822, 2.850000000000000089 ) ) ;
#2037 = CARTESIAN_POINT ( 'NONE',  ( 4.049999999999999822, -3.000000000000000000, 0.0000000000000000000 ) ) ;
#2038 = FACE_BOUND ( 'NONE', #2630, .T. ) ;
#2039 = ORIENTED_EDGE ( 'NONE', *, *, #1078, .F. ) ;
#2040 = DIRECTION ( 'NONE',  ( 0.0000000000000000000, 0.0000000000000000000, 1.000000000000000000 ) ) ;
#2041 =( LENGTH_UNIT ( ) NAMED_UNIT ( * ) SI_UNIT ( .MILLI., .METRE. ) );
#2042 = CARTESIAN_POINT ( 'NONE',  ( -3.316666666666666430, 3.275596848026040055E-15, 4.299999999999999822 ) ) ;
#2043 =( LENGTH_UNIT ( ) NAMED_UNIT ( * ) SI_UNIT ( .MILLI., .METRE. ) );
#2044 = CARTESIAN_POINT ( 'NONE',  ( -1.000000000000000000, -7.460296961164719853, 0.8018363510626200785 ) ) ;
#2045 = ORIENTED_EDGE ( 'NONE', *, *, #1380, .T. ) ;
#2046 = VERTEX_POINT ( 'NONE', #4602 ) ;
#2047 = B_SPLINE_CURVE_WITH_KNOTS ( 'NONE', 3,
 ( #96, #2495, #4031, #3234 ),
 .UNSPECIFIED., .F., .F.,
 ( 4, 4 ),
 ( 0.0000000000000000000, 1.000000000000000000 ),
 .UNSPECIFIED. ) ;
#2048 = EDGE_CURVE ( 'NONE', #4475, #1876, #1320, .T. ) ;
#2049 = CARTESIAN_POINT ( 'NONE',  ( -1.466666666666667007, -1.098085454641172021, 3.916666666666668295 ) ) ;
#2050 = CARTESIAN_POINT ( 'NONE',  ( -3.049999999999990052, -7.000000000000000000, 3.873333333333333517 ) ) ;
#2051 = VERTEX_POINT ( 'NONE', #677 ) ;
#2052 = CARTESIAN_POINT ( 'NONE',  ( 3.850000000000000089, -0.08406282870510990712, 0.0000000000000000000 ) ) ;
#2053 = SURFACE_SIDE_STYLE ('',( #3545 ) ) ;
#2054 = ORIENTED_EDGE ( 'NONE', *, *, #829, .F. ) ;
#2055 = CARTESIAN_POINT ( 'NONE',  ( 3.850000000000000089, -7.000000000000000000, 4.460000000000000853 ) ) ;
#2056 = CARTESIAN_POINT ( 'NONE',  ( -1.550000000000000044, -7.566268299385890295, 0.7266666666666665719 ) ) ;
#2057 = B_SPLINE_CURVE_WITH_KNOTS ( 'NONE', 3,
 ( #3174, #4300, #1470, #3602 ),
 .UNSPECIFIED., .F., .F.,
 ( 4, 4 ),
 ( 0.0000000000000000000, 1.000000000000000000 ),
 .UNSPECIFIED. ) ;
#2058 = VERTEX_POINT ( 'NONE', #3798 ) ;
#2059 = FACE_OUTER_BOUND ( 'NONE', #376, .T. ) ;
#2060 = ORIENTED_EDGE ( 'NONE', *, *, #3971, .F. ) ;
#2061 = EDGE_CURVE ( 'NONE', #388, #4420, #658, .T. ) ;
#2062 = CARTESIAN_POINT ( 'NONE',  ( 1.000000000000000222, -2.658085454641173406, 3.950000000000000178 ) ) ;
#2063 = CARTESIAN_POINT ( 'NONE',  ( 1.000000000000000000, -9.772871818038218805, 0.5000000000000000000 ) ) ;
#2064 = SURFACE_STYLE_USAGE ( .BOTH. , #3049 ) ;
#2065 = DIRECTION ( 'NONE',  ( 0.0000000000000000000, 0.0000000000000000000, -1.000000000000000000 ) ) ;
#2066 = EDGE_LOOP ( 'NONE', ( #1142, #3888, #3000, #3561 ) ) ;
#2067 = UNCERTAINTY_MEASURE_WITH_UNIT (LENGTH_MEASURE( 1.000000000000000082E-05 ), #2279, 'distance_accuracy_value', 'NONE');
#2069 = ORIENTED_EDGE ( 'NONE', *, *, #4310, .F. ) ;
#2068 = B_SPLINE_CURVE_WITH_KNOTS ( 'NONE', 3,
 ( #603, #1980, #3767, #3839 ),
 .UNSPECIFIED., .F., .F.,
 ( 4, 4 ),
 ( 0.0000000000000000000, 1.000000000000000000 ),
 .UNSPECIFIED. ) ;
#2070 = CARTESIAN_POINT ( 'NONE',  ( 1.500000000000000000, -9.772871818038218805, 0.5000000000000000000 ) ) ;
#2071 = CARTESIAN_POINT ( 'NONE',  ( -5.100000000000000533, -1.399999999999999689, 1.090000000000000080 ) ) ;
#2072 = PLANE ( 'NONE',  #820 ) ;
#2073 = ORIENTED_EDGE ( 'NONE', *, *, #4424, .T. ) ;
#2074 = CARTESIAN_POINT ( 'NONE',  ( 1.499999999999999556, -5.400000000000000355, 3.783333333333333215 ) ) ;
#2075 = B_SPLINE_CURVE_WITH_KNOTS ( 'NONE', 3,
 ( #3537, #3080, #3807, #1995 ),
 .UNSPECIFIED., .F., .F.,
 ( 4, 4 ),
 ( 0.0000000000000000000, 1.000000000000000000 ),
 .UNSPECIFIED. ) ;
#2076 = EDGE_CURVE ( 'NONE', #3168, #2445, #821, .T. ) ;
#2077 = CARTESIAN_POINT ( 'NONE',  ( 1.000000000000000000, -7.946778174262040473, 0.9173180782031339353 ) ) ;
#2078 = VERTEX_POINT ( 'NONE', #3775 ) ;
#2079 = CARTESIAN_POINT ( 'NONE',  ( 4.670119999999999827, -0.08406282870510990712, -0.3081200000000000050 ) ) ;
#2080 = SURFACE_SIDE_STYLE ('',( #3988 ) ) ;
#2081 = B_SPLINE_CURVE_WITH_KNOTS ( 'NONE', 3,
 ( #3934, #97, #2473, #700 ),
 .UNSPECIFIED., .F., .F.,
 ( 4, 4 ),
 ( 0.0000000000000000000, 1.000000000000000000 ),
 .UNSPECIFIED. ) ;
#2082 = ORIENTED_EDGE ( 'NONE', *, *, #1906, .F. ) ;
#2083 = CARTESIAN_POINT ( 'NONE',  ( -3.050000000000000266, -6.200000000000000178, 4.870000000000000107 ) ) ;
#2084 = EDGE_LOOP ( 'NONE', ( #3492, #566, #318, #2151, #4389, #2742, #3208, #4026, #2939, #2729, #657, #3163, #4556, #1651, #2845 ) ) ;
#2085 = CARTESIAN_POINT ( 'NONE',  ( -4.049999999999999822, -0.08406282870510990712, -0.08000000000000000167 ) ) ;
#2086 = PLANE ( 'NONE',  #3740 ) ;
#2087 = PLANE ( 'NONE',  #3735 ) ;
#2088 =( BOUNDED_CURVE ( )  B_SPLINE_CURVE ( 2, ( #427, #2506, #1047 ),
 .UNSPECIFIED., .F., .F. ) 
 B_SPLINE_CURVE_WITH_KNOTS ( ( 3, 3 ),
 ( 0.0000000000000000000, 1.176705914881390092 ),
 .UNSPECIFIED. ) 
 CURVE ( )  GEOMETRIC_REPRESENTATION_ITEM ( )  RATIONAL_B_SPLINE_CURVE ( ( 1.000000000000000000, 0.8576668491319530130, 1.000000000000000000 ) ) 
 REPRESENTATION_ITEM ( '' )  );
#2089 = AXIS2_PLACEMENT_3D ( 'NONE', #1165, #1444, #2932 ) ;
#2090 = CARTESIAN_POINT ( 'NONE',  ( -1.000000000000000000, -1.287128181961759932, 3.950000000000000178 ) ) ;
#2091 = DIRECTION ( 'NONE',  ( 0.0000000000000000000, 0.9729624261946479002, -0.2309634542810279911 ) ) ;
#2092 = ORIENTED_EDGE ( 'NONE', *, *, #517, .T. ) ;
#2093 = ORIENTED_EDGE ( 'NONE', *, *, #1456, .T. ) ;
#2094 = CARTESIAN_POINT ( 'NONE',  ( 4.049999999999999822, -0.08406282870510999039, 0.0000000000000000000 ) ) ;
#2095 = PRESENTATION_LAYER_ASSIGNMENT (  '', '', ( #3822 ) ) ;
#2096 = STYLED_ITEM ( 'NONE', ( #3422 ), #2133 ) ;
#2097 = EDGE_CURVE ( 'NONE', #269, #1772, #1595, .T. ) ;
#2098 = CARTESIAN_POINT ( 'NONE',  ( -4.049999999999999822, -3.000000000000000000, 1.090000000000000080 ) ) ;
#2099 = ORIENTED_EDGE ( 'NONE', *, *, #1168, .T. ) ;
#2100 = CARTESIAN_POINT ( 'NONE',  ( 5.100000000000000533, -3.000000000000000000, 0.7266666666666666829 ) ) ;
#2101 = FILL_AREA_STYLE_COLOUR ( '', #3220 ) ;
#2102 = FILL_AREA_STYLE ('',( #1370 ) ) ;
#2103 = CARTESIAN_POINT ( 'NONE',  ( 11.69012000000000029, -5.519879999999999676, 5.209999999999999964 ) ) ;
#2104 = ORIENTED_EDGE ( 'NONE', *, *, #113, .T. ) ;
#2105 = PLANE ( 'NONE',  #1098 ) ;
#2106 = CARTESIAN_POINT ( 'NONE',  ( 1.000000000000000000, -1.287128181961759932, 3.950000000000000178 ) ) ;
#2107 = B_SPLINE_CURVE_WITH_KNOTS ( 'NONE', 3,
 ( #1714, #1662, #3464, #321 ),
 .UNSPECIFIED., .F., .F.,
 ( 4, 4 ),
 ( 0.0000000000000000000, 1.000000000000000000 ),
 .UNSPECIFIED. ) ;
#2108 = ADVANCED_FACE ( 'NONE', ( #1281 ), #3544, .T. ) ;
#2109 = ORIENTED_EDGE ( 'NONE', *, *, #3579, .F. ) ;
#2110 = CARTESIAN_POINT ( 'NONE',  ( -1.500000000000000000, -7.000000000000000000, 3.780859118568930199 ) ) ;
#2111 = ORIENTED_EDGE ( 'NONE', *, *, #772, .F. ) ;
#2112 = FILL_AREA_STYLE ('',( #2860 ) ) ;
#2113 =( LENGTH_UNIT ( ) NAMED_UNIT ( * ) SI_UNIT ( .MILLI., .METRE. ) );
#2114 = DIRECTION ( 'NONE',  ( 0.0000000000000000000, 0.0000000000000000000, -1.000000000000000000 ) ) ;
#2115 = CARTESIAN_POINT ( 'NONE',  ( -3.850000000000000089, -7.799999999999999822, 0.0000000000000000000 ) ) ;
#2116 = EDGE_LOOP ( 'NONE', ( #3678, #3949, #850, #1011 ) ) ;
#2117 = ORIENTED_EDGE ( 'NONE', *, *, #1863, .T. ) ;
#2118 = CARTESIAN_POINT ( 'NONE',  ( -3.050000000000000711, -3.059882765596519505, 5.193565117423406541 ) ) ;
#2119 = B_SPLINE_CURVE_WITH_KNOTS ( 'NONE', 3,
 ( #1478, #3347, #1177, #3634 ),
 .UNSPECIFIED., .F., .F.,
 ( 4, 4 ),
 ( 0.0000000000000000000, 1.000000000000000000 ),
 .UNSPECIFIED. ) ;
#2120 = ORIENTED_EDGE ( 'NONE', *, *, #222, .T. ) ;
#2121 = ORIENTED_EDGE ( 'NONE', *, *, #2270, .F. ) ;
#2122 = EDGE_CURVE ( 'NONE', #755, #3965, #3112, .T. ) ;
#2123 = FACE_OUTER_BOUND ( 'NONE', #1323, .T. ) ;
#2124 = CARTESIAN_POINT ( 'NONE',  ( -3.850000000000000089, -3.310000000000000497, 4.666666666666666963 ) ) ;
#2125 = PLANE ( 'NONE',  #303 ) ;
#2126 = ORIENTED_EDGE ( 'NONE', *, *, #1991, .T. ) ;
#2127 = FACE_OUTER_BOUND ( 'NONE', #1860, .T. ) ;
#2128 = B_SPLINE_CURVE_WITH_KNOTS ( 'NONE', 3,
 ( #1941, #1230, #4102, #3748 ),
 .UNSPECIFIED., .F., .F.,
 ( 4, 4 ),
 ( 0.0000000000000000000, 1.000000000000000000 ),
 .UNSPECIFIED. ) ;
#2129 = CARTESIAN_POINT ( 'NONE',  ( 3.850000000000000089, -2.949999999999999734, 5.209999999999999964 ) ) ;
#2130 = VERTEX_POINT ( 'NONE', #4458 ) ;
#2131 = CARTESIAN_POINT ( 'NONE',  ( -1.399999999999999467, -0.7199999999999958655, 3.750000000000000000 ) ) ;
#2132 = VERTEX_POINT ( 'NONE', #4478 ) ;
#2133 = ADVANCED_FACE ( 'NONE', ( #2710 ), #1254, .T. ) ;
#2134 = SURFACE_STYLE_FILL_AREA ( #265 ) ;
#2135 = DIRECTION ( 'NONE',  ( 0.0000000000000000000, 0.0000000000000000000, 1.000000000000000000 ) ) ;
#2136 = CARTESIAN_POINT ( 'NONE',  ( 1.500000000000000000, -9.772871818038218805, 0.0000000000000000000 ) ) ;
#2137 = CARTESIAN_POINT ( 'NONE',  ( 4.049999999999999822, -1.058206542933656902, -0.07999999999999998779 ) ) ;
#2138 = ORIENTED_EDGE ( 'NONE', *, *, #3635, .T. ) ;
#2139 = EDGE_CURVE ( 'NONE', #298, #2242, #1147, .T. ) ;
#2140 = EDGE_LOOP ( 'NONE', ( #3024, #151, #1673, #2111 ) ) ;
#2141 = CARTESIAN_POINT ( 'NONE',  ( -3.050000000000000266, -2.949999999999999734, 5.209999999999999964 ) ) ;
#2142 = B_SPLINE_CURVE_WITH_KNOTS ( 'NONE', 3,
 ( #741, #2879, #1458, #1869 ),
 .UNSPECIFIED., .F., .F.,
 ( 4, 4 ),
 ( 0.0000000000000000000, 1.000000000000000000 ),
 .UNSPECIFIED. ) ;
#2143 = ORIENTED_EDGE ( 'NONE', *, *, #1510, .F. ) ;
#2144 = CARTESIAN_POINT ( 'NONE',  ( 1.000000000000000000, -8.317569314890061349, 0.5000000000000000000 ) ) ;
#2145 = FACE_OUTER_BOUND ( 'NONE', #3838, .T. ) ;
#2146 = ORIENTED_EDGE ( 'NONE', *, *, #2159, .T. ) ;
#2147 = CARTESIAN_POINT ( 'NONE',  ( 3.850000000000000089, 0.0000000000000000000, 1.433333333333333348 ) ) ;
#2148 = B_SPLINE_CURVE_WITH_KNOTS ( 'NONE', 3,
 ( #1992, #224, #4516, #1567 ),
 .UNSPECIFIED., .F., .F.,
 ( 4, 4 ),
 ( 0.0000000000000000000, 1.000000000000000000 ),
 .UNSPECIFIED. ) ;
#2149 = EDGE_CURVE ( 'NONE', #4009, #4077, #380, .T. ) ;
#2150 = FACE_OUTER_BOUND ( 'NONE', #505, .T. ) ;
#2151 = ORIENTED_EDGE ( 'NONE', *, *, #2302, .T. ) ;
#2152 = CARTESIAN_POINT ( 'NONE',  ( -1.500000000000000000, -1.287128181961759932, 3.449999999999999734 ) ) ;
#2153 = EDGE_CURVE ( 'NONE', #1329, #241, #3344, .T. ) ;
#2154 = VERTEX_POINT ( 'NONE', #2586 ) ;
#2155 = CARTESIAN_POINT ( 'NONE',  ( 4.049999999999999822, -0.08406282870511010141, 0.0000000000000000000 ) ) ;
#2156 = ORIENTED_EDGE ( 'NONE', *, *, #3579, .T. ) ;
#2157 = CARTESIAN_POINT ( 'NONE',  ( -5.100000000000000533, -3.000000000000000000, 0.0000000000000000000 ) ) ;
#2158 = AXIS2_PLACEMENT_3D ( 'NONE', #948, #2785, #2339 ) ;
#2159 = EDGE_CURVE ( 'NONE', #1682, #4009, #100, .T. ) ;
#2160 = CARTESIAN_POINT ( 'NONE',  ( -3.850000000000000089, -7.000000000000000000, 6.080000000000000071 ) ) ;
#2161 = SURFACE_STYLE_FILL_AREA ( #429 ) ;
#2162 = ORIENTED_EDGE ( 'NONE', *, *, #2672, .T. ) ;
#2163 = EDGE_LOOP ( 'NONE', ( #2669, #4564, #2954, #2401 ) ) ;
#2164 = CARTESIAN_POINT ( 'NONE',  ( -1.500000000000000000, -1.287128181961759932, 3.449999999999999734 ) ) ;
#2165 = EDGE_CURVE ( 'NONE', #3085, #1351, #2047, .T. ) ;
#2166 = STYLED_ITEM ( 'NONE', ( #3725 ), #2947 ) ;
#2167 = EDGE_LOOP ( 'NONE', ( #2706, #2028, #3595, #122 ) ) ;
#2168 = CARTESIAN_POINT ( 'NONE',  ( 3.183333333333333570, -2.777939915136560055E-15, 6.080000000000000071 ) ) ;
#2169 = CARTESIAN_POINT ( 'NONE',  ( -3.050000000000000266, 1.091865616008679887E-15, 1.090000000000000080 ) ) ;
#2170 = ORIENTED_EDGE ( 'NONE', *, *, #156, .F. ) ;
#2171 = AXIS2_PLACEMENT_3D ( 'NONE', #585, #3047, #1526 ) ;
#2172 = CARTESIAN_POINT ( 'NONE',  ( 2.516666666666666607, 3.062295787318689839E-15, 6.080000000000000071 ) ) ;
#2173 = CARTESIAN_POINT ( 'NONE',  ( -1.100000000000000089, -10.33999999999999986, 0.1000000000000000056 ) ) ;
#2174 = DIRECTION ( 'NONE',  ( 0.0000000000000000000, 0.0000000000000000000, -1.000000000000000000 ) ) ;
#2175 = CARTESIAN_POINT ( 'NONE',  ( 1.787944150600982551, -0.8309271202450529969, 6.080000000000000071 ) ) ;
#2176 = CARTESIAN_POINT ( 'NONE',  ( 3.050000000000000266, -7.000000000000000000, 4.460000000000000853 ) ) ;
#2177 = ORIENTED_EDGE ( 'NONE', *, *, #3088, .T. ) ;
#2178 = CARTESIAN_POINT ( 'NONE',  ( -1.166666666666666519, -1.287128181961760154, 3.950000000000000178 ) ) ;
#2179 = CARTESIAN_POINT ( 'NONE',  ( -1.500000000000000000, -9.772871818038209923, 0.0000000000000000000 ) ) ;
#2180 = CARTESIAN_POINT ( 'NONE',  ( 4.234135816670770325, -1.370504526279460178, 5.644999999999999574 ) ) ;
#2181 = EDGE_CURVE ( 'NONE', #1353, #2229, #3573, .T. ) ;
#2182 = CARTESIAN_POINT ( 'NONE',  ( 1.612689261997423573, -7.644178866257250959, 0.0000000000000000000 ) ) ;
#2183 = PLANE ( 'NONE',  #5 ) ;
#2184 = ORIENTED_EDGE ( 'NONE', *, *, #3616, .T. ) ;
#2185 = ORIENTED_EDGE ( 'NONE', *, *, #4417, .T. ) ;
#2186 = CARTESIAN_POINT ( 'NONE',  ( -1.250060039985572358, -3.999324730949103568, 6.080000000000000071 ) ) ;
#2187 = ORIENTED_EDGE ( 'NONE', *, *, #1944, .T. ) ;
#2188 = CARTESIAN_POINT ( 'NONE',  ( -0.3498800000000000243, -5.811407181803820876, 3.449999999999999734 ) ) ;
#2189 = DIRECTION ( 'NONE',  ( 0.0000000000000000000, 0.0000000000000000000, 1.000000000000000000 ) ) ;
#2190 = EDGE_CURVE ( 'NONE', #2875, #4208, #4233, .T. ) ;
#2191 = CARTESIAN_POINT ( 'NONE',  ( -3.983333333333333393, -0.6000000000000009770, 2.200000000000000178 ) ) ;
#2192 = CARTESIAN_POINT ( 'NONE',  ( 1.000000000000000000, -8.317569314890061349, 0.5000000000000000000 ) ) ;
#2193 = CARTESIAN_POINT ( 'NONE',  ( 5.100000000000000533, -3.000000000000000000, 0.0000000000000000000 ) ) ;
#2194 = CARTESIAN_POINT ( 'NONE',  ( -0.3500000000000044742, -4.599999999999999645, 6.080000000000000071 ) ) ;
#2195 = CARTESIAN_POINT ( 'NONE',  ( 1.964087357171189874, 0.6470215545731748952, 4.522879999999999789 ) ) ;
#2196 = PLANE ( 'NONE',  #1409 ) ;
#2197 = EDGE_LOOP ( 'NONE', ( #3761, #3360, #3236, #2856 ) ) ;
#2198 = B_SPLINE_CURVE_WITH_KNOTS ( 'NONE', 3,
 ( #3185, #3137, #4626, #1394 ),
 .UNSPECIFIED., .F., .F.,
 ( 4, 4 ),
 ( 0.0000000000000000000, 1.000000000000000000 ),
 .UNSPECIFIED. ) ;
#2199 = FACE_OUTER_BOUND ( 'NONE', #3895, .T. ) ;
#2200 = EDGE_LOOP ( 'NONE', ( #2299, #18, #3866, #2292 ) ) ;
#2201 = DIRECTION ( 'NONE',  ( 0.0000000000000000000, 0.0000000000000000000, 1.000000000000000000 ) ) ;
#2202 = CARTESIAN_POINT ( 'NONE',  ( 0.6966666666666677665, -4.599999999999999645, 6.080000000000000071 ) ) ;
#2203 = CARTESIAN_POINT ( 'NONE',  ( 3.850000000000000089, -7.000000000000000000, 5.540000000000000036 ) ) ;
#2204 = B_SPLINE_CURVE_WITH_KNOTS ( 'NONE', 3,
 ( #4599, #2777, #651, #604 ),
 .UNSPECIFIED., .F., .F.,
 ( 4, 4 ),
 ( 0.0000000000000000000, 1.000000000000000000 ),
 .UNSPECIFIED. ) ;
#2205 = EDGE_CURVE ( 'NONE', #501, #1434, #538, .T. ) ;
#2206 = CARTESIAN_POINT ( 'NONE',  ( -3.850000000000000089, -7.799999999999999822, 4.029999999999999361 ) ) ;
#2207 = FACE_OUTER_BOUND ( 'NONE', #2167, .T. ) ;
#2208 = ORIENTED_EDGE ( 'NONE', *, *, #3825, .T. ) ;
#2209 = FILL_AREA_STYLE_COLOUR ( '', #296 ) ;
#2210 = VERTEX_POINT ( 'NONE', #3958 ) ;
#2211 = FACE_OUTER_BOUND ( 'NONE', #3907, .T. ) ;
#2212 = CARTESIAN_POINT ( 'NONE',  ( -1.550000000000000044, -7.566268299385889406, 0.0000000000000000000 ) ) ;
#2213 = CARTESIAN_POINT ( 'NONE',  ( 1.500000000000000000, -2.658085454641180512, 3.449999999999999734 ) ) ;
#2214 = ADVANCED_FACE ( 'NONE', ( #3207 ), #739, .T. ) ;
#2215 = DIRECTION ( 'NONE',  ( 0.0000000000000000000, -1.000000000000000000, 0.0000000000000000000 ) ) ;
#2216 = DIRECTION ( 'NONE',  ( 0.0000000000000000000, 1.000000000000000000, 0.0000000000000000000 ) ) ;
#2217 = CARTESIAN_POINT ( 'NONE',  ( -0.9999999999999991118, -5.400000000000000355, 3.783333333333333215 ) ) ;
#2218 = CARTESIAN_POINT ( 'NONE',  ( -3.850000000000000089, -3.006493971390749920, -0.08000000000000000167 ) ) ;
#2219 = CARTESIAN_POINT ( 'NONE',  ( 4.049999999999999822, 0.2083002855634539796, -0.3081200000000000050 ) ) ;
#2220 = ADVANCED_FACE ( 'NONE', ( #2150 ), #3983, .T. ) ;
#2221 = ORIENTED_EDGE ( 'NONE', *, *, #697, .F. ) ;
#2222 = UNCERTAINTY_MEASURE_WITH_UNIT (LENGTH_MEASURE( 1.000000000000000082E-05 ), #3887, 'distance_accuracy_value', 'NONE');
#2223 = DIRECTION ( 'NONE',  ( -0.0000000000000000000, 1.000000000000000000, 0.0000000000000000000 ) ) ;
#2224 = VERTEX_POINT ( 'NONE', #2192 ) ;
#2225 = CARTESIAN_POINT ( 'NONE',  ( -1.500000000000000000, -7.611145234331244680, 0.1663691413074739056 ) ) ;
#2226 = CARTESIAN_POINT ( 'NONE',  ( -3.850000000000000089, -7.000000000000000000, 6.080000000000000071 ) ) ;
#2227 = CARTESIAN_POINT ( 'NONE',  ( -4.234135816670770325, -1.370504526279460178, 5.644999999999999574 ) ) ;
#2228 = CARTESIAN_POINT ( 'NONE',  ( 1.000000000000000000, -9.772871818038218805, 0.0000000000000000000 ) ) ;
#2229 = VERTEX_POINT ( 'NONE', #439 ) ;
#2230 = ORIENTED_EDGE ( 'NONE', *, *, #3348, .T. ) ;
#2231 = CARTESIAN_POINT ( 'NONE',  ( 1.000000000000000000, -9.772871818038218805, 0.5000000000000000000 ) ) ;
#2232 =( GEOMETRIC_REPRESENTATION_CONTEXT ( 3 ) GLOBAL_UNCERTAINTY_ASSIGNED_CONTEXT ( ( #816 ) ) GLOBAL_UNIT_ASSIGNED_CONTEXT ( ( #4511, #284, #3454 ) ) REPRESENTATION_CONTEXT ( 'NONE', 'WORKASPACE' ) );
#2233 = ORIENTED_EDGE ( 'NONE', *, *, #2698, .F. ) ;
#2234 = CARTESIAN_POINT ( 'NONE',  ( 4.049999999999999822, -0.08406282870510990712, -0.05333333333333332982 ) ) ;
#2235 = CARTESIAN_POINT ( 'NONE',  ( -1.500000000000000000, -8.242726650311741565, 0.0000000000000000000 ) ) ;
#2236 = CARTESIAN_POINT ( 'NONE',  ( 1.500000000000000000, -1.287128181961759932, 3.950000000000000178 ) ) ;
#2237 = EDGE_CURVE ( 'NONE', #1339, #2820, #3955, .T. ) ;
#2238 = PRESENTATION_LAYER_ASSIGNMENT (  '', '', ( #4261 ) ) ;
#2239 = AXIS2_PLACEMENT_3D ( 'NONE', #3274, #90, #2578 ) ;
#2240 = CARTESIAN_POINT ( 'NONE',  ( -0.1166666666666659607, 0.0000000000000000000, 6.080000000000000071 ) ) ;
#2241 = CARTESIAN_POINT ( 'NONE',  ( -1.515643960668367374, -3.351885467480354652, 5.210000000000000853 ) ) ;
#2242 = VERTEX_POINT ( 'NONE', #2173 ) ;
#2243 = B_SPLINE_CURVE_WITH_KNOTS ( 'NONE', 3,
 ( #2157, #384, #1805, #1580 ),
 .UNSPECIFIED., .F., .F.,
 ( 4, 4 ),
 ( 0.0000000000000000000, 1.000000000000000000 ),
 .UNSPECIFIED. ) ;
#2244 =( GEOMETRIC_REPRESENTATION_CONTEXT ( 3 ) GLOBAL_UNCERTAINTY_ASSIGNED_CONTEXT ( ( #2222 ) ) GLOBAL_UNIT_ASSIGNED_CONTEXT ( ( #3887, #4145, #4171 ) ) REPRESENTATION_CONTEXT ( 'NONE', 'WORKASPACE' ) );
#2245 = STYLED_ITEM ( 'NONE', ( #2995 ), #2383 ) ;
#2246 = ORIENTED_EDGE ( 'NONE', *, *, #785, .F. ) ;
#2247 = VERTEX_POINT ( 'NONE', #1767 ) ;
#2248 = CARTESIAN_POINT ( 'NONE',  ( -1.738067785992279957, -7.799999999999999822, 0.3633333333333332305 ) ) ;
#2249 = FILL_AREA_STYLE_COLOUR ( '', #1877 ) ;
#2250 = DIRECTION ( 'NONE',  ( 0.0000000000000000000, 0.0000000000000000000, -1.000000000000000000 ) ) ;
#2251 = EDGE_CURVE ( 'NONE', #3166, #1876, #4406, .T. ) ;
#2252 = B_SPLINE_CURVE_WITH_KNOTS ( 'NONE', 3,
 ( #4076, #1160, #1957, #2654 ),
 .UNSPECIFIED., .F., .F.,
 ( 4, 4 ),
 ( 0.0000000000000000000, 1.000000000000000000 ),
 .UNSPECIFIED. ) ;
#2253 = CARTESIAN_POINT ( 'NONE',  ( 3.850000000000000089, -3.006493971390749920, -0.02666666666666666491 ) ) ;
#2254 = EDGE_LOOP ( 'NONE', ( #3310, #1413, #635, #3334 ) ) ;
#2255 = ORIENTED_EDGE ( 'NONE', *, *, #553, .F. ) ;
#2256 = CARTESIAN_POINT ( 'NONE',  ( -0.6966666666666661012, -4.599999999999999645, 6.080000000000000071 ) ) ;
#2257 = VERTEX_POINT ( 'NONE', #2878 ) ;
#2258 = CARTESIAN_POINT ( 'NONE',  ( 3.850000000000000089, -3.310000000000000053, 4.299999999999999822 ) ) ;
#2259 = CARTESIAN_POINT ( 'NONE',  ( 1.500000000000000000, -1.287128181961769924, 3.449999999999999734 ) ) ;
#2260 = CARTESIAN_POINT ( 'NONE',  ( -3.850000000000000089, -3.006493971390749920, -0.08000000000000000167 ) ) ;
#2261 = B_SPLINE_CURVE_WITH_KNOTS ( 'NONE', 3,
 ( #1525, #2603, #1220, #1954 ),
 .UNSPECIFIED., .F., .F.,
 ( 4, 4 ),
 ( 0.0000000000000000000, 1.000000000000000000 ),
 .UNSPECIFIED. ) ;
#2262 = FACE_OUTER_BOUND ( 'NONE', #1592, .T. ) ;
#2263 = CARTESIAN_POINT ( 'NONE',  ( 2.369880000000000209, -3.310000000000000053, 5.505119999999999791 ) ) ;
#2264 = ORIENTED_EDGE ( 'NONE', *, *, #4258, .T. ) ;
#2265 = CARTESIAN_POINT ( 'NONE',  ( -1.500000000000000000, -7.946778174262040473, 0.9173180782031339353 ) ) ;
#2266 = UNCERTAINTY_MEASURE_WITH_UNIT (LENGTH_MEASURE( 1.000000000000000082E-05 ), #2956, 'distance_accuracy_value', 'NONE');
#2267 = ORIENTED_EDGE ( 'NONE', *, *, #1284, .T. ) ;
#2268 = CARTESIAN_POINT ( 'NONE',  ( 3.850000000000000533, -2.994949872414366165, 5.207893649031873018 ) ) ;
#2269 =( NAMED_UNIT ( * ) SI_UNIT ( $, .STERADIAN. ) SOLID_ANGLE_UNIT ( ) );
#2270 = EDGE_CURVE ( 'NONE', #1151, #4529, #2492, .T. ) ;
#2271 = CARTESIAN_POINT ( 'NONE',  ( -1.751256890803259969, -0.5599999999999999423, 5.209999999999999964 ) ) ;
#2272 = CARTESIAN_POINT ( 'NONE',  ( -1.154951880222109928, -7.075300277547840189, -0.1091199999999999948 ) ) ;
#2273 = ORIENTED_EDGE ( 'NONE', *, *, #438, .F. ) ;
#2274 = ORIENTED_EDGE ( 'NONE', *, *, #2957, .F. ) ;
#2275 = CARTESIAN_POINT ( 'NONE',  ( 1.214213046251509942, -10.98773437276930132, 1.150119999999999809 ) ) ;
#2276 = CARTESIAN_POINT ( 'NONE',  ( -4.266666666666666607, -5.299999999999999822, 0.0000000000000000000 ) ) ;
#2277 = ORIENTED_EDGE ( 'NONE', *, *, #2097, .F. ) ;
#2278 = DIRECTION ( 'NONE',  ( 0.0000000000000000000, -0.1736481776669280830, 0.9848077530122084644 ) ) ;
#2279 =( LENGTH_UNIT ( ) NAMED_UNIT ( * ) SI_UNIT ( .MILLI., .METRE. ) );
#2280 = FACE_OUTER_BOUND ( 'NONE', #3250, .T. ) ;
#2281 = VERTEX_POINT ( 'NONE', #2900 ) ;
#2282 = CARTESIAN_POINT ( 'NONE',  ( -4.049999999999999822, -3.003517567836660351, 0.0000000000000000000 ) ) ;
#2283 = FILL_AREA_STYLE ('',( #3087 ) ) ;
#2284 = EDGE_CURVE ( 'NONE', #3940, #1150, #3896, .T. ) ;
#2285 = ORIENTED_EDGE ( 'NONE', *, *, #493, .T. ) ;
#2286 = FACE_OUTER_BOUND ( 'NONE', #2542, .T. ) ;
#2287 = CARTESIAN_POINT ( 'NONE',  ( -3.583333333333330373, -7.000000000000000000, 4.460000000000000853 ) ) ;
#2288 = OPEN_SHELL ( 'NONE', ( #1536 ) ) ;
#2289 = EDGE_CURVE ( 'NONE', #2247, #2078, #2775, .T. ) ;
#2290 = CARTESIAN_POINT ( 'NONE',  ( -1.000000000000000000, -7.406778174262040437, 3.192135588967509818 ) ) ;
#2291 = CARTESIAN_POINT ( 'NONE',  ( -0.3500000000000044742, -4.599999999999999645, 5.209999999999999964 ) ) ;
#2292 = ORIENTED_EDGE ( 'NONE', *, *, #844, .T. ) ;
#2293 = CARTESIAN_POINT ( 'NONE',  ( 4.049999999999999822, -0.08406282870510999039, 0.7333333333333333925 ) ) ;
#2294 = B_SPLINE_CURVE_WITH_KNOTS ( 'NONE', 1,
 ( #64, #1453 ),
 .UNSPECIFIED., .F., .F.,
 ( 2, 2 ),
 ( 0.0000000000000000000, 0.5000000000000000000 ),
 .UNSPECIFIED. ) ;
#2295 = SURFACE_STYLE_USAGE ( .BOTH. , #801 ) ;
#2296 = ADVANCED_FACE ( 'NONE', ( #4312 ), #2325, .T. ) ;
#2297 = B_SPLINE_CURVE_WITH_KNOTS ( 'NONE', 3,
 ( #666, #3834, #3155, #319 ),
 .UNSPECIFIED., .F., .F.,
 ( 4, 4 ),
 ( 0.0000000000000000000, 1.000000000000000000 ),
 .UNSPECIFIED. ) ;
#2298 = CARTESIAN_POINT ( 'NONE',  ( -0.9499999999999999556, -7.566268299385889406, 1.090000000000000080 ) ) ;
#2299 = ORIENTED_EDGE ( 'NONE', *, *, #778, .F. ) ;
#2300 = CARTESIAN_POINT ( 'NONE',  ( 1.500000000000000000, -9.772871818038218805, 0.0000000000000000000 ) ) ;
#2301 = CARTESIAN_POINT ( 'NONE',  ( 0.3499999999999999778, -4.599999999999999645, 5.209999999999999964 ) ) ;
#2302 = EDGE_CURVE ( 'NONE', #1316, #4552, #434, .T. ) ;
#2304 = B_SPLINE_CURVE_WITH_KNOTS ( 'NONE', 3,
 ( #2646, #863, #2293, #3732 ),
 .UNSPECIFIED., .F., .F.,
 ( 4, 4 ),
 ( 0.0000000000000000000, 1.000000000000000000 ),
 .UNSPECIFIED. ) ;
#2303 = PLANE ( 'NONE',  #1479 ) ;
#2305 = ORIENTED_EDGE ( 'NONE', *, *, #3808, .T. ) ;
#2306 = PRESENTATION_LAYER_ASSIGNMENT (  '', '', ( #3293 ) ) ;
#2307 = PRESENTATION_LAYER_ASSIGNMENT (  '', '', ( #4109 ) ) ;
#2308 = AXIS2_PLACEMENT_3D ( 'NONE', #2272, #1196, #4129 ) ;
#2309 = UNCERTAINTY_MEASURE_WITH_UNIT (LENGTH_MEASURE( 1.000000000000000082E-05 ), #2043, 'distance_accuracy_value', 'NONE');
#2310 = EDGE_LOOP ( 'NONE', ( #792, #2109, #1902, #2696 ) ) ;
#2311 = CARTESIAN_POINT ( 'NONE',  ( 3.850000000000000089, -3.244788055514185920, 5.059377906644423106 ) ) ;
#2312 = CYLINDRICAL_SURFACE ( 'NONE', #818, 6.040020153095750466 ) ;
#2313 = COLOUR_RGB ( '',0.8980392156862745390, 0.8980392156862745390, 0.8980392156862745390 ) ;
#2314 = AXIS2_PLACEMENT_3D ( 'NONE', #2776, #4212, #3859 ) ;
#2315 = SURFACE_STYLE_FILL_AREA ( #2102 ) ;
#2316 = CARTESIAN_POINT ( 'NONE',  ( 3.850000000000000089, -3.310000000000000053, 4.299999999999999822 ) ) ;
#2317 = ORIENTED_EDGE ( 'NONE', *, *, #1882, .F. ) ;
#2318 = CARTESIAN_POINT ( 'NONE',  ( 4.683333333333333570, -5.300000000000002487, 2.850000000000000089 ) ) ;
#2319 = CARTESIAN_POINT ( 'NONE',  ( -1.100000000000000089, -10.33999999999999986, 0.1000000000000000056 ) ) ;
#2320 = EDGE_LOOP ( 'NONE', ( #4285, #1197, #3470, #4095 ) ) ;
#2321 = PLANE ( 'NONE',  #4339 ) ;
#2322 = CARTESIAN_POINT ( 'NONE',  ( 0.6966666666666677665, -4.599999999999999645, 5.209999999999999964 ) ) ;
#2323 = EDGE_CURVE ( 'NONE', #1074, #258, #154, .T. ) ;
#2324 = B_SPLINE_CURVE_WITH_KNOTS ( 'NONE', 3,
 ( #171, #2555, #797, #4352 ),
 .UNSPECIFIED., .F., .F.,
 ( 4, 4 ),
 ( 0.0000000000000000000, 1.000000000000000000 ),
 .UNSPECIFIED. ) ;
#2325 = PLANE ( 'NONE',  #1616 ) ;
#2326 = CARTESIAN_POINT ( 'NONE',  ( -4.049999999999999822, -3.004690090448877360, -0.05333333333333332982 ) ) ;
#2327 = ORIENTED_EDGE ( 'NONE', *, *, #3654, .F. ) ;
#2328 = PLANE ( 'NONE',  #4428 ) ;
#2329 = CARTESIAN_POINT ( 'NONE',  ( -3.850000000000000089, 3.622850476404775104E-15, 6.080000000000000071 ) ) ;
#2330 = EDGE_CURVE ( 'NONE', #1044, #4341, #3395, .T. ) ;
#2331 = ORIENTED_EDGE ( 'NONE', *, *, #1661, .T. ) ;
#2332 = CARTESIAN_POINT ( 'NONE',  ( 3.850000000000000089, -3.310000000000000053, 4.850000000000000533 ) ) ;
#2333 = SURFACE_STYLE_USAGE ( .BOTH. , #169 ) ;
#2334 = CARTESIAN_POINT ( 'NONE',  ( 3.850000000000000089, -7.799999999999999822, 0.0000000000000000000 ) ) ;
#2335 = B_SPLINE_CURVE_WITH_KNOTS ( 'NONE', 3,
 ( #2260, #3683, #2484, #3222 ),
 .UNSPECIFIED., .F., .F.,
 ( 4, 4 ),
 ( 0.0000000000000000000, 1.000000000000000000 ),
 .UNSPECIFIED. ) ;
#2336 = CARTESIAN_POINT ( 'NONE',  ( 3.849999999999999201, -1.058206542933656458, 0.0000000000000000000 ) ) ;
#2337 = CARTESIAN_POINT ( 'NONE',  ( 3.050000000000000266, -6.200000000000000178, 1.626666666666666705 ) ) ;
#2338 = ORIENTED_EDGE ( 'NONE', *, *, #2471, .F. ) ;
#2339 = DIRECTION ( 'NONE',  ( 1.000000000000000000, 0.0000000000000000000, 0.0000000000000000000 ) ) ;
#2340 = CARTESIAN_POINT ( 'NONE',  ( 1.000000000000000000, -5.400000000000000355, 3.950000000000000178 ) ) ;
#2341 = CARTESIAN_POINT ( 'NONE',  ( 1.000000000000000000, -6.722592818196179820, -0.3782059118568930067 ) ) ;
#2342 = ADVANCED_FACE ( 'NONE', ( #3055 ), #161, .T. ) ;
#2343 = CARTESIAN_POINT ( 'NONE',  ( 0.8246214760051472359, -7.722089433128626723, 1.090000000000000080 ) ) ;
#2345 = VERTEX_POINT ( 'NONE', #2653 ) ;
#2344 = B_SPLINE_CURVE_WITH_KNOTS ( 'NONE', 3,
 ( #459, #2256, #3319, #2961 ),
 .UNSPECIFIED., .F., .F.,
 ( 4, 4 ),
 ( 0.0000000000000000000, 1.000000000000000000 ),
 .UNSPECIFIED. ) ;
#2346 = EDGE_CURVE ( 'NONE', #4592, #1454, #3076, .T. ) ;
#2347 = CARTESIAN_POINT ( 'NONE',  ( 1.817085630267754270, -0.1866666666666668417, 6.080000000000000071 ) ) ;
#2348 = SURFACE_SIDE_STYLE ('',( #3789 ) ) ;
#2349 = ORIENTED_EDGE ( 'NONE', *, *, #2978, .F. ) ;
#2350 = DIRECTION ( 'NONE',  ( 0.0000000000000000000, -1.000000000000000000, 0.0000000000000000000 ) ) ;
#2351 = B_SPLINE_CURVE_WITH_KNOTS ( 'NONE', 3,
 ( #2647, #1904, #195, #4088 ),
 .UNSPECIFIED., .F., .F.,
 ( 4, 4 ),
 ( 0.0000000000000000000, 1.000000000000000000 ),
 .UNSPECIFIED. ) ;
#2352 = CARTESIAN_POINT ( 'NONE',  ( 3.850000000000000089, -7.799999999999999822, 0.0000000000000000000 ) ) ;
#2353 = ORIENTED_EDGE ( 'NONE', *, *, #4393, .F. ) ;
#2354 = CARTESIAN_POINT ( 'NONE',  ( 3.850000000000000089, -3.059882765596496412, 5.193565117423412758 ) ) ;
#2355 = FACE_OUTER_BOUND ( 'NONE', #1568, .T. ) ;
#2356 = B_SPLINE_CURVE_WITH_KNOTS ( 'NONE', 3,
 ( #137, #810, #3686, #4120 ),
 .UNSPECIFIED., .F., .F.,
 ( 4, 4 ),
 ( 0.0000000000000000000, 1.000000000000000000 ),
 .UNSPECIFIED. ) ;
#2357 = CARTESIAN_POINT ( 'NONE',  ( 3.850000000000000089, -3.006493971390749920, 0.0000000000000000000 ) ) ;
#2358 = PLANE ( 'NONE',  #4425 ) ;
#2359 = VERTEX_POINT ( 'NONE', #914 ) ;
#2360 = CARTESIAN_POINT ( 'NONE',  ( -3.050000000000000266, -3.309999999999999609, 4.666666666666666075 ) ) ;
#2361 = B_SPLINE_CURVE_WITH_KNOTS ( 'NONE', 3,
 ( #4443, #4105, #1856, #3004 ),
 .UNSPECIFIED., .F., .F.,
 ( 4, 4 ),
 ( 0.0000000000000000000, 1.000000000000000000 ),
 .UNSPECIFIED. ) ;
#2362 = FILL_AREA_STYLE_COLOUR ( '', #2313 ) ;
#2363 = DIRECTION ( 'NONE',  ( -1.000000000000000000, 0.0000000000000000000, 0.0000000000000000000 ) ) ;
#2364 = CARTESIAN_POINT ( 'NONE',  ( 1.000000000000000000, -7.460296961164719853, 0.8018363510626200785 ) ) ;
#2365 = ORIENTED_EDGE ( 'NONE', *, *, #4310, .T. ) ;
#2366 = VERTEX_POINT ( 'NONE', #2968 ) ;
#2367 = CARTESIAN_POINT ( 'NONE',  ( -1.000000000000000000, -1.287128181961759932, 3.950000000000000178 ) ) ;
#2368 = EDGE_CURVE ( 'NONE', #690, #2366, #4116, .T. ) ;
#2369 = CARTESIAN_POINT ( 'NONE',  ( -0.9499999999999999556, -7.377512199590593234, 1.089999999999999858 ) ) ;
#2370 = SURFACE_STYLE_USAGE ( .BOTH. , #2348 ) ;
#2371 = VERTEX_POINT ( 'NONE', #3328 ) ;
#2372 = EDGE_CURVE ( 'NONE', #4303, #103, #3042, .T. ) ;
#2373 = PRESENTATION_STYLE_ASSIGNMENT (( #4166 ) ) ;
#2374 = ORIENTED_EDGE ( 'NONE', *, *, #3169, .T. ) ;
#2375 = CARTESIAN_POINT ( 'NONE',  ( -1.817085630267752494, -0.1866666666666666197, 5.209999999999999964 ) ) ;
#2376 = ORIENTED_EDGE ( 'NONE', *, *, #1784, .T. ) ;
#2377 = DIRECTION ( 'NONE',  ( -0.0000000000000000000, 1.000000000000000000, 0.0000000000000000000 ) ) ;
#2378 = CARTESIAN_POINT ( 'NONE',  ( 1.550000000000000044, -7.000000000000000000, 1.090000000000000080 ) ) ;
#2379 = AXIS2_PLACEMENT_3D ( 'NONE', #2678, #3061, #2350 ) ;
#2380 = MECHANICAL_DESIGN_GEOMETRIC_PRESENTATION_REPRESENTATION (  '', ( #4422 ), #740 ) ;
#2381 = CARTESIAN_POINT ( 'NONE',  ( -5.100000000000000533, -0.5999999999999998668, 1.676666666666666528 ) ) ;
#2382 = ORIENTED_EDGE ( 'NONE', *, *, #4519, .F. ) ;
#2383 = ADVANCED_FACE ( 'NONE', ( #2262 ), #2303, .T. ) ;
#2384 =( GEOMETRIC_REPRESENTATION_CONTEXT ( 3 ) GLOBAL_UNCERTAINTY_ASSIGNED_CONTEXT ( ( #4434 ) ) GLOBAL_UNIT_ASSIGNED_CONTEXT ( ( #476, #1430, #2688 ) ) REPRESENTATION_CONTEXT ( 'NONE', 'WORKASPACE' ) );
#2386 = CARTESIAN_POINT ( 'NONE',  ( -1.166666666666665853, -5.400000000000000355, 3.949999999999999734 ) ) ;
#2385 = B_SPLINE_CURVE_WITH_KNOTS ( 'NONE', 3,
 ( #4647, #394, #3912, #2441 ),
 .UNSPECIFIED., .F., .F.,
 ( 4, 4 ),
 ( 0.0000000000000000000, 1.000000000000000000 ),
 .UNSPECIFIED. ) ;
#2387 = FACE_OUTER_BOUND ( 'NONE', #1384, .T. ) ;
#2388 = CARTESIAN_POINT ( 'NONE',  ( 0.2539774046692397924, -7.799999999999999822, 1.089999999999999858 ) ) ;
#2389 = CYLINDRICAL_SURFACE ( 'NONE', #446, 0.9854725568652417111 ) ;
#2390 = CARTESIAN_POINT ( 'NONE',  ( -1.016666666666660612, -7.000000000000000000, 5.209999999999999964 ) ) ;
#2391 = VERTEX_POINT ( 'NONE', #2772 ) ;
#2392 = EDGE_CURVE ( 'NONE', #32, #3367, #1706, .T. ) ;
#2393 = ORIENTED_EDGE ( 'NONE', *, *, #3409, .T. ) ;
#2394 = CARTESIAN_POINT ( 'NONE',  ( 1.500000000000000000, -0.8757210001579419645, 2.799879999999999924 ) ) ;
#2395 = CARTESIAN_POINT ( 'NONE',  ( 1.100000000000000089, -10.33999999999999986, 0.1000000000000000056 ) ) ;
#2396 = CARTESIAN_POINT ( 'NONE',  ( -1.500000000000000000, -8.317569314890061349, 0.5000000000000000000 ) ) ;
#2397 = ORIENTED_EDGE ( 'NONE', *, *, #3654, .T. ) ;
#2398 = CARTESIAN_POINT ( 'NONE',  ( 3.229880000000000084, 0.5676508884243789410, 2.200000000000000178 ) ) ;
#2399 = EDGE_CURVE ( 'NONE', #241, #3940, #2823, .T. ) ;
#2400 = CARTESIAN_POINT ( 'NONE',  ( 8.450120000000000076, -2.777939915136560055E-15, 4.522879999999999789 ) ) ;
#2401 = ORIENTED_EDGE ( 'NONE', *, *, #2477, .F. ) ;
#2402 = CARTESIAN_POINT ( 'NONE',  ( 1.806193986409600827, -1.370504178998698475, 5.209999999999999964 ) ) ;
#2403 = CARTESIAN_POINT ( 'NONE',  ( -1.500000000000000000, -7.000000000000000000, 2.740894846264729789 ) ) ;
#2404 = EDGE_LOOP ( 'NONE', ( #1170, #825, #1473, #4017 ) ) ;
#2405 = DIRECTION ( 'NONE',  ( 0.0000000000000000000, -1.000000000000000000, 0.0000000000000000000 ) ) ;
#2406 = ORIENTED_EDGE ( 'NONE', *, *, #2684, .F. ) ;
#2407 = CARTESIAN_POINT ( 'NONE',  ( -1.500000000000000000, -1.287128181961759932, 3.950000000000000178 ) ) ;
#2408 = CYLINDRICAL_SURFACE ( 'NONE', #4486, 0.5893783835592812936 ) ;
#2409 =( NAMED_UNIT ( * ) SI_UNIT ( $, .STERADIAN. ) SOLID_ANGLE_UNIT ( ) );
#2410 = EDGE_CURVE ( 'NONE', #1437, #4121, #1824, .T. ) ;
#2411 = CARTESIAN_POINT ( 'NONE',  ( -3.850000000000000089, -5.299999999999999822, 0.0000000000000000000 ) ) ;
#2412 = VERTEX_POINT ( 'NONE', #4567 ) ;
#2413 = CARTESIAN_POINT ( 'NONE',  ( 4.049999999999999822, -1.056041885803406410, 0.0000000000000000000 ) ) ;
#2414 = EDGE_CURVE ( 'NONE', #2257, #2005, #4574, .T. ) ;
#2415 = B_SPLINE_CURVE_WITH_KNOTS ( 'NONE', 3,
 ( #2444, #278, #3469, #627 ),
 .UNSPECIFIED., .F., .F.,
 ( 4, 4 ),
 ( 0.0000000000000000000, 1.000000000000000000 ),
 .UNSPECIFIED. ) ;
#2416 = CARTESIAN_POINT ( 'NONE',  ( -5.100000000000000533, -2.200000000000000178, 1.090000000000000080 ) ) ;
#2417 =( NAMED_UNIT ( * ) PLANE_ANGLE_UNIT ( ) SI_UNIT ( $, .RADIAN. ) );
#2418 = ORIENTED_EDGE ( 'NONE', *, *, #3320, .F. ) ;
#2419 = CARTESIAN_POINT ( 'NONE',  ( 1.850000000000000089, 3.225309679826754708E-15, 6.080000000000000071 ) ) ;
#2420 = CARTESIAN_POINT ( 'NONE',  ( -3.850000000000000089, -2.032350257162203633, 0.0000000000000000000 ) ) ;
#2421 = B_SPLINE_CURVE_WITH_KNOTS ( 'NONE', 3,
 ( #2741, #3831, #4590, #3125 ),
 .UNSPECIFIED., .F., .F.,
 ( 4, 4 ),
 ( 0.0000000000000000000, 1.000000000000000000 ),
 .UNSPECIFIED. ) ;
#2422 = DIRECTION ( 'NONE',  ( 1.000000000000000000, 0.0000000000000000000, 0.0000000000000000000 ) ) ;
#2423 = ORIENTED_EDGE ( 'NONE', *, *, #315, .F. ) ;
#2424 = DIRECTION ( 'NONE',  ( 1.000000000000000000, 0.0000000000000000000, 0.0000000000000000000 ) ) ;
#2425 = CARTESIAN_POINT ( 'NONE',  ( 0.9499999999999999556, -7.000000000000000000, 1.090000000000000080 ) ) ;
#2426 = ORIENTED_EDGE ( 'NONE', *, *, #1985, .T. ) ;
#2427 = FACE_BOUND ( 'NONE', #799, .T. ) ;
#2428 = EDGE_LOOP ( 'NONE', ( #3832, #4378, #1400, #480 ) ) ;
#2429 = PLANE ( 'NONE',  #4413 ) ;
#2430 = CARTESIAN_POINT ( 'NONE',  ( -1.000000000000000000, -1.287128181961759932, 3.950000000000000178 ) ) ;
#2431 = FACE_OUTER_BOUND ( 'NONE', #845, .T. ) ;
#2432 = ADVANCED_FACE ( 'NONE', ( #3788 ), #4186, .T. ) ;
#2433 =( NAMED_UNIT ( * ) PLANE_ANGLE_UNIT ( ) SI_UNIT ( $, .RADIAN. ) );
#2434 = CARTESIAN_POINT ( 'NONE',  ( -1.200000000000000178, -0.7199999999999958655, 3.550000000000001599 ) ) ;
#2435 = CARTESIAN_POINT ( 'NONE',  ( 3.050000000000000266, -2.949999999999999734, 5.209999999999999964 ) ) ;
#2436 = ORIENTED_EDGE ( 'NONE', *, *, #2618, .T. ) ;
#2437 = CARTESIAN_POINT ( 'NONE',  ( -5.100000000000000533, -3.733333333333333393, 2.850000000000000089 ) ) ;
#2438 = CARTESIAN_POINT ( 'NONE',  ( 1.738067785992279957, -7.799999999999999822, 0.0000000000000000000 ) ) ;
#2439 = PRESENTATION_STYLE_ASSIGNMENT (( #2370 ) ) ;
#2440 = B_SPLINE_CURVE_WITH_KNOTS ( 'NONE', 3,
 ( #3559, #2434, #749, #3626 ),
 .UNSPECIFIED., .F., .F.,
 ( 4, 4 ),
 ( 0.0000000000000000000, 1.000000000000000000 ),
 .UNSPECIFIED. ) ;
#2441 = CARTESIAN_POINT ( 'NONE',  ( 1.000000000000000000, -1.287128181961769924, 3.449999999999999734 ) ) ;
#2442 = DIRECTION ( 'NONE',  ( 0.0000000000000000000, -1.000000000000000000, 0.0000000000000000000 ) ) ;
#2443 = CARTESIAN_POINT ( 'NONE',  ( -3.583333333333339699, -7.799999999999999822, 4.029999999999999361 ) ) ;
#2444 = CARTESIAN_POINT ( 'NONE',  ( 1.550000000000000044, -7.566268299385879637, 1.090000000000000080 ) ) ;
#2445 = VERTEX_POINT ( 'NONE', #3107 ) ;
#2446 = EDGE_CURVE ( 'NONE', #2943, #3085, #759, .T. ) ;
#2447 = CARTESIAN_POINT ( 'NONE',  ( 3.316666666666666430, -2.950000000000000178, 5.209999999999999964 ) ) ;
#2448 = AXIS2_PLACEMENT_3D ( 'NONE', #3617, #3304, #1057 ) ;
#2449 = COLOUR_RGB ( '',0.8980392156862745390, 0.8980392156862745390, 0.8980392156862745390 ) ;
#2450 = ORIENTED_EDGE ( 'NONE', *, *, #568, .T. ) ;
#2451 = CARTESIAN_POINT ( 'NONE',  ( -3.050000000000000266, -6.200000000000000178, 5.209999999999999964 ) ) ;
#2452 = ORIENTED_EDGE ( 'NONE', *, *, #2165, .T. ) ;
#2453 = CARTESIAN_POINT ( 'NONE',  ( -0.8700000000000044365, -4.599999999999988987, 5.500000000000000888 ) ) ;
#2454 = AXIS2_PLACEMENT_3D ( 'NONE', #1174, #2278, #3368 ) ;
#2455 = SURFACE_STYLE_FILL_AREA ( #1892 ) ;
#2456 =( GEOMETRIC_REPRESENTATION_CONTEXT ( 3 ) GLOBAL_UNCERTAINTY_ASSIGNED_CONTEXT ( ( #3153 ) ) GLOBAL_UNIT_ASSIGNED_CONTEXT ( ( #352, #3785, #4335 ) ) REPRESENTATION_CONTEXT ( 'NONE', 'WORKASPACE' ) );
#2457 = EDGE_CURVE ( 'NONE', #3063, #2229, #4461, .T. ) ;
#2458 = AXIS2_PLACEMENT_3D ( 'NONE', #2398, #4573, #2442 ) ;
#2459 = STYLED_ITEM ( 'NONE', ( #49 ), #1246 ) ;
#2460 = CARTESIAN_POINT ( 'NONE',  ( -1.500000000000000000, -9.772871818038209923, 0.0000000000000000000 ) ) ;
#2461 = DIRECTION ( 'NONE',  ( 9.045681617519805288E-17, 0.4734431133959089433, -0.8808243970156529601 ) ) ;
#2462 = ORIENTED_EDGE ( 'NONE', *, *, #2657, .F. ) ;
#2463 = ORIENTED_EDGE ( 'NONE', *, *, #363, .T. ) ;
#2464 =( LENGTH_UNIT ( ) NAMED_UNIT ( * ) SI_UNIT ( .MILLI., .METRE. ) );
#2465 = MECHANICAL_DESIGN_GEOMETRIC_PRESENTATION_REPRESENTATION (  '', ( #1406 ), #3823 ) ;
#2466 = ORIENTED_EDGE ( 'NONE', *, *, #3867, .F. ) ;
#2467 = FILL_AREA_STYLE ('',( #273 ) ) ;
#2468 = CARTESIAN_POINT ( 'NONE',  ( -0.5233333333333327619, -4.599999999999999645, 5.209999999999999964 ) ) ;
#2469 = ORIENTED_EDGE ( 'NONE', *, *, #2076, .F. ) ;
#2470 = CARTESIAN_POINT ( 'NONE',  ( 3.850000000000000089, -7.799999999999999822, 4.029999999999999361 ) ) ;
#2471 = EDGE_CURVE ( 'NONE', #2784, #3016, #3508, .T. ) ;
#2472 = CARTESIAN_POINT ( 'NONE',  ( 3.850000000000000089, -2.333333333333333037, 6.079999999999999183 ) ) ;
#2473 = CARTESIAN_POINT ( 'NONE',  ( -1.675378523994852653, -7.722089433128630276, 1.090000000000000080 ) ) ;
#2474 = ORIENTED_EDGE ( 'NONE', *, *, #4065, .T. ) ;
#2475 = B_SPLINE_CURVE_WITH_KNOTS ( 'NONE', 3,
 ( #4343, #4391, #1065, #1114 ),
 .UNSPECIFIED., .F., .F.,
 ( 4, 4 ),
 ( 0.0000000000000000000, 1.000000000000000000 ),
 .UNSPECIFIED. ) ;
#2476 = CARTESIAN_POINT ( 'NONE',  ( -3.850000000000000089, -5.299999999999999822, 1.900000000000000133 ) ) ;
#2477 = EDGE_CURVE ( 'NONE', #3039, #1979, #2107, .T. ) ;
#2478 = ORIENTED_EDGE ( 'NONE', *, *, #2846, .T. ) ;
#2479 = DIRECTION ( 'NONE',  ( 1.000000000000000000, 0.0000000000000000000, 0.0000000000000000000 ) ) ;
#2480 = VERTEX_POINT ( 'NONE', #3156 ) ;
#2481 = FACE_OUTER_BOUND ( 'NONE', #2622, .T. ) ;
#2482 = CARTESIAN_POINT ( 'NONE',  ( 4.049999999999999822, -0.08406282870510990712, -0.08000000000000000167 ) ) ;
#2483 = B_SPLINE_CURVE_WITH_KNOTS ( 'NONE', 1,
 ( #133, #804 ),
 .UNSPECIFIED., .F., .F.,
 ( 2, 2 ),
 ( 0.0000000000000000000, 0.5000000000000000000 ),
 .UNSPECIFIED. ) ;
#2484 = CARTESIAN_POINT ( 'NONE',  ( -3.983333333333333393, -3.006493971390749920, -0.07999999999999998779 ) ) ;
#2485 = PLANE ( 'NONE',  #1554 ) ;
#2486 = ORIENTED_EDGE ( 'NONE', *, *, #2346, .F. ) ;
#2487 = EDGE_LOOP ( 'NONE', ( #4068, #2382, #2069, #730 ) ) ;
#2488 = PLANE ( 'NONE',  #4340 ) ;
#2489 = EDGE_CURVE ( 'NONE', #43, #2883, #2554, .T. ) ;
#2490 = PLANE ( 'NONE',  #1942 ) ;
#2491 = ORIENTED_EDGE ( 'NONE', *, *, #2368, .F. ) ;
#2492 = B_SPLINE_CURVE_WITH_KNOTS ( 'NONE', 3,
 ( #3260, #1081, #46, #1457 ),
 .UNSPECIFIED., .F., .F.,
 ( 4, 4 ),
 ( 0.0000000000000000000, 1.000000000000000000 ),
 .UNSPECIFIED. ) ;
#2493 = CARTESIAN_POINT ( 'NONE',  ( 11.69012000000000029, -6.200000000000000178, 4.048880000000000479 ) ) ;
#2494 = EDGE_CURVE ( 'NONE', #2445, #3154, #209, .T. ) ;
#2495 = CARTESIAN_POINT ( 'NONE',  ( -4.049999999999999822, -2.200000000000000178, 1.090000000000000080 ) ) ;
#2496 = DIRECTION ( 'NONE',  ( 1.000000000000000000, 0.0000000000000000000, 0.0000000000000000000 ) ) ;
#2497 = ORIENTED_EDGE ( 'NONE', *, *, #4398, .F. ) ;
#2498 =( LENGTH_UNIT ( ) NAMED_UNIT ( * ) SI_UNIT ( .MILLI., .METRE. ) );
#2499 =( NAMED_UNIT ( * ) SI_UNIT ( $, .STERADIAN. ) SOLID_ANGLE_UNIT ( ) );
#2500 = EDGE_CURVE ( 'NONE', #142, #2345, #320, .T. ) ;
#2501 = ORIENTED_EDGE ( 'NONE', *, *, #2767, .F. ) ;
#2502 = UNCERTAINTY_MEASURE_WITH_UNIT (LENGTH_MEASURE( 1.000000000000000082E-05 ), #205, 'distance_accuracy_value', 'NONE');
#2503 = CARTESIAN_POINT ( 'NONE',  ( -3.850000000000000089, -3.310000000000000053, 4.299999999999999822 ) ) ;
#2504 = ORIENTED_EDGE ( 'NONE', *, *, #9, .T. ) ;
#2505 = DIRECTION ( 'NONE',  ( 0.0000000000000000000, 0.0000000000000000000, -1.000000000000000000 ) ) ;
#2506 = CARTESIAN_POINT ( 'NONE',  ( 1.500000000000000444, -7.611145234331245568, 0.1663691413074741277 ) ) ;
#2507 = EDGE_CURVE ( 'NONE', #1074, #1721, #2948, .T. ) ;
#2508 = CARTESIAN_POINT ( 'NONE',  ( 3.850000000000000089, -0.08406282870510990712, 0.0000000000000000000 ) ) ;
#2509 = CARTESIAN_POINT ( 'NONE',  ( 0.3500000000000044742, 1.965225821582489834E-15, 6.080000000000000071 ) ) ;
#2510 = ORIENTED_EDGE ( 'NONE', *, *, #2205, .T. ) ;
#2511 = EDGE_LOOP ( 'NONE', ( #401, #3199, #1847, #2748, #1244, #3534, #35 ) ) ;
#2512 = ORIENTED_EDGE ( 'NONE', *, *, #493, .F. ) ;
#2513 = CARTESIAN_POINT ( 'NONE',  ( 3.050000000000000266, -7.000000000000000000, 2.700000000000000178 ) ) ;
#2514 = CARTESIAN_POINT ( 'NONE',  ( 3.983333333333333393, -3.006493971390749920, 0.0000000000000000000 ) ) ;
#2515 = ADVANCED_FACE ( 'NONE', ( #963 ), #3487, .T. ) ;
#2516 = CARTESIAN_POINT ( 'NONE',  ( -4.049999999999999822, -0.5999999999999999778, 2.200000000000000178 ) ) ;
#2517 = CARTESIAN_POINT ( 'NONE',  ( -1.849999999999993427, 3.062295787318689839E-15, 5.790000000000000036 ) ) ;
#2518 = CARTESIAN_POINT ( 'NONE',  ( 0.3499999999999999778, -4.599999999999999645, 5.209999999999999964 ) ) ;
#2519 = EDGE_LOOP ( 'NONE', ( #2246, #1397, #39, #4269 ) ) ;
#2520 = CARTESIAN_POINT ( 'NONE',  ( 1.399999999999999911, -0.7200000000000000844, 3.850000000000000089 ) ) ;
#2521 = ORIENTED_EDGE ( 'NONE', *, *, #1326, .T. ) ;
#2522 = CARTESIAN_POINT ( 'NONE',  ( -2.442045190661519705, -7.799999999999999822, 0.0000000000000000000 ) ) ;
#2523 = CARTESIAN_POINT ( 'NONE',  ( 3.050000000000000266, 1.091865616008679887E-15, 1.090000000000000080 ) ) ;
#2524 = STYLED_ITEM ( 'NONE', ( #4216 ), #479 ) ;
#2525 = ADVANCED_FACE ( 'NONE', ( #3277 ), #2895, .T. ) ;
#2526 = CARTESIAN_POINT ( 'NONE',  ( 1.675378523994850877, -7.722089433128619618, 0.0000000000000000000 ) ) ;
#2527 = CARTESIAN_POINT ( 'NONE',  ( 0.7619322140077199323, -7.799999999999999822, 1.090000000000000080 ) ) ;
#2528 = ORIENTED_EDGE ( 'NONE', *, *, #1156, .T. ) ;
#2529 = MECHANICAL_DESIGN_GEOMETRIC_PRESENTATION_REPRESENTATION (  '', ( #4261 ), #145 ) ;
#2530 = EDGE_LOOP ( 'NONE', ( #1466, #4334, #1614, #3771, #2221, #2121, #4358 ) ) ;
#2531 = PRESENTATION_LAYER_ASSIGNMENT (  '', '', ( #1866 ) ) ;
#2532 = DIRECTION ( 'NONE',  ( -0.0000000000000000000, 1.000000000000000000, 0.0000000000000000000 ) ) ;
#2533 = AXIS2_PLACEMENT_3D ( 'NONE', #1691, #3513, #500 ) ;
#2534 = VERTEX_POINT ( 'NONE', #2535 ) ;
#2535 = CARTESIAN_POINT ( 'NONE',  ( 3.050000000000000266, -2.949999999999999734, 5.209999999999999964 ) ) ;
#2536 = CARTESIAN_POINT ( 'NONE',  ( -1.751256890803259969, -0.5599999999999999423, 6.080000000000000071 ) ) ;
#2537 = ORIENTED_EDGE ( 'NONE', *, *, #1168, .F. ) ;
#2538 = PRESENTATION_LAYER_ASSIGNMENT (  '', '', ( #3227 ) ) ;
#2539 = PLANE ( 'NONE',  #4119 ) ;
#2540 = DIRECTION ( 'NONE',  ( 0.0000000000000000000, 0.0000000000000000000, -1.000000000000000000 ) ) ;
#2541 = FACE_OUTER_BOUND ( 'NONE', #3460, .T. ) ;
#2542 = EDGE_LOOP ( 'NONE', ( #624, #1202, #2962, #2331, #705, #2060 ) ) ;
#2543 = CARTESIAN_POINT ( 'NONE',  ( 1.333333333333333259, -5.400000000000000355, 3.949999999999999734 ) ) ;
#2544 = CARTESIAN_POINT ( 'NONE',  ( 1.016666666666670160, -7.000000000000000000, 2.700000000000000178 ) ) ;
#2545 = DIRECTION ( 'NONE',  ( -1.000000000000000000, 0.0000000000000000000, 0.0000000000000000000 ) ) ;
#2546 = EDGE_CURVE ( 'NONE', #4252, #1801, #913, .T. ) ;
#2547 = ORIENTED_EDGE ( 'NONE', *, *, #1252, .F. ) ;
#2548 = UNCERTAINTY_MEASURE_WITH_UNIT (LENGTH_MEASURE( 1.000000000000000082E-05 ), #2633, 'distance_accuracy_value', 'NONE');
#2549 = CARTESIAN_POINT ( 'NONE',  ( -1.500000000000000000, -6.722592818196179820, -0.3782059118568930067 ) ) ;
#2550 = ORIENTED_EDGE ( 'NONE', *, *, #621, .F. ) ;
#2551 = FACE_OUTER_BOUND ( 'NONE', #2815, .T. ) ;
#2552 = CARTESIAN_POINT ( 'NONE',  ( -1.214213046251509942, -0.07226562723064799965, 4.600120000000000431 ) ) ;
#2553 = PLANE ( 'NONE',  #2765 ) ;
#2554 = B_SPLINE_CURVE_WITH_KNOTS ( 'NONE', 3,
 ( #2438, #622, #599, #3879 ),
 .UNSPECIFIED., .F., .F.,
 ( 4, 4 ),
 ( 0.0000000000000000000, 1.000000000000000000 ),
 .UNSPECIFIED. ) ;
#2555 = CARTESIAN_POINT ( 'NONE',  ( 3.850000000000000089, -2.777939915136560055E-15, 5.500000000000000888 ) ) ;
#2556 = CARTESIAN_POINT ( 'NONE',  ( -3.850000000000000089, -7.000000000000000000, 5.000000000000000000 ) ) ;
#2557 = ORIENTED_EDGE ( 'NONE', *, *, #1589, .F. ) ;
#2558 = VERTEX_POINT ( 'NONE', #3979 ) ;
#2559 = CARTESIAN_POINT ( 'NONE',  ( 3.050000000000000266, 1.091865616008679887E-15, 1.090000000000000080 ) ) ;
#2560 = ADVANCED_FACE ( 'NONE', ( #1815 ), #4359, .T. ) ;
#2561 = ORIENTED_EDGE ( 'NONE', *, *, #1692, .T. ) ;
#2562 = DIRECTION ( 'NONE',  ( 0.0000000000000000000, 0.0000000000000000000, -1.000000000000000000 ) ) ;
#2563 = CARTESIAN_POINT ( 'NONE',  ( 1.000000000000000000, -1.287128181961766815, 3.616666666666666252 ) ) ;
#2564 = DIRECTION ( 'NONE',  ( 0.0000000000000000000, -1.000000000000000000, 0.0000000000000000000 ) ) ;
#2565 = EDGE_CURVE ( 'NONE', #2658, #4069, #4515, .T. ) ;
#2566 = CARTESIAN_POINT ( 'NONE',  ( 0.2539774046692401255, -7.799999999999999822, 0.0000000000000000000 ) ) ;
#2567 = CARTESIAN_POINT ( 'NONE',  ( 3.850000000000000089, -0.08406282870510969896, 0.0000000000000000000 ) ) ;
#2568 = CARTESIAN_POINT ( 'NONE',  ( 3.050000000000000266, -6.200000000000000178, 2.700000000000000178 ) ) ;
#2569 = ORIENTED_EDGE ( 'NONE', *, *, #2627, .T. ) ;
#2570 = B_SPLINE_CURVE_WITH_KNOTS ( 'NONE', 3,
 ( #586, #2042, #3502, #1703 ),
 .UNSPECIFIED., .F., .F.,
 ( 4, 4 ),
 ( 0.0000000000000000000, 1.000000000000000000 ),
 .UNSPECIFIED. ) ;
#2571 = CARTESIAN_POINT ( 'NONE',  ( -1.466666666666665675, -1.098085454641171799, 3.483333333333332948 ) ) ;
#2572 = PLANE ( 'NONE',  #373 ) ;
#2573 = PRESENTATION_STYLE_ASSIGNMENT (( #144 ) ) ;
#2574 = CARTESIAN_POINT ( 'NONE',  ( -0.9500000000000002887, -7.188756099795296173, 0.0000000000000000000 ) ) ;
#2575 = SURFACE_STYLE_USAGE ( .BOTH. , #1149 ) ;
#2576 = EDGE_CURVE ( 'NONE', #4239, #2224, #1761, .T. ) ;
#2577 = ORIENTED_EDGE ( 'NONE', *, *, #2667, .T. ) ;
#2578 = DIRECTION ( 'NONE',  ( 0.0000000000000000000, 1.000000000000000000, 0.0000000000000000000 ) ) ;
#2579 = B_SPLINE_CURVE_WITH_KNOTS ( 'NONE', 1,
 ( #2319, #4024 ),
 .UNSPECIFIED., .F., .F.,
 ( 2, 2 ),
 ( 0.0000000000000000000, 0.5844949741231969531 ),
 .UNSPECIFIED. ) ;
#2580 = ORIENTED_EDGE ( 'NONE', *, *, #1237, .F. ) ;
#2581 = CARTESIAN_POINT ( 'NONE',  ( 0.3499999999999999778, -4.599999999999999645, 5.209999999999999964 ) ) ;
#2582 = CARTESIAN_POINT ( 'NONE',  ( -0.3500000000000049738, 1.965225821582489834E-15, 5.209999999999999964 ) ) ;
#2583 = CARTESIAN_POINT ( 'NONE',  ( 1.016666666666667052, -5.400000000000000355, 1.090000000000000080 ) ) ;
#2584 = B_SPLINE_CURVE_WITH_KNOTS ( 'NONE', 3,
 ( #4533, #634, #3826, #3846 ),
 .UNSPECIFIED., .F., .F.,
 ( 4, 4 ),
 ( 0.0000000000000000000, 1.000000000000000000 ),
 .UNSPECIFIED. ) ;
#2585 = ADVANCED_FACE ( 'NONE', ( #2211 ), #2847, .T. ) ;
#2587 = B_SPLINE_CURVE_WITH_KNOTS ( 'NONE', 3,
 ( #1258, #560, #4480, #1304 ),
 .UNSPECIFIED., .F., .F.,
 ( 4, 4 ),
 ( 0.0000000000000000000, 1.000000000000000000 ),
 .UNSPECIFIED. ) ;
#2586 = CARTESIAN_POINT ( 'NONE',  ( 5.100000000000000533, -5.299999999999999822, 2.850000000000000089 ) ) ;
#2588 = CARTESIAN_POINT ( 'NONE',  ( -4.049999999999999822, -0.5999999999999999778, 1.459999999999999964 ) ) ;
#2589 = VERTEX_POINT ( 'NONE', #2963 ) ;
#2590 = CARTESIAN_POINT ( 'NONE',  ( 3.050000000000000711, -6.466666666666667673, 2.700000000000000178 ) ) ;
#2591 = EDGE_CURVE ( 'NONE', #105, #3699, #4168, .T. ) ;
#2592 = ORIENTED_EDGE ( 'NONE', *, *, #1346, .T. ) ;
#2593 = FACE_OUTER_BOUND ( 'NONE', #592, .T. ) ;
#2594 = CARTESIAN_POINT ( 'NONE',  ( -3.050000000000000266, -7.000000000000000000, 4.460000000000000853 ) ) ;
#2595 = CARTESIAN_POINT ( 'NONE',  ( 3.850000000000000089, -3.006493971390749920, -0.05333333333333332982 ) ) ;
#2596 = CARTESIAN_POINT ( 'NONE',  ( -3.850000000000000089, 3.275596848026040055E-15, 1.433333333333333348 ) ) ;
#2597 = ORIENTED_EDGE ( 'NONE', *, *, #4565, .T. ) ;
#2598 = VERTEX_POINT ( 'NONE', #4403 ) ;
#2599 = FACE_OUTER_BOUND ( 'NONE', #3403, .T. ) ;
#2600 = ADVANCED_FACE ( 'NONE', ( #4053 ), #502, .T. ) ;
#2601 = AXIS2_PLACEMENT_3D ( 'NONE', #85, #1169, #4084 ) ;
#2602 = ORIENTED_EDGE ( 'NONE', *, *, #2392, .T. ) ;
#2603 = CARTESIAN_POINT ( 'NONE',  ( 1.333333333333333481, -1.287128181961770590, 3.449999999999999734 ) ) ;
#2604 = DIRECTION ( 'NONE',  ( 0.0000000000000000000, -1.000000000000000000, 0.0000000000000000000 ) ) ;
#2605 = CARTESIAN_POINT ( 'NONE',  ( -4.049999999999999822, -0.5999999999999999778, 2.200000000000000178 ) ) ;
#2606 = MECHANICAL_DESIGN_GEOMETRIC_PRESENTATION_REPRESENTATION (  '', ( #4109 ), #152 ) ;
#2607 = STYLED_ITEM ( 'NONE', ( #798 ), #3473 ) ;
#2608 = CARTESIAN_POINT ( 'NONE',  ( 1.000000000000000000, -7.000000000000000000, 3.780859118568930199 ) ) ;
#2609 = PLANE ( 'NONE',  #598 ) ;
#2610 = ORIENTED_EDGE ( 'NONE', *, *, #2871, .F. ) ;
#2611 =( LENGTH_UNIT ( ) NAMED_UNIT ( * ) SI_UNIT ( .MILLI., .METRE. ) );
#2612 = EDGE_CURVE ( 'NONE', #2281, #3583, #2261, .T. ) ;
#2613 =( GEOMETRIC_REPRESENTATION_CONTEXT ( 3 ) GLOBAL_UNCERTAINTY_ASSIGNED_CONTEXT ( ( #4099 ) ) GLOBAL_UNIT_ASSIGNED_CONTEXT ( ( #3256, #4621, #21 ) ) REPRESENTATION_CONTEXT ( 'NONE', 'WORKASPACE' ) );
#2614 = MECHANICAL_DESIGN_GEOMETRIC_PRESENTATION_REPRESENTATION (  '', ( #1713 ), #1265 ) ;
#2615 = ORIENTED_EDGE ( 'NONE', *, *, #967, .F. ) ;
#2616 = CARTESIAN_POINT ( 'NONE',  ( 3.049999999999999822, -3.310000000000000053, 4.666666666666666075 ) ) ;
#2617 = PLANE ( 'NONE',  #3524 ) ;
#2618 = EDGE_CURVE ( 'NONE', #4324, #76, #708, .T. ) ;
#2619 = CARTESIAN_POINT ( 'NONE',  ( 3.850000000000000089, -3.006493971390749920, -0.08000000000000000167 ) ) ;
#2620 = CARTESIAN_POINT ( 'NONE',  ( -5.100000000000000533, -0.5999999999999999778, 1.090000000000000080 ) ) ;
#2621 = ORIENTED_EDGE ( 'NONE', *, *, #829, .T. ) ;
#2622 = EDGE_LOOP ( 'NONE', ( #264, #1524, #519, #211, #3229, #3412, #2938 ) ) ;
#2623 = FACE_OUTER_BOUND ( 'NONE', #2200, .T. ) ;
#2624 = VERTEX_POINT ( 'NONE', #3007 ) ;
#2626 = B_SPLINE_CURVE_WITH_KNOTS ( 'NONE', 3,
 ( #774, #3289, #2812, #4245 ),
 .UNSPECIFIED., .F., .F.,
 ( 4, 4 ),
 ( 0.0000000000000000000, 1.000000000000000000 ),
 .UNSPECIFIED. ) ;
#2625 = CARTESIAN_POINT ( 'NONE',  ( 4.049999999999999822, -3.006493971390750808, -0.02666666666666666491 ) ) ;
#2627 = EDGE_CURVE ( 'NONE', #132, #3215, #1475, .T. ) ;
#2628 = SURFACE_STYLE_USAGE ( .BOTH. , #1548 ) ;
#2629 = CARTESIAN_POINT ( 'NONE',  ( -1.000000000000000000, -9.772871818038209923, 0.5000000000000000000 ) ) ;
#2630 = EDGE_LOOP ( 'NONE', ( #3638, #2104, #4546, #4279 ) ) ;
#2631 = EDGE_CURVE ( 'NONE', #4177, #138, #4629, .T. ) ;
#2632 = B_SPLINE_CURVE_WITH_KNOTS ( 'NONE', 3,
 ( #3637, #4008, #2517, #763 ),
 .UNSPECIFIED., .F., .F.,
 ( 4, 4 ),
 ( 0.0000000000000000000, 1.000000000000000000 ),
 .UNSPECIFIED. ) ;
#2633 =( LENGTH_UNIT ( ) NAMED_UNIT ( * ) SI_UNIT ( .MILLI., .METRE. ) );
#2634 = CARTESIAN_POINT ( 'NONE',  ( 4.750000000000000000, -3.000000000000000000, 0.0000000000000000000 ) ) ;
#2635 = B_SPLINE_CURVE_WITH_KNOTS ( 'NONE', 3,
 ( #2451, #3094, #2083, #974 ),
 .UNSPECIFIED., .F., .F.,
 ( 4, 4 ),
 ( 0.0000000000000000000, 1.000000000000000000 ),
 .UNSPECIFIED. ) ;
#2636 = UNCERTAINTY_MEASURE_WITH_UNIT (LENGTH_MEASURE( 1.000000000000000082E-05 ), #3337, 'distance_accuracy_value', 'NONE');
#2637 = ORIENTED_EDGE ( 'NONE', *, *, #1501, .T. ) ;
#2638 = EDGE_CURVE ( 'NONE', #2624, #1448, #425, .T. ) ;
#2639 = CARTESIAN_POINT ( 'NONE',  ( 1.500000000000000000, -7.000000000000000000, 3.780859118568930199 ) ) ;
#2640 =( NAMED_UNIT ( * ) PLANE_ANGLE_UNIT ( ) SI_UNIT ( $, .RADIAN. ) );
#2641 = CARTESIAN_POINT ( 'NONE',  ( -1.500000000000000000, -1.287128181961759932, 3.449999999999999734 ) ) ;
#2642 = B_SPLINE_CURVE_WITH_KNOTS ( 'NONE', 3,
 ( #3865, #2381, #3550, #1699 ),
 .UNSPECIFIED., .F., .F.,
 ( 4, 4 ),
 ( 0.0000000000000000000, 1.000000000000000000 ),
 .UNSPECIFIED. ) ;
#2643 = CARTESIAN_POINT ( 'NONE',  ( 3.850000000000000089, -3.006493971390749920, 0.0000000000000000000 ) ) ;
#2644 = CARTESIAN_POINT ( 'NONE',  ( -0.9499999999999999556, -7.000000000000000000, 0.7266666666666665719 ) ) ;
#2645 = VERTEX_POINT ( 'NONE', #2651 ) ;
#2646 = CARTESIAN_POINT ( 'NONE',  ( 4.049999999999999822, -0.08406282870510990712, 2.200000000000000178 ) ) ;
#2647 = CARTESIAN_POINT ( 'NONE',  ( -3.050000000000000266, -7.000000000000000000, 4.700000000000000178 ) ) ;
#2648 = B_SPLINE_CURVE_WITH_KNOTS ( 'NONE', 3,
 ( #3374, #208, #2634, #4060 ),
 .UNSPECIFIED., .F., .F.,
 ( 4, 4 ),
 ( 0.0000000000000000000, 1.000000000000000000 ),
 .UNSPECIFIED. ) ;
#2649 = CARTESIAN_POINT ( 'NONE',  ( -1.000000000000000000, -9.772871818038209923, 0.0000000000000000000 ) ) ;
#2650 = EDGE_LOOP ( 'NONE', ( #3180, #1321, #1962, #4452 ) ) ;
#2651 = CARTESIAN_POINT ( 'NONE',  ( -5.100000000000000533, -0.5999999999999999778, 2.850000000000000089 ) ) ;
#2652 = CARTESIAN_POINT ( 'NONE',  ( -0.3500000000000000333, -4.599999999999999645, 5.500000000000000888 ) ) ;
#2653 = CARTESIAN_POINT ( 'NONE',  ( -1.399999999999999911, -0.7200000000000000844, 3.850000000000000089 ) ) ;
#2654 = CARTESIAN_POINT ( 'NONE',  ( -3.050000000000000266, -3.310000000000000053, 4.299999999999999822 ) ) ;
#2655 = ORIENTED_EDGE ( 'NONE', *, *, #704, .T. ) ;
#2656 = CARTESIAN_POINT ( 'NONE',  ( -3.850000000000000089, -3.006493971390749920, 0.0000000000000000000 ) ) ;
#2657 = EDGE_CURVE ( 'NONE', #2224, #715, #3539, .T. ) ;
#2658 = VERTEX_POINT ( 'NONE', #4468 ) ;
#2659 = CARTESIAN_POINT ( 'NONE',  ( -1.000000000000000000, -8.019974593652642980, 0.6089690105087136596 ) ) ;
#2660 = SURFACE_SIDE_STYLE ('',( #473 ) ) ;
#2661 =( LENGTH_UNIT ( ) NAMED_UNIT ( * ) SI_UNIT ( .MILLI., .METRE. ) );
#2662 = CARTESIAN_POINT ( 'NONE',  ( 3.050000000000000266, -6.200000000000000178, 2.700000000000000178 ) ) ;
#2663 = ORIENTED_EDGE ( 'NONE', *, *, #3691, .T. ) ;
#2665 = VERTEX_POINT ( 'NONE', #2258 ) ;
#2664 = B_SPLINE_CURVE_WITH_KNOTS ( 'NONE', 1,
 ( #483, #1909 ),
 .UNSPECIFIED., .F., .F.,
 ( 2, 2 ),
 ( 0.0000000000000000000, 1.039964272304189974 ),
 .UNSPECIFIED. ) ;
#2666 = CARTESIAN_POINT ( 'NONE',  ( 3.850000000000000089, 1.091865616008679887E-15, 0.0000000000000000000 ) ) ;
#2667 = EDGE_CURVE ( 'NONE', #4239, #262, #2483, .T. ) ;
#2668 = CARTESIAN_POINT ( 'NONE',  ( -0.9499999999999999556, -7.566268299385890295, 0.3633333333333332305 ) ) ;
#2669 = ORIENTED_EDGE ( 'NONE', *, *, #3781, .F. ) ;
#2670 = CARTESIAN_POINT ( 'NONE',  ( 4.049999999999999822, -3.006493971390750808, -0.05333333333333332982 ) ) ;
#2671 = CARTESIAN_POINT ( 'NONE',  ( 3.050000000000000266, -7.000000000000000000, 4.460000000000000853 ) ) ;
#2672 = EDGE_CURVE ( 'NONE', #3499, #2665, #3721, .T. ) ;
#2673 =( GEOMETRIC_REPRESENTATION_CONTEXT ( 3 ) GLOBAL_UNCERTAINTY_ASSIGNED_CONTEXT ( ( #4390 ) ) GLOBAL_UNIT_ASSIGNED_CONTEXT ( ( #2498, #1039, #1012 ) ) REPRESENTATION_CONTEXT ( 'NONE', 'WORKASPACE' ) );
#2674 =( NAMED_UNIT ( * ) PLANE_ANGLE_UNIT ( ) SI_UNIT ( $, .RADIAN. ) );
#2675 = CARTESIAN_POINT ( 'NONE',  ( -3.049999999999999822, -6.733333333333333393, 4.700000000000000178 ) ) ;
#2676 = ORIENTED_EDGE ( 'NONE', *, *, #961, .F. ) ;
#2677 = STYLED_ITEM ( 'NONE', ( #907 ), #2745 ) ;
#2678 = CARTESIAN_POINT ( 'NONE',  ( -3.724879999999999747, -0.1298800000000019939, 2.850000000000000089 ) ) ;
#2679 = B_SPLINE_CURVE_WITH_KNOTS ( 'NONE', 1,
 ( #1739, #3179 ),
 .UNSPECIFIED., .F., .F.,
 ( 2, 2 ),
 ( 0.0000000000000000000, 0.2999999999999999889 ),
 .UNSPECIFIED. ) ;
#2680 = VERTEX_POINT ( 'NONE', #2300 ) ;
#2681 = CARTESIAN_POINT ( 'NONE',  ( 3.850000000000000089, -0.5999999999999999778, 2.850000000000000089 ) ) ;
#2682 = B_SPLINE_CURVE_WITH_KNOTS ( 'NONE', 3,
 ( #4002, #4375, #343, #2843 ),
 .UNSPECIFIED., .F., .F.,
 ( 4, 4 ),
 ( 0.0000000000000000000, 1.000000000000000000 ),
 .UNSPECIFIED. ) ;
#2683 = CARTESIAN_POINT ( 'NONE',  ( 1.500000000000000000, -9.772871818038218805, 0.0000000000000000000 ) ) ;
#2684 = EDGE_CURVE ( 'NONE', #1327, #3507, #1021, .T. ) ;
#2685 =( GEOMETRIC_REPRESENTATION_CONTEXT ( 3 ) GLOBAL_UNCERTAINTY_ASSIGNED_CONTEXT ( ( #2502 ) ) GLOBAL_UNIT_ASSIGNED_CONTEXT ( ( #205, #2417, #4596 ) ) REPRESENTATION_CONTEXT ( 'NONE', 'WORKASPACE' ) );
#2686 = PRESENTATION_LAYER_ASSIGNMENT (  '', '', ( #1406 ) ) ;
#2687 =( NAMED_UNIT ( * ) PLANE_ANGLE_UNIT ( ) SI_UNIT ( $, .RADIAN. ) );
#2688 =( NAMED_UNIT ( * ) SI_UNIT ( $, .STERADIAN. ) SOLID_ANGLE_UNIT ( ) );
#2689 = ORIENTED_EDGE ( 'NONE', *, *, #23, .T. ) ;
#2690 = CARTESIAN_POINT ( 'NONE',  ( -3.050000000000000266, -6.200000000000000178, 4.700000000000000178 ) ) ;
#2691 = PLANE ( 'NONE',  #1193 ) ;
#2692 = CARTESIAN_POINT ( 'NONE',  ( -2.175378523994853541, -7.799999999999999822, 1.089999999999999858 ) ) ;
#2693 = CARTESIAN_POINT ( 'NONE',  ( -0.3499999999999996447, -1.533333333333333215, 6.080000000000000071 ) ) ;
#2694 = B_SPLINE_CURVE_WITH_KNOTS ( 'NONE', 1,
 ( #168, #1166 ),
 .UNSPECIFIED., .F., .F.,
 ( 2, 2 ),
 ( 0.0000000000000000000, 0.5000000000000000000 ),
 .UNSPECIFIED. ) ;
#2695 = CARTESIAN_POINT ( 'NONE',  ( 3.050000000000000266, -3.137915197154782287, 5.171201685299531725 ) ) ;
#2696 = ORIENTED_EDGE ( 'NONE', *, *, #3774, .T. ) ;
#2697 = ORIENTED_EDGE ( 'NONE', *, *, #379, .F. ) ;
#2698 = EDGE_CURVE ( 'NONE', #619, #583, #1080, .T. ) ;
#2699 = CARTESIAN_POINT ( 'NONE',  ( -3.050000000000000711, -4.583333333333333037, 5.209999999999999964 ) ) ;
#2700 = CARTESIAN_POINT ( 'NONE',  ( -3.724879999999999747, -0.5999999999999999778, 0.9138800000000000257 ) ) ;
#2701 = ORIENTED_EDGE ( 'NONE', *, *, #1790, .T. ) ;
#2702 = EDGE_CURVE ( 'NONE', #2820, #1316, #3449, .T. ) ;
#2703 = CARTESIAN_POINT ( 'NONE',  ( -3.849999999999999645, -3.187458446164514125, 5.121820696022941988 ) ) ;
#2704 = CARTESIAN_POINT ( 'NONE',  ( 1.399999999999999911, -0.7200000000000000844, 3.550000000000000266 ) ) ;
#2705 = B_SPLINE_CURVE_WITH_KNOTS ( 'NONE', 3,
 ( #1139, #661, #2590, #2568 ),
 .UNSPECIFIED., .F., .F.,
 ( 4, 4 ),
 ( 0.0000000000000000000, 1.000000000000000000 ),
 .UNSPECIFIED. ) ;
#2706 = ORIENTED_EDGE ( 'NONE', *, *, #2631, .T. ) ;
#2707 = CARTESIAN_POINT ( 'NONE',  ( 3.850000000000000977, -3.301574596127490935, 4.940507078065463631 ) ) ;
#2708 = CARTESIAN_POINT ( 'NONE',  ( 3.850000000000000089, -7.799999999999999822, 2.686666666666666536 ) ) ;
#2709 = ADVANCED_FACE ( 'NONE', ( #1240 ), #2321, .T. ) ;
#2710 = FACE_OUTER_BOUND ( 'NONE', #3817, .T. ) ;
#2711 = CARTESIAN_POINT ( 'NONE',  ( -1.000000000000000000, -5.400000000000000355, 3.449999999999999734 ) ) ;
#2712 = EDGE_LOOP ( 'NONE', ( #3766, #3915, #1896, #707 ) ) ;
#2713 = SURFACE_STYLE_FILL_AREA ( #3096 ) ;
#2714 = CARTESIAN_POINT ( 'NONE',  ( 1.000000000000000000, -5.400000000000000355, 3.449999999999999734 ) ) ;
#2715 = CARTESIAN_POINT ( 'NONE',  ( -0.7619322140077199323, -7.799999999999999822, 1.090000000000000080 ) ) ;
#2716 = CARTESIAN_POINT ( 'NONE',  ( -3.850000000000000089, -7.533333333333333215, 4.173333333333332895 ) ) ;
#2717 = EDGE_CURVE ( 'NONE', #1074, #1434, #3835, .T. ) ;
#2718 = ADVANCED_FACE ( 'NONE', ( #245 ), #2389, .T. ) ;
#2719 = CARTESIAN_POINT ( 'NONE',  ( -1.000000000000000000, -9.772871818038209923, 0.5000000000000000000 ) ) ;
#2720 = ORIENTED_EDGE ( 'NONE', *, *, #1053, .T. ) ;
#2721 = ORIENTED_EDGE ( 'NONE', *, *, #2302, .F. ) ;
#2722 =( NAMED_UNIT ( * ) PLANE_ANGLE_UNIT ( ) SI_UNIT ( $, .RADIAN. ) );
#2723 = CARTESIAN_POINT ( 'NONE',  ( 4.049999999999999822, -0.5999999999999999778, 2.200000000000000178 ) ) ;
#2724 = CARTESIAN_POINT ( 'NONE',  ( 1.000000000000000000, -7.406778174262040437, 3.192135588967509818 ) ) ;
#2725 = ORIENTED_EDGE ( 'NONE', *, *, #3081, .T. ) ;
#2726 = CARTESIAN_POINT ( 'NONE',  ( -3.850000000000000533, -3.307893649031873107, 4.894949872414365188 ) ) ;
#2727 = CARTESIAN_POINT ( 'NONE',  ( -3.850000000000000089, -1.058206542933656458, 0.0000000000000000000 ) ) ;
#2728 = EDGE_CURVE ( 'NONE', #1072, #877, #3104, .T. ) ;
#2729 = ORIENTED_EDGE ( 'NONE', *, *, #4349, .T. ) ;
#2730 = VERTEX_POINT ( 'NONE', #1679 ) ;
#2731 = CARTESIAN_POINT ( 'NONE',  ( 3.850000000000000089, -7.266666666666666607, 4.316666666666666430 ) ) ;
#2732 = CARTESIAN_POINT ( 'NONE',  ( 1.850000000000000089, 3.062295787318689839E-15, 5.790000000000000036 ) ) ;
#2733 = EDGE_CURVE ( 'NONE', #3651, #2875, #1927, .T. ) ;
#2734 = B_SPLINE_CURVE_WITH_KNOTS ( 'NONE', 3,
 ( #4197, #4174, #2056, #3092 ),
 .UNSPECIFIED., .F., .F.,
 ( 4, 4 ),
 ( 0.0000000000000000000, 1.000000000000000000 ),
 .UNSPECIFIED. ) ;
#2735 = DIRECTION ( 'NONE',  ( 0.0000000000000000000, 0.0000000000000000000, 1.000000000000000000 ) ) ;
#2736 = ORIENTED_EDGE ( 'NONE', *, *, #2863, .T. ) ;
#2737 = DIRECTION ( 'NONE',  ( 0.7791056687136858061, 0.6268926199742669292, 0.0000000000000000000 ) ) ;
#2738 = PLANE ( 'NONE',  #1263 ) ;
#2739 = CARTESIAN_POINT ( 'NONE',  ( -0.2539774046692405696, -7.799999999999999822, 1.089999999999999858 ) ) ;
#2740 = SURFACE_SIDE_STYLE ('',( #542 ) ) ;
#2741 = CARTESIAN_POINT ( 'NONE',  ( -3.850000000000000089, -0.5999999999999999778, 2.200000000000000178 ) ) ;
#2742 = ORIENTED_EDGE ( 'NONE', *, *, #2061, .F. ) ;
#2743 = ORIENTED_EDGE ( 'NONE', *, *, #851, .T. ) ;
#2744 = DIRECTION ( 'NONE',  ( -1.000000000000000000, 0.0000000000000000000, 0.0000000000000000000 ) ) ;
#2745 = ADVANCED_FACE ( 'NONE', ( #4135 ), #3503, .T. ) ;
#2746 = CARTESIAN_POINT ( 'NONE',  ( 1.409150011475505782, -3.599495511533747027, 6.079999999999997407 ) ) ;
#2747 = CARTESIAN_POINT ( 'NONE',  ( -1.000000000000000000, -8.317569314890061349, 0.5000000000000000000 ) ) ;
#2748 = ORIENTED_EDGE ( 'NONE', *, *, #693, .T. ) ;
#2749 = CARTESIAN_POINT ( 'NONE',  ( -5.100000000000000533, -3.000000000000000000, 0.0000000000000000000 ) ) ;
#2750 = SURFACE_SIDE_STYLE ('',( #987 ) ) ;
#2751 = B_SPLINE_CURVE_WITH_KNOTS ( 'NONE', 1,
 ( #403, #1775 ),
 .UNSPECIFIED., .F., .F.,
 ( 2, 2 ),
 ( -0.5000000000000000000, 0.0000000000000000000 ),
 .UNSPECIFIED. ) ;
#2752 = ORIENTED_EDGE ( 'NONE', *, *, #3314, .F. ) ;
#2753 = DIRECTION ( 'NONE',  ( 0.0000000000000000000, 0.0000000000000000000, 1.000000000000000000 ) ) ;
#2754 = ORIENTED_EDGE ( 'NONE', *, *, #348, .F. ) ;
#2755 = B_SPLINE_CURVE_WITH_KNOTS ( 'NONE', 1,
 ( #4526, #1667 ),
 .UNSPECIFIED., .F., .F.,
 ( 2, 2 ),
 ( -1.530145167726479905, 0.0000000000000000000 ),
 .UNSPECIFIED. ) ;
#2756 = DIRECTION ( 'NONE',  ( -0.0000000000000000000, 1.000000000000000000, 0.0000000000000000000 ) ) ;
#2757 = CARTESIAN_POINT ( 'NONE',  ( -1.000000000000000000, -9.772871818038209923, 0.5000000000000000000 ) ) ;
#2758 = EDGE_CURVE ( 'NONE', #1228, #1676, #1308, .T. ) ;
#2759 =( GEOMETRIC_REPRESENTATION_CONTEXT ( 3 ) GLOBAL_UNCERTAINTY_ASSIGNED_CONTEXT ( ( #769 ) ) GLOBAL_UNIT_ASSIGNED_CONTEXT ( ( #1217, #3756, #521 ) ) REPRESENTATION_CONTEXT ( 'NONE', 'WORKASPACE' ) );
#2760 = CARTESIAN_POINT ( 'NONE',  ( 1.751256890803259969, -0.5599999999999999423, 5.209999999999999964 ) ) ;
#2761 = ORIENTED_EDGE ( 'NONE', *, *, #4393, .T. ) ;
#2762 = AXIS2_PLACEMENT_3D ( 'NONE', #335, #637, #3899 ) ;
#2763 = FILL_AREA_STYLE_COLOUR ( '', #665 ) ;
#2764 = CARTESIAN_POINT ( 'NONE',  ( 1.850000000000000089, 3.225309679826754708E-15, 6.080000000000000071 ) ) ;
#2765 = AXIS2_PLACEMENT_3D ( 'NONE', #2862, #685, #2888 ) ;
#2766 =( NAMED_UNIT ( * ) SI_UNIT ( $, .STERADIAN. ) SOLID_ANGLE_UNIT ( ) );
#2767 = EDGE_CURVE ( 'NONE', #1153, #2051, #4225, .T. ) ;
#2768 = PLANE ( 'NONE',  #3439 ) ;
#2769 = CARTESIAN_POINT ( 'NONE',  ( -1.500000000000000000, -7.460296961164719853, 0.8018363510626200785 ) ) ;
#2770 = ORIENTED_EDGE ( 'NONE', *, *, #3769, .T. ) ;
#2771 = FILL_AREA_STYLE ('',( #4160 ) ) ;
#2772 = CARTESIAN_POINT ( 'NONE',  ( 3.050000000000000266, -7.799999999999999822, 1.090000000000000080 ) ) ;
#2773 = CARTESIAN_POINT ( 'NONE',  ( -1.000000000000000000, -5.400000000000000355, 3.449999999999999734 ) ) ;
#2774 = ORIENTED_EDGE ( 'NONE', *, *, #865, .T. ) ;
#2775 = B_SPLINE_CURVE_WITH_KNOTS ( 'NONE', 3,
 ( #1930, #4093, #548, #1977 ),
 .UNSPECIFIED., .F., .F.,
 ( 4, 4 ),
 ( 0.0000000000000000000, 1.000000000000000000 ),
 .UNSPECIFIED. ) ;
#2776 = CARTESIAN_POINT ( 'NONE',  ( 3.724879999999999747, -0.1298800000000019939, 2.850000000000000089 ) ) ;
#2777 = CARTESIAN_POINT ( 'NONE',  ( 5.100000000000000533, -3.733333333333333393, 2.850000000000000089 ) ) ;
#2778 = ADVANCED_FACE ( 'NONE', ( #4154 ), #286, .T. ) ;
#2779 = CARTESIAN_POINT ( 'NONE',  ( -3.050000000000000266, -6.733333333333333393, 2.700000000000000178 ) ) ;
#2780 = VERTEX_POINT ( 'NONE', #3803 ) ;
#2781 = PLANE ( 'NONE',  #3221 ) ;
#2782 = ORIENTED_EDGE ( 'NONE', *, *, #3616, .F. ) ;
#2783 = PLANE ( 'NONE',  #2994 ) ;
#2784 = VERTEX_POINT ( 'NONE', #2789 ) ;
#2785 = DIRECTION ( 'NONE',  ( 0.0000000000000000000, 0.0000000000000000000, 1.000000000000000000 ) ) ;
#2786 = DIRECTION ( 'NONE',  ( 0.0000000000000000000, 1.000000000000000000, 0.0000000000000000000 ) ) ;
#2787 = CARTESIAN_POINT ( 'NONE',  ( 4.049999999999999822, -0.5999999999999999778, 1.090000000000000080 ) ) ;
#2788 = B_SPLINE_CURVE_WITH_KNOTS ( 'NONE', 3,
 ( #2029, #966, #207, #4547 ),
 .UNSPECIFIED., .F., .F.,
 ( 4, 4 ),
 ( 0.0000000000000000000, 1.000000000000000000 ),
 .UNSPECIFIED. ) ;
#2789 = CARTESIAN_POINT ( 'NONE',  ( -5.100000000000000533, -3.000000000000000000, 1.090000000000000080 ) ) ;
#2790 = ADVANCED_FACE ( 'NONE', ( #2017 ), #2768, .T. ) ;
#2791 = CARTESIAN_POINT ( 'NONE',  ( 1.016666666666670160, -7.000000000000000000, 5.209999999999999964 ) ) ;
#2792 = EDGE_LOOP ( 'NONE', ( #2093, #550, #1395, #915, #2743, #3842, #1189, #1451 ) ) ;
#2793 = ORIENTED_EDGE ( 'NONE', *, *, #1204, .T. ) ;
#2794 = SURFACE_SIDE_STYLE ('',( #2817 ) ) ;
#2795 = CARTESIAN_POINT ( 'NONE',  ( -3.850000000000000089, -2.949999999999999734, 5.209999999999999964 ) ) ;
#2796 = FILL_AREA_STYLE ('',( #1715 ) ) ;
#2797 = ORIENTED_EDGE ( 'NONE', *, *, #1078, .T. ) ;
#2798 = DIRECTION ( 'NONE',  ( -1.000000000000000000, 0.0000000000000000000, 0.0000000000000000000 ) ) ;
#2799 = CARTESIAN_POINT ( 'NONE',  ( -1.500000000000000000, -8.242726650311741565, 0.0000000000000000000 ) ) ;
#2800 = SURFACE_STYLE_USAGE ( .BOTH. , #1393 ) ;
#2801 = B_SPLINE_CURVE_WITH_KNOTS ( 'NONE', 3,
 ( #2430, #659, #3529, #1804 ),
 .UNSPECIFIED., .F., .F.,
 ( 4, 4 ),
 ( 0.0000000000000000000, 1.000000000000000000 ),
 .UNSPECIFIED. ) ;
#2802 = CARTESIAN_POINT ( 'NONE',  ( 0.9499999999999998446, -7.000000000000000000, 0.3633333333333332305 ) ) ;
#2803 = ORIENTED_EDGE ( 'NONE', *, *, #1481, .T. ) ;
#2804 = SURFACE_STYLE_FILL_AREA ( #1373 ) ;
#2805 = CARTESIAN_POINT ( 'NONE',  ( -1.500000000000000000, -4.029042727320589989, 3.449999999999999734 ) ) ;
#2806 = EDGE_CURVE ( 'NONE', #4354, #911, #1422, .T. ) ;
#2807 = VERTEX_POINT ( 'NONE', #4338 ) ;
#2808 = CARTESIAN_POINT ( 'NONE',  ( -0.3500000000000044742, -4.599999999999999645, 6.080000000000000071 ) ) ;
#2809 = ORIENTED_EDGE ( 'NONE', *, *, #4514, .F. ) ;
#2810 = DIRECTION ( 'NONE',  ( 0.0000000000000000000, 1.000000000000000000, 0.0000000000000000000 ) ) ;
#2811 =( NAMED_UNIT ( * ) PLANE_ANGLE_UNIT ( ) SI_UNIT ( $, .RADIAN. ) );
#2812 = CARTESIAN_POINT ( 'NONE',  ( 3.050000000000000266, -5.400000000000000355, 2.463333333333332931 ) ) ;
#2813 = FACE_OUTER_BOUND ( 'NONE', #992, .T. ) ;
#2814 = DIRECTION ( 'NONE',  ( 0.0000000000000000000, 0.0000000000000000000, -1.000000000000000000 ) ) ;
#2815 = EDGE_LOOP ( 'NONE', ( #2827, #58, #477, #2012 ) ) ;
#2816 = ORIENTED_EDGE ( 'NONE', *, *, #1991, .F. ) ;
#2817 = SURFACE_STYLE_FILL_AREA ( #2771 ) ;
#2818 = CARTESIAN_POINT ( 'NONE',  ( 4.683333333333333570, -5.299999999999999822, 0.0000000000000000000 ) ) ;
#2819 = SURFACE_SIDE_STYLE ('',( #3909 ) ) ;
#2820 = VERTEX_POINT ( 'NONE', #1731 ) ;
#2821 = CARTESIAN_POINT ( 'NONE',  ( -1.000000000000000000, -8.242726650311741565, 0.0000000000000000000 ) ) ;
#2822 = EDGE_CURVE ( 'NONE', #412, #1248, #41, .T. ) ;
#2823 = B_SPLINE_CURVE_WITH_KNOTS ( 'NONE', 3,
 ( #2795, #4230, #1388, #3540 ),
 .UNSPECIFIED., .F., .F.,
 ( 4, 4 ),
 ( 0.0000000000000000000, 1.000000000000000000 ),
 .UNSPECIFIED. ) ;
#2824 = CARTESIAN_POINT ( 'NONE',  ( -3.850000000000000089, -3.310000000000000053, 4.850000000000000533 ) ) ;
#2825 = DIRECTION ( 'NONE',  ( 0.0000000000000000000, -1.000000000000000000, 0.0000000000000000000 ) ) ;
#2827 = ORIENTED_EDGE ( 'NONE', *, *, #517, .F. ) ;
#2826 = APPLICATION_CONTEXT ( 'automotive_design' ) ;
#2828 = CARTESIAN_POINT ( 'NONE',  ( -0.9499999999999999556, -7.566268299385889406, 0.0000000000000000000 ) ) ;
#2829 = ORIENTED_EDGE ( 'NONE', *, *, #4407, .F. ) ;
#2830 = CARTESIAN_POINT ( 'NONE',  ( 3.050000000000000266, -3.310000000000000053, 4.299999999999999822 ) ) ;
#2831 = ORIENTED_EDGE ( 'NONE', *, *, #196, .T. ) ;
#2832 = EDGE_CURVE ( 'NONE', #262, #2891, #201, .T. ) ;
#2833 = DIRECTION ( 'NONE',  ( -0.0000000000000000000, 1.000000000000000000, 0.0000000000000000000 ) ) ;
#2834 = CARTESIAN_POINT ( 'NONE',  ( 11.69012000000000029, 0.5401200000000000445, 1.090000000000000080 ) ) ;
#2835 = PRESENTATION_LAYER_ASSIGNMENT (  '', '', ( #2166 ) ) ;
#2836 = B_SPLINE_CURVE_WITH_KNOTS ( 'NONE', 3,
 ( #1546, #1505, #1157, #1132 ),
 .UNSPECIFIED., .F., .F.,
 ( 4, 4 ),
 ( 0.0000000000000000000, 1.000000000000000000 ),
 .UNSPECIFIED. ) ;
#2837 = AXIS2_PLACEMENT_3D ( 'NONE', #1648, #3864, #1350 ) ;
#2838 = CARTESIAN_POINT ( 'NONE',  ( -3.449999999999999734, -2.949999999999999734, 4.850000000000000533 ) ) ;
#2839 = DIRECTION ( 'NONE',  ( 0.0000000000000000000, -1.000000000000000000, 0.0000000000000000000 ) ) ;
#2840 = EDGE_LOOP ( 'NONE', ( #3340, #3453, #3224, #411, #2521, #1534, #1289, #2528, #2120 ) ) ;
#2841 = EDGE_CURVE ( 'NONE', #1716, #3947, #2941, .T. ) ;
#2842 = ORIENTED_EDGE ( 'NONE', *, *, #2284, .T. ) ;
#2843 = CARTESIAN_POINT ( 'NONE',  ( 5.100000000000000533, -0.5999999999999999778, 2.850000000000000089 ) ) ;
#2844 = AXIS2_PLACEMENT_3D ( 'NONE', #1181, #4470, #1507 ) ;
#2845 = ORIENTED_EDGE ( 'NONE', *, *, #3295, .T. ) ;
#2846 = EDGE_CURVE ( 'NONE', #2480, #2943, #1199, .T. ) ;
#2847 = PLANE ( 'NONE',  #1253 ) ;
#2848 = ORIENTED_EDGE ( 'NONE', *, *, #315, .T. ) ;
#2849 = PLANE ( 'NONE',  #2019 ) ;
#2850 = B_SPLINE_CURVE_WITH_KNOTS ( 'NONE', 3,
 ( #2218, #1226, #1871, #2656 ),
 .UNSPECIFIED., .F., .F.,
 ( 4, 4 ),
 ( 0.0000000000000000000, 1.000000000000000000 ),
 .UNSPECIFIED. ) ;
#2851 = ADVANCED_FACE ( 'NONE', ( #4612 ), #2196, .T. ) ;
#2852 = CARTESIAN_POINT ( 'NONE',  ( -4.049999999999999822, -0.08406282870510990712, 2.200000000000000178 ) ) ;
#2853 = CARTESIAN_POINT ( 'NONE',  ( -1.000000000000000000, -7.000000000000000000, 3.780859118568930199 ) ) ;
#2854 = VERTEX_POINT ( 'NONE', #2928 ) ;
#2855 = CARTESIAN_POINT ( 'NONE',  ( 3.050000000000000266, -7.799999999999999822, 4.029999999999999361 ) ) ;
#2856 = ORIENTED_EDGE ( 'NONE', *, *, #3237, .T. ) ;
#2857 = B_SPLINE_CURVE_WITH_KNOTS ( 'NONE', 3,
 ( #4299, #3599, #2203, #1754 ),
 .UNSPECIFIED., .F., .F.,
 ( 4, 4 ),
 ( 0.0000000000000000000, 1.000000000000000000 ),
 .UNSPECIFIED. ) ;
#2858 = PLANE ( 'NONE',  #3522 ) ;
#2859 = ORIENTED_EDGE ( 'NONE', *, *, #1589, .T. ) ;
#2860 = FILL_AREA_STYLE_COLOUR ( '', #2449 ) ;
#2861 = SURFACE_SIDE_STYLE ('',( #2134 ) ) ;
#2862 = CARTESIAN_POINT ( 'NONE',  ( 3.050000000000000266, 0.5401200000000000445, 0.6778799999999999271 ) ) ;
#2863 = EDGE_CURVE ( 'NONE', #4323, #3527, #2705, .T. ) ;
#2864 = CARTESIAN_POINT ( 'NONE',  ( 1.500000000000000000, -7.000000000000000000, 3.780859118568930199 ) ) ;
#2865 = SURFACE_STYLE_FILL_AREA ( #3249 ) ;
#2866 = ORIENTED_EDGE ( 'NONE', *, *, #147, .T. ) ;
#2867 = VERTEX_POINT ( 'NONE', #4035 ) ;
#2868 = B_SPLINE_CURVE_WITH_KNOTS ( 'NONE', 3,
 ( #2034, #2802, #4551, #1322 ),
 .UNSPECIFIED., .F., .F.,
 ( 4, 4 ),
 ( 0.0000000000000000000, 1.000000000000000000 ),
 .UNSPECIFIED. ) ;
#2869 = CARTESIAN_POINT ( 'NONE',  ( 3.050000000000000266, 3.693950829973889345E-15, 4.299999999999999822 ) ) ;
#2870 = B_SPLINE_CURVE_WITH_KNOTS ( 'NONE', 3,
 ( #2976, #4063, #2268, #1249, #2354, #3446, #3091, #1229, #2311, #3064, #1598, #1620, #2707, #555, #2332 ),
 .UNSPECIFIED., .F., .F.,
 ( 4, 2, 2, 2, 1, 2, 2, 4 ),
 ( 0.0000000000000000000, 0.1250000000000038580, 0.2500000000000077161, 0.5000000000000133227, 0.6250000000000162093, 0.6875000000000150990, 0.7500000000000139888, 1.000000000000000000 ),
 .UNSPECIFIED. ) ;
#2871 = EDGE_CURVE ( 'NONE', #1907, #4324, #808, .T. ) ;
#2872 = EDGE_LOOP ( 'NONE', ( #4302, #3993, #1024, #2621 ) ) ;
#2873 = DIRECTION ( 'NONE',  ( 0.0000000000000000000, -1.000000000000000000, 0.0000000000000000000 ) ) ;
#2874 = FACE_OUTER_BOUND ( 'NONE', #2511, .T. ) ;
#2875 = VERTEX_POINT ( 'NONE', #445 ) ;
#2876 = CARTESIAN_POINT ( 'NONE',  ( 3.916666666666666519, -0.08406282870510990712, 2.200000000000000178 ) ) ;
#2877 = B_SPLINE_CURVE_WITH_KNOTS ( 'NONE', 3,
 ( #3946, #1831, #1471, #1497 ),
 .UNSPECIFIED., .F., .F.,
 ( 4, 4 ),
 ( 0.0000000000000000000, 1.000000000000000000 ),
 .UNSPECIFIED. ) ;
#2878 = CARTESIAN_POINT ( 'NONE',  ( 0.8699999999999999956, -4.599999999999999645, 6.080000000000000071 ) ) ;
#2879 = CARTESIAN_POINT ( 'NONE',  ( -3.050000000000000266, -6.733333333333332504, 5.209999999999999964 ) ) ;
#2880 = FILL_AREA_STYLE_COLOUR ( '', #3434 ) ;
#2881 = CARTESIAN_POINT ( 'NONE',  ( 0.3499999999999999778, -4.599999999999999645, 6.080000000000000071 ) ) ;
#2882 = ADVANCED_FACE ( 'NONE', ( #812 ), #3307, .T. ) ;
#2883 = VERTEX_POINT ( 'NONE', #575 ) ;
#2884 = CARTESIAN_POINT ( 'NONE',  ( -1.500000000000000000, -1.287128181961759932, 3.449999999999999734 ) ) ;
#2885 = ORIENTED_EDGE ( 'NONE', *, *, #2806, .F. ) ;
#2886 = CARTESIAN_POINT ( 'NONE',  ( -3.050000000000000266, -7.799999999999999822, 4.029999999999999361 ) ) ;
#2887 = FACE_OUTER_BOUND ( 'NONE', #1557, .T. ) ;
#2888 = DIRECTION ( 'NONE',  ( 0.0000000000000000000, 1.000000000000000000, 0.0000000000000000000 ) ) ;
#2889 = ADVANCED_FACE ( 'NONE', ( #4454 ), #232, .T. ) ;
#2890 = DIRECTION ( 'NONE',  ( 0.0000000000000000000, -1.000000000000000000, 0.0000000000000000000 ) ) ;
#2891 = VERTEX_POINT ( 'NONE', #2999 ) ;
#2892 = VERTEX_POINT ( 'NONE', #4432 ) ;
#2893 = FACE_OUTER_BOUND ( 'NONE', #985, .T. ) ;
#2894 = VERTEX_POINT ( 'NONE', #1553 ) ;
#2895 = PLANE ( 'NONE',  #1704 ) ;
#2896 = FILL_AREA_STYLE_COLOUR ( '', #10 ) ;
#2897 = EDGE_CURVE ( 'NONE', #3965, #3963, #1636, .T. ) ;
#2898 = CARTESIAN_POINT ( 'NONE',  ( 1.100000000000000089, -0.7200000000000000844, 3.850000000000000089 ) ) ;
#2899 = B_SPLINE_CURVE_WITH_KNOTS ( 'NONE', 3,
 ( #316, #4249, #12, #2160 ),
 .UNSPECIFIED., .F., .F.,
 ( 4, 4 ),
 ( 0.0000000000000000000, 1.000000000000000000 ),
 .UNSPECIFIED. ) ;
#2900 = CARTESIAN_POINT ( 'NONE',  ( 1.500000000000000000, -1.287128181961769924, 3.449999999999999734 ) ) ;
#2901 = CARTESIAN_POINT ( 'NONE',  ( 3.850000000000000089, -0.08406282870510990712, -0.08000000000000000167 ) ) ;
#2902 = VERTEX_POINT ( 'NONE', #875 ) ;
#2903 = SURFACE_STYLE_FILL_AREA ( #1486 ) ;
#2904 = CARTESIAN_POINT ( 'NONE',  ( 2.516666666666667496, 0.0000000000000000000, 5.209999999999999964 ) ) ;
#2905 = ORIENTED_EDGE ( 'NONE', *, *, #1402, .F. ) ;
#2906 = CARTESIAN_POINT ( 'NONE',  ( -1.399999999999999467, -0.7199999999999958655, 3.649999999999999467 ) ) ;
#2907 = ADVANCED_FACE ( 'NONE', ( #507 ), #4123, .T. ) ;
#2908 = CARTESIAN_POINT ( 'NONE',  ( 0.5233333333333345383, -4.599999999999999645, 6.080000000000000071 ) ) ;
#2909 = FACE_OUTER_BOUND ( 'NONE', #1982, .T. ) ;
#2910 = PRESENTATION_STYLE_ASSIGNMENT (( #1121 ) ) ;
#2911 = ORIENTED_EDGE ( 'NONE', *, *, #2076, .T. ) ;
#2912 = EDGE_CURVE ( 'NONE', #4617, #1219, #3622, .T. ) ;
#2913 = AXIS2_PLACEMENT_3D ( 'NONE', #1837, #2562, #2873 ) ;
#2914 = ORIENTED_EDGE ( 'NONE', *, *, #2507, .F. ) ;
#2915 = COLOUR_RGB ( '',0.8980392156862745390, 0.8980392156862745390, 0.8980392156862745390 ) ;
#2916 =( LENGTH_UNIT ( ) NAMED_UNIT ( * ) SI_UNIT ( .MILLI., .METRE. ) );
#2917 = STYLED_ITEM ( 'NONE', ( #2573 ), #979 ) ;
#2918 = ORIENTED_EDGE ( 'NONE', *, *, #1762, .T. ) ;
#2919 =( NAMED_UNIT ( * ) PLANE_ANGLE_UNIT ( ) SI_UNIT ( $, .RADIAN. ) );
#2920 = CARTESIAN_POINT ( 'NONE',  ( -1.500000000000000000, -7.946778174262040473, 0.9173180782031339353 ) ) ;
#2921 = STYLED_ITEM ( 'NONE', ( #4586 ), #4594 ) ;
#2922 = CARTESIAN_POINT ( 'NONE',  ( 1.500000000000000000, -5.400000000000000355, 3.449999999999999734 ) ) ;
#2923 = EDGE_CURVE ( 'NONE', #2883, #3699, #3944, .T. ) ;
#2924 = CARTESIAN_POINT ( 'NONE',  ( -4.049999999999999822, -0.08406282870510990712, 0.6799999999999999378 ) ) ;
#2925 = SURFACE_SIDE_STYLE ('',( #2903 ) ) ;
#2926 = B_SPLINE_CURVE_WITH_KNOTS ( 'NONE', 3,
 ( #4237, #940, #2375, #1010 ),
 .UNSPECIFIED., .F., .F.,
 ( 4, 4 ),
 ( 0.0000000000000000000, 1.000000000000000000 ),
 .UNSPECIFIED. ) ;
#2927 = CARTESIAN_POINT ( 'NONE',  ( -4.399999999999999467, -3.000721552376753198, 0.0000000000000000000 ) ) ;
#2928 = CARTESIAN_POINT ( 'NONE',  ( -3.050000000000000266, -5.400000000000000355, 1.090000000000000080 ) ) ;
#2929 = EDGE_CURVE ( 'NONE', #132, #1884, #2648, .T. ) ;
#2930 = VERTEX_POINT ( 'NONE', #1185 ) ;
#2931 = PRODUCT_DEFINITION_CONTEXT ( 'detailed design', #1231, 'design' ) ;
#2932 = DIRECTION ( 'NONE',  ( 1.000000000000000000, 0.0000000000000000000, 0.0000000000000000000 ) ) ;
#2933 = ORIENTED_EDGE ( 'NONE', *, *, #2507, .T. ) ;
#2934 = CARTESIAN_POINT ( 'NONE',  ( 1.500000000000000000, -9.772871818038218805, 0.5000000000000000000 ) ) ;
#2935 = CARTESIAN_POINT ( 'NONE',  ( -3.850000000000000089, -7.799999999999999822, 0.0000000000000000000 ) ) ;
#2936 = CARTESIAN_POINT ( 'NONE',  ( 3.850000000000000089, -0.4280209429017040601, 2.200000000000000178 ) ) ;
#2937 = CARTESIAN_POINT ( 'NONE',  ( 4.049999999999999822, -0.08406282870510990712, 2.200000000000000178 ) ) ;
#2938 = ORIENTED_EDGE ( 'NONE', *, *, #2165, .F. ) ;
#2939 = ORIENTED_EDGE ( 'NONE', *, *, #4097, .T. ) ;
#2940 = SURFACE_STYLE_USAGE ( .BOTH. , #731 ) ;
#2941 = B_SPLINE_CURVE_WITH_KNOTS ( 'NONE', 3,
 ( #3331, #4411, #3900, #3989 ),
 .UNSPECIFIED., .F., .F.,
 ( 4, 4 ),
 ( 0.0000000000000000000, 1.000000000000000000 ),
 .UNSPECIFIED. ) ;
#2942 = EDGE_CURVE ( 'NONE', #3689, #2730, #3388, .T. ) ;
#2943 = VERTEX_POINT ( 'NONE', #1960 ) ;
#2944 = CARTESIAN_POINT ( 'NONE',  ( -1.000000000000000000, -5.400000000000000355, 3.449999999999999734 ) ) ;
#2945 = FACE_OUTER_BOUND ( 'NONE', #4283, .T. ) ;
#2946 = PLANE ( 'NONE',  #822 ) ;
#2947 = ADVANCED_FACE ( 'NONE', ( #1937 ), #1644, .T. ) ;
#2948 = B_SPLINE_CURVE_WITH_KNOTS ( 'NONE', 3,
 ( #1998, #4544, #1314, #1640 ),
 .UNSPECIFIED., .F., .F.,
 ( 4, 4 ),
 ( 0.0000000000000000000, 1.000000000000000000 ),
 .UNSPECIFIED. ) ;
#2949 = CARTESIAN_POINT ( 'NONE',  ( -0.8246214760051461257, -7.722089433128630276, 1.090000000000000080 ) ) ;
#2950 = CARTESIAN_POINT ( 'NONE',  ( -4.049999999999999822, -0.5999999999999999778, 1.090000000000000080 ) ) ;
#2951 = CARTESIAN_POINT ( 'NONE',  ( -3.850000000000000089, -0.08406282870510969896, 0.0000000000000000000 ) ) ;
#2952 = CARTESIAN_POINT ( 'NONE',  ( -3.916666666666666519, -3.004690090448876472, 0.0000000000000000000 ) ) ;
#2953 = B_SPLINE_CURVE_WITH_KNOTS ( 'NONE', 3,
 ( #3002, #2936, #1518, #1213 ),
 .UNSPECIFIED., .F., .F.,
 ( 4, 4 ),
 ( 0.0000000000000000000, 1.000000000000000000 ),
 .UNSPECIFIED. ) ;
#2954 = ORIENTED_EDGE ( 'NONE', *, *, #593, .F. ) ;
#2955 = ORIENTED_EDGE ( 'NONE', *, *, #256, .T. ) ;
#2956 =( LENGTH_UNIT ( ) NAMED_UNIT ( * ) SI_UNIT ( .MILLI., .METRE. ) );
#2957 = EDGE_CURVE ( 'NONE', #720, #4121, #4287, .T. ) ;
#2958 = CARTESIAN_POINT ( 'NONE',  ( -1.500000000000000000, -7.406778174262040437, 3.192135588967509818 ) ) ;
#2959 = CARTESIAN_POINT ( 'NONE',  ( 0.3499999999999996447, -2.777939915136560055E-15, 5.790000000000000036 ) ) ;
#2960 = CARTESIAN_POINT ( 'NONE',  ( 1.706543611978349695, -2.497860744022365687, 5.209999999999999076 ) ) ;
#2961 = CARTESIAN_POINT ( 'NONE',  ( -0.3500000000000044742, -4.599999999999999645, 6.080000000000000071 ) ) ;
#2962 = ORIENTED_EDGE ( 'NONE', *, *, #2638, .T. ) ;
#2963 = CARTESIAN_POINT ( 'NONE',  ( 3.050000000000000266, -5.400000000000000355, 5.209999999999999964 ) ) ;
#2964 = CARTESIAN_POINT ( 'NONE',  ( 1.500000000000000000, -1.287128181961759932, 3.950000000000000178 ) ) ;
#2965 = EDGE_CURVE ( 'NONE', #2247, #2480, #482, .T. ) ;
#2966 = DIRECTION ( 'NONE',  ( 1.000000000000000000, 0.0000000000000000000, 0.0000000000000000000 ) ) ;
#2967 = B_SPLINE_CURVE_WITH_KNOTS ( 'NONE', 3,
 ( #1332, #1990, #2692, #1654 ),
 .UNSPECIFIED., .F., .F.,
 ( 4, 4 ),
 ( 0.0000000000000000000, 1.000000000000000000 ),
 .UNSPECIFIED. ) ;
#2968 = CARTESIAN_POINT ( 'NONE',  ( 1.000000000000000000, -8.242726650311741565, 1.110223024625159992E-16 ) ) ;
#2969 = CARTESIAN_POINT ( 'NONE',  ( -3.049999999999999822, -6.466666666666667673, 4.700000000000000178 ) ) ;
#2970 = EDGE_CURVE ( 'NONE', #4125, #4646, #1578, .T. ) ;
#2971 = DIRECTION ( 'NONE',  ( 1.000000000000000000, 0.0000000000000000000, 0.0000000000000000000 ) ) ;
#2972 = CARTESIAN_POINT ( 'NONE',  ( -4.049999999999999822, -3.003517567836660351, 0.0000000000000000000 ) ) ;
#2973 = ORIENTED_EDGE ( 'NONE', *, *, #2181, .F. ) ;
#2974 = UNCERTAINTY_MEASURE_WITH_UNIT (LENGTH_MEASURE( 1.000000000000000082E-05 ), #2041, 'distance_accuracy_value', 'NONE');
#2975 = EDGE_LOOP ( 'NONE', ( #1298, #2676, #1123, #1277 ) ) ;
#2976 = CARTESIAN_POINT ( 'NONE',  ( 3.850000000000000089, -2.949999999999999734, 5.209999999999999964 ) ) ;
#2977 = CARTESIAN_POINT ( 'NONE',  ( 2.150120000000000253, -5.811407181803820876, 3.950000000000000178 ) ) ;
#2978 = EDGE_CURVE ( 'NONE', #1596, #1874, #2755, .T. ) ;
#2979 = CARTESIAN_POINT ( 'NONE',  ( -1.000000000000000000, -1.287128181961759932, 3.449999999999999734 ) ) ;
#2980 = VERTEX_POINT ( 'NONE', #3160 ) ;
#2981 = ORIENTED_EDGE ( 'NONE', *, *, #3716, .F. ) ;
#2982 = CARTESIAN_POINT ( 'NONE',  ( -3.850000000000000089, 1.091865616008679887E-15, 0.0000000000000000000 ) ) ;
#2983 = B_SPLINE_CURVE_WITH_KNOTS ( 'NONE', 3,
 ( #1645, #2779, #305, #4528 ),
 .UNSPECIFIED., .F., .F.,
 ( 4, 4 ),
 ( 0.0000000000000000000, 1.000000000000000000 ),
 .UNSPECIFIED. ) ;
#2984 = EDGE_CURVE ( 'NONE', #2154, #89, #2204, .T. ) ;
#2985 = PRESENTATION_LAYER_ASSIGNMENT (  '', '', ( #372 ) ) ;
#2986 = AXIS2_PLACEMENT_3D ( 'NONE', #235, #2377, #578 ) ;
#2987 = B_SPLINE_CURVE_WITH_KNOTS ( 'NONE', 3,
 ( #338, #2791, #2390, #268 ),
 .UNSPECIFIED., .F., .F.,
 ( 4, 4 ),
 ( 0.0000000000000000000, 1.000000000000000000 ),
 .UNSPECIFIED. ) ;
#2988 = ORIENTED_EDGE ( 'NONE', *, *, #1724, .T. ) ;
#2989 = CARTESIAN_POINT ( 'NONE',  ( 1.751256890803259969, -0.5599999999999999423, 6.080000000000000071 ) ) ;
#2990 = CARTESIAN_POINT ( 'NONE',  ( 1.000000000000000000, -8.317569314890061349, 0.5000000000000000000 ) ) ;
#2991 = PRESENTATION_LAYER_ASSIGNMENT (  '', '', ( #1106 ) ) ;
#2992 = AXIS2_PLACEMENT_3D ( 'NONE', #847, #1236, #4106 ) ;
#2993 = EDGE_CURVE ( 'NONE', #4130, #1779, #748, .T. ) ;
#2994 = AXIS2_PLACEMENT_3D ( 'NONE', #3452, #4201, #1015 ) ;
#2995 = PRESENTATION_STYLE_ASSIGNMENT (( #2628 ) ) ;
#2996 = AXIS2_PLACEMENT_3D ( 'NONE', #2180, #2135, #710 ) ;
#2997 = CARTESIAN_POINT ( 'NONE',  ( -1.751256890803259969, -0.5599999999999999423, 5.209999999999999964 ) ) ;
#2998 = ORIENTED_EDGE ( 'NONE', *, *, #3504, .T. ) ;
#2999 = CARTESIAN_POINT ( 'NONE',  ( 1.500000000000000000, -8.317569314890061349, 0.5000000000000000000 ) ) ;
#3000 = ORIENTED_EDGE ( 'NONE', *, *, #2330, .T. ) ;
#3001 = CARTESIAN_POINT ( 'NONE',  ( -3.850000000000000089, -8.580120000000000857, -0.6081199999999999939 ) ) ;
#3002 = CARTESIAN_POINT ( 'NONE',  ( 3.850000000000000089, -0.5999999999999999778, 2.200000000000000178 ) ) ;
#3003 = PLANE ( 'NONE',  #1192 ) ;
#3004 = CARTESIAN_POINT ( 'NONE',  ( -1.738067785992279957, -7.799999999999999822, 0.0000000000000000000 ) ) ;
#3005 = CARTESIAN_POINT ( 'NONE',  ( 3.050000000000000266, -7.000000000000000000, 4.700000000000000178 ) ) ;
#3006 = ORIENTED_EDGE ( 'NONE', *, *, #2923, .F. ) ;
#3007 = CARTESIAN_POINT ( 'NONE',  ( -3.050000000000000266, -6.200000000000000178, 2.700000000000000178 ) ) ;
#3008 = EDGE_CURVE ( 'NONE', #1006, #1912, #3496, .T. ) ;
#3009 = DIRECTION ( 'NONE',  ( 0.0000000000000000000, -0.1736481776669269450, 0.9848077530122086864 ) ) ;
#3010 = CARTESIAN_POINT ( 'NONE',  ( -3.050000000000000266, -7.000000000000000000, 4.700000000000000178 ) ) ;
#3011 = EDGE_LOOP ( 'NONE', ( #8, #1502, #2397, #1283 ) ) ;
#3012 = B_SPLINE_CURVE_WITH_KNOTS ( 'NONE', 3,
 ( #4472, #899, #2726, #3467, #551, #4143, #3491, #2703, #2001, #254, #276, #3441, #1666, #1293, #3110 ),
 .UNSPECIFIED., .F., .F.,
 ( 4, 2, 2, 2, 1, 2, 2, 4 ),
 ( 0.0000000000000000000, 0.1249999999999979461, 0.2499999999999958922, 0.4999999999999967804, 0.6249999999999972244, 0.6874999999999986677, 0.7500000000000001110, 1.000000000000000000 ),
 .UNSPECIFIED. ) ;
#3013 = CARTESIAN_POINT ( 'NONE',  ( -4.750000000000000888, -3.000360776188376821, 0.0000000000000000000 ) ) ;
#3014 = DIRECTION ( 'NONE',  ( -0.0000000000000000000, 1.000000000000000000, 0.0000000000000000000 ) ) ;
#3015 = ORIENTED_EDGE ( 'NONE', *, *, #1232, .T. ) ;
#3016 = VERTEX_POINT ( 'NONE', #3133 ) ;
#3017 = CARTESIAN_POINT ( 'NONE',  ( 1.500000000000000000, -7.406778174262040437, 3.192135588967509818 ) ) ;
#3018 = SHAPE_DEFINITION_REPRESENTATION ( #4643, #1058 ) ;
#3019 = CARTESIAN_POINT ( 'NONE',  ( 11.69012000000000029, 0.5401200000000000445, 1.090000000000000080 ) ) ;
#3020 = EDGE_CURVE ( 'NONE', #230, #3438, #4504, .T. ) ;
#3021 = B_SPLINE_CURVE_WITH_KNOTS ( 'NONE', 1,
 ( #3048, #2231 ),
 .UNSPECIFIED., .F., .F.,
 ( 2, 2 ),
 ( 0.0000000000000000000, 0.5000000000000000000 ),
 .UNSPECIFIED. ) ;
#3022 = CARTESIAN_POINT ( 'NONE',  ( 1.500000000000000000, -7.406778174262040437, 3.192135588967509818 ) ) ;
#3023 = FACE_OUTER_BOUND ( 'NONE', #1375, .T. ) ;
#3024 = ORIENTED_EDGE ( 'NONE', *, *, #949, .T. ) ;
#3025 = CARTESIAN_POINT ( 'NONE',  ( 4.049999999999999822, -3.006493971390749920, 0.0000000000000000000 ) ) ;
#3026 = B_SPLINE_CURVE_WITH_KNOTS ( 'NONE', 3,
 ( #1032, #2468, #1155, #4028 ),
 .UNSPECIFIED., .F., .F.,
 ( 4, 4 ),
 ( 0.0000000000000000000, 1.000000000000000000 ),
 .UNSPECIFIED. ) ;
#3027 = CARTESIAN_POINT ( 'NONE',  ( 3.049999999999999378, -3.271201685299531370, 5.037915197154779534 ) ) ;
#3028 = ORIENTED_EDGE ( 'NONE', *, *, #2733, .F. ) ;
#3029 = CARTESIAN_POINT ( 'NONE',  ( 4.049999999999999822, -3.006493971390749920, 0.0000000000000000000 ) ) ;
#3030 = DIRECTION ( 'NONE',  ( 0.0000000000000000000, 0.0000000000000000000, -1.000000000000000000 ) ) ;
#3031 = B_SPLINE_CURVE_WITH_KNOTS ( 'NONE', 3,
 ( #912, #2217, #892, #3987 ),
 .UNSPECIFIED., .F., .F.,
 ( 4, 4 ),
 ( 0.0000000000000000000, 1.000000000000000000 ),
 .UNSPECIFIED. ) ;
#3032 = ADVANCED_FACE ( 'NONE', ( #1318 ), #4235, .T. ) ;
#3033 = CARTESIAN_POINT ( 'NONE',  ( 1.751256890803259969, -0.5599999999999999423, 6.080000000000000071 ) ) ;
#3034 = CARTESIAN_POINT ( 'NONE',  ( -3.850000000000000089, 3.622850476404775104E-15, 6.080000000000000071 ) ) ;
#3035 = ORIENTED_EDGE ( 'NONE', *, *, #3781, .T. ) ;
#3036 = FACE_OUTER_BOUND ( 'NONE', #3095, .T. ) ;
#3037 = CARTESIAN_POINT ( 'NONE',  ( 3.229880000000000084, -3.006493971390749920, 0.6081199999999999939 ) ) ;
#3038 = B_SPLINE_CURVE_WITH_KNOTS ( 'NONE', 3,
 ( #1399, #793, #2178, #1424 ),
 .UNSPECIFIED., .F., .F.,
 ( 4, 4 ),
 ( 0.0000000000000000000, 1.000000000000000000 ),
 .UNSPECIFIED. ) ;
#3039 = VERTEX_POINT ( 'NONE', #3005 ) ;
#3040 = PLANE ( 'NONE',  #2986 ) ;
#3041 = DIRECTION ( 'NONE',  ( 0.0000000000000000000, 0.0000000000000000000, 1.000000000000000000 ) ) ;
#3042 =( BOUNDED_CURVE ( )  B_SPLINE_CURVE ( 2, ( #4450, #1223, #2608 ),
 .UNSPECIFIED., .F., .T. ) 
 B_SPLINE_CURVE_WITH_KNOTS ( ( 3, 3 ),
 ( -0.7323205927438609653, 0.0000000000000000000 ),
 .UNSPECIFIED. ) 
 CURVE ( )  GEOMETRIC_REPRESENTATION_ITEM ( )  RATIONAL_B_SPLINE_CURVE ( ( 1.000000000000000000, 0.9317627864625179779, 1.000000000000000000 ) ) 
 REPRESENTATION_ITEM ( '' )  );
#3043 = EDGE_CURVE ( 'NONE', #1874, #4177, #3435, .T. ) ;
#3044 = CARTESIAN_POINT ( 'NONE',  ( 1.499999999999998890, -7.318089129048057195, 3.565749279829991458 ) ) ;
#3045 = ORIENTED_EDGE ( 'NONE', *, *, #2832, .F. ) ;
#3046 = CARTESIAN_POINT ( 'NONE',  ( -3.050000000000000266, -3.310000000000000053, 4.850000000000000533 ) ) ;
#3047 = DIRECTION ( 'NONE',  ( 0.0000000000000000000, 0.0000000000000000000, 1.000000000000000000 ) ) ;
#3048 = CARTESIAN_POINT ( 'NONE',  ( 1.000000000000000000, -9.772871818038218805, 0.0000000000000000000 ) ) ;
#3049 = SURFACE_SIDE_STYLE ('',( #928 ) ) ;
#3050 = CARTESIAN_POINT ( 'NONE',  ( -1.500000000000000000, -1.287128181961759932, 3.950000000000000178 ) ) ;
#3051 = ORIENTED_EDGE ( 'NONE', *, *, #4244, .F. ) ;
#3052 = CARTESIAN_POINT ( 'NONE',  ( -3.050000000000000266, -6.200000000000000178, 1.090000000000000080 ) ) ;
#3053 = PRESENTATION_LAYER_ASSIGNMENT (  '', '', ( #2096 ) ) ;
#3054 = AXIS2_PLACEMENT_3D ( 'NONE', #3848, #2040, #1330 ) ;
#3055 = FACE_OUTER_BOUND ( 'NONE', #768, .T. ) ;
#3056 = DIRECTION ( 'NONE',  ( 0.0000000000000000000, -1.000000000000000000, 0.0000000000000000000 ) ) ;
#3057 = ORIENTED_EDGE ( 'NONE', *, *, #3479, .F. ) ;
#3058 = COLOUR_RGB ( '',0.8980392156862745390, 0.8980392156862745390, 0.8980392156862745390 ) ;
#3059 = STYLED_ITEM ( 'NONE', ( #3194 ), #893 ) ;
#3060 = CARTESIAN_POINT ( 'NONE',  ( 3.850000000000000089, -3.006493971390749920, 0.0000000000000000000 ) ) ;
#3061 = DIRECTION ( 'NONE',  ( 0.0000000000000000000, 0.0000000000000000000, -1.000000000000000000 ) ) ;
#3062 = AXIS2_PLACEMENT_3D ( 'NONE', #3197, #2839, #2065 ) ;
#3063 = VERTEX_POINT ( 'NONE', #1634 ) ;
#3064 = CARTESIAN_POINT ( 'NONE',  ( 3.850000000000000977, -3.263366380951805645, 5.027651546735136812 ) ) ;
#3065 = CARTESIAN_POINT ( 'NONE',  ( -3.050000000000000266, -7.000000000000000000, 4.700000000000000178 ) ) ;
#3066 = AXIS2_PLACEMENT_3D ( 'NONE', #4044, #841, #4372 ) ;
#3067 = EDGE_CURVE ( 'NONE', #230, #3681, #1749, .T. ) ;
#3068 = EDGE_CURVE ( 'NONE', #3265, #4592, #3275, .T. ) ;
#3069 = CARTESIAN_POINT ( 'NONE',  ( -3.050000000000000266, -7.799999999999999822, 4.029999999999999361 ) ) ;
#3070 = CARTESIAN_POINT ( 'NONE',  ( -1.399999999999999911, -0.7200000000000000844, 3.850000000000000089 ) ) ;
#3071 = VERTEX_POINT ( 'NONE', #2364 ) ;
#3072 = CARTESIAN_POINT ( 'NONE',  ( 1.000000000000000000, -5.400000000000000355, 3.950000000000000178 ) ) ;
#3073 = CYLINDRICAL_SURFACE ( 'NONE', #744, 1.089378383559280072 ) ;
#3074 = CARTESIAN_POINT ( 'NONE',  ( -3.850000000000000089, 3.622850476404775104E-15, 6.080000000000000071 ) ) ;
#3075 = CARTESIAN_POINT ( 'NONE',  ( 1.333333333333333481, -1.287128181961760154, 3.950000000000000178 ) ) ;
#3076 =( BOUNDED_CURVE ( )  B_SPLINE_CURVE ( 2, ( #1180, #1530, #529 ),
 .UNSPECIFIED., .F., .T. ) 
 B_SPLINE_CURVE_WITH_KNOTS ( ( 3, 3 ),
 ( 0.0000000000000000000, 0.7323205927438618534 ),
 .UNSPECIFIED. ) 
 CURVE ( )  GEOMETRIC_REPRESENTATION_ITEM ( )  RATIONAL_B_SPLINE_CURVE ( ( 1.000000000000000000, 0.9317627864625159795, 1.000000000000000000 ) ) 
 REPRESENTATION_ITEM ( '' )  );
#3077 = CARTESIAN_POINT ( 'NONE',  ( -5.100000000000000533, -5.299999999999999822, 0.0000000000000000000 ) ) ;
#3078 = EDGE_LOOP ( 'NONE', ( #2504, #1602, #4170, #486 ) ) ;
#3079 = ORIENTED_EDGE ( 'NONE', *, *, #2237, .T. ) ;
#3080 = CARTESIAN_POINT ( 'NONE',  ( -3.983333333333333393, -0.08406282870510990712, -0.07999999999999998779 ) ) ;
#3081 = EDGE_CURVE ( 'NONE', #2391, #3712, #3558, .T. ) ;
#3082 = B_SPLINE_CURVE_WITH_KNOTS ( 'NONE', 3,
 ( #3383, #3362, #175, #3342 ),
 .UNSPECIFIED., .F., .F.,
 ( 4, 4 ),
 ( 0.0000000000000000000, 1.000000000000000000 ),
 .UNSPECIFIED. ) ;
#3083 = CARTESIAN_POINT ( 'NONE',  ( 0.8699999999999999956, -4.599999999999999645, 6.080000000000000071 ) ) ;
#3084 = DIRECTION ( 'NONE',  ( 0.0000000000000000000, -1.000000000000000000, 0.0000000000000000000 ) ) ;
#3085 = VERTEX_POINT ( 'NONE', #4110 ) ;
#3086 = DIRECTION ( 'NONE',  ( 0.0000000000000000000, 0.0000000000000000000, -1.000000000000000000 ) ) ;
#3087 = FILL_AREA_STYLE_COLOUR ( '', #3136 ) ;
#3088 = EDGE_CURVE ( 'NONE', #2229, #4142, #1299, .T. ) ;
#3089 = CARTESIAN_POINT ( 'NONE',  ( 0.4698800000000000199, -0.7200000000000000844, 2.919880000000000031 ) ) ;
#3090 = ORIENTED_EDGE ( 'NONE', *, *, #2758, .T. ) ;
#3091 = CARTESIAN_POINT ( 'NONE',  ( 3.850000000000000089, -3.170033931635585223, 5.138758431352445477 ) ) ;
#3092 = CARTESIAN_POINT ( 'NONE',  ( -1.550000000000000044, -7.566268299385889406, 1.090000000000000080 ) ) ;
#3093 = B_SPLINE_CURVE_WITH_KNOTS ( 'NONE', 3,
 ( #2620, #4067, #3423, #3711 ),
 .UNSPECIFIED., .F., .F.,
 ( 4, 4 ),
 ( 0.0000000000000000000, 1.000000000000000000 ),
 .UNSPECIFIED. ) ;
#3094 = CARTESIAN_POINT ( 'NONE',  ( -3.050000000000000266, -6.200000000000000178, 5.040000000000000036 ) ) ;
#3095 = EDGE_LOOP ( 'NONE', ( #4370, #1099, #3511, #873 ) ) ;
#3096 = FILL_AREA_STYLE ('',( #2763 ) ) ;
#3097 = FILL_AREA_STYLE ('',( #2362 ) ) ;
#3098 = FACE_OUTER_BOUND ( 'NONE', #3585, .T. ) ;
#3099 = DIRECTION ( 'NONE',  ( -1.000000000000000000, 0.0000000000000000000, 0.0000000000000000000 ) ) ;
#3100 = B_SPLINE_CURVE_WITH_KNOTS ( 'NONE', 1,
 ( #3918, #656 ),
 .UNSPECIFIED., .F., .F.,
 ( 2, 2 ),
 ( 0.0000000000000000000, 1.039964272304189974 ),
 .UNSPECIFIED. ) ;
#3101 = FACE_OUTER_BOUND ( 'NONE', #1182, .T. ) ;
#3102 = VERTEX_POINT ( 'NONE', #3366 ) ;
#3103 = VERTEX_POINT ( 'NONE', #1586 ) ;
#3105 = CARTESIAN_POINT ( 'NONE',  ( -0.3498800000000000243, -0.07226562723064790250, 3.735786953748490014 ) ) ;
#3104 = B_SPLINE_CURVE_WITH_KNOTS ( 'NONE', 1,
 ( #1705, #1605 ),
 .UNSPECIFIED., .F., .F.,
 ( 2, 2 ),
 ( -0.5844949741231969531, 0.0000000000000000000 ),
 .UNSPECIFIED. ) ;
#3106 = EDGE_CURVE ( 'NONE', #1577, #3071, #1523, .T. ) ;
#3107 = CARTESIAN_POINT ( 'NONE',  ( 3.850000000000000089, -5.299999999999999822, 0.0000000000000000000 ) ) ;
#3108 = FACE_OUTER_BOUND ( 'NONE', #3752, .T. ) ;
#3109 = ORIENTED_EDGE ( 'NONE', *, *, #2270, .T. ) ;
#3110 = CARTESIAN_POINT ( 'NONE',  ( -3.850000000000000089, -2.949999999999999734, 5.209999999999999964 ) ) ;
#3111 = CARTESIAN_POINT ( 'NONE',  ( 3.850000000000000089, -3.006493971390749920, 0.0000000000000000000 ) ) ;
#3112 = B_SPLINE_CURVE_WITH_KNOTS ( 'NONE', 3,
 ( #1745, #3184, #2124, #2824 ),
 .UNSPECIFIED., .F., .F.,
 ( 4, 4 ),
 ( 0.0000000000000000000, 1.000000000000000000 ),
 .UNSPECIFIED. ) ;
#3113 = ADVANCED_FACE ( 'NONE', ( #591 ), #4089, .T. ) ;
#3114 = ORIENTED_EDGE ( 'NONE', *, *, #2897, .T. ) ;
#3115 = DIRECTION ( 'NONE',  ( 0.0000000000000000000, 0.0000000000000000000, -1.000000000000000000 ) ) ;
#3116 = ORIENTED_EDGE ( 'NONE', *, *, #3218, .F. ) ;
#3117 = FILL_AREA_STYLE_COLOUR ( '', #3365 ) ;
#3118 = CARTESIAN_POINT ( 'NONE',  ( 3.850000000000000089, -7.799999999999999822, 1.343333333333333046 ) ) ;
#3119 = ORIENTED_EDGE ( 'NONE', *, *, #2546, .F. ) ;
#3120 = CARTESIAN_POINT ( 'NONE',  ( 3.050000000000000266, -6.200000000000000178, 4.700000000000000178 ) ) ;
#3121 = ORIENTED_EDGE ( 'NONE', *, *, #3141, .F. ) ;
#3122 = CARTESIAN_POINT ( 'NONE',  ( 1.000000000000000000, -7.000000000000000000, 3.780859118568930199 ) ) ;
#3123 = CARTESIAN_POINT ( 'NONE',  ( -3.850000000000000089, 0.2083002855634539796, -0.6881199999999999539 ) ) ;
#3124 = PRESENTATION_STYLE_ASSIGNMENT (( #4181 ) ) ;
#3125 = CARTESIAN_POINT ( 'NONE',  ( -3.850000000000000089, -0.08406282870510960181, 2.200000000000000178 ) ) ;
#3126 = ORIENTED_EDGE ( 'NONE', *, *, #1319, .T. ) ;
#3127 = EDGE_LOOP ( 'NONE', ( #857, #3604, #4265, #1410 ) ) ;
#3128 = CARTESIAN_POINT ( 'NONE',  ( 4.049999999999999822, -2.028020942901703538, 0.0000000000000000000 ) ) ;
#3129 = CARTESIAN_POINT ( 'NONE',  ( 1.806211363021558824, -1.370504120693294414, 6.080000000000000071 ) ) ;
#3130 = CARTESIAN_POINT ( 'NONE',  ( -3.850000000000000089, -7.799999999999999822, 4.029999999999999361 ) ) ;
#3131 = ORIENTED_EDGE ( 'NONE', *, *, #1252, .T. ) ;
#3132 = PLANE ( 'NONE',  #1793 ) ;
#3133 = CARTESIAN_POINT ( 'NONE',  ( -5.100000000000000533, -0.5999999999999999778, 1.090000000000000080 ) ) ;
#3134 = B_SPLINE_CURVE_WITH_KNOTS ( 'NONE', 3,
 ( #1056, #3543, #2147, #371 ),
 .UNSPECIFIED., .F., .F.,
 ( 4, 4 ),
 ( 0.0000000000000000000, 1.000000000000000000 ),
 .UNSPECIFIED. ) ;
#3135 = EDGE_CURVE ( 'NONE', #2534, #4104, #3671, .T. ) ;
#3136 = COLOUR_RGB ( '',0.8980392156862745390, 0.8980392156862745390, 0.8980392156862745390 ) ;
#3137 = CARTESIAN_POINT ( 'NONE',  ( 3.583333333333333481, -7.000000000000000000, 4.460000000000000853 ) ) ;
#3138 = ORIENTED_EDGE ( 'NONE', *, *, #2025, .T. ) ;
#3139 = SURFACE_SIDE_STYLE ('',( #1695 ) ) ;
#3140 = CARTESIAN_POINT ( 'NONE',  ( -1.500000000000000000, -9.772871818038209923, 0.5000000000000000000 ) ) ;
#3141 = EDGE_CURVE ( 'NONE', #664, #142, #3768, .T. ) ;
#3142 = AXIS2_PLACEMENT_3D ( 'NONE', #2002, #3442, #488 ) ;
#3143 = ORIENTED_EDGE ( 'NONE', *, *, #1179, .F. ) ;
#3144 = CARTESIAN_POINT ( 'NONE',  ( -1.000000000000000000, -1.287128181961759932, 3.950000000000000178 ) ) ;
#3145 = ORIENTED_EDGE ( 'NONE', *, *, #1565, .T. ) ;
#3146 = AXIS2_PLACEMENT_3D ( 'NONE', #1504, #3680, #1259 ) ;
#3147 = CARTESIAN_POINT ( 'NONE',  ( -1.016666666666666607, -6.200000000000001066, 4.700000000000000178 ) ) ;
#3148 = CARTESIAN_POINT ( 'NONE',  ( -1.500000000000000000, -9.772871818038209923, 0.5000000000000000000 ) ) ;
#3149 = CARTESIAN_POINT ( 'NONE',  ( -0.3500000000000044742, -4.599999999999999645, 6.080000000000000071 ) ) ;
#3150 = MECHANICAL_DESIGN_GEOMETRIC_PRESENTATION_REPRESENTATION (  '', ( #4581 ), #1116 ) ;
#3151 = CARTESIAN_POINT ( 'NONE',  ( -1.000000000000000000, -7.946778174262040473, 0.9173180782031339353 ) ) ;
#3152 = ORIENTED_EDGE ( 'NONE', *, *, #2612, .T. ) ;
#3153 = UNCERTAINTY_MEASURE_WITH_UNIT (LENGTH_MEASURE( 1.000000000000000082E-05 ), #352, 'distance_accuracy_value', 'NONE');
#3154 = VERTEX_POINT ( 'NONE', #4157 ) ;
#3155 = CARTESIAN_POINT ( 'NONE',  ( 3.050000000000000266, -6.200000000000000178, 5.040000000000000036 ) ) ;
#3156 = CARTESIAN_POINT ( 'NONE',  ( -3.850000000000000089, -3.006493971390749920, 0.0000000000000000000 ) ) ;
#3157 = ORIENTED_EDGE ( 'NONE', *, *, #1354, .F. ) ;
#3158 = EDGE_CURVE ( 'NONE', #1432, #4316, #92, .T. ) ;
#3159 = CARTESIAN_POINT ( 'NONE',  ( 1.550000000000000044, -6.999999999999989342, 0.3633333333333332305 ) ) ;
#3160 = CARTESIAN_POINT ( 'NONE',  ( -1.500000000000000000, -7.406778174262040437, 3.192135588967509818 ) ) ;
#3161 = DIRECTION ( 'NONE',  ( 1.000000000000000000, 0.0000000000000000000, 0.0000000000000000000 ) ) ;
#3162 = CARTESIAN_POINT ( 'NONE',  ( 3.050000000000000266, -5.400000000000000355, 5.209999999999999964 ) ) ;
#3163 = ORIENTED_EDGE ( 'NONE', *, *, #785, .T. ) ;
#3164 = CARTESIAN_POINT ( 'NONE',  ( 1.345048119777889850, -7.075300277547830419, -0.1091199999999999948 ) ) ;
#3165 = CARTESIAN_POINT ( 'NONE',  ( 3.583333333333333481, -2.950000000000000178, 5.209999999999999964 ) ) ;
#3166 = VERTEX_POINT ( 'NONE', #157 ) ;
#3167 = CARTESIAN_POINT ( 'NONE',  ( -3.850000000000000089, 3.693950829973889345E-15, 4.299999999999999822 ) ) ;
#3168 = VERTEX_POINT ( 'NONE', #198 ) ;
#3169 = EDGE_CURVE ( 'NONE', #2891, #4172, #4488, .T. ) ;
#3170 = CARTESIAN_POINT ( 'NONE',  ( 1.250000000000000000, -6.447950404386189938, 2.964527443134759910 ) ) ;
#3171 = CARTESIAN_POINT ( 'NONE',  ( -1.350000000000000089, -7.000000000000000000, 1.089999999999999858 ) ) ;
#3172 = CARTESIAN_POINT ( 'NONE',  ( 1.500000000000000000, -5.400000000000000355, 3.449999999999999734 ) ) ;
#3173 = CARTESIAN_POINT ( 'NONE',  ( 3.850000000000000089, -3.006493971390749920, -0.08000000000000000167 ) ) ;
#3174 = CARTESIAN_POINT ( 'NONE',  ( 3.850000000000000089, -0.08406282870510969896, 0.0000000000000000000 ) ) ;
#3175 = CARTESIAN_POINT ( 'NONE',  ( 1.805884336424980585, -1.370504526279460178, 5.644999999999999574 ) ) ;
#3176 = ORIENTED_EDGE ( 'NONE', *, *, #1852, .T. ) ;
#3177 = ORIENTED_EDGE ( 'NONE', *, *, #4407, .T. ) ;
#3178 = CARTESIAN_POINT ( 'NONE',  ( 4.266666666666665719, -5.299999999999999822, 0.0000000000000000000 ) ) ;
#3179 = CARTESIAN_POINT ( 'NONE',  ( 1.100000000000000089, -10.33999999999999986, 0.4000000000000000222 ) ) ;
#3180 = ORIENTED_EDGE ( 'NONE', *, *, #3607, .T. ) ;
#3181 = CARTESIAN_POINT ( 'NONE',  ( 5.100000000000000533, -3.000000000000000000, 0.3633333333333333415 ) ) ;
#3182 = CARTESIAN_POINT ( 'NONE',  ( -1.500000000000000000, -9.772871818038209923, 0.0000000000000000000 ) ) ;
#3183 = EDGE_CURVE ( 'NONE', #258, #3424, #4337, .T. ) ;
#3184 = CARTESIAN_POINT ( 'NONE',  ( -3.850000000000000089, -3.310000000000000497, 4.483333333333333393 ) ) ;
#3185 = CARTESIAN_POINT ( 'NONE',  ( 3.850000000000000089, -7.000000000000000000, 4.460000000000000853 ) ) ;
#3186 = ORIENTED_EDGE ( 'NONE', *, *, #1105, .T. ) ;
#3187 = DIRECTION ( 'NONE',  ( -0.7791056687136858061, 0.6268926199742669292, 0.0000000000000000000 ) ) ;
#3188 = CARTESIAN_POINT ( 'NONE',  ( -0.8873107380025755386, -7.644178866257258953, 0.0000000000000000000 ) ) ;
#3189 = ORIENTED_EDGE ( 'NONE', *, *, #1105, .F. ) ;
#3190 = CARTESIAN_POINT ( 'NONE',  ( -5.100000000000000533, -3.000000000000000000, 0.7266666666666666829 ) ) ;
#3191 = EDGE_LOOP ( 'NONE', ( #3482, #2054, #3551, #225 ) ) ;
#3192 = SURFACE_STYLE_USAGE ( .BOTH. , #334 ) ;
#3193 =( NAMED_UNIT ( * ) SI_UNIT ( $, .STERADIAN. ) SOLID_ANGLE_UNIT ( ) );
#3194 = PRESENTATION_STYLE_ASSIGNMENT (( #336 ) ) ;
#3195 = B_SPLINE_CURVE_WITH_KNOTS ( 'NONE', 1,
 ( #3531, #3148 ),
 .UNSPECIFIED., .F., .F.,
 ( 2, 2 ),
 ( 0.0000000000000000000, 0.5000000000000000000 ),
 .UNSPECIFIED. ) ;
#3196 = DIRECTION ( 'NONE',  ( 1.000000000000000000, 0.0000000000000000000, 0.0000000000000000000 ) ) ;
#3197 = CARTESIAN_POINT ( 'NONE',  ( -1.522120000000000140, -4.599999999999999645, 4.522879999999999789 ) ) ;
#3198 = ORIENTED_EDGE ( 'NONE', *, *, #3409, .F. ) ;
#3199 = ORIENTED_EDGE ( 'NONE', *, *, #3797, .T. ) ;
#3200 = CARTESIAN_POINT ( 'NONE',  ( -3.049999999999999822, -3.127776755133798936, 5.167041130300623841 ) ) ;
#3201 = EDGE_CURVE ( 'NONE', #298, #4646, #4281, .T. ) ;
#3202 = EDGE_LOOP ( 'NONE', ( #3718, #3706, #3119, #185 ) ) ;
#3204 = B_SPLINE_CURVE_WITH_KNOTS ( 'NONE', 3,
 ( #419, #1975, #1459, #3408 ),
 .UNSPECIFIED., .F., .F.,
 ( 4, 4 ),
 ( 0.0000000000000000000, 1.000000000000000000 ),
 .UNSPECIFIED. ) ;
#3203 = DIRECTION ( 'NONE',  ( 0.0000000000000000000, 0.0000000000000000000, -1.000000000000000000 ) ) ;
#3205 = ORIENTED_EDGE ( 'NONE', *, *, #2139, .T. ) ;
#3206 = CARTESIAN_POINT ( 'NONE',  ( 1.000000000000000000, -7.000000000000000000, 2.740894846264729789 ) ) ;
#3207 = FACE_OUTER_BOUND ( 'NONE', #124, .T. ) ;
#3208 = ORIENTED_EDGE ( 'NONE', *, *, #1743, .T. ) ;
#3209 = DIRECTION ( 'NONE',  ( 0.0000000000000000000, -1.000000000000000000, 0.0000000000000000000 ) ) ;
#3210 = DIRECTION ( 'NONE',  ( 0.0000000000000000000, 1.000000000000000000, 0.0000000000000000000 ) ) ;
#3211 = COLOUR_RGB ( '',0.8980392156862745390, 0.8980392156862745390, 0.8980392156862745390 ) ;
#3212 = AXIS2_PLACEMENT_3D ( 'NONE', #1916, #1143, #4436 ) ;
#3213 = B_SPLINE_CURVE_WITH_KNOTS ( 'NONE', 3,
 ( #689, #2137, #3223, #13 ),
 .UNSPECIFIED., .F., .F.,
 ( 4, 4 ),
 ( 0.0000000000000000000, 1.000000000000000000 ),
 .UNSPECIFIED. ) ;
#3214 = CARTESIAN_POINT ( 'NONE',  ( 3.316666666666666430, -3.310000000000000053, 4.849999999999999645 ) ) ;
#3215 = VERTEX_POINT ( 'NONE', #565 ) ;
#3216 = PRESENTATION_STYLE_ASSIGNMENT (( #3192 ) ) ;
#3217 =( NAMED_UNIT ( * ) SI_UNIT ( $, .STERADIAN. ) SOLID_ANGLE_UNIT ( ) );
#3218 = EDGE_CURVE ( 'NONE', #4316, #2645, #2148, .T. ) ;
#3219 =( GEOMETRIC_REPRESENTATION_CONTEXT ( 3 ) GLOBAL_UNCERTAINTY_ASSIGNED_CONTEXT ( ( #2309 ) ) GLOBAL_UNIT_ASSIGNED_CONTEXT ( ( #2043, #998, #2409 ) ) REPRESENTATION_CONTEXT ( 'NONE', 'WORKASPACE' ) );
#3220 = COLOUR_RGB ( '',0.8980392156862745390, 0.8980392156862745390, 0.8980392156862745390 ) ;
#3221 = AXIS2_PLACEMENT_3D ( 'NONE', #4477, #3041, #921 ) ;
#3222 = CARTESIAN_POINT ( 'NONE',  ( -4.049999999999999822, -3.006493971390749920, -0.08000000000000000167 ) ) ;
#3223 = CARTESIAN_POINT ( 'NONE',  ( 4.049999999999999822, -2.032350257162204077, -0.07999999999999998779 ) ) ;
#3224 = ORIENTED_EDGE ( 'NONE', *, *, #1296, .T. ) ;
#3225 = ORIENTED_EDGE ( 'NONE', *, *, #165, .T. ) ;
#3226 = CARTESIAN_POINT ( 'NONE',  ( -3.049999999999999822, -3.280511086446225466, 4.993015849786476501 ) ) ;
#3227 = STYLED_ITEM ( 'NONE', ( #1131 ), #4305 ) ;
#3228 = AXIS2_PLACEMENT_3D ( 'NONE', #1552, #72, #3330 ) ;
#3229 = ORIENTED_EDGE ( 'NONE', *, *, #2159, .F. ) ;
#3230 = FILL_AREA_STYLE_COLOUR ( '', #74 ) ;
#3231 = CARTESIAN_POINT ( 'NONE',  ( -1.784171260535505787, -0.3733333333333337389, 6.080000000000000071 ) ) ;
#3232 = ADVANCED_FACE ( 'NONE', ( #3101 ), #1310, .F. ) ;
#3233 = CARTESIAN_POINT ( 'NONE',  ( 1.500000000000000000, -5.400000000000000355, 3.950000000000000178 ) ) ;
#3234 = CARTESIAN_POINT ( 'NONE',  ( -4.049999999999999822, -0.5999999999999999778, 1.090000000000000080 ) ) ;
#3235 = CARTESIAN_POINT ( 'NONE',  ( -3.050000000000000266, -3.310000000000000053, 4.850000000000000533 ) ) ;
#3236 = ORIENTED_EDGE ( 'NONE', *, *, #222, .F. ) ;
#3237 = EDGE_CURVE ( 'NONE', #3910, #1209, #416, .T. ) ;
#3238 =( NAMED_UNIT ( * ) PLANE_ANGLE_UNIT ( ) SI_UNIT ( $, .RADIAN. ) );
#3239 = CARTESIAN_POINT ( 'NONE',  ( 0.3499999999999999778, -4.600000000000000533, 5.500000000000000888 ) ) ;
#3240 = B_SPLINE_CURVE_WITH_KNOTS ( 'NONE', 3,
 ( #923, #4625, #4509, #326 ),
 .UNSPECIFIED., .F., .F.,
 ( 4, 4 ),
 ( 0.0000000000000000000, 1.000000000000000000 ),
 .UNSPECIFIED. ) ;
#3241 = ORIENTED_EDGE ( 'NONE', *, *, #2446, .T. ) ;
#3242 = CARTESIAN_POINT ( 'NONE',  ( 1.500000000000000000, -9.772871818038218805, 0.0000000000000000000 ) ) ;
#3243 = ORIENTED_EDGE ( 'NONE', *, *, #2048, .T. ) ;
#3244 =( NAMED_UNIT ( * ) SI_UNIT ( $, .STERADIAN. ) SOLID_ANGLE_UNIT ( ) );
#3245 = FILL_AREA_STYLE ('',( #2249 ) ) ;
#3246 = FILL_AREA_STYLE_COLOUR ( '', #448 ) ;
#3247 = EDGE_CURVE ( 'NONE', #3285, #79, #2421, .T. ) ;
#3248 = DIRECTION ( 'NONE',  ( -1.000000000000000000, 0.0000000000000000000, 0.0000000000000000000 ) ) ;
#3249 = FILL_AREA_STYLE ('',( #386 ) ) ;
#3250 = EDGE_LOOP ( 'NONE', ( #26, #554, #366, #4518 ) ) ;
#3252 = ORIENTED_EDGE ( 'NONE', *, *, #3906, .F. ) ;
#3251 = B_SPLINE_CURVE_WITH_KNOTS ( 'NONE', 3,
 ( #3060, #3744, #1317, #4525 ),
 .UNSPECIFIED., .F., .F.,
 ( 4, 4 ),
 ( 0.0000000000000000000, 1.000000000000000000 ),
 .UNSPECIFIED. ) ;
#3253 = CARTESIAN_POINT ( 'NONE',  ( -3.050000000000000711, -2.972604687418339164, 5.209999999999999076 ) ) ;
#3254 = ORIENTED_EDGE ( 'NONE', *, *, #139, .T. ) ;
#3255 = SURFACE_STYLE_USAGE ( .BOTH. , #1055 ) ;
#3256 =( LENGTH_UNIT ( ) NAMED_UNIT ( * ) SI_UNIT ( .MILLI., .METRE. ) );
#3257 = CARTESIAN_POINT ( 'NONE',  ( -0.3500000000000049738, 1.965225821582489834E-15, 6.080000000000000071 ) ) ;
#3258 = B_SPLINE_CURVE_WITH_KNOTS ( 'NONE', 3,
 ( #3773, #4507, #3821, #630 ),
 .UNSPECIFIED., .F., .F.,
 ( 4, 4 ),
 ( 0.0000000000000000000, 1.000000000000000000 ),
 .UNSPECIFIED. ) ;
#3259 = EDGE_CURVE ( 'NONE', #3085, #2784, #251, .T. ) ;
#3260 = CARTESIAN_POINT ( 'NONE',  ( 3.050000000000000266, -3.310000000000000053, 4.299999999999999822 ) ) ;
#3261 = CARTESIAN_POINT ( 'NONE',  ( 1.399999999999999911, -10.33999999999999986, 0.4000000000000000222 ) ) ;
#3262 = CARTESIAN_POINT ( 'NONE',  ( -1.500000000000000000, -5.400000000000000355, 3.449999999999999734 ) ) ;
#3263 = CARTESIAN_POINT ( 'NONE',  ( 3.050000000000000266, -3.600000000000000533, 1.089999999999999858 ) ) ;
#3264 = ADVANCED_FACE ( 'NONE', ( #3581 ), #2485, .T. ) ;
#3265 = VERTEX_POINT ( 'NONE', #3151 ) ;
#3266 = CARTESIAN_POINT ( 'NONE',  ( -3.050000000000000266, -3.310000000000000053, 4.299999999999999822 ) ) ;
#3267 = ORIENTED_EDGE ( 'NONE', *, *, #2251, .T. ) ;
#3268 = B_SPLINE_CURVE_WITH_KNOTS ( 'NONE', 3,
 ( #702, #1083, #1421, #1061 ),
 .UNSPECIFIED., .F., .F.,
 ( 4, 4 ),
 ( 0.0000000000000000000, 1.000000000000000000 ),
 .UNSPECIFIED. ) ;
#3269 = DIRECTION ( 'NONE',  ( 0.0000000000000000000, 0.0000000000000000000, -1.000000000000000000 ) ) ;
#3270 = CARTESIAN_POINT ( 'NONE',  ( 1.100000000000000089, -10.33999999999999986, 0.1000000000000000056 ) ) ;
#3271 = SURFACE_SIDE_STYLE ('',( #2865 ) ) ;
#3272 = EDGE_LOOP ( 'NONE', ( #1619, #3345, #2797, #853 ) ) ;
#3273 = EDGE_LOOP ( 'NONE', ( #1115, #1423, #1760, #339, #2655, #2988 ) ) ;
#3274 = CARTESIAN_POINT ( 'NONE',  ( 1.500000000000000000, -6.722592818196179820, -0.3782059118568930067 ) ) ;
#3275 = B_SPLINE_CURVE_WITH_KNOTS ( 'NONE', 1,
 ( #4539, #929 ),
 .UNSPECIFIED., .F., .F.,
 ( 2, 2 ),
 ( 0.0000000000000000000, 2.338032229735130141 ),
 .UNSPECIFIED. ) ;
#3276 = ORIENTED_EDGE ( 'NONE', *, *, #2576, .F. ) ;
#3277 = FACE_OUTER_BOUND ( 'NONE', #2084, .T. ) ;
#3278 = PLANE ( 'NONE',  #4575 ) ;
#3279 = FACE_OUTER_BOUND ( 'NONE', #3272, .T. ) ;
#3280 = CARTESIAN_POINT ( 'NONE',  ( -3.849999999999999201, -0.9833333333333335036, 5.209999999999999964 ) ) ;
#3281 = CARTESIAN_POINT ( 'NONE',  ( 5.100000000000000533, -3.000000000000000000, 1.090000000000000080 ) ) ;
#3282 = CARTESIAN_POINT ( 'NONE',  ( -3.183333333333332682, 0.0000000000000000000, 5.209999999999999964 ) ) ;
#3283 = CARTESIAN_POINT ( 'NONE',  ( -3.850000000000000089, -1.103333333333333277, 4.299999999999999822 ) ) ;
#3284 =( NAMED_UNIT ( * ) SI_UNIT ( $, .STERADIAN. ) SOLID_ANGLE_UNIT ( ) );
#3285 = VERTEX_POINT ( 'NONE', #1707 ) ;
#3286 = CARTESIAN_POINT ( 'NONE',  ( -0.7619322140077199323, -7.799999999999999822, 0.0000000000000000000 ) ) ;
#3287 = ORIENTED_EDGE ( 'NONE', *, *, #3457, .F. ) ;
#3288 = DIRECTION ( 'NONE',  ( 0.0000000000000000000, 0.0000000000000000000, -1.000000000000000000 ) ) ;
#3289 = CARTESIAN_POINT ( 'NONE',  ( 3.050000000000000266, -5.400000000000000355, 3.836666666666666003 ) ) ;
#3290 = PRESENTATION_LAYER_ASSIGNMENT (  '', '', ( #293 ) ) ;
#3291 = CARTESIAN_POINT ( 'NONE',  ( 1.500000000000000000, -7.460296961164719853, 0.8018363510626200785 ) ) ;
#3292 = DIRECTION ( 'NONE',  ( 1.000000000000000000, 0.0000000000000000000, 0.0000000000000000000 ) ) ;
#3293 = STYLED_ITEM ( 'NONE', ( #1452 ), #2515 ) ;
#3294 = ORIENTED_EDGE ( 'NONE', *, *, #323, .T. ) ;
#3295 = EDGE_CURVE ( 'NONE', #4208, #4159, #527, .T. ) ;
#3296 = ORIENTED_EDGE ( 'NONE', *, *, #1003, .F. ) ;
#3297 = SURFACE_STYLE_FILL_AREA ( #2467 ) ;
#3298 = CARTESIAN_POINT ( 'NONE',  ( -0.1166666666666659607, 0.0000000000000000000, 5.209999999999999964 ) ) ;
#3299 = MECHANICAL_DESIGN_GEOMETRIC_PRESENTATION_REPRESENTATION (  '', ( #3227 ), #2613 ) ;
#3300 = AXIS2_PLACEMENT_3D ( 'NONE', #1741, #2798, #4286 ) ;
#3301 = CARTESIAN_POINT ( 'NONE',  ( 1.399999999999999911, -0.7200000000000000844, 3.850000000000000089 ) ) ;
#3302 = AXIS2_PLACEMENT_3D ( 'NONE', #2552, #1849, #126 ) ;
#3303 = EDGE_CURVE ( 'NONE', #2589, #2534, #1362, .T. ) ;
#3304 = DIRECTION ( 'NONE',  ( 1.000000000000000000, 0.0000000000000000000, 0.0000000000000000000 ) ) ;
#3305 = CARTESIAN_POINT ( 'NONE',  ( 3.050000000000000266, -6.200000000000000178, 1.090000000000000080 ) ) ;
#3306 = PLANE ( 'NONE',  #3530 ) ;
#3307 = PLANE ( 'NONE',  #511 ) ;
#3308 = ORIENTED_EDGE ( 'NONE', *, *, #2237, .F. ) ;
#3309 = CARTESIAN_POINT ( 'NONE',  ( -3.583333333333333481, -3.310000000000000053, 4.299999999999999822 ) ) ;
#3310 = ORIENTED_EDGE ( 'NONE', *, *, #3977, .T. ) ;
#3311 = CARTESIAN_POINT ( 'NONE',  ( -5.100000000000000533, -5.299999999999999822, 0.0000000000000000000 ) ) ;
#3312 = B_SPLINE_CURVE_WITH_KNOTS ( 'NONE', 3,
 ( #2714, #194, #3455, #2340 ),
 .UNSPECIFIED., .F., .F.,
 ( 4, 4 ),
 ( 0.0000000000000000000, 1.000000000000000000 ),
 .UNSPECIFIED. ) ;
#3313 = B_SPLINE_CURVE_WITH_KNOTS ( 'NONE', 1,
 ( #3802, #2063 ),
 .UNSPECIFIED., .F., .F.,
 ( 2, 2 ),
 ( -0.5844949741231939555, 0.0000000000000000000 ),
 .UNSPECIFIED. ) ;
#3314 = EDGE_CURVE ( 'NONE', #1979, #2894, #2987, .T. ) ;
#3315 = CARTESIAN_POINT ( 'NONE',  ( 3.050000000000000266, 1.091865616008679887E-15, 1.090000000000000080 ) ) ;
#3316 = CARTESIAN_POINT ( 'NONE',  ( 1.850000000000000089, -2.777939915136560055E-15, 5.790000000000000036 ) ) ;
#3317 = ORIENTED_EDGE ( 'NONE', *, *, #807, .T. ) ;
#3318 = CARTESIAN_POINT ( 'NONE',  ( 3.850000000000000089, -3.006493971390749920, 0.0000000000000000000 ) ) ;
#3319 = CARTESIAN_POINT ( 'NONE',  ( -0.5233333333333327619, -4.599999999999999645, 6.080000000000000071 ) ) ;
#3320 = EDGE_CURVE ( 'NONE', #4009, #79, #4107, .T. ) ;
#3321 = ORIENTED_EDGE ( 'NONE', *, *, #3687, .T. ) ;
#3322 = CARTESIAN_POINT ( 'NONE',  ( 1.550000000000000044, -7.000000000000000000, 1.090000000000000080 ) ) ;
#3323 = CARTESIAN_POINT ( 'NONE',  ( -0.3500000000000049738, 1.965225821582489834E-15, 5.209999999999999964 ) ) ;
#3324 = ORIENTED_EDGE ( 'NONE', *, *, #3961, .T. ) ;
#3325 = B_SPLINE_CURVE_WITH_KNOTS ( 'NONE', 3,
 ( #4610, #2453, #3898, #3577 ),
 .UNSPECIFIED., .F., .F.,
 ( 4, 4 ),
 ( 0.0000000000000000000, 1.000000000000000000 ),
 .UNSPECIFIED. ) ;
#3326 = CARTESIAN_POINT ( 'NONE',  ( 1.500000000000000000, -4.029042727320590878, 3.449999999999999734 ) ) ;
#3327 = B_SPLINE_CURVE_WITH_KNOTS ( 'NONE', 3,
 ( #3992, #3575, #3214, #746 ),
 .UNSPECIFIED., .F., .F.,
 ( 4, 4 ),
 ( 0.0000000000000000000, 1.000000000000000000 ),
 .UNSPECIFIED. ) ;
#3328 = CARTESIAN_POINT ( 'NONE',  ( -3.050000000000000266, -6.200000000000000178, 5.209999999999999964 ) ) ;
#3329 = CARTESIAN_POINT ( 'NONE',  ( -2.516666666666665719, 0.0000000000000000000, 6.080000000000000071 ) ) ;
#3330 = DIRECTION ( 'NONE',  ( -1.000000000000000000, -6.938893903907209889E-18, 0.0000000000000000000 ) ) ;
#3331 = CARTESIAN_POINT ( 'NONE',  ( -1.500000000000000000, -5.400000000000000355, 3.449999999999999734 ) ) ;
#3332 = B_SPLINE_CURVE_WITH_KNOTS ( 'NONE', 3,
 ( #2884, #2571, #1465, #7 ),
 .UNSPECIFIED., .F., .F.,
 ( 4, 4 ),
 ( 0.0000000000000000000, 1.000000000000000000 ),
 .UNSPECIFIED. ) ;
#3333 = EDGE_CURVE ( 'NONE', #3071, #2366, #1273, .T. ) ;
#3334 = ORIENTED_EDGE ( 'NONE', *, *, #605, .T. ) ;
#3335 = ORIENTED_EDGE ( 'NONE', *, *, #1593, .T. ) ;
#3336 = DIRECTION ( 'NONE',  ( -1.000000000000000000, 0.0000000000000000000, 0.0000000000000000000 ) ) ;
#3337 =( LENGTH_UNIT ( ) NAMED_UNIT ( * ) SI_UNIT ( .MILLI., .METRE. ) );
#3338 = FACE_OUTER_BOUND ( 'NONE', #470, .T. ) ;
#3339 = DIRECTION ( 'NONE',  ( 0.0000000000000000000, -0.9729624261946479002, 0.2309634542810279911 ) ) ;
#3340 = ORIENTED_EDGE ( 'NONE', *, *, #2970, .T. ) ;
#3341 = ORIENTED_EDGE ( 'NONE', *, *, #393, .F. ) ;
#3342 = CARTESIAN_POINT ( 'NONE',  ( 4.049999999999999822, -0.08406282870510990712, 2.200000000000000178 ) ) ;
#3343 = EDGE_CURVE ( 'NONE', #3681, #1073, #698, .T. ) ;
#3344 = B_SPLINE_CURVE_WITH_KNOTS ( 'NONE', 3,
 ( #4362, #3280, #1135, #4651 ),
 .UNSPECIFIED., .F., .F.,
 ( 4, 4 ),
 ( 0.0000000000000000000, 1.000000000000000000 ),
 .UNSPECIFIED. ) ;
#3345 = ORIENTED_EDGE ( 'NONE', *, *, #1529, .T. ) ;
#3346 = CARTESIAN_POINT ( 'NONE',  ( 3.850000000000000089, -3.310000000000000053, 4.850000000000000533 ) ) ;
#3347 = CARTESIAN_POINT ( 'NONE',  ( -3.050000000000000266, -6.733333333333333393, 1.090000000000000080 ) ) ;
#3348 = EDGE_CURVE ( 'NONE', #2005, #369, #1383, .T. ) ;
#3349 = CARTESIAN_POINT ( 'NONE',  ( -1.550000000000000044, -7.377512199590593234, 1.089999999999999858 ) ) ;
#3350 = CARTESIAN_POINT ( 'NONE',  ( -4.049999999999999822, -0.5999999999999999778, 1.830000000000000293 ) ) ;
#3351 = ORIENTED_EDGE ( 'NONE', *, *, #1711, .T. ) ;
#3352 = SURFACE_STYLE_FILL_AREA ( #1891 ) ;
#3353 = CARTESIAN_POINT ( 'NONE',  ( 1.199999999999999956, -0.7199999999999975309, 3.549999999999999822 ) ) ;
#3354 = B_SPLINE_CURVE_WITH_KNOTS ( 'NONE', 3,
 ( #2090, #4277, #1382, #1403 ),
 .UNSPECIFIED., .F., .F.,
 ( 4, 4 ),
 ( 0.0000000000000000000, 1.000000000000000000 ),
 .UNSPECIFIED. ) ;
#3355 = UNCERTAINTY_MEASURE_WITH_UNIT (LENGTH_MEASURE( 1.000000000000000082E-05 ), #3673, 'distance_accuracy_value', 'NONE');
#3356 = CARTESIAN_POINT ( 'NONE',  ( -1.500000000000000000, -7.318089129048063413, 3.565749279829989238 ) ) ;
#3357 = CARTESIAN_POINT ( 'NONE',  ( -1.000000000000000000, -1.287128181961759932, 3.449999999999999734 ) ) ;
#3358 = CARTESIAN_POINT ( 'NONE',  ( -1.751256890803259303, -0.5599999999999949463, 5.790000000000000036 ) ) ;
#3359 = CARTESIAN_POINT ( 'NONE',  ( 1.550000000000000044, -7.000000000000000000, 0.0000000000000000000 ) ) ;
#3360 = ORIENTED_EDGE ( 'NONE', *, *, #4433, .T. ) ;
#3361 = CARTESIAN_POINT ( 'NONE',  ( 1.176945619350013628, -4.114880221309100250, 5.210000000000000853 ) ) ;
#3362 = CARTESIAN_POINT ( 'NONE',  ( 4.049999999999999822, -0.4280209429017046707, 2.200000000000000178 ) ) ;
#3363 = B_SPLINE_CURVE_WITH_KNOTS ( 'NONE', 3,
 ( #1111, #378, #399, #1822 ),
 .UNSPECIFIED., .F., .F.,
 ( 4, 4 ),
 ( 0.0000000000000000000, 1.000000000000000000 ),
 .UNSPECIFIED. ) ;
#3364 =( GEOMETRIC_REPRESENTATION_CONTEXT ( 3 ) GLOBAL_UNCERTAINTY_ASSIGNED_CONTEXT ( ( #1361 ) ) GLOBAL_UNIT_ASSIGNED_CONTEXT ( ( #734, #4307, #782 ) ) REPRESENTATION_CONTEXT ( 'NONE', 'WORKASPACE' ) );
#3365 = COLOUR_RGB ( '',0.8980392156862745390, 0.8980392156862745390, 0.8980392156862745390 ) ;
#3366 = CARTESIAN_POINT ( 'NONE',  ( 3.850000000000000089, -0.08406282870510960181, 2.200000000000000178 ) ) ;
#3367 = VERTEX_POINT ( 'NONE', #663 ) ;
#3368 = DIRECTION ( 'NONE',  ( -1.000000000000000000, 0.0000000000000000000, 0.0000000000000000000 ) ) ;
#3369 = MECHANICAL_DESIGN_GEOMETRIC_PRESENTATION_REPRESENTATION (  '', ( #4652 ), #2759 ) ;
#3370 = ADVANCED_FACE ( 'NONE', ( #641 ), #4250, .T. ) ;
#3371 = CARTESIAN_POINT ( 'NONE',  ( -4.049999999999999822, -0.08406282870510990712, -0.08000000000000000167 ) ) ;
#3372 = ORIENTED_EDGE ( 'NONE', *, *, #1918, .T. ) ;
#3373 = PLANE ( 'NONE',  #4497 ) ;
#3374 = CARTESIAN_POINT ( 'NONE',  ( 4.049999999999999822, -3.000000000000000000, 0.0000000000000000000 ) ) ;
#3375 = AXIS2_PLACEMENT_3D ( 'NONE', #996, #3919, #2786 ) ;
#3376 = ORIENTED_EDGE ( 'NONE', *, *, #4214, .T. ) ;
#3377 = CARTESIAN_POINT ( 'NONE',  ( 3.850000000000000089, -2.777939915136560055E-15, 5.209999999999999964 ) ) ;
#3378 =( NAMED_UNIT ( * ) PLANE_ANGLE_UNIT ( ) SI_UNIT ( $, .RADIAN. ) );
#3379 = CARTESIAN_POINT ( 'NONE',  ( 1.806211363021558824, -1.370504120693294414, 6.080000000000000071 ) ) ;
#3380 = CARTESIAN_POINT ( 'NONE',  ( 2.150120000000000253, -7.506360024826800093, 0.6077899365849340763 ) ) ;
#3381 = ORIENTED_EDGE ( 'NONE', *, *, #1918, .F. ) ;
#3382 = CARTESIAN_POINT ( 'NONE',  ( 0.8699999999999999956, -4.599999999999999645, 5.209999999999999964 ) ) ;
#3383 = CARTESIAN_POINT ( 'NONE',  ( 4.049999999999999822, -0.5999999999999999778, 2.200000000000000178 ) ) ;
#3384 = ADVANCED_FACE ( 'NONE', ( #289 ), #365, .T. ) ;
#3385 = CARTESIAN_POINT ( 'NONE',  ( 1.500000000000000000, -8.317569314890061349, 0.5000000000000000000 ) ) ;
#3386 = VERTEX_POINT ( 'NONE', #3903 ) ;
#3387 = CARTESIAN_POINT ( 'NONE',  ( 4.049999999999999822, -3.000000000000000000, 0.0000000000000000000 ) ) ;
#3389 = CARTESIAN_POINT ( 'NONE',  ( 3.049999999999999822, -7.266666666666666607, 4.316666666666668206 ) ) ;
#3388 = B_SPLINE_CURVE_WITH_KNOTS ( 'NONE', 3,
 ( #2704, #4473, #3353, #855 ),
 .UNSPECIFIED., .F., .F.,
 ( 4, 4 ),
 ( 0.0000000000000000000, 1.000000000000000000 ),
 .UNSPECIFIED. ) ;
#3390 = CARTESIAN_POINT ( 'NONE',  ( 1.850000000000000089, -2.777939915136560055E-15, 5.209999999999999964 ) ) ;
#3391 = ORIENTED_EDGE ( 'NONE', *, *, #4083, .T. ) ;
#3392 = CARTESIAN_POINT ( 'NONE',  ( 3.850000000000000089, -0.5999999999999999778, 2.850000000000000089 ) ) ;
#3393 = CARTESIAN_POINT ( 'NONE',  ( 1.612689261997426682, -7.644178866257252736, 1.090000000000000080 ) ) ;
#3394 = EDGE_CURVE ( 'NONE', #619, #4324, #3213, .T. ) ;
#3395 = B_SPLINE_CURVE_WITH_KNOTS ( 'NONE', 3,
 ( #484, #3349, #4058, #1889 ),
 .UNSPECIFIED., .F., .F.,
 ( 4, 4 ),
 ( 0.0000000000000000000, 1.000000000000000000 ),
 .UNSPECIFIED. ) ;
#3396 = UNCERTAINTY_MEASURE_WITH_UNIT (LENGTH_MEASURE( 1.000000000000000082E-05 ), #2113, 'distance_accuracy_value', 'NONE');
#3397 = ORIENTED_EDGE ( 'NONE', *, *, #4175, .T. ) ;
#3398 = CARTESIAN_POINT ( 'NONE',  ( -3.850000000000000089, -2.032350257162204077, -0.07999999999999998779 ) ) ;
#3399 = FACE_OUTER_BOUND ( 'NONE', #745, .T. ) ;
#3400 = ADVANCED_FACE ( 'NONE', ( #1778 ), #776, .T. ) ;
#3401 = CARTESIAN_POINT ( 'NONE',  ( -3.316666666666669983, -7.799999999999999822, 4.029999999999999361 ) ) ;
#3402 = CARTESIAN_POINT ( 'NONE',  ( 4.049999999999999822, -3.006493971390749920, 0.0000000000000000000 ) ) ;
#3403 = EDGE_LOOP ( 'NONE', ( #2497, #4463, #3051, #862 ) ) ;
#3404 = FACE_OUTER_BOUND ( 'NONE', #4558, .T. ) ;
#3405 = CARTESIAN_POINT ( 'NONE',  ( -3.850000000000000089, -7.799999999999999822, 4.029999999999999361 ) ) ;
#3406 = CARTESIAN_POINT ( 'NONE',  ( -1.500000000000000000, -1.287128181961759932, 3.449999999999999734 ) ) ;
#3407 = CARTESIAN_POINT ( 'NONE',  ( 0.9999999999999988898, -8.019974593652642980, 0.6089690105087136596 ) ) ;
#3408 = CARTESIAN_POINT ( 'NONE',  ( 5.100000000000000533, -5.299999999999999822, 2.850000000000000089 ) ) ;
#3409 = EDGE_CURVE ( 'NONE', #3507, #4208, #31, .T. ) ;
#3410 = DIRECTION ( 'NONE',  ( -1.000000000000000000, 0.0000000000000000000, 0.0000000000000000000 ) ) ;
#3411 = CARTESIAN_POINT ( 'NONE',  ( 3.183333333333333570, -2.777939915136560055E-15, 5.209999999999999964 ) ) ;
#3412 = ORIENTED_EDGE ( 'NONE', *, *, #4083, .F. ) ;
#3413 = EDGE_CURVE ( 'NONE', #1153, #4617, #4447, .T. ) ;
#3414 = CARTESIAN_POINT ( 'NONE',  ( -3.050000000000000266, -6.200000000000000178, 1.090000000000000080 ) ) ;
#3415 = SURFACE_STYLE_USAGE ( .BOTH. , #184 ) ;
#3416 = CARTESIAN_POINT ( 'NONE',  ( -0.7619322140077199323, -7.799999999999999822, 1.090000000000000080 ) ) ;
#3417 = ORIENTED_EDGE ( 'NONE', *, *, #465, .F. ) ;
#3418 = CARTESIAN_POINT ( 'NONE',  ( -1.000000000000000000, -8.317569314890061349, 0.5000000000000000000 ) ) ;
#3419 = CARTESIAN_POINT ( 'NONE',  ( 1.850000000000000089, 3.062295787318689839E-15, 5.500000000000000888 ) ) ;
#3420 = B_SPLINE_CURVE_WITH_KNOTS ( 'NONE', 3,
 ( #1305, #1862, #3779, #4152 ),
 .UNSPECIFIED., .F., .F.,
 ( 4, 4 ),
 ( 0.0000000000000000000, 1.000000000000000000 ),
 .UNSPECIFIED. ) ;
#3421 = B_SPLINE_CURVE_WITH_KNOTS ( 'NONE', 3,
 ( #4011, #4113, #2543, #1221 ),
 .UNSPECIFIED., .F., .F.,
 ( 4, 4 ),
 ( 0.0000000000000000000, 1.000000000000000000 ),
 .UNSPECIFIED. ) ;
#3422 = PRESENTATION_STYLE_ASSIGNMENT (( #2800 ) ) ;
#3423 = CARTESIAN_POINT ( 'NONE',  ( -4.399999999999999467, -0.5999999999999999778, 1.090000000000000080 ) ) ;
#3424 = VERTEX_POINT ( 'NONE', #2527 ) ;
#3425 = CARTESIAN_POINT ( 'NONE',  ( 1.000000000000000222, -4.029042727320587325, 3.950000000000000178 ) ) ;
#3426 = FACE_OUTER_BOUND ( 'NONE', #3833, .T. ) ;
#3427 = CARTESIAN_POINT ( 'NONE',  ( 1.000000000000000000, -7.460296961164719853, 0.8018363510626200785 ) ) ;
#3428 = CARTESIAN_POINT ( 'NONE',  ( 3.050000000000000266, -2.949999999999999734, 5.209999999999999964 ) ) ;
#3429 = EDGE_CURVE ( 'NONE', #3666, #4471, #640, .T. ) ;
#3430 = EDGE_LOOP ( 'NONE', ( #4052, #4455, #3777, #3644, #1542, #3225 ) ) ;
#3431 = B_SPLINE_CURVE_WITH_KNOTS ( 'NONE', 3,
 ( #4313, #1821, #4363, #1136 ),
 .UNSPECIFIED., .F., .F.,
 ( 4, 4 ),
 ( 0.0000000000000000000, 1.000000000000000000 ),
 .UNSPECIFIED. ) ;
#3432 = CARTESIAN_POINT ( 'NONE',  ( 3.050000000000000711, -6.733333333333332504, 5.209999999999999964 ) ) ;
#3433 = B_SPLINE_CURVE_WITH_KNOTS ( 'NONE', 3,
 ( #1988, #4221, #2386, #995 ),
 .UNSPECIFIED., .F., .F.,
 ( 4, 4 ),
 ( 0.0000000000000000000, 1.000000000000000000 ),
 .UNSPECIFIED. ) ;
#3434 = COLOUR_RGB ( '',0.8980392156862745390, 0.8980392156862745390, 0.8980392156862745390 ) ;
#3435 = B_SPLINE_CURVE_WITH_KNOTS ( 'NONE', 1,
 ( #2649, #2719 ),
 .UNSPECIFIED., .F., .F.,
 ( 2, 2 ),
 ( -0.5000000000000000000, 0.0000000000000000000 ),
 .UNSPECIFIED. ) ;
#3436 = CARTESIAN_POINT ( 'NONE',  ( 1.645951699505918020, -2.780061795870348185, 6.080000000000000071 ) ) ;
#3437 = FACE_OUTER_BOUND ( 'NONE', #2487, .T. ) ;
#3438 = VERTEX_POINT ( 'NONE', #57 ) ;
#3439 = AXIS2_PLACEMENT_3D ( 'NONE', #2219, #2545, #4248 ) ;
#3440 = AXIS2_PLACEMENT_3D ( 'NONE', #4491, #1955, #3030 ) ;
#3441 = CARTESIAN_POINT ( 'NONE',  ( -3.850000000000000533, -3.093015849786475258, 5.180511086446227154 ) ) ;
#3442 = DIRECTION ( 'NONE',  ( 1.000000000000000000, 0.0000000000000000000, 0.0000000000000000000 ) ) ;
#3443 = EDGE_CURVE ( 'NONE', #4069, #1698, #694, .T. ) ;
#3444 = PRESENTATION_LAYER_ASSIGNMENT (  '', '', ( #2607 ) ) ;
#3445 = ORIENTED_EDGE ( 'NONE', *, *, #50, .T. ) ;
#3446 = CARTESIAN_POINT ( 'NONE',  ( 3.850000000000000533, -3.127776755133816700, 5.167041130300612295 ) ) ;
#3447 = PRODUCT_CONTEXT ( 'NONE', #2826, 'mechanical' ) ;
#3448 = CARTESIAN_POINT ( 'NONE',  ( 3.050000000000000266, -5.519879999999999676, 4.048880000000000479 ) ) ;
#3449 = B_SPLINE_CURVE_WITH_KNOTS ( 'NONE', 3,
 ( #546, #3679, #1908, #2989 ),
 .UNSPECIFIED., .F., .F.,
 ( 4, 4 ),
 ( 0.0000000000000000000, 1.000000000000000000 ),
 .UNSPECIFIED. ) ;
#3450 = COLOUR_RGB ( '',0.8980392156862745390, 0.8980392156862745390, 0.8980392156862745390 ) ;
#3451 = AXIS2_PLACEMENT_3D ( 'NONE', #3516, #3913, #3750 ) ;
#3452 = CARTESIAN_POINT ( 'NONE',  ( -5.100000000000000533, -5.770120000000000360, -0.2851199999999999846 ) ) ;
#3453 = ORIENTED_EDGE ( 'NONE', *, *, #869, .T. ) ;
#3454 =( NAMED_UNIT ( * ) SI_UNIT ( $, .STERADIAN. ) SOLID_ANGLE_UNIT ( ) );
#3455 = CARTESIAN_POINT ( 'NONE',  ( 1.000000000000000888, -5.400000000000000355, 3.783333333333333215 ) ) ;
#3456 = CARTESIAN_POINT ( 'NONE',  ( 4.049999999999999822, -3.000000000000000000, 1.090000000000000080 ) ) ;
#3457 = EDGE_CURVE ( 'NONE', #387, #720, #2877, .T. ) ;
#3458 = CARTESIAN_POINT ( 'NONE',  ( -3.850000000000000089, -5.299999999999999822, 0.0000000000000000000 ) ) ;
#3459 = ORIENTED_EDGE ( 'NONE', *, *, #3635, .F. ) ;
#3460 = EDGE_LOOP ( 'NONE', ( #4550, #2859, #1476, #410 ) ) ;
#3461 = CARTESIAN_POINT ( 'NONE',  ( 4.049999999999999822, -3.000000000000000000, 0.0000000000000000000 ) ) ;
#3462 = B_SPLINE_CURVE_WITH_KNOTS ( 'NONE', 3,
 ( #463, #760, #2191, #2605 ),
 .UNSPECIFIED., .F., .F.,
 ( 4, 4 ),
 ( 0.0000000000000000000, 1.000000000000000000 ),
 .UNSPECIFIED. ) ;
#3463 = ADVANCED_FACE ( 'NONE', ( #2207 ), #2183, .T. ) ;
#3464 = CARTESIAN_POINT ( 'NONE',  ( 3.049999999999999822, -7.000000000000000000, 5.040000000000000036 ) ) ;
#3465 = CARTESIAN_POINT ( 'NONE',  ( -3.049999999999990052, -7.000000000000000000, 3.286666666666667069 ) ) ;
#3466 = EDGE_LOOP ( 'NONE', ( #3335, #3324, #1855, #1385, #44, #577 ) ) ;
#3467 = CARTESIAN_POINT ( 'NONE',  ( -3.849999999999999201, -3.299468245159362212, 4.939121237561788114 ) ) ;
#3468 = VERTEX_POINT ( 'NONE', #2937 ) ;
#3469 = CARTESIAN_POINT ( 'NONE',  ( 1.550000000000000044, -7.566268299385879637, 0.3633333333333332305 ) ) ;
#3470 = ORIENTED_EDGE ( 'NONE', *, *, #3816, .F. ) ;
#3471 = CARTESIAN_POINT ( 'NONE',  ( -4.266666666666665719, -5.299999999999999822, 2.850000000000000089 ) ) ;
#3472 = CARTESIAN_POINT ( 'NONE',  ( -3.850000000000000089, 3.622850476404775104E-15, 6.080000000000000071 ) ) ;
#3473 = ADVANCED_FACE ( 'NONE', ( #409 ), #37, .T. ) ;
#3474 = ORIENTED_EDGE ( 'NONE', *, *, #732, .T. ) ;
#3475 = CARTESIAN_POINT ( 'NONE',  ( -1.066666666666666874, -0.9090427273205838876, 3.883333333333334636 ) ) ;
#3476 = ORIENTED_EDGE ( 'NONE', *, *, #3303, .T. ) ;
#3477 = SURFACE_SIDE_STYLE ('',( #2713 ) ) ;
#3478 = CARTESIAN_POINT ( 'NONE',  ( -3.850000000000000089, 3.622850476404775104E-15, 5.209999999999999964 ) ) ;
#3479 = EDGE_CURVE ( 'NONE', #3712, #3527, #1134, .T. ) ;
#3480 = CARTESIAN_POINT ( 'NONE',  ( 1.166666666666666963, -1.287128181961760154, 3.950000000000000178 ) ) ;
#3481 = CARTESIAN_POINT ( 'NONE',  ( -0.3498800000000000243, -7.506360024826800093, 0.6077899365849340763 ) ) ;
#3482 = ORIENTED_EDGE ( 'NONE', *, *, #3008, .T. ) ;
#3483 = UNCERTAINTY_MEASURE_WITH_UNIT (LENGTH_MEASURE( 1.000000000000000082E-05 ), #3646, 'distance_accuracy_value', 'NONE');
#3484 = ORIENTED_EDGE ( 'NONE', *, *, #3201, .T. ) ;
#3485 =( NAMED_UNIT ( * ) SI_UNIT ( $, .STERADIAN. ) SOLID_ANGLE_UNIT ( ) );
#3486 = EDGE_CURVE ( 'NONE', #4252, #1716, #2030, .T. ) ;
#3487 = PLANE ( 'NONE',  #3734 ) ;
#3488 = PLANE ( 'NONE',  #962 ) ;
#3489 = VERTEX_POINT ( 'NONE', #3359 ) ;
#3490 = ADVANCED_FACE ( 'NONE', ( #1967 ), #2358, .T. ) ;
#3491 = CARTESIAN_POINT ( 'NONE',  ( -3.849999999999999645, -3.238758431352424250, 5.070033931635592239 ) ) ;
#3492 = ORIENTED_EDGE ( 'NONE', *, *, #4648, .T. ) ;
#3493 = FACE_OUTER_BOUND ( 'NONE', #4622, .T. ) ;
#3494 = B_SPLINE_CURVE_WITH_KNOTS ( 'NONE', 3,
 ( #3286, #1491, #3770, #3416 ),
 .UNSPECIFIED., .F., .F.,
 ( 4, 4 ),
 ( 0.0000000000000000000, 1.000000000000000000 ),
 .UNSPECIFIED. ) ;
#3495 = CARTESIAN_POINT ( 'NONE',  ( 3.850000000000000089, -0.08406282870510990712, -0.08000000000000000167 ) ) ;
#3496 = B_SPLINE_CURVE_WITH_KNOTS ( 'NONE', 1,
 ( #2031, #4548 ),
 .UNSPECIFIED., .F., .F.,
 ( 2, 2 ),
 ( 0.0000000000000000000, 1.992942834170859934 ),
 .UNSPECIFIED. ) ;
#3497 = EDGE_LOOP ( 'NONE', ( #3157, #2267, #3079, #2138, #628, #292, #1785, #358, #1987, #2185, #1033, #4534, #2092, #4023, #4430, #2842, #3790, #3476, #3621 ) ) ;
#3498 = FACE_OUTER_BOUND ( 'NONE', #994, .T. ) ;
#3499 = VERTEX_POINT ( 'NONE', #559 ) ;
#3500 = CARTESIAN_POINT ( 'NONE',  ( 3.850000000000000089, -2.206666666666666998, 4.299999999999999822 ) ) ;
#3501 = DIRECTION ( 'NONE',  ( 0.0000000000000000000, 0.0000000000000000000, -1.000000000000000000 ) ) ;
#3502 = CARTESIAN_POINT ( 'NONE',  ( -3.583333333333333481, 3.275596848026040055E-15, 4.299999999999999822 ) ) ;
#3503 = PLANE ( 'NONE',  #3593 ) ;
#3504 = EDGE_CURVE ( 'NONE', #76, #132, #4327, .T. ) ;
#3505 = CARTESIAN_POINT ( 'NONE',  ( -3.850000000000000089, -6.966666666666665897, 0.0000000000000000000 ) ) ;
#3506 = VERTEX_POINT ( 'NONE', #2291 ) ;
#3507 = VERTEX_POINT ( 'NONE', #191 ) ;
#3508 = B_SPLINE_CURVE_WITH_KNOTS ( 'NONE', 3,
 ( #3809, #2416, #2071, #1737 ),
 .UNSPECIFIED., .F., .F.,
 ( 4, 4 ),
 ( 0.0000000000000000000, 1.000000000000000000 ),
 .UNSPECIFIED. ) ;
#3509 = CARTESIAN_POINT ( 'NONE',  ( 1.100000000000000089, -10.33999999999999986, 0.4000000000000000222 ) ) ;
#3510 = DIRECTION ( 'NONE',  ( -0.9848077530122080203, -0.1736481776669309973, -5.466781211117588525E-17 ) ) ;
#3511 = ORIENTED_EDGE ( 'NONE', *, *, #3931, .F. ) ;
#3512 = CARTESIAN_POINT ( 'NONE',  ( 4.049999999999999822, -3.006493971390749920, 0.0000000000000000000 ) ) ;
#3513 = DIRECTION ( 'NONE',  ( 0.0000000000000000000, 0.0000000000000000000, 1.000000000000000000 ) ) ;
#3514 = MECHANICAL_DESIGN_GEOMETRIC_PRESENTATION_REPRESENTATION (  '', ( #4043 ), #588 ) ;
#3515 =( GEOMETRIC_REPRESENTATION_CONTEXT ( 3 ) GLOBAL_UNCERTAINTY_ASSIGNED_CONTEXT ( ( #291 ) ) GLOBAL_UNIT_ASSIGNED_CONTEXT ( ( #3557, #1823, #141 ) ) REPRESENTATION_CONTEXT ( 'NONE', 'WORKASPACE' ) );
#3516 = CARTESIAN_POINT ( 'NONE',  ( 2.369880000000000209, -3.641119999999999912, 4.299999999999999822 ) ) ;
#3517 = STYLED_ITEM ( 'NONE', ( #4365 ), #573 ) ;
#3518 = CARTESIAN_POINT ( 'NONE',  ( 3.850000000000000089, -6.966666666666665897, 0.0000000000000000000 ) ) ;
#3519 = VERTEX_POINT ( 'NONE', #2011 ) ;
#3520 = PLANE ( 'NONE',  #146 ) ;
#3521 = DIRECTION ( 'NONE',  ( 0.0000000000000000000, 0.0000000000000000000, -1.000000000000000000 ) ) ;
#3522 = AXIS2_PLACEMENT_3D ( 'NONE', #724, #2223, #402 ) ;
#3523 = B_SPLINE_CURVE_WITH_KNOTS ( 'NONE', 1,
 ( #1757, #2136 ),
 .UNSPECIFIED., .F., .F.,
 ( 2, 2 ),
 ( 0.0000000000000000000, 0.5844949741231939555 ),
 .UNSPECIFIED. ) ;
#3524 = AXIS2_PLACEMENT_3D ( 'NONE', #3001, #840, #1966 ) ;
#3525 = ADVANCED_FACE ( 'NONE', ( #3799 ), #3003, .T. ) ;
#3526 = CARTESIAN_POINT ( 'NONE',  ( -0.3499999999999996447, -3.066666666666666874, 5.209999999999999964 ) ) ;
#3527 = VERTEX_POINT ( 'NONE', #2662 ) ;
#3528 = AXIS2_PLACEMENT_3D ( 'NONE', #3089, #918, #3115 ) ;
#3529 = CARTESIAN_POINT ( 'NONE',  ( -1.000000000000000000, -4.029042727320587325, 3.950000000000000178 ) ) ;
#3530 = AXIS2_PLACEMENT_3D ( 'NONE', #1532, #2971, #4453 ) ;
#3531 = CARTESIAN_POINT ( 'NONE',  ( -1.500000000000000000, -9.772871818038209923, 0.0000000000000000000 ) ) ;
#3532 = CARTESIAN_POINT ( 'NONE',  ( 3.916666666666667407, -0.08406282870510994876, 0.0000000000000000000 ) ) ;
#3533 = DIRECTION ( 'NONE',  ( -1.000000000000000000, 0.0000000000000000000, 0.0000000000000000000 ) ) ;
#3534 = ORIENTED_EDGE ( 'NONE', *, *, #4114, .F. ) ;
#3536 = VERTEX_POINT ( 'NONE', #1986 ) ;
#3535 = B_SPLINE_CURVE_WITH_KNOTS ( 'NONE', 3,
 ( #854, #3640, #835, #2951 ),
 .UNSPECIFIED., .F., .F.,
 ( 4, 4 ),
 ( 0.0000000000000000000, 1.000000000000000000 ),
 .UNSPECIFIED. ) ;
#3537 = CARTESIAN_POINT ( 'NONE',  ( -4.049999999999999822, -0.08406282870510990712, -0.08000000000000000167 ) ) ;
#3538 = ADVANCED_FACE ( 'NONE', ( #3730 ), #1583, .T. ) ;
#3539 =( BOUNDED_CURVE ( )  B_SPLINE_CURVE ( 2, ( #1885, #3407, #827 ),
 .UNSPECIFIED., .F., .F. ) 
 B_SPLINE_CURVE_WITH_KNOTS ( ( 3, 3 ),
 ( -0.5815545707747930004, 0.0000000000000000000 ),
 .UNSPECIFIED. ) 
 CURVE ( )  GEOMETRIC_REPRESENTATION_ITEM ( )  RATIONAL_B_SPLINE_CURVE ( ( 1.000000000000000000, 0.8807453196100240023, 1.000000000000000000 ) ) 
 REPRESENTATION_ITEM ( '' )  );
#3540 = CARTESIAN_POINT ( 'NONE',  ( -3.050000000000000266, -2.949999999999999734, 5.209999999999999964 ) ) ;
#3541 = CARTESIAN_POINT ( 'NONE',  ( 1.000000000000000000, -1.287128181961759932, 3.950000000000000178 ) ) ;
#3542 = ORIENTED_EDGE ( 'NONE', *, *, #3941, .T. ) ;
#3543 = CARTESIAN_POINT ( 'NONE',  ( 3.850000000000000089, 0.0000000000000000000, 2.866666666666666696 ) ) ;
#3544 = PLANE ( 'NONE',  #220 ) ;
#3545 = SURFACE_STYLE_FILL_AREA ( #1693 ) ;
#3546 = ORIENTED_EDGE ( 'NONE', *, *, #1541, .F. ) ;
#3547 = DIRECTION ( 'NONE',  ( 0.0000000000000000000, 1.000000000000000000, 0.0000000000000000000 ) ) ;
#3548 = CARTESIAN_POINT ( 'NONE',  ( -1.500000000000000000, -9.772871818038209923, 0.5000000000000000000 ) ) ;
#3549 = ADVANCED_FACE ( 'NONE', ( #3023 ), #130, .T. ) ;
#3550 = CARTESIAN_POINT ( 'NONE',  ( -5.100000000000000533, -0.5999999999999998668, 2.263333333333333197 ) ) ;
#3551 = ORIENTED_EDGE ( 'NONE', *, *, #3106, .F. ) ;
#3552 = SURFACE_STYLE_FILL_AREA ( #2112 ) ;
#3553 = B_SPLINE_CURVE_WITH_KNOTS ( 'NONE', 3,
 ( #773, #839, #2248, #143 ),
 .UNSPECIFIED., .F., .F.,
 ( 4, 4 ),
 ( 0.0000000000000000000, 1.000000000000000000 ),
 .UNSPECIFIED. ) ;
#3554 = DIRECTION ( 'NONE',  ( 0.0000000000000000000, -1.000000000000000000, 0.0000000000000000000 ) ) ;
#3555 = SURFACE_STYLE_FILL_AREA ( #3625 ) ;
#3556 = EDGE_CURVE ( 'NONE', #3016, #1351, #3093, .T. ) ;
#3557 =( LENGTH_UNIT ( ) NAMED_UNIT ( * ) SI_UNIT ( .MILLI., .METRE. ) );
#3558 = B_SPLINE_CURVE_WITH_KNOTS ( 'NONE', 3,
 ( #1924, #1238, #4446, #4466 ),
 .UNSPECIFIED., .F., .F.,
 ( 4, 4 ),
 ( 0.0000000000000000000, 1.000000000000000000 ),
 .UNSPECIFIED. ) ;
#3559 = CARTESIAN_POINT ( 'NONE',  ( -1.100000000000000089, -0.7200000000000000844, 3.550000000000000266 ) ) ;
#3560 = CARTESIAN_POINT ( 'NONE',  ( 3.050000000000000266, -5.400000000000000355, 5.209999999999999964 ) ) ;
#3561 = ORIENTED_EDGE ( 'NONE', *, *, #4229, .F. ) ;
#3562 = VERTEX_POINT ( 'NONE', #495 ) ;
#3563 = CARTESIAN_POINT ( 'NONE',  ( 1.000000000000000000, -7.946778174262040473, 0.9173180782031339353 ) ) ;
#3564 = ORIENTED_EDGE ( 'NONE', *, *, #2190, .F. ) ;
#3565 = DIRECTION ( 'NONE',  ( 0.0000000000000000000, 0.0000000000000000000, -1.000000000000000000 ) ) ;
#3566 = ORIENTED_EDGE ( 'NONE', *, *, #1784, .F. ) ;
#3567 = DIRECTION ( 'NONE',  ( 0.0000000000000000000, 0.0000000000000000000, 1.000000000000000000 ) ) ;
#3568 = EDGE_CURVE ( 'NONE', #1248, #3063, #1974, .T. ) ;
#3569 = EDGE_CURVE ( 'NONE', #2345, #2359, #91, .T. ) ;
#3570 = CARTESIAN_POINT ( 'NONE',  ( 3.850000000000000089, -7.000000000000000000, 6.080000000000000071 ) ) ;
#3571 = CARTESIAN_POINT ( 'NONE',  ( 4.049999999999999822, -3.000000000000000000, 1.090000000000000080 ) ) ;
#3572 = SURFACE_SIDE_STYLE ('',( #2804 ) ) ;
#3573 = B_SPLINE_CURVE_WITH_KNOTS ( 'NONE', 3,
 ( #4332, #2949, #417, #1483 ),
 .UNSPECIFIED., .F., .F.,
 ( 4, 4 ),
 ( 0.0000000000000000000, 1.000000000000000000 ),
 .UNSPECIFIED. ) ;
#3574 = VERTEX_POINT ( 'NONE', #882 ) ;
#3575 = CARTESIAN_POINT ( 'NONE',  ( 3.583333333333333481, -3.310000000000000053, 4.849999999999999645 ) ) ;
#3576 = ORIENTED_EDGE ( 'NONE', *, *, #3020, .T. ) ;
#3577 = CARTESIAN_POINT ( 'NONE',  ( -0.8699999999999999956, -4.599999999999999645, 6.080000000000000071 ) ) ;
#3578 = FACE_OUTER_BOUND ( 'NONE', #1746, .T. ) ;
#3579 = EDGE_CURVE ( 'NONE', #2665, #1151, #1187, .T. ) ;
#3580 = CARTESIAN_POINT ( 'NONE',  ( 1.399999999999999911, -10.33999999999999986, 0.1000000000000000056 ) ) ;
#3581 = FACE_OUTER_BOUND ( 'NONE', #2140, .T. ) ;
#3582 = ORIENTED_EDGE ( 'NONE', *, *, #1319, .F. ) ;
#3583 = VERTEX_POINT ( 'NONE', #1625 ) ;
#3584 = EDGE_CURVE ( 'NONE', #4316, #3285, #4500, .T. ) ;
#3585 = EDGE_LOOP ( 'NONE', ( #939, #2537, #3986, #723 ) ) ;
#3586 = SURFACE_STYLE_USAGE ( .BOTH. , #2819 ) ;
#3587 = CARTESIAN_POINT ( 'NONE',  ( 3.850000000000000089, -5.299999999999999822, 2.850000000000000089 ) ) ;
#3588 = CARTESIAN_POINT ( 'NONE',  ( -1.399999999999999911, -10.33999999999999986, 0.1000000000000000056 ) ) ;
#3589 = CARTESIAN_POINT ( 'NONE',  ( -1.000000000000000000, -8.242726650311741565, 0.0000000000000000000 ) ) ;
#3590 = CARTESIAN_POINT ( 'NONE',  ( 1.806211363021558824, -1.370504120693294414, 6.080000000000000071 ) ) ;
#3591 = CARTESIAN_POINT ( 'NONE',  ( 0.3499999999999999778, -4.600000000000000533, 5.790000000000000036 ) ) ;
#3592 = ADVANCED_FACE ( 'NONE', ( #3498 ), #1352, .T. ) ;
#3593 = AXIS2_PLACEMENT_3D ( 'NONE', #221, #3099, #4537 ) ;
#3594 = STYLED_ITEM ( 'NONE', ( #4126 ), #407 ) ;
#3595 = ORIENTED_EDGE ( 'NONE', *, *, #728, .T. ) ;
#3596 = UNCERTAINTY_MEASURE_WITH_UNIT (LENGTH_MEASURE( 1.000000000000000082E-05 ), #4513, 'distance_accuracy_value', 'NONE');
#3597 = CARTESIAN_POINT ( 'NONE',  ( -3.050000000000000266, -5.400000000000000355, 3.836666666666666003 ) ) ;
#3598 = ORIENTED_EDGE ( 'NONE', *, *, #2702, .F. ) ;
#3599 = CARTESIAN_POINT ( 'NONE',  ( 3.850000000000000089, -7.000000000000000000, 4.999999999999999112 ) ) ;
#3600 = AXIS2_PLACEMENT_3D ( 'NONE', #3922, #2461, #712 ) ;
#3601 = B_SPLINE_CURVE_WITH_KNOTS ( 'NONE', 3,
 ( #4542, #3432, #1735, #4619 ),
 .UNSPECIFIED., .F., .F.,
 ( 4, 4 ),
 ( 0.0000000000000000000, 1.000000000000000000 ),
 .UNSPECIFIED. ) ;
#3602 = CARTESIAN_POINT ( 'NONE',  ( 3.850000000000000089, -3.006493971390749920, 0.0000000000000000000 ) ) ;
#3603 = DIRECTION ( 'NONE',  ( 0.0000000000000000000, 0.0000000000000000000, 1.000000000000000000 ) ) ;
#3604 = ORIENTED_EDGE ( 'NONE', *, *, #1146, .T. ) ;
#3605 = ORIENTED_EDGE ( 'NONE', *, *, #23, .F. ) ;
#3606 = DIRECTION ( 'NONE',  ( 1.000000000000000000, 0.0000000000000000000, 0.0000000000000000000 ) ) ;
#3607 = EDGE_CURVE ( 'NONE', #3536, #3628, #3100, .T. ) ;
#3608 =( GEOMETRIC_REPRESENTATION_CONTEXT ( 3 ) GLOBAL_UNCERTAINTY_ASSIGNED_CONTEXT ( ( #3396 ) ) GLOBAL_UNIT_ASSIGNED_CONTEXT ( ( #2113, #2811, #3193 ) ) REPRESENTATION_CONTEXT ( 'NONE', 'WORKASPACE' ) );
#3609 = B_SPLINE_CURVE_WITH_KNOTS ( 'NONE', 3,
 ( #504, #872, #3722, #3010 ),
 .UNSPECIFIED., .F., .F.,
 ( 4, 4 ),
 ( 0.0000000000000000000, 1.000000000000000000 ),
 .UNSPECIFIED. ) ;
#3610 = ORIENTED_EDGE ( 'NONE', *, *, #2122, .F. ) ;
#3611 =( GEOMETRIC_REPRESENTATION_CONTEXT ( 3 ) GLOBAL_UNCERTAINTY_ASSIGNED_CONTEXT ( ( #2974 ) ) GLOBAL_UNIT_ASSIGNED_CONTEXT ( ( #2041, #1677, #1331 ) ) REPRESENTATION_CONTEXT ( 'NONE', 'WORKASPACE' ) );
#3612 = CARTESIAN_POINT ( 'NONE',  ( 1.850000000000000089, -2.777939915136560055E-15, 6.080000000000000071 ) ) ;
#3613 = CARTESIAN_POINT ( 'NONE',  ( -3.050000000000000266, -1.800000000000000044, 1.089999999999999858 ) ) ;
#3614 = B_SPLINE_CURVE_WITH_KNOTS ( 'NONE', 3,
 ( #3669, #2616, #1898, #4456 ),
 .UNSPECIFIED., .F., .F.,
 ( 4, 4 ),
 ( 0.0000000000000000000, 1.000000000000000000 ),
 .UNSPECIFIED. ) ;
#3615 = CARTESIAN_POINT ( 'NONE',  ( 3.916666666666666519, -3.006493971390749920, 0.0000000000000000000 ) ) ;
#3616 = EDGE_CURVE ( 'NONE', #3527, #2624, #2584, .T. ) ;
#3617 = CARTESIAN_POINT ( 'NONE',  ( 3.850000000000000089, 0.2083002855634539796, -0.6881199999999999539 ) ) ;
#3618 = CARTESIAN_POINT ( 'NONE',  ( 3.724879999999999747, -0.5999999999999999778, 0.9138800000000000257 ) ) ;
#3619 = SURFACE_STYLE_FILL_AREA ( #742 ) ;
#3620 = SURFACE_STYLE_USAGE ( .BOTH. , #2080 ) ;
#3621 = ORIENTED_EDGE ( 'NONE', *, *, #1290, .F. ) ;
#3622 = B_SPLINE_CURVE_WITH_KNOTS ( 'NONE', 3,
 ( #3745, #900, #4079, #2329 ),
 .UNSPECIFIED., .F., .F.,
 ( 4, 4 ),
 ( 0.0000000000000000000, 1.000000000000000000 ),
 .UNSPECIFIED. ) ;
#3623 = DIRECTION ( 'NONE',  ( 1.000000000000000000, 0.0000000000000000000, 0.0000000000000000000 ) ) ;
#3624 = PLANE ( 'NONE',  #4501 ) ;
#3625 = FILL_AREA_STYLE ('',( #3246 ) ) ;
#3626 = CARTESIAN_POINT ( 'NONE',  ( -1.399999999999999911, -0.7200000000000000844, 3.550000000000000266 ) ) ;
#3627 = CARTESIAN_POINT ( 'NONE',  ( 1.850000000000000089, -2.777939915136560055E-15, 5.209999999999999964 ) ) ;
#3628 = VERTEX_POINT ( 'NONE', #2110 ) ;
#3629 = ORIENTED_EDGE ( 'NONE', *, *, #2698, .T. ) ;
#3630 = CARTESIAN_POINT ( 'NONE',  ( -3.049999999999999378, -3.039121237561790867, 5.199468245159364344 ) ) ;
#3631 = ORIENTED_EDGE ( 'NONE', *, *, #3816, .T. ) ;
#3632 = FILL_AREA_STYLE ('',( #3230 ) ) ;
#3633 = CARTESIAN_POINT ( 'NONE',  ( -3.050000000000000266, -5.400000000000000355, 1.090000000000000080 ) ) ;
#3634 = CARTESIAN_POINT ( 'NONE',  ( -3.050000000000000266, -7.799999999999999822, 1.090000000000000080 ) ) ;
#3635 = EDGE_CURVE ( 'NONE', #2820, #369, #3714, .T. ) ;
#3636 = CARTESIAN_POINT ( 'NONE',  ( 3.850000000000000089, -0.02802094290170360075, 0.0000000000000000000 ) ) ;
#3637 = CARTESIAN_POINT ( 'NONE',  ( -1.850000000000000089, 4.381791997144624264E-15, 5.209999999999999964 ) ) ;
#3638 = ORIENTED_EDGE ( 'NONE', *, *, #2841, .T. ) ;
#3639 = CARTESIAN_POINT ( 'NONE',  ( 3.050000000000000266, -7.799999999999999822, 1.090000000000000080 ) ) ;
#3640 = CARTESIAN_POINT ( 'NONE',  ( -3.850000000000000089, -0.02802094290170333013, 0.0000000000000000000 ) ) ;
#3641 = CARTESIAN_POINT ( 'NONE',  ( -3.983333333333333393, -3.002886209507003024, 0.0000000000000000000 ) ) ;
#3642 = VERTEX_POINT ( 'NONE', #993 ) ;
#3643 = CARTESIAN_POINT ( 'NONE',  ( 3.050000000000000266, -6.200000000000000178, 4.700000000000000178 ) ) ;
#3644 = ORIENTED_EDGE ( 'NONE', *, *, #4293, .T. ) ;
#3645 = DIRECTION ( 'NONE',  ( -1.000000000000000000, 0.0000000000000000000, 0.0000000000000000000 ) ) ;
#3646 =( LENGTH_UNIT ( ) NAMED_UNIT ( * ) SI_UNIT ( .MILLI., .METRE. ) );
#3647 = DIRECTION ( 'NONE',  ( 0.0000000000000000000, -1.000000000000000000, 0.0000000000000000000 ) ) ;
#3648 = CARTESIAN_POINT ( 'NONE',  ( -1.033333333333333659, -1.098085454641171799, 3.483333333333334725 ) ) ;
#3649 = FILL_AREA_STYLE_COLOUR ( '', #1788 ) ;
#3650 = EDGE_LOOP ( 'NONE', ( #2187, #1832, #3954, #2610 ) ) ;
#3651 = VERTEX_POINT ( 'NONE', #2808 ) ;
#3652 = PRESENTATION_STYLE_ASSIGNMENT (( #2940 ) ) ;
#3653 = B_SPLINE_CURVE_WITH_KNOTS ( 'NONE', 3,
 ( #2715, #2739, #2388, #977 ),
 .UNSPECIFIED., .F., .F.,
 ( 4, 4 ),
 ( 0.0000000000000000000, 1.000000000000000000 ),
 .UNSPECIFIED. ) ;
#3654 = EDGE_CURVE ( 'NONE', #2371, #1544, #2635, .T. ) ;
#3655 = ORIENTED_EDGE ( 'NONE', *, *, #379, .T. ) ;
#3656 = DIRECTION ( 'NONE',  ( 0.0000000000000000000, 0.0000000000000000000, 1.000000000000000000 ) ) ;
#3657 = DIRECTION ( 'NONE',  ( 0.0000000000000000000, -1.000000000000000000, 0.0000000000000000000 ) ) ;
#3658 = CARTESIAN_POINT ( 'NONE',  ( 0.9499999999999999556, -7.000000000000000000, 0.0000000000000000000 ) ) ;
#3659 = DIRECTION ( 'NONE',  ( 0.0000000000000000000, 0.0000000000000000000, -1.000000000000000000 ) ) ;
#3660 = CARTESIAN_POINT ( 'NONE',  ( 3.850000000000000089, -7.000000000000000000, 4.460000000000000853 ) ) ;
#3661 = ORIENTED_EDGE ( 'NONE', *, *, #1680, .F. ) ;
#3662 = CARTESIAN_POINT ( 'NONE',  ( 0.5233333333333345383, -4.599999999999999645, 5.209999999999999964 ) ) ;
#3663 = CARTESIAN_POINT ( 'NONE',  ( -1.526754564591509933, -7.799999999999999822, -0.4031199999999999783 ) ) ;
#3664 = CARTESIAN_POINT ( 'NONE',  ( 3.983333333333333393, -3.006493971390749920, -0.08000000000000000167 ) ) ;
#3665 = ADVANCED_FACE ( 'NONE', ( #2059 ), #2783, .T. ) ;
#3666 = VERTEX_POINT ( 'NONE', #3167 ) ;
#3667 = B_SPLINE_CURVE_WITH_KNOTS ( 'NONE', 3,
 ( #1675, #3475, #263, #3144 ),
 .UNSPECIFIED., .F., .F.,
 ( 4, 4 ),
 ( 0.0000000000000000000, 1.000000000000000000 ),
 .UNSPECIFIED. ) ;
#3668 = FACE_OUTER_BOUND ( 'NONE', #2840, .T. ) ;
#3669 = CARTESIAN_POINT ( 'NONE',  ( 3.050000000000000266, -3.310000000000000053, 4.850000000000000533 ) ) ;
#3670 =( GEOMETRIC_REPRESENTATION_CONTEXT ( 3 ) GLOBAL_UNCERTAINTY_ASSIGNED_CONTEXT ( ( #123 ) ) GLOBAL_UNIT_ASSIGNED_CONTEXT ( ( #3772, #3238, #4578 ) ) REPRESENTATION_CONTEXT ( 'NONE', 'WORKASPACE' ) );
#3671 = B_SPLINE_CURVE_WITH_KNOTS ( 'NONE', 3,
 ( #3428, #3717, #2695, #3027, #3760, #910 ),
 .UNSPECIFIED., .F., .F.,
 ( 4, 2, 4 ),
 ( 0.0000000000000000000, 0.5000000000000000000, 1.000000000000000000 ),
 .UNSPECIFIED. ) ;
#3672 = CARTESIAN_POINT ( 'NONE',  ( -0.9499999999999999556, -7.000000000000000000, 0.0000000000000000000 ) ) ;
#3673 =( LENGTH_UNIT ( ) NAMED_UNIT ( * ) SI_UNIT ( .MILLI., .METRE. ) );
#3674 = ORIENTED_EDGE ( 'NONE', *, *, #2728, .F. ) ;
#3675 = PRESENTATION_LAYER_ASSIGNMENT (  '', '', ( #3059 ) ) ;
#3676 = CARTESIAN_POINT ( 'NONE',  ( -1.000000000000000000, -7.000000000000000000, 2.740894846264729789 ) ) ;
#3677 = AXIS2_PLACEMENT_3D ( 'NONE', #1758, #4561, #955 ) ;
#3678 = ORIENTED_EDGE ( 'NONE', *, *, #3707, .T. ) ;
#3679 = CARTESIAN_POINT ( 'NONE',  ( 1.751256890803263300, -0.5600000000000079359, 5.500000000000000888 ) ) ;
#3680 = DIRECTION ( 'NONE',  ( 0.0000000000000000000, -1.000000000000000000, 0.0000000000000000000 ) ) ;
#3681 = VERTEX_POINT ( 'NONE', #3894 ) ;
#3682 = ADVANCED_FACE ( 'NONE', ( #2038, #2427, #310 ), #4176, .T. ) ;
#3683 = CARTESIAN_POINT ( 'NONE',  ( -3.916666666666666519, -3.006493971390749920, -0.07999999999999998779 ) ) ;
#3684 = PRESENTATION_LAYER_ASSIGNMENT (  '', '', ( #1041 ) ) ;
#3685 = CARTESIAN_POINT ( 'NONE',  ( 0.3500000000000044742, 1.965225821582489834E-15, 6.080000000000000071 ) ) ;
#3686 = CARTESIAN_POINT ( 'NONE',  ( -1.016666666666667052, -6.200000000000000178, 5.209999999999999964 ) ) ;
#3687 = EDGE_CURVE ( 'NONE', #2359, #643, #3667, .T. ) ;
#3688 = FILL_AREA_STYLE_COLOUR ( '', #2008 ) ;
#3689 = VERTEX_POINT ( 'NONE', #681 ) ;
#3690 = ORIENTED_EDGE ( 'NONE', *, *, #1852, .F. ) ;
#3691 = EDGE_CURVE ( 'NONE', #3016, #2645, #2642, .T. ) ;
#3692 = CARTESIAN_POINT ( 'NONE',  ( -1.500000000000000000, -7.460296961164719853, 0.8018363510626200785 ) ) ;
#3693 = DIRECTION ( 'NONE',  ( 1.000000000000000000, 0.0000000000000000000, 0.0000000000000000000 ) ) ;
#3694 = B_SPLINE_CURVE_WITH_KNOTS ( 'NONE', 1,
 ( #3270, #3580 ),
 .UNSPECIFIED., .F., .F.,
 ( 2, 2 ),
 ( 0.0000000000000000000, 0.2999999999999999889 ),
 .UNSPECIFIED. ) ;
#3695 = CARTESIAN_POINT ( 'NONE',  ( 3.050000000000000266, -7.000000000000000000, 4.460000000000000853 ) ) ;
#3696 = CARTESIAN_POINT ( 'NONE',  ( -3.850000000000000089, 3.275596848026040055E-15, 2.866666666666666696 ) ) ;
#3697 = EDGE_LOOP ( 'NONE', ( #653, #2305, #431, #199 ) ) ;
#3698 = EDGE_CURVE ( 'NONE', #4510, #3506, #4388, .T. ) ;
#3699 = VERTEX_POINT ( 'NONE', #4608 ) ;
#3700 = VERTEX_POINT ( 'NONE', #3120 ) ;
#3701 = CARTESIAN_POINT ( 'NONE',  ( 3.850000000000000089, -3.310000000000000497, 4.483333333333333393 ) ) ;
#3702 = CARTESIAN_POINT ( 'NONE',  ( 1.500000000000000000, -1.287128181961769924, 3.449999999999999734 ) ) ;
#3703 = EDGE_CURVE ( 'NONE', #1515, #2784, #3720, .T. ) ;
#3704 = CARTESIAN_POINT ( 'NONE',  ( 0.9499999999999999556, -7.566268299385879637, 0.3633333333333332305 ) ) ;
#3705 = CARTESIAN_POINT ( 'NONE',  ( 3.050000000000000266, -3.310000000000000053, 4.850000000000000533 ) ) ;
#3706 = ORIENTED_EDGE ( 'NONE', *, *, #1756, .T. ) ;
#3707 = EDGE_CURVE ( 'NONE', #142, #643, #3038, .T. ) ;
#3708 = EDGE_LOOP ( 'NONE', ( #1303, #919, #4200, #1490 ) ) ;
#3709 = DIRECTION ( 'NONE',  ( 0.0000000000000000000, -0.9729624261946479002, 0.2309634542810279911 ) ) ;
#3710 = PLANE ( 'NONE',  #2601 ) ;
#3711 = CARTESIAN_POINT ( 'NONE',  ( -4.049999999999999822, -0.5999999999999999778, 1.090000000000000080 ) ) ;
#3712 = VERTEX_POINT ( 'NONE', #331 ) ;
#3713 = EDGE_LOOP ( 'NONE', ( #930, #3474, #3876, #1689 ) ) ;
#3715 = SURFACE_STYLE_FILL_AREA ( #153 ) ;
#3714 = B_SPLINE_CURVE_WITH_KNOTS ( 'NONE', 3,
 ( #2760, #4583, #4240, #240 ),
 .UNSPECIFIED., .F., .F.,
 ( 4, 4 ),
 ( 0.0000000000000000000, 0.1923759746971098472 ),
 .UNSPECIFIED. ) ;
#3716 = EDGE_CURVE ( 'NONE', #258, #2867, #2475, .T. ) ;
#3717 = CARTESIAN_POINT ( 'NONE',  ( 3.049999999999999822, -3.044247779607693882, 5.209999999999999964 ) ) ;
#3718 = ORIENTED_EDGE ( 'NONE', *, *, #4601, .F. ) ;
#3719 = CARTESIAN_POINT ( 'NONE',  ( 4.049999999999999822, -3.006493971390749920, -0.08000000000000000167 ) ) ;
#3720 = B_SPLINE_CURVE_WITH_KNOTS ( 'NONE', 3,
 ( #1750, #1376, #3190, #4632 ),
 .UNSPECIFIED., .F., .F.,
 ( 4, 4 ),
 ( 0.0000000000000000000, 1.000000000000000000 ),
 .UNSPECIFIED. ) ;
#3721 = B_SPLINE_CURVE_WITH_KNOTS ( 'NONE', 3,
 ( #3346, #178, #3701, #4027 ),
 .UNSPECIFIED., .F., .F.,
 ( 4, 4 ),
 ( 0.0000000000000000000, 1.000000000000000000 ),
 .UNSPECIFIED. ) ;
#3722 = CARTESIAN_POINT ( 'NONE',  ( -3.049999999999990052, -7.000000000000000000, 4.870000000000000107 ) ) ;
#3723 = EDGE_LOOP ( 'NONE', ( #982, #4188, #2736, #2184 ) ) ;
#3724 = PRESENTATION_STYLE_ASSIGNMENT (( #163 ) ) ;
#3725 = PRESENTATION_STYLE_ASSIGNMENT (( #3415 ) ) ;
#3726 = EDGE_LOOP ( 'NONE', ( #4001, #1348, #4490, #889 ) ) ;
#3727 = CARTESIAN_POINT ( 'NONE',  ( -3.850000000000000089, -7.000000000000000000, 4.460000000000000853 ) ) ;
#3728 = ADVANCED_FACE ( 'NONE', ( #2593 ), #2858, .T. ) ;
#3729 = CARTESIAN_POINT ( 'NONE',  ( 3.050000000000000266, -7.000000000000000000, 5.209999999999999964 ) ) ;
#3730 = FACE_OUTER_BOUND ( 'NONE', #3697, .T. ) ;
#3731 = ORIENTED_EDGE ( 'NONE', *, *, #558, .F. ) ;
#3732 = CARTESIAN_POINT ( 'NONE',  ( 4.049999999999999822, -0.08406282870510999039, 0.0000000000000000000 ) ) ;
#3733 = AXIS2_PLACEMENT_3D ( 'NONE', #3820, #2756, #212 ) ;
#3734 = AXIS2_PLACEMENT_3D ( 'NONE', #756, #1764, #1861 ) ;
#3735 = AXIS2_PLACEMENT_3D ( 'NONE', #3123, #615, #638 ) ;
#3736 = DIRECTION ( 'NONE',  ( 1.000000000000000000, 0.0000000000000000000, 0.0000000000000000000 ) ) ;
#3737 = CARTESIAN_POINT ( 'NONE',  ( 0.3500000000000013656, -1.533333333333333215, 5.209999999999999964 ) ) ;
#3738 = CARTESIAN_POINT ( 'NONE',  ( 1.000000000000000000, -1.287128181961769924, 3.449999999999999734 ) ) ;
#3739 = ADVANCED_FACE ( 'NONE', ( #3668 ), #1826, .T. ) ;
#3740 = AXIS2_PLACEMENT_3D ( 'NONE', #1378, #2833, #614 ) ;
#3741 = DIRECTION ( 'NONE',  ( 0.0000000000000000000, -1.000000000000000000, 0.0000000000000000000 ) ) ;
#3742 = ORIENTED_EDGE ( 'NONE', *, *, #813, .F. ) ;
#3743 = ADVANCED_FACE ( 'NONE', ( #2199 ), #1141, .T. ) ;
#3744 = CARTESIAN_POINT ( 'NONE',  ( 3.916666666666667407, -3.004329314260500094, 0.0000000000000000000 ) ) ;
#3745 = CARTESIAN_POINT ( 'NONE',  ( -3.850000000000000089, -7.000000000000000000, 6.080000000000000071 ) ) ;
#3746 = ORIENTED_EDGE ( 'NONE', *, *, #2702, .T. ) ;
#3747 =( NAMED_UNIT ( * ) SI_UNIT ( $, .STERADIAN. ) SOLID_ANGLE_UNIT ( ) );
#3748 = CARTESIAN_POINT ( 'NONE',  ( 1.399999999999999911, -0.7200000000000000844, 3.550000000000000266 ) ) ;
#3749 = EDGE_CURVE ( 'NONE', #4577, #755, #1806, .T. ) ;
#3750 = DIRECTION ( 'NONE',  ( 0.0000000000000000000, -1.000000000000000000, 0.0000000000000000000 ) ) ;
#3751 = CARTESIAN_POINT ( 'NONE',  ( 0.3498800000000000243, -1.934862554731110018, 3.335786953748489658 ) ) ;
#3752 = EDGE_LOOP ( 'NONE', ( #2353, #270, #3935, #3296 ) ) ;
#3753 = CARTESIAN_POINT ( 'NONE',  ( 3.850000000000000089, -5.299999999999999822, 2.850000000000000089 ) ) ;
#3754 = PLANE ( 'NONE',  #155 ) ;
#3755 = B_SPLINE_CURVE_WITH_KNOTS ( 'NONE', 3,
 ( #4360, #2563, #4004, #3541 ),
 .UNSPECIFIED., .F., .F.,
 ( 4, 4 ),
 ( 0.0000000000000000000, 1.000000000000000000 ),
 .UNSPECIFIED. ) ;
#3756 =( NAMED_UNIT ( * ) PLANE_ANGLE_UNIT ( ) SI_UNIT ( $, .RADIAN. ) );
#3757 = CARTESIAN_POINT ( 'NONE',  ( -3.850000000000000089, -7.266666666666666607, 4.316666666666666430 ) ) ;
#3758 = B_SPLINE_CURVE_WITH_KNOTS ( 'NONE', 3,
 ( #3590, #377, #2175, #4314 ),
 .UNSPECIFIED., .F., .F.,
 ( 4, 4 ),
 ( 0.8076853780746864331, 1.000000000000000000 ),
 .UNSPECIFIED. ) ;
#3759 = ADVANCED_FACE ( 'NONE', ( #3964 ), #52, .T. ) ;
#3760 = CARTESIAN_POINT ( 'NONE',  ( 3.050000000000000266, -3.310000000000000497, 4.944247779607692017 ) ) ;
#3761 = ORIENTED_EDGE ( 'NONE', *, *, #4050, .T. ) ;
#3762 = CARTESIAN_POINT ( 'NONE',  ( 0.9499999999999999556, -7.566268299385879637, 0.0000000000000000000 ) ) ;
#3763 = DIRECTION ( 'NONE',  ( 0.0000000000000000000, 0.0000000000000000000, 1.000000000000000000 ) ) ;
#3764 = CARTESIAN_POINT ( 'NONE',  ( -2.369880000000000209, -3.310000000000000053, 5.505119999999999791 ) ) ;
#3765 = CARTESIAN_POINT ( 'NONE',  ( -1.818594430888231805, -1.963639250478594889, 5.209999999999999076 ) ) ;
#3766 = ORIENTED_EDGE ( 'NONE', *, *, #3774, .F. ) ;
#3767 = CARTESIAN_POINT ( 'NONE',  ( 3.316666666666666430, 3.275596848026040055E-15, 4.299999999999999822 ) ) ;
#3768 = B_SPLINE_CURVE_WITH_KNOTS ( 'NONE', 3,
 ( #3406, #866, #544, #3050 ),
 .UNSPECIFIED., .F., .F.,
 ( 4, 4 ),
 ( 0.0000000000000000000, 1.000000000000000000 ),
 .UNSPECIFIED. ) ;
#3769 = EDGE_CURVE ( 'NONE', #1129, #2345, #1575, .T. ) ;
#3770 = CARTESIAN_POINT ( 'NONE',  ( -0.7619322140077208205, -7.799999999999999822, 0.7266666666666665719 ) ) ;
#3771 = ORIENTED_EDGE ( 'NONE', *, *, #2806, .T. ) ;
#3772 =( LENGTH_UNIT ( ) NAMED_UNIT ( * ) SI_UNIT ( .MILLI., .METRE. ) );
#3773 = CARTESIAN_POINT ( 'NONE',  ( -1.100000000000000089, -0.7200000000000000844, 3.850000000000000089 ) ) ;
#3774 = EDGE_CURVE ( 'NONE', #3499, #4104, #3327, .T. ) ;
#3775 = CARTESIAN_POINT ( 'NONE',  ( -3.850000000000000089, -0.08406282870510990712, -0.08000000000000000167 ) ) ;
#3776 = CARTESIAN_POINT ( 'NONE',  ( -1.166666666666665853, -5.400000000000000355, 3.449999999999999734 ) ) ;
#3777 = ORIENTED_EDGE ( 'NONE', *, *, #210, .F. ) ;
#3778 = CARTESIAN_POINT ( 'NONE',  ( 4.049999999999999822, -3.000000000000000000, 0.0000000000000000000 ) ) ;
#3779 = CARTESIAN_POINT ( 'NONE',  ( 5.100000000000000533, -1.399999999999999689, 1.090000000000000080 ) ) ;
#3780 = CARTESIAN_POINT ( 'NONE',  ( -0.3500000000000049738, 1.965225821582489834E-15, 6.080000000000000071 ) ) ;
#3781 = EDGE_CURVE ( 'NONE', #3700, #3039, #3936, .T. ) ;
#3782 = CARTESIAN_POINT ( 'NONE',  ( -3.944879999999999498, -3.240120000000000111, 1.090000000000000080 ) ) ;
#3783 = VERTEX_POINT ( 'NONE', #1773 ) ;
#3784 = ORIENTED_EDGE ( 'NONE', *, *, #4114, .T. ) ;
#3785 =( NAMED_UNIT ( * ) PLANE_ANGLE_UNIT ( ) SI_UNIT ( $, .RADIAN. ) );
#3786 = EDGE_CURVE ( 'NONE', #664, #1129, #3332, .T. ) ;
#3787 = B_SPLINE_CURVE_WITH_KNOTS ( 'NONE', 1,
 ( #1945, #775 ),
 .UNSPECIFIED., .F., .F.,
 ( 2, 2 ),
 ( 0.0000000000000000000, 0.2999999999999999889 ),
 .UNSPECIFIED. ) ;
#3788 = FACE_OUTER_BOUND ( 'NONE', #2066, .T. ) ;
#3789 = SURFACE_STYLE_FILL_AREA ( #2796 ) ;
#3790 = ORIENTED_EDGE ( 'NONE', *, *, #3906, .T. ) ;
#3791 = SURFACE_SIDE_STYLE ('',( #1245 ) ) ;
#3792 = CARTESIAN_POINT ( 'NONE',  ( -3.316666666666666430, -3.310000000000000053, 4.850000000000000533 ) ) ;
#3793 = FILL_AREA_STYLE_COLOUR ( '', #1632 ) ;
#3794 = ORIENTED_EDGE ( 'NONE', *, *, #2153, .F. ) ;
#3795 = CARTESIAN_POINT ( 'NONE',  ( -3.850000000000000089, -0.08406282870510990712, -0.08000000000000000167 ) ) ;
#3796 = CARTESIAN_POINT ( 'NONE',  ( 3.850000000000000089, -7.799999999999999822, 4.029999999999999361 ) ) ;
#3797 = EDGE_CURVE ( 'NONE', #2854, #1150, #1358, .T. ) ;
#3798 = CARTESIAN_POINT ( 'NONE',  ( -1.751256890803259969, -0.5599999999999999423, 6.080000000000000071 ) ) ;
#3799 = FACE_OUTER_BOUND ( 'NONE', #177, .T. ) ;
#3800 = CARTESIAN_POINT ( 'NONE',  ( 1.550000000000000044, -7.000000000000000000, 1.090000000000000080 ) ) ;
#3801 = CARTESIAN_POINT ( 'NONE',  ( 0.1166666666666676955, 0.0000000000000000000, 5.209999999999999964 ) ) ;
#3802 = CARTESIAN_POINT ( 'NONE',  ( 1.100000000000000089, -10.33999999999999986, 0.4000000000000000222 ) ) ;
#3803 = CARTESIAN_POINT ( 'NONE',  ( 1.399999999999999911, -10.33999999999999986, 0.4000000000000000222 ) ) ;
#3804 = CARTESIAN_POINT ( 'NONE',  ( -0.9499999999999999556, -7.566268299385889406, 0.0000000000000000000 ) ) ;
#3805 = VERTEX_POINT ( 'NONE', #2155 ) ;
#3806 = ORIENTED_EDGE ( 'NONE', *, *, #2009, .F. ) ;
#3807 = CARTESIAN_POINT ( 'NONE',  ( -3.916666666666666519, -0.08406282870510990712, -0.07999999999999998779 ) ) ;
#3808 = EDGE_CURVE ( 'NONE', #3574, #2680, #4560, .T. ) ;
#3809 = CARTESIAN_POINT ( 'NONE',  ( -5.100000000000000533, -3.000000000000000000, 1.090000000000000080 ) ) ;
#3810 = CARTESIAN_POINT ( 'NONE',  ( -3.850000000000006306, -7.799999999999999822, 2.686666666666666536 ) ) ;
#3811 = ORIENTED_EDGE ( 'NONE', *, *, #1420, .F. ) ;
#3812 = MECHANICAL_DESIGN_GEOMETRIC_PRESENTATION_REPRESENTATION (  '', ( #372 ), #3515 ) ;
#3813 =( GEOMETRIC_REPRESENTATION_CONTEXT ( 3 ) GLOBAL_UNCERTAINTY_ASSIGNED_CONTEXT ( ( #33 ) ) GLOBAL_UNIT_ASSIGNED_CONTEXT ( ( #2464, #2722, #3485 ) ) REPRESENTATION_CONTEXT ( 'NONE', 'WORKASPACE' ) );
#3814 =( LENGTH_UNIT ( ) NAMED_UNIT ( * ) SI_UNIT ( .MILLI., .METRE. ) );
#3815 = COLOUR_RGB ( '',0.8980392156862745390, 0.8980392156862745390, 0.8980392156862745390 ) ;
#3816 = EDGE_CURVE ( 'NONE', #3783, #4254, #4162, .T. ) ;
#3817 = EDGE_LOOP ( 'NONE', ( #4100, #1626, #4090, #451 ) ) ;
#3818 = CARTESIAN_POINT ( 'NONE',  ( -3.050000000000000266, -2.949999999999999734, 5.209999999999999964 ) ) ;
#3819 = ORIENTED_EDGE ( 'NONE', *, *, #363, .F. ) ;
#3820 = CARTESIAN_POINT ( 'NONE',  ( -3.927000000000000046, -7.000000000000000000, 2.666199999999999903 ) ) ;
#3821 = CARTESIAN_POINT ( 'NONE',  ( -1.099999999999999201, -0.7199999999999958655, 3.649999999999999911 ) ) ;
#3822 = STYLED_ITEM ( 'NONE', ( #684 ), #4549 ) ;
#3823 =( GEOMETRIC_REPRESENTATION_CONTEXT ( 3 ) GLOBAL_UNCERTAINTY_ASSIGNED_CONTEXT ( ( #4295 ) ) GLOBAL_UNIT_ASSIGNED_CONTEXT ( ( #532, #938, #874 ) ) REPRESENTATION_CONTEXT ( 'NONE', 'WORKASPACE' ) );
#3824 = B_SPLINE_CURVE_WITH_KNOTS ( 'NONE', 3,
 ( #2567, #350, #4290, #2901 ),
 .UNSPECIFIED., .F., .F.,
 ( 4, 4 ),
 ( 0.0000000000000000000, 1.000000000000000000 ),
 .UNSPECIFIED. ) ;
#3825 = EDGE_CURVE ( 'NONE', #501, #1353, #3494, .T. ) ;
#3826 = CARTESIAN_POINT ( 'NONE',  ( -1.016666666666667052, -6.200000000000001066, 2.700000000000000178 ) ) ;
#3827 = CARTESIAN_POINT ( 'NONE',  ( 1.016666666666666607, -6.200000000000001066, 4.700000000000000178 ) ) ;
#3828 = B_SPLINE_CURVE_WITH_KNOTS ( 'NONE', 3,
 ( #636, #3500, #1701, #4585 ),
 .UNSPECIFIED., .F., .F.,
 ( 4, 4 ),
 ( 0.0000000000000000000, 1.000000000000000000 ),
 .UNSPECIFIED. ) ;
#3829 = CARTESIAN_POINT ( 'NONE',  ( 0.8873107380025730961, -7.644178866257247407, 0.0000000000000000000 ) ) ;
#3830 = ADVANCED_FACE ( 'NONE', ( #4317 ), #1276, .T. ) ;
#3831 = CARTESIAN_POINT ( 'NONE',  ( -3.850000000000000089, -0.4280209429017035050, 2.199999999999999734 ) ) ;
#3832 = ORIENTED_EDGE ( 'NONE', *, *, #869, .F. ) ;
#3833 = EDGE_LOOP ( 'NONE', ( #1464, #1472, #62, #2418, #678 ) ) ;
#3834 = CARTESIAN_POINT ( 'NONE',  ( 3.050000000000000266, -6.200000000000000178, 4.870000000000000107 ) ) ;
#3835 = B_SPLINE_CURVE_WITH_KNOTS ( 'NONE', 3,
 ( #3762, #3829, #4483, #197 ),
 .UNSPECIFIED., .F., .F.,
 ( 4, 4 ),
 ( 0.0000000000000000000, 1.000000000000000000 ),
 .UNSPECIFIED. ) ;
#3836 = CARTESIAN_POINT ( 'NONE',  ( -0.9499999999999999556, -7.188756099795297061, 1.089999999999999858 ) ) ;
#3837 = DIRECTION ( 'NONE',  ( 0.0000000000000000000, 0.0000000000000000000, -1.000000000000000000 ) ) ;
#3838 = EDGE_LOOP ( 'NONE', ( #2914, #4584, #186, #435 ) ) ;
#3839 = CARTESIAN_POINT ( 'NONE',  ( 3.050000000000000266, 3.693950829973889345E-15, 4.299999999999999822 ) ) ;
#3840 = CARTESIAN_POINT ( 'NONE',  ( -3.850000000000000089, -3.006493971390749920, 0.0000000000000000000 ) ) ;
#3841 = DIRECTION ( 'NONE',  ( 0.0000000000000000000, -1.000000000000000000, 0.0000000000000000000 ) ) ;
#3842 = ORIENTED_EDGE ( 'NONE', *, *, #3429, .T. ) ;
#3843 = CARTESIAN_POINT ( 'NONE',  ( 0.8699999999999999956, -4.599999999999999645, 6.080000000000000071 ) ) ;
#3844 = CARTESIAN_POINT ( 'NONE',  ( -1.500000000000000000, -7.460296961164719853, 0.8018363510626200785 ) ) ;
#3845 = VERTEX_POINT ( 'NONE', #233 ) ;
#3846 = CARTESIAN_POINT ( 'NONE',  ( -3.050000000000000266, -6.200000000000000178, 2.700000000000000178 ) ) ;
#3847 = ORIENTED_EDGE ( 'NONE', *, *, #1068, .T. ) ;
#3848 = CARTESIAN_POINT ( 'NONE',  ( 3.229880000000000084, -3.298857085659320010, -0.08000000000000000167 ) ) ;
#3849 = PLANE ( 'NONE',  #2762 ) ;
#3850 = DIRECTION ( 'NONE',  ( 0.0000000000000000000, 1.000000000000000000, 0.0000000000000000000 ) ) ;
#3851 = CARTESIAN_POINT ( 'NONE',  ( -3.916666666666666519, -0.08406282870511004590, 2.200000000000000178 ) ) ;
#3852 = ORIENTED_EDGE ( 'NONE', *, *, #1463, .T. ) ;
#3853 = CARTESIAN_POINT ( 'NONE',  ( 4.049999999999999822, -0.08406282870511010141, 0.0000000000000000000 ) ) ;
#3854 = EDGE_CURVE ( 'NONE', #3699, #1094, #2415, .T. ) ;
#3855 = B_SPLINE_CURVE_WITH_KNOTS ( 'NONE', 3,
 ( #4078, #506, #4386, #1935 ),
 .UNSPECIFIED., .F., .F.,
 ( 4, 4 ),
 ( 0.0000000000000000000, 1.000000000000000000 ),
 .UNSPECIFIED. ) ;
#3856 = CARTESIAN_POINT ( 'NONE',  ( -1.550000000000000044, -6.343253170061410096, -0.1091199999999999948 ) ) ;
#3857 = CARTESIAN_POINT ( 'NONE',  ( -1.550000000000000044, -7.000000000000000000, 1.090000000000000080 ) ) ;
#3858 = ORIENTED_EDGE ( 'NONE', *, *, #4229, .T. ) ;
#3859 = DIRECTION ( 'NONE',  ( 0.0000000000000000000, -1.000000000000000000, 0.0000000000000000000 ) ) ;
#3860 = PRESENTATION_STYLE_ASSIGNMENT (( #4192 ) ) ;
#3861 = PLANE ( 'NONE',  #3528 ) ;
#3862 = ORIENTED_EDGE ( 'NONE', *, *, #649, .T. ) ;
#3863 = B_SPLINE_CURVE_WITH_KNOTS ( 'NONE', 3,
 ( #1559, #4064, #107, #1191 ),
 .UNSPECIFIED., .F., .F.,
 ( 4, 4 ),
 ( 0.0000000000000000000, 1.000000000000000000 ),
 .UNSPECIFIED. ) ;
#3864 = DIRECTION ( 'NONE',  ( -0.0000000000000000000, 1.000000000000000000, 0.0000000000000000000 ) ) ;
#3865 = CARTESIAN_POINT ( 'NONE',  ( -5.100000000000000533, -0.5999999999999999778, 1.090000000000000080 ) ) ;
#3866 = ORIENTED_EDGE ( 'NONE', *, *, #2392, .F. ) ;
#3867 = EDGE_CURVE ( 'NONE', #2445, #3519, #525, .T. ) ;
#3868 = CARTESIAN_POINT ( 'NONE',  ( 1.550000000000000044, -7.566268299385879637, 0.0000000000000000000 ) ) ;
#3869 = PLANE ( 'NONE',  #668 ) ;
#3870 = CARTESIAN_POINT ( 'NONE',  ( -3.850000000000000089, -3.006493971390749920, 0.0000000000000000000 ) ) ;
#3871 = PRODUCT_DEFINITION ( 'UNKNOWN', '', #4199, #2931 ) ;
#3872 = B_SPLINE_CURVE_WITH_KNOTS ( 'NONE', 3,
 ( #4593, #958, #2437, #3877 ),
 .UNSPECIFIED., .F., .F.,
 ( 4, 4 ),
 ( 0.0000000000000000000, 1.000000000000000000 ),
 .UNSPECIFIED. ) ;
#3873 = PLANE ( 'NONE',  #1873 ) ;
#3874 = CARTESIAN_POINT ( 'NONE',  ( 1.000000000000000000, -8.242726650311741565, 1.110223024625159992E-16 ) ) ;
#3875 = ORIENTED_EDGE ( 'NONE', *, *, #1730, .F. ) ;
#3876 = ORIENTED_EDGE ( 'NONE', *, *, #2477, .T. ) ;
#3877 = CARTESIAN_POINT ( 'NONE',  ( -5.100000000000000533, -5.299999999999999822, 2.850000000000000089 ) ) ;
#3878 = EDGE_CURVE ( 'NONE', #4062, #1267, #2198, .T. ) ;
#3879 = CARTESIAN_POINT ( 'NONE',  ( 1.738067785992279957, -7.799999999999999822, 1.090000000000000080 ) ) ;
#3880 = CARTESIAN_POINT ( 'NONE',  ( 5.100000000000000533, -0.5999999999999999778, 1.090000000000000080 ) ) ;
#3881 = EDGE_LOOP ( 'NONE', ( #460, #3391, #3661, #167, #275, #4014 ) ) ;
#3882 = CARTESIAN_POINT ( 'NONE',  ( 1.550000000000000044, -7.000000000000000000, 1.090000000000000080 ) ) ;
#3883 =( NAMED_UNIT ( * ) PLANE_ANGLE_UNIT ( ) SI_UNIT ( $, .RADIAN. ) );
#3884 = EDGE_CURVE ( 'NONE', #4442, #2624, #2983, .T. ) ;
#3885 = CARTESIAN_POINT ( 'NONE',  ( 3.850000000000000089, -0.08406282870510969896, 0.0000000000000000000 ) ) ;
#3886 = COLOUR_RGB ( '',0.8980392156862745390, 0.8980392156862745390, 0.8980392156862745390 ) ;
#3887 =( LENGTH_UNIT ( ) NAMED_UNIT ( * ) SI_UNIT ( .MILLI., .METRE. ) );
#3888 = ORIENTED_EDGE ( 'NONE', *, *, #1128, .T. ) ;
#3889 = SURFACE_STYLE_USAGE ( .BOTH. , #3572 ) ;
#3890 = CARTESIAN_POINT ( 'NONE',  ( -1.500000000000000000, -2.658085454641175627, 3.449999999999999734 ) ) ;
#3891 = PRESENTATION_LAYER_ASSIGNMENT (  '', '', ( #2013 ) ) ;
#3892 = AXIS2_PLACEMENT_3D ( 'NONE', #1251, #4579, #4554 ) ;
#3893 = ORIENTED_EDGE ( 'NONE', *, *, #65, .F. ) ;
#3894 = CARTESIAN_POINT ( 'NONE',  ( -3.850000000000000089, -5.299999999999999822, 0.0000000000000000000 ) ) ;
#3895 = EDGE_LOOP ( 'NONE', ( #3198, #2406, #3131, #4080 ) ) ;
#3896 = B_SPLINE_CURVE_WITH_KNOTS ( 'NONE', 3,
 ( #4118, #895, #2699, #204 ),
 .UNSPECIFIED., .F., .F.,
 ( 4, 4 ),
 ( 0.0000000000000000000, 1.000000000000000000 ),
 .UNSPECIFIED. ) ;
#3897 = MECHANICAL_DESIGN_GEOMETRIC_PRESENTATION_REPRESENTATION (  '', ( #3822 ), #3608 ) ;
#3898 = CARTESIAN_POINT ( 'NONE',  ( -0.8700000000000044365, -4.599999999999988987, 5.789999999999999147 ) ) ;
#3899 = DIRECTION ( 'NONE',  ( 1.000000000000000000, 0.0000000000000000000, 0.0000000000000000000 ) ) ;
#3900 = CARTESIAN_POINT ( 'NONE',  ( -1.499999999999999556, -5.400000000000000355, 3.783333333333333215 ) ) ;
#3901 = ADVANCED_FACE ( 'NONE', ( #327 ), #3861, .T. ) ;
#3902 = CARTESIAN_POINT ( 'NONE',  ( 1.000000000000000000, -8.242726650311741565, 1.110223024625159992E-16 ) ) ;
#3903 = CARTESIAN_POINT ( 'NONE',  ( -1.500000000000000000, -7.946778174262040473, 0.9173180782031339353 ) ) ;
#3904 = ORIENTED_EDGE ( 'NONE', *, *, #972, .F. ) ;
#3905 = ORIENTED_EDGE ( 'NONE', *, *, #4376, .T. ) ;
#3906 = EDGE_CURVE ( 'NONE', #1150, #2589, #4325, .T. ) ;
#3907 = EDGE_LOOP ( 'NONE', ( #1774, #2720, #4211, #4202 ) ) ;
#3908 = CARTESIAN_POINT ( 'NONE',  ( 3.850000000000000089, -2.777939915136560055E-15, 6.080000000000000071 ) ) ;
#3909 = SURFACE_STYLE_FILL_AREA ( #414 ) ;
#3910 = VERTEX_POINT ( 'NONE', #4603 ) ;
#3911 = B_SPLINE_CURVE_WITH_KNOTS ( 'NONE', 3,
 ( #3301, #4006, #4361, #784 ),
 .UNSPECIFIED., .F., .F.,
 ( 4, 4 ),
 ( 0.0000000000000000000, 1.000000000000000000 ),
 .UNSPECIFIED. ) ;
#3912 = CARTESIAN_POINT ( 'NONE',  ( 1.000000000000000000, -2.658085454641180956, 3.449999999999999734 ) ) ;
#3913 = DIRECTION ( 'NONE',  ( 0.0000000000000000000, 0.0000000000000000000, -1.000000000000000000 ) ) ;
#3914 = CARTESIAN_POINT ( 'NONE',  ( 1.850000000000000089, -2.777939915136560055E-15, 6.080000000000000071 ) ) ;
#3915 = ORIENTED_EDGE ( 'NONE', *, *, #323, .F. ) ;
#3916 = SHELL_BASED_SURFACE_MODEL ( 'NONE', ( #580, #1178, #2288, #4641, #4169 ) );
#3917 = EDGE_CURVE ( 'NONE', #715, #4303, #4057, .T. ) ;
#3918 = CARTESIAN_POINT ( 'NONE',  ( -1.500000000000000000, -7.000000000000000000, 2.740894846264729789 ) ) ;
#3919 = DIRECTION ( 'NONE',  ( 1.000000000000000000, 0.0000000000000000000, 0.0000000000000000000 ) ) ;
#3920 = FACE_OUTER_BOUND ( 'NONE', #989, .T. ) ;
#3921 = CARTESIAN_POINT ( 'NONE',  ( 8.450120000000000076, -2.777939915136560055E-15, 4.522879999999999789 ) ) ;
#3922 = CARTESIAN_POINT ( 'NONE',  ( -2.369880000000000209, -8.408637782832981244, 3.702857191727280117 ) ) ;
#3923 = EDGE_LOOP ( 'NONE', ( #973, #1642, #2829, #422 ) ) ;
#3924 = ORIENTED_EDGE ( 'NONE', *, *, #2471, .T. ) ;
#3925 = CARTESIAN_POINT ( 'NONE',  ( -3.850000000000000089, -0.08406282870510969896, 0.0000000000000000000 ) ) ;
#3926 = B_SPLINE_CURVE_WITH_KNOTS ( 'NONE', 1,
 ( #3676, #4423 ),
 .UNSPECIFIED., .F., .F.,
 ( 2, 2 ),
 ( 0.0000000000000000000, 0.5000000000000000000 ),
 .UNSPECIFIED. ) ;
#3927 = ORIENTED_EDGE ( 'NONE', *, *, #3556, .F. ) ;
#3928 = DIRECTION ( 'NONE',  ( 0.0000000000000000000, -1.000000000000000000, 0.0000000000000000000 ) ) ;
#3929 = CARTESIAN_POINT ( 'NONE',  ( -1.817085630267752494, -0.1866666666666668417, 6.080000000000000071 ) ) ;
#3930 = EDGE_LOOP ( 'NONE', ( #4072, #4414, #2393, #3564 ) ) ;
#3931 = EDGE_CURVE ( 'NONE', #1782, #1635, #2926, .T. ) ;
#3932 = CARTESIAN_POINT ( 'NONE',  ( 1.500000000000000000, -5.400000000000000355, 3.449999999999999734 ) ) ;
#3933 = CARTESIAN_POINT ( 'NONE',  ( -0.7619322140077199323, -7.799999999999999822, 0.0000000000000000000 ) ) ;
#3934 = CARTESIAN_POINT ( 'NONE',  ( -1.550000000000000044, -7.566268299385889406, 1.090000000000000080 ) ) ;
#3935 = ORIENTED_EDGE ( 'NONE', *, *, #1639, .T. ) ;
#3936 = B_SPLINE_CURVE_WITH_KNOTS ( 'NONE', 3,
 ( #3643, #104, #382, #1846 ),
 .UNSPECIFIED., .F., .F.,
 ( 4, 4 ),
 ( 0.0000000000000000000, 1.000000000000000000 ),
 .UNSPECIFIED. ) ;
#3937 = DIRECTION ( 'NONE',  ( 0.0000000000000000000, 0.0000000000000000000, -1.000000000000000000 ) ) ;
#3938 = CARTESIAN_POINT ( 'NONE',  ( -3.850000000000000089, -5.299999999999999822, 0.9499999999999999556 ) ) ;
#3939 = CARTESIAN_POINT ( 'NONE',  ( 0.3499999999999999778, -5.060120000000000395, 4.522879999999999789 ) ) ;
#3940 = VERTEX_POINT ( 'NONE', #3818 ) ;
#3941 = EDGE_CURVE ( 'NONE', #1721, #2867, #2868, .T. ) ;
#3942 = APPLICATION_PROTOCOL_DEFINITION ( 'draft international standard', 'automotive_design', 1998, #2826 ) ;
#3943 = CARTESIAN_POINT ( 'NONE',  ( -1.000000000000000000, -7.000000000000000000, 2.740894846264729789 ) ) ;
#3944 = B_SPLINE_CURVE_WITH_KNOTS ( 'NONE', 3,
 ( #836, #1274, #3393, #1981 ),
 .UNSPECIFIED., .F., .F.,
 ( 4, 4 ),
 ( 0.0000000000000000000, 1.000000000000000000 ),
 .UNSPECIFIED. ) ;
#3945 = CARTESIAN_POINT ( 'NONE',  ( -0.9499999999999999556, -8.223015129324480199, -0.1091199999999999948 ) ) ;
#3946 = CARTESIAN_POINT ( 'NONE',  ( 3.850000000000000089, -0.5999999999999999778, 2.850000000000000089 ) ) ;
#3947 = VERTEX_POINT ( 'NONE', #968 ) ;
#3948 = ADVANCED_FACE ( 'NONE', ( #607 ), #4194, .T. ) ;
#3949 = ORIENTED_EDGE ( 'NONE', *, *, #4601, .T. ) ;
#3950 = CARTESIAN_POINT ( 'NONE',  ( -3.724879999999999747, -5.299999999999999822, -0.2851199999999999846 ) ) ;
#3951 = EDGE_LOOP ( 'NONE', ( #1234, #4251, #2973, #1958 ) ) ;
#3952 = PRESENTATION_STYLE_ASSIGNMENT (( #1435 ) ) ;
#3953 = CARTESIAN_POINT ( 'NONE',  ( -3.050000000000000266, 0.5401200000000000445, 0.6778799999999999271 ) ) ;
#3954 = ORIENTED_EDGE ( 'NONE', *, *, #2618, .F. ) ;
#3955 = B_SPLINE_CURVE_WITH_KNOTS ( 'NONE', 3,
 ( #1867, #1506, #1820, #1418 ),
 .UNSPECIFIED., .F., .F.,
 ( 4, 4 ),
 ( 0.0000000000000000000, 1.000000000000000000 ),
 .UNSPECIFIED. ) ;
#3956 = CARTESIAN_POINT ( 'NONE',  ( -1.399999999999999911, -10.33999999999999986, 0.4000000000000000222 ) ) ;
#3957 = ADVANCED_FACE ( 'NONE', ( #47 ), #2125, .T. ) ;
#3958 = CARTESIAN_POINT ( 'NONE',  ( -1.000000000000000000, -5.400000000000000355, 3.950000000000000178 ) ) ;
#3959 = CARTESIAN_POINT ( 'NONE',  ( 3.850000000000000089, -2.949999999999999734, 5.209999999999999964 ) ) ;
#3960 = FACE_OUTER_BOUND ( 'NONE', #4086, .T. ) ;
#3961 = EDGE_CURVE ( 'NONE', #1884, #3154, #4274, .T. ) ;
#3962 = PRESENTATION_LAYER_ASSIGNMENT (  '', '', ( #2524 ) ) ;
#3963 = VERTEX_POINT ( 'NONE', #3235 ) ;
#3964 = FACE_OUTER_BOUND ( 'NONE', #1607, .T. ) ;
#3965 = VERTEX_POINT ( 'NONE', #1440 ) ;
#3966 = CARTESIAN_POINT ( 'NONE',  ( 0.3499999999999999778, -4.599999999999999645, 6.080000000000000071 ) ) ;
#3967 = PLANE ( 'NONE',  #4494 ) ;
#3968 = AXIS2_PLACEMENT_3D ( 'NONE', #86, #3603, #3292 ) ;
#3969 = B_SPLINE_CURVE_WITH_KNOTS ( 'NONE', 3,
 ( #3233, #2074, #696, #3932 ),
 .UNSPECIFIED., .F., .F.,
 ( 4, 4 ),
 ( 0.0000000000000000000, 1.000000000000000000 ),
 .UNSPECIFIED. ) ;
#3970 = AXIS2_PLACEMENT_3D ( 'NONE', #497, #4444, #1949 ) ;
#3971 = EDGE_CURVE ( 'NONE', #2412, #3845, #3431, .T. ) ;
#3972 = AXIS2_PLACEMENT_3D ( 'NONE', #2977, #2250, #1167 ) ;
#3973 = FACE_OUTER_BOUND ( 'NONE', #648, .T. ) ;
#3974 = CARTESIAN_POINT ( 'NONE',  ( 0.3500000000000044742, 1.965225821582489834E-15, 5.209999999999999964 ) ) ;
#3975 = ORIENTED_EDGE ( 'NONE', *, *, #3259, .T. ) ;
#3976 = CARTESIAN_POINT ( 'NONE',  ( 1.000000000000000000, -5.400000000000000355, 3.449999999999999734 ) ) ;
#3977 = EDGE_CURVE ( 'NONE', #262, #2780, #1295, .T. ) ;
#3978 = EDGE_LOOP ( 'NONE', ( #1096, #1915, #2491, #3186 ) ) ;
#3979 = CARTESIAN_POINT ( 'NONE',  ( -1.738067785992279957, -7.799999999999999822, 1.090000000000000080 ) ) ;
#3980 = DIRECTION ( 'NONE',  ( -1.000000000000000000, 0.0000000000000000000, 0.0000000000000000000 ) ) ;
#3981 = EDGE_LOOP ( 'NONE', ( #758, #2955, #1994, #2831 ) ) ;
#3982 = CARTESIAN_POINT ( 'NONE',  ( -1.016666666666667052, -5.400000000000000355, 1.090000000000000080 ) ) ;
#3983 = PLANE ( 'NONE',  #1025 ) ;
#3984 = B_SPLINE_CURVE_WITH_KNOTS ( 'NONE', 1,
 ( #2920, #783 ),
 .UNSPECIFIED., .F., .F.,
 ( 2, 2 ),
 ( -0.5000000000000000000, 0.0000000000000000000 ),
 .UNSPECIFIED. ) ;
#3985 = PLANE ( 'NONE',  #4495 ) ;
#3986 = ORIENTED_EDGE ( 'NONE', *, *, #3569, .F. ) ;
#3987 = CARTESIAN_POINT ( 'NONE',  ( -1.000000000000000000, -5.400000000000000355, 3.449999999999999734 ) ) ;
#3988 = SURFACE_STYLE_FILL_AREA ( #353 ) ;
#3989 = CARTESIAN_POINT ( 'NONE',  ( -1.500000000000000000, -5.400000000000000355, 3.950000000000000178 ) ) ;
#3990 = B_SPLINE_CURVE_WITH_KNOTS ( 'NONE', 1,
 ( #595, #2070 ),
 .UNSPECIFIED., .F., .F.,
 ( 2, 2 ),
 ( -0.5000000000000000000, 0.0000000000000000000 ),
 .UNSPECIFIED. ) ;
#3991 = ORIENTED_EDGE ( 'NONE', *, *, #2061, .T. ) ;
#3992 = CARTESIAN_POINT ( 'NONE',  ( 3.850000000000000089, -3.310000000000000053, 4.850000000000000533 ) ) ;
#3993 = ORIENTED_EDGE ( 'NONE', *, *, #2368, .T. ) ;
#3994 = CARTESIAN_POINT ( 'NONE',  ( -1.649880000000000013, 3.062295787318689839E-15, 4.522879999999999789 ) ) ;
#3995 =( NAMED_UNIT ( * ) SI_UNIT ( $, .STERADIAN. ) SOLID_ANGLE_UNIT ( ) );
#3996 = CYLINDRICAL_SURFACE ( 'NONE', #2996, 6.040020153095750466 ) ;
#3997 = EDGE_CURVE ( 'NONE', #3628, #1454, #1069, .T. ) ;
#3998 = CARTESIAN_POINT ( 'NONE',  ( 1.016666666666666607, 3.275596848026040055E-15, 1.089999999999999858 ) ) ;
#3999 = CARTESIAN_POINT ( 'NONE',  ( -3.850000000000000089, 1.091865616008679887E-15, 0.0000000000000000000 ) ) ;
#4000 = VERTEX_POINT ( 'NONE', #3959 ) ;
#4001 = ORIENTED_EDGE ( 'NONE', *, *, #3348, .F. ) ;
#4002 = CARTESIAN_POINT ( 'NONE',  ( 5.100000000000000533, -0.5999999999999999778, 1.090000000000000080 ) ) ;
#4003 = ORIENTED_EDGE ( 'NONE', *, *, #2576, .T. ) ;
#4004 = CARTESIAN_POINT ( 'NONE',  ( 1.000000000000000000, -1.287128181961763485, 3.783333333333333215 ) ) ;
#4005 = EDGE_CURVE ( 'NONE', #3215, #2132, #4155, .T. ) ;
#4006 = CARTESIAN_POINT ( 'NONE',  ( 1.400000000000001021, -0.7199999999999973088, 3.750000000000000000 ) ) ;
#4007 = DIRECTION ( 'NONE',  ( 0.0000000000000000000, -1.000000000000000000, 0.0000000000000000000 ) ) ;
#4008 = CARTESIAN_POINT ( 'NONE',  ( -1.849999999999996758, 3.062295787318689839E-15, 5.500000000000000888 ) ) ;
#4009 = VERTEX_POINT ( 'NONE', #69 ) ;
#4010 = EDGE_CURVE ( 'NONE', #2894, #2371, #2142, .T. ) ;
#4011 = CARTESIAN_POINT ( 'NONE',  ( 1.000000000000000000, -5.400000000000000355, 3.950000000000000178 ) ) ;
#4012 = CARTESIAN_POINT ( 'NONE',  ( -4.049999999999999822, -0.5999999999999999778, 1.090000000000000080 ) ) ;
#4013 = CARTESIAN_POINT ( 'NONE',  ( 3.916666666666666519, -3.006493971390749920, -0.08000000000000000167 ) ) ;
#4014 = ORIENTED_EDGE ( 'NONE', *, *, #3691, .F. ) ;
#4015 = UNCERTAINTY_MEASURE_WITH_UNIT (LENGTH_MEASURE( 1.000000000000000082E-05 ), #1428, 'distance_accuracy_value', 'NONE');
#4016 = CARTESIAN_POINT ( 'NONE',  ( -3.050000000000000266, -5.400000000000000355, 5.209999999999999964 ) ) ;
#4017 = ORIENTED_EDGE ( 'NONE', *, *, #1380, .F. ) ;
#4018 = CARTESIAN_POINT ( 'NONE',  ( 1.500000000000000000, -7.000000000000000000, 2.740894846264729789 ) ) ;
#4019 = EDGE_CURVE ( 'NONE', #1876, #3562, #3824, .T. ) ;
#4020 = B_SPLINE_CURVE_WITH_KNOTS ( 'NONE', 3,
 ( #3315, #3998, #1561, #1901 ),
 .UNSPECIFIED., .F., .F.,
 ( 4, 4 ),
 ( 0.0000000000000000000, 1.000000000000000000 ),
 .UNSPECIFIED. ) ;
#4021 = CARTESIAN_POINT ( 'NONE',  ( 1.399999999999999911, -10.33999999999999986, 0.1000000000000000056 ) ) ;
#4022 =( NAMED_UNIT ( * ) SI_UNIT ( $, .STERADIAN. ) SOLID_ANGLE_UNIT ( ) );
#4023 = ORIENTED_EDGE ( 'NONE', *, *, #2153, .T. ) ;
#4024 = CARTESIAN_POINT ( 'NONE',  ( -1.000000000000000000, -9.772871818038209923, 0.0000000000000000000 ) ) ;
#4025 = EDGE_CURVE ( 'NONE', #1635, #2902, #2632, .T. ) ;
#4026 = ORIENTED_EDGE ( 'NONE', *, *, #2912, .T. ) ;
#4027 = CARTESIAN_POINT ( 'NONE',  ( 3.850000000000000089, -3.310000000000000053, 4.299999999999999822 ) ) ;
#4028 = CARTESIAN_POINT ( 'NONE',  ( -0.8699999999999999956, -4.599999999999999645, 5.209999999999999964 ) ) ;
#4029 = CARTESIAN_POINT ( 'NONE',  ( 5.100000000000000533, -0.5999999999999999778, 2.850000000000000089 ) ) ;
#4030 = EDGE_CURVE ( 'NONE', #1454, #1733, #1859, .T. ) ;
#4031 = CARTESIAN_POINT ( 'NONE',  ( -4.049999999999999822, -1.399999999999999689, 1.090000000000000080 ) ) ;
#4032 = CARTESIAN_POINT ( 'NONE',  ( -3.183333333333332682, 0.0000000000000000000, 6.080000000000000071 ) ) ;
#4033 = ORIENTED_EDGE ( 'NONE', *, *, #1665, .T. ) ;
#4034 = DIRECTION ( 'NONE',  ( 1.000000000000000000, 0.0000000000000000000, 0.0000000000000000000 ) ) ;
#4035 = CARTESIAN_POINT ( 'NONE',  ( 0.9499999999999999556, -7.000000000000000000, 1.090000000000000080 ) ) ;
#4036 = EDGE_CURVE ( 'NONE', #1448, #3712, #1618, .T. ) ;
#4037 = EDGE_LOOP ( 'NONE', ( #3598, #3308, #2039, #2721 ) ) ;
#4038 = B_SPLINE_CURVE_WITH_KNOTS ( 'NONE', 3,
 ( #2037, #4148, #213, #1672 ),
 .UNSPECIFIED., .F., .F.,
 ( 4, 4 ),
 ( 0.0000000000000000000, 1.000000000000000000 ),
 .UNSPECIFIED. ) ;
#4039 = CARTESIAN_POINT ( 'NONE',  ( -3.316666666666666430, -3.310000000000000053, 4.299999999999999822 ) ) ;
#4040 = ORIENTED_EDGE ( 'NONE', *, *, #196, .F. ) ;
#4041 = CARTESIAN_POINT ( 'NONE',  ( 0.8699999999999999956, -4.599999999999999645, 5.209999999999999964 ) ) ;
#4042 = FILL_AREA_STYLE ('',( #83 ) ) ;
#4043 = STYLED_ITEM ( 'NONE', ( #3216 ), #214 ) ;
#4044 = CARTESIAN_POINT ( 'NONE',  ( -0.3500000000000049738, -5.060120000000000395, 4.522879999999999789 ) ) ;
#4045 = ORIENTED_EDGE ( 'NONE', *, *, #4019, .T. ) ;
#4046 = PRESENTATION_LAYER_ASSIGNMENT (  '', '', ( #1865 ) ) ;
#4047 = CARTESIAN_POINT ( 'NONE',  ( 1.409303325227307724, -3.599275746183045133, 5.209999999999999964 ) ) ;
#4048 = AXIS2_PLACEMENT_3D ( 'NONE', #2394, #2744, #932 ) ;
#4049 = PLANE ( 'NONE',  #2992 ) ;
#4050 = EDGE_CURVE ( 'NONE', #1209, #1596, #1755, .T. ) ;
#4051 = B_SPLINE_CURVE_WITH_KNOTS ( 'NONE', 3,
 ( #4092, #868, #3282, #160 ),
 .UNSPECIFIED., .F., .F.,
 ( 4, 4 ),
 ( 0.0000000000000000000, 1.000000000000000000 ),
 .UNSPECIFIED. ) ;
#4052 = ORIENTED_EDGE ( 'NONE', *, *, #813, .T. ) ;
#4053 = FACE_OUTER_BOUND ( 'NONE', #3923, .T. ) ;
#4054 = PLANE ( 'NONE',  #2171 ) ;
#4055 = CARTESIAN_POINT ( 'NONE',  ( 3.850000000000000089, -0.5999999999999999778, 2.850000000000000089 ) ) ;
#4056 = ADVANCED_FACE ( 'NONE', ( #2541 ), #3985, .T. ) ;
#4057 = B_SPLINE_CURVE_WITH_KNOTS ( 'NONE', 1,
 ( #2077, #1371 ),
 .UNSPECIFIED., .F., .F.,
 ( 2, 2 ),
 ( -2.338032229735130141, 0.0000000000000000000 ),
 .UNSPECIFIED. ) ;
#4058 = CARTESIAN_POINT ( 'NONE',  ( -1.550000000000000044, -7.188756099795297061, 1.089999999999999858 ) ) ;
#4059 = FACE_OUTER_BOUND ( 'NONE', #2310, .T. ) ;
#4060 = CARTESIAN_POINT ( 'NONE',  ( 5.100000000000000533, -3.000000000000000000, 0.0000000000000000000 ) ) ;
#4061 = UNCERTAINTY_MEASURE_WITH_UNIT (LENGTH_MEASURE( 1.000000000000000082E-05 ), #2611, 'distance_accuracy_value', 'NONE');
#4062 = VERTEX_POINT ( 'NONE', #3660 ) ;
#4063 = CARTESIAN_POINT ( 'NONE',  ( 3.850000000000000533, -2.972604687418340497, 5.209999999999999964 ) ) ;
#4064 = CARTESIAN_POINT ( 'NONE',  ( 1.033333333333333437, -1.098085454641171799, 3.916666666666666519 ) ) ;
#4065 = EDGE_CURVE ( 'NONE', #1044, #2558, #2081, .T. ) ;
#4066 = CARTESIAN_POINT ( 'NONE',  ( 1.100000000000000089, -10.33999999999999986, 0.1000000000000000056 ) ) ;
#4067 = CARTESIAN_POINT ( 'NONE',  ( -4.750000000000000888, -0.5999999999999999778, 1.090000000000000080 ) ) ;
#4068 = ORIENTED_EDGE ( 'NONE', *, *, #1068, .F. ) ;
#4069 = VERTEX_POINT ( 'NONE', #3914 ) ;
#4070 = CARTESIAN_POINT ( 'NONE',  ( -3.850000000000000089, -3.310000000000000053, 4.299999999999999822 ) ) ;
#4071 = CARTESIAN_POINT ( 'NONE',  ( -3.850000000000000089, -5.299999999999999822, 2.850000000000000089 ) ) ;
#4072 = ORIENTED_EDGE ( 'NONE', *, *, #1565, .F. ) ;
#4073 = DIRECTION ( 'NONE',  ( 0.0000000000000000000, 3.148193827638860213E-16, -1.000000000000000000 ) ) ;
#4074 = ADVANCED_FACE ( 'NONE', ( #719 ), #1795, .T. ) ;
#4075 = CARTESIAN_POINT ( 'NONE',  ( -2.150120000000000253, -9.125137445268860503, 0.6142130462515089651 ) ) ;
#4076 = CARTESIAN_POINT ( 'NONE',  ( -3.050000000000000266, 3.693950829973889345E-15, 4.299999999999999822 ) ) ;
#4077 = VERTEX_POINT ( 'NONE', #3371 ) ;
#4078 = CARTESIAN_POINT ( 'NONE',  ( 3.850000000000000089, 3.622850476404775104E-15, 5.209999999999999964 ) ) ;
#4079 = CARTESIAN_POINT ( 'NONE',  ( -3.849999999999999201, -2.333333333333329929, 6.080000000000000071 ) ) ;
#4080 = ORIENTED_EDGE ( 'NONE', *, *, #3295, .F. ) ;
#4081 = CARTESIAN_POINT ( 'NONE',  ( -1.500000000000000000, -7.000000000000000000, 3.780859118568930199 ) ) ;
#4082 = CARTESIAN_POINT ( 'NONE',  ( -1.550000000000000044, -7.566268299385889406, 1.090000000000000080 ) ) ;
#4083 = EDGE_CURVE ( 'NONE', #1351, #1682, #4618, .T. ) ;
#4084 = DIRECTION ( 'NONE',  ( -1.000000000000000000, 0.0000000000000000000, 2.220446049250319983E-16 ) ) ;
#4085 = CARTESIAN_POINT ( 'NONE',  ( -1.300000000000000488, -0.7199999999999957545, 3.850000000000001421 ) ) ;
#4086 = EDGE_LOOP ( 'NONE', ( #4297, #1947, #4435, #4183 ) ) ;
#4087 = VERTEX_POINT ( 'NONE', #1931 ) ;
#4088 = CARTESIAN_POINT ( 'NONE',  ( 3.050000000000000266, -7.000000000000000000, 4.700000000000000178 ) ) ;
#4089 = PLANE ( 'NONE',  #518 ) ;
#4090 = ORIENTED_EDGE ( 'NONE', *, *, #1944, .F. ) ;
#4091 = CARTESIAN_POINT ( 'NONE',  ( 4.049999999999999822, -3.000000000000000000, 1.090000000000000080 ) ) ;
#4092 = CARTESIAN_POINT ( 'NONE',  ( -1.850000000000000089, 4.381791997144624264E-15, 5.209999999999999964 ) ) ;
#4093 = CARTESIAN_POINT ( 'NONE',  ( -3.850000000000000089, -0.08406282870510999039, -0.02666666666666666491 ) ) ;
#4094 = CARTESIAN_POINT ( 'NONE',  ( 4.049999999999999822, -0.5999999999999999778, 2.200000000000000178 ) ) ;
#4095 = ORIENTED_EDGE ( 'NONE', *, *, #1639, .F. ) ;
#4096 = CARTESIAN_POINT ( 'NONE',  ( 0.7619322140077210426, -7.799999999999999822, 0.0000000000000000000 ) ) ;
#4097 = EDGE_CURVE ( 'NONE', #1219, #2902, #4385, .T. ) ;
#4098 = B_SPLINE_CURVE_WITH_KNOTS ( 'NONE', 3,
 ( #48, #442, #547, #3639 ),
 .UNSPECIFIED., .F., .F.,
 ( 4, 4 ),
 ( 0.0000000000000000000, 1.000000000000000000 ),
 .UNSPECIFIED. ) ;
#4099 = UNCERTAINTY_MEASURE_WITH_UNIT (LENGTH_MEASURE( 1.000000000000000082E-05 ), #3256, 'distance_accuracy_value', 'NONE');
#4100 = ORIENTED_EDGE ( 'NONE', *, *, #4019, .F. ) ;
#4101 = FACE_OUTER_BOUND ( 'NONE', #2650, .T. ) ;
#4102 = CARTESIAN_POINT ( 'NONE',  ( 1.433333333333333570, -0.9090427273205884395, 3.516666666666666163 ) ) ;
#4103 = CARTESIAN_POINT ( 'NONE',  ( -1.100000000000000089, -0.7200000000000000844, 3.850000000000000089 ) ) ;
#4104 = VERTEX_POINT ( 'NONE', #3705 ) ;
#4105 = CARTESIAN_POINT ( 'NONE',  ( -1.612689261997427570, -7.644178866257258953, 0.0000000000000000000 ) ) ;
#4106 = DIRECTION ( 'NONE',  ( -0.1736481776669269450, 0.9848077530122086864, 0.0000000000000000000 ) ) ;
#4107 = B_SPLINE_CURVE_WITH_KNOTS ( 'NONE', 3,
 ( #4636, #4207, #3851, #1000 ),
 .UNSPECIFIED., .F., .F.,
 ( 4, 4 ),
 ( 0.0000000000000000000, 1.000000000000000000 ),
 .UNSPECIFIED. ) ;
#4108 = COLOUR_RGB ( '',0.8980392156862745390, 0.8980392156862745390, 0.8980392156862745390 ) ;
#4109 = STYLED_ITEM ( 'NONE', ( #3652 ), #3916 ) ;
#4110 = CARTESIAN_POINT ( 'NONE',  ( -4.049999999999999822, -3.000000000000000000, 1.090000000000000080 ) ) ;
#4111 = ORIENTED_EDGE ( 'NONE', *, *, #465, .T. ) ;
#4112 = CARTESIAN_POINT ( 'NONE',  ( 4.049999999999999822, -0.08406282870510990712, -0.08000000000000000167 ) ) ;
#4113 = CARTESIAN_POINT ( 'NONE',  ( 1.166666666666667185, -5.400000000000000355, 3.949999999999999734 ) ) ;
#4114 = EDGE_CURVE ( 'NONE', #1903, #4577, #2252, .T. ) ;
#4115 = AXIS2_PLACEMENT_3D ( 'NONE', #3939, #357, #1514 ) ;
#4116 = B_SPLINE_CURVE_WITH_KNOTS ( 'NONE', 1,
 ( #466, #1571 ),
 .UNSPECIFIED., .F., .F.,
 ( 2, 2 ),
 ( 0.0000000000000000000, 0.5000000000000000000 ),
 .UNSPECIFIED. ) ;
#4117 = AXIS2_PLACEMENT_3D ( 'NONE', #4545, #3510, #1315 ) ;
#4118 = CARTESIAN_POINT ( 'NONE',  ( -3.050000000000000266, -2.949999999999999734, 5.209999999999999964 ) ) ;
#4119 = AXIS2_PLACEMENT_3D ( 'NONE', #1102, #2564, #4331 ) ;
#4120 = CARTESIAN_POINT ( 'NONE',  ( -3.050000000000000266, -6.200000000000000178, 5.209999999999999964 ) ) ;
#4121 = VERTEX_POINT ( 'NONE', #4094 ) ;
#4122 = DIRECTION ( 'NONE',  ( -0.1736481776669350774, 0.9848077530122072432, 0.0000000000000000000 ) ) ;
#4123 = CYLINDRICAL_SURFACE ( 'NONE', #3142, 1.089378383559280072 ) ;
#4124 = EDGE_CURVE ( 'NONE', #4087, #2371, #2356, .T. ) ;
#4125 = VERTEX_POINT ( 'NONE', #833 ) ;
#4126 = PRESENTATION_STYLE_ASSIGNMENT (( #878 ) ) ;
#4127 = CARTESIAN_POINT ( 'NONE',  ( 1.000000000000000000, -7.000000000000000000, 2.740894846264729789 ) ) ;
#4128 =( NAMED_UNIT ( * ) SI_UNIT ( $, .STERADIAN. ) SOLID_ANGLE_UNIT ( ) );
#4129 = DIRECTION ( 'NONE',  ( 0.0000000000000000000, 0.0000000000000000000, 1.000000000000000000 ) ) ;
#4130 = VERTEX_POINT ( 'NONE', #896 ) ;
#4131 = EDGE_CURVE ( 'NONE', #1164, #1782, #952, .T. ) ;
#4132 = FACE_OUTER_BOUND ( 'NONE', #3723, .T. ) ;
#4133 = DIRECTION ( 'NONE',  ( 1.000000000000000000, 0.0000000000000000000, 0.0000000000000000000 ) ) ;
#4134 = CARTESIAN_POINT ( 'NONE',  ( 1.500000000000000000, -7.460296961164719853, 0.8018363510626200785 ) ) ;
#4135 = FACE_OUTER_BOUND ( 'NONE', #3202, .T. ) ;
#4136 = CARTESIAN_POINT ( 'NONE',  ( 0.8873107380025733182, -7.644178866257252736, 1.090000000000000080 ) ) ;
#4137 = ORIENTED_EDGE ( 'NONE', *, *, #238, .F. ) ;
#4138 = CARTESIAN_POINT ( 'NONE',  ( 3.049999999999999822, -7.533333333333334991, 4.173333333333335560 ) ) ;
#4139 = EDGE_CURVE ( 'NONE', #4172, #269, #355, .T. ) ;
#4140 = DIRECTION ( 'NONE',  ( 0.0000000000000000000, -1.000000000000000000, 0.0000000000000000000 ) ) ;
#4141 = CARTESIAN_POINT ( 'NONE',  ( 0.3500000000000044742, 1.965225821582489834E-15, 6.080000000000000071 ) ) ;
#4142 = VERTEX_POINT ( 'NONE', #119 ) ;
#4143 = CARTESIAN_POINT ( 'NONE',  ( -3.849999999999999201, -3.267041130300616825, 5.027776755133795739 ) ) ;
#4144 = ADVANCED_FACE ( 'NONE', ( #2280 ), #2609, .T. ) ;
#4145 =( NAMED_UNIT ( * ) PLANE_ANGLE_UNIT ( ) SI_UNIT ( $, .RADIAN. ) );
#4146 = ORIENTED_EDGE ( 'NONE', *, *, #2346, .T. ) ;
#4147 = CARTESIAN_POINT ( 'NONE',  ( 3.850000000000000089, -7.533333333333333215, 4.173333333333332895 ) ) ;
#4148 = CARTESIAN_POINT ( 'NONE',  ( 3.983333333333332504, -3.002164657130249825, 0.0000000000000000000 ) ) ;
#4149 = FACE_OUTER_BOUND ( 'NONE', #1883, .T. ) ;
#4150 = DIRECTION ( 'NONE',  ( 0.0000000000000000000, -0.1736481776669269450, -0.9848077530122086864 ) ) ;
#4151 = ORIENTED_EDGE ( 'NONE', *, *, #1200, .T. ) ;
#4152 = CARTESIAN_POINT ( 'NONE',  ( 5.100000000000000533, -0.5999999999999999778, 1.090000000000000080 ) ) ;
#4153 = SURFACE_STYLE_FILL_AREA ( #1306 ) ;
#4154 = FACE_OUTER_BOUND ( 'NONE', #2712, .T. ) ;
#4155 = B_SPLINE_CURVE_WITH_KNOTS ( 'NONE', 3,
 ( #3571, #396, #4264, #3281 ),
 .UNSPECIFIED., .F., .F.,
 ( 4, 4 ),
 ( 0.0000000000000000000, 1.000000000000000000 ),
 .UNSPECIFIED. ) ;
#4156 = EDGE_CURVE ( 'NONE', #2894, #1206, #3609, .T. ) ;
#4157 = CARTESIAN_POINT ( 'NONE',  ( 5.100000000000000533, -5.299999999999999822, 0.0000000000000000000 ) ) ;
#4158 = ORIENTED_EDGE ( 'NONE', *, *, #4565, .F. ) ;
#4159 = VERTEX_POINT ( 'NONE', #1572 ) ;
#4160 = FILL_AREA_STYLE_COLOUR ( '', #954 ) ;
#4161 = EDGE_CURVE ( 'NONE', #2943, #2046, #4445, .T. ) ;
#4162 = B_SPLINE_CURVE_WITH_KNOTS ( 'NONE', 3,
 ( #423, #34, #1086, #2520 ),
 .UNSPECIFIED., .F., .F.,
 ( 4, 4 ),
 ( 0.0000000000000000000, 1.000000000000000000 ),
 .UNSPECIFIED. ) ;
#4163 = CARTESIAN_POINT ( 'NONE',  ( -4.049999999999999822, -3.003517567836660351, 0.0000000000000000000 ) ) ;
#4164 = CARTESIAN_POINT ( 'NONE',  ( -3.850000000000000089, -7.799999999999999822, 0.0000000000000000000 ) ) ;
#4165 = ORIENTED_EDGE ( 'NONE', *, *, #1961, .T. ) ;
#4166 = SURFACE_STYLE_USAGE ( .BOTH. , #3791 ) ;
#4167 = CARTESIAN_POINT ( 'NONE',  ( 3.850000000000000977, -1.058206542933656458, 0.0000000000000000000 ) ) ;
#4168 = B_SPLINE_CURVE_WITH_KNOTS ( 'NONE', 3,
 ( #3322, #115, #4449, #524 ),
 .UNSPECIFIED., .F., .F.,
 ( 4, 4 ),
 ( 0.0000000000000000000, 1.000000000000000000 ),
 .UNSPECIFIED. ) ;
#4169 = OPEN_SHELL ( 'NONE', ( #1030, #991, #2790, #3957, #2851, #4144, #134, #407, #2947, #2882, #498, #1581, #3759, #3728, #2133, #4276, #2032, #4203, #2778, #4439, #1615, #2525, #354, #1950, #4538, #4056, #1201, #4320, #4588, #1810, #2108, #2432, #1369, #1008, #680, #3665, #2220, #834, #909, #4474, #4357, #908, #3682, #1744, #308, #1469, #945, #3370, #1933, #3948, #3743, #4074, #716, #1401, #1017, #1517, #3830, #1222, #3384, #249, #102, #1387, #2560, #4630, #474, #101, #3549, #1246, #4288, #2889, #2296, #4549, #3113, #4594, #214, #3032, #1442, #2515, #2585, #2745, #979, #479, #3400, #573, #1522, #4580, #617, #489, #1313, #4613, #2383, #4305, #3473, #4226, #893, #3901 ) ) ;
#4170 = ORIENTED_EDGE ( 'NONE', *, *, #1724, .F. ) ;
#4171 =( NAMED_UNIT ( * ) SI_UNIT ( $, .STERADIAN. ) SOLID_ANGLE_UNIT ( ) );
#4172 = VERTEX_POINT ( 'NONE', #1978 ) ;
#4173 = CARTESIAN_POINT ( 'NONE',  ( -3.850000000000000089, -1.058206542933656902, -0.07999999999999998779 ) ) ;
#4174 = CARTESIAN_POINT ( 'NONE',  ( -1.550000000000000044, -7.566268299385890295, 0.3633333333333332305 ) ) ;
#4175 = EDGE_CURVE ( 'NONE', #1698, #234, #28, .T. ) ;
#4176 = PLANE ( 'NONE',  #883 ) ;
#4177 = VERTEX_POINT ( 'NONE', #2629 ) ;
#4178 = DIRECTION ( 'NONE',  ( 0.0000000000000000000, 0.0000000000000000000, -1.000000000000000000 ) ) ;
#4179 = CARTESIAN_POINT ( 'NONE',  ( -3.050000000000000266, -7.000000000000000000, 2.700000000000000178 ) ) ;
#4180 = SURFACE_STYLE_USAGE ( .BOTH. , #285 ) ;
#4181 = SURFACE_STYLE_USAGE ( .BOTH. , #2740 ) ;
#4182 = CARTESIAN_POINT ( 'NONE',  ( 0.3499999999999999778, -4.599999999999999645, 6.080000000000000071 ) ) ;
#4183 = ORIENTED_EDGE ( 'NONE', *, *, #2323, .F. ) ;
#4184 = ORIENTED_EDGE ( 'NONE', *, *, #2122, .T. ) ;
#4185 = AXIS2_PLACEMENT_3D ( 'NONE', #2079, #3209, #3937 ) ;
#4186 = PLANE ( 'NONE',  #589 ) ;
#4187 = FACE_OUTER_BOUND ( 'NONE', #4257, .T. ) ;
#4188 = ORIENTED_EDGE ( 'NONE', *, *, #1232, .F. ) ;
#4189 = EDGE_CURVE ( 'NONE', #1206, #1544, #471, .T. ) ;
#4190 = B_SPLINE_CURVE_WITH_KNOTS ( 'NONE', 3,
 ( #1717, #3159, #1007, #3882 ),
 .UNSPECIFIED., .F., .F.,
 ( 4, 4 ),
 ( 0.0000000000000000000, 1.000000000000000000 ),
 .UNSPECIFIED. ) ;
#4191 = CARTESIAN_POINT ( 'NONE',  ( 3.850000000000000089, -2.166666666666666519, 2.850000000000000089 ) ) ;
#4192 = SURFACE_STYLE_USAGE ( .BOTH. , #2750 ) ;
#4193 = AXIS2_PLACEMENT_3D ( 'NONE', #4205, #3554, #3501 ) ;
#4194 = PLANE ( 'NONE',  #959 ) ;
#4195 = ORIENTED_EDGE ( 'NONE', *, *, #4433, .F. ) ;
#4196 = CARTESIAN_POINT ( 'NONE',  ( 0.8699999999999999956, -4.599999999999999645, 5.209999999999999964 ) ) ;
#4197 = CARTESIAN_POINT ( 'NONE',  ( -1.550000000000000044, -7.566268299385889406, 0.0000000000000000000 ) ) ;
#4198 = B_SPLINE_CURVE_WITH_KNOTS ( 'NONE', 3,
 ( #2425, #654, #1600, #2378 ),
 .UNSPECIFIED., .F., .F.,
 ( 4, 4 ),
 ( 0.0000000000000000000, 1.000000000000000000 ),
 .UNSPECIFIED. ) ;
#4199 = PRODUCT_DEFINITION_FORMATION_WITH_SPECIFIED_SOURCE ( 'ANY', '', #1936, .NOT_KNOWN. ) ;
#4200 = ORIENTED_EDGE ( 'NONE', *, *, #1326, .F. ) ;
#4201 = DIRECTION ( 'NONE',  ( 1.000000000000000000, 0.0000000000000000000, 0.0000000000000000000 ) ) ;
#4202 = ORIENTED_EDGE ( 'NONE', *, *, #3486, .F. ) ;
#4203 = ADVANCED_FACE ( 'NONE', ( #4059 ), #1224, .T. ) ;
#4204 = SURFACE_STYLE_USAGE ( .BOTH. , #3477 ) ;
#4205 = CARTESIAN_POINT ( 'NONE',  ( -4.670119999999999827, -0.08406282870510990712, -0.3081200000000000050 ) ) ;
#4206 = FACE_OUTER_BOUND ( 'NONE', #956, .T. ) ;
#4207 = CARTESIAN_POINT ( 'NONE',  ( -3.983333333333333393, -0.08406282870511004590, 2.200000000000000178 ) ) ;
#4208 = VERTEX_POINT ( 'NONE', #4141 ) ;
#4209 = ORIENTED_EDGE ( 'NONE', *, *, #3569, .T. ) ;
#4210 = CARTESIAN_POINT ( 'NONE',  ( 1.786759269811728057, -1.935400886448563007, 6.080000000000000959 ) ) ;
#4211 = ORIENTED_EDGE ( 'NONE', *, *, #1275, .F. ) ;
#4212 = DIRECTION ( 'NONE',  ( 0.0000000000000000000, 0.0000000000000000000, -1.000000000000000000 ) ) ;
#4213 = FILL_AREA_STYLE ('',( #2101 ) ) ;
#4214 = EDGE_CURVE ( 'NONE', #4442, #2412, #1798, .T. ) ;
#4215 = ORIENTED_EDGE ( 'NONE', *, *, #42, .F. ) ;
#4216 = PRESENTATION_STYLE_ASSIGNMENT (( #3889 ) ) ;
#4217 = CARTESIAN_POINT ( 'NONE',  ( 1.550000000000000044, -7.566268299385879637, 0.0000000000000000000 ) ) ;
#4218 = ORIENTED_EDGE ( 'NONE', *, *, #3183, .T. ) ;
#4219 = CARTESIAN_POINT ( 'NONE',  ( -3.850000000000000089, -0.5999999999999999778, 2.200000000000000178 ) ) ;
#4220 = ORIENTED_EDGE ( 'NONE', *, *, #3158, .T. ) ;
#4221 = CARTESIAN_POINT ( 'NONE',  ( -1.333333333333332815, -5.400000000000000355, 3.949999999999999734 ) ) ;
#4222 = FACE_OUTER_BOUND ( 'NONE', #4569, .T. ) ;
#4223 = CARTESIAN_POINT ( 'NONE',  ( 4.049999999999999822, -1.399999999999999689, 1.090000000000000080 ) ) ;
#4224 = FILL_AREA_STYLE_COLOUR ( '', #1623 ) ;
#4225 = B_SPLINE_CURVE_WITH_KNOTS ( 'NONE', 3,
 ( #1631, #3757, #2716, #3405 ),
 .UNSPECIFIED., .F., .F.,
 ( 4, 4 ),
 ( 0.0000000000000000000, 1.000000000000000000 ),
 .UNSPECIFIED. ) ;
#4226 = ADVANCED_FACE ( 'NONE', ( #3437 ), #1613, .T. ) ;
#4227 = CARTESIAN_POINT ( 'NONE',  ( 0.9999999999999986677, -7.611145234331245568, 0.1663691413074741277 ) ) ;
#4228 = ORIENTED_EDGE ( 'NONE', *, *, #4648, .F. ) ;
#4229 = EDGE_CURVE ( 'NONE', #412, #4341, #2024, .T. ) ;
#4230 = CARTESIAN_POINT ( 'NONE',  ( -3.583333333333333037, -2.950000000000000178, 5.209999999999999964 ) ) ;
#4231 = CARTESIAN_POINT ( 'NONE',  ( -1.550000000000000044, -7.000000000000000000, 0.7266666666666665719 ) ) ;
#4232 = ORIENTED_EDGE ( 'NONE', *, *, #3917, .T. ) ;
#4233 = B_SPLINE_CURVE_WITH_KNOTS ( 'NONE', 3,
 ( #809, #2240, #762, #3685 ),
 .UNSPECIFIED., .F., .F.,
 ( 4, 4 ),
 ( 0.0000000000000000000, 1.000000000000000000 ),
 .UNSPECIFIED. ) ;
#4234 = FACE_OUTER_BOUND ( 'NONE', #3078, .T. ) ;
#4235 = PLANE ( 'NONE',  #2533 ) ;
#4236 = CARTESIAN_POINT ( 'NONE',  ( 3.850000000000000089, -5.299999999999999822, 0.9499999999999999556 ) ) ;
#4237 = CARTESIAN_POINT ( 'NONE',  ( -1.751256890803259969, -0.5599999999999999423, 5.209999999999999964 ) ) ;
#4238 = ORIENTED_EDGE ( 'NONE', *, *, #3247, .F. ) ;
#4239 = VERTEX_POINT ( 'NONE', #647 ) ;
#4240 = CARTESIAN_POINT ( 'NONE',  ( 1.806352524088732592, -1.101041947678787380, 5.209999999999999964 ) ) ;
#4241 = ORIENTED_EDGE ( 'NONE', *, *, #3443, .T. ) ;
#4242 = CARTESIAN_POINT ( 'NONE',  ( -3.146022595330760563, -7.799999999999999822, 0.0000000000000000000 ) ) ;
#4243 = SURFACE_SIDE_STYLE ('',( #1753 ) ) ;
#4244 = EDGE_CURVE ( 'NONE', #771, #381, #1684, .T. ) ;
#4245 = CARTESIAN_POINT ( 'NONE',  ( 3.050000000000000266, -5.400000000000000355, 1.090000000000000080 ) ) ;
#4246 = ADVANCED_FACE ( 'NONE', ( #4187 ), #2072, .T. ) ;
#4247 = B_SPLINE_CURVE_WITH_KNOTS ( 'NONE', 1,
 ( #2290, #2958 ),
 .UNSPECIFIED., .F., .F.,
 ( 2, 2 ),
 ( 0.0000000000000000000, 0.5000000000000000000 ),
 .UNSPECIFIED. ) ;
#4248 = DIRECTION ( 'NONE',  ( 0.0000000000000000000, 0.0000000000000000000, 1.000000000000000000 ) ) ;
#4249 = CARTESIAN_POINT ( 'NONE',  ( 1.283333333333334325, -6.999999999999990230, 6.080000000000000071 ) ) ;
#4250 = PLANE ( 'NONE',  #3062 ) ;
#4251 = ORIENTED_EDGE ( 'NONE', *, *, #3088, .F. ) ;
#4252 = VERTEX_POINT ( 'NONE', #2773 ) ;
#4253 = B_SPLINE_CURVE_WITH_KNOTS ( 'NONE', 1,
 ( #280, #2683 ),
 .UNSPECIFIED., .F., .F.,
 ( 2, 2 ),
 ( -1.530145167726479905, 0.0000000000000000000 ),
 .UNSPECIFIED. ) ;
#4254 = VERTEX_POINT ( 'NONE', #1005 ) ;
#4255 = CARTESIAN_POINT ( 'NONE',  ( 5.100000000000000533, -5.299999999999999822, 0.0000000000000000000 ) ) ;
#4256 = CARTESIAN_POINT ( 'NONE',  ( 3.850000000000000089, 3.622850476404775104E-15, 6.080000000000000071 ) ) ;
#4257 = EDGE_LOOP ( 'NONE', ( #3690, #1431, #4195, #931 ) ) ;
#4258 = EDGE_CURVE ( 'NONE', #328, #1437, #1566, .T. ) ;
#4259 = CARTESIAN_POINT ( 'NONE',  ( 4.049999999999999822, -0.08406282870510990712, 2.200000000000000178 ) ) ;
#4260 = AXIS2_PLACEMENT_3D ( 'NONE', #4075, #3009, #3410 ) ;
#4261 = STYLED_ITEM ( 'NONE', ( #3124 ), #2790 ) ;
#4262 = DIRECTION ( 'NONE',  ( -0.0000000000000000000, 1.000000000000000000, 0.0000000000000000000 ) ) ;
#4263 = AXIS2_PLACEMENT_3D ( 'NONE', #3105, #1710, #1637 ) ;
#4264 = CARTESIAN_POINT ( 'NONE',  ( 4.750000000000000000, -3.000000000000000000, 1.090000000000000080 ) ) ;
#4265 = ORIENTED_EDGE ( 'NONE', *, *, #2871, .T. ) ;
#4266 = FILL_AREA_STYLE_COLOUR ( '', #1336 ) ;
#4267 = PLANE ( 'NONE',  #3228 ) ;
#4268 = CARTESIAN_POINT ( 'NONE',  ( -3.850000000000000089, -0.5999999999999999778, 2.850000000000000089 ) ) ;
#4269 = ORIENTED_EDGE ( 'NONE', *, *, #543, .T. ) ;
#4270 = STYLED_ITEM ( 'NONE', ( #4576 ), #3901 ) ;
#4271 = CARTESIAN_POINT ( 'NONE',  ( -3.850000000000000089, -7.799999999999999822, 0.0000000000000000000 ) ) ;
#4272 = CARTESIAN_POINT ( 'NONE',  ( -1.550000000000000044, -7.000000000000000000, 1.090000000000000080 ) ) ;
#4273 = AXIS2_PLACEMENT_3D ( 'NONE', #24, #4007, #2540 ) ;
#4274 = B_SPLINE_CURVE_WITH_KNOTS ( 'NONE', 3,
 ( #2193, #1840, #25, #1037 ),
 .UNSPECIFIED., .F., .F.,
 ( 4, 4 ),
 ( 0.0000000000000000000, 1.000000000000000000 ),
 .UNSPECIFIED. ) ;
#4275 = AXIS2_PLACEMENT_3D ( 'NONE', #556, #1621, #1558 ) ;
#4276 = ADVANCED_FACE ( 'NONE', ( #1663 ), #1344, .T. ) ;
#4277 = CARTESIAN_POINT ( 'NONE',  ( -1.000000000000000000, -1.287128181961759932, 3.783333333333333215 ) ) ;
#4278 = CARTESIAN_POINT ( 'NONE',  ( 0.3500000000000044742, 1.965225821582489834E-15, 6.080000000000000071 ) ) ;
#4279 = ORIENTED_EDGE ( 'NONE', *, *, #3486, .T. ) ;
#4280 = ORIENTED_EDGE ( 'NONE', *, *, #1771, .T. ) ;
#4282 = CARTESIAN_POINT ( 'NONE',  ( -3.050000000000000711, -3.301574596127492711, 4.940507078065465407 ) ) ;
#4281 = B_SPLINE_CURVE_WITH_KNOTS ( 'NONE', 1,
 ( #176, #4487 ),
 .UNSPECIFIED., .F., .F.,
 ( 2, 2 ),
 ( -0.5844949741231969531, 0.0000000000000000000 ),
 .UNSPECIFIED. ) ;
#4283 = EDGE_LOOP ( 'NONE', ( #682, #2905, #1535, #3784 ) ) ;
#4284 = CARTESIAN_POINT ( 'NONE',  ( -3.850000000000000089, -0.5999999999999999778, 2.850000000000000089 ) ) ;
#4285 = ORIENTED_EDGE ( 'NONE', *, *, #2942, .F. ) ;
#4286 = DIRECTION ( 'NONE',  ( 0.0000000000000000000, 0.0000000000000000000, 1.000000000000000000 ) ) ;
#4287 = B_SPLINE_CURVE_WITH_KNOTS ( 'NONE', 3,
 ( #302, #325, #1742, #1392 ),
 .UNSPECIFIED., .F., .F.,
 ( 4, 4 ),
 ( 0.0000000000000000000, 1.000000000000000000 ),
 .UNSPECIFIED. ) ;
#4288 = ADVANCED_FACE ( 'NONE', ( #623 ), #3488, .T. ) ;
#4289 = CARTESIAN_POINT ( 'NONE',  ( 3.850000000000000089, 1.091865616008679887E-15, 0.0000000000000000000 ) ) ;
#4290 = CARTESIAN_POINT ( 'NONE',  ( 3.849999999999999645, -0.08406282870510990712, -0.05333333333333332982 ) ) ;
#4291 = EDGE_LOOP ( 'NONE', ( #2273, #2230, #3459, #3746 ) ) ;
#4292 = CARTESIAN_POINT ( 'NONE',  ( -1.500000000000000000, -8.317569314890061349, 0.5000000000000000000 ) ) ;
#4293 = EDGE_CURVE ( 'NONE', #1073, #2051, #632, .T. ) ;
#4294 = ORIENTED_EDGE ( 'NONE', *, *, #631, .F. ) ;
#4295 = UNCERTAINTY_MEASURE_WITH_UNIT (LENGTH_MEASURE( 1.000000000000000082E-05 ), #532, 'distance_accuracy_value', 'NONE');
#4296 = CARTESIAN_POINT ( 'NONE',  ( -1.399999999999999911, -0.7200000000000000844, 3.550000000000000266 ) ) ;
#4297 = ORIENTED_EDGE ( 'NONE', *, *, #2717, .T. ) ;
#4298 = CARTESIAN_POINT ( 'NONE',  ( -4.049999999999999822, -1.058206542933656902, -0.07999999999999998779 ) ) ;
#4299 = CARTESIAN_POINT ( 'NONE',  ( 3.850000000000000089, -7.000000000000000000, 4.460000000000000853 ) ) ;
#4300 = CARTESIAN_POINT ( 'NONE',  ( 3.850000000000000089, -1.058206542933656902, 0.0000000000000000000 ) ) ;
#4301 =( NAMED_UNIT ( * ) PLANE_ANGLE_UNIT ( ) SI_UNIT ( $, .RADIAN. ) );
#4302 = ORIENTED_EDGE ( 'NONE', *, *, #898, .T. ) ;
#4303 = VERTEX_POINT ( 'NONE', #2724 ) ;
#4304 = CARTESIAN_POINT ( 'NONE',  ( 3.049999999999999822, 3.275596848026040055E-15, 3.230000000000000426 ) ) ;
#4305 = ADVANCED_FACE ( 'NONE', ( #3108 ), #4568, .T. ) ;
#4306 = ORIENTED_EDGE ( 'NONE', *, *, #2912, .F. ) ;
#4307 =( NAMED_UNIT ( * ) PLANE_ANGLE_UNIT ( ) SI_UNIT ( $, .RADIAN. ) );
#4308 = CARTESIAN_POINT ( 'NONE',  ( 1.399999999999999911, -0.7200000000000000844, 3.850000000000000089 ) ) ;
#4309 = CARTESIAN_POINT ( 'NONE',  ( 3.850000000000000089, -0.08406282870510960181, 2.200000000000000178 ) ) ;
#4310 = EDGE_CURVE ( 'NONE', #4254, #1676, #1460, .T. ) ;
#4311 = B_SPLINE_CURVE_WITH_KNOTS ( 'NONE', 3,
 ( #2282, #2927, #3013, #790 ),
 .UNSPECIFIED., .F., .F.,
 ( 4, 4 ),
 ( 0.0000000000000000000, 1.000000000000000000 ),
 .UNSPECIFIED. ) ;
#4312 = FACE_OUTER_BOUND ( 'NONE', #1708, .T. ) ;
#4313 = CARTESIAN_POINT ( 'NONE',  ( -3.050000000000000266, -7.000000000000000000, 4.460000000000000853 ) ) ;
#4314 = CARTESIAN_POINT ( 'NONE',  ( 1.751256890803259969, -0.5599999999999999423, 6.080000000000000071 ) ) ;
#4315 = CARTESIAN_POINT ( 'NONE',  ( 3.850000000000000089, 3.622850476404775104E-15, 5.209999999999999964 ) ) ;
#4316 = VERTEX_POINT ( 'NONE', #4284 ) ;
#4317 = FACE_OUTER_BOUND ( 'NONE', #642, .T. ) ;
#4318 = ORIENTED_EDGE ( 'NONE', *, *, #2251, .F. ) ;
#4319 = CARTESIAN_POINT ( 'NONE',  ( 3.983333333333333393, -0.08406282870510994876, -0.08000000000000000167 ) ) ;
#4320 = ADVANCED_FACE ( 'NONE', ( #2145 ), #2490, .T. ) ;
#4321 = CARTESIAN_POINT ( 'NONE',  ( -1.751256890803259969, -0.5599999999999999423, 5.209999999999999964 ) ) ;
#4322 = CARTESIAN_POINT ( 'NONE',  ( 0.3499999999999996447, -2.777939915136560055E-15, 5.500000000000000888 ) ) ;
#4323 = VERTEX_POINT ( 'NONE', #2513 ) ;
#4324 = VERTEX_POINT ( 'NONE', #1436 ) ;
#4325 = B_SPLINE_CURVE_WITH_KNOTS ( 'NONE', 3,
 ( #1720, #1297, #1669, #3162 ),
 .UNSPECIFIED., .F., .F.,
 ( 4, 4 ),
 ( 0.0000000000000000000, 1.000000000000000000 ),
 .UNSPECIFIED. ) ;
#4326 = CARTESIAN_POINT ( 'NONE',  ( -3.050000000000000266, -2.994949872414363501, 5.207893649031871242 ) ) ;
#4327 = B_SPLINE_CURVE_WITH_KNOTS ( 'NONE', 3,
 ( #3402, #4479, #172, #1562 ),
 .UNSPECIFIED., .F., .F.,
 ( 4, 4 ),
 ( 0.0000000000000000000, 1.000000000000000000 ),
 .UNSPECIFIED. ) ;
#4328 = EDGE_LOOP ( 'NONE', ( #2143, #4392, #2274, #3372 ) ) ;
#4329 = CARTESIAN_POINT ( 'NONE',  ( 0.9499999999999999556, -6.343253170061400326, -0.1091199999999999948 ) ) ;
#4330 = ORIENTED_EDGE ( 'NONE', *, *, #922, .T. ) ;
#4331 = DIRECTION ( 'NONE',  ( 0.0000000000000000000, 0.0000000000000000000, -1.000000000000000000 ) ) ;
#4332 = CARTESIAN_POINT ( 'NONE',  ( -0.7619322140077199323, -7.799999999999999822, 1.090000000000000080 ) ) ;
#4333 = CARTESIAN_POINT ( 'NONE',  ( 1.016666666666667052, -6.200000000000000178, 1.090000000000000080 ) ) ;
#4334 = ORIENTED_EDGE ( 'NONE', *, *, #3303, .F. ) ;
#4335 =( NAMED_UNIT ( * ) SI_UNIT ( $, .STERADIAN. ) SOLID_ANGLE_UNIT ( ) );
#4336 = CARTESIAN_POINT ( 'NONE',  ( 1.850000000000000089, 3.803550838485689881E-15, 5.209999999999999964 ) ) ;
#4337 = B_SPLINE_CURVE_WITH_KNOTS ( 'NONE', 3,
 ( #246, #4136, #2343, #1657 ),
 .UNSPECIFIED., .F., .F.,
 ( 4, 4 ),
 ( 0.0000000000000000000, 1.000000000000000000 ),
 .UNSPECIFIED. ) ;
#4338 = CARTESIAN_POINT ( 'NONE',  ( -1.738067785992279957, -7.799999999999999822, 0.0000000000000000000 ) ) ;
#4339 = AXIS2_PLACEMENT_3D ( 'NONE', #481, #1203, #4073 ) ;
#4340 = AXIS2_PLACEMENT_3D ( 'NONE', #3950, #2532, #3606 ) ;
#4341 = VERTEX_POINT ( 'NONE', #1477 ) ;
#4342 = UNCERTAINTY_MEASURE_WITH_UNIT (LENGTH_MEASURE( 1.000000000000000082E-05 ), #978, 'distance_accuracy_value', 'NONE');
#4343 = CARTESIAN_POINT ( 'NONE',  ( 0.9499999999999999556, -7.566268299385879637, 1.090000000000000080 ) ) ;
#4344 = ORIENTED_EDGE ( 'NONE', *, *, #3413, .F. ) ;
#4345 = CARTESIAN_POINT ( 'NONE',  ( -3.050000000000000266, -7.799999999999999822, 1.090000000000000080 ) ) ;
#4346 = FACE_OUTER_BOUND ( 'NONE', #843, .T. ) ;
#4347 = AXIS2_PLACEMENT_3D ( 'NONE', #1255, #582, #1282 ) ;
#4348 = PRESENTATION_LAYER_ASSIGNMENT (  '', '', ( #2917 ) ) ;
#4349 = EDGE_CURVE ( 'NONE', #2902, #2058, #846, .T. ) ;
#4350 = MECHANICAL_DESIGN_GEOMETRIC_PRESENTATION_REPRESENTATION (  '', ( #2921 ), #3611 ) ;
#4351 = PRESENTATION_LAYER_ASSIGNMENT (  '', '', ( #1713 ) ) ;
#4352 = CARTESIAN_POINT ( 'NONE',  ( 3.850000000000000089, -2.777939915136560055E-15, 6.080000000000000071 ) ) ;
#4353 = CARTESIAN_POINT ( 'NONE',  ( -0.8857869537484920341, -9.125137445268860503, -0.6501200000000000312 ) ) ;
#4354 = VERTEX_POINT ( 'NONE', #1389 ) ;
#4355 = ORIENTED_EDGE ( 'NONE', *, *, #2897, .F. ) ;
#4356 = CARTESIAN_POINT ( 'NONE',  ( 3.049999999999999822, 3.275596848026040055E-15, 2.159999999999999698 ) ) ;
#4357 = ADVANCED_FACE ( 'NONE', ( #2874 ), #3278, .T. ) ;
#4358 = ORIENTED_EDGE ( 'NONE', *, *, #288, .F. ) ;
#4359 = PLANE ( 'NONE',  #2913 ) ;
#4360 = CARTESIAN_POINT ( 'NONE',  ( 1.000000000000000000, -1.287128181961769924, 3.449999999999999734 ) ) ;
#4361 = CARTESIAN_POINT ( 'NONE',  ( 1.400000000000001021, -0.7199999999999973088, 3.649999999999999911 ) ) ;
#4362 = CARTESIAN_POINT ( 'NONE',  ( -3.850000000000000089, 3.622850476404775104E-15, 5.209999999999999964 ) ) ;
#4363 = CARTESIAN_POINT ( 'NONE',  ( -3.049999999999999822, -7.533333333333334991, 4.173333333333335560 ) ) ;
#4364 = ORIENTED_EDGE ( 'NONE', *, *, #3703, .T. ) ;
#4365 = PRESENTATION_STYLE_ASSIGNMENT (( #1110 ) ) ;
#4366 = CARTESIAN_POINT ( 'NONE',  ( 0.3499999999999999778, -4.599999999999999645, 5.209999999999999964 ) ) ;
#4367 = EDGE_CURVE ( 'NONE', #1968, #2854, #1851, .T. ) ;
#4368 = EDGE_LOOP ( 'NONE', ( #4146, #4609, #4137, #2317 ) ) ;
#4369 = CARTESIAN_POINT ( 'NONE',  ( -1.399999999999999911, -0.7200000000000000844, 3.850000000000000089 ) ) ;
#4370 = ORIENTED_EDGE ( 'NONE', *, *, #4349, .F. ) ;
#4371 = CARTESIAN_POINT ( 'NONE',  ( 0.9499999999999999556, -7.566268299385879637, 0.0000000000000000000 ) ) ;
#4372 = DIRECTION ( 'NONE',  ( 0.0000000000000000000, 1.000000000000000000, 0.0000000000000000000 ) ) ;
#4373 = ORIENTED_EDGE ( 'NONE', *, *, #2097, .T. ) ;
#4374 = CARTESIAN_POINT ( 'NONE',  ( 1.806193986409600827, -1.370504178998698475, 5.209999999999999964 ) ) ;
#4375 = CARTESIAN_POINT ( 'NONE',  ( 5.100000000000000533, -0.5999999999999999778, 1.676666666666666528 ) ) ;
#4376 = EDGE_CURVE ( 'NONE', #2242, #138, #1611, .T. ) ;
#4377 = B_SPLINE_CURVE_WITH_KNOTS ( 'NONE', 1,
 ( #828, #2235 ),
 .UNSPECIFIED., .F., .F.,
 ( 2, 2 ),
 ( 0.0000000000000000000, 0.5000000000000000000 ),
 .UNSPECIFIED. ) ;
#4378 = ORIENTED_EDGE ( 'NONE', *, *, #3201, .F. ) ;
#4379 = CARTESIAN_POINT ( 'NONE',  ( -1.000000000000000000, -4.029042727320587325, 3.449999999999999734 ) ) ;
#4380 = FACE_OUTER_BOUND ( 'NONE', #2872, .T. ) ;
#4381 = CARTESIAN_POINT ( 'NONE',  ( 1.099999999999998090, -0.7199999999999975309, 3.750000000000000000 ) ) ;
#4382 = EDGE_CURVE ( 'NONE', #103, #1772, #2294, .T. ) ;
#4383 = CARTESIAN_POINT ( 'NONE',  ( -5.205119999999999969, -3.000000000000000000, -0.1091199999999999948 ) ) ;
#4384 = CARTESIAN_POINT ( 'NONE',  ( -1.850000000000000089, 3.189169607410569781E-15, 6.080000000000000071 ) ) ;
#4385 = B_SPLINE_CURVE_WITH_KNOTS ( 'NONE', 3,
 ( #3034, #4032, #3329, #4384 ),
 .UNSPECIFIED., .F., .F.,
 ( 4, 4 ),
 ( 0.0000000000000000000, 1.000000000000000000 ),
 .UNSPECIFIED. ) ;
#4386 = CARTESIAN_POINT ( 'NONE',  ( 3.850000000000000089, -1.966666666666667007, 5.209999999999999964 ) ) ;
#4387 = B_SPLINE_CURVE_WITH_KNOTS ( 'NONE', 3,
 ( #4271, #4242, #2522, #1426 ),
 .UNSPECIFIED., .F., .F.,
 ( 4, 4 ),
 ( 0.0000000000000000000, 1.000000000000000000 ),
 .UNSPECIFIED. ) ;
#4388 = B_SPLINE_CURVE_WITH_KNOTS ( 'NONE', 3,
 ( #4557, #1328, #3526, #282 ),
 .UNSPECIFIED., .F., .F.,
 ( 4, 4 ),
 ( 0.0000000000000000000, 1.000000000000000000 ),
 .UNSPECIFIED. ) ;
#4389 = ORIENTED_EDGE ( 'NONE', *, *, #1529, .F. ) ;
#4390 = UNCERTAINTY_MEASURE_WITH_UNIT (LENGTH_MEASURE( 1.000000000000000082E-05 ), #2498, 'distance_accuracy_value', 'NONE');
#4391 = CARTESIAN_POINT ( 'NONE',  ( 0.9499999999999999556, -7.377512199590582576, 1.089999999999999858 ) ) ;
#4392 = ORIENTED_EDGE ( 'NONE', *, *, #743, .F. ) ;
#4393 = EDGE_CURVE ( 'NONE', #3583, #1228, #3755, .T. ) ;
#4394 = CARTESIAN_POINT ( 'NONE',  ( -1.500000000000000000, -7.406778174262040437, 3.192135588967509818 ) ) ;
#4395 = DIRECTION ( 'NONE',  ( 0.0000000000000000000, 0.0000000000000000000, -1.000000000000000000 ) ) ;
#4396 = PLANE ( 'NONE',  #3066 ) ;
#4397 = DIRECTION ( 'NONE',  ( 0.0000000000000000000, 0.0000000000000000000, -1.000000000000000000 ) ) ;
#4398 = EDGE_CURVE ( 'NONE', #3386, #3265, #3984, .T. ) ;
#4399 = ORIENTED_EDGE ( 'NONE', *, *, #4139, .F. ) ;
#4400 = CARTESIAN_POINT ( 'NONE',  ( 1.645958013834169398, -2.780141988841231537, 5.209999999999999964 ) ) ;
#4401 = DIRECTION ( 'NONE',  ( -0.9848077530122084644, -0.1736481776669280830, 0.0000000000000000000 ) ) ;
#4402 = ORIENTED_EDGE ( 'NONE', *, *, #3568, .F. ) ;
#4403 = CARTESIAN_POINT ( 'NONE',  ( 1.500000000000000000, -5.400000000000000355, 3.950000000000000178 ) ) ;
#4404 = CARTESIAN_POINT ( 'NONE',  ( -1.550000000000000266, -7.377512199590593234, 0.0000000000000000000 ) ) ;
#4405 = CARTESIAN_POINT ( 'NONE',  ( -1.850000000000000089, 4.381791997144624264E-15, 5.209999999999999964 ) ) ;
#4406 = B_SPLINE_CURVE_WITH_KNOTS ( 'NONE', 3,
 ( #4289, #3636, #374, #1439 ),
 .UNSPECIFIED., .F., .F.,
 ( 4, 4 ),
 ( 0.0000000000000000000, 1.000000000000000000 ),
 .UNSPECIFIED. ) ;
#4407 = EDGE_CURVE ( 'NONE', #2780, #32, #2679, .T. ) ;
#4408 = CARTESIAN_POINT ( 'NONE',  ( 0.9499999999999999556, -7.566268299385879637, 0.0000000000000000000 ) ) ;
#4409 = CARTESIAN_POINT ( 'NONE',  ( -3.050000000000000266, -6.200000000000000178, 4.700000000000000178 ) ) ;
#4410 = FACE_OUTER_BOUND ( 'NONE', #4037, .T. ) ;
#4411 = CARTESIAN_POINT ( 'NONE',  ( -1.499999999999999556, -5.400000000000000355, 3.616666666666666252 ) ) ;
#4412 = ORIENTED_EDGE ( 'NONE', *, *, #898, .F. ) ;
#4413 = AXIS2_PLACEMENT_3D ( 'NONE', #1355, #2737, #4178 ) ;
#4414 = ORIENTED_EDGE ( 'NONE', *, *, #4508, .F. ) ;
#4415 = PRESENTATION_LAYER_ASSIGNMENT (  '', '', ( #2677 ) ) ;
#4416 = PRESENTATION_LAYER_ASSIGNMENT (  '', '', ( #4043 ) ) ;
#4417 = EDGE_CURVE ( 'NONE', #3506, #1164, #3026, .T. ) ;
#4418 = CARTESIAN_POINT ( 'NONE',  ( -0.9500000000000002887, -7.377512199590593234, 0.0000000000000000000 ) ) ;
#4419 = DIRECTION ( 'NONE',  ( 2.160410575312910681E-16, 0.9729624261946479002, -0.2309634542810279911 ) ) ;
#4420 = VERTEX_POINT ( 'NONE', #4256 ) ;
#4421 = ORIENTED_EDGE ( 'NONE', *, *, #2767, .T. ) ;
#4422 = STYLED_ITEM ( 'NONE', ( #4587 ), #834 ) ;
#4423 = CARTESIAN_POINT ( 'NONE',  ( -1.500000000000000000, -7.000000000000000000, 2.740894846264729789 ) ) ;
#4424 = EDGE_CURVE ( 'NONE', #322, #412, #687, .T. ) ;
#4425 = AXIS2_PLACEMENT_3D ( 'NONE', #3380, #4419, #1920 ) ;
#4426 = ORIENTED_EDGE ( 'NONE', *, *, #1296, .F. ) ;
#4427 = CARTESIAN_POINT ( 'NONE',  ( 4.049999999999999822, -0.08406282870510999039, 0.0000000000000000000 ) ) ;
#4428 = AXIS2_PLACEMENT_3D ( 'NONE', #625, #1959, #4122 ) ;
#4429 = CARTESIAN_POINT ( 'NONE',  ( 5.205119999999999969, -3.000000000000000000, -0.1091199999999999948 ) ) ;
#4430 = ORIENTED_EDGE ( 'NONE', *, *, #2399, .T. ) ;
#4431 =( NAMED_UNIT ( * ) PLANE_ANGLE_UNIT ( ) SI_UNIT ( $, .RADIAN. ) );
#4432 = CARTESIAN_POINT ( 'NONE',  ( -3.850000000000000089, -3.006493971390749920, -0.08000000000000000167 ) ) ;
#4433 = EDGE_CURVE ( 'NONE', #1596, #4125, #4377, .T. ) ;
#4434 = UNCERTAINTY_MEASURE_WITH_UNIT (LENGTH_MEASURE( 1.000000000000000082E-05 ), #476, 'distance_accuracy_value', 'NONE');
#4435 = ORIENTED_EDGE ( 'NONE', *, *, #3183, .F. ) ;
#4436 = DIRECTION ( 'NONE',  ( 1.000000000000000000, 0.0000000000000000000, 0.0000000000000000000 ) ) ;
#4437 = B_SPLINE_CURVE_WITH_KNOTS ( 'NONE', 3,
 ( #1722, #1349, #329, #2855 ),
 .UNSPECIFIED., .F., .F.,
 ( 4, 4 ),
 ( 0.0000000000000000000, 1.000000000000000000 ),
 .UNSPECIFIED. ) ;
#4438 = CARTESIAN_POINT ( 'NONE',  ( -1.166666666666666519, -1.287128181961760154, 3.449999999999999734 ) ) ;
#4439 = ADVANCED_FACE ( 'NONE', ( #4535 ), #4054, .T. ) ;
#4440 = CARTESIAN_POINT ( 'NONE',  ( 5.100000000000000533, -3.000000000000000000, 0.0000000000000000000 ) ) ;
#4441 = CARTESIAN_POINT ( 'NONE',  ( -0.9499999999999999556, -7.000000000000000000, 0.0000000000000000000 ) ) ;
#4442 = VERTEX_POINT ( 'NONE', #4179 ) ;
#4443 = CARTESIAN_POINT ( 'NONE',  ( -1.550000000000000044, -7.566268299385889406, 0.0000000000000000000 ) ) ;
#4444 = DIRECTION ( 'NONE',  ( 0.0000000000000000000, 0.0000000000000000000, -1.000000000000000000 ) ) ;
#4445 = B_SPLINE_CURVE_WITH_KNOTS ( 'NONE', 3,
 ( #4451, #530, #2326, #549 ),
 .UNSPECIFIED., .F., .F.,
 ( 4, 4 ),
 ( 0.0000000000000000000, 1.000000000000000000 ),
 .UNSPECIFIED. ) ;
#4446 = CARTESIAN_POINT ( 'NONE',  ( 3.050000000000000266, -6.733333333333333393, 1.090000000000000080 ) ) ;
#4447 = B_SPLINE_CURVE_WITH_KNOTS ( 'NONE', 3,
 ( #109, #2556, #1093, #750 ),
 .UNSPECIFIED., .F., .F.,
 ( 4, 4 ),
 ( 0.0000000000000000000, 1.000000000000000000 ),
 .UNSPECIFIED. ) ;
#4448 = ORIENTED_EDGE ( 'NONE', *, *, #1541, .T. ) ;
#4449 = CARTESIAN_POINT ( 'NONE',  ( 1.550000000000000044, -7.377512199590582576, 1.089999999999999858 ) ) ;
#4450 = CARTESIAN_POINT ( 'NONE',  ( 1.000000000000000000, -7.406778174262040437, 3.192135588967509818 ) ) ;
#4451 = CARTESIAN_POINT ( 'NONE',  ( -4.049999999999999822, -3.003517567836660351, 0.0000000000000000000 ) ) ;
#4452 = ORIENTED_EDGE ( 'NONE', *, *, #772, .T. ) ;
#4453 = DIRECTION ( 'NONE',  ( 0.0000000000000000000, 1.000000000000000000, 0.0000000000000000000 ) ) ;
#4454 = FACE_OUTER_BOUND ( 'NONE', #1870, .T. ) ;
#4455 = ORIENTED_EDGE ( 'NONE', *, *, #261, .T. ) ;
#4456 = CARTESIAN_POINT ( 'NONE',  ( 3.050000000000000266, -3.310000000000000053, 4.299999999999999822 ) ) ;
#4457 = FACE_OUTER_BOUND ( 'NONE', #1419, .T. ) ;
#4458 = CARTESIAN_POINT ( 'NONE',  ( -0.8699999999999999956, -4.599999999999999645, 6.080000000000000071 ) ) ;
#4459 = CARTESIAN_POINT ( 'NONE',  ( -0.3498800000000000243, -10.98773437276930132, 0.2142130462515090261 ) ) ;
#4460 = ORIENTED_EDGE ( 'NONE', *, *, #2205, .F. ) ;
#4461 = B_SPLINE_CURVE_WITH_KNOTS ( 'NONE', 3,
 ( #297, #3836, #2369, #1687 ),
 .UNSPECIFIED., .F., .F.,
 ( 4, 4 ),
 ( 0.0000000000000000000, 1.000000000000000000 ),
 .UNSPECIFIED. ) ;
#4462 = ADVANCED_FACE ( 'NONE', ( #436 ), #2015, .T. ) ;
#4463 = ORIENTED_EDGE ( 'NONE', *, *, #1814, .F. ) ;
#4464 = FACE_OUTER_BOUND ( 'NONE', #2428, .T. ) ;
#4465 = B_SPLINE_CURVE_WITH_KNOTS ( 'NONE', 1,
 ( #1879, #581 ),
 .UNSPECIFIED., .F., .F.,
 ( 2, 2 ),
 ( -1.455302503148149906, 0.0000000000000000000 ),
 .UNSPECIFIED. ) ;
#4466 = CARTESIAN_POINT ( 'NONE',  ( 3.050000000000000266, -6.200000000000000178, 1.090000000000000080 ) ) ;
#4467 = ORIENTED_EDGE ( 'NONE', *, *, #4382, .F. ) ;
#4468 = CARTESIAN_POINT ( 'NONE',  ( 3.850000000000000089, -2.777939915136560055E-15, 6.080000000000000071 ) ) ;
#4469 = CARTESIAN_POINT ( 'NONE',  ( 0.8699999999999999956, -4.599999999999999645, 5.209999999999999964 ) ) ;
#4470 = DIRECTION ( 'NONE',  ( 0.0000000000000000000, -1.000000000000000000, 0.0000000000000000000 ) ) ;
#4471 = VERTEX_POINT ( 'NONE', #905 ) ;
#4472 = CARTESIAN_POINT ( 'NONE',  ( -3.850000000000000089, -3.310000000000000053, 4.850000000000000533 ) ) ;
#4473 = CARTESIAN_POINT ( 'NONE',  ( 1.300000000000000266, -0.7199999999999975309, 3.549999999999999822 ) ) ;
#4474 = ADVANCED_FACE ( 'NONE', ( #2945 ), #2738, .T. ) ;
#4475 = VERTEX_POINT ( 'NONE', #540 ) ;
#4476 = CARTESIAN_POINT ( 'NONE',  ( -1.000000000000000000, -7.946778174262040473, 0.9173180782031339353 ) ) ;
#4477 = CARTESIAN_POINT ( 'NONE',  ( 2.150120000000000253, -9.918522068353031074, 0.5000000000000000000 ) ) ;
#4478 = CARTESIAN_POINT ( 'NONE',  ( 5.100000000000000533, -3.000000000000000000, 1.090000000000000080 ) ) ;
#4479 = CARTESIAN_POINT ( 'NONE',  ( 4.049999999999999822, -3.004329314260500983, 0.0000000000000000000 ) ) ;
#4480 = CARTESIAN_POINT ( 'NONE',  ( -3.049999999999999822, 3.275596848026040055E-15, 3.230000000000000426 ) ) ;
#4481 = DIRECTION ( 'NONE',  ( 0.0000000000000000000, 0.0000000000000000000, -1.000000000000000000 ) ) ;
#4482 = CARTESIAN_POINT ( 'NONE',  ( 1.399999999999999911, -10.33999999999999986, 0.1000000000000000056 ) ) ;
#4483 = CARTESIAN_POINT ( 'NONE',  ( 0.8246214760051474579, -7.722089433128615177, 0.0000000000000000000 ) ) ;
#4484 = EDGE_CURVE ( 'NONE', #2132, #328, #3420, .T. ) ;
#4485 =( GEOMETRIC_REPRESENTATION_CONTEXT ( 3 ) GLOBAL_UNCERTAINTY_ASSIGNED_CONTEXT ( ( #2067 ) ) GLOBAL_UNIT_ASSIGNED_CONTEXT ( ( #2279, #2674, #1956 ) ) REPRESENTATION_CONTEXT ( 'NONE', 'WORKASPACE' ) );
#4486 = AXIS2_PLACEMENT_3D ( 'NONE', #927, #4559, #4536 ) ;
#4487 = CARTESIAN_POINT ( 'NONE',  ( -1.500000000000000000, -9.772871818038209923, 0.0000000000000000000 ) ) ;
#4488 =( BOUNDED_CURVE ( )  B_SPLINE_CURVE ( 2, ( #3385, #849, #2021 ),
 .UNSPECIFIED., .F., .F. ) 
 B_SPLINE_CURVE_WITH_KNOTS ( ( 3, 3 ),
 ( 0.0000000000000000000, 0.5815545707747930004 ),
 .UNSPECIFIED. ) 
 CURVE ( )  GEOMETRIC_REPRESENTATION_ITEM ( )  RATIONAL_B_SPLINE_CURVE ( ( 1.000000000000000000, 0.8807453196100240023, 1.000000000000000000 ) ) 
 REPRESENTATION_ITEM ( '' )  );
#4489 = ORIENTED_EDGE ( 'NONE', *, *, #802, .T. ) ;
#4490 = ORIENTED_EDGE ( 'NONE', *, *, #333, .F. ) ;
#4491 = CARTESIAN_POINT ( 'NONE',  ( -1.614213046251510075, -1.934862554731110018, 2.799879999999999924 ) ) ;
#4492 = B_SPLINE_CURVE_WITH_KNOTS ( 'NONE', 3,
 ( #432, #1812, #1474, #3925 ),
 .UNSPECIFIED., .F., .F.,
 ( 4, 4 ),
 ( 0.0000000000000000000, 1.000000000000000000 ),
 .UNSPECIFIED. ) ;
#4493 =( GEOMETRIC_REPRESENTATION_CONTEXT ( 3 ) GLOBAL_UNCERTAINTY_ASSIGNED_CONTEXT ( ( #4061 ) ) GLOBAL_UNIT_ASSIGNED_CONTEXT ( ( #2611, #552, #533 ) ) REPRESENTATION_CONTEXT ( 'NONE', 'WORKASPACE' ) );
#4494 = AXIS2_PLACEMENT_3D ( 'NONE', #2834, #3269, #1468 ) ;
#4495 = AXIS2_PLACEMENT_3D ( 'NONE', #787, #2496, #2216 ) ;
#4496 = CARTESIAN_POINT ( 'NONE',  ( 1.784171260535507342, -0.3733333333333337389, 6.080000000000000071 ) ) ;
#4497 = AXIS2_PLACEMENT_3D ( 'NONE', #3663, #1574, #4034 ) ;
#4498 = CARTESIAN_POINT ( 'NONE',  ( -1.550000000000000044, -7.000000000000000000, 0.0000000000000000000 ) ) ;
#4499 = ORIENTED_EDGE ( 'NONE', *, *, #2612, .F. ) ;
#4500 = B_SPLINE_CURVE_WITH_KNOTS ( 'NONE', 3,
 ( #4268, #706, #1043, #4219 ),
 .UNSPECIFIED., .F., .F.,
 ( 4, 4 ),
 ( 0.0000000000000000000, 1.000000000000000000 ),
 .UNSPECIFIED. ) ;
#4501 = AXIS2_PLACEMENT_3D ( 'NONE', #1089, #82, #2505 ) ;
#4502 = B_SPLINE_CURVE_WITH_KNOTS ( 'NONE', 3,
 ( #884, #2318, #1922, #3753 ),
 .UNSPECIFIED., .F., .F.,
 ( 4, 4 ),
 ( 0.0000000000000000000, 1.000000000000000000 ),
 .UNSPECIFIED. ) ;
#4503 = VERTEX_POINT ( 'NONE', #1629 ) ;
#4504 = B_SPLINE_CURVE_WITH_KNOTS ( 'NONE', 3,
 ( #4624, #1294, #1368, #673 ),
 .UNSPECIFIED., .F., .F.,
 ( 4, 4 ),
 ( 0.0000000000000000000, 1.000000000000000000 ),
 .UNSPECIFIED. ) ;
#4505 = PLANE ( 'NONE',  #3733 ) ;
#4506 = PRESENTATION_STYLE_ASSIGNMENT (( #2333 ) ) ;
#4507 = CARTESIAN_POINT ( 'NONE',  ( -1.099999999999999201, -0.7199999999999958655, 3.750000000000000000 ) ) ;
#4508 = EDGE_CURVE ( 'NONE', #3507, #4510, #562, .T. ) ;
#4509 = CARTESIAN_POINT ( 'NONE',  ( 3.050000000000000266, -7.799999999999999822, 3.049999999999999822 ) ) ;
#4510 = VERTEX_POINT ( 'NONE', #2582 ) ;
#4511 =( LENGTH_UNIT ( ) NAMED_UNIT ( * ) SI_UNIT ( .MILLI., .METRE. ) );
#4512 = CARTESIAN_POINT ( 'NONE',  ( 1.500000000000000000, -1.287128181961763485, 3.783333333333333215 ) ) ;
#4513 =( LENGTH_UNIT ( ) NAMED_UNIT ( * ) SI_UNIT ( .MILLI., .METRE. ) );
#4514 = EDGE_CURVE ( 'NONE', #671, #1345, #3312, .T. ) ;
#4515 = B_SPLINE_CURVE_WITH_KNOTS ( 'NONE', 3,
 ( #3908, #2168, #1130, #3612 ),
 .UNSPECIFIED., .F., .F.,
 ( 4, 4 ),
 ( 0.0000000000000000000, 1.000000000000000000 ),
 .UNSPECIFIED. ) ;
#4516 = CARTESIAN_POINT ( 'NONE',  ( -4.683333333333333570, -0.5999999999999999778, 2.850000000000000089 ) ) ;
#4517 = ORIENTED_EDGE ( 'NONE', *, *, #2717, .F. ) ;
#4518 = ORIENTED_EDGE ( 'NONE', *, *, #2929, .T. ) ;
#4519 = EDGE_CURVE ( 'NONE', #1676, #2281, #75, .T. ) ;
#4520 =( BOUNDED_CURVE ( )  B_SPLINE_CURVE ( 2, ( #4394, #3356, #4081 ),
 .UNSPECIFIED., .F., .T. ) 
 B_SPLINE_CURVE_WITH_KNOTS ( ( 3, 3 ),
 ( -0.7323205927438619645, -1.110223024625156540E-16 ),
 .UNSPECIFIED. ) 
 CURVE ( )  GEOMETRIC_REPRESENTATION_ITEM ( )  RATIONAL_B_SPLINE_CURVE ( ( 1.000000000000000000, 0.9317627864625159795, 1.000000000000000000 ) ) 
 REPRESENTATION_ITEM ( '' )  );
#4521 = DIRECTION ( 'NONE',  ( -1.000000000000000000, 0.0000000000000000000, 0.0000000000000000000 ) ) ;
#4522 = DIRECTION ( 'NONE',  ( 0.0000000000000000000, 0.0000000000000000000, -1.000000000000000000 ) ) ;
#4523 = ORIENTED_EDGE ( 'NONE', *, *, #4036, .T. ) ;
#4524 = ADVANCED_FACE ( 'NONE', ( #4380 ), #3073, .T. ) ;
#4525 = CARTESIAN_POINT ( 'NONE',  ( 4.049999999999999822, -3.000000000000000000, 0.0000000000000000000 ) ) ;
#4526 = CARTESIAN_POINT ( 'NONE',  ( -1.000000000000000000, -8.242726650311741565, 0.0000000000000000000 ) ) ;
#4527 = B_SPLINE_CURVE_WITH_KNOTS ( 'NONE', 3,
 ( #56, #999, #688, #364 ),
 .UNSPECIFIED., .F., .F.,
 ( 4, 4 ),
 ( 0.0000000000000000000, 1.000000000000000000 ),
 .UNSPECIFIED. ) ;
#4528 = CARTESIAN_POINT ( 'NONE',  ( -3.050000000000000266, -6.200000000000000178, 2.700000000000000178 ) ) ;
#4529 = VERTEX_POINT ( 'NONE', #561 ) ;
#4530 = CARTESIAN_POINT ( 'NONE',  ( 3.850000000000000089, 0.0000000000000000000, 5.500000000000000000 ) ) ;
#4531 = CARTESIAN_POINT ( 'NONE',  ( 1.850000000000000089, 3.803550838485689881E-15, 5.209999999999999964 ) ) ;
#4532 = ADVANCED_FACE ( 'NONE', ( #462 ), #3754, .T. ) ;
#4533 = CARTESIAN_POINT ( 'NONE',  ( 3.050000000000000266, -6.200000000000000178, 2.700000000000000178 ) ) ;
#4534 = ORIENTED_EDGE ( 'NONE', *, *, #3931, .T. ) ;
#4535 = FACE_OUTER_BOUND ( 'NONE', #3497, .T. ) ;
#4536 = DIRECTION ( 'NONE',  ( 0.0000000000000000000, 1.000000000000000000, 0.0000000000000000000 ) ) ;
#4537 = DIRECTION ( 'NONE',  ( 0.0000000000000000000, 0.0000000000000000000, 1.000000000000000000 ) ) ;
#4538 = ADVANCED_FACE ( 'NONE', ( #3404 ), #2691, .T. ) ;
#4539 = CARTESIAN_POINT ( 'NONE',  ( -1.000000000000000000, -7.946778174262040473, 0.9173180782031339353 ) ) ;
#4540 = ORIENTED_EDGE ( 'NONE', *, *, #2330, .F. ) ;
#4541 = ORIENTED_EDGE ( 'NONE', *, *, #972, .T. ) ;
#4542 = CARTESIAN_POINT ( 'NONE',  ( 3.050000000000000266, -7.000000000000000000, 5.209999999999999964 ) ) ;
#4543 = B_SPLINE_CURVE_WITH_KNOTS ( 'NONE', 3,
 ( #2594, #859, #2287, #3727 ),
 .UNSPECIFIED., .F., .F.,
 ( 4, 4 ),
 ( 0.0000000000000000000, 1.000000000000000000 ),
 .UNSPECIFIED. ) ;
#4544 = CARTESIAN_POINT ( 'NONE',  ( 0.9500000000000002887, -7.377512199590586128, 0.0000000000000000000 ) ) ;
#4545 = CARTESIAN_POINT ( 'NONE',  ( 1.285786953748490058, -0.07226562723064861027, 4.600120000000000431 ) ) ;
#4546 = ORIENTED_EDGE ( 'NONE', *, *, #503, .T. ) ;
#4547 = CARTESIAN_POINT ( 'NONE',  ( 1.500000000000000000, -5.400000000000000355, 3.950000000000000178 ) ) ;
#4548 = CARTESIAN_POINT ( 'NONE',  ( 1.500000000000000000, -7.460296961164719853, 0.8018363510626200785 ) ) ;
#4549 = ADVANCED_FACE ( 'NONE', ( #3426 ), #926, .T. ) ;
#4550 = ORIENTED_EDGE ( 'NONE', *, *, #147, .F. ) ;
#4551 = CARTESIAN_POINT ( 'NONE',  ( 0.9499999999999998446, -7.000000000000000000, 0.7266666666666665719 ) ) ;
#4552 = VERTEX_POINT ( 'NONE', #2764 ) ;
#4553 = FILL_AREA_STYLE ('',( #3117 ) ) ;
#4554 = DIRECTION ( 'NONE',  ( 1.000000000000000000, 0.0000000000000000000, 0.0000000000000000000 ) ) ;
#4555 = B_SPLINE_CURVE_WITH_KNOTS ( 'NONE', 3,
 ( #3046, #2360, #904, #925 ),
 .UNSPECIFIED., .F., .F.,
 ( 4, 4 ),
 ( 0.0000000000000000000, 1.000000000000000000 ),
 .UNSPECIFIED. ) ;
#4556 = ORIENTED_EDGE ( 'NONE', *, *, #2733, .T. ) ;
#4557 = CARTESIAN_POINT ( 'NONE',  ( -0.3500000000000049738, 1.965225821582489834E-15, 5.209999999999999964 ) ) ;
#4558 = EDGE_LOOP ( 'NONE', ( #620, #1963, #2023, #2450, #281, #3417 ) ) ;
#4559 = DIRECTION ( 'NONE',  ( 1.000000000000000000, 0.0000000000000000000, 0.0000000000000000000 ) ) ;
#4560 = B_SPLINE_CURVE_WITH_KNOTS ( 'NONE', 1,
 ( #1800, #3242 ),
 .UNSPECIFIED., .F., .F.,
 ( 2, 2 ),
 ( -0.5000000000000000000, 0.0000000000000000000 ),
 .UNSPECIFIED. ) ;
#4561 = DIRECTION ( 'NONE',  ( 1.000000000000000000, 0.0000000000000000000, 0.0000000000000000000 ) ) ;
#4562 = ORIENTED_EDGE ( 'NONE', *, *, #3479, .T. ) ;
#4563 = UNCERTAINTY_MEASURE_WITH_UNIT (LENGTH_MEASURE( 1.000000000000000082E-05 ), #2916, 'distance_accuracy_value', 'NONE');
#4564 = ORIENTED_EDGE ( 'NONE', *, *, #631, .T. ) ;
#4565 = EDGE_CURVE ( 'NONE', #4341, #3063, #464, .T. ) ;
#4566 = AXIS2_PLACEMENT_3D ( 'NONE', #1307, #2363, #1357 ) ;
#4567 = CARTESIAN_POINT ( 'NONE',  ( -3.050000000000000266, -7.000000000000000000, 4.460000000000000853 ) ) ;
#4568 = PLANE ( 'NONE',  #2018 ) ;
#4569 = EDGE_LOOP ( 'NONE', ( #1498, #535, #1311, #2099 ) ) ;
#4570 = MECHANICAL_DESIGN_GEOMETRIC_PRESENTATION_REPRESENTATION (  '', ( #2607 ), #2384 ) ;
#4571 = MECHANICAL_DESIGN_GEOMETRIC_PRESENTATION_REPRESENTATION (  '', ( #1866 ), #3813 ) ;
#4572 = CARTESIAN_POINT ( 'NONE',  ( -0.3498800000000000243, -5.811407181803820876, 3.950000000000000178 ) ) ;
#4573 = DIRECTION ( 'NONE',  ( 0.0000000000000000000, 0.0000000000000000000, -1.000000000000000000 ) ) ;
#4574 = B_SPLINE_CURVE_WITH_KNOTS ( 'NONE', 3,
 ( #3083, #1031, #2746, #3436, #1004, #4210, #4595, #3129 ),
 .UNSPECIFIED., .F., .F.,
 ( 4, 2, 2, 4 ),
 ( 0.0000000000000000000, 0.4038426890373432165, 0.6057640335560148248, 0.8076853780746864331 ),
 .UNSPECIFIED. ) ;
#4575 = AXIS2_PLACEMENT_3D ( 'NONE', #3953, #3980, #2189 ) ;
#4576 = PRESENTATION_STYLE_ASSIGNMENT (( #576 ) ) ;
#4577 = VERTEX_POINT ( 'NONE', #1427 ) ;
#4578 =( NAMED_UNIT ( * ) SI_UNIT ( $, .STERADIAN. ) SOLID_ANGLE_UNIT ( ) );
#4579 = DIRECTION ( 'NONE',  ( -0.0000000000000000000, 1.000000000000000000, 0.0000000000000000000 ) ) ;
#4580 = ADVANCED_FACE ( 'NONE', ( #3578 ), #3849, .T. ) ;
#4581 = STYLED_ITEM ( 'NONE', ( #4506 ), #1058 ) ;
#4582 = ORIENTED_EDGE ( 'NONE', *, *, #4367, .F. ) ;
#4583 = CARTESIAN_POINT ( 'NONE',  ( 1.787936942225074377, -0.8308738880184889375, 5.209999999999999964 ) ) ;
#4584 = ORIENTED_EDGE ( 'NONE', *, *, #2323, .T. ) ;
#4585 = CARTESIAN_POINT ( 'NONE',  ( 3.850000000000000089, 3.693950829973889345E-15, 4.299999999999999822 ) ) ;
#4586 = PRESENTATION_STYLE_ASSIGNMENT (( #361 ) ) ;
#4587 = PRESENTATION_STYLE_ASSIGNMENT (( #4180 ) ) ;
#4588 = ADVANCED_FACE ( 'NONE', ( #2387 ), #2086, .T. ) ;
#4589 = B_SPLINE_CURVE_WITH_KNOTS ( 'NONE', 1,
 ( #3902, #385 ),
 .UNSPECIFIED., .F., .F.,
 ( 2, 2 ),
 ( 0.0000000000000000000, 1.530145167726479905 ),
 .UNSPECIFIED. ) ;
#4590 = CARTESIAN_POINT ( 'NONE',  ( -3.850000000000000089, -0.2560418858034071432, 2.199999999999999734 ) ) ;
#4591 = ORIENTED_EDGE ( 'NONE', *, *, #3707, .F. ) ;
#4592 = VERTEX_POINT ( 'NONE', #1046 ) ;
#4593 = CARTESIAN_POINT ( 'NONE',  ( -5.100000000000000533, -0.5999999999999999778, 2.850000000000000089 ) ) ;
#4594 = ADVANCED_FACE ( 'NONE', ( #2481 ), #1702, .T. ) ;
#4595 = CARTESIAN_POINT ( 'NONE',  ( 1.806713808174855940, -1.653370909087421570, 6.080000000000000071 ) ) ;
#4596 =( NAMED_UNIT ( * ) SI_UNIT ( $, .STERADIAN. ) SOLID_ANGLE_UNIT ( ) );
#4597 = EDGE_LOOP ( 'NONE', ( #1405, #2452, #3927, #2338 ) ) ;
#4598 = DIRECTION ( 'NONE',  ( 1.000000000000000000, 0.0000000000000000000, 0.0000000000000000000 ) ) ;
#4599 = CARTESIAN_POINT ( 'NONE',  ( 5.100000000000000533, -5.299999999999999822, 2.850000000000000089 ) ) ;
#4600 = B_SPLINE_CURVE_WITH_KNOTS ( 'NONE', 3,
 ( #3262, #2805, #3890, #2152 ),
 .UNSPECIFIED., .F., .F.,
 ( 4, 4 ),
 ( 0.0000000000000000000, 1.000000000000000000 ),
 .UNSPECIFIED. ) ;
#4601 = EDGE_CURVE ( 'NONE', #643, #2210, #2801, .T. ) ;
#4602 = CARTESIAN_POINT ( 'NONE',  ( -4.049999999999999822, -3.006493971390749920, -0.08000000000000000167 ) ) ;
#4603 = CARTESIAN_POINT ( 'NONE',  ( -1.500000000000000000, -7.460296961164719853, 0.8018363510626200785 ) ) ;
#4604 = EDGE_LOOP ( 'NONE', ( #975, #3542, #4151, #2557 ) ) ;
#4605 = FACE_OUTER_BOUND ( 'NONE', #1809, .T. ) ;
#4606 = CARTESIAN_POINT ( 'NONE',  ( 3.050000000000000266, -2.949999999999999734, 5.209999999999999964 ) ) ;
#4607 = ORIENTED_EDGE ( 'NONE', *, *, #333, .T. ) ;
#4608 = CARTESIAN_POINT ( 'NONE',  ( 1.550000000000000044, -7.566268299385879637, 1.090000000000000080 ) ) ;
#4609 = ORIENTED_EDGE ( 'NONE', *, *, #3997, .F. ) ;
#4610 = CARTESIAN_POINT ( 'NONE',  ( -0.8699999999999999956, -4.599999999999999645, 5.209999999999999964 ) ) ;
#4611 = CARTESIAN_POINT ( 'NONE',  ( 1.166666666666667185, -5.400000000000000355, 3.449999999999999734 ) ) ;
#4612 = FACE_OUTER_BOUND ( 'NONE', #3466, .T. ) ;
#4613 = ADVANCED_FACE ( 'NONE', ( #4222 ), #1467, .T. ) ;
#4614 = CARTESIAN_POINT ( 'NONE',  ( 1.550000000000000044, -7.566268299385879637, 0.0000000000000000000 ) ) ;
#4615 = CARTESIAN_POINT ( 'NONE',  ( -4.399999999999999467, -3.000000000000000000, 1.089999999999999858 ) ) ;
#4616 = ORIENTED_EDGE ( 'NONE', *, *, #2638, .F. ) ;
#4617 = VERTEX_POINT ( 'NONE', #2226 ) ;
#4618 = B_SPLINE_CURVE_WITH_KNOTS ( 'NONE', 3,
 ( #2950, #2588, #3350, #1890 ),
 .UNSPECIFIED., .F., .F.,
 ( 4, 4 ),
 ( 0.0000000000000000000, 1.000000000000000000 ),
 .UNSPECIFIED. ) ;
#4619 = CARTESIAN_POINT ( 'NONE',  ( 3.050000000000000266, -6.200000000000000178, 5.209999999999999964 ) ) ;
#4620 = DIRECTION ( 'NONE',  ( 0.0000000000000000000, -0.9848077530122079093, 0.1736481776669309696 ) ) ;
#4621 =( NAMED_UNIT ( * ) PLANE_ANGLE_UNIT ( ) SI_UNIT ( $, .RADIAN. ) );
#4622 = EDGE_LOOP ( 'NONE', ( #1700, #2117, #4045, #60, #3629, #4215 ) ) ;
#4623 = CARTESIAN_POINT ( 'NONE',  ( 5.100000000000000533, -3.000000000000000000, 0.0000000000000000000 ) ) ;
#4624 = CARTESIAN_POINT ( 'NONE',  ( -5.100000000000000533, -5.299999999999999822, 0.0000000000000000000 ) ) ;
#4625 = CARTESIAN_POINT ( 'NONE',  ( 3.050000000000000266, -7.799999999999999822, 2.069999999999999840 ) ) ;
#4626 = CARTESIAN_POINT ( 'NONE',  ( 3.316666666666666430, -7.000000000000000000, 4.460000000000000853 ) ) ;
#4627 = PRESENTATION_STYLE_ASSIGNMENT (( #1747 ) ) ;
#4628 = FACE_OUTER_BOUND ( 'NONE', #1658, .T. ) ;
#4629 = B_SPLINE_CURVE_WITH_KNOTS ( 'NONE', 1,
 ( #159, #1154 ),
 .UNSPECIFIED., .F., .F.,
 ( 2, 2 ),
 ( -0.5844949741231969531, 0.0000000000000000000 ),
 .UNSPECIFIED. ) ;
#4630 = ADVANCED_FACE ( 'NONE', ( #2887 ), #3624, .T. ) ;
#4631 = ORIENTED_EDGE ( 'NONE', *, *, #4030, .F. ) ;
#4632 = CARTESIAN_POINT ( 'NONE',  ( -5.100000000000000533, -3.000000000000000000, 1.090000000000000080 ) ) ;
#4633 = ORIENTED_EDGE ( 'NONE', *, *, #1269, .T. ) ;
#4634 = CARTESIAN_POINT ( 'NONE',  ( -1.149999999999999911, -7.000000000000000000, 1.089999999999999858 ) ) ;
#4635 = CARTESIAN_POINT ( 'NONE',  ( -1.000000000000000000, -9.772871818038209923, 0.0000000000000000000 ) ) ;
#4636 = CARTESIAN_POINT ( 'NONE',  ( -4.049999999999999822, -0.08406282870510990712, 2.200000000000000178 ) ) ;
#4637 = VERTEX_POINT ( 'NONE', #106 ) ;
#4638 = ORIENTED_EDGE ( 'NONE', *, *, #4519, .T. ) ;
#4639 = FACE_OUTER_BOUND ( 'NONE', #1272, .T. ) ;
#4640 = B_SPLINE_CURVE_WITH_KNOTS ( 'NONE', 1,
 ( #4021, #455 ),
 .UNSPECIFIED., .F., .F.,
 ( 2, 2 ),
 ( 0.0000000000000000000, 0.2999999999999999889 ),
 .UNSPECIFIED. ) ;
#4641 = OPEN_SHELL ( 'NONE', ( #1802 ) ) ;
#4642 = ORIENTED_EDGE ( 'NONE', *, *, #2565, .T. ) ;
#4643 = PRODUCT_DEFINITION_SHAPE ( 'NONE', 'NONE',  #3871 ) ;
#4644 = CARTESIAN_POINT ( 'NONE',  ( 1.000000000000000000, -9.772871818038218805, 0.5000000000000000000 ) ) ;
#4645 = DIRECTION ( 'NONE',  ( 0.9848077530122080203, -0.1736481776669309973, 0.0000000000000000000 ) ) ;
#4646 = VERTEX_POINT ( 'NONE', #2179 ) ;
#4647 = CARTESIAN_POINT ( 'NONE',  ( 1.000000000000000000, -5.400000000000000355, 3.449999999999999734 ) ) ;
#4648 = EDGE_CURVE ( 'NONE', #4159, #2257, #1124, .T. ) ;
#4649 = AXIS2_PLACEMENT_3D ( 'NONE', #3921, #337, #2114 ) ;
#4650 = B_SPLINE_CURVE_WITH_KNOTS ( 'NONE', 1,
 ( #66, #2990 ),
 .UNSPECIFIED., .F., .F.,
 ( 2, 2 ),
 ( -0.5000000000000000000, 0.0000000000000000000 ),
 .UNSPECIFIED. ) ;
#4651 = CARTESIAN_POINT ( 'NONE',  ( -3.850000000000000089, -2.949999999999999734, 5.209999999999999964 ) ) ;
#4652 = STYLED_ITEM ( 'NONE', ( #1585 ), #3916 ) ;
ENDSEC;
END-ISO-10303-21;
