ISO-10303-21;
HEADER;
/* Generated by software containing ST-Developer
 * from STEP Tools, Inc. (www.steptools.com) 
 */
/* OPTION: strings as raw bytes, not using required /X/ escapes */

FILE_DESCRIPTION(
/* description */ ('Unknown'),
/* implementation_level */ '2;1');

FILE_NAME(
/* name */ 'YM0003AA',
/* time_stamp */ '2025-11-27T16:02:58+07:00',
/* author */ ('Unknown'),
/* organization */ ('Unknown'),
/* preprocessor_version */ 'ST-DEVELOPER v20',
/* originating_system */ 'Solid Edge',
/* authorisation */ 'Unknown');

FILE_SCHEMA (('AUTOMOTIVE_DESIGN {1 0 10303 214 3 1 1}'));
ENDSEC;

DATA;
#10=PROPERTY_DEFINITION_REPRESENTATION(#14,#12);
#11=PROPERTY_DEFINITION_REPRESENTATION(#15,#13);
#12=REPRESENTATION('',(#16),#9117);
#13=REPRESENTATION('',(#17),#9117);
#14=PROPERTY_DEFINITION('pmi validation property','',#9124);
#15=PROPERTY_DEFINITION('pmi validation property','',#9124);
#16=VALUE_REPRESENTATION_ITEM('number of annotations',COUNT_MEASURE(0.));
#17=VALUE_REPRESENTATION_ITEM('number of views',COUNT_MEASURE(0.));
#18=CONTEXT_DEPENDENT_SHAPE_REPRESENTATION(#20,#9126);
#19=NEXT_ASSEMBLY_USAGE_OCCURRENCE('YM0003AA_YM0003AA',
'YM0003AA_YM0003AA','YM0003AA_YM0003AA',#9127,#9128,'');
#20=(
REPRESENTATION_RELATIONSHIP(' ',' ',#3559,#3560)
REPRESENTATION_RELATIONSHIP_WITH_TRANSFORMATION(#21)
SHAPE_REPRESENTATION_RELATIONSHIP()
);
#21=ITEM_DEFINED_TRANSFORMATION(' ',' ',#3561,#3853);
#22=SHAPE_REPRESENTATION_RELATIONSHIP('','',#3559,#23);
#23=ADVANCED_BREP_SHAPE_REPRESENTATION('',(#3554,#3555,#3556),#9118);
#24=TOROIDAL_SURFACE('',#3714,2.643106855,0.15);
#25=TOROIDAL_SURFACE('',#3718,2.643106855,0.15);
#26=(
BOUNDED_CURVE()
B_SPLINE_CURVE(2,(#5572,#5573,#5574,#5575,#5576),.UNSPECIFIED.,.F.,.F.)
B_SPLINE_CURVE_WITH_KNOTS((3,2,3),(0.819444444444444,0.824074074074074,
0.833270374196651),.UNSPECIFIED.)
CURVE()
GEOMETRIC_REPRESENTATION_ITEM()
RATIONAL_B_SPLINE_CURVE((0.933012701892219,0.933012701892216,1.,0.866936375675275,
0.998190444683146))
REPRESENTATION_ITEM('')
);
#27=(
BOUNDED_CURVE()
B_SPLINE_CURVE(2,(#6544,#6545,#6546,#6547,#6548,#6549,#6550,#6551,#6552,
#6553,#6554,#6555,#6556,#6557,#6558,#6559,#6560,#6561,#6562,#6563,#6564,
#6565,#6566,#6567,#6568,#6569,#6570,#6571,#6572,#6573,#6574,#6575,#6576,
#6577,#6578,#6579,#6580,#6581,#6582,#6583,#6584,#6585,#6586,#6587,#6588,
#6589,#6590,#6591,#6592,#6593,#6594,#6595,#6596,#6597,#6598,#6599,#6600,
#6601,#6602,#6603,#6604,#6605,#6606,#6607,#6608,#6609,#6610,#6611,#6612,
#6613,#6614,#6615,#6616,#6617,#6618,#6619,#6620,#6621,#6622,#6623,#6624,
#6625,#6626,#6627,#6628,#6629,#6630,#6631,#6632,#6633,#6634,#6635,#6636,
#6637,#6638,#6639,#6640,#6641,#6642,#6643,#6644,#6645,#6646,#6647,#6648,
#6649,#6650,#6651,#6652,#6653,#6654,#6655,#6656,#6657,#6658,#6659,#6660,
#6661,#6662,#6663,#6664,#6665,#6666,#6667,#6668,#6669,#6670,#6671,#6672,
#6673,#6674,#6675,#6676,#6677,#6678,#6679,#6680,#6681,#6682,#6683,#6684,
#6685,#6686,#6687,#6688,#6689,#6690,#6691,#6692,#6693,#6694,#6695,#6696,
#6697,#6698,#6699,#6700,#6701,#6702,#6703,#6704,#6705,#6706,#6707,#6708,
#6709,#6710,#6711,#6712,#6713,#6714,#6715,#6716,#6717,#6718,#6719,#6720),
 .UNSPECIFIED.,.F.,.F.)
B_SPLINE_CURVE_WITH_KNOTS((3,2,2,2,2,2,2,2,2,2,2,2,2,2,2,2,2,2,2,2,2,2,
2,2,2,2,2,2,2,2,2,2,2,2,2,2,2,2,2,2,2,2,2,2,2,2,2,2,2,2,2,2,2,2,2,2,2,2,
2,2,2,2,2,2,2,2,2,2,2,2,2,2,2,2,2,2,2,2,2,2,2,2,2,2,2,2,2,2,3),(0.0638194928658944,
0.0674739698974886,0.0771131084542727,0.0867522470110568,0.0963913855678409,
0.106030524124625,0.115669662681409,0.125308801238193,0.134947939794977,
0.144587078351761,0.154226216908545,0.16386535546533,0.173504494022114,
0.183143632578898,0.192782771135682,0.202421909692466,0.21206104824925,
0.221700186806034,0.231339325362818,0.240978463919602,0.250617602476386,
0.26025674103317,0.269895879589955,0.279535018146739,0.289174156703523,
0.298813295260307,0.308452433817091,0.318091572373875,0.327730710930659,
0.337369849487443,0.347008988044227,0.356648126601011,0.366287265157795,
0.37592640371458,0.385565542271364,0.395204680828148,0.404843819384932,
0.414482957941716,0.4241220964985,0.433761235055284,0.443400373612068,0.453039512168852,
0.462678650725636,0.47231778928242,0.481956927839205,0.491596066395989,
0.501235204952773,0.510874343509557,0.520513482066341,0.530152620623125,
0.539791759179909,0.549430897736693,0.559070036293477,0.568709174850261,
0.578348313407045,0.587987451963829,0.597626590520614,0.607265729077398,
0.616904867634182,0.626544006190966,0.63618314474775,0.645822283304534,
0.655461421861318,0.665100560418102,0.674739698974886,0.68437883753167,
0.694017976088454,0.703657114645239,0.713296253202023,0.722935391758807,
0.732574530315591,0.742213668872375,0.751852807429159,0.761491945985943,
0.771131084542727,0.780770223099511,0.790409361656295,0.800048500213079,
0.809687638769863,0.819326777326648,0.828965915883432,0.838605054440216,
0.848244192997,0.857883331553784,0.867522470110568,0.877161608667352,0.886800747224136,
0.89643988578092,0.900077077164943),.UNSPECIFIED.)
CURVE()
GEOMETRIC_REPRESENTATION_ITEM()
RATIONAL_B_SPLINE_CURVE((0.936927385171281,0.949206344342639,1.,0.866025403784439,
1.,0.866025403784439,1.,0.866025403784439,1.,0.866025403784439,1.,0.866025403784439,
1.,0.866025403784439,1.,0.866025403784439,1.,0.866025403784439,1.,0.866025403784439,
1.,0.866025403784439,1.,0.866025403784439,1.,0.866025403784439,1.,0.866025403784439,
1.,0.866025403784439,1.,0.866025403784439,1.,0.866025403784439,1.,0.866025403784439,
1.,0.866025403784439,1.,0.866025403784439,1.,0.866025403784439,1.,0.866025403784439,
1.,0.866025403784439,1.,0.866025403784439,1.,0.866025403784439,1.,0.866025403784439,
1.,0.866025403784439,1.,0.866025403784439,1.,0.866025403784439,1.,0.866025403784439,
1.,0.866025403784439,1.,0.866025403784439,1.,0.866025403784439,1.,0.866025403784439,
1.,0.866025403784439,1.,0.866025403784439,1.,0.866025403784439,1.,0.866025403784439,
1.,0.866025403784439,1.,0.866025403784439,1.,0.866025403784439,1.,0.866025403784439,
1.,0.866025403784439,1.,0.866025403784439,1.,0.866025403784439,1.,0.866025403784439,
1.,0.866025403784439,1.,0.866025403784439,1.,0.866025403784439,1.,0.866025403784439,
1.,0.866025403784439,1.,0.866025403784439,1.,0.866025403784439,1.,0.866025403784439,
1.,0.866025403784439,1.,0.866025403784439,1.,0.866025403784439,1.,0.866025403784439,
1.,0.866025403784439,1.,0.866025403784439,1.,0.866025403784439,1.,0.866025403784439,
1.,0.866025403784439,1.,0.866025403784439,1.,0.866025403784439,1.,0.866025403784439,
1.,0.866025403784439,1.,0.866025403784439,1.,0.866025403784439,1.,0.866025403784439,
1.,0.866025403784439,1.,0.866025403784439,1.,0.866025403784439,1.,0.866025403784439,
1.,0.866025403784439,1.,0.866025403784439,1.,0.866025403784439,1.,0.866025403784439,
1.,0.866025403784439,1.,0.866025403784439,1.,0.866025403784439,1.,0.866025403784439,
1.,0.866025403784439,1.,0.866025403784439,1.,0.866025403784439,1.,0.866025403784439,
1.,0.866025403784439,1.,0.949446597933771,0.937044405614169))
REPRESENTATION_ITEM('')
);
#28=(
BOUNDED_CURVE()
B_SPLINE_CURVE(2,(#7133,#7134,#7135,#7136,#7137,#7138,#7139,#7140,#7141),
 .UNSPECIFIED.,.F.,.F.)
B_SPLINE_CURVE_WITH_KNOTS((3,2,2,2,3),(0.291666666666667,0.296296296296296,
0.305555555555556,0.314814814814815,0.319444444444444),.UNSPECIFIED.)
CURVE()
GEOMETRIC_REPRESENTATION_ITEM()
RATIONAL_B_SPLINE_CURVE((0.933012701892219,0.93301270189222,1.,0.866025403784439,
1.,0.866025403784439,1.,0.933012701892219,0.933012701892219))
REPRESENTATION_ITEM('')
);
#29=(
BOUNDED_CURVE()
B_SPLINE_CURVE(2,(#7143,#7144,#7145,#7146,#7147,#7148,#7149,#7150,#7151),
 .UNSPECIFIED.,.F.,.F.)
B_SPLINE_CURVE_WITH_KNOTS((3,2,2,2,3),(0.319444444444444,0.324074074074074,
0.333333333333333,0.342592592592593,0.347222222222222),.UNSPECIFIED.)
CURVE()
GEOMETRIC_REPRESENTATION_ITEM()
RATIONAL_B_SPLINE_CURVE((0.933012701892219,0.93301270189222,1.,0.866025403784439,
1.,0.866025403784439,1.,0.933012701892219,0.933012701892219))
REPRESENTATION_ITEM('')
);
#30=(
BOUNDED_CURVE()
B_SPLINE_CURVE(2,(#7153,#7154,#7155,#7156,#7157,#7158,#7159,#7160,#7161),
 .UNSPECIFIED.,.F.,.F.)
B_SPLINE_CURVE_WITH_KNOTS((3,2,2,2,3),(0.347222222222222,0.351851851851852,
0.361111111111111,0.37037037037037,0.375),.UNSPECIFIED.)
CURVE()
GEOMETRIC_REPRESENTATION_ITEM()
RATIONAL_B_SPLINE_CURVE((0.933012701892219,0.93301270189222,1.,0.866025403784439,
1.,0.866025403784439,1.,0.933012701892219,0.933012701892219))
REPRESENTATION_ITEM('')
);
#31=(
BOUNDED_CURVE()
B_SPLINE_CURVE(2,(#7163,#7164,#7165,#7166,#7167,#7168,#7169,#7170,#7171),
 .UNSPECIFIED.,.F.,.F.)
B_SPLINE_CURVE_WITH_KNOTS((3,2,2,2,3),(0.375,0.37962962962963,0.388888888888889,
0.398148148148148,0.402777777777778),.UNSPECIFIED.)
CURVE()
GEOMETRIC_REPRESENTATION_ITEM()
RATIONAL_B_SPLINE_CURVE((0.933012701892219,0.933012701892219,1.,0.866025403784439,
1.,0.866025403784439,1.,0.933012701892219,0.933012701892219))
REPRESENTATION_ITEM('')
);
#32=(
BOUNDED_CURVE()
B_SPLINE_CURVE(2,(#7173,#7174,#7175,#7176,#7177,#7178,#7179,#7180,#7181),
 .UNSPECIFIED.,.F.,.F.)
B_SPLINE_CURVE_WITH_KNOTS((3,2,2,2,3),(0.402777777777778,0.407407407407407,
0.416666666666667,0.425925925925926,0.430555555555556),.UNSPECIFIED.)
CURVE()
GEOMETRIC_REPRESENTATION_ITEM()
RATIONAL_B_SPLINE_CURVE((0.933012701892219,0.93301270189222,1.,0.866025403784439,
1.,0.866025403784439,1.,0.933012701892219,0.933012701892219))
REPRESENTATION_ITEM('')
);
#33=(
BOUNDED_CURVE()
B_SPLINE_CURVE(2,(#7183,#7184,#7185,#7186,#7187,#7188,#7189,#7190,#7191),
 .UNSPECIFIED.,.F.,.F.)
B_SPLINE_CURVE_WITH_KNOTS((3,2,2,2,3),(0.430555555555556,0.435185185185185,
0.444444444444444,0.453703703703704,0.458333333333333),.UNSPECIFIED.)
CURVE()
GEOMETRIC_REPRESENTATION_ITEM()
RATIONAL_B_SPLINE_CURVE((0.933012701892219,0.93301270189222,1.,0.866025403784439,
1.,0.866025403784439,1.,0.933012701892219,0.933012701892219))
REPRESENTATION_ITEM('')
);
#34=(
BOUNDED_CURVE()
B_SPLINE_CURVE(2,(#7193,#7194,#7195,#7196,#7197,#7198,#7199,#7200,#7201),
 .UNSPECIFIED.,.F.,.F.)
B_SPLINE_CURVE_WITH_KNOTS((3,2,2,2,3),(0.458333333333333,0.462962962962963,
0.472222222222222,0.481481481481481,0.486111111111111),.UNSPECIFIED.)
CURVE()
GEOMETRIC_REPRESENTATION_ITEM()
RATIONAL_B_SPLINE_CURVE((0.933012701892219,0.93301270189222,1.,0.866025403784439,
1.,0.866025403784439,1.,0.933012701892219,0.933012701892219))
REPRESENTATION_ITEM('')
);
#35=(
BOUNDED_CURVE()
B_SPLINE_CURVE(2,(#7203,#7204,#7205,#7206,#7207,#7208,#7209,#7210,#7211),
 .UNSPECIFIED.,.F.,.F.)
B_SPLINE_CURVE_WITH_KNOTS((3,2,2,2,3),(0.486111111111111,0.490740740740741,
0.5,0.509259259259259,0.513888888888889),.UNSPECIFIED.)
CURVE()
GEOMETRIC_REPRESENTATION_ITEM()
RATIONAL_B_SPLINE_CURVE((0.933012701892219,0.933012701892219,1.,0.866025403784439,
1.,0.866025403784439,1.,0.933012701892219,0.933012701892219))
REPRESENTATION_ITEM('')
);
#36=(
BOUNDED_CURVE()
B_SPLINE_CURVE(2,(#7213,#7214,#7215,#7216,#7217,#7218,#7219,#7220,#7221),
 .UNSPECIFIED.,.F.,.F.)
B_SPLINE_CURVE_WITH_KNOTS((3,2,2,2,3),(0.513888888888889,0.518518518518518,
0.527777777777778,0.537037037037037,0.541666666666667),.UNSPECIFIED.)
CURVE()
GEOMETRIC_REPRESENTATION_ITEM()
RATIONAL_B_SPLINE_CURVE((0.933012701892219,0.93301270189222,1.,0.866025403784439,
1.,0.866025403784439,1.,0.933012701892219,0.933012701892219))
REPRESENTATION_ITEM('')
);
#37=(
BOUNDED_CURVE()
B_SPLINE_CURVE(2,(#7223,#7224,#7225,#7226,#7227,#7228,#7229,#7230,#7231),
 .UNSPECIFIED.,.F.,.F.)
B_SPLINE_CURVE_WITH_KNOTS((3,2,2,2,3),(0.541666666666667,0.546296296296296,
0.555555555555556,0.564814814814815,0.569444444444444),.UNSPECIFIED.)
CURVE()
GEOMETRIC_REPRESENTATION_ITEM()
RATIONAL_B_SPLINE_CURVE((0.933012701892219,0.93301270189222,1.,0.866025403784439,
1.,0.866025403784439,1.,0.933012701892219,0.933012701892219))
REPRESENTATION_ITEM('')
);
#38=(
BOUNDED_CURVE()
B_SPLINE_CURVE(2,(#7233,#7234,#7235,#7236,#7237,#7238,#7239,#7240,#7241),
 .UNSPECIFIED.,.F.,.F.)
B_SPLINE_CURVE_WITH_KNOTS((3,2,2,2,3),(0.569444444444444,0.574074074074074,
0.583333333333333,0.592592592592593,0.597222222222222),.UNSPECIFIED.)
CURVE()
GEOMETRIC_REPRESENTATION_ITEM()
RATIONAL_B_SPLINE_CURVE((0.933012701892219,0.933012701892219,1.,0.866025403784439,
1.,0.866025403784439,1.,0.933012701892219,0.933012701892219))
REPRESENTATION_ITEM('')
);
#39=(
BOUNDED_CURVE()
B_SPLINE_CURVE(2,(#7243,#7244,#7245,#7246,#7247,#7248,#7249,#7250,#7251),
 .UNSPECIFIED.,.F.,.F.)
B_SPLINE_CURVE_WITH_KNOTS((3,2,2,2,3),(0.597222222222222,0.601851851851852,
0.611111111111111,0.62037037037037,0.625),.UNSPECIFIED.)
CURVE()
GEOMETRIC_REPRESENTATION_ITEM()
RATIONAL_B_SPLINE_CURVE((0.933012701892219,0.933012701892219,1.,0.866025403784439,
1.,0.866025403784439,1.,0.933012701892219,0.933012701892219))
REPRESENTATION_ITEM('')
);
#40=(
BOUNDED_CURVE()
B_SPLINE_CURVE(2,(#7253,#7254,#7255,#7256,#7257,#7258,#7259,#7260,#7261),
 .UNSPECIFIED.,.F.,.F.)
B_SPLINE_CURVE_WITH_KNOTS((3,2,2,2,3),(0.625,0.62962962962963,0.638888888888889,
0.648148148148148,0.652777777777778),.UNSPECIFIED.)
CURVE()
GEOMETRIC_REPRESENTATION_ITEM()
RATIONAL_B_SPLINE_CURVE((0.933012701892219,0.933012701892219,1.,0.866025403784439,
1.,0.866025403784439,1.,0.933012701892219,0.933012701892219))
REPRESENTATION_ITEM('')
);
#41=(
BOUNDED_CURVE()
B_SPLINE_CURVE(2,(#7263,#7264,#7265,#7266,#7267,#7268,#7269,#7270,#7271),
 .UNSPECIFIED.,.F.,.F.)
B_SPLINE_CURVE_WITH_KNOTS((3,2,2,2,3),(0.652777777777778,0.657407407407407,
0.666666666666667,0.675925925925926,0.680555555555556),.UNSPECIFIED.)
CURVE()
GEOMETRIC_REPRESENTATION_ITEM()
RATIONAL_B_SPLINE_CURVE((0.933012701892219,0.933012701892219,1.,0.866025403784439,
1.,0.866025403784439,1.,0.933012701892219,0.933012701892219))
REPRESENTATION_ITEM('')
);
#42=(
BOUNDED_CURVE()
B_SPLINE_CURVE(2,(#7273,#7274,#7275,#7276,#7277,#7278,#7279,#7280,#7281),
 .UNSPECIFIED.,.F.,.F.)
B_SPLINE_CURVE_WITH_KNOTS((3,2,2,2,3),(0.680555555555556,0.685185185185185,
0.694444444444444,0.703703703703704,0.708333333333333),.UNSPECIFIED.)
CURVE()
GEOMETRIC_REPRESENTATION_ITEM()
RATIONAL_B_SPLINE_CURVE((0.933012701892219,0.933012701892219,1.,0.866025403784439,
1.,0.866025403784439,1.,0.933012701892219,0.933012701892219))
REPRESENTATION_ITEM('')
);
#43=(
BOUNDED_CURVE()
B_SPLINE_CURVE(2,(#7283,#7284,#7285,#7286,#7287,#7288,#7289,#7290,#7291),
 .UNSPECIFIED.,.F.,.F.)
B_SPLINE_CURVE_WITH_KNOTS((3,2,2,2,3),(0.708333333333333,0.712962962962963,
0.722222222222222,0.731481481481482,0.736111111111111),.UNSPECIFIED.)
CURVE()
GEOMETRIC_REPRESENTATION_ITEM()
RATIONAL_B_SPLINE_CURVE((0.933012701892219,0.93301270189222,1.,0.866025403784439,
1.,0.866025403784439,1.,0.933012701892219,0.933012701892219))
REPRESENTATION_ITEM('')
);
#44=(
BOUNDED_CURVE()
B_SPLINE_CURVE(2,(#7293,#7294,#7295,#7296,#7297,#7298,#7299,#7300,#7301),
 .UNSPECIFIED.,.F.,.F.)
B_SPLINE_CURVE_WITH_KNOTS((3,2,2,2,3),(0.736111111111111,0.740740740740741,
0.75,0.759259259259259,0.763888888888889),.UNSPECIFIED.)
CURVE()
GEOMETRIC_REPRESENTATION_ITEM()
RATIONAL_B_SPLINE_CURVE((0.933012701892219,0.93301270189222,1.,0.866025403784439,
1.,0.866025403784439,1.,0.933012701892219,0.933012701892219))
REPRESENTATION_ITEM('')
);
#45=(
BOUNDED_CURVE()
B_SPLINE_CURVE(2,(#7303,#7304,#7305,#7306,#7307,#7308,#7309,#7310,#7311),
 .UNSPECIFIED.,.F.,.F.)
B_SPLINE_CURVE_WITH_KNOTS((3,2,2,2,3),(0.763888888888889,0.768518518518518,
0.777777777777778,0.787037037037037,0.791666666666667),.UNSPECIFIED.)
CURVE()
GEOMETRIC_REPRESENTATION_ITEM()
RATIONAL_B_SPLINE_CURVE((0.933012701892219,0.93301270189222,1.,0.866025403784439,
1.,0.866025403784439,1.,0.933012701892219,0.933012701892219))
REPRESENTATION_ITEM('')
);
#46=(
BOUNDED_CURVE()
B_SPLINE_CURVE(2,(#7313,#7314,#7315,#7316,#7317,#7318,#7319,#7320,#7321),
 .UNSPECIFIED.,.F.,.F.)
B_SPLINE_CURVE_WITH_KNOTS((3,2,2,2,3),(0.791666666666667,0.796296296296296,
0.805555555555556,0.814814814814815,0.819444444444444),.UNSPECIFIED.)
CURVE()
GEOMETRIC_REPRESENTATION_ITEM()
RATIONAL_B_SPLINE_CURVE((0.933012701892219,0.93301270189222,1.,0.866025403784439,
1.,0.866025403784439,1.,0.933012701892219,0.933012701892219))
REPRESENTATION_ITEM('')
);
#47=(
BOUNDED_CURVE()
B_SPLINE_CURVE(2,(#7323,#7324,#7325,#7326,#7327,#7328,#7329,#7330,#7331),
 .UNSPECIFIED.,.F.,.F.)
B_SPLINE_CURVE_WITH_KNOTS((3,2,2,2,3),(0.819444444444444,0.824074074074074,
0.833333333333333,0.842592592592593,0.847222222222222),.UNSPECIFIED.)
CURVE()
GEOMETRIC_REPRESENTATION_ITEM()
RATIONAL_B_SPLINE_CURVE((0.933012701892219,0.933012701892219,1.,0.866025403784439,
1.,0.866025403784439,1.,0.933012701892219,0.933012701892219))
REPRESENTATION_ITEM('')
);
#48=(
BOUNDED_CURVE()
B_SPLINE_CURVE(2,(#7333,#7334,#7335,#7336,#7337,#7338,#7339,#7340,#7341),
 .UNSPECIFIED.,.F.,.F.)
B_SPLINE_CURVE_WITH_KNOTS((3,2,2,2,3),(0.847222222222222,0.851851851851852,
0.861111111111111,0.87037037037037,0.875),.UNSPECIFIED.)
CURVE()
GEOMETRIC_REPRESENTATION_ITEM()
RATIONAL_B_SPLINE_CURVE((0.933012701892219,0.933012701892219,1.,0.866025403784439,
1.,0.866025403784439,1.,0.933012701892219,0.933012701892219))
REPRESENTATION_ITEM('')
);
#49=(
BOUNDED_CURVE()
B_SPLINE_CURVE(2,(#7343,#7344,#7345,#7346,#7347),.UNSPECIFIED.,.F.,.F.)
B_SPLINE_CURVE_WITH_KNOTS((3,2,3),(0.875,0.87962962962963,0.882011059374249),
 .UNSPECIFIED.)
CURVE()
GEOMETRIC_REPRESENTATION_ITEM()
RATIONAL_B_SPLINE_CURVE((0.933012701892219,0.933012701892219,1.,0.965542482447279,
0.948809526855331))
REPRESENTATION_ITEM('')
);
#50=(
BOUNDED_CURVE()
B_SPLINE_CURVE(2,(#7928,#7929,#7930,#7931,#7932,#7933,#7934),
 .UNSPECIFIED.,.F.,.F.)
B_SPLINE_CURVE_WITH_KNOTS((3,2,2,3),(0.108690798790586,0.111111111111111,
0.12037037037037,0.125),.UNSPECIFIED.)
CURVE()
GEOMETRIC_REPRESENTATION_ITEM()
RATIONAL_B_SPLINE_CURVE((0.948267840346807,0.964979880487349,1.,0.866025403784439,
1.,0.933012701892219,0.933012701892219))
REPRESENTATION_ITEM('')
);
#51=(
BOUNDED_CURVE()
B_SPLINE_CURVE(2,(#8040,#8041,#8042,#8043,#8044,#8045,#8046,#8047,#8048),
 .UNSPECIFIED.,.F.,.F.)
B_SPLINE_CURVE_WITH_KNOTS((3,2,2,2,3),(0.125,0.12962962962963,0.138888888888889,
0.148148148148148,0.152777777777778),.UNSPECIFIED.)
CURVE()
GEOMETRIC_REPRESENTATION_ITEM()
RATIONAL_B_SPLINE_CURVE((0.933012701892219,0.933012701892219,1.,0.866025403784439,
1.,0.866025403784439,1.,0.933012701892219,0.933012701892219))
REPRESENTATION_ITEM('')
);
#52=(
BOUNDED_CURVE()
B_SPLINE_CURVE(2,(#8088,#8089,#8090,#8091,#8092,#8093,#8094,#8095,#8096),
 .UNSPECIFIED.,.F.,.F.)
B_SPLINE_CURVE_WITH_KNOTS((3,2,2,2,3),(0.152777777777778,0.157407407407407,
0.166666666666667,0.175925925925926,0.180555555555556),.UNSPECIFIED.)
CURVE()
GEOMETRIC_REPRESENTATION_ITEM()
RATIONAL_B_SPLINE_CURVE((0.933012701892219,0.93301270189222,1.,0.866025403784439,
1.,0.866025403784439,1.,0.933012701892219,0.933012701892219))
REPRESENTATION_ITEM('')
);
#53=(
BOUNDED_CURVE()
B_SPLINE_CURVE(2,(#8200,#8201,#8202,#8203,#8204,#8205,#8206,#8207,#8208,
#8209,#8210,#8211,#8212,#8213,#8214,#8215,#8216,#8217,#8218,#8219,#8220,
#8221,#8222,#8223,#8224,#8225,#8226,#8227,#8228,#8229,#8230,#8231,#8232,
#8233,#8234,#8235,#8236,#8237,#8238,#8239,#8240,#8241,#8242,#8243,#8244,
#8245,#8246,#8247,#8248,#8249,#8250,#8251,#8252,#8253,#8254,#8255,#8256,
#8257,#8258,#8259,#8260,#8261,#8262,#8263,#8264,#8265,#8266,#8267,#8268,
#8269,#8270,#8271,#8272,#8273,#8274,#8275,#8276,#8277,#8278,#8279,#8280,
#8281,#8282,#8283,#8284,#8285,#8286,#8287,#8288,#8289,#8290,#8291,#8292,
#8293,#8294,#8295,#8296,#8297,#8298,#8299,#8300,#8301,#8302,#8303,#8304,
#8305,#8306,#8307,#8308,#8309,#8310,#8311,#8312,#8313,#8314,#8315,#8316,
#8317,#8318,#8319,#8320,#8321,#8322,#8323,#8324,#8325,#8326,#8327,#8328,
#8329,#8330,#8331,#8332,#8333,#8334,#8335,#8336,#8337,#8338,#8339,#8340,
#8341,#8342,#8343,#8344,#8345,#8346,#8347,#8348,#8349,#8350,#8351,#8352,
#8353,#8354,#8355,#8356,#8357,#8358,#8359,#8360,#8361,#8362,#8363,#8364,
#8365,#8366,#8367,#8368,#8369,#8370,#8371,#8372,#8373,#8374,#8375,#8376),
 .UNSPECIFIED.,.F.,.F.)
B_SPLINE_CURVE_WITH_KNOTS((3,2,2,2,2,2,2,2,2,2,2,2,2,2,2,2,2,2,2,2,2,2,
2,2,2,2,2,2,2,2,2,2,2,2,2,2,2,2,2,2,2,2,2,2,2,2,2,2,2,2,2,2,2,2,2,2,2,2,
2,2,2,2,2,2,2,2,2,2,2,2,2,2,2,2,2,2,2,2,2,2,2,2,2,2,2,2,2,2,3),(0.0638194928658944,
0.0674739698974886,0.0771131084542727,0.0867522470110568,0.0963913855678409,
0.106030524124625,0.115669662681409,0.125308801238193,0.134947939794977,
0.144587078351761,0.154226216908545,0.16386535546533,0.173504494022114,
0.183143632578898,0.192782771135682,0.202421909692466,0.21206104824925,
0.221700186806034,0.231339325362818,0.240978463919602,0.250617602476386,
0.26025674103317,0.269895879589955,0.279535018146739,0.289174156703523,
0.298813295260307,0.308452433817091,0.318091572373875,0.327730710930659,
0.337369849487443,0.347008988044227,0.356648126601011,0.366287265157795,
0.37592640371458,0.385565542271364,0.395204680828148,0.404843819384932,
0.414482957941716,0.4241220964985,0.433761235055284,0.443400373612068,0.453039512168852,
0.462678650725636,0.47231778928242,0.481956927839205,0.491596066395989,
0.501235204952773,0.510874343509557,0.520513482066341,0.530152620623125,
0.539791759179909,0.549430897736693,0.559070036293477,0.568709174850261,
0.578348313407045,0.587987451963829,0.597626590520614,0.607265729077398,
0.616904867634182,0.626544006190966,0.63618314474775,0.645822283304534,
0.655461421861318,0.665100560418102,0.674739698974886,0.68437883753167,
0.694017976088454,0.703657114645239,0.713296253202023,0.722935391758807,
0.732574530315591,0.742213668872375,0.751852807429159,0.761491945985943,
0.771131084542727,0.780770223099511,0.790409361656295,0.800048500213079,
0.809687638769863,0.819326777326648,0.828965915883432,0.838605054440216,
0.848244192997,0.857883331553784,0.867522470110568,0.877161608667352,0.886800747224136,
0.89643988578092,0.900077077164943),.UNSPECIFIED.)
CURVE()
GEOMETRIC_REPRESENTATION_ITEM()
RATIONAL_B_SPLINE_CURVE((0.936927385171281,0.949206344342639,1.,0.866025403784439,
1.,0.866025403784439,1.,0.866025403784439,1.,0.866025403784439,1.,0.866025403784439,
1.,0.866025403784439,1.,0.866025403784439,1.,0.866025403784439,1.,0.866025403784439,
1.,0.866025403784439,1.,0.866025403784439,1.,0.866025403784439,1.,0.866025403784439,
1.,0.866025403784439,1.,0.866025403784439,1.,0.866025403784439,1.,0.866025403784439,
1.,0.866025403784439,1.,0.866025403784439,1.,0.866025403784439,1.,0.866025403784439,
1.,0.866025403784439,1.,0.866025403784439,1.,0.866025403784439,1.,0.866025403784439,
1.,0.866025403784439,1.,0.866025403784439,1.,0.866025403784439,1.,0.866025403784439,
1.,0.866025403784439,1.,0.866025403784439,1.,0.866025403784439,1.,0.866025403784439,
1.,0.866025403784439,1.,0.866025403784439,1.,0.866025403784439,1.,0.866025403784439,
1.,0.866025403784439,1.,0.866025403784439,1.,0.866025403784439,1.,0.866025403784439,
1.,0.866025403784439,1.,0.866025403784439,1.,0.866025403784439,1.,0.866025403784439,
1.,0.866025403784439,1.,0.866025403784439,1.,0.866025403784439,1.,0.866025403784439,
1.,0.866025403784439,1.,0.866025403784439,1.,0.866025403784439,1.,0.866025403784439,
1.,0.866025403784439,1.,0.866025403784439,1.,0.866025403784439,1.,0.866025403784439,
1.,0.866025403784439,1.,0.866025403784439,1.,0.866025403784439,1.,0.866025403784439,
1.,0.866025403784439,1.,0.866025403784439,1.,0.866025403784439,1.,0.866025403784439,
1.,0.866025403784439,1.,0.866025403784439,1.,0.866025403784439,1.,0.866025403784439,
1.,0.866025403784439,1.,0.866025403784439,1.,0.866025403784439,1.,0.866025403784439,
1.,0.866025403784439,1.,0.866025403784439,1.,0.866025403784439,1.,0.866025403784439,
1.,0.866025403784439,1.,0.866025403784439,1.,0.866025403784439,1.,0.866025403784439,
1.,0.866025403784439,1.,0.866025403784439,1.,0.866025403784439,1.,0.866025403784439,
1.,0.866025403784439,1.,0.949446597933771,0.937044405614169))
REPRESENTATION_ITEM('')
);
#54=(
BOUNDED_CURVE()
B_SPLINE_CURVE(2,(#8590,#8591,#8592,#8593,#8594,#8595,#8596,#8597,#8598,
#8599,#8600,#8601,#8602,#8603,#8604,#8605,#8606),.UNSPECIFIED.,.F.,.F.)
B_SPLINE_CURVE_WITH_KNOTS((3,2,2,2,2,2,2,2,3),(0.,0.125,0.25,0.375,0.5,
0.625,0.75,0.875,1.),.UNSPECIFIED.)
CURVE()
GEOMETRIC_REPRESENTATION_ITEM()
RATIONAL_B_SPLINE_CURVE((1.,0.923879532511287,1.,0.923879532511287,1.,0.923879532511287,
1.,0.923879532511287,1.,0.923879532511287,1.,0.923879532511287,1.,0.923879532511287,
1.,0.923879532511287,1.))
REPRESENTATION_ITEM('')
);
#55=(
BOUNDED_CURVE()
B_SPLINE_CURVE(2,(#8610,#8611,#8612,#8613,#8614,#8615,#8616,#8617,#8618,
#8619,#8620,#8621,#8622,#8623,#8624,#8625,#8626),.UNSPECIFIED.,.F.,.F.)
B_SPLINE_CURVE_WITH_KNOTS((3,2,2,2,2,2,2,2,3),(0.,0.125,0.25,0.375,0.5,
0.625,0.75,0.875,1.),.UNSPECIFIED.)
CURVE()
GEOMETRIC_REPRESENTATION_ITEM()
RATIONAL_B_SPLINE_CURVE((1.,0.923879532511287,1.,0.923879532511287,1.,0.923879532511287,
1.,0.923879532511287,1.,0.923879532511287,1.,0.923879532511287,1.,0.923879532511287,
1.,0.923879532511287,1.))
REPRESENTATION_ITEM('')
);
#56=(
BOUNDED_CURVE()
B_SPLINE_CURVE(2,(#8632,#8633,#8634,#8635,#8636,#8637,#8638,#8639,#8640,
#8641,#8642,#8643,#8644,#8645,#8646,#8647,#8648),.UNSPECIFIED.,.F.,.F.)
B_SPLINE_CURVE_WITH_KNOTS((3,2,2,2,2,2,2,2,3),(0.,0.125,0.25,0.375,0.5,
0.625,0.75,0.875,1.),.UNSPECIFIED.)
CURVE()
GEOMETRIC_REPRESENTATION_ITEM()
RATIONAL_B_SPLINE_CURVE((1.,0.923879532511287,1.,0.923879532511287,1.,0.923879532511287,
1.,0.923879532511287,1.,0.923879532511287,1.,0.923879532511287,1.,0.923879532511287,
1.,0.923879532511287,1.))
REPRESENTATION_ITEM('')
);
#57=(
BOUNDED_CURVE()
B_SPLINE_CURVE(2,(#8687,#8688,#8689,#8690,#8691,#8692,#8693,#8694,#8695,
#8696,#8697,#8698,#8699,#8700,#8701,#8702,#8703),.UNSPECIFIED.,.F.,.F.)
B_SPLINE_CURVE_WITH_KNOTS((3,2,2,2,2,2,2,2,3),(0.,0.125,0.25,0.375,0.5,
0.625,0.75,0.875,1.),.UNSPECIFIED.)
CURVE()
GEOMETRIC_REPRESENTATION_ITEM()
RATIONAL_B_SPLINE_CURVE((1.,0.923879532511287,1.,0.923879532511287,1.,0.923879532511287,
1.,0.923879532511287,1.,0.923879532511287,1.,0.923879532511287,1.,0.923879532511287,
1.,0.923879532511287,1.))
REPRESENTATION_ITEM('')
);
#58=(
BOUNDED_CURVE()
B_SPLINE_CURVE(3,(#8722,#8723,#8724,#8725),.UNSPECIFIED.,.F.,.F.)
B_SPLINE_CURVE_WITH_KNOTS((4,4),(4.17040101295908,4.20664959648238),
 .UNSPECIFIED.)
CURVE()
GEOMETRIC_REPRESENTATION_ITEM()
RATIONAL_B_SPLINE_CURVE((1.,0.999890506346726,0.999890506346726,1.))
REPRESENTATION_ITEM('')
);
#59=(
BOUNDED_CURVE()
B_SPLINE_CURVE(3,(#8726,#8727,#8728,#8729),.UNSPECIFIED.,.F.,.F.)
B_SPLINE_CURVE_WITH_KNOTS((4,4),(2.037154012242,2.07653571069721),
 .UNSPECIFIED.)
CURVE()
GEOMETRIC_REPRESENTATION_ITEM()
RATIONAL_B_SPLINE_CURVE((1.,0.999870760994794,0.999870760994794,1.))
REPRESENTATION_ITEM('')
);
#60=(
BOUNDED_CURVE()
B_SPLINE_CURVE(3,(#8733,#8734,#8735,#8736),.UNSPECIFIED.,.F.,.F.)
B_SPLINE_CURVE_WITH_KNOTS((4,4),(2.037154012242,2.07653571069721),
 .UNSPECIFIED.)
CURVE()
GEOMETRIC_REPRESENTATION_ITEM()
RATIONAL_B_SPLINE_CURVE((1.,0.999870760994794,0.999870760994794,1.))
REPRESENTATION_ITEM('')
);
#61=(
BOUNDED_CURVE()
B_SPLINE_CURVE(3,(#8740,#8741,#8742,#8743),.UNSPECIFIED.,.F.,.F.)
B_SPLINE_CURVE_WITH_KNOTS((4,4),(4.17040101295908,4.20664959648238),
 .UNSPECIFIED.)
CURVE()
GEOMETRIC_REPRESENTATION_ITEM()
RATIONAL_B_SPLINE_CURVE((1.,0.999890506346726,0.999890506346726,1.))
REPRESENTATION_ITEM('')
);
#62=(
BOUNDED_CURVE()
B_SPLINE_CURVE(3,(#8759,#8760,#8761,#8762),.UNSPECIFIED.,.F.,.F.)
B_SPLINE_CURVE_WITH_KNOTS((4,4),(4.17040101295908,4.20664959648238),
 .UNSPECIFIED.)
CURVE()
GEOMETRIC_REPRESENTATION_ITEM()
RATIONAL_B_SPLINE_CURVE((1.,0.999890506346726,0.999890506346726,1.))
REPRESENTATION_ITEM('')
);
#63=(
BOUNDED_CURVE()
B_SPLINE_CURVE(3,(#8763,#8764,#8765,#8766),.UNSPECIFIED.,.F.,.F.)
B_SPLINE_CURVE_WITH_KNOTS((4,4),(2.037154012242,2.07653571069721),
 .UNSPECIFIED.)
CURVE()
GEOMETRIC_REPRESENTATION_ITEM()
RATIONAL_B_SPLINE_CURVE((1.,0.999870760994794,0.999870760994794,1.))
REPRESENTATION_ITEM('')
);
#64=(
BOUNDED_CURVE()
B_SPLINE_CURVE(3,(#8770,#8771,#8772,#8773),.UNSPECIFIED.,.F.,.F.)
B_SPLINE_CURVE_WITH_KNOTS((4,4),(2.037154012242,2.07653571069721),
 .UNSPECIFIED.)
CURVE()
GEOMETRIC_REPRESENTATION_ITEM()
RATIONAL_B_SPLINE_CURVE((1.,0.999870760994794,0.999870760994794,1.))
REPRESENTATION_ITEM('')
);
#65=(
BOUNDED_CURVE()
B_SPLINE_CURVE(3,(#8777,#8778,#8779,#8780),.UNSPECIFIED.,.F.,.F.)
B_SPLINE_CURVE_WITH_KNOTS((4,4),(4.17040101295908,4.20664959648238),
 .UNSPECIFIED.)
CURVE()
GEOMETRIC_REPRESENTATION_ITEM()
RATIONAL_B_SPLINE_CURVE((1.,0.999890506346726,0.999890506346726,1.))
REPRESENTATION_ITEM('')
);
#66=(
BOUNDED_CURVE()
B_SPLINE_CURVE(3,(#8796,#8797,#8798,#8799),.UNSPECIFIED.,.F.,.F.)
B_SPLINE_CURVE_WITH_KNOTS((4,4),(4.17040101295908,4.20664959648238),
 .UNSPECIFIED.)
CURVE()
GEOMETRIC_REPRESENTATION_ITEM()
RATIONAL_B_SPLINE_CURVE((1.,0.999890506346726,0.999890506346726,1.))
REPRESENTATION_ITEM('')
);
#67=(
BOUNDED_CURVE()
B_SPLINE_CURVE(3,(#8800,#8801,#8802,#8803),.UNSPECIFIED.,.F.,.F.)
B_SPLINE_CURVE_WITH_KNOTS((4,4),(2.037154012242,2.07653571069721),
 .UNSPECIFIED.)
CURVE()
GEOMETRIC_REPRESENTATION_ITEM()
RATIONAL_B_SPLINE_CURVE((1.,0.999870760994794,0.999870760994794,1.))
REPRESENTATION_ITEM('')
);
#68=(
BOUNDED_CURVE()
B_SPLINE_CURVE(3,(#8807,#8808,#8809,#8810),.UNSPECIFIED.,.F.,.F.)
B_SPLINE_CURVE_WITH_KNOTS((4,4),(2.037154012242,2.07653571069721),
 .UNSPECIFIED.)
CURVE()
GEOMETRIC_REPRESENTATION_ITEM()
RATIONAL_B_SPLINE_CURVE((1.,0.999870760994794,0.999870760994794,1.))
REPRESENTATION_ITEM('')
);
#69=(
BOUNDED_CURVE()
B_SPLINE_CURVE(3,(#8814,#8815,#8816,#8817),.UNSPECIFIED.,.F.,.F.)
B_SPLINE_CURVE_WITH_KNOTS((4,4),(4.17040101295908,4.20664959648238),
 .UNSPECIFIED.)
CURVE()
GEOMETRIC_REPRESENTATION_ITEM()
RATIONAL_B_SPLINE_CURVE((1.,0.999890506346726,0.999890506346726,1.))
REPRESENTATION_ITEM('')
);
#70=(
BOUNDED_CURVE()
B_SPLINE_CURVE(3,(#8833,#8834,#8835,#8836),.UNSPECIFIED.,.F.,.F.)
B_SPLINE_CURVE_WITH_KNOTS((4,4),(4.17040101295908,4.20664959648238),
 .UNSPECIFIED.)
CURVE()
GEOMETRIC_REPRESENTATION_ITEM()
RATIONAL_B_SPLINE_CURVE((1.,0.999890506346726,0.999890506346726,1.))
REPRESENTATION_ITEM('')
);
#71=(
BOUNDED_CURVE()
B_SPLINE_CURVE(3,(#8837,#8838,#8839,#8840),.UNSPECIFIED.,.F.,.F.)
B_SPLINE_CURVE_WITH_KNOTS((4,4),(2.037154012242,2.07653571069721),
 .UNSPECIFIED.)
CURVE()
GEOMETRIC_REPRESENTATION_ITEM()
RATIONAL_B_SPLINE_CURVE((1.,0.999870760994794,0.999870760994794,1.))
REPRESENTATION_ITEM('')
);
#72=(
BOUNDED_CURVE()
B_SPLINE_CURVE(3,(#8844,#8845,#8846,#8847),.UNSPECIFIED.,.F.,.F.)
B_SPLINE_CURVE_WITH_KNOTS((4,4),(2.037154012242,2.07653571069721),
 .UNSPECIFIED.)
CURVE()
GEOMETRIC_REPRESENTATION_ITEM()
RATIONAL_B_SPLINE_CURVE((1.,0.999870760994794,0.999870760994794,1.))
REPRESENTATION_ITEM('')
);
#73=(
BOUNDED_CURVE()
B_SPLINE_CURVE(3,(#8851,#8852,#8853,#8854),.UNSPECIFIED.,.F.,.F.)
B_SPLINE_CURVE_WITH_KNOTS((4,4),(4.17040101295908,4.20664959648238),
 .UNSPECIFIED.)
CURVE()
GEOMETRIC_REPRESENTATION_ITEM()
RATIONAL_B_SPLINE_CURVE((1.,0.999890506346726,0.999890506346726,1.))
REPRESENTATION_ITEM('')
);
#74=(
BOUNDED_CURVE()
B_SPLINE_CURVE(3,(#8870,#8871,#8872,#8873),.UNSPECIFIED.,.F.,.F.)
B_SPLINE_CURVE_WITH_KNOTS((4,4),(4.17040101295908,4.20664959648238),
 .UNSPECIFIED.)
CURVE()
GEOMETRIC_REPRESENTATION_ITEM()
RATIONAL_B_SPLINE_CURVE((1.,0.999890506346726,0.999890506346726,1.))
REPRESENTATION_ITEM('')
);
#75=(
BOUNDED_CURVE()
B_SPLINE_CURVE(3,(#8874,#8875,#8876,#8877),.UNSPECIFIED.,.F.,.F.)
B_SPLINE_CURVE_WITH_KNOTS((4,4),(2.037154012242,2.07653571069721),
 .UNSPECIFIED.)
CURVE()
GEOMETRIC_REPRESENTATION_ITEM()
RATIONAL_B_SPLINE_CURVE((1.,0.999870760994794,0.999870760994794,1.))
REPRESENTATION_ITEM('')
);
#76=(
BOUNDED_CURVE()
B_SPLINE_CURVE(3,(#8881,#8882,#8883,#8884),.UNSPECIFIED.,.F.,.F.)
B_SPLINE_CURVE_WITH_KNOTS((4,4),(2.037154012242,2.07653571069721),
 .UNSPECIFIED.)
CURVE()
GEOMETRIC_REPRESENTATION_ITEM()
RATIONAL_B_SPLINE_CURVE((1.,0.999870760994794,0.999870760994794,1.))
REPRESENTATION_ITEM('')
);
#77=(
BOUNDED_CURVE()
B_SPLINE_CURVE(3,(#8888,#8889,#8890,#8891),.UNSPECIFIED.,.F.,.F.)
B_SPLINE_CURVE_WITH_KNOTS((4,4),(4.17040101295908,4.20664959648238),
 .UNSPECIFIED.)
CURVE()
GEOMETRIC_REPRESENTATION_ITEM()
RATIONAL_B_SPLINE_CURVE((1.,0.999890506346726,0.999890506346726,1.))
REPRESENTATION_ITEM('')
);
#78=(
BOUNDED_CURVE()
B_SPLINE_CURVE(3,(#8907,#8908,#8909,#8910),.UNSPECIFIED.,.F.,.F.)
B_SPLINE_CURVE_WITH_KNOTS((4,4),(4.17040101295908,4.20664959648238),
 .UNSPECIFIED.)
CURVE()
GEOMETRIC_REPRESENTATION_ITEM()
RATIONAL_B_SPLINE_CURVE((1.,0.999890506346726,0.999890506346726,1.))
REPRESENTATION_ITEM('')
);
#79=(
BOUNDED_CURVE()
B_SPLINE_CURVE(3,(#8911,#8912,#8913,#8914),.UNSPECIFIED.,.F.,.F.)
B_SPLINE_CURVE_WITH_KNOTS((4,4),(2.037154012242,2.07653571069721),
 .UNSPECIFIED.)
CURVE()
GEOMETRIC_REPRESENTATION_ITEM()
RATIONAL_B_SPLINE_CURVE((1.,0.999870760994794,0.999870760994794,1.))
REPRESENTATION_ITEM('')
);
#80=(
BOUNDED_CURVE()
B_SPLINE_CURVE(3,(#8918,#8919,#8920,#8921),.UNSPECIFIED.,.F.,.F.)
B_SPLINE_CURVE_WITH_KNOTS((4,4),(2.037154012242,2.07653571069721),
 .UNSPECIFIED.)
CURVE()
GEOMETRIC_REPRESENTATION_ITEM()
RATIONAL_B_SPLINE_CURVE((1.,0.999870760994794,0.999870760994794,1.))
REPRESENTATION_ITEM('')
);
#81=(
BOUNDED_CURVE()
B_SPLINE_CURVE(3,(#8925,#8926,#8927,#8928),.UNSPECIFIED.,.F.,.F.)
B_SPLINE_CURVE_WITH_KNOTS((4,4),(4.17040101295908,4.20664959648238),
 .UNSPECIFIED.)
CURVE()
GEOMETRIC_REPRESENTATION_ITEM()
RATIONAL_B_SPLINE_CURVE((1.,0.999890506346726,0.999890506346726,1.))
REPRESENTATION_ITEM('')
);
#82=(
BOUNDED_CURVE()
B_SPLINE_CURVE(3,(#8944,#8945,#8946,#8947),.UNSPECIFIED.,.F.,.F.)
B_SPLINE_CURVE_WITH_KNOTS((4,4),(4.17040101295908,4.20664959648238),
 .UNSPECIFIED.)
CURVE()
GEOMETRIC_REPRESENTATION_ITEM()
RATIONAL_B_SPLINE_CURVE((1.,0.999890506346726,0.999890506346726,1.))
REPRESENTATION_ITEM('')
);
#83=(
BOUNDED_CURVE()
B_SPLINE_CURVE(3,(#8948,#8949,#8950,#8951),.UNSPECIFIED.,.F.,.F.)
B_SPLINE_CURVE_WITH_KNOTS((4,4),(2.037154012242,2.07653571069721),
 .UNSPECIFIED.)
CURVE()
GEOMETRIC_REPRESENTATION_ITEM()
RATIONAL_B_SPLINE_CURVE((1.,0.999870760994794,0.999870760994794,1.))
REPRESENTATION_ITEM('')
);
#84=(
BOUNDED_CURVE()
B_SPLINE_CURVE(3,(#8955,#8956,#8957,#8958),.UNSPECIFIED.,.F.,.F.)
B_SPLINE_CURVE_WITH_KNOTS((4,4),(2.037154012242,2.07653571069721),
 .UNSPECIFIED.)
CURVE()
GEOMETRIC_REPRESENTATION_ITEM()
RATIONAL_B_SPLINE_CURVE((1.,0.999870760994794,0.999870760994794,1.))
REPRESENTATION_ITEM('')
);
#85=(
BOUNDED_CURVE()
B_SPLINE_CURVE(3,(#8962,#8963,#8964,#8965),.UNSPECIFIED.,.F.,.F.)
B_SPLINE_CURVE_WITH_KNOTS((4,4),(4.17040101295908,4.20664959648238),
 .UNSPECIFIED.)
CURVE()
GEOMETRIC_REPRESENTATION_ITEM()
RATIONAL_B_SPLINE_CURVE((1.,0.999890506346726,0.999890506346726,1.))
REPRESENTATION_ITEM('')
);
#86=(
BOUNDED_CURVE()
B_SPLINE_CURVE(3,(#8981,#8982,#8983,#8984),.UNSPECIFIED.,.F.,.F.)
B_SPLINE_CURVE_WITH_KNOTS((4,4),(4.17040101295908,4.20664959648238),
 .UNSPECIFIED.)
CURVE()
GEOMETRIC_REPRESENTATION_ITEM()
RATIONAL_B_SPLINE_CURVE((1.,0.999890506346726,0.999890506346726,1.))
REPRESENTATION_ITEM('')
);
#87=(
BOUNDED_CURVE()
B_SPLINE_CURVE(3,(#8985,#8986,#8987,#8988),.UNSPECIFIED.,.F.,.F.)
B_SPLINE_CURVE_WITH_KNOTS((4,4),(2.037154012242,2.07653571069721),
 .UNSPECIFIED.)
CURVE()
GEOMETRIC_REPRESENTATION_ITEM()
RATIONAL_B_SPLINE_CURVE((1.,0.999870760994794,0.999870760994794,1.))
REPRESENTATION_ITEM('')
);
#88=(
BOUNDED_CURVE()
B_SPLINE_CURVE(3,(#8992,#8993,#8994,#8995),.UNSPECIFIED.,.F.,.F.)
B_SPLINE_CURVE_WITH_KNOTS((4,4),(2.037154012242,2.07653571069721),
 .UNSPECIFIED.)
CURVE()
GEOMETRIC_REPRESENTATION_ITEM()
RATIONAL_B_SPLINE_CURVE((1.,0.999870760994794,0.999870760994794,1.))
REPRESENTATION_ITEM('')
);
#89=(
BOUNDED_CURVE()
B_SPLINE_CURVE(3,(#8999,#9000,#9001,#9002),.UNSPECIFIED.,.F.,.F.)
B_SPLINE_CURVE_WITH_KNOTS((4,4),(4.17040101295908,4.20664959648238),
 .UNSPECIFIED.)
CURVE()
GEOMETRIC_REPRESENTATION_ITEM()
RATIONAL_B_SPLINE_CURVE((1.,0.999890506346726,0.999890506346726,1.))
REPRESENTATION_ITEM('')
);
#90=(
BOUNDED_CURVE()
B_SPLINE_CURVE(3,(#9018,#9019,#9020,#9021),.UNSPECIFIED.,.F.,.F.)
B_SPLINE_CURVE_WITH_KNOTS((4,4),(4.17040101295908,4.20664959648238),
 .UNSPECIFIED.)
CURVE()
GEOMETRIC_REPRESENTATION_ITEM()
RATIONAL_B_SPLINE_CURVE((1.,0.999890506346726,0.999890506346726,1.))
REPRESENTATION_ITEM('')
);
#91=(
BOUNDED_CURVE()
B_SPLINE_CURVE(3,(#9022,#9023,#9024,#9025),.UNSPECIFIED.,.F.,.F.)
B_SPLINE_CURVE_WITH_KNOTS((4,4),(2.037154012242,2.07653571069721),
 .UNSPECIFIED.)
CURVE()
GEOMETRIC_REPRESENTATION_ITEM()
RATIONAL_B_SPLINE_CURVE((1.,0.999870760994794,0.999870760994794,1.))
REPRESENTATION_ITEM('')
);
#92=(
BOUNDED_CURVE()
B_SPLINE_CURVE(3,(#9029,#9030,#9031,#9032),.UNSPECIFIED.,.F.,.F.)
B_SPLINE_CURVE_WITH_KNOTS((4,4),(2.037154012242,2.07653571069721),
 .UNSPECIFIED.)
CURVE()
GEOMETRIC_REPRESENTATION_ITEM()
RATIONAL_B_SPLINE_CURVE((1.,0.999870760994794,0.999870760994794,1.))
REPRESENTATION_ITEM('')
);
#93=(
BOUNDED_CURVE()
B_SPLINE_CURVE(3,(#9036,#9037,#9038,#9039),.UNSPECIFIED.,.F.,.F.)
B_SPLINE_CURVE_WITH_KNOTS((4,4),(4.17040101295908,4.20664959648237),
 .UNSPECIFIED.)
CURVE()
GEOMETRIC_REPRESENTATION_ITEM()
RATIONAL_B_SPLINE_CURVE((1.,0.999890506346726,0.999890506346726,1.))
REPRESENTATION_ITEM('')
);
#94=(
BOUNDED_CURVE()
B_SPLINE_CURVE(3,(#9055,#9056,#9057,#9058),.UNSPECIFIED.,.F.,.F.)
B_SPLINE_CURVE_WITH_KNOTS((4,4),(4.17040101295908,4.20664959648238),
 .UNSPECIFIED.)
CURVE()
GEOMETRIC_REPRESENTATION_ITEM()
RATIONAL_B_SPLINE_CURVE((1.,0.999890506346726,0.999890506346726,1.))
REPRESENTATION_ITEM('')
);
#95=(
BOUNDED_CURVE()
B_SPLINE_CURVE(3,(#9059,#9060,#9061,#9062),.UNSPECIFIED.,.F.,.F.)
B_SPLINE_CURVE_WITH_KNOTS((4,4),(2.037154012242,2.07653571069721),
 .UNSPECIFIED.)
CURVE()
GEOMETRIC_REPRESENTATION_ITEM()
RATIONAL_B_SPLINE_CURVE((1.,0.999870760994794,0.999870760994794,1.))
REPRESENTATION_ITEM('')
);
#96=(
BOUNDED_CURVE()
B_SPLINE_CURVE(3,(#9066,#9067,#9068,#9069),.UNSPECIFIED.,.F.,.F.)
B_SPLINE_CURVE_WITH_KNOTS((4,4),(2.037154012242,2.07653571069721),
 .UNSPECIFIED.)
CURVE()
GEOMETRIC_REPRESENTATION_ITEM()
RATIONAL_B_SPLINE_CURVE((1.,0.999870760994794,0.999870760994794,1.))
REPRESENTATION_ITEM('')
);
#97=(
BOUNDED_CURVE()
B_SPLINE_CURVE(3,(#9073,#9074,#9075,#9076),.UNSPECIFIED.,.F.,.F.)
B_SPLINE_CURVE_WITH_KNOTS((4,4),(4.17040101295908,4.20664959648238),
 .UNSPECIFIED.)
CURVE()
GEOMETRIC_REPRESENTATION_ITEM()
RATIONAL_B_SPLINE_CURVE((1.,0.999890506346726,0.999890506346726,1.))
REPRESENTATION_ITEM('')
);
#98=B_SPLINE_CURVE_WITH_KNOTS('',3,(#4843,#4844,#4845,#4846,#4847,#4848,
#4849,#4850,#4851,#4852,#4853,#4854,#4855,#4856,#4857,#4858,#4859,#4860),
 .UNSPECIFIED.,.F.,.F.,(4,1,1,1,1,1,1,1,1,1,1,1,1,1,1,4),(0.689919372572618,
0.728679451001041,0.738369470608146,0.748059490215252,0.757749509822358,
0.767439529429463,0.786819568643675,0.806199607857886,0.844959686286309,
0.86433972550052,0.874029745107626,0.883719764714732,0.903099803928943,
0.922479843143154,0.961239921571577,1.),.UNSPECIFIED.);
#99=B_SPLINE_CURVE_WITH_KNOTS('',3,(#4863,#4864,#4865,#4866,#4867),
 .UNSPECIFIED.,.F.,.F.,(4,1,4),(0.,0.5,1.),.UNSPECIFIED.);
#100=B_SPLINE_CURVE_WITH_KNOTS('',3,(#4869,#4870,#4871,#4872,#4873,#4874,
#4875,#4876,#4877,#4878,#4879,#4880,#4881,#4882,#4883,#4884,#4885,#4886,
#4887,#4888,#4889,#4890,#4891,#4892,#4893,#4894,#4895,#4896,#4897,#4898,
#4899,#4900,#4901,#4902,#4903,#4904,#4905,#4906,#4907,#4908,#4909,#4910,
#4911,#4912,#4913,#4914,#4915,#4916,#4917,#4918,#4919,#4920,#4921,#4922,
#4923,#4924,#4925,#4926,#4927,#4928,#4929,#4930,#4931,#4932,#4933,#4934,
#4935,#4936,#4937,#4938,#4939,#4940,#4941,#4942,#4943,#4944,#4945,#4946,
#4947,#4948,#4949,#4950,#4951,#4952,#4953,#4954,#4955,#4956,#4957,#4958,
#4959,#4960,#4961,#4962,#4963,#4964,#4965,#4966,#4967,#4968,#4969,#4970,
#4971,#4972,#4973,#4974,#4975,#4976,#4977,#4978,#4979,#4980,#4981,#4982,
#4983,#4984,#4985,#4986,#4987,#4988,#4989,#4990,#4991,#4992,#4993,#4994,
#4995,#4996,#4997,#4998,#4999,#5000,#5001,#5002,#5003,#5004,#5005,#5006,
#5007,#5008,#5009,#5010,#5011,#5012,#5013,#5014,#5015,#5016,#5017,#5018,
#5019,#5020,#5021,#5022,#5023,#5024,#5025,#5026,#5027,#5028,#5029,#5030,
#5031,#5032,#5033,#5034,#5035,#5036,#5037,#5038,#5039,#5040,#5041,#5042,
#5043,#5044,#5045,#5046,#5047,#5048,#5049,#5050,#5051,#5052,#5053,#5054,
#5055,#5056,#5057,#5058,#5059,#5060,#5061,#5062,#5063,#5064,#5065,#5066,
#5067,#5068,#5069,#5070,#5071,#5072,#5073,#5074,#5075,#5076,#5077,#5078,
#5079,#5080,#5081,#5082,#5083,#5084,#5085,#5086,#5087,#5088,#5089,#5090,
#5091,#5092,#5093,#5094,#5095,#5096,#5097,#5098,#5099,#5100,#5101,#5102,
#5103,#5104,#5105,#5106,#5107,#5108,#5109,#5110,#5111,#5112,#5113,#5114,
#5115,#5116,#5117,#5118,#5119,#5120,#5121,#5122,#5123,#5124,#5125,#5126,
#5127,#5128,#5129,#5130,#5131,#5132,#5133,#5134,#5135,#5136,#5137,#5138,
#5139,#5140,#5141,#5142,#5143,#5144,#5145,#5146,#5147,#5148,#5149,#5150,
#5151,#5152,#5153,#5154,#5155,#5156,#5157,#5158,#5159,#5160,#5161,#5162,
#5163,#5164,#5165,#5166,#5167,#5168,#5169,#5170,#5171,#5172,#5173,#5174,
#5175,#5176,#5177,#5178,#5179,#5180,#5181,#5182,#5183,#5184,#5185,#5186,
#5187,#5188,#5189,#5190,#5191,#5192,#5193,#5194,#5195,#5196,#5197,#5198,
#5199,#5200,#5201,#5202,#5203,#5204,#5205,#5206,#5207,#5208,#5209,#5210,
#5211,#5212,#5213,#5214,#5215,#5216,#5217,#5218,#5219,#5220,#5221,#5222,
#5223,#5224,#5225,#5226,#5227,#5228,#5229,#5230,#5231,#5232,#5233,#5234,
#5235,#5236,#5237,#5238,#5239,#5240,#5241,#5242,#5243,#5244,#5245,#5246,
#5247,#5248,#5249,#5250,#5251,#5252,#5253,#5254,#5255,#5256,#5257,#5258,
#5259,#5260,#5261,#5262,#5263,#5264,#5265,#5266,#5267,#5268,#5269,#5270,
#5271,#5272,#5273,#5274,#5275,#5276,#5277,#5278,#5279,#5280,#5281,#5282,
#5283,#5284,#5285,#5286,#5287,#5288,#5289,#5290,#5291,#5292,#5293,#5294,
#5295,#5296,#5297,#5298,#5299,#5300,#5301,#5302,#5303,#5304,#5305,#5306,
#5307,#5308,#5309,#5310,#5311,#5312,#5313,#5314,#5315,#5316,#5317,#5318,
#5319,#5320,#5321,#5322,#5323,#5324,#5325,#5326,#5327,#5328,#5329,#5330,
#5331,#5332,#5333,#5334,#5335,#5336,#5337,#5338,#5339,#5340,#5341,#5342,
#5343,#5344,#5345,#5346,#5347,#5348,#5349,#5350,#5351,#5352,#5353,#5354,
#5355,#5356,#5357,#5358,#5359,#5360,#5361,#5362,#5363,#5364,#5365,#5366,
#5367,#5368,#5369,#5370,#5371,#5372,#5373,#5374,#5375,#5376,#5377,#5378,
#5379,#5380,#5381,#5382,#5383,#5384,#5385,#5386,#5387,#5388,#5389,#5390,
#5391,#5392,#5393,#5394,#5395,#5396,#5397,#5398,#5399,#5400,#5401,#5402,
#5403,#5404,#5405,#5406,#5407,#5408,#5409,#5410,#5411,#5412,#5413,#5414,
#5415,#5416,#5417,#5418,#5419,#5420,#5421,#5422,#5423,#5424,#5425,#5426,
#5427,#5428,#5429,#5430,#5431,#5432,#5433,#5434,#5435,#5436,#5437,#5438,
#5439,#5440,#5441,#5442,#5443,#5444,#5445,#5446,#5447,#5448,#5449,#5450,
#5451,#5452,#5453,#5454,#5455,#5456,#5457,#5458,#5459,#5460,#5461,#5462,
#5463,#5464,#5465,#5466,#5467,#5468,#5469,#5470,#5471,#5472,#5473,#5474,
#5475,#5476,#5477,#5478,#5479,#5480,#5481,#5482,#5483,#5484,#5485,#5486,
#5487,#5488,#5489,#5490,#5491,#5492,#5493,#5494,#5495,#5496,#5497,#5498,
#5499,#5500,#5501,#5502,#5503,#5504,#5505,#5506,#5507,#5508,#5509,#5510,
#5511,#5512,#5513,#5514,#5515,#5516,#5517,#5518,#5519,#5520,#5521,#5522,
#5523,#5524,#5525,#5526,#5527,#5528,#5529,#5530,#5531,#5532,#5533,#5534,
#5535,#5536,#5537,#5538,#5539,#5540,#5541,#5542,#5543,#5544,#5545,#5546,
#5547,#5548,#5549,#5550,#5551,#5552,#5553,#5554,#5555,#5556,#5557,#5558,
#5559,#5560,#5561,#5562,#5563),.UNSPECIFIED.,.F.,.F.,(4,1,1,1,1,1,1,1,1,
1,1,1,1,1,1,1,1,1,1,1,1,1,1,1,1,1,1,1,1,1,1,1,1,1,1,1,1,1,1,1,1,1,1,1,1,
1,1,1,1,1,1,1,1,1,1,1,1,1,1,1,1,1,1,1,1,1,1,1,1,1,1,1,1,1,1,1,1,1,1,1,1,
1,1,1,1,1,1,1,1,1,1,1,1,1,1,1,1,1,1,1,1,1,1,1,1,1,1,1,1,1,1,1,1,1,1,1,1,
1,1,1,1,1,1,1,1,1,1,1,1,1,1,1,1,1,1,1,1,1,1,1,1,1,1,1,1,1,1,1,1,1,1,1,1,
1,1,1,1,1,1,1,1,1,1,1,1,1,1,1,1,1,1,1,1,1,1,1,1,1,1,1,1,1,1,1,1,1,1,1,1,
1,1,1,1,1,1,1,1,1,1,1,1,1,1,1,1,1,1,1,1,1,1,1,1,1,1,1,1,1,1,1,1,1,1,1,1,
1,1,1,1,1,1,1,1,1,1,1,1,1,1,1,1,1,1,1,1,1,1,1,1,1,1,1,1,1,1,1,1,1,1,1,1,
1,1,1,1,1,1,1,1,1,1,1,1,1,1,1,1,1,1,1,1,1,1,1,1,1,1,1,1,1,1,1,1,1,1,1,1,
1,1,1,1,1,1,1,1,1,1,1,1,1,1,1,1,1,1,1,1,1,1,1,1,1,1,1,1,1,1,1,1,1,1,1,1,
1,1,1,1,1,1,1,1,1,1,1,1,1,1,1,1,1,1,1,1,1,1,1,1,1,1,1,1,1,1,1,1,1,1,1,1,
1,1,1,1,1,1,1,1,1,1,1,1,1,1,1,1,1,1,1,1,1,1,1,1,1,1,1,1,1,1,1,1,1,1,1,1,
1,1,1,1,1,1,1,1,1,1,1,1,1,1,1,1,1,1,1,1,1,1,1,1,1,1,1,1,1,1,1,1,1,1,1,1,
1,1,1,1,1,1,1,1,1,1,1,1,1,1,1,1,1,1,1,1,1,1,1,1,1,1,1,1,1,1,1,1,1,1,1,1,
1,1,1,1,1,1,1,1,1,1,1,1,1,1,1,1,1,1,1,1,1,1,1,1,1,1,1,1,1,1,1,1,1,1,1,1,
1,1,1,1,1,1,1,1,1,1,1,1,1,1,1,1,1,1,1,1,1,1,1,1,1,1,1,1,1,1,1,1,1,1,1,1,
1,1,1,1,1,1,1,1,1,1,1,1,1,1,1,1,1,1,1,1,1,1,1,1,1,1,1,1,1,1,1,1,1,1,1,1,
1,1,1,1,1,1,1,1,1,1,1,1,1,1,1,1,1,1,1,1,1,1,1,1,1,1,1,1,1,1,1,1,1,1,1,1,
1,1,1,1,1,1,1,1,1,1,1,1,1,1,1,1,1,1,1,1,1,1,1,1,1,1,1,1,1,1,1,1,1,1,1,1,
1,1,1,1,1,1,1,1,1,1,1,1,1,1,1,1,1,1,1,1,1,1,1,1,1,1,1,1,1,1,1,1,1,1,1,4),
(0.,0.00281133529900627,0.0042170029485094,0.00562267059801253,0.00702833824751566,
0.00773117207226723,0.0084340058970188,0.00983967354652193,0.0112453411960251,
0.0126510088455282,0.0140566764950313,0.0168680117940376,0.0196793470930439,
0.0224906823920501,0.0238963500415533,0.0253020176910564,0.026004851515808,
0.0267076853405595,0.0281133529900627,0.0295190206395658,0.0309246882890689,
0.0316275221138205,0.0323303559385721,0.0330331897633236,0.0337360235880752,
0.0344388574128268,0.0351416912375783,0.0358445250623299,0.0365473588870815,
0.0379530265365846,0.0386558603613362,0.0390072772737119,0.0393586941860877,
0.0407643618355909,0.042170029485094,0.0435756971345971,0.0449813647841003,
0.0456841986088518,0.0463870324336034,0.0467384493459792,0.0469141578021671,
0.0470898662583549,0.0477927000831065,0.0491983677326096,0.0499012015573612,
0.0506040353821128,0.0509554522944886,0.0513068692068644,0.0520097030316159,
0.0534153706811191,0.0548210383306222,0.0562267059801253,0.0569295398048769,
0.0576323736296284,0.05833520745438,0.0586866243667558,0.0590380412791316,
0.0597408751038831,0.0604437089286347,0.0618493765781378,0.0625522104028894,
0.063255044227641,0.0646607118771441,0.0660663795266472,0.0667692133513988,
0.0674720471761504,0.0681748810009019,0.0688777148256535,0.0695805486504051,
0.0699319655627809,0.0702833824751566,0.0706347993875324,0.0709862162999082,
0.0716890501246598,0.0730947177741629,0.074500385423666,0.0759060530731692,
0.0773117207226723,0.0787173883721754,0.0801230560216786,0.0808258898464301,
0.0815287236711817,0.0818801405835575,0.0820558490397454,0.0822315574959333,
0.0825829744083091,0.0829343913206848,0.084340058970188,0.0850428927949395,
0.0857457266196911,0.0860971435320669,0.0864485604444427,0.0871513942691942,
0.0885570619186974,0.0899627295682005,0.0913683972177036,0.0927740648672068,
0.0934768986919583,0.0938283156043341,0.0941797325167099,0.0948825663414615,
0.095585400166213,0.0969910678157162,0.097342484728092,0.0976939016404677,
0.0980453185528435,0.0983967354652193,0.0990995692899709,0.0998024031147224,
0.100505236939474,0.101208070764226,0.101559487676601,0.101910904588977,
0.102613738413729,0.104019406063232,0.104722239887983,0.105425073712735,
0.106830741362238,0.109642076661244,0.112453411960251,0.115264747259257,
0.11667041490876,0.118076082558263,0.120887417857269,0.123698753156276,
0.129321423754288,0.132132759053294,0.134944094352301,0.136349762001804,
0.137755429651307,0.13916109730081,0.140566764950313,0.14337810024932,0.144783767898823,
0.146189435548326,0.147595103197829,0.14829793702258,0.149000770847332,
0.150406438496835,0.151812106146338,0.153217773795841,0.154623441445345,
0.157434776744351,0.158840444393854,0.159543278218606,0.159894695130981,
0.160246112043357,0.16165177969286,0.163057447342363,0.164463114991867,
0.16586878264137,0.166571616466121,0.167274450290873,0.168680117940376,
0.170085785589879,0.171491453239382,0.171842870151758,0.172194287064134,
0.172897120888885,0.173248537801261,0.173599954713637,0.174302788538388,
0.175708456187892,0.177114123837395,0.178519791486898,0.179925459136401,
0.180628292961153,0.181331126785904,0.182736794435407,0.18414246208491,
0.184845295909662,0.185548129734414,0.186953797383917,0.187656631208668,
0.18835946503342,0.189765132682923,0.191170800332426,0.191873634157178,
0.192576467981929,0.193982135631432,0.194684969456184,0.195387803280935,
0.195739220193311,0.196090637105687,0.196793470930439,0.198199138579942,
0.198901972404693,0.199253389317069,0.199604806229445,0.201010473878948,
0.202416141528451,0.202767558440827,0.203118975353203,0.203470392265579,
0.203821809177954,0.204524643002706,0.205227476827457,0.206633144476961,
0.206984561389336,0.207335978301712,0.208038812126464,0.209444479775967,
0.21085014742547,0.212255815074973,0.213661482724476,0.215067150373979,
0.215769984198731,0.216472818023482,0.217878485672986,0.218581319497737,
0.218932736410113,0.219284153322489,0.220689820971992,0.222095488621495,
0.223501156270998,0.224906823920501,0.225609657745253,0.226312491570004,
0.22666390848238,0.227015325394756,0.227718159219508,0.229123826869011,
0.230529494518514,0.23334082981752,0.234746497467023,0.236152165116526,
0.237557832766029,0.238260666590781,0.238963500415533,0.240369168065036,
0.241072001889787,0.241774835714539,0.242126252626915,0.24247766953929,
0.243180503364042,0.244586171013545,0.245289004838297,0.245991838663048,
0.247397506312551,0.248803173962055,0.250208841611558,0.251614509261061,
0.252317343085812,0.253020176910564,0.253723010735316,0.254425844560067,
0.255128678384819,0.25583151220957,0.257237179859073,0.257940013683825,
0.258642847508576,0.258994264420952,0.259345681333328,0.26004851515808,
0.261454182807583,0.264265518106589,0.267076853405595,0.269888188704602,
0.271293856354105,0.272699524003608,0.274105191653111,0.274456608565487,
0.274808025477862,0.275510859302614,0.276916526952117,0.27832219460162,
0.279727862251123,0.280430696075875,0.281133529900627,0.28253919755013,
0.283944865199633,0.286756200498639,0.288161868148142,0.288864701972894,
0.289040410429082,0.28921611888527,0.289567535797645,0.290270369622397,
0.290973203447148,0.292378871096652,0.293081704921403,0.293784538746155,
0.295190206395658,0.296595874045161,0.298001541694664,0.30081287699367,
0.302218544643174,0.303624212292677,0.306435547591683,0.307841215241186,
0.308544049065938,0.308895465978313,0.309246882890689,0.309949716715441,
0.310652550540192,0.312058218189695,0.313463885839199,0.314869553488702,
0.315572387313453,0.316275221138205,0.317680888787708,0.319086556437211,
0.319789390261963,0.320140807174339,0.320316515630526,0.320492224086714,
0.321195057911466,0.321897891736217,0.323303559385721,0.324006393210472,
0.324709227035224,0.326114894684727,0.32752056233423,0.328223396158982,
0.328926229983733,0.330331897633236,0.331034731457988,0.331737565282739,
0.332088982195115,0.332440399107491,0.333143232932243,0.334548900581746,
0.335251734406497,0.335954568231249,0.336657402056,0.337360235880752,0.338765903530255,
0.340171571179758,0.342982906478764,0.343685740303516,0.344388574128268,
0.345794241777771,0.347199909427274,0.347902743252025,0.348605577076777,
0.351416912375783,0.354228247674789,0.357039582973796,0.359850918272802,
0.362662253571808,0.365473588870815,0.366879256520318,0.368284924169821,
0.369690591819324,0.371096259468827,0.373907594767833,0.37671893006684,
0.378124597716343,0.379530265365846,0.380935933015349,0.382341600664852,
0.385152935963858,0.386558603613361,0.387964271262865,0.389369938912368,
0.390775606561871,0.392181274211374,0.393586941860877,0.39499260951038,
0.396398277159883,0.397803944809387,0.398506778634138,0.39920961245889,
0.400615280108393,0.402020947757896,0.402372364670272,0.402723781582648,
0.403426615407399,0.404832283056902,0.406237950706405,0.407643618355909,
0.409049286005412,0.409752119830163,0.410103536742539,0.410454953654915,
0.411157787479666,0.411860621304418,0.413266288953921,0.413969122778673,
0.414671956603424,0.415374790428176,0.416077624252927,0.416780458077679,
0.41748329190243,0.417834708814806,0.418010417270994,0.418186125727182,
0.418888959551934,0.420294627201437,0.420997461026188,0.42170029485094,
0.422051711763316,0.422403128675692,0.423105962500443,0.424511630149946,
0.425214463974698,0.425917297799449,0.426620131624201,0.427322965448952,
0.428728633098456,0.429431466923207,0.430134300747959,0.431539968397462,
0.432945636046965,0.434351303696468,0.435756971345971,0.436459805170723,
0.437162638995474,0.437865472820226,0.438568306644977,0.439973974294481,
0.440676808119232,0.441379641943984,0.442082475768735,0.442785309593487,
0.44419097724299,0.444893811067742,0.445245227980117,0.445596644892493,
0.446299478717245,0.447002312541996,0.448407980191499,0.449110814016251,
0.449813647841003,0.451219315490506,0.452624983140009,0.454030650789512,
0.455436318439015,0.456139152263767,0.456841986088518,0.457193403000894,
0.45754481991327,0.458247653738021,0.459653321387524,0.461058989037028,
0.461761822861779,0.462464656686531,0.463870324336034,0.465275991985537,
0.46668165963504,0.468087327284543,0.468790161109295,0.469492994934046,
0.47089866258355,0.471601496408301,0.472304330233053,0.472655747145428,
0.473007164057804,0.473709997882556,0.475115665532059,0.47581849935681,
0.476521333181562,0.477927000831065,0.479332668480568,0.48003550230532,
0.480386919217696,0.480738336130071,0.481441169954823,0.482144003779575,
0.483549671429078,0.484955339078581,0.486361006728084,0.487766674377587,
0.48917234202709,0.490578009676593,0.491280843501345,0.491983677326096,
0.4933893449756,0.494795012625103,0.496200680274606,0.497606347924109,0.499012015573612,
0.500417683223115,0.503229018522122,0.504634686171625,0.506040353821128,
0.508851689120134,0.510257356769637,0.51166302441914,0.513068692068644,
0.514474359718147,0.51588002736765,0.517285695017153,0.518691362666656,
0.520097030316159,0.521502697965662,0.522908365615165,0.524314033264669,
0.525719700914172,0.527125368563675,0.528531036213178,0.529936703862681,
0.531342371512184,0.532748039161687,0.534153706811191,0.536965042110197,
0.5383707097597,0.539776377409203,0.540479211233955,0.541182045058706,0.542587712708209,
0.543993380357712,0.545399048007216,0.546804715656719,0.548210383306222,
0.549616050955725,0.551021718605228,0.55172455242998,0.552427386254731,
0.553833053904234,0.555238721553738,0.556644389203241,0.558050056852744,
0.559455724502247,0.560158558326998,0.56086139215175,0.562267059801253,
0.562969893626005,0.563672727450756,0.564375561275508,0.565078395100259,
0.566484062749762,0.567889730399266,0.570701065698272,0.572106733347775,
0.573512400997278,0.57421523482203,0.574918068646781,0.575620902471533,
0.576323736296285,0.579135071595291,0.580540739244794,0.581243573069545,
0.581946406894297,0.582649240719049,0.5833520745438,0.584757742193303,0.586163409842806,
0.587569077492309,0.588271911317061,0.588623328229437,0.588974745141813,
0.589677578966564,0.590380412791316,0.591083246616067,0.591786080440819,
0.593191748090322,0.594597415739825,0.595300249564577,0.596003083389328,
0.597408751038832,0.598111584863583,0.598814418688335,0.599517252513086,
0.600220086337838,0.601625753987341,0.603031421636844,0.604437089286347,
0.60584275693585,0.607248424585353,0.608654092234856,0.61005975988436,0.611465427533863,
0.612871095183366,0.614276762832869,0.614979596657621,0.615682430482372,
0.617088098131875,0.618493765781378,0.61919659960613,0.619899433430882,
0.621305101080385,0.622007934905136,0.622359351817512,0.622710768729888,
0.623413602554639,0.624116436379391,0.625522104028894,0.626927771678397,
0.6283334393279,0.629036273152652,0.629387690065028,0.629739106977404,0.631144774626907,
0.63255044227641,0.633253276101161,0.633956109925913,0.635361777575416,
0.636767445224919,0.638173112874422,0.640984448173429,0.642390115822932,
0.643795783472435,0.645201451121938,0.646607118771441,0.647309952596193,
0.648012786420944,0.64836420333332,0.648715620245696,0.649067037158072,
0.649418454070448,0.650824121719951,0.651526955544702,0.652229789369454,
0.652581206281829,0.652932623194205,0.653635457018957,0.65504112466846,
0.655743958493212,0.656446792317963,0.657149626142715,0.657852459967466,
0.659258127616969,0.659960961441721,0.660312378354097,0.660663795266472,
0.661366629091224,0.662069462915976,0.663475130565479,0.66417796439023,
0.664880798214982,0.666286465864485,0.666989299689237,0.667692133513988,
0.668043550426364,0.66839496733874,0.669097801163491,0.670503468812994,
0.671206302637746,0.671909136462498,0.672611970287249,0.673314804112001,
0.674720471761504,0.675423305586255,0.676126139411007,0.67753180706051,
0.678234640885262,0.678937474710013,0.679640308534765,0.680343142359516,
0.681748810009019,0.682451643833771,0.683154477658523,0.683505894570898,
0.683857311483274,0.684560145308026,0.685965812957529,0.68666864678228,
0.687371480607032,0.688777148256535,0.690182815906038,0.69088564973079,
0.691061358186978,0.691237066643166,0.691588483555541,0.692291317380293,
0.692994151205045,0.693696985029796,0.694399818854548,0.694751235766923,
0.695102652679299,0.695805486504051,0.697211154153554,0.698616821803057,
0.699319655627809,0.70002248945256,0.701428157102063,0.702130990926815,
0.702482407839191,0.702658116295379,0.702833824751566,0.703536658576318,
0.70423949240107,0.705645160050573,0.706347993875324,0.7066994107877,0.707050827700076,
0.708456495349579,0.709159329174331,0.709862162999082,0.710213579911458,
0.710389288367646,0.710564996823834,0.711267830648585,0.712673498298088,
0.71337633212284,0.714079165947592,0.715484833597095,0.716890501246598,
0.717593335071349,0.717944751983725,0.718296168896101,0.719701836545604),
 .UNSPECIFIED.);
#101=B_SPLINE_CURVE_WITH_KNOTS('',3,(#5565,#5566,#5567,#5568,#5569,#5570),
 .UNSPECIFIED.,.F.,.F.,(4,1,1,4),(0.,0.499999711945271,0.749999567917906,
0.999999423890542),.UNSPECIFIED.);
#102=B_SPLINE_CURVE_WITH_KNOTS('',3,(#5578,#5579,#5580,#5581,#5582,#5583,
#5584,#5585,#5586,#5587,#5588,#5589,#5590,#5591,#5592,#5593,#5594,#5595,
#5596,#5597,#5598,#5599,#5600,#5601,#5602,#5603,#5604,#5605,#5606,#5607,
#5608,#5609,#5610,#5611,#5612,#5613,#5614,#5615,#5616,#5617,#5618,#5619,
#5620,#5621,#5622,#5623,#5624),.UNSPECIFIED.,.F.,.F.,(4,1,1,1,1,1,1,1,1,
1,1,1,1,1,1,1,1,1,1,1,1,1,1,1,1,1,1,1,1,1,1,1,1,1,1,1,1,1,1,1,1,1,1,1,4),
(0.,0.0625,0.09375,0.125,0.15625,0.1875,0.21875,0.234375,0.25,0.265625,
0.28125,0.3125,0.34375,0.359375,0.375,0.390625,0.40625,0.4375,0.46875,0.484375,
0.5,0.515625,0.53125,0.5625,0.625,0.65625,0.6875,0.71875,0.734375,0.7421875,
0.75,0.7578125,0.765625,0.78125,0.8125,0.84375,0.859375,0.8671875,0.875,
0.8828125,0.890625,0.90625,0.9375,0.96875,1.),.UNSPECIFIED.);
#103=B_SPLINE_CURVE_WITH_KNOTS('',3,(#5626,#5627,#5628,#5629,#5630,#5631,
#5632,#5633,#5634,#5635,#5636,#5637,#5638,#5639,#5640,#5641,#5642,#5643,
#5644,#5645,#5646,#5647,#5648,#5649,#5650,#5651,#5652,#5653,#5654,#5655,
#5656,#5657,#5658,#5659,#5660,#5661,#5662,#5663,#5664,#5665,#5666,#5667,
#5668,#5669,#5670,#5671,#5672),.UNSPECIFIED.,.F.,.F.,(4,1,1,1,1,1,1,1,1,
1,1,1,1,1,1,1,1,1,1,1,1,1,1,1,1,1,1,1,1,1,1,1,1,1,1,1,1,1,1,1,1,1,1,1,4),
(0.,0.0625,0.09375,0.125,0.15625,0.1875,0.21875,0.234375,0.25,0.265625,
0.28125,0.3125,0.34375,0.359375,0.375,0.390625,0.40625,0.4375,0.46875,0.484375,
0.5,0.515625,0.53125,0.5625,0.625,0.65625,0.6875,0.71875,0.734375,0.7421875,
0.75,0.7578125,0.765625,0.78125,0.8125,0.84375,0.859375,0.8671875,0.875,
0.8828125,0.890625,0.90625,0.9375,0.96875,1.),.UNSPECIFIED.);
#104=B_SPLINE_CURVE_WITH_KNOTS('',3,(#5674,#5675,#5676,#5677,#5678,#5679,
#5680,#5681,#5682,#5683,#5684,#5685,#5686,#5687,#5688,#5689,#5690,#5691,
#5692,#5693,#5694,#5695,#5696,#5697,#5698,#5699,#5700,#5701,#5702,#5703,
#5704,#5705,#5706,#5707,#5708,#5709,#5710,#5711,#5712,#5713,#5714,#5715,
#5716,#5717,#5718,#5719,#5720),.UNSPECIFIED.,.F.,.F.,(4,1,1,1,1,1,1,1,1,
1,1,1,1,1,1,1,1,1,1,1,1,1,1,1,1,1,1,1,1,1,1,1,1,1,1,1,1,1,1,1,1,1,1,1,4),
(0.,0.0625,0.09375,0.125,0.15625,0.1875,0.21875,0.234375,0.25,0.265625,
0.28125,0.3125,0.34375,0.359375,0.375,0.390625,0.40625,0.4375,0.46875,0.484375,
0.5,0.515625,0.53125,0.5625,0.625,0.65625,0.6875,0.71875,0.734375,0.7421875,
0.75,0.7578125,0.765625,0.78125,0.8125,0.84375,0.859375,0.8671875,0.875,
0.8828125,0.890625,0.90625,0.9375,0.96875,1.),.UNSPECIFIED.);
#105=B_SPLINE_CURVE_WITH_KNOTS('',3,(#5722,#5723,#5724,#5725,#5726,#5727,
#5728,#5729,#5730,#5731,#5732,#5733,#5734,#5735,#5736,#5737,#5738,#5739,
#5740,#5741,#5742,#5743,#5744,#5745,#5746,#5747,#5748,#5749,#5750,#5751,
#5752,#5753,#5754,#5755,#5756,#5757,#5758,#5759,#5760,#5761,#5762,#5763,
#5764,#5765,#5766,#5767,#5768),.UNSPECIFIED.,.F.,.F.,(4,1,1,1,1,1,1,1,1,
1,1,1,1,1,1,1,1,1,1,1,1,1,1,1,1,1,1,1,1,1,1,1,1,1,1,1,1,1,1,1,1,1,1,1,4),
(0.,0.0625,0.09375,0.125,0.15625,0.1875,0.21875,0.234375,0.25,0.265625,
0.28125,0.3125,0.34375,0.359375,0.375,0.390625,0.40625,0.4375,0.46875,0.484375,
0.5,0.515625,0.53125,0.5625,0.625,0.65625,0.6875,0.71875,0.734375,0.7421875,
0.75,0.7578125,0.765625,0.78125,0.8125,0.84375,0.859375,0.8671875,0.875,
0.8828125,0.890625,0.90625,0.9375,0.96875,1.),.UNSPECIFIED.);
#106=B_SPLINE_CURVE_WITH_KNOTS('',3,(#5770,#5771,#5772,#5773,#5774,#5775,
#5776,#5777,#5778,#5779,#5780,#5781,#5782,#5783,#5784,#5785,#5786,#5787,
#5788,#5789,#5790,#5791,#5792,#5793,#5794,#5795,#5796,#5797,#5798,#5799,
#5800,#5801,#5802,#5803,#5804,#5805,#5806,#5807,#5808,#5809,#5810,#5811,
#5812,#5813,#5814,#5815,#5816),.UNSPECIFIED.,.F.,.F.,(4,1,1,1,1,1,1,1,1,
1,1,1,1,1,1,1,1,1,1,1,1,1,1,1,1,1,1,1,1,1,1,1,1,1,1,1,1,1,1,1,1,1,1,1,4),
(0.,0.0625,0.09375,0.125,0.15625,0.1875,0.21875,0.234375,0.25,0.265625,
0.28125,0.3125,0.34375,0.359375,0.375,0.390625,0.40625,0.4375,0.46875,0.484375,
0.5,0.515625,0.53125,0.5625,0.625,0.65625,0.6875,0.71875,0.734375,0.7421875,
0.75,0.7578125,0.765625,0.78125,0.8125,0.84375,0.859375,0.8671875,0.875,
0.8828125,0.890625,0.90625,0.9375,0.96875,1.),.UNSPECIFIED.);
#107=B_SPLINE_CURVE_WITH_KNOTS('',3,(#5818,#5819,#5820,#5821,#5822,#5823,
#5824,#5825,#5826,#5827,#5828,#5829,#5830,#5831,#5832,#5833,#5834,#5835,
#5836,#5837,#5838,#5839,#5840,#5841,#5842,#5843,#5844,#5845,#5846,#5847,
#5848,#5849,#5850,#5851,#5852,#5853,#5854,#5855,#5856,#5857,#5858,#5859,
#5860,#5861,#5862,#5863,#5864),.UNSPECIFIED.,.F.,.F.,(4,1,1,1,1,1,1,1,1,
1,1,1,1,1,1,1,1,1,1,1,1,1,1,1,1,1,1,1,1,1,1,1,1,1,1,1,1,1,1,1,1,1,1,1,4),
(0.,0.0625,0.09375,0.125,0.15625,0.1875,0.21875,0.234375,0.25,0.265625,
0.28125,0.3125,0.34375,0.359375,0.375,0.390625,0.40625,0.4375,0.46875,0.484375,
0.5,0.515625,0.53125,0.5625,0.625,0.65625,0.6875,0.71875,0.734375,0.7421875,
0.75,0.7578125,0.765625,0.78125,0.8125,0.84375,0.859375,0.8671875,0.875,
0.8828125,0.890625,0.90625,0.9375,0.96875,1.),.UNSPECIFIED.);
#108=B_SPLINE_CURVE_WITH_KNOTS('',3,(#5866,#5867,#5868,#5869,#5870,#5871,
#5872,#5873,#5874,#5875,#5876,#5877,#5878,#5879,#5880,#5881,#5882,#5883,
#5884,#5885,#5886,#5887,#5888,#5889,#5890,#5891,#5892,#5893,#5894,#5895,
#5896,#5897,#5898,#5899,#5900,#5901,#5902,#5903,#5904,#5905,#5906,#5907,
#5908,#5909,#5910,#5911,#5912),.UNSPECIFIED.,.F.,.F.,(4,1,1,1,1,1,1,1,1,
1,1,1,1,1,1,1,1,1,1,1,1,1,1,1,1,1,1,1,1,1,1,1,1,1,1,1,1,1,1,1,1,1,1,1,4),
(0.,0.0625,0.09375,0.125,0.15625,0.1875,0.21875,0.234375,0.25,0.265625,
0.28125,0.3125,0.34375,0.359375,0.375,0.390625,0.40625,0.4375,0.46875,0.484375,
0.5,0.515625,0.53125,0.5625,0.625,0.65625,0.6875,0.71875,0.734375,0.7421875,
0.75,0.7578125,0.765625,0.78125,0.8125,0.84375,0.859375,0.8671875,0.875,
0.8828125,0.890625,0.90625,0.9375,0.96875,1.),.UNSPECIFIED.);
#109=B_SPLINE_CURVE_WITH_KNOTS('',3,(#5914,#5915,#5916,#5917,#5918,#5919,
#5920,#5921,#5922,#5923,#5924,#5925,#5926,#5927,#5928,#5929,#5930,#5931,
#5932,#5933,#5934,#5935,#5936,#5937,#5938,#5939,#5940,#5941,#5942,#5943,
#5944,#5945,#5946,#5947,#5948,#5949,#5950,#5951,#5952,#5953,#5954,#5955,
#5956,#5957,#5958,#5959,#5960),.UNSPECIFIED.,.F.,.F.,(4,1,1,1,1,1,1,1,1,
1,1,1,1,1,1,1,1,1,1,1,1,1,1,1,1,1,1,1,1,1,1,1,1,1,1,1,1,1,1,1,1,1,1,1,4),
(0.,0.0625,0.09375,0.125,0.15625,0.1875,0.21875,0.234375,0.25,0.265625,
0.28125,0.3125,0.34375,0.359375,0.375,0.390625,0.40625,0.4375,0.46875,0.484375,
0.5,0.515625,0.53125,0.5625,0.625,0.65625,0.6875,0.71875,0.734375,0.7421875,
0.75,0.7578125,0.765625,0.78125,0.8125,0.84375,0.859375,0.8671875,0.875,
0.8828125,0.890625,0.90625,0.9375,0.96875,1.),.UNSPECIFIED.);
#110=B_SPLINE_CURVE_WITH_KNOTS('',3,(#5962,#5963,#5964,#5965,#5966,#5967,
#5968,#5969,#5970,#5971,#5972,#5973,#5974,#5975,#5976,#5977,#5978,#5979,
#5980,#5981,#5982,#5983,#5984,#5985,#5986,#5987,#5988,#5989,#5990,#5991,
#5992,#5993,#5994,#5995,#5996,#5997,#5998,#5999,#6000,#6001,#6002,#6003,
#6004,#6005,#6006,#6007,#6008),.UNSPECIFIED.,.F.,.F.,(4,1,1,1,1,1,1,1,1,
1,1,1,1,1,1,1,1,1,1,1,1,1,1,1,1,1,1,1,1,1,1,1,1,1,1,1,1,1,1,1,1,1,1,1,4),
(0.,0.0625,0.09375,0.125,0.15625,0.1875,0.21875,0.234375,0.25,0.265625,
0.28125,0.3125,0.34375,0.359375,0.375,0.390625,0.40625,0.4375,0.46875,0.484375,
0.5,0.515625,0.53125,0.5625,0.625,0.65625,0.6875,0.71875,0.734375,0.7421875,
0.75,0.7578125,0.765625,0.78125,0.8125,0.84375,0.859375,0.8671875,0.875,
0.8828125,0.890625,0.90625,0.9375,0.96875,1.),.UNSPECIFIED.);
#111=B_SPLINE_CURVE_WITH_KNOTS('',3,(#6010,#6011,#6012,#6013,#6014,#6015,
#6016,#6017,#6018,#6019,#6020,#6021,#6022,#6023,#6024,#6025,#6026,#6027,
#6028,#6029,#6030,#6031,#6032,#6033,#6034,#6035,#6036,#6037,#6038,#6039,
#6040,#6041,#6042,#6043,#6044,#6045,#6046,#6047,#6048,#6049,#6050,#6051,
#6052,#6053,#6054,#6055,#6056),.UNSPECIFIED.,.F.,.F.,(4,1,1,1,1,1,1,1,1,
1,1,1,1,1,1,1,1,1,1,1,1,1,1,1,1,1,1,1,1,1,1,1,1,1,1,1,1,1,1,1,1,1,1,1,4),
(0.,0.0625,0.09375,0.125,0.15625,0.1875,0.21875,0.234375,0.25,0.265625,
0.28125,0.3125,0.34375,0.359375,0.375,0.390625,0.40625,0.4375,0.46875,0.484375,
0.5,0.515625,0.53125,0.5625,0.625,0.65625,0.6875,0.71875,0.734375,0.7421875,
0.75,0.7578125,0.765625,0.78125,0.8125,0.84375,0.859375,0.8671875,0.875,
0.8828125,0.890625,0.90625,0.9375,0.96875,1.),.UNSPECIFIED.);
#112=B_SPLINE_CURVE_WITH_KNOTS('',3,(#6058,#6059,#6060,#6061,#6062,#6063,
#6064,#6065,#6066,#6067,#6068,#6069,#6070,#6071,#6072,#6073,#6074,#6075,
#6076,#6077,#6078,#6079,#6080,#6081,#6082,#6083,#6084,#6085,#6086,#6087,
#6088,#6089,#6090,#6091,#6092,#6093,#6094,#6095,#6096,#6097,#6098,#6099,
#6100,#6101,#6102,#6103,#6104),.UNSPECIFIED.,.F.,.F.,(4,1,1,1,1,1,1,1,1,
1,1,1,1,1,1,1,1,1,1,1,1,1,1,1,1,1,1,1,1,1,1,1,1,1,1,1,1,1,1,1,1,1,1,1,4),
(0.,0.0625,0.09375,0.125,0.15625,0.1875,0.21875,0.234375,0.25,0.265625,
0.28125,0.3125,0.34375,0.359375,0.375,0.390625,0.40625,0.4375,0.46875,0.484375,
0.5,0.515625,0.53125,0.5625,0.625,0.65625,0.6875,0.71875,0.734375,0.7421875,
0.75,0.7578125,0.765625,0.78125,0.8125,0.84375,0.859375,0.8671875,0.875,
0.8828125,0.890625,0.90625,0.9375,0.96875,1.),.UNSPECIFIED.);
#113=B_SPLINE_CURVE_WITH_KNOTS('',3,(#6106,#6107,#6108,#6109,#6110,#6111,
#6112,#6113,#6114,#6115,#6116,#6117,#6118,#6119,#6120,#6121,#6122,#6123,
#6124,#6125,#6126,#6127,#6128,#6129,#6130,#6131,#6132,#6133,#6134,#6135,
#6136,#6137,#6138,#6139,#6140,#6141,#6142,#6143,#6144,#6145,#6146,#6147,
#6148,#6149,#6150,#6151,#6152),.UNSPECIFIED.,.F.,.F.,(4,1,1,1,1,1,1,1,1,
1,1,1,1,1,1,1,1,1,1,1,1,1,1,1,1,1,1,1,1,1,1,1,1,1,1,1,1,1,1,1,1,1,1,1,4),
(0.,0.0625,0.09375,0.125,0.15625,0.1875,0.21875,0.234375,0.25,0.265625,
0.28125,0.3125,0.34375,0.359375,0.375,0.390625,0.40625,0.4375,0.46875,0.484375,
0.5,0.515625,0.53125,0.5625,0.625,0.65625,0.6875,0.71875,0.734375,0.7421875,
0.75,0.7578125,0.765625,0.78125,0.8125,0.84375,0.859375,0.8671875,0.875,
0.8828125,0.890625,0.90625,0.9375,0.96875,1.),.UNSPECIFIED.);
#114=B_SPLINE_CURVE_WITH_KNOTS('',3,(#6154,#6155,#6156,#6157,#6158,#6159,
#6160,#6161,#6162,#6163,#6164,#6165,#6166,#6167,#6168,#6169,#6170,#6171,
#6172,#6173,#6174,#6175,#6176,#6177,#6178,#6179,#6180,#6181,#6182,#6183,
#6184,#6185,#6186,#6187,#6188,#6189,#6190,#6191,#6192,#6193,#6194,#6195,
#6196,#6197,#6198,#6199,#6200),.UNSPECIFIED.,.F.,.F.,(4,1,1,1,1,1,1,1,1,
1,1,1,1,1,1,1,1,1,1,1,1,1,1,1,1,1,1,1,1,1,1,1,1,1,1,1,1,1,1,1,1,1,1,1,4),
(0.,0.0625,0.09375,0.125,0.15625,0.1875,0.21875,0.234375,0.25,0.265625,
0.28125,0.3125,0.34375,0.359375,0.375,0.390625,0.40625,0.4375,0.46875,0.484375,
0.5,0.515625,0.53125,0.5625,0.625,0.65625,0.6875,0.71875,0.734375,0.7421875,
0.75,0.7578125,0.765625,0.78125,0.8125,0.84375,0.859375,0.8671875,0.875,
0.8828125,0.890625,0.90625,0.9375,0.96875,1.),.UNSPECIFIED.);
#115=B_SPLINE_CURVE_WITH_KNOTS('',3,(#6202,#6203,#6204,#6205,#6206,#6207,
#6208,#6209,#6210,#6211,#6212,#6213,#6214,#6215,#6216,#6217,#6218,#6219,
#6220,#6221,#6222,#6223,#6224,#6225,#6226,#6227,#6228,#6229,#6230,#6231,
#6232,#6233,#6234,#6235,#6236,#6237,#6238,#6239,#6240,#6241,#6242,#6243,
#6244,#6245,#6246,#6247,#6248),.UNSPECIFIED.,.F.,.F.,(4,1,1,1,1,1,1,1,1,
1,1,1,1,1,1,1,1,1,1,1,1,1,1,1,1,1,1,1,1,1,1,1,1,1,1,1,1,1,1,1,1,1,1,1,4),
(0.,0.0625,0.09375,0.125,0.15625,0.1875,0.21875,0.234375,0.25,0.265625,
0.28125,0.3125,0.34375,0.359375,0.375,0.390625,0.40625,0.4375,0.46875,0.484375,
0.5,0.515625,0.53125,0.5625,0.625,0.65625,0.6875,0.71875,0.734375,0.7421875,
0.75,0.7578125,0.765625,0.78125,0.8125,0.84375,0.859375,0.8671875,0.875,
0.8828125,0.890625,0.90625,0.9375,0.96875,1.),.UNSPECIFIED.);
#116=B_SPLINE_CURVE_WITH_KNOTS('',3,(#6250,#6251,#6252,#6253,#6254,#6255,
#6256,#6257,#6258,#6259,#6260,#6261,#6262,#6263,#6264,#6265,#6266,#6267,
#6268,#6269,#6270,#6271,#6272,#6273,#6274,#6275,#6276,#6277,#6278,#6279,
#6280,#6281,#6282,#6283,#6284,#6285,#6286,#6287,#6288,#6289,#6290,#6291,
#6292,#6293,#6294,#6295,#6296),.UNSPECIFIED.,.F.,.F.,(4,1,1,1,1,1,1,1,1,
1,1,1,1,1,1,1,1,1,1,1,1,1,1,1,1,1,1,1,1,1,1,1,1,1,1,1,1,1,1,1,1,1,1,1,4),
(0.,0.0625,0.09375,0.125,0.15625,0.1875,0.21875,0.234375,0.25,0.265625,
0.28125,0.3125,0.34375,0.359375,0.375,0.390625,0.40625,0.4375,0.46875,0.484375,
0.5,0.515625,0.53125,0.5625,0.625,0.65625,0.6875,0.71875,0.734375,0.7421875,
0.75,0.7578125,0.765625,0.78125,0.8125,0.84375,0.859375,0.8671875,0.875,
0.8828125,0.890625,0.90625,0.9375,0.96875,1.),.UNSPECIFIED.);
#117=B_SPLINE_CURVE_WITH_KNOTS('',3,(#6298,#6299,#6300,#6301,#6302,#6303,
#6304,#6305,#6306,#6307,#6308,#6309,#6310,#6311,#6312,#6313,#6314,#6315,
#6316,#6317,#6318,#6319,#6320,#6321,#6322,#6323,#6324,#6325,#6326,#6327,
#6328,#6329,#6330,#6331,#6332,#6333,#6334,#6335,#6336,#6337,#6338,#6339,
#6340,#6341,#6342,#6343,#6344),.UNSPECIFIED.,.F.,.F.,(4,1,1,1,1,1,1,1,1,
1,1,1,1,1,1,1,1,1,1,1,1,1,1,1,1,1,1,1,1,1,1,1,1,1,1,1,1,1,1,1,1,1,1,1,4),
(0.,0.0625,0.09375,0.125,0.15625,0.1875,0.21875,0.234375,0.25,0.265625,
0.28125,0.3125,0.34375,0.359375,0.375,0.390625,0.40625,0.4375,0.46875,0.484375,
0.5,0.515625,0.53125,0.5625,0.625,0.65625,0.6875,0.71875,0.734375,0.7421875,
0.75,0.7578125,0.765625,0.78125,0.8125,0.84375,0.859375,0.8671875,0.875,
0.8828125,0.890625,0.90625,0.9375,0.96875,1.),.UNSPECIFIED.);
#118=B_SPLINE_CURVE_WITH_KNOTS('',3,(#6346,#6347,#6348,#6349,#6350,#6351,
#6352,#6353,#6354,#6355,#6356,#6357,#6358,#6359,#6360,#6361,#6362,#6363,
#6364,#6365,#6366,#6367,#6368,#6369,#6370,#6371,#6372,#6373,#6374,#6375,
#6376,#6377,#6378,#6379,#6380,#6381,#6382,#6383,#6384,#6385,#6386,#6387,
#6388,#6389,#6390,#6391,#6392),.UNSPECIFIED.,.F.,.F.,(4,1,1,1,1,1,1,1,1,
1,1,1,1,1,1,1,1,1,1,1,1,1,1,1,1,1,1,1,1,1,1,1,1,1,1,1,1,1,1,1,1,1,1,1,4),
(0.,0.0625,0.09375,0.125,0.15625,0.1875,0.21875,0.234375,0.25,0.265625,
0.28125,0.3125,0.34375,0.359375,0.375,0.390625,0.40625,0.4375,0.46875,0.484375,
0.5,0.515625,0.53125,0.5625,0.625,0.65625,0.6875,0.71875,0.734375,0.7421875,
0.75,0.7578125,0.765625,0.78125,0.8125,0.84375,0.859375,0.8671875,0.875,
0.8828125,0.890625,0.90625,0.9375,0.96875,1.),.UNSPECIFIED.);
#119=B_SPLINE_CURVE_WITH_KNOTS('',3,(#6394,#6395,#6396,#6397,#6398,#6399,
#6400,#6401,#6402,#6403,#6404,#6405,#6406,#6407,#6408,#6409,#6410,#6411,
#6412,#6413,#6414,#6415,#6416,#6417,#6418,#6419,#6420,#6421,#6422,#6423,
#6424,#6425,#6426,#6427,#6428,#6429,#6430,#6431,#6432,#6433,#6434,#6435,
#6436,#6437,#6438,#6439,#6440),.UNSPECIFIED.,.F.,.F.,(4,1,1,1,1,1,1,1,1,
1,1,1,1,1,1,1,1,1,1,1,1,1,1,1,1,1,1,1,1,1,1,1,1,1,1,1,1,1,1,1,1,1,1,1,4),
(0.,0.0625,0.09375,0.125,0.15625,0.1875,0.21875,0.234375,0.25,0.265625,
0.28125,0.3125,0.34375,0.359375,0.375,0.390625,0.40625,0.4375,0.46875,0.484375,
0.5,0.515625,0.53125,0.5625,0.625,0.65625,0.6875,0.71875,0.734375,0.7421875,
0.75,0.7578125,0.765625,0.78125,0.8125,0.84375,0.859375,0.8671875,0.875,
0.8828125,0.890625,0.90625,0.9375,0.96875,1.),.UNSPECIFIED.);
#120=B_SPLINE_CURVE_WITH_KNOTS('',3,(#6442,#6443,#6444,#6445,#6446,#6447,
#6448,#6449,#6450,#6451,#6452,#6453,#6454,#6455,#6456,#6457,#6458,#6459,
#6460,#6461,#6462,#6463,#6464,#6465,#6466,#6467,#6468,#6469,#6470,#6471,
#6472,#6473,#6474,#6475,#6476,#6477,#6478,#6479,#6480,#6481,#6482,#6483,
#6484,#6485,#6486,#6487,#6488),.UNSPECIFIED.,.F.,.F.,(4,1,1,1,1,1,1,1,1,
1,1,1,1,1,1,1,1,1,1,1,1,1,1,1,1,1,1,1,1,1,1,1,1,1,1,1,1,1,1,1,1,1,1,1,4),
(0.,0.0625,0.09375,0.125,0.15625,0.1875,0.21875,0.234375,0.25,0.265625,
0.28125,0.3125,0.34375,0.359375,0.375,0.390625,0.40625,0.4375,0.46875,0.484375,
0.5,0.515625,0.53125,0.5625,0.625,0.65625,0.6875,0.71875,0.734375,0.7421875,
0.75,0.7578125,0.765625,0.78125,0.8125,0.84375,0.859375,0.8671875,0.875,
0.8828125,0.890625,0.90625,0.9375,0.96875,1.),.UNSPECIFIED.);
#121=B_SPLINE_CURVE_WITH_KNOTS('',3,(#6490,#6491,#6492,#6493,#6494,#6495,
#6496,#6497,#6498,#6499,#6500,#6501,#6502,#6503,#6504,#6505,#6506,#6507,
#6508,#6509,#6510,#6511,#6512,#6513,#6514,#6515,#6516,#6517,#6518,#6519,
#6520,#6521,#6522,#6523,#6524,#6525,#6526,#6527,#6528,#6529,#6530,#6531,
#6532,#6533,#6534,#6535,#6536),.UNSPECIFIED.,.F.,.F.,(4,1,1,1,1,1,1,1,1,
1,1,1,1,1,1,1,1,1,1,1,1,1,1,1,1,1,1,1,1,1,1,1,1,1,1,1,1,1,1,1,1,1,1,1,4),
(0.,0.0625,0.09375,0.125,0.15625,0.1875,0.21875,0.234375,0.25,0.265625,
0.28125,0.3125,0.34375,0.359375,0.375,0.390625,0.40625,0.4375,0.46875,0.484375,
0.5,0.515625,0.53125,0.5625,0.625,0.65625,0.6875,0.71875,0.734375,0.7421875,
0.75,0.7578125,0.765625,0.78125,0.8125,0.84375,0.859375,0.8671875,0.875,
0.8828125,0.890625,0.90625,0.9375,0.96875,1.),.UNSPECIFIED.);
#122=B_SPLINE_CURVE_WITH_KNOTS('',3,(#6538,#6539,#6540,#6541,#6542),
 .UNSPECIFIED.,.F.,.F.,(4,1,4),(0.,0.499999859177969,0.999999718355939),
 .UNSPECIFIED.);
#123=B_SPLINE_CURVE_WITH_KNOTS('',3,(#6722,#6723,#6724,#6725,#6726),
 .UNSPECIFIED.,.F.,.F.,(4,1,4),(0.,0.499999861800914,0.999999723601828),
 .UNSPECIFIED.);
#124=B_SPLINE_CURVE_WITH_KNOTS('',3,(#7126,#7127,#7128,#7129,#7130,#7131),
 .UNSPECIFIED.,.F.,.F.,(4,1,1,4),(0.,0.499999709216678,0.749999563825017,
0.999999418433356),.UNSPECIFIED.);
#125=B_SPLINE_CURVE_WITH_KNOTS('',3,(#7349,#7350,#7351,#7352,#7353,#7354,
#7355),.UNSPECIFIED.,.F.,.F.,(4,1,1,1,4),(0.,0.25,0.5,0.75,1.),
 .UNSPECIFIED.);
#126=B_SPLINE_CURVE_WITH_KNOTS('',3,(#7373,#7374,#7375,#7376),
 .UNSPECIFIED.,.F.,.F.,(4,4),(0.,1.),.UNSPECIFIED.);
#127=B_SPLINE_CURVE_WITH_KNOTS('',3,(#7378,#7379,#7380,#7381),
 .UNSPECIFIED.,.F.,.F.,(4,4),(0.,1.),.UNSPECIFIED.);
#128=B_SPLINE_CURVE_WITH_KNOTS('',3,(#7383,#7384,#7385,#7386),
 .UNSPECIFIED.,.F.,.F.,(4,4),(0.,1.),.UNSPECIFIED.);
#129=B_SPLINE_CURVE_WITH_KNOTS('',3,(#7388,#7389,#7390,#7391),
 .UNSPECIFIED.,.F.,.F.,(4,4),(0.,1.),.UNSPECIFIED.);
#130=B_SPLINE_CURVE_WITH_KNOTS('',3,(#7393,#7394,#7395,#7396),
 .UNSPECIFIED.,.F.,.F.,(4,4),(0.,1.),.UNSPECIFIED.);
#131=B_SPLINE_CURVE_WITH_KNOTS('',3,(#7398,#7399,#7400,#7401),
 .UNSPECIFIED.,.F.,.F.,(4,4),(0.,1.),.UNSPECIFIED.);
#132=B_SPLINE_CURVE_WITH_KNOTS('',3,(#7403,#7404,#7405,#7406),
 .UNSPECIFIED.,.F.,.F.,(4,4),(0.,1.),.UNSPECIFIED.);
#133=B_SPLINE_CURVE_WITH_KNOTS('',3,(#7408,#7409,#7410,#7411),
 .UNSPECIFIED.,.F.,.F.,(4,4),(0.,1.),.UNSPECIFIED.);
#134=B_SPLINE_CURVE_WITH_KNOTS('',3,(#7413,#7414,#7415,#7416),
 .UNSPECIFIED.,.F.,.F.,(4,4),(0.,1.),.UNSPECIFIED.);
#135=B_SPLINE_CURVE_WITH_KNOTS('',3,(#7418,#7419,#7420,#7421),
 .UNSPECIFIED.,.F.,.F.,(4,4),(0.,1.),.UNSPECIFIED.);
#136=B_SPLINE_CURVE_WITH_KNOTS('',3,(#7423,#7424,#7425,#7426),
 .UNSPECIFIED.,.F.,.F.,(4,4),(0.,1.),.UNSPECIFIED.);
#137=B_SPLINE_CURVE_WITH_KNOTS('',3,(#7428,#7429,#7430,#7431),
 .UNSPECIFIED.,.F.,.F.,(4,4),(0.,1.),.UNSPECIFIED.);
#138=B_SPLINE_CURVE_WITH_KNOTS('',3,(#7436,#7437,#7438,#7439),
 .UNSPECIFIED.,.F.,.F.,(4,4),(0.,1.),.UNSPECIFIED.);
#139=B_SPLINE_CURVE_WITH_KNOTS('',3,(#7441,#7442,#7443,#7444),
 .UNSPECIFIED.,.F.,.F.,(4,4),(0.,1.),.UNSPECIFIED.);
#140=B_SPLINE_CURVE_WITH_KNOTS('',3,(#7446,#7447,#7448,#7449),
 .UNSPECIFIED.,.F.,.F.,(4,4),(0.,1.),.UNSPECIFIED.);
#141=B_SPLINE_CURVE_WITH_KNOTS('',3,(#7453,#7454,#7455,#7456),
 .UNSPECIFIED.,.F.,.F.,(4,4),(0.,1.),.UNSPECIFIED.);
#142=B_SPLINE_CURVE_WITH_KNOTS('',3,(#7460,#7461,#7462,#7463),
 .UNSPECIFIED.,.F.,.F.,(4,4),(0.,1.),.UNSPECIFIED.);
#143=B_SPLINE_CURVE_WITH_KNOTS('',3,(#7468,#7469,#7470,#7471),
 .UNSPECIFIED.,.F.,.F.,(4,4),(0.,1.),.UNSPECIFIED.);
#144=B_SPLINE_CURVE_WITH_KNOTS('',3,(#7473,#7474,#7475,#7476),
 .UNSPECIFIED.,.F.,.F.,(4,4),(0.,1.),.UNSPECIFIED.);
#145=B_SPLINE_CURVE_WITH_KNOTS('',3,(#7480,#7481,#7482,#7483),
 .UNSPECIFIED.,.F.,.F.,(4,4),(0.,1.),.UNSPECIFIED.);
#146=B_SPLINE_CURVE_WITH_KNOTS('',3,(#7485,#7486,#7487,#7488),
 .UNSPECIFIED.,.F.,.F.,(4,4),(0.,1.),.UNSPECIFIED.);
#147=B_SPLINE_CURVE_WITH_KNOTS('',3,(#7492,#7493,#7494,#7495),
 .UNSPECIFIED.,.F.,.F.,(4,4),(0.,1.),.UNSPECIFIED.);
#148=B_SPLINE_CURVE_WITH_KNOTS('',3,(#7497,#7498,#7499,#7500),
 .UNSPECIFIED.,.F.,.F.,(4,4),(0.,1.),.UNSPECIFIED.);
#149=B_SPLINE_CURVE_WITH_KNOTS('',3,(#7503,#7504,#7505,#7506),
 .UNSPECIFIED.,.F.,.F.,(4,4),(0.,1.),.UNSPECIFIED.);
#150=B_SPLINE_CURVE_WITH_KNOTS('',3,(#7530,#7531,#7532,#7533),
 .UNSPECIFIED.,.F.,.F.,(4,4),(0.,1.),.UNSPECIFIED.);
#151=B_SPLINE_CURVE_WITH_KNOTS('',3,(#7535,#7536,#7537,#7538,#7539),
 .UNSPECIFIED.,.F.,.F.,(4,1,4),(0.,0.5,1.),.UNSPECIFIED.);
#152=B_SPLINE_CURVE_WITH_KNOTS('',3,(#7541,#7542,#7543,#7544),
 .UNSPECIFIED.,.F.,.F.,(4,4),(0.,1.),.UNSPECIFIED.);
#153=B_SPLINE_CURVE_WITH_KNOTS('',3,(#7546,#7547,#7548,#7549),
 .UNSPECIFIED.,.F.,.F.,(4,4),(0.,1.),.UNSPECIFIED.);
#154=B_SPLINE_CURVE_WITH_KNOTS('',3,(#7551,#7552,#7553,#7554,#7555),
 .UNSPECIFIED.,.F.,.F.,(4,1,4),(0.,0.5,1.),.UNSPECIFIED.);
#155=B_SPLINE_CURVE_WITH_KNOTS('',3,(#7557,#7558,#7559,#7560),
 .UNSPECIFIED.,.F.,.F.,(4,4),(0.,1.),.UNSPECIFIED.);
#156=B_SPLINE_CURVE_WITH_KNOTS('',3,(#7562,#7563,#7564,#7565),
 .UNSPECIFIED.,.F.,.F.,(4,4),(0.,1.),.UNSPECIFIED.);
#157=B_SPLINE_CURVE_WITH_KNOTS('',3,(#7567,#7568,#7569,#7570),
 .UNSPECIFIED.,.F.,.F.,(4,4),(0.,1.),.UNSPECIFIED.);
#158=B_SPLINE_CURVE_WITH_KNOTS('',3,(#7572,#7573,#7574,#7575),
 .UNSPECIFIED.,.F.,.F.,(4,4),(0.,1.),.UNSPECIFIED.);
#159=B_SPLINE_CURVE_WITH_KNOTS('',3,(#7577,#7578,#7579,#7580),
 .UNSPECIFIED.,.F.,.F.,(4,4),(0.,1.),.UNSPECIFIED.);
#160=B_SPLINE_CURVE_WITH_KNOTS('',3,(#7582,#7583,#7584,#7585),
 .UNSPECIFIED.,.F.,.F.,(4,4),(0.,1.),.UNSPECIFIED.);
#161=B_SPLINE_CURVE_WITH_KNOTS('',3,(#7587,#7588,#7589,#7590),
 .UNSPECIFIED.,.F.,.F.,(4,4),(0.,1.),.UNSPECIFIED.);
#162=B_SPLINE_CURVE_WITH_KNOTS('',3,(#7594,#7595,#7596,#7597),
 .UNSPECIFIED.,.F.,.F.,(4,4),(0.,1.),.UNSPECIFIED.);
#163=B_SPLINE_CURVE_WITH_KNOTS('',3,(#7599,#7600,#7601,#7602),
 .UNSPECIFIED.,.F.,.F.,(4,4),(0.,1.),.UNSPECIFIED.);
#164=B_SPLINE_CURVE_WITH_KNOTS('',3,(#7606,#7607,#7608,#7609),
 .UNSPECIFIED.,.F.,.F.,(4,4),(0.,1.),.UNSPECIFIED.);
#165=B_SPLINE_CURVE_WITH_KNOTS('',3,(#7611,#7612,#7613,#7614),
 .UNSPECIFIED.,.F.,.F.,(4,4),(0.,1.),.UNSPECIFIED.);
#166=B_SPLINE_CURVE_WITH_KNOTS('',3,(#7618,#7619,#7620,#7621,#7622),
 .UNSPECIFIED.,.F.,.F.,(4,1,4),(0.,0.5,1.),.UNSPECIFIED.);
#167=B_SPLINE_CURVE_WITH_KNOTS('',3,(#7624,#7625,#7626,#7627),
 .UNSPECIFIED.,.F.,.F.,(4,4),(0.,1.),.UNSPECIFIED.);
#168=B_SPLINE_CURVE_WITH_KNOTS('',3,(#7631,#7632,#7633,#7634),
 .UNSPECIFIED.,.F.,.F.,(4,4),(0.,1.),.UNSPECIFIED.);
#169=B_SPLINE_CURVE_WITH_KNOTS('',3,(#7636,#7637,#7638,#7639),
 .UNSPECIFIED.,.F.,.F.,(4,4),(0.,1.),.UNSPECIFIED.);
#170=B_SPLINE_CURVE_WITH_KNOTS('',3,(#7643,#7644,#7645,#7646),
 .UNSPECIFIED.,.F.,.F.,(4,4),(0.,1.),.UNSPECIFIED.);
#171=B_SPLINE_CURVE_WITH_KNOTS('',3,(#7648,#7649,#7650,#7651),
 .UNSPECIFIED.,.F.,.F.,(4,4),(0.,1.),.UNSPECIFIED.);
#172=B_SPLINE_CURVE_WITH_KNOTS('',3,(#7655,#7656,#7657,#7658),
 .UNSPECIFIED.,.F.,.F.,(4,4),(0.,1.),.UNSPECIFIED.);
#173=B_SPLINE_CURVE_WITH_KNOTS('',3,(#7660,#7661,#7662,#7663,#7664),
 .UNSPECIFIED.,.F.,.F.,(4,1,4),(0.,0.5,1.),.UNSPECIFIED.);
#174=B_SPLINE_CURVE_WITH_KNOTS('',3,(#7734,#7735,#7736,#7737,#7738),
 .UNSPECIFIED.,.F.,.F.,(4,1,4),(0.,0.5,1.),.UNSPECIFIED.);
#175=B_SPLINE_CURVE_WITH_KNOTS('',3,(#7740,#7741,#7742,#7743),
 .UNSPECIFIED.,.F.,.F.,(4,4),(0.,1.),.UNSPECIFIED.);
#176=B_SPLINE_CURVE_WITH_KNOTS('',3,(#7745,#7746,#7747,#7748),
 .UNSPECIFIED.,.F.,.F.,(4,4),(0.,1.),.UNSPECIFIED.);
#177=B_SPLINE_CURVE_WITH_KNOTS('',3,(#7750,#7751,#7752,#7753),
 .UNSPECIFIED.,.F.,.F.,(4,4),(0.,1.),.UNSPECIFIED.);
#178=B_SPLINE_CURVE_WITH_KNOTS('',3,(#7755,#7756,#7757,#7758),
 .UNSPECIFIED.,.F.,.F.,(4,4),(0.,1.),.UNSPECIFIED.);
#179=B_SPLINE_CURVE_WITH_KNOTS('',3,(#7760,#7761,#7762,#7763,#7764),
 .UNSPECIFIED.,.F.,.F.,(4,1,4),(0.,0.5,1.),.UNSPECIFIED.);
#180=B_SPLINE_CURVE_WITH_KNOTS('',3,(#7766,#7767,#7768,#7769),
 .UNSPECIFIED.,.F.,.F.,(4,4),(0.,1.),.UNSPECIFIED.);
#181=B_SPLINE_CURVE_WITH_KNOTS('',3,(#7771,#7772,#7773,#7774),
 .UNSPECIFIED.,.F.,.F.,(4,4),(0.,1.),.UNSPECIFIED.);
#182=B_SPLINE_CURVE_WITH_KNOTS('',3,(#7776,#7777,#7778,#7779),
 .UNSPECIFIED.,.F.,.F.,(4,4),(0.,1.),.UNSPECIFIED.);
#183=B_SPLINE_CURVE_WITH_KNOTS('',3,(#7781,#7782,#7783,#7784),
 .UNSPECIFIED.,.F.,.F.,(4,4),(0.,1.),.UNSPECIFIED.);
#184=B_SPLINE_CURVE_WITH_KNOTS('',3,(#7786,#7787,#7788,#7789),
 .UNSPECIFIED.,.F.,.F.,(4,4),(0.,1.),.UNSPECIFIED.);
#185=B_SPLINE_CURVE_WITH_KNOTS('',3,(#7791,#7792,#7793,#7794),
 .UNSPECIFIED.,.F.,.F.,(4,4),(0.,1.),.UNSPECIFIED.);
#186=B_SPLINE_CURVE_WITH_KNOTS('',3,(#7800,#7801,#7802,#7803),
 .UNSPECIFIED.,.F.,.F.,(4,4),(0.,1.),.UNSPECIFIED.);
#187=B_SPLINE_CURVE_WITH_KNOTS('',3,(#7805,#7806,#7807,#7808),
 .UNSPECIFIED.,.F.,.F.,(4,4),(0.,1.),.UNSPECIFIED.);
#188=B_SPLINE_CURVE_WITH_KNOTS('',3,(#7812,#7813,#7814,#7815,#7816),
 .UNSPECIFIED.,.F.,.F.,(4,1,4),(0.,0.5,1.),.UNSPECIFIED.);
#189=B_SPLINE_CURVE_WITH_KNOTS('',3,(#7818,#7819,#7820,#7821),
 .UNSPECIFIED.,.F.,.F.,(4,4),(0.,1.),.UNSPECIFIED.);
#190=B_SPLINE_CURVE_WITH_KNOTS('',3,(#7825,#7826,#7827,#7828),
 .UNSPECIFIED.,.F.,.F.,(4,4),(0.,1.),.UNSPECIFIED.);
#191=B_SPLINE_CURVE_WITH_KNOTS('',3,(#7830,#7831,#7832,#7833),
 .UNSPECIFIED.,.F.,.F.,(4,4),(0.,1.),.UNSPECIFIED.);
#192=B_SPLINE_CURVE_WITH_KNOTS('',3,(#7837,#7838,#7839,#7840),
 .UNSPECIFIED.,.F.,.F.,(4,4),(0.,1.),.UNSPECIFIED.);
#193=B_SPLINE_CURVE_WITH_KNOTS('',3,(#7842,#7843,#7844,#7845),
 .UNSPECIFIED.,.F.,.F.,(4,4),(0.,1.),.UNSPECIFIED.);
#194=B_SPLINE_CURVE_WITH_KNOTS('',3,(#7849,#7850,#7851,#7852),
 .UNSPECIFIED.,.F.,.F.,(4,4),(0.,1.),.UNSPECIFIED.);
#195=B_SPLINE_CURVE_WITH_KNOTS('',3,(#7854,#7855,#7856,#7857,#7858),
 .UNSPECIFIED.,.F.,.F.,(4,1,4),(0.,0.5,1.),.UNSPECIFIED.);
#196=B_SPLINE_CURVE_WITH_KNOTS('',3,(#7860,#7861,#7862,#7863),
 .UNSPECIFIED.,.F.,.F.,(4,4),(0.,1.),.UNSPECIFIED.);
#197=B_SPLINE_CURVE_WITH_KNOTS('',3,(#7865,#7866,#7867,#7868),
 .UNSPECIFIED.,.F.,.F.,(4,4),(0.,1.),.UNSPECIFIED.);
#198=B_SPLINE_CURVE_WITH_KNOTS('',3,(#7882,#7883,#7884,#7885),
 .UNSPECIFIED.,.F.,.F.,(4,4),(0.,1.),.UNSPECIFIED.);
#199=B_SPLINE_CURVE_WITH_KNOTS('',3,(#7888,#7889,#7890,#7891,#7892,#7893),
 .UNSPECIFIED.,.F.,.F.,(4,1,1,4),(0.,0.499999696884345,0.749999545326517,
0.999999393768689),.UNSPECIFIED.);
#200=B_SPLINE_CURVE_WITH_KNOTS('',3,(#7895,#7896,#7897,#7898,#7899),
 .UNSPECIFIED.,.F.,.F.,(4,1,4),(0.,0.499999861179951,0.999999722359902),
 .UNSPECIFIED.);
#201=B_SPLINE_CURVE_WITH_KNOTS('',3,(#7901,#7902,#7903,#7904,#7905),
 .UNSPECIFIED.,.F.,.F.,(4,1,4),(0.,0.5,1.),.UNSPECIFIED.);
#202=B_SPLINE_CURVE_WITH_KNOTS('',3,(#7938,#7939,#7940,#7941,#7942,#7943,
#7944,#7945,#7946),.UNSPECIFIED.,.F.,.F.,(4,1,1,1,1,1,4),(0.,0.25,0.375,
0.5,0.625,0.75,1.),.UNSPECIFIED.);
#203=B_SPLINE_CURVE_WITH_KNOTS('',3,(#7950,#7951,#7952,#7953,#7954,#7955,
#7956,#7957,#7958,#7959,#7960,#7961,#7962,#7963,#7964),.UNSPECIFIED.,.F.,
 .F.,(4,1,1,1,1,1,1,1,1,1,1,1,4),(4.69134129802402E-8,0.125000041049236,
0.187500038117148,0.25000003518506,0.375000029320883,0.437500026388795,
0.500000023456706,0.62500001759253,0.687500014660442,0.750000011728353,
0.812500008796265,0.875000005864177,1.),.UNSPECIFIED.);
#204=B_SPLINE_CURVE_WITH_KNOTS('',3,(#7965,#7966,#7967,#7968,#7969,#7970,
#7971,#7972,#7973,#7974,#7975,#7976,#7977,#7978,#7979,#7980,#7981,#7982,
#7983,#7984,#7985),.UNSPECIFIED.,.F.,.F.,(4,1,1,1,1,1,1,1,1,1,1,1,1,1,1,
1,1,1,4),(0.,0.125,0.1875,0.25,0.3125,0.375,0.4375,0.5,0.5625,0.59375,0.625,
0.65625,0.6875,0.71875,0.75,0.78125,0.8125,0.875,1.),.UNSPECIFIED.);
#205=B_SPLINE_CURVE_WITH_KNOTS('',3,(#7987,#7988,#7989,#7990,#7991,#7992,
#7993,#7994,#7995,#7996,#7997,#7998,#7999,#8000,#8001,#8002,#8003,#8004,
#8005,#8006,#8007,#8008,#8009,#8010,#8011,#8012,#8013,#8014,#8015,#8016,
#8017,#8018,#8019,#8020,#8021,#8022,#8023,#8024),.UNSPECIFIED.,.F.,.F.,
(4,1,1,1,1,1,1,1,1,1,1,1,1,1,1,1,1,1,1,1,1,1,1,1,1,1,1,1,1,1,1,1,1,1,1,
4),(0.,0.0625,0.125,0.15625,0.1875,0.21875,0.234375,0.2421875,0.25,0.2578125,
0.265625,0.28125,0.3125,0.34375,0.359375,0.375,0.390625,0.40625,0.4375,
0.46875,0.5,0.53125,0.5625,0.625,0.6875,0.71875,0.75,0.78125,0.8125,0.84375,
0.859375,0.875,0.890625,0.90625,0.9375,1.),.UNSPECIFIED.);
#206=B_SPLINE_CURVE_WITH_KNOTS('',3,(#8028,#8029,#8030,#8031,#8032,#8033,
#8034,#8035,#8036,#8037,#8038),.UNSPECIFIED.,.F.,.F.,(4,1,1,1,1,1,1,1,4),
(0.,0.25,0.375,0.4375,0.5,0.5625,0.625,0.75,1.),.UNSPECIFIED.);
#207=B_SPLINE_CURVE_WITH_KNOTS('',3,(#8050,#8051,#8052,#8053,#8054,#8055,
#8056,#8057,#8058,#8059,#8060,#8061,#8062,#8063,#8064,#8065,#8066,#8067,
#8068,#8069,#8070,#8071,#8072,#8073,#8074,#8075,#8076,#8077,#8078,#8079,
#8080,#8081,#8082,#8083,#8084),.UNSPECIFIED.,.F.,.F.,(4,1,1,1,1,1,1,1,1,
1,1,1,1,1,1,1,1,1,1,1,1,1,1,1,1,1,1,1,1,1,1,1,4),(0.,0.125,0.1875,0.21875,
0.234375,0.25,0.265625,0.28125,0.296875,0.3125,0.328125,0.34375,0.375,0.40625,
0.4375,0.5,0.53125,0.5625,0.625,0.6875,0.71875,0.734375,0.75,0.765625,0.78125,
0.796875,0.8125,0.828125,0.84375,0.875,0.90625,0.9375,1.),.UNSPECIFIED.);
#208=B_SPLINE_CURVE_WITH_KNOTS('',3,(#8097,#8098,#8099,#8100,#8101,#8102,
#8103,#8104,#8105,#8106,#8107,#8108,#8109,#8110,#8111,#8112,#8113,#8114,
#8115,#8116,#8117,#8118,#8119,#8120,#8121,#8122,#8123,#8124),
 .UNSPECIFIED.,.F.,.F.,(4,1,1,1,1,1,1,1,1,1,1,1,1,1,1,1,1,1,1,1,1,1,1,1,
1,4),(0.,0.0747697708889318,0.112154656333398,0.130847099055631,0.149539541777864,
0.186924427222329,0.224309312666795,0.243001755389028,0.252347976750145,
0.261694198111261,0.280386640833494,0.299079083555727,0.336463969000193,
0.355156411722426,0.373848854444659,0.392541297166892,0.411233739889125,
0.448618625333591,0.467311068055824,0.486003510778057,0.495349732139173,
0.500022842819731,0.50469595350029,0.523388396222523,0.560773281666988,
0.598158167111454),.UNSPECIFIED.);
#209=B_SPLINE_CURVE_WITH_KNOTS('',3,(#8378,#8379,#8380,#8381,#8382,#8383,
#8384,#8385,#8386,#8387,#8388,#8389,#8390,#8391,#8392,#8393,#8394,#8395,
#8396,#8397,#8398,#8399,#8400,#8401,#8402,#8403,#8404,#8405,#8406,#8407,
#8408,#8409,#8410,#8411,#8412,#8413,#8414,#8415,#8416,#8417,#8418,#8419,
#8420,#8421,#8422,#8423,#8424,#8425,#8426,#8427,#8428,#8429,#8430,#8431,
#8432,#8433,#8434,#8435,#8436,#8437,#8438,#8439,#8440,#8441,#8442,#8443,
#8444,#8445,#8446,#8447,#8448,#8449,#8450,#8451,#8452,#8453,#8454,#8455,
#8456,#8457,#8458,#8459,#8460,#8461,#8462,#8463,#8464,#8465,#8466,#8467,
#8468,#8469,#8470,#8471,#8472,#8473,#8474,#8475),.UNSPECIFIED.,.F.,.F.,
(4,1,1,1,1,1,1,1,1,1,1,1,1,1,1,1,1,1,1,1,1,1,1,1,1,1,1,1,1,1,1,1,1,1,1,
1,1,1,1,1,1,1,1,1,1,1,1,1,1,1,1,1,1,1,1,1,1,1,1,1,1,1,1,1,1,1,1,1,1,1,1,
1,1,1,1,1,1,1,1,1,1,1,1,1,1,1,1,1,1,1,1,1,1,1,1,4),(0.897051095344815,0.898659671980052,
0.90026824861529,0.901072536932908,0.901474681091718,0.901876825250527,
0.902681113568146,0.903485401885764,0.905093978521002,0.90589826683862,
0.906702555156239,0.908311131791476,0.909115420109095,0.909919708426713,
0.910321852585523,0.910723996744332,0.911528285061951,0.913136861697188,
0.914745438332425,0.916354014967662,0.9179625916029,0.919571168238137,0.920375456555756,
0.921179744873374,0.922788321508611,0.924396898143849,0.926005474779086,
0.927614051414323,0.928418339731942,0.92922262804956,0.930831204684798,
0.932439781320035,0.932841925478844,0.933244069637654,0.934048357955272,
0.935656934590509,0.936461222908128,0.937265511225747,0.938069799543365,
0.938874087860984,0.940482664496221,0.94128695281384,0.941689096972649,
0.942091241131459,0.942895529449077,0.943699817766696,0.944504106084314,
0.945308394401933,0.946112682719552,0.94691697103717,0.948525547672408,
0.950134124307645,0.950938412625263,0.951742700942882,0.953351277578119,
0.954959854213357,0.958177007483831,0.961394160754306,0.963002737389543,
0.963807025707162,0.96461131402478,0.965415602342399,0.966219890660017,
0.966420962739422,0.966622034818827,0.967024178977636,0.967828467295255,
0.968230611454064,0.968632755612873,0.969437043930492,0.970241332248111,
0.971045620565729,0.972654197200966,0.973458485518585,0.974262773836204,
0.975871350471441,0.97667563878906,0.977479927106678,0.979088503741916,
0.979892792059534,0.980697080377153,0.981501368694772,0.981903512853581,
0.98230565701239,0.983109945330009,0.983914233647627,0.985522810282865,
0.987131386918102,0.988739963553339,0.990348540188576,0.991957116823814,
0.993565693459051,0.995174270094288,0.995978558411907,0.996782846729525,
1.),.UNSPECIFIED.);
#210=(
BOUNDED_SURFACE()
B_SPLINE_SURFACE(1,2,((#4577,#4578,#4579,#4580,#4581,#4582,#4583,#4584,
#4585,#4586,#4587,#4588,#4589,#4590,#4591,#4592,#4593,#4594,#4595,#4596,
#4597,#4598,#4599,#4600,#4601,#4602,#4603,#4604,#4605,#4606,#4607,#4608,
#4609,#4610,#4611,#4612,#4613,#4614,#4615,#4616,#4617,#4618,#4619,#4620,
#4621,#4622,#4623,#4624,#4625,#4626,#4627,#4628,#4629,#4630,#4631,#4632,
#4633,#4634,#4635,#4636,#4637,#4638,#4639,#4640,#4641,#4642,#4643,#4644,
#4645,#4646,#4647,#4648,#4649,#4650,#4651,#4652,#4653,#4654,#4655,#4656,
#4657,#4658,#4659,#4660,#4661,#4662,#4663,#4664,#4665,#4666,#4667,#4668,
#4669,#4670,#4671,#4672,#4673,#4674,#4675,#4676,#4677,#4678,#4679,#4680,
#4681,#4682,#4683,#4684,#4685,#4686,#4687,#4688,#4689,#4690,#4691,#4692,
#4693,#4694,#4695,#4696,#4697,#4698,#4699,#4700,#4701,#4702,#4703,#4704,
#4705,#4706,#4707,#4708,#4709),(#4710,#4711,#4712,#4713,#4714,#4715,#4716,
#4717,#4718,#4719,#4720,#4721,#4722,#4723,#4724,#4725,#4726,#4727,#4728,
#4729,#4730,#4731,#4732,#4733,#4734,#4735,#4736,#4737,#4738,#4739,#4740,
#4741,#4742,#4743,#4744,#4745,#4746,#4747,#4748,#4749,#4750,#4751,#4752,
#4753,#4754,#4755,#4756,#4757,#4758,#4759,#4760,#4761,#4762,#4763,#4764,
#4765,#4766,#4767,#4768,#4769,#4770,#4771,#4772,#4773,#4774,#4775,#4776,
#4777,#4778,#4779,#4780,#4781,#4782,#4783,#4784,#4785,#4786,#4787,#4788,
#4789,#4790,#4791,#4792,#4793,#4794,#4795,#4796,#4797,#4798,#4799,#4800,
#4801,#4802,#4803,#4804,#4805,#4806,#4807,#4808,#4809,#4810,#4811,#4812,
#4813,#4814,#4815,#4816,#4817,#4818,#4819,#4820,#4821,#4822,#4823,#4824,
#4825,#4826,#4827,#4828,#4829,#4830,#4831,#4832,#4833,#4834,#4835,#4836,
#4837,#4838,#4839,#4840,#4841,#4842)),.RULED_SURF.,.F.,.F.,.F.)
B_SPLINE_SURFACE_WITH_KNOTS((2,2),(3,2,2,2,2,2,2,2,2,2,2,2,2,2,2,2,2,2,
2,2,2,2,2,2,2,2,2,2,2,2,2,2,2,2,2,2,2,2,2,2,2,2,2,2,2,2,2,2,2,2,2,2,2,2,
2,2,2,2,2,2,2,2,2,2,2,2,3),(0.,1.),(0.250968382484492,0.259259259259259,
0.268518518518519,0.277777777777778,0.287037037037037,0.296296296296296,
0.305555555555556,0.314814814814815,0.324074074074074,0.333333333333333,
0.342592592592593,0.351851851851852,0.361111111111111,0.37037037037037,
0.37962962962963,0.388888888888889,0.398148148148148,0.407407407407407,
0.416666666666667,0.425925925925926,0.435185185185185,0.444444444444444,
0.453703703703704,0.462962962962963,0.472222222222222,0.481481481481481,
0.490740740740741,0.5,0.509259259259259,0.518518518518518,0.527777777777778,
0.537037037037037,0.546296296296296,0.555555555555556,0.564814814814815,
0.574074074074074,0.583333333333333,0.592592592592593,0.601851851851852,
0.611111111111111,0.62037037037037,0.62962962962963,0.638888888888889,0.648148148148148,
0.657407407407407,0.666666666666667,0.675925925925926,0.685185185185185,
0.694444444444444,0.703703703703704,0.712962962962963,0.722222222222222,
0.731481481481482,0.740740740740741,0.75,0.759259259259259,0.768518518518518,
0.777777777777778,0.787037037037037,0.796296296296296,0.805555555555556,
0.814814814814815,0.824074074074074,0.833333333333333,0.842592592592593,
0.851851851851852,0.854103411071121),.PIECEWISE_BEZIER_KNOTS.)
GEOMETRIC_REPRESENTATION_ITEM()
RATIONAL_B_SPLINE_SURFACE(((0.974907302596808,0.880037178237377,1.,0.866025403784439,
1.,0.866025403784439,1.,0.866025403784439,1.,0.866025403784439,1.,0.866025403784439,
1.,0.866025403784439,1.,0.866025403784439,1.,0.866025403784439,1.,0.866025403784439,
1.,0.866025403784439,1.,0.866025403784439,1.,0.866025403784439,1.,0.866025403784439,
1.,0.866025403784439,1.,0.866025403784439,1.,0.866025403784439,1.,0.866025403784439,
1.,0.866025403784439,1.,0.866025403784439,1.,0.866025403784439,1.,0.866025403784439,
1.,0.866025403784439,1.,0.866025403784439,1.,0.866025403784439,1.,0.866025403784439,
1.,0.866025403784439,1.,0.866025403784439,1.,0.866025403784439,1.,0.866025403784439,
1.,0.866025403784439,1.,0.866025403784439,1.,0.866025403784439,1.,0.866025403784439,
1.,0.866025403784439,1.,0.866025403784439,1.,0.866025403784439,1.,0.866025403784439,
1.,0.866025403784439,1.,0.866025403784439,1.,0.866025403784439,1.,0.866025403784439,
1.,0.866025403784439,1.,0.866025403784439,1.,0.866025403784439,1.,0.866025403784439,
1.,0.866025403784439,1.,0.866025403784439,1.,0.866025403784439,1.,0.866025403784439,
1.,0.866025403784439,1.,0.866025403784439,1.,0.866025403784439,1.,0.866025403784439,
1.,0.866025403784439,1.,0.866025403784439,1.,0.866025403784439,1.,0.866025403784439,
1.,0.866025403784439,1.,0.866025403784439,1.,0.866025403784439,1.,0.866025403784439,
1.,0.866025403784439,1.,0.866025403784439,1.,0.866025403784439,1.,0.96742161237624,
0.950687293257173),(0.974907302596808,0.880037178237377,1.,0.866025403784439,
1.,0.866025403784439,1.,0.866025403784439,1.,0.866025403784439,1.,0.866025403784439,
1.,0.866025403784439,1.,0.866025403784439,1.,0.866025403784439,1.,0.866025403784439,
1.,0.866025403784439,1.,0.866025403784439,1.,0.866025403784439,1.,0.866025403784439,
1.,0.866025403784439,1.,0.866025403784439,1.,0.866025403784439,1.,0.866025403784439,
1.,0.866025403784439,1.,0.866025403784439,1.,0.866025403784439,1.,0.866025403784439,
1.,0.866025403784439,1.,0.866025403784439,1.,0.866025403784439,1.,0.866025403784439,
1.,0.866025403784439,1.,0.866025403784439,1.,0.866025403784439,1.,0.866025403784439,
1.,0.866025403784439,1.,0.866025403784439,1.,0.866025403784439,1.,0.866025403784439,
1.,0.866025403784439,1.,0.866025403784439,1.,0.866025403784439,1.,0.866025403784439,
1.,0.866025403784439,1.,0.866025403784439,1.,0.866025403784439,1.,0.866025403784439,
1.,0.866025403784439,1.,0.866025403784439,1.,0.866025403784439,1.,0.866025403784439,
1.,0.866025403784439,1.,0.866025403784439,1.,0.866025403784439,1.,0.866025403784439,
1.,0.866025403784439,1.,0.866025403784439,1.,0.866025403784439,1.,0.866025403784439,
1.,0.866025403784439,1.,0.866025403784439,1.,0.866025403784439,1.,0.866025403784439,
1.,0.866025403784439,1.,0.866025403784439,1.,0.866025403784439,1.,0.866025403784439,
1.,0.866025403784439,1.,0.866025403784439,1.,0.866025403784439,1.,0.96742161237624,
0.950687293257173)))
REPRESENTATION_ITEM('')
SURFACE()
);
#211=(
BOUNDED_SURFACE()
B_SPLINE_SURFACE(1,2,((#6727,#6728,#6729,#6730,#6731,#6732,#6733,#6734,
#6735,#6736,#6737,#6738,#6739,#6740,#6741,#6742,#6743,#6744,#6745,#6746,
#6747,#6748,#6749,#6750,#6751,#6752,#6753,#6754,#6755,#6756,#6757,#6758,
#6759,#6760,#6761,#6762,#6763,#6764,#6765,#6766,#6767,#6768,#6769,#6770,
#6771,#6772,#6773,#6774,#6775,#6776,#6777,#6778,#6779,#6780,#6781,#6782,
#6783,#6784,#6785,#6786,#6787,#6788,#6789,#6790,#6791,#6792,#6793,#6794,
#6795,#6796,#6797,#6798,#6799,#6800,#6801,#6802,#6803,#6804,#6805,#6806,
#6807,#6808,#6809,#6810,#6811,#6812,#6813,#6814,#6815,#6816,#6817,#6818,
#6819,#6820,#6821,#6822,#6823,#6824,#6825,#6826,#6827,#6828,#6829,#6830,
#6831,#6832,#6833,#6834,#6835,#6836,#6837,#6838,#6839,#6840,#6841,#6842,
#6843,#6844,#6845,#6846,#6847,#6848,#6849,#6850,#6851,#6852,#6853,#6854,
#6855,#6856,#6857,#6858,#6859),(#6860,#6861,#6862,#6863,#6864,#6865,#6866,
#6867,#6868,#6869,#6870,#6871,#6872,#6873,#6874,#6875,#6876,#6877,#6878,
#6879,#6880,#6881,#6882,#6883,#6884,#6885,#6886,#6887,#6888,#6889,#6890,
#6891,#6892,#6893,#6894,#6895,#6896,#6897,#6898,#6899,#6900,#6901,#6902,
#6903,#6904,#6905,#6906,#6907,#6908,#6909,#6910,#6911,#6912,#6913,#6914,
#6915,#6916,#6917,#6918,#6919,#6920,#6921,#6922,#6923,#6924,#6925,#6926,
#6927,#6928,#6929,#6930,#6931,#6932,#6933,#6934,#6935,#6936,#6937,#6938,
#6939,#6940,#6941,#6942,#6943,#6944,#6945,#6946,#6947,#6948,#6949,#6950,
#6951,#6952,#6953,#6954,#6955,#6956,#6957,#6958,#6959,#6960,#6961,#6962,
#6963,#6964,#6965,#6966,#6967,#6968,#6969,#6970,#6971,#6972,#6973,#6974,
#6975,#6976,#6977,#6978,#6979,#6980,#6981,#6982,#6983,#6984,#6985,#6986,
#6987,#6988,#6989,#6990,#6991,#6992),(#6993,#6994,#6995,#6996,#6997,#6998,
#6999,#7000,#7001,#7002,#7003,#7004,#7005,#7006,#7007,#7008,#7009,#7010,
#7011,#7012,#7013,#7014,#7015,#7016,#7017,#7018,#7019,#7020,#7021,#7022,
#7023,#7024,#7025,#7026,#7027,#7028,#7029,#7030,#7031,#7032,#7033,#7034,
#7035,#7036,#7037,#7038,#7039,#7040,#7041,#7042,#7043,#7044,#7045,#7046,
#7047,#7048,#7049,#7050,#7051,#7052,#7053,#7054,#7055,#7056,#7057,#7058,
#7059,#7060,#7061,#7062,#7063,#7064,#7065,#7066,#7067,#7068,#7069,#7070,
#7071,#7072,#7073,#7074,#7075,#7076,#7077,#7078,#7079,#7080,#7081,#7082,
#7083,#7084,#7085,#7086,#7087,#7088,#7089,#7090,#7091,#7092,#7093,#7094,
#7095,#7096,#7097,#7098,#7099,#7100,#7101,#7102,#7103,#7104,#7105,#7106,
#7107,#7108,#7109,#7110,#7111,#7112,#7113,#7114,#7115,#7116,#7117,#7118,
#7119,#7120,#7121,#7122,#7123,#7124,#7125)),.RULED_SURF.,.F.,.F.,.F.)
B_SPLINE_SURFACE_WITH_KNOTS((2,1,2),(3,2,2,2,2,2,2,2,2,2,2,2,2,2,2,2,2,
2,2,2,2,2,2,2,2,2,2,2,2,2,2,2,2,2,2,2,2,2,2,2,2,2,2,2,2,2,2,2,2,2,2,2,2,
2,2,2,2,2,2,2,2,2,2,2,2,2,3),(-0.00164671907985051,0.,1.),(0.282096802219908,
0.287037037037037,0.296296296296296,0.305555555555556,0.314814814814815,
0.324074074074074,0.333333333333333,0.342592592592593,0.351851851851852,
0.361111111111111,0.37037037037037,0.37962962962963,0.388888888888889,0.398148148148148,
0.407407407407407,0.416666666666667,0.425925925925926,0.435185185185185,
0.444444444444444,0.453703703703704,0.462962962962963,0.472222222222222,
0.481481481481481,0.490740740740741,0.5,0.509259259259259,0.518518518518518,
0.527777777777778,0.537037037037037,0.546296296296296,0.555555555555556,
0.564814814814815,0.574074074074074,0.583333333333333,0.592592592592593,
0.601851851851852,0.611111111111111,0.62037037037037,0.62962962962963,0.638888888888889,
0.648148148148148,0.657407407407407,0.666666666666667,0.675925925925926,
0.685185185185185,0.694444444444444,0.703703703703704,0.712962962962963,
0.722222222222222,0.731481481481482,0.740740740740741,0.75,0.759259259259259,
0.768518518518518,0.777777777777778,0.787037037037037,0.796296296296296,
0.805555555555556,0.814814814814815,0.824074074074074,0.833333333333333,
0.842592592592593,0.851851851851852,0.861111111111111,0.87037037037037,
0.87962962962963,0.885589076812545),.PIECEWISE_BEZIER_KNOTS.)
GEOMETRIC_REPRESENTATION_ITEM()
RATIONAL_B_SPLINE_SURFACE(((0.933314222758981,0.92851847579783,1.,0.866025403784439,
1.,0.866025403784439,1.,0.866025403784439,1.,0.866025403784439,1.,0.866025403784439,
1.,0.866025403784439,1.,0.866025403784439,1.,0.866025403784439,1.,0.866025403784439,
1.,0.866025403784439,1.,0.866025403784439,1.,0.866025403784439,1.,0.866025403784439,
1.,0.866025403784439,1.,0.866025403784439,1.,0.866025403784439,1.,0.866025403784439,
1.,0.866025403784439,1.,0.866025403784439,1.,0.866025403784439,1.,0.866025403784439,
1.,0.866025403784439,1.,0.866025403784439,1.,0.866025403784439,1.,0.866025403784439,
1.,0.866025403784439,1.,0.866025403784439,1.,0.866025403784439,1.,0.866025403784439,
1.,0.866025403784439,1.,0.866025403784439,1.,0.866025403784439,1.,0.866025403784439,
1.,0.866025403784439,1.,0.866025403784439,1.,0.866025403784439,1.,0.866025403784439,
1.,0.866025403784439,1.,0.866025403784439,1.,0.866025403784439,1.,0.866025403784439,
1.,0.866025403784439,1.,0.866025403784439,1.,0.866025403784439,1.,0.866025403784439,
1.,0.866025403784439,1.,0.866025403784439,1.,0.866025403784439,1.,0.866025403784439,
1.,0.866025403784439,1.,0.866025403784439,1.,0.866025403784439,1.,0.866025403784439,
1.,0.866025403784439,1.,0.866025403784439,1.,0.866025403784439,1.,0.866025403784439,
1.,0.866025403784439,1.,0.866025403784439,1.,0.866025403784439,1.,0.866025403784439,
1.,0.866025403784439,1.,0.866025403784439,1.,0.866025403784439,1.,0.913771230760098,
0.938539633441728),(0.933314222758981,0.92851847579783,1.,0.866025403784439,
1.,0.866025403784439,1.,0.866025403784439,1.,0.866025403784439,1.,0.866025403784439,
1.,0.866025403784439,1.,0.866025403784439,1.,0.866025403784439,1.,0.866025403784439,
1.,0.866025403784439,1.,0.866025403784439,1.,0.866025403784439,1.,0.866025403784439,
1.,0.866025403784439,1.,0.866025403784439,1.,0.866025403784439,1.,0.866025403784439,
1.,0.866025403784439,1.,0.866025403784439,1.,0.866025403784439,1.,0.866025403784439,
1.,0.866025403784439,1.,0.866025403784439,1.,0.866025403784439,1.,0.866025403784439,
1.,0.866025403784439,1.,0.866025403784439,1.,0.866025403784439,1.,0.866025403784439,
1.,0.866025403784439,1.,0.866025403784439,1.,0.866025403784439,1.,0.866025403784439,
1.,0.866025403784439,1.,0.866025403784439,1.,0.866025403784439,1.,0.866025403784439,
1.,0.866025403784439,1.,0.866025403784439,1.,0.866025403784439,1.,0.866025403784439,
1.,0.866025403784439,1.,0.866025403784439,1.,0.866025403784439,1.,0.866025403784439,
1.,0.866025403784439,1.,0.866025403784439,1.,0.866025403784439,1.,0.866025403784439,
1.,0.866025403784439,1.,0.866025403784439,1.,0.866025403784439,1.,0.866025403784439,
1.,0.866025403784439,1.,0.866025403784439,1.,0.866025403784439,1.,0.866025403784439,
1.,0.866025403784439,1.,0.866025403784439,1.,0.866025403784439,1.,0.866025403784439,
1.,0.866025403784439,1.,0.866025403784439,1.,0.866025403784439,1.,0.913771230760098,
0.938539633441728),(0.933314222758981,0.92851847579783,1.,0.866025403784439,
1.,0.866025403784439,1.,0.866025403784439,1.,0.866025403784439,1.,0.866025403784439,
1.,0.866025403784439,1.,0.866025403784439,1.,0.866025403784439,1.,0.866025403784439,
1.,0.866025403784439,1.,0.866025403784439,1.,0.866025403784439,1.,0.866025403784439,
1.,0.866025403784439,1.,0.866025403784439,1.,0.866025403784439,1.,0.866025403784439,
1.,0.866025403784439,1.,0.866025403784439,1.,0.866025403784439,1.,0.866025403784439,
1.,0.866025403784439,1.,0.866025403784439,1.,0.866025403784439,1.,0.866025403784439,
1.,0.866025403784439,1.,0.866025403784439,1.,0.866025403784439,1.,0.866025403784439,
1.,0.866025403784439,1.,0.866025403784439,1.,0.866025403784439,1.,0.866025403784439,
1.,0.866025403784439,1.,0.866025403784439,1.,0.866025403784439,1.,0.866025403784439,
1.,0.866025403784439,1.,0.866025403784439,1.,0.866025403784439,1.,0.866025403784439,
1.,0.866025403784439,1.,0.866025403784439,1.,0.866025403784439,1.,0.866025403784439,
1.,0.866025403784439,1.,0.866025403784439,1.,0.866025403784439,1.,0.866025403784439,
1.,0.866025403784439,1.,0.866025403784439,1.,0.866025403784439,1.,0.866025403784439,
1.,0.866025403784439,1.,0.866025403784439,1.,0.866025403784439,1.,0.866025403784439,
1.,0.866025403784439,1.,0.866025403784439,1.,0.866025403784439,1.,0.866025403784439,
1.,0.866025403784439,1.,0.866025403784439,1.,0.866025403784439,1.,0.913771230760098,
0.938539633441728)))
REPRESENTATION_ITEM('')
SURFACE()
);
#212=(
BOUNDED_SURFACE()
B_SPLINE_SURFACE(1,2,((#8125,#8126,#8127,#8128,#8129,#8130,#8131,#8132,
#8133,#8134,#8135,#8136,#8137,#8138,#8139,#8140,#8141,#8142,#8143,#8144,
#8145,#8146,#8147,#8148,#8149),(#8150,#8151,#8152,#8153,#8154,#8155,#8156,
#8157,#8158,#8159,#8160,#8161,#8162,#8163,#8164,#8165,#8166,#8167,#8168,
#8169,#8170,#8171,#8172,#8173,#8174),(#8175,#8176,#8177,#8178,#8179,#8180,
#8181,#8182,#8183,#8184,#8185,#8186,#8187,#8188,#8189,#8190,#8191,#8192,
#8193,#8194,#8195,#8196,#8197,#8198,#8199)),.RULED_SURF.,.F.,.F.,.F.)
B_SPLINE_SURFACE_WITH_KNOTS((2,1,2),(3,2,2,2,2,2,2,2,2,2,2,2,3),(-0.00602301941599981,
0.,1.),(0.0607031265001716,0.0648148148148148,0.0740740740740741,0.0833333333333333,
0.0925925925925926,0.101851851851852,0.111111111111111,0.12037037037037,
0.12962962962963,0.138888888888889,0.148148148148148,0.157407407407407,
0.162059111659125),.PIECEWISE_BEZIER_KNOTS.)
GEOMETRIC_REPRESENTATION_ITEM()
RATIONAL_B_SPLINE_SURFACE(((0.93385112081882,0.940506927574395,1.,0.866025403784439,
1.,0.866025403784439,1.,0.866025403784439,1.,0.866025403784439,1.,0.866025403784439,
1.,0.866025403784439,1.,0.866025403784439,1.,0.866025403784439,1.,0.866025403784439,
1.,0.866025403784439,1.,0.932693298525485,0.93301422484528),(0.93385112081882,
0.940506927574395,1.,0.866025403784439,1.,0.866025403784439,1.,0.866025403784439,
1.,0.866025403784439,1.,0.866025403784439,1.,0.866025403784439,1.,0.866025403784439,
1.,0.866025403784439,1.,0.866025403784439,1.,0.866025403784439,1.,0.932693298525485,
0.93301422484528),(0.93385112081882,0.940506927574395,1.,0.866025403784439,
1.,0.866025403784439,1.,0.866025403784439,1.,0.866025403784439,1.,0.866025403784439,
1.,0.866025403784439,1.,0.866025403784439,1.,0.866025403784439,1.,0.866025403784439,
1.,0.866025403784439,1.,0.932693298525485,0.93301422484528)))
REPRESENTATION_ITEM('')
SURFACE()
);
#213=(
BOUNDED_SURFACE()
B_SPLINE_SURFACE(1,2,((#8476,#8477,#8478,#8479,#8480,#8481,#8482,#8483,
#8484,#8485,#8486,#8487,#8488,#8489,#8490,#8491,#8492,#8493,#8494,#8495,
#8496),(#8497,#8498,#8499,#8500,#8501,#8502,#8503,#8504,#8505,#8506,#8507,
#8508,#8509,#8510,#8511,#8512,#8513,#8514,#8515,#8516,#8517)),
 .RULED_SURF.,.F.,.F.,.F.)
B_SPLINE_SURFACE_WITH_KNOTS((2,2),(3,2,2,2,2,2,2,2,2,2,3),(0.,1.),(0.0471062595541084,
0.0555555555555556,0.0648148148148148,0.0740740740740741,0.0833333333333333,
0.0925925925925926,0.101851851851852,0.111111111111111,0.12037037037037,
0.12962962962963,0.130730149604447),.PIECEWISE_BEZIER_KNOTS.)
GEOMETRIC_REPRESENTATION_ITEM()
RATIONAL_B_SPLINE_SURFACE(((0.978611230175458,0.877744969829239,1.,0.866025403784439,
1.,0.866025403784439,1.,0.866025403784439,1.,0.866025403784439,1.,0.866025403784439,
1.,0.866025403784439,1.,0.866025403784439,1.,0.866025403784439,1.,0.984076294320641,
0.971937849574703),(0.978611230175458,0.877744969829239,1.,0.866025403784439,
1.,0.866025403784439,1.,0.866025403784439,1.,0.866025403784439,1.,0.866025403784439,
1.,0.866025403784439,1.,0.866025403784439,1.,0.866025403784439,1.,0.984076294320641,
0.971937849574703)))
REPRESENTATION_ITEM('')
SURFACE()
);
#214=(
BOUNDED_SURFACE()
B_SPLINE_SURFACE(1,2,((#8553,#8554,#8555,#8556,#8557,#8558,#8559,#8560,
#8561,#8562,#8563,#8564,#8565,#8566,#8567,#8568,#8569),(#8570,#8571,#8572,
#8573,#8574,#8575,#8576,#8577,#8578,#8579,#8580,#8581,#8582,#8583,#8584,
#8585,#8586)),.RULED_SURF.,.F.,.F.,.F.)
B_SPLINE_SURFACE_WITH_KNOTS((2,2),(3,2,2,2,2,2,2,2,3),(0.,1.),(0.,0.125,
0.25,0.375,0.5,0.625,0.75,0.875,1.),.UNSPECIFIED.)
GEOMETRIC_REPRESENTATION_ITEM()
RATIONAL_B_SPLINE_SURFACE(((1.,0.923879532511287,1.,0.923879532511287,1.,
0.923879532511287,1.,0.923879532511287,1.,0.923879532511287,1.,0.923879532511287,
1.,0.923879532511287,1.,0.923879532511287,1.),(1.,0.923879532511287,1.,
0.923879532511287,1.,0.923879532511287,1.,0.923879532511287,1.,0.923879532511287,
1.,0.923879532511287,1.,0.923879532511287,1.,0.923879532511287,1.)))
REPRESENTATION_ITEM('')
SURFACE()
);
#215=(
BOUNDED_SURFACE()
B_SPLINE_SURFACE(1,2,((#8649,#8650,#8651,#8652,#8653,#8654,#8655,#8656,
#8657,#8658,#8659,#8660,#8661,#8662,#8663,#8664,#8665),(#8666,#8667,#8668,
#8669,#8670,#8671,#8672,#8673,#8674,#8675,#8676,#8677,#8678,#8679,#8680,
#8681,#8682)),.RULED_SURF.,.F.,.F.,.F.)
B_SPLINE_SURFACE_WITH_KNOTS((2,2),(3,2,2,2,2,2,2,2,3),(0.,1.),(0.,0.125,
0.25,0.375,0.5,0.625,0.75,0.875,1.),.UNSPECIFIED.)
GEOMETRIC_REPRESENTATION_ITEM()
RATIONAL_B_SPLINE_SURFACE(((1.,0.923879532511287,1.,0.923879532511287,1.,
0.923879532511287,1.,0.923879532511287,1.,0.923879532511287,1.,0.923879532511287,
1.,0.923879532511287,1.,0.923879532511287,1.),(1.,0.923879532511287,1.,
0.923879532511287,1.,0.923879532511287,1.,0.923879532511287,1.,0.923879532511287,
1.,0.923879532511287,1.,0.923879532511287,1.,0.923879532511287,1.)))
REPRESENTATION_ITEM('')
SURFACE()
);
#216=CONICAL_SURFACE('',#3567,2.,0.698131700797733);
#217=CONICAL_SURFACE('',#3574,2.,0.698131700797733);
#218=CONICAL_SURFACE('',#3587,2.1650635094611,1.22173047639604);
#219=CONICAL_SURFACE('',#3588,2.1650635094611,1.22173047639604);
#220=CONICAL_SURFACE('',#3589,2.1650635094611,1.22173047639604);
#221=CONICAL_SURFACE('',#3590,2.1650635094611,1.22173047639604);
#222=CONICAL_SURFACE('',#3591,2.1650635094611,1.22173047639604);
#223=CONICAL_SURFACE('',#3592,2.1650635094611,1.22173047639604);
#224=CONICAL_SURFACE('',#3593,2.5,1.22173047639604);
#225=CONICAL_SURFACE('',#3595,2.5,1.22173047639604);
#226=CONICAL_SURFACE('',#3603,2.5,1.22173047639604);
#227=CONICAL_SURFACE('',#3605,2.5,1.22173047639604);
#228=CONICAL_SURFACE('',#3607,2.5,1.22173047639604);
#229=CONICAL_SURFACE('',#3609,2.5,1.22173047639604);
#230=CONICAL_SURFACE('',#3618,3.46410161513775,1.22173047639604);
#231=CONICAL_SURFACE('',#3619,3.46410161513775,1.22173047639604);
#232=CONICAL_SURFACE('',#3620,3.46410161513775,1.22173047639604);
#233=CONICAL_SURFACE('',#3621,3.46410161513775,1.22173047639604);
#234=CONICAL_SURFACE('',#3622,3.46410161513775,1.22173047639604);
#235=CONICAL_SURFACE('',#3623,3.46410161513775,1.22173047639604);
#236=CONICAL_SURFACE('',#3630,4.,1.22173047639604);
#237=CONICAL_SURFACE('',#3632,4.,1.22173047639604);
#238=CONICAL_SURFACE('',#3634,4.,1.22173047639604);
#239=CONICAL_SURFACE('',#3636,4.,1.22173047639604);
#240=CONICAL_SURFACE('',#3638,4.,1.22173047639604);
#241=CONICAL_SURFACE('',#3640,4.,1.22173047639604);
#242=CONICAL_SURFACE('',#3672,3.46410161513779,1.22173047639604);
#243=CONICAL_SURFACE('',#3673,3.46410161513779,1.22173047639604);
#244=CONICAL_SURFACE('',#3674,3.46410161513779,1.22173047639604);
#245=CONICAL_SURFACE('',#3675,3.46410161513779,1.22173047639604);
#246=CONICAL_SURFACE('',#3676,3.46410161513779,1.22173047639604);
#247=CONICAL_SURFACE('',#3677,3.46410161513779,1.22173047639604);
#248=CONICAL_SURFACE('',#3684,4.00000000000003,1.22173047639604);
#249=CONICAL_SURFACE('',#3686,4.00000000000003,1.22173047639604);
#250=CONICAL_SURFACE('',#3688,4.00000000000003,1.22173047639604);
#251=CONICAL_SURFACE('',#3690,4.00000000000003,1.22173047639604);
#252=CONICAL_SURFACE('',#3692,4.00000000000003,1.22173047639604);
#253=CONICAL_SURFACE('',#3694,4.00000000000003,1.22173047639604);
#254=CONICAL_SURFACE('',#3708,2.793106855,0.785398163397446);
#255=CONICAL_SURFACE('',#3709,2.793106855,0.785398163397446);
#256=CONICAL_SURFACE('',#3710,2.793106855,0.785398163397446);
#257=CONICAL_SURFACE('',#3743,3.2,0.174532925199433);
#258=CONICAL_SURFACE('',#3746,3.55,0.174532925199433);
#259=CONICAL_SURFACE('',#3752,3.2,0.174532925199433);
#260=CONICAL_SURFACE('',#3755,3.55,0.174532925199433);
#261=CONICAL_SURFACE('',#3761,3.2,0.174532925199433);
#262=CONICAL_SURFACE('',#3764,3.55,0.174532925199433);
#263=CONICAL_SURFACE('',#3770,3.2,0.174532925199433);
#264=CONICAL_SURFACE('',#3773,3.55,0.174532925199433);
#265=CONICAL_SURFACE('',#3779,3.2,0.174532925199433);
#266=CONICAL_SURFACE('',#3782,3.55,0.174532925199433);
#267=CONICAL_SURFACE('',#3788,3.2,0.174532925199433);
#268=CONICAL_SURFACE('',#3791,3.55,0.174532925199433);
#269=CONICAL_SURFACE('',#3797,3.2,0.174532925199433);
#270=CONICAL_SURFACE('',#3800,3.55,0.174532925199433);
#271=CONICAL_SURFACE('',#3806,3.2,0.174532925199433);
#272=CONICAL_SURFACE('',#3809,3.55,0.174532925199433);
#273=CONICAL_SURFACE('',#3815,3.2,0.174532925199433);
#274=CONICAL_SURFACE('',#3818,3.55,0.174532925199433);
#275=CONICAL_SURFACE('',#3824,3.2,0.174532925199433);
#276=CONICAL_SURFACE('',#3827,3.55,0.174532925199433);
#277=LINE('',#4554,#384);
#278=LINE('',#4556,#385);
#279=LINE('',#4560,#386);
#280=LINE('',#4562,#387);
#281=LINE('',#4566,#388);
#282=LINE('',#4568,#389);
#283=LINE('',#7358,#390);
#284=LINE('',#7458,#391);
#285=LINE('',#7464,#392);
#286=LINE('',#7466,#393);
#287=LINE('',#7478,#394);
#288=LINE('',#7490,#395);
#289=LINE('',#7502,#396);
#290=LINE('',#7592,#397);
#291=LINE('',#7604,#398);
#292=LINE('',#7616,#399);
#293=LINE('',#7629,#400);
#294=LINE('',#7641,#401);
#295=LINE('',#7653,#402);
#296=LINE('',#7680,#403);
#297=LINE('',#7682,#404);
#298=LINE('',#7683,#405);
#299=LINE('',#7685,#406);
#300=LINE('',#7686,#407);
#301=LINE('',#7688,#408);
#302=LINE('',#7689,#409);
#303=LINE('',#7691,#410);
#304=LINE('',#7692,#411);
#305=LINE('',#7694,#412);
#306=LINE('',#7695,#413);
#307=LINE('',#7697,#414);
#308=LINE('',#7698,#415);
#309=LINE('',#7700,#416);
#310=LINE('',#7701,#417);
#311=LINE('',#7703,#418);
#312=LINE('',#7704,#419);
#313=LINE('',#7706,#420);
#314=LINE('',#7707,#421);
#315=LINE('',#7709,#422);
#316=LINE('',#7796,#423);
#317=LINE('',#7798,#424);
#318=LINE('',#7810,#425);
#319=LINE('',#7823,#426);
#320=LINE('',#7835,#427);
#321=LINE('',#7847,#428);
#322=LINE('',#7912,#429);
#323=LINE('',#7916,#430);
#324=LINE('',#7925,#431);
#325=LINE('',#7948,#432);
#326=LINE('',#8026,#433);
#327=LINE('',#8086,#434);
#328=LINE('',#8532,#435);
#329=LINE('',#8536,#436);
#330=LINE('',#8550,#437);
#331=LINE('',#8551,#438);
#332=LINE('',#8587,#439);
#333=LINE('',#8608,#440);
#334=LINE('',#8628,#441);
#335=LINE('',#8630,#442);
#336=LINE('',#8683,#443);
#337=LINE('',#8685,#444);
#338=LINE('',#8705,#445);
#339=LINE('',#8706,#446);
#340=LINE('',#8713,#447);
#341=LINE('',#8717,#448);
#342=LINE('',#8719,#449);
#343=LINE('',#8738,#450);
#344=LINE('',#8750,#451);
#345=LINE('',#8754,#452);
#346=LINE('',#8756,#453);
#347=LINE('',#8775,#454);
#348=LINE('',#8787,#455);
#349=LINE('',#8791,#456);
#350=LINE('',#8793,#457);
#351=LINE('',#8812,#458);
#352=LINE('',#8824,#459);
#353=LINE('',#8828,#460);
#354=LINE('',#8830,#461);
#355=LINE('',#8849,#462);
#356=LINE('',#8861,#463);
#357=LINE('',#8865,#464);
#358=LINE('',#8867,#465);
#359=LINE('',#8886,#466);
#360=LINE('',#8898,#467);
#361=LINE('',#8902,#468);
#362=LINE('',#8904,#469);
#363=LINE('',#8923,#470);
#364=LINE('',#8935,#471);
#365=LINE('',#8939,#472);
#366=LINE('',#8941,#473);
#367=LINE('',#8960,#474);
#368=LINE('',#8972,#475);
#369=LINE('',#8976,#476);
#370=LINE('',#8978,#477);
#371=LINE('',#8997,#478);
#372=LINE('',#9009,#479);
#373=LINE('',#9013,#480);
#374=LINE('',#9015,#481);
#375=LINE('',#9034,#482);
#376=LINE('',#9046,#483);
#377=LINE('',#9050,#484);
#378=LINE('',#9052,#485);
#379=LINE('',#9071,#486);
#380=LINE('',#9080,#487);
#381=LINE('',#9085,#488);
#382=LINE('',#9094,#489);
#383=LINE('',#9099,#490);
#384=VECTOR('',#3864,1000.);
#385=VECTOR('',#3865,1000.);
#386=VECTOR('',#3870,1000.);
#387=VECTOR('',#3871,1000.);
#388=VECTOR('',#3876,1000.);
#389=VECTOR('',#3877,1000.);
#390=VECTOR('',#3898,1000.);
#391=VECTOR('',#3935,1000.);
#392=VECTOR('',#3936,1000.);
#393=VECTOR('',#3939,1000.);
#394=VECTOR('',#3942,1000.);
#395=VECTOR('',#3945,1000.);
#396=VECTOR('',#3948,1000.);
#397=VECTOR('',#3995,1000.);
#398=VECTOR('',#3996,1000.);
#399=VECTOR('',#3999,1000.);
#400=VECTOR('',#4002,1000.);
#401=VECTOR('',#4005,1000.);
#402=VECTOR('',#4008,1000.);
#403=VECTOR('',#4041,1000.);
#404=VECTOR('',#4044,1000.);
#405=VECTOR('',#4045,1000.);
#406=VECTOR('',#4048,1000.);
#407=VECTOR('',#4049,1000.);
#408=VECTOR('',#4052,1000.);
#409=VECTOR('',#4053,1000.);
#410=VECTOR('',#4056,1000.);
#411=VECTOR('',#4057,1000.);
#412=VECTOR('',#4060,1000.);
#413=VECTOR('',#4061,1000.);
#414=VECTOR('',#4064,1000.);
#415=VECTOR('',#4065,1000.);
#416=VECTOR('',#4068,1000.);
#417=VECTOR('',#4069,1000.);
#418=VECTOR('',#4072,1000.);
#419=VECTOR('',#4073,1000.);
#420=VECTOR('',#4076,1000.);
#421=VECTOR('',#4077,1000.);
#422=VECTOR('',#4080,1000.);
#423=VECTOR('',#4129,1000.);
#424=VECTOR('',#4130,1000.);
#425=VECTOR('',#4133,1000.);
#426=VECTOR('',#4136,1000.);
#427=VECTOR('',#4139,1000.);
#428=VECTOR('',#4142,1000.);
#429=VECTOR('',#4177,1000.);
#430=VECTOR('',#4180,1000.);
#431=VECTOR('',#4193,1000.);
#432=VECTOR('',#4198,1000.);
#433=VECTOR('',#4201,1000.);
#434=VECTOR('',#4206,1000.);
#435=VECTOR('',#4231,1000.);
#436=VECTOR('',#4234,1000.);
#437=VECTOR('',#4253,1000.);
#438=VECTOR('',#4254,1000.);
#439=VECTOR('',#4257,1000.);
#440=VECTOR('',#4258,1000.);
#441=VECTOR('',#4261,1000.);
#442=VECTOR('',#4262,1000.);
#443=VECTOR('',#4263,1000.);
#444=VECTOR('',#4264,1000.);
#445=VECTOR('',#4267,1000.);
#446=VECTOR('',#4268,1000.);
#447=VECTOR('',#4277,1000.);
#448=VECTOR('',#4280,1000.);
#449=VECTOR('',#4283,1000.);
#450=VECTOR('',#4290,1000.);
#451=VECTOR('',#4299,1000.);
#452=VECTOR('',#4302,1000.);
#453=VECTOR('',#4305,1000.);
#454=VECTOR('',#4312,1000.);
#455=VECTOR('',#4321,1000.);
#456=VECTOR('',#4324,1000.);
#457=VECTOR('',#4327,1000.);
#458=VECTOR('',#4334,1000.);
#459=VECTOR('',#4343,1000.);
#460=VECTOR('',#4346,1000.);
#461=VECTOR('',#4349,1000.);
#462=VECTOR('',#4356,1000.);
#463=VECTOR('',#4365,1000.);
#464=VECTOR('',#4368,1000.);
#465=VECTOR('',#4371,1000.);
#466=VECTOR('',#4378,1000.);
#467=VECTOR('',#4387,1000.);
#468=VECTOR('',#4390,1000.);
#469=VECTOR('',#4393,1000.);
#470=VECTOR('',#4400,1000.);
#471=VECTOR('',#4409,1000.);
#472=VECTOR('',#4412,1000.);
#473=VECTOR('',#4415,1000.);
#474=VECTOR('',#4422,1000.);
#475=VECTOR('',#4431,1000.);
#476=VECTOR('',#4434,1000.);
#477=VECTOR('',#4437,1000.);
#478=VECTOR('',#4444,1000.);
#479=VECTOR('',#4453,1000.);
#480=VECTOR('',#4456,1000.);
#481=VECTOR('',#4459,1000.);
#482=VECTOR('',#4466,1000.);
#483=VECTOR('',#4475,1000.);
#484=VECTOR('',#4478,1000.);
#485=VECTOR('',#4481,1000.);
#486=VECTOR('',#4488,1000.);
#487=VECTOR('',#4495,1000.);
#488=VECTOR('',#4498,1000.);
#489=VECTOR('',#4513,1000.);
#490=VECTOR('',#4516,1000.);
#491=CYLINDRICAL_SURFACE('',#3565,1.25);
#492=CYLINDRICAL_SURFACE('',#3569,2.);
#493=CYLINDRICAL_SURFACE('',#3571,2.);
#494=CYLINDRICAL_SURFACE('',#3576,1.25);
#495=CYLINDRICAL_SURFACE('',#3577,2.79310685486111);
#496=CYLINDRICAL_SURFACE('',#3578,3.175);
#497=CYLINDRICAL_SURFACE('',#3644,3.175);
#498=CYLINDRICAL_SURFACE('',#3645,3.175);
#499=CYLINDRICAL_SURFACE('',#3646,3.175);
#500=CYLINDRICAL_SURFACE('',#3647,3.175);
#501=CYLINDRICAL_SURFACE('',#3648,3.175);
#502=CYLINDRICAL_SURFACE('',#3649,3.175);
#503=CYLINDRICAL_SURFACE('',#3650,3.175);
#504=CYLINDRICAL_SURFACE('',#3651,3.175);
#505=CYLINDRICAL_SURFACE('',#3652,3.175);
#506=CYLINDRICAL_SURFACE('',#3653,3.175);
#507=CYLINDRICAL_SURFACE('',#3654,3.175);
#508=CYLINDRICAL_SURFACE('',#3655,3.175);
#509=CYLINDRICAL_SURFACE('',#3656,3.175);
#510=CYLINDRICAL_SURFACE('',#3657,3.175);
#511=CYLINDRICAL_SURFACE('',#3658,3.175);
#512=CYLINDRICAL_SURFACE('',#3659,3.175);
#513=CYLINDRICAL_SURFACE('',#3660,3.175);
#514=CYLINDRICAL_SURFACE('',#3661,3.175);
#515=CYLINDRICAL_SURFACE('',#3662,3.175);
#516=CYLINDRICAL_SURFACE('',#3663,3.175);
#517=CYLINDRICAL_SURFACE('',#3664,3.175);
#518=CYLINDRICAL_SURFACE('',#3698,2.793106855);
#519=CYLINDRICAL_SURFACE('',#3701,2.793106855);
#520=CYLINDRICAL_SURFACE('',#3706,3.175);
#521=CYLINDRICAL_SURFACE('',#3711,3.175);
#522=CYLINDRICAL_SURFACE('',#3712,3.175);
#523=CYLINDRICAL_SURFACE('',#3713,2.79310685486111);
#524=CYLINDRICAL_SURFACE('',#3723,2.28);
#525=CYLINDRICAL_SURFACE('',#3725,2.28);
#526=CYLINDRICAL_SURFACE('',#3733,0.4);
#527=CYLINDRICAL_SURFACE('',#3734,0.4);
#528=CYLINDRICAL_SURFACE('',#3735,3.25);
#529=CYLINDRICAL_SURFACE('',#3736,4.25);
#530=CYLINDRICAL_SURFACE('',#3829,3.2);
#531=CYLINDRICAL_SURFACE('',#3837,4.75);
#532=CYLINDRICAL_SURFACE('',#3851,4.75);
#533=CYLINDRICAL_SURFACE('',#3852,3.2);
#534=ORIENTED_EDGE('',*,*,#1364,.F.);
#535=ORIENTED_EDGE('',*,*,#1365,.F.);
#536=ORIENTED_EDGE('',*,*,#1366,.F.);
#537=ORIENTED_EDGE('',*,*,#1365,.T.);
#538=ORIENTED_EDGE('',*,*,#1367,.T.);
#539=ORIENTED_EDGE('',*,*,#1368,.F.);
#540=ORIENTED_EDGE('',*,*,#1369,.F.);
#541=ORIENTED_EDGE('',*,*,#1368,.T.);
#542=ORIENTED_EDGE('',*,*,#1370,.T.);
#543=ORIENTED_EDGE('',*,*,#1371,.F.);
#544=ORIENTED_EDGE('',*,*,#1372,.F.);
#545=ORIENTED_EDGE('',*,*,#1371,.T.);
#546=ORIENTED_EDGE('',*,*,#1373,.T.);
#547=ORIENTED_EDGE('',*,*,#1374,.F.);
#548=ORIENTED_EDGE('',*,*,#1375,.T.);
#549=ORIENTED_EDGE('',*,*,#1372,.T.);
#550=ORIENTED_EDGE('',*,*,#1376,.F.);
#551=ORIENTED_EDGE('',*,*,#1373,.F.);
#552=ORIENTED_EDGE('',*,*,#1377,.T.);
#553=ORIENTED_EDGE('',*,*,#1369,.T.);
#554=ORIENTED_EDGE('',*,*,#1375,.F.);
#555=ORIENTED_EDGE('',*,*,#1370,.F.);
#556=ORIENTED_EDGE('',*,*,#1364,.T.);
#557=ORIENTED_EDGE('',*,*,#1366,.T.);
#558=ORIENTED_EDGE('',*,*,#1377,.F.);
#559=ORIENTED_EDGE('',*,*,#1367,.F.);
#560=ORIENTED_EDGE('',*,*,#1378,.F.);
#561=ORIENTED_EDGE('',*,*,#1379,.F.);
#562=ORIENTED_EDGE('',*,*,#1380,.T.);
#563=ORIENTED_EDGE('',*,*,#1381,.T.);
#564=ORIENTED_EDGE('',*,*,#1382,.F.);
#565=ORIENTED_EDGE('',*,*,#1383,.F.);
#566=ORIENTED_EDGE('',*,*,#1384,.F.);
#567=ORIENTED_EDGE('',*,*,#1385,.F.);
#568=ORIENTED_EDGE('',*,*,#1386,.F.);
#569=ORIENTED_EDGE('',*,*,#1387,.F.);
#570=ORIENTED_EDGE('',*,*,#1388,.F.);
#571=ORIENTED_EDGE('',*,*,#1389,.F.);
#572=ORIENTED_EDGE('',*,*,#1390,.F.);
#573=ORIENTED_EDGE('',*,*,#1391,.F.);
#574=ORIENTED_EDGE('',*,*,#1392,.F.);
#575=ORIENTED_EDGE('',*,*,#1393,.F.);
#576=ORIENTED_EDGE('',*,*,#1394,.F.);
#577=ORIENTED_EDGE('',*,*,#1395,.F.);
#578=ORIENTED_EDGE('',*,*,#1396,.F.);
#579=ORIENTED_EDGE('',*,*,#1397,.F.);
#580=ORIENTED_EDGE('',*,*,#1398,.F.);
#581=ORIENTED_EDGE('',*,*,#1399,.F.);
#582=ORIENTED_EDGE('',*,*,#1400,.F.);
#583=ORIENTED_EDGE('',*,*,#1401,.F.);
#584=ORIENTED_EDGE('',*,*,#1402,.F.);
#585=ORIENTED_EDGE('',*,*,#1380,.F.);
#586=ORIENTED_EDGE('',*,*,#1403,.F.);
#587=ORIENTED_EDGE('',*,*,#1404,.T.);
#588=ORIENTED_EDGE('',*,*,#1405,.T.);
#589=ORIENTED_EDGE('',*,*,#1404,.F.);
#590=ORIENTED_EDGE('',*,*,#1406,.F.);
#591=ORIENTED_EDGE('',*,*,#1407,.T.);
#592=ORIENTED_EDGE('',*,*,#1408,.T.);
#593=ORIENTED_EDGE('',*,*,#1409,.T.);
#594=ORIENTED_EDGE('',*,*,#1410,.T.);
#595=ORIENTED_EDGE('',*,*,#1411,.T.);
#596=ORIENTED_EDGE('',*,*,#1412,.T.);
#597=ORIENTED_EDGE('',*,*,#1413,.T.);
#598=ORIENTED_EDGE('',*,*,#1414,.T.);
#599=ORIENTED_EDGE('',*,*,#1415,.T.);
#600=ORIENTED_EDGE('',*,*,#1416,.T.);
#601=ORIENTED_EDGE('',*,*,#1417,.T.);
#602=ORIENTED_EDGE('',*,*,#1418,.T.);
#603=ORIENTED_EDGE('',*,*,#1419,.T.);
#604=ORIENTED_EDGE('',*,*,#1420,.T.);
#605=ORIENTED_EDGE('',*,*,#1421,.T.);
#606=ORIENTED_EDGE('',*,*,#1422,.T.);
#607=ORIENTED_EDGE('',*,*,#1423,.T.);
#608=ORIENTED_EDGE('',*,*,#1424,.T.);
#609=ORIENTED_EDGE('',*,*,#1425,.T.);
#610=ORIENTED_EDGE('',*,*,#1426,.T.);
#611=ORIENTED_EDGE('',*,*,#1427,.T.);
#612=ORIENTED_EDGE('',*,*,#1428,.T.);
#613=ORIENTED_EDGE('',*,*,#1429,.T.);
#614=ORIENTED_EDGE('',*,*,#1407,.F.);
#615=ORIENTED_EDGE('',*,*,#1430,.F.);
#616=ORIENTED_EDGE('',*,*,#1378,.T.);
#617=ORIENTED_EDGE('',*,*,#1431,.F.);
#618=ORIENTED_EDGE('',*,*,#1374,.T.);
#619=ORIENTED_EDGE('',*,*,#1376,.T.);
#620=ORIENTED_EDGE('',*,*,#1432,.F.);
#621=ORIENTED_EDGE('',*,*,#1433,.T.);
#622=ORIENTED_EDGE('',*,*,#1434,.T.);
#623=ORIENTED_EDGE('',*,*,#1435,.T.);
#624=ORIENTED_EDGE('',*,*,#1436,.T.);
#625=ORIENTED_EDGE('',*,*,#1437,.T.);
#626=ORIENTED_EDGE('',*,*,#1433,.F.);
#627=ORIENTED_EDGE('',*,*,#1438,.F.);
#628=ORIENTED_EDGE('',*,*,#1439,.F.);
#629=ORIENTED_EDGE('',*,*,#1434,.F.);
#630=ORIENTED_EDGE('',*,*,#1440,.F.);
#631=ORIENTED_EDGE('',*,*,#1441,.F.);
#632=ORIENTED_EDGE('',*,*,#1435,.F.);
#633=ORIENTED_EDGE('',*,*,#1442,.F.);
#634=ORIENTED_EDGE('',*,*,#1443,.F.);
#635=ORIENTED_EDGE('',*,*,#1436,.F.);
#636=ORIENTED_EDGE('',*,*,#1444,.F.);
#637=ORIENTED_EDGE('',*,*,#1445,.F.);
#638=ORIENTED_EDGE('',*,*,#1446,.F.);
#639=ORIENTED_EDGE('',*,*,#1437,.F.);
#640=ORIENTED_EDGE('',*,*,#1447,.F.);
#641=ORIENTED_EDGE('',*,*,#1432,.T.);
#642=ORIENTED_EDGE('',*,*,#1448,.F.);
#643=ORIENTED_EDGE('',*,*,#1449,.F.);
#644=ORIENTED_EDGE('',*,*,#1450,.F.);
#645=ORIENTED_EDGE('',*,*,#1451,.F.);
#646=ORIENTED_EDGE('',*,*,#1452,.F.);
#647=ORIENTED_EDGE('',*,*,#1453,.F.);
#648=ORIENTED_EDGE('',*,*,#1454,.F.);
#649=ORIENTED_EDGE('',*,*,#1455,.F.);
#650=ORIENTED_EDGE('',*,*,#1456,.T.);
#651=ORIENTED_EDGE('',*,*,#1457,.T.);
#652=ORIENTED_EDGE('',*,*,#1452,.T.);
#653=ORIENTED_EDGE('',*,*,#1458,.F.);
#654=ORIENTED_EDGE('',*,*,#1447,.T.);
#655=ORIENTED_EDGE('',*,*,#1445,.T.);
#656=ORIENTED_EDGE('',*,*,#1459,.T.);
#657=ORIENTED_EDGE('',*,*,#1460,.T.);
#658=ORIENTED_EDGE('',*,*,#1461,.T.);
#659=ORIENTED_EDGE('',*,*,#1456,.F.);
#660=ORIENTED_EDGE('',*,*,#1444,.T.);
#661=ORIENTED_EDGE('',*,*,#1443,.T.);
#662=ORIENTED_EDGE('',*,*,#1462,.T.);
#663=ORIENTED_EDGE('',*,*,#1463,.T.);
#664=ORIENTED_EDGE('',*,*,#1464,.T.);
#665=ORIENTED_EDGE('',*,*,#1459,.F.);
#666=ORIENTED_EDGE('',*,*,#1442,.T.);
#667=ORIENTED_EDGE('',*,*,#1441,.T.);
#668=ORIENTED_EDGE('',*,*,#1465,.T.);
#669=ORIENTED_EDGE('',*,*,#1466,.T.);
#670=ORIENTED_EDGE('',*,*,#1467,.T.);
#671=ORIENTED_EDGE('',*,*,#1462,.F.);
#672=ORIENTED_EDGE('',*,*,#1440,.T.);
#673=ORIENTED_EDGE('',*,*,#1439,.T.);
#674=ORIENTED_EDGE('',*,*,#1468,.T.);
#675=ORIENTED_EDGE('',*,*,#1455,.T.);
#676=ORIENTED_EDGE('',*,*,#1469,.T.);
#677=ORIENTED_EDGE('',*,*,#1465,.F.);
#678=ORIENTED_EDGE('',*,*,#1438,.T.);
#679=ORIENTED_EDGE('',*,*,#1449,.T.);
#680=ORIENTED_EDGE('',*,*,#1458,.T.);
#681=ORIENTED_EDGE('',*,*,#1451,.T.);
#682=ORIENTED_EDGE('',*,*,#1453,.T.);
#683=ORIENTED_EDGE('',*,*,#1468,.F.);
#684=ORIENTED_EDGE('',*,*,#1448,.T.);
#685=ORIENTED_EDGE('',*,*,#1446,.T.);
#686=ORIENTED_EDGE('',*,*,#1470,.F.);
#687=ORIENTED_EDGE('',*,*,#1457,.F.);
#688=ORIENTED_EDGE('',*,*,#1461,.F.);
#689=ORIENTED_EDGE('',*,*,#1471,.F.);
#690=ORIENTED_EDGE('',*,*,#1460,.F.);
#691=ORIENTED_EDGE('',*,*,#1464,.F.);
#692=ORIENTED_EDGE('',*,*,#1467,.F.);
#693=ORIENTED_EDGE('',*,*,#1472,.F.);
#694=ORIENTED_EDGE('',*,*,#1463,.F.);
#695=ORIENTED_EDGE('',*,*,#1469,.F.);
#696=ORIENTED_EDGE('',*,*,#1473,.F.);
#697=ORIENTED_EDGE('',*,*,#1466,.F.);
#698=ORIENTED_EDGE('',*,*,#1474,.F.);
#699=ORIENTED_EDGE('',*,*,#1475,.F.);
#700=ORIENTED_EDGE('',*,*,#1476,.F.);
#701=ORIENTED_EDGE('',*,*,#1477,.F.);
#702=ORIENTED_EDGE('',*,*,#1478,.F.);
#703=ORIENTED_EDGE('',*,*,#1479,.F.);
#704=ORIENTED_EDGE('',*,*,#1450,.T.);
#705=ORIENTED_EDGE('',*,*,#1470,.T.);
#706=ORIENTED_EDGE('',*,*,#1471,.T.);
#707=ORIENTED_EDGE('',*,*,#1472,.T.);
#708=ORIENTED_EDGE('',*,*,#1473,.T.);
#709=ORIENTED_EDGE('',*,*,#1454,.T.);
#710=ORIENTED_EDGE('',*,*,#1474,.T.);
#711=ORIENTED_EDGE('',*,*,#1480,.F.);
#712=ORIENTED_EDGE('',*,*,#1481,.F.);
#713=ORIENTED_EDGE('',*,*,#1479,.T.);
#714=ORIENTED_EDGE('',*,*,#1482,.F.);
#715=ORIENTED_EDGE('',*,*,#1483,.F.);
#716=ORIENTED_EDGE('',*,*,#1478,.T.);
#717=ORIENTED_EDGE('',*,*,#1484,.F.);
#718=ORIENTED_EDGE('',*,*,#1485,.F.);
#719=ORIENTED_EDGE('',*,*,#1486,.F.);
#720=ORIENTED_EDGE('',*,*,#1477,.T.);
#721=ORIENTED_EDGE('',*,*,#1487,.F.);
#722=ORIENTED_EDGE('',*,*,#1488,.F.);
#723=ORIENTED_EDGE('',*,*,#1476,.T.);
#724=ORIENTED_EDGE('',*,*,#1489,.F.);
#725=ORIENTED_EDGE('',*,*,#1490,.F.);
#726=ORIENTED_EDGE('',*,*,#1475,.T.);
#727=ORIENTED_EDGE('',*,*,#1491,.F.);
#728=ORIENTED_EDGE('',*,*,#1492,.T.);
#729=ORIENTED_EDGE('',*,*,#1493,.T.);
#730=ORIENTED_EDGE('',*,*,#1494,.T.);
#731=ORIENTED_EDGE('',*,*,#1495,.F.);
#732=ORIENTED_EDGE('',*,*,#1482,.T.);
#733=ORIENTED_EDGE('',*,*,#1485,.T.);
#734=ORIENTED_EDGE('',*,*,#1495,.T.);
#735=ORIENTED_EDGE('',*,*,#1496,.T.);
#736=ORIENTED_EDGE('',*,*,#1497,.T.);
#737=ORIENTED_EDGE('',*,*,#1498,.F.);
#738=ORIENTED_EDGE('',*,*,#1480,.T.);
#739=ORIENTED_EDGE('',*,*,#1483,.T.);
#740=ORIENTED_EDGE('',*,*,#1498,.T.);
#741=ORIENTED_EDGE('',*,*,#1499,.T.);
#742=ORIENTED_EDGE('',*,*,#1500,.T.);
#743=ORIENTED_EDGE('',*,*,#1501,.F.);
#744=ORIENTED_EDGE('',*,*,#1491,.T.);
#745=ORIENTED_EDGE('',*,*,#1481,.T.);
#746=ORIENTED_EDGE('',*,*,#1501,.T.);
#747=ORIENTED_EDGE('',*,*,#1502,.T.);
#748=ORIENTED_EDGE('',*,*,#1503,.T.);
#749=ORIENTED_EDGE('',*,*,#1504,.F.);
#750=ORIENTED_EDGE('',*,*,#1489,.T.);
#751=ORIENTED_EDGE('',*,*,#1490,.T.);
#752=ORIENTED_EDGE('',*,*,#1504,.T.);
#753=ORIENTED_EDGE('',*,*,#1505,.T.);
#754=ORIENTED_EDGE('',*,*,#1506,.T.);
#755=ORIENTED_EDGE('',*,*,#1507,.F.);
#756=ORIENTED_EDGE('',*,*,#1487,.T.);
#757=ORIENTED_EDGE('',*,*,#1488,.T.);
#758=ORIENTED_EDGE('',*,*,#1507,.T.);
#759=ORIENTED_EDGE('',*,*,#1508,.T.);
#760=ORIENTED_EDGE('',*,*,#1509,.T.);
#761=ORIENTED_EDGE('',*,*,#1492,.F.);
#762=ORIENTED_EDGE('',*,*,#1484,.T.);
#763=ORIENTED_EDGE('',*,*,#1486,.T.);
#764=ORIENTED_EDGE('',*,*,#1510,.F.);
#765=ORIENTED_EDGE('',*,*,#1499,.F.);
#766=ORIENTED_EDGE('',*,*,#1497,.F.);
#767=ORIENTED_EDGE('',*,*,#1511,.F.);
#768=ORIENTED_EDGE('',*,*,#1496,.F.);
#769=ORIENTED_EDGE('',*,*,#1494,.F.);
#770=ORIENTED_EDGE('',*,*,#1509,.F.);
#771=ORIENTED_EDGE('',*,*,#1512,.F.);
#772=ORIENTED_EDGE('',*,*,#1493,.F.);
#773=ORIENTED_EDGE('',*,*,#1513,.F.);
#774=ORIENTED_EDGE('',*,*,#1508,.F.);
#775=ORIENTED_EDGE('',*,*,#1506,.F.);
#776=ORIENTED_EDGE('',*,*,#1514,.F.);
#777=ORIENTED_EDGE('',*,*,#1505,.F.);
#778=ORIENTED_EDGE('',*,*,#1503,.F.);
#779=ORIENTED_EDGE('',*,*,#1515,.F.);
#780=ORIENTED_EDGE('',*,*,#1502,.F.);
#781=ORIENTED_EDGE('',*,*,#1500,.F.);
#782=ORIENTED_EDGE('',*,*,#1515,.T.);
#783=ORIENTED_EDGE('',*,*,#1510,.T.);
#784=ORIENTED_EDGE('',*,*,#1511,.T.);
#785=ORIENTED_EDGE('',*,*,#1512,.T.);
#786=ORIENTED_EDGE('',*,*,#1513,.T.);
#787=ORIENTED_EDGE('',*,*,#1514,.T.);
#788=ORIENTED_EDGE('',*,*,#1516,.F.);
#789=ORIENTED_EDGE('',*,*,#1381,.F.);
#790=ORIENTED_EDGE('',*,*,#1405,.F.);
#791=ORIENTED_EDGE('',*,*,#1429,.F.);
#792=ORIENTED_EDGE('',*,*,#1517,.F.);
#793=ORIENTED_EDGE('',*,*,#1408,.F.);
#794=ORIENTED_EDGE('',*,*,#1431,.T.);
#795=ORIENTED_EDGE('',*,*,#1402,.T.);
#796=ORIENTED_EDGE('',*,*,#1518,.F.);
#797=ORIENTED_EDGE('',*,*,#1410,.F.);
#798=ORIENTED_EDGE('',*,*,#1519,.T.);
#799=ORIENTED_EDGE('',*,*,#1400,.T.);
#800=ORIENTED_EDGE('',*,*,#1520,.F.);
#801=ORIENTED_EDGE('',*,*,#1412,.F.);
#802=ORIENTED_EDGE('',*,*,#1521,.T.);
#803=ORIENTED_EDGE('',*,*,#1398,.T.);
#804=ORIENTED_EDGE('',*,*,#1522,.F.);
#805=ORIENTED_EDGE('',*,*,#1414,.F.);
#806=ORIENTED_EDGE('',*,*,#1523,.T.);
#807=ORIENTED_EDGE('',*,*,#1396,.T.);
#808=ORIENTED_EDGE('',*,*,#1524,.F.);
#809=ORIENTED_EDGE('',*,*,#1416,.F.);
#810=ORIENTED_EDGE('',*,*,#1525,.T.);
#811=ORIENTED_EDGE('',*,*,#1394,.T.);
#812=ORIENTED_EDGE('',*,*,#1526,.F.);
#813=ORIENTED_EDGE('',*,*,#1418,.F.);
#814=ORIENTED_EDGE('',*,*,#1527,.T.);
#815=ORIENTED_EDGE('',*,*,#1392,.T.);
#816=ORIENTED_EDGE('',*,*,#1528,.F.);
#817=ORIENTED_EDGE('',*,*,#1420,.F.);
#818=ORIENTED_EDGE('',*,*,#1529,.T.);
#819=ORIENTED_EDGE('',*,*,#1390,.T.);
#820=ORIENTED_EDGE('',*,*,#1530,.F.);
#821=ORIENTED_EDGE('',*,*,#1422,.F.);
#822=ORIENTED_EDGE('',*,*,#1531,.T.);
#823=ORIENTED_EDGE('',*,*,#1388,.T.);
#824=ORIENTED_EDGE('',*,*,#1532,.F.);
#825=ORIENTED_EDGE('',*,*,#1424,.F.);
#826=ORIENTED_EDGE('',*,*,#1533,.T.);
#827=ORIENTED_EDGE('',*,*,#1386,.T.);
#828=ORIENTED_EDGE('',*,*,#1534,.F.);
#829=ORIENTED_EDGE('',*,*,#1426,.F.);
#830=ORIENTED_EDGE('',*,*,#1535,.T.);
#831=ORIENTED_EDGE('',*,*,#1384,.T.);
#832=ORIENTED_EDGE('',*,*,#1428,.F.);
#833=ORIENTED_EDGE('',*,*,#1536,.T.);
#834=ORIENTED_EDGE('',*,*,#1382,.T.);
#835=ORIENTED_EDGE('',*,*,#1516,.T.);
#836=ORIENTED_EDGE('',*,*,#1409,.F.);
#837=ORIENTED_EDGE('',*,*,#1517,.T.);
#838=ORIENTED_EDGE('',*,*,#1401,.T.);
#839=ORIENTED_EDGE('',*,*,#1519,.F.);
#840=ORIENTED_EDGE('',*,*,#1411,.F.);
#841=ORIENTED_EDGE('',*,*,#1518,.T.);
#842=ORIENTED_EDGE('',*,*,#1399,.T.);
#843=ORIENTED_EDGE('',*,*,#1521,.F.);
#844=ORIENTED_EDGE('',*,*,#1413,.F.);
#845=ORIENTED_EDGE('',*,*,#1520,.T.);
#846=ORIENTED_EDGE('',*,*,#1397,.T.);
#847=ORIENTED_EDGE('',*,*,#1523,.F.);
#848=ORIENTED_EDGE('',*,*,#1415,.F.);
#849=ORIENTED_EDGE('',*,*,#1522,.T.);
#850=ORIENTED_EDGE('',*,*,#1395,.T.);
#851=ORIENTED_EDGE('',*,*,#1525,.F.);
#852=ORIENTED_EDGE('',*,*,#1417,.F.);
#853=ORIENTED_EDGE('',*,*,#1524,.T.);
#854=ORIENTED_EDGE('',*,*,#1393,.T.);
#855=ORIENTED_EDGE('',*,*,#1527,.F.);
#856=ORIENTED_EDGE('',*,*,#1419,.F.);
#857=ORIENTED_EDGE('',*,*,#1526,.T.);
#858=ORIENTED_EDGE('',*,*,#1391,.T.);
#859=ORIENTED_EDGE('',*,*,#1529,.F.);
#860=ORIENTED_EDGE('',*,*,#1421,.F.);
#861=ORIENTED_EDGE('',*,*,#1528,.T.);
#862=ORIENTED_EDGE('',*,*,#1389,.T.);
#863=ORIENTED_EDGE('',*,*,#1531,.F.);
#864=ORIENTED_EDGE('',*,*,#1423,.F.);
#865=ORIENTED_EDGE('',*,*,#1530,.T.);
#866=ORIENTED_EDGE('',*,*,#1387,.T.);
#867=ORIENTED_EDGE('',*,*,#1533,.F.);
#868=ORIENTED_EDGE('',*,*,#1425,.F.);
#869=ORIENTED_EDGE('',*,*,#1532,.T.);
#870=ORIENTED_EDGE('',*,*,#1385,.T.);
#871=ORIENTED_EDGE('',*,*,#1535,.F.);
#872=ORIENTED_EDGE('',*,*,#1427,.F.);
#873=ORIENTED_EDGE('',*,*,#1534,.T.);
#874=ORIENTED_EDGE('',*,*,#1383,.T.);
#875=ORIENTED_EDGE('',*,*,#1536,.F.);
#876=ORIENTED_EDGE('',*,*,#1537,.F.);
#877=ORIENTED_EDGE('',*,*,#1538,.T.);
#878=ORIENTED_EDGE('',*,*,#1539,.T.);
#879=ORIENTED_EDGE('',*,*,#1540,.T.);
#880=ORIENTED_EDGE('',*,*,#1541,.T.);
#881=ORIENTED_EDGE('',*,*,#1542,.T.);
#882=ORIENTED_EDGE('',*,*,#1379,.T.);
#883=ORIENTED_EDGE('',*,*,#1430,.T.);
#884=ORIENTED_EDGE('',*,*,#1406,.T.);
#885=ORIENTED_EDGE('',*,*,#1403,.T.);
#886=ORIENTED_EDGE('',*,*,#1538,.F.);
#887=ORIENTED_EDGE('',*,*,#1543,.F.);
#888=ORIENTED_EDGE('',*,*,#1544,.F.);
#889=ORIENTED_EDGE('',*,*,#1545,.F.);
#890=ORIENTED_EDGE('',*,*,#1539,.F.);
#891=ORIENTED_EDGE('',*,*,#1546,.F.);
#892=ORIENTED_EDGE('',*,*,#1540,.F.);
#893=ORIENTED_EDGE('',*,*,#1547,.F.);
#894=ORIENTED_EDGE('',*,*,#1548,.F.);
#895=ORIENTED_EDGE('',*,*,#1541,.F.);
#896=ORIENTED_EDGE('',*,*,#1549,.F.);
#897=ORIENTED_EDGE('',*,*,#1550,.F.);
#898=ORIENTED_EDGE('',*,*,#1542,.F.);
#899=ORIENTED_EDGE('',*,*,#1551,.F.);
#900=ORIENTED_EDGE('',*,*,#1552,.F.);
#901=ORIENTED_EDGE('',*,*,#1537,.T.);
#902=ORIENTED_EDGE('',*,*,#1553,.F.);
#903=ORIENTED_EDGE('',*,*,#1554,.F.);
#904=ORIENTED_EDGE('',*,*,#1555,.T.);
#905=ORIENTED_EDGE('',*,*,#1547,.T.);
#906=ORIENTED_EDGE('',*,*,#1545,.T.);
#907=ORIENTED_EDGE('',*,*,#1556,.F.);
#908=ORIENTED_EDGE('',*,*,#1557,.T.);
#909=ORIENTED_EDGE('',*,*,#1558,.T.);
#910=ORIENTED_EDGE('',*,*,#1559,.T.);
#911=ORIENTED_EDGE('',*,*,#1549,.T.);
#912=ORIENTED_EDGE('',*,*,#1548,.T.);
#913=ORIENTED_EDGE('',*,*,#1555,.F.);
#914=ORIENTED_EDGE('',*,*,#1560,.T.);
#915=ORIENTED_EDGE('',*,*,#1561,.T.);
#916=ORIENTED_EDGE('',*,*,#1562,.T.);
#917=ORIENTED_EDGE('',*,*,#1551,.T.);
#918=ORIENTED_EDGE('',*,*,#1550,.T.);
#919=ORIENTED_EDGE('',*,*,#1559,.F.);
#920=ORIENTED_EDGE('',*,*,#1563,.T.);
#921=ORIENTED_EDGE('',*,*,#1564,.T.);
#922=ORIENTED_EDGE('',*,*,#1565,.T.);
#923=ORIENTED_EDGE('',*,*,#1553,.T.);
#924=ORIENTED_EDGE('',*,*,#1552,.T.);
#925=ORIENTED_EDGE('',*,*,#1562,.F.);
#926=ORIENTED_EDGE('',*,*,#1566,.T.);
#927=ORIENTED_EDGE('',*,*,#1567,.T.);
#928=ORIENTED_EDGE('',*,*,#1568,.T.);
#929=ORIENTED_EDGE('',*,*,#1543,.T.);
#930=ORIENTED_EDGE('',*,*,#1554,.T.);
#931=ORIENTED_EDGE('',*,*,#1565,.F.);
#932=ORIENTED_EDGE('',*,*,#1569,.T.);
#933=ORIENTED_EDGE('',*,*,#1570,.T.);
#934=ORIENTED_EDGE('',*,*,#1556,.T.);
#935=ORIENTED_EDGE('',*,*,#1546,.T.);
#936=ORIENTED_EDGE('',*,*,#1544,.T.);
#937=ORIENTED_EDGE('',*,*,#1568,.F.);
#938=ORIENTED_EDGE('',*,*,#1571,.T.);
#939=ORIENTED_EDGE('',*,*,#1572,.T.);
#940=ORIENTED_EDGE('',*,*,#1573,.T.);
#941=ORIENTED_EDGE('',*,*,#1571,.F.);
#942=ORIENTED_EDGE('',*,*,#1570,.F.);
#943=ORIENTED_EDGE('',*,*,#1574,.T.);
#944=ORIENTED_EDGE('',*,*,#1557,.F.);
#945=ORIENTED_EDGE('',*,*,#1572,.F.);
#946=ORIENTED_EDGE('',*,*,#1558,.F.);
#947=ORIENTED_EDGE('',*,*,#1575,.T.);
#948=ORIENTED_EDGE('',*,*,#1560,.F.);
#949=ORIENTED_EDGE('',*,*,#1561,.F.);
#950=ORIENTED_EDGE('',*,*,#1576,.T.);
#951=ORIENTED_EDGE('',*,*,#1563,.F.);
#952=ORIENTED_EDGE('',*,*,#1564,.F.);
#953=ORIENTED_EDGE('',*,*,#1577,.T.);
#954=ORIENTED_EDGE('',*,*,#1566,.F.);
#955=ORIENTED_EDGE('',*,*,#1578,.F.);
#956=ORIENTED_EDGE('',*,*,#1569,.F.);
#957=ORIENTED_EDGE('',*,*,#1567,.F.);
#958=ORIENTED_EDGE('',*,*,#1573,.F.);
#959=ORIENTED_EDGE('',*,*,#1578,.T.);
#960=ORIENTED_EDGE('',*,*,#1577,.F.);
#961=ORIENTED_EDGE('',*,*,#1576,.F.);
#962=ORIENTED_EDGE('',*,*,#1575,.F.);
#963=ORIENTED_EDGE('',*,*,#1574,.F.);
#964=ORIENTED_EDGE('',*,*,#1579,.F.);
#965=ORIENTED_EDGE('',*,*,#1580,.F.);
#966=ORIENTED_EDGE('',*,*,#1581,.F.);
#967=ORIENTED_EDGE('',*,*,#1582,.F.);
#968=ORIENTED_EDGE('',*,*,#1583,.T.);
#969=ORIENTED_EDGE('',*,*,#1584,.T.);
#970=ORIENTED_EDGE('',*,*,#1585,.T.);
#971=ORIENTED_EDGE('',*,*,#1586,.T.);
#972=ORIENTED_EDGE('',*,*,#1587,.F.);
#973=ORIENTED_EDGE('',*,*,#1585,.F.);
#974=ORIENTED_EDGE('',*,*,#1588,.T.);
#975=ORIENTED_EDGE('',*,*,#1589,.T.);
#976=ORIENTED_EDGE('',*,*,#1590,.T.);
#977=ORIENTED_EDGE('',*,*,#1587,.T.);
#978=ORIENTED_EDGE('',*,*,#1591,.T.);
#979=ORIENTED_EDGE('',*,*,#1592,.F.);
#980=ORIENTED_EDGE('',*,*,#1593,.F.);
#981=ORIENTED_EDGE('',*,*,#1594,.T.);
#982=ORIENTED_EDGE('',*,*,#1595,.T.);
#983=ORIENTED_EDGE('',*,*,#1596,.F.);
#984=ORIENTED_EDGE('',*,*,#1590,.F.);
#985=ORIENTED_EDGE('',*,*,#1597,.F.);
#986=ORIENTED_EDGE('',*,*,#1594,.F.);
#987=ORIENTED_EDGE('',*,*,#1598,.T.);
#988=ORIENTED_EDGE('',*,*,#1584,.F.);
#989=ORIENTED_EDGE('',*,*,#1596,.T.);
#990=ORIENTED_EDGE('',*,*,#1599,.T.);
#991=ORIENTED_EDGE('',*,*,#1600,.F.);
#992=ORIENTED_EDGE('',*,*,#1588,.F.);
#993=ORIENTED_EDGE('',*,*,#1600,.T.);
#994=ORIENTED_EDGE('',*,*,#1601,.F.);
#995=ORIENTED_EDGE('',*,*,#1602,.F.);
#996=ORIENTED_EDGE('',*,*,#1592,.T.);
#997=ORIENTED_EDGE('',*,*,#1603,.T.);
#998=ORIENTED_EDGE('',*,*,#1604,.F.);
#999=ORIENTED_EDGE('',*,*,#1583,.F.);
#1000=ORIENTED_EDGE('',*,*,#1605,.F.);
#1001=ORIENTED_EDGE('',*,*,#1604,.T.);
#1002=ORIENTED_EDGE('',*,*,#1606,.T.);
#1003=ORIENTED_EDGE('',*,*,#1582,.T.);
#1004=ORIENTED_EDGE('',*,*,#1607,.F.);
#1005=ORIENTED_EDGE('',*,*,#1601,.T.);
#1006=ORIENTED_EDGE('',*,*,#1599,.F.);
#1007=ORIENTED_EDGE('',*,*,#1598,.F.);
#1008=ORIENTED_EDGE('',*,*,#1593,.T.);
#1009=ORIENTED_EDGE('',*,*,#1602,.T.);
#1010=ORIENTED_EDGE('',*,*,#1605,.T.);
#1011=ORIENTED_EDGE('',*,*,#1581,.T.);
#1012=ORIENTED_EDGE('',*,*,#1608,.F.);
#1013=ORIENTED_EDGE('',*,*,#1589,.F.);
#1014=ORIENTED_EDGE('',*,*,#1607,.T.);
#1015=ORIENTED_EDGE('',*,*,#1580,.T.);
#1016=ORIENTED_EDGE('',*,*,#1579,.T.);
#1017=ORIENTED_EDGE('',*,*,#1606,.F.);
#1018=ORIENTED_EDGE('',*,*,#1603,.F.);
#1019=ORIENTED_EDGE('',*,*,#1595,.F.);
#1020=ORIENTED_EDGE('',*,*,#1597,.T.);
#1021=ORIENTED_EDGE('',*,*,#1608,.T.);
#1022=ORIENTED_EDGE('',*,*,#1609,.F.);
#1023=ORIENTED_EDGE('',*,*,#1591,.F.);
#1024=ORIENTED_EDGE('',*,*,#1610,.T.);
#1025=ORIENTED_EDGE('',*,*,#1611,.F.);
#1026=ORIENTED_EDGE('',*,*,#1586,.F.);
#1027=ORIENTED_EDGE('',*,*,#1609,.T.);
#1028=ORIENTED_EDGE('',*,*,#1612,.F.);
#1029=ORIENTED_EDGE('',*,*,#1610,.F.);
#1030=ORIENTED_EDGE('',*,*,#1612,.T.);
#1031=ORIENTED_EDGE('',*,*,#1611,.T.);
#1032=ORIENTED_EDGE('',*,*,#1613,.F.);
#1033=ORIENTED_EDGE('',*,*,#1614,.F.);
#1034=ORIENTED_EDGE('',*,*,#1615,.F.);
#1035=ORIENTED_EDGE('',*,*,#1616,.F.);
#1036=ORIENTED_EDGE('',*,*,#1617,.T.);
#1037=ORIENTED_EDGE('',*,*,#1614,.T.);
#1038=ORIENTED_EDGE('',*,*,#1617,.F.);
#1039=ORIENTED_EDGE('',*,*,#1618,.F.);
#1040=ORIENTED_EDGE('',*,*,#1615,.T.);
#1041=ORIENTED_EDGE('',*,*,#1613,.T.);
#1042=ORIENTED_EDGE('',*,*,#1619,.F.);
#1043=ORIENTED_EDGE('',*,*,#1620,.F.);
#1044=ORIENTED_EDGE('',*,*,#1621,.F.);
#1045=ORIENTED_EDGE('',*,*,#1622,.F.);
#1046=ORIENTED_EDGE('',*,*,#1616,.T.);
#1047=ORIENTED_EDGE('',*,*,#1618,.T.);
#1048=ORIENTED_EDGE('',*,*,#1623,.F.);
#1049=ORIENTED_EDGE('',*,*,#1622,.T.);
#1050=ORIENTED_EDGE('',*,*,#1624,.T.);
#1051=ORIENTED_EDGE('',*,*,#1619,.T.);
#1052=ORIENTED_EDGE('',*,*,#1621,.T.);
#1053=ORIENTED_EDGE('',*,*,#1623,.T.);
#1054=ORIENTED_EDGE('',*,*,#1620,.T.);
#1055=ORIENTED_EDGE('',*,*,#1624,.F.);
#1056=ORIENTED_EDGE('',*,*,#1625,.F.);
#1057=ORIENTED_EDGE('',*,*,#1626,.T.);
#1058=ORIENTED_EDGE('',*,*,#1627,.F.);
#1059=ORIENTED_EDGE('',*,*,#1628,.F.);
#1060=ORIENTED_EDGE('',*,*,#1629,.F.);
#1061=ORIENTED_EDGE('',*,*,#1628,.T.);
#1062=ORIENTED_EDGE('',*,*,#1630,.F.);
#1063=ORIENTED_EDGE('',*,*,#1631,.F.);
#1064=ORIENTED_EDGE('',*,*,#1632,.F.);
#1065=ORIENTED_EDGE('',*,*,#1631,.T.);
#1066=ORIENTED_EDGE('',*,*,#1633,.F.);
#1067=ORIENTED_EDGE('',*,*,#1634,.F.);
#1068=ORIENTED_EDGE('',*,*,#1635,.F.);
#1069=ORIENTED_EDGE('',*,*,#1634,.T.);
#1070=ORIENTED_EDGE('',*,*,#1636,.F.);
#1071=ORIENTED_EDGE('',*,*,#1626,.F.);
#1072=ORIENTED_EDGE('',*,*,#1636,.T.);
#1073=ORIENTED_EDGE('',*,*,#1633,.T.);
#1074=ORIENTED_EDGE('',*,*,#1630,.T.);
#1075=ORIENTED_EDGE('',*,*,#1627,.T.);
#1076=ORIENTED_EDGE('',*,*,#1635,.T.);
#1077=ORIENTED_EDGE('',*,*,#1625,.T.);
#1078=ORIENTED_EDGE('',*,*,#1629,.T.);
#1079=ORIENTED_EDGE('',*,*,#1632,.T.);
#1080=ORIENTED_EDGE('',*,*,#1637,.T.);
#1081=ORIENTED_EDGE('',*,*,#1638,.T.);
#1082=ORIENTED_EDGE('',*,*,#1639,.T.);
#1083=ORIENTED_EDGE('',*,*,#1640,.T.);
#1084=ORIENTED_EDGE('',*,*,#1641,.T.);
#1085=ORIENTED_EDGE('',*,*,#1642,.F.);
#1086=ORIENTED_EDGE('',*,*,#1640,.F.);
#1087=ORIENTED_EDGE('',*,*,#1643,.T.);
#1088=ORIENTED_EDGE('',*,*,#1644,.T.);
#1089=ORIENTED_EDGE('',*,*,#1643,.F.);
#1090=ORIENTED_EDGE('',*,*,#1639,.F.);
#1091=ORIENTED_EDGE('',*,*,#1645,.T.);
#1092=ORIENTED_EDGE('',*,*,#1646,.T.);
#1093=ORIENTED_EDGE('',*,*,#1645,.F.);
#1094=ORIENTED_EDGE('',*,*,#1638,.F.);
#1095=ORIENTED_EDGE('',*,*,#1647,.T.);
#1096=ORIENTED_EDGE('',*,*,#1648,.T.);
#1097=ORIENTED_EDGE('',*,*,#1647,.F.);
#1098=ORIENTED_EDGE('',*,*,#1637,.F.);
#1099=ORIENTED_EDGE('',*,*,#1642,.T.);
#1100=ORIENTED_EDGE('',*,*,#1649,.T.);
#1101=ORIENTED_EDGE('',*,*,#1650,.T.);
#1102=ORIENTED_EDGE('',*,*,#1651,.T.);
#1103=ORIENTED_EDGE('',*,*,#1652,.T.);
#1104=ORIENTED_EDGE('',*,*,#1653,.T.);
#1105=ORIENTED_EDGE('',*,*,#1654,.F.);
#1106=ORIENTED_EDGE('',*,*,#1652,.F.);
#1107=ORIENTED_EDGE('',*,*,#1655,.T.);
#1108=ORIENTED_EDGE('',*,*,#1656,.T.);
#1109=ORIENTED_EDGE('',*,*,#1655,.F.);
#1110=ORIENTED_EDGE('',*,*,#1651,.F.);
#1111=ORIENTED_EDGE('',*,*,#1657,.T.);
#1112=ORIENTED_EDGE('',*,*,#1658,.T.);
#1113=ORIENTED_EDGE('',*,*,#1657,.F.);
#1114=ORIENTED_EDGE('',*,*,#1650,.F.);
#1115=ORIENTED_EDGE('',*,*,#1659,.T.);
#1116=ORIENTED_EDGE('',*,*,#1660,.T.);
#1117=ORIENTED_EDGE('',*,*,#1659,.F.);
#1118=ORIENTED_EDGE('',*,*,#1649,.F.);
#1119=ORIENTED_EDGE('',*,*,#1654,.T.);
#1120=ORIENTED_EDGE('',*,*,#1661,.T.);
#1121=ORIENTED_EDGE('',*,*,#1662,.T.);
#1122=ORIENTED_EDGE('',*,*,#1663,.T.);
#1123=ORIENTED_EDGE('',*,*,#1664,.T.);
#1124=ORIENTED_EDGE('',*,*,#1665,.T.);
#1125=ORIENTED_EDGE('',*,*,#1666,.F.);
#1126=ORIENTED_EDGE('',*,*,#1664,.F.);
#1127=ORIENTED_EDGE('',*,*,#1667,.T.);
#1128=ORIENTED_EDGE('',*,*,#1668,.T.);
#1129=ORIENTED_EDGE('',*,*,#1667,.F.);
#1130=ORIENTED_EDGE('',*,*,#1663,.F.);
#1131=ORIENTED_EDGE('',*,*,#1669,.T.);
#1132=ORIENTED_EDGE('',*,*,#1670,.T.);
#1133=ORIENTED_EDGE('',*,*,#1669,.F.);
#1134=ORIENTED_EDGE('',*,*,#1662,.F.);
#1135=ORIENTED_EDGE('',*,*,#1671,.T.);
#1136=ORIENTED_EDGE('',*,*,#1672,.T.);
#1137=ORIENTED_EDGE('',*,*,#1671,.F.);
#1138=ORIENTED_EDGE('',*,*,#1661,.F.);
#1139=ORIENTED_EDGE('',*,*,#1666,.T.);
#1140=ORIENTED_EDGE('',*,*,#1673,.T.);
#1141=ORIENTED_EDGE('',*,*,#1674,.T.);
#1142=ORIENTED_EDGE('',*,*,#1675,.T.);
#1143=ORIENTED_EDGE('',*,*,#1676,.T.);
#1144=ORIENTED_EDGE('',*,*,#1677,.T.);
#1145=ORIENTED_EDGE('',*,*,#1678,.F.);
#1146=ORIENTED_EDGE('',*,*,#1676,.F.);
#1147=ORIENTED_EDGE('',*,*,#1679,.T.);
#1148=ORIENTED_EDGE('',*,*,#1680,.T.);
#1149=ORIENTED_EDGE('',*,*,#1679,.F.);
#1150=ORIENTED_EDGE('',*,*,#1675,.F.);
#1151=ORIENTED_EDGE('',*,*,#1681,.T.);
#1152=ORIENTED_EDGE('',*,*,#1682,.T.);
#1153=ORIENTED_EDGE('',*,*,#1681,.F.);
#1154=ORIENTED_EDGE('',*,*,#1674,.F.);
#1155=ORIENTED_EDGE('',*,*,#1683,.T.);
#1156=ORIENTED_EDGE('',*,*,#1684,.T.);
#1157=ORIENTED_EDGE('',*,*,#1683,.F.);
#1158=ORIENTED_EDGE('',*,*,#1673,.F.);
#1159=ORIENTED_EDGE('',*,*,#1678,.T.);
#1160=ORIENTED_EDGE('',*,*,#1685,.T.);
#1161=ORIENTED_EDGE('',*,*,#1686,.T.);
#1162=ORIENTED_EDGE('',*,*,#1687,.T.);
#1163=ORIENTED_EDGE('',*,*,#1688,.T.);
#1164=ORIENTED_EDGE('',*,*,#1689,.T.);
#1165=ORIENTED_EDGE('',*,*,#1690,.F.);
#1166=ORIENTED_EDGE('',*,*,#1688,.F.);
#1167=ORIENTED_EDGE('',*,*,#1691,.T.);
#1168=ORIENTED_EDGE('',*,*,#1692,.T.);
#1169=ORIENTED_EDGE('',*,*,#1691,.F.);
#1170=ORIENTED_EDGE('',*,*,#1687,.F.);
#1171=ORIENTED_EDGE('',*,*,#1693,.T.);
#1172=ORIENTED_EDGE('',*,*,#1694,.T.);
#1173=ORIENTED_EDGE('',*,*,#1693,.F.);
#1174=ORIENTED_EDGE('',*,*,#1686,.F.);
#1175=ORIENTED_EDGE('',*,*,#1695,.T.);
#1176=ORIENTED_EDGE('',*,*,#1696,.T.);
#1177=ORIENTED_EDGE('',*,*,#1695,.F.);
#1178=ORIENTED_EDGE('',*,*,#1685,.F.);
#1179=ORIENTED_EDGE('',*,*,#1690,.T.);
#1180=ORIENTED_EDGE('',*,*,#1697,.T.);
#1181=ORIENTED_EDGE('',*,*,#1698,.T.);
#1182=ORIENTED_EDGE('',*,*,#1699,.T.);
#1183=ORIENTED_EDGE('',*,*,#1700,.T.);
#1184=ORIENTED_EDGE('',*,*,#1701,.T.);
#1185=ORIENTED_EDGE('',*,*,#1702,.F.);
#1186=ORIENTED_EDGE('',*,*,#1700,.F.);
#1187=ORIENTED_EDGE('',*,*,#1703,.T.);
#1188=ORIENTED_EDGE('',*,*,#1704,.T.);
#1189=ORIENTED_EDGE('',*,*,#1703,.F.);
#1190=ORIENTED_EDGE('',*,*,#1699,.F.);
#1191=ORIENTED_EDGE('',*,*,#1705,.T.);
#1192=ORIENTED_EDGE('',*,*,#1706,.T.);
#1193=ORIENTED_EDGE('',*,*,#1705,.F.);
#1194=ORIENTED_EDGE('',*,*,#1698,.F.);
#1195=ORIENTED_EDGE('',*,*,#1707,.T.);
#1196=ORIENTED_EDGE('',*,*,#1708,.T.);
#1197=ORIENTED_EDGE('',*,*,#1707,.F.);
#1198=ORIENTED_EDGE('',*,*,#1697,.F.);
#1199=ORIENTED_EDGE('',*,*,#1702,.T.);
#1200=ORIENTED_EDGE('',*,*,#1709,.T.);
#1201=ORIENTED_EDGE('',*,*,#1710,.T.);
#1202=ORIENTED_EDGE('',*,*,#1711,.T.);
#1203=ORIENTED_EDGE('',*,*,#1712,.T.);
#1204=ORIENTED_EDGE('',*,*,#1713,.T.);
#1205=ORIENTED_EDGE('',*,*,#1714,.F.);
#1206=ORIENTED_EDGE('',*,*,#1712,.F.);
#1207=ORIENTED_EDGE('',*,*,#1715,.T.);
#1208=ORIENTED_EDGE('',*,*,#1716,.T.);
#1209=ORIENTED_EDGE('',*,*,#1715,.F.);
#1210=ORIENTED_EDGE('',*,*,#1711,.F.);
#1211=ORIENTED_EDGE('',*,*,#1717,.T.);
#1212=ORIENTED_EDGE('',*,*,#1718,.T.);
#1213=ORIENTED_EDGE('',*,*,#1717,.F.);
#1214=ORIENTED_EDGE('',*,*,#1710,.F.);
#1215=ORIENTED_EDGE('',*,*,#1719,.T.);
#1216=ORIENTED_EDGE('',*,*,#1720,.T.);
#1217=ORIENTED_EDGE('',*,*,#1719,.F.);
#1218=ORIENTED_EDGE('',*,*,#1709,.F.);
#1219=ORIENTED_EDGE('',*,*,#1714,.T.);
#1220=ORIENTED_EDGE('',*,*,#1721,.T.);
#1221=ORIENTED_EDGE('',*,*,#1722,.T.);
#1222=ORIENTED_EDGE('',*,*,#1723,.T.);
#1223=ORIENTED_EDGE('',*,*,#1724,.T.);
#1224=ORIENTED_EDGE('',*,*,#1725,.T.);
#1225=ORIENTED_EDGE('',*,*,#1726,.F.);
#1226=ORIENTED_EDGE('',*,*,#1724,.F.);
#1227=ORIENTED_EDGE('',*,*,#1727,.T.);
#1228=ORIENTED_EDGE('',*,*,#1728,.T.);
#1229=ORIENTED_EDGE('',*,*,#1727,.F.);
#1230=ORIENTED_EDGE('',*,*,#1723,.F.);
#1231=ORIENTED_EDGE('',*,*,#1729,.T.);
#1232=ORIENTED_EDGE('',*,*,#1730,.T.);
#1233=ORIENTED_EDGE('',*,*,#1729,.F.);
#1234=ORIENTED_EDGE('',*,*,#1722,.F.);
#1235=ORIENTED_EDGE('',*,*,#1731,.T.);
#1236=ORIENTED_EDGE('',*,*,#1732,.T.);
#1237=ORIENTED_EDGE('',*,*,#1731,.F.);
#1238=ORIENTED_EDGE('',*,*,#1721,.F.);
#1239=ORIENTED_EDGE('',*,*,#1726,.T.);
#1240=ORIENTED_EDGE('',*,*,#1733,.T.);
#1241=ORIENTED_EDGE('',*,*,#1734,.T.);
#1242=ORIENTED_EDGE('',*,*,#1735,.T.);
#1243=ORIENTED_EDGE('',*,*,#1736,.T.);
#1244=ORIENTED_EDGE('',*,*,#1737,.T.);
#1245=ORIENTED_EDGE('',*,*,#1738,.F.);
#1246=ORIENTED_EDGE('',*,*,#1736,.F.);
#1247=ORIENTED_EDGE('',*,*,#1739,.T.);
#1248=ORIENTED_EDGE('',*,*,#1740,.T.);
#1249=ORIENTED_EDGE('',*,*,#1739,.F.);
#1250=ORIENTED_EDGE('',*,*,#1735,.F.);
#1251=ORIENTED_EDGE('',*,*,#1741,.T.);
#1252=ORIENTED_EDGE('',*,*,#1742,.T.);
#1253=ORIENTED_EDGE('',*,*,#1741,.F.);
#1254=ORIENTED_EDGE('',*,*,#1734,.F.);
#1255=ORIENTED_EDGE('',*,*,#1743,.T.);
#1256=ORIENTED_EDGE('',*,*,#1744,.T.);
#1257=ORIENTED_EDGE('',*,*,#1743,.F.);
#1258=ORIENTED_EDGE('',*,*,#1733,.F.);
#1259=ORIENTED_EDGE('',*,*,#1738,.T.);
#1260=ORIENTED_EDGE('',*,*,#1745,.T.);
#1261=ORIENTED_EDGE('',*,*,#1746,.T.);
#1262=ORIENTED_EDGE('',*,*,#1747,.T.);
#1263=ORIENTED_EDGE('',*,*,#1748,.T.);
#1264=ORIENTED_EDGE('',*,*,#1749,.T.);
#1265=ORIENTED_EDGE('',*,*,#1750,.F.);
#1266=ORIENTED_EDGE('',*,*,#1748,.F.);
#1267=ORIENTED_EDGE('',*,*,#1751,.T.);
#1268=ORIENTED_EDGE('',*,*,#1752,.T.);
#1269=ORIENTED_EDGE('',*,*,#1751,.F.);
#1270=ORIENTED_EDGE('',*,*,#1747,.F.);
#1271=ORIENTED_EDGE('',*,*,#1753,.T.);
#1272=ORIENTED_EDGE('',*,*,#1754,.T.);
#1273=ORIENTED_EDGE('',*,*,#1753,.F.);
#1274=ORIENTED_EDGE('',*,*,#1746,.F.);
#1275=ORIENTED_EDGE('',*,*,#1755,.T.);
#1276=ORIENTED_EDGE('',*,*,#1756,.T.);
#1277=ORIENTED_EDGE('',*,*,#1755,.F.);
#1278=ORIENTED_EDGE('',*,*,#1745,.F.);
#1279=ORIENTED_EDGE('',*,*,#1750,.T.);
#1280=ORIENTED_EDGE('',*,*,#1757,.F.);
#1281=ORIENTED_EDGE('',*,*,#1758,.T.);
#1282=ORIENTED_EDGE('',*,*,#1759,.T.);
#1283=ORIENTED_EDGE('',*,*,#1760,.F.);
#1284=ORIENTED_EDGE('',*,*,#1668,.F.);
#1285=ORIENTED_EDGE('',*,*,#1761,.F.);
#1286=ORIENTED_EDGE('',*,*,#1680,.F.);
#1287=ORIENTED_EDGE('',*,*,#1762,.F.);
#1288=ORIENTED_EDGE('',*,*,#1692,.F.);
#1289=ORIENTED_EDGE('',*,*,#1763,.F.);
#1290=ORIENTED_EDGE('',*,*,#1704,.F.);
#1291=ORIENTED_EDGE('',*,*,#1764,.F.);
#1292=ORIENTED_EDGE('',*,*,#1716,.F.);
#1293=ORIENTED_EDGE('',*,*,#1765,.F.);
#1294=ORIENTED_EDGE('',*,*,#1766,.F.);
#1295=ORIENTED_EDGE('',*,*,#1767,.F.);
#1296=ORIENTED_EDGE('',*,*,#1768,.T.);
#1297=ORIENTED_EDGE('',*,*,#1769,.T.);
#1298=ORIENTED_EDGE('',*,*,#1770,.F.);
#1299=ORIENTED_EDGE('',*,*,#1758,.F.);
#1300=ORIENTED_EDGE('',*,*,#1767,.T.);
#1301=ORIENTED_EDGE('',*,*,#1771,.T.);
#1302=ORIENTED_EDGE('',*,*,#1646,.F.);
#1303=ORIENTED_EDGE('',*,*,#1648,.F.);
#1304=ORIENTED_EDGE('',*,*,#1641,.F.);
#1305=ORIENTED_EDGE('',*,*,#1772,.T.);
#1306=ORIENTED_EDGE('',*,*,#1754,.F.);
#1307=ORIENTED_EDGE('',*,*,#1756,.F.);
#1308=ORIENTED_EDGE('',*,*,#1749,.F.);
#1309=ORIENTED_EDGE('',*,*,#1773,.T.);
#1310=ORIENTED_EDGE('',*,*,#1742,.F.);
#1311=ORIENTED_EDGE('',*,*,#1744,.F.);
#1312=ORIENTED_EDGE('',*,*,#1737,.F.);
#1313=ORIENTED_EDGE('',*,*,#1774,.T.);
#1314=ORIENTED_EDGE('',*,*,#1730,.F.);
#1315=ORIENTED_EDGE('',*,*,#1732,.F.);
#1316=ORIENTED_EDGE('',*,*,#1725,.F.);
#1317=ORIENTED_EDGE('',*,*,#1775,.T.);
#1318=ORIENTED_EDGE('',*,*,#1765,.T.);
#1319=ORIENTED_EDGE('',*,*,#1718,.F.);
#1320=ORIENTED_EDGE('',*,*,#1720,.F.);
#1321=ORIENTED_EDGE('',*,*,#1713,.F.);
#1322=ORIENTED_EDGE('',*,*,#1764,.T.);
#1323=ORIENTED_EDGE('',*,*,#1706,.F.);
#1324=ORIENTED_EDGE('',*,*,#1708,.F.);
#1325=ORIENTED_EDGE('',*,*,#1701,.F.);
#1326=ORIENTED_EDGE('',*,*,#1763,.T.);
#1327=ORIENTED_EDGE('',*,*,#1694,.F.);
#1328=ORIENTED_EDGE('',*,*,#1696,.F.);
#1329=ORIENTED_EDGE('',*,*,#1689,.F.);
#1330=ORIENTED_EDGE('',*,*,#1762,.T.);
#1331=ORIENTED_EDGE('',*,*,#1682,.F.);
#1332=ORIENTED_EDGE('',*,*,#1684,.F.);
#1333=ORIENTED_EDGE('',*,*,#1677,.F.);
#1334=ORIENTED_EDGE('',*,*,#1761,.T.);
#1335=ORIENTED_EDGE('',*,*,#1670,.F.);
#1336=ORIENTED_EDGE('',*,*,#1672,.F.);
#1337=ORIENTED_EDGE('',*,*,#1665,.F.);
#1338=ORIENTED_EDGE('',*,*,#1760,.T.);
#1339=ORIENTED_EDGE('',*,*,#1776,.T.);
#1340=ORIENTED_EDGE('',*,*,#1658,.F.);
#1341=ORIENTED_EDGE('',*,*,#1660,.F.);
#1342=ORIENTED_EDGE('',*,*,#1653,.F.);
#1343=ORIENTED_EDGE('',*,*,#1777,.T.);
#1344=ORIENTED_EDGE('',*,*,#1769,.F.);
#1345=ORIENTED_EDGE('',*,*,#1778,.F.);
#1346=ORIENTED_EDGE('',*,*,#1771,.F.);
#1347=ORIENTED_EDGE('',*,*,#1766,.T.);
#1348=ORIENTED_EDGE('',*,*,#1778,.T.);
#1349=ORIENTED_EDGE('',*,*,#1768,.F.);
#1350=ORIENTED_EDGE('',*,*,#1770,.T.);
#1351=ORIENTED_EDGE('',*,*,#1757,.T.);
#1352=ORIENTED_EDGE('',*,*,#1775,.F.);
#1353=ORIENTED_EDGE('',*,*,#1728,.F.);
#1354=ORIENTED_EDGE('',*,*,#1774,.F.);
#1355=ORIENTED_EDGE('',*,*,#1740,.F.);
#1356=ORIENTED_EDGE('',*,*,#1773,.F.);
#1357=ORIENTED_EDGE('',*,*,#1752,.F.);
#1358=ORIENTED_EDGE('',*,*,#1772,.F.);
#1359=ORIENTED_EDGE('',*,*,#1644,.F.);
#1360=ORIENTED_EDGE('',*,*,#1777,.F.);
#1361=ORIENTED_EDGE('',*,*,#1656,.F.);
#1362=ORIENTED_EDGE('',*,*,#1776,.F.);
#1363=ORIENTED_EDGE('',*,*,#1759,.F.);
#1364=EDGE_CURVE('',#1779,#1780,#2034,.T.);
#1365=EDGE_CURVE('',#1780,#1779,#2035,.T.);
#1366=EDGE_CURVE('',#1780,#1781,#277,.T.);
#1367=EDGE_CURVE('',#1779,#1782,#278,.T.);
#1368=EDGE_CURVE('',#1781,#1782,#2036,.T.);
#1369=EDGE_CURVE('',#1781,#1783,#279,.T.);
#1370=EDGE_CURVE('',#1782,#1784,#280,.T.);
#1371=EDGE_CURVE('',#1783,#1784,#2037,.T.);
#1372=EDGE_CURVE('',#1783,#1785,#281,.T.);
#1373=EDGE_CURVE('',#1784,#1786,#282,.T.);
#1374=EDGE_CURVE('',#1785,#1786,#2038,.T.);
#1375=EDGE_CURVE('',#1784,#1783,#2039,.T.);
#1376=EDGE_CURVE('',#1786,#1785,#2040,.T.);
#1377=EDGE_CURVE('',#1782,#1781,#2041,.T.);
#1378=EDGE_CURVE('',#1787,#1788,#98,.T.);
#1379=EDGE_CURVE('',#1789,#1787,#99,.T.);
#1380=EDGE_CURVE('',#1789,#1790,#100,.F.);
#1381=EDGE_CURVE('',#1790,#1791,#101,.F.);
#1382=EDGE_CURVE('',#1792,#1791,#26,.T.);
#1383=EDGE_CURVE('',#1793,#1792,#102,.T.);
#1384=EDGE_CURVE('',#1794,#1793,#103,.T.);
#1385=EDGE_CURVE('',#1795,#1794,#104,.T.);
#1386=EDGE_CURVE('',#1796,#1795,#105,.T.);
#1387=EDGE_CURVE('',#1797,#1796,#106,.T.);
#1388=EDGE_CURVE('',#1798,#1797,#107,.T.);
#1389=EDGE_CURVE('',#1799,#1798,#108,.T.);
#1390=EDGE_CURVE('',#1800,#1799,#109,.T.);
#1391=EDGE_CURVE('',#1801,#1800,#110,.T.);
#1392=EDGE_CURVE('',#1802,#1801,#111,.T.);
#1393=EDGE_CURVE('',#1803,#1802,#112,.T.);
#1394=EDGE_CURVE('',#1804,#1803,#113,.T.);
#1395=EDGE_CURVE('',#1805,#1804,#114,.T.);
#1396=EDGE_CURVE('',#1806,#1805,#115,.T.);
#1397=EDGE_CURVE('',#1807,#1806,#116,.T.);
#1398=EDGE_CURVE('',#1808,#1807,#117,.T.);
#1399=EDGE_CURVE('',#1809,#1808,#118,.T.);
#1400=EDGE_CURVE('',#1810,#1809,#119,.T.);
#1401=EDGE_CURVE('',#1811,#1810,#120,.T.);
#1402=EDGE_CURVE('',#1788,#1811,#121,.T.);
#1403=EDGE_CURVE('',#1812,#1789,#122,.T.);
#1404=EDGE_CURVE('',#1812,#1813,#27,.T.);
#1405=EDGE_CURVE('',#1813,#1790,#123,.F.);
#1406=EDGE_CURVE('',#1814,#1812,#124,.T.);
#1407=EDGE_CURVE('',#1814,#1815,#28,.T.);
#1408=EDGE_CURVE('',#1815,#1816,#29,.T.);
#1409=EDGE_CURVE('',#1816,#1817,#30,.T.);
#1410=EDGE_CURVE('',#1817,#1818,#31,.T.);
#1411=EDGE_CURVE('',#1818,#1819,#32,.T.);
#1412=EDGE_CURVE('',#1819,#1820,#33,.T.);
#1413=EDGE_CURVE('',#1820,#1821,#34,.T.);
#1414=EDGE_CURVE('',#1821,#1822,#35,.T.);
#1415=EDGE_CURVE('',#1822,#1823,#36,.T.);
#1416=EDGE_CURVE('',#1823,#1824,#37,.T.);
#1417=EDGE_CURVE('',#1824,#1825,#38,.T.);
#1418=EDGE_CURVE('',#1825,#1826,#39,.T.);
#1419=EDGE_CURVE('',#1826,#1827,#40,.T.);
#1420=EDGE_CURVE('',#1827,#1828,#41,.T.);
#1421=EDGE_CURVE('',#1828,#1829,#42,.T.);
#1422=EDGE_CURVE('',#1829,#1830,#43,.T.);
#1423=EDGE_CURVE('',#1830,#1831,#44,.T.);
#1424=EDGE_CURVE('',#1831,#1832,#45,.T.);
#1425=EDGE_CURVE('',#1832,#1833,#46,.T.);
#1426=EDGE_CURVE('',#1833,#1834,#47,.T.);
#1427=EDGE_CURVE('',#1834,#1835,#48,.T.);
#1428=EDGE_CURVE('',#1835,#1836,#49,.T.);
#1429=EDGE_CURVE('',#1836,#1813,#125,.F.);
#1430=EDGE_CURVE('',#1787,#1814,#2042,.T.);
#1431=EDGE_CURVE('',#1815,#1788,#283,.T.);
#1432=EDGE_CURVE('',#1837,#1838,#2043,.T.);
#1433=EDGE_CURVE('',#1837,#1839,#2044,.T.);
#1434=EDGE_CURVE('',#1839,#1840,#2045,.T.);
#1435=EDGE_CURVE('',#1840,#1841,#2046,.T.);
#1436=EDGE_CURVE('',#1841,#1842,#2047,.T.);
#1437=EDGE_CURVE('',#1842,#1838,#2048,.T.);
#1438=EDGE_CURVE('',#1843,#1837,#126,.T.);
#1439=EDGE_CURVE('',#1839,#1843,#127,.T.);
#1440=EDGE_CURVE('',#1844,#1839,#128,.T.);
#1441=EDGE_CURVE('',#1840,#1844,#129,.T.);
#1442=EDGE_CURVE('',#1845,#1840,#130,.T.);
#1443=EDGE_CURVE('',#1841,#1845,#131,.T.);
#1444=EDGE_CURVE('',#1846,#1841,#132,.T.);
#1445=EDGE_CURVE('',#1842,#1846,#133,.T.);
#1446=EDGE_CURVE('',#1838,#1847,#134,.T.);
#1447=EDGE_CURVE('',#1847,#1842,#135,.T.);
#1448=EDGE_CURVE('',#1848,#1838,#136,.T.);
#1449=EDGE_CURVE('',#1837,#1848,#137,.T.);
#1450=EDGE_CURVE('',#1849,#1850,#2049,.T.);
#1451=EDGE_CURVE('',#1851,#1849,#138,.T.);
#1452=EDGE_CURVE('',#1850,#1851,#139,.T.);
#1453=EDGE_CURVE('',#1849,#1852,#140,.T.);
#1454=EDGE_CURVE('',#1853,#1849,#2050,.T.);
#1455=EDGE_CURVE('',#1852,#1853,#141,.T.);
#1456=EDGE_CURVE('',#1846,#1854,#284,.T.);
#1457=EDGE_CURVE('',#1854,#1850,#142,.T.);
#1458=EDGE_CURVE('',#1847,#1851,#285,.T.);
#1459=EDGE_CURVE('',#1845,#1855,#286,.T.);
#1460=EDGE_CURVE('',#1855,#1856,#143,.T.);
#1461=EDGE_CURVE('',#1856,#1854,#144,.T.);
#1462=EDGE_CURVE('',#1844,#1857,#287,.T.);
#1463=EDGE_CURVE('',#1857,#1858,#145,.T.);
#1464=EDGE_CURVE('',#1858,#1855,#146,.T.);
#1465=EDGE_CURVE('',#1843,#1859,#288,.T.);
#1466=EDGE_CURVE('',#1859,#1860,#147,.T.);
#1467=EDGE_CURVE('',#1860,#1857,#148,.T.);
#1468=EDGE_CURVE('',#1848,#1852,#289,.T.);
#1469=EDGE_CURVE('',#1853,#1859,#149,.T.);
#1470=EDGE_CURVE('',#1850,#1856,#2051,.T.);
#1471=EDGE_CURVE('',#1856,#1858,#2052,.T.);
#1472=EDGE_CURVE('',#1858,#1860,#2053,.T.);
#1473=EDGE_CURVE('',#1860,#1853,#2054,.T.);
#1474=EDGE_CURVE('',#1861,#1862,#2055,.T.);
#1475=EDGE_CURVE('',#1863,#1861,#2056,.T.);
#1476=EDGE_CURVE('',#1864,#1863,#2057,.T.);
#1477=EDGE_CURVE('',#1865,#1864,#2058,.T.);
#1478=EDGE_CURVE('',#1866,#1865,#2059,.T.);
#1479=EDGE_CURVE('',#1862,#1866,#2060,.T.);
#1480=EDGE_CURVE('',#1867,#1862,#150,.T.);
#1481=EDGE_CURVE('',#1861,#1867,#151,.T.);
#1482=EDGE_CURVE('',#1868,#1866,#152,.T.);
#1483=EDGE_CURVE('',#1862,#1868,#153,.T.);
#1484=EDGE_CURVE('',#1869,#1865,#154,.T.);
#1485=EDGE_CURVE('',#1866,#1869,#155,.T.);
#1486=EDGE_CURVE('',#1865,#1870,#156,.T.);
#1487=EDGE_CURVE('',#1870,#1864,#157,.T.);
#1488=EDGE_CURVE('',#1864,#1871,#158,.T.);
#1489=EDGE_CURVE('',#1871,#1863,#159,.T.);
#1490=EDGE_CURVE('',#1863,#1872,#160,.T.);
#1491=EDGE_CURVE('',#1872,#1861,#161,.T.);
#1492=EDGE_CURVE('',#1869,#1873,#290,.T.);
#1493=EDGE_CURVE('',#1873,#1874,#162,.T.);
#1494=EDGE_CURVE('',#1874,#1875,#163,.T.);
#1495=EDGE_CURVE('',#1868,#1875,#291,.T.);
#1496=EDGE_CURVE('',#1875,#1876,#164,.T.);
#1497=EDGE_CURVE('',#1876,#1877,#165,.T.);
#1498=EDGE_CURVE('',#1867,#1877,#292,.T.);
#1499=EDGE_CURVE('',#1877,#1878,#166,.T.);
#1500=EDGE_CURVE('',#1878,#1879,#167,.T.);
#1501=EDGE_CURVE('',#1872,#1879,#293,.T.);
#1502=EDGE_CURVE('',#1879,#1880,#168,.T.);
#1503=EDGE_CURVE('',#1880,#1881,#169,.T.);
#1504=EDGE_CURVE('',#1871,#1881,#294,.T.);
#1505=EDGE_CURVE('',#1881,#1882,#170,.T.);
#1506=EDGE_CURVE('',#1882,#1883,#171,.T.);
#1507=EDGE_CURVE('',#1870,#1883,#295,.T.);
#1508=EDGE_CURVE('',#1883,#1884,#172,.T.);
#1509=EDGE_CURVE('',#1884,#1873,#173,.T.);
#1510=EDGE_CURVE('',#1878,#1876,#2061,.T.);
#1511=EDGE_CURVE('',#1876,#1874,#2062,.T.);
#1512=EDGE_CURVE('',#1874,#1884,#2063,.T.);
#1513=EDGE_CURVE('',#1884,#1882,#2064,.T.);
#1514=EDGE_CURVE('',#1882,#1880,#2065,.T.);
#1515=EDGE_CURVE('',#1880,#1878,#2066,.T.);
#1516=EDGE_CURVE('',#1791,#1836,#2067,.T.);
#1517=EDGE_CURVE('',#1816,#1811,#296,.T.);
#1518=EDGE_CURVE('',#1818,#1809,#297,.T.);
#1519=EDGE_CURVE('',#1817,#1810,#298,.T.);
#1520=EDGE_CURVE('',#1820,#1807,#299,.T.);
#1521=EDGE_CURVE('',#1819,#1808,#300,.T.);
#1522=EDGE_CURVE('',#1822,#1805,#301,.T.);
#1523=EDGE_CURVE('',#1821,#1806,#302,.T.);
#1524=EDGE_CURVE('',#1824,#1803,#303,.T.);
#1525=EDGE_CURVE('',#1823,#1804,#304,.T.);
#1526=EDGE_CURVE('',#1826,#1801,#305,.T.);
#1527=EDGE_CURVE('',#1825,#1802,#306,.T.);
#1528=EDGE_CURVE('',#1828,#1799,#307,.T.);
#1529=EDGE_CURVE('',#1827,#1800,#308,.T.);
#1530=EDGE_CURVE('',#1830,#1797,#309,.T.);
#1531=EDGE_CURVE('',#1829,#1798,#310,.T.);
#1532=EDGE_CURVE('',#1832,#1795,#311,.T.);
#1533=EDGE_CURVE('',#1831,#1796,#312,.T.);
#1534=EDGE_CURVE('',#1834,#1793,#313,.T.);
#1535=EDGE_CURVE('',#1833,#1794,#314,.T.);
#1536=EDGE_CURVE('',#1835,#1792,#315,.T.);
#1537=EDGE_CURVE('',#1885,#1886,#2068,.T.);
#1538=EDGE_CURVE('',#1885,#1887,#2069,.T.);
#1539=EDGE_CURVE('',#1887,#1888,#2070,.T.);
#1540=EDGE_CURVE('',#1888,#1889,#2071,.T.);
#1541=EDGE_CURVE('',#1889,#1890,#2072,.T.);
#1542=EDGE_CURVE('',#1890,#1886,#2073,.T.);
#1543=EDGE_CURVE('',#1891,#1885,#174,.T.);
#1544=EDGE_CURVE('',#1887,#1891,#175,.T.);
#1545=EDGE_CURVE('',#1888,#1892,#176,.T.);
#1546=EDGE_CURVE('',#1892,#1887,#177,.T.);
#1547=EDGE_CURVE('',#1893,#1888,#178,.T.);
#1548=EDGE_CURVE('',#1889,#1893,#179,.T.);
#1549=EDGE_CURVE('',#1894,#1889,#180,.T.);
#1550=EDGE_CURVE('',#1890,#1894,#181,.T.);
#1551=EDGE_CURVE('',#1895,#1890,#182,.T.);
#1552=EDGE_CURVE('',#1886,#1895,#183,.T.);
#1553=EDGE_CURVE('',#1896,#1886,#184,.T.);
#1554=EDGE_CURVE('',#1885,#1896,#185,.T.);
#1555=EDGE_CURVE('',#1897,#1893,#316,.T.);
#1556=EDGE_CURVE('',#1898,#1892,#317,.T.);
#1557=EDGE_CURVE('',#1898,#1899,#186,.T.);
#1558=EDGE_CURVE('',#1899,#1897,#187,.T.);
#1559=EDGE_CURVE('',#1900,#1894,#318,.T.);
#1560=EDGE_CURVE('',#1897,#1901,#188,.T.);
#1561=EDGE_CURVE('',#1901,#1900,#189,.T.);
#1562=EDGE_CURVE('',#1902,#1895,#319,.T.);
#1563=EDGE_CURVE('',#1900,#1903,#190,.T.);
#1564=EDGE_CURVE('',#1903,#1902,#191,.T.);
#1565=EDGE_CURVE('',#1904,#1896,#320,.T.);
#1566=EDGE_CURVE('',#1902,#1905,#192,.T.);
#1567=EDGE_CURVE('',#1905,#1904,#193,.T.);
#1568=EDGE_CURVE('',#1906,#1891,#321,.T.);
#1569=EDGE_CURVE('',#1904,#1907,#194,.T.);
#1570=EDGE_CURVE('',#1907,#1906,#195,.T.);
#1571=EDGE_CURVE('',#1906,#1908,#196,.T.);
#1572=EDGE_CURVE('',#1908,#1898,#197,.T.);
#1573=EDGE_CURVE('',#1907,#1908,#2074,.T.);
#1574=EDGE_CURVE('',#1908,#1899,#2075,.T.);
#1575=EDGE_CURVE('',#1899,#1901,#2076,.T.);
#1576=EDGE_CURVE('',#1901,#1903,#2077,.T.);
#1577=EDGE_CURVE('',#1903,#1905,#2078,.T.);
#1578=EDGE_CURVE('',#1907,#1905,#2079,.T.);
#1579=EDGE_CURVE('',#1909,#1910,#198,.F.);
#1580=EDGE_CURVE('',#1911,#1909,#199,.F.);
#1581=EDGE_CURVE('',#1912,#1911,#200,.F.);
#1582=EDGE_CURVE('',#1913,#1912,#201,.F.);
#1583=EDGE_CURVE('',#1913,#1910,#2080,.F.);
#1584=EDGE_CURVE('',#1914,#1915,#2081,.T.);
#1585=EDGE_CURVE('',#1915,#1916,#322,.T.);
#1586=EDGE_CURVE('',#1916,#1917,#2082,.T.);
#1587=EDGE_CURVE('',#1914,#1917,#323,.T.);
#1588=EDGE_CURVE('',#1915,#1918,#2083,.T.);
#1589=EDGE_CURVE('',#1918,#1919,#2084,.T.);
#1590=EDGE_CURVE('',#1919,#1914,#2085,.T.);
#1591=EDGE_CURVE('',#1917,#1916,#2086,.T.);
#1592=EDGE_CURVE('',#1920,#1921,#324,.T.);
#1593=EDGE_CURVE('',#1922,#1920,#50,.T.);
#1594=EDGE_CURVE('',#1922,#1923,#2087,.T.);
#1595=EDGE_CURVE('',#1923,#1921,#202,.T.);
#1596=EDGE_CURVE('',#1914,#1924,#325,.T.);
#1597=EDGE_CURVE('',#1923,#1919,#203,.F.);
#1598=EDGE_CURVE('',#1922,#1924,#204,.T.);
#1599=EDGE_CURVE('',#1924,#1925,#205,.T.);
#1600=EDGE_CURVE('',#1915,#1925,#326,.T.);
#1601=EDGE_CURVE('',#1918,#1925,#206,.F.);
#1602=EDGE_CURVE('',#1920,#1926,#51,.T.);
#1603=EDGE_CURVE('',#1921,#1927,#207,.T.);
#1604=EDGE_CURVE('',#1926,#1927,#327,.T.);
#1605=EDGE_CURVE('',#1926,#1913,#52,.T.);
#1606=EDGE_CURVE('',#1927,#1910,#208,.T.);
#1607=EDGE_CURVE('',#1918,#1912,#53,.T.);
#1608=EDGE_CURVE('',#1919,#1911,#209,.F.);
#1609=EDGE_CURVE('',#1916,#1928,#2088,.T.);
#1610=EDGE_CURVE('',#1917,#1929,#2089,.T.);
#1611=EDGE_CURVE('',#1928,#1929,#2090,.T.);
#1612=EDGE_CURVE('',#1929,#1928,#2091,.T.);
#1613=EDGE_CURVE('',#1930,#1931,#2092,.T.);
#1614=EDGE_CURVE('',#1931,#1930,#2093,.T.);
#1615=EDGE_CURVE('',#1932,#1930,#328,.T.);
#1616=EDGE_CURVE('',#1933,#1932,#2094,.T.);
#1617=EDGE_CURVE('',#1933,#1931,#329,.T.);
#1618=EDGE_CURVE('',#1932,#1933,#2095,.T.);
#1619=EDGE_CURVE('',#1934,#1935,#2096,.T.);
#1620=EDGE_CURVE('',#1935,#1934,#2097,.T.);
#1621=EDGE_CURVE('',#1936,#1937,#2098,.T.);
#1622=EDGE_CURVE('',#1937,#1936,#2099,.T.);
#1623=EDGE_CURVE('',#1937,#1935,#330,.T.);
#1624=EDGE_CURVE('',#1936,#1934,#331,.T.);
#1625=EDGE_CURVE('',#1938,#1939,#332,.T.);
#1626=EDGE_CURVE('',#1938,#1940,#54,.T.);
#1627=EDGE_CURVE('',#1941,#1940,#333,.T.);
#1628=EDGE_CURVE('',#1939,#1941,#55,.T.);
#1629=EDGE_CURVE('',#1939,#1942,#334,.T.);
#1630=EDGE_CURVE('',#1943,#1941,#335,.T.);
#1631=EDGE_CURVE('',#1942,#1943,#56,.T.);
#1632=EDGE_CURVE('',#1942,#1944,#336,.T.);
#1633=EDGE_CURVE('',#1945,#1943,#337,.T.);
#1634=EDGE_CURVE('',#1944,#1945,#57,.T.);
#1635=EDGE_CURVE('',#1944,#1938,#338,.T.);
#1636=EDGE_CURVE('',#1940,#1945,#339,.T.);
#1637=EDGE_CURVE('',#1946,#1947,#2100,.T.);
#1638=EDGE_CURVE('',#1947,#1948,#340,.T.);
#1639=EDGE_CURVE('',#1948,#1949,#2101,.T.);
#1640=EDGE_CURVE('',#1949,#1946,#341,.T.);
#1641=EDGE_CURVE('',#1950,#1951,#342,.T.);
#1642=EDGE_CURVE('',#1946,#1951,#58,.T.);
#1643=EDGE_CURVE('',#1949,#1950,#59,.T.);
#1644=EDGE_CURVE('',#1952,#1950,#2102,.T.);
#1645=EDGE_CURVE('',#1948,#1952,#60,.T.);
#1646=EDGE_CURVE('',#1953,#1952,#343,.T.);
#1647=EDGE_CURVE('',#1947,#1953,#61,.T.);
#1648=EDGE_CURVE('',#1951,#1953,#2103,.T.);
#1649=EDGE_CURVE('',#1954,#1955,#2104,.T.);
#1650=EDGE_CURVE('',#1955,#1956,#344,.T.);
#1651=EDGE_CURVE('',#1956,#1957,#2105,.T.);
#1652=EDGE_CURVE('',#1957,#1954,#345,.T.);
#1653=EDGE_CURVE('',#1958,#1959,#346,.T.);
#1654=EDGE_CURVE('',#1954,#1959,#62,.T.);
#1655=EDGE_CURVE('',#1957,#1958,#63,.T.);
#1656=EDGE_CURVE('',#1960,#1958,#2106,.T.);
#1657=EDGE_CURVE('',#1956,#1960,#64,.T.);
#1658=EDGE_CURVE('',#1961,#1960,#347,.T.);
#1659=EDGE_CURVE('',#1955,#1961,#65,.T.);
#1660=EDGE_CURVE('',#1959,#1961,#2107,.T.);
#1661=EDGE_CURVE('',#1962,#1963,#2108,.T.);
#1662=EDGE_CURVE('',#1963,#1964,#348,.T.);
#1663=EDGE_CURVE('',#1964,#1965,#2109,.T.);
#1664=EDGE_CURVE('',#1965,#1962,#349,.T.);
#1665=EDGE_CURVE('',#1966,#1967,#350,.T.);
#1666=EDGE_CURVE('',#1962,#1967,#66,.T.);
#1667=EDGE_CURVE('',#1965,#1966,#67,.T.);
#1668=EDGE_CURVE('',#1968,#1966,#2110,.T.);
#1669=EDGE_CURVE('',#1964,#1968,#68,.T.);
#1670=EDGE_CURVE('',#1969,#1968,#351,.T.);
#1671=EDGE_CURVE('',#1963,#1969,#69,.T.);
#1672=EDGE_CURVE('',#1967,#1969,#2111,.T.);
#1673=EDGE_CURVE('',#1970,#1971,#2112,.T.);
#1674=EDGE_CURVE('',#1971,#1972,#352,.T.);
#1675=EDGE_CURVE('',#1972,#1973,#2113,.T.);
#1676=EDGE_CURVE('',#1973,#1970,#353,.T.);
#1677=EDGE_CURVE('',#1974,#1975,#354,.T.);
#1678=EDGE_CURVE('',#1970,#1975,#70,.T.);
#1679=EDGE_CURVE('',#1973,#1974,#71,.T.);
#1680=EDGE_CURVE('',#1976,#1974,#2114,.T.);
#1681=EDGE_CURVE('',#1972,#1976,#72,.T.);
#1682=EDGE_CURVE('',#1977,#1976,#355,.T.);
#1683=EDGE_CURVE('',#1971,#1977,#73,.T.);
#1684=EDGE_CURVE('',#1975,#1977,#2115,.T.);
#1685=EDGE_CURVE('',#1978,#1979,#2116,.T.);
#1686=EDGE_CURVE('',#1979,#1980,#356,.T.);
#1687=EDGE_CURVE('',#1980,#1981,#2117,.T.);
#1688=EDGE_CURVE('',#1981,#1978,#357,.T.);
#1689=EDGE_CURVE('',#1982,#1983,#358,.T.);
#1690=EDGE_CURVE('',#1978,#1983,#74,.T.);
#1691=EDGE_CURVE('',#1981,#1982,#75,.T.);
#1692=EDGE_CURVE('',#1984,#1982,#2118,.T.);
#1693=EDGE_CURVE('',#1980,#1984,#76,.T.);
#1694=EDGE_CURVE('',#1985,#1984,#359,.T.);
#1695=EDGE_CURVE('',#1979,#1985,#77,.T.);
#1696=EDGE_CURVE('',#1983,#1985,#2119,.T.);
#1697=EDGE_CURVE('',#1986,#1987,#2120,.T.);
#1698=EDGE_CURVE('',#1987,#1988,#360,.T.);
#1699=EDGE_CURVE('',#1988,#1989,#2121,.T.);
#1700=EDGE_CURVE('',#1989,#1986,#361,.T.);
#1701=EDGE_CURVE('',#1990,#1991,#362,.T.);
#1702=EDGE_CURVE('',#1986,#1991,#78,.T.);
#1703=EDGE_CURVE('',#1989,#1990,#79,.T.);
#1704=EDGE_CURVE('',#1992,#1990,#2122,.T.);
#1705=EDGE_CURVE('',#1988,#1992,#80,.T.);
#1706=EDGE_CURVE('',#1993,#1992,#363,.T.);
#1707=EDGE_CURVE('',#1987,#1993,#81,.T.);
#1708=EDGE_CURVE('',#1991,#1993,#2123,.T.);
#1709=EDGE_CURVE('',#1994,#1995,#2124,.T.);
#1710=EDGE_CURVE('',#1995,#1996,#364,.T.);
#1711=EDGE_CURVE('',#1996,#1997,#2125,.T.);
#1712=EDGE_CURVE('',#1997,#1994,#365,.T.);
#1713=EDGE_CURVE('',#1998,#1999,#366,.T.);
#1714=EDGE_CURVE('',#1994,#1999,#82,.T.);
#1715=EDGE_CURVE('',#1997,#1998,#83,.T.);
#1716=EDGE_CURVE('',#2000,#1998,#2126,.T.);
#1717=EDGE_CURVE('',#1996,#2000,#84,.T.);
#1718=EDGE_CURVE('',#2001,#2000,#367,.T.);
#1719=EDGE_CURVE('',#1995,#2001,#85,.T.);
#1720=EDGE_CURVE('',#1999,#2001,#2127,.T.);
#1721=EDGE_CURVE('',#2002,#2003,#2128,.T.);
#1722=EDGE_CURVE('',#2003,#2004,#368,.T.);
#1723=EDGE_CURVE('',#2004,#2005,#2129,.T.);
#1724=EDGE_CURVE('',#2005,#2002,#369,.T.);
#1725=EDGE_CURVE('',#2006,#2007,#370,.T.);
#1726=EDGE_CURVE('',#2002,#2007,#86,.T.);
#1727=EDGE_CURVE('',#2005,#2006,#87,.T.);
#1728=EDGE_CURVE('',#2008,#2006,#2130,.T.);
#1729=EDGE_CURVE('',#2004,#2008,#88,.T.);
#1730=EDGE_CURVE('',#2009,#2008,#371,.T.);
#1731=EDGE_CURVE('',#2003,#2009,#89,.T.);
#1732=EDGE_CURVE('',#2007,#2009,#2131,.T.);
#1733=EDGE_CURVE('',#2010,#2011,#2132,.T.);
#1734=EDGE_CURVE('',#2011,#2012,#372,.T.);
#1735=EDGE_CURVE('',#2012,#2013,#2133,.T.);
#1736=EDGE_CURVE('',#2013,#2010,#373,.T.);
#1737=EDGE_CURVE('',#2014,#2015,#374,.T.);
#1738=EDGE_CURVE('',#2010,#2015,#90,.T.);
#1739=EDGE_CURVE('',#2013,#2014,#91,.T.);
#1740=EDGE_CURVE('',#2016,#2014,#2134,.T.);
#1741=EDGE_CURVE('',#2012,#2016,#92,.T.);
#1742=EDGE_CURVE('',#2017,#2016,#375,.T.);
#1743=EDGE_CURVE('',#2011,#2017,#93,.T.);
#1744=EDGE_CURVE('',#2015,#2017,#2135,.T.);
#1745=EDGE_CURVE('',#2018,#2019,#2136,.T.);
#1746=EDGE_CURVE('',#2019,#2020,#376,.T.);
#1747=EDGE_CURVE('',#2020,#2021,#2137,.T.);
#1748=EDGE_CURVE('',#2021,#2018,#377,.T.);
#1749=EDGE_CURVE('',#2022,#2023,#378,.T.);
#1750=EDGE_CURVE('',#2018,#2023,#94,.T.);
#1751=EDGE_CURVE('',#2021,#2022,#95,.T.);
#1752=EDGE_CURVE('',#2024,#2022,#2138,.T.);
#1753=EDGE_CURVE('',#2020,#2024,#96,.T.);
#1754=EDGE_CURVE('',#2025,#2024,#379,.T.);
#1755=EDGE_CURVE('',#2019,#2025,#97,.T.);
#1756=EDGE_CURVE('',#2023,#2025,#2139,.T.);
#1757=EDGE_CURVE('',#2026,#2027,#380,.T.);
#1758=EDGE_CURVE('',#2026,#2028,#2140,.T.);
#1759=EDGE_CURVE('',#2028,#2029,#381,.T.);
#1760=EDGE_CURVE('',#1966,#2029,#2141,.T.);
#1761=EDGE_CURVE('',#1974,#1968,#2142,.T.);
#1762=EDGE_CURVE('',#1982,#1976,#2143,.T.);
#1763=EDGE_CURVE('',#1990,#1984,#2144,.T.);
#1764=EDGE_CURVE('',#1998,#1992,#2145,.T.);
#1765=EDGE_CURVE('',#2027,#2000,#2146,.T.);
#1766=EDGE_CURVE('',#2030,#2031,#382,.T.);
#1767=EDGE_CURVE('',#2032,#2030,#2147,.T.);
#1768=EDGE_CURVE('',#2032,#2033,#383,.T.);
#1769=EDGE_CURVE('',#2033,#2031,#2148,.T.);
#1770=EDGE_CURVE('',#2028,#2026,#2149,.T.);
#1771=EDGE_CURVE('',#2030,#2032,#2150,.T.);
#1772=EDGE_CURVE('',#1950,#2024,#2151,.T.);
#1773=EDGE_CURVE('',#2022,#2016,#2152,.T.);
#1774=EDGE_CURVE('',#2014,#2008,#2153,.T.);
#1775=EDGE_CURVE('',#2006,#2027,#2154,.T.);
#1776=EDGE_CURVE('',#2029,#1960,#2155,.T.);
#1777=EDGE_CURVE('',#1958,#1952,#2156,.T.);
#1778=EDGE_CURVE('',#2031,#2033,#2157,.T.);
#1779=VERTEX_POINT('',#4550);
#1780=VERTEX_POINT('',#4551);
#1781=VERTEX_POINT('',#4555);
#1782=VERTEX_POINT('',#4557);
#1783=VERTEX_POINT('',#4561);
#1784=VERTEX_POINT('',#4563);
#1785=VERTEX_POINT('',#4567);
#1786=VERTEX_POINT('',#4569);
#1787=VERTEX_POINT('',#4861);
#1788=VERTEX_POINT('',#4862);
#1789=VERTEX_POINT('',#4868);
#1790=VERTEX_POINT('',#5564);
#1791=VERTEX_POINT('',#5571);
#1792=VERTEX_POINT('',#5577);
#1793=VERTEX_POINT('',#5625);
#1794=VERTEX_POINT('',#5673);
#1795=VERTEX_POINT('',#5721);
#1796=VERTEX_POINT('',#5769);
#1797=VERTEX_POINT('',#5817);
#1798=VERTEX_POINT('',#5865);
#1799=VERTEX_POINT('',#5913);
#1800=VERTEX_POINT('',#5961);
#1801=VERTEX_POINT('',#6009);
#1802=VERTEX_POINT('',#6057);
#1803=VERTEX_POINT('',#6105);
#1804=VERTEX_POINT('',#6153);
#1805=VERTEX_POINT('',#6201);
#1806=VERTEX_POINT('',#6249);
#1807=VERTEX_POINT('',#6297);
#1808=VERTEX_POINT('',#6345);
#1809=VERTEX_POINT('',#6393);
#1810=VERTEX_POINT('',#6441);
#1811=VERTEX_POINT('',#6489);
#1812=VERTEX_POINT('',#6543);
#1813=VERTEX_POINT('',#6721);
#1814=VERTEX_POINT('',#7132);
#1815=VERTEX_POINT('',#7142);
#1816=VERTEX_POINT('',#7152);
#1817=VERTEX_POINT('',#7162);
#1818=VERTEX_POINT('',#7172);
#1819=VERTEX_POINT('',#7182);
#1820=VERTEX_POINT('',#7192);
#1821=VERTEX_POINT('',#7202);
#1822=VERTEX_POINT('',#7212);
#1823=VERTEX_POINT('',#7222);
#1824=VERTEX_POINT('',#7232);
#1825=VERTEX_POINT('',#7242);
#1826=VERTEX_POINT('',#7252);
#1827=VERTEX_POINT('',#7262);
#1828=VERTEX_POINT('',#7272);
#1829=VERTEX_POINT('',#7282);
#1830=VERTEX_POINT('',#7292);
#1831=VERTEX_POINT('',#7302);
#1832=VERTEX_POINT('',#7312);
#1833=VERTEX_POINT('',#7322);
#1834=VERTEX_POINT('',#7332);
#1835=VERTEX_POINT('',#7342);
#1836=VERTEX_POINT('',#7348);
#1837=VERTEX_POINT('',#7361);
#1838=VERTEX_POINT('',#7362);
#1839=VERTEX_POINT('',#7364);
#1840=VERTEX_POINT('',#7366);
#1841=VERTEX_POINT('',#7368);
#1842=VERTEX_POINT('',#7370);
#1843=VERTEX_POINT('',#7377);
#1844=VERTEX_POINT('',#7387);
#1845=VERTEX_POINT('',#7397);
#1846=VERTEX_POINT('',#7407);
#1847=VERTEX_POINT('',#7417);
#1848=VERTEX_POINT('',#7427);
#1849=VERTEX_POINT('',#7434);
#1850=VERTEX_POINT('',#7435);
#1851=VERTEX_POINT('',#7440);
#1852=VERTEX_POINT('',#7450);
#1853=VERTEX_POINT('',#7452);
#1854=VERTEX_POINT('',#7459);
#1855=VERTEX_POINT('',#7467);
#1856=VERTEX_POINT('',#7472);
#1857=VERTEX_POINT('',#7479);
#1858=VERTEX_POINT('',#7484);
#1859=VERTEX_POINT('',#7491);
#1860=VERTEX_POINT('',#7496);
#1861=VERTEX_POINT('',#7518);
#1862=VERTEX_POINT('',#7519);
#1863=VERTEX_POINT('',#7521);
#1864=VERTEX_POINT('',#7523);
#1865=VERTEX_POINT('',#7525);
#1866=VERTEX_POINT('',#7527);
#1867=VERTEX_POINT('',#7534);
#1868=VERTEX_POINT('',#7545);
#1869=VERTEX_POINT('',#7556);
#1870=VERTEX_POINT('',#7566);
#1871=VERTEX_POINT('',#7576);
#1872=VERTEX_POINT('',#7586);
#1873=VERTEX_POINT('',#7593);
#1874=VERTEX_POINT('',#7598);
#1875=VERTEX_POINT('',#7603);
#1876=VERTEX_POINT('',#7610);
#1877=VERTEX_POINT('',#7615);
#1878=VERTEX_POINT('',#7623);
#1879=VERTEX_POINT('',#7628);
#1880=VERTEX_POINT('',#7635);
#1881=VERTEX_POINT('',#7640);
#1882=VERTEX_POINT('',#7647);
#1883=VERTEX_POINT('',#7652);
#1884=VERTEX_POINT('',#7659);
#1885=VERTEX_POINT('',#7722);
#1886=VERTEX_POINT('',#7723);
#1887=VERTEX_POINT('',#7725);
#1888=VERTEX_POINT('',#7727);
#1889=VERTEX_POINT('',#7729);
#1890=VERTEX_POINT('',#7731);
#1891=VERTEX_POINT('',#7739);
#1892=VERTEX_POINT('',#7749);
#1893=VERTEX_POINT('',#7759);
#1894=VERTEX_POINT('',#7770);
#1895=VERTEX_POINT('',#7780);
#1896=VERTEX_POINT('',#7790);
#1897=VERTEX_POINT('',#7797);
#1898=VERTEX_POINT('',#7799);
#1899=VERTEX_POINT('',#7804);
#1900=VERTEX_POINT('',#7811);
#1901=VERTEX_POINT('',#7817);
#1902=VERTEX_POINT('',#7824);
#1903=VERTEX_POINT('',#7829);
#1904=VERTEX_POINT('',#7836);
#1905=VERTEX_POINT('',#7841);
#1906=VERTEX_POINT('',#7848);
#1907=VERTEX_POINT('',#7853);
#1908=VERTEX_POINT('',#7864);
#1909=VERTEX_POINT('',#7886);
#1910=VERTEX_POINT('',#7887);
#1911=VERTEX_POINT('',#7894);
#1912=VERTEX_POINT('',#7900);
#1913=VERTEX_POINT('',#7906);
#1914=VERTEX_POINT('',#7910);
#1915=VERTEX_POINT('',#7911);
#1916=VERTEX_POINT('',#7913);
#1917=VERTEX_POINT('',#7915);
#1918=VERTEX_POINT('',#7919);
#1919=VERTEX_POINT('',#7921);
#1920=VERTEX_POINT('',#7926);
#1921=VERTEX_POINT('',#7927);
#1922=VERTEX_POINT('',#7935);
#1923=VERTEX_POINT('',#7937);
#1924=VERTEX_POINT('',#7949);
#1925=VERTEX_POINT('',#8025);
#1926=VERTEX_POINT('',#8049);
#1927=VERTEX_POINT('',#8085);
#1928=VERTEX_POINT('',#8520);
#1929=VERTEX_POINT('',#8522);
#1930=VERTEX_POINT('',#8528);
#1931=VERTEX_POINT('',#8529);
#1932=VERTEX_POINT('',#8533);
#1933=VERTEX_POINT('',#8535);
#1934=VERTEX_POINT('',#8541);
#1935=VERTEX_POINT('',#8542);
#1936=VERTEX_POINT('',#8546);
#1937=VERTEX_POINT('',#8547);
#1938=VERTEX_POINT('',#8588);
#1939=VERTEX_POINT('',#8589);
#1940=VERTEX_POINT('',#8607);
#1941=VERTEX_POINT('',#8609);
#1942=VERTEX_POINT('',#8629);
#1943=VERTEX_POINT('',#8631);
#1944=VERTEX_POINT('',#8684);
#1945=VERTEX_POINT('',#8686);
#1946=VERTEX_POINT('',#8711);
#1947=VERTEX_POINT('',#8712);
#1948=VERTEX_POINT('',#8714);
#1949=VERTEX_POINT('',#8716);
#1950=VERTEX_POINT('',#8720);
#1951=VERTEX_POINT('',#8721);
#1952=VERTEX_POINT('',#8732);
#1953=VERTEX_POINT('',#8739);
#1954=VERTEX_POINT('',#8748);
#1955=VERTEX_POINT('',#8749);
#1956=VERTEX_POINT('',#8751);
#1957=VERTEX_POINT('',#8753);
#1958=VERTEX_POINT('',#8757);
#1959=VERTEX_POINT('',#8758);
#1960=VERTEX_POINT('',#8769);
#1961=VERTEX_POINT('',#8776);
#1962=VERTEX_POINT('',#8785);
#1963=VERTEX_POINT('',#8786);
#1964=VERTEX_POINT('',#8788);
#1965=VERTEX_POINT('',#8790);
#1966=VERTEX_POINT('',#8794);
#1967=VERTEX_POINT('',#8795);
#1968=VERTEX_POINT('',#8806);
#1969=VERTEX_POINT('',#8813);
#1970=VERTEX_POINT('',#8822);
#1971=VERTEX_POINT('',#8823);
#1972=VERTEX_POINT('',#8825);
#1973=VERTEX_POINT('',#8827);
#1974=VERTEX_POINT('',#8831);
#1975=VERTEX_POINT('',#8832);
#1976=VERTEX_POINT('',#8843);
#1977=VERTEX_POINT('',#8850);
#1978=VERTEX_POINT('',#8859);
#1979=VERTEX_POINT('',#8860);
#1980=VERTEX_POINT('',#8862);
#1981=VERTEX_POINT('',#8864);
#1982=VERTEX_POINT('',#8868);
#1983=VERTEX_POINT('',#8869);
#1984=VERTEX_POINT('',#8880);
#1985=VERTEX_POINT('',#8887);
#1986=VERTEX_POINT('',#8896);
#1987=VERTEX_POINT('',#8897);
#1988=VERTEX_POINT('',#8899);
#1989=VERTEX_POINT('',#8901);
#1990=VERTEX_POINT('',#8905);
#1991=VERTEX_POINT('',#8906);
#1992=VERTEX_POINT('',#8917);
#1993=VERTEX_POINT('',#8924);
#1994=VERTEX_POINT('',#8933);
#1995=VERTEX_POINT('',#8934);
#1996=VERTEX_POINT('',#8936);
#1997=VERTEX_POINT('',#8938);
#1998=VERTEX_POINT('',#8942);
#1999=VERTEX_POINT('',#8943);
#2000=VERTEX_POINT('',#8954);
#2001=VERTEX_POINT('',#8961);
#2002=VERTEX_POINT('',#8970);
#2003=VERTEX_POINT('',#8971);
#2004=VERTEX_POINT('',#8973);
#2005=VERTEX_POINT('',#8975);
#2006=VERTEX_POINT('',#8979);
#2007=VERTEX_POINT('',#8980);
#2008=VERTEX_POINT('',#8991);
#2009=VERTEX_POINT('',#8998);
#2010=VERTEX_POINT('',#9007);
#2011=VERTEX_POINT('',#9008);
#2012=VERTEX_POINT('',#9010);
#2013=VERTEX_POINT('',#9012);
#2014=VERTEX_POINT('',#9016);
#2015=VERTEX_POINT('',#9017);
#2016=VERTEX_POINT('',#9028);
#2017=VERTEX_POINT('',#9035);
#2018=VERTEX_POINT('',#9044);
#2019=VERTEX_POINT('',#9045);
#2020=VERTEX_POINT('',#9047);
#2021=VERTEX_POINT('',#9049);
#2022=VERTEX_POINT('',#9053);
#2023=VERTEX_POINT('',#9054);
#2024=VERTEX_POINT('',#9065);
#2025=VERTEX_POINT('',#9072);
#2026=VERTEX_POINT('',#9081);
#2027=VERTEX_POINT('',#9082);
#2028=VERTEX_POINT('',#9084);
#2029=VERTEX_POINT('',#9086);
#2030=VERTEX_POINT('',#9095);
#2031=VERTEX_POINT('',#9096);
#2032=VERTEX_POINT('',#9098);
#2033=VERTEX_POINT('',#9100);
#2034=CIRCLE('',#3563,1.25);
#2035=CIRCLE('',#3564,1.25);
#2036=CIRCLE('',#3566,1.25);
#2037=CIRCLE('',#3568,2.);
#2038=CIRCLE('',#3570,2.);
#2039=CIRCLE('',#3572,2.);
#2040=CIRCLE('',#3573,2.);
#2041=CIRCLE('',#3575,1.25);
#2042=CIRCLE('',#3579,3.175);
#2043=CIRCLE('',#3581,2.1650635094611);
#2044=CIRCLE('',#3582,2.1650635094611);
#2045=CIRCLE('',#3583,2.1650635094611);
#2046=CIRCLE('',#3584,2.1650635094611);
#2047=CIRCLE('',#3585,2.1650635094611);
#2048=CIRCLE('',#3586,2.1650635094611);
#2049=CIRCLE('',#3594,2.1650635094611);
#2050=CIRCLE('',#3596,2.1650635094611);
#2051=CIRCLE('',#3604,2.1650635094611);
#2052=CIRCLE('',#3606,2.1650635094611);
#2053=CIRCLE('',#3608,2.1650635094611);
#2054=CIRCLE('',#3610,2.1650635094611);
#2055=CIRCLE('',#3612,3.46410161513775);
#2056=CIRCLE('',#3613,3.46410161513775);
#2057=CIRCLE('',#3614,3.46410161513775);
#2058=CIRCLE('',#3615,3.46410161513775);
#2059=CIRCLE('',#3616,3.46410161513775);
#2060=CIRCLE('',#3617,3.46410161513775);
#2061=CIRCLE('',#3631,3.46410161513775);
#2062=CIRCLE('',#3633,3.46410161513775);
#2063=CIRCLE('',#3635,3.46410161513775);
#2064=CIRCLE('',#3637,3.46410161513775);
#2065=CIRCLE('',#3639,3.46410161513775);
#2066=CIRCLE('',#3641,3.46410161513775);
#2067=CIRCLE('',#3643,3.175);
#2068=CIRCLE('',#3666,3.46410161513779);
#2069=CIRCLE('',#3667,3.46410161513779);
#2070=CIRCLE('',#3668,3.46410161513779);
#2071=CIRCLE('',#3669,3.46410161513779);
#2072=CIRCLE('',#3670,3.46410161513779);
#2073=CIRCLE('',#3671,3.46410161513779);
#2074=CIRCLE('',#3685,3.46410161513779);
#2075=CIRCLE('',#3687,3.46410161513779);
#2076=CIRCLE('',#3689,3.46410161513779);
#2077=CIRCLE('',#3691,3.46410161513779);
#2078=CIRCLE('',#3693,3.46410161513779);
#2079=CIRCLE('',#3695,3.46410161513779);
#2080=CIRCLE('',#3697,3.175);
#2081=CIRCLE('',#3699,2.793106855);
#2082=CIRCLE('',#3700,2.793106855);
#2083=CIRCLE('',#3702,2.793106855);
#2084=CIRCLE('',#3703,2.793106855);
#2085=CIRCLE('',#3704,2.793106855);
#2086=CIRCLE('',#3705,2.793106855);
#2087=CIRCLE('',#3707,3.175);
#2088=CIRCLE('',#3715,0.15);
#2089=CIRCLE('',#3716,0.15);
#2090=CIRCLE('',#3717,2.643106855);
#2091=CIRCLE('',#3719,2.643106855);
#2092=CIRCLE('',#3721,2.28);
#2093=CIRCLE('',#3722,2.28);
#2094=CIRCLE('',#3724,2.28);
#2095=CIRCLE('',#3726,2.28);
#2096=CIRCLE('',#3728,0.4);
#2097=CIRCLE('',#3729,0.4);
#2098=CIRCLE('',#3731,0.4);
#2099=CIRCLE('',#3732,0.4);
#2100=CIRCLE('',#3740,3.47946920771661);
#2101=CIRCLE('',#3741,3.27053079228339);
#2102=CIRCLE('',#3744,3.2);
#2103=CIRCLE('',#3747,3.55);
#2104=CIRCLE('',#3749,3.47946920771661);
#2105=CIRCLE('',#3750,3.27053079228339);
#2106=CIRCLE('',#3753,3.2);
#2107=CIRCLE('',#3756,3.55);
#2108=CIRCLE('',#3758,3.47946920771661);
#2109=CIRCLE('',#3759,3.27053079228339);
#2110=CIRCLE('',#3762,3.2);
#2111=CIRCLE('',#3765,3.55);
#2112=CIRCLE('',#3767,3.47946920771661);
#2113=CIRCLE('',#3768,3.27053079228339);
#2114=CIRCLE('',#3771,3.2);
#2115=CIRCLE('',#3774,3.55);
#2116=CIRCLE('',#3776,3.47946920771661);
#2117=CIRCLE('',#3777,3.27053079228339);
#2118=CIRCLE('',#3780,3.2);
#2119=CIRCLE('',#3783,3.55);
#2120=CIRCLE('',#3785,3.47946920771661);
#2121=CIRCLE('',#3786,3.27053079228339);
#2122=CIRCLE('',#3789,3.2);
#2123=CIRCLE('',#3792,3.55);
#2124=CIRCLE('',#3794,3.47946920771661);
#2125=CIRCLE('',#3795,3.27053079228339);
#2126=CIRCLE('',#3798,3.2);
#2127=CIRCLE('',#3801,3.55);
#2128=CIRCLE('',#3803,3.47946920771661);
#2129=CIRCLE('',#3804,3.27053079228339);
#2130=CIRCLE('',#3807,3.2);
#2131=CIRCLE('',#3810,3.55);
#2132=CIRCLE('',#3812,3.47946920771661);
#2133=CIRCLE('',#3813,3.27053079228339);
#2134=CIRCLE('',#3816,3.2);
#2135=CIRCLE('',#3819,3.55);
#2136=CIRCLE('',#3821,3.47946920771661);
#2137=CIRCLE('',#3822,3.27053079228339);
#2138=CIRCLE('',#3825,3.2);
#2139=CIRCLE('',#3828,3.55);
#2140=CIRCLE('',#3830,3.2);
#2141=CIRCLE('',#3831,3.2);
#2142=CIRCLE('',#3832,3.2);
#2143=CIRCLE('',#3833,3.2);
#2144=CIRCLE('',#3834,3.2);
#2145=CIRCLE('',#3835,3.2);
#2146=CIRCLE('',#3836,3.2);
#2147=CIRCLE('',#3838,4.75);
#2148=CIRCLE('',#3839,4.75);
#2149=CIRCLE('',#3841,3.2);
#2150=CIRCLE('',#3842,4.75);
#2151=CIRCLE('',#3844,3.2);
#2152=CIRCLE('',#3845,3.2);
#2153=CIRCLE('',#3846,3.2);
#2154=CIRCLE('',#3847,3.2);
#2155=CIRCLE('',#3848,3.2);
#2156=CIRCLE('',#3849,3.2);
#2157=CIRCLE('',#3850,4.75);
#2158=EDGE_LOOP('',(#534,#535));
#2159=EDGE_LOOP('',(#536,#537,#538,#539));
#2160=EDGE_LOOP('',(#540,#541,#542,#543));
#2161=EDGE_LOOP('',(#544,#545,#546,#547));
#2162=EDGE_LOOP('',(#548,#549,#550,#551));
#2163=EDGE_LOOP('',(#552,#553,#554,#555));
#2164=EDGE_LOOP('',(#556,#557,#558,#559));
#2165=EDGE_LOOP('',(#560,#561,#562,#563,#564,#565,#566,#567,#568,#569,#570,
#571,#572,#573,#574,#575,#576,#577,#578,#579,#580,#581,#582,#583,#584));
#2166=EDGE_LOOP('',(#585,#586,#587,#588));
#2167=EDGE_LOOP('',(#589,#590,#591,#592,#593,#594,#595,#596,#597,#598,#599,
#600,#601,#602,#603,#604,#605,#606,#607,#608,#609,#610,#611,#612,#613));
#2168=EDGE_LOOP('',(#614,#615,#616,#617));
#2169=EDGE_LOOP('',(#618,#619));
#2170=EDGE_LOOP('',(#620,#621,#622,#623,#624,#625));
#2171=EDGE_LOOP('',(#626,#627,#628));
#2172=EDGE_LOOP('',(#629,#630,#631));
#2173=EDGE_LOOP('',(#632,#633,#634));
#2174=EDGE_LOOP('',(#635,#636,#637));
#2175=EDGE_LOOP('',(#638,#639,#640));
#2176=EDGE_LOOP('',(#641,#642,#643));
#2177=EDGE_LOOP('',(#644,#645,#646));
#2178=EDGE_LOOP('',(#647,#648,#649));
#2179=EDGE_LOOP('',(#650,#651,#652,#653,#654,#655));
#2180=EDGE_LOOP('',(#656,#657,#658,#659,#660,#661));
#2181=EDGE_LOOP('',(#662,#663,#664,#665,#666,#667));
#2182=EDGE_LOOP('',(#668,#669,#670,#671,#672,#673));
#2183=EDGE_LOOP('',(#674,#675,#676,#677,#678,#679));
#2184=EDGE_LOOP('',(#680,#681,#682,#683,#684,#685));
#2185=EDGE_LOOP('',(#686,#687,#688));
#2186=EDGE_LOOP('',(#689,#690,#691));
#2187=EDGE_LOOP('',(#692,#693,#694));
#2188=EDGE_LOOP('',(#695,#696,#697));
#2189=EDGE_LOOP('',(#698,#699,#700,#701,#702,#703));
#2190=EDGE_LOOP('',(#704,#705,#706,#707,#708,#709));
#2191=EDGE_LOOP('',(#710,#711,#712));
#2192=EDGE_LOOP('',(#713,#714,#715));
#2193=EDGE_LOOP('',(#716,#717,#718));
#2194=EDGE_LOOP('',(#719,#720,#721));
#2195=EDGE_LOOP('',(#722,#723,#724));
#2196=EDGE_LOOP('',(#725,#726,#727));
#2197=EDGE_LOOP('',(#728,#729,#730,#731,#732,#733));
#2198=EDGE_LOOP('',(#734,#735,#736,#737,#738,#739));
#2199=EDGE_LOOP('',(#740,#741,#742,#743,#744,#745));
#2200=EDGE_LOOP('',(#746,#747,#748,#749,#750,#751));
#2201=EDGE_LOOP('',(#752,#753,#754,#755,#756,#757));
#2202=EDGE_LOOP('',(#758,#759,#760,#761,#762,#763));
#2203=EDGE_LOOP('',(#764,#765,#766));
#2204=EDGE_LOOP('',(#767,#768,#769));
#2205=EDGE_LOOP('',(#770,#771,#772));
#2206=EDGE_LOOP('',(#773,#774,#775));
#2207=EDGE_LOOP('',(#776,#777,#778));
#2208=EDGE_LOOP('',(#779,#780,#781));
#2209=EDGE_LOOP('',(#782,#783,#784,#785,#786,#787));
#2210=EDGE_LOOP('',(#788,#789,#790,#791));
#2211=EDGE_LOOP('',(#792,#793,#794,#795));
#2212=EDGE_LOOP('',(#796,#797,#798,#799));
#2213=EDGE_LOOP('',(#800,#801,#802,#803));
#2214=EDGE_LOOP('',(#804,#805,#806,#807));
#2215=EDGE_LOOP('',(#808,#809,#810,#811));
#2216=EDGE_LOOP('',(#812,#813,#814,#815));
#2217=EDGE_LOOP('',(#816,#817,#818,#819));
#2218=EDGE_LOOP('',(#820,#821,#822,#823));
#2219=EDGE_LOOP('',(#824,#825,#826,#827));
#2220=EDGE_LOOP('',(#828,#829,#830,#831));
#2221=EDGE_LOOP('',(#832,#833,#834,#835));
#2222=EDGE_LOOP('',(#836,#837,#838,#839));
#2223=EDGE_LOOP('',(#840,#841,#842,#843));
#2224=EDGE_LOOP('',(#844,#845,#846,#847));
#2225=EDGE_LOOP('',(#848,#849,#850,#851));
#2226=EDGE_LOOP('',(#852,#853,#854,#855));
#2227=EDGE_LOOP('',(#856,#857,#858,#859));
#2228=EDGE_LOOP('',(#860,#861,#862,#863));
#2229=EDGE_LOOP('',(#864,#865,#866,#867));
#2230=EDGE_LOOP('',(#868,#869,#870,#871));
#2231=EDGE_LOOP('',(#872,#873,#874,#875));
#2232=EDGE_LOOP('',(#876,#877,#878,#879,#880,#881));
#2233=EDGE_LOOP('',(#882,#883,#884,#885));
#2234=EDGE_LOOP('',(#886,#887,#888));
#2235=EDGE_LOOP('',(#889,#890,#891));
#2236=EDGE_LOOP('',(#892,#893,#894));
#2237=EDGE_LOOP('',(#895,#896,#897));
#2238=EDGE_LOOP('',(#898,#899,#900));
#2239=EDGE_LOOP('',(#901,#902,#903));
#2240=EDGE_LOOP('',(#904,#905,#906,#907,#908,#909));
#2241=EDGE_LOOP('',(#910,#911,#912,#913,#914,#915));
#2242=EDGE_LOOP('',(#916,#917,#918,#919,#920,#921));
#2243=EDGE_LOOP('',(#922,#923,#924,#925,#926,#927));
#2244=EDGE_LOOP('',(#928,#929,#930,#931,#932,#933));
#2245=EDGE_LOOP('',(#934,#935,#936,#937,#938,#939));
#2246=EDGE_LOOP('',(#940,#941,#942));
#2247=EDGE_LOOP('',(#943,#944,#945));
#2248=EDGE_LOOP('',(#946,#947,#948));
#2249=EDGE_LOOP('',(#949,#950,#951));
#2250=EDGE_LOOP('',(#952,#953,#954));
#2251=EDGE_LOOP('',(#955,#956,#957));
#2252=EDGE_LOOP('',(#958,#959,#960,#961,#962,#963));
#2253=EDGE_LOOP('',(#964,#965,#966,#967,#968));
#2254=EDGE_LOOP('',(#969,#970,#971,#972));
#2255=EDGE_LOOP('',(#973,#974,#975,#976,#977,#978));
#2256=EDGE_LOOP('',(#979,#980,#981,#982));
#2257=EDGE_LOOP('',(#983,#984,#985,#986,#987));
#2258=EDGE_LOOP('',(#988,#989,#990,#991));
#2259=EDGE_LOOP('',(#992,#993,#994));
#2260=EDGE_LOOP('',(#995,#996,#997,#998));
#2261=EDGE_LOOP('',(#999,#1000,#1001,#1002));
#2262=EDGE_LOOP('',(#1003,#1004,#1005,#1006,#1007,#1008,#1009,#1010));
#2263=EDGE_LOOP('',(#1011,#1012,#1013,#1014));
#2264=EDGE_LOOP('',(#1015,#1016,#1017,#1018,#1019,#1020,#1021));
#2265=EDGE_LOOP('',(#1022,#1023,#1024,#1025));
#2266=EDGE_LOOP('',(#1026,#1027,#1028,#1029));
#2267=EDGE_LOOP('',(#1030,#1031));
#2268=EDGE_LOOP('',(#1032,#1033));
#2269=EDGE_LOOP('',(#1034,#1035,#1036,#1037));
#2270=EDGE_LOOP('',(#1038,#1039,#1040,#1041));
#2271=EDGE_LOOP('',(#1042,#1043));
#2272=EDGE_LOOP('',(#1044,#1045));
#2273=EDGE_LOOP('',(#1046,#1047));
#2274=EDGE_LOOP('',(#1048,#1049,#1050,#1051));
#2275=EDGE_LOOP('',(#1052,#1053,#1054,#1055));
#2276=EDGE_LOOP('',(#1056,#1057,#1058,#1059));
#2277=EDGE_LOOP('',(#1060,#1061,#1062,#1063));
#2278=EDGE_LOOP('',(#1064,#1065,#1066,#1067));
#2279=EDGE_LOOP('',(#1068,#1069,#1070,#1071));
#2280=EDGE_LOOP('',(#1072,#1073,#1074,#1075));
#2281=EDGE_LOOP('',(#1076,#1077,#1078,#1079));
#2282=EDGE_LOOP('',(#1080,#1081,#1082,#1083));
#2283=EDGE_LOOP('',(#1084,#1085,#1086,#1087));
#2284=EDGE_LOOP('',(#1088,#1089,#1090,#1091));
#2285=EDGE_LOOP('',(#1092,#1093,#1094,#1095));
#2286=EDGE_LOOP('',(#1096,#1097,#1098,#1099));
#2287=EDGE_LOOP('',(#1100,#1101,#1102,#1103));
#2288=EDGE_LOOP('',(#1104,#1105,#1106,#1107));
#2289=EDGE_LOOP('',(#1108,#1109,#1110,#1111));
#2290=EDGE_LOOP('',(#1112,#1113,#1114,#1115));
#2291=EDGE_LOOP('',(#1116,#1117,#1118,#1119));
#2292=EDGE_LOOP('',(#1120,#1121,#1122,#1123));
#2293=EDGE_LOOP('',(#1124,#1125,#1126,#1127));
#2294=EDGE_LOOP('',(#1128,#1129,#1130,#1131));
#2295=EDGE_LOOP('',(#1132,#1133,#1134,#1135));
#2296=EDGE_LOOP('',(#1136,#1137,#1138,#1139));
#2297=EDGE_LOOP('',(#1140,#1141,#1142,#1143));
#2298=EDGE_LOOP('',(#1144,#1145,#1146,#1147));
#2299=EDGE_LOOP('',(#1148,#1149,#1150,#1151));
#2300=EDGE_LOOP('',(#1152,#1153,#1154,#1155));
#2301=EDGE_LOOP('',(#1156,#1157,#1158,#1159));
#2302=EDGE_LOOP('',(#1160,#1161,#1162,#1163));
#2303=EDGE_LOOP('',(#1164,#1165,#1166,#1167));
#2304=EDGE_LOOP('',(#1168,#1169,#1170,#1171));
#2305=EDGE_LOOP('',(#1172,#1173,#1174,#1175));
#2306=EDGE_LOOP('',(#1176,#1177,#1178,#1179));
#2307=EDGE_LOOP('',(#1180,#1181,#1182,#1183));
#2308=EDGE_LOOP('',(#1184,#1185,#1186,#1187));
#2309=EDGE_LOOP('',(#1188,#1189,#1190,#1191));
#2310=EDGE_LOOP('',(#1192,#1193,#1194,#1195));
#2311=EDGE_LOOP('',(#1196,#1197,#1198,#1199));
#2312=EDGE_LOOP('',(#1200,#1201,#1202,#1203));
#2313=EDGE_LOOP('',(#1204,#1205,#1206,#1207));
#2314=EDGE_LOOP('',(#1208,#1209,#1210,#1211));
#2315=EDGE_LOOP('',(#1212,#1213,#1214,#1215));
#2316=EDGE_LOOP('',(#1216,#1217,#1218,#1219));
#2317=EDGE_LOOP('',(#1220,#1221,#1222,#1223));
#2318=EDGE_LOOP('',(#1224,#1225,#1226,#1227));
#2319=EDGE_LOOP('',(#1228,#1229,#1230,#1231));
#2320=EDGE_LOOP('',(#1232,#1233,#1234,#1235));
#2321=EDGE_LOOP('',(#1236,#1237,#1238,#1239));
#2322=EDGE_LOOP('',(#1240,#1241,#1242,#1243));
#2323=EDGE_LOOP('',(#1244,#1245,#1246,#1247));
#2324=EDGE_LOOP('',(#1248,#1249,#1250,#1251));
#2325=EDGE_LOOP('',(#1252,#1253,#1254,#1255));
#2326=EDGE_LOOP('',(#1256,#1257,#1258,#1259));
#2327=EDGE_LOOP('',(#1260,#1261,#1262,#1263));
#2328=EDGE_LOOP('',(#1264,#1265,#1266,#1267));
#2329=EDGE_LOOP('',(#1268,#1269,#1270,#1271));
#2330=EDGE_LOOP('',(#1272,#1273,#1274,#1275));
#2331=EDGE_LOOP('',(#1276,#1277,#1278,#1279));
#2332=EDGE_LOOP('',(#1280,#1281,#1282,#1283,#1284,#1285,#1286,#1287,#1288,
#1289,#1290,#1291,#1292,#1293));
#2333=EDGE_LOOP('',(#1294,#1295,#1296,#1297));
#2334=EDGE_LOOP('',(#1298,#1299));
#2335=EDGE_LOOP('',(#1300,#1301));
#2336=EDGE_LOOP('',(#1302,#1303,#1304,#1305,#1306,#1307,#1308,#1309,#1310,
#1311,#1312,#1313,#1314,#1315,#1316,#1317,#1318,#1319,#1320,#1321,#1322,
#1323,#1324,#1325,#1326,#1327,#1328,#1329,#1330,#1331,#1332,#1333,#1334,
#1335,#1336,#1337,#1338,#1339,#1340,#1341,#1342,#1343));
#2337=EDGE_LOOP('',(#1344,#1345));
#2338=EDGE_LOOP('',(#1346,#1347,#1348,#1349));
#2339=EDGE_LOOP('',(#1350,#1351,#1352,#1353,#1354,#1355,#1356,#1357,#1358,
#1359,#1360,#1361,#1362,#1363));
#2340=FACE_BOUND('',#2158,.T.);
#2341=FACE_BOUND('',#2159,.T.);
#2342=FACE_BOUND('',#2160,.T.);
#2343=FACE_BOUND('',#2161,.T.);
#2344=FACE_BOUND('',#2162,.T.);
#2345=FACE_BOUND('',#2163,.T.);
#2346=FACE_BOUND('',#2164,.T.);
#2347=FACE_BOUND('',#2165,.T.);
#2348=FACE_BOUND('',#2166,.T.);
#2349=FACE_BOUND('',#2167,.T.);
#2350=FACE_BOUND('',#2168,.T.);
#2351=FACE_BOUND('',#2169,.T.);
#2352=FACE_BOUND('',#2170,.T.);
#2353=FACE_BOUND('',#2171,.T.);
#2354=FACE_BOUND('',#2172,.T.);
#2355=FACE_BOUND('',#2173,.T.);
#2356=FACE_BOUND('',#2174,.T.);
#2357=FACE_BOUND('',#2175,.T.);
#2358=FACE_BOUND('',#2176,.T.);
#2359=FACE_BOUND('',#2177,.T.);
#2360=FACE_BOUND('',#2178,.T.);
#2361=FACE_BOUND('',#2179,.T.);
#2362=FACE_BOUND('',#2180,.T.);
#2363=FACE_BOUND('',#2181,.T.);
#2364=FACE_BOUND('',#2182,.T.);
#2365=FACE_BOUND('',#2183,.T.);
#2366=FACE_BOUND('',#2184,.T.);
#2367=FACE_BOUND('',#2185,.T.);
#2368=FACE_BOUND('',#2186,.T.);
#2369=FACE_BOUND('',#2187,.T.);
#2370=FACE_BOUND('',#2188,.T.);
#2371=FACE_BOUND('',#2189,.T.);
#2372=FACE_BOUND('',#2190,.T.);
#2373=FACE_BOUND('',#2191,.T.);
#2374=FACE_BOUND('',#2192,.T.);
#2375=FACE_BOUND('',#2193,.T.);
#2376=FACE_BOUND('',#2194,.T.);
#2377=FACE_BOUND('',#2195,.T.);
#2378=FACE_BOUND('',#2196,.T.);
#2379=FACE_BOUND('',#2197,.T.);
#2380=FACE_BOUND('',#2198,.T.);
#2381=FACE_BOUND('',#2199,.T.);
#2382=FACE_BOUND('',#2200,.T.);
#2383=FACE_BOUND('',#2201,.T.);
#2384=FACE_BOUND('',#2202,.T.);
#2385=FACE_BOUND('',#2203,.T.);
#2386=FACE_BOUND('',#2204,.T.);
#2387=FACE_BOUND('',#2205,.T.);
#2388=FACE_BOUND('',#2206,.T.);
#2389=FACE_BOUND('',#2207,.T.);
#2390=FACE_BOUND('',#2208,.T.);
#2391=FACE_BOUND('',#2209,.T.);
#2392=FACE_BOUND('',#2210,.T.);
#2393=FACE_BOUND('',#2211,.T.);
#2394=FACE_BOUND('',#2212,.T.);
#2395=FACE_BOUND('',#2213,.T.);
#2396=FACE_BOUND('',#2214,.T.);
#2397=FACE_BOUND('',#2215,.T.);
#2398=FACE_BOUND('',#2216,.T.);
#2399=FACE_BOUND('',#2217,.T.);
#2400=FACE_BOUND('',#2218,.T.);
#2401=FACE_BOUND('',#2219,.T.);
#2402=FACE_BOUND('',#2220,.T.);
#2403=FACE_BOUND('',#2221,.T.);
#2404=FACE_BOUND('',#2222,.T.);
#2405=FACE_BOUND('',#2223,.T.);
#2406=FACE_BOUND('',#2224,.T.);
#2407=FACE_BOUND('',#2225,.T.);
#2408=FACE_BOUND('',#2226,.T.);
#2409=FACE_BOUND('',#2227,.T.);
#2410=FACE_BOUND('',#2228,.T.);
#2411=FACE_BOUND('',#2229,.T.);
#2412=FACE_BOUND('',#2230,.T.);
#2413=FACE_BOUND('',#2231,.T.);
#2414=FACE_BOUND('',#2232,.T.);
#2415=FACE_BOUND('',#2233,.T.);
#2416=FACE_BOUND('',#2234,.T.);
#2417=FACE_BOUND('',#2235,.T.);
#2418=FACE_BOUND('',#2236,.T.);
#2419=FACE_BOUND('',#2237,.T.);
#2420=FACE_BOUND('',#2238,.T.);
#2421=FACE_BOUND('',#2239,.T.);
#2422=FACE_BOUND('',#2240,.T.);
#2423=FACE_BOUND('',#2241,.T.);
#2424=FACE_BOUND('',#2242,.T.);
#2425=FACE_BOUND('',#2243,.T.);
#2426=FACE_BOUND('',#2244,.T.);
#2427=FACE_BOUND('',#2245,.T.);
#2428=FACE_BOUND('',#2246,.T.);
#2429=FACE_BOUND('',#2247,.T.);
#2430=FACE_BOUND('',#2248,.T.);
#2431=FACE_BOUND('',#2249,.T.);
#2432=FACE_BOUND('',#2250,.T.);
#2433=FACE_BOUND('',#2251,.T.);
#2434=FACE_BOUND('',#2252,.T.);
#2435=FACE_BOUND('',#2253,.T.);
#2436=FACE_BOUND('',#2254,.T.);
#2437=FACE_BOUND('',#2255,.T.);
#2438=FACE_BOUND('',#2256,.T.);
#2439=FACE_BOUND('',#2257,.T.);
#2440=FACE_BOUND('',#2258,.T.);
#2441=FACE_BOUND('',#2259,.T.);
#2442=FACE_BOUND('',#2260,.T.);
#2443=FACE_BOUND('',#2261,.T.);
#2444=FACE_BOUND('',#2262,.T.);
#2445=FACE_BOUND('',#2263,.T.);
#2446=FACE_BOUND('',#2264,.T.);
#2447=FACE_BOUND('',#2265,.T.);
#2448=FACE_BOUND('',#2266,.T.);
#2449=FACE_BOUND('',#2267,.T.);
#2450=FACE_BOUND('',#2268,.T.);
#2451=FACE_BOUND('',#2269,.T.);
#2452=FACE_BOUND('',#2270,.T.);
#2453=FACE_BOUND('',#2271,.T.);
#2454=FACE_BOUND('',#2272,.T.);
#2455=FACE_BOUND('',#2273,.T.);
#2456=FACE_BOUND('',#2274,.T.);
#2457=FACE_BOUND('',#2275,.T.);
#2458=FACE_BOUND('',#2276,.T.);
#2459=FACE_BOUND('',#2277,.T.);
#2460=FACE_BOUND('',#2278,.T.);
#2461=FACE_BOUND('',#2279,.T.);
#2462=FACE_BOUND('',#2280,.T.);
#2463=FACE_BOUND('',#2281,.T.);
#2464=FACE_BOUND('',#2282,.T.);
#2465=FACE_BOUND('',#2283,.T.);
#2466=FACE_BOUND('',#2284,.T.);
#2467=FACE_BOUND('',#2285,.T.);
#2468=FACE_BOUND('',#2286,.T.);
#2469=FACE_BOUND('',#2287,.T.);
#2470=FACE_BOUND('',#2288,.T.);
#2471=FACE_BOUND('',#2289,.T.);
#2472=FACE_BOUND('',#2290,.T.);
#2473=FACE_BOUND('',#2291,.T.);
#2474=FACE_BOUND('',#2292,.T.);
#2475=FACE_BOUND('',#2293,.T.);
#2476=FACE_BOUND('',#2294,.T.);
#2477=FACE_BOUND('',#2295,.T.);
#2478=FACE_BOUND('',#2296,.T.);
#2479=FACE_BOUND('',#2297,.T.);
#2480=FACE_BOUND('',#2298,.T.);
#2481=FACE_BOUND('',#2299,.T.);
#2482=FACE_BOUND('',#2300,.T.);
#2483=FACE_BOUND('',#2301,.T.);
#2484=FACE_BOUND('',#2302,.T.);
#2485=FACE_BOUND('',#2303,.T.);
#2486=FACE_BOUND('',#2304,.T.);
#2487=FACE_BOUND('',#2305,.T.);
#2488=FACE_BOUND('',#2306,.T.);
#2489=FACE_BOUND('',#2307,.T.);
#2490=FACE_BOUND('',#2308,.T.);
#2491=FACE_BOUND('',#2309,.T.);
#2492=FACE_BOUND('',#2310,.T.);
#2493=FACE_BOUND('',#2311,.T.);
#2494=FACE_BOUND('',#2312,.T.);
#2495=FACE_BOUND('',#2313,.T.);
#2496=FACE_BOUND('',#2314,.T.);
#2497=FACE_BOUND('',#2315,.T.);
#2498=FACE_BOUND('',#2316,.T.);
#2499=FACE_BOUND('',#2317,.T.);
#2500=FACE_BOUND('',#2318,.T.);
#2501=FACE_BOUND('',#2319,.T.);
#2502=FACE_BOUND('',#2320,.T.);
#2503=FACE_BOUND('',#2321,.T.);
#2504=FACE_BOUND('',#2322,.T.);
#2505=FACE_BOUND('',#2323,.T.);
#2506=FACE_BOUND('',#2324,.T.);
#2507=FACE_BOUND('',#2325,.T.);
#2508=FACE_BOUND('',#2326,.T.);
#2509=FACE_BOUND('',#2327,.T.);
#2510=FACE_BOUND('',#2328,.T.);
#2511=FACE_BOUND('',#2329,.T.);
#2512=FACE_BOUND('',#2330,.T.);
#2513=FACE_BOUND('',#2331,.T.);
#2514=FACE_BOUND('',#2332,.T.);
#2515=FACE_BOUND('',#2333,.T.);
#2516=FACE_BOUND('',#2334,.T.);
#2517=FACE_BOUND('',#2335,.T.);
#2518=FACE_BOUND('',#2336,.T.);
#2519=FACE_BOUND('',#2337,.T.);
#2520=FACE_BOUND('',#2338,.T.);
#2521=FACE_BOUND('',#2339,.T.);
#2522=PLANE('',#3562);
#2523=PLANE('',#3580);
#2524=PLANE('',#3597);
#2525=PLANE('',#3598);
#2526=PLANE('',#3599);
#2527=PLANE('',#3600);
#2528=PLANE('',#3601);
#2529=PLANE('',#3602);
#2530=PLANE('',#3611);
#2531=PLANE('',#3624);
#2532=PLANE('',#3625);
#2533=PLANE('',#3626);
#2534=PLANE('',#3627);
#2535=PLANE('',#3628);
#2536=PLANE('',#3629);
#2537=PLANE('',#3642);
#2538=PLANE('',#3665);
#2539=PLANE('',#3678);
#2540=PLANE('',#3679);
#2541=PLANE('',#3680);
#2542=PLANE('',#3681);
#2543=PLANE('',#3682);
#2544=PLANE('',#3683);
#2545=PLANE('',#3696);
#2546=PLANE('',#3720);
#2547=PLANE('',#3727);
#2548=PLANE('',#3730);
#2549=PLANE('',#3737);
#2550=PLANE('',#3738);
#2551=PLANE('',#3739);
#2552=PLANE('',#3742);
#2553=PLANE('',#3745);
#2554=PLANE('',#3748);
#2555=PLANE('',#3751);
#2556=PLANE('',#3754);
#2557=PLANE('',#3757);
#2558=PLANE('',#3760);
#2559=PLANE('',#3763);
#2560=PLANE('',#3766);
#2561=PLANE('',#3769);
#2562=PLANE('',#3772);
#2563=PLANE('',#3775);
#2564=PLANE('',#3778);
#2565=PLANE('',#3781);
#2566=PLANE('',#3784);
#2567=PLANE('',#3787);
#2568=PLANE('',#3790);
#2569=PLANE('',#3793);
#2570=PLANE('',#3796);
#2571=PLANE('',#3799);
#2572=PLANE('',#3802);
#2573=PLANE('',#3805);
#2574=PLANE('',#3808);
#2575=PLANE('',#3811);
#2576=PLANE('',#3814);
#2577=PLANE('',#3817);
#2578=PLANE('',#3820);
#2579=PLANE('',#3823);
#2580=PLANE('',#3826);
#2581=PLANE('',#3840);
#2582=PLANE('',#3843);
#2583=STYLED_ITEM('',(#2696),#3378);
#2584=STYLED_ITEM('',(#2697),#3379);
#2585=STYLED_ITEM('',(#2698),#3380);
#2586=STYLED_ITEM('',(#2699),#3381);
#2587=STYLED_ITEM('',(#2700),#3382);
#2588=STYLED_ITEM('',(#2701),#3383);
#2589=STYLED_ITEM('',(#2702),#3384);
#2590=STYLED_ITEM('',(#2703),#3385);
#2591=STYLED_ITEM('',(#2704),#3386);
#2592=STYLED_ITEM('',(#2705),#3387);
#2593=STYLED_ITEM('',(#2706),#3388);
#2594=STYLED_ITEM('',(#2707),#3389);
#2595=STYLED_ITEM('',(#2708),#3390);
#2596=STYLED_ITEM('',(#2709),#3391);
#2597=STYLED_ITEM('',(#2710),#3392);
#2598=STYLED_ITEM('',(#2711),#3393);
#2599=STYLED_ITEM('',(#2712),#3394);
#2600=STYLED_ITEM('',(#2713),#3395);
#2601=STYLED_ITEM('',(#2714),#3396);
#2602=STYLED_ITEM('',(#2715),#3397);
#2603=STYLED_ITEM('',(#2716),#3398);
#2604=STYLED_ITEM('',(#2717),#3399);
#2605=STYLED_ITEM('',(#2718),#3400);
#2606=STYLED_ITEM('',(#2719),#3401);
#2607=STYLED_ITEM('',(#2720),#3402);
#2608=STYLED_ITEM('',(#2721),#3403);
#2609=STYLED_ITEM('',(#2722),#3404);
#2610=STYLED_ITEM('',(#2723),#3405);
#2611=STYLED_ITEM('',(#2724),#3406);
#2612=STYLED_ITEM('',(#2725),#3407);
#2613=STYLED_ITEM('',(#2726),#3408);
#2614=STYLED_ITEM('',(#2727),#3409);
#2615=STYLED_ITEM('',(#2728),#3410);
#2616=STYLED_ITEM('',(#2729),#3411);
#2617=STYLED_ITEM('',(#2730),#3412);
#2618=STYLED_ITEM('',(#2731),#3413);
#2619=STYLED_ITEM('',(#2732),#3414);
#2620=STYLED_ITEM('',(#2733),#3415);
#2621=STYLED_ITEM('',(#2734),#3416);
#2622=STYLED_ITEM('',(#2735),#3417);
#2623=STYLED_ITEM('',(#2736),#3418);
#2624=STYLED_ITEM('',(#2737),#3419);
#2625=STYLED_ITEM('',(#2738),#3420);
#2626=STYLED_ITEM('',(#2739),#3421);
#2627=STYLED_ITEM('',(#2740),#3422);
#2628=STYLED_ITEM('',(#2741),#3423);
#2629=STYLED_ITEM('',(#2742),#3424);
#2630=STYLED_ITEM('',(#2743),#3425);
#2631=STYLED_ITEM('',(#2744),#3426);
#2632=STYLED_ITEM('',(#2745),#3427);
#2633=STYLED_ITEM('',(#2746),#3428);
#2634=STYLED_ITEM('',(#2747),#3429);
#2635=STYLED_ITEM('',(#2748),#3430);
#2636=STYLED_ITEM('',(#2749),#3431);
#2637=STYLED_ITEM('',(#2750),#3432);
#2638=STYLED_ITEM('',(#2751),#3433);
#2639=STYLED_ITEM('',(#2752),#3434);
#2640=STYLED_ITEM('',(#2753),#3435);
#2641=STYLED_ITEM('',(#2754),#3436);
#2642=STYLED_ITEM('',(#2755),#3437);
#2643=STYLED_ITEM('',(#2756),#3438);
#2644=STYLED_ITEM('',(#2757),#3439);
#2645=STYLED_ITEM('',(#2758),#3440);
#2646=STYLED_ITEM('',(#2759),#3441);
#2647=STYLED_ITEM('',(#2760),#3442);
#2648=STYLED_ITEM('',(#2761),#3443);
#2649=STYLED_ITEM('',(#2762),#3444);
#2650=STYLED_ITEM('',(#2763),#3445);
#2651=STYLED_ITEM('',(#2764),#3446);
#2652=STYLED_ITEM('',(#2765),#3447);
#2653=STYLED_ITEM('',(#2766),#3448);
#2654=STYLED_ITEM('',(#2767),#3449);
#2655=STYLED_ITEM('',(#2768),#3450);
#2656=STYLED_ITEM('',(#2769),#3451);
#2657=STYLED_ITEM('',(#2770),#3452);
#2658=STYLED_ITEM('',(#2771),#3453);
#2659=STYLED_ITEM('',(#2772),#3454);
#2660=STYLED_ITEM('',(#2773),#3455);
#2661=STYLED_ITEM('',(#2774),#3456);
#2662=STYLED_ITEM('',(#2775),#3457);
#2663=STYLED_ITEM('',(#2776),#3458);
#2664=STYLED_ITEM('',(#2777),#3459);
#2665=STYLED_ITEM('',(#2778),#3460);
#2666=STYLED_ITEM('',(#2779),#3461);
#2667=STYLED_ITEM('',(#2780),#3462);
#2668=STYLED_ITEM('',(#2781),#3463);
#2669=STYLED_ITEM('',(#2782),#3464);
#2670=STYLED_ITEM('',(#2783),#3465);
#2671=STYLED_ITEM('',(#2784),#3466);
#2672=STYLED_ITEM('',(#2785),#3467);
#2673=STYLED_ITEM('',(#2786),#3468);
#2674=STYLED_ITEM('',(#2787),#3469);
#2675=STYLED_ITEM('',(#2788),#3470);
#2676=STYLED_ITEM('',(#2789),#3471);
#2677=STYLED_ITEM('',(#2790),#3472);
#2678=STYLED_ITEM('',(#2791),#3473);
#2679=STYLED_ITEM('',(#2792),#3474);
#2680=STYLED_ITEM('',(#2793),#3475);
#2681=STYLED_ITEM('',(#2794),#3476);
#2682=STYLED_ITEM('',(#2795),#3477);
#2683=STYLED_ITEM('',(#2796),#3478);
#2684=STYLED_ITEM('',(#2797),#3479);
#2685=STYLED_ITEM('',(#2798),#3480);
#2686=STYLED_ITEM('',(#2799),#3481);
#2687=STYLED_ITEM('',(#2800),#3482);
#2688=STYLED_ITEM('',(#2801),#3483);
#2689=STYLED_ITEM('',(#2802),#3484);
#2690=STYLED_ITEM('',(#2803),#3485);
#2691=STYLED_ITEM('',(#2804),#3486);
#2692=STYLED_ITEM('',(#2805),#3487);
#2693=STYLED_ITEM('',(#2806),#3488);
#2694=STYLED_ITEM('',(#2807),#3555);
#2695=STYLED_ITEM('',(#2808),#3556);
#2696=PRESENTATION_STYLE_ASSIGNMENT((#2809));
#2697=PRESENTATION_STYLE_ASSIGNMENT((#2810));
#2698=PRESENTATION_STYLE_ASSIGNMENT((#2811));
#2699=PRESENTATION_STYLE_ASSIGNMENT((#2812));
#2700=PRESENTATION_STYLE_ASSIGNMENT((#2813));
#2701=PRESENTATION_STYLE_ASSIGNMENT((#2814));
#2702=PRESENTATION_STYLE_ASSIGNMENT((#2815));
#2703=PRESENTATION_STYLE_ASSIGNMENT((#2816));
#2704=PRESENTATION_STYLE_ASSIGNMENT((#2817));
#2705=PRESENTATION_STYLE_ASSIGNMENT((#2818));
#2706=PRESENTATION_STYLE_ASSIGNMENT((#2819));
#2707=PRESENTATION_STYLE_ASSIGNMENT((#2820));
#2708=PRESENTATION_STYLE_ASSIGNMENT((#2821));
#2709=PRESENTATION_STYLE_ASSIGNMENT((#2822));
#2710=PRESENTATION_STYLE_ASSIGNMENT((#2823));
#2711=PRESENTATION_STYLE_ASSIGNMENT((#2824));
#2712=PRESENTATION_STYLE_ASSIGNMENT((#2825));
#2713=PRESENTATION_STYLE_ASSIGNMENT((#2826));
#2714=PRESENTATION_STYLE_ASSIGNMENT((#2827));
#2715=PRESENTATION_STYLE_ASSIGNMENT((#2828));
#2716=PRESENTATION_STYLE_ASSIGNMENT((#2829));
#2717=PRESENTATION_STYLE_ASSIGNMENT((#2830));
#2718=PRESENTATION_STYLE_ASSIGNMENT((#2831));
#2719=PRESENTATION_STYLE_ASSIGNMENT((#2832));
#2720=PRESENTATION_STYLE_ASSIGNMENT((#2833));
#2721=PRESENTATION_STYLE_ASSIGNMENT((#2834));
#2722=PRESENTATION_STYLE_ASSIGNMENT((#2835));
#2723=PRESENTATION_STYLE_ASSIGNMENT((#2836));
#2724=PRESENTATION_STYLE_ASSIGNMENT((#2837));
#2725=PRESENTATION_STYLE_ASSIGNMENT((#2838));
#2726=PRESENTATION_STYLE_ASSIGNMENT((#2839));
#2727=PRESENTATION_STYLE_ASSIGNMENT((#2840));
#2728=PRESENTATION_STYLE_ASSIGNMENT((#2841));
#2729=PRESENTATION_STYLE_ASSIGNMENT((#2842));
#2730=PRESENTATION_STYLE_ASSIGNMENT((#2843));
#2731=PRESENTATION_STYLE_ASSIGNMENT((#2844));
#2732=PRESENTATION_STYLE_ASSIGNMENT((#2845));
#2733=PRESENTATION_STYLE_ASSIGNMENT((#2846));
#2734=PRESENTATION_STYLE_ASSIGNMENT((#2847));
#2735=PRESENTATION_STYLE_ASSIGNMENT((#2848));
#2736=PRESENTATION_STYLE_ASSIGNMENT((#2849));
#2737=PRESENTATION_STYLE_ASSIGNMENT((#2850));
#2738=PRESENTATION_STYLE_ASSIGNMENT((#2851));
#2739=PRESENTATION_STYLE_ASSIGNMENT((#2852));
#2740=PRESENTATION_STYLE_ASSIGNMENT((#2853));
#2741=PRESENTATION_STYLE_ASSIGNMENT((#2854));
#2742=PRESENTATION_STYLE_ASSIGNMENT((#2855));
#2743=PRESENTATION_STYLE_ASSIGNMENT((#2856));
#2744=PRESENTATION_STYLE_ASSIGNMENT((#2857));
#2745=PRESENTATION_STYLE_ASSIGNMENT((#2858));
#2746=PRESENTATION_STYLE_ASSIGNMENT((#2859));
#2747=PRESENTATION_STYLE_ASSIGNMENT((#2860));
#2748=PRESENTATION_STYLE_ASSIGNMENT((#2861));
#2749=PRESENTATION_STYLE_ASSIGNMENT((#2862));
#2750=PRESENTATION_STYLE_ASSIGNMENT((#2863));
#2751=PRESENTATION_STYLE_ASSIGNMENT((#2864));
#2752=PRESENTATION_STYLE_ASSIGNMENT((#2865));
#2753=PRESENTATION_STYLE_ASSIGNMENT((#2866));
#2754=PRESENTATION_STYLE_ASSIGNMENT((#2867));
#2755=PRESENTATION_STYLE_ASSIGNMENT((#2868));
#2756=PRESENTATION_STYLE_ASSIGNMENT((#2869));
#2757=PRESENTATION_STYLE_ASSIGNMENT((#2870));
#2758=PRESENTATION_STYLE_ASSIGNMENT((#2871));
#2759=PRESENTATION_STYLE_ASSIGNMENT((#2872));
#2760=PRESENTATION_STYLE_ASSIGNMENT((#2873));
#2761=PRESENTATION_STYLE_ASSIGNMENT((#2874));
#2762=PRESENTATION_STYLE_ASSIGNMENT((#2875));
#2763=PRESENTATION_STYLE_ASSIGNMENT((#2876));
#2764=PRESENTATION_STYLE_ASSIGNMENT((#2877));
#2765=PRESENTATION_STYLE_ASSIGNMENT((#2878));
#2766=PRESENTATION_STYLE_ASSIGNMENT((#2879));
#2767=PRESENTATION_STYLE_ASSIGNMENT((#2880));
#2768=PRESENTATION_STYLE_ASSIGNMENT((#2881));
#2769=PRESENTATION_STYLE_ASSIGNMENT((#2882));
#2770=PRESENTATION_STYLE_ASSIGNMENT((#2883));
#2771=PRESENTATION_STYLE_ASSIGNMENT((#2884));
#2772=PRESENTATION_STYLE_ASSIGNMENT((#2885));
#2773=PRESENTATION_STYLE_ASSIGNMENT((#2886));
#2774=PRESENTATION_STYLE_ASSIGNMENT((#2887));
#2775=PRESENTATION_STYLE_ASSIGNMENT((#2888));
#2776=PRESENTATION_STYLE_ASSIGNMENT((#2889));
#2777=PRESENTATION_STYLE_ASSIGNMENT((#2890));
#2778=PRESENTATION_STYLE_ASSIGNMENT((#2891));
#2779=PRESENTATION_STYLE_ASSIGNMENT((#2892));
#2780=PRESENTATION_STYLE_ASSIGNMENT((#2893));
#2781=PRESENTATION_STYLE_ASSIGNMENT((#2894));
#2782=PRESENTATION_STYLE_ASSIGNMENT((#2895));
#2783=PRESENTATION_STYLE_ASSIGNMENT((#2896));
#2784=PRESENTATION_STYLE_ASSIGNMENT((#2897));
#2785=PRESENTATION_STYLE_ASSIGNMENT((#2898));
#2786=PRESENTATION_STYLE_ASSIGNMENT((#2899));
#2787=PRESENTATION_STYLE_ASSIGNMENT((#2900));
#2788=PRESENTATION_STYLE_ASSIGNMENT((#2901));
#2789=PRESENTATION_STYLE_ASSIGNMENT((#2902));
#2790=PRESENTATION_STYLE_ASSIGNMENT((#2903));
#2791=PRESENTATION_STYLE_ASSIGNMENT((#2904));
#2792=PRESENTATION_STYLE_ASSIGNMENT((#2905));
#2793=PRESENTATION_STYLE_ASSIGNMENT((#2906));
#2794=PRESENTATION_STYLE_ASSIGNMENT((#2907));
#2795=PRESENTATION_STYLE_ASSIGNMENT((#2908));
#2796=PRESENTATION_STYLE_ASSIGNMENT((#2909));
#2797=PRESENTATION_STYLE_ASSIGNMENT((#2910));
#2798=PRESENTATION_STYLE_ASSIGNMENT((#2911));
#2799=PRESENTATION_STYLE_ASSIGNMENT((#2912));
#2800=PRESENTATION_STYLE_ASSIGNMENT((#2913));
#2801=PRESENTATION_STYLE_ASSIGNMENT((#2914));
#2802=PRESENTATION_STYLE_ASSIGNMENT((#2915));
#2803=PRESENTATION_STYLE_ASSIGNMENT((#2916));
#2804=PRESENTATION_STYLE_ASSIGNMENT((#2917));
#2805=PRESENTATION_STYLE_ASSIGNMENT((#2918));
#2806=PRESENTATION_STYLE_ASSIGNMENT((#2919));
#2807=PRESENTATION_STYLE_ASSIGNMENT((#2920));
#2808=PRESENTATION_STYLE_ASSIGNMENT((#2921));
#2809=SURFACE_STYLE_USAGE(.BOTH.,#2922);
#2810=SURFACE_STYLE_USAGE(.BOTH.,#2923);
#2811=SURFACE_STYLE_USAGE(.BOTH.,#2924);
#2812=SURFACE_STYLE_USAGE(.BOTH.,#2925);
#2813=SURFACE_STYLE_USAGE(.BOTH.,#2926);
#2814=SURFACE_STYLE_USAGE(.BOTH.,#2927);
#2815=SURFACE_STYLE_USAGE(.BOTH.,#2928);
#2816=SURFACE_STYLE_USAGE(.BOTH.,#2929);
#2817=SURFACE_STYLE_USAGE(.BOTH.,#2930);
#2818=SURFACE_STYLE_USAGE(.BOTH.,#2931);
#2819=SURFACE_STYLE_USAGE(.BOTH.,#2932);
#2820=SURFACE_STYLE_USAGE(.BOTH.,#2933);
#2821=SURFACE_STYLE_USAGE(.BOTH.,#2934);
#2822=SURFACE_STYLE_USAGE(.BOTH.,#2935);
#2823=SURFACE_STYLE_USAGE(.BOTH.,#2936);
#2824=SURFACE_STYLE_USAGE(.BOTH.,#2937);
#2825=SURFACE_STYLE_USAGE(.BOTH.,#2938);
#2826=SURFACE_STYLE_USAGE(.BOTH.,#2939);
#2827=SURFACE_STYLE_USAGE(.BOTH.,#2940);
#2828=SURFACE_STYLE_USAGE(.BOTH.,#2941);
#2829=SURFACE_STYLE_USAGE(.BOTH.,#2942);
#2830=SURFACE_STYLE_USAGE(.BOTH.,#2943);
#2831=SURFACE_STYLE_USAGE(.BOTH.,#2944);
#2832=SURFACE_STYLE_USAGE(.BOTH.,#2945);
#2833=SURFACE_STYLE_USAGE(.BOTH.,#2946);
#2834=SURFACE_STYLE_USAGE(.BOTH.,#2947);
#2835=SURFACE_STYLE_USAGE(.BOTH.,#2948);
#2836=SURFACE_STYLE_USAGE(.BOTH.,#2949);
#2837=SURFACE_STYLE_USAGE(.BOTH.,#2950);
#2838=SURFACE_STYLE_USAGE(.BOTH.,#2951);
#2839=SURFACE_STYLE_USAGE(.BOTH.,#2952);
#2840=SURFACE_STYLE_USAGE(.BOTH.,#2953);
#2841=SURFACE_STYLE_USAGE(.BOTH.,#2954);
#2842=SURFACE_STYLE_USAGE(.BOTH.,#2955);
#2843=SURFACE_STYLE_USAGE(.BOTH.,#2956);
#2844=SURFACE_STYLE_USAGE(.BOTH.,#2957);
#2845=SURFACE_STYLE_USAGE(.BOTH.,#2958);
#2846=SURFACE_STYLE_USAGE(.BOTH.,#2959);
#2847=SURFACE_STYLE_USAGE(.BOTH.,#2960);
#2848=SURFACE_STYLE_USAGE(.BOTH.,#2961);
#2849=SURFACE_STYLE_USAGE(.BOTH.,#2962);
#2850=SURFACE_STYLE_USAGE(.BOTH.,#2963);
#2851=SURFACE_STYLE_USAGE(.BOTH.,#2964);
#2852=SURFACE_STYLE_USAGE(.BOTH.,#2965);
#2853=SURFACE_STYLE_USAGE(.BOTH.,#2966);
#2854=SURFACE_STYLE_USAGE(.BOTH.,#2967);
#2855=SURFACE_STYLE_USAGE(.BOTH.,#2968);
#2856=SURFACE_STYLE_USAGE(.BOTH.,#2969);
#2857=SURFACE_STYLE_USAGE(.BOTH.,#2970);
#2858=SURFACE_STYLE_USAGE(.BOTH.,#2971);
#2859=SURFACE_STYLE_USAGE(.BOTH.,#2972);
#2860=SURFACE_STYLE_USAGE(.BOTH.,#2973);
#2861=SURFACE_STYLE_USAGE(.BOTH.,#2974);
#2862=SURFACE_STYLE_USAGE(.BOTH.,#2975);
#2863=SURFACE_STYLE_USAGE(.BOTH.,#2976);
#2864=SURFACE_STYLE_USAGE(.BOTH.,#2977);
#2865=SURFACE_STYLE_USAGE(.BOTH.,#2978);
#2866=SURFACE_STYLE_USAGE(.BOTH.,#2979);
#2867=SURFACE_STYLE_USAGE(.BOTH.,#2980);
#2868=SURFACE_STYLE_USAGE(.BOTH.,#2981);
#2869=SURFACE_STYLE_USAGE(.BOTH.,#2982);
#2870=SURFACE_STYLE_USAGE(.BOTH.,#2983);
#2871=SURFACE_STYLE_USAGE(.BOTH.,#2984);
#2872=SURFACE_STYLE_USAGE(.BOTH.,#2985);
#2873=SURFACE_STYLE_USAGE(.BOTH.,#2986);
#2874=SURFACE_STYLE_USAGE(.BOTH.,#2987);
#2875=SURFACE_STYLE_USAGE(.BOTH.,#2988);
#2876=SURFACE_STYLE_USAGE(.BOTH.,#2989);
#2877=SURFACE_STYLE_USAGE(.BOTH.,#2990);
#2878=SURFACE_STYLE_USAGE(.BOTH.,#2991);
#2879=SURFACE_STYLE_USAGE(.BOTH.,#2992);
#2880=SURFACE_STYLE_USAGE(.BOTH.,#2993);
#2881=SURFACE_STYLE_USAGE(.BOTH.,#2994);
#2882=SURFACE_STYLE_USAGE(.BOTH.,#2995);
#2883=SURFACE_STYLE_USAGE(.BOTH.,#2996);
#2884=SURFACE_STYLE_USAGE(.BOTH.,#2997);
#2885=SURFACE_STYLE_USAGE(.BOTH.,#2998);
#2886=SURFACE_STYLE_USAGE(.BOTH.,#2999);
#2887=SURFACE_STYLE_USAGE(.BOTH.,#3000);
#2888=SURFACE_STYLE_USAGE(.BOTH.,#3001);
#2889=SURFACE_STYLE_USAGE(.BOTH.,#3002);
#2890=SURFACE_STYLE_USAGE(.BOTH.,#3003);
#2891=SURFACE_STYLE_USAGE(.BOTH.,#3004);
#2892=SURFACE_STYLE_USAGE(.BOTH.,#3005);
#2893=SURFACE_STYLE_USAGE(.BOTH.,#3006);
#2894=SURFACE_STYLE_USAGE(.BOTH.,#3007);
#2895=SURFACE_STYLE_USAGE(.BOTH.,#3008);
#2896=SURFACE_STYLE_USAGE(.BOTH.,#3009);
#2897=SURFACE_STYLE_USAGE(.BOTH.,#3010);
#2898=SURFACE_STYLE_USAGE(.BOTH.,#3011);
#2899=SURFACE_STYLE_USAGE(.BOTH.,#3012);
#2900=SURFACE_STYLE_USAGE(.BOTH.,#3013);
#2901=SURFACE_STYLE_USAGE(.BOTH.,#3014);
#2902=SURFACE_STYLE_USAGE(.BOTH.,#3015);
#2903=SURFACE_STYLE_USAGE(.BOTH.,#3016);
#2904=SURFACE_STYLE_USAGE(.BOTH.,#3017);
#2905=SURFACE_STYLE_USAGE(.BOTH.,#3018);
#2906=SURFACE_STYLE_USAGE(.BOTH.,#3019);
#2907=SURFACE_STYLE_USAGE(.BOTH.,#3020);
#2908=SURFACE_STYLE_USAGE(.BOTH.,#3021);
#2909=SURFACE_STYLE_USAGE(.BOTH.,#3022);
#2910=SURFACE_STYLE_USAGE(.BOTH.,#3023);
#2911=SURFACE_STYLE_USAGE(.BOTH.,#3024);
#2912=SURFACE_STYLE_USAGE(.BOTH.,#3025);
#2913=SURFACE_STYLE_USAGE(.BOTH.,#3026);
#2914=SURFACE_STYLE_USAGE(.BOTH.,#3027);
#2915=SURFACE_STYLE_USAGE(.BOTH.,#3028);
#2916=SURFACE_STYLE_USAGE(.BOTH.,#3029);
#2917=SURFACE_STYLE_USAGE(.BOTH.,#3030);
#2918=SURFACE_STYLE_USAGE(.BOTH.,#3031);
#2919=SURFACE_STYLE_USAGE(.BOTH.,#3032);
#2920=SURFACE_STYLE_USAGE(.BOTH.,#3033);
#2921=SURFACE_STYLE_USAGE(.BOTH.,#3034);
#2922=SURFACE_SIDE_STYLE('',(#3035));
#2923=SURFACE_SIDE_STYLE('',(#3036));
#2924=SURFACE_SIDE_STYLE('',(#3037));
#2925=SURFACE_SIDE_STYLE('',(#3038));
#2926=SURFACE_SIDE_STYLE('',(#3039));
#2927=SURFACE_SIDE_STYLE('',(#3040));
#2928=SURFACE_SIDE_STYLE('',(#3041));
#2929=SURFACE_SIDE_STYLE('',(#3042));
#2930=SURFACE_SIDE_STYLE('',(#3043));
#2931=SURFACE_SIDE_STYLE('',(#3044));
#2932=SURFACE_SIDE_STYLE('',(#3045));
#2933=SURFACE_SIDE_STYLE('',(#3046));
#2934=SURFACE_SIDE_STYLE('',(#3047));
#2935=SURFACE_SIDE_STYLE('',(#3048));
#2936=SURFACE_SIDE_STYLE('',(#3049));
#2937=SURFACE_SIDE_STYLE('',(#3050));
#2938=SURFACE_SIDE_STYLE('',(#3051));
#2939=SURFACE_SIDE_STYLE('',(#3052));
#2940=SURFACE_SIDE_STYLE('',(#3053));
#2941=SURFACE_SIDE_STYLE('',(#3054));
#2942=SURFACE_SIDE_STYLE('',(#3055));
#2943=SURFACE_SIDE_STYLE('',(#3056));
#2944=SURFACE_SIDE_STYLE('',(#3057));
#2945=SURFACE_SIDE_STYLE('',(#3058));
#2946=SURFACE_SIDE_STYLE('',(#3059));
#2947=SURFACE_SIDE_STYLE('',(#3060));
#2948=SURFACE_SIDE_STYLE('',(#3061));
#2949=SURFACE_SIDE_STYLE('',(#3062));
#2950=SURFACE_SIDE_STYLE('',(#3063));
#2951=SURFACE_SIDE_STYLE('',(#3064));
#2952=SURFACE_SIDE_STYLE('',(#3065));
#2953=SURFACE_SIDE_STYLE('',(#3066));
#2954=SURFACE_SIDE_STYLE('',(#3067));
#2955=SURFACE_SIDE_STYLE('',(#3068));
#2956=SURFACE_SIDE_STYLE('',(#3069));
#2957=SURFACE_SIDE_STYLE('',(#3070));
#2958=SURFACE_SIDE_STYLE('',(#3071));
#2959=SURFACE_SIDE_STYLE('',(#3072));
#2960=SURFACE_SIDE_STYLE('',(#3073));
#2961=SURFACE_SIDE_STYLE('',(#3074));
#2962=SURFACE_SIDE_STYLE('',(#3075));
#2963=SURFACE_SIDE_STYLE('',(#3076));
#2964=SURFACE_SIDE_STYLE('',(#3077));
#2965=SURFACE_SIDE_STYLE('',(#3078));
#2966=SURFACE_SIDE_STYLE('',(#3079));
#2967=SURFACE_SIDE_STYLE('',(#3080));
#2968=SURFACE_SIDE_STYLE('',(#3081));
#2969=SURFACE_SIDE_STYLE('',(#3082));
#2970=SURFACE_SIDE_STYLE('',(#3083));
#2971=SURFACE_SIDE_STYLE('',(#3084));
#2972=SURFACE_SIDE_STYLE('',(#3085));
#2973=SURFACE_SIDE_STYLE('',(#3086));
#2974=SURFACE_SIDE_STYLE('',(#3087));
#2975=SURFACE_SIDE_STYLE('',(#3088));
#2976=SURFACE_SIDE_STYLE('',(#3089));
#2977=SURFACE_SIDE_STYLE('',(#3090));
#2978=SURFACE_SIDE_STYLE('',(#3091));
#2979=SURFACE_SIDE_STYLE('',(#3092));
#2980=SURFACE_SIDE_STYLE('',(#3093));
#2981=SURFACE_SIDE_STYLE('',(#3094));
#2982=SURFACE_SIDE_STYLE('',(#3095));
#2983=SURFACE_SIDE_STYLE('',(#3096));
#2984=SURFACE_SIDE_STYLE('',(#3097));
#2985=SURFACE_SIDE_STYLE('',(#3098));
#2986=SURFACE_SIDE_STYLE('',(#3099));
#2987=SURFACE_SIDE_STYLE('',(#3100));
#2988=SURFACE_SIDE_STYLE('',(#3101));
#2989=SURFACE_SIDE_STYLE('',(#3102));
#2990=SURFACE_SIDE_STYLE('',(#3103));
#2991=SURFACE_SIDE_STYLE('',(#3104));
#2992=SURFACE_SIDE_STYLE('',(#3105));
#2993=SURFACE_SIDE_STYLE('',(#3106));
#2994=SURFACE_SIDE_STYLE('',(#3107));
#2995=SURFACE_SIDE_STYLE('',(#3108));
#2996=SURFACE_SIDE_STYLE('',(#3109));
#2997=SURFACE_SIDE_STYLE('',(#3110));
#2998=SURFACE_SIDE_STYLE('',(#3111));
#2999=SURFACE_SIDE_STYLE('',(#3112));
#3000=SURFACE_SIDE_STYLE('',(#3113));
#3001=SURFACE_SIDE_STYLE('',(#3114));
#3002=SURFACE_SIDE_STYLE('',(#3115));
#3003=SURFACE_SIDE_STYLE('',(#3116));
#3004=SURFACE_SIDE_STYLE('',(#3117));
#3005=SURFACE_SIDE_STYLE('',(#3118));
#3006=SURFACE_SIDE_STYLE('',(#3119));
#3007=SURFACE_SIDE_STYLE('',(#3120));
#3008=SURFACE_SIDE_STYLE('',(#3121));
#3009=SURFACE_SIDE_STYLE('',(#3122));
#3010=SURFACE_SIDE_STYLE('',(#3123));
#3011=SURFACE_SIDE_STYLE('',(#3124));
#3012=SURFACE_SIDE_STYLE('',(#3125));
#3013=SURFACE_SIDE_STYLE('',(#3126));
#3014=SURFACE_SIDE_STYLE('',(#3127));
#3015=SURFACE_SIDE_STYLE('',(#3128));
#3016=SURFACE_SIDE_STYLE('',(#3129));
#3017=SURFACE_SIDE_STYLE('',(#3130));
#3018=SURFACE_SIDE_STYLE('',(#3131));
#3019=SURFACE_SIDE_STYLE('',(#3132));
#3020=SURFACE_SIDE_STYLE('',(#3133));
#3021=SURFACE_SIDE_STYLE('',(#3134));
#3022=SURFACE_SIDE_STYLE('',(#3135));
#3023=SURFACE_SIDE_STYLE('',(#3136));
#3024=SURFACE_SIDE_STYLE('',(#3137));
#3025=SURFACE_SIDE_STYLE('',(#3138));
#3026=SURFACE_SIDE_STYLE('',(#3139));
#3027=SURFACE_SIDE_STYLE('',(#3140));
#3028=SURFACE_SIDE_STYLE('',(#3141));
#3029=SURFACE_SIDE_STYLE('',(#3142));
#3030=SURFACE_SIDE_STYLE('',(#3143));
#3031=SURFACE_SIDE_STYLE('',(#3144));
#3032=SURFACE_SIDE_STYLE('',(#3145));
#3033=SURFACE_SIDE_STYLE('',(#3146));
#3034=SURFACE_SIDE_STYLE('',(#3147));
#3035=SURFACE_STYLE_FILL_AREA(#3148);
#3036=SURFACE_STYLE_FILL_AREA(#3149);
#3037=SURFACE_STYLE_FILL_AREA(#3150);
#3038=SURFACE_STYLE_FILL_AREA(#3151);
#3039=SURFACE_STYLE_FILL_AREA(#3152);
#3040=SURFACE_STYLE_FILL_AREA(#3153);
#3041=SURFACE_STYLE_FILL_AREA(#3154);
#3042=SURFACE_STYLE_FILL_AREA(#3155);
#3043=SURFACE_STYLE_FILL_AREA(#3156);
#3044=SURFACE_STYLE_FILL_AREA(#3157);
#3045=SURFACE_STYLE_FILL_AREA(#3158);
#3046=SURFACE_STYLE_FILL_AREA(#3159);
#3047=SURFACE_STYLE_FILL_AREA(#3160);
#3048=SURFACE_STYLE_FILL_AREA(#3161);
#3049=SURFACE_STYLE_FILL_AREA(#3162);
#3050=SURFACE_STYLE_FILL_AREA(#3163);
#3051=SURFACE_STYLE_FILL_AREA(#3164);
#3052=SURFACE_STYLE_FILL_AREA(#3165);
#3053=SURFACE_STYLE_FILL_AREA(#3166);
#3054=SURFACE_STYLE_FILL_AREA(#3167);
#3055=SURFACE_STYLE_FILL_AREA(#3168);
#3056=SURFACE_STYLE_FILL_AREA(#3169);
#3057=SURFACE_STYLE_FILL_AREA(#3170);
#3058=SURFACE_STYLE_FILL_AREA(#3171);
#3059=SURFACE_STYLE_FILL_AREA(#3172);
#3060=SURFACE_STYLE_FILL_AREA(#3173);
#3061=SURFACE_STYLE_FILL_AREA(#3174);
#3062=SURFACE_STYLE_FILL_AREA(#3175);
#3063=SURFACE_STYLE_FILL_AREA(#3176);
#3064=SURFACE_STYLE_FILL_AREA(#3177);
#3065=SURFACE_STYLE_FILL_AREA(#3178);
#3066=SURFACE_STYLE_FILL_AREA(#3179);
#3067=SURFACE_STYLE_FILL_AREA(#3180);
#3068=SURFACE_STYLE_FILL_AREA(#3181);
#3069=SURFACE_STYLE_FILL_AREA(#3182);
#3070=SURFACE_STYLE_FILL_AREA(#3183);
#3071=SURFACE_STYLE_FILL_AREA(#3184);
#3072=SURFACE_STYLE_FILL_AREA(#3185);
#3073=SURFACE_STYLE_FILL_AREA(#3186);
#3074=SURFACE_STYLE_FILL_AREA(#3187);
#3075=SURFACE_STYLE_FILL_AREA(#3188);
#3076=SURFACE_STYLE_FILL_AREA(#3189);
#3077=SURFACE_STYLE_FILL_AREA(#3190);
#3078=SURFACE_STYLE_FILL_AREA(#3191);
#3079=SURFACE_STYLE_FILL_AREA(#3192);
#3080=SURFACE_STYLE_FILL_AREA(#3193);
#3081=SURFACE_STYLE_FILL_AREA(#3194);
#3082=SURFACE_STYLE_FILL_AREA(#3195);
#3083=SURFACE_STYLE_FILL_AREA(#3196);
#3084=SURFACE_STYLE_FILL_AREA(#3197);
#3085=SURFACE_STYLE_FILL_AREA(#3198);
#3086=SURFACE_STYLE_FILL_AREA(#3199);
#3087=SURFACE_STYLE_FILL_AREA(#3200);
#3088=SURFACE_STYLE_FILL_AREA(#3201);
#3089=SURFACE_STYLE_FILL_AREA(#3202);
#3090=SURFACE_STYLE_FILL_AREA(#3203);
#3091=SURFACE_STYLE_FILL_AREA(#3204);
#3092=SURFACE_STYLE_FILL_AREA(#3205);
#3093=SURFACE_STYLE_FILL_AREA(#3206);
#3094=SURFACE_STYLE_FILL_AREA(#3207);
#3095=SURFACE_STYLE_FILL_AREA(#3208);
#3096=SURFACE_STYLE_FILL_AREA(#3209);
#3097=SURFACE_STYLE_FILL_AREA(#3210);
#3098=SURFACE_STYLE_FILL_AREA(#3211);
#3099=SURFACE_STYLE_FILL_AREA(#3212);
#3100=SURFACE_STYLE_FILL_AREA(#3213);
#3101=SURFACE_STYLE_FILL_AREA(#3214);
#3102=SURFACE_STYLE_FILL_AREA(#3215);
#3103=SURFACE_STYLE_FILL_AREA(#3216);
#3104=SURFACE_STYLE_FILL_AREA(#3217);
#3105=SURFACE_STYLE_FILL_AREA(#3218);
#3106=SURFACE_STYLE_FILL_AREA(#3219);
#3107=SURFACE_STYLE_FILL_AREA(#3220);
#3108=SURFACE_STYLE_FILL_AREA(#3221);
#3109=SURFACE_STYLE_FILL_AREA(#3222);
#3110=SURFACE_STYLE_FILL_AREA(#3223);
#3111=SURFACE_STYLE_FILL_AREA(#3224);
#3112=SURFACE_STYLE_FILL_AREA(#3225);
#3113=SURFACE_STYLE_FILL_AREA(#3226);
#3114=SURFACE_STYLE_FILL_AREA(#3227);
#3115=SURFACE_STYLE_FILL_AREA(#3228);
#3116=SURFACE_STYLE_FILL_AREA(#3229);
#3117=SURFACE_STYLE_FILL_AREA(#3230);
#3118=SURFACE_STYLE_FILL_AREA(#3231);
#3119=SURFACE_STYLE_FILL_AREA(#3232);
#3120=SURFACE_STYLE_FILL_AREA(#3233);
#3121=SURFACE_STYLE_FILL_AREA(#3234);
#3122=SURFACE_STYLE_FILL_AREA(#3235);
#3123=SURFACE_STYLE_FILL_AREA(#3236);
#3124=SURFACE_STYLE_FILL_AREA(#3237);
#3125=SURFACE_STYLE_FILL_AREA(#3238);
#3126=SURFACE_STYLE_FILL_AREA(#3239);
#3127=SURFACE_STYLE_FILL_AREA(#3240);
#3128=SURFACE_STYLE_FILL_AREA(#3241);
#3129=SURFACE_STYLE_FILL_AREA(#3242);
#3130=SURFACE_STYLE_FILL_AREA(#3243);
#3131=SURFACE_STYLE_FILL_AREA(#3244);
#3132=SURFACE_STYLE_FILL_AREA(#3245);
#3133=SURFACE_STYLE_FILL_AREA(#3246);
#3134=SURFACE_STYLE_FILL_AREA(#3247);
#3135=SURFACE_STYLE_FILL_AREA(#3248);
#3136=SURFACE_STYLE_FILL_AREA(#3249);
#3137=SURFACE_STYLE_FILL_AREA(#3250);
#3138=SURFACE_STYLE_FILL_AREA(#3251);
#3139=SURFACE_STYLE_FILL_AREA(#3252);
#3140=SURFACE_STYLE_FILL_AREA(#3253);
#3141=SURFACE_STYLE_FILL_AREA(#3254);
#3142=SURFACE_STYLE_FILL_AREA(#3255);
#3143=SURFACE_STYLE_FILL_AREA(#3256);
#3144=SURFACE_STYLE_FILL_AREA(#3257);
#3145=SURFACE_STYLE_FILL_AREA(#3258);
#3146=SURFACE_STYLE_FILL_AREA(#3259);
#3147=SURFACE_STYLE_FILL_AREA(#3260);
#3148=FILL_AREA_STYLE('',(#3261));
#3149=FILL_AREA_STYLE('',(#3262));
#3150=FILL_AREA_STYLE('',(#3263));
#3151=FILL_AREA_STYLE('',(#3264));
#3152=FILL_AREA_STYLE('',(#3265));
#3153=FILL_AREA_STYLE('',(#3266));
#3154=FILL_AREA_STYLE('',(#3267));
#3155=FILL_AREA_STYLE('',(#3268));
#3156=FILL_AREA_STYLE('',(#3269));
#3157=FILL_AREA_STYLE('',(#3270));
#3158=FILL_AREA_STYLE('',(#3271));
#3159=FILL_AREA_STYLE('',(#3272));
#3160=FILL_AREA_STYLE('',(#3273));
#3161=FILL_AREA_STYLE('',(#3274));
#3162=FILL_AREA_STYLE('',(#3275));
#3163=FILL_AREA_STYLE('',(#3276));
#3164=FILL_AREA_STYLE('',(#3277));
#3165=FILL_AREA_STYLE('',(#3278));
#3166=FILL_AREA_STYLE('',(#3279));
#3167=FILL_AREA_STYLE('',(#3280));
#3168=FILL_AREA_STYLE('',(#3281));
#3169=FILL_AREA_STYLE('',(#3282));
#3170=FILL_AREA_STYLE('',(#3283));
#3171=FILL_AREA_STYLE('',(#3284));
#3172=FILL_AREA_STYLE('',(#3285));
#3173=FILL_AREA_STYLE('',(#3286));
#3174=FILL_AREA_STYLE('',(#3287));
#3175=FILL_AREA_STYLE('',(#3288));
#3176=FILL_AREA_STYLE('',(#3289));
#3177=FILL_AREA_STYLE('',(#3290));
#3178=FILL_AREA_STYLE('',(#3291));
#3179=FILL_AREA_STYLE('',(#3292));
#3180=FILL_AREA_STYLE('',(#3293));
#3181=FILL_AREA_STYLE('',(#3294));
#3182=FILL_AREA_STYLE('',(#3295));
#3183=FILL_AREA_STYLE('',(#3296));
#3184=FILL_AREA_STYLE('',(#3297));
#3185=FILL_AREA_STYLE('',(#3298));
#3186=FILL_AREA_STYLE('',(#3299));
#3187=FILL_AREA_STYLE('',(#3300));
#3188=FILL_AREA_STYLE('',(#3301));
#3189=FILL_AREA_STYLE('',(#3302));
#3190=FILL_AREA_STYLE('',(#3303));
#3191=FILL_AREA_STYLE('',(#3304));
#3192=FILL_AREA_STYLE('',(#3305));
#3193=FILL_AREA_STYLE('',(#3306));
#3194=FILL_AREA_STYLE('',(#3307));
#3195=FILL_AREA_STYLE('',(#3308));
#3196=FILL_AREA_STYLE('',(#3309));
#3197=FILL_AREA_STYLE('',(#3310));
#3198=FILL_AREA_STYLE('',(#3311));
#3199=FILL_AREA_STYLE('',(#3312));
#3200=FILL_AREA_STYLE('',(#3313));
#3201=FILL_AREA_STYLE('',(#3314));
#3202=FILL_AREA_STYLE('',(#3315));
#3203=FILL_AREA_STYLE('',(#3316));
#3204=FILL_AREA_STYLE('',(#3317));
#3205=FILL_AREA_STYLE('',(#3318));
#3206=FILL_AREA_STYLE('',(#3319));
#3207=FILL_AREA_STYLE('',(#3320));
#3208=FILL_AREA_STYLE('',(#3321));
#3209=FILL_AREA_STYLE('',(#3322));
#3210=FILL_AREA_STYLE('',(#3323));
#3211=FILL_AREA_STYLE('',(#3324));
#3212=FILL_AREA_STYLE('',(#3325));
#3213=FILL_AREA_STYLE('',(#3326));
#3214=FILL_AREA_STYLE('',(#3327));
#3215=FILL_AREA_STYLE('',(#3328));
#3216=FILL_AREA_STYLE('',(#3329));
#3217=FILL_AREA_STYLE('',(#3330));
#3218=FILL_AREA_STYLE('',(#3331));
#3219=FILL_AREA_STYLE('',(#3332));
#3220=FILL_AREA_STYLE('',(#3333));
#3221=FILL_AREA_STYLE('',(#3334));
#3222=FILL_AREA_STYLE('',(#3335));
#3223=FILL_AREA_STYLE('',(#3336));
#3224=FILL_AREA_STYLE('',(#3337));
#3225=FILL_AREA_STYLE('',(#3338));
#3226=FILL_AREA_STYLE('',(#3339));
#3227=FILL_AREA_STYLE('',(#3340));
#3228=FILL_AREA_STYLE('',(#3341));
#3229=FILL_AREA_STYLE('',(#3342));
#3230=FILL_AREA_STYLE('',(#3343));
#3231=FILL_AREA_STYLE('',(#3344));
#3232=FILL_AREA_STYLE('',(#3345));
#3233=FILL_AREA_STYLE('',(#3346));
#3234=FILL_AREA_STYLE('',(#3347));
#3235=FILL_AREA_STYLE('',(#3348));
#3236=FILL_AREA_STYLE('',(#3349));
#3237=FILL_AREA_STYLE('',(#3350));
#3238=FILL_AREA_STYLE('',(#3351));
#3239=FILL_AREA_STYLE('',(#3352));
#3240=FILL_AREA_STYLE('',(#3353));
#3241=FILL_AREA_STYLE('',(#3354));
#3242=FILL_AREA_STYLE('',(#3355));
#3243=FILL_AREA_STYLE('',(#3356));
#3244=FILL_AREA_STYLE('',(#3357));
#3245=FILL_AREA_STYLE('',(#3358));
#3246=FILL_AREA_STYLE('',(#3359));
#3247=FILL_AREA_STYLE('',(#3360));
#3248=FILL_AREA_STYLE('',(#3361));
#3249=FILL_AREA_STYLE('',(#3362));
#3250=FILL_AREA_STYLE('',(#3363));
#3251=FILL_AREA_STYLE('',(#3364));
#3252=FILL_AREA_STYLE('',(#3365));
#3253=FILL_AREA_STYLE('',(#3366));
#3254=FILL_AREA_STYLE('',(#3367));
#3255=FILL_AREA_STYLE('',(#3368));
#3256=FILL_AREA_STYLE('',(#3369));
#3257=FILL_AREA_STYLE('',(#3370));
#3258=FILL_AREA_STYLE('',(#3371));
#3259=FILL_AREA_STYLE('',(#3372));
#3260=FILL_AREA_STYLE('',(#3373));
#3261=FILL_AREA_STYLE_COLOUR('',#3374);
#3262=FILL_AREA_STYLE_COLOUR('',#3374);
#3263=FILL_AREA_STYLE_COLOUR('',#3374);
#3264=FILL_AREA_STYLE_COLOUR('',#3374);
#3265=FILL_AREA_STYLE_COLOUR('',#3374);
#3266=FILL_AREA_STYLE_COLOUR('',#3374);
#3267=FILL_AREA_STYLE_COLOUR('',#3374);
#3268=FILL_AREA_STYLE_COLOUR('',#3375);
#3269=FILL_AREA_STYLE_COLOUR('',#3375);
#3270=FILL_AREA_STYLE_COLOUR('',#3375);
#3271=FILL_AREA_STYLE_COLOUR('',#3375);
#3272=FILL_AREA_STYLE_COLOUR('',#3375);
#3273=FILL_AREA_STYLE_COLOUR('',#3375);
#3274=FILL_AREA_STYLE_COLOUR('',#3375);
#3275=FILL_AREA_STYLE_COLOUR('',#3375);
#3276=FILL_AREA_STYLE_COLOUR('',#3375);
#3277=FILL_AREA_STYLE_COLOUR('',#3375);
#3278=FILL_AREA_STYLE_COLOUR('',#3375);
#3279=FILL_AREA_STYLE_COLOUR('',#3375);
#3280=FILL_AREA_STYLE_COLOUR('',#3375);
#3281=FILL_AREA_STYLE_COLOUR('',#3375);
#3282=FILL_AREA_STYLE_COLOUR('',#3375);
#3283=FILL_AREA_STYLE_COLOUR('',#3375);
#3284=FILL_AREA_STYLE_COLOUR('',#3375);
#3285=FILL_AREA_STYLE_COLOUR('',#3375);
#3286=FILL_AREA_STYLE_COLOUR('',#3375);
#3287=FILL_AREA_STYLE_COLOUR('',#3375);
#3288=FILL_AREA_STYLE_COLOUR('',#3375);
#3289=FILL_AREA_STYLE_COLOUR('',#3375);
#3290=FILL_AREA_STYLE_COLOUR('',#3375);
#3291=FILL_AREA_STYLE_COLOUR('',#3375);
#3292=FILL_AREA_STYLE_COLOUR('',#3375);
#3293=FILL_AREA_STYLE_COLOUR('',#3375);
#3294=FILL_AREA_STYLE_COLOUR('',#3375);
#3295=FILL_AREA_STYLE_COLOUR('',#3375);
#3296=FILL_AREA_STYLE_COLOUR('',#3375);
#3297=FILL_AREA_STYLE_COLOUR('',#3375);
#3298=FILL_AREA_STYLE_COLOUR('',#3375);
#3299=FILL_AREA_STYLE_COLOUR('',#3375);
#3300=FILL_AREA_STYLE_COLOUR('',#3375);
#3301=FILL_AREA_STYLE_COLOUR('',#3375);
#3302=FILL_AREA_STYLE_COLOUR('',#3375);
#3303=FILL_AREA_STYLE_COLOUR('',#3375);
#3304=FILL_AREA_STYLE_COLOUR('',#3375);
#3305=FILL_AREA_STYLE_COLOUR('',#3375);
#3306=FILL_AREA_STYLE_COLOUR('',#3375);
#3307=FILL_AREA_STYLE_COLOUR('',#3375);
#3308=FILL_AREA_STYLE_COLOUR('',#3375);
#3309=FILL_AREA_STYLE_COLOUR('',#3375);
#3310=FILL_AREA_STYLE_COLOUR('',#3375);
#3311=FILL_AREA_STYLE_COLOUR('',#3375);
#3312=FILL_AREA_STYLE_COLOUR('',#3375);
#3313=FILL_AREA_STYLE_COLOUR('',#3375);
#3314=FILL_AREA_STYLE_COLOUR('',#3375);
#3315=FILL_AREA_STYLE_COLOUR('',#3375);
#3316=FILL_AREA_STYLE_COLOUR('',#3375);
#3317=FILL_AREA_STYLE_COLOUR('',#3375);
#3318=FILL_AREA_STYLE_COLOUR('',#3375);
#3319=FILL_AREA_STYLE_COLOUR('',#3375);
#3320=FILL_AREA_STYLE_COLOUR('',#3375);
#3321=FILL_AREA_STYLE_COLOUR('',#3375);
#3322=FILL_AREA_STYLE_COLOUR('',#3375);
#3323=FILL_AREA_STYLE_COLOUR('',#3375);
#3324=FILL_AREA_STYLE_COLOUR('',#3375);
#3325=FILL_AREA_STYLE_COLOUR('',#3375);
#3326=FILL_AREA_STYLE_COLOUR('',#3375);
#3327=FILL_AREA_STYLE_COLOUR('',#3375);
#3328=FILL_AREA_STYLE_COLOUR('',#3375);
#3329=FILL_AREA_STYLE_COLOUR('',#3375);
#3330=FILL_AREA_STYLE_COLOUR('',#3375);
#3331=FILL_AREA_STYLE_COLOUR('',#3375);
#3332=FILL_AREA_STYLE_COLOUR('',#3375);
#3333=FILL_AREA_STYLE_COLOUR('',#3375);
#3334=FILL_AREA_STYLE_COLOUR('',#3375);
#3335=FILL_AREA_STYLE_COLOUR('',#3375);
#3336=FILL_AREA_STYLE_COLOUR('',#3375);
#3337=FILL_AREA_STYLE_COLOUR('',#3375);
#3338=FILL_AREA_STYLE_COLOUR('',#3375);
#3339=FILL_AREA_STYLE_COLOUR('',#3375);
#3340=FILL_AREA_STYLE_COLOUR('',#3375);
#3341=FILL_AREA_STYLE_COLOUR('',#3375);
#3342=FILL_AREA_STYLE_COLOUR('',#3375);
#3343=FILL_AREA_STYLE_COLOUR('',#3375);
#3344=FILL_AREA_STYLE_COLOUR('',#3375);
#3345=FILL_AREA_STYLE_COLOUR('',#3375);
#3346=FILL_AREA_STYLE_COLOUR('',#3375);
#3347=FILL_AREA_STYLE_COLOUR('',#3375);
#3348=FILL_AREA_STYLE_COLOUR('',#3375);
#3349=FILL_AREA_STYLE_COLOUR('',#3375);
#3350=FILL_AREA_STYLE_COLOUR('',#3375);
#3351=FILL_AREA_STYLE_COLOUR('',#3375);
#3352=FILL_AREA_STYLE_COLOUR('',#3375);
#3353=FILL_AREA_STYLE_COLOUR('',#3375);
#3354=FILL_AREA_STYLE_COLOUR('',#3375);
#3355=FILL_AREA_STYLE_COLOUR('',#3375);
#3356=FILL_AREA_STYLE_COLOUR('',#3375);
#3357=FILL_AREA_STYLE_COLOUR('',#3375);
#3358=FILL_AREA_STYLE_COLOUR('',#3375);
#3359=FILL_AREA_STYLE_COLOUR('',#3375);
#3360=FILL_AREA_STYLE_COLOUR('',#3375);
#3361=FILL_AREA_STYLE_COLOUR('',#3375);
#3362=FILL_AREA_STYLE_COLOUR('',#3375);
#3363=FILL_AREA_STYLE_COLOUR('',#3375);
#3364=FILL_AREA_STYLE_COLOUR('',#3375);
#3365=FILL_AREA_STYLE_COLOUR('',#3375);
#3366=FILL_AREA_STYLE_COLOUR('',#3375);
#3367=FILL_AREA_STYLE_COLOUR('',#3375);
#3368=FILL_AREA_STYLE_COLOUR('',#3376);
#3369=FILL_AREA_STYLE_COLOUR('',#3377);
#3370=FILL_AREA_STYLE_COLOUR('',#3376);
#3371=FILL_AREA_STYLE_COLOUR('',#3376);
#3372=FILL_AREA_STYLE_COLOUR('',#3375);
#3373=FILL_AREA_STYLE_COLOUR('',#3375);
#3374=COLOUR_RGB('',0.200000002980232,0.200000002980232,0.200000002980232);
#3375=COLOUR_RGB('',1.,0.800000011920929,0.466666668653488);
#3376=COLOUR_RGB('',0.733333349227905,0.800000011920929,0.933333337306976);
#3377=COLOUR_RGB('',0.506983280181885,0.531564235687256,0.550000011920929);
#3378=ADVANCED_FACE('',(#2340),#2522,.T.);
#3379=ADVANCED_FACE('',(#2341),#491,.T.);
#3380=ADVANCED_FACE('',(#2342),#216,.T.);
#3381=ADVANCED_FACE('',(#2343),#492,.T.);
#3382=ADVANCED_FACE('',(#2344),#493,.T.);
#3383=ADVANCED_FACE('',(#2345),#217,.T.);
#3384=ADVANCED_FACE('',(#2346),#494,.T.);
#3385=ADVANCED_FACE('',(#2347),#210,.T.);
#3386=ADVANCED_FACE('',(#2348),#495,.T.);
#3387=ADVANCED_FACE('',(#2349),#211,.T.);
#3388=ADVANCED_FACE('',(#2350),#496,.T.);
#3389=ADVANCED_FACE('',(#2351,#2352),#2523,.F.);
#3390=ADVANCED_FACE('',(#2353),#218,.T.);
#3391=ADVANCED_FACE('',(#2354),#219,.T.);
#3392=ADVANCED_FACE('',(#2355),#220,.T.);
#3393=ADVANCED_FACE('',(#2356),#221,.T.);
#3394=ADVANCED_FACE('',(#2357),#222,.T.);
#3395=ADVANCED_FACE('',(#2358),#223,.T.);
#3396=ADVANCED_FACE('',(#2359),#224,.T.);
#3397=ADVANCED_FACE('',(#2360),#225,.T.);
#3398=ADVANCED_FACE('',(#2361),#2524,.F.);
#3399=ADVANCED_FACE('',(#2362),#2525,.F.);
#3400=ADVANCED_FACE('',(#2363),#2526,.F.);
#3401=ADVANCED_FACE('',(#2364),#2527,.F.);
#3402=ADVANCED_FACE('',(#2365),#2528,.F.);
#3403=ADVANCED_FACE('',(#2366),#2529,.F.);
#3404=ADVANCED_FACE('',(#2367),#226,.T.);
#3405=ADVANCED_FACE('',(#2368),#227,.T.);
#3406=ADVANCED_FACE('',(#2369),#228,.T.);
#3407=ADVANCED_FACE('',(#2370),#229,.T.);
#3408=ADVANCED_FACE('',(#2371,#2372),#2530,.T.);
#3409=ADVANCED_FACE('',(#2373),#230,.T.);
#3410=ADVANCED_FACE('',(#2374),#231,.T.);
#3411=ADVANCED_FACE('',(#2375),#232,.T.);
#3412=ADVANCED_FACE('',(#2376),#233,.T.);
#3413=ADVANCED_FACE('',(#2377),#234,.T.);
#3414=ADVANCED_FACE('',(#2378),#235,.T.);
#3415=ADVANCED_FACE('',(#2379),#2531,.F.);
#3416=ADVANCED_FACE('',(#2380),#2532,.F.);
#3417=ADVANCED_FACE('',(#2381),#2533,.F.);
#3418=ADVANCED_FACE('',(#2382),#2534,.F.);
#3419=ADVANCED_FACE('',(#2383),#2535,.F.);
#3420=ADVANCED_FACE('',(#2384),#2536,.F.);
#3421=ADVANCED_FACE('',(#2385),#236,.T.);
#3422=ADVANCED_FACE('',(#2386),#237,.T.);
#3423=ADVANCED_FACE('',(#2387),#238,.T.);
#3424=ADVANCED_FACE('',(#2388),#239,.T.);
#3425=ADVANCED_FACE('',(#2389),#240,.T.);
#3426=ADVANCED_FACE('',(#2390),#241,.T.);
#3427=ADVANCED_FACE('',(#2391,#2392),#2537,.F.);
#3428=ADVANCED_FACE('',(#2393),#497,.T.);
#3429=ADVANCED_FACE('',(#2394),#498,.T.);
#3430=ADVANCED_FACE('',(#2395),#499,.T.);
#3431=ADVANCED_FACE('',(#2396),#500,.T.);
#3432=ADVANCED_FACE('',(#2397),#501,.T.);
#3433=ADVANCED_FACE('',(#2398),#502,.T.);
#3434=ADVANCED_FACE('',(#2399),#503,.T.);
#3435=ADVANCED_FACE('',(#2400),#504,.T.);
#3436=ADVANCED_FACE('',(#2401),#505,.T.);
#3437=ADVANCED_FACE('',(#2402),#506,.T.);
#3438=ADVANCED_FACE('',(#2403),#507,.T.);
#3439=ADVANCED_FACE('',(#2404),#508,.T.);
#3440=ADVANCED_FACE('',(#2405),#509,.T.);
#3441=ADVANCED_FACE('',(#2406),#510,.T.);
#3442=ADVANCED_FACE('',(#2407),#511,.T.);
#3443=ADVANCED_FACE('',(#2408),#512,.T.);
#3444=ADVANCED_FACE('',(#2409),#513,.T.);
#3445=ADVANCED_FACE('',(#2410),#514,.T.);
#3446=ADVANCED_FACE('',(#2411),#515,.T.);
#3447=ADVANCED_FACE('',(#2412),#516,.T.);
#3448=ADVANCED_FACE('',(#2413),#517,.T.);
#3449=ADVANCED_FACE('',(#2414,#2415),#2538,.F.);
#3450=ADVANCED_FACE('',(#2416),#242,.T.);
#3451=ADVANCED_FACE('',(#2417),#243,.T.);
#3452=ADVANCED_FACE('',(#2418),#244,.T.);
#3453=ADVANCED_FACE('',(#2419),#245,.T.);
#3454=ADVANCED_FACE('',(#2420),#246,.T.);
#3455=ADVANCED_FACE('',(#2421),#247,.T.);
#3456=ADVANCED_FACE('',(#2422),#2539,.F.);
#3457=ADVANCED_FACE('',(#2423),#2540,.F.);
#3458=ADVANCED_FACE('',(#2424),#2541,.F.);
#3459=ADVANCED_FACE('',(#2425),#2542,.F.);
#3460=ADVANCED_FACE('',(#2426),#2543,.F.);
#3461=ADVANCED_FACE('',(#2427),#2544,.F.);
#3462=ADVANCED_FACE('',(#2428),#248,.T.);
#3463=ADVANCED_FACE('',(#2429),#249,.T.);
#3464=ADVANCED_FACE('',(#2430),#250,.T.);
#3465=ADVANCED_FACE('',(#2431),#251,.T.);
#3466=ADVANCED_FACE('',(#2432),#252,.T.);
#3467=ADVANCED_FACE('',(#2433),#253,.T.);
#3468=ADVANCED_FACE('',(#2434,#2435),#2545,.T.);
#3469=ADVANCED_FACE('',(#2436),#518,.T.);
#3470=ADVANCED_FACE('',(#2437),#519,.T.);
#3471=ADVANCED_FACE('',(#2438),#520,.T.);
#3472=ADVANCED_FACE('',(#2439),#254,.T.);
#3473=ADVANCED_FACE('',(#2440),#255,.T.);
#3474=ADVANCED_FACE('',(#2441),#256,.T.);
#3475=ADVANCED_FACE('',(#2442),#521,.T.);
#3476=ADVANCED_FACE('',(#2443),#522,.T.);
#3477=ADVANCED_FACE('',(#2444),#212,.T.);
#3478=ADVANCED_FACE('',(#2445),#523,.T.);
#3479=ADVANCED_FACE('',(#2446),#213,.T.);
#3480=ADVANCED_FACE('',(#2447),#24,.T.);
#3481=ADVANCED_FACE('',(#2448),#25,.T.);
#3482=ADVANCED_FACE('',(#2449,#2450),#2546,.T.);
#3483=ADVANCED_FACE('',(#2451),#524,.F.);
#3484=ADVANCED_FACE('',(#2452),#525,.F.);
#3485=ADVANCED_FACE('',(#2453),#2547,.T.);
#3486=ADVANCED_FACE('',(#2454,#2455),#2548,.T.);
#3487=ADVANCED_FACE('',(#2456),#526,.F.);
#3488=ADVANCED_FACE('',(#2457),#527,.F.);
#3489=ADVANCED_FACE('',(#2458),#214,.F.);
#3490=ADVANCED_FACE('',(#2459),#528,.F.);
#3491=ADVANCED_FACE('',(#2460),#215,.F.);
#3492=ADVANCED_FACE('',(#2461),#529,.T.);
#3493=ADVANCED_FACE('',(#2462),#2549,.T.);
#3494=ADVANCED_FACE('',(#2463),#2550,.T.);
#3495=ADVANCED_FACE('',(#2464),#2551,.T.);
#3496=ADVANCED_FACE('',(#2465),#2552,.T.);
#3497=ADVANCED_FACE('',(#2466),#257,.F.);
#3498=ADVANCED_FACE('',(#2467),#2553,.T.);
#3499=ADVANCED_FACE('',(#2468),#258,.T.);
#3500=ADVANCED_FACE('',(#2469),#2554,.T.);
#3501=ADVANCED_FACE('',(#2470),#2555,.T.);
#3502=ADVANCED_FACE('',(#2471),#259,.F.);
#3503=ADVANCED_FACE('',(#2472),#2556,.T.);
#3504=ADVANCED_FACE('',(#2473),#260,.T.);
#3505=ADVANCED_FACE('',(#2474),#2557,.T.);
#3506=ADVANCED_FACE('',(#2475),#2558,.T.);
#3507=ADVANCED_FACE('',(#2476),#261,.F.);
#3508=ADVANCED_FACE('',(#2477),#2559,.T.);
#3509=ADVANCED_FACE('',(#2478),#262,.T.);
#3510=ADVANCED_FACE('',(#2479),#2560,.T.);
#3511=ADVANCED_FACE('',(#2480),#2561,.T.);
#3512=ADVANCED_FACE('',(#2481),#263,.F.);
#3513=ADVANCED_FACE('',(#2482),#2562,.T.);
#3514=ADVANCED_FACE('',(#2483),#264,.T.);
#3515=ADVANCED_FACE('',(#2484),#2563,.T.);
#3516=ADVANCED_FACE('',(#2485),#2564,.T.);
#3517=ADVANCED_FACE('',(#2486),#265,.F.);
#3518=ADVANCED_FACE('',(#2487),#2565,.T.);
#3519=ADVANCED_FACE('',(#2488),#266,.T.);
#3520=ADVANCED_FACE('',(#2489),#2566,.T.);
#3521=ADVANCED_FACE('',(#2490),#2567,.T.);
#3522=ADVANCED_FACE('',(#2491),#267,.F.);
#3523=ADVANCED_FACE('',(#2492),#2568,.T.);
#3524=ADVANCED_FACE('',(#2493),#268,.T.);
#3525=ADVANCED_FACE('',(#2494),#2569,.T.);
#3526=ADVANCED_FACE('',(#2495),#2570,.T.);
#3527=ADVANCED_FACE('',(#2496),#269,.F.);
#3528=ADVANCED_FACE('',(#2497),#2571,.T.);
#3529=ADVANCED_FACE('',(#2498),#270,.T.);
#3530=ADVANCED_FACE('',(#2499),#2572,.T.);
#3531=ADVANCED_FACE('',(#2500),#2573,.T.);
#3532=ADVANCED_FACE('',(#2501),#271,.F.);
#3533=ADVANCED_FACE('',(#2502),#2574,.T.);
#3534=ADVANCED_FACE('',(#2503),#272,.T.);
#3535=ADVANCED_FACE('',(#2504),#2575,.T.);
#3536=ADVANCED_FACE('',(#2505),#2576,.T.);
#3537=ADVANCED_FACE('',(#2506),#273,.F.);
#3538=ADVANCED_FACE('',(#2507),#2577,.T.);
#3539=ADVANCED_FACE('',(#2508),#274,.T.);
#3540=ADVANCED_FACE('',(#2509),#2578,.T.);
#3541=ADVANCED_FACE('',(#2510),#2579,.T.);
#3542=ADVANCED_FACE('',(#2511),#275,.F.);
#3543=ADVANCED_FACE('',(#2512),#2580,.T.);
#3544=ADVANCED_FACE('',(#2513),#276,.T.);
#3545=ADVANCED_FACE('',(#2514),#530,.F.);
#3546=ADVANCED_FACE('',(#2515),#531,.T.);
#3547=ADVANCED_FACE('',(#2516,#2517),#2581,.T.);
#3548=ADVANCED_FACE('',(#2518,#2519),#2582,.F.);
#3549=ADVANCED_FACE('',(#2520),#532,.T.);
#3550=ADVANCED_FACE('',(#2521),#533,.F.);
#3551=CLOSED_SHELL('',(#3378,#3379,#3380,#3381,#3382,#3383,#3384,#3385,
#3386,#3387,#3388,#3389,#3390,#3391,#3392,#3393,#3394,#3395,#3396,#3397,
#3398,#3399,#3400,#3401,#3402,#3403,#3404,#3405,#3406,#3407,#3408,#3409,
#3410,#3411,#3412,#3413,#3414,#3415,#3416,#3417,#3418,#3419,#3420,#3421,
#3422,#3423,#3424,#3425,#3426,#3427,#3428,#3429,#3430,#3431,#3432,#3433,
#3434,#3435,#3436,#3437,#3438,#3439,#3440,#3441,#3442,#3443,#3444,#3445,
#3446,#3447,#3448,#3449,#3450,#3451,#3452,#3453,#3454,#3455,#3456,#3457,
#3458,#3459,#3460,#3461,#3462,#3463,#3464,#3465,#3466,#3467,#3468,#3469,
#3470,#3471,#3472,#3473,#3474,#3475,#3476,#3477,#3478,#3479,#3480,#3481,
#3482,#3483,#3484,#3485,#3486,#3487,#3488));
#3552=CLOSED_SHELL('',(#3489,#3490,#3491,#3492,#3493,#3494));
#3553=CLOSED_SHELL('',(#3495,#3496,#3497,#3498,#3499,#3500,#3501,#3502,
#3503,#3504,#3505,#3506,#3507,#3508,#3509,#3510,#3511,#3512,#3513,#3514,
#3515,#3516,#3517,#3518,#3519,#3520,#3521,#3522,#3523,#3524,#3525,#3526,
#3527,#3528,#3529,#3530,#3531,#3532,#3533,#3534,#3535,#3536,#3537,#3538,
#3539,#3540,#3541,#3542,#3543,#3544,#3545,#3546,#3547,#3548,#3549,#3550));
#3554=MANIFOLD_SOLID_BREP('Revolve1[2]',#3551);
#3555=MANIFOLD_SOLID_BREP('',#3552);
#3556=MANIFOLD_SOLID_BREP('',#3553);
#3557=SHAPE_DEFINITION_REPRESENTATION(#9125,#3559);
#3558=SHAPE_DEFINITION_REPRESENTATION(#9124,#3560);
#3559=SHAPE_REPRESENTATION('YM0003AA_YM0003AA',(#3561),#9118);
#3560=SHAPE_REPRESENTATION('YM0003AA',(#3561,#3853),#9117);
#3561=AXIS2_PLACEMENT_3D('',#4547,#3854,#3855);
#3562=AXIS2_PLACEMENT_3D('',#4548,#3856,#3857);
#3563=AXIS2_PLACEMENT_3D('',#4549,#3858,#3859);
#3564=AXIS2_PLACEMENT_3D('',#4552,#3860,#3861);
#3565=AXIS2_PLACEMENT_3D('',#4553,#3862,#3863);
#3566=AXIS2_PLACEMENT_3D('',#4558,#3866,#3867);
#3567=AXIS2_PLACEMENT_3D('',#4559,#3868,#3869);
#3568=AXIS2_PLACEMENT_3D('',#4564,#3872,#3873);
#3569=AXIS2_PLACEMENT_3D('',#4565,#3874,#3875);
#3570=AXIS2_PLACEMENT_3D('',#4570,#3878,#3879);
#3571=AXIS2_PLACEMENT_3D('',#4571,#3880,#3881);
#3572=AXIS2_PLACEMENT_3D('',#4572,#3882,#3883);
#3573=AXIS2_PLACEMENT_3D('',#4573,#3884,#3885);
#3574=AXIS2_PLACEMENT_3D('',#4574,#3886,#3887);
#3575=AXIS2_PLACEMENT_3D('',#4575,#3888,#3889);
#3576=AXIS2_PLACEMENT_3D('',#4576,#3890,#3891);
#3577=AXIS2_PLACEMENT_3D('',#6537,#3892,#3893);
#3578=AXIS2_PLACEMENT_3D('',#7356,#3894,#3895);
#3579=AXIS2_PLACEMENT_3D('',#7357,#3896,#3897);
#3580=AXIS2_PLACEMENT_3D('',#7359,#3899,#3900);
#3581=AXIS2_PLACEMENT_3D('',#7360,#3901,#3902);
#3582=AXIS2_PLACEMENT_3D('',#7363,#3903,#3904);
#3583=AXIS2_PLACEMENT_3D('',#7365,#3905,#3906);
#3584=AXIS2_PLACEMENT_3D('',#7367,#3907,#3908);
#3585=AXIS2_PLACEMENT_3D('',#7369,#3909,#3910);
#3586=AXIS2_PLACEMENT_3D('',#7371,#3911,#3912);
#3587=AXIS2_PLACEMENT_3D('',#7372,#3913,#3914);
#3588=AXIS2_PLACEMENT_3D('',#7382,#3915,#3916);
#3589=AXIS2_PLACEMENT_3D('',#7392,#3917,#3918);
#3590=AXIS2_PLACEMENT_3D('',#7402,#3919,#3920);
#3591=AXIS2_PLACEMENT_3D('',#7412,#3921,#3922);
#3592=AXIS2_PLACEMENT_3D('',#7422,#3923,#3924);
#3593=AXIS2_PLACEMENT_3D('',#7432,#3925,#3926);
#3594=AXIS2_PLACEMENT_3D('',#7433,#3927,#3928);
#3595=AXIS2_PLACEMENT_3D('',#7445,#3929,#3930);
#3596=AXIS2_PLACEMENT_3D('',#7451,#3931,#3932);
#3597=AXIS2_PLACEMENT_3D('',#7457,#3933,#3934);
#3598=AXIS2_PLACEMENT_3D('',#7465,#3937,#3938);
#3599=AXIS2_PLACEMENT_3D('',#7477,#3940,#3941);
#3600=AXIS2_PLACEMENT_3D('',#7489,#3943,#3944);
#3601=AXIS2_PLACEMENT_3D('',#7501,#3946,#3947);
#3602=AXIS2_PLACEMENT_3D('',#7507,#3949,#3950);
#3603=AXIS2_PLACEMENT_3D('',#7508,#3951,#3952);
#3604=AXIS2_PLACEMENT_3D('',#7509,#3953,#3954);
#3605=AXIS2_PLACEMENT_3D('',#7510,#3955,#3956);
#3606=AXIS2_PLACEMENT_3D('',#7511,#3957,#3958);
#3607=AXIS2_PLACEMENT_3D('',#7512,#3959,#3960);
#3608=AXIS2_PLACEMENT_3D('',#7513,#3961,#3962);
#3609=AXIS2_PLACEMENT_3D('',#7514,#3963,#3964);
#3610=AXIS2_PLACEMENT_3D('',#7515,#3965,#3966);
#3611=AXIS2_PLACEMENT_3D('',#7516,#3967,#3968);
#3612=AXIS2_PLACEMENT_3D('',#7517,#3969,#3970);
#3613=AXIS2_PLACEMENT_3D('',#7520,#3971,#3972);
#3614=AXIS2_PLACEMENT_3D('',#7522,#3973,#3974);
#3615=AXIS2_PLACEMENT_3D('',#7524,#3975,#3976);
#3616=AXIS2_PLACEMENT_3D('',#7526,#3977,#3978);
#3617=AXIS2_PLACEMENT_3D('',#7528,#3979,#3980);
#3618=AXIS2_PLACEMENT_3D('',#7529,#3981,#3982);
#3619=AXIS2_PLACEMENT_3D('',#7540,#3983,#3984);
#3620=AXIS2_PLACEMENT_3D('',#7550,#3985,#3986);
#3621=AXIS2_PLACEMENT_3D('',#7561,#3987,#3988);
#3622=AXIS2_PLACEMENT_3D('',#7571,#3989,#3990);
#3623=AXIS2_PLACEMENT_3D('',#7581,#3991,#3992);
#3624=AXIS2_PLACEMENT_3D('',#7591,#3993,#3994);
#3625=AXIS2_PLACEMENT_3D('',#7605,#3997,#3998);
#3626=AXIS2_PLACEMENT_3D('',#7617,#4000,#4001);
#3627=AXIS2_PLACEMENT_3D('',#7630,#4003,#4004);
#3628=AXIS2_PLACEMENT_3D('',#7642,#4006,#4007);
#3629=AXIS2_PLACEMENT_3D('',#7654,#4009,#4010);
#3630=AXIS2_PLACEMENT_3D('',#7665,#4011,#4012);
#3631=AXIS2_PLACEMENT_3D('',#7666,#4013,#4014);
#3632=AXIS2_PLACEMENT_3D('',#7667,#4015,#4016);
#3633=AXIS2_PLACEMENT_3D('',#7668,#4017,#4018);
#3634=AXIS2_PLACEMENT_3D('',#7669,#4019,#4020);
#3635=AXIS2_PLACEMENT_3D('',#7670,#4021,#4022);
#3636=AXIS2_PLACEMENT_3D('',#7671,#4023,#4024);
#3637=AXIS2_PLACEMENT_3D('',#7672,#4025,#4026);
#3638=AXIS2_PLACEMENT_3D('',#7673,#4027,#4028);
#3639=AXIS2_PLACEMENT_3D('',#7674,#4029,#4030);
#3640=AXIS2_PLACEMENT_3D('',#7675,#4031,#4032);
#3641=AXIS2_PLACEMENT_3D('',#7676,#4033,#4034);
#3642=AXIS2_PLACEMENT_3D('',#7677,#4035,#4036);
#3643=AXIS2_PLACEMENT_3D('',#7678,#4037,#4038);
#3644=AXIS2_PLACEMENT_3D('',#7679,#4039,#4040);
#3645=AXIS2_PLACEMENT_3D('',#7681,#4042,#4043);
#3646=AXIS2_PLACEMENT_3D('',#7684,#4046,#4047);
#3647=AXIS2_PLACEMENT_3D('',#7687,#4050,#4051);
#3648=AXIS2_PLACEMENT_3D('',#7690,#4054,#4055);
#3649=AXIS2_PLACEMENT_3D('',#7693,#4058,#4059);
#3650=AXIS2_PLACEMENT_3D('',#7696,#4062,#4063);
#3651=AXIS2_PLACEMENT_3D('',#7699,#4066,#4067);
#3652=AXIS2_PLACEMENT_3D('',#7702,#4070,#4071);
#3653=AXIS2_PLACEMENT_3D('',#7705,#4074,#4075);
#3654=AXIS2_PLACEMENT_3D('',#7708,#4078,#4079);
#3655=AXIS2_PLACEMENT_3D('',#7710,#4081,#4082);
#3656=AXIS2_PLACEMENT_3D('',#7711,#4083,#4084);
#3657=AXIS2_PLACEMENT_3D('',#7712,#4085,#4086);
#3658=AXIS2_PLACEMENT_3D('',#7713,#4087,#4088);
#3659=AXIS2_PLACEMENT_3D('',#7714,#4089,#4090);
#3660=AXIS2_PLACEMENT_3D('',#7715,#4091,#4092);
#3661=AXIS2_PLACEMENT_3D('',#7716,#4093,#4094);
#3662=AXIS2_PLACEMENT_3D('',#7717,#4095,#4096);
#3663=AXIS2_PLACEMENT_3D('',#7718,#4097,#4098);
#3664=AXIS2_PLACEMENT_3D('',#7719,#4099,#4100);
#3665=AXIS2_PLACEMENT_3D('',#7720,#4101,#4102);
#3666=AXIS2_PLACEMENT_3D('',#7721,#4103,#4104);
#3667=AXIS2_PLACEMENT_3D('',#7724,#4105,#4106);
#3668=AXIS2_PLACEMENT_3D('',#7726,#4107,#4108);
#3669=AXIS2_PLACEMENT_3D('',#7728,#4109,#4110);
#3670=AXIS2_PLACEMENT_3D('',#7730,#4111,#4112);
#3671=AXIS2_PLACEMENT_3D('',#7732,#4113,#4114);
#3672=AXIS2_PLACEMENT_3D('',#7733,#4115,#4116);
#3673=AXIS2_PLACEMENT_3D('',#7744,#4117,#4118);
#3674=AXIS2_PLACEMENT_3D('',#7754,#4119,#4120);
#3675=AXIS2_PLACEMENT_3D('',#7765,#4121,#4122);
#3676=AXIS2_PLACEMENT_3D('',#7775,#4123,#4124);
#3677=AXIS2_PLACEMENT_3D('',#7785,#4125,#4126);
#3678=AXIS2_PLACEMENT_3D('',#7795,#4127,#4128);
#3679=AXIS2_PLACEMENT_3D('',#7809,#4131,#4132);
#3680=AXIS2_PLACEMENT_3D('',#7822,#4134,#4135);
#3681=AXIS2_PLACEMENT_3D('',#7834,#4137,#4138);
#3682=AXIS2_PLACEMENT_3D('',#7846,#4140,#4141);
#3683=AXIS2_PLACEMENT_3D('',#7859,#4143,#4144);
#3684=AXIS2_PLACEMENT_3D('',#7869,#4145,#4146);
#3685=AXIS2_PLACEMENT_3D('',#7870,#4147,#4148);
#3686=AXIS2_PLACEMENT_3D('',#7871,#4149,#4150);
#3687=AXIS2_PLACEMENT_3D('',#7872,#4151,#4152);
#3688=AXIS2_PLACEMENT_3D('',#7873,#4153,#4154);
#3689=AXIS2_PLACEMENT_3D('',#7874,#4155,#4156);
#3690=AXIS2_PLACEMENT_3D('',#7875,#4157,#4158);
#3691=AXIS2_PLACEMENT_3D('',#7876,#4159,#4160);
#3692=AXIS2_PLACEMENT_3D('',#7877,#4161,#4162);
#3693=AXIS2_PLACEMENT_3D('',#7878,#4163,#4164);
#3694=AXIS2_PLACEMENT_3D('',#7879,#4165,#4166);
#3695=AXIS2_PLACEMENT_3D('',#7880,#4167,#4168);
#3696=AXIS2_PLACEMENT_3D('',#7881,#4169,#4170);
#3697=AXIS2_PLACEMENT_3D('',#7907,#4171,#4172);
#3698=AXIS2_PLACEMENT_3D('',#7908,#4173,#4174);
#3699=AXIS2_PLACEMENT_3D('',#7909,#4175,#4176);
#3700=AXIS2_PLACEMENT_3D('',#7914,#4178,#4179);
#3701=AXIS2_PLACEMENT_3D('',#7917,#4181,#4182);
#3702=AXIS2_PLACEMENT_3D('',#7918,#4183,#4184);
#3703=AXIS2_PLACEMENT_3D('',#7920,#4185,#4186);
#3704=AXIS2_PLACEMENT_3D('',#7922,#4187,#4188);
#3705=AXIS2_PLACEMENT_3D('',#7923,#4189,#4190);
#3706=AXIS2_PLACEMENT_3D('',#7924,#4191,#4192);
#3707=AXIS2_PLACEMENT_3D('',#7936,#4194,#4195);
#3708=AXIS2_PLACEMENT_3D('',#7947,#4196,#4197);
#3709=AXIS2_PLACEMENT_3D('',#7986,#4199,#4200);
#3710=AXIS2_PLACEMENT_3D('',#8027,#4202,#4203);
#3711=AXIS2_PLACEMENT_3D('',#8039,#4204,#4205);
#3712=AXIS2_PLACEMENT_3D('',#8087,#4207,#4208);
#3713=AXIS2_PLACEMENT_3D('',#8377,#4209,#4210);
#3714=AXIS2_PLACEMENT_3D('',#8518,#4211,#4212);
#3715=AXIS2_PLACEMENT_3D('',#8519,#4213,#4214);
#3716=AXIS2_PLACEMENT_3D('',#8521,#4215,#4216);
#3717=AXIS2_PLACEMENT_3D('',#8523,#4217,#4218);
#3718=AXIS2_PLACEMENT_3D('',#8524,#4219,#4220);
#3719=AXIS2_PLACEMENT_3D('',#8525,#4221,#4222);
#3720=AXIS2_PLACEMENT_3D('',#8526,#4223,#4224);
#3721=AXIS2_PLACEMENT_3D('',#8527,#4225,#4226);
#3722=AXIS2_PLACEMENT_3D('',#8530,#4227,#4228);
#3723=AXIS2_PLACEMENT_3D('',#8531,#4229,#4230);
#3724=AXIS2_PLACEMENT_3D('',#8534,#4232,#4233);
#3725=AXIS2_PLACEMENT_3D('',#8537,#4235,#4236);
#3726=AXIS2_PLACEMENT_3D('',#8538,#4237,#4238);
#3727=AXIS2_PLACEMENT_3D('',#8539,#4239,#4240);
#3728=AXIS2_PLACEMENT_3D('',#8540,#4241,#4242);
#3729=AXIS2_PLACEMENT_3D('',#8543,#4243,#4244);
#3730=AXIS2_PLACEMENT_3D('',#8544,#4245,#4246);
#3731=AXIS2_PLACEMENT_3D('',#8545,#4247,#4248);
#3732=AXIS2_PLACEMENT_3D('',#8548,#4249,#4250);
#3733=AXIS2_PLACEMENT_3D('',#8549,#4251,#4252);
#3734=AXIS2_PLACEMENT_3D('',#8552,#4255,#4256);
#3735=AXIS2_PLACEMENT_3D('',#8627,#4259,#4260);
#3736=AXIS2_PLACEMENT_3D('',#8704,#4265,#4266);
#3737=AXIS2_PLACEMENT_3D('',#8707,#4269,#4270);
#3738=AXIS2_PLACEMENT_3D('',#8708,#4271,#4272);
#3739=AXIS2_PLACEMENT_3D('',#8709,#4273,#4274);
#3740=AXIS2_PLACEMENT_3D('',#8710,#4275,#4276);
#3741=AXIS2_PLACEMENT_3D('',#8715,#4278,#4279);
#3742=AXIS2_PLACEMENT_3D('',#8718,#4281,#4282);
#3743=AXIS2_PLACEMENT_3D('',#8730,#4284,#4285);
#3744=AXIS2_PLACEMENT_3D('',#8731,#4286,#4287);
#3745=AXIS2_PLACEMENT_3D('',#8737,#4288,#4289);
#3746=AXIS2_PLACEMENT_3D('',#8744,#4291,#4292);
#3747=AXIS2_PLACEMENT_3D('',#8745,#4293,#4294);
#3748=AXIS2_PLACEMENT_3D('',#8746,#4295,#4296);
#3749=AXIS2_PLACEMENT_3D('',#8747,#4297,#4298);
#3750=AXIS2_PLACEMENT_3D('',#8752,#4300,#4301);
#3751=AXIS2_PLACEMENT_3D('',#8755,#4303,#4304);
#3752=AXIS2_PLACEMENT_3D('',#8767,#4306,#4307);
#3753=AXIS2_PLACEMENT_3D('',#8768,#4308,#4309);
#3754=AXIS2_PLACEMENT_3D('',#8774,#4310,#4311);
#3755=AXIS2_PLACEMENT_3D('',#8781,#4313,#4314);
#3756=AXIS2_PLACEMENT_3D('',#8782,#4315,#4316);
#3757=AXIS2_PLACEMENT_3D('',#8783,#4317,#4318);
#3758=AXIS2_PLACEMENT_3D('',#8784,#4319,#4320);
#3759=AXIS2_PLACEMENT_3D('',#8789,#4322,#4323);
#3760=AXIS2_PLACEMENT_3D('',#8792,#4325,#4326);
#3761=AXIS2_PLACEMENT_3D('',#8804,#4328,#4329);
#3762=AXIS2_PLACEMENT_3D('',#8805,#4330,#4331);
#3763=AXIS2_PLACEMENT_3D('',#8811,#4332,#4333);
#3764=AXIS2_PLACEMENT_3D('',#8818,#4335,#4336);
#3765=AXIS2_PLACEMENT_3D('',#8819,#4337,#4338);
#3766=AXIS2_PLACEMENT_3D('',#8820,#4339,#4340);
#3767=AXIS2_PLACEMENT_3D('',#8821,#4341,#4342);
#3768=AXIS2_PLACEMENT_3D('',#8826,#4344,#4345);
#3769=AXIS2_PLACEMENT_3D('',#8829,#4347,#4348);
#3770=AXIS2_PLACEMENT_3D('',#8841,#4350,#4351);
#3771=AXIS2_PLACEMENT_3D('',#8842,#4352,#4353);
#3772=AXIS2_PLACEMENT_3D('',#8848,#4354,#4355);
#3773=AXIS2_PLACEMENT_3D('',#8855,#4357,#4358);
#3774=AXIS2_PLACEMENT_3D('',#8856,#4359,#4360);
#3775=AXIS2_PLACEMENT_3D('',#8857,#4361,#4362);
#3776=AXIS2_PLACEMENT_3D('',#8858,#4363,#4364);
#3777=AXIS2_PLACEMENT_3D('',#8863,#4366,#4367);
#3778=AXIS2_PLACEMENT_3D('',#8866,#4369,#4370);
#3779=AXIS2_PLACEMENT_3D('',#8878,#4372,#4373);
#3780=AXIS2_PLACEMENT_3D('',#8879,#4374,#4375);
#3781=AXIS2_PLACEMENT_3D('',#8885,#4376,#4377);
#3782=AXIS2_PLACEMENT_3D('',#8892,#4379,#4380);
#3783=AXIS2_PLACEMENT_3D('',#8893,#4381,#4382);
#3784=AXIS2_PLACEMENT_3D('',#8894,#4383,#4384);
#3785=AXIS2_PLACEMENT_3D('',#8895,#4385,#4386);
#3786=AXIS2_PLACEMENT_3D('',#8900,#4388,#4389);
#3787=AXIS2_PLACEMENT_3D('',#8903,#4391,#4392);
#3788=AXIS2_PLACEMENT_3D('',#8915,#4394,#4395);
#3789=AXIS2_PLACEMENT_3D('',#8916,#4396,#4397);
#3790=AXIS2_PLACEMENT_3D('',#8922,#4398,#4399);
#3791=AXIS2_PLACEMENT_3D('',#8929,#4401,#4402);
#3792=AXIS2_PLACEMENT_3D('',#8930,#4403,#4404);
#3793=AXIS2_PLACEMENT_3D('',#8931,#4405,#4406);
#3794=AXIS2_PLACEMENT_3D('',#8932,#4407,#4408);
#3795=AXIS2_PLACEMENT_3D('',#8937,#4410,#4411);
#3796=AXIS2_PLACEMENT_3D('',#8940,#4413,#4414);
#3797=AXIS2_PLACEMENT_3D('',#8952,#4416,#4417);
#3798=AXIS2_PLACEMENT_3D('',#8953,#4418,#4419);
#3799=AXIS2_PLACEMENT_3D('',#8959,#4420,#4421);
#3800=AXIS2_PLACEMENT_3D('',#8966,#4423,#4424);
#3801=AXIS2_PLACEMENT_3D('',#8967,#4425,#4426);
#3802=AXIS2_PLACEMENT_3D('',#8968,#4427,#4428);
#3803=AXIS2_PLACEMENT_3D('',#8969,#4429,#4430);
#3804=AXIS2_PLACEMENT_3D('',#8974,#4432,#4433);
#3805=AXIS2_PLACEMENT_3D('',#8977,#4435,#4436);
#3806=AXIS2_PLACEMENT_3D('',#8989,#4438,#4439);
#3807=AXIS2_PLACEMENT_3D('',#8990,#4440,#4441);
#3808=AXIS2_PLACEMENT_3D('',#8996,#4442,#4443);
#3809=AXIS2_PLACEMENT_3D('',#9003,#4445,#4446);
#3810=AXIS2_PLACEMENT_3D('',#9004,#4447,#4448);
#3811=AXIS2_PLACEMENT_3D('',#9005,#4449,#4450);
#3812=AXIS2_PLACEMENT_3D('',#9006,#4451,#4452);
#3813=AXIS2_PLACEMENT_3D('',#9011,#4454,#4455);
#3814=AXIS2_PLACEMENT_3D('',#9014,#4457,#4458);
#3815=AXIS2_PLACEMENT_3D('',#9026,#4460,#4461);
#3816=AXIS2_PLACEMENT_3D('',#9027,#4462,#4463);
#3817=AXIS2_PLACEMENT_3D('',#9033,#4464,#4465);
#3818=AXIS2_PLACEMENT_3D('',#9040,#4467,#4468);
#3819=AXIS2_PLACEMENT_3D('',#9041,#4469,#4470);
#3820=AXIS2_PLACEMENT_3D('',#9042,#4471,#4472);
#3821=AXIS2_PLACEMENT_3D('',#9043,#4473,#4474);
#3822=AXIS2_PLACEMENT_3D('',#9048,#4476,#4477);
#3823=AXIS2_PLACEMENT_3D('',#9051,#4479,#4480);
#3824=AXIS2_PLACEMENT_3D('',#9063,#4482,#4483);
#3825=AXIS2_PLACEMENT_3D('',#9064,#4484,#4485);
#3826=AXIS2_PLACEMENT_3D('',#9070,#4486,#4487);
#3827=AXIS2_PLACEMENT_3D('',#9077,#4489,#4490);
#3828=AXIS2_PLACEMENT_3D('',#9078,#4491,#4492);
#3829=AXIS2_PLACEMENT_3D('',#9079,#4493,#4494);
#3830=AXIS2_PLACEMENT_3D('',#9083,#4496,#4497);
#3831=AXIS2_PLACEMENT_3D('',#9087,#4499,#4500);
#3832=AXIS2_PLACEMENT_3D('',#9088,#4501,#4502);
#3833=AXIS2_PLACEMENT_3D('',#9089,#4503,#4504);
#3834=AXIS2_PLACEMENT_3D('',#9090,#4505,#4506);
#3835=AXIS2_PLACEMENT_3D('',#9091,#4507,#4508);
#3836=AXIS2_PLACEMENT_3D('',#9092,#4509,#4510);
#3837=AXIS2_PLACEMENT_3D('',#9093,#4511,#4512);
#3838=AXIS2_PLACEMENT_3D('',#9097,#4514,#4515);
#3839=AXIS2_PLACEMENT_3D('',#9101,#4517,#4518);
#3840=AXIS2_PLACEMENT_3D('',#9102,#4519,#4520);
#3841=AXIS2_PLACEMENT_3D('',#9103,#4521,#4522);
#3842=AXIS2_PLACEMENT_3D('',#9104,#4523,#4524);
#3843=AXIS2_PLACEMENT_3D('',#9105,#4525,#4526);
#3844=AXIS2_PLACEMENT_3D('',#9106,#4527,#4528);
#3845=AXIS2_PLACEMENT_3D('',#9107,#4529,#4530);
#3846=AXIS2_PLACEMENT_3D('',#9108,#4531,#4532);
#3847=AXIS2_PLACEMENT_3D('',#9109,#4533,#4534);
#3848=AXIS2_PLACEMENT_3D('',#9110,#4535,#4536);
#3849=AXIS2_PLACEMENT_3D('',#9111,#4537,#4538);
#3850=AXIS2_PLACEMENT_3D('',#9112,#4539,#4540);
#3851=AXIS2_PLACEMENT_3D('',#9113,#4541,#4542);
#3852=AXIS2_PLACEMENT_3D('',#9114,#4543,#4544);
#3853=AXIS2_PLACEMENT_3D('',#9115,#4545,#4546);
#3854=DIRECTION('',(0.,0.,1.));
#3855=DIRECTION('',(1.,0.,0.));
#3856=DIRECTION('',(0.,-1.,0.));
#3857=DIRECTION('',(0.,0.,-1.));
#3858=DIRECTION('',(0.,1.,0.));
#3859=DIRECTION('',(0.,0.,1.));
#3860=DIRECTION('',(0.,1.,0.));
#3861=DIRECTION('',(0.,0.,1.));
#3862=DIRECTION('',(0.,1.,0.));
#3863=DIRECTION('',(0.,0.,1.));
#3864=DIRECTION('',(0.,1.,0.));
#3865=DIRECTION('',(0.,1.,0.));
#3866=DIRECTION('',(0.,1.,0.));
#3867=DIRECTION('',(0.,0.,1.));
#3868=DIRECTION('',(0.,1.,0.));
#3869=DIRECTION('',(0.,0.,1.));
#3870=DIRECTION('',(7.871877887342E-17,0.766044443118977,-0.64278760968654));
#3871=DIRECTION('',(0.,0.766044443118977,0.64278760968654));
#3872=DIRECTION('',(0.,1.,0.));
#3873=DIRECTION('',(0.,0.,1.));
#3874=DIRECTION('',(0.,1.,0.));
#3875=DIRECTION('',(0.,0.,1.));
#3876=DIRECTION('',(0.,1.,0.));
#3877=DIRECTION('',(0.,1.,0.));
#3878=DIRECTION('',(0.,1.,0.));
#3879=DIRECTION('',(0.,0.,1.));
#3880=DIRECTION('',(0.,1.,0.));
#3881=DIRECTION('',(0.,0.,1.));
#3882=DIRECTION('',(0.,1.,0.));
#3883=DIRECTION('',(0.,0.,1.));
#3884=DIRECTION('',(0.,1.,0.));
#3885=DIRECTION('',(0.,0.,1.));
#3886=DIRECTION('',(0.,1.,0.));
#3887=DIRECTION('',(0.,0.,1.));
#3888=DIRECTION('',(0.,1.,0.));
#3889=DIRECTION('',(0.,0.,1.));
#3890=DIRECTION('',(0.,1.,0.));
#3891=DIRECTION('',(0.,0.,1.));
#3892=DIRECTION('',(-1.02494551706074E-16,1.,2.32683753218042E-17));
#3893=DIRECTION('',(-1.,-1.02494551706074E-16,0.));
#3894=DIRECTION('',(0.,1.,0.));
#3895=DIRECTION('',(0.,0.,1.));
#3896=DIRECTION('',(0.,1.,0.));
#3897=DIRECTION('',(0.,0.,1.));
#3898=DIRECTION('',(0.,1.,0.));
#3899=DIRECTION('',(0.,1.,0.));
#3900=DIRECTION('',(0.,0.,1.));
#3901=DIRECTION('',(0.,1.,0.));
#3902=DIRECTION('',(0.,0.,1.));
#3903=DIRECTION('',(0.,-1.,0.));
#3904=DIRECTION('',(0.,0.,1.));
#3905=DIRECTION('',(0.,-1.,0.));
#3906=DIRECTION('',(0.,0.,1.));
#3907=DIRECTION('',(0.,-1.,0.));
#3908=DIRECTION('',(1.77635683940025E-15,0.,1.));
#3909=DIRECTION('',(0.,-1.,0.));
#3910=DIRECTION('',(-1.77635683940025E-15,0.,1.));
#3911=DIRECTION('',(0.,-1.,0.));
#3912=DIRECTION('',(3.5527136788005E-15,0.,1.));
#3913=DIRECTION('',(0.,1.,0.));
#3914=DIRECTION('',(0.,0.,1.));
#3915=DIRECTION('',(0.,1.,0.));
#3916=DIRECTION('',(0.,0.,1.));
#3917=DIRECTION('',(0.,1.,0.));
#3918=DIRECTION('',(0.,0.,1.));
#3919=DIRECTION('',(0.,1.,0.));
#3920=DIRECTION('',(0.,0.,1.));
#3921=DIRECTION('',(0.,1.,0.));
#3922=DIRECTION('',(0.,0.,1.));
#3923=DIRECTION('',(0.,1.,0.));
#3924=DIRECTION('',(0.,0.,1.));
#3925=DIRECTION('',(0.,-1.,0.));
#3926=DIRECTION('',(0.,0.,-1.));
#3927=DIRECTION('',(0.,1.,0.));
#3928=DIRECTION('',(0.,0.,1.));
#3929=DIRECTION('',(0.,-1.,0.));
#3930=DIRECTION('',(0.,0.,-1.));
#3931=DIRECTION('',(0.,1.,0.));
#3932=DIRECTION('',(0.,0.,1.));
#3933=DIRECTION('',(-0.866025403784439,0.,0.5));
#3934=DIRECTION('',(0.5,0.,0.866025403784439));
#3935=DIRECTION('',(0.,1.,0.));
#3936=DIRECTION('',(0.,1.,0.));
#3937=DIRECTION('',(0.,0.,1.));
#3938=DIRECTION('',(1.,0.,0.));
#3939=DIRECTION('',(0.,1.,0.));
#3940=DIRECTION('',(0.866025403784439,0.,0.5));
#3941=DIRECTION('',(0.5,0.,-0.866025403784439));
#3942=DIRECTION('',(0.,1.,0.));
#3943=DIRECTION('',(0.866025403784439,0.,-0.5));
#3944=DIRECTION('',(-0.5,0.,-0.866025403784439));
#3945=DIRECTION('',(0.,1.,0.));
#3946=DIRECTION('',(-1.73472347597681E-16,0.,-1.));
#3947=DIRECTION('',(-1.,0.,1.73472347597681E-16));
#3948=DIRECTION('',(0.,1.,0.));
#3949=DIRECTION('',(-0.866025403784439,0.,-0.5));
#3950=DIRECTION('',(-0.5,0.,0.866025403784439));
#3951=DIRECTION('',(0.,-1.,0.));
#3952=DIRECTION('',(0.,0.,-1.));
#3953=DIRECTION('',(0.,1.,0.));
#3954=DIRECTION('',(0.,0.,1.));
#3955=DIRECTION('',(0.,-1.,0.));
#3956=DIRECTION('',(0.,0.,-1.));
#3957=DIRECTION('',(0.,1.,0.));
#3958=DIRECTION('',(0.,0.,1.));
#3959=DIRECTION('',(0.,-1.,0.));
#3960=DIRECTION('',(0.,0.,-1.));
#3961=DIRECTION('',(0.,1.,0.));
#3962=DIRECTION('',(0.,0.,1.));
#3963=DIRECTION('',(0.,-1.,0.));
#3964=DIRECTION('',(0.,0.,-1.));
#3965=DIRECTION('',(0.,1.,0.));
#3966=DIRECTION('',(0.,0.,1.));
#3967=DIRECTION('',(0.,-1.,0.));
#3968=DIRECTION('',(0.,0.,-1.));
#3969=DIRECTION('',(0.,1.,0.));
#3970=DIRECTION('',(0.,0.,-1.));
#3971=DIRECTION('',(0.,1.,0.));
#3972=DIRECTION('',(-4.44089209850063E-15,0.,-1.));
#3973=DIRECTION('',(0.,1.,0.));
#3974=DIRECTION('',(3.5527136788005E-15,0.,-1.));
#3975=DIRECTION('',(0.,1.,0.));
#3976=DIRECTION('',(0.,0.,1.));
#3977=DIRECTION('',(0.,1.,0.));
#3978=DIRECTION('',(0.,0.,-1.));
#3979=DIRECTION('',(0.,1.,0.));
#3980=DIRECTION('',(0.,0.,-1.));
#3981=DIRECTION('',(0.,1.,0.));
#3982=DIRECTION('',(0.,0.,1.));
#3983=DIRECTION('',(0.,1.,0.));
#3984=DIRECTION('',(0.,0.,1.));
#3985=DIRECTION('',(0.,1.,0.));
#3986=DIRECTION('',(0.,0.,1.));
#3987=DIRECTION('',(0.,1.,0.));
#3988=DIRECTION('',(0.,0.,1.));
#3989=DIRECTION('',(0.,1.,0.));
#3990=DIRECTION('',(0.,0.,1.));
#3991=DIRECTION('',(0.,1.,0.));
#3992=DIRECTION('',(0.,0.,1.));
#3993=DIRECTION('',(0.866025403784439,0.,-0.5));
#3994=DIRECTION('',(-0.5,0.,-0.866025403784439));
#3995=DIRECTION('',(0.,1.,0.));
#3996=DIRECTION('',(0.,1.,0.));
#3997=DIRECTION('',(0.866025403784439,0.,0.5));
#3998=DIRECTION('',(0.5,0.,-0.866025403784439));
#3999=DIRECTION('',(0.,1.,0.));
#4000=DIRECTION('',(-6.50521303491302E-16,0.,1.));
#4001=DIRECTION('',(1.,0.,6.50521303491302E-16));
#4002=DIRECTION('',(0.,1.,0.));
#4003=DIRECTION('',(-0.866025403784439,0.,0.5));
#4004=DIRECTION('',(0.5,0.,0.866025403784439));
#4005=DIRECTION('',(0.,1.,0.));
#4006=DIRECTION('',(-0.866025403784439,0.,-0.5));
#4007=DIRECTION('',(-0.5,0.,0.866025403784439));
#4008=DIRECTION('',(0.,1.,0.));
#4009=DIRECTION('',(5.42101086242752E-16,0.,-1.));
#4010=DIRECTION('',(-1.,0.,-5.42101086242752E-16));
#4011=DIRECTION('',(0.,-1.,0.));
#4012=DIRECTION('',(0.,0.,-1.));
#4013=DIRECTION('',(0.,1.,0.));
#4014=DIRECTION('',(0.,0.,-1.));
#4015=DIRECTION('',(0.,-1.,0.));
#4016=DIRECTION('',(0.,0.,-1.));
#4017=DIRECTION('',(0.,1.,0.));
#4018=DIRECTION('',(0.,0.,-1.));
#4019=DIRECTION('',(0.,-1.,0.));
#4020=DIRECTION('',(0.,0.,-1.));
#4021=DIRECTION('',(0.,1.,0.));
#4022=DIRECTION('',(0.,0.,-1.));
#4023=DIRECTION('',(0.,-1.,0.));
#4024=DIRECTION('',(0.,0.,-1.));
#4025=DIRECTION('',(0.,1.,0.));
#4026=DIRECTION('',(0.,0.,1.));
#4027=DIRECTION('',(0.,-1.,0.));
#4028=DIRECTION('',(0.,0.,-1.));
#4029=DIRECTION('',(0.,1.,0.));
#4030=DIRECTION('',(3.5527136788005E-15,0.,-1.));
#4031=DIRECTION('',(0.,-1.,0.));
#4032=DIRECTION('',(0.,0.,-1.));
#4033=DIRECTION('',(0.,1.,0.));
#4034=DIRECTION('',(-4.44089209850063E-15,0.,-1.));
#4035=DIRECTION('',(0.,-1.,0.));
#4036=DIRECTION('',(0.,0.,-1.));
#4037=DIRECTION('',(0.,1.,0.));
#4038=DIRECTION('',(0.,0.,1.));
#4039=DIRECTION('',(0.,1.,0.));
#4040=DIRECTION('',(0.,0.,1.));
#4041=DIRECTION('',(0.,1.,0.));
#4042=DIRECTION('',(0.,1.,0.));
#4043=DIRECTION('',(0.,0.,1.));
#4044=DIRECTION('',(0.,1.,0.));
#4045=DIRECTION('',(0.,1.,0.));
#4046=DIRECTION('',(0.,1.,0.));
#4047=DIRECTION('',(0.,0.,1.));
#4048=DIRECTION('',(0.,1.,0.));
#4049=DIRECTION('',(0.,1.,0.));
#4050=DIRECTION('',(0.,1.,0.));
#4051=DIRECTION('',(0.,0.,1.));
#4052=DIRECTION('',(0.,1.,0.));
#4053=DIRECTION('',(0.,1.,0.));
#4054=DIRECTION('',(0.,1.,0.));
#4055=DIRECTION('',(0.,0.,1.));
#4056=DIRECTION('',(0.,1.,0.));
#4057=DIRECTION('',(0.,1.,0.));
#4058=DIRECTION('',(0.,1.,0.));
#4059=DIRECTION('',(0.,0.,1.));
#4060=DIRECTION('',(0.,1.,0.));
#4061=DIRECTION('',(0.,1.,0.));
#4062=DIRECTION('',(0.,1.,0.));
#4063=DIRECTION('',(0.,0.,1.));
#4064=DIRECTION('',(0.,1.,0.));
#4065=DIRECTION('',(0.,1.,0.));
#4066=DIRECTION('',(0.,1.,0.));
#4067=DIRECTION('',(0.,0.,1.));
#4068=DIRECTION('',(0.,1.,0.));
#4069=DIRECTION('',(0.,1.,0.));
#4070=DIRECTION('',(0.,1.,0.));
#4071=DIRECTION('',(0.,0.,1.));
#4072=DIRECTION('',(0.,1.,0.));
#4073=DIRECTION('',(0.,1.,0.));
#4074=DIRECTION('',(0.,1.,0.));
#4075=DIRECTION('',(0.,0.,1.));
#4076=DIRECTION('',(0.,1.,0.));
#4077=DIRECTION('',(0.,1.,0.));
#4078=DIRECTION('',(0.,1.,0.));
#4079=DIRECTION('',(0.,0.,1.));
#4080=DIRECTION('',(0.,1.,0.));
#4081=DIRECTION('',(0.,1.,0.));
#4082=DIRECTION('',(0.,0.,1.));
#4083=DIRECTION('',(0.,1.,0.));
#4084=DIRECTION('',(0.,0.,1.));
#4085=DIRECTION('',(0.,1.,0.));
#4086=DIRECTION('',(0.,0.,1.));
#4087=DIRECTION('',(0.,1.,0.));
#4088=DIRECTION('',(0.,0.,1.));
#4089=DIRECTION('',(0.,1.,0.));
#4090=DIRECTION('',(0.,0.,1.));
#4091=DIRECTION('',(0.,1.,0.));
#4092=DIRECTION('',(0.,0.,1.));
#4093=DIRECTION('',(0.,1.,0.));
#4094=DIRECTION('',(0.,0.,1.));
#4095=DIRECTION('',(0.,1.,0.));
#4096=DIRECTION('',(0.,0.,1.));
#4097=DIRECTION('',(0.,1.,0.));
#4098=DIRECTION('',(0.,0.,1.));
#4099=DIRECTION('',(0.,1.,0.));
#4100=DIRECTION('',(0.,0.,1.));
#4101=DIRECTION('',(0.,1.,0.));
#4102=DIRECTION('',(0.,0.,1.));
#4103=DIRECTION('',(0.,1.,0.));
#4104=DIRECTION('',(0.,0.,1.));
#4105=DIRECTION('',(0.,-1.,0.));
#4106=DIRECTION('',(-8.88178419700125E-16,0.,1.));
#4107=DIRECTION('',(0.,-1.,0.));
#4108=DIRECTION('',(0.,0.,1.));
#4109=DIRECTION('',(0.,-1.,0.));
#4110=DIRECTION('',(1.77635683940025E-15,0.,1.));
#4111=DIRECTION('',(0.,-1.,0.));
#4112=DIRECTION('',(-1.77635683940025E-15,0.,1.));
#4113=DIRECTION('',(0.,-1.,0.));
#4114=DIRECTION('',(3.5527136788005E-15,0.,1.));
#4115=DIRECTION('',(0.,1.,0.));
#4116=DIRECTION('',(0.,0.,1.));
#4117=DIRECTION('',(0.,1.,0.));
#4118=DIRECTION('',(0.,0.,1.));
#4119=DIRECTION('',(0.,1.,0.));
#4120=DIRECTION('',(0.,0.,1.));
#4121=DIRECTION('',(0.,1.,0.));
#4122=DIRECTION('',(0.,0.,1.));
#4123=DIRECTION('',(0.,1.,0.));
#4124=DIRECTION('',(0.,0.,1.));
#4125=DIRECTION('',(0.,1.,0.));
#4126=DIRECTION('',(0.,0.,1.));
#4127=DIRECTION('',(0.866025403784439,0.,0.5));
#4128=DIRECTION('',(0.5,0.,-0.866025403784439));
#4129=DIRECTION('',(0.,-1.,0.));
#4130=DIRECTION('',(0.,-1.,0.));
#4131=DIRECTION('',(-6.50521303491302E-16,0.,1.));
#4132=DIRECTION('',(1.,0.,6.50521303491302E-16));
#4133=DIRECTION('',(0.,-1.,0.));
#4134=DIRECTION('',(-0.866025403784439,0.,0.5));
#4135=DIRECTION('',(0.5,0.,0.866025403784439));
#4136=DIRECTION('',(0.,-1.,0.));
#4137=DIRECTION('',(-0.866025403784439,0.,-0.5));
#4138=DIRECTION('',(-0.5,0.,0.866025403784439));
#4139=DIRECTION('',(0.,-1.,0.));
#4140=DIRECTION('',(5.42101086242752E-16,0.,-1.));
#4141=DIRECTION('',(-1.,0.,-5.42101086242752E-16));
#4142=DIRECTION('',(0.,-1.,0.));
#4143=DIRECTION('',(0.866025403784439,0.,-0.5));
#4144=DIRECTION('',(-0.5,0.,-0.866025403784439));
#4145=DIRECTION('',(0.,-1.,0.));
#4146=DIRECTION('',(0.,0.,-1.));
#4147=DIRECTION('',(0.,-1.,0.));
#4148=DIRECTION('',(-8.88178419700125E-16,0.,1.));
#4149=DIRECTION('',(0.,-1.,0.));
#4150=DIRECTION('',(0.,0.,-1.));
#4151=DIRECTION('',(0.,-1.,0.));
#4152=DIRECTION('',(0.,0.,1.));
#4153=DIRECTION('',(0.,-1.,0.));
#4154=DIRECTION('',(0.,0.,-1.));
#4155=DIRECTION('',(0.,-1.,0.));
#4156=DIRECTION('',(1.77635683940025E-15,0.,1.));
#4157=DIRECTION('',(0.,-1.,0.));
#4158=DIRECTION('',(0.,0.,-1.));
#4159=DIRECTION('',(0.,-1.,0.));
#4160=DIRECTION('',(-1.77635683940025E-15,0.,1.));
#4161=DIRECTION('',(0.,-1.,0.));
#4162=DIRECTION('',(0.,0.,-1.));
#4163=DIRECTION('',(0.,-1.,0.));
#4164=DIRECTION('',(3.5527136788005E-15,0.,1.));
#4165=DIRECTION('',(0.,-1.,0.));
#4166=DIRECTION('',(0.,0.,-1.));
#4167=DIRECTION('',(0.,1.,0.));
#4168=DIRECTION('',(0.,0.,1.));
#4169=DIRECTION('',(0.,1.,0.));
#4170=DIRECTION('',(0.,0.,1.));
#4171=DIRECTION('',(0.,1.,0.));
#4172=DIRECTION('',(0.,0.,1.));
#4173=DIRECTION('',(0.,1.,0.));
#4174=DIRECTION('',(0.,0.,1.));
#4175=DIRECTION('',(0.,1.,0.));
#4176=DIRECTION('',(0.,0.,1.));
#4177=DIRECTION('',(0.,1.,0.));
#4178=DIRECTION('',(0.,-1.,0.));
#4179=DIRECTION('',(0.,0.,1.));
#4180=DIRECTION('',(0.,1.,0.));
#4181=DIRECTION('',(0.,1.,0.));
#4182=DIRECTION('',(0.,0.,1.));
#4183=DIRECTION('',(0.,1.,0.));
#4184=DIRECTION('',(0.,0.,1.));
#4185=DIRECTION('',(0.,1.,0.));
#4186=DIRECTION('',(0.,0.,1.));
#4187=DIRECTION('',(0.,1.,0.));
#4188=DIRECTION('',(0.,0.,1.));
#4189=DIRECTION('',(0.,-1.,0.));
#4190=DIRECTION('',(0.,0.,1.));
#4191=DIRECTION('',(0.,1.,0.));
#4192=DIRECTION('',(0.,0.,1.));
#4193=DIRECTION('',(0.,1.,0.));
#4194=DIRECTION('',(0.,-1.,0.));
#4195=DIRECTION('',(8.88178419700125E-16,0.,1.));
#4196=DIRECTION('',(0.,-1.,0.));
#4197=DIRECTION('',(0.,0.,-1.));
#4198=DIRECTION('',(8.65956056235491E-17,-0.707106781186549,0.707106781186546));
#4199=DIRECTION('',(0.,-1.,0.));
#4200=DIRECTION('',(0.,0.,-1.));
#4201=DIRECTION('',(0.,-0.707106781186549,-0.707106781186546));
#4202=DIRECTION('',(0.,-1.,0.));
#4203=DIRECTION('',(0.,0.,-1.));
#4204=DIRECTION('',(0.,1.,0.));
#4205=DIRECTION('',(0.,0.,1.));
#4206=DIRECTION('',(0.,1.,0.));
#4207=DIRECTION('',(0.,1.,0.));
#4208=DIRECTION('',(0.,0.,1.));
#4209=DIRECTION('',(-1.02494551706074E-16,1.,2.32683753218042E-17));
#4210=DIRECTION('',(-1.,-1.02494551706074E-16,0.));
#4211=DIRECTION('',(0.,1.,0.));
#4212=DIRECTION('',(0.,0.,1.));
#4213=DIRECTION('',(1.,0.,1.22464679914735E-16));
#4214=DIRECTION('',(1.22464679914735E-16,0.,-1.));
#4215=DIRECTION('',(-1.,0.,0.));
#4216=DIRECTION('',(0.,0.,1.));
#4217=DIRECTION('',(0.,1.,0.));
#4218=DIRECTION('',(0.,0.,1.));
#4219=DIRECTION('',(0.,1.,0.));
#4220=DIRECTION('',(0.,0.,1.));
#4221=DIRECTION('',(0.,1.,0.));
#4222=DIRECTION('',(0.,0.,1.));
#4223=DIRECTION('',(0.,1.,0.));
#4224=DIRECTION('',(0.,0.,1.));
#4225=DIRECTION('',(0.,1.,0.));
#4226=DIRECTION('',(0.,0.,1.));
#4227=DIRECTION('',(0.,1.,0.));
#4228=DIRECTION('',(0.,0.,1.));
#4229=DIRECTION('',(0.,1.,0.));
#4230=DIRECTION('',(0.,0.,1.));
#4231=DIRECTION('',(0.,1.,0.));
#4232=DIRECTION('',(0.,1.,0.));
#4233=DIRECTION('',(0.,0.,1.));
#4234=DIRECTION('',(0.,1.,0.));
#4235=DIRECTION('',(0.,1.,0.));
#4236=DIRECTION('',(0.,0.,1.));
#4237=DIRECTION('',(0.,1.,0.));
#4238=DIRECTION('',(0.,0.,1.));
#4239=DIRECTION('',(0.,1.,0.));
#4240=DIRECTION('',(0.,0.,1.));
#4241=DIRECTION('',(0.,-1.,0.));
#4242=DIRECTION('',(0.,0.,1.));
#4243=DIRECTION('',(0.,-1.,0.));
#4244=DIRECTION('',(0.,0.,1.));
#4245=DIRECTION('',(0.,1.,0.));
#4246=DIRECTION('',(0.,0.,1.));
#4247=DIRECTION('',(0.,1.,0.));
#4248=DIRECTION('',(0.,0.,1.));
#4249=DIRECTION('',(0.,1.,0.));
#4250=DIRECTION('',(0.,0.,1.));
#4251=DIRECTION('',(0.,-1.,0.));
#4252=DIRECTION('',(0.,0.,-1.));
#4253=DIRECTION('',(0.,-1.,0.));
#4254=DIRECTION('',(0.,-1.,0.));
#4255=DIRECTION('',(0.,-1.,0.));
#4256=DIRECTION('',(0.,0.,-1.));
#4257=DIRECTION('',(0.,0.,-1.));
#4258=DIRECTION('',(0.,0.,1.));
#4259=DIRECTION('',(-8.30442342157138E-16,-1.,7.88598494689829E-16));
#4260=DIRECTION('',(1.,-8.30442342157138E-16,0.));
#4261=DIRECTION('',(0.,1.,0.));
#4262=DIRECTION('',(0.,-1.,0.));
#4263=DIRECTION('',(0.,0.,1.));
#4264=DIRECTION('',(0.,0.,-1.));
#4265=DIRECTION('',(-7.1828071899207E-16,-1.,5.66553889764798E-16));
#4266=DIRECTION('',(1.,-7.1828071899207E-16,0.));
#4267=DIRECTION('',(0.,-1.,0.));
#4268=DIRECTION('',(0.,1.,0.));
#4269=DIRECTION('',(-1.,0.,0.));
#4270=DIRECTION('',(0.,0.,1.));
#4271=DIRECTION('',(1.,0.,0.));
#4272=DIRECTION('',(0.,0.,-1.));
#4273=DIRECTION('',(0.,-1.,0.));
#4274=DIRECTION('',(0.587785252292463,0.,-0.809016994374955));
#4275=DIRECTION('',(0.,-1.,0.));
#4276=DIRECTION('',(0.,0.,-1.));
#4277=DIRECTION('',(0.669130606358873,0.,0.743144825477381));
#4278=DIRECTION('',(0.,1.,0.));
#4279=DIRECTION('',(0.,0.,-1.));
#4280=DIRECTION('',(-0.913545457642603,0.,-0.406736643075795));
#4281=DIRECTION('',(-0.382207422101556,-0.342020143325669,0.85845192529924));
#4282=DIRECTION('',(0.913545457642603,0.,0.406736643075795));
#4283=DIRECTION('',(-0.913545457642603,0.,-0.406736643075795));
#4284=DIRECTION('',(0.,-1.,0.));
#4285=DIRECTION('',(0.587785252292462,0.,-0.809016994374955));
#4286=DIRECTION('',(0.,1.,0.));
#4287=DIRECTION('',(0.587785252292462,0.,-0.809016994374955));
#4288=DIRECTION('',(0.698327708676326,-0.342020143325669,-0.628777093137433));
#4289=DIRECTION('',(-0.669130606358873,0.,-0.743144825477381));
#4290=DIRECTION('',(0.669130606358873,0.,0.743144825477381));
#4291=DIRECTION('',(0.,1.,0.));
#4292=DIRECTION('',(0.587785252292462,0.,-0.809016994374955));
#4293=DIRECTION('',(0.,-1.,0.));
#4294=DIRECTION('',(0.587785252292462,0.,-0.809016994374955));
#4295=DIRECTION('',(0.,-1.,0.));
#4296=DIRECTION('',(0.95105651629515,0.,-0.309016994374958));
#4297=DIRECTION('',(0.,-1.,0.));
#4298=DIRECTION('',(0.,0.,-1.));
#4299=DIRECTION('',(0.104528463267672,0.,0.994521895368271));
#4300=DIRECTION('',(0.,1.,0.));
#4301=DIRECTION('',(0.,0.,-1.));
#4302=DIRECTION('',(-0.500000000000004,0.,-0.866025403784437));
#4303=DIRECTION('',(-0.813797681349371,-0.342020143325669,0.469846310392958));
#4304=DIRECTION('',(0.500000000000004,0.,0.866025403784436));
#4305=DIRECTION('',(-0.500000000000004,0.,-0.866025403784437));
#4306=DIRECTION('',(0.,-1.,0.));
#4307=DIRECTION('',(0.95105651629515,0.,-0.309016994374958));
#4308=DIRECTION('',(0.,1.,0.));
#4309=DIRECTION('',(0.95105651629515,0.,-0.309016994374958));
#4310=DIRECTION('',(0.93454488628758,-0.342020143325669,-0.098224625594722));
#4311=DIRECTION('',(0.343682097388945,0.939086053529886,0.));
#4312=DIRECTION('',(0.104528463267672,0.,0.994521895368271));
#4313=DIRECTION('',(0.,1.,0.));
#4314=DIRECTION('',(0.95105651629515,0.,-0.309016994374958));
#4315=DIRECTION('',(0.,-1.,0.));
#4316=DIRECTION('',(0.95105651629515,0.,-0.309016994374958));
#4317=DIRECTION('',(0.,-1.,0.));
#4318=DIRECTION('',(0.951056516295157,0.,0.309016994374938));
#4319=DIRECTION('',(0.,-1.,0.));
#4320=DIRECTION('',(0.,0.,-1.));
#4321=DIRECTION('',(-0.499999999999986,0.,0.866025403784447));
#4322=DIRECTION('',(0.,1.,0.));
#4323=DIRECTION('',(-5.32907051820075E-15,0.,-1.));
#4324=DIRECTION('',(0.104528463267651,0.,-0.994521895368274));
#4325=DIRECTION('',(-0.934544886287582,-0.342020143325669,-0.0982246255947024));
#4326=DIRECTION('',(0.343682097388945,-0.939086053529886,0.));
#4327=DIRECTION('',(0.104528463267651,0.,-0.994521895368274));
#4328=DIRECTION('',(0.,-1.,0.));
#4329=DIRECTION('',(0.951056516295157,0.,0.309016994374938));
#4330=DIRECTION('',(0.,1.,0.));
#4331=DIRECTION('',(0.951056516295157,0.,0.309016994374938));
#4332=DIRECTION('',(0.813797681349381,-0.34202014332567,0.469846310392941));
#4333=DIRECTION('',(0.499999999999986,0.,-0.866025403784447));
#4334=DIRECTION('',(-0.499999999999986,0.,0.866025403784447));
#4335=DIRECTION('',(0.,1.,0.));
#4336=DIRECTION('',(0.951056516295157,0.,0.309016994374938));
#4337=DIRECTION('',(0.,-1.,0.));
#4338=DIRECTION('',(0.951056516295157,0.,0.309016994374938));
#4339=DIRECTION('',(0.,-1.,0.));
#4340=DIRECTION('',(0.58778525229248,0.,0.809016994374942));
#4341=DIRECTION('',(0.,-1.,0.));
#4342=DIRECTION('',(0.,0.,-1.));
#4343=DIRECTION('',(-0.913545457642595,0.,0.406736643075815));
#4344=DIRECTION('',(0.,1.,0.));
#4345=DIRECTION('',(3.5527136788005E-15,0.,-1.));
#4346=DIRECTION('',(0.669130606358857,0.,-0.743144825477395));
#4347=DIRECTION('',(-0.69832770867634,-0.342020143325669,-0.628777093137418));
#4348=DIRECTION('',(-0.669130606358857,0.,0.743144825477395));
#4349=DIRECTION('',(0.669130606358857,0.,-0.743144825477395));
#4350=DIRECTION('',(0.,-1.,0.));
#4351=DIRECTION('',(0.58778525229248,0.,0.809016994374942));
#4352=DIRECTION('',(0.,1.,0.));
#4353=DIRECTION('',(0.58778525229248,0.,0.809016994374942));
#4354=DIRECTION('',(0.382207422101575,-0.342020143325669,0.858451925299231));
#4355=DIRECTION('',(0.913545457642595,0.,-0.406736643075815));
#4356=DIRECTION('',(-0.913545457642595,0.,0.406736643075815));
#4357=DIRECTION('',(0.,1.,0.));
#4358=DIRECTION('',(0.58778525229248,0.,0.809016994374942));
#4359=DIRECTION('',(0.,-1.,0.));
#4360=DIRECTION('',(0.58778525229248,0.,0.809016994374942));
#4361=DIRECTION('',(0.,-1.,0.));
#4362=DIRECTION('',(0.,0.,1.));
#4363=DIRECTION('',(0.,-1.,0.));
#4364=DIRECTION('',(0.,0.,-1.));
#4365=DIRECTION('',(-0.978147600733807,0.,-0.207911690817752));
#4366=DIRECTION('',(0.,1.,0.));
#4367=DIRECTION('',(3.5527136788005E-15,0.,-1.));
#4368=DIRECTION('',(0.978147600733807,0.,-0.207911690817752));
#4369=DIRECTION('',(-0.195373081636563,-0.342020143325669,-0.919158082448999));
#4370=DIRECTION('',(0.,0.937219240388514,-0.348740728114134));
#4371=DIRECTION('',(0.978147600733807,0.,-0.207911690817752));
#4372=DIRECTION('',(0.,-1.,0.));
#4373=DIRECTION('',(0.,0.,1.));
#4374=DIRECTION('',(0.,1.,0.));
#4375=DIRECTION('',(0.,0.,1.));
#4376=DIRECTION('',(-0.195373081636563,-0.342020143325669,0.919158082448999));
#4377=DIRECTION('',(0.,-0.937219240388514,-0.348740728114134));
#4378=DIRECTION('',(-0.978147600733807,0.,-0.207911690817752));
#4379=DIRECTION('',(0.,1.,0.));
#4380=DIRECTION('',(0.,0.,1.));
#4381=DIRECTION('',(0.,-1.,0.));
#4382=DIRECTION('',(0.,0.,1.));
#4383=DIRECTION('',(0.,-1.,0.));
#4384=DIRECTION('',(-0.587785252292469,0.,0.809016994374951));
#4385=DIRECTION('',(0.,-1.,0.));
#4386=DIRECTION('',(0.,0.,-1.));
#4387=DIRECTION('',(-0.669130606358868,0.,-0.743144825477386));
#4388=DIRECTION('',(0.,1.,0.));
#4389=DIRECTION('',(5.32907051820075E-15,0.,-1.));
#4390=DIRECTION('',(0.9135454576426,0.,0.406736643075801));
#4391=DIRECTION('',(0.382207422101562,-0.342020143325669,-0.858451925299237));
#4392=DIRECTION('',(-0.9135454576426,0.,-0.406736643075801));
#4393=DIRECTION('',(0.9135454576426,0.,0.406736643075801));
#4394=DIRECTION('',(0.,-1.,0.));
#4395=DIRECTION('',(-0.587785252292469,0.,0.809016994374951));
#4396=DIRECTION('',(0.,1.,0.));
#4397=DIRECTION('',(-0.587785252292469,0.,0.809016994374951));
#4398=DIRECTION('',(-0.698327708676331,-0.342020143325669,0.628777093137428));
#4399=DIRECTION('',(0.669130606358868,0.,0.743144825477386));
#4400=DIRECTION('',(-0.669130606358868,0.,-0.743144825477386));
#4401=DIRECTION('',(0.,1.,0.));
#4402=DIRECTION('',(-0.587785252292468,0.,0.809016994374951));
#4403=DIRECTION('',(0.,-1.,0.));
#4404=DIRECTION('',(-0.587785252292468,0.,0.809016994374951));
#4405=DIRECTION('',(0.,-1.,0.));
#4406=DIRECTION('',(-0.951056516295152,0.,0.309016994374952));
#4407=DIRECTION('',(0.,-1.,0.));
#4408=DIRECTION('',(0.,0.,-1.));
#4409=DIRECTION('',(-0.104528463267665,0.,-0.994521895368272));
#4410=DIRECTION('',(0.,1.,0.));
#4411=DIRECTION('',(0.,0.,-1.));
#4412=DIRECTION('',(0.499999999999998,0.,0.86602540378444));
#4413=DIRECTION('',(0.813797681349375,-0.342020143325669,-0.469846310392952));
#4414=DIRECTION('',(-0.499999999999998,0.,-0.86602540378444));
#4415=DIRECTION('',(0.499999999999998,0.,0.86602540378444));
#4416=DIRECTION('',(0.,-1.,0.));
#4417=DIRECTION('',(-0.951056516295152,0.,0.309016994374952));
#4418=DIRECTION('',(0.,1.,0.));
#4419=DIRECTION('',(-0.951056516295152,0.,0.309016994374952));
#4420=DIRECTION('',(-0.93454488628758,-0.342020143325669,0.0982246255947154));
#4421=DIRECTION('',(0.343682097388945,-0.939086053529886,0.));
#4422=DIRECTION('',(-0.104528463267665,0.,-0.994521895368272));
#4423=DIRECTION('',(0.,1.,0.));
#4424=DIRECTION('',(-0.951056516295152,0.,0.309016994374952));
#4425=DIRECTION('',(0.,-1.,0.));
#4426=DIRECTION('',(-0.951056516295152,0.,0.309016994374952));
#4427=DIRECTION('',(0.,-1.,0.));
#4428=DIRECTION('',(-0.951056516295155,0.,-0.309016994374945));
#4429=DIRECTION('',(0.,-1.,0.));
#4430=DIRECTION('',(0.,0.,-1.));
#4431=DIRECTION('',(0.499999999999991,0.,-0.866025403784444));
#4432=DIRECTION('',(0.,1.,0.));
#4433=DIRECTION('',(-3.5527136788005E-15,0.,-1.));
#4434=DIRECTION('',(-0.104528463267658,0.,0.994521895368273));
#4435=DIRECTION('',(0.934544886287581,-0.342020143325669,0.0982246255947087));
#4436=DIRECTION('',(0.343682097388945,0.939086053529886,0.));
#4437=DIRECTION('',(-0.104528463267658,0.,0.994521895368273));
#4438=DIRECTION('',(0.,-1.,0.));
#4439=DIRECTION('',(-0.951056516295155,0.,-0.309016994374945));
#4440=DIRECTION('',(0.,1.,0.));
#4441=DIRECTION('',(-0.951056516295155,0.,-0.309016994374945));
#4442=DIRECTION('',(-0.813797681349378,-0.342020143325669,-0.469846310392946));
#4443=DIRECTION('',(-0.499999999999991,0.,0.866025403784444));
#4444=DIRECTION('',(0.499999999999991,0.,-0.866025403784444));
#4445=DIRECTION('',(0.,1.,0.));
#4446=DIRECTION('',(-0.951056516295155,0.,-0.309016994374945));
#4447=DIRECTION('',(0.,-1.,0.));
#4448=DIRECTION('',(-0.951056516295155,0.,-0.309016994374945));
#4449=DIRECTION('',(0.,-1.,0.));
#4450=DIRECTION('',(-0.587785252292474,0.,-0.809016994374947));
#4451=DIRECTION('',(0.,-1.,0.));
#4452=DIRECTION('',(0.,0.,-1.));
#4453=DIRECTION('',(0.913545457642598,0.,-0.406736643075808));
#4454=DIRECTION('',(0.,1.,0.));
#4455=DIRECTION('',(0.,0.,-1.));
#4456=DIRECTION('',(-0.669130606358862,0.,0.743144825477391));
#4457=DIRECTION('',(0.698327708676335,-0.342020143325669,0.628777093137423));
#4458=DIRECTION('',(0.669130606358862,0.,-0.743144825477391));
#4459=DIRECTION('',(-0.669130606358862,0.,0.743144825477391));
#4460=DIRECTION('',(0.,-1.,0.));
#4461=DIRECTION('',(-0.587785252292474,0.,-0.809016994374947));
#4462=DIRECTION('',(0.,1.,0.));
#4463=DIRECTION('',(-0.587785252292474,0.,-0.809016994374947));
#4464=DIRECTION('',(-0.382207422101568,-0.342020143325669,-0.858451925299234));
#4465=DIRECTION('',(-0.913545457642598,0.,0.406736643075808));
#4466=DIRECTION('',(0.913545457642598,0.,-0.406736643075808));
#4467=DIRECTION('',(0.,1.,0.));
#4468=DIRECTION('',(-0.587785252292474,0.,-0.809016994374947));
#4469=DIRECTION('',(0.,-1.,0.));
#4470=DIRECTION('',(-0.587785252292474,0.,-0.809016994374947));
#4471=DIRECTION('',(0.,-1.,0.));
#4472=DIRECTION('',(0.,0.,-1.));
#4473=DIRECTION('',(0.,-1.,0.));
#4474=DIRECTION('',(0.,0.,-1.));
#4475=DIRECTION('',(0.978147600733807,0.,0.207911690817752));
#4476=DIRECTION('',(0.,1.,0.));
#4477=DIRECTION('',(0.,0.,-1.));
#4478=DIRECTION('',(-0.978147600733807,0.,0.207911690817752));
#4479=DIRECTION('',(0.195373081636563,-0.342020143325669,0.919158082448999));
#4480=DIRECTION('',(0.,-0.937219240388514,-0.348740728114134));
#4481=DIRECTION('',(-0.978147600733807,0.,0.207911690817752));
#4482=DIRECTION('',(0.,-1.,0.));
#4483=DIRECTION('',(0.,0.,-1.));
#4484=DIRECTION('',(0.,1.,0.));
#4485=DIRECTION('',(0.,0.,1.));
#4486=DIRECTION('',(0.195373081636563,-0.342020143325669,-0.919158082448999));
#4487=DIRECTION('',(0.,0.937219240388514,-0.348740728114134));
#4488=DIRECTION('',(0.978147600733807,0.,0.207911690817752));
#4489=DIRECTION('',(0.,1.,0.));
#4490=DIRECTION('',(0.,0.,-1.));
#4491=DIRECTION('',(0.,-1.,0.));
#4492=DIRECTION('',(0.,0.,-1.));
#4493=DIRECTION('',(0.,-1.,0.));
#4494=DIRECTION('',(0.,0.,-1.));
#4495=DIRECTION('',(0.,-1.,0.));
#4496=DIRECTION('',(0.,1.,0.));
#4497=DIRECTION('',(0.,0.,1.));
#4498=DIRECTION('',(0.,-1.,0.));
#4499=DIRECTION('',(0.,1.,0.));
#4500=DIRECTION('',(0.,0.,1.));
#4501=DIRECTION('',(0.,1.,0.));
#4502=DIRECTION('',(0.,0.,1.));
#4503=DIRECTION('',(0.,1.,0.));
#4504=DIRECTION('',(0.,0.,1.));
#4505=DIRECTION('',(0.,1.,0.));
#4506=DIRECTION('',(0.,0.,1.));
#4507=DIRECTION('',(0.,1.,0.));
#4508=DIRECTION('',(0.,0.,1.));
#4509=DIRECTION('',(0.,1.,0.));
#4510=DIRECTION('',(0.,0.,1.));
#4511=DIRECTION('',(0.,-1.,0.));
#4512=DIRECTION('',(0.,0.,-1.));
#4513=DIRECTION('',(0.,-1.,0.));
#4514=DIRECTION('',(0.,1.,0.));
#4515=DIRECTION('',(0.,0.,1.));
#4516=DIRECTION('',(0.,-1.,0.));
#4517=DIRECTION('',(0.,1.,0.));
#4518=DIRECTION('',(0.,0.,1.));
#4519=DIRECTION('',(0.,1.,0.));
#4520=DIRECTION('',(0.,0.,1.));
#4521=DIRECTION('',(0.,1.,0.));
#4522=DIRECTION('',(0.,0.,1.));
#4523=DIRECTION('',(0.,1.,0.));
#4524=DIRECTION('',(0.,0.,1.));
#4525=DIRECTION('',(0.,1.,0.));
#4526=DIRECTION('',(0.,0.,1.));
#4527=DIRECTION('',(0.,1.,0.));
#4528=DIRECTION('',(0.,0.,1.));
#4529=DIRECTION('',(0.,1.,0.));
#4530=DIRECTION('',(0.,0.,1.));
#4531=DIRECTION('',(0.,1.,0.));
#4532=DIRECTION('',(0.,0.,1.));
#4533=DIRECTION('',(0.,1.,0.));
#4534=DIRECTION('',(0.,0.,1.));
#4535=DIRECTION('',(0.,1.,0.));
#4536=DIRECTION('',(0.,0.,1.));
#4537=DIRECTION('',(0.,1.,0.));
#4538=DIRECTION('',(0.,0.,1.));
#4539=DIRECTION('',(0.,1.,0.));
#4540=DIRECTION('',(0.,0.,1.));
#4541=DIRECTION('',(0.,-1.,0.));
#4542=DIRECTION('',(0.,0.,-1.));
#4543=DIRECTION('',(0.,-1.,0.));
#4544=DIRECTION('',(0.,0.,-1.));
#4545=DIRECTION('',(0.,0.,1.));
#4546=DIRECTION('',(1.,0.,0.));
#4547=CARTESIAN_POINT('',(0.,0.,0.));
#4548=CARTESIAN_POINT('',(-1.25,-18.6,0.));
#4549=CARTESIAN_POINT('',(0.,-18.6,0.));
#4550=CARTESIAN_POINT('',(0.,-18.6,1.25));
#4551=CARTESIAN_POINT('',(1.53080849893419E-16,-18.6,-1.25));
#4552=CARTESIAN_POINT('',(0.,-18.6,0.));
#4553=CARTESIAN_POINT('',(0.,13.8292873387851,0.));
#4554=CARTESIAN_POINT('',(1.53080849893419E-16,13.8292873387851,-1.25));
#4555=CARTESIAN_POINT('',(1.99005104861445E-16,-11.5469075972228,-1.25));
#4556=CARTESIAN_POINT('',(0.,13.8292873387851,1.25));
#4557=CARTESIAN_POINT('',(0.,-11.5469075972228,1.25));
#4558=CARTESIAN_POINT('',(0.,-11.5469075972228,0.));
#4559=CARTESIAN_POINT('',(0.,-10.6530924027772,0.));
#4560=CARTESIAN_POINT('',(2.44929359829471E-16,-10.6530924027772,-2.));
#4561=CARTESIAN_POINT('',(2.44929359829471E-16,-10.6530924027772,-2.));
#4562=CARTESIAN_POINT('',(0.,-10.6530924027772,2.));
#4563=CARTESIAN_POINT('',(0.,-10.6530924027772,2.));
#4564=CARTESIAN_POINT('',(0.,-10.6530924027772,0.));
#4565=CARTESIAN_POINT('',(0.,13.8292873387851,0.));
#4566=CARTESIAN_POINT('',(2.44929359829471E-16,13.8292873387851,-2.));
#4567=CARTESIAN_POINT('',(2.44929359829471E-16,-3.6,-2.));
#4568=CARTESIAN_POINT('',(0.,13.8292873387851,2.));
#4569=CARTESIAN_POINT('',(0.,-3.6,2.));
#4570=CARTESIAN_POINT('',(0.,-3.6,0.));
#4571=CARTESIAN_POINT('',(0.,13.8292873387851,0.));
#4572=CARTESIAN_POINT('',(0.,-10.6530924027772,0.));
#4573=CARTESIAN_POINT('',(0.,-3.6,0.));
#4574=CARTESIAN_POINT('',(0.,-10.6530924027772,0.));
#4575=CARTESIAN_POINT('',(0.,-11.5469075972228,0.));
#4576=CARTESIAN_POINT('',(0.,13.8292873387851,0.));
#4577=CARTESIAN_POINT('',(3.15718885773271,7.39653722006953,0.335832572286268));
#4578=CARTESIAN_POINT('',(2.98633845129285,7.34185512975266,1.94201090060886));
#4579=CARTESIAN_POINT('',(1.5875,7.2900462982233,2.74963065701559));
#4580=CARTESIAN_POINT('',(6.73465276590316E-16,7.231250001927,3.66617420935412));
#4581=CARTESIAN_POINT('',(-1.5875,7.17245370563071,2.74963065701559));
#4582=CARTESIAN_POINT('',(-3.175,7.11365740933441,1.83308710467706));
#4583=CARTESIAN_POINT('',(-3.175,7.05486111303811,0.));
#4584=CARTESIAN_POINT('',(-3.175,6.99606481674182,-1.83308710467706));
#4585=CARTESIAN_POINT('',(-1.5875,6.93726852044552,-2.74963065701559));
#4586=CARTESIAN_POINT('',(-2.24488425530105E-16,6.87847222414922,-3.66617420935412));
#4587=CARTESIAN_POINT('',(1.5875,6.81967592785293,-2.74963065701559));
#4588=CARTESIAN_POINT('',(3.175,6.76087963155663,-1.83308710467706));
#4589=CARTESIAN_POINT('',(3.175,6.70208333526034,-3.88825358729285E-16));
#4590=CARTESIAN_POINT('',(3.175,6.64328703896404,1.83308710467706));
#4591=CARTESIAN_POINT('',(1.5875,6.58449074266774,2.74963065701559));
#4592=CARTESIAN_POINT('',(6.73465276590316E-16,6.52569444637145,3.66617420935412));
#4593=CARTESIAN_POINT('',(-1.5875,6.46689815007515,2.74963065701559));
#4594=CARTESIAN_POINT('',(-3.175,6.40810185377885,1.83308710467706));
#4595=CARTESIAN_POINT('',(-3.175,6.34930555748256,0.));
#4596=CARTESIAN_POINT('',(-3.175,6.29050926118626,-1.83308710467706));
#4597=CARTESIAN_POINT('',(-1.5875,6.23171296488997,-2.74963065701559));
#4598=CARTESIAN_POINT('',(-2.24488425530105E-16,6.17291666859367,-3.66617420935412));
#4599=CARTESIAN_POINT('',(1.5875,6.11412037229737,-2.74963065701559));
#4600=CARTESIAN_POINT('',(3.175,6.05532407600108,-1.83308710467706));
#4601=CARTESIAN_POINT('',(3.175,5.99652777970478,-3.88825358729285E-16));
#4602=CARTESIAN_POINT('',(3.175,5.93773148340848,1.83308710467706));
#4603=CARTESIAN_POINT('',(1.5875,5.87893518711219,2.74963065701559));
#4604=CARTESIAN_POINT('',(6.73465276590316E-16,5.82013889081589,3.66617420935412));
#4605=CARTESIAN_POINT('',(-1.5875,5.7613425945196,2.74963065701559));
#4606=CARTESIAN_POINT('',(-3.175,5.7025462982233,1.83308710467706));
#4607=CARTESIAN_POINT('',(-3.175,5.643750001927,0.));
#4608=CARTESIAN_POINT('',(-3.175,5.58495370563071,-1.83308710467706));
#4609=CARTESIAN_POINT('',(-1.5875,5.52615740933441,-2.74963065701559));
#4610=CARTESIAN_POINT('',(-2.24488425530105E-16,5.46736111303811,-3.66617420935412));
#4611=CARTESIAN_POINT('',(1.5875,5.40856481674182,-2.74963065701559));
#4612=CARTESIAN_POINT('',(3.175,5.34976852044552,-1.83308710467706));
#4613=CARTESIAN_POINT('',(3.175,5.29097222414922,-3.88825358729285E-16));
#4614=CARTESIAN_POINT('',(3.175,5.23217592785293,1.83308710467706));
#4615=CARTESIAN_POINT('',(1.5875,5.17337963155663,2.74963065701559));
#4616=CARTESIAN_POINT('',(6.73465276590316E-16,5.11458333526034,3.66617420935412));
#4617=CARTESIAN_POINT('',(-1.5875,5.05578703896404,2.74963065701559));
#4618=CARTESIAN_POINT('',(-3.175,4.99699074266774,1.83308710467706));
#4619=CARTESIAN_POINT('',(-3.175,4.93819444637145,0.));
#4620=CARTESIAN_POINT('',(-3.175,4.87939815007515,-1.83308710467706));
#4621=CARTESIAN_POINT('',(-1.5875,4.82060185377885,-2.74963065701559));
#4622=CARTESIAN_POINT('',(-2.24488425530105E-16,4.76180555748256,-3.66617420935412));
#4623=CARTESIAN_POINT('',(1.5875,4.70300926118626,-2.74963065701559));
#4624=CARTESIAN_POINT('',(3.175,4.64421296488997,-1.83308710467706));
#4625=CARTESIAN_POINT('',(3.175,4.58541666859367,-3.88825358729285E-16));
#4626=CARTESIAN_POINT('',(3.175,4.52662037229737,1.83308710467706));
#4627=CARTESIAN_POINT('',(1.5875,4.46782407600108,2.74963065701559));
#4628=CARTESIAN_POINT('',(6.73465276590316E-16,4.40902777970478,3.66617420935412));
#4629=CARTESIAN_POINT('',(-1.5875,4.35023148340848,2.74963065701559));
#4630=CARTESIAN_POINT('',(-3.175,4.29143518711219,1.83308710467706));
#4631=CARTESIAN_POINT('',(-3.175,4.23263889081589,0.));
#4632=CARTESIAN_POINT('',(-3.175,4.1738425945196,-1.83308710467706));
#4633=CARTESIAN_POINT('',(-1.5875,4.1150462982233,-2.74963065701559));
#4634=CARTESIAN_POINT('',(-2.24488425530105E-16,4.056250001927,-3.66617420935412));
#4635=CARTESIAN_POINT('',(1.5875,3.99745370563071,-2.74963065701559));
#4636=CARTESIAN_POINT('',(3.175,3.93865740933441,-1.83308710467706));
#4637=CARTESIAN_POINT('',(3.175,3.87986111303811,-3.88825358729285E-16));
#4638=CARTESIAN_POINT('',(3.175,3.82106481674182,1.83308710467706));
#4639=CARTESIAN_POINT('',(1.5875,3.76226852044552,2.74963065701559));
#4640=CARTESIAN_POINT('',(6.73465276590316E-16,3.70347222414923,3.66617420935412));
#4641=CARTESIAN_POINT('',(-1.5875,3.64467592785293,2.74963065701559));
#4642=CARTESIAN_POINT('',(-3.175,3.58587963155663,1.83308710467706));
#4643=CARTESIAN_POINT('',(-3.175,3.52708333526034,0.));
#4644=CARTESIAN_POINT('',(-3.175,3.46828703896404,-1.83308710467706));
#4645=CARTESIAN_POINT('',(-1.5875,3.40949074266774,-2.74963065701559));
#4646=CARTESIAN_POINT('',(-2.24488425530105E-16,3.35069444637145,-3.66617420935412));
#4647=CARTESIAN_POINT('',(1.5875,3.29189815007515,-2.74963065701559));
#4648=CARTESIAN_POINT('',(3.175,3.23310185377886,-1.83308710467706));
#4649=CARTESIAN_POINT('',(3.175,3.17430555748256,-3.88825358729285E-16));
#4650=CARTESIAN_POINT('',(3.175,3.11550926118626,1.83308710467706));
#4651=CARTESIAN_POINT('',(1.5875,3.05671296488997,2.74963065701559));
#4652=CARTESIAN_POINT('',(6.73465276590316E-16,2.99791666859367,3.66617420935412));
#4653=CARTESIAN_POINT('',(-1.5875,2.93912037229737,2.74963065701559));
#4654=CARTESIAN_POINT('',(-3.175,2.88032407600108,1.83308710467706));
#4655=CARTESIAN_POINT('',(-3.175,2.82152777970478,0.));
#4656=CARTESIAN_POINT('',(-3.175,2.76273148340848,-1.83308710467706));
#4657=CARTESIAN_POINT('',(-1.5875,2.70393518711219,-2.74963065701559));
#4658=CARTESIAN_POINT('',(-2.24488425530105E-16,2.64513889081589,-3.66617420935412));
#4659=CARTESIAN_POINT('',(1.5875,2.5863425945196,-2.74963065701559));
#4660=CARTESIAN_POINT('',(3.175,2.5275462982233,-1.83308710467706));
#4661=CARTESIAN_POINT('',(3.175,2.468750001927,-3.88825358729285E-16));
#4662=CARTESIAN_POINT('',(3.175,2.40995370563071,1.83308710467706));
#4663=CARTESIAN_POINT('',(1.5875,2.35115740933441,2.74963065701559));
#4664=CARTESIAN_POINT('',(6.73465276590316E-16,2.29236111303811,3.66617420935412));
#4665=CARTESIAN_POINT('',(-1.5875,2.23356481674182,2.74963065701559));
#4666=CARTESIAN_POINT('',(-3.175,2.17476852044552,1.83308710467706));
#4667=CARTESIAN_POINT('',(-3.175,2.11597222414923,0.));
#4668=CARTESIAN_POINT('',(-3.175,2.05717592785293,-1.83308710467706));
#4669=CARTESIAN_POINT('',(-1.5875,1.99837963155663,-2.74963065701559));
#4670=CARTESIAN_POINT('',(-2.24488425530105E-16,1.93958333526034,-3.66617420935412));
#4671=CARTESIAN_POINT('',(1.5875,1.88078703896404,-2.74963065701559));
#4672=CARTESIAN_POINT('',(3.175,1.82199074266774,-1.83308710467706));
#4673=CARTESIAN_POINT('',(3.175,1.76319444637145,-3.88825358729285E-16));
#4674=CARTESIAN_POINT('',(3.175,1.70439815007515,1.83308710467706));
#4675=CARTESIAN_POINT('',(1.5875,1.64560185377885,2.74963065701559));
#4676=CARTESIAN_POINT('',(6.73465276590316E-16,1.58680555748256,3.66617420935412));
#4677=CARTESIAN_POINT('',(-1.5875,1.52800926118626,2.74963065701559));
#4678=CARTESIAN_POINT('',(-3.175,1.46921296488997,1.83308710467706));
#4679=CARTESIAN_POINT('',(-3.175,1.41041666859367,0.));
#4680=CARTESIAN_POINT('',(-3.175,1.35162037229737,-1.83308710467706));
#4681=CARTESIAN_POINT('',(-1.5875,1.29282407600108,-2.74963065701559));
#4682=CARTESIAN_POINT('',(-2.24488425530105E-16,1.23402777970478,-3.66617420935412));
#4683=CARTESIAN_POINT('',(1.5875,1.17523148340849,-2.74963065701559));
#4684=CARTESIAN_POINT('',(3.175,1.11643518711219,-1.83308710467706));
#4685=CARTESIAN_POINT('',(3.175,1.05763889081589,-3.88825358729285E-16));
#4686=CARTESIAN_POINT('',(3.175,0.998842594519597,1.83308710467706));
#4687=CARTESIAN_POINT('',(1.5875,0.9400462982233,2.74963065701559));
#4688=CARTESIAN_POINT('',(6.73465276590316E-16,0.881250001927004,3.66617420935412));
#4689=CARTESIAN_POINT('',(-1.5875,0.822453705630707,2.74963065701559));
#4690=CARTESIAN_POINT('',(-3.175,0.763657409334411,1.83308710467706));
#4691=CARTESIAN_POINT('',(-3.175,0.704861113038115,0.));
#4692=CARTESIAN_POINT('',(-3.175,0.646064816741818,-1.83308710467706));
#4693=CARTESIAN_POINT('',(-1.5875,0.587268520445522,-2.74963065701559));
#4694=CARTESIAN_POINT('',(-2.24488425530105E-16,0.528472224149226,-3.66617420935412));
#4695=CARTESIAN_POINT('',(1.5875,0.469675927852929,-2.74963065701559));
#4696=CARTESIAN_POINT('',(3.175,0.410879631556633,-1.83308710467706));
#4697=CARTESIAN_POINT('',(3.175,0.352083335260336,-3.88825358729285E-16));
#4698=CARTESIAN_POINT('',(3.175,0.29328703896404,1.83308710467706));
#4699=CARTESIAN_POINT('',(1.5875,0.234490742667744,2.74963065701559));
#4700=CARTESIAN_POINT('',(6.73465276590316E-16,0.175694446371447,3.66617420935412));
#4701=CARTESIAN_POINT('',(-1.5875,0.116898150075151,2.74963065701559));
#4702=CARTESIAN_POINT('',(-3.175,0.0581018537788545,1.83308710467706));
#4703=CARTESIAN_POINT('',(-3.175,-0.000694442517441829,0.));
#4704=CARTESIAN_POINT('',(-3.175,-0.0594907388137382,-1.83308710467706));
#4705=CARTESIAN_POINT('',(-1.5875,-0.118287035110033,-2.74963065701559));
#4706=CARTESIAN_POINT('',(-2.24488425530105E-16,-0.177083331406329,-3.66617420935412));
#4707=CARTESIAN_POINT('',(1.5875,-0.235879627702626,-2.74963065701559));
#4708=CARTESIAN_POINT('',(1.93306974282376,-0.248678507066469,-2.5501158729725));
#4709=CARTESIAN_POINT('',(2.21852292898342,-0.262907860592813,-2.27129500804603));
#4710=CARTESIAN_POINT('',(2.77743806003917,7.61702333021714,0.295438192043595));
#4711=CARTESIAN_POINT('',(2.62713776354059,7.56234123990027,1.70842329408051));
#4712=CARTESIAN_POINT('',(1.39655342743056,7.51053240837091,2.41890149179418));
#4713=CARTESIAN_POINT('',(5.92459993875699E-16,7.45173611207461,3.2252019890589));
#4714=CARTESIAN_POINT('',(-1.39655342743055,7.39293981577832,2.41890149179418));
#4715=CARTESIAN_POINT('',(-2.79310685486111,7.33414351948202,1.61260099452945));
#4716=CARTESIAN_POINT('',(-2.79310685486111,7.27534722318572,0.));
#4717=CARTESIAN_POINT('',(-2.79310685486111,7.21655092688943,-1.61260099452945));
#4718=CARTESIAN_POINT('',(-1.39655342743056,7.15775463059313,-2.41890149179418));
#4719=CARTESIAN_POINT('',(-1.97486664625233E-16,7.09895833429683,-3.2252019890589));
#4720=CARTESIAN_POINT('',(1.39655342743055,7.04016203800054,-2.41890149179418));
#4721=CARTESIAN_POINT('',(2.79310685486111,6.98136574170424,-1.61260099452945));
#4722=CARTESIAN_POINT('',(2.79310685486111,6.92256944540794,-3.42056936948219E-16));
#4723=CARTESIAN_POINT('',(2.79310685486111,6.86377314911165,1.61260099452945));
#4724=CARTESIAN_POINT('',(1.39655342743056,6.80497685281535,2.41890149179418));
#4725=CARTESIAN_POINT('',(5.92459993875699E-16,6.74618055651906,3.2252019890589));
#4726=CARTESIAN_POINT('',(-1.39655342743055,6.68738426022276,2.41890149179418));
#4727=CARTESIAN_POINT('',(-2.79310685486111,6.62858796392646,1.61260099452945));
#4728=CARTESIAN_POINT('',(-2.79310685486111,6.56979166763017,0.));
#4729=CARTESIAN_POINT('',(-2.79310685486111,6.51099537133387,-1.61260099452945));
#4730=CARTESIAN_POINT('',(-1.39655342743056,6.45219907503757,-2.41890149179418));
#4731=CARTESIAN_POINT('',(-1.97486664625233E-16,6.39340277874128,-3.2252019890589));
#4732=CARTESIAN_POINT('',(1.39655342743055,6.33460648244498,-2.41890149179418));
#4733=CARTESIAN_POINT('',(2.79310685486111,6.27581018614869,-1.61260099452945));
#4734=CARTESIAN_POINT('',(2.79310685486111,6.21701388985239,-3.42056936948219E-16));
#4735=CARTESIAN_POINT('',(2.79310685486111,6.15821759355609,1.61260099452945));
#4736=CARTESIAN_POINT('',(1.39655342743056,6.0994212972598,2.41890149179418));
#4737=CARTESIAN_POINT('',(5.92459993875699E-16,6.0406250009635,3.2252019890589));
#4738=CARTESIAN_POINT('',(-1.39655342743055,5.9818287046672,2.41890149179418));
#4739=CARTESIAN_POINT('',(-2.79310685486111,5.92303240837091,1.61260099452945));
#4740=CARTESIAN_POINT('',(-2.79310685486111,5.86423611207461,0.));
#4741=CARTESIAN_POINT('',(-2.79310685486111,5.80543981577832,-1.61260099452945));
#4742=CARTESIAN_POINT('',(-1.39655342743056,5.74664351948202,-2.41890149179418));
#4743=CARTESIAN_POINT('',(-1.97486664625233E-16,5.68784722318572,-3.2252019890589));
#4744=CARTESIAN_POINT('',(1.39655342743055,5.62905092688943,-2.41890149179418));
#4745=CARTESIAN_POINT('',(2.79310685486111,5.57025463059313,-1.61260099452945));
#4746=CARTESIAN_POINT('',(2.79310685486111,5.51145833429683,-3.42056936948219E-16));
#4747=CARTESIAN_POINT('',(2.79310685486111,5.45266203800054,1.61260099452945));
#4748=CARTESIAN_POINT('',(1.39655342743056,5.39386574170424,2.41890149179418));
#4749=CARTESIAN_POINT('',(5.92459993875699E-16,5.33506944540795,3.2252019890589));
#4750=CARTESIAN_POINT('',(-1.39655342743055,5.27627314911165,2.41890149179418));
#4751=CARTESIAN_POINT('',(-2.79310685486111,5.21747685281535,1.61260099452945));
#4752=CARTESIAN_POINT('',(-2.79310685486111,5.15868055651906,0.));
#4753=CARTESIAN_POINT('',(-2.79310685486111,5.09988426022276,-1.61260099452945));
#4754=CARTESIAN_POINT('',(-1.39655342743056,5.04108796392646,-2.41890149179418));
#4755=CARTESIAN_POINT('',(-1.97486664625233E-16,4.98229166763017,-3.2252019890589));
#4756=CARTESIAN_POINT('',(1.39655342743055,4.92349537133387,-2.41890149179418));
#4757=CARTESIAN_POINT('',(2.79310685486111,4.86469907503757,-1.61260099452945));
#4758=CARTESIAN_POINT('',(2.79310685486111,4.80590277874128,-3.42056936948219E-16));
#4759=CARTESIAN_POINT('',(2.79310685486111,4.74710648244498,1.61260099452945));
#4760=CARTESIAN_POINT('',(1.39655342743056,4.68831018614869,2.41890149179418));
#4761=CARTESIAN_POINT('',(5.92459993875699E-16,4.62951388985239,3.2252019890589));
#4762=CARTESIAN_POINT('',(-1.39655342743055,4.57071759355609,2.41890149179418));
#4763=CARTESIAN_POINT('',(-2.79310685486111,4.5119212972598,1.61260099452945));
#4764=CARTESIAN_POINT('',(-2.79310685486111,4.4531250009635,0.));
#4765=CARTESIAN_POINT('',(-2.79310685486111,4.3943287046672,-1.61260099452945));
#4766=CARTESIAN_POINT('',(-1.39655342743056,4.33553240837091,-2.41890149179418));
#4767=CARTESIAN_POINT('',(-1.97486664625233E-16,4.27673611207461,-3.2252019890589));
#4768=CARTESIAN_POINT('',(1.39655342743055,4.21793981577832,-2.41890149179418));
#4769=CARTESIAN_POINT('',(2.79310685486111,4.15914351948202,-1.61260099452945));
#4770=CARTESIAN_POINT('',(2.79310685486111,4.10034722318572,-3.42056936948219E-16));
#4771=CARTESIAN_POINT('',(2.79310685486111,4.04155092688943,1.61260099452945));
#4772=CARTESIAN_POINT('',(1.39655342743056,3.98275463059313,2.41890149179418));
#4773=CARTESIAN_POINT('',(5.92459993875699E-16,3.92395833429683,3.2252019890589));
#4774=CARTESIAN_POINT('',(-1.39655342743055,3.86516203800054,2.41890149179418));
#4775=CARTESIAN_POINT('',(-2.79310685486111,3.80636574170424,1.61260099452945));
#4776=CARTESIAN_POINT('',(-2.79310685486111,3.74756944540795,0.));
#4777=CARTESIAN_POINT('',(-2.79310685486111,3.68877314911165,-1.61260099452945));
#4778=CARTESIAN_POINT('',(-1.39655342743056,3.62997685281535,-2.41890149179418));
#4779=CARTESIAN_POINT('',(-1.97486664625233E-16,3.57118055651906,-3.2252019890589));
#4780=CARTESIAN_POINT('',(1.39655342743055,3.51238426022276,-2.41890149179418));
#4781=CARTESIAN_POINT('',(2.79310685486111,3.45358796392646,-1.61260099452945));
#4782=CARTESIAN_POINT('',(2.79310685486111,3.39479166763017,-3.42056936948219E-16));
#4783=CARTESIAN_POINT('',(2.79310685486111,3.33599537133387,1.61260099452945));
#4784=CARTESIAN_POINT('',(1.39655342743056,3.27719907503757,2.41890149179418));
#4785=CARTESIAN_POINT('',(5.92459993875699E-16,3.21840277874128,3.2252019890589));
#4786=CARTESIAN_POINT('',(-1.39655342743055,3.15960648244498,2.41890149179418));
#4787=CARTESIAN_POINT('',(-2.79310685486111,3.10081018614869,1.61260099452945));
#4788=CARTESIAN_POINT('',(-2.79310685486111,3.04201388985239,0.));
#4789=CARTESIAN_POINT('',(-2.79310685486111,2.98321759355609,-1.61260099452945));
#4790=CARTESIAN_POINT('',(-1.39655342743056,2.9244212972598,-2.41890149179418));
#4791=CARTESIAN_POINT('',(-1.97486664625233E-16,2.8656250009635,-3.2252019890589));
#4792=CARTESIAN_POINT('',(1.39655342743055,2.8068287046672,-2.41890149179418));
#4793=CARTESIAN_POINT('',(2.79310685486111,2.74803240837091,-1.61260099452945));
#4794=CARTESIAN_POINT('',(2.79310685486111,2.68923611207461,-3.42056936948219E-16));
#4795=CARTESIAN_POINT('',(2.79310685486111,2.63043981577832,1.61260099452945));
#4796=CARTESIAN_POINT('',(1.39655342743056,2.57164351948202,2.41890149179418));
#4797=CARTESIAN_POINT('',(5.92459993875699E-16,2.51284722318572,3.2252019890589));
#4798=CARTESIAN_POINT('',(-1.39655342743055,2.45405092688943,2.41890149179418));
#4799=CARTESIAN_POINT('',(-2.79310685486111,2.39525463059313,1.61260099452945));
#4800=CARTESIAN_POINT('',(-2.79310685486111,2.33645833429683,0.));
#4801=CARTESIAN_POINT('',(-2.79310685486111,2.27766203800054,-1.61260099452945));
#4802=CARTESIAN_POINT('',(-1.39655342743056,2.21886574170424,-2.41890149179418));
#4803=CARTESIAN_POINT('',(-1.97486664625233E-16,2.16006944540795,-3.2252019890589));
#4804=CARTESIAN_POINT('',(1.39655342743055,2.10127314911165,-2.41890149179418));
#4805=CARTESIAN_POINT('',(2.79310685486111,2.04247685281535,-1.61260099452945));
#4806=CARTESIAN_POINT('',(2.79310685486111,1.98368055651906,-3.42056936948219E-16));
#4807=CARTESIAN_POINT('',(2.79310685486111,1.92488426022276,1.61260099452945));
#4808=CARTESIAN_POINT('',(1.39655342743056,1.86608796392646,2.41890149179418));
#4809=CARTESIAN_POINT('',(5.92459993875699E-16,1.80729166763017,3.2252019890589));
#4810=CARTESIAN_POINT('',(-1.39655342743055,1.74849537133387,2.41890149179418));
#4811=CARTESIAN_POINT('',(-2.79310685486111,1.68969907503757,1.61260099452945));
#4812=CARTESIAN_POINT('',(-2.79310685486111,1.63090277874128,0.));
#4813=CARTESIAN_POINT('',(-2.79310685486111,1.57210648244498,-1.61260099452945));
#4814=CARTESIAN_POINT('',(-1.39655342743056,1.51331018614869,-2.41890149179418));
#4815=CARTESIAN_POINT('',(-1.97486664625233E-16,1.45451388985239,-3.2252019890589));
#4816=CARTESIAN_POINT('',(1.39655342743055,1.39571759355609,-2.41890149179418));
#4817=CARTESIAN_POINT('',(2.79310685486111,1.3369212972598,-1.61260099452945));
#4818=CARTESIAN_POINT('',(2.79310685486111,1.2781250009635,-3.42056936948219E-16));
#4819=CARTESIAN_POINT('',(2.79310685486111,1.21932870466721,1.61260099452945));
#4820=CARTESIAN_POINT('',(1.39655342743056,1.16053240837091,2.41890149179418));
#4821=CARTESIAN_POINT('',(5.92459993875699E-16,1.10173611207461,3.2252019890589));
#4822=CARTESIAN_POINT('',(-1.39655342743055,1.04293981577832,2.41890149179418));
#4823=CARTESIAN_POINT('',(-2.79310685486111,0.98414351948202,1.61260099452945));
#4824=CARTESIAN_POINT('',(-2.79310685486111,0.925347223185723,0.));
#4825=CARTESIAN_POINT('',(-2.79310685486111,0.866550926889427,-1.61260099452945));
#4826=CARTESIAN_POINT('',(-1.39655342743056,0.807754630593131,-2.41890149179418));
#4827=CARTESIAN_POINT('',(-1.97486664625233E-16,0.748958334296834,-3.2252019890589));
#4828=CARTESIAN_POINT('',(1.39655342743055,0.690162038000538,-2.41890149179418));
#4829=CARTESIAN_POINT('',(2.79310685486111,0.631365741704241,-1.61260099452945));
#4830=CARTESIAN_POINT('',(2.79310685486111,0.572569445407945,-3.42056936948219E-16));
#4831=CARTESIAN_POINT('',(2.79310685486111,0.513773149111649,1.61260099452945));
#4832=CARTESIAN_POINT('',(1.39655342743056,0.454976852815352,2.41890149179418));
#4833=CARTESIAN_POINT('',(5.92459993875699E-16,0.396180556519056,3.2252019890589));
#4834=CARTESIAN_POINT('',(-1.39655342743055,0.33738426022276,2.41890149179418));
#4835=CARTESIAN_POINT('',(-2.79310685486111,0.278587963926463,1.61260099452945));
#4836=CARTESIAN_POINT('',(-2.79310685486111,0.219791667630167,0.));
#4837=CARTESIAN_POINT('',(-2.79310685486111,0.16099537133387,-1.61260099452945));
#4838=CARTESIAN_POINT('',(-1.39655342743056,0.102199075037576,-2.41890149179418));
#4839=CARTESIAN_POINT('',(-1.97486664625233E-16,0.0434027787412795,-3.2252019890589));
#4840=CARTESIAN_POINT('',(1.39655342743055,-0.0153935175550169,-2.41890149179418));
#4841=CARTESIAN_POINT('',(1.70055759042698,-0.02819239691886,-2.24338460645342));
#4842=CARTESIAN_POINT('',(1.95167609468036,-0.0424217504452044,-1.99810067917644));
#4843=CARTESIAN_POINT('',(2.7651804628926,7.34995475722187,1.56025703255491));
#4844=CARTESIAN_POINT('',(2.68166443576928,7.34377332631517,1.70826911115561));
#4845=CARTESIAN_POINT('',(2.54958548924018,7.33519697815701,1.90342015809553));
#4846=CARTESIAN_POINT('',(2.36687450488887,7.32486275313278,2.11863906292467));
#4847=CARTESIAN_POINT('',(2.24161198982559,7.3182090407105,2.24975775866641));
#4848=CARTESIAN_POINT('',(2.20709497641194,7.31647373505226,2.28231481039407));
#4849=CARTESIAN_POINT('',(2.15167764314791,7.31373023478142,2.33549800929714));
#4850=CARTESIAN_POINT('',(2.06731584880656,7.30977243115098,2.41111336008546));
#4851=CARTESIAN_POINT('',(1.89860189156754,7.30229662012185,2.54997354843234));
#4852=CARTESIAN_POINT('',(1.65908333449312,7.29260216079951,2.71348689852236));
#4853=CARTESIAN_POINT('',(1.42027097415598,7.28362623742723,2.84327317483743));
#4854=CARTESIAN_POINT('',(1.21934511202796,7.27641348192389,2.93227149134491));
#4855=CARTESIAN_POINT('',(1.18042973446993,7.27503087255608,2.94723021894132));
#4856=CARTESIAN_POINT('',(1.07736248089194,7.27123459156844,2.98792285595245));
#4857=CARTESIAN_POINT('',(0.887693402166848,7.26416114899849,3.05154743255559));
#4858=CARTESIAN_POINT('',(0.558196839172566,7.25187215231005,3.1373998117159));
#4859=CARTESIAN_POINT('',(0.201138949895257,7.23869959266387,3.175));
#4860=CARTESIAN_POINT('',(0.,7.23125000192701,3.175));
#4861=CARTESIAN_POINT('',(2.76539132919525,7.35004778736909,1.55983534743219));
#4862=CARTESIAN_POINT('',(5.23500995982307E-14,7.23125000192701,3.175));
#4863=CARTESIAN_POINT('',(-2.20849499712883,7.35,1.70996951736838));
#4864=CARTESIAN_POINT('',(-1.66330945553981,7.35,2.53001846401697));
#4865=CARTESIAN_POINT('',(0.34127910926961,7.35,3.48959233988955));
#4866=CARTESIAN_POINT('',(2.2244050603315,7.35,2.38795012373741));
#4867=CARTESIAN_POINT('',(2.76456698447304,7.35,1.56134377648206));
#4868=CARTESIAN_POINT('',(-2.20849290191618,7.34991780730191,1.70997222342032));
#4869=CARTESIAN_POINT('',(1.03091723292874,1.31987008294508E-7,-2.59589205505981));
#4870=CARTESIAN_POINT('',(0.874024238501476,0.00660548399572539,-2.65819961186504));
#4871=CARTESIAN_POINT('',(0.569559254291651,0.0194760506557311,-2.76210954879827));
#4872=CARTESIAN_POINT('',(-0.0586823186794288,0.0458742447912568,-2.80596259089234));
#4873=CARTESIAN_POINT('',(-0.493786110867316,0.0641163595114106,-2.75873814059977));
#4874=CARTESIAN_POINT('',(-0.770026251442265,0.0757988172133914,-2.68648731405873));
#4875=CARTESIAN_POINT('',(-0.906594261034069,0.0815715071795227,-2.64340487793743));
#4876=CARTESIAN_POINT('',(-1.14564260556443,0.0916548729875748,-2.55268209579459));
#4877=CARTESIAN_POINT('',(-1.38285806527113,0.101435194396234,-2.4355420758765));
#4878=CARTESIAN_POINT('',(-1.70447285384364,0.115865071191207,-2.22114223636156));
#4879=CARTESIAN_POINT('',(-1.89641532378696,0.126004835173191,-2.05521384980931));
#4880=CARTESIAN_POINT('',(-2.21768255794665,0.144439194634806,-1.73657708129498));
#4881=CARTESIAN_POINT('',(-2.65394524921391,0.179350131874179,-1.02475222178621));
#4882=CARTESIAN_POINT('',(-2.79419778864876,0.209093555235156,-0.294827284937301));
#4883=CARTESIAN_POINT('',(-2.80322703184924,0.223198575143441,0.0995434181291212));
#4884=CARTESIAN_POINT('',(-2.74844937938583,0.240585112555639,0.542187260378));
#4885=CARTESIAN_POINT('',(-2.66502230682243,0.253636334941448,0.853148132154322));
#4886=CARTESIAN_POINT('',(-2.56956196947007,0.26470491103393,1.10277307008602));
#4887=CARTESIAN_POINT('',(-2.42314622758074,0.278911741351427,1.40801456446191));
#4888=CARTESIAN_POINT('',(-2.19915113386609,0.295534829114051,1.7392108000598));
#4889=CARTESIAN_POINT('',(-1.95411453882689,0.310352279297511,2.00278750660266));
#4890=CARTESIAN_POINT('',(-1.80201447225316,0.318530587741258,2.13579826011708));
#4891=CARTESIAN_POINT('',(-1.69329956217957,0.323974711767766,2.22247104063366));
#4892=CARTESIAN_POINT('',(-1.56161956616886,0.330182752302029,2.31853720909468));
#4893=CARTESIAN_POINT('',(-1.38413502327658,0.337953549709297,2.42877784295765));
#4894=CARTESIAN_POINT('',(-1.22947290182851,0.344406473049161,2.50947998288249));
#4895=CARTESIAN_POINT('',(-1.07994455802438,0.35071943380753,2.57851920190239));
#4896=CARTESIAN_POINT('',(-0.884418626187812,0.358940899156329,2.6509366071605));
#4897=CARTESIAN_POINT('',(-0.795821534488374,0.362689055618474,2.67795862373683));
#4898=CARTESIAN_POINT('',(-0.599047640430096,0.371019879812641,2.73220559661815));
#4899=CARTESIAN_POINT('',(-0.353782618248078,0.381346641455616,2.77635984608715));
#4900=CARTESIAN_POINT('',(-0.0988471770800596,0.392030331853452,2.79380793289461));
#4901=CARTESIAN_POINT('',(0.0788229080125119,0.399498045845362,2.79275818611293));
#4902=CARTESIAN_POINT('',(0.251561298759915,0.406767015546469,2.78453428901315));
#4903=CARTESIAN_POINT('',(0.518543874781069,0.41788693101065,2.75244363917535));
#4904=CARTESIAN_POINT('',(0.861000791022275,0.432185228116373,2.6648466790626));
#4905=CARTESIAN_POINT('',(1.19109655368844,0.446223037482458,2.53470563886076));
#4906=CARTESIAN_POINT('',(1.44982517612153,0.457636608587027,2.39246010099943));
#4907=CARTESIAN_POINT('',(1.64512760094062,0.466624891498873,2.25951373173095));
#4908=CARTESIAN_POINT('',(1.76104955107524,0.472143888730112,2.16938210383724));
#4909=CARTESIAN_POINT('',(1.84034335908144,0.476036506313886,2.10149269528756));
#4910=CARTESIAN_POINT('',(1.88272616507248,0.478150588627684,2.06325135926601));
#4911=CARTESIAN_POINT('',(1.88898830516855,0.478492173125787,2.05743270420128));
#4912=CARTESIAN_POINT('',(1.96377584183196,0.482518551322568,1.98843508650474));
#4913=CARTESIAN_POINT('',(2.10643382175247,0.490959770779414,1.84294296763851));
#4914=CARTESIAN_POINT('',(2.295211794579,0.503812886864931,1.59947551995919));
#4915=CARTESIAN_POINT('',(2.42843208661198,0.514347035539702,1.3863236501412));
#4916=CARTESIAN_POINT('',(2.51393787054666,0.522243267061974,1.21911901052149));
#4917=CARTESIAN_POINT('',(2.57071713786718,0.527929880643902,1.09562640878424));
#4918=CARTESIAN_POINT('',(2.66098693185703,0.538070458473745,0.868813895123353));
#4919=CARTESIAN_POINT('',(2.73843291921148,0.550466418472929,0.573972210994958));
#4920=CARTESIAN_POINT('',(2.78210745770264,0.560933764471372,0.312407950715947));
#4921=CARTESIAN_POINT('',(2.79712434336404,0.573049360214804,-0.00903509755444747));
#4922=CARTESIAN_POINT('',(2.78660449957804,0.580023350709374,-0.203207901375022));
#4923=CARTESIAN_POINT('',(2.77378095056511,0.585408513936605,-0.342470690676138));
#4924=CARTESIAN_POINT('',(2.74721753525148,0.592319533648684,-0.515286034647348));
#4925=CARTESIAN_POINT('',(2.71410343747967,0.598332160192788,-0.660994842407566));
#4926=CARTESIAN_POINT('',(2.70355732035496,0.600056803964485,-0.701902353813329));
#4927=CARTESIAN_POINT('',(2.67379829107773,0.604760614166743,-0.812781762915526));
#4928=CARTESIAN_POINT('',(2.60731921256524,0.613435402292203,-1.01101666425215));
#4929=CARTESIAN_POINT('',(2.50228968268265,0.624824344801916,-1.26427060614158));
#4930=CARTESIAN_POINT('',(2.3058624126109,0.640529247374335,-1.58271725220602));
#4931=CARTESIAN_POINT('',(2.14557515721758,0.651670720258576,-1.79608926825321));
#4932=CARTESIAN_POINT('',(1.92182758994334,0.665137786850079,-2.03715162861026));
#4933=CARTESIAN_POINT('',(1.72768241373368,0.675155340197337,-2.19843586815033));
#4934=CARTESIAN_POINT('',(1.56097439890543,0.683021715544644,-2.31807072225914));
#4935=CARTESIAN_POINT('',(1.41480962268128,0.689541312963535,-2.41082099413432));
#4936=CARTESIAN_POINT('',(1.25001701244633,0.696410943254292,-2.49918671230431));
#4937=CARTESIAN_POINT('',(1.14871323183277,0.700489074263498,-2.54716870158952));
#4938=CARTESIAN_POINT('',(1.01477832399269,0.706189401864334,-2.60332688781121));
#4939=CARTESIAN_POINT('',(0.893434066023223,0.71133329361949,-2.6475253095351));
#4940=CARTESIAN_POINT('',(0.752242529974346,0.717289996686653,-2.69053660425181));
#4941=CARTESIAN_POINT('',(0.73428499246886,0.718046950800161,-2.69477380750826));
#4942=CARTESIAN_POINT('',(0.665828053258574,0.720952716846742,-2.7131940263488));
#4943=CARTESIAN_POINT('',(0.523833286674659,0.726991983234219,-2.74552251413734));
#4944=CARTESIAN_POINT('',(0.218548057009992,0.739841344031536,-2.80074178356372));
#4945=CARTESIAN_POINT('',(-0.358434978217652,0.764034527076217,-2.78501297791905));
#4946=CARTESIAN_POINT('',(-0.716414813573842,0.779078429237573,-2.7061564209463));
#4947=CARTESIAN_POINT('',(-1.04548056879231,0.79297545265172,-2.59600182277692));
#4948=CARTESIAN_POINT('',(-1.30727317188315,0.803958865942994,-2.47718846451759));
#4949=CARTESIAN_POINT('',(-1.59078789076928,0.816230056317659,-2.29887710318329));
#4950=CARTESIAN_POINT('',(-1.7024913945076,0.82151572991847,-2.21563949230589));
#4951=CARTESIAN_POINT('',(-1.83010625854952,0.82804288296575,-2.11206080553847));
#4952=CARTESIAN_POINT('',(-1.9243321216647,0.833211132671057,-2.02537725885224));
#4953=CARTESIAN_POINT('',(-1.98875955600356,0.836903320331291,-1.96135118763011));
#4954=CARTESIAN_POINT('',(-1.987081033431,0.83681685171613,-1.96282028516921));
#4955=CARTESIAN_POINT('',(-2.01394523371938,0.838389657571091,-1.93554515448652));
#4956=CARTESIAN_POINT('',(-2.07526685845777,0.842093475836257,-1.87068475644846));
#4957=CARTESIAN_POINT('',(-2.20069285701396,0.849946806632332,-1.72958029659838));
#4958=CARTESIAN_POINT('',(-2.37396342876649,0.862648108344103,-1.47967796341949));
#4959=CARTESIAN_POINT('',(-2.49459529839236,0.873000028036731,-1.26339206544697));
#4960=CARTESIAN_POINT('',(-2.57159527040466,0.880863625769274,-1.09216796898203));
#4961=CARTESIAN_POINT('',(-2.61991930960012,0.886257278829317,-0.97183422815163));
#4962=CARTESIAN_POINT('',(-2.6985483113108,0.896223961609342,-0.743018065346713));
#4963=CARTESIAN_POINT('',(-2.76432357274532,0.90844489195452,-0.445103927071204));
#4964=CARTESIAN_POINT('',(-2.7953517567435,0.920777226508656,-0.127206338737311));
#4965=CARTESIAN_POINT('',(-2.79425972395996,0.931256313340437,0.163501259161505));
#4966=CARTESIAN_POINT('',(-2.76061496208334,0.942662230710092,0.455767510236422));
#4967=CARTESIAN_POINT('',(-2.71240000512966,0.951568605525862,0.672539370221866));
#4968=CARTESIAN_POINT('',(-2.67856284057056,0.95664330458345,0.792271035509182));
#4969=CARTESIAN_POINT('',(-2.68211433162737,0.956110272014282,0.779319492469624));
#4970=CARTESIAN_POINT('',(-2.66009570662852,0.959351395432023,0.854113244894037));
#4971=CARTESIAN_POINT('',(-2.60271923764499,0.966812329954782,1.02300317210156));
#4972=CARTESIAN_POINT('',(-2.49129099311044,0.978572885963458,1.28247897017571));
#4973=CARTESIAN_POINT('',(-2.32954355130352,0.991437881794588,1.54468982504843));
#4974=CARTESIAN_POINT('',(-2.21898328989777,0.999353443390087,1.69836190544349));
#4975=CARTESIAN_POINT('',(-2.16712445240452,1.00278881556873,1.7626343367359));
#4976=CARTESIAN_POINT('',(-2.07569093832343,1.00867022167624,1.87147129676613));
#4977=CARTESIAN_POINT('',(-1.96721410160809,1.01510203426206,1.98557682185762));
#4978=CARTESIAN_POINT('',(-1.83316766549197,1.02244826730919,2.10971339423881));
#4979=CARTESIAN_POINT('',(-1.70512647950223,1.02897242934412,2.21446908001514));
#4980=CARTESIAN_POINT('',(-1.59245563134718,1.03430796003265,2.29520057285418));
#4981=CARTESIAN_POINT('',(-1.52582429237298,1.03733959485029,2.34016275937578));
#4982=CARTESIAN_POINT('',(-1.38625201669238,1.04350852974979,2.42727119161344));
#4983=CARTESIAN_POINT('',(-1.18159691632778,1.05228548096935,2.53616410193008));
#4984=CARTESIAN_POINT('',(-0.955938230137582,1.06166627113407,2.6287071323484));
#4985=CARTESIAN_POINT('',(-0.756746585135962,1.06990756415322,2.68955784692228));
#4986=CARTESIAN_POINT('',(-0.602190182768808,1.07637806174282,2.73044594692849));
#4987=CARTESIAN_POINT('',(-0.139960265305786,1.09569683965108,2.81275033993124));
#4988=CARTESIAN_POINT('',(0.4525955138771,1.12094167949813,2.78254939525619));
#4989=CARTESIAN_POINT('',(1.12358225223261,1.14895992574369,2.59470525978785));
#4990=CARTESIAN_POINT('',(1.68269335531819,1.17286619338431,2.25040460509017));
#4991=CARTESIAN_POINT('',(2.00091668960466,1.19008327838054,1.95746177883068));
#4992=CARTESIAN_POINT('',(2.30505494189763,1.20910513996798,1.60958496591486));
#4993=CARTESIAN_POINT('',(2.61731268608387,1.23562867398988,1.06301205278497));
#4994=CARTESIAN_POINT('',(2.8546138540852,1.27363804456566,0.157160848379917));
#4995=CARTESIAN_POINT('',(2.75543667590433,1.30788005412361,-0.801965679823974));
#4996=CARTESIAN_POINT('',(2.273308182222,1.34994131022107,-1.67442059950864));
#4997=CARTESIAN_POINT('',(1.87633359485025,1.37398899180455,-2.09399730117551));
#4998=CARTESIAN_POINT('',(1.47585887968792,1.39256365594551,-2.37966872207851));
#4999=CARTESIAN_POINT('',(1.20228511602615,1.40386914003663,-2.52728826166181));
#5000=CARTESIAN_POINT('',(0.884922924807379,1.41729215452875,-2.65859606925679));
#5001=CARTESIAN_POINT('',(0.365727912001444,1.43913787752618,-2.79049123907521));
#5002=CARTESIAN_POINT('',(-0.106130846744082,1.45869507430944,-2.8092038242104));
#5003=CARTESIAN_POINT('',(-0.587056517514171,1.47931831614164,-2.737843433726));
#5004=CARTESIAN_POINT('',(-0.888885316336004,1.49203113699345,-2.65410378205746));
#5005=CARTESIAN_POINT('',(-1.16617299390937,1.50354761849961,-2.5445821006434));
#5006=CARTESIAN_POINT('',(-1.40774585666486,1.51374794583979,-2.41465289849338));
#5007=CARTESIAN_POINT('',(-1.57660955104053,1.52108548412043,-2.30898572104342));
#5008=CARTESIAN_POINT('',(-1.79966578275459,1.53177274030243,-2.14646434984));
#5009=CARTESIAN_POINT('',(-2.07895163681335,1.54735634906461,-1.87906965769329));
#5010=CARTESIAN_POINT('',(-2.31548956596903,1.56335858031009,-1.57661815945902));
#5011=CARTESIAN_POINT('',(-2.56000546655002,1.58340759104555,-1.16110015210011));
#5012=CARTESIAN_POINT('',(-2.71830621669676,1.60362204324327,-0.711126085088123));
#5013=CARTESIAN_POINT('',(-2.78040050330781,1.61936543594388,-0.3105921589586));
#5014=CARTESIAN_POINT('',(-2.79273597808637,1.62746513702977,-0.0942227416310931));
#5015=CARTESIAN_POINT('',(-2.79324933842541,1.63164462094256,0.0204342335915003));
#5016=CARTESIAN_POINT('',(-2.7919734944108,1.63450130023066,0.0973054652548436));
#5017=CARTESIAN_POINT('',(-2.78276386253152,1.64192110473615,0.290664907110405));
#5018=CARTESIAN_POINT('',(-2.7368739189675,1.65409863706735,0.592613310844522));
#5019=CARTESIAN_POINT('',(-2.63096632549462,1.66993594483106,0.966875885721045));
#5020=CARTESIAN_POINT('',(-2.47954789337023,1.68526836399299,1.3069261941786));
#5021=CARTESIAN_POINT('',(-2.2858640678234,1.70032379945396,1.61154201247723));
#5022=CARTESIAN_POINT('',(-2.11108952924101,1.71225608254443,1.83746387188446));
#5023=CARTESIAN_POINT('',(-1.89113736686691,1.7251352224694,2.06455802155081));
#5024=CARTESIAN_POINT('',(-1.65668270817433,1.73706408701998,2.25547659315828));
#5025=CARTESIAN_POINT('',(-1.44487765009254,1.74661052983742,2.39476450171297));
#5026=CARTESIAN_POINT('',(-1.28159537971532,1.75335820978585,2.48209389486786));
#5027=CARTESIAN_POINT('',(-1.21420079630774,1.75609896045056,2.51589715092746));
#5028=CARTESIAN_POINT('',(-1.11676717017946,1.76022899353045,2.56126301748509));
#5029=CARTESIAN_POINT('',(-0.999057633256253,1.76521853161909,2.60926149036997));
#5030=CARTESIAN_POINT('',(-0.840261418355752,1.77192098033211,2.66541368370513));
#5031=CARTESIAN_POINT('',(-0.733607959885323,1.77641635788134,2.69594034749904));
#5032=CARTESIAN_POINT('',(-0.44394902376957,1.78864803622117,2.76853164415977));
#5033=CARTESIAN_POINT('',(0.00487901191690617,1.8074965400327,2.80602938467953));
#5034=CARTESIAN_POINT('',(0.455310927551341,1.82641579998434,2.7659634998089));
#5035=CARTESIAN_POINT('',(0.731089466557887,1.83805788183388,2.69757327675815));
#5036=CARTESIAN_POINT('',(0.882296983238877,1.8444387792006,2.65169809626245));
#5037=CARTESIAN_POINT('',(1.11773864468147,1.85435406119035,2.56475948835225));
#5038=CARTESIAN_POINT('',(1.36190299996158,1.86474260001693,2.44836744590155));
#5039=CARTESIAN_POINT('',(1.63708153892725,1.87672063408964,2.2656590275484));
#5040=CARTESIAN_POINT('',(1.72890367204759,1.88112230228101,2.1945364290399));
#5041=CARTESIAN_POINT('',(1.88844799787686,1.88931297912752,2.06317003906859));
#5042=CARTESIAN_POINT('',(2.07731092802714,1.90005532177848,1.88011279922403));
#5043=CARTESIAN_POINT('',(2.30276932746829,1.91537962952605,1.59055192980889));
#5044=CARTESIAN_POINT('',(2.51351399120956,1.93234191102675,1.24380333248942));
#5045=CARTESIAN_POINT('',(2.64088196043724,1.9466787494898,0.923513003445211));
#5046=CARTESIAN_POINT('',(2.68815669038456,1.9537959467481,0.759383908588863));
#5047=CARTESIAN_POINT('',(2.70375025952113,1.95620067204466,0.701912172036498));
#5048=CARTESIAN_POINT('',(2.73861080656499,1.96188925285069,0.561022233146475));
#5049=CARTESIAN_POINT('',(2.77812966492205,1.97074228482909,0.333958966119568));
#5050=CARTESIAN_POINT('',(2.7982460355911,1.98209588567374,0.037048402940102));
#5051=CARTESIAN_POINT('',(2.78475642096602,1.99235076640527,-0.232594535409829));
#5052=CARTESIAN_POINT('',(2.77618484525991,1.9952663527355,-0.307977906418646));
#5053=CARTESIAN_POINT('',(2.76339125881203,1.99939249217317,-0.413352449445716));
#5054=CARTESIAN_POINT('',(2.73216160876234,2.00677185792808,-0.597242860474371));
#5055=CARTESIAN_POINT('',(2.67184206693531,2.01668299169415,-0.834319501250772));
#5056=CARTESIAN_POINT('',(2.58513001375962,2.02674029176059,-1.06089375900405));
#5057=CARTESIAN_POINT('',(2.52990624959691,2.03247261081432,-1.18617610923512));
#5058=CARTESIAN_POINT('',(2.39122250988142,2.04543320493984,-1.46251300658222));
#5059=CARTESIAN_POINT('',(2.19638998796675,2.05942007749124,-1.73647602325874));
#5060=CARTESIAN_POINT('',(2.04854700078928,2.06861758482045,-1.90081467425955));
#5061=CARTESIAN_POINT('',(1.9735241813341,2.07299269986658,-1.9765046909318));
#5062=CARTESIAN_POINT('',(1.96330436450146,2.07360240332626,-1.98715417790206));
#5063=CARTESIAN_POINT('',(1.88097285167285,2.07819986548052,-2.0657698859808));
#5064=CARTESIAN_POINT('',(1.79421625915407,2.08279747776287,-2.14180964812041));
#5065=CARTESIAN_POINT('',(1.67791636024159,2.08865822496067,-2.23529146375179));
#5066=CARTESIAN_POINT('',(1.49706636752293,2.09707130109173,-2.36215816212965));
#5067=CARTESIAN_POINT('',(1.3304728201396,2.10429914069315,-2.46035952747112));
#5068=CARTESIAN_POINT('',(1.15841588799974,2.11130846938234,-2.54190737862162));
#5069=CARTESIAN_POINT('',(1.10306198505619,2.11354744494511,-2.56632369137008));
#5070=CARTESIAN_POINT('',(0.965572264129884,2.11930300455697,-2.62369937789824));
#5071=CARTESIAN_POINT('',(0.703719385108868,2.13042740678898,-2.71260943062446));
#5072=CARTESIAN_POINT('',(0.239984445411202,2.14999361863796,-2.79985336560684));
#5073=CARTESIAN_POINT('',(-0.297795354602423,2.17251133903251,-2.7908653005003));
#5074=CARTESIAN_POINT('',(-0.649975266889102,2.18738353451004,-2.7186607337287));
#5075=CARTESIAN_POINT('',(-0.783792826128034,2.19307231423656,-2.68453847925468));
#5076=CARTESIAN_POINT('',(-1.02155813425264,2.20308074959651,-2.6020194006865));
#5077=CARTESIAN_POINT('',(-1.23155742521475,2.2119836558474,-2.51094985730278));
#5078=CARTESIAN_POINT('',(-1.43000975192582,2.22049337468712,-2.40522834843637));
#5079=CARTESIAN_POINT('',(-1.61458445523974,2.22866737534701,-2.28016368970406));
#5080=CARTESIAN_POINT('',(-1.68204583410632,2.23169847583972,-2.22998394087836));
#5081=CARTESIAN_POINT('',(-1.7502762335917,2.23496051599359,-2.17776903513305));
#5082=CARTESIAN_POINT('',(-1.92097798017673,2.24372146323468,-2.03765658626731));
#5083=CARTESIAN_POINT('',(-2.21979655224937,2.26160536873215,-1.72282146135758));
#5084=CARTESIAN_POINT('',(-2.51737795066233,2.28524665520045,-1.24431289046326));
#5085=CARTESIAN_POINT('',(-2.63245764249644,2.29860237425997,-0.943358868518282));
#5086=CARTESIAN_POINT('',(-2.69294450462321,2.30712333834332,-0.745908975663325));
#5087=CARTESIAN_POINT('',(-2.71660391671594,2.31113339449914,-0.650365071584239));
#5088=CARTESIAN_POINT('',(-2.73286420673177,2.31408075324366,-0.578987016860792));
#5089=CARTESIAN_POINT('',(-2.75891322481893,2.31951435620741,-0.44489527958606));
#5090=CARTESIAN_POINT('',(-2.78631606142372,2.32737294986986,-0.245648462651798));
#5091=CARTESIAN_POINT('',(-2.79809277040537,2.33780817291083,0.0379555484427299));
#5092=CARTESIAN_POINT('',(-2.77617275178999,2.35093967028863,0.385870108919437));
#5093=CARTESIAN_POINT('',(-2.68437836036399,2.37051091550649,0.869298898089256));
#5094=CARTESIAN_POINT('',(-2.4114895142576,2.39683186148598,1.43564498514286));
#5095=CARTESIAN_POINT('',(-2.15177434797326,2.41535432293741,1.7959129358993));
#5096=CARTESIAN_POINT('',(-1.95608201172792,2.42681553600006,1.99554579411343));
#5097=CARTESIAN_POINT('',(-1.86133701727266,2.43206696154203,2.08425005400949));
#5098=CARTESIAN_POINT('',(-1.66736310285824,2.44210322342351,2.24723842990427));
#5099=CARTESIAN_POINT('',(-1.48366325456773,2.45063949647883,2.37141972035581));
#5100=CARTESIAN_POINT('',(-1.27655161936625,2.45955746342494,2.48616410407426));
#5101=CARTESIAN_POINT('',(-1.15414232568374,2.46459365984101,2.54505727874427));
#5102=CARTESIAN_POINT('',(-1.03034157456679,2.46948395696708,2.59646160799121));
#5103=CARTESIAN_POINT('',(-0.991077754495662,2.4710256049058,2.61138756426688));
#5104=CARTESIAN_POINT('',(-0.876103383820225,2.47582246999507,2.65438705906812));
#5105=CARTESIAN_POINT('',(-0.664512984240892,2.48484091683643,2.71863500574131));
#5106=CARTESIAN_POINT('',(-0.371529495183285,2.49721480380824,2.77259545573983));
#5107=CARTESIAN_POINT('',(0.0099821821720888,2.51326947213175,2.80378782011312));
#5108=CARTESIAN_POINT('',(0.380542648579026,2.52880968342846,2.77656155247282));
#5109=CARTESIAN_POINT('',(0.740081378755161,2.54396202913443,2.69837974731621));
#5110=CARTESIAN_POINT('',(0.962166078689154,2.5533828556966,2.62670768327429));
#5111=CARTESIAN_POINT('',(1.23208082343354,2.56465601744731,2.51275897469362));
#5112=CARTESIAN_POINT('',(1.45676299187136,2.57415212734698,2.38538419730688));
#5113=CARTESIAN_POINT('',(1.59037789150392,2.58014363060921,2.29757470808979));
#5114=CARTESIAN_POINT('',(1.72564776077581,2.58656205621106,2.19986049033802));
#5115=CARTESIAN_POINT('',(1.89504536334035,2.59544701866369,2.0536947729796));
#5116=CARTESIAN_POINT('',(1.92314237116587,2.59708255842034,2.02570806693142));
#5117=CARTESIAN_POINT('',(2.04226790081537,2.6039201963767,1.90943183878043));
#5118=CARTESIAN_POINT('',(2.19193157508572,2.61325077624488,1.74143587168928));
#5119=CARTESIAN_POINT('',(2.36766645294823,2.62609649429117,1.48848049481047));
#5120=CARTESIAN_POINT('',(2.47764007391368,2.63533198155182,1.2965393428319));
#5121=CARTESIAN_POINT('',(2.56248808265154,2.64377387866775,1.11371567848949));
#5122=CARTESIAN_POINT('',(2.61072354627129,2.64908014375808,0.995920819212243));
#5123=CARTESIAN_POINT('',(2.69270809978327,2.65917511174449,0.765249503415261));
#5124=CARTESIAN_POINT('',(2.7861749656483,2.67646040326846,0.347577051881243));
#5125=CARTESIAN_POINT('',(2.81485089530419,2.6938315670072,-0.132939207870832));
#5126=CARTESIAN_POINT('',(2.69175237943817,2.72287944852657,-0.863635864281993));
#5127=CARTESIAN_POINT('',(2.42942081762696,2.74844567481157,-1.4172820927254));
#5128=CARTESIAN_POINT('',(2.12712649024164,2.76981016008059,-1.82297204844691));
#5129=CARTESIAN_POINT('',(1.87194772463934,2.78464365997796,-2.08388438226225));
#5130=CARTESIAN_POINT('',(1.66040768225027,2.79507596754033,-2.24867325050741));
#5131=CARTESIAN_POINT('',(1.53833022721972,2.80067057076542,-2.33193963275403));
#5132=CARTESIAN_POINT('',(1.40875059391279,2.80641107663005,-2.41409105316662));
#5133=CARTESIAN_POINT('',(1.18493587744596,2.81602117146175,-2.53610941833484));
#5134=CARTESIAN_POINT('',(0.906856135479596,2.82748949087327,-2.64606777397362));
#5135=CARTESIAN_POINT('',(0.711249226394492,2.83566184153729,-2.70427847180938));
#5136=CARTESIAN_POINT('',(0.459246034295691,2.84634299586513,-2.75967407696785));
#5137=CARTESIAN_POINT('',(0.193897021117825,2.85748526563319,-2.78997976863279));
#5138=CARTESIAN_POINT('',(-0.150411469570912,2.87195263299493,-2.79675004923404));
#5139=CARTESIAN_POINT('',(-0.410964247967154,2.88286589299098,-2.76840672006655));
#5140=CARTESIAN_POINT('',(-0.886978839340215,2.9026947250596,-2.66858915535442));
#5141=CARTESIAN_POINT('',(-1.31375233546288,2.9208289009762,-2.48573102256936));
#5142=CARTESIAN_POINT('',(-1.66722881665302,2.93707968765294,-2.2454190131666));
#5143=CARTESIAN_POINT('',(-1.8025296425336,2.94361317238459,-2.13518037840822));
#5144=CARTESIAN_POINT('',(-1.88130425409651,2.94753731169288,-2.06460059108841));
#5145=CARTESIAN_POINT('',(-1.88712075760953,2.94783808061402,-2.0591393314417));
#5146=CARTESIAN_POINT('',(-1.91659262212221,2.94940408979122,-2.03206030894282));
#5147=CARTESIAN_POINT('',(-1.97563539425413,2.95271476404552,-1.97587456660554));
#5148=CARTESIAN_POINT('',(-2.11706049459877,2.96119928677314,-1.82716713362031));
#5149=CARTESIAN_POINT('',(-2.30793846259908,2.97357680634059,-1.59785800608012));
#5150=CARTESIAN_POINT('',(-2.51737895822171,2.99172444160975,-1.22000792072018));
#5151=CARTESIAN_POINT('',(-2.61807796981959,3.00237258985614,-0.985629848742319));
#5152=CARTESIAN_POINT('',(-2.72053216356367,3.01622666821707,-0.663818429941872));
#5153=CARTESIAN_POINT('',(-2.77204314513691,3.02756193210072,-0.385257850427914));
#5154=CARTESIAN_POINT('',(-2.80807174275842,3.04496547462181,0.0766605265875576));
#5155=CARTESIAN_POINT('',(-2.76873888080135,3.06051138887645,0.495178106862815));
#5156=CARTESIAN_POINT('',(-2.61640839516912,3.08232969750943,1.00284384060331));
#5157=CARTESIAN_POINT('',(-2.41663649606282,3.10205553845057,1.43498225793157));
#5158=CARTESIAN_POINT('',(-2.12917999217917,3.12303487165517,1.83378373828853));
#5159=CARTESIAN_POINT('',(-1.83445640585408,3.13928864191482,2.11300174292256));
#5160=CARTESIAN_POINT('',(-1.65892662528657,3.14786242460528,2.24793413231726));
#5161=CARTESIAN_POINT('',(-1.57623002439665,3.15172776721498,2.30683526321429));
#5162=CARTESIAN_POINT('',(-1.41087375874079,3.15917984283999,2.41408878897562));
#5163=CARTESIAN_POINT('',(-1.24110709296713,3.16648867879615,2.5050370215386));
#5164=CARTESIAN_POINT('',(-0.99622710079539,3.17672747670582,2.61471998306185));
#5165=CARTESIAN_POINT('',(-0.783888090892989,3.18534265720631,2.68182892556887));
#5166=CARTESIAN_POINT('',(-0.670974692843727,3.1901957262867,2.71432463269675));
#5167=CARTESIAN_POINT('',(-0.387853406466684,3.20218628745809,2.77175028810461));
#5168=CARTESIAN_POINT('',(-0.0944327171797761,3.21447783956388,2.79589677861933));
#5169=CARTESIAN_POINT('',(0.29435853766399,3.23077345996131,2.78797184755016));
#5170=CARTESIAN_POINT('',(0.612963501132212,3.24418553245574,2.73237074501539));
#5171=CARTESIAN_POINT('',(0.907514231107051,3.25658019044301,2.64539302898855));
#5172=CARTESIAN_POINT('',(1.0713922712902,3.26350086933037,2.58050766330511));
#5173=CARTESIAN_POINT('',(1.15767588802328,3.26714326101617,2.54191535057062));
#5174=CARTESIAN_POINT('',(1.18731369460536,3.26838665220165,2.52843433833667));
#5175=CARTESIAN_POINT('',(1.33909728132675,3.27480907949867,2.45461483363455));
#5176=CARTESIAN_POINT('',(1.49438270217771,3.28167277128038,2.3630703651108));
#5177=CARTESIAN_POINT('',(1.74153196020525,3.29316946871612,2.19178071895354));
#5178=CARTESIAN_POINT('',(1.89126778981827,3.30091731280946,2.05713936764752));
#5179=CARTESIAN_POINT('',(1.97595997379965,3.30559090977164,1.97435358065173));
#5180=CARTESIAN_POINT('',(2.01302194082941,3.30776013554984,1.9369845762615));
#5181=CARTESIAN_POINT('',(2.16385620969679,3.31696457974842,1.77540257248087));
#5182=CARTESIAN_POINT('',(2.38477239765757,3.33225773750177,1.48082976294454));
#5183=CARTESIAN_POINT('',(2.57578304790329,3.35042574397062,1.0911531127586));
#5184=CARTESIAN_POINT('',(2.65952143880673,3.36042208506697,0.865162201905556));
#5185=CARTESIAN_POINT('',(2.73026010287375,3.37118486536036,0.610255181891641));
#5186=CARTESIAN_POINT('',(2.76676548453626,3.37986460222523,0.393697369327511));
#5187=CARTESIAN_POINT('',(2.78110099902703,3.38493128461728,0.263671875725117));
#5188=CARTESIAN_POINT('',(2.7884933346256,3.38839413398887,0.172445177162169));
#5189=CARTESIAN_POINT('',(2.79571312693964,3.39535394270179,-0.0115830660188319));
#5190=CARTESIAN_POINT('',(2.78613040323045,3.40485221310104,-0.261412223696218));
#5191=CARTESIAN_POINT('',(2.75142444406094,3.41417252061718,-0.501788083255443));
#5192=CARTESIAN_POINT('',(2.70733635620279,3.42173116718951,-0.688487442556075));
#5193=CARTESIAN_POINT('',(2.68845732568213,3.42478930544232,-0.762414124921693));
#5194=CARTESIAN_POINT('',(2.62473125968385,3.43341079386778,-0.962491421182344));
#5195=CARTESIAN_POINT('',(2.53672814416316,3.4430625527968,-1.17853096643691));
#5196=CARTESIAN_POINT('',(2.39490771906493,3.45593960946332,-1.45294630948188));
#5197=CARTESIAN_POINT('',(2.12052257134521,3.47646139267918,-1.84566146954831));
#5198=CARTESIAN_POINT('',(1.81326461672631,3.49351489307161,-2.13957797773093));
#5199=CARTESIAN_POINT('',(1.53541197085822,3.50641131725423,-2.3360972757154));
#5200=CARTESIAN_POINT('',(1.27826937975245,3.51765237227991,-2.49128291096095));
#5201=CARTESIAN_POINT('',(0.991775607250667,3.52964169936226,-2.61805612014683));
#5202=CARTESIAN_POINT('',(0.748291533900962,3.53967872102502,-2.69361566796213));
#5203=CARTESIAN_POINT('',(0.565976504776958,3.54735789152898,-2.73686383859564));
#5204=CARTESIAN_POINT('',(0.189388082689072,3.56311051615102,-2.80249428712201));
#5205=CARTESIAN_POINT('',(-0.356016187699027,3.58611454023421,-2.79815512169398));
#5206=CARTESIAN_POINT('',(-1.03094768582607,3.61472194280854,-2.63202069209102));
#5207=CARTESIAN_POINT('',(-1.70444425082409,3.64281492593222,-2.24961167958861));
#5208=CARTESIAN_POINT('',(-2.17096901018543,3.66872780743185,-1.80299047158354));
#5209=CARTESIAN_POINT('',(-2.57853071163272,3.7007111791102,-1.15505619860444));
#5210=CARTESIAN_POINT('',(-2.74556258909047,3.72471847414725,-0.604936928773622));
#5211=CARTESIAN_POINT('',(-2.79799315413838,3.74347811774251,-0.114059474018998));
#5212=CARTESIAN_POINT('',(-2.791620066237,3.75477435011006,0.197722686542844));
#5213=CARTESIAN_POINT('',(-2.75032338321056,3.76799398864525,0.534622546249145));
#5214=CARTESIAN_POINT('',(-2.61122568828802,3.78972405558749,1.05076105848142));
#5215=CARTESIAN_POINT('',(-2.33646872871136,3.81458949629001,1.58233718420075));
#5216=CARTESIAN_POINT('',(-1.94483441588283,3.83965695865933,2.03013496723017));
#5217=CARTESIAN_POINT('',(-1.56397234967206,3.85816525950236,2.32296443771824));
#5218=CARTESIAN_POINT('',(-1.27852933711231,3.87011920366366,2.48975184644397));
#5219=CARTESIAN_POINT('',(-0.984545570155827,3.88253790815522,2.62225822174981));
#5220=CARTESIAN_POINT('',(-0.484423721150173,3.90358297165896,2.77193630372215));
#5221=CARTESIAN_POINT('',(-0.00236565738145327,3.92365419578316,2.81302584860984));
#5222=CARTESIAN_POINT('',(0.500259378487187,3.94497232772361,2.75514524743835));
#5223=CARTESIAN_POINT('',(0.794402389259205,3.95754864731873,2.68338023319296));
#5224=CARTESIAN_POINT('',(1.12614963818171,3.97132129796876,2.56665873209497));
#5225=CARTESIAN_POINT('',(1.48409194613555,3.9863030373243,2.37453061855749));
#5226=CARTESIAN_POINT('',(1.71735846363992,3.99713392634956,2.2098757743609));
#5227=CARTESIAN_POINT('',(2.00002823638601,4.01206660564074,1.963825415794));
#5228=CARTESIAN_POINT('',(2.2587017211706,4.02866995615989,1.65759227136594));
#5229=CARTESIAN_POINT('',(2.44961319663597,4.04352755251535,1.35677058075092));
#5230=CARTESIAN_POINT('',(2.57964873181193,4.05612292000554,1.08477504995413));
#5231=CARTESIAN_POINT('',(2.66306304937325,4.06676302847772,0.846862851580196));
#5232=CARTESIAN_POINT('',(2.7081410037893,4.07338228753374,0.692811213982137));
#5233=CARTESIAN_POINT('',(2.77030127236353,4.08476258147728,0.41174079258442));
#5234=CARTESIAN_POINT('',(2.79602509622058,4.09553309810298,0.128529410063762));
#5235=CARTESIAN_POINT('',(2.79159541487917,4.10427279506863,-0.106595121924071));
#5236=CARTESIAN_POINT('',(2.78711900663234,4.10741727725256,-0.190491789651173));
#5237=CARTESIAN_POINT('',(2.77057792712928,4.11482807177463,-0.383464989126067));
#5238=CARTESIAN_POINT('',(2.72341049221796,4.12590400210646,-0.660071489047981));
#5239=CARTESIAN_POINT('',(2.59279985378597,4.14334331535827,-1.06326374481805));
#5240=CARTESIAN_POINT('',(2.43929333410748,4.15788306609952,-1.37574485973744));
#5241=CARTESIAN_POINT('',(2.26848294537119,4.1709114183143,-1.6368604273547));
#5242=CARTESIAN_POINT('',(2.14140984229998,4.17942186831213,-1.7955044118075));
#5243=CARTESIAN_POINT('',(2.0513064210074,4.18509426174714,-1.89622773076393));
#5244=CARTESIAN_POINT('',(2.00684676748167,4.18778713453118,-1.94299737753986));
#5245=CARTESIAN_POINT('',(1.93162743397287,4.192126029579,-2.01940141747016));
#5246=CARTESIAN_POINT('',(1.7796117957581,4.20019028039746,-2.15660521467309));
#5247=CARTESIAN_POINT('',(1.59132170473954,4.20941003289111,-2.3065938479206));
#5248=CARTESIAN_POINT('',(1.2878117511552,4.22257220666053,-2.48157215801093));
#5249=CARTESIAN_POINT('',(1.16421478823506,4.22771151184288,-2.53988277348486));
#5250=CARTESIAN_POINT('',(1.01393919312585,4.23407394055293,-2.60454524232649));
#5251=CARTESIAN_POINT('',(0.851585950218941,4.24091121448595,-2.66205923647325));
#5252=CARTESIAN_POINT('',(0.673565879048232,4.24839985012447,-2.71295475545852));
#5253=CARTESIAN_POINT('',(0.511280833598821,4.25521835822331,-2.74742023023914));
#5254=CARTESIAN_POINT('',(0.39409781470985,4.26014365493589,-2.76546171100477));
#5255=CARTESIAN_POINT('',(0.320810137364251,4.26323116050427,-2.77500919526672));
#5256=CARTESIAN_POINT('',(0.129712694242992,4.27125697552918,-2.79396745417828));
#5257=CARTESIAN_POINT('',(-0.190881467782866,4.28462601365988,-2.79626795057949));
#5258=CARTESIAN_POINT('',(-0.478435270269841,4.29673942657385,-2.75474464589252));
#5259=CARTESIAN_POINT('',(-0.631165704704391,4.30327229392584,-2.72114371463146));
#5260=CARTESIAN_POINT('',(-0.658823891415416,4.30447362623021,-2.7142710020509));
#5261=CARTESIAN_POINT('',(-0.684747211006206,4.30556577319603,-2.70799165263927));
#5262=CARTESIAN_POINT('',(-0.762393316147069,4.3087987064778,-2.68760472675289));
#5263=CARTESIAN_POINT('',(-0.902153203646885,4.31454841645893,-2.64611049778796));
#5264=CARTESIAN_POINT('',(-1.12301660848731,4.32363708856514,-2.56350966604136));
#5265=CARTESIAN_POINT('',(-1.38068382857492,4.33463912243797,-2.43239591767167));
#5266=CARTESIAN_POINT('',(-1.59464237034748,4.34420430483696,-2.29585785009961));
#5267=CARTESIAN_POINT('',(-1.69104364097186,4.34884038410721,-2.22411271197745));
#5268=CARTESIAN_POINT('',(-1.86927558087369,4.35781035465597,-2.08179560382865));
#5269=CARTESIAN_POINT('',(-2.04537548401579,4.367807190482,-1.9089229922635));
#5270=CARTESIAN_POINT('',(-2.21242041456271,4.37855691794756,-1.70994110240889));
#5271=CARTESIAN_POINT('',(-2.40923122849544,4.39282577330229,-1.4318169901675));
#5272=CARTESIAN_POINT('',(-2.59183458671528,4.40950191020042,-1.07217356035087));
#5273=CARTESIAN_POINT('',(-2.71490604181259,4.42598704473028,-0.688024581865592));
#5274=CARTESIAN_POINT('',(-2.77479364385918,4.43911915126716,-0.366287217876618));
#5275=CARTESIAN_POINT('',(-2.79064508823721,4.44808299260026,-0.135679306812611));
#5276=CARTESIAN_POINT('',(-2.79397870904601,4.45202465420902,-0.0303390274763017));
#5277=CARTESIAN_POINT('',(-2.79105126768567,4.45861419376095,0.149538932916068));
#5278=CARTESIAN_POINT('',(-2.77776289028172,4.46453515132971,0.304044266813124));
#5279=CARTESIAN_POINT('',(-2.75080349773789,4.47237380724248,0.502840293497041));
#5280=CARTESIAN_POINT('',(-2.70176300653475,4.48173108119192,0.730800000323295));
#5281=CARTESIAN_POINT('',(-2.61545962998217,4.49280154636284,0.985390882655216));
#5282=CARTESIAN_POINT('',(-2.5449529111499,4.50067328323722,1.16066197191405));
#5283=CARTESIAN_POINT('',(-2.40303415294108,4.51356425898098,1.43337501362209));
#5284=CARTESIAN_POINT('',(-2.23250366283547,4.52635379022312,1.68784112865597));
#5285=CARTESIAN_POINT('',(-2.08357847184758,4.53596386433236,1.86420399840793));
#5286=CARTESIAN_POINT('',(-1.9846691657305,4.54179319590193,1.96543228625461));
#5287=CARTESIAN_POINT('',(-1.95974234585632,4.54324335261098,1.9904791350447));
#5288=CARTESIAN_POINT('',(-1.8759573487919,4.54793800269159,2.07095631906399));
#5289=CARTESIAN_POINT('',(-1.76647993061574,4.55370395063505,2.16595866388244));
#5290=CARTESIAN_POINT('',(-1.57998782356399,4.56284195612964,2.30802104514999));
#5291=CARTESIAN_POINT('',(-1.39424817365748,4.57119047595554,2.42656978987897));
#5292=CARTESIAN_POINT('',(-1.15947862187614,4.58074149630234,2.54248042077326));
#5293=CARTESIAN_POINT('',(-1.05532181171237,4.58489304226194,2.58703041119927));
#5294=CARTESIAN_POINT('',(-0.818165197214466,4.59500353689378,2.67837115926734));
#5295=CARTESIAN_POINT('',(-0.401492815816838,4.61263835156014,2.78116539451465));
#5296=CARTESIAN_POINT('',(0.170551224869586,4.63664340293281,2.80339391267997));
#5297=CARTESIAN_POINT('',(0.488845579154627,4.65000747300911,2.75321071790013));
#5298=CARTESIAN_POINT('',(0.684027890944069,4.65828270221134,2.70906420594261));
#5299=CARTESIAN_POINT('',(0.762395107606346,4.66161180657105,2.68736098436471));
#5300=CARTESIAN_POINT('',(0.838630657085041,4.66482086981791,2.66463648213727));
#5301=CARTESIAN_POINT('',(0.95712511462508,4.66981162211016,2.62534663851447));
#5302=CARTESIAN_POINT('',(1.14233916281982,4.67763249615565,2.55270939328787));
#5303=CARTESIAN_POINT('',(1.39667218100808,4.68848638602771,2.42966286642801));
#5304=CARTESIAN_POINT('',(1.66777205136054,4.70040413053677,2.24276968083503));
#5305=CARTESIAN_POINT('',(1.74878133420002,4.70434615187674,2.17865287352551));
#5306=CARTESIAN_POINT('',(1.89746476379567,4.71205725325274,2.0538849109585));
#5307=CARTESIAN_POINT('',(2.12368181028974,4.72483620723132,1.83739383652369));
#5308=CARTESIAN_POINT('',(2.4525529333667,4.74874651274404,1.37104227981827));
#5309=CARTESIAN_POINT('',(2.62390539785544,4.76649692269077,0.980397202611441));
#5310=CARTESIAN_POINT('',(2.70087225084296,4.77782100828882,0.716447004890605));
#5311=CARTESIAN_POINT('',(2.72894354913449,4.78263431282835,0.60118091448876));
#5312=CARTESIAN_POINT('',(2.7770737423422,4.79297733195621,0.345492749315219));
#5313=CARTESIAN_POINT('',(2.79437337392793,4.80139961832464,0.127382836230893));
#5314=CARTESIAN_POINT('',(2.79254089286233,4.81034726561697,-0.110525706304105));
#5315=CARTESIAN_POINT('',(2.783856650063,4.81531879398685,-0.244644672252143));
#5316=CARTESIAN_POINT('',(2.76733923277611,4.82029129549818,-0.380716477189288));
#5317=CARTESIAN_POINT('',(2.7627907362694,4.82141609889373,-0.410408437140691));
#5318=CARTESIAN_POINT('',(2.7408714169532,4.82693892591392,-0.551157754265712));
#5319=CARTESIAN_POINT('',(2.69176630796061,4.83594532231708,-0.766334606178451));
#5320=CARTESIAN_POINT('',(2.59289185263505,4.84839481905928,-1.04969643881183));
#5321=CARTESIAN_POINT('',(2.43337603560669,4.86426455983928,-1.39285053897368));
#5322=CARTESIAN_POINT('',(2.22147362996965,4.88012782700679,-1.70766645390727));
#5323=CARTESIAN_POINT('',(2.0273354634968,4.89220273862375,-1.92616270849608));
#5324=CARTESIAN_POINT('',(1.90647474185134,4.89900098841103,-2.04173821815011));
#5325=CARTESIAN_POINT('',(1.85804263674937,4.90163772053177,-2.08581703481217));
#5326=CARTESIAN_POINT('',(1.76731487993583,4.90641638771032,-2.16458879447557));
#5327=CARTESIAN_POINT('',(1.64631352643255,4.91238236787761,-2.25812518312034));
#5328=CARTESIAN_POINT('',(1.47106502528725,4.92047269427295,-2.38014483451769));
#5329=CARTESIAN_POINT('',(1.14800622546957,4.93399298023037,-2.55418703669609));
#5330=CARTESIAN_POINT('',(0.936368398318657,4.94285918337395,-2.63498643758466));
#5331=CARTESIAN_POINT('',(0.621488791028913,4.95619117151381,-2.73107412249456));
#5332=CARTESIAN_POINT('',(0.229559267008119,4.97263274920583,-2.7966274505304));
#5333=CARTESIAN_POINT('',(-0.268439096792074,4.99356620128122,-2.79276862894403));
#5334=CARTESIAN_POINT('',(-0.579770460645053,5.00663839579997,-2.73621645592674));
#5335=CARTESIAN_POINT('',(-0.787571497548938,5.01542812927715,-2.68083674866737));
#5336=CARTESIAN_POINT('',(-0.938791926900984,5.02182078077582,-2.63348536457915));
#5337=CARTESIAN_POINT('',(-1.23128917581247,5.03416592562062,-2.5160070210995));
#5338=CARTESIAN_POINT('',(-1.52117519615091,5.04618726117297,-2.35123781971441));
#5339=CARTESIAN_POINT('',(-1.80727479440027,5.06000684157553,-2.13671194477836));
#5340=CARTESIAN_POINT('',(-1.99133291832059,5.07019918193893,-1.96542579111111));
#5341=CARTESIAN_POINT('',(-2.24739103174138,5.08598940559353,-1.67941485229131));
#5342=CARTESIAN_POINT('',(-2.5864509656776,5.1129780387039,-1.13407107752456));
#5343=CARTESIAN_POINT('',(-2.74045152949812,5.13483814183767,-0.617044967864991));
#5344=CARTESIAN_POINT('',(-2.79021423797648,5.15142411013643,-0.197751831804536));
#5345=CARTESIAN_POINT('',(-2.80030079812621,5.16330456036288,0.129240804894288));
#5346=CARTESIAN_POINT('',(-2.74626919049142,5.18230776284834,0.620895649851981));
#5347=CARTESIAN_POINT('',(-2.5705302837323,5.20395703699255,1.11314483246044));
#5348=CARTESIAN_POINT('',(-2.40842185186998,5.21876962435967,1.43002867444899));
#5349=CARTESIAN_POINT('',(-2.19720473760988,5.23443826661771,1.73710128611626));
#5350=CARTESIAN_POINT('',(-1.96857740867212,5.24879087079564,1.99042741709357));
#5351=CARTESIAN_POINT('',(-1.71066013901343,5.26243362195218,2.21892441264995));
#5352=CARTESIAN_POINT('',(-1.38707036291275,5.27682944425898,2.43225707761087));
#5353=CARTESIAN_POINT('',(-1.12690698999873,5.28760540908235,2.56168531782219));
#5354=CARTESIAN_POINT('',(-0.787429920752136,5.30194158394296,2.68984072994689));
#5355=CARTESIAN_POINT('',(-0.392832537881179,5.31854323009458,2.7739262318961));
#5356=CARTESIAN_POINT('',(-0.0406630764976209,5.33325354969423,2.80043701005042));
#5357=CARTESIAN_POINT('',(0.331358510775294,5.34883632801837,2.78146808222412));
#5358=CARTESIAN_POINT('',(0.670199071266632,5.36344727195093,2.71791322166634));
#5359=CARTESIAN_POINT('',(0.988971229025941,5.37676802051617,2.62087801812422));
#5360=CARTESIAN_POINT('',(1.34081258909654,5.39142792130939,2.45897692742559));
#5361=CARTESIAN_POINT('',(1.60624166523237,5.4028815686405,2.29160113936462));
#5362=CARTESIAN_POINT('',(1.87488168116966,5.41622952824365,2.08263475766225));
#5363=CARTESIAN_POINT('',(2.15942482692895,5.43303885658346,1.78541697406029));
#5364=CARTESIAN_POINT('',(2.43583148640035,5.45265308484637,1.40266881819121));
#5365=CARTESIAN_POINT('',(2.64561275326196,5.47396967416444,0.94454209339001));
#5366=CARTESIAN_POINT('',(2.74847434760716,5.4913053593224,0.529520148616837));
#5367=CARTESIAN_POINT('',(2.78931740089462,5.50273543395983,0.235423508951482));
#5368=CARTESIAN_POINT('',(2.79463839115775,5.51298771330714,-0.0417745018703047));
#5369=CARTESIAN_POINT('',(2.78639094757394,5.51987254196428,-0.227297295819406));
#5370=CARTESIAN_POINT('',(2.75441850259212,5.53099705633407,-0.512493302385209));
#5371=CARTESIAN_POINT('',(2.65691576546253,5.54679900448209,-0.890653796721966));
#5372=CARTESIAN_POINT('',(2.5116696039732,5.5625392357469,-1.23909194848699));
#5373=CARTESIAN_POINT('',(2.33488550517026,5.57737382441721,-1.54866507211897));
#5374=CARTESIAN_POINT('',(2.09897047468811,5.59364600607711,-1.85303794540822));
#5375=CARTESIAN_POINT('',(1.89465050126221,5.60558576329062,-2.05965841801533));
#5376=CARTESIAN_POINT('',(1.66374208401638,5.61721772521054,-2.25047337288238));
#5377=CARTESIAN_POINT('',(1.44051165413514,5.62721925857813,-2.39554753411995));
#5378=CARTESIAN_POINT('',(1.23671941926511,5.6357688687044,-2.50839812099468));
#5379=CARTESIAN_POINT('',(1.00617691322848,5.64552241448163,-2.61279669074251));
#5380=CARTESIAN_POINT('',(0.642032143418434,5.66082067562987,-2.72828868583831));
#5381=CARTESIAN_POINT('',(0.253959226767337,5.6771556858975,-2.78957619385024));
#5382=CARTESIAN_POINT('',(-0.0994494509610895,5.69188680367535,-2.79943005690333));
#5383=CARTESIAN_POINT('',(-0.415476352461183,5.70520105500242,-2.76638715588599));
#5384=CARTESIAN_POINT('',(-0.628707164798054,5.71438997819584,-2.72275532903167));
#5385=CARTESIAN_POINT('',(-0.820535570913813,5.72247108632529,-2.67344237743501));
#5386=CARTESIAN_POINT('',(-1.04400383842051,5.73175313230529,-2.59535078891479));
#5387=CARTESIAN_POINT('',(-1.26823885237893,5.74114322184658,-2.4917563435436));
#5388=CARTESIAN_POINT('',(-1.46538398088858,5.74954071628311,-2.3801865408975));
#5389=CARTESIAN_POINT('',(-1.57379079492059,5.7543844770266,-2.30881024170491));
#5390=CARTESIAN_POINT('',(-1.75642379169404,5.76306193060185,-2.17724853390138));
#5391=CARTESIAN_POINT('',(-1.98080637420372,5.77488389971033,-1.98191667776352));
#5392=CARTESIAN_POINT('',(-2.33352717458564,5.79718496098069,-1.57418806105844));
#5393=CARTESIAN_POINT('',(-2.56010387366948,5.81687052053262,-1.15779328696803));
#5394=CARTESIAN_POINT('',(-2.70969328821944,5.83679974042864,-0.709130946426379));
#5395=CARTESIAN_POINT('',(-2.76533384914147,5.84847603776767,-0.418520812085533));
#5396=CARTESIAN_POINT('',(-2.78898220043651,5.85717995229265,-0.191794879320381));
#5397=CARTESIAN_POINT('',(-2.79439481207711,5.8647877885746,0.0149433306279246));
#5398=CARTESIAN_POINT('',(-2.79202532922409,5.86752848583797,0.0893401618317658));
#5399=CARTESIAN_POINT('',(-2.77971317768598,5.87712315246985,0.339609742556841));
#5400=CARTESIAN_POINT('',(-2.72375133144624,5.89212774845362,0.712708557539101));
#5401=CARTESIAN_POINT('',(-2.53847534905071,5.91293997296144,1.18379277867772));
#5402=CARTESIAN_POINT('',(-2.37969024645301,5.92655334019955,1.4701357304618));
#5403=CARTESIAN_POINT('',(-2.23681644868912,5.93708690795667,1.67687454474666));
#5404=CARTESIAN_POINT('',(-2.13866080090268,5.94356967935584,1.79879909827636));
#5405=CARTESIAN_POINT('',(-1.97766783804918,5.95346995998874,1.97911488854316));
#5406=CARTESIAN_POINT('',(-1.762929611505,5.9651260190324,2.17578427507341));
#5407=CARTESIAN_POINT('',(-1.47356100529051,5.97897474185717,2.38152631128933));
#5408=CARTESIAN_POINT('',(-1.2161035884428,5.99004037078372,2.51934199089168));
#5409=CARTESIAN_POINT('',(-1.02256057964076,5.997849045671,2.60043568364597));
#5410=CARTESIAN_POINT('',(-0.917964473613874,6.00191952497381,2.63813444346021));
#5411=CARTESIAN_POINT('',(-0.887104496965603,6.00319432208294,2.64856458161993));
#5412=CARTESIAN_POINT('',(-0.787554517115073,6.00735381364257,2.68119423706476));
#5413=CARTESIAN_POINT('',(-0.62916721781534,6.01408803139564,2.72323441995154));
#5414=CARTESIAN_POINT('',(-0.420979574871599,6.02290012057527,2.76523512652474));
#5415=CARTESIAN_POINT('',(-0.0439074944611179,6.03878352167094,2.80388940673783));
#5416=CARTESIAN_POINT('',(0.350400363220051,6.05532541612728,2.78023780717119));
#5417=CARTESIAN_POINT('',(0.623878324704683,6.06686429995439,2.72534402581119));
#5418=CARTESIAN_POINT('',(0.789553908928605,6.07387904823313,2.67972441354187));
#5419=CARTESIAN_POINT('',(0.887550025708509,6.07793973719217,2.64964579905118));
#5420=CARTESIAN_POINT('',(1.09418576337261,6.08639466088336,2.5751696427169));
#5421=CARTESIAN_POINT('',(1.34551875848587,6.09700816568375,2.45252958424754));
#5422=CARTESIAN_POINT('',(1.58488388703342,6.10763153567932,2.30323801322542));
#5423=CARTESIAN_POINT('',(1.68111545909873,6.11224200547062,2.23152942336092));
#5424=CARTESIAN_POINT('',(1.86549974629344,6.1214696608763,2.08557951746281));
#5425=CARTESIAN_POINT('',(2.0902787437423,6.13419357258706,1.86576549519567));
#5426=CARTESIAN_POINT('',(2.32600776515194,6.15024465082385,1.56133341207195));
#5427=CARTESIAN_POINT('',(2.50648288999569,6.1652715623514,1.24945719495179));
#5428=CARTESIAN_POINT('',(2.64780162605022,6.18067888069477,0.914780803190049));
#5429=CARTESIAN_POINT('',(2.74043643269635,6.19526598631116,0.569176686912076));
#5430=CARTESIAN_POINT('',(2.79278796745063,6.20795154569966,0.24587312355528));
#5431=CARTESIAN_POINT('',(2.79522447020404,6.22592317171985,-0.235680390730355));
#5432=CARTESIAN_POINT('',(2.73696849617463,6.23901005297081,-0.570465206420612));
#5433=CARTESIAN_POINT('',(2.69384512277431,6.24645422656087,-0.750323272892685));
#5434=CARTESIAN_POINT('',(2.61048627615346,6.25764957787195,-1.00752036931499));
#5435=CARTESIAN_POINT('',(2.49741988563544,6.26914452632736,-1.25847795241571));
#5436=CARTESIAN_POINT('',(2.32864778150554,6.28358715372481,-1.55796373413693));
#5437=CARTESIAN_POINT('',(2.12284787031193,6.29772932067758,-1.82771938998197));
#5438=CARTESIAN_POINT('',(1.91696700741839,6.30964551294198,-2.03498899373514));
#5439=CARTESIAN_POINT('',(1.78491723171063,6.31663333251412,-2.15023816683406));
#5440=CARTESIAN_POINT('',(1.59211401241504,6.32621065837308,-2.30087863622779));
#5441=CARTESIAN_POINT('',(1.39828242920128,6.33489830148543,-2.42217229052969));
#5442=CARTESIAN_POINT('',(1.22293831142789,6.34222671928477,-2.5125426364939));
#5443=CARTESIAN_POINT('',(1.10887400077232,6.34680807719417,-2.56397463209867));
#5444=CARTESIAN_POINT('',(1.03837369947387,6.34957236654664,-2.59319787368122));
#5445=CARTESIAN_POINT('',(0.963527970088429,6.35270793277966,-2.6227775542744));
#5446=CARTESIAN_POINT('',(0.766043228417601,6.36106058790314,-2.6895066123307));
#5447=CARTESIAN_POINT('',(0.426441417302127,6.3754940774994,-2.78021439087121));
#5448=CARTESIAN_POINT('',(-0.204344818210062,6.40192375095768,-2.80289810876782));
#5449=CARTESIAN_POINT('',(-0.490089710723112,6.41398294396841,-2.750944148347));
#5450=CARTESIAN_POINT('',(-0.605487933838498,6.41889059134026,-2.72681997468467));
#5451=CARTESIAN_POINT('',(-0.639314874034348,6.42032152711869,-2.71910914594563));
#5452=CARTESIAN_POINT('',(-0.781197935435446,6.42626396903995,-2.68414159407681));
#5453=CARTESIAN_POINT('',(-0.992014575312962,6.43495786639279,-2.61724381449594));
#5454=CARTESIAN_POINT('',(-1.279899484419,6.44698250600383,-2.49121683071112));
#5455=CARTESIAN_POINT('',(-1.54406478153766,6.45856738393008,-2.3299747576788));
#5456=CARTESIAN_POINT('',(-1.68480841413818,6.46514332828883,-2.2303178452584));
#5457=CARTESIAN_POINT('',(-1.91471558810635,6.4767160803846,-2.04661398709723));
#5458=CARTESIAN_POINT('',(-2.18907764377362,6.49331095798741,-1.74919976169534));
#5459=CARTESIAN_POINT('',(-2.47006476339058,6.51391143017478,-1.34349061344556));
#5460=CARTESIAN_POINT('',(-2.66435205477534,6.53457656977421,-0.89269708381974));
#5461=CARTESIAN_POINT('',(-2.76520326164321,6.55313749314236,-0.444040887344426));
#5462=CARTESIAN_POINT('',(-2.79937969188453,6.56690561139088,-0.0810251686090035));
#5463=CARTESIAN_POINT('',(-2.78781763970557,6.57885449457002,0.247110567268234));
#5464=CARTESIAN_POINT('',(-2.75110093986521,6.58918222542048,0.506569377316225));
#5465=CARTESIAN_POINT('',(-2.69427417368112,6.59904703812757,0.744730875011279));
#5466=CARTESIAN_POINT('',(-2.64518362743968,6.60578184631569,0.901394453168829));
#5467=CARTESIAN_POINT('',(-2.59830747295484,6.61130712903403,1.02618996751432));
#5468=CARTESIAN_POINT('',(-2.55466723077322,6.61612551274567,1.13299684614836));
#5469=CARTESIAN_POINT('',(-2.47327908727542,6.62396018251356,1.30186198822431));
#5470=CARTESIAN_POINT('',(-2.32694162484907,6.63634432087311,1.55971902338584));
#5471=CARTESIAN_POINT('',(-2.16468553132315,6.64740629768573,1.76987349593906));
#5472=CARTESIAN_POINT('',(-2.05515922056558,6.65427050844129,1.89213832143233));
#5473=CARTESIAN_POINT('',(-2.02318737256211,6.65620266114572,1.92556183850774));
#5474=CARTESIAN_POINT('',(-2.01704472589277,6.65658283489469,1.93227056248458));
#5475=CARTESIAN_POINT('',(-1.95319810865447,6.66028122102504,1.99756150020571));
#5476=CARTESIAN_POINT('',(-1.84656356037139,6.66610964096016,2.09906085277353));
#5477=CARTESIAN_POINT('',(-1.6644639074094,6.67523517787995,2.24943239440972));
#5478=CARTESIAN_POINT('',(-1.4344145135042,6.68570777628187,2.40078383645842));
#5479=CARTESIAN_POINT('',(-1.21467736987789,6.69506135234354,2.51760116082636));
#5480=CARTESIAN_POINT('',(-1.10289337416065,6.69975184132915,2.56712856705427));
#5481=CARTESIAN_POINT('',(-0.89156722543627,6.70867803347883,2.65190855202253));
#5482=CARTESIAN_POINT('',(-0.655425202503964,6.71861070526122,2.72027382637243));
#5483=CARTESIAN_POINT('',(-0.432554135939061,6.72796816318575,2.76086058047169));
#5484=CARTESIAN_POINT('',(-0.276060153461012,6.73456227335018,2.7808876202987));
#5485=CARTESIAN_POINT('',(-0.0404852071927418,6.74443489203043,2.79697427098038));
#5486=CARTESIAN_POINT('',(0.183266466011252,6.75377840699385,2.79029105029573));
#5487=CARTESIAN_POINT('',(0.474544216161725,6.76602434715127,2.75826046779374));
#5488=CARTESIAN_POINT('',(0.647679454014245,6.77342537599333,2.71676531132941));
#5489=CARTESIAN_POINT('',(0.66981682693502,6.77439522097645,2.71203480763726));
#5490=CARTESIAN_POINT('',(0.838781969699153,6.78141814880524,2.66705324348726));
#5491=CARTESIAN_POINT('',(1.02991831055577,6.78923849573254,2.60131704941267));
#5492=CARTESIAN_POINT('',(1.27277363208312,6.79945411679226,2.48955884909317));
#5493=CARTESIAN_POINT('',(1.44540369530857,6.80695896500994,2.39252679245542));
#5494=CARTESIAN_POINT('',(1.57455961256099,6.81278493543885,2.30754824621052));
#5495=CARTESIAN_POINT('',(1.64321242644293,6.81599418947611,2.25926184356737));
#5496=CARTESIAN_POINT('',(1.79761427464215,6.82350163979764,2.14306553714014));
#5497=CARTESIAN_POINT('',(1.97025959076284,6.83282286838441,1.98730189041129));
#5498=CARTESIAN_POINT('',(2.14539301619814,6.84361855282235,1.79146823279963));
#5499=CARTESIAN_POINT('',(2.27690276339561,6.85241041032288,1.62659617248759));
#5500=CARTESIAN_POINT('',(2.45737621644186,6.86659282206713,1.33944570826477));
#5501=CARTESIAN_POINT('',(2.59057488698651,6.87955012274861,1.05897788161438));
#5502=CARTESIAN_POINT('',(2.66255926528005,6.88886625002229,0.847408674184517));
#5503=CARTESIAN_POINT('',(2.68436386697596,6.89213866766363,0.772044265061448));
#5504=CARTESIAN_POINT('',(2.70927920705426,6.89586526692612,0.6836951657209));
#5505=CARTESIAN_POINT('',(2.75439762422272,6.90362658056717,0.490396641312622));
#5506=CARTESIAN_POINT('',(2.78486099473387,6.91322671809825,0.241807078420057));
#5507=CARTESIAN_POINT('',(2.79711136976109,6.9216021620019,0.0222149301150032));
#5508=CARTESIAN_POINT('',(2.78508972825913,6.93150784880836,-0.240061988098928));
#5509=CARTESIAN_POINT('',(2.76609370004643,6.9377159847608,-0.399691596457269));
#5510=CARTESIAN_POINT('',(2.72444731604288,6.94738754772193,-0.640088952447784));
#5511=CARTESIAN_POINT('',(2.65118035927746,6.95785555811828,-0.885395357055291));
#5512=CARTESIAN_POINT('',(2.59591589764173,6.96446837653669,-1.03533784544651));
#5513=CARTESIAN_POINT('',(2.53005197781003,6.97136981867597,-1.18649480547113));
#5514=CARTESIAN_POINT('',(2.43250331229202,6.98043188931508,-1.37982810349052));
#5515=CARTESIAN_POINT('',(2.27360145843388,6.99299444419259,-1.63518448747354));
#5516=CARTESIAN_POINT('',(2.11497056015442,7.00339856486082,-1.82784164236692));
#5517=CARTESIAN_POINT('',(2.01695677890408,7.00935606232123,-1.93253799946655));
#5518=CARTESIAN_POINT('',(1.9791373385859,7.01160708098106,-1.97131332341213));
#5519=CARTESIAN_POINT('',(1.83155575595489,7.01978746389445,-2.11729754144311));
#5520=CARTESIAN_POINT('',(1.5743775511615,7.03218149783651,-2.31477070242437));
#5521=CARTESIAN_POINT('',(1.3575606051079,7.04176363486032,-2.44372736079152));
#5522=CARTESIAN_POINT('',(1.22348786073745,7.04745192820368,-2.51111569722314));
#5523=CARTESIAN_POINT('',(1.18060243503181,7.04925198538741,-2.53144044467347));
#5524=CARTESIAN_POINT('',(1.10234084119196,7.05255641695187,-2.56728657793569));
#5525=CARTESIAN_POINT('',(0.98075957725678,7.05768714200925,-2.61697213436719));
#5526=CARTESIAN_POINT('',(0.818438266416145,7.06453148374994,-2.67243888559994));
#5527=CARTESIAN_POINT('',(0.64134069001068,7.07198143227273,-2.72083210751135));
#5528=CARTESIAN_POINT('',(0.47568925225394,7.07894119631514,-2.75364461612079));
#5529=CARTESIAN_POINT('',(0.345584457836122,7.08440850106591,-2.77235401794588));
#5530=CARTESIAN_POINT('',(0.172881051042809,7.09168248642814,-2.79066301298755));
#5531=CARTESIAN_POINT('',(-0.182877593706891,7.10656130804113,-2.79852751495348));
#5532=CARTESIAN_POINT('',(-0.517960108526458,7.12064821472377,-2.74911473461544));
#5533=CARTESIAN_POINT('',(-0.685840159369848,7.1278483752075,-2.70793379516958));
#5534=CARTESIAN_POINT('',(-0.754172016427861,7.13069796665556,-2.68979743536173));
#5535=CARTESIAN_POINT('',(-0.902196190346619,7.1367528787535,-2.64567401224923));
#5536=CARTESIAN_POINT('',(-1.11476308944163,7.14542243169291,-2.56873051712682));
#5537=CARTESIAN_POINT('',(-1.36394351689133,7.15611657253015,-2.43971352285637));
#5538=CARTESIAN_POINT('',(-1.48949423116219,7.16169491750802,-2.36386475469856));
#5539=CARTESIAN_POINT('',(-1.57871128938593,7.16576706166312,-2.3044141894512));
#5540=CARTESIAN_POINT('',(-1.63023915961082,7.16816103969835,-2.26829984536196));
#5541=CARTESIAN_POINT('',(-1.72654280103492,7.17278391159208,-2.19760234734552));
#5542=CARTESIAN_POINT('',(-1.89224439815702,7.18130945966977,-2.05992877401811));
#5543=CARTESIAN_POINT('',(-2.07351298542205,7.19172419677013,-1.8787326017352));
#5544=CARTESIAN_POINT('',(-2.21476246822025,7.20101478631554,-1.70477604529112));
#5545=CARTESIAN_POINT('',(-2.31370088100668,7.20812497006024,-1.56696157240696));
#5546=CARTESIAN_POINT('',(-2.47587625860357,7.22075837296543,-1.3125272522928));
#5547=CARTESIAN_POINT('',(-2.582091366942,7.23157377869292,-1.07546274841953));
#5548=CARTESIAN_POINT('',(-2.65455292971883,7.24056395980012,-0.872299221336166));
#5549=CARTESIAN_POINT('',(-2.68014734563025,7.24423822711549,-0.787491152090614));
#5550=CARTESIAN_POINT('',(-2.69437188479102,7.24643208334488,-0.735990099449905));
#5551=CARTESIAN_POINT('',(-2.69609847128494,7.2466891622469,-0.730004712982303));
#5552=CARTESIAN_POINT('',(-2.72328371234284,7.25104201839206,-0.626289773805073));
#5553=CARTESIAN_POINT('',(-2.76139943808011,7.25851451115127,-0.443215715587057));
#5554=CARTESIAN_POINT('',(-2.78908514510964,7.26733173368932,-0.218065514895749));
#5555=CARTESIAN_POINT('',(-2.79450471008427,7.27591845709442,0.0157842644259538));
#5556=CARTESIAN_POINT('',(-2.78860987049111,7.28273427360509,0.200037729856511));
#5557=CARTESIAN_POINT('',(-2.76026705549147,7.29349761139198,0.477230154104482));
#5558=CARTESIAN_POINT('',(-2.68506703844776,7.30634572816302,0.787048448981231));
#5559=CARTESIAN_POINT('',(-2.61043663115648,7.31558266680426,0.998108761792126));
#5560=CARTESIAN_POINT('',(-2.54677097521185,7.3224720961181,1.15017739068979));
#5561=CARTESIAN_POINT('',(-2.40532290245737,7.33596693197256,1.44065837676517));
#5562=CARTESIAN_POINT('',(-2.2915606391101,7.34418005388539,1.60268741479817));
#5563=CARTESIAN_POINT('',(-2.20849080277622,7.34983555425241,1.7099749345312));
#5564=CARTESIAN_POINT('',(1.03091732040946,0.,-2.59589228933002));
#5565=CARTESIAN_POINT('',(-3.1749264698647,0.,0.0216081223732099));
#5566=CARTESIAN_POINT('',(-3.12697557146745,0.,-0.958018907631529));
#5567=CARTESIAN_POINT('',(-2.31059066639524,0.,-2.35575832593246));
#5568=CARTESIAN_POINT('',(-0.396643503282879,0.,-2.99697665209258));
#5569=CARTESIAN_POINT('',(0.588787184512493,0.,-2.80712669991576));
#5570=CARTESIAN_POINT('',(1.03091731135224,0.,-2.59589227037131));
#5571=CARTESIAN_POINT('',(-3.1749264698647,1.86181227814202E-16,0.0216081223732099));
#5572=CARTESIAN_POINT('',(8.29118669552443E-14,0.17569444637145,3.175));
#5573=CARTESIAN_POINT('',(-0.850738685968775,0.144185606150381,3.17500000000002));
#5574=CARTESIAN_POINT('',(-1.5875,0.116898150075151,2.74963065701559));
#5575=CARTESIAN_POINT('',(-3.16254886253809,0.0585630070181843,1.84027577224241));
#5576=CARTESIAN_POINT('',(-3.1749264698647,1.86181227814202E-16,0.0216081223732099));
#5577=CARTESIAN_POINT('',(8.29118669552443E-14,0.17569444637145,3.175));
#5578=CARTESIAN_POINT('',(2.54475724020817E-6,0.52847212989896,-3.17499999999898));
#5579=CARTESIAN_POINT('',(0.279101935623663,0.518135116038649,-3.17499977630128));
#5580=CARTESIAN_POINT('',(0.639755870879122,0.504876771052865,-3.12278866874718));
#5581=CARTESIAN_POINT('',(1.02164001774048,0.490655419876376,-3.00897413905006));
#5582=CARTESIAN_POINT('',(1.20694014242436,0.483793446505915,-2.94065519536722));
#5583=CARTESIAN_POINT('',(1.51004075624474,0.472432237375496,-2.79943587192161));
#5584=CARTESIAN_POINT('',(1.76349450455927,0.462404881797199,-2.64586864066417));
#5585=CARTESIAN_POINT('',(1.9728104021625,0.45363974557403,-2.49087177581125));
#5586=CARTESIAN_POINT('',(2.12087755483358,0.447115010877953,-2.36488514628913));
#5587=CARTESIAN_POINT('',(2.25037831905679,0.441134254912944,-2.24089394999001));
#5588=CARTESIAN_POINT('',(2.28638474313866,0.439344974218238,-2.20325134749815));
#5589=CARTESIAN_POINT('',(2.3892977680726,0.434053043305719,-2.09363602994494));
#5590=CARTESIAN_POINT('',(2.53269434709049,0.425991017457157,-1.92372598478883));
#5591=CARTESIAN_POINT('',(2.70606267143698,0.414585120660736,-1.66892177876788));
#5592=CARTESIAN_POINT('',(2.83798877677793,0.40443130412161,-1.43117103002748));
#5593=CARTESIAN_POINT('',(2.94828129435465,0.394250502234553,-1.18436550370762));
#5594=CARTESIAN_POINT('',(2.98968043014469,0.389739968257757,-1.07084934442709));
#5595=CARTESIAN_POINT('',(3.05775934364849,0.38188033041347,-0.867370393744487));
#5596=CARTESIAN_POINT('',(3.11815265733053,0.372995978221893,-0.624258216234984));
#5597=CARTESIAN_POINT('',(3.15691698721897,0.363931757077771,-0.36109375189349));
#5598=CARTESIAN_POINT('',(3.17252845776356,0.357379046217724,-0.164107551107625));
#5599=CARTESIAN_POINT('',(3.17575671093798,0.351240788773595,0.0261773357970448));
#5600=CARTESIAN_POINT('',(3.17444469848396,0.350157663828299,0.0594027728571794));
#5601=CARTESIAN_POINT('',(3.17118840084171,0.346194354675951,0.178201178365288));
#5602=CARTESIAN_POINT('',(3.15485485967647,0.338583938910822,0.39915974042598));
#5603=CARTESIAN_POINT('',(3.09681751713707,0.325899476213959,0.754894031632993));
#5604=CARTESIAN_POINT('',(2.95461757236169,0.309776276637429,1.18095614624164));
#5605=CARTESIAN_POINT('',(2.79138551146106,0.295816661642605,1.53051600427638));
#5606=CARTESIAN_POINT('',(2.60149312864107,0.282857023537662,1.83216578922914));
#5607=CARTESIAN_POINT('',(2.42701282249853,0.272671768408777,2.04913693033585));
#5608=CARTESIAN_POINT('',(2.32665449029004,0.26713719811262,2.162077417498));
#5609=CARTESIAN_POINT('',(2.21779982487324,0.261437047273712,2.27276147858982));
#5610=CARTESIAN_POINT('',(2.21091404863608,0.261117239879786,2.27859662738581));
#5611=CARTESIAN_POINT('',(2.15978665976996,0.258568339405483,2.32782705337654));
#5612=CARTESIAN_POINT('',(2.07381151931165,0.254499994085065,2.40589446136926));
#5613=CARTESIAN_POINT('',(1.89863116480644,0.246722467143686,2.55069990725643));
#5614=CARTESIAN_POINT('',(1.66535245380799,0.237309629266786,2.70896769446714));
#5615=CARTESIAN_POINT('',(1.45523381024935,0.229405281459848,2.82304451152996));
#5616=CARTESIAN_POINT('',(1.33528501106722,0.225008822012047,2.88157767779989));
#5617=CARTESIAN_POINT('',(1.2067181262079,0.220413768942246,2.93722821032387));
#5618=CARTESIAN_POINT('',(1.19727434936512,0.220074331902138,2.9405442432781));
#5619=CARTESIAN_POINT('',(1.1344538179936,0.217787171400764,2.96584186115161));
#5620=CARTESIAN_POINT('',(1.02634840549945,0.21378152762119,3.00590934950948));
#5621=CARTESIAN_POINT('',(0.807288530262314,0.205597977703169,3.076093610218));
#5622=CARTESIAN_POINT('',(0.45780328482236,0.192610520406246,3.15022509210091));
#5623=CARTESIAN_POINT('',(0.162166654097086,0.181700618745417,3.175));
#5624=CARTESIAN_POINT('',(0.,0.175694446371451,3.175));
#5625=CARTESIAN_POINT('',(2.54475724001432E-6,0.528472129898959,-3.17499999999898));
#5626=CARTESIAN_POINT('',(-7.77650717458569E-16,0.881250001927004,3.175));
#5627=CARTESIAN_POINT('',(-0.279099809930658,0.870912971929572,3.175));
#5628=CARTESIAN_POINT('',(-0.639754231257826,0.857654609245606,3.12278902721019));
#5629=CARTESIAN_POINT('',(-1.02163871740091,0.843433245595004,3.00897458235684));
#5630=CARTESIAN_POINT('',(-1.20693884377124,0.836571272213752,2.94065572967405));
#5631=CARTESIAN_POINT('',(-1.51003964283237,0.825210057285124,2.79943647806894));
#5632=CARTESIAN_POINT('',(-1.76349353038625,0.815182698467217,2.64586929286019));
#5633=CARTESIAN_POINT('',(-1.97280954963008,0.806417560133121,2.49087245407525));
#5634=CARTESIAN_POINT('',(-2.12087680335187,0.799892823632734,2.36488582087782));
#5635=CARTESIAN_POINT('',(-2.25037761902919,0.793912068240483,2.24089465415437));
#5636=CARTESIAN_POINT('',(-2.28638418075799,0.792122781760716,2.2032519328478));
#5637=CARTESIAN_POINT('',(-2.3892973312806,0.786830846415153,2.09363653324748));
#5638=CARTESIAN_POINT('',(-2.53269403802442,0.778768815662062,1.92372639818966));
#5639=CARTESIAN_POINT('',(-2.7060624329514,0.767362916658628,1.66892216883696));
#5640=CARTESIAN_POINT('',(-2.83798858041781,0.757209098846471,1.43117141694719));
#5641=CARTESIAN_POINT('',(-2.94828111070744,0.747028298515434,1.18436596114138));
#5642=CARTESIAN_POINT('',(-2.98968030771701,0.742517759543207,1.07084969167522));
#5643=CARTESIAN_POINT('',(-3.05775926966362,0.734658117943031,0.867370661999376));
#5644=CARTESIAN_POINT('',(-3.11815262932121,0.725773761495969,0.624258384672611));
#5645=CARTESIAN_POINT('',(-3.15691697909448,0.716709536553872,0.361093812383874));
#5646=CARTESIAN_POINT('',(-3.17252845734209,0.710156825882616,0.164107616975977));
#5647=CARTESIAN_POINT('',(-3.1757567095934,0.704018562131597,-0.0261774747117945));
#5648=CARTESIAN_POINT('',(-3.17444470428377,0.702935457398104,-0.0594022830655369));
#5649=CARTESIAN_POINT('',(-3.17118844591792,0.698972162382419,-0.178200250953221));
#5650=CARTESIAN_POINT('',(-3.15485503680927,0.69136176862022,-0.39915813205618));
#5651=CARTESIAN_POINT('',(-3.09681795772745,0.678677312067382,-0.754892259718499));
#5652=CARTESIAN_POINT('',(-2.95461815439476,0.66255410256651,-1.18095472815255));
#5653=CARTESIAN_POINT('',(-2.79138603302118,0.648594471133685,-1.53051510124343));
#5654=CARTESIAN_POINT('',(-2.60149341403346,0.635634813673546,-1.83216543622339));
#5655=CARTESIAN_POINT('',(-2.42701273115551,0.625449538585065,-2.04913704388606));
#5656=CARTESIAN_POINT('',(-2.32665422142484,0.619914960045433,-2.16207771711195));
#5657=CARTESIAN_POINT('',(-2.21779915108419,0.614214790606965,-2.27276213960042));
#5658=CARTESIAN_POINT('',(-2.21091388301502,0.613895009525209,-2.27859678493461));
#5659=CARTESIAN_POINT('',(-2.15978679589668,0.611346124860698,-2.32782692186236));
#5660=CARTESIAN_POINT('',(-2.07381221636206,0.607277807385919,-2.40589384127422));
#5661=CARTESIAN_POINT('',(-1.89863220603653,0.599500294543786,-2.5506991281218));
#5662=CARTESIAN_POINT('',(-1.66535328454599,0.590087444581256,-2.7089672144227));
#5663=CARTESIAN_POINT('',(-1.45523404343644,0.582183071282713,-2.82304439811245));
#5664=CARTESIAN_POINT('',(-1.33528485237657,0.577786595751146,-2.88157775955871));
#5665=CARTESIAN_POINT('',(-1.20671740451975,0.573191520751249,-2.93722851070588));
#5666=CARTESIAN_POINT('',(-1.19727378284487,0.572852089152096,-2.94054447282144));
#5667=CARTESIAN_POINT('',(-1.13445318187375,0.570564925433301,-2.9658421057965));
#5668=CARTESIAN_POINT('',(-1.02634771184125,0.566559278637053,-3.00590958759101));
#5669=CARTESIAN_POINT('',(-0.807287529647513,0.558375716538506,-3.07609388945417));
#5670=CARTESIAN_POINT('',(-0.457801667538653,0.5453882368522,-3.15022535762073));
#5671=CARTESIAN_POINT('',(-0.162164441219916,0.534478314206771,-3.17500012997555));
#5672=CARTESIAN_POINT('',(2.54475724020817E-6,0.52847212989896,-3.17499999999898));
#5673=CARTESIAN_POINT('',(-1.9115630152961E-14,0.881250001927003,3.175));
#5674=CARTESIAN_POINT('',(2.54475721905842E-6,1.23402768545451,-3.17499999999898));
#5675=CARTESIAN_POINT('',(0.279101935623174,1.22369067159422,-3.17499977630128));
#5676=CARTESIAN_POINT('',(0.639755870878334,1.21043232660845,-3.12278866874734));
#5677=CARTESIAN_POINT('',(1.02164001773988,1.19621097543195,-3.00897413905028));
#5678=CARTESIAN_POINT('',(1.20694014242452,1.18934900206147,-2.94065519536717));
#5679=CARTESIAN_POINT('',(1.51004075624477,1.17798779293105,-2.79943587192155));
#5680=CARTESIAN_POINT('',(1.76349450455903,1.16796043735277,-2.64586864066443));
#5681=CARTESIAN_POINT('',(1.97281040216327,1.15919530112955,-2.49087177581046));
#5682=CARTESIAN_POINT('',(2.12087755483225,1.15267056643357,-2.36488514629048));
#5683=CARTESIAN_POINT('',(2.25037831906188,1.14668981046826,-2.24089394998483));
#5684=CARTESIAN_POINT('',(2.28638474311965,1.1449005297747,-2.20325134751754));
#5685=CARTESIAN_POINT('',(2.38929776804172,1.13960859886283,-2.09363602997964));
#5686=CARTESIAN_POINT('',(2.53269434705456,1.13154657301469,-1.92372598483584));
#5687=CARTESIAN_POINT('',(2.7060626714121,1.12014067621793,-1.66892177880986));
#5688=CARTESIAN_POINT('',(2.83798877676789,1.10998685967793,-1.43117103004821));
#5689=CARTESIAN_POINT('',(2.94828129435205,1.09980605779045,-1.18436550371594));
#5690=CARTESIAN_POINT('',(2.98968043016512,1.09529552381121,-1.07084934437314));
#5691=CARTESIAN_POINT('',(3.05775934367793,1.08743588596511,-0.867370393640761));
#5692=CARTESIAN_POINT('',(3.11815265735676,1.07855153377366,-0.624258216137316));
#5693=CARTESIAN_POINT('',(3.15691698722883,1.06948731262658,-0.361093751697789));
#5694=CARTESIAN_POINT('',(3.17252845776737,1.06293460177627,-0.164107551208918));
#5695=CARTESIAN_POINT('',(3.17575671093011,1.05679634430994,0.026177336397493));
#5696=CARTESIAN_POINT('',(3.17444469851166,1.05571321945773,0.0594027705566377));
#5697=CARTESIAN_POINT('',(3.17118840105622,1.05174991037427,0.178201173925643));
#5698=CARTESIAN_POINT('',(3.15485486053257,1.04413949471869,0.399159732606583));
#5699=CARTESIAN_POINT('',(3.09681751934313,1.0314550320667,0.7548940226083));
#5700=CARTESIAN_POINT('',(2.95461757557678,1.0153318324671,1.18095613831766));
#5701=CARTESIAN_POINT('',(2.79138551483315,1.00137221741766,1.53051599830558));
#5702=CARTESIAN_POINT('',(2.60149313138597,0.98841257924128,1.83216578552492));
#5703=CARTESIAN_POINT('',(2.42701282402492,0.978227324039413,2.04913692855419));
#5704=CARTESIAN_POINT('',(2.3266544911539,0.972692753708525,2.1620774166042));
#5705=CARTESIAN_POINT('',(2.21779982446735,0.966992602809105,2.27276147899963));
#5706=CARTESIAN_POINT('',(2.21091404939602,0.96667279547567,2.27859662664018));
#5707=CARTESIAN_POINT('',(2.15978666111935,0.964123895032173,2.3278270521158));
#5708=CARTESIAN_POINT('',(2.0738115218545,0.960055549770188,2.40589445913647));
#5709=CARTESIAN_POINT('',(1.89863116808299,0.952278022855798,2.5506999048132));
#5710=CARTESIAN_POINT('',(1.66535245668356,0.942865184950463,2.70896769276097));
#5711=CARTESIAN_POINT('',(1.45523381195347,0.934960837088625,2.8230445106673));
#5712=CARTESIAN_POINT('',(1.33528501193899,0.930564377604245,2.88157767741154));
#5713=CARTESIAN_POINT('',(1.20671812606776,0.925969324491728,2.93722821038952));
#5714=CARTESIAN_POINT('',(1.19727434905391,0.925629887445352,2.94054424340385));
#5715=CARTESIAN_POINT('',(1.1344538172311,0.923342726925948,2.96584186144929));
#5716=CARTESIAN_POINT('',(1.02634840422427,0.919337083126782,3.00590934995462));
#5717=CARTESIAN_POINT('',(0.807288528619321,0.911153533195882,3.07609361065194));
#5718=CARTESIAN_POINT('',(0.457803283527503,0.898166075913684,3.15022509225638));
#5719=CARTESIAN_POINT('',(0.1621666535768,0.8872561742817,3.175));
#5720=CARTESIAN_POINT('',(0.,0.881250001927004,3.175));
#5721=CARTESIAN_POINT('',(2.54475721962044E-6,1.23402768545451,-3.17499999999898));
#5722=CARTESIAN_POINT('',(-7.77650717458569E-16,1.58680555748256,3.175));
#5723=CARTESIAN_POINT('',(-0.279099809843808,1.57646852748834,3.175));
#5724=CARTESIAN_POINT('',(-0.639754231114335,1.56321016480657,3.1227890272394));
#5725=CARTESIAN_POINT('',(-1.02163871728853,1.54898880115495,3.00897458239765));
#5726=CARTESIAN_POINT('',(-1.2069388438002,1.54212682776831,2.94065572966426));
#5727=CARTESIAN_POINT('',(-1.51003964282865,1.5307656128403,2.7994364780674));
#5728=CARTESIAN_POINT('',(-1.7634935303719,1.5207382540229,2.64586929287628));
#5729=CARTESIAN_POINT('',(-1.97280954967844,1.5119731156859,2.49087245402572));
#5730=CARTESIAN_POINT('',(-2.12087680326761,1.50544837919205,2.36488582096383));
#5731=CARTESIAN_POINT('',(-2.25037761935084,1.49946762378073,2.24089465382611));
#5732=CARTESIAN_POINT('',(-2.28638417955549,1.49767833737377,2.20325193407498));
#5733=CARTESIAN_POINT('',(-2.38929732933001,1.49238640206884,2.09363653543688));
#5734=CARTESIAN_POINT('',(-2.53269403573783,1.48432437134403,1.92372640120171));
#5735=CARTESIAN_POINT('',(-2.70606243142121,1.4729184723133,1.66892217137907));
#5736=CARTESIAN_POINT('',(-2.83798857970855,1.46276465445776,1.43117141845201));
#5737=CARTESIAN_POINT('',(-2.94828111082717,1.45258385406246,1.18436596092493));
#5738=CARTESIAN_POINT('',(-2.98968030794728,1.44807331507717,1.07084969103635));
#5739=CARTESIAN_POINT('',(-3.05775927007791,1.44021367345256,0.867370660627929));
#5740=CARTESIAN_POINT('',(-3.11815262965569,1.43132931699588,0.624258382966059));
#5741=CARTESIAN_POINT('',(-3.15691697924093,1.42226509206555,0.3610938110225));
#5742=CARTESIAN_POINT('',(-3.17252845736676,1.41571238141271,0.164107616182288));
#5743=CARTESIAN_POINT('',(-3.1757567095866,1.40957411769344,-0.0261774745159139));
#5744=CARTESIAN_POINT('',(-3.17444470428627,1.40849101295399,-0.0594022830552351));
#5745=CARTESIAN_POINT('',(-3.17118844592313,1.40452771794308,-0.178200250793918));
#5746=CARTESIAN_POINT('',(-3.15485503683419,1.39691732418225,-0.399158131855255));
#5747=CARTESIAN_POINT('',(-3.09681795779289,1.38423286763169,-0.754892259453529));
#5748=CARTESIAN_POINT('',(-2.95461815448327,1.3681096581297,-1.18095472792949));
#5749=CARTESIAN_POINT('',(-2.79138603313252,1.35415002669629,-1.53051510105763));
#5750=CARTESIAN_POINT('',(-2.6014934140694,1.34119036923114,-1.83216543615893));
#5751=CARTESIAN_POINT('',(-2.42701273125894,1.33100509414583,-2.0491370437767));
#5752=CARTESIAN_POINT('',(-2.32665422134507,1.32547051559678,-2.16207771718841));
#5753=CARTESIAN_POINT('',(-2.21779915147226,1.31977034618245,-2.27276213922183));
#5754=CARTESIAN_POINT('',(-2.21091388154252,1.31945056500524,-2.27859678637248));
#5755=CARTESIAN_POINT('',(-2.1597867929977,1.31690168027053,-2.32782692457808));
#5756=CARTESIAN_POINT('',(-2.0738122110786,1.31283336268378,-2.40589384590534));
#5757=CARTESIAN_POINT('',(-1.89863219914986,1.30505584978463,-2.55069913326283));
#5758=CARTESIAN_POINT('',(-1.66535327851086,1.2956429998797,-2.70896721800134));
#5759=CARTESIAN_POINT('',(-1.45523403987152,1.2877386266917,-2.82304439991807));
#5760=CARTESIAN_POINT('',(-1.33528485053216,1.28334215123265,-2.88157776037977));
#5761=CARTESIAN_POINT('',(-1.20671740487534,1.2787470763211,-2.93722851054285));
#5762=CARTESIAN_POINT('',(-1.19727378326694,1.27840764472452,-2.94054447265246));
#5763=CARTESIAN_POINT('',(-1.13445318302485,1.27612048103457,-2.96584210534592));
#5764=CARTESIAN_POINT('',(-1.02634771371348,1.27211483426595,-3.00590958693896));
#5765=CARTESIAN_POINT('',(-0.807287532085663,1.26393127218721,-3.07609388880924));
#5766=CARTESIAN_POINT('',(-0.457801669454363,1.25094379247887,-3.15022535739121));
#5767=CARTESIAN_POINT('',(-0.162164441990303,1.24003386979083,-3.17500012997555));
#5768=CARTESIAN_POINT('',(2.54475721905842E-6,1.23402768545451,-3.17499999999898));
#5769=CARTESIAN_POINT('',(-5.99033881085192E-14,1.58680555748256,3.175));
#5770=CARTESIAN_POINT('',(2.54475714291933E-6,1.93958324101007,-3.17499999999898));
#5771=CARTESIAN_POINT('',(0.279101937200939,1.92924622709134,-3.17499977630129));
#5772=CARTESIAN_POINT('',(0.639755873481437,1.91598788206593,-3.12278866822032));
#5773=CARTESIAN_POINT('',(1.02164001978675,1.90176653090749,-3.00897413830298));
#5774=CARTESIAN_POINT('',(1.20694014187498,1.89490455763626,-2.94065519556828));
#5775=CARTESIAN_POINT('',(1.51004075639458,1.88354334848973,-2.79943587186505));
#5776=CARTESIAN_POINT('',(1.76349450450782,1.87351599292089,-2.64586864069016));
#5777=CARTESIAN_POINT('',(1.97281040219928,1.86475085669193,-2.49087177577693));
#5778=CARTESIAN_POINT('',(2.12087755477689,1.85822612199649,-2.36488514634632));
#5779=CARTESIAN_POINT('',(2.25037831926862,1.85224536601327,-2.24089394977403));
#5780=CARTESIAN_POINT('',(2.28638474234656,1.85045608536516,-2.20325134830635));
#5781=CARTESIAN_POINT('',(2.38929776678752,1.84516415447717,-2.09363603138798));
#5782=CARTESIAN_POINT('',(2.53269434558761,1.83710212864596,-1.92372598676434));
#5783=CARTESIAN_POINT('',(2.70606267042018,1.8256962318339,-1.668921780466));
#5784=CARTESIAN_POINT('',(2.83798877632623,1.81554241526546,-1.43117103097754));
#5785=CARTESIAN_POINT('',(2.94828129437419,1.80536161334663,-1.18436550372254));
#5786=CARTESIAN_POINT('',(2.98968043051753,1.80085107933234,-1.07084934341909));
#5787=CARTESIAN_POINT('',(3.05775934422378,1.79299144145644,-0.867370391808682));
#5788=CARTESIAN_POINT('',(3.11815265782224,1.78410708924852,-0.62425821378392));
#5789=CARTESIAN_POINT('',(3.15691698742846,1.77504286811915,-0.361093749837042));
#5790=CARTESIAN_POINT('',(3.17252845780128,1.76849015729516,-0.164107550119196));
#5791=CARTESIAN_POINT('',(3.17575671092087,1.7623518998747,0.026177336119076));
#5792=CARTESIAN_POINT('',(3.17444469851468,1.76126877501317,0.0594027705791925));
#5793=CARTESIAN_POINT('',(3.17118840105988,1.75730546593603,0.17820117377826));
#5794=CARTESIAN_POINT('',(3.15485486055363,1.74969505028155,0.399159732455708));
#5795=CARTESIAN_POINT('',(3.09681751939405,1.73701058763226,0.754894022392917));
#5796=CARTESIAN_POINT('',(2.9546175756526,1.72088738803175,1.18095613813289));
#5797=CARTESIAN_POINT('',(2.79138551490911,1.70692777298037,1.53051599816859));
#5798=CARTESIAN_POINT('',(2.6014931314583,1.69396813480216,1.83216578543039));
#5799=CARTESIAN_POINT('',(2.42701282404924,1.68378287959689,2.04913692852362));
#5800=CARTESIAN_POINT('',(2.32665449119416,1.67824830926642,2.1620774165637));
#5801=CARTESIAN_POINT('',(2.21779982438158,1.6725481583602,2.2727614790837));
#5802=CARTESIAN_POINT('',(2.21091404969957,1.67222835104674,2.27859662634366));
#5803=CARTESIAN_POINT('',(2.15978666171262,1.66967945061742,2.32782705156012));
#5804=CARTESIAN_POINT('',(2.07381152293807,1.66561110537838,2.40589445818658));
#5805=CARTESIAN_POINT('',(1.89863116949413,1.65783357847557,2.55069990375981));
#5806=CARTESIAN_POINT('',(1.66535245792065,1.6484207405585,2.70896769202743));
#5807=CARTESIAN_POINT('',(1.45523381268391,1.64051639267409,2.82304451029731));
#5808=CARTESIAN_POINT('',(1.33528501231743,1.63611993317492,2.88157767724309));
#5809=CARTESIAN_POINT('',(1.20671812599349,1.63152488004432,2.93722821042351));
#5810=CARTESIAN_POINT('',(1.19727434897292,1.63118544299766,2.94054424343622));
#5811=CARTESIAN_POINT('',(1.13445381700583,1.62889828247255,2.9658418615375));
#5812=CARTESIAN_POINT('',(1.02634840385958,1.62489263866804,3.00590935008158));
#5813=CARTESIAN_POINT('',(0.807288528143492,1.61670908873324,3.07609361077784));
#5814=CARTESIAN_POINT('',(0.457803283153821,1.60372163145535,3.15022509230114));
#5815=CARTESIAN_POINT('',(0.162166653426507,1.59281172983169,3.175));
#5816=CARTESIAN_POINT('',(0.,1.58680555748256,3.175));
#5817=CARTESIAN_POINT('',(2.54475714320516E-6,1.93958324101007,-3.17499999999898));
#5818=CARTESIAN_POINT('',(-7.77650717458569E-16,2.29236111303811,3.175));
#5819=CARTESIAN_POINT('',(-0.279099810793959,2.28202408300871,3.175));
#5820=CARTESIAN_POINT('',(-0.639754232681944,2.26876572030306,3.12278902692204));
#5821=CARTESIAN_POINT('',(-1.02163871852132,2.25454435666231,3.00897458194756));
#5822=CARTESIAN_POINT('',(-1.20693884346946,2.24768238333544,2.94065572978535));
#5823=CARTESIAN_POINT('',(-1.51003964291953,2.2363211683977,2.79943647803283));
#5824=CARTESIAN_POINT('',(-1.76349353033996,2.22629380958607,2.64586929289301));
#5825=CARTESIAN_POINT('',(-1.97280954970464,2.21752867124535,2.490872454001));
#5826=CARTESIAN_POINT('',(-2.12087680322737,2.21100393475237,2.36488582100455));
#5827=CARTESIAN_POINT('',(-2.25037761950332,2.20502317932859,2.24089465367062));
#5828=CARTESIAN_POINT('',(-2.28638417898696,2.20323389295526,2.20325193465512));
#5829=CARTESIAN_POINT('',(-2.38929732840758,2.19794195766819,2.09363653647244));
#5830=CARTESIAN_POINT('',(-2.53269403465755,2.18987992695608,1.9237264026234));
#5831=CARTESIAN_POINT('',(-2.70606243069484,2.17847402791348,1.66892217258866));
#5832=CARTESIAN_POINT('',(-2.83798857937809,2.16832021003774,1.43117141915047));
#5833=CARTESIAN_POINT('',(-2.94828111086523,2.15813940961612,1.1843659608721));
#5834=CARTESIAN_POINT('',(-2.98968030812596,2.15362887061584,1.0708496905481));
#5835=CARTESIAN_POINT('',(-3.05775927036926,2.14576922897533,0.867370659657975));
#5836=CARTESIAN_POINT('',(-3.11815262989903,2.13688487250989,0.624258381706239));
#5837=CARTESIAN_POINT('',(-3.15691697934701,2.1278206475914,0.361093810111714));
#5838=CARTESIAN_POINT('',(-3.17252845738316,2.12126793694584,0.164107615489136));
#5839=CARTESIAN_POINT('',(-3.1757567095872,2.11512967326834,-0.0261774739135572));
#5840=CARTESIAN_POINT('',(-3.17444470426747,2.11404656845455,-0.059402284772187));
#5841=CARTESIAN_POINT('',(-3.17118844576626,2.1100832733959,-0.178200253998937));
#5842=CARTESIAN_POINT('',(-3.1548550362127,2.10247287955427,-0.399158137560838));
#5843=CARTESIAN_POINT('',(-3.09681795618365,2.08978842297159,-0.754892266019915));
#5844=CARTESIAN_POINT('',(-2.95461815215194,2.07366521348683,-1.18095473368703));
#5845=CARTESIAN_POINT('',(-2.79138603065108,2.0597055820912,-1.53051510542866));
#5846=CARTESIAN_POINT('',(-2.60149341215645,2.04674592468362,-1.83216543877171));
#5847=CARTESIAN_POINT('',(-2.42701273003208,2.03656064964096,-2.04913704518653));
#5848=CARTESIAN_POINT('',(-2.32665422092115,2.03102607113356,-2.16207771763891));
#5849=CARTESIAN_POINT('',(-2.21779915098607,2.02532590171256,-2.27276213968685));
#5850=CARTESIAN_POINT('',(-2.21091388391132,2.02500612068136,-2.27859678406178));
#5851=CARTESIAN_POINT('',(-2.15978679775973,2.0224572360632,-2.32782692011483));
#5852=CARTESIAN_POINT('',(-2.0738122197014,2.0183889186561,-2.40589383834981));
#5853=CARTESIAN_POINT('',(-1.89863221041449,2.01061140585029,-2.55069912485167));
#5854=CARTESIAN_POINT('',(-1.66535328838011,2.00119855585187,-2.70896721214992));
#5855=CARTESIAN_POINT('',(-1.45523404569711,1.9932941824846,-2.82304439696709));
#5856=CARTESIAN_POINT('',(-1.33528485355357,1.98889770690838,-2.88157775903496));
#5857=CARTESIAN_POINT('',(-1.20671740427216,1.98430263185272,-2.93722851081835));
#5858=CARTESIAN_POINT('',(-1.19727378265855,1.98396320025567,-2.94054447289519));
#5859=CARTESIAN_POINT('',(-1.13445318130145,1.98167603652169,-2.96584210602111));
#5860=CARTESIAN_POINT('',(-1.02634771093636,1.97767038971264,-3.00590958790539));
#5861=CARTESIAN_POINT('',(-0.807287528456005,1.96948682760403,-3.07609388976984));
#5862=CARTESIAN_POINT('',(-0.457801666605404,1.95649934792861,-3.15022535773229));
#5863=CARTESIAN_POINT('',(-0.162164440844372,1.94558942530396,-3.17500012997554));
#5864=CARTESIAN_POINT('',(2.54475714291933E-6,1.93958324101007,-3.17499999999898));
#5865=CARTESIAN_POINT('',(1.33635104412797E-15,2.29236111303811,3.175));
#5866=CARTESIAN_POINT('',(2.54475731070733E-6,2.64513879656562,-3.17499999999898));
#5867=CARTESIAN_POINT('',(0.279101936778455,2.63480178266254,-3.17499977630127));
#5868=CARTESIAN_POINT('',(0.639755872784505,2.62154343764774,-3.12278866836124));
#5869=CARTESIAN_POINT('',(1.02164001923824,2.60732208648449,-3.00897413850348));
#5870=CARTESIAN_POINT('',(1.20694014202365,2.6004601131866,-2.94065519551299));
#5871=CARTESIAN_POINT('',(1.51004075634954,2.58909890404468,-2.79943587188524));
#5872=CARTESIAN_POINT('',(1.76349450454033,2.57907154847218,-2.64586864066412));
#5873=CARTESIAN_POINT('',(1.97281040213467,2.57030641224828,-2.49087177584202));
#5874=CARTESIAN_POINT('',(2.12087755488713,2.56378167754553,-2.36488514623401));
#5875=CARTESIAN_POINT('',(2.25037831884939,2.55780092158901,-2.2408939502018));
#5876=CARTESIAN_POINT('',(2.28638474391401,2.55601164084644,-2.20325134670686));
#5877=CARTESIAN_POINT('',(2.38929776933047,2.55071970990619,-2.09363602853312));
#5878=CARTESIAN_POINT('',(2.53269434856522,2.54265768403876,-1.92372598284598));
#5879=CARTESIAN_POINT('',(2.70606267242325,2.53125178726072,-1.66892177712984));
#5880=CARTESIAN_POINT('',(2.83798877723611,2.5210979707507,-1.43117102905494));
#5881=CARTESIAN_POINT('',(2.94828129427413,2.51091716890724,-1.18436550385585));
#5882=CARTESIAN_POINT('',(2.98968043000817,2.50640663493798,-1.07084934480775));
#5883=CARTESIAN_POINT('',(3.0577593433977,2.49854699710933,-0.867370394570479));
#5884=CARTESIAN_POINT('',(3.1181526571298,2.48966264492449,-0.624258217282965));
#5885=CARTESIAN_POINT('',(3.15691698712999,2.48059842377032,-0.361093752652416));
#5886=CARTESIAN_POINT('',(3.17252845774997,2.47404571290391,-0.164107551691318));
#5887=CARTESIAN_POINT('',(3.17575671093725,2.46790745542342,0.0261773363180241));
#5888=CARTESIAN_POINT('',(3.17444469850047,2.46682433054284,0.0594027713559024));
#5889=CARTESIAN_POINT('',(3.17118840097898,2.46286102143203,0.178201175559026));
#5890=CARTESIAN_POINT('',(3.15485486022072,2.45525060573725,0.399159735432363));
#5891=CARTESIAN_POINT('',(3.09681751854421,2.44256614306825,0.754894025886751));
#5892=CARTESIAN_POINT('',(2.95461757440474,2.42644294347693,1.1809561411997));
#5893=CARTESIAN_POINT('',(2.79138551362382,2.41248332844862,1.5305160004594));
#5894=CARTESIAN_POINT('',(2.60149313034289,2.39952369029544,1.83216578691535));
#5895=CARTESIAN_POINT('',(2.42701282353453,2.38933843512611,2.04913692913879));
#5896=CARTESIAN_POINT('',(2.32665449072797,2.38380386479902,2.16207741703836));
#5897=CARTESIAN_POINT('',(2.21779982504406,2.37810371394961,2.27276147843155));
#5898=CARTESIAN_POINT('',(2.21091404751597,2.37778390648987,2.27859662847742));
#5899=CARTESIAN_POINT('',(2.15978665747569,2.37523500595895,2.32782705552781));
#5900=CARTESIAN_POINT('',(2.07381151518076,2.37116666055382,2.40589446498774));
#5901=CARTESIAN_POINT('',(1.89863115939918,2.36338913356764,2.55069991129477));
#5902=CARTESIAN_POINT('',(1.66535244907152,2.35397629573528,2.70896769727503));
#5903=CARTESIAN_POINT('',(1.45523380745548,2.34607194801368,2.82304451294536));
#5904=CARTESIAN_POINT('',(1.33528500961494,2.34167548862147,2.8815776784462));
#5905=CARTESIAN_POINT('',(1.20671812650738,2.33708043562066,2.93722821018756));
#5906=CARTESIAN_POINT('',(1.19727434962031,2.33674099857909,2.94054424317672));
#5907=CARTESIAN_POINT('',(1.13445381874904,2.33445383809741,2.96584186085536));
#5908=CARTESIAN_POINT('',(1.02634840670386,2.33044819433511,3.00590934909073));
#5909=CARTESIAN_POINT('',(0.807288531842917,2.32226464443027,3.07609360979944));
#5910=CARTESIAN_POINT('',(0.457803286061536,2.30927718711896,3.15022509195267));
#5911=CARTESIAN_POINT('',(0.16216665459569,2.29836728543055,3.175));
#5912=CARTESIAN_POINT('',(0.,2.29236111303811,3.175));
#5913=CARTESIAN_POINT('',(2.54475731081871E-6,2.64513879656562,-3.17499999999898));
#5914=CARTESIAN_POINT('',(-7.77650717458569E-16,2.99791666859367,3.175));
#5915=CARTESIAN_POINT('',(-0.279099810016921,2.98757963859304,3.175));
#5916=CARTESIAN_POINT('',(-0.63975423140009,2.97432127590692,3.12278902718145));
#5917=CARTESIAN_POINT('',(-1.02163871751299,2.96009991225729,3.00897458231584));
#5918=CARTESIAN_POINT('',(-1.20693884374086,2.95323793888149,2.94065572968546));
#5919=CARTESIAN_POINT('',(-1.51003964284238,2.94187672395188,2.79943647806408));
#5920=CARTESIAN_POINT('',(-1.76349353037749,2.93184936513485,2.64586929286776));
#5921=CARTESIAN_POINT('',(-1.97280954965047,2.92308422679929,2.49087245405468));
#5922=CARTESIAN_POINT('',(-2.12087680331762,2.91655949030129,2.36488582091276));
#5923=CARTESIAN_POINT('',(-2.25037761916094,2.91057873490083,2.24089465401993));
#5924=CARTESIAN_POINT('',(-2.2863841802668,2.90878944845071,2.20325193334906));
#5925=CARTESIAN_POINT('',(-2.38929733048367,2.90349751312159,2.09363653414198));
#5926=CARTESIAN_POINT('',(-2.53269403709016,2.89543548237998,1.9237263994203));
#5927=CARTESIAN_POINT('',(-2.70606243232617,2.88402958336548,1.66892216987573));
#5928=CARTESIAN_POINT('',(-2.83798858012821,2.87387576553572,1.43117141756161));
#5929=CARTESIAN_POINT('',(-2.94828111075613,2.86369496517865,1.18436596105354));
#5930=CARTESIAN_POINT('',(-2.98968030781262,2.85918442620099,1.07084969141021));
#5931=CARTESIAN_POINT('',(-3.05775926983491,2.8513247845908,0.867370661431669));
#5932=CARTESIAN_POINT('',(-3.11815262945971,2.84244042813992,0.624258383970103));
#5933=CARTESIAN_POINT('',(-3.15691697915495,2.83337620320219,0.361093811809736));
#5934=CARTESIAN_POINT('',(-3.17252845735253,2.82682349253943,0.16410761666604));
#5935=CARTESIAN_POINT('',(-3.17575670958973,2.82068522879855,-0.0261774747022358));
#5936=CARTESIAN_POINT('',(-3.17444470428798,2.8196021240734,-0.0594022827956118));
#5937=CARTESIAN_POINT('',(-3.17118844594481,2.81563882906755,-0.178200250375604));
#5938=CARTESIAN_POINT('',(-3.15485503691842,2.80802843531852,-0.399158131070739));
#5939=CARTESIAN_POINT('',(-3.0968179580084,2.79534397877172,-0.754892258568409));
#5940=CARTESIAN_POINT('',(-2.95461815480333,2.77922076926783,-1.18095472714512));
#5941=CARTESIAN_POINT('',(-2.7913860334522,2.76526113782824,-1.53051510048175));
#5942=CARTESIAN_POINT('',(-2.60149341437678,2.75230148035864,-1.83216543575792));
#5943=CARTESIAN_POINT('',(-2.42701273135777,2.74211620526164,-2.04913704365153));
#5944=CARTESIAN_POINT('',(-2.32665422152028,2.73658162671646,-2.16207771701238));
#5945=CARTESIAN_POINT('',(-2.2177991510871,2.73088145727387,-2.27276213959928));
#5946=CARTESIAN_POINT('',(-2.21091388290686,2.73056167618651,-2.27859678503979));
#5947=CARTESIAN_POINT('',(-2.15978679566582,2.72801279151618,-2.32782692207903));
#5948=CARTESIAN_POINT('',(-2.07381221595178,2.72394447403329,-2.40589384163336));
#5949=CARTESIAN_POINT('',(-1.89863220549714,2.71616696118668,-2.5506991285248));
#5950=CARTESIAN_POINT('',(-1.6653532840738,2.70675411122853,-2.70896721470256));
#5951=CARTESIAN_POINT('',(-1.4552340431582,2.69884973793834,-2.82304439825344));
#5952=CARTESIAN_POINT('',(-1.33528485223132,2.69445326241219,-2.88157775962334));
#5953=CARTESIAN_POINT('',(-1.2067174045512,2.68985818741912,-2.93722851069163));
#5954=CARTESIAN_POINT('',(-1.19727378286385,2.68951875581953,-2.940544472814));
#5955=CARTESIAN_POINT('',(-1.13445318193658,2.68723159210244,-2.96584210577181));
#5956=CARTESIAN_POINT('',(-1.02634771193905,2.68322594530755,-3.00590958755708));
#5957=CARTESIAN_POINT('',(-0.807287529777143,2.67504238321011,-3.0760938894198));
#5958=CARTESIAN_POINT('',(-0.457801667639995,2.66205490352263,-3.15022535760864));
#5959=CARTESIAN_POINT('',(-0.162164441260681,2.65114498087494,-3.17500012997555));
#5960=CARTESIAN_POINT('',(2.54475731070733E-6,2.64513879656562,-3.17499999999898));
#5961=CARTESIAN_POINT('',(1.33635104412797E-15,2.99791666859367,3.175));
#5962=CARTESIAN_POINT('',(2.45665051339383E-6,3.35069435538439,-3.17499999999905));
#5963=CARTESIAN_POINT('',(0.279101869471332,3.34035734070033,-3.17499978404638));
#5964=CARTESIAN_POINT('',(0.639755829500206,3.32709899481702,-3.12278867833632));
#5965=CARTESIAN_POINT('',(1.02163999169596,3.31287764306177,-3.00897414802116));
#5966=CARTESIAN_POINT('',(1.20694011650035,3.30601566968279,-2.94065520597799));
#5967=CARTESIAN_POINT('',(1.51004073243374,3.29465446050307,-2.7994358848209));
#5968=CARTESIAN_POINT('',(1.76349448261768,3.28462710490269,-2.64586865528433));
#5969=CARTESIAN_POINT('',(1.97281038172365,3.27586196868686,-2.49087179205667));
#5970=CARTESIAN_POINT('',(2.1208775362425,3.26933723397075,-2.36488516293148));
#5971=CARTESIAN_POINT('',(2.25037830018778,3.26335647809008,-2.24089396896427));
#5972=CARTESIAN_POINT('',(2.286384730455,3.26156719711997,-2.20325136073975));
#5973=CARTESIAN_POINT('',(2.38929775940496,3.25627526604945,-2.09363604000034));
#5974=CARTESIAN_POINT('',(2.53269434158244,3.24821324006896,-1.92372599205618));
#5975=CARTESIAN_POINT('',(2.70606266546809,3.23680734335201,-1.66892178839847));
#5976=CARTESIAN_POINT('',(2.83798877018722,3.22665352690482,-1.43117104266285));
#5977=CARTESIAN_POINT('',(2.94828128578309,3.21647272531591,-1.18436552491247));
#5978=CARTESIAN_POINT('',(2.98968042546598,3.21196219100038,-1.07084935785415));
#5979=CARTESIAN_POINT('',(3.05775934081232,3.20410255300147,-0.867370403989377));
#5980=CARTESIAN_POINT('',(3.11815265609436,3.19521820064159,-0.624258222758585));
#5981=CARTESIAN_POINT('',(3.1569169863337,3.18615397951841,-0.361093759378225));
#5982=CARTESIAN_POINT('',(3.17252845719616,3.17960126872933,-0.164107560640712));
#5983=CARTESIAN_POINT('',(3.17575671101883,3.17346301145853,0.0261773214481997));
#5984=CARTESIAN_POINT('',(3.17444469872797,3.17237988644323,0.0594027608172872));
#5985=CARTESIAN_POINT('',(3.17118840149163,3.16841657728397,0.178201166846051));
#5986=CARTESIAN_POINT('',(3.15485486097417,3.16080616147015,0.39915973084233));
#5987=CARTESIAN_POINT('',(3.09681751919366,3.14812169874211,0.754894023454807));
#5988=CARTESIAN_POINT('',(2.95461757512833,3.13199849913559,1.18095613938897));
#5989=CARTESIAN_POINT('',(2.79138551477257,3.118038884123,1.53051599827947));
#5990=CARTESIAN_POINT('',(2.60149313240485,3.10507924600523,1.83216578389229));
#5991=CARTESIAN_POINT('',(2.42701282665317,3.09489399087072,2.04913692541976));
#5992=CARTESIAN_POINT('',(2.32665449460103,3.08935942056909,2.1620774128568));
#5993=CARTESIAN_POINT('',(2.21779982952037,3.08365926973394,2.27276147405514));
#5994=CARTESIAN_POINT('',(2.21091405280643,3.08333946231483,2.27859662334184));
#5995=CARTESIAN_POINT('',(2.15978666361747,3.08079056181888,2.32782704981468));
#5996=CARTESIAN_POINT('',(2.07381152251676,3.07672221645949,2.40589445863532));
#5997=CARTESIAN_POINT('',(1.89863116732533,3.06894468947596,2.55069990542764));
#5998=CARTESIAN_POINT('',(1.66535245582529,3.05953185157006,2.70896769324343));
#5999=CARTESIAN_POINT('',(1.45523381208652,3.05162750375136,2.82304451058654));
#6000=CARTESIAN_POINT('',(1.3352850128086,3.04723104429782,2.88157767699322));
#6001=CARTESIAN_POINT('',(1.20671812800672,3.04263599122812,2.93722820958525));
#6002=CARTESIAN_POINT('',(1.19727435084241,3.04229655417653,2.94054424267752));
#6003=CARTESIAN_POINT('',(1.13445381920249,3.04000939366502,2.96584186069239));
#6004=CARTESIAN_POINT('',(1.02634840623219,3.03600374986807,3.00590934927081));
#6005=CARTESIAN_POINT('',(0.807288530513704,3.027820199933,3.07609361016875));
#6006=CARTESIAN_POINT('',(0.457803284764003,3.01483274262593,3.15022509211639));
#6007=CARTESIAN_POINT('',(0.16216665404218,3.0039228409656,3.175));
#6008=CARTESIAN_POINT('',(0.,2.99791666859367,3.175));
#6009=CARTESIAN_POINT('',(2.45665051334149E-6,3.35069435538439,-3.17499999999905));
#6010=CARTESIAN_POINT('',(-7.77650717458569E-16,3.70347222414922,3.175));
#6011=CARTESIAN_POINT('',(-0.279099809446413,3.69313519416973,3.175));
#6012=CARTESIAN_POINT('',(-0.639754229907963,3.6798768315164,3.12278902740483));
#6013=CARTESIAN_POINT('',(-1.02163871479722,3.66565546791254,3.00897458321202));
#6014=CARTESIAN_POINT('',(-1.20693884005933,3.65879349457249,2.94065573116132));
#6015=CARTESIAN_POINT('',(-1.51003963834886,3.64743227967841,2.79943648045185));
#6016=CARTESIAN_POINT('',(-1.76349352528397,3.63740492089719,2.645869296201));
#6017=CARTESIAN_POINT('',(-1.97280954392498,3.62863978260777,2.49087245860317));
#6018=CARTESIAN_POINT('',(-2.12087679778923,3.62211504611765,2.3648858258211));
#6019=CARTESIAN_POINT('',(-2.25037761216018,3.6161342908081,2.24089466105933));
#6020=CARTESIAN_POINT('',(-2.28638417821457,3.61434500412852,2.20325193554354));
#6021=CARTESIAN_POINT('',(-2.38929733083746,3.60905306868837,2.09363653384507));
#6022=CARTESIAN_POINT('',(-2.53269403864084,3.60099103787938,1.92372639728736));
#6023=CARTESIAN_POINT('',(-2.70606243164598,3.58958513900059,1.66892217081221));
#6024=CARTESIAN_POINT('',(-2.83798857744258,3.57943132132074,1.43117142243827));
#6025=CARTESIAN_POINT('',(-2.94828110536451,3.56925052126964,1.18436597426122));
#6026=CARTESIAN_POINT('',(-2.98968030473135,3.5647399820961,1.07084970023188));
#6027=CARTESIAN_POINT('',(-3.05775926749247,3.5568803404407,0.867370669691882));
#6028=CARTESIAN_POINT('',(-3.11815262803019,3.54799598391764,0.624258390913997));
#6029=CARTESIAN_POINT('',(-3.15691697812379,3.5389317590499,0.361093821184156));
#6030=CARTESIAN_POINT('',(-3.17252845673825,3.53237904839402,0.164107626228259));
#6031=CARTESIAN_POINT('',(-3.17575670972606,3.52624078492999,-0.0261774567813253));
#6032=CARTESIAN_POINT('',(-3.17444470435698,3.52515767955931,-0.0594022850732003));
#6033=CARTESIAN_POINT('',(-3.17118844526241,3.52119438411685,-0.178200266428959));
#6034=CARTESIAN_POINT('',(-3.15485503293862,3.51358398965628,-0.399158169474019));
#6035=CARTESIAN_POINT('',(-3.09681794674177,3.50089953285321,-0.754892304370466));
#6036=CARTESIAN_POINT('',(-2.95461813919545,3.48477632355163,-1.1809547652966));
#6037=CARTESIAN_POINT('',(-2.79138601902012,3.47081669252049,-1.53051512554287));
#6038=CARTESIAN_POINT('',(-2.6014934061329,3.45785703556079,-1.83216544607777));
#6039=CARTESIAN_POINT('',(-2.42701273311736,3.44767176099099,-2.04913704140526));
#6040=CARTESIAN_POINT('',(-2.32665422830443,3.442137182678,-2.16207770944474));
#6041=CARTESIAN_POINT('',(-2.21779916823134,3.43643701370491,-2.27276212277358));
#6042=CARTESIAN_POINT('',(-2.21091388875465,3.43611723203138,-2.27859677943925));
#6043=CARTESIAN_POINT('',(-2.15978679519729,3.43356834702361,-2.32782692262084));
#6044=CARTESIAN_POINT('',(-2.07381220330978,3.42950002892839,-2.40589385295755));
#6045=CARTESIAN_POINT('',(-1.8986321851617,3.42172251575621,-2.55069914378159));
#6046=CARTESIAN_POINT('',(-1.66535326746907,3.41230966602118,-2.708967224307));
#6047=CARTESIAN_POINT('',(-1.45523403843146,3.40440529324322,-2.82304440055198));
#6048=CARTESIAN_POINT('',(-1.33528485544161,3.40000881804598,-2.88157775797131));
#6049=CARTESIAN_POINT('',(-1.20671741898805,3.3954137434948,-2.9372285046819));
#6050=CARTESIAN_POINT('',(-1.19727379480242,3.39507431180858,-2.94054446797319));
#6051=CARTESIAN_POINT('',(-1.13445319622732,3.3927871481936,-2.96584210026709));
#6052=CARTESIAN_POINT('',(-1.02634772992983,3.38878150155748,-3.00590958131877));
#6053=CARTESIAN_POINT('',(-0.807287559905713,3.3805979399312,-3.07609388086697));
#6054=CARTESIAN_POINT('',(-0.457801721410669,3.36761046110538,-3.15022534863591));
#6055=CARTESIAN_POINT('',(-0.162164517135314,3.35670053924688,-3.17500012547545));
#6056=CARTESIAN_POINT('',(2.45665051339383E-6,3.35069435538439,-3.17499999999905));
#6057=CARTESIAN_POINT('',(-1.9115630152961E-14,3.70347222414922,3.175));
#6058=CARTESIAN_POINT('',(2.54475739671631E-6,4.05624990767673,-3.17499999999898));
#6059=CARTESIAN_POINT('',(0.279101936165838,4.04591289379112,-3.17499977630127));
#6060=CARTESIAN_POINT('',(0.639755871773817,4.03265454878777,-3.12278866856578));
#6061=CARTESIAN_POINT('',(1.02164001844322,4.01843319762021,-3.00897413879384));
#6062=CARTESIAN_POINT('',(1.20694014223765,4.01157122428935,-2.94065519543424));
#6063=CARTESIAN_POINT('',(1.5100407562888,4.0002100151646,-2.79943587190977));
#6064=CARTESIAN_POINT('',(1.76349450456944,3.99018265959015,-2.64586864064468));
#6065=CARTESIAN_POINT('',(1.97281040209315,3.98141752336782,-2.49087177588313));
#6066=CARTESIAN_POINT('',(2.12087755495601,3.97489278865696,-2.36488514616393));
#6067=CARTESIAN_POINT('',(2.25037831858768,3.96891203271209,-2.24089395046892));
#6068=CARTESIAN_POINT('',(2.28638474489184,3.96712275190935,-2.20325134570859));
#6069=CARTESIAN_POINT('',(2.38929777091493,3.96183082093466,-2.0936360267566));
#6070=CARTESIAN_POINT('',(2.53269435043431,3.95376879504238,-1.92372598037028));
#6071=CARTESIAN_POINT('',(2.70606267363797,3.94236289829147,-1.66892177514093));
#6072=CARTESIAN_POINT('',(2.83798877786333,3.93220908180949,-1.43117102769708));
#6073=CARTESIAN_POINT('',(2.9482812939836,3.92202828004612,-1.18436550454519));
#6074=CARTESIAN_POINT('',(2.98968043054308,3.91751774599032,-1.07084934340824));
#6075=CARTESIAN_POINT('',(3.05775934404827,3.90965810812779,-0.867370392323266));
#6076=CARTESIAN_POINT('',(3.11815265774303,3.90077375591407,-0.624258214269944));
#6077=CARTESIAN_POINT('',(3.15691698738228,3.89170953478346,-0.361093750170253));
#6078=CARTESIAN_POINT('',(3.17252845779596,3.88515682396584,-0.16410755047509));
#6079=CARTESIAN_POINT('',(3.1757567109171,3.87901856652557,0.0261773366487636));
#6080=CARTESIAN_POINT('',(3.17444469853508,3.87793544173901,0.0594027688165808));
#6081=CARTESIAN_POINT('',(3.17118840122278,3.87397213271674,0.178201170425485));
#6082=CARTESIAN_POINT('',(3.15485486120156,3.86636171714991,0.399159726523337));
#6083=CARTESIAN_POINT('',(3.09681752106856,3.85367725453661,0.75489401555336));
#6084=CARTESIAN_POINT('',(2.95461757808359,3.83755405491726,1.18095613213363));
#6085=CARTESIAN_POINT('',(2.79138551748337,3.82359443982349,1.53051599362584));
#6086=CARTESIAN_POINT('',(2.60149313348131,3.8106348015842,1.83216578267918));
#6087=CARTESIAN_POINT('',(2.42701282528466,3.8004495463277,2.04913692709663));
#6088=CARTESIAN_POINT('',(2.32665449171017,3.79491497595809,2.16207741602175));
#6089=CARTESIAN_POINT('',(2.21779982460329,3.78921482503845,2.27276147887736));
#6090=CARTESIAN_POINT('',(2.2109140482965,3.78889501764207,2.27859662771117));
#6091=CARTESIAN_POINT('',(2.1597866588448,3.78634611714132,2.32782705424907));
#6092=CARTESIAN_POINT('',(2.07381151777162,3.78227777179548,2.40589446271234));
#6093=CARTESIAN_POINT('',(1.89863116273242,3.77450024483617,2.55069990880947));
#6094=CARTESIAN_POINT('',(1.665352451999,3.76508740697532,2.70896769553816));
#6095=CARTESIAN_POINT('',(1.45523380918854,3.75718305919841,2.82304451206794));
#6096=CARTESIAN_POINT('',(1.3352850105042,3.75278659976952,2.88157767805013));
#6097=CARTESIAN_POINT('',(1.20671812635665,3.74819154672538,2.9372282102577));
#6098=CARTESIAN_POINT('',(1.19727434933351,3.7478521096788,2.94054424329241));
#6099=CARTESIAN_POINT('',(1.13445381803123,3.74556494917995,2.96584186113574));
#6100=CARTESIAN_POINT('',(1.02634840551035,3.74155930539944,3.00590934950716));
#6101=CARTESIAN_POINT('',(0.807288530301817,3.73337575548244,3.0760936102066));
#6102=CARTESIAN_POINT('',(0.457803284847752,3.72038829818496,3.15022509209835));
#6103=CARTESIAN_POINT('',(0.1621666541079,3.70947839652359,3.175));
#6104=CARTESIAN_POINT('',(0.,3.70347222414922,3.175));
#6105=CARTESIAN_POINT('',(2.54475739637705E-6,4.05624990767673,-3.17499999999898));
#6106=CARTESIAN_POINT('',(-7.77650717458569E-16,4.40902777970478,3.175));
#6107=CARTESIAN_POINT('',(-0.279099809928758,4.39869074970742,3.175));
#6108=CARTESIAN_POINT('',(-0.639754231254787,4.3854323870235,3.12278902721075));
#6109=CARTESIAN_POINT('',(-1.02163871739845,4.37121102337288,3.00897458235781));
#6110=CARTESIAN_POINT('',(-1.20693884377256,4.36434904999148,2.94065572967328));
#6111=CARTESIAN_POINT('',(-1.51003964283082,4.35298783506297,2.79943647807052));
#6112=CARTESIAN_POINT('',(-1.76349353039254,4.34296047624468,2.6458692928539));
#6113=CARTESIAN_POINT('',(-1.97280954961275,4.33419533791172,2.490872454093));
#6114=CARTESIAN_POINT('',(-2.12087680338264,4.32767060140903,2.36488582084646));
#6115=CARTESIAN_POINT('',(-2.25037761891309,4.3216898460238,2.24089465427284));
#6116=CARTESIAN_POINT('',(-2.2863841811933,4.31990055951771,2.20325193240364));
#6117=CARTESIAN_POINT('',(-2.38929733198688,4.31460862415747,2.09363653245432));
#6118=CARTESIAN_POINT('',(-2.53269403884982,4.30654659339442,1.92372639710529));
#6119=CARTESIAN_POINT('',(-2.70606243351143,4.29514069439995,1.66892216790039));
#6120=CARTESIAN_POINT('',(-2.83798858066384,4.28498687660527,1.43117141643097));
#6121=CARTESIAN_POINT('',(-2.94828111070522,4.2748060762919,1.18436596111046));
#6122=CARTESIAN_POINT('',(-2.98968030748055,4.27029553734516,1.07084969231338));
#6123=CARTESIAN_POINT('',(-3.05775926930426,4.26243589576539,0.8673706632086));
#6124=CARTESIAN_POINT('',(-3.11815262901242,4.25355153932974,0.624258386225732));
#6125=CARTESIAN_POINT('',(-3.15691697896264,4.24448731437602,0.361093813631968));
#6126=CARTESIAN_POINT('',(-3.17252845731928,4.23793460368494,0.164107617668165));
#6127=CARTESIAN_POINT('',(-3.17575670960084,4.23179633990663,-0.0261774747854265));
#6128=CARTESIAN_POINT('',(-3.17444470427681,4.23071323516225,-0.0594022834646016));
#6129=CARTESIAN_POINT('',(-3.17118844587698,4.22674994012945,-0.178200251847721));
#6130=CARTESIAN_POINT('',(-3.1548550366414,4.21913954634617,-0.399158133560896));
#6131=CARTESIAN_POINT('',(-3.09681795729865,4.20645508978322,-0.754892261480719));
#6132=CARTESIAN_POINT('',(-2.95461815376527,4.1903318802871,-1.1809547296998));
#6133=CARTESIAN_POINT('',(-2.79138603237255,4.1763722488662,-1.53051510239932));
#6134=CARTESIAN_POINT('',(-2.60149341347131,4.16341259141913,-1.832165436972));
#6135=CARTESIAN_POINT('',(-2.427012730895,4.15322731634909,-2.04913704419724));
#6136=CARTESIAN_POINT('',(-2.32665422119103,4.1476927378115,-2.16207771735007));
#6137=CARTESIAN_POINT('',(-2.21779915141293,4.14199256840158,-2.27276213927677));
#6138=CARTESIAN_POINT('',(-2.21091388193368,4.14167278724735,-2.27859678599128));
#6139=CARTESIAN_POINT('',(-2.15978679379915,4.13912390253265,-2.32782692382661));
#6140=CARTESIAN_POINT('',(-2.07381221252072,4.13505558497566,-2.4058938446418));
#6141=CARTESIAN_POINT('',(-1.89863220104372,4.12727807209252,-2.55069913185019));
#6142=CARTESIAN_POINT('',(-1.66535328015016,4.11786522217118,-2.70896721702679));
#6143=CARTESIAN_POINT('',(-1.45523404086821,4.1099608489544,-2.82304439941513));
#6144=CARTESIAN_POINT('',(-1.33528485100281,4.10556437347374,-2.88157776016907));
#6145=CARTESIAN_POINT('',(-1.20671740491069,4.10096929854415,-2.93722851053297));
#6146=CARTESIAN_POINT('',(-1.19727378265473,4.10062986692456,-2.94054447290278));
#6147=CARTESIAN_POINT('',(-1.13445318174477,4.09834270321046,-2.96584210584342));
#6148=CARTESIAN_POINT('',(-1.02634771147351,4.09433705640827,-3.00590958772374));
#6149=CARTESIAN_POINT('',(-0.807287529248232,4.08615349431073,-3.07609388955682));
#6150=CARTESIAN_POINT('',(-0.457801667207159,4.07316601462512,-3.15022535766199));
#6151=CARTESIAN_POINT('',(-0.162164441088415,4.06225609198266,-3.17500012997556));
#6152=CARTESIAN_POINT('',(2.54475739671631E-6,4.05624990767673,-3.17499999999898));
#6153=CARTESIAN_POINT('',(-1.9115630152961E-14,4.40902777970478,3.175));
#6154=CARTESIAN_POINT('',(2.54475735018686E-6,4.76180546323229,-3.17499999999898));
#6155=CARTESIAN_POINT('',(0.279101935219767,4.75146844938172,-3.17499977630127));
#6156=CARTESIAN_POINT('',(0.639755870212679,4.73821010440214,-3.12278866888212));
#6157=CARTESIAN_POINT('',(1.02164001721651,4.72398875322372,-3.00897413924135));
#6158=CARTESIAN_POINT('',(1.20694014256508,4.71712677983347,-2.94065519531578));
#6159=CARTESIAN_POINT('',(1.51004075620687,4.70576557071791,-2.79943587193564));
#6160=CARTESIAN_POINT('',(1.7634945045711,4.69573821513955,-2.64586864065892));
#6161=CARTESIAN_POINT('',(1.97281040215748,4.68697307891519,-2.49087177581558));
#6162=CARTESIAN_POINT('',(2.12087755484078,4.68044834421518,-2.36488514628193));
#6163=CARTESIAN_POINT('',(2.25037831903101,4.6744675882469,-2.24089395001636));
#6164=CARTESIAN_POINT('',(2.28638474323564,4.67267830754515,-2.20325134739891));
#6165=CARTESIAN_POINT('',(2.38929776822857,4.66738637662753,-2.09363602977126));
#6166=CARTESIAN_POINT('',(2.53269434728173,4.65932435077503,-1.92372598452706));
#6167=CARTESIAN_POINT('',(2.70606267153888,4.64791845398476,-1.66892177861965));
#6168=CARTESIAN_POINT('',(2.83798877687166,4.63776463744455,-1.43117102980905));
#6169=CARTESIAN_POINT('',(2.94828129420525,4.62758383558373,-1.18436550409623));
#6170=CARTESIAN_POINT('',(2.98968043064903,4.62307330153807,-1.07084934308991));
#6171=CARTESIAN_POINT('',(3.05775934433,4.61521366365714,-0.867370391415964));
#6172=CARTESIAN_POINT('',(3.11815265794492,4.6063293114413,-0.624258213222684));
#6173=CARTESIAN_POINT('',(3.15691698747481,4.59726509031544,-0.36109374929987));
#6174=CARTESIAN_POINT('',(3.17252845781156,4.59071237950884,-0.164107550004745));
#6175=CARTESIAN_POINT('',(3.17575671091167,4.58457412208137,0.0261773366283325));
#6176=CARTESIAN_POINT('',(3.1744446985412,4.58349099730606,0.0594027684299613));
#6177=CARTESIAN_POINT('',(3.1711884012614,4.57952768829682,0.178201169593622));
#6178=CARTESIAN_POINT('',(3.15485486135909,4.57191727274752,0.399159725106052));
#6179=CARTESIAN_POINT('',(3.09681752146974,4.55923281014207,0.754894013901773));
#6180=CARTESIAN_POINT('',(2.95461757867636,4.54310961051911,1.18095613067955));
#6181=CARTESIAN_POINT('',(2.79138551808415,4.52914999541511,1.53051599254893));
#6182=CARTESIAN_POINT('',(2.60149313403197,4.51619035716714,1.83216578195412));
#6183=CARTESIAN_POINT('',(2.42701282549676,4.50600510189239,2.04913692683626));
#6184=CARTESIAN_POINT('',(2.32665449198604,4.50047053152652,2.16207741574318));
#6185=CARTESIAN_POINT('',(2.21779982407829,4.49477038056729,2.27276147939251));
#6186=CARTESIAN_POINT('',(2.21091405011983,4.49445057329156,2.27859662592994));
#6187=CARTESIAN_POINT('',(2.159786662403,4.4919016728768,2.32782705091652));
#6188=CARTESIAN_POINT('',(2.07381152427463,4.48783332766997,2.4058944570114));
#6189=CARTESIAN_POINT('',(1.89863117120066,4.48005580078088,2.55069990248838));
#6190=CARTESIAN_POINT('',(1.66535245942081,4.47064296284885,2.70896769113701));
#6191=CARTESIAN_POINT('',(1.4552338135741,4.46273861493528,2.8230445098468));
#6192=CARTESIAN_POINT('',(1.33528501277045,4.45834215541657,2.88157767704121));
#6193=CARTESIAN_POINT('',(1.20671812592729,4.45374710226354,2.93722821045492));
#6194=CARTESIAN_POINT('',(1.19727434878433,4.45340766521243,2.9405442435126));
#6195=CARTESIAN_POINT('',(1.13445381655711,4.45112050467689,2.96584186171255));
#6196=CARTESIAN_POINT('',(1.02634840310321,4.44711486086064,3.00590935034579));
#6197=CARTESIAN_POINT('',(0.807288527171917,4.43893131091831,3.07609361103434));
#6198=CARTESIAN_POINT('',(0.457803282387464,4.4259438536491,3.15022509239322));
#6199=CARTESIAN_POINT('',(0.162166653118649,4.41503395204251,3.175));
#6200=CARTESIAN_POINT('',(0.,4.40902777970478,3.175));
#6201=CARTESIAN_POINT('',(2.54475735042541E-6,4.76180546323229,-3.17499999999898));
#6202=CARTESIAN_POINT('',(-7.77650717458569E-16,5.11458332823053,3.175));
#6203=CARTESIAN_POINT('',(-0.27909899447673,5.10424632843509,3.175));
#6204=CARTESIAN_POINT('',(-0.639752885816471,5.0909879870931,3.12278929965456));
#6205=CARTESIAN_POINT('',(-1.02163765956455,5.07676661710591,3.0089749684934));
#6206=CARTESIAN_POINT('',(-1.20693912724791,5.06990459531699,2.94065562619964));
#6207=CARTESIAN_POINT('',(-1.51003956676347,5.0585433933612,2.79943650582944));
#6208=CARTESIAN_POINT('',(-1.76349355118678,5.04851603104739,2.64586928529174));
#6209=CARTESIAN_POINT('',(-1.97280954715394,5.0397508935522,2.49087245490729));
#6210=CARTESIAN_POINT('',(-2.12087680364975,5.0332261569562,2.36488582089307));
#6211=CARTESIAN_POINT('',(-2.25037761962221,5.02724540154419,2.24089465346379));
#6212=CARTESIAN_POINT('',(-2.28638417808994,5.02545611522233,2.20325193559298));
#6213=CARTESIAN_POINT('',(-2.38929732687745,5.02016417997037,2.0936365381747));
#6214=CARTESIAN_POINT('',(-2.53269403289234,5.01210214928004,1.92372640495689));
#6215=CARTESIAN_POINT('',(-2.70606242951267,5.00069625021526,1.66892217454785));
#6216=CARTESIAN_POINT('',(-2.8379885788227,4.99054243230553,1.43117142033254));
#6217=CARTESIAN_POINT('',(-2.94828111098225,4.98036163182895,1.1843659606398));
#6218=CARTESIAN_POINT('',(-2.98968030821377,4.97585109283002,1.07084969029401));
#6219=CARTESIAN_POINT('',(-3.05775927056624,4.96799145117644,0.867370659017128));
#6220=CARTESIAN_POINT('',(-3.11815263004707,4.95910709470789,0.624258380940281));
#6221=CARTESIAN_POINT('',(-3.15691697941373,4.95004286979434,0.361093809497037));
#6222=CARTESIAN_POINT('',(-3.1725284573942,4.94349015915672,0.164107615126085));
#6223=CARTESIAN_POINT('',(-3.17575670958433,4.93735189549384,-0.0261774738101547));
#6224=CARTESIAN_POINT('',(-3.17444470426792,4.936268790675,-0.0594022848240651));
#6225=CARTESIAN_POINT('',(-3.17118844576337,4.93230549561669,-0.178200254035536));
#6226=CARTESIAN_POINT('',(-3.15485503620293,4.92469510177281,-0.399158137661385));
#6227=CARTESIAN_POINT('',(-3.09681795615986,4.91201064519001,-0.754892266120254));
#6228=CARTESIAN_POINT('',(-2.95461815211236,4.89588743570528,-1.18095473378093));
#6229=CARTESIAN_POINT('',(-2.79138603062261,4.88192780431105,-1.53051510548713));
#6230=CARTESIAN_POINT('',(-2.60149341209463,4.86896814690233,-1.83216543884388));
#6231=CARTESIAN_POINT('',(-2.4270127300565,4.85878287186434,-2.04913704516604));
#6232=CARTESIAN_POINT('',(-2.32665422083728,4.85324829335145,-2.1620777177214));
#6233=CARTESIAN_POINT('',(-2.21779915127264,4.84754812394949,-2.27276213940685));
#6234=CARTESIAN_POINT('',(-2.21091388284781,4.84722834284901,-2.27859678510039));
#6235=CARTESIAN_POINT('',(-2.15978679567085,4.84467945818035,-2.32782692207159));
#6236=CARTESIAN_POINT('',(-2.0738122158911,4.84061114069238,-2.40589384168947));
#6237=CARTESIAN_POINT('',(-1.89863220545527,4.83283362784568,-2.55069912855547));
#6238=CARTESIAN_POINT('',(-1.66535328401463,4.8234207778881,-2.70896721473586));
#6239=CARTESIAN_POINT('',(-1.45523404314749,4.81551640460182,-2.82304439826041));
#6240=CARTESIAN_POINT('',(-1.33528485218799,4.81111992907592,-2.88157775964164));
#6241=CARTESIAN_POINT('',(-1.20671740466524,4.8065248540901,-2.93722851064464));
#6242=CARTESIAN_POINT('',(-1.1972737824508,4.80618542247191,-2.94054447298374));
#6243=CARTESIAN_POINT('',(-1.13445318113671,4.8038982587419,-2.96584210608191));
#6244=CARTESIAN_POINT('',(-1.02634771050568,4.7998926119259,-3.00590958806019));
#6245=CARTESIAN_POINT('',(-0.807287527977256,4.79170904981773,-3.07609388989341));
#6246=CARTESIAN_POINT('',(-0.457801666210919,4.77872157014369,-3.15022535778114));
#6247=CARTESIAN_POINT('',(-0.16216444068757,4.76781164752339,-3.17500012997556));
#6248=CARTESIAN_POINT('',(2.54475735018686E-6,4.76180546323229,-3.17499999999898));
#6249=CARTESIAN_POINT('',(-1.89804905322507E-7,5.11458332823053,3.17499999999999));
#6250=CARTESIAN_POINT('',(2.54475714432931E-6,5.46736101878785,-3.17499999999898));
#6251=CARTESIAN_POINT('',(0.279101938408377,5.4570240048244,-3.17499977630129));
#6252=CARTESIAN_POINT('',(0.639755875474021,5.44376565976863,-3.12278866781652));
#6253=CARTESIAN_POINT('',(1.0216400213525,5.42954430862405,-3.00897413773186));
#6254=CARTESIAN_POINT('',(1.20694014145778,5.42268233542861,-2.94065519571898));
#6255=CARTESIAN_POINT('',(1.5100407564983,5.41132112627043,-2.79943587183309));
#6256=CARTESIAN_POINT('',(1.7634945045108,5.40129377070627,-2.64586864066694));
#6257=CARTESIAN_POINT('',(1.972810402104,5.3925286344808,-2.49087177587671));
#6258=CARTESIAN_POINT('',(2.12087755494816,5.38600389976971,-2.36488514617107));
#6259=CARTESIAN_POINT('',(2.25037831861289,5.38002314382182,-2.24089395044338));
#6260=CARTESIAN_POINT('',(2.2863847447989,5.37823386302436,-2.20325134580351));
#6261=CARTESIAN_POINT('',(2.38929777076496,5.37294193205214,-2.09363602692428));
#6262=CARTESIAN_POINT('',(2.53269435025428,5.36487990616224,-1.92372598061222));
#6263=CARTESIAN_POINT('',(2.70606267353029,5.35347400940801,-1.66892177530952));
#6264=CARTESIAN_POINT('',(2.83798877779067,5.3433201929262,-1.43117102786083));
#6265=CARTESIAN_POINT('',(2.94828129406128,5.33313939114932,-1.18436550434667));
#6266=CARTESIAN_POINT('',(2.98968043030496,5.32862885712749,-1.07084934403873));
#6267=CARTESIAN_POINT('',(3.05775934373038,5.32076921928283,-0.867370393409781));
#6268=CARTESIAN_POINT('',(3.1181526574551,5.3118848670814,-0.624258215689764));
#6269=CARTESIAN_POINT('',(3.15691698726226,5.30282064594058,-0.361093751359238));
#6270=CARTESIAN_POINT('',(3.172528457774,5.29626793509925,-0.164107551034844));
#6271=CARTESIAN_POINT('',(3.17575671092744,5.29012967764314,0.0261773364254818));
#6272=CARTESIAN_POINT('',(3.1744446985157,5.28904655280197,0.0594027702694331));
#6273=CARTESIAN_POINT('',(3.17118840108398,5.28508324373057,0.178201173338761));
#6274=CARTESIAN_POINT('',(3.15485486064438,5.27747282809152,0.399159731591813));
#6275=CARTESIAN_POINT('',(3.09681751963147,5.26478836544701,0.754894021429358));
#6276=CARTESIAN_POINT('',(2.95461757599539,5.24866516584363,1.18095613728478));
#6277=CARTESIAN_POINT('',(2.7913855152766,5.23470555078582,1.53051599752305));
#6278=CARTESIAN_POINT('',(2.60149313173403,5.22174591259742,1.8321657850515));
#6279=CARTESIAN_POINT('',(2.42701282423826,5.21156065738537,2.04913692830775));
#6280=CARTESIAN_POINT('',(2.32665449124196,5.20602608704687,2.1620774165118));
#6281=CARTESIAN_POINT('',(2.2177998245091,5.20032593614449,2.27276147895998));
#6282=CARTESIAN_POINT('',(2.21091404914164,5.20000612879582,2.27859662689045));
#6283=CARTESIAN_POINT('',(2.15978666057039,5.197457228338,2.327827052619));
#6284=CARTESIAN_POINT('',(2.07381152115898,5.19338888306584,2.40589445986436));
#6285=CARTESIAN_POINT('',(1.89863116485146,5.18561135606152,2.55069990655869));
#6286=CARTESIAN_POINT('',(1.66535246130297,5.17619851843896,2.70896769106128));
#6287=CARTESIAN_POINT('',(1.45523380338092,5.16829417011482,2.82304451425095));
#6288=CARTESIAN_POINT('',(1.33528502551649,5.16389771141616,2.88157767184448));
#6289=CARTESIAN_POINT('',(1.20671807296024,5.15930265594683,2.93722823220631));
#6290=CARTESIAN_POINT('',(1.19727454790692,5.15896322781304,2.94054416170357));
#6291=CARTESIAN_POINT('',(1.13445420361121,5.15667607372283,2.96584171163593));
#6292=CARTESIAN_POINT('',(1.0263490959046,5.15267043998394,3.0059091071944));
#6293=CARTESIAN_POINT('',(0.807289397496901,5.1444868943338,3.07609338200863));
#6294=CARTESIAN_POINT('',(0.457803973316541,5.13149942814498,3.15022500899677));
#6295=CARTESIAN_POINT('',(0.162166930204048,5.12058951083067,3.175));
#6296=CARTESIAN_POINT('',(0.,5.11458332823053,3.175));
#6297=CARTESIAN_POINT('',(2.54475714405916E-6,5.46736101878785,-3.17499999999898));
#6298=CARTESIAN_POINT('',(-7.77650717458569E-16,5.82013889081589,3.175));
#6299=CARTESIAN_POINT('',(-0.279099810966013,5.80980186078011,3.175));
#6300=CARTESIAN_POINT('',(-0.639754232965669,5.79654349807015,3.1227890268647));
#6301=CARTESIAN_POINT('',(-1.02163871874472,5.78232213443135,3.00897458186585));
#6302=CARTESIAN_POINT('',(-1.20693884340868,5.77546016111536,2.94065572980815));
#6303=CARTESIAN_POINT('',(-1.51003964293896,5.76409894617568,2.7994364780235));
#6304=CARTESIAN_POINT('',(-1.76349353032265,5.75407158736579,2.64586929290777));
#6305=CARTESIAN_POINT('',(-1.97280954974285,5.74530644902224,2.49087245396232));
#6306=CARTESIAN_POINT('',(-2.12087680316174,5.7387817125338,2.36488582107146));
#6307=CARTESIAN_POINT('',(-2.25037761975293,5.73280095709438,2.24089465341581));
#6308=CARTESIAN_POINT('',(-2.28638417805347,5.73101167077738,2.20325193560809));
#6309=CARTESIAN_POINT('',(-2.38929732689487,5.72571973552137,2.09363653816868));
#6310=CARTESIAN_POINT('',(-2.53269403287419,5.71765770483214,1.92372640498436));
#6311=CARTESIAN_POINT('',(-2.7060624295326,5.70625180576486,1.66892217449423));
#6312=CARTESIAN_POINT('',(-2.83798857878383,5.69609798786312,1.43117142043485));
#6313=CARTESIAN_POINT('',(-2.94828111112523,5.68591718736943,1.18436596025973));
#6314=CARTESIAN_POINT('',(-2.98968030767988,5.68140664844394,1.07084969171404));
#6315=CARTESIAN_POINT('',(-3.05775926983639,5.67354700683167,0.867370661495128));
#6316=CARTESIAN_POINT('',(-3.11815262939349,5.66466265039316,0.624258384249823));
#6317=CARTESIAN_POINT('',(-3.15691697913728,5.65559842544709,0.361093811985781));
#6318=CARTESIAN_POINT('',(-3.17252845734878,5.6490457147751,0.164107616785936));
#6319=CARTESIAN_POINT('',(-3.17575670959035,5.64290745101718,-0.0261774747662149));
#6320=CARTESIAN_POINT('',(-3.17444470428927,5.64182434629663,-0.0594022826579496));
#6321=CARTESIAN_POINT('',(-3.17118844595704,5.63786105128936,-0.178200250130134));
#6322=CARTESIAN_POINT('',(-3.15485503696662,5.63025065754135,-0.399158130627149));
#6323=CARTESIAN_POINT('',(-3.09681795813187,5.61756620099409,-0.754892258061674));
#6324=CARTESIAN_POINT('',(-2.95461815498552,5.60144299149036,-1.18095472669779));
#6325=CARTESIAN_POINT('',(-2.79138603363739,5.58748336005038,-1.53051510015016));
#6326=CARTESIAN_POINT('',(-2.60149341454506,5.57452370258177,-1.83216543553591));
#6327=CARTESIAN_POINT('',(-2.42701273142479,5.56433842748285,-2.04913704356967));
#6328=CARTESIAN_POINT('',(-2.3266542216025,5.55880384894064,-2.16207771692924));
#6329=CARTESIAN_POINT('',(-2.21779915093675,5.5531036794888,-2.27276213974687));
#6330=CARTESIAN_POINT('',(-2.21091388342738,5.55278389843599,-2.27859678453127));
#6331=CARTESIAN_POINT('',(-2.15978679668079,5.55023501379093,-2.32782692112845));
#6332=CARTESIAN_POINT('',(-2.07381221780681,5.54616669634843,-2.4058938400071));
#6333=CARTESIAN_POINT('',(-1.8986322079129,5.53838918352237,-2.55069912672168));
#6334=CARTESIAN_POINT('',(-1.66535328618985,5.52897633354341,-2.70896721344756));
#6335=CARTESIAN_POINT('',(-1.45523404441046,5.52107196021347,-2.82304439761933));
#6336=CARTESIAN_POINT('',(-1.33528485287556,5.51667548466101,-2.88157775933645));
#6337=CARTESIAN_POINT('',(-1.20671740443752,5.51208040963659,-2.93722851074428));
#6338=CARTESIAN_POINT('',(-1.19727378267497,5.51174097803422,-2.94054447289005));
#6339=CARTESIAN_POINT('',(-1.13445318145338,5.50945381430536,-2.96584210596065));
#6340=CARTESIAN_POINT('',(-1.02634771114005,5.50544816749834,-3.00590958783573));
#6341=CARTESIAN_POINT('',(-0.807287528743169,5.49726460539264,-3.07609388969306));
#6342=CARTESIAN_POINT('',(-0.457801666826162,5.48427712571449,-3.15022535770626));
#6343=CARTESIAN_POINT('',(-0.162164440933669,5.47336720308501,-3.17500012997554));
#6344=CARTESIAN_POINT('',(2.54475714432931E-6,5.46736101878785,-3.17499999999898));
#6345=CARTESIAN_POINT('',(1.33635104412797E-15,5.82013889081589,3.175));
#6346=CARTESIAN_POINT('',(2.54475708229005E-6,6.17291657434341,-3.17499999999898));
#6347=CARTESIAN_POINT('',(0.279101936220249,6.16257956046099,-3.17499977630129));
#6348=CARTESIAN_POINT('',(0.639755871863373,6.14932121546022,-3.12278866854802));
#6349=CARTESIAN_POINT('',(1.02164001851477,6.13509986429055,-3.00897413876722));
#6350=CARTESIAN_POINT('',(1.20694014221563,6.12823789095768,-2.94065519544419));
#6351=CARTESIAN_POINT('',(1.51004075630465,6.11687668182097,-2.7994358718969));
#6352=CARTESIAN_POINT('',(1.76349450452752,6.10684932624699,-2.64586864068652));
#6353=CARTESIAN_POINT('',(1.97281040221233,6.09808419001934,-2.4908717757616));
#6354=CARTESIAN_POINT('',(2.12087755474973,6.09155945532819,-2.36488514637443));
#6355=CARTESIAN_POINT('',(2.25037831937477,6.08557869934196,-2.24089394966562));
#6356=CARTESIAN_POINT('',(2.28638474194957,6.08378941871868,-2.20325134871145));
#6357=CARTESIAN_POINT('',(2.38929776614316,6.07849748784546,-2.0936360321115));
#6358=CARTESIAN_POINT('',(2.53269434483408,6.07043546202392,-1.92372598775481));
#6359=CARTESIAN_POINT('',(2.70606266991032,6.05902956520289,-1.66892178131761));
#6360=CARTESIAN_POINT('',(2.83798877609988,6.04887574861771,-1.43117103145349));
#6361=CARTESIAN_POINT('',(2.94828129438375,6.03869494668022,-1.18436550373101));
#6362=CARTESIAN_POINT('',(2.98968043070576,6.03418441264573,-1.07084934290891));
#6363=CARTESIAN_POINT('',(3.05775934451406,6.02632477475271,-0.867370390838957));
#6364=CARTESIAN_POINT('',(3.11815265806968,6.01744042253388,-0.624258212491978));
#6365=CARTESIAN_POINT('',(3.15691698753605,6.00837620141957,-0.361093748958521));
#6366=CARTESIAN_POINT('',(3.17252845781703,6.00182349060109,-0.164107549345283));
#6367=CARTESIAN_POINT('',(3.1757567109248,5.99568523323692,0.0261773352315115));
#6368=CARTESIAN_POINT('',(3.17444469848322,5.99460210825838,0.0594027733556467));
#6369=CARTESIAN_POINT('',(3.17118840080443,5.99063879910325,0.178201179021963));
#6370=CARTESIAN_POINT('',(3.1548548595383,5.98302838331893,0.399159741755972));
#6371=CARTESIAN_POINT('',(3.09681751677387,5.97034392061784,0.754894033103505));
#6372=CARTESIAN_POINT('',(2.95461757183902,5.9542207210444,1.18095614753648));
#6373=CARTESIAN_POINT('',(2.79138551089648,5.94026110605632,1.53051600526542));
#6374=CARTESIAN_POINT('',(2.60149312822975,5.92730146796371,1.83216578979833));
#6375=CARTESIAN_POINT('',(2.42701282219637,5.91711621284029,2.04913693067852));
#6376=CARTESIAN_POINT('',(2.32665449024097,5.91158164255618,2.16207741755412));
#6377=CARTESIAN_POINT('',(2.21779982458765,5.90588149170321,2.27276147886652));
#6378=CARTESIAN_POINT('',(2.21091404982854,5.90556168438497,2.27859662622189));
#6379=CARTESIAN_POINT('',(2.15978666213773,5.90301278396788,2.32782705115798));
#6380=CARTESIAN_POINT('',(2.0738115236153,5.89894443873766,2.40589445759753));
#6381=CARTESIAN_POINT('',(1.89863117042088,5.8911669118425,2.55069990306468));
#6382=CARTESIAN_POINT('',(1.66535245872855,5.88175407391906,2.70896769154968));
#6383=CARTESIAN_POINT('',(1.45523381315374,5.87384972602269,2.82304451005874));
#6384=CARTESIAN_POINT('',(1.33528501257355,5.86945326651644,2.88157767712943));
#6385=CARTESIAN_POINT('',(1.20671812590735,5.86485821337475,2.93722821046115));
#6386=CARTESIAN_POINT('',(1.19727434906139,5.8645187763344,2.94054424339928));
#6387=CARTESIAN_POINT('',(1.13445381713354,5.86223161581104,2.96584186148856));
#6388=CARTESIAN_POINT('',(1.02634840411333,5.85822597201128,3.00590934999185));
#6389=CARTESIAN_POINT('',(0.807288528450734,5.85004242207833,3.07609361069744));
#6390=CARTESIAN_POINT('',(0.457803283400393,5.83705496479785,3.15022509227115));
#6391=CARTESIAN_POINT('',(0.162166653525108,5.82614506316867,3.175));
#6392=CARTESIAN_POINT('',(0.,5.82013889081589,3.175));
#6393=CARTESIAN_POINT('',(2.54475708244871E-6,6.17291657434341,-3.17499999999898));
#6394=CARTESIAN_POINT('',(-7.77650717458569E-16,6.52569444637145,3.175));
#6395=CARTESIAN_POINT('',(-0.279099809583232,6.51535741638689,3.175));
#6396=CARTESIAN_POINT('',(-0.639754230684362,6.50209905371166,3.12278902732649));
#6397=CARTESIAN_POINT('',(-1.02163871695051,6.48787769005706,3.008974582521));
#6398=CARTESIAN_POINT('',(-1.20693884389051,6.48101571665404,2.94065572963143));
#6399=CARTESIAN_POINT('',(-1.51003964280497,6.46965450172861,2.79943647807559));
#6400=CARTESIAN_POINT('',(-1.76349353037577,6.45962714290993,2.64586929287666));
#6401=CARTESIAN_POINT('',(-1.97280954968539,6.45086200457305,2.49087245401804));
#6402=CARTESIAN_POINT('',(-2.12087680325396,6.44433726808081,2.36488582097786));
#6403=CARTESIAN_POINT('',(-2.25037761940292,6.43835651266724,2.24089465377291));
#6404=CARTESIAN_POINT('',(-2.28638417936006,6.43656722627232,2.20325193427456));
#6405=CARTESIAN_POINT('',(-2.38929732901358,6.43127529097429,2.09363653579143));
#6406=CARTESIAN_POINT('',(-2.53269403536318,6.4232132602546,1.92372640169961));
#6407=CARTESIAN_POINT('',(-2.70606243118209,6.41180736121792,1.66892217176696));
#6408=CARTESIAN_POINT('',(-2.837988579577,6.4016535433578,1.4311714187398));
#6409=CARTESIAN_POINT('',(-2.94828111090877,6.39147274294328,1.18436596072471));
#6410=CARTESIAN_POINT('',(-2.989680307752,6.38696220398723,1.07084969155047));
#6411=CARTESIAN_POINT('',(-3.0577592698271,6.37910256237615,0.867370661490772));
#6412=CARTESIAN_POINT('',(-3.11815262942461,6.3702182059291,0.624258384087886));
#6413=CARTESIAN_POINT('',(-3.15691697914571,6.36115398099228,0.361093812011516));
#6414=CARTESIAN_POINT('',(-3.17252845734837,6.3546012703171,0.164107616560051));
#6415=CARTESIAN_POINT('',(-3.17575670959802,6.34846300659598,-0.0261774740732441));
#6416=CARTESIAN_POINT('',(-3.17444470425899,6.3473799017728,-0.0594022852028645));
#6417=CARTESIAN_POINT('',(-3.17118844572034,6.34341660669332,-0.17820025502153));
#6418=CARTESIAN_POINT('',(-3.15485503602259,6.33580621282795,-0.399158139253769));
#6419=CARTESIAN_POINT('',(-3.09681795569924,6.32312175623326,-0.754892268013402));
#6420=CARTESIAN_POINT('',(-2.95461815143953,6.30699854675401,-1.18095473543687));
#6421=CARTESIAN_POINT('',(-2.79138602992014,6.2930389153723,-1.53051510673327));
#6422=CARTESIAN_POINT('',(-2.60149341151366,6.2800792579794,-1.83216543962513));
#6423=CARTESIAN_POINT('',(-2.42701272974766,6.26989398295886,-2.04913704552845));
#6424=CARTESIAN_POINT('',(-2.32665422063929,6.26435940445255,-2.16207771792522));
#6425=CARTESIAN_POINT('',(-2.21779915142528,6.25865923506843,-2.27276213925498));
#6426=CARTESIAN_POINT('',(-2.21091388243707,6.25833945393893,-2.27859678550224));
#6427=CARTESIAN_POINT('',(-2.15978679489323,6.2557905692521,-2.32782692279931));
#6428=CARTESIAN_POINT('',(-2.07381221445648,6.25172225173302,-2.4058938429481));
#6429=CARTESIAN_POINT('',(-1.89863220358747,6.24394473887092,-2.55069912994754));
#6430=CARTESIAN_POINT('',(-1.66535328239574,6.23453188892965,-2.70896721569865));
#6431=CARTESIAN_POINT('',(-1.45523404216157,6.22662751567224,-2.82304439875776));
#6432=CARTESIAN_POINT('',(-1.33528485172565,6.22223104016816,-2.88157775984872));
#6433=CARTESIAN_POINT('',(-1.20671740462109,6.21763596520013,-2.9372285106582));
#6434=CARTESIAN_POINT('',(-1.19727378309117,6.21729653360627,-2.94054447272183));
#6435=CARTESIAN_POINT('',(-1.13445318247022,6.21500936990142,-2.96584210556371));
#6436=CARTESIAN_POINT('',(-1.02634771284176,6.21100372312057,-3.00590958724166));
#6437=CARTESIAN_POINT('',(-0.80728753093508,6.20282016103203,-3.07609388911416));
#6438=CARTESIAN_POINT('',(-0.457801668553776,6.18983268133424,-3.15022535749881));
#6439=CARTESIAN_POINT('',(-0.162164441627862,6.17892275866627,-3.17500012997554));
#6440=CARTESIAN_POINT('',(2.54475708229005E-6,6.17291657434341,-3.17499999999898));
#6441=CARTESIAN_POINT('',(4.21241089996862E-14,6.52569444637145,3.175));
#6442=CARTESIAN_POINT('',(2.54475745170566E-6,6.87847212989895,-3.17499999999898));
#6443=CARTESIAN_POINT('',(0.27910193436558,6.86813511608002,-3.17499977630126));
#6444=CARTESIAN_POINT('',(0.639755868803192,6.85487677112191,-3.12278866916757));
#6445=CARTESIAN_POINT('',(1.02164001610843,6.84065541993371,-3.00897413964577));
#6446=CARTESIAN_POINT('',(1.20694014286171,6.83379344648976,-2.94065519520773));
#6447=CARTESIAN_POINT('',(1.51004075612843,6.82243223738275,-2.79943587196344));
#6448=CARTESIAN_POINT('',(1.7634945045882,6.81240488179992,-2.64586864065578));
#6449=CARTESIAN_POINT('',(1.97281040216866,6.80363974557669,-2.49087177580238));
#6450=CARTESIAN_POINT('',(2.1208775548172,6.79711501088041,-2.36488514630635));
#6451=CARTESIAN_POINT('',(2.25037831912278,6.79113425490956,-2.24089394992259));
#6452=CARTESIAN_POINT('',(2.28638474289205,6.7893449742293,-2.20325134774968));
#6453=CARTESIAN_POINT('',(2.38929776767162,6.7840530433244,-2.09363603039584));
#6454=CARTESIAN_POINT('',(2.53269434662559,6.77599101748079,-1.92372598539519));
#6455=CARTESIAN_POINT('',(2.7060626711099,6.76458512068099,-1.66892177932416));
#6456=CARTESIAN_POINT('',(2.83798877665478,6.75443130412984,-1.43117103027677));
#6457=CARTESIAN_POINT('',(2.9482812942937,6.74425050224203,-1.18436550389045));
#6458=CARTESIAN_POINT('',(2.98968043051191,6.73973996821957,-1.07084934344583));
#6459=CARTESIAN_POINT('',(3.05775934417099,6.73188033034649,-0.867370391972657));
#6460=CARTESIAN_POINT('',(3.11815265779141,6.7229959781369,-0.624258213940339));
#6461=CARTESIAN_POINT('',(3.15691698741338,6.71393175700918,-0.361093750008803));
#6462=CARTESIAN_POINT('',(3.1725284577982,6.70737904618244,-0.164107550146187));
#6463=CARTESIAN_POINT('',(3.17575671092401,6.70124078876995,0.0261773359329488));
#6464=CARTESIAN_POINT('',(3.17444469850519,6.70015766387815,0.059402771352194));
#6465=CARTESIAN_POINT('',(3.17118840098749,6.69619435477882,0.178201175280527));
#6466=CARTESIAN_POINT('',(3.15485486026432,6.68858393908891,0.399159735095368));
#6467=CARTESIAN_POINT('',(3.09681751864924,6.67589947642517,0.754894025441318));
#6468=CARTESIAN_POINT('',(2.95461757456595,6.65977627683206,1.1809561408101));
#6469=CARTESIAN_POINT('',(2.79138551377244,6.64581666179848,1.53051600018316));
#6470=CARTESIAN_POINT('',(2.60149313052403,6.63285702364283,1.83216578668855));
#6471=CARTESIAN_POINT('',(2.42701282354342,6.62267176846206,2.04913692911591));
#6472=CARTESIAN_POINT('',(2.32665449088512,6.61713719814134,2.16207741688246));
#6473=CARTESIAN_POINT('',(2.21779982458439,6.61143704725917,2.27276147888111));
#6474=CARTESIAN_POINT('',(2.210914049197,6.61111723990927,2.27859662683563));
#6475=CARTESIAN_POINT('',(2.1597866607735,6.60856833945762,2.32782705243874));
#6476=CARTESIAN_POINT('',(2.07381152119793,6.60449999417995,2.40589445971321));
#6477=CARTESIAN_POINT('',(1.89863116723884,6.59672246725835,2.55069990544244));
#6478=CARTESIAN_POINT('',(1.66535245594321,6.58730962936065,2.70896769320041));
#6479=CARTESIAN_POINT('',(1.45523381151334,6.57940528151344,2.82304451089));
#6480=CARTESIAN_POINT('',(1.33528501171617,6.57500882203895,2.88157767751086));
#6481=CARTESIAN_POINT('',(1.20671812609712,6.57041376893756,2.93722821037538));
#6482=CARTESIAN_POINT('',(1.19727434915968,6.57007433189397,2.94054424336094));
#6483=CARTESIAN_POINT('',(1.13445381747722,6.5677871713802,2.96584186135333));
#6484=CARTESIAN_POINT('',(1.02634840464168,6.56378152758757,3.00590934980874));
#6485=CARTESIAN_POINT('',(0.807288529154237,6.55559797766078,3.07609361051077));
#6486=CARTESIAN_POINT('',(0.45780328394971,6.54261052037381,3.15022509220563));
#6487=CARTESIAN_POINT('',(0.162166653746376,6.53170061873242,3.175));
#6488=CARTESIAN_POINT('',(0.,6.52569444637145,3.175));
#6489=CARTESIAN_POINT('',(2.54475745113746E-6,6.87847212989895,-3.17499999999898));
#6490=CARTESIAN_POINT('',(-7.77650717458569E-16,7.23125000192701,3.175));
#6491=CARTESIAN_POINT('',(-0.279099811223734,7.22091297188168,3.175));
#6492=CARTESIAN_POINT('',(-0.639754233391483,7.20765460916521,3.12278902677802));
#6493=CARTESIAN_POINT('',(-1.02163871907816,7.19343324552944,3.00897458174476));
#6494=CARTESIAN_POINT('',(-1.20693884332282,7.18657127222943,2.94065572983712));
#6495=CARTESIAN_POINT('',(-1.51003964294963,7.17521005728796,2.79943647802841));
#6496=CARTESIAN_POINT('',(-1.76349353036645,7.16518269847647,2.64586929285879));
#6497=CARTESIAN_POINT('',(-1.9728095495958,7.15641756014177,2.49087245411297));
#6498=CARTESIAN_POINT('',(-2.120876803418,7.14989282363345,2.36488582080984));
#6499=CARTESIAN_POINT('',(-2.25037761877476,7.14391206825207,2.24089465441418));
#6500=CARTESIAN_POINT('',(-2.28638418171048,7.14212278171362,2.20325193187569));
#6501=CARTESIAN_POINT('',(-2.3892973328255,7.13683084633419,2.09363653151364));
#6502=CARTESIAN_POINT('',(-2.53269403983646,7.1287688155579,1.92372639580146));
#6503=CARTESIAN_POINT('',(-2.70606243416068,7.11736291657726,1.66892216683067));
#6504=CARTESIAN_POINT('',(-2.83798858098433,7.10720909880009,1.43117141574273));
#6505=CARTESIAN_POINT('',(-2.94828111059469,7.09702829852429,1.18436596136033));
#6506=CARTESIAN_POINT('',(-2.98968030760183,7.09251775955413,1.07084969200295));
#6507=CARTESIAN_POINT('',(-3.05775926942733,7.08465811796916,0.867370662771264));
#6508=CARTESIAN_POINT('',(-3.11815262913879,7.07577376152717,0.62425838562755));
#6509=CARTESIAN_POINT('',(-3.1569169790126,7.06670953657681,0.361093813091981));
#6510=CARTESIAN_POINT('',(-3.17252845732945,7.06015682589929,0.164107617494195));
#6511=CARTESIAN_POINT('',(-3.17575670959353,7.05401856211841,-0.0261774751226911));
#6512=CARTESIAN_POINT('',(-3.17444470429589,7.05293545743416,-0.0594022819408962));
#6513=CARTESIAN_POINT('',(-3.17118844602036,7.04897216244942,-0.178200248864959));
#6514=CARTESIAN_POINT('',(-3.15485503721443,7.04136176874012,-0.399158128332132));
#6515=CARTESIAN_POINT('',(-3.09681795877879,7.02867731220827,-0.754892255433395));
#6516=CARTESIAN_POINT('',(-2.9546181559133,7.01255410269596,-1.18095472439857));
#6517=CARTESIAN_POINT('',(-2.7913860346495,6.99859447123907,-1.53051509838254));
#6518=CARTESIAN_POINT('',(-2.60149341525387,6.98563481373944,-1.83216543454575));
#6519=CARTESIAN_POINT('',(-2.42701273199439,6.97544953862649,-2.04913704292871));
#6520=CARTESIAN_POINT('',(-2.32665422163397,6.96991496005424,-2.1620777168839));
#6521=CARTESIAN_POINT('',(-2.21779915165922,6.96421479063679,-2.27276213904525));
#6522=CARTESIAN_POINT('',(-2.21091388050572,6.96389500939709,-2.27859678738339));
#6523=CARTESIAN_POINT('',(-2.15978679089508,6.96134612461068,-2.32782692654922));
#6524=CARTESIAN_POINT('',(-2.07381220728082,6.95727780694536,-2.40589384923227));
#6525=CARTESIAN_POINT('',(-1.89863219418992,6.94950029400526,-2.55069913696846));
#6526=CARTESIAN_POINT('',(-1.6653532741463,6.9400874441407,-2.70896722058621));
#6527=CARTESIAN_POINT('',(-1.45523403732554,6.9321830710327,-2.82304440120979));
#6528=CARTESIAN_POINT('',(-1.33528484916323,6.92778659562301,-2.88157776098779));
#6529=CARTESIAN_POINT('',(-1.20671740528425,6.92319152078113,-2.93722851036266));
#6530=CARTESIAN_POINT('',(-1.19727378300022,6.9228520891607,-2.94054447276524));
#6531=CARTESIAN_POINT('',(-1.13445318274528,6.92056492547249,-2.96584210545125));
#6532=CARTESIAN_POINT('',(-1.02634771307716,6.91655927869352,-3.00590958716593));
#6533=CARTESIAN_POINT('',(-0.807287531348512,6.90837571661341,-3.07609388900081));
#6534=CARTESIAN_POINT('',(-0.457801668854711,6.89538823690868,-3.15022535746482));
#6535=CARTESIAN_POINT('',(-0.162164441751204,6.88447831422948,-3.17500012997556));
#6536=CARTESIAN_POINT('',(2.54475745170566E-6,6.87847212989895,-3.17499999999898));
#6537=CARTESIAN_POINT('',(-1.80108546034835E-17,8.39695166847769,2.91745356026796E-16));
#6538=CARTESIAN_POINT('',(-1.741904146196,7.35,-2.18339548596614));
#6539=CARTESIAN_POINT('',(-2.31274563623996,7.35,-1.72798043875208));
#6540=CARTESIAN_POINT('',(-3.06236905923163,7.35,-0.367123215990307));
#6541=CARTESIAN_POINT('',(-2.65554117719525,7.35,1.1325907203317));
#6542=CARTESIAN_POINT('',(-2.2084957525754,7.35,1.70996854167804));
#6543=CARTESIAN_POINT('',(-1.74190166530465,7.35,-2.18339778504453));
#6544=CARTESIAN_POINT('',(-2.21858225726196,10.199999985552,-1.69686141779222));
#6545=CARTESIAN_POINT('',(-1.87962843353383,10.1767036826912,-2.13999800698167));
#6546=CARTESIAN_POINT('',(-1.39655342743056,10.1563657417042,-2.41890149179418));
#6547=CARTESIAN_POINT('',(-1.97486664625233E-16,10.0975694454079,-3.2252019890589));
#6548=CARTESIAN_POINT('',(1.39655342743055,10.0387731491117,-2.41890149179418));
#6549=CARTESIAN_POINT('',(2.79310685486111,9.97997685281535,-1.61260099452945));
#6550=CARTESIAN_POINT('',(2.79310685486111,9.92118055651906,-3.42056936948219E-16));
#6551=CARTESIAN_POINT('',(2.79310685486111,9.86238426022276,1.61260099452945));
#6552=CARTESIAN_POINT('',(1.39655342743056,9.80358796392646,2.41890149179418));
#6553=CARTESIAN_POINT('',(5.92459993875699E-16,9.74479166763017,3.2252019890589));
#6554=CARTESIAN_POINT('',(-1.39655342743055,9.68599537133387,2.41890149179418));
#6555=CARTESIAN_POINT('',(-2.79310685486111,9.62719907503758,1.61260099452945));
#6556=CARTESIAN_POINT('',(-2.79310685486111,9.56840277874128,0.));
#6557=CARTESIAN_POINT('',(-2.79310685486111,9.50960648244498,-1.61260099452945));
#6558=CARTESIAN_POINT('',(-1.39655342743056,9.45081018614868,-2.41890149179418));
#6559=CARTESIAN_POINT('',(-1.97486664625233E-16,9.39201388985239,-3.2252019890589));
#6560=CARTESIAN_POINT('',(1.39655342743055,9.33321759355609,-2.41890149179418));
#6561=CARTESIAN_POINT('',(2.79310685486111,9.2744212972598,-1.61260099452945));
#6562=CARTESIAN_POINT('',(2.79310685486111,9.2156250009635,-3.42056936948219E-16));
#6563=CARTESIAN_POINT('',(2.79310685486111,9.15682870466721,1.61260099452945));
#6564=CARTESIAN_POINT('',(1.39655342743056,9.09803240837091,2.41890149179418));
#6565=CARTESIAN_POINT('',(5.92459993875699E-16,9.03923611207461,3.2252019890589));
#6566=CARTESIAN_POINT('',(-1.39655342743055,8.98043981577832,2.41890149179418));
#6567=CARTESIAN_POINT('',(-2.79310685486111,8.92164351948202,1.61260099452945));
#6568=CARTESIAN_POINT('',(-2.79310685486111,8.86284722318572,0.));
#6569=CARTESIAN_POINT('',(-2.79310685486111,8.80405092688943,-1.61260099452945));
#6570=CARTESIAN_POINT('',(-1.39655342743056,8.74525463059313,-2.41890149179418));
#6571=CARTESIAN_POINT('',(-1.97486664625233E-16,8.68645833429683,-3.2252019890589));
#6572=CARTESIAN_POINT('',(1.39655342743055,8.62766203800054,-2.41890149179418));
#6573=CARTESIAN_POINT('',(2.79310685486111,8.56886574170424,-1.61260099452945));
#6574=CARTESIAN_POINT('',(2.79310685486111,8.51006944540794,-3.42056936948219E-16));
#6575=CARTESIAN_POINT('',(2.79310685486111,8.45127314911165,1.61260099452945));
#6576=CARTESIAN_POINT('',(1.39655342743056,8.39247685281535,2.41890149179418));
#6577=CARTESIAN_POINT('',(5.92459993875699E-16,8.33368055651906,3.2252019890589));
#6578=CARTESIAN_POINT('',(-1.39655342743055,8.27488426022276,2.41890149179418));
#6579=CARTESIAN_POINT('',(-2.79310685486111,8.21608796392646,1.61260099452945));
#6580=CARTESIAN_POINT('',(-2.79310685486111,8.15729166763017,0.));
#6581=CARTESIAN_POINT('',(-2.79310685486111,8.09849537133387,-1.61260099452945));
#6582=CARTESIAN_POINT('',(-1.39655342743056,8.03969907503757,-2.41890149179418));
#6583=CARTESIAN_POINT('',(-1.97486664625233E-16,7.98090277874128,-3.2252019890589));
#6584=CARTESIAN_POINT('',(1.39655342743055,7.92210648244498,-2.41890149179418));
#6585=CARTESIAN_POINT('',(2.79310685486111,7.86331018614869,-1.61260099452945));
#6586=CARTESIAN_POINT('',(2.79310685486111,7.80451388985239,-3.42056936948219E-16));
#6587=CARTESIAN_POINT('',(2.79310685486111,7.74571759355609,1.61260099452945));
#6588=CARTESIAN_POINT('',(1.39655342743056,7.6869212972598,2.41890149179418));
#6589=CARTESIAN_POINT('',(5.92459993875699E-16,7.6281250009635,3.2252019890589));
#6590=CARTESIAN_POINT('',(-1.39655342743055,7.56932870466721,2.41890149179418));
#6591=CARTESIAN_POINT('',(-2.79310685486111,7.51053240837091,1.61260099452945));
#6592=CARTESIAN_POINT('',(-2.79310685486111,7.45173611207461,0.));
#6593=CARTESIAN_POINT('',(-2.79310685486111,7.39293981577832,-1.61260099452945));
#6594=CARTESIAN_POINT('',(-1.39655342743056,7.33414351948202,-2.41890149179418));
#6595=CARTESIAN_POINT('',(-1.97486664625233E-16,7.27534722318572,-3.2252019890589));
#6596=CARTESIAN_POINT('',(1.39655342743055,7.21655092688943,-2.41890149179418));
#6597=CARTESIAN_POINT('',(2.79310685486111,7.15775463059313,-1.61260099452945));
#6598=CARTESIAN_POINT('',(2.79310685486111,7.09895833429683,-3.42056936948219E-16));
#6599=CARTESIAN_POINT('',(2.79310685486111,7.04016203800054,1.61260099452945));
#6600=CARTESIAN_POINT('',(1.39655342743056,6.98136574170424,2.41890149179418));
#6601=CARTESIAN_POINT('',(5.92459993875699E-16,6.92256944540794,3.2252019890589));
#6602=CARTESIAN_POINT('',(-1.39655342743055,6.86377314911165,2.41890149179418));
#6603=CARTESIAN_POINT('',(-2.79310685486111,6.80497685281535,1.61260099452945));
#6604=CARTESIAN_POINT('',(-2.79310685486111,6.74618055651906,0.));
#6605=CARTESIAN_POINT('',(-2.79310685486111,6.68738426022276,-1.61260099452945));
#6606=CARTESIAN_POINT('',(-1.39655342743056,6.62858796392646,-2.41890149179418));
#6607=CARTESIAN_POINT('',(-1.97486664625233E-16,6.56979166763017,-3.2252019890589));
#6608=CARTESIAN_POINT('',(1.39655342743055,6.51099537133387,-2.41890149179418));
#6609=CARTESIAN_POINT('',(2.79310685486111,6.45219907503757,-1.61260099452945));
#6610=CARTESIAN_POINT('',(2.79310685486111,6.39340277874128,-3.42056936948219E-16));
#6611=CARTESIAN_POINT('',(2.79310685486111,6.33460648244498,1.61260099452945));
#6612=CARTESIAN_POINT('',(1.39655342743056,6.27581018614869,2.41890149179418));
#6613=CARTESIAN_POINT('',(5.92459993875699E-16,6.21701388985239,3.2252019890589));
#6614=CARTESIAN_POINT('',(-1.39655342743055,6.15821759355609,2.41890149179418));
#6615=CARTESIAN_POINT('',(-2.79310685486111,6.0994212972598,1.61260099452945));
#6616=CARTESIAN_POINT('',(-2.79310685486111,6.0406250009635,0.));
#6617=CARTESIAN_POINT('',(-2.79310685486111,5.9818287046672,-1.61260099452945));
#6618=CARTESIAN_POINT('',(-1.39655342743056,5.92303240837091,-2.41890149179418));
#6619=CARTESIAN_POINT('',(-1.97486664625233E-16,5.86423611207461,-3.2252019890589));
#6620=CARTESIAN_POINT('',(1.39655342743055,5.80543981577832,-2.41890149179418));
#6621=CARTESIAN_POINT('',(2.79310685486111,5.74664351948202,-1.61260099452945));
#6622=CARTESIAN_POINT('',(2.79310685486111,5.68784722318572,-3.42056936948219E-16));
#6623=CARTESIAN_POINT('',(2.79310685486111,5.62905092688943,1.61260099452945));
#6624=CARTESIAN_POINT('',(1.39655342743056,5.57025463059313,2.41890149179418));
#6625=CARTESIAN_POINT('',(5.92459993875699E-16,5.51145833429684,3.2252019890589));
#6626=CARTESIAN_POINT('',(-1.39655342743055,5.45266203800054,2.41890149179418));
#6627=CARTESIAN_POINT('',(-2.79310685486111,5.39386574170424,1.61260099452945));
#6628=CARTESIAN_POINT('',(-2.79310685486111,5.33506944540795,0.));
#6629=CARTESIAN_POINT('',(-2.79310685486111,5.27627314911165,-1.61260099452945));
#6630=CARTESIAN_POINT('',(-1.39655342743056,5.21747685281535,-2.41890149179418));
#6631=CARTESIAN_POINT('',(-1.97486664625233E-16,5.15868055651906,-3.2252019890589));
#6632=CARTESIAN_POINT('',(1.39655342743055,5.09988426022276,-2.41890149179418));
#6633=CARTESIAN_POINT('',(2.79310685486111,5.04108796392646,-1.61260099452945));
#6634=CARTESIAN_POINT('',(2.79310685486111,4.98229166763017,-3.42056936948219E-16));
#6635=CARTESIAN_POINT('',(2.79310685486111,4.92349537133387,1.61260099452945));
#6636=CARTESIAN_POINT('',(1.39655342743056,4.86469907503758,2.41890149179418));
#6637=CARTESIAN_POINT('',(5.92459993875699E-16,4.80590277874128,3.2252019890589));
#6638=CARTESIAN_POINT('',(-1.39655342743055,4.74710648244498,2.41890149179418));
#6639=CARTESIAN_POINT('',(-2.79310685486111,4.68831018614868,1.61260099452945));
#6640=CARTESIAN_POINT('',(-2.79310685486111,4.62951388985239,0.));
#6641=CARTESIAN_POINT('',(-2.79310685486111,4.57071759355609,-1.61260099452945));
#6642=CARTESIAN_POINT('',(-1.39655342743056,4.5119212972598,-2.41890149179418));
#6643=CARTESIAN_POINT('',(-1.97486664625233E-16,4.4531250009635,-3.2252019890589));
#6644=CARTESIAN_POINT('',(1.39655342743055,4.3943287046672,-2.41890149179418));
#6645=CARTESIAN_POINT('',(2.79310685486111,4.33553240837091,-1.61260099452945));
#6646=CARTESIAN_POINT('',(2.79310685486111,4.27673611207461,-3.42056936948219E-16));
#6647=CARTESIAN_POINT('',(2.79310685486111,4.21793981577832,1.61260099452945));
#6648=CARTESIAN_POINT('',(1.39655342743056,4.15914351948202,2.41890149179418));
#6649=CARTESIAN_POINT('',(5.92459993875699E-16,4.10034722318572,3.2252019890589));
#6650=CARTESIAN_POINT('',(-1.39655342743055,4.04155092688943,2.41890149179418));
#6651=CARTESIAN_POINT('',(-2.79310685486111,3.98275463059313,1.61260099452945));
#6652=CARTESIAN_POINT('',(-2.79310685486111,3.92395833429683,0.));
#6653=CARTESIAN_POINT('',(-2.79310685486111,3.86516203800054,-1.61260099452945));
#6654=CARTESIAN_POINT('',(-1.39655342743056,3.80636574170424,-2.41890149179418));
#6655=CARTESIAN_POINT('',(-1.97486664625233E-16,3.74756944540795,-3.2252019890589));
#6656=CARTESIAN_POINT('',(1.39655342743055,3.68877314911165,-2.41890149179418));
#6657=CARTESIAN_POINT('',(2.79310685486111,3.62997685281535,-1.61260099452945));
#6658=CARTESIAN_POINT('',(2.79310685486111,3.57118055651906,-3.42056936948219E-16));
#6659=CARTESIAN_POINT('',(2.79310685486111,3.51238426022276,1.61260099452945));
#6660=CARTESIAN_POINT('',(1.39655342743056,3.45358796392646,2.41890149179418));
#6661=CARTESIAN_POINT('',(5.92459993875699E-16,3.39479166763017,3.2252019890589));
#6662=CARTESIAN_POINT('',(-1.39655342743055,3.33599537133387,2.41890149179418));
#6663=CARTESIAN_POINT('',(-2.79310685486111,3.27719907503757,1.61260099452945));
#6664=CARTESIAN_POINT('',(-2.79310685486111,3.21840277874128,0.));
#6665=CARTESIAN_POINT('',(-2.79310685486111,3.15960648244498,-1.61260099452945));
#6666=CARTESIAN_POINT('',(-1.39655342743056,3.10081018614869,-2.41890149179418));
#6667=CARTESIAN_POINT('',(-1.97486664625233E-16,3.04201388985239,-3.2252019890589));
#6668=CARTESIAN_POINT('',(1.39655342743055,2.98321759355609,-2.41890149179418));
#6669=CARTESIAN_POINT('',(2.79310685486111,2.9244212972598,-1.61260099452945));
#6670=CARTESIAN_POINT('',(2.79310685486111,2.8656250009635,-3.42056936948219E-16));
#6671=CARTESIAN_POINT('',(2.79310685486111,2.80682870466721,1.61260099452945));
#6672=CARTESIAN_POINT('',(1.39655342743056,2.74803240837091,2.41890149179418));
#6673=CARTESIAN_POINT('',(5.92459993875699E-16,2.68923611207461,3.2252019890589));
#6674=CARTESIAN_POINT('',(-1.39655342743055,2.63043981577832,2.41890149179418));
#6675=CARTESIAN_POINT('',(-2.79310685486111,2.57164351948202,1.61260099452945));
#6676=CARTESIAN_POINT('',(-2.79310685486111,2.51284722318572,0.));
#6677=CARTESIAN_POINT('',(-2.79310685486111,2.45405092688943,-1.61260099452945));
#6678=CARTESIAN_POINT('',(-1.39655342743056,2.39525463059313,-2.41890149179418));
#6679=CARTESIAN_POINT('',(-1.97486664625233E-16,2.33645833429684,-3.2252019890589));
#6680=CARTESIAN_POINT('',(1.39655342743055,2.27766203800054,-2.41890149179418));
#6681=CARTESIAN_POINT('',(2.79310685486111,2.21886574170424,-1.61260099452945));
#6682=CARTESIAN_POINT('',(2.79310685486111,2.16006944540795,-3.42056936948219E-16));
#6683=CARTESIAN_POINT('',(2.79310685486111,2.10127314911165,1.61260099452945));
#6684=CARTESIAN_POINT('',(1.39655342743056,2.04247685281535,2.41890149179418));
#6685=CARTESIAN_POINT('',(5.92459993875699E-16,1.98368055651906,3.2252019890589));
#6686=CARTESIAN_POINT('',(-1.39655342743055,1.92488426022276,2.41890149179418));
#6687=CARTESIAN_POINT('',(-2.79310685486111,1.86608796392646,1.61260099452945));
#6688=CARTESIAN_POINT('',(-2.79310685486111,1.80729166763017,0.));
#6689=CARTESIAN_POINT('',(-2.79310685486111,1.74849537133387,-1.61260099452945));
#6690=CARTESIAN_POINT('',(-1.39655342743056,1.68969907503757,-2.41890149179418));
#6691=CARTESIAN_POINT('',(-1.97486664625233E-16,1.63090277874128,-3.2252019890589));
#6692=CARTESIAN_POINT('',(1.39655342743055,1.57210648244498,-2.41890149179418));
#6693=CARTESIAN_POINT('',(2.79310685486111,1.51331018614869,-1.61260099452945));
#6694=CARTESIAN_POINT('',(2.79310685486111,1.45451388985239,-3.42056936948219E-16));
#6695=CARTESIAN_POINT('',(2.79310685486111,1.39571759355609,1.61260099452945));
#6696=CARTESIAN_POINT('',(1.39655342743056,1.3369212972598,2.41890149179418));
#6697=CARTESIAN_POINT('',(5.92459993875699E-16,1.2781250009635,3.2252019890589));
#6698=CARTESIAN_POINT('',(-1.39655342743055,1.21932870466721,2.41890149179418));
#6699=CARTESIAN_POINT('',(-2.79310685486111,1.16053240837091,1.61260099452945));
#6700=CARTESIAN_POINT('',(-2.79310685486111,1.10173611207461,0.));
#6701=CARTESIAN_POINT('',(-2.79310685486111,1.04293981577832,-1.61260099452945));
#6702=CARTESIAN_POINT('',(-1.39655342743056,0.98414351948202,-2.41890149179418));
#6703=CARTESIAN_POINT('',(-1.97486664625233E-16,0.925347223185723,-3.2252019890589));
#6704=CARTESIAN_POINT('',(1.39655342743055,0.866550926889427,-2.41890149179418));
#6705=CARTESIAN_POINT('',(2.79310685486111,0.807754630593131,-1.61260099452945));
#6706=CARTESIAN_POINT('',(2.79310685486111,0.748958334296834,-3.42056936948219E-16));
#6707=CARTESIAN_POINT('',(2.79310685486111,0.690162038000538,1.61260099452945));
#6708=CARTESIAN_POINT('',(1.39655342743056,0.631365741704242,2.41890149179418));
#6709=CARTESIAN_POINT('',(5.92459993875699E-16,0.572569445407945,3.2252019890589));
#6710=CARTESIAN_POINT('',(-1.39655342743055,0.513773149111649,2.41890149179418));
#6711=CARTESIAN_POINT('',(-2.79310685486111,0.454976852815352,1.61260099452945));
#6712=CARTESIAN_POINT('',(-2.79310685486111,0.396180556519056,0.));
#6713=CARTESIAN_POINT('',(-2.79310685486111,0.33738426022276,-1.61260099452945));
#6714=CARTESIAN_POINT('',(-1.39655342743056,0.278587963926465,-2.41890149179418));
#6715=CARTESIAN_POINT('',(-1.97486664625233E-16,0.219791667630169,-3.2252019890589));
#6716=CARTESIAN_POINT('',(1.39655342743055,0.160995371333872,-2.41890149179418));
#6717=CARTESIAN_POINT('',(2.79310685486111,0.102199075037576,-1.61260099452945));
#6718=CARTESIAN_POINT('',(2.79310685486111,0.0434027787412795,-3.42056936948219E-16));
#6719=CARTESIAN_POINT('',(2.79310685486111,0.0231661581454714,0.555028063915156));
#6720=CARTESIAN_POINT('',(2.58090301199822,1.17512342514992E-16,1.06788835808367));
#6721=CARTESIAN_POINT('',(2.58090349456645,7.05074055089952E-17,1.06788722038403));
#6722=CARTESIAN_POINT('',(1.03092036793756,0.,-2.59589081003874));
#6723=CARTESIAN_POINT('',(1.72167915445583,0.,-2.32156598112081));
#6724=CARTESIAN_POINT('',(2.85107182401139,0.,-1.20528352351328));
#6725=CARTESIAN_POINT('',(2.86579982927731,0.,0.379340760174031));
#6726=CARTESIAN_POINT('',(2.58090348446758,0.,1.06788721620554));
#6727=CARTESIAN_POINT('',(-2.46697819417159,7.39680327279329,-1.30841579069761));
#6728=CARTESIAN_POINT('',(-2.0910572014285,7.36303957017434,-2.01720339355441));
#6729=CARTESIAN_POINT('',(-1.39623899206627,7.3337804407976,-2.41835687376754));
#6730=CARTESIAN_POINT('',(-1.97442200310361E-16,7.2749841445013,-3.22447583169006));
#6731=CARTESIAN_POINT('',(1.39623899206627,7.216187848205,-2.41835687376754));
#6732=CARTESIAN_POINT('',(2.79247798413254,7.15739155190871,-1.61223791584503));
#6733=CARTESIAN_POINT('',(2.79247798413255,7.09859525561241,-3.41979922495737E-16));
#6734=CARTESIAN_POINT('',(2.79247798413255,7.03979895931611,1.61223791584503));
#6735=CARTESIAN_POINT('',(1.39623899206627,6.98100266301982,2.41835687376754));
#6736=CARTESIAN_POINT('',(5.92326600931084E-16,6.92220636672352,3.22447583169006));
#6737=CARTESIAN_POINT('',(-1.39623899206627,6.86341007042723,2.41835687376754));
#6738=CARTESIAN_POINT('',(-2.79247798413254,6.80461377413093,1.61223791584503));
#6739=CARTESIAN_POINT('',(-2.79247798413255,6.74581747783463,0.));
#6740=CARTESIAN_POINT('',(-2.79247798413255,6.68702118153834,-1.61223791584503));
#6741=CARTESIAN_POINT('',(-1.39623899206627,6.62822488524204,-2.41835687376754));
#6742=CARTESIAN_POINT('',(-1.97442200310361E-16,6.56942858894574,-3.22447583169006));
#6743=CARTESIAN_POINT('',(1.39623899206627,6.51063229264945,-2.41835687376754));
#6744=CARTESIAN_POINT('',(2.79247798413254,6.45183599635315,-1.61223791584503));
#6745=CARTESIAN_POINT('',(2.79247798413255,6.39303970005686,-3.41979922495737E-16));
#6746=CARTESIAN_POINT('',(2.79247798413255,6.33424340376056,1.61223791584503));
#6747=CARTESIAN_POINT('',(1.39623899206627,6.27544710746426,2.41835687376754));
#6748=CARTESIAN_POINT('',(5.92326600931084E-16,6.21665081116797,3.22447583169006));
#6749=CARTESIAN_POINT('',(-1.39623899206627,6.15785451487167,2.41835687376754));
#6750=CARTESIAN_POINT('',(-2.79247798413254,6.09905821857538,1.61223791584503));
#6751=CARTESIAN_POINT('',(-2.79247798413255,6.04026192227908,0.));
#6752=CARTESIAN_POINT('',(-2.79247798413255,5.98146562598278,-1.61223791584503));
#6753=CARTESIAN_POINT('',(-1.39623899206627,5.92266932968649,-2.41835687376754));
#6754=CARTESIAN_POINT('',(-1.97442200310361E-16,5.86387303339019,-3.22447583169006));
#6755=CARTESIAN_POINT('',(1.39623899206627,5.80507673709389,-2.41835687376754));
#6756=CARTESIAN_POINT('',(2.79247798413254,5.7462804407976,-1.61223791584503));
#6757=CARTESIAN_POINT('',(2.79247798413255,5.6874841445013,-3.41979922495737E-16));
#6758=CARTESIAN_POINT('',(2.79247798413255,5.62868784820501,1.61223791584503));
#6759=CARTESIAN_POINT('',(1.39623899206627,5.56989155190871,2.41835687376754));
#6760=CARTESIAN_POINT('',(5.92326600931084E-16,5.51109525561241,3.22447583169006));
#6761=CARTESIAN_POINT('',(-1.39623899206627,5.45229895931612,2.41835687376754));
#6762=CARTESIAN_POINT('',(-2.79247798413254,5.39350266301982,1.61223791584503));
#6763=CARTESIAN_POINT('',(-2.79247798413255,5.33470636672352,0.));
#6764=CARTESIAN_POINT('',(-2.79247798413255,5.27591007042723,-1.61223791584503));
#6765=CARTESIAN_POINT('',(-1.39623899206627,5.21711377413093,-2.41835687376754));
#6766=CARTESIAN_POINT('',(-1.97442200310361E-16,5.15831747783463,-3.22447583169006));
#6767=CARTESIAN_POINT('',(1.39623899206627,5.09952118153834,-2.41835687376754));
#6768=CARTESIAN_POINT('',(2.79247798413254,5.04072488524204,-1.61223791584503));
#6769=CARTESIAN_POINT('',(2.79247798413255,4.98192858894575,-3.41979922495737E-16));
#6770=CARTESIAN_POINT('',(2.79247798413255,4.92313229264945,1.61223791584503));
#6771=CARTESIAN_POINT('',(1.39623899206627,4.86433599635315,2.41835687376754));
#6772=CARTESIAN_POINT('',(5.92326600931084E-16,4.80553970005686,3.22447583169006));
#6773=CARTESIAN_POINT('',(-1.39623899206627,4.74674340376056,2.41835687376754));
#6774=CARTESIAN_POINT('',(-2.79247798413254,4.68794710746426,1.61223791584503));
#6775=CARTESIAN_POINT('',(-2.79247798413255,4.62915081116797,0.));
#6776=CARTESIAN_POINT('',(-2.79247798413255,4.57035451487167,-1.61223791584503));
#6777=CARTESIAN_POINT('',(-1.39623899206627,4.51155821857537,-2.41835687376754));
#6778=CARTESIAN_POINT('',(-1.97442200310361E-16,4.45276192227908,-3.22447583169006));
#6779=CARTESIAN_POINT('',(1.39623899206627,4.39396562598278,-2.41835687376754));
#6780=CARTESIAN_POINT('',(2.79247798413254,4.33516932968649,-1.61223791584503));
#6781=CARTESIAN_POINT('',(2.79247798413255,4.27637303339019,-3.41979922495737E-16));
#6782=CARTESIAN_POINT('',(2.79247798413255,4.21757673709389,1.61223791584503));
#6783=CARTESIAN_POINT('',(1.39623899206627,4.1587804407976,2.41835687376754));
#6784=CARTESIAN_POINT('',(5.92326600931084E-16,4.0999841445013,3.22447583169006));
#6785=CARTESIAN_POINT('',(-1.39623899206627,4.041187848205,2.41835687376754));
#6786=CARTESIAN_POINT('',(-2.79247798413254,3.98239155190871,1.61223791584503));
#6787=CARTESIAN_POINT('',(-2.79247798413255,3.92359525561241,0.));
#6788=CARTESIAN_POINT('',(-2.79247798413255,3.86479895931612,-1.61223791584503));
#6789=CARTESIAN_POINT('',(-1.39623899206627,3.80600266301982,-2.41835687376754));
#6790=CARTESIAN_POINT('',(-1.97442200310361E-16,3.74720636672352,-3.22447583169006));
#6791=CARTESIAN_POINT('',(1.39623899206627,3.68841007042723,-2.41835687376754));
#6792=CARTESIAN_POINT('',(2.79247798413254,3.62961377413093,-1.61223791584503));
#6793=CARTESIAN_POINT('',(2.79247798413255,3.57081747783463,-3.41979922495737E-16));
#6794=CARTESIAN_POINT('',(2.79247798413255,3.51202118153834,1.61223791584503));
#6795=CARTESIAN_POINT('',(1.39623899206627,3.45322488524204,2.41835687376754));
#6796=CARTESIAN_POINT('',(5.92326600931084E-16,3.39442858894575,3.22447583169006));
#6797=CARTESIAN_POINT('',(-1.39623899206627,3.33563229264945,2.41835687376754));
#6798=CARTESIAN_POINT('',(-2.79247798413254,3.27683599635315,1.61223791584503));
#6799=CARTESIAN_POINT('',(-2.79247798413255,3.21803970005686,0.));
#6800=CARTESIAN_POINT('',(-2.79247798413255,3.15924340376056,-1.61223791584503));
#6801=CARTESIAN_POINT('',(-1.39623899206627,3.10044710746426,-2.41835687376754));
#6802=CARTESIAN_POINT('',(-1.97442200310361E-16,3.04165081116797,-3.22447583169006));
#6803=CARTESIAN_POINT('',(1.39623899206627,2.98285451487167,-2.41835687376754));
#6804=CARTESIAN_POINT('',(2.79247798413254,2.92405821857537,-1.61223791584503));
#6805=CARTESIAN_POINT('',(2.79247798413255,2.86526192227908,-3.41979922495737E-16));
#6806=CARTESIAN_POINT('',(2.79247798413255,2.80646562598278,1.61223791584503));
#6807=CARTESIAN_POINT('',(1.39623899206627,2.74766932968649,2.41835687376754));
#6808=CARTESIAN_POINT('',(5.92326600931084E-16,2.68887303339019,3.22447583169006));
#6809=CARTESIAN_POINT('',(-1.39623899206627,2.63007673709389,2.41835687376754));
#6810=CARTESIAN_POINT('',(-2.79247798413254,2.5712804407976,1.61223791584503));
#6811=CARTESIAN_POINT('',(-2.79247798413255,2.5124841445013,0.));
#6812=CARTESIAN_POINT('',(-2.79247798413255,2.45368784820501,-1.61223791584503));
#6813=CARTESIAN_POINT('',(-1.39623899206627,2.39489155190871,-2.41835687376754));
#6814=CARTESIAN_POINT('',(-1.97442200310361E-16,2.33609525561241,-3.22447583169006));
#6815=CARTESIAN_POINT('',(1.39623899206627,2.27729895931612,-2.41835687376754));
#6816=CARTESIAN_POINT('',(2.79247798413254,2.21850266301982,-1.61223791584503));
#6817=CARTESIAN_POINT('',(2.79247798413255,2.15970636672352,-3.41979922495737E-16));
#6818=CARTESIAN_POINT('',(2.79247798413255,2.10091007042723,1.61223791584503));
#6819=CARTESIAN_POINT('',(1.39623899206627,2.04211377413093,2.41835687376754));
#6820=CARTESIAN_POINT('',(5.92326600931084E-16,1.98331747783463,3.22447583169006));
#6821=CARTESIAN_POINT('',(-1.39623899206627,1.92452118153834,2.41835687376754));
#6822=CARTESIAN_POINT('',(-2.79247798413254,1.86572488524204,1.61223791584503));
#6823=CARTESIAN_POINT('',(-2.79247798413255,1.80692858894575,0.));
#6824=CARTESIAN_POINT('',(-2.79247798413255,1.74813229264945,-1.61223791584503));
#6825=CARTESIAN_POINT('',(-1.39623899206627,1.68933599635315,-2.41835687376754));
#6826=CARTESIAN_POINT('',(-1.97442200310361E-16,1.63053970005686,-3.22447583169006));
#6827=CARTESIAN_POINT('',(1.39623899206627,1.57174340376056,-2.41835687376754));
#6828=CARTESIAN_POINT('',(2.79247798413254,1.51294710746427,-1.61223791584503));
#6829=CARTESIAN_POINT('',(2.79247798413255,1.45415081116797,-3.41979922495737E-16));
#6830=CARTESIAN_POINT('',(2.79247798413255,1.39535451487167,1.61223791584503));
#6831=CARTESIAN_POINT('',(1.39623899206627,1.33655821857538,2.41835687376754));
#6832=CARTESIAN_POINT('',(5.92326600931084E-16,1.27776192227908,3.22447583169006));
#6833=CARTESIAN_POINT('',(-1.39623899206627,1.21896562598278,2.41835687376754));
#6834=CARTESIAN_POINT('',(-2.79247798413254,1.16016932968649,1.61223791584503));
#6835=CARTESIAN_POINT('',(-2.79247798413255,1.10137303339019,0.));
#6836=CARTESIAN_POINT('',(-2.79247798413255,1.04257673709389,-1.61223791584503));
#6837=CARTESIAN_POINT('',(-1.39623899206627,0.983780440797598,-2.41835687376754));
#6838=CARTESIAN_POINT('',(-1.97442200310361E-16,0.924984144501301,-3.22447583169006));
#6839=CARTESIAN_POINT('',(1.39623899206627,0.866187848205005,-2.41835687376754));
#6840=CARTESIAN_POINT('',(2.79247798413254,0.807391551908708,-1.61223791584503));
#6841=CARTESIAN_POINT('',(2.79247798413255,0.748595255612412,-3.41979922495737E-16));
#6842=CARTESIAN_POINT('',(2.79247798413255,0.689798959316116,1.61223791584503));
#6843=CARTESIAN_POINT('',(1.39623899206627,0.631002663019819,2.41835687376754));
#6844=CARTESIAN_POINT('',(5.92326600931084E-16,0.572206366723523,3.22447583169006));
#6845=CARTESIAN_POINT('',(-1.39623899206627,0.513410070427227,2.41835687376754));
#6846=CARTESIAN_POINT('',(-2.79247798413254,0.45461377413093,1.61223791584503));
#6847=CARTESIAN_POINT('',(-2.79247798413255,0.395817477834634,0.));
#6848=CARTESIAN_POINT('',(-2.79247798413255,0.337021181538337,-1.61223791584503));
#6849=CARTESIAN_POINT('',(-1.39623899206627,0.278224885242043,-2.41835687376754));
#6850=CARTESIAN_POINT('',(-1.97442200310361E-16,0.219428588945746,-3.22447583169006));
#6851=CARTESIAN_POINT('',(1.39623899206627,0.16063229264945,-2.41835687376754));
#6852=CARTESIAN_POINT('',(2.79247798413254,0.101835996353154,-1.61223791584503));
#6853=CARTESIAN_POINT('',(2.79247798413255,0.0430397000568574,-3.41979922495737E-16));
#6854=CARTESIAN_POINT('',(2.79247798413255,-0.015756596239439,1.61223791584503));
#6855=CARTESIAN_POINT('',(1.39623899206627,-0.0745528925357354,2.41835687376754));
#6856=CARTESIAN_POINT('',(5.92326600931084E-16,-0.133349188832032,3.22447583169006));
#6857=CARTESIAN_POINT('',(-1.39623899206627,-0.192145485128328,2.41835687376754));
#6858=CARTESIAN_POINT('',(-2.24793114100841,-0.228010651641351,1.92663218230911));
#6859=CARTESIAN_POINT('',(-2.60353399893651,-0.268936421528208,1.00972471904308));
#6860=CARTESIAN_POINT('',(-2.46753376180118,7.39716635147771,-1.30871044812955));
#6861=CARTESIAN_POINT('',(-2.09152811101962,7.36340264885876,-2.01765767114405));
#6862=CARTESIAN_POINT('',(-1.39655342743056,7.33414351948202,-2.41890149179418));
#6863=CARTESIAN_POINT('',(-1.97486664625233E-16,7.27534722318572,-3.2252019890589));
#6864=CARTESIAN_POINT('',(1.39655342743055,7.21655092688943,-2.41890149179418));
#6865=CARTESIAN_POINT('',(2.79310685486111,7.15775463059313,-1.61260099452945));
#6866=CARTESIAN_POINT('',(2.79310685486111,7.09895833429683,-3.42056936948219E-16));
#6867=CARTESIAN_POINT('',(2.79310685486111,7.04016203800054,1.61260099452945));
#6868=CARTESIAN_POINT('',(1.39655342743056,6.98136574170424,2.41890149179418));
#6869=CARTESIAN_POINT('',(5.92459993875699E-16,6.92256944540794,3.2252019890589));
#6870=CARTESIAN_POINT('',(-1.39655342743055,6.86377314911165,2.41890149179418));
#6871=CARTESIAN_POINT('',(-2.79310685486111,6.80497685281535,1.61260099452945));
#6872=CARTESIAN_POINT('',(-2.79310685486111,6.74618055651906,0.));
#6873=CARTESIAN_POINT('',(-2.79310685486111,6.68738426022276,-1.61260099452945));
#6874=CARTESIAN_POINT('',(-1.39655342743056,6.62858796392646,-2.41890149179418));
#6875=CARTESIAN_POINT('',(-1.97486664625233E-16,6.56979166763017,-3.2252019890589));
#6876=CARTESIAN_POINT('',(1.39655342743055,6.51099537133387,-2.41890149179418));
#6877=CARTESIAN_POINT('',(2.79310685486111,6.45219907503757,-1.61260099452945));
#6878=CARTESIAN_POINT('',(2.79310685486111,6.39340277874128,-3.42056936948219E-16));
#6879=CARTESIAN_POINT('',(2.79310685486111,6.33460648244498,1.61260099452945));
#6880=CARTESIAN_POINT('',(1.39655342743056,6.27581018614869,2.41890149179418));
#6881=CARTESIAN_POINT('',(5.92459993875699E-16,6.21701388985239,3.2252019890589));
#6882=CARTESIAN_POINT('',(-1.39655342743055,6.15821759355609,2.41890149179418));
#6883=CARTESIAN_POINT('',(-2.79310685486111,6.0994212972598,1.61260099452945));
#6884=CARTESIAN_POINT('',(-2.79310685486111,6.0406250009635,0.));
#6885=CARTESIAN_POINT('',(-2.79310685486111,5.9818287046672,-1.61260099452945));
#6886=CARTESIAN_POINT('',(-1.39655342743056,5.92303240837091,-2.41890149179418));
#6887=CARTESIAN_POINT('',(-1.97486664625233E-16,5.86423611207461,-3.2252019890589));
#6888=CARTESIAN_POINT('',(1.39655342743055,5.80543981577832,-2.41890149179418));
#6889=CARTESIAN_POINT('',(2.79310685486111,5.74664351948202,-1.61260099452945));
#6890=CARTESIAN_POINT('',(2.79310685486111,5.68784722318572,-3.42056936948219E-16));
#6891=CARTESIAN_POINT('',(2.79310685486111,5.62905092688943,1.61260099452945));
#6892=CARTESIAN_POINT('',(1.39655342743056,5.57025463059313,2.41890149179418));
#6893=CARTESIAN_POINT('',(5.92459993875699E-16,5.51145833429683,3.2252019890589));
#6894=CARTESIAN_POINT('',(-1.39655342743055,5.45266203800054,2.41890149179418));
#6895=CARTESIAN_POINT('',(-2.79310685486111,5.39386574170424,1.61260099452945));
#6896=CARTESIAN_POINT('',(-2.79310685486111,5.33506944540795,0.));
#6897=CARTESIAN_POINT('',(-2.79310685486111,5.27627314911165,-1.61260099452945));
#6898=CARTESIAN_POINT('',(-1.39655342743056,5.21747685281535,-2.41890149179418));
#6899=CARTESIAN_POINT('',(-1.97486664625233E-16,5.15868055651906,-3.2252019890589));
#6900=CARTESIAN_POINT('',(1.39655342743055,5.09988426022276,-2.41890149179418));
#6901=CARTESIAN_POINT('',(2.79310685486111,5.04108796392646,-1.61260099452945));
#6902=CARTESIAN_POINT('',(2.79310685486111,4.98229166763017,-3.42056936948219E-16));
#6903=CARTESIAN_POINT('',(2.79310685486111,4.92349537133387,1.61260099452945));
#6904=CARTESIAN_POINT('',(1.39655342743056,4.86469907503758,2.41890149179418));
#6905=CARTESIAN_POINT('',(5.92459993875699E-16,4.80590277874128,3.2252019890589));
#6906=CARTESIAN_POINT('',(-1.39655342743055,4.74710648244498,2.41890149179418));
#6907=CARTESIAN_POINT('',(-2.79310685486111,4.68831018614869,1.61260099452945));
#6908=CARTESIAN_POINT('',(-2.79310685486111,4.62951388985239,0.));
#6909=CARTESIAN_POINT('',(-2.79310685486111,4.57071759355609,-1.61260099452945));
#6910=CARTESIAN_POINT('',(-1.39655342743056,4.5119212972598,-2.41890149179418));
#6911=CARTESIAN_POINT('',(-1.97486664625233E-16,4.4531250009635,-3.2252019890589));
#6912=CARTESIAN_POINT('',(1.39655342743055,4.3943287046672,-2.41890149179418));
#6913=CARTESIAN_POINT('',(2.79310685486111,4.33553240837091,-1.61260099452945));
#6914=CARTESIAN_POINT('',(2.79310685486111,4.27673611207461,-3.42056936948219E-16));
#6915=CARTESIAN_POINT('',(2.79310685486111,4.21793981577832,1.61260099452945));
#6916=CARTESIAN_POINT('',(1.39655342743056,4.15914351948202,2.41890149179418));
#6917=CARTESIAN_POINT('',(5.92459993875699E-16,4.10034722318572,3.2252019890589));
#6918=CARTESIAN_POINT('',(-1.39655342743055,4.04155092688943,2.41890149179418));
#6919=CARTESIAN_POINT('',(-2.79310685486111,3.98275463059313,1.61260099452945));
#6920=CARTESIAN_POINT('',(-2.79310685486111,3.92395833429683,0.));
#6921=CARTESIAN_POINT('',(-2.79310685486111,3.86516203800054,-1.61260099452945));
#6922=CARTESIAN_POINT('',(-1.39655342743056,3.80636574170424,-2.41890149179418));
#6923=CARTESIAN_POINT('',(-1.97486664625233E-16,3.74756944540795,-3.2252019890589));
#6924=CARTESIAN_POINT('',(1.39655342743055,3.68877314911165,-2.41890149179418));
#6925=CARTESIAN_POINT('',(2.79310685486111,3.62997685281535,-1.61260099452945));
#6926=CARTESIAN_POINT('',(2.79310685486111,3.57118055651906,-3.42056936948219E-16));
#6927=CARTESIAN_POINT('',(2.79310685486111,3.51238426022276,1.61260099452945));
#6928=CARTESIAN_POINT('',(1.39655342743056,3.45358796392646,2.41890149179418));
#6929=CARTESIAN_POINT('',(5.92459993875699E-16,3.39479166763017,3.2252019890589));
#6930=CARTESIAN_POINT('',(-1.39655342743055,3.33599537133387,2.41890149179418));
#6931=CARTESIAN_POINT('',(-2.79310685486111,3.27719907503757,1.61260099452945));
#6932=CARTESIAN_POINT('',(-2.79310685486111,3.21840277874128,0.));
#6933=CARTESIAN_POINT('',(-2.79310685486111,3.15960648244498,-1.61260099452945));
#6934=CARTESIAN_POINT('',(-1.39655342743056,3.10081018614869,-2.41890149179418));
#6935=CARTESIAN_POINT('',(-1.97486664625233E-16,3.04201388985239,-3.2252019890589));
#6936=CARTESIAN_POINT('',(1.39655342743055,2.98321759355609,-2.41890149179418));
#6937=CARTESIAN_POINT('',(2.79310685486111,2.9244212972598,-1.61260099452945));
#6938=CARTESIAN_POINT('',(2.79310685486111,2.8656250009635,-3.42056936948219E-16));
#6939=CARTESIAN_POINT('',(2.79310685486111,2.80682870466721,1.61260099452945));
#6940=CARTESIAN_POINT('',(1.39655342743056,2.74803240837091,2.41890149179418));
#6941=CARTESIAN_POINT('',(5.92459993875699E-16,2.68923611207461,3.2252019890589));
#6942=CARTESIAN_POINT('',(-1.39655342743055,2.63043981577832,2.41890149179418));
#6943=CARTESIAN_POINT('',(-2.79310685486111,2.57164351948202,1.61260099452945));
#6944=CARTESIAN_POINT('',(-2.79310685486111,2.51284722318572,0.));
#6945=CARTESIAN_POINT('',(-2.79310685486111,2.45405092688943,-1.61260099452945));
#6946=CARTESIAN_POINT('',(-1.39655342743056,2.39525463059313,-2.41890149179418));
#6947=CARTESIAN_POINT('',(-1.97486664625233E-16,2.33645833429683,-3.2252019890589));
#6948=CARTESIAN_POINT('',(1.39655342743055,2.27766203800054,-2.41890149179418));
#6949=CARTESIAN_POINT('',(2.79310685486111,2.21886574170424,-1.61260099452945));
#6950=CARTESIAN_POINT('',(2.79310685486111,2.16006944540795,-3.42056936948219E-16));
#6951=CARTESIAN_POINT('',(2.79310685486111,2.10127314911165,1.61260099452945));
#6952=CARTESIAN_POINT('',(1.39655342743056,2.04247685281535,2.41890149179418));
#6953=CARTESIAN_POINT('',(5.92459993875699E-16,1.98368055651906,3.2252019890589));
#6954=CARTESIAN_POINT('',(-1.39655342743055,1.92488426022276,2.41890149179418));
#6955=CARTESIAN_POINT('',(-2.79310685486111,1.86608796392646,1.61260099452945));
#6956=CARTESIAN_POINT('',(-2.79310685486111,1.80729166763017,0.));
#6957=CARTESIAN_POINT('',(-2.79310685486111,1.74849537133387,-1.61260099452945));
#6958=CARTESIAN_POINT('',(-1.39655342743056,1.68969907503757,-2.41890149179418));
#6959=CARTESIAN_POINT('',(-1.97486664625233E-16,1.63090277874128,-3.2252019890589));
#6960=CARTESIAN_POINT('',(1.39655342743055,1.57210648244498,-2.41890149179418));
#6961=CARTESIAN_POINT('',(2.79310685486111,1.51331018614869,-1.61260099452945));
#6962=CARTESIAN_POINT('',(2.79310685486111,1.45451388985239,-3.42056936948219E-16));
#6963=CARTESIAN_POINT('',(2.79310685486111,1.39571759355609,1.61260099452945));
#6964=CARTESIAN_POINT('',(1.39655342743056,1.3369212972598,2.41890149179418));
#6965=CARTESIAN_POINT('',(5.92459993875699E-16,1.2781250009635,3.2252019890589));
#6966=CARTESIAN_POINT('',(-1.39655342743055,1.21932870466721,2.41890149179418));
#6967=CARTESIAN_POINT('',(-2.79310685486111,1.16053240837091,1.61260099452945));
#6968=CARTESIAN_POINT('',(-2.79310685486111,1.10173611207461,0.));
#6969=CARTESIAN_POINT('',(-2.79310685486111,1.04293981577832,-1.61260099452945));
#6970=CARTESIAN_POINT('',(-1.39655342743056,0.98414351948202,-2.41890149179418));
#6971=CARTESIAN_POINT('',(-1.97486664625233E-16,0.925347223185723,-3.2252019890589));
#6972=CARTESIAN_POINT('',(1.39655342743055,0.866550926889427,-2.41890149179418));
#6973=CARTESIAN_POINT('',(2.79310685486111,0.807754630593131,-1.61260099452945));
#6974=CARTESIAN_POINT('',(2.79310685486111,0.748958334296834,-3.42056936948219E-16));
#6975=CARTESIAN_POINT('',(2.79310685486111,0.690162038000538,1.61260099452945));
#6976=CARTESIAN_POINT('',(1.39655342743056,0.631365741704242,2.41890149179418));
#6977=CARTESIAN_POINT('',(5.92459993875699E-16,0.572569445407945,3.2252019890589));
#6978=CARTESIAN_POINT('',(-1.39655342743055,0.513773149111649,2.41890149179418));
#6979=CARTESIAN_POINT('',(-2.79310685486111,0.454976852815352,1.61260099452945));
#6980=CARTESIAN_POINT('',(-2.79310685486111,0.396180556519056,0.));
#6981=CARTESIAN_POINT('',(-2.79310685486111,0.33738426022276,-1.61260099452945));
#6982=CARTESIAN_POINT('',(-1.39655342743056,0.278587963926465,-2.41890149179418));
#6983=CARTESIAN_POINT('',(-1.97486664625233E-16,0.219791667630169,-3.2252019890589));
#6984=CARTESIAN_POINT('',(1.39655342743055,0.160995371333872,-2.41890149179418));
#6985=CARTESIAN_POINT('',(2.79310685486111,0.102199075037576,-1.61260099452945));
#6986=CARTESIAN_POINT('',(2.79310685486111,0.0434027787412795,-3.42056936948219E-16));
#6987=CARTESIAN_POINT('',(2.79310685486111,-0.0153935175550169,1.61260099452945));
#6988=CARTESIAN_POINT('',(1.39655342743056,-0.0741898138513133,2.41890149179418));
#6989=CARTESIAN_POINT('',(5.92459993875699E-16,-0.13298611014761,3.2252019890589));
#6990=CARTESIAN_POINT('',(-1.39655342743055,-0.191782406443906,2.41890149179418));
#6991=CARTESIAN_POINT('',(-2.24843737887401,-0.227647572956928,1.92706606310998));
#6992=CARTESIAN_POINT('',(-2.60412031916251,-0.268573342843786,1.0099521107444));
#6993=CARTESIAN_POINT('',(-2.8049122718251,7.61765246162532,-1.4876465129072));
#6994=CARTESIAN_POINT('',(-2.37749649317212,7.58388875900637,-2.29352596902381));
#6995=CARTESIAN_POINT('',(-1.5875,7.55462962962963,-2.74963065701559));
#6996=CARTESIAN_POINT('',(-2.24488425530105E-16,7.49583333333333,-3.66617420935412));
#6997=CARTESIAN_POINT('',(1.5875,7.43703703703704,-2.74963065701559));
#6998=CARTESIAN_POINT('',(3.175,7.37824074074074,-1.83308710467706));
#6999=CARTESIAN_POINT('',(3.175,7.31944444444444,-3.88825358729285E-16));
#7000=CARTESIAN_POINT('',(3.175,7.26064814814815,1.83308710467706));
#7001=CARTESIAN_POINT('',(1.5875,7.20185185185185,2.74963065701559));
#7002=CARTESIAN_POINT('',(6.73465276590316E-16,7.14305555555555,3.66617420935412));
#7003=CARTESIAN_POINT('',(-1.5875,7.08425925925926,2.74963065701559));
#7004=CARTESIAN_POINT('',(-3.175,7.02546296296296,1.83308710467706));
#7005=CARTESIAN_POINT('',(-3.175,6.96666666666667,0.));
#7006=CARTESIAN_POINT('',(-3.175,6.90787037037037,-1.83308710467706));
#7007=CARTESIAN_POINT('',(-1.5875,6.84907407407407,-2.74963065701559));
#7008=CARTESIAN_POINT('',(-2.24488425530105E-16,6.79027777777778,-3.66617420935412));
#7009=CARTESIAN_POINT('',(1.5875,6.73148148148148,-2.74963065701559));
#7010=CARTESIAN_POINT('',(3.175,6.67268518518518,-1.83308710467706));
#7011=CARTESIAN_POINT('',(3.175,6.61388888888889,-3.88825358729285E-16));
#7012=CARTESIAN_POINT('',(3.175,6.55509259259259,1.83308710467706));
#7013=CARTESIAN_POINT('',(1.5875,6.4962962962963,2.74963065701559));
#7014=CARTESIAN_POINT('',(6.73465276590316E-16,6.4375,3.66617420935412));
#7015=CARTESIAN_POINT('',(-1.5875,6.3787037037037,2.74963065701559));
#7016=CARTESIAN_POINT('',(-3.175,6.31990740740741,1.83308710467706));
#7017=CARTESIAN_POINT('',(-3.175,6.26111111111111,0.));
#7018=CARTESIAN_POINT('',(-3.175,6.20231481481481,-1.83308710467706));
#7019=CARTESIAN_POINT('',(-1.5875,6.14351851851852,-2.74963065701559));
#7020=CARTESIAN_POINT('',(-2.24488425530105E-16,6.08472222222222,-3.66617420935412));
#7021=CARTESIAN_POINT('',(1.5875,6.02592592592592,-2.74963065701559));
#7022=CARTESIAN_POINT('',(3.175,5.96712962962963,-1.83308710467706));
#7023=CARTESIAN_POINT('',(3.175,5.90833333333333,-3.88825358729285E-16));
#7024=CARTESIAN_POINT('',(3.175,5.84953703703704,1.83308710467706));
#7025=CARTESIAN_POINT('',(1.5875,5.79074074074074,2.74963065701559));
#7026=CARTESIAN_POINT('',(6.73465276590316E-16,5.73194444444444,3.66617420935412));
#7027=CARTESIAN_POINT('',(-1.5875,5.67314814814815,2.74963065701559));
#7028=CARTESIAN_POINT('',(-3.175,5.61435185185185,1.83308710467706));
#7029=CARTESIAN_POINT('',(-3.175,5.55555555555555,0.));
#7030=CARTESIAN_POINT('',(-3.175,5.49675925925926,-1.83308710467706));
#7031=CARTESIAN_POINT('',(-1.5875,5.43796296296296,-2.74963065701559));
#7032=CARTESIAN_POINT('',(-2.24488425530105E-16,5.37916666666666,-3.66617420935412));
#7033=CARTESIAN_POINT('',(1.5875,5.32037037037037,-2.74963065701559));
#7034=CARTESIAN_POINT('',(3.175,5.26157407407407,-1.83308710467706));
#7035=CARTESIAN_POINT('',(3.175,5.20277777777778,-3.88825358729285E-16));
#7036=CARTESIAN_POINT('',(3.175,5.14398148148148,1.83308710467706));
#7037=CARTESIAN_POINT('',(1.5875,5.08518518518518,2.74963065701559));
#7038=CARTESIAN_POINT('',(6.73465276590316E-16,5.02638888888889,3.66617420935412));
#7039=CARTESIAN_POINT('',(-1.5875,4.96759259259259,2.74963065701559));
#7040=CARTESIAN_POINT('',(-3.175,4.90879629629629,1.83308710467706));
#7041=CARTESIAN_POINT('',(-3.175,4.85,0.));
#7042=CARTESIAN_POINT('',(-3.175,4.7912037037037,-1.83308710467706));
#7043=CARTESIAN_POINT('',(-1.5875,4.73240740740741,-2.74963065701559));
#7044=CARTESIAN_POINT('',(-2.24488425530105E-16,4.67361111111111,-3.66617420935412));
#7045=CARTESIAN_POINT('',(1.5875,4.61481481481481,-2.74963065701559));
#7046=CARTESIAN_POINT('',(3.175,4.55601851851852,-1.83308710467706));
#7047=CARTESIAN_POINT('',(3.175,4.49722222222222,-3.88825358729285E-16));
#7048=CARTESIAN_POINT('',(3.175,4.43842592592592,1.83308710467706));
#7049=CARTESIAN_POINT('',(1.5875,4.37962962962963,2.74963065701559));
#7050=CARTESIAN_POINT('',(6.73465276590316E-16,4.32083333333333,3.66617420935412));
#7051=CARTESIAN_POINT('',(-1.5875,4.26203703703704,2.74963065701559));
#7052=CARTESIAN_POINT('',(-3.175,4.20324074074074,1.83308710467706));
#7053=CARTESIAN_POINT('',(-3.175,4.14444444444444,0.));
#7054=CARTESIAN_POINT('',(-3.175,4.08564814814815,-1.83308710467706));
#7055=CARTESIAN_POINT('',(-1.5875,4.02685185185185,-2.74963065701559));
#7056=CARTESIAN_POINT('',(-2.24488425530105E-16,3.96805555555555,-3.66617420935412));
#7057=CARTESIAN_POINT('',(1.5875,3.90925925925926,-2.74963065701559));
#7058=CARTESIAN_POINT('',(3.175,3.85046296296296,-1.83308710467706));
#7059=CARTESIAN_POINT('',(3.175,3.79166666666667,-3.88825358729285E-16));
#7060=CARTESIAN_POINT('',(3.175,3.73287037037037,1.83308710467706));
#7061=CARTESIAN_POINT('',(1.5875,3.67407407407407,2.74963065701559));
#7062=CARTESIAN_POINT('',(6.73465276590316E-16,3.61527777777778,3.66617420935412));
#7063=CARTESIAN_POINT('',(-1.5875,3.55648148148148,2.74963065701559));
#7064=CARTESIAN_POINT('',(-3.175,3.49768518518518,1.83308710467706));
#7065=CARTESIAN_POINT('',(-3.175,3.43888888888889,0.));
#7066=CARTESIAN_POINT('',(-3.175,3.38009259259259,-1.83308710467706));
#7067=CARTESIAN_POINT('',(-1.5875,3.32129629629629,-2.74963065701559));
#7068=CARTESIAN_POINT('',(-2.24488425530105E-16,3.2625,-3.66617420935412));
#7069=CARTESIAN_POINT('',(1.5875,3.2037037037037,-2.74963065701559));
#7070=CARTESIAN_POINT('',(3.175,3.14490740740741,-1.83308710467706));
#7071=CARTESIAN_POINT('',(3.175,3.08611111111111,-3.88825358729285E-16));
#7072=CARTESIAN_POINT('',(3.175,3.02731481481481,1.83308710467706));
#7073=CARTESIAN_POINT('',(1.5875,2.96851851851852,2.74963065701559));
#7074=CARTESIAN_POINT('',(6.73465276590316E-16,2.90972222222222,3.66617420935412));
#7075=CARTESIAN_POINT('',(-1.5875,2.85092592592592,2.74963065701559));
#7076=CARTESIAN_POINT('',(-3.175,2.79212962962963,1.83308710467706));
#7077=CARTESIAN_POINT('',(-3.175,2.73333333333333,0.));
#7078=CARTESIAN_POINT('',(-3.175,2.67453703703704,-1.83308710467706));
#7079=CARTESIAN_POINT('',(-1.5875,2.61574074074074,-2.74963065701559));
#7080=CARTESIAN_POINT('',(-2.24488425530105E-16,2.55694444444444,-3.66617420935412));
#7081=CARTESIAN_POINT('',(1.5875,2.49814814814815,-2.74963065701559));
#7082=CARTESIAN_POINT('',(3.175,2.43935185185185,-1.83308710467706));
#7083=CARTESIAN_POINT('',(3.175,2.38055555555555,-3.88825358729285E-16));
#7084=CARTESIAN_POINT('',(3.175,2.32175925925926,1.83308710467706));
#7085=CARTESIAN_POINT('',(1.5875,2.26296296296296,2.74963065701559));
#7086=CARTESIAN_POINT('',(6.73465276590316E-16,2.20416666666666,3.66617420935412));
#7087=CARTESIAN_POINT('',(-1.5875,2.14537037037037,2.74963065701559));
#7088=CARTESIAN_POINT('',(-3.175,2.08657407407407,1.83308710467706));
#7089=CARTESIAN_POINT('',(-3.175,2.02777777777778,0.));
#7090=CARTESIAN_POINT('',(-3.175,1.96898148148148,-1.83308710467706));
#7091=CARTESIAN_POINT('',(-1.5875,1.91018518518518,-2.74963065701559));
#7092=CARTESIAN_POINT('',(-2.24488425530105E-16,1.85138888888889,-3.66617420935412));
#7093=CARTESIAN_POINT('',(1.5875,1.79259259259259,-2.74963065701559));
#7094=CARTESIAN_POINT('',(3.175,1.7337962962963,-1.83308710467706));
#7095=CARTESIAN_POINT('',(3.175,1.675,-3.88825358729285E-16));
#7096=CARTESIAN_POINT('',(3.175,1.6162037037037,1.83308710467706));
#7097=CARTESIAN_POINT('',(1.5875,1.55740740740741,2.74963065701559));
#7098=CARTESIAN_POINT('',(6.73465276590316E-16,1.49861111111111,3.66617420935412));
#7099=CARTESIAN_POINT('',(-1.5875,1.43981481481481,2.74963065701559));
#7100=CARTESIAN_POINT('',(-3.175,1.38101851851852,1.83308710467706));
#7101=CARTESIAN_POINT('',(-3.175,1.32222222222222,0.));
#7102=CARTESIAN_POINT('',(-3.175,1.26342592592592,-1.83308710467706));
#7103=CARTESIAN_POINT('',(-1.5875,1.20462962962963,-2.74963065701559));
#7104=CARTESIAN_POINT('',(-2.24488425530105E-16,1.14583333333333,-3.66617420935412));
#7105=CARTESIAN_POINT('',(1.5875,1.08703703703704,-2.74963065701559));
#7106=CARTESIAN_POINT('',(3.175,1.02824074074074,-1.83308710467706));
#7107=CARTESIAN_POINT('',(3.175,0.969444444444443,-3.88825358729285E-16));
#7108=CARTESIAN_POINT('',(3.175,0.910648148148146,1.83308710467706));
#7109=CARTESIAN_POINT('',(1.5875,0.85185185185185,2.74963065701559));
#7110=CARTESIAN_POINT('',(6.73465276590316E-16,0.793055555555554,3.66617420935412));
#7111=CARTESIAN_POINT('',(-1.5875,0.734259259259257,2.74963065701559));
#7112=CARTESIAN_POINT('',(-3.175,0.675462962962961,1.83308710467706));
#7113=CARTESIAN_POINT('',(-3.175,0.616666666666665,0.));
#7114=CARTESIAN_POINT('',(-3.175,0.557870370370368,-1.83308710467706));
#7115=CARTESIAN_POINT('',(-1.5875,0.499074074074074,-2.74963065701559));
#7116=CARTESIAN_POINT('',(-2.24488425530105E-16,0.440277777777777,-3.66617420935412));
#7117=CARTESIAN_POINT('',(1.5875,0.381481481481481,-2.74963065701559));
#7118=CARTESIAN_POINT('',(3.175,0.322685185185185,-1.83308710467706));
#7119=CARTESIAN_POINT('',(3.175,0.263888888888888,-3.88825358729285E-16));
#7120=CARTESIAN_POINT('',(3.175,0.205092592592592,1.83308710467706));
#7121=CARTESIAN_POINT('',(1.5875,0.146296296296295,2.74963065701559));
#7122=CARTESIAN_POINT('',(6.73465276590316E-16,0.087499999999999,3.66617420935412));
#7123=CARTESIAN_POINT('',(-1.5875,0.0287037037037027,2.74963065701559));
#7124=CARTESIAN_POINT('',(-2.5558594958516,-0.00716146280931978,2.19054804141334));
#7125=CARTESIAN_POINT('',(-2.96017390059791,-0.048087232696177,1.1480398417385));
#7126=CARTESIAN_POINT('',(3.05040980460142,7.35,-0.880695761311215));
#7127=CARTESIAN_POINT('',(2.72040280220684,7.35,-1.80401842735292));
#7128=CARTESIAN_POINT('',(1.5403857523379,7.35,-2.92670109118088));
#7129=CARTESIAN_POINT('',(-0.480482103460221,7.35,-2.97773290890303));
#7130=CARTESIAN_POINT('',(-1.38438202343895,7.35,-2.51061694377342));
#7131=CARTESIAN_POINT('',(-1.74190165113809,7.35,-2.18339776956612));
#7132=CARTESIAN_POINT('',(3.05040980460142,7.35,-0.880695761311215));
#7133=CARTESIAN_POINT('',(9.81927506337512E-15,7.49583333333333,-3.175));
#7134=CARTESIAN_POINT('',(0.850738685968819,7.46432449311226,-3.175));
#7135=CARTESIAN_POINT('',(1.5875,7.43703703703704,-2.74963065701559));
#7136=CARTESIAN_POINT('',(3.175,7.37824074074074,-1.83308710467706));
#7137=CARTESIAN_POINT('',(3.175,7.31944444444444,-3.88825358729285E-16));
#7138=CARTESIAN_POINT('',(3.175,7.26064814814815,1.83308710467706));
#7139=CARTESIAN_POINT('',(1.5875,7.20185185185185,2.74963065701559));
#7140=CARTESIAN_POINT('',(0.850738685968811,7.17456439577662,3.175));
#7141=CARTESIAN_POINT('',(-8.83153733510661E-15,7.14305555555555,3.175));
#7142=CARTESIAN_POINT('',(-8.83153733510661E-15,7.14305555555555,3.175));
#7143=CARTESIAN_POINT('',(-8.83153733510661E-15,7.14305555555555,3.175));
#7144=CARTESIAN_POINT('',(-0.850738685968817,7.11154671533449,3.175));
#7145=CARTESIAN_POINT('',(-1.5875,7.08425925925926,2.74963065701559));
#7146=CARTESIAN_POINT('',(-3.175,7.02546296296296,1.83308710467706));
#7147=CARTESIAN_POINT('',(-3.175,6.96666666666667,0.));
#7148=CARTESIAN_POINT('',(-3.175,6.90787037037037,-1.83308710467706));
#7149=CARTESIAN_POINT('',(-1.5875,6.84907407407407,-2.74963065701559));
#7150=CARTESIAN_POINT('',(-0.85073868596881,6.82178661799884,-3.175));
#7151=CARTESIAN_POINT('',(9.81927506337512E-15,6.79027777777777,-3.175));
#7152=CARTESIAN_POINT('',(9.81927506337512E-15,6.79027777777778,-3.175));
#7153=CARTESIAN_POINT('',(9.81927506337512E-15,6.79027777777777,-3.175));
#7154=CARTESIAN_POINT('',(0.850738685968819,6.75876893755671,-3.175));
#7155=CARTESIAN_POINT('',(1.5875,6.73148148148148,-2.74963065701559));
#7156=CARTESIAN_POINT('',(3.175,6.67268518518518,-1.83308710467706));
#7157=CARTESIAN_POINT('',(3.175,6.61388888888889,-3.88825358729285E-16));
#7158=CARTESIAN_POINT('',(3.175,6.55509259259259,1.83308710467706));
#7159=CARTESIAN_POINT('',(1.5875,6.4962962962963,2.74963065701559));
#7160=CARTESIAN_POINT('',(0.850738685968815,6.46900884022107,3.175));
#7161=CARTESIAN_POINT('',(1.39445326343789E-15,6.4375,3.175));
#7162=CARTESIAN_POINT('',(1.39445326343789E-15,6.4375,3.175));
#7163=CARTESIAN_POINT('',(1.39445326343789E-15,6.4375,3.175));
#7164=CARTESIAN_POINT('',(-0.850738685968813,6.40599115977893,3.175));
#7165=CARTESIAN_POINT('',(-1.5875,6.3787037037037,2.74963065701559));
#7166=CARTESIAN_POINT('',(-3.175,6.31990740740741,1.83308710467706));
#7167=CARTESIAN_POINT('',(-3.175,6.26111111111111,0.));
#7168=CARTESIAN_POINT('',(-3.175,6.20231481481481,-1.83308710467706));
#7169=CARTESIAN_POINT('',(-1.5875,6.14351851851852,-2.74963065701559));
#7170=CARTESIAN_POINT('',(-0.85073868596881,6.11623106244329,-3.175));
#7171=CARTESIAN_POINT('',(9.81927506337512E-15,6.08472222222222,-3.175));
#7172=CARTESIAN_POINT('',(9.81927506337512E-15,6.08472222222222,-3.175));
#7173=CARTESIAN_POINT('',(9.81927506337512E-15,6.08472222222222,-3.175));
#7174=CARTESIAN_POINT('',(0.850738685968819,6.05321338200115,-3.175));
#7175=CARTESIAN_POINT('',(1.5875,6.02592592592592,-2.74963065701559));
#7176=CARTESIAN_POINT('',(3.175,5.96712962962963,-1.83308710467706));
#7177=CARTESIAN_POINT('',(3.175,5.90833333333333,-3.88825358729285E-16));
#7178=CARTESIAN_POINT('',(3.175,5.84953703703704,1.83308710467706));
#7179=CARTESIAN_POINT('',(1.5875,5.79074074074074,2.74963065701559));
#7180=CARTESIAN_POINT('',(0.850738685968811,5.76345328466551,3.175));
#7181=CARTESIAN_POINT('',(-8.83153733510661E-15,5.73194444444444,3.175));
#7182=CARTESIAN_POINT('',(-8.83153733510661E-15,5.73194444444444,3.175));
#7183=CARTESIAN_POINT('',(-8.83153733510661E-15,5.73194444444444,3.175));
#7184=CARTESIAN_POINT('',(-0.850738685968817,5.70043560422338,3.175));
#7185=CARTESIAN_POINT('',(-1.5875,5.67314814814815,2.74963065701559));
#7186=CARTESIAN_POINT('',(-3.175,5.61435185185185,1.83308710467706));
#7187=CARTESIAN_POINT('',(-3.175,5.55555555555555,0.));
#7188=CARTESIAN_POINT('',(-3.175,5.49675925925926,-1.83308710467706));
#7189=CARTESIAN_POINT('',(-1.5875,5.43796296296296,-2.74963065701559));
#7190=CARTESIAN_POINT('',(-0.85073868596881,5.41067550688773,-3.175));
#7191=CARTESIAN_POINT('',(9.81927506337512E-15,5.37916666666666,-3.175));
#7192=CARTESIAN_POINT('',(9.81927506337512E-15,5.37916666666666,-3.175));
#7193=CARTESIAN_POINT('',(9.81927506337512E-15,5.37916666666666,-3.175));
#7194=CARTESIAN_POINT('',(0.850738685968819,5.3476578264456,-3.175));
#7195=CARTESIAN_POINT('',(1.5875,5.32037037037037,-2.74963065701559));
#7196=CARTESIAN_POINT('',(3.175,5.26157407407407,-1.83308710467706));
#7197=CARTESIAN_POINT('',(3.175,5.20277777777778,-3.88825358729285E-16));
#7198=CARTESIAN_POINT('',(3.175,5.14398148148148,1.83308710467706));
#7199=CARTESIAN_POINT('',(1.5875,5.08518518518518,2.74963065701559));
#7200=CARTESIAN_POINT('',(0.850738685968815,5.05789772910996,3.175));
#7201=CARTESIAN_POINT('',(1.39445326343789E-15,5.02638888888889,3.175));
#7202=CARTESIAN_POINT('',(1.39445326343789E-15,5.02638888888889,3.175));
#7203=CARTESIAN_POINT('',(1.39445326343789E-15,5.02638888888889,3.175));
#7204=CARTESIAN_POINT('',(-0.850738685968813,4.99488004866782,3.175));
#7205=CARTESIAN_POINT('',(-1.5875,4.96759259259259,2.74963065701559));
#7206=CARTESIAN_POINT('',(-3.175,4.90879629629629,1.83308710467706));
#7207=CARTESIAN_POINT('',(-3.175,4.85,0.));
#7208=CARTESIAN_POINT('',(-3.175,4.7912037037037,-1.83308710467706));
#7209=CARTESIAN_POINT('',(-1.5875,4.73240740740741,-2.74963065701559));
#7210=CARTESIAN_POINT('',(-0.850738685968805,4.70511995133218,-3.175));
#7211=CARTESIAN_POINT('',(2.00452656619196E-14,4.67361111111111,-3.175));
#7212=CARTESIAN_POINT('',(2.00452656619196E-14,4.67361111111111,-3.175));
#7213=CARTESIAN_POINT('',(2.00452656619196E-14,4.67361111111111,-3.175));
#7214=CARTESIAN_POINT('',(0.850738685968823,4.64210227089004,-3.17499999999999));
#7215=CARTESIAN_POINT('',(1.5875,4.61481481481481,-2.74963065701559));
#7216=CARTESIAN_POINT('',(3.175,4.55601851851852,-1.83308710467706));
#7217=CARTESIAN_POINT('',(3.175,4.49722222222222,-3.88825358729285E-16));
#7218=CARTESIAN_POINT('',(3.175,4.43842592592592,1.83308710467706));
#7219=CARTESIAN_POINT('',(1.5875,4.37962962962963,2.74963065701559));
#7220=CARTESIAN_POINT('',(0.850738685968806,4.3523421735544,3.175));
#7221=CARTESIAN_POINT('',(-1.90575279336511E-14,4.32083333333333,3.175));
#7222=CARTESIAN_POINT('',(-1.90575279336511E-14,4.32083333333333,3.175));
#7223=CARTESIAN_POINT('',(-1.90575279336511E-14,4.32083333333333,3.175));
#7224=CARTESIAN_POINT('',(-0.850738685968822,4.28932449311227,3.17499999999999));
#7225=CARTESIAN_POINT('',(-1.5875,4.26203703703704,2.74963065701559));
#7226=CARTESIAN_POINT('',(-3.175,4.20324074074074,1.83308710467706));
#7227=CARTESIAN_POINT('',(-3.175,4.14444444444444,0.));
#7228=CARTESIAN_POINT('',(-3.175,4.08564814814815,-1.83308710467706));
#7229=CARTESIAN_POINT('',(-1.5875,4.02685185185185,-2.74963065701559));
#7230=CARTESIAN_POINT('',(-0.850738685968815,3.99956439577662,-3.175));
#7231=CARTESIAN_POINT('',(-4.06715535169384E-16,3.96805555555555,-3.175));
#7232=CARTESIAN_POINT('',(-4.06715535169384E-16,3.96805555555555,-3.175));
#7233=CARTESIAN_POINT('',(-4.06715535169384E-16,3.96805555555555,-3.175));
#7234=CARTESIAN_POINT('',(0.850738685968814,3.93654671533449,-3.175));
#7235=CARTESIAN_POINT('',(1.5875,3.90925925925926,-2.74963065701559));
#7236=CARTESIAN_POINT('',(3.175,3.85046296296296,-1.83308710467706));
#7237=CARTESIAN_POINT('',(3.175,3.79166666666667,-3.88825358729285E-16));
#7238=CARTESIAN_POINT('',(3.175,3.73287037037037,1.83308710467706));
#7239=CARTESIAN_POINT('',(1.5875,3.67407407407407,2.74963065701559));
#7240=CARTESIAN_POINT('',(0.850738685968815,3.64678661799884,3.175));
#7241=CARTESIAN_POINT('',(1.39445326343789E-15,3.61527777777778,3.175));
#7242=CARTESIAN_POINT('',(1.39445326343789E-15,3.61527777777778,3.175));
#7243=CARTESIAN_POINT('',(1.39445326343789E-15,3.61527777777778,3.175));
#7244=CARTESIAN_POINT('',(-0.850738685968813,3.58376893755671,3.175));
#7245=CARTESIAN_POINT('',(-1.5875,3.55648148148148,2.74963065701559));
#7246=CARTESIAN_POINT('',(-3.175,3.49768518518518,1.83308710467706));
#7247=CARTESIAN_POINT('',(-3.175,3.43888888888889,0.));
#7248=CARTESIAN_POINT('',(-3.175,3.38009259259259,-1.83308710467706));
#7249=CARTESIAN_POINT('',(-1.5875,3.32129629629629,-2.74963065701559));
#7250=CARTESIAN_POINT('',(-0.850738685968815,3.29400884022106,-3.175));
#7251=CARTESIAN_POINT('',(-4.06715535169384E-16,3.2625,-3.175));
#7252=CARTESIAN_POINT('',(-4.06715535169384E-16,3.2625,-3.175));
#7253=CARTESIAN_POINT('',(-4.06715535169384E-16,3.2625,-3.175));
#7254=CARTESIAN_POINT('',(0.850738685968814,3.23099115977893,-3.175));
#7255=CARTESIAN_POINT('',(1.5875,3.2037037037037,-2.74963065701559));
#7256=CARTESIAN_POINT('',(3.175,3.14490740740741,-1.83308710467706));
#7257=CARTESIAN_POINT('',(3.175,3.08611111111111,-3.88825358729285E-16));
#7258=CARTESIAN_POINT('',(3.175,3.02731481481481,1.83308710467706));
#7259=CARTESIAN_POINT('',(1.5875,2.96851851851852,2.74963065701559));
#7260=CARTESIAN_POINT('',(0.850738685968815,2.94123106244329,3.175));
#7261=CARTESIAN_POINT('',(1.39445326343789E-15,2.90972222222222,3.175));
#7262=CARTESIAN_POINT('',(1.39445326343789E-15,2.90972222222222,3.175));
#7263=CARTESIAN_POINT('',(1.39445326343789E-15,2.90972222222222,3.175));
#7264=CARTESIAN_POINT('',(-0.850738685968813,2.87821338200115,3.175));
#7265=CARTESIAN_POINT('',(-1.5875,2.85092592592592,2.74963065701559));
#7266=CARTESIAN_POINT('',(-3.175,2.79212962962963,1.83308710467706));
#7267=CARTESIAN_POINT('',(-3.175,2.73333333333333,0.));
#7268=CARTESIAN_POINT('',(-3.175,2.67453703703704,-1.83308710467706));
#7269=CARTESIAN_POINT('',(-1.5875,2.61574074074074,-2.74963065701559));
#7270=CARTESIAN_POINT('',(-0.850738685968815,2.58845328466551,-3.175));
#7271=CARTESIAN_POINT('',(-4.06715535169384E-16,2.55694444444444,-3.175));
#7272=CARTESIAN_POINT('',(-4.06715535169384E-16,2.55694444444444,-3.175));
#7273=CARTESIAN_POINT('',(-4.06715535169384E-16,2.55694444444444,-3.175));
#7274=CARTESIAN_POINT('',(0.850738685968814,2.52543560422338,-3.175));
#7275=CARTESIAN_POINT('',(1.5875,2.49814814814815,-2.74963065701559));
#7276=CARTESIAN_POINT('',(3.175,2.43935185185185,-1.83308710467706));
#7277=CARTESIAN_POINT('',(3.175,2.38055555555555,-3.88825358729285E-16));
#7278=CARTESIAN_POINT('',(3.175,2.32175925925926,1.83308710467706));
#7279=CARTESIAN_POINT('',(1.5875,2.26296296296296,2.74963065701559));
#7280=CARTESIAN_POINT('',(0.850738685968806,2.23567550688773,3.175));
#7281=CARTESIAN_POINT('',(-1.90575279336511E-14,2.20416666666666,3.175));
#7282=CARTESIAN_POINT('',(-1.90575279336511E-14,2.20416666666666,3.175));
#7283=CARTESIAN_POINT('',(-1.90575279336511E-14,2.20416666666666,3.175));
#7284=CARTESIAN_POINT('',(-0.850738685968822,2.1726578264456,3.17499999999999));
#7285=CARTESIAN_POINT('',(-1.5875,2.14537037037037,2.74963065701559));
#7286=CARTESIAN_POINT('',(-3.175,2.08657407407407,1.83308710467706));
#7287=CARTESIAN_POINT('',(-3.175,2.02777777777778,0.));
#7288=CARTESIAN_POINT('',(-3.175,1.96898148148148,-1.83308710467706));
#7289=CARTESIAN_POINT('',(-1.5875,1.91018518518518,-2.74963065701559));
#7290=CARTESIAN_POINT('',(-0.850738685968805,1.88289772910995,-3.175));
#7291=CARTESIAN_POINT('',(2.00452656619196E-14,1.85138888888889,-3.175));
#7292=CARTESIAN_POINT('',(2.00452656619196E-14,1.85138888888889,-3.175));
#7293=CARTESIAN_POINT('',(2.00452656619196E-14,1.85138888888889,-3.175));
#7294=CARTESIAN_POINT('',(0.850738685968823,1.81988004866782,-3.17499999999999));
#7295=CARTESIAN_POINT('',(1.5875,1.79259259259259,-2.74963065701559));
#7296=CARTESIAN_POINT('',(3.175,1.7337962962963,-1.83308710467706));
#7297=CARTESIAN_POINT('',(3.175,1.675,-3.88825358729285E-16));
#7298=CARTESIAN_POINT('',(3.175,1.6162037037037,1.83308710467706));
#7299=CARTESIAN_POINT('',(1.5875,1.55740740740741,2.74963065701559));
#7300=CARTESIAN_POINT('',(0.850738685968806,1.53011995133218,3.175));
#7301=CARTESIAN_POINT('',(-1.90575279336511E-14,1.49861111111111,3.175));
#7302=CARTESIAN_POINT('',(-1.90575279336511E-14,1.49861111111111,3.175));
#7303=CARTESIAN_POINT('',(-1.90575279336511E-14,1.49861111111111,3.175));
#7304=CARTESIAN_POINT('',(-0.850738685968822,1.46710227089004,3.17499999999999));
#7305=CARTESIAN_POINT('',(-1.5875,1.43981481481481,2.74963065701559));
#7306=CARTESIAN_POINT('',(-3.175,1.38101851851852,1.83308710467706));
#7307=CARTESIAN_POINT('',(-3.175,1.32222222222222,0.));
#7308=CARTESIAN_POINT('',(-3.175,1.26342592592593,-1.83308710467706));
#7309=CARTESIAN_POINT('',(-1.5875,1.20462962962963,-2.74963065701559));
#7310=CARTESIAN_POINT('',(-0.850738685968805,1.1773421735544,-3.175));
#7311=CARTESIAN_POINT('',(2.00452656619196E-14,1.14583333333333,-3.175));
#7312=CARTESIAN_POINT('',(2.00452656619196E-14,1.14583333333333,-3.175));
#7313=CARTESIAN_POINT('',(2.00452656619196E-14,1.14583333333333,-3.175));
#7314=CARTESIAN_POINT('',(0.850738685968823,1.11432449311226,-3.17499999999999));
#7315=CARTESIAN_POINT('',(1.5875,1.08703703703704,-2.74963065701559));
#7316=CARTESIAN_POINT('',(3.175,1.02824074074074,-1.83308710467706));
#7317=CARTESIAN_POINT('',(3.175,0.969444444444443,-3.88825358729285E-16));
#7318=CARTESIAN_POINT('',(3.175,0.910648148148146,1.83308710467706));
#7319=CARTESIAN_POINT('',(1.5875,0.85185185185185,2.74963065701559));
#7320=CARTESIAN_POINT('',(0.850738685968815,0.824564395776621,3.175));
#7321=CARTESIAN_POINT('',(1.39445326343789E-15,0.793055555555554,3.175));
#7322=CARTESIAN_POINT('',(1.39445326343789E-15,0.793055555555554,3.175));
#7323=CARTESIAN_POINT('',(1.39445326343789E-15,0.793055555555554,3.175));
#7324=CARTESIAN_POINT('',(-0.850738685968813,0.761546715334486,3.175));
#7325=CARTESIAN_POINT('',(-1.5875,0.734259259259257,2.74963065701559));
#7326=CARTESIAN_POINT('',(-3.175,0.675462962962961,1.83308710467706));
#7327=CARTESIAN_POINT('',(-3.175,0.616666666666665,0.));
#7328=CARTESIAN_POINT('',(-3.175,0.557870370370368,-1.83308710467706));
#7329=CARTESIAN_POINT('',(-1.5875,0.499074074074074,-2.74963065701559));
#7330=CARTESIAN_POINT('',(-0.850738685968815,0.471786617998845,-3.175));
#7331=CARTESIAN_POINT('',(-4.06715535169384E-16,0.440277777777777,-3.175));
#7332=CARTESIAN_POINT('',(-4.06715535169384E-16,0.440277777777777,-3.175));
#7333=CARTESIAN_POINT('',(-4.06715535169384E-16,0.440277777777777,-3.175));
#7334=CARTESIAN_POINT('',(0.850738685968814,0.40876893755671,-3.175));
#7335=CARTESIAN_POINT('',(1.5875,0.381481481481481,-2.74963065701559));
#7336=CARTESIAN_POINT('',(3.175,0.322685185185185,-1.83308710467706));
#7337=CARTESIAN_POINT('',(3.175,0.263888888888888,-3.88825358729285E-16));
#7338=CARTESIAN_POINT('',(3.175,0.205092592592592,1.83308710467706));
#7339=CARTESIAN_POINT('',(1.5875,0.146296296296295,2.74963065701559));
#7340=CARTESIAN_POINT('',(0.850738685968815,0.119008840221066,3.175));
#7341=CARTESIAN_POINT('',(1.39445326343789E-15,0.087499999999999,3.175));
#7342=CARTESIAN_POINT('',(1.39445326343789E-15,0.087499999999999,3.175));
#7343=CARTESIAN_POINT('',(1.39445326343789E-15,0.087499999999999,3.175));
#7344=CARTESIAN_POINT('',(-0.850738685968813,0.0559911597789318,3.175));
#7345=CARTESIAN_POINT('',(-1.5875,0.0287037037037027,2.74963065701559));
#7346=CARTESIAN_POINT('',(-1.95371363329745,0.0151402358037971,2.5381971172504));
#7347=CARTESIAN_POINT('',(-2.25182290390986,1.56228159155177E-16,2.23828474717292));
#7348=CARTESIAN_POINT('',(-2.25182290390986,1.56228159155177E-16,2.23828474717292));
#7349=CARTESIAN_POINT('',(2.58090301199822,0.,1.06788835808367));
#7350=CARTESIAN_POINT('',(2.42555316835693,0.,1.53643875691362));
#7351=CARTESIAN_POINT('',(1.86830542048051,0.,2.37890146293311));
#7352=CARTESIAN_POINT('',(0.51321577345338,0.,3.06855090901563));
#7353=CARTESIAN_POINT('',(-0.999796193006534,0.,3.04915026900856));
#7354=CARTESIAN_POINT('',(-1.88354977447833,0.,2.56553072586606));
#7355=CARTESIAN_POINT('',(-2.25182290390986,0.,2.23828474717292));
#7356=CARTESIAN_POINT('',(0.,13.8292873387851,0.));
#7357=CARTESIAN_POINT('',(0.,7.35,0.));
#7358=CARTESIAN_POINT('',(0.,13.8292873387851,3.175));
#7359=CARTESIAN_POINT('',(2.13447209508627E-15,-3.6,0.));
#7360=CARTESIAN_POINT('',(0.,-3.6,0.));
#7361=CARTESIAN_POINT('',(3.7557864968429E-16,-3.6,2.1650635094611));
#7362=CARTESIAN_POINT('',(1.875,-3.6,1.08253175473055));
#7363=CARTESIAN_POINT('',(0.,-3.6,0.));
#7364=CARTESIAN_POINT('',(-1.875,-3.6,1.08253175473055));
#7365=CARTESIAN_POINT('',(0.,-3.6,0.));
#7366=CARTESIAN_POINT('',(-1.875,-3.6,-1.08253175473055));
#7367=CARTESIAN_POINT('',(0.,-3.6,0.));
#7368=CARTESIAN_POINT('',(0.,-3.6,-2.1650635094611));
#7369=CARTESIAN_POINT('',(0.,-3.6,0.));
#7370=CARTESIAN_POINT('',(1.875,-3.6,-1.08253175473055));
#7371=CARTESIAN_POINT('',(0.,-3.6,0.));
#7372=CARTESIAN_POINT('',(0.,-3.6,0.));
#7373=CARTESIAN_POINT('',(-1.25,-3.47809308707426,2.1650635094611));
#7374=CARTESIAN_POINT('',(-0.803418012614792,-3.55936436235809,2.1650635094611));
#7375=CARTESIAN_POINT('',(-0.386751345948126,-3.6,2.1650635094611));
#7376=CARTESIAN_POINT('',(4.33680868994202E-16,-3.6,2.1650635094611));
#7377=CARTESIAN_POINT('',(-1.25,-3.47809308707426,2.1650635094611));
#7378=CARTESIAN_POINT('',(-1.875,-3.6,1.08253175473055));
#7379=CARTESIAN_POINT('',(-1.68162432702594,-3.6,1.41746824526945));
#7380=CARTESIAN_POINT('',(-1.4732909936926,-3.55936436235809,1.77831216351297));
#7381=CARTESIAN_POINT('',(-1.25,-3.47809308707426,2.1650635094611));
#7382=CARTESIAN_POINT('',(0.,-3.6,0.));
#7383=CARTESIAN_POINT('',(-2.5,-3.47809308707426,0.));
#7384=CARTESIAN_POINT('',(-2.2767090063074,-3.55936436235809,0.386751345948129));
#7385=CARTESIAN_POINT('',(-2.06837567297406,-3.6,0.747595264191645));
#7386=CARTESIAN_POINT('',(-1.875,-3.6,1.08253175473055));
#7387=CARTESIAN_POINT('',(-2.5,-3.47809308707426,0.));
#7388=CARTESIAN_POINT('',(-1.875,-3.6,-1.08253175473055));
#7389=CARTESIAN_POINT('',(-2.06837567297406,-3.6,-0.747595264191647));
#7390=CARTESIAN_POINT('',(-2.2767090063074,-3.55936436235809,-0.38675134594813));
#7391=CARTESIAN_POINT('',(-2.5,-3.47809308707426,-2.1005505910246E-16));
#7392=CARTESIAN_POINT('',(0.,-3.6,0.));
#7393=CARTESIAN_POINT('',(-1.25,-3.47809308707426,-2.1650635094611));
#7394=CARTESIAN_POINT('',(-1.4732909936926,-3.55936436235809,-1.77831216351296));
#7395=CARTESIAN_POINT('',(-1.68162432702594,-3.6,-1.41746824526945));
#7396=CARTESIAN_POINT('',(-1.875,-3.6,-1.08253175473055));
#7397=CARTESIAN_POINT('',(-1.25,-3.47809308707426,-2.1650635094611));
#7398=CARTESIAN_POINT('',(0.,-3.6,-2.1650635094611));
#7399=CARTESIAN_POINT('',(-0.386751345948125,-3.6,-2.1650635094611));
#7400=CARTESIAN_POINT('',(-0.803418012614791,-3.55936436235809,-2.1650635094611));
#7401=CARTESIAN_POINT('',(-1.25,-3.47809308707426,-2.1650635094611));
#7402=CARTESIAN_POINT('',(0.,-3.6,0.));
#7403=CARTESIAN_POINT('',(1.25,-3.47809308707426,-2.1650635094611));
#7404=CARTESIAN_POINT('',(0.803418012614792,-3.55936436235809,-2.1650635094611));
#7405=CARTESIAN_POINT('',(0.386751345948126,-3.6,-2.1650635094611));
#7406=CARTESIAN_POINT('',(0.,-3.6,-2.1650635094611));
#7407=CARTESIAN_POINT('',(1.25,-3.47809308707426,-2.1650635094611));
#7408=CARTESIAN_POINT('',(1.875,-3.6,-1.08253175473055));
#7409=CARTESIAN_POINT('',(1.68162432702594,-3.6,-1.41746824526945));
#7410=CARTESIAN_POINT('',(1.4732909936926,-3.55936436235809,-1.77831216351297));
#7411=CARTESIAN_POINT('',(1.25,-3.47809308707426,-2.1650635094611));
#7412=CARTESIAN_POINT('',(0.,-3.6,0.));
#7413=CARTESIAN_POINT('',(1.875,-3.6,1.08253175473055));
#7414=CARTESIAN_POINT('',(2.06837567297406,-3.6,0.747595264191649));
#7415=CARTESIAN_POINT('',(2.2767090063074,-3.55936436235808,0.386751345948133));
#7416=CARTESIAN_POINT('',(2.5,-3.47809308707425,1.92348940644226E-16));
#7417=CARTESIAN_POINT('',(2.5,-3.47809308707426,1.92348940644226E-16));
#7418=CARTESIAN_POINT('',(2.5,-3.47809308707426,-4.33680868994202E-16));
#7419=CARTESIAN_POINT('',(2.2767090063074,-3.55936436235809,-0.386751345948133));
#7420=CARTESIAN_POINT('',(2.06837567297406,-3.6,-0.747595264191649));
#7421=CARTESIAN_POINT('',(1.875,-3.6,-1.08253175473055));
#7422=CARTESIAN_POINT('',(0.,-3.6,0.));
#7423=CARTESIAN_POINT('',(1.25,-3.47809308707425,2.1650635094611));
#7424=CARTESIAN_POINT('',(1.47329099369261,-3.55936436235808,1.77831216351296));
#7425=CARTESIAN_POINT('',(1.68162432702594,-3.6,1.41746824526945));
#7426=CARTESIAN_POINT('',(1.875,-3.6,1.08253175473055));
#7427=CARTESIAN_POINT('',(1.25,-3.47809308707426,2.1650635094611));
#7428=CARTESIAN_POINT('',(4.33680868994202E-16,-3.6,2.1650635094611));
#7429=CARTESIAN_POINT('',(0.386751345948125,-3.6,2.1650635094611));
#7430=CARTESIAN_POINT('',(0.803418012614792,-3.55936436235809,2.1650635094611));
#7431=CARTESIAN_POINT('',(1.25,-3.47809308707426,2.1650635094611));
#7432=CARTESIAN_POINT('',(0.,-1.92190691292574,0.));
#7433=CARTESIAN_POINT('',(0.,-1.8,0.));
#7434=CARTESIAN_POINT('',(1.875,-1.8,1.08253175473055));
#7435=CARTESIAN_POINT('',(1.875,-1.8,-1.08253175473055));
#7436=CARTESIAN_POINT('',(2.5,-1.92190691292574,1.69832800448932E-15));
#7437=CARTESIAN_POINT('',(2.27670900630739,-1.84063563764191,0.386751345948136));
#7438=CARTESIAN_POINT('',(2.06837567297406,-1.8,0.747595264191651));
#7439=CARTESIAN_POINT('',(1.875,-1.8,1.08253175473055));
#7440=CARTESIAN_POINT('',(2.5,-1.92190691292574,1.95156391047391E-15));
#7441=CARTESIAN_POINT('',(1.875,-1.8,-1.08253175473055));
#7442=CARTESIAN_POINT('',(2.06837567297406,-1.8,-0.747595264191651));
#7443=CARTESIAN_POINT('',(2.2767090063074,-1.84063563764191,-0.386751345948134));
#7444=CARTESIAN_POINT('',(2.5,-1.92190691292574,1.30104260698261E-15));
#7445=CARTESIAN_POINT('',(0.,-1.92190691292574,0.));
#7446=CARTESIAN_POINT('',(1.875,-1.8,1.08253175473055));
#7447=CARTESIAN_POINT('',(1.68162432702594,-1.8,1.41746824526945));
#7448=CARTESIAN_POINT('',(1.47329099369261,-1.84063563764191,1.77831216351296));
#7449=CARTESIAN_POINT('',(1.25,-1.92190691292574,2.1650635094611));
#7450=CARTESIAN_POINT('',(1.25,-1.92190691292574,2.1650635094611));
#7451=CARTESIAN_POINT('',(0.,-1.8,0.));
#7452=CARTESIAN_POINT('',(3.7557864968429E-16,-1.8,2.1650635094611));
#7453=CARTESIAN_POINT('',(1.25,-1.92190691292574,2.1650635094611));
#7454=CARTESIAN_POINT('',(0.803418012614791,-1.84063563764191,2.1650635094611));
#7455=CARTESIAN_POINT('',(0.386751345948125,-1.8,2.1650635094611));
#7456=CARTESIAN_POINT('',(4.33680868994202E-16,-1.8,2.1650635094611));
#7457=CARTESIAN_POINT('',(1.25,-10.2143782776615,-2.1650635094611));
#7458=CARTESIAN_POINT('',(1.25,-10.2143782776615,-2.1650635094611));
#7459=CARTESIAN_POINT('',(1.25,-1.92190691292574,-2.1650635094611));
#7460=CARTESIAN_POINT('',(1.25,-1.92190691292574,-2.1650635094611));
#7461=CARTESIAN_POINT('',(1.47329099369261,-1.84063563764191,-1.77831216351296));
#7462=CARTESIAN_POINT('',(1.68162432702594,-1.8,-1.41746824526945));
#7463=CARTESIAN_POINT('',(1.875,-1.8,-1.08253175473055));
#7464=CARTESIAN_POINT('',(2.5,-10.2143782776615,1.92348940644226E-16));
#7465=CARTESIAN_POINT('',(-1.25,-10.2143782776615,-2.1650635094611));
#7466=CARTESIAN_POINT('',(-1.25,-10.2143782776615,-2.1650635094611));
#7467=CARTESIAN_POINT('',(-1.25,-1.92190691292574,-2.1650635094611));
#7468=CARTESIAN_POINT('',(-1.25,-1.92190691292574,-2.1650635094611));
#7469=CARTESIAN_POINT('',(-0.803418012614788,-1.84063563764191,-2.1650635094611));
#7470=CARTESIAN_POINT('',(-0.386751345948121,-1.8,-2.1650635094611));
#7471=CARTESIAN_POINT('',(0.,-1.8,-2.1650635094611));
#7472=CARTESIAN_POINT('',(0.,-1.8,-2.1650635094611));
#7473=CARTESIAN_POINT('',(0.,-1.8,-2.1650635094611));
#7474=CARTESIAN_POINT('',(0.386751345948122,-1.8,-2.1650635094611));
#7475=CARTESIAN_POINT('',(0.803418012614788,-1.84063563764191,-2.1650635094611));
#7476=CARTESIAN_POINT('',(1.25,-1.92190691292574,-2.1650635094611));
#7477=CARTESIAN_POINT('',(-2.5,-10.2143782776615,-9.09358591873383E-16));
#7478=CARTESIAN_POINT('',(-2.5,-10.2143782776615,-9.09358591873383E-16));
#7479=CARTESIAN_POINT('',(-2.5,-1.92190691292574,0.));
#7480=CARTESIAN_POINT('',(-2.5,-1.92190691292574,-2.1005505910246E-16));
#7481=CARTESIAN_POINT('',(-2.27670900630739,-1.84063563764191,-0.386751345948135));
#7482=CARTESIAN_POINT('',(-2.06837567297406,-1.8,-0.747595264191651));
#7483=CARTESIAN_POINT('',(-1.875,-1.8,-1.08253175473055));
#7484=CARTESIAN_POINT('',(-1.875,-1.8,-1.08253175473055));
#7485=CARTESIAN_POINT('',(-1.875,-1.8,-1.08253175473055));
#7486=CARTESIAN_POINT('',(-1.68162432702594,-1.8,-1.41746824526945));
#7487=CARTESIAN_POINT('',(-1.4732909936926,-1.84063563764191,-1.77831216351296));
#7488=CARTESIAN_POINT('',(-1.25,-1.92190691292574,-2.1650635094611));
#7489=CARTESIAN_POINT('',(-1.25,-10.2143782776615,2.1650635094611));
#7490=CARTESIAN_POINT('',(-1.25,-10.2143782776615,2.1650635094611));
#7491=CARTESIAN_POINT('',(-1.25,-1.92190691292574,2.1650635094611));
#7492=CARTESIAN_POINT('',(-1.25,-1.92190691292574,2.1650635094611));
#7493=CARTESIAN_POINT('',(-1.4732909936926,-1.84063563764191,1.77831216351296));
#7494=CARTESIAN_POINT('',(-1.68162432702594,-1.8,1.41746824526945));
#7495=CARTESIAN_POINT('',(-1.875,-1.8,1.08253175473055));
#7496=CARTESIAN_POINT('',(-1.875,-1.8,1.08253175473055));
#7497=CARTESIAN_POINT('',(-1.875,-1.8,1.08253175473055));
#7498=CARTESIAN_POINT('',(-2.06837567297406,-1.8,0.747595264191649));
#7499=CARTESIAN_POINT('',(-2.27670900630739,-1.84063563764191,0.386751345948133));
#7500=CARTESIAN_POINT('',(-2.5,-1.92190691292574,0.));
#7501=CARTESIAN_POINT('',(1.25,-10.2143782776615,2.1650635094611));
#7502=CARTESIAN_POINT('',(1.25,-10.2143782776615,2.1650635094611));
#7503=CARTESIAN_POINT('',(4.33680868994202E-16,-1.8,2.1650635094611));
#7504=CARTESIAN_POINT('',(-0.386751345948122,-1.8,2.1650635094611));
#7505=CARTESIAN_POINT('',(-0.803418012614788,-1.84063563764191,2.1650635094611));
#7506=CARTESIAN_POINT('',(-1.25,-1.92190691292574,2.1650635094611));
#7507=CARTESIAN_POINT('',(2.5,-10.2143782776615,1.92348940644226E-16));
#7508=CARTESIAN_POINT('',(0.,-1.92190691292574,0.));
#7509=CARTESIAN_POINT('',(0.,-1.8,0.));
#7510=CARTESIAN_POINT('',(0.,-1.92190691292574,0.));
#7511=CARTESIAN_POINT('',(0.,-1.8,0.));
#7512=CARTESIAN_POINT('',(0.,-1.92190691292574,0.));
#7513=CARTESIAN_POINT('',(0.,-1.8,0.));
#7514=CARTESIAN_POINT('',(0.,-1.92190691292574,0.));
#7515=CARTESIAN_POINT('',(0.,-1.8,0.));
#7516=CARTESIAN_POINT('',(0.,-1.8,0.));
#7517=CARTESIAN_POINT('',(0.,-1.8,0.));
#7518=CARTESIAN_POINT('',(2.25347189810574E-15,-1.8,-3.46410161513775));
#7519=CARTESIAN_POINT('',(-3.,-1.8,-1.73205080756888));
#7520=CARTESIAN_POINT('',(0.,-1.8,0.));
#7521=CARTESIAN_POINT('',(3.,-1.8,-1.73205080756888));
#7522=CARTESIAN_POINT('',(0.,-1.8,0.));
#7523=CARTESIAN_POINT('',(3.,-1.8,1.73205080756888));
#7524=CARTESIAN_POINT('',(0.,-1.8,0.));
#7525=CARTESIAN_POINT('',(-1.87789324842145E-15,-1.8,3.46410161513775));
#7526=CARTESIAN_POINT('',(0.,-1.8,0.));
#7527=CARTESIAN_POINT('',(-3.,-1.8,1.73205080756888));
#7528=CARTESIAN_POINT('',(0.,-1.8,0.));
#7529=CARTESIAN_POINT('',(0.,-1.8,0.));
#7530=CARTESIAN_POINT('',(-2.,-1.60494893931881,-3.46410161513776));
#7531=CARTESIAN_POINT('',(-2.35726558990816,-1.73498297977294,-2.84529946162075));
#7532=CARTESIAN_POINT('',(-2.6905989232415,-1.8,-2.26794919243112));
#7533=CARTESIAN_POINT('',(-3.,-1.8,-1.73205080756888));
#7534=CARTESIAN_POINT('',(-2.,-1.60494893931881,-3.46410161513776));
#7535=CARTESIAN_POINT('',(2.16840434497101E-15,-1.8,-3.46410161513775));
#7536=CARTESIAN_POINT('',(-0.326576858762625,-1.8,-3.46410161513775));
#7537=CARTESIAN_POINT('',(-1.01262262303404,-1.76258998261257,-3.46410161513776));
#7538=CARTESIAN_POINT('',(-1.64927823940915,-1.66877508000106,-3.46410161513776));
#7539=CARTESIAN_POINT('',(-2.,-1.60494893931881,-3.46410161513776));
#7540=CARTESIAN_POINT('',(0.,-1.8,0.));
#7541=CARTESIAN_POINT('',(-4.,-1.60494893931881,-1.73472347597681E-15));
#7542=CARTESIAN_POINT('',(-3.64273441009184,-1.73498297977294,0.618802153517004));
#7543=CARTESIAN_POINT('',(-3.3094010767585,-1.8,1.19615242270663));
#7544=CARTESIAN_POINT('',(-3.,-1.8,1.73205080756888));
#7545=CARTESIAN_POINT('',(-4.,-1.60494893931881,-2.16840434497101E-15));
#7546=CARTESIAN_POINT('',(-3.,-1.8,-1.73205080756888));
#7547=CARTESIAN_POINT('',(-3.3094010767585,-1.8,-1.19615242270663));
#7548=CARTESIAN_POINT('',(-3.64273441009183,-1.73498297977294,-0.618802153517009));
#7549=CARTESIAN_POINT('',(-4.,-1.60494893931881,-1.93321507328197E-15));
#7550=CARTESIAN_POINT('',(0.,-1.8,0.));
#7551=CARTESIAN_POINT('',(-2.,-1.60494893931881,3.46410161513775));
#7552=CARTESIAN_POINT('',(-1.64967859173778,-1.66870222183564,3.46410161513775));
#7553=CARTESIAN_POINT('',(-1.01224957209468,-1.76262641164113,3.46410161513775));
#7554=CARTESIAN_POINT('',(-0.326922609385239,-1.8,3.46410161513775));
#7555=CARTESIAN_POINT('',(-1.73472347597681E-15,-1.8,3.46410161513775));
#7556=CARTESIAN_POINT('',(-2.,-1.60494893931881,3.46410161513775));
#7557=CARTESIAN_POINT('',(-3.,-1.8,1.73205080756888));
#7558=CARTESIAN_POINT('',(-2.6905989232415,-1.8,2.26794919243112));
#7559=CARTESIAN_POINT('',(-2.35726558990816,-1.73498297977294,2.84529946162075));
#7560=CARTESIAN_POINT('',(-2.,-1.60494893931881,3.46410161513775));
#7561=CARTESIAN_POINT('',(0.,-1.8,0.));
#7562=CARTESIAN_POINT('',(-1.73472347597681E-15,-1.8,3.46410161513775));
#7563=CARTESIAN_POINT('',(0.618802153517004,-1.8,3.46410161513776));
#7564=CARTESIAN_POINT('',(1.28546882018367,-1.73498297977294,3.46410161513776));
#7565=CARTESIAN_POINT('',(2.,-1.60494893931881,3.46410161513776));
#7566=CARTESIAN_POINT('',(2.,-1.60494893931881,3.46410161513776));
#7567=CARTESIAN_POINT('',(2.,-1.60494893931881,3.46410161513776));
#7568=CARTESIAN_POINT('',(2.35726558990817,-1.73498297977294,2.84529946162075));
#7569=CARTESIAN_POINT('',(2.6905989232415,-1.8,2.26794919243112));
#7570=CARTESIAN_POINT('',(3.,-1.8,1.73205080756888));
#7571=CARTESIAN_POINT('',(0.,-1.8,0.));
#7572=CARTESIAN_POINT('',(3.,-1.8,1.73205080756888));
#7573=CARTESIAN_POINT('',(3.3094010767585,-1.8,1.19615242270664));
#7574=CARTESIAN_POINT('',(3.64273441009184,-1.73498297977294,0.618802153517011));
#7575=CARTESIAN_POINT('',(4.,-1.60494893931881,3.74718334111358E-15));
#7576=CARTESIAN_POINT('',(4.,-1.60494893931881,3.46944695195361E-15));
#7577=CARTESIAN_POINT('',(4.,-1.60494893931881,1.73472347597681E-15));
#7578=CARTESIAN_POINT('',(3.64273441009184,-1.73498297977294,-0.61880215351701));
#7579=CARTESIAN_POINT('',(3.3094010767585,-1.8,-1.19615242270664));
#7580=CARTESIAN_POINT('',(3.,-1.8,-1.73205080756888));
#7581=CARTESIAN_POINT('',(0.,-1.8,0.));
#7582=CARTESIAN_POINT('',(3.,-1.8,-1.73205080756888));
#7583=CARTESIAN_POINT('',(2.6905989232415,-1.8,-2.26794919243112));
#7584=CARTESIAN_POINT('',(2.35726558990817,-1.73498297977294,-2.84529946162075));
#7585=CARTESIAN_POINT('',(2.,-1.60494893931881,-3.46410161513775));
#7586=CARTESIAN_POINT('',(2.,-1.60494893931881,-3.46410161513775));
#7587=CARTESIAN_POINT('',(2.,-1.60494893931881,-3.46410161513775));
#7588=CARTESIAN_POINT('',(1.28546882018367,-1.73498297977294,-3.46410161513775));
#7589=CARTESIAN_POINT('',(0.618802153517007,-1.8,-3.46410161513775));
#7590=CARTESIAN_POINT('',(2.16840434497101E-15,-1.8,-3.46410161513775));
#7591=CARTESIAN_POINT('',(-2.,-1.8,3.46410161513775));
#7592=CARTESIAN_POINT('',(-2.,-1.8,3.46410161513775));
#7593=CARTESIAN_POINT('',(-2.,-0.195051060681187,3.46410161513775));
#7594=CARTESIAN_POINT('',(-2.,-0.195051060681187,3.46410161513775));
#7595=CARTESIAN_POINT('',(-2.35726558990816,-0.0650170202270625,2.84529946162075));
#7596=CARTESIAN_POINT('',(-2.6905989232415,0.,2.26794919243112));
#7597=CARTESIAN_POINT('',(-3.,0.,1.73205080756888));
#7598=CARTESIAN_POINT('',(-3.,0.,1.73205080756888));
#7599=CARTESIAN_POINT('',(-3.,0.,1.73205080756888));
#7600=CARTESIAN_POINT('',(-3.3094010767585,0.,1.19615242270663));
#7601=CARTESIAN_POINT('',(-3.64273441009184,-0.0650170202270624,0.618802153517005));
#7602=CARTESIAN_POINT('',(-4.,-0.195051060681187,-1.73472347597681E-15));
#7603=CARTESIAN_POINT('',(-4.,-0.195051060681187,-2.16840434497101E-15));
#7604=CARTESIAN_POINT('',(-4.,-1.8,-7.72363381831975E-16));
#7605=CARTESIAN_POINT('',(-4.,-1.8,-7.72363381831975E-16));
#7606=CARTESIAN_POINT('',(-4.,-0.195051060681186,-1.93321507328197E-15));
#7607=CARTESIAN_POINT('',(-3.64273441009184,-0.0650170202270615,-0.618802153517008));
#7608=CARTESIAN_POINT('',(-3.3094010767585,8.67361737988404E-16,-1.19615242270663));
#7609=CARTESIAN_POINT('',(-3.,8.67361737988404E-16,-1.73205080756888));
#7610=CARTESIAN_POINT('',(-3.,0.,-1.73205080756888));
#7611=CARTESIAN_POINT('',(-3.,8.67361737988404E-16,-1.73205080756888));
#7612=CARTESIAN_POINT('',(-2.6905989232415,8.67361737988404E-16,-2.26794919243112));
#7613=CARTESIAN_POINT('',(-2.35726558990816,-0.0650170202270615,-2.84529946162075));
#7614=CARTESIAN_POINT('',(-2.,-0.195051060681186,-3.46410161513776));
#7615=CARTESIAN_POINT('',(-2.,-0.195051060681187,-3.46410161513776));
#7616=CARTESIAN_POINT('',(-2.,-1.8,-3.46410161513776));
#7617=CARTESIAN_POINT('',(-2.,-1.8,-3.46410161513776));
#7618=CARTESIAN_POINT('',(-2.,-0.195051060681187,-3.46410161513776));
#7619=CARTESIAN_POINT('',(-1.64967859164053,-0.131297778146659,-3.46410161513776));
#7620=CARTESIAN_POINT('',(-1.01224957164903,-0.0373735883135719,-3.46410161513776));
#7621=CARTESIAN_POINT('',(-0.326922609301258,0.,-3.46410161513775));
#7622=CARTESIAN_POINT('',(2.16840434497101E-15,0.,-3.46410161513775));
#7623=CARTESIAN_POINT('',(2.25347189810574E-15,0.,-3.46410161513775));
#7624=CARTESIAN_POINT('',(2.16840434497101E-15,0.,-3.46410161513775));
#7625=CARTESIAN_POINT('',(0.618802153517008,0.,-3.46410161513775));
#7626=CARTESIAN_POINT('',(1.28546882018368,-0.0650170202270624,-3.46410161513775));
#7627=CARTESIAN_POINT('',(2.,-0.195051060681187,-3.46410161513775));
#7628=CARTESIAN_POINT('',(2.,-0.195051060681187,-3.46410161513775));
#7629=CARTESIAN_POINT('',(2.,-1.8,-3.46410161513775));
#7630=CARTESIAN_POINT('',(2.,-1.8,-3.46410161513775));
#7631=CARTESIAN_POINT('',(2.,-0.195051060681187,-3.46410161513775));
#7632=CARTESIAN_POINT('',(2.35726558990817,-0.0650170202270624,-2.84529946162075));
#7633=CARTESIAN_POINT('',(2.6905989232415,0.,-2.26794919243112));
#7634=CARTESIAN_POINT('',(3.,0.,-1.73205080756888));
#7635=CARTESIAN_POINT('',(3.,0.,-1.73205080756888));
#7636=CARTESIAN_POINT('',(3.,0.,-1.73205080756888));
#7637=CARTESIAN_POINT('',(3.3094010767585,0.,-1.19615242270663));
#7638=CARTESIAN_POINT('',(3.64273441009184,-0.0650170202270624,-0.618802153517008));
#7639=CARTESIAN_POINT('',(4.,-0.195051060681187,1.73472347597681E-15));
#7640=CARTESIAN_POINT('',(4.,-0.195051060681187,3.46944695195361E-15));
#7641=CARTESIAN_POINT('',(4.,-1.8,4.55794673100429E-16));
#7642=CARTESIAN_POINT('',(4.,-1.8,4.55794673100429E-16));
#7643=CARTESIAN_POINT('',(4.,-0.195051060681187,3.74718334111358E-15));
#7644=CARTESIAN_POINT('',(3.64273441009184,-0.0650170202270624,0.618802153517011));
#7645=CARTESIAN_POINT('',(3.3094010767585,0.,1.19615242270664));
#7646=CARTESIAN_POINT('',(3.,0.,1.73205080756888));
#7647=CARTESIAN_POINT('',(3.,0.,1.73205080756888));
#7648=CARTESIAN_POINT('',(3.,0.,1.73205080756888));
#7649=CARTESIAN_POINT('',(2.6905989232415,0.,2.26794919243112));
#7650=CARTESIAN_POINT('',(2.35726558990817,-0.0650170202270624,2.84529946162075));
#7651=CARTESIAN_POINT('',(2.,-0.195051060681187,3.46410161513776));
#7652=CARTESIAN_POINT('',(2.,-0.195051060681187,3.46410161513776));
#7653=CARTESIAN_POINT('',(2.,-1.8,3.46410161513776));
#7654=CARTESIAN_POINT('',(2.,-1.8,3.46410161513776));
#7655=CARTESIAN_POINT('',(2.,-0.195051060681187,3.46410161513776));
#7656=CARTESIAN_POINT('',(1.28546882018367,-0.0650170202270624,3.46410161513776));
#7657=CARTESIAN_POINT('',(0.618802153517004,0.,3.46410161513776));
#7658=CARTESIAN_POINT('',(-1.73472347597681E-15,0.,3.46410161513775));
#7659=CARTESIAN_POINT('',(-1.87789324842145E-15,0.,3.46410161513775));
#7660=CARTESIAN_POINT('',(-1.73472347597681E-15,0.,3.46410161513775));
#7661=CARTESIAN_POINT('',(-0.326576858846863,0.,3.46410161513775));
#7662=CARTESIAN_POINT('',(-1.01262262347942,-0.0374100174327069,3.46410161513775));
#7663=CARTESIAN_POINT('',(-1.64927823950669,-0.131224920016686,3.46410161513775));
#7664=CARTESIAN_POINT('',(-2.,-0.195051060681187,3.46410161513775));
#7665=CARTESIAN_POINT('',(0.,-0.195051060681187,0.));
#7666=CARTESIAN_POINT('',(0.,0.,0.));
#7667=CARTESIAN_POINT('',(0.,-0.195051060681187,0.));
#7668=CARTESIAN_POINT('',(0.,0.,0.));
#7669=CARTESIAN_POINT('',(0.,-0.195051060681187,0.));
#7670=CARTESIAN_POINT('',(0.,0.,0.));
#7671=CARTESIAN_POINT('',(0.,-0.195051060681187,0.));
#7672=CARTESIAN_POINT('',(0.,0.,0.));
#7673=CARTESIAN_POINT('',(0.,-0.195051060681187,0.));
#7674=CARTESIAN_POINT('',(0.,0.,0.));
#7675=CARTESIAN_POINT('',(0.,-0.195051060681187,0.));
#7676=CARTESIAN_POINT('',(0.,0.,0.));
#7677=CARTESIAN_POINT('',(0.,0.,0.));
#7678=CARTESIAN_POINT('',(0.,0.,0.));
#7679=CARTESIAN_POINT('',(0.,13.8292873387851,0.));
#7680=CARTESIAN_POINT('',(3.88825358729285E-16,13.8292873387851,-3.175));
#7681=CARTESIAN_POINT('',(0.,13.8292873387851,0.));
#7682=CARTESIAN_POINT('',(3.88825358729285E-16,13.8292873387851,-3.175));
#7683=CARTESIAN_POINT('',(0.,13.8292873387851,3.175));
#7684=CARTESIAN_POINT('',(0.,13.8292873387851,0.));
#7685=CARTESIAN_POINT('',(3.88825358729285E-16,13.8292873387851,-3.175));
#7686=CARTESIAN_POINT('',(0.,13.8292873387851,3.175));
#7687=CARTESIAN_POINT('',(0.,13.8292873387851,0.));
#7688=CARTESIAN_POINT('',(3.88825358729285E-16,13.8292873387851,-3.175));
#7689=CARTESIAN_POINT('',(0.,13.8292873387851,3.175));
#7690=CARTESIAN_POINT('',(0.,13.8292873387851,0.));
#7691=CARTESIAN_POINT('',(3.88825358729285E-16,13.8292873387851,-3.175));
#7692=CARTESIAN_POINT('',(0.,13.8292873387851,3.175));
#7693=CARTESIAN_POINT('',(0.,13.8292873387851,0.));
#7694=CARTESIAN_POINT('',(3.88825358729285E-16,13.8292873387851,-3.175));
#7695=CARTESIAN_POINT('',(0.,13.8292873387851,3.175));
#7696=CARTESIAN_POINT('',(0.,13.8292873387851,0.));
#7697=CARTESIAN_POINT('',(3.88825358729285E-16,13.8292873387851,-3.175));
#7698=CARTESIAN_POINT('',(0.,13.8292873387851,3.175));
#7699=CARTESIAN_POINT('',(0.,13.8292873387851,0.));
#7700=CARTESIAN_POINT('',(3.88825358729285E-16,13.8292873387851,-3.175));
#7701=CARTESIAN_POINT('',(0.,13.8292873387851,3.175));
#7702=CARTESIAN_POINT('',(0.,13.8292873387851,0.));
#7703=CARTESIAN_POINT('',(3.88825358729285E-16,13.8292873387851,-3.175));
#7704=CARTESIAN_POINT('',(0.,13.8292873387851,3.175));
#7705=CARTESIAN_POINT('',(0.,13.8292873387851,0.));
#7706=CARTESIAN_POINT('',(3.88825358729285E-16,13.8292873387851,-3.175));
#7707=CARTESIAN_POINT('',(0.,13.8292873387851,3.175));
#7708=CARTESIAN_POINT('',(0.,13.8292873387851,0.));
#7709=CARTESIAN_POINT('',(0.,13.8292873387851,3.175));
#7710=CARTESIAN_POINT('',(0.,13.8292873387851,0.));
#7711=CARTESIAN_POINT('',(0.,13.8292873387851,0.));
#7712=CARTESIAN_POINT('',(0.,13.8292873387851,0.));
#7713=CARTESIAN_POINT('',(0.,13.8292873387851,0.));
#7714=CARTESIAN_POINT('',(0.,13.8292873387851,0.));
#7715=CARTESIAN_POINT('',(0.,13.8292873387851,0.));
#7716=CARTESIAN_POINT('',(0.,13.8292873387851,0.));
#7717=CARTESIAN_POINT('',(0.,13.8292873387851,0.));
#7718=CARTESIAN_POINT('',(0.,13.8292873387851,0.));
#7719=CARTESIAN_POINT('',(0.,13.8292873387851,0.));
#7720=CARTESIAN_POINT('',(0.,7.35,0.));
#7721=CARTESIAN_POINT('',(0.,7.35,0.));
#7722=CARTESIAN_POINT('',(-1.87789324842147E-15,7.35,3.46410161513779));
#7723=CARTESIAN_POINT('',(3.00000000000003,7.35,1.73205080756889));
#7724=CARTESIAN_POINT('',(0.,7.35,0.));
#7725=CARTESIAN_POINT('',(-3.00000000000003,7.35,1.73205080756889));
#7726=CARTESIAN_POINT('',(0.,7.35,0.));
#7727=CARTESIAN_POINT('',(-3.00000000000003,7.35,-1.73205080756889));
#7728=CARTESIAN_POINT('',(0.,7.35,0.));
#7729=CARTESIAN_POINT('',(2.25347189810576E-15,7.35,-3.46410161513779));
#7730=CARTESIAN_POINT('',(0.,7.35,0.));
#7731=CARTESIAN_POINT('',(3.00000000000003,7.35,-1.73205080756889));
#7732=CARTESIAN_POINT('',(0.,7.35,0.));
#7733=CARTESIAN_POINT('',(0.,7.35,0.));
#7734=CARTESIAN_POINT('',(-2.00000000000006,7.54505106068119,3.46410161513775));
#7735=CARTESIAN_POINT('',(-1.64967859173711,7.48129777816422,3.46410161513775));
#7736=CARTESIAN_POINT('',(-1.01224957209535,7.38737358835893,3.46410161513775));
#7737=CARTESIAN_POINT('',(-0.326922609384706,7.35,3.46410161513775));
#7738=CARTESIAN_POINT('',(-1.73472347597681E-15,7.35,3.46410161513775));
#7739=CARTESIAN_POINT('',(-2.00000000000006,7.54505106068119,3.46410161513775));
#7740=CARTESIAN_POINT('',(-3.,7.35,1.73205080756888));
#7741=CARTESIAN_POINT('',(-2.69059892324146,7.35,2.26794919243118));
#7742=CARTESIAN_POINT('',(-2.35726558990814,7.41501702022706,2.8452994616208));
#7743=CARTESIAN_POINT('',(-2.00000000000002,7.54505106068119,3.46410161513773));
#7744=CARTESIAN_POINT('',(0.,7.35,0.));
#7745=CARTESIAN_POINT('',(-3.,7.35,-1.73205080756888));
#7746=CARTESIAN_POINT('',(-3.30940107675852,7.35,-1.1961524227066));
#7747=CARTESIAN_POINT('',(-3.64273441009186,7.41501702022706,-0.618802153516973));
#7748=CARTESIAN_POINT('',(-4.,7.54505106068117,0.));
#7749=CARTESIAN_POINT('',(-4.,7.54505106068117,-7.72363381831975E-16));
#7750=CARTESIAN_POINT('',(-4.,7.54505106068117,-7.72363381831975E-16));
#7751=CARTESIAN_POINT('',(-3.64273441009186,7.41501702022706,0.618802153516968));
#7752=CARTESIAN_POINT('',(-3.30940107675852,7.35,1.19615242270659));
#7753=CARTESIAN_POINT('',(-3.,7.35,1.73205080756888));
#7754=CARTESIAN_POINT('',(0.,7.35,0.));
#7755=CARTESIAN_POINT('',(-1.99999999999997,7.54505106068119,-3.46410161513781));
#7756=CARTESIAN_POINT('',(-2.35726558990812,7.41501702022706,-2.84529946162082));
#7757=CARTESIAN_POINT('',(-2.69059892324147,7.35,-2.26794919243117));
#7758=CARTESIAN_POINT('',(-3.,7.35,-1.73205080756888));
#7759=CARTESIAN_POINT('',(-1.99999999999997,7.54505106068119,-3.46410161513781));
#7760=CARTESIAN_POINT('',(2.16840434497101E-15,7.35,-3.46410161513775));
#7761=CARTESIAN_POINT('',(-0.326576858761279,7.35,-3.46410161513775));
#7762=CARTESIAN_POINT('',(-1.01262262303546,7.38741001738756,-3.46410161513776));
#7763=CARTESIAN_POINT('',(-1.6492782394076,7.48122491999864,-3.46410161513776));
#7764=CARTESIAN_POINT('',(-1.99999999999997,7.54505106068119,-3.46410161513776));
#7765=CARTESIAN_POINT('',(0.,7.35,0.));
#7766=CARTESIAN_POINT('',(2.00000000000007,7.54505106068119,-3.46410161513775));
#7767=CARTESIAN_POINT('',(1.28546882018375,7.41501702022706,-3.46410161513775));
#7768=CARTESIAN_POINT('',(0.618802153517067,7.35,-3.46410161513775));
#7769=CARTESIAN_POINT('',(2.16840434497101E-15,7.35,-3.46410161513775));
#7770=CARTESIAN_POINT('',(2.00000000000007,7.54505106068119,-3.46410161513775));
#7771=CARTESIAN_POINT('',(3.,7.35,-1.73205080756888));
#7772=CARTESIAN_POINT('',(2.69059892324146,7.35,-2.26794919243118));
#7773=CARTESIAN_POINT('',(2.35726558990814,7.41501702022706,-2.8452994616208));
#7774=CARTESIAN_POINT('',(2.00000000000002,7.54505106068119,-3.46410161513773));
#7775=CARTESIAN_POINT('',(0.,7.35,0.));
#7776=CARTESIAN_POINT('',(4.00000000000003,7.54505106068119,5.32088975861805E-14));
#7777=CARTESIAN_POINT('',(3.64273441009188,7.41501702022706,-0.618802153516939));
#7778=CARTESIAN_POINT('',(3.30940107675853,7.35,-1.19615242270658));
#7779=CARTESIAN_POINT('',(3.,7.35,-1.73205080756888));
#7780=CARTESIAN_POINT('',(4.00000000000003,7.54505106068119,5.33427468862868E-14));
#7781=CARTESIAN_POINT('',(3.,7.35,1.73205080756888));
#7782=CARTESIAN_POINT('',(3.30940107675854,7.35,1.19615242270657));
#7783=CARTESIAN_POINT('',(3.64273441009187,7.41501702022706,0.618802153516954));
#7784=CARTESIAN_POINT('',(3.99999999999999,7.54505106068119,2.68882138776405E-14));
#7785=CARTESIAN_POINT('',(0.,7.35,0.));
#7786=CARTESIAN_POINT('',(1.99999999999997,7.54505106068119,3.46410161513781));
#7787=CARTESIAN_POINT('',(2.35726558990813,7.41501702022706,2.84529946162082));
#7788=CARTESIAN_POINT('',(2.69059892324147,7.35,2.26794919243117));
#7789=CARTESIAN_POINT('',(3.,7.35,1.73205080756888));
#7790=CARTESIAN_POINT('',(1.99999999999997,7.54505106068119,3.46410161513781));
#7791=CARTESIAN_POINT('',(-1.73472347597681E-15,7.35,3.46410161513775));
#7792=CARTESIAN_POINT('',(0.618802153517076,7.35,3.46410161513776));
#7793=CARTESIAN_POINT('',(1.28546882018373,7.41501702022706,3.46410161513776));
#7794=CARTESIAN_POINT('',(1.99999999999997,7.54505106068119,3.46410161513776));
#7795=CARTESIAN_POINT('',(-2.,9.15,-3.46410161513776));
#7796=CARTESIAN_POINT('',(-2.,9.15,-3.46410161513776));
#7797=CARTESIAN_POINT('',(-2.,8.95494893931882,-3.46410161513776));
#7798=CARTESIAN_POINT('',(-4.,9.15,-7.72363381831975E-16));
#7799=CARTESIAN_POINT('',(-4.00000000000003,8.95494893931881,5.3776427755281E-14));
#7800=CARTESIAN_POINT('',(-4.00000000000003,8.95494893931881,5.46437894932694E-14));
#7801=CARTESIAN_POINT('',(-3.64273441009187,9.08498297977294,-0.61880215351694));
#7802=CARTESIAN_POINT('',(-3.30940107675853,9.15,-1.19615242270658));
#7803=CARTESIAN_POINT('',(-3.,9.15,-1.73205080756888));
#7804=CARTESIAN_POINT('',(-3.00000000000003,9.15,-1.73205080756889));
#7805=CARTESIAN_POINT('',(-3.,9.15,-1.73205080756888));
#7806=CARTESIAN_POINT('',(-2.69059892324148,9.15,-2.26794919243116));
#7807=CARTESIAN_POINT('',(-2.35726558990814,9.08498297977294,-2.84529946162079));
#7808=CARTESIAN_POINT('',(-2.,8.95494893931882,-3.46410161513776));
#7809=CARTESIAN_POINT('',(2.,9.15,-3.46410161513775));
#7810=CARTESIAN_POINT('',(2.,9.15,-3.46410161513775));
#7811=CARTESIAN_POINT('',(2.00000000000007,8.95494893931881,-3.46410161513775));
#7812=CARTESIAN_POINT('',(-2.,8.95494893931882,-3.46410161513776));
#7813=CARTESIAN_POINT('',(-1.64967859163977,9.01870222185349,-3.46410161513776));
#7814=CARTESIAN_POINT('',(-1.0122495716497,9.11262641168638,-3.46410161513776));
#7815=CARTESIAN_POINT('',(-0.326922609300675,9.15,-3.46410161513775));
#7816=CARTESIAN_POINT('',(2.16840434497101E-15,9.15,-3.46410161513775));
#7817=CARTESIAN_POINT('',(2.25347189810576E-15,9.15,-3.46410161513779));
#7818=CARTESIAN_POINT('',(2.16840434497101E-15,9.15,-3.46410161513775));
#7819=CARTESIAN_POINT('',(0.61880215351707,9.15,-3.46410161513775));
#7820=CARTESIAN_POINT('',(1.28546882018376,9.08498297977294,-3.46410161513775));
#7821=CARTESIAN_POINT('',(2.00000000000007,8.95494893931881,-3.46410161513775));
#7822=CARTESIAN_POINT('',(4.,9.15,4.55794673100429E-16));
#7823=CARTESIAN_POINT('',(4.,9.15,4.55794673100429E-16));
#7824=CARTESIAN_POINT('',(4.00000000000003,8.95494893931881,5.33427468862868E-14));
#7825=CARTESIAN_POINT('',(2.00000000000002,8.95494893931881,-3.46410161513773));
#7826=CARTESIAN_POINT('',(2.35726558990814,9.08498297977294,-2.8452994616208));
#7827=CARTESIAN_POINT('',(2.69059892324147,9.15,-2.26794919243118));
#7828=CARTESIAN_POINT('',(3.,9.15,-1.73205080756888));
#7829=CARTESIAN_POINT('',(3.00000000000003,9.15,-1.73205080756889));
#7830=CARTESIAN_POINT('',(3.,9.15,-1.73205080756888));
#7831=CARTESIAN_POINT('',(3.30940107675853,9.15,-1.19615242270658));
#7832=CARTESIAN_POINT('',(3.64273441009187,9.08498297977294,-0.618802153516942));
#7833=CARTESIAN_POINT('',(4.00000000000003,8.95494893931881,5.32088975861805E-14));
#7834=CARTESIAN_POINT('',(2.,9.15,3.46410161513776));
#7835=CARTESIAN_POINT('',(2.,9.15,3.46410161513776));
#7836=CARTESIAN_POINT('',(1.99999999999997,8.95494893931881,3.46410161513781));
#7837=CARTESIAN_POINT('',(3.99999999999999,8.95494893931881,2.68882138776405E-14));
#7838=CARTESIAN_POINT('',(3.64273441009187,9.08498297977294,0.618802153516948));
#7839=CARTESIAN_POINT('',(3.30940107675854,9.15,1.19615242270657));
#7840=CARTESIAN_POINT('',(3.,9.15,1.73205080756888));
#7841=CARTESIAN_POINT('',(3.00000000000003,9.15,1.73205080756889));
#7842=CARTESIAN_POINT('',(3.,9.15,1.73205080756888));
#7843=CARTESIAN_POINT('',(2.69059892324147,9.15,2.26794919243117));
#7844=CARTESIAN_POINT('',(2.35726558990813,9.08498297977294,2.84529946162081));
#7845=CARTESIAN_POINT('',(1.99999999999997,8.95494893931881,3.46410161513781));
#7846=CARTESIAN_POINT('',(-2.,9.15,3.46410161513775));
#7847=CARTESIAN_POINT('',(-2.,9.15,3.46410161513775));
#7848=CARTESIAN_POINT('',(-2.00000000000006,8.95494893931881,3.46410161513775));
#7849=CARTESIAN_POINT('',(1.99999999999997,8.95494893931881,3.46410161513776));
#7850=CARTESIAN_POINT('',(1.28546882018373,9.08498297977294,3.46410161513776));
#7851=CARTESIAN_POINT('',(0.618802153517073,9.15,3.46410161513776));
#7852=CARTESIAN_POINT('',(-1.73472347597681E-15,9.15,3.46410161513775));
#7853=CARTESIAN_POINT('',(-1.87789324842147E-15,9.15,3.46410161513779));
#7854=CARTESIAN_POINT('',(-1.73472347597681E-15,9.15,3.46410161513775));
#7855=CARTESIAN_POINT('',(-0.326576858849021,9.15,3.46410161513775));
#7856=CARTESIAN_POINT('',(-1.01262262347717,9.11258998256753,3.46410161513775));
#7857=CARTESIAN_POINT('',(-1.64927823950916,9.01877507998288,3.46410161513775));
#7858=CARTESIAN_POINT('',(-2.00000000000006,8.95494893931881,3.46410161513775));
#7859=CARTESIAN_POINT('',(-4.,9.15,-7.72363381831975E-16));
#7860=CARTESIAN_POINT('',(-2.00000000000002,8.95494893931881,3.46410161513773));
#7861=CARTESIAN_POINT('',(-2.35726558990813,9.08498297977294,2.8452994616208));
#7862=CARTESIAN_POINT('',(-2.69059892324146,9.15,2.26794919243119));
#7863=CARTESIAN_POINT('',(-3.,9.15,1.73205080756888));
#7864=CARTESIAN_POINT('',(-3.00000000000003,9.15,1.73205080756889));
#7865=CARTESIAN_POINT('',(-3.,9.15,1.73205080756888));
#7866=CARTESIAN_POINT('',(-3.30940107675854,9.15,1.19615242270656));
#7867=CARTESIAN_POINT('',(-3.64273441009187,9.08498297977294,0.618802153516947));
#7868=CARTESIAN_POINT('',(-3.99999999999998,8.95494893931881,2.62494397983723E-14));
#7869=CARTESIAN_POINT('',(0.,8.95494893931881,0.));
#7870=CARTESIAN_POINT('',(0.,9.15,0.));
#7871=CARTESIAN_POINT('',(0.,8.95494893931881,0.));
#7872=CARTESIAN_POINT('',(0.,9.15,0.));
#7873=CARTESIAN_POINT('',(0.,8.95494893931881,0.));
#7874=CARTESIAN_POINT('',(0.,9.15,0.));
#7875=CARTESIAN_POINT('',(0.,8.95494893931881,0.));
#7876=CARTESIAN_POINT('',(0.,9.15,0.));
#7877=CARTESIAN_POINT('',(0.,8.95494893931881,0.));
#7878=CARTESIAN_POINT('',(0.,9.15,0.));
#7879=CARTESIAN_POINT('',(0.,8.95494893931881,0.));
#7880=CARTESIAN_POINT('',(0.,9.15,0.));
#7881=CARTESIAN_POINT('',(0.,9.15,0.));
#7882=CARTESIAN_POINT('',(-3.1133962908486,9.15,-0.622405443525479));
#7883=CARTESIAN_POINT('',(-3.11261712983428,9.15,-0.626265588579425));
#7884=CARTESIAN_POINT('',(-3.11183796881996,9.15,-0.63012573363337));
#7885=CARTESIAN_POINT('',(-3.11105880780564,9.15,-0.633985878687316));
#7886=CARTESIAN_POINT('',(-3.11103593881126,9.14979097843563,-0.634098089705847));
#7887=CARTESIAN_POINT('',(-3.11339557083459,9.15010569774234,-0.622409045135538));
#7888=CARTESIAN_POINT('',(-3.11105879860592,9.15,-0.633985876812555));
#7889=CARTESIAN_POINT('',(-2.85748623357423,9.15,-1.58026606001843));
#7890=CARTESIAN_POINT('',(-1.77087366090739,9.15,-2.78999363352191));
#7891=CARTESIAN_POINT('',(0.234469736083189,9.15,-3.00865038086047));
#7892=CARTESIAN_POINT('',(1.16882764532144,9.15,-2.61648025184721));
#7893=CARTESIAN_POINT('',(1.5526950819064,9.15,-2.32176337490675));
#7894=CARTESIAN_POINT('',(1.55272577598375,9.15000000341664,-2.32174258001887));
#7895=CARTESIAN_POINT('',(1.5526978744563,9.15,-2.32176123090446));
#7896=CARTESIAN_POINT('',(2.16133641908772,9.15,-1.91472894783319));
#7897=CARTESIAN_POINT('',(3.02566954192504,9.15,-0.611662316785469));
#7898=CARTESIAN_POINT('',(2.73749658822806,9.15,0.920652939655523));
#7899=CARTESIAN_POINT('',(2.33372109979136,9.15,1.53466339340611));
#7900=CARTESIAN_POINT('',(2.33372042716849,9.15000000000024,1.53466441624502));
#7901=CARTESIAN_POINT('',(2.33372042716534,9.15,1.5346644162498));
#7902=CARTESIAN_POINT('',(1.85204770377365,9.15,2.39773920177524));
#7903=CARTESIAN_POINT('',(-0.0726457724004993,9.15,3.50508553469051));
#7904=CARTESIAN_POINT('',(-2.03725668874605,9.15,2.5498544334251));
#7905=CARTESIAN_POINT('',(-2.63721524718281,9.15,1.76797079727763));
#7906=CARTESIAN_POINT('',(-2.6372152471833,9.14999999999997,1.7679707972769));
#7907=CARTESIAN_POINT('',(0.,9.15,0.));
#7908=CARTESIAN_POINT('',(0.,13.8292873387851,0.));
#7909=CARTESIAN_POINT('',(0.,10.2,0.));
#7910=CARTESIAN_POINT('',(3.42056936965228E-16,10.2,2.793106855));
#7911=CARTESIAN_POINT('',(0.,10.2,-2.793106855));
#7912=CARTESIAN_POINT('',(3.42056936965228E-16,13.8292873387851,-2.793106855));
#7913=CARTESIAN_POINT('',(3.42056936965228E-16,10.85,-2.793106855));
#7914=CARTESIAN_POINT('',(0.,10.85,0.));
#7915=CARTESIAN_POINT('',(0.,10.85,2.793106855));
#7916=CARTESIAN_POINT('',(0.,13.8292873387851,2.793106855));
#7917=CARTESIAN_POINT('',(0.,13.8292873387851,0.));
#7918=CARTESIAN_POINT('',(0.,10.2,0.));
#7919=CARTESIAN_POINT('',(-2.21858255984489,10.1999993699227,-1.69686161648219));
#7920=CARTESIAN_POINT('',(0.,10.2,0.));
#7921=CARTESIAN_POINT('',(-1.72810104754776,10.1999983417377,2.19433650102352));
#7922=CARTESIAN_POINT('',(0.,10.2,0.));
#7923=CARTESIAN_POINT('',(0.,10.85,0.));
#7924=CARTESIAN_POINT('',(0.,13.8292873387851,0.));
#7925=CARTESIAN_POINT('',(3.88825358729285E-16,13.8292873387851,-3.175));
#7926=CARTESIAN_POINT('',(2.14978211446674E-15,9.6125,-3.175));
#7927=CARTESIAN_POINT('',(1.24677494706564E-10,9.70069444216624,-3.175));
#7928=CARTESIAN_POINT('',(-3.06057164613455,9.81810150286632,0.844694706724621));
#7929=CARTESIAN_POINT('',(-3.175,9.80268184994567,0.430021968068839));
#7930=CARTESIAN_POINT('',(-3.175,9.78888888888889,0.));
#7931=CARTESIAN_POINT('',(-3.175,9.73009259259259,-1.83308710467706));
#7932=CARTESIAN_POINT('',(-1.5875,9.67129629629629,-2.74963065701559));
#7933=CARTESIAN_POINT('',(-0.850738685968814,9.64400884022107,-3.175));
#7934=CARTESIAN_POINT('',(2.14978211446674E-15,9.6125,-3.175));
#7935=CARTESIAN_POINT('',(-3.06057164613455,9.81810150286632,0.844694706724621));
#7936=CARTESIAN_POINT('',(0.,9.818106855,0.));
#7937=CARTESIAN_POINT('',(-2.74706693100033,9.81809739819206,-1.5919322462355));
#7938=CARTESIAN_POINT('',(-2.74706693100033,9.81809739819206,-1.59193224623551));
#7939=CARTESIAN_POINT('',(-2.56416694482621,9.80458698929002,-1.90754775367151));
#7940=CARTESIAN_POINT('',(-2.24558609175452,9.78718442703,-2.27338985205222));
#7941=CARTESIAN_POINT('',(-1.84278415781131,9.76929376259071,-2.59300874781599));
#7942=CARTESIAN_POINT('',(-1.58597913411135,9.75935884077223,-2.75524101331328));
#7943=CARTESIAN_POINT('',(-1.32168952402946,9.74960019323564,-2.89338966108091));
#7944=CARTESIAN_POINT('',(-0.844071377427882,9.7317241673909,-3.08200091703106));
#7945=CARTESIAN_POINT('',(-0.366821922855109,9.71427883253522,-3.1750000000144));
#7946=CARTESIAN_POINT('',(1.24678156935008E-10,9.70069444216624,-3.175));
#7947=CARTESIAN_POINT('',(0.,10.2,0.));
#7948=CARTESIAN_POINT('',(3.42056936965228E-16,10.2,2.793106855));
#7949=CARTESIAN_POINT('',(-4.8137688698262E-13,9.9114094813427,3.0816973736573));
#7950=CARTESIAN_POINT('',(-1.72810117639775,10.1999999806576,2.1943364226188));
#7951=CARTESIAN_POINT('',(-1.82371041926178,10.1895194335012,2.13238185842484));
#7952=CARTESIAN_POINT('',(-2.00332886045692,10.1687371599097,2.00440600382948));
#7953=CARTESIAN_POINT('',(-2.28030316193546,10.1320759148796,1.73832312346266));
#7954=CARTESIAN_POINT('',(-2.58375783339258,10.0863233484293,1.3691045290129));
#7955=CARTESIAN_POINT('',(-2.78886736920507,10.0456755449446,0.984898339355548));
#7956=CARTESIAN_POINT('',(-2.90258887649646,10.0155078999604,0.671218500673111));
#7957=CARTESIAN_POINT('',(-2.96677933199211,9.99629068785925,0.465468775694438));
#7958=CARTESIAN_POINT('',(-3.04127465717966,9.96056810408895,0.0385932577295176));
#7959=CARTESIAN_POINT('',(-3.04926238830828,9.93560782590683,-0.275273539185498));
#7960=CARTESIAN_POINT('',(-3.03067784271513,9.90915567258977,-0.589105251290675));
#7961=CARTESIAN_POINT('',(-3.00703754979926,9.89487973458618,-0.753606340786078));
#7962=CARTESIAN_POINT('',(-2.94215196428561,9.86524036154398,-1.08909779933802));
#7963=CARTESIAN_POINT('',(-2.84663984757768,9.83862912175457,-1.37917717195418));
#7964=CARTESIAN_POINT('',(-2.74707102210023,9.81810212659603,-1.59193461703826));
#7965=CARTESIAN_POINT('',(-3.06057551999266,9.81810552155645,0.844695775880262));
#7966=CARTESIAN_POINT('',(-3.03884842860846,9.81982147599332,0.916969425316143));
#7967=CARTESIAN_POINT('',(-2.98030403479954,9.82420185897849,1.09733350194569));
#7968=CARTESIAN_POINT('',(-2.82234429170236,9.83294424771801,1.43697980569769));
#7969=CARTESIAN_POINT('',(-2.6102157080206,9.84237402745319,1.77674957577072));
#7970=CARTESIAN_POINT('',(-2.43348790361329,9.84898859883205,1.99625136670004));
#7971=CARTESIAN_POINT('',(-2.24722882011406,9.85531702482449,2.19563684307128));
#7972=CARTESIAN_POINT('',(-2.06378161911471,9.86090869533872,2.35880614409897));
#7973=CARTESIAN_POINT('',(-1.91970659171989,9.86503698777204,2.47344057943946));
#7974=CARTESIAN_POINT('',(-1.72778128297889,9.87005533348451,2.60393236394503));
#7975=CARTESIAN_POINT('',(-1.58912717341736,9.87343386474639,2.68581982555093));
#7976=CARTESIAN_POINT('',(-1.45974190249096,9.87641882998507,2.75435021000355));
#7977=CARTESIAN_POINT('',(-1.4100225841243,9.87757726209456,2.77861146473417));
#7978=CARTESIAN_POINT('',(-1.29947296945347,9.88022642354436,2.8294322351322));
#7979=CARTESIAN_POINT('',(-1.17948853566695,9.88311812398811,2.87976573167192));
#7980=CARTESIAN_POINT('',(-0.97814226046098,9.88792786234174,2.9484267773457));
#7981=CARTESIAN_POINT('',(-0.924679774722697,9.88920183328792,2.96306738587382));
#7982=CARTESIAN_POINT('',(-0.783499808245953,9.89258362167964,3.00175110573895));
#7983=CARTESIAN_POINT('',(-0.523796276387085,9.89881497416914,3.05685397030028));
#7984=CARTESIAN_POINT('',(-0.224744360408684,9.90597259022547,3.08713426477449));
#7985=CARTESIAN_POINT('',(-4.79983142551774E-13,9.9114094813427,3.0816973736573));
#7986=CARTESIAN_POINT('',(0.,10.2,0.));
#7987=CARTESIAN_POINT('',(-4.79983142551774E-13,9.9114094813427,3.0816973736573));
#7988=CARTESIAN_POINT('',(0.196137118216567,9.91615432189779,3.07695253310224));
#7989=CARTESIAN_POINT('',(0.586560119148559,9.9255083455782,3.03006630025073));
#7990=CARTESIAN_POINT('',(1.05268599867524,9.93686766577953,2.88070573552549));
#7991=CARTESIAN_POINT('',(1.40221447833455,9.94574451478563,2.71085990412246));
#7992=CARTESIAN_POINT('',(1.65124904612569,9.95232355175136,2.55872722442179));
#7993=CARTESIAN_POINT('',(1.84310287920918,9.95765008655947,2.41551320215323));
#7994=CARTESIAN_POINT('',(1.97405847811742,9.96147512208189,2.30150363102155));
#7995=CARTESIAN_POINT('',(2.03940892565703,9.96342850012048,2.24108035757732));
#7996=CARTESIAN_POINT('',(2.10723091811299,9.96550614627507,2.17420152626871));
#7997=CARTESIAN_POINT('',(2.09726684464004,9.96521158907934,2.18389234737401));
#7998=CARTESIAN_POINT('',(2.12087888302991,9.9659902373808,2.16010973958002));
#7999=CARTESIAN_POINT('',(2.16856604447583,9.96765772154413,2.11036692730057));
#8000=CARTESIAN_POINT('',(2.29646235987872,9.97225215453715,1.97051849527476));
#8001=CARTESIAN_POINT('',(2.47674155639063,9.97970737284771,1.72505069018541));
#8002=CARTESIAN_POINT('',(2.62511108643399,9.98686837438967,1.47401529950727));
#8003=CARTESIAN_POINT('',(2.75141727480646,9.99430659507261,1.20048118592992));
#8004=CARTESIAN_POINT('',(2.79969576563123,9.99779280513459,1.06726083105283));
#8005=CARTESIAN_POINT('',(2.8713174125961,10.0034371390629,0.847338080492124));
#8006=CARTESIAN_POINT('',(2.9267377757337,10.0094120481099,0.604206703506725));
#8007=CARTESIAN_POINT('',(2.96276488088438,10.0160861410536,0.321253118615598));
#8008=CARTESIAN_POINT('',(2.97430001324378,10.0208880293118,0.107130376412341));
#8009=CARTESIAN_POINT('',(2.96297236218298,10.0280903245072,-0.216531333681719));
#8010=CARTESIAN_POINT('',(2.90513231597579,10.0370280141751,-0.598480102786879));
#8011=CARTESIAN_POINT('',(2.77158110003636,10.048441787925,-1.05094291053476));
#8012=CARTESIAN_POINT('',(2.53758559302824,10.0609730278194,-1.49041470129603));
#8013=CARTESIAN_POINT('',(2.31053926490839,10.0706192497624,-1.79843145185614));
#8014=CARTESIAN_POINT('',(2.10151986082766,10.0784981077416,-2.02468858669268));
#8015=CARTESIAN_POINT('',(1.93591375462983,10.084108492147,-2.17802671971005));
#8016=CARTESIAN_POINT('',(1.64869432360956,10.092579569267,-2.394575027555));
#8017=CARTESIAN_POINT('',(1.44777385014545,10.0978915099443,-2.50960273353186));
#8018=CARTESIAN_POINT('',(1.28029037801829,10.1021830398737,-2.59389362738164));
#8019=CARTESIAN_POINT('',(1.12159590248616,10.106075859269,-2.66110257041072));
#8020=CARTESIAN_POINT('',(1.08109033920313,10.1070854888153,-2.67603381722466));
#8021=CARTESIAN_POINT('',(0.952141550315807,10.1103749854963,-2.72278715627636));
#8022=CARTESIAN_POINT('',(0.677083808360268,10.1175191347678,-2.80488117590859));
#8023=CARTESIAN_POINT('',(0.302202345700386,10.1271788296967,-2.86592802530333));
#8024=CARTESIAN_POINT('',(0.,10.1350616305632,-2.8580452244368));
#8025=CARTESIAN_POINT('',(-1.0574603914404E-14,10.1350616305632,-2.8580452244368));
#8026=CARTESIAN_POINT('',(0.,10.2,-2.793106855));
#8027=CARTESIAN_POINT('',(0.,10.2,0.));
#8028=CARTESIAN_POINT('',(-7.0001918718498E-16,10.1350616305632,-2.8580452244368));
#8029=CARTESIAN_POINT('',(-0.288381286999154,10.1425839158512,-2.85052293914882));
#8030=CARTESIAN_POINT('',(-0.664820455064507,10.1524052680133,-2.77491977668382));
#8031=CARTESIAN_POINT('',(-0.983541628016179,10.1609068257884,-2.65911624680058));
#8032=CARTESIAN_POINT('',(-1.14990318146395,10.1653750099037,-2.58375294949737));
#8033=CARTESIAN_POINT('',(-1.22186545656524,10.1672801972593,-2.54989947623571));
#8034=CARTESIAN_POINT('',(-1.4273670330668,10.1728572686712,-2.43584565960853));
#8035=CARTESIAN_POINT('',(-1.62721654965289,10.1786533554525,-2.30120264702176));
#8036=CARTESIAN_POINT('',(-1.94613393508295,10.1886853247283,-2.04149588348781));
#8037=CARTESIAN_POINT('',(-2.12515086751149,10.1957863860392,-1.82595522316864));
#8038=CARTESIAN_POINT('',(-2.21858226300136,10.1999999927777,-1.69686142218194));
#8039=CARTESIAN_POINT('',(0.,13.8292873387851,0.));
#8040=CARTESIAN_POINT('',(2.14978211446674E-15,9.6125,-3.175));
#8041=CARTESIAN_POINT('',(0.850738685968815,9.58099115977893,-3.175));
#8042=CARTESIAN_POINT('',(1.5875,9.5537037037037,-2.74963065701559));
#8043=CARTESIAN_POINT('',(3.175,9.49490740740741,-1.83308710467706));
#8044=CARTESIAN_POINT('',(3.175,9.43611111111111,-3.88825358729285E-16));
#8045=CARTESIAN_POINT('',(3.175,9.37731481481481,1.83308710467706));
#8046=CARTESIAN_POINT('',(1.5875,9.31851851851852,2.74963065701559));
#8047=CARTESIAN_POINT('',(0.850738685968813,9.29123106244329,3.175));
#8048=CARTESIAN_POINT('',(-3.60233759721454E-15,9.25972222222222,3.175));
#8049=CARTESIAN_POINT('',(-3.60233759721454E-15,9.25972222222222,3.175));
#8050=CARTESIAN_POINT('',(1.24678156935008E-10,9.70069444216624,-3.175));
#8051=CARTESIAN_POINT('',(0.392974323134899,9.68614154846832,-3.17499999998457));
#8052=CARTESIAN_POINT('',(0.983476825944734,9.664862858857,-3.0629558141637));
#8053=CARTESIAN_POINT('',(1.59812882006516,9.64129072652435,-2.75641510677238));
#8054=CARTESIAN_POINT('',(1.88557146273953,9.62952854533481,-2.55722484349796));
#8055=CARTESIAN_POINT('',(2.03280464003246,9.6232688418642,-2.44094511272829));
#8056=CARTESIAN_POINT('',(2.16350300884582,9.61752335590708,-2.32466257313978));
#8057=CARTESIAN_POINT('',(2.19530290519115,9.61597709503504,-2.29441667647109));
#8058=CARTESIAN_POINT('',(2.30775231899791,9.61031368284891,-2.18250246185025));
#8059=CARTESIAN_POINT('',(2.43664249424084,9.6033851161686,-2.04159764827568));
#8060=CARTESIAN_POINT('',(2.62257521977362,9.59209978411362,-1.79570159915613));
#8061=CARTESIAN_POINT('',(2.71131646603165,9.58597213338605,-1.65435182130262));
#8062=CARTESIAN_POINT('',(2.84521107928161,9.57613357662456,-1.42216710583625));
#8063=CARTESIAN_POINT('',(2.98373036829736,9.56336487063791,-1.10424394527941));
#8064=CARTESIAN_POINT('',(3.07045037310499,9.55269663512605,-0.823897320744313));
#8065=CARTESIAN_POINT('',(3.15677828875391,9.53856102091104,-0.433717250417704));
#8066=CARTESIAN_POINT('',(3.18037101149576,9.52632539255308,-0.0625205542176645));
#8067=CARTESIAN_POINT('',(3.17015584521984,9.51712873777799,0.220280084010474));
#8068=CARTESIAN_POINT('',(3.13209383090033,9.50477247562179,0.579004572654871));
#8069=CARTESIAN_POINT('',(3.00301468670032,9.48524728962334,1.1125700908788));
#8070=CARTESIAN_POINT('',(2.71298606097919,9.46201284938109,1.68423387963019));
#8071=CARTESIAN_POINT('',(2.44585367160276,9.44610188434279,2.03005164399926));
#8072=CARTESIAN_POINT('',(2.28600170354953,9.43740617311307,2.20676122047554));
#8073=CARTESIAN_POINT('',(2.1309399238087,9.42953912564883,2.35531642415541));
#8074=CARTESIAN_POINT('',(2.07346377734016,9.42681796020432,2.40497023466167));
#8075=CARTESIAN_POINT('',(1.96724539691428,9.4219941233274,2.49338356205621));
#8076=CARTESIAN_POINT('',(1.85780453914506,9.41731210343706,2.57664854875407));
#8077=CARTESIAN_POINT('',(1.70197880835041,9.41104250030953,2.68171076102393));
#8078=CARTESIAN_POINT('',(1.61932574251357,9.40785842642088,2.73148077236301));
#8079=CARTESIAN_POINT('',(1.48104661314907,9.40258263366417,2.81068758445643));
#8080=CARTESIAN_POINT('',(1.30374156554564,9.39614574439727,2.89730130711832));
#8081=CARTESIAN_POINT('',(1.11918182839706,9.3893820921605,2.97455252931524));
#8082=CARTESIAN_POINT('',(0.733043493577553,9.37497436843497,3.10305769161473));
#8083=CARTESIAN_POINT('',(0.325747696537779,9.35998139809507,3.175));
#8084=CARTESIAN_POINT('',(0.,9.34791666859367,3.175));
#8085=CARTESIAN_POINT('',(-1.15623416426725E-14,9.34791666859367,3.175));
#8086=CARTESIAN_POINT('',(0.,13.8292873387851,3.175));
#8087=CARTESIAN_POINT('',(0.,13.8292873387851,0.));
#8088=CARTESIAN_POINT('',(-3.60233759721454E-15,9.25972222222222,3.175));
#8089=CARTESIAN_POINT('',(-0.850738685968815,9.22821338200116,3.175));
#8090=CARTESIAN_POINT('',(-1.5875,9.20092592592592,2.74963065701559));
#8091=CARTESIAN_POINT('',(-3.175,9.14212962962963,1.83308710467706));
#8092=CARTESIAN_POINT('',(-3.175,9.08333333333333,0.));
#8093=CARTESIAN_POINT('',(-3.175,9.02453703703703,-1.83308710467706));
#8094=CARTESIAN_POINT('',(-1.5875,8.96574074074074,-2.74963065701559));
#8095=CARTESIAN_POINT('',(-0.850738685968815,8.93845328466551,-3.175));
#8096=CARTESIAN_POINT('',(-4.06715535169384E-16,8.90694444444444,-3.175));
#8097=CARTESIAN_POINT('',(-7.77650717458569E-16,9.34791666859367,3.175));
#8098=CARTESIAN_POINT('',(-0.333891661491723,9.33555031076065,3.175));
#8099=CARTESIAN_POINT('',(-0.759832428010132,9.31988685857051,3.09712567870942));
#8100=CARTESIAN_POINT('',(-1.10203390606205,9.30709634060824,2.97978707965837));
#8101=CARTESIAN_POINT('',(-1.27090527405075,9.30085949124042,2.91115730558796));
#8102=CARTESIAN_POINT('',(-1.50453943851508,9.29206531463562,2.80119531492076));
#8103=CARTESIAN_POINT('',(-1.7609298321311,9.28199069272463,2.64978282927837));
#8104=CARTESIAN_POINT('',(-2.00487377661646,9.27174926717723,2.46735302236179));
#8105=CARTESIAN_POINT('',(-2.16585183250495,9.26450414062718,2.32304033088386));
#8106=CARTESIAN_POINT('',(-2.24860928982889,9.26063729549906,2.2417929947874));
#8107=CARTESIAN_POINT('',(-2.28412937473596,9.258897707567,2.20556942259592));
#8108=CARTESIAN_POINT('',(-2.35893802612171,9.25508742844726,2.12664774633637));
#8109=CARTESIAN_POINT('',(-2.48955400487245,9.24789793083246,1.97583363229384));
#8110=CARTESIAN_POINT('',(-2.65123354631393,9.23788604172996,1.75700967638919));
#8111=CARTESIAN_POINT('',(-2.81060749680684,9.2261996860465,1.4867539657678));
#8112=CARTESIAN_POINT('',(-2.94302802328922,9.21431928120306,1.20011379348206));
#8113=CARTESIAN_POINT('',(-2.99676764623698,9.20843104243251,1.05200938220781));
#8114=CARTESIAN_POINT('',(-3.07441555684954,9.19922924924163,0.811816267402656));
#8115=CARTESIAN_POINT('',(-3.12680709965249,9.19067470820317,0.573588619208973));
#8116=CARTESIAN_POINT('',(-3.15993929370592,9.18228544251291,0.328537608861914));
#8117=CARTESIAN_POINT('',(-3.17138888733765,9.17700119102803,0.169054148301454));
#8118=CARTESIAN_POINT('',(-3.17468476368926,9.17367113956348,0.0667005467518368));
#8119=CARTESIAN_POINT('',(-3.17506567934247,9.17128483972285,-0.00756759346584249));
#8120=CARTESIAN_POINT('',(-3.17484888448867,9.17058500497472,-0.0292705564256353));
#8121=CARTESIAN_POINT('',(-3.17329544782832,9.16690257975499,-0.141337834252647));
#8122=CARTESIAN_POINT('',(-3.16214610466471,9.16080744919486,-0.31903930024113));
#8123=CARTESIAN_POINT('',(-3.13475191496746,9.15385829665175,-0.515580335716876));
#8124=CARTESIAN_POINT('',(-3.11339630467738,9.15000000249846,-0.622405374351203));
#8125=CARTESIAN_POINT('',(-2.32898503189823,10.2067902521152,-1.53767057136818));
#8126=CARTESIAN_POINT('',(-1.96597782326018,10.1790793040044,-2.08748817933405));
#8127=CARTESIAN_POINT('',(-1.39540335251655,10.1550377495819,-2.41690950361061));
#8128=CARTESIAN_POINT('',(-1.97324032495037E-16,10.0962414532856,-3.22254600481415));
#8129=CARTESIAN_POINT('',(1.39540335251655,10.0374451569893,-2.41690950361061));
#8130=CARTESIAN_POINT('',(2.7908067050331,9.97864886069298,-1.61127300240707));
#8131=CARTESIAN_POINT('',(2.7908067050331,9.91985256439668,-3.41775249835776E-16));
#8132=CARTESIAN_POINT('',(2.7908067050331,9.86105626810038,1.61127300240707));
#8133=CARTESIAN_POINT('',(1.39540335251655,9.80225997180409,2.41690950361061));
#8134=CARTESIAN_POINT('',(5.9197209748511E-16,9.74346367550779,3.22254600481415));
#8135=CARTESIAN_POINT('',(-1.39540335251655,9.68466737921149,2.41690950361061));
#8136=CARTESIAN_POINT('',(-2.7908067050331,9.6258710829152,1.61127300240708));
#8137=CARTESIAN_POINT('',(-2.7908067050331,9.5670747866189,0.));
#8138=CARTESIAN_POINT('',(-2.7908067050331,9.5082784903226,-1.61127300240707));
#8139=CARTESIAN_POINT('',(-1.39540335251655,9.44948219402631,-2.41690950361061));
#8140=CARTESIAN_POINT('',(-1.97324032495037E-16,9.39068589773001,-3.22254600481415));
#8141=CARTESIAN_POINT('',(1.39540335251655,9.33188960143372,-2.41690950361061));
#8142=CARTESIAN_POINT('',(2.7908067050331,9.27309330513742,-1.61127300240707));
#8143=CARTESIAN_POINT('',(2.7908067050331,9.21429700884112,-3.41775249835776E-16));
#8144=CARTESIAN_POINT('',(2.7908067050331,9.15550071254483,1.61127300240707));
#8145=CARTESIAN_POINT('',(1.39540335251655,9.09670441624853,2.41690950361061));
#8146=CARTESIAN_POINT('',(5.9197209748511E-16,9.03790811995224,3.22254600481415));
#8147=CARTESIAN_POINT('',(-1.39540335251655,8.97911182365594,2.41690950361061));
#8148=CARTESIAN_POINT('',(-2.04632301122298,8.9516848685398,2.04110086343563));
#8149=CARTESIAN_POINT('',(-2.42046717980915,8.92001505209029,1.38922305492116));
#8150=CARTESIAN_POINT('',(-2.33090455377371,10.2081182442376,-1.53893790123874));
#8151=CARTESIAN_POINT('',(-1.96759815889428,10.1804072961268,-2.08920866236428));
#8152=CARTESIAN_POINT('',(-1.39655342743056,10.1563657417042,-2.41890149179418));
#8153=CARTESIAN_POINT('',(-1.97486664625233E-16,10.0975694454079,-3.2252019890589));
#8154=CARTESIAN_POINT('',(1.39655342743055,10.0387731491117,-2.41890149179418));
#8155=CARTESIAN_POINT('',(2.79310685486111,9.97997685281535,-1.61260099452945));
#8156=CARTESIAN_POINT('',(2.79310685486111,9.92118055651906,-3.42056936948219E-16));
#8157=CARTESIAN_POINT('',(2.79310685486111,9.86238426022276,1.61260099452945));
#8158=CARTESIAN_POINT('',(1.39655342743056,9.80358796392646,2.41890149179418));
#8159=CARTESIAN_POINT('',(5.92459993875699E-16,9.74479166763017,3.2252019890589));
#8160=CARTESIAN_POINT('',(-1.39655342743055,9.68599537133387,2.41890149179418));
#8161=CARTESIAN_POINT('',(-2.79310685486111,9.62719907503758,1.61260099452945));
#8162=CARTESIAN_POINT('',(-2.79310685486111,9.56840277874128,0.));
#8163=CARTESIAN_POINT('',(-2.79310685486111,9.50960648244498,-1.61260099452945));
#8164=CARTESIAN_POINT('',(-1.39655342743056,9.45081018614868,-2.41890149179418));
#8165=CARTESIAN_POINT('',(-1.97486664625233E-16,9.39201388985239,-3.2252019890589));
#8166=CARTESIAN_POINT('',(1.39655342743055,9.33321759355609,-2.41890149179418));
#8167=CARTESIAN_POINT('',(2.79310685486111,9.2744212972598,-1.61260099452945));
#8168=CARTESIAN_POINT('',(2.79310685486111,9.2156250009635,-3.42056936948219E-16));
#8169=CARTESIAN_POINT('',(2.79310685486111,9.15682870466721,1.61260099452945));
#8170=CARTESIAN_POINT('',(1.39655342743056,9.09803240837091,2.41890149179418));
#8171=CARTESIAN_POINT('',(5.92459993875699E-16,9.03923611207461,3.2252019890589));
#8172=CARTESIAN_POINT('',(-1.39655342743055,8.98043981577832,2.41890149179418));
#8173=CARTESIAN_POINT('',(-2.04800956640928,8.95301286066217,2.04278311458958));
#8174=CARTESIAN_POINT('',(-2.42246210018729,8.92134304421267,1.39036803610709));
#8175=CARTESIAN_POINT('',(-2.64960216088816,10.4286043543852,-1.74935227699191));
#8176=CARTESIAN_POINT('',(-2.23662196940903,10.4008934062744,-2.37485991324039));
#8177=CARTESIAN_POINT('',(-1.5875,10.3768518518518,-2.74963065701559));
#8178=CARTESIAN_POINT('',(-2.24488425530105E-16,10.3180555555556,-3.66617420935412));
#8179=CARTESIAN_POINT('',(1.5875,10.2592592592593,-2.74963065701559));
#8180=CARTESIAN_POINT('',(3.175,10.200462962963,-1.83308710467706));
#8181=CARTESIAN_POINT('',(3.175,10.1416666666667,-3.88825358729285E-16));
#8182=CARTESIAN_POINT('',(3.175,10.0828703703704,1.83308710467706));
#8183=CARTESIAN_POINT('',(1.5875,10.0240740740741,2.74963065701559));
#8184=CARTESIAN_POINT('',(6.73465276590316E-16,9.96527777777778,3.66617420935412));
#8185=CARTESIAN_POINT('',(-1.5875,9.90648148148148,2.74963065701559));
#8186=CARTESIAN_POINT('',(-3.175,9.84768518518518,1.83308710467706));
#8187=CARTESIAN_POINT('',(-3.175,9.78888888888889,0.));
#8188=CARTESIAN_POINT('',(-3.175,9.73009259259259,-1.83308710467706));
#8189=CARTESIAN_POINT('',(-1.5875,9.67129629629629,-2.74963065701559));
#8190=CARTESIAN_POINT('',(-2.24488425530105E-16,9.6125,-3.66617420935412));
#8191=CARTESIAN_POINT('',(1.5875,9.5537037037037,-2.74963065701559));
#8192=CARTESIAN_POINT('',(3.175,9.49490740740741,-1.83308710467706));
#8193=CARTESIAN_POINT('',(3.175,9.43611111111111,-3.88825358729285E-16));
#8194=CARTESIAN_POINT('',(3.175,9.37731481481481,1.83308710467706));
#8195=CARTESIAN_POINT('',(1.5875,9.31851851851852,2.74963065701559));
#8196=CARTESIAN_POINT('',(6.73465276590316E-16,9.25972222222222,3.66617420935412));
#8197=CARTESIAN_POINT('',(-1.5875,9.20092592592592,2.74963065701559));
#8198=CARTESIAN_POINT('',(-2.32802778813587,9.17349897080978,2.32208673919295));
#8199=CARTESIAN_POINT('',(-2.75367809674332,9.14182915436028,1.58046889862347));
#8200=CARTESIAN_POINT('',(-2.21858225726196,10.199999985552,-1.69686141779222));
#8201=CARTESIAN_POINT('',(-1.87962843353383,10.1767036826912,-2.13999800698167));
#8202=CARTESIAN_POINT('',(-1.39655342743056,10.1563657417042,-2.41890149179418));
#8203=CARTESIAN_POINT('',(-1.97486664625233E-16,10.0975694454079,-3.2252019890589));
#8204=CARTESIAN_POINT('',(1.39655342743055,10.0387731491117,-2.41890149179418));
#8205=CARTESIAN_POINT('',(2.79310685486111,9.97997685281535,-1.61260099452945));
#8206=CARTESIAN_POINT('',(2.79310685486111,9.92118055651906,-3.42056936948219E-16));
#8207=CARTESIAN_POINT('',(2.79310685486111,9.86238426022276,1.61260099452945));
#8208=CARTESIAN_POINT('',(1.39655342743056,9.80358796392646,2.41890149179418));
#8209=CARTESIAN_POINT('',(5.92459993875699E-16,9.74479166763017,3.2252019890589));
#8210=CARTESIAN_POINT('',(-1.39655342743055,9.68599537133387,2.41890149179418));
#8211=CARTESIAN_POINT('',(-2.79310685486111,9.62719907503758,1.61260099452945));
#8212=CARTESIAN_POINT('',(-2.79310685486111,9.56840277874128,0.));
#8213=CARTESIAN_POINT('',(-2.79310685486111,9.50960648244498,-1.61260099452945));
#8214=CARTESIAN_POINT('',(-1.39655342743056,9.45081018614868,-2.41890149179418));
#8215=CARTESIAN_POINT('',(-1.97486664625233E-16,9.39201388985239,-3.2252019890589));
#8216=CARTESIAN_POINT('',(1.39655342743055,9.33321759355609,-2.41890149179418));
#8217=CARTESIAN_POINT('',(2.79310685486111,9.2744212972598,-1.61260099452945));
#8218=CARTESIAN_POINT('',(2.79310685486111,9.2156250009635,-3.42056936948219E-16));
#8219=CARTESIAN_POINT('',(2.79310685486111,9.15682870466721,1.61260099452945));
#8220=CARTESIAN_POINT('',(1.39655342743056,9.09803240837091,2.41890149179418));
#8221=CARTESIAN_POINT('',(5.92459993875699E-16,9.03923611207461,3.2252019890589));
#8222=CARTESIAN_POINT('',(-1.39655342743055,8.98043981577832,2.41890149179418));
#8223=CARTESIAN_POINT('',(-2.79310685486111,8.92164351948202,1.61260099452945));
#8224=CARTESIAN_POINT('',(-2.79310685486111,8.86284722318572,0.));
#8225=CARTESIAN_POINT('',(-2.79310685486111,8.80405092688943,-1.61260099452945));
#8226=CARTESIAN_POINT('',(-1.39655342743056,8.74525463059313,-2.41890149179418));
#8227=CARTESIAN_POINT('',(-1.97486664625233E-16,8.68645833429683,-3.2252019890589));
#8228=CARTESIAN_POINT('',(1.39655342743055,8.62766203800054,-2.41890149179418));
#8229=CARTESIAN_POINT('',(2.79310685486111,8.56886574170424,-1.61260099452945));
#8230=CARTESIAN_POINT('',(2.79310685486111,8.51006944540794,-3.42056936948219E-16));
#8231=CARTESIAN_POINT('',(2.79310685486111,8.45127314911165,1.61260099452945));
#8232=CARTESIAN_POINT('',(1.39655342743056,8.39247685281535,2.41890149179418));
#8233=CARTESIAN_POINT('',(5.92459993875699E-16,8.33368055651906,3.2252019890589));
#8234=CARTESIAN_POINT('',(-1.39655342743055,8.27488426022276,2.41890149179418));
#8235=CARTESIAN_POINT('',(-2.79310685486111,8.21608796392646,1.61260099452945));
#8236=CARTESIAN_POINT('',(-2.79310685486111,8.15729166763017,0.));
#8237=CARTESIAN_POINT('',(-2.79310685486111,8.09849537133387,-1.61260099452945));
#8238=CARTESIAN_POINT('',(-1.39655342743056,8.03969907503757,-2.41890149179418));
#8239=CARTESIAN_POINT('',(-1.97486664625233E-16,7.98090277874128,-3.2252019890589));
#8240=CARTESIAN_POINT('',(1.39655342743055,7.92210648244498,-2.41890149179418));
#8241=CARTESIAN_POINT('',(2.79310685486111,7.86331018614869,-1.61260099452945));
#8242=CARTESIAN_POINT('',(2.79310685486111,7.80451388985239,-3.42056936948219E-16));
#8243=CARTESIAN_POINT('',(2.79310685486111,7.74571759355609,1.61260099452945));
#8244=CARTESIAN_POINT('',(1.39655342743056,7.6869212972598,2.41890149179418));
#8245=CARTESIAN_POINT('',(5.92459993875699E-16,7.6281250009635,3.2252019890589));
#8246=CARTESIAN_POINT('',(-1.39655342743055,7.56932870466721,2.41890149179418));
#8247=CARTESIAN_POINT('',(-2.79310685486111,7.51053240837091,1.61260099452945));
#8248=CARTESIAN_POINT('',(-2.79310685486111,7.45173611207461,0.));
#8249=CARTESIAN_POINT('',(-2.79310685486111,7.39293981577832,-1.61260099452945));
#8250=CARTESIAN_POINT('',(-1.39655342743056,7.33414351948202,-2.41890149179418));
#8251=CARTESIAN_POINT('',(-1.97486664625233E-16,7.27534722318572,-3.2252019890589));
#8252=CARTESIAN_POINT('',(1.39655342743055,7.21655092688943,-2.41890149179418));
#8253=CARTESIAN_POINT('',(2.79310685486111,7.15775463059313,-1.61260099452945));
#8254=CARTESIAN_POINT('',(2.79310685486111,7.09895833429683,-3.42056936948219E-16));
#8255=CARTESIAN_POINT('',(2.79310685486111,7.04016203800054,1.61260099452945));
#8256=CARTESIAN_POINT('',(1.39655342743056,6.98136574170424,2.41890149179418));
#8257=CARTESIAN_POINT('',(5.92459993875699E-16,6.92256944540794,3.2252019890589));
#8258=CARTESIAN_POINT('',(-1.39655342743055,6.86377314911165,2.41890149179418));
#8259=CARTESIAN_POINT('',(-2.79310685486111,6.80497685281535,1.61260099452945));
#8260=CARTESIAN_POINT('',(-2.79310685486111,6.74618055651906,0.));
#8261=CARTESIAN_POINT('',(-2.79310685486111,6.68738426022276,-1.61260099452945));
#8262=CARTESIAN_POINT('',(-1.39655342743056,6.62858796392646,-2.41890149179418));
#8263=CARTESIAN_POINT('',(-1.97486664625233E-16,6.56979166763017,-3.2252019890589));
#8264=CARTESIAN_POINT('',(1.39655342743055,6.51099537133387,-2.41890149179418));
#8265=CARTESIAN_POINT('',(2.79310685486111,6.45219907503757,-1.61260099452945));
#8266=CARTESIAN_POINT('',(2.79310685486111,6.39340277874128,-3.42056936948219E-16));
#8267=CARTESIAN_POINT('',(2.79310685486111,6.33460648244498,1.61260099452945));
#8268=CARTESIAN_POINT('',(1.39655342743056,6.27581018614869,2.41890149179418));
#8269=CARTESIAN_POINT('',(5.92459993875699E-16,6.21701388985239,3.2252019890589));
#8270=CARTESIAN_POINT('',(-1.39655342743055,6.15821759355609,2.41890149179418));
#8271=CARTESIAN_POINT('',(-2.79310685486111,6.0994212972598,1.61260099452945));
#8272=CARTESIAN_POINT('',(-2.79310685486111,6.0406250009635,0.));
#8273=CARTESIAN_POINT('',(-2.79310685486111,5.9818287046672,-1.61260099452945));
#8274=CARTESIAN_POINT('',(-1.39655342743056,5.92303240837091,-2.41890149179418));
#8275=CARTESIAN_POINT('',(-1.97486664625233E-16,5.86423611207461,-3.2252019890589));
#8276=CARTESIAN_POINT('',(1.39655342743055,5.80543981577832,-2.41890149179418));
#8277=CARTESIAN_POINT('',(2.79310685486111,5.74664351948202,-1.61260099452945));
#8278=CARTESIAN_POINT('',(2.79310685486111,5.68784722318572,-3.42056936948219E-16));
#8279=CARTESIAN_POINT('',(2.79310685486111,5.62905092688943,1.61260099452945));
#8280=CARTESIAN_POINT('',(1.39655342743056,5.57025463059313,2.41890149179418));
#8281=CARTESIAN_POINT('',(5.92459993875699E-16,5.51145833429684,3.2252019890589));
#8282=CARTESIAN_POINT('',(-1.39655342743055,5.45266203800054,2.41890149179418));
#8283=CARTESIAN_POINT('',(-2.79310685486111,5.39386574170424,1.61260099452945));
#8284=CARTESIAN_POINT('',(-2.79310685486111,5.33506944540795,0.));
#8285=CARTESIAN_POINT('',(-2.79310685486111,5.27627314911165,-1.61260099452945));
#8286=CARTESIAN_POINT('',(-1.39655342743056,5.21747685281535,-2.41890149179418));
#8287=CARTESIAN_POINT('',(-1.97486664625233E-16,5.15868055651906,-3.2252019890589));
#8288=CARTESIAN_POINT('',(1.39655342743055,5.09988426022276,-2.41890149179418));
#8289=CARTESIAN_POINT('',(2.79310685486111,5.04108796392646,-1.61260099452945));
#8290=CARTESIAN_POINT('',(2.79310685486111,4.98229166763017,-3.42056936948219E-16));
#8291=CARTESIAN_POINT('',(2.79310685486111,4.92349537133387,1.61260099452945));
#8292=CARTESIAN_POINT('',(1.39655342743056,4.86469907503758,2.41890149179418));
#8293=CARTESIAN_POINT('',(5.92459993875699E-16,4.80590277874128,3.2252019890589));
#8294=CARTESIAN_POINT('',(-1.39655342743055,4.74710648244498,2.41890149179418));
#8295=CARTESIAN_POINT('',(-2.79310685486111,4.68831018614868,1.61260099452945));
#8296=CARTESIAN_POINT('',(-2.79310685486111,4.62951388985239,0.));
#8297=CARTESIAN_POINT('',(-2.79310685486111,4.57071759355609,-1.61260099452945));
#8298=CARTESIAN_POINT('',(-1.39655342743056,4.5119212972598,-2.41890149179418));
#8299=CARTESIAN_POINT('',(-1.97486664625233E-16,4.4531250009635,-3.2252019890589));
#8300=CARTESIAN_POINT('',(1.39655342743055,4.3943287046672,-2.41890149179418));
#8301=CARTESIAN_POINT('',(2.79310685486111,4.33553240837091,-1.61260099452945));
#8302=CARTESIAN_POINT('',(2.79310685486111,4.27673611207461,-3.42056936948219E-16));
#8303=CARTESIAN_POINT('',(2.79310685486111,4.21793981577832,1.61260099452945));
#8304=CARTESIAN_POINT('',(1.39655342743056,4.15914351948202,2.41890149179418));
#8305=CARTESIAN_POINT('',(5.92459993875699E-16,4.10034722318572,3.2252019890589));
#8306=CARTESIAN_POINT('',(-1.39655342743055,4.04155092688943,2.41890149179418));
#8307=CARTESIAN_POINT('',(-2.79310685486111,3.98275463059313,1.61260099452945));
#8308=CARTESIAN_POINT('',(-2.79310685486111,3.92395833429683,0.));
#8309=CARTESIAN_POINT('',(-2.79310685486111,3.86516203800054,-1.61260099452945));
#8310=CARTESIAN_POINT('',(-1.39655342743056,3.80636574170424,-2.41890149179418));
#8311=CARTESIAN_POINT('',(-1.97486664625233E-16,3.74756944540795,-3.2252019890589));
#8312=CARTESIAN_POINT('',(1.39655342743055,3.68877314911165,-2.41890149179418));
#8313=CARTESIAN_POINT('',(2.79310685486111,3.62997685281535,-1.61260099452945));
#8314=CARTESIAN_POINT('',(2.79310685486111,3.57118055651906,-3.42056936948219E-16));
#8315=CARTESIAN_POINT('',(2.79310685486111,3.51238426022276,1.61260099452945));
#8316=CARTESIAN_POINT('',(1.39655342743056,3.45358796392646,2.41890149179418));
#8317=CARTESIAN_POINT('',(5.92459993875699E-16,3.39479166763017,3.2252019890589));
#8318=CARTESIAN_POINT('',(-1.39655342743055,3.33599537133387,2.41890149179418));
#8319=CARTESIAN_POINT('',(-2.79310685486111,3.27719907503757,1.61260099452945));
#8320=CARTESIAN_POINT('',(-2.79310685486111,3.21840277874128,0.));
#8321=CARTESIAN_POINT('',(-2.79310685486111,3.15960648244498,-1.61260099452945));
#8322=CARTESIAN_POINT('',(-1.39655342743056,3.10081018614869,-2.41890149179418));
#8323=CARTESIAN_POINT('',(-1.97486664625233E-16,3.04201388985239,-3.2252019890589));
#8324=CARTESIAN_POINT('',(1.39655342743055,2.98321759355609,-2.41890149179418));
#8325=CARTESIAN_POINT('',(2.79310685486111,2.9244212972598,-1.61260099452945));
#8326=CARTESIAN_POINT('',(2.79310685486111,2.8656250009635,-3.42056936948219E-16));
#8327=CARTESIAN_POINT('',(2.79310685486111,2.80682870466721,1.61260099452945));
#8328=CARTESIAN_POINT('',(1.39655342743056,2.74803240837091,2.41890149179418));
#8329=CARTESIAN_POINT('',(5.92459993875699E-16,2.68923611207461,3.2252019890589));
#8330=CARTESIAN_POINT('',(-1.39655342743055,2.63043981577832,2.41890149179418));
#8331=CARTESIAN_POINT('',(-2.79310685486111,2.57164351948202,1.61260099452945));
#8332=CARTESIAN_POINT('',(-2.79310685486111,2.51284722318572,0.));
#8333=CARTESIAN_POINT('',(-2.79310685486111,2.45405092688943,-1.61260099452945));
#8334=CARTESIAN_POINT('',(-1.39655342743056,2.39525463059313,-2.41890149179418));
#8335=CARTESIAN_POINT('',(-1.97486664625233E-16,2.33645833429684,-3.2252019890589));
#8336=CARTESIAN_POINT('',(1.39655342743055,2.27766203800054,-2.41890149179418));
#8337=CARTESIAN_POINT('',(2.79310685486111,2.21886574170424,-1.61260099452945));
#8338=CARTESIAN_POINT('',(2.79310685486111,2.16006944540795,-3.42056936948219E-16));
#8339=CARTESIAN_POINT('',(2.79310685486111,2.10127314911165,1.61260099452945));
#8340=CARTESIAN_POINT('',(1.39655342743056,2.04247685281535,2.41890149179418));
#8341=CARTESIAN_POINT('',(5.92459993875699E-16,1.98368055651906,3.2252019890589));
#8342=CARTESIAN_POINT('',(-1.39655342743055,1.92488426022276,2.41890149179418));
#8343=CARTESIAN_POINT('',(-2.79310685486111,1.86608796392646,1.61260099452945));
#8344=CARTESIAN_POINT('',(-2.79310685486111,1.80729166763017,0.));
#8345=CARTESIAN_POINT('',(-2.79310685486111,1.74849537133387,-1.61260099452945));
#8346=CARTESIAN_POINT('',(-1.39655342743056,1.68969907503757,-2.41890149179418));
#8347=CARTESIAN_POINT('',(-1.97486664625233E-16,1.63090277874128,-3.2252019890589));
#8348=CARTESIAN_POINT('',(1.39655342743055,1.57210648244498,-2.41890149179418));
#8349=CARTESIAN_POINT('',(2.79310685486111,1.51331018614869,-1.61260099452945));
#8350=CARTESIAN_POINT('',(2.79310685486111,1.45451388985239,-3.42056936948219E-16));
#8351=CARTESIAN_POINT('',(2.79310685486111,1.39571759355609,1.61260099452945));
#8352=CARTESIAN_POINT('',(1.39655342743056,1.3369212972598,2.41890149179418));
#8353=CARTESIAN_POINT('',(5.92459993875699E-16,1.2781250009635,3.2252019890589));
#8354=CARTESIAN_POINT('',(-1.39655342743055,1.21932870466721,2.41890149179418));
#8355=CARTESIAN_POINT('',(-2.79310685486111,1.16053240837091,1.61260099452945));
#8356=CARTESIAN_POINT('',(-2.79310685486111,1.10173611207461,0.));
#8357=CARTESIAN_POINT('',(-2.79310685486111,1.04293981577832,-1.61260099452945));
#8358=CARTESIAN_POINT('',(-1.39655342743056,0.98414351948202,-2.41890149179418));
#8359=CARTESIAN_POINT('',(-1.97486664625233E-16,0.925347223185723,-3.2252019890589));
#8360=CARTESIAN_POINT('',(1.39655342743055,0.866550926889427,-2.41890149179418));
#8361=CARTESIAN_POINT('',(2.79310685486111,0.807754630593131,-1.61260099452945));
#8362=CARTESIAN_POINT('',(2.79310685486111,0.748958334296834,-3.42056936948219E-16));
#8363=CARTESIAN_POINT('',(2.79310685486111,0.690162038000538,1.61260099452945));
#8364=CARTESIAN_POINT('',(1.39655342743056,0.631365741704242,2.41890149179418));
#8365=CARTESIAN_POINT('',(5.92459993875699E-16,0.572569445407945,3.2252019890589));
#8366=CARTESIAN_POINT('',(-1.39655342743055,0.513773149111649,2.41890149179418));
#8367=CARTESIAN_POINT('',(-2.79310685486111,0.454976852815352,1.61260099452945));
#8368=CARTESIAN_POINT('',(-2.79310685486111,0.396180556519056,0.));
#8369=CARTESIAN_POINT('',(-2.79310685486111,0.33738426022276,-1.61260099452945));
#8370=CARTESIAN_POINT('',(-1.39655342743056,0.278587963926465,-2.41890149179418));
#8371=CARTESIAN_POINT('',(-1.97486664625233E-16,0.219791667630169,-3.2252019890589));
#8372=CARTESIAN_POINT('',(1.39655342743055,0.160995371333872,-2.41890149179418));
#8373=CARTESIAN_POINT('',(2.79310685486111,0.102199075037576,-1.61260099452945));
#8374=CARTESIAN_POINT('',(2.79310685486111,0.0434027787412795,-3.42056936948219E-16));
#8375=CARTESIAN_POINT('',(2.79310685486111,0.0231661581454714,0.555028063915156));
#8376=CARTESIAN_POINT('',(2.58090301199822,1.17512342514992E-16,1.06788835808367));
#8377=CARTESIAN_POINT('',(-1.80108546034835E-17,8.39695166847769,2.91745356026796E-16));
#8378=CARTESIAN_POINT('',(1.55272673703298,9.1500013146244,-2.32174192854741));
#8379=CARTESIAN_POINT('',(1.39164223052864,9.15735824754513,-2.42947148155916));
#8380=CARTESIAN_POINT('',(1.08335165852746,9.17053726632133,-2.58682902547434));
#8381=CARTESIAN_POINT('',(0.787304455158498,9.18263887267393,-2.68368226292726));
#8382=CARTESIAN_POINT('',(0.617097501374603,9.18965731227478,-2.72427949360375));
#8383=CARTESIAN_POINT('',(0.559976426494884,9.19204893510385,-2.73685669713738));
#8384=CARTESIAN_POINT('',(0.404200501943453,9.19859782844784,-2.76571915631507));
#8385=CARTESIAN_POINT('',(0.241641394579713,9.20537716023006,-2.78499730389032));
#8386=CARTESIAN_POINT('',(-0.0406503255441061,9.21714984655751,-2.79885717095769));
#8387=CARTESIAN_POINT('',(-0.308568163549068,9.22834345802263,-2.78321234328476));
#8388=CARTESIAN_POINT('',(-0.601054089632388,9.24093528720787,-2.72952714490055));
#8389=CARTESIAN_POINT('',(-0.793488534493748,9.24918009164913,-2.68278582020809));
#8390=CARTESIAN_POINT('',(-1.11774579569009,9.26263202891169,-2.56734847635096));
#8391=CARTESIAN_POINT('',(-1.3422643666977,9.27219221829168,-2.45130816707889));
#8392=CARTESIAN_POINT('',(-1.4799684492267,9.27814134664106,-2.37089380307782));
#8393=CARTESIAN_POINT('',(-1.60129365597561,9.28349955332824,-2.28902035915841));
#8394=CARTESIAN_POINT('',(-1.65788324003744,9.2860465270008,-2.24823637201463));
#8395=CARTESIAN_POINT('',(-1.78127239748329,9.29203552668166,-2.15476237142066));
#8396=CARTESIAN_POINT('',(-2.01551486861298,9.30441468699257,-1.95427853004298));
#8397=CARTESIAN_POINT('',(-2.37691752489269,9.32836589631393,-1.50585478888857));
#8398=CARTESIAN_POINT('',(-2.61632382526112,9.35108140013235,-1.01820936018153));
#8399=CARTESIAN_POINT('',(-2.729838660526,9.36819301105747,-0.615116372460154));
#8400=CARTESIAN_POINT('',(-2.76840923640269,9.37665394197317,-0.407047844168982));
#8401=CARTESIAN_POINT('',(-2.79321729759274,9.38765166387702,-0.119982868481558));
#8402=CARTESIAN_POINT('',(-2.79440562009388,9.39632324479515,0.119196524360192));
#8403=CARTESIAN_POINT('',(-2.77126517174644,9.40796127972298,0.424013172449711));
#8404=CARTESIAN_POINT('',(-2.66889520878645,9.42610526569483,0.863076836830823));
#8405=CARTESIAN_POINT('',(-2.50824687301658,9.44355822631205,1.25077063308161));
#8406=CARTESIAN_POINT('',(-2.33340557437782,9.45792816211989,1.54731291123646));
#8407=CARTESIAN_POINT('',(-2.16002506495407,9.47004957319947,1.77390840165374));
#8408=CARTESIAN_POINT('',(-2.02298752547434,9.47873651266987,1.93120040010239));
#8409=CARTESIAN_POINT('',(-1.78276692095322,9.49203675110546,2.16293961432401));
#8410=CARTESIAN_POINT('',(-1.52526424569853,9.50410702289727,2.34809496662673));
#8411=CARTESIAN_POINT('',(-1.30288494668405,9.51355849748265,2.47130465475588));
#8412=CARTESIAN_POINT('',(-1.22129691005963,9.51698521950637,2.51262454248224));
#8413=CARTESIAN_POINT('',(-1.02696073668873,9.52521004160352,2.60278565324188));
#8414=CARTESIAN_POINT('',(-0.782441850971302,9.53551878398721,2.68871697922747));
#8415=CARTESIAN_POINT('',(-0.482145510355692,9.54811861504402,2.75383795995324));
#8416=CARTESIAN_POINT('',(-0.262690827435408,9.55735055502789,2.78570845922097));
#8417=CARTESIAN_POINT('',(0.071079747786568,9.57135153618467,2.79809110233408));
#8418=CARTESIAN_POINT('',(0.411645406125313,9.58558543237112,2.76990555905311));
#8419=CARTESIAN_POINT('',(0.670839223031036,9.59655363368605,2.71526541046659));
#8420=CARTESIAN_POINT('',(0.834514912073155,9.60352156603905,2.66571125162702));
#8421=CARTESIAN_POINT('',(0.882981481371885,9.60557961734371,2.65018083706775));
#8422=CARTESIAN_POINT('',(1.010853242531,9.61095795140707,2.60550677950785));
#8423=CARTESIAN_POINT('',(1.16591903058537,9.61747711850272,2.54067138887714));
#8424=CARTESIAN_POINT('',(1.34281829034514,9.62491950086325,2.45180427695222));
#8425=CARTESIAN_POINT('',(1.50546044939123,9.63181694196747,2.35475721715295));
#8426=CARTESIAN_POINT('',(1.66036429701864,9.63891408059311,2.25010830136645));
#8427=CARTESIAN_POINT('',(1.84866628051208,9.64847599821655,2.09621673926799));
#8428=CARTESIAN_POINT('',(1.93053150350634,9.65302968943246,2.01935458450165));
#8429=CARTESIAN_POINT('',(2.13192422051525,9.66469418835008,1.82029848661483));
#8430=CARTESIAN_POINT('',(2.38487421632261,9.68223200295273,1.48115638819416));
#8431=CARTESIAN_POINT('',(2.57484442379687,9.70029815118246,1.09424184167166));
#8432=CARTESIAN_POINT('',(2.67628983825689,9.71238536582164,0.820352503836262));
#8433=CARTESIAN_POINT('',(2.76400314608522,9.72740030288982,0.459629933474984));
#8434=CARTESIAN_POINT('',(2.80916402412703,9.74423270054807,0.0200227765772091));
#8435=CARTESIAN_POINT('',(2.75530841956682,9.77020706315291,-0.675613264632993));
#8436=CARTESIAN_POINT('',(2.48926350346704,9.79913819914811,-1.31650677908248));
#8437=CARTESIAN_POINT('',(2.21509584571608,9.81913057902388,-1.71212238863721));
#8438=CARTESIAN_POINT('',(2.02495454651983,9.8311150184467,-1.92726099067677));
#8439=CARTESIAN_POINT('',(1.89797790572827,9.83854539987044,-2.05137325965409));
#8440=CARTESIAN_POINT('',(1.76028973215628,9.84580357268372,-2.17221960282534));
#8441=CARTESIAN_POINT('',(1.61878705779401,9.85256373258504,-2.27747953377267));
#8442=CARTESIAN_POINT('',(1.52698673917843,9.856726938777,-2.33923052211395));
#8443=CARTESIAN_POINT('',(1.41272410919983,9.86179462457652,-2.41110135200511));
#8444=CARTESIAN_POINT('',(1.26024171946314,9.86833490398141,-2.49525954057878));
#8445=CARTESIAN_POINT('',(1.12905910408387,9.87375683483178,-2.55561868900609));
#8446=CARTESIAN_POINT('',(1.05323031029785,9.87685692624012,-2.58693205718184));
#8447=CARTESIAN_POINT('',(1.04607141122047,9.87712710291733,-2.5900528711499));
#8448=CARTESIAN_POINT('',(0.906873447973393,9.88302376928592,-2.6438075950833));
#8449=CARTESIAN_POINT('',(0.75518087125315,9.88945353700375,-2.69090001163131));
#8450=CARTESIAN_POINT('',(0.496074154452947,9.90039667573339,-2.75500894479669));
#8451=CARTESIAN_POINT('',(0.176232424760243,9.91376993341608,-2.7983511056874));
#8452=CARTESIAN_POINT('',(-0.199826579077534,9.92959400721459,-2.79022495725513));
#8453=CARTESIAN_POINT('',(-0.518818124535114,9.94296909700956,-2.75191587651063));
#8454=CARTESIAN_POINT('',(-0.795608900925861,9.95460649091073,-2.68294537685487));
#8455=CARTESIAN_POINT('',(-1.02661794085714,9.96438412070694,-2.59918816471323));
#8456=CARTESIAN_POINT('',(-1.20813615989703,9.9720382817294,-2.52217990466918));
#8457=CARTESIAN_POINT('',(-1.45187941202977,9.9824135664475,-2.39432531708988));
#8458=CARTESIAN_POINT('',(-1.67858299961172,9.99258927967833,-2.234164298797));
#8459=CARTESIAN_POINT('',(-1.76723186252639,9.99695992197669,-2.16452397232329));
#8460=CARTESIAN_POINT('',(-1.90644310582102,10.004317046308,-2.04488846668642));
#8461=CARTESIAN_POINT('',(-2.03713465676628,10.011926382431,-1.91250947348156));
#8462=CARTESIAN_POINT('',(-2.14621271912302,10.0186781131335,-1.7902413989133));
#8463=CARTESIAN_POINT('',(-2.24646318189877,10.0253593595206,-1.66365215465668));
#8464=CARTESIAN_POINT('',(-2.40609664201986,10.0370995316408,-1.43112097792338));
#8465=CARTESIAN_POINT('',(-2.56870907511972,10.0517537671532,-1.12215343656224));
#8466=CARTESIAN_POINT('',(-2.70256875543788,10.0688503091635,-0.741528345476005));
#8467=CARTESIAN_POINT('',(-2.78229593799784,10.0848197918279,-0.34626586612849));
#8468=CARTESIAN_POINT('',(-2.79966417929656,10.0998988553487,0.0655164865981231));
#8469=CARTESIAN_POINT('',(-2.77506530075764,10.1118805380374,0.380704146274448));
#8470=CARTESIAN_POINT('',(-2.68764959006662,10.1290180327988,0.8000573970953));
#8471=CARTESIAN_POINT('',(-2.55395784912113,10.1448986214106,1.15937438270353));
#8472=CARTESIAN_POINT('',(-2.35343106692812,10.1619536155646,1.51364577227615));
#8473=CARTESIAN_POINT('',(-2.06060086641644,10.1827701832306,1.92000385828452));
#8474=CARTESIAN_POINT('',(-1.83709132429948,10.1945712226547,2.10850363207901));
#8475=CARTESIAN_POINT('',(-1.7281009452923,10.1999950399097,2.19433657982361));
#8476=CARTESIAN_POINT('',(-1.82419674200676,9.98544963589164,2.59864026876594));
#8477=CARTESIAN_POINT('',(-3.175,9.9300199948012,1.65040171033955));
#8478=CARTESIAN_POINT('',(-3.175,9.87708333526034,0.));
#8479=CARTESIAN_POINT('',(-3.175,9.81828703896404,-1.83308710467706));
#8480=CARTESIAN_POINT('',(-1.5875,9.75949074266774,-2.74963065701559));
#8481=CARTESIAN_POINT('',(-2.24488425530105E-16,9.70069444637145,-3.66617420935412));
#8482=CARTESIAN_POINT('',(1.5875,9.64189815007515,-2.74963065701559));
#8483=CARTESIAN_POINT('',(3.175,9.58310185377885,-1.83308710467706));
#8484=CARTESIAN_POINT('',(3.175,9.52430555748256,-3.88825358729285E-16));
#8485=CARTESIAN_POINT('',(3.175,9.46550926118626,1.83308710467706));
#8486=CARTESIAN_POINT('',(1.5875,9.40671296488997,2.74963065701559));
#8487=CARTESIAN_POINT('',(6.73465276590316E-16,9.34791666859367,3.66617420935412));
#8488=CARTESIAN_POINT('',(-1.5875,9.28912037229737,2.74963065701559));
#8489=CARTESIAN_POINT('',(-3.175,9.23032407600108,1.83308710467706));
#8490=CARTESIAN_POINT('',(-3.175,9.17152777970478,0.));
#8491=CARTESIAN_POINT('',(-3.175,9.11273148340848,-1.83308710467706));
#8492=CARTESIAN_POINT('',(-1.5875,9.05393518711219,-2.74963065701559));
#8493=CARTESIAN_POINT('',(-2.24488425530105E-16,8.99513889081589,-3.66617420935412));
#8494=CARTESIAN_POINT('',(1.5875,8.93634259451959,-2.74963065701559));
#8495=CARTESIAN_POINT('',(1.75354938850729,8.93019261716747,-2.65376199786213));
#8496=CARTESIAN_POINT('',(1.90685515499227,8.92366004164396,-2.53860757461239));
#8497=CARTESIAN_POINT('',(-1.604779976288,10.2059357460392,2.28607242456953));
#8498=CARTESIAN_POINT('',(-2.79310685486111,10.1505061049488,1.45188923792879));
#8499=CARTESIAN_POINT('',(-2.79310685486111,10.0975694454079,0.));
#8500=CARTESIAN_POINT('',(-2.79310685486111,10.0387731491117,-1.61260099452945));
#8501=CARTESIAN_POINT('',(-1.39655342743056,9.97997685281535,-2.41890149179418));
#8502=CARTESIAN_POINT('',(-1.97486664625233E-16,9.92118055651906,-3.2252019890589));
#8503=CARTESIAN_POINT('',(1.39655342743055,9.86238426022276,-2.41890149179418));
#8504=CARTESIAN_POINT('',(2.79310685486111,9.80358796392646,-1.61260099452945));
#8505=CARTESIAN_POINT('',(2.79310685486111,9.74479166763017,-3.42056936948219E-16));
#8506=CARTESIAN_POINT('',(2.79310685486111,9.68599537133387,1.61260099452945));
#8507=CARTESIAN_POINT('',(1.39655342743056,9.62719907503758,2.41890149179418));
#8508=CARTESIAN_POINT('',(5.92459993875699E-16,9.56840277874128,3.2252019890589));
#8509=CARTESIAN_POINT('',(-1.39655342743055,9.50960648244498,2.41890149179418));
#8510=CARTESIAN_POINT('',(-2.79310685486111,9.45081018614868,1.61260099452945));
#8511=CARTESIAN_POINT('',(-2.79310685486111,9.39201388985239,0.));
#8512=CARTESIAN_POINT('',(-2.79310685486111,9.33321759355609,-1.61260099452945));
#8513=CARTESIAN_POINT('',(-1.39655342743056,9.2744212972598,-2.41890149179418));
#8514=CARTESIAN_POINT('',(-1.97486664625233E-16,9.2156250009635,-3.2252019890589));
#8515=CARTESIAN_POINT('',(1.39655342743055,9.1568287046672,-2.41890149179418));
#8516=CARTESIAN_POINT('',(1.54263017870149,9.15067872731508,-2.33456404012556));
#8517=CARTESIAN_POINT('',(1.67749612744446,9.14414615179157,-2.23326054124479));
#8518=CARTESIAN_POINT('',(0.,10.85,0.));
#8519=CARTESIAN_POINT('',(3.23687234978018E-16,10.85,-2.643106855));
#8520=CARTESIAN_POINT('',(3.32872085971623E-16,11.,-2.643106855));
#8521=CARTESIAN_POINT('',(0.,10.85,2.643106855));
#8522=CARTESIAN_POINT('',(0.,11.,2.643106855));
#8523=CARTESIAN_POINT('',(0.,11.,0.));
#8524=CARTESIAN_POINT('',(0.,10.85,0.));
#8525=CARTESIAN_POINT('',(0.,11.,0.));
#8526=CARTESIAN_POINT('',(0.,11.,0.));
#8527=CARTESIAN_POINT('',(0.,11.,0.));
#8528=CARTESIAN_POINT('',(0.,11.,2.28));
#8529=CARTESIAN_POINT('',(2.79219470205597E-16,11.,-2.28));
#8530=CARTESIAN_POINT('',(0.,11.,0.));
#8531=CARTESIAN_POINT('',(0.,3.,0.));
#8532=CARTESIAN_POINT('',(0.,3.,2.28));
#8533=CARTESIAN_POINT('',(2.79219470205596E-16,9.,2.28));
#8534=CARTESIAN_POINT('',(0.,9.,0.));
#8535=CARTESIAN_POINT('',(2.79219470205597E-16,9.,-2.28));
#8536=CARTESIAN_POINT('',(2.79219470205597E-16,3.,-2.28));
#8537=CARTESIAN_POINT('',(0.,3.,0.));
#8538=CARTESIAN_POINT('',(0.,9.,0.));
#8539=CARTESIAN_POINT('',(0.,3.2,0.));
#8540=CARTESIAN_POINT('',(0.,3.2,0.));
#8541=CARTESIAN_POINT('',(0.,3.2,-0.4));
#8542=CARTESIAN_POINT('',(4.89858719658941E-17,3.2,0.4));
#8543=CARTESIAN_POINT('',(0.,3.2,0.));
#8544=CARTESIAN_POINT('',(0.,9.,0.));
#8545=CARTESIAN_POINT('',(0.,9.,0.));
#8546=CARTESIAN_POINT('',(0.,9.,-0.4));
#8547=CARTESIAN_POINT('',(4.89858719658941E-17,9.,0.4));
#8548=CARTESIAN_POINT('',(0.,9.,0.));
#8549=CARTESIAN_POINT('',(0.,12.4142135623731,0.));
#8550=CARTESIAN_POINT('',(4.89858719658941E-17,12.4142135623731,0.4));
#8551=CARTESIAN_POINT('',(0.,12.4142135623731,-0.4));
#8552=CARTESIAN_POINT('',(0.,12.4142135623731,0.));
#8553=CARTESIAN_POINT('',(0.,4.175,4.25));
#8554=CARTESIAN_POINT('',(-1.76040764008565,4.228125,4.25));
#8555=CARTESIAN_POINT('',(-3.00520382004283,4.28125,3.00520382004283));
#8556=CARTESIAN_POINT('',(-4.25,4.334375,1.76040764008565));
#8557=CARTESIAN_POINT('',(-4.25,4.3875,2.60237444818813E-16));
#8558=CARTESIAN_POINT('',(-4.25,4.440625,-1.76040764008565));
#8559=CARTESIAN_POINT('',(-3.00520382004283,4.49375,-3.00520382004283));
#8560=CARTESIAN_POINT('',(-1.76040764008565,4.546875,-4.25));
#8561=CARTESIAN_POINT('',(-5.20474889637625E-16,4.6,-4.25));
#8562=CARTESIAN_POINT('',(1.76040764008565,4.653125,-4.25));
#8563=CARTESIAN_POINT('',(3.00520382004283,4.70625,-3.00520382004283));
#8564=CARTESIAN_POINT('',(4.25,4.759375,-1.76040764008566));
#8565=CARTESIAN_POINT('',(4.25,4.8125,-7.80712334456438E-16));
#8566=CARTESIAN_POINT('',(4.25,4.865625,1.76040764008565));
#8567=CARTESIAN_POINT('',(3.00520382004283,4.91875,3.00520382004283));
#8568=CARTESIAN_POINT('',(1.76040764008566,4.971875,4.25));
#8569=CARTESIAN_POINT('',(0.,5.025,4.25));
#8570=CARTESIAN_POINT('',(0.,4.175,3.25));
#8571=CARTESIAN_POINT('',(-1.34619407771256,4.228125,3.25));
#8572=CARTESIAN_POINT('',(-2.29809703885628,4.28125,2.29809703885628));
#8573=CARTESIAN_POINT('',(-3.25,4.334375,1.34619407771256));
#8574=CARTESIAN_POINT('',(-3.25,4.3875,1.99005104861445E-16));
#8575=CARTESIAN_POINT('',(-3.25,4.440625,-1.34619407771256));
#8576=CARTESIAN_POINT('',(-2.29809703885628,4.49375,-2.29809703885628));
#8577=CARTESIAN_POINT('',(-1.34619407771256,4.546875,-3.25));
#8578=CARTESIAN_POINT('',(-3.9801020972289E-16,4.6,-3.25));
#8579=CARTESIAN_POINT('',(1.34619407771256,4.653125,-3.25));
#8580=CARTESIAN_POINT('',(2.29809703885628,4.70625,-2.29809703885628));
#8581=CARTESIAN_POINT('',(3.25,4.759375,-1.34619407771256));
#8582=CARTESIAN_POINT('',(3.25,4.8125,-5.97015314584335E-16));
#8583=CARTESIAN_POINT('',(3.25,4.865625,1.34619407771256));
#8584=CARTESIAN_POINT('',(2.29809703885628,4.91875,2.29809703885628));
#8585=CARTESIAN_POINT('',(1.34619407771256,4.971875,3.25));
#8586=CARTESIAN_POINT('',(0.,5.025,3.25));
#8587=CARTESIAN_POINT('',(0.,4.175,3.75));
#8588=CARTESIAN_POINT('',(0.,4.175,4.25));
#8589=CARTESIAN_POINT('',(0.,4.175,3.25));
#8590=CARTESIAN_POINT('',(0.,4.175,4.25));
#8591=CARTESIAN_POINT('',(-1.76040764008565,4.228125,4.25));
#8592=CARTESIAN_POINT('',(-3.00520382004283,4.28125,3.00520382004283));
#8593=CARTESIAN_POINT('',(-4.25,4.334375,1.76040764008565));
#8594=CARTESIAN_POINT('',(-4.25,4.3875,2.60237444818813E-16));
#8595=CARTESIAN_POINT('',(-4.25,4.440625,-1.76040764008565));
#8596=CARTESIAN_POINT('',(-3.00520382004283,4.49375,-3.00520382004283));
#8597=CARTESIAN_POINT('',(-1.76040764008565,4.546875,-4.25));
#8598=CARTESIAN_POINT('',(-5.20474889637625E-16,4.6,-4.25));
#8599=CARTESIAN_POINT('',(1.76040764008565,4.653125,-4.25));
#8600=CARTESIAN_POINT('',(3.00520382004283,4.70625,-3.00520382004283));
#8601=CARTESIAN_POINT('',(4.25,4.759375,-1.76040764008566));
#8602=CARTESIAN_POINT('',(4.25,4.8125,-7.80712334456438E-16));
#8603=CARTESIAN_POINT('',(4.25,4.865625,1.76040764008565));
#8604=CARTESIAN_POINT('',(3.00520382004283,4.91875,3.00520382004283));
#8605=CARTESIAN_POINT('',(1.76040764008566,4.971875,4.25));
#8606=CARTESIAN_POINT('',(0.,5.025,4.25));
#8607=CARTESIAN_POINT('',(0.,5.025,4.25));
#8608=CARTESIAN_POINT('',(0.,5.025,3.75));
#8609=CARTESIAN_POINT('',(0.,5.025,3.25));
#8610=CARTESIAN_POINT('',(0.,4.175,3.25));
#8611=CARTESIAN_POINT('',(-1.34619407771256,4.228125,3.25));
#8612=CARTESIAN_POINT('',(-2.29809703885628,4.28125,2.29809703885628));
#8613=CARTESIAN_POINT('',(-3.25,4.334375,1.34619407771256));
#8614=CARTESIAN_POINT('',(-3.25,4.3875,1.99005104861445E-16));
#8615=CARTESIAN_POINT('',(-3.25,4.440625,-1.34619407771256));
#8616=CARTESIAN_POINT('',(-2.29809703885628,4.49375,-2.29809703885628));
#8617=CARTESIAN_POINT('',(-1.34619407771256,4.546875,-3.25));
#8618=CARTESIAN_POINT('',(-3.9801020972289E-16,4.6,-3.25));
#8619=CARTESIAN_POINT('',(1.34619407771256,4.653125,-3.25));
#8620=CARTESIAN_POINT('',(2.29809703885628,4.70625,-2.29809703885628));
#8621=CARTESIAN_POINT('',(3.25,4.759375,-1.34619407771256));
#8622=CARTESIAN_POINT('',(3.25,4.8125,-5.97015314584335E-16));
#8623=CARTESIAN_POINT('',(3.25,4.865625,1.34619407771256));
#8624=CARTESIAN_POINT('',(2.29809703885628,4.91875,2.29809703885628));
#8625=CARTESIAN_POINT('',(1.34619407771256,4.971875,3.25));
#8626=CARTESIAN_POINT('',(0.,5.025,3.25));
#8627=CARTESIAN_POINT('',(-2.27664712643239E-16,4.41540293681892,1.09778932751293E-16));
#8628=CARTESIAN_POINT('',(0.,4.35,3.25));
#8629=CARTESIAN_POINT('',(0.,4.525,3.25));
#8630=CARTESIAN_POINT('',(0.,5.2,3.25));
#8631=CARTESIAN_POINT('',(0.,5.375,3.25));
#8632=CARTESIAN_POINT('',(0.,4.525,3.25));
#8633=CARTESIAN_POINT('',(-1.34619407771256,4.578125,3.25));
#8634=CARTESIAN_POINT('',(-2.29809703885628,4.63125,2.29809703885628));
#8635=CARTESIAN_POINT('',(-3.25,4.684375,1.34619407771256));
#8636=CARTESIAN_POINT('',(-3.25,4.7375,1.99005104861445E-16));
#8637=CARTESIAN_POINT('',(-3.25,4.790625,-1.34619407771256));
#8638=CARTESIAN_POINT('',(-2.29809703885628,4.84375,-2.29809703885628));
#8639=CARTESIAN_POINT('',(-1.34619407771256,4.896875,-3.25));
#8640=CARTESIAN_POINT('',(-3.9801020972289E-16,4.95,-3.25));
#8641=CARTESIAN_POINT('',(1.34619407771256,5.003125,-3.25));
#8642=CARTESIAN_POINT('',(2.29809703885628,5.05625,-2.29809703885628));
#8643=CARTESIAN_POINT('',(3.25,5.109375,-1.34619407771256));
#8644=CARTESIAN_POINT('',(3.25,5.1625,-5.97015314584335E-16));
#8645=CARTESIAN_POINT('',(3.25,5.215625,1.34619407771256));
#8646=CARTESIAN_POINT('',(2.29809703885628,5.26875,2.29809703885628));
#8647=CARTESIAN_POINT('',(1.34619407771256,5.321875,3.25));
#8648=CARTESIAN_POINT('',(0.,5.375,3.25));
#8649=CARTESIAN_POINT('',(0.,4.525,3.25));
#8650=CARTESIAN_POINT('',(-1.34619407771256,4.578125,3.25));
#8651=CARTESIAN_POINT('',(-2.29809703885628,4.63125,2.29809703885628));
#8652=CARTESIAN_POINT('',(-3.25,4.684375,1.34619407771256));
#8653=CARTESIAN_POINT('',(-3.25,4.7375,1.99005104861445E-16));
#8654=CARTESIAN_POINT('',(-3.25,4.790625,-1.34619407771256));
#8655=CARTESIAN_POINT('',(-2.29809703885628,4.84375,-2.29809703885628));
#8656=CARTESIAN_POINT('',(-1.34619407771256,4.896875,-3.25));
#8657=CARTESIAN_POINT('',(-3.9801020972289E-16,4.95,-3.25));
#8658=CARTESIAN_POINT('',(1.34619407771256,5.003125,-3.25));
#8659=CARTESIAN_POINT('',(2.29809703885628,5.05625,-2.29809703885628));
#8660=CARTESIAN_POINT('',(3.25,5.109375,-1.34619407771256));
#8661=CARTESIAN_POINT('',(3.25,5.1625,-5.97015314584335E-16));
#8662=CARTESIAN_POINT('',(3.25,5.215625,1.34619407771256));
#8663=CARTESIAN_POINT('',(2.29809703885628,5.26875,2.29809703885628));
#8664=CARTESIAN_POINT('',(1.34619407771256,5.321875,3.25));
#8665=CARTESIAN_POINT('',(0.,5.375,3.25));
#8666=CARTESIAN_POINT('',(0.,4.525,4.25));
#8667=CARTESIAN_POINT('',(-1.76040764008565,4.578125,4.25));
#8668=CARTESIAN_POINT('',(-3.00520382004283,4.63125,3.00520382004283));
#8669=CARTESIAN_POINT('',(-4.25,4.684375,1.76040764008565));
#8670=CARTESIAN_POINT('',(-4.25,4.7375,2.60237444818813E-16));
#8671=CARTESIAN_POINT('',(-4.25,4.790625,-1.76040764008565));
#8672=CARTESIAN_POINT('',(-3.00520382004283,4.84375,-3.00520382004283));
#8673=CARTESIAN_POINT('',(-1.76040764008565,4.896875,-4.25));
#8674=CARTESIAN_POINT('',(-5.20474889637625E-16,4.95,-4.25));
#8675=CARTESIAN_POINT('',(1.76040764008565,5.003125,-4.25));
#8676=CARTESIAN_POINT('',(3.00520382004283,5.05625,-3.00520382004283));
#8677=CARTESIAN_POINT('',(4.25,5.109375,-1.76040764008566));
#8678=CARTESIAN_POINT('',(4.25,5.1625,-7.80712334456438E-16));
#8679=CARTESIAN_POINT('',(4.25,5.215625,1.76040764008565));
#8680=CARTESIAN_POINT('',(3.00520382004283,5.26875,3.00520382004283));
#8681=CARTESIAN_POINT('',(1.76040764008566,5.321875,4.25));
#8682=CARTESIAN_POINT('',(0.,5.375,4.25));
#8683=CARTESIAN_POINT('',(0.,4.525,3.75));
#8684=CARTESIAN_POINT('',(0.,4.525,4.25));
#8685=CARTESIAN_POINT('',(0.,5.375,3.75));
#8686=CARTESIAN_POINT('',(0.,5.375,4.25));
#8687=CARTESIAN_POINT('',(0.,4.525,4.25));
#8688=CARTESIAN_POINT('',(-1.76040764008565,4.578125,4.25));
#8689=CARTESIAN_POINT('',(-3.00520382004283,4.63125,3.00520382004283));
#8690=CARTESIAN_POINT('',(-4.25,4.684375,1.76040764008565));
#8691=CARTESIAN_POINT('',(-4.25,4.7375,2.60237444818813E-16));
#8692=CARTESIAN_POINT('',(-4.25,4.790625,-1.76040764008565));
#8693=CARTESIAN_POINT('',(-3.00520382004283,4.84375,-3.00520382004283));
#8694=CARTESIAN_POINT('',(-1.76040764008565,4.896875,-4.25));
#8695=CARTESIAN_POINT('',(-5.20474889637625E-16,4.95,-4.25));
#8696=CARTESIAN_POINT('',(1.76040764008565,5.003125,-4.25));
#8697=CARTESIAN_POINT('',(3.00520382004283,5.05625,-3.00520382004283));
#8698=CARTESIAN_POINT('',(4.25,5.109375,-1.76040764008566));
#8699=CARTESIAN_POINT('',(4.25,5.1625,-7.80712334456438E-16));
#8700=CARTESIAN_POINT('',(4.25,5.215625,1.76040764008565));
#8701=CARTESIAN_POINT('',(3.00520382004283,5.26875,3.00520382004283));
#8702=CARTESIAN_POINT('',(1.76040764008566,5.321875,4.25));
#8703=CARTESIAN_POINT('',(0.,5.375,4.25));
#8704=CARTESIAN_POINT('',(2.61807374614884E-17,4.62540293681892,9.78225811383935E-17));
#8705=CARTESIAN_POINT('',(0.,4.35,4.25));
#8706=CARTESIAN_POINT('',(0.,5.2,4.25));
#8707=CARTESIAN_POINT('',(0.,5.2,4.25));
#8708=CARTESIAN_POINT('',(0.,4.35,4.25));
#8709=CARTESIAN_POINT('',(0.,1.6,0.));
#8710=CARTESIAN_POINT('',(0.,1.6,0.));
#8711=CARTESIAN_POINT('',(-3.11665353445838,1.6,-1.54698956479874));
#8712=CARTESIAN_POINT('',(-2.43437341396889,1.6,-2.48606758733739));
#8713=CARTESIAN_POINT('',(-2.24941097883748,1.6,-2.28064599210717));
#8714=CARTESIAN_POINT('',(-2.29443594034942,1.6,-2.33065127784203));
#8715=CARTESIAN_POINT('',(0.,1.6,0.));
#8716=CARTESIAN_POINT('',(-2.92560078307596,1.6,-1.46192739947616));
#8717=CARTESIAN_POINT('',(-3.18387036212526,1.6,-1.57691642461147));
#8718=CARTESIAN_POINT('',(-3.24308637463124,2.,-1.44391508291907));
#8719=CARTESIAN_POINT('',(-3.24308637463124,2.,-1.44391508291907));
#8720=CARTESIAN_POINT('',(-2.92334546445633,2.,-1.30155725784254));
#8721=CARTESIAN_POINT('',(-3.24308637463124,2.,-1.44391508291907));
#8722=CARTESIAN_POINT('',(-3.11665353445838,1.6,-1.54698956479874));
#8723=CARTESIAN_POINT('',(-3.15929179220745,1.73192989422516,-1.51341048843449));
#8724=CARTESIAN_POINT('',(-3.20144068730157,1.86527782831095,-1.47904856539545));
#8725=CARTESIAN_POINT('',(-3.24308637463124,2.,-1.44391508291907));
#8726=CARTESIAN_POINT('',(-2.92560078307596,1.6,-1.46192739947616));
#8727=CARTESIAN_POINT('',(-2.92581815378207,1.73471189006717,-1.40835293840755));
#8728=CARTESIAN_POINT('',(-2.92506628373793,1.86806245749518,-1.35488931494417));
#8729=CARTESIAN_POINT('',(-2.92334546445633,2.,-1.30155725784254));
#8730=CARTESIAN_POINT('',(0.,2.,0.));
#8731=CARTESIAN_POINT('',(0.,2.,0.));
#8732=CARTESIAN_POINT('',(-2.14121794034839,2.,-2.37806344152762));
#8733=CARTESIAN_POINT('',(-2.29443594034942,1.6,-2.33065127784203));
#8734=CARTESIAN_POINT('',(-2.24355077128539,1.73471189006716,-2.34741342860321));
#8735=CARTESIAN_POINT('',(-2.19247150318458,1.86806245749518,-2.36321952592937));
#8736=CARTESIAN_POINT('',(-2.14121794034839,2.,-2.37806344152762));
#8737=CARTESIAN_POINT('',(-2.14121794034839,2.,-2.37806344152762));
#8738=CARTESIAN_POINT('',(-2.14121794034839,2.,-2.37806344152762));
#8739=CARTESIAN_POINT('',(-2.375413652574,2.,-2.6381641304447));
#8740=CARTESIAN_POINT('',(-2.43437341396889,1.6,-2.48606758733739));
#8741=CARTESIAN_POINT('',(-2.41561376083651,1.73192989422516,-2.53699548546507));
#8742=CARTESIAN_POINT('',(-2.39595835489601,1.86527782831095,-2.58769988497745));
#8743=CARTESIAN_POINT('',(-2.375413652574,2.,-2.6381641304447));
#8744=CARTESIAN_POINT('',(0.,2.,0.));
#8745=CARTESIAN_POINT('',(0.,2.,0.));
#8746=CARTESIAN_POINT('',(0.,1.6,0.));
#8747=CARTESIAN_POINT('',(0.,1.6,0.));
#8748=CARTESIAN_POINT('',(-1.61212802331652,1.6,-3.08346383210273));
#8749=CARTESIAN_POINT('',(-0.50817559851614,1.6,-3.44215971862446));
#8750=CARTESIAN_POINT('',(-0.479281629352573,1.6,-3.16725196547326));
#8751=CARTESIAN_POINT('',(-0.486315218895187,1.6,-3.23417209980309));
#8752=CARTESIAN_POINT('',(0.,1.6,0.));
#8753=CARTESIAN_POINT('',(-1.50756138693072,1.6,-2.90234910510595));
#8754=CARTESIAN_POINT('',(-1.64891701236165,1.6,-3.14718423028799));
#8755=CARTESIAN_POINT('',(-1.77500000000001,2.,-3.07439018343475));
#8756=CARTESIAN_POINT('',(-1.77500000000001,2.,-3.07439018343475));
#8757=CARTESIAN_POINT('',(-1.60000000000001,2.,-2.7712812921102));
#8758=CARTESIAN_POINT('',(-1.77500000000001,2.,-3.07439018343475));
#8759=CARTESIAN_POINT('',(-1.61212802331652,1.6,-3.08346383210273));
#8760=CARTESIAN_POINT('',(-1.66636038431856,1.73192989422515,-3.08135992775699));
#8761=CARTESIAN_POINT('',(-1.72065698834659,1.86527782831094,-3.07833504699575));
#8762=CARTESIAN_POINT('',(-1.77500000000001,2.,-3.07439018343475));
#8763=CARTESIAN_POINT('',(-1.50756138693072,1.6,-2.90234910510595));
#8764=CARTESIAN_POINT('',(-1.5392275216417,1.73471189006717,-2.8591342229323));
#8765=CARTESIAN_POINT('',(-1.57004437540432,1.86806245749518,-2.81543930484597));
#8766=CARTESIAN_POINT('',(-1.60000000000001,2.,-2.7712812921102));
#8767=CARTESIAN_POINT('',(0.,2.,0.));
#8768=CARTESIAN_POINT('',(0.,2.,0.));
#8769=CARTESIAN_POINT('',(-0.33449108245655,2.,-3.18247006517847));
#8770=CARTESIAN_POINT('',(-0.486315218895187,1.6,-3.23417209980309));
#8771=CARTESIAN_POINT('',(-0.435295707346612,1.73471189006717,-3.21782341269492));
#8772=CARTESIAN_POINT('',(-0.384681120488212,1.86806245749518,-3.20058717355898));
#8773=CARTESIAN_POINT('',(-0.33449108245655,2.,-3.18247006517847));
#8774=CARTESIAN_POINT('',(-0.33449108245655,2.,-3.18247006517847));
#8775=CARTESIAN_POINT('',(-0.33449108245655,2.,-3.18247006517847));
#8776=CARTESIAN_POINT('',(-0.371076044600235,2.,-3.53055272855736));
#8777=CARTESIAN_POINT('',(-0.50817559851614,1.6,-3.44215971862446));
#8778=CARTESIAN_POINT('',(-0.463064052873755,1.73192989422515,-3.47233460624822));
#8779=CARTESIAN_POINT('',(-0.417359197176831,1.86527782831094,-3.50180216940367));
#8780=CARTESIAN_POINT('',(-0.371076044600235,2.,-3.53055272855736));
#8781=CARTESIAN_POINT('',(0.,2.,0.));
#8782=CARTESIAN_POINT('',(0.,2.,0.));
#8783=CARTESIAN_POINT('',(0.,1.6,0.));
#8784=CARTESIAN_POINT('',(0.,1.6,0.));
#8785=CARTESIAN_POINT('',(0.508175598516069,1.6,-3.44215971862448));
#8786=CARTESIAN_POINT('',(1.61212802331646,1.6,-3.08346383210276));
#8787=CARTESIAN_POINT('',(1.47391701236159,1.6,-2.84407533896347));
#8788=CARTESIAN_POINT('',(1.50756138693066,1.6,-2.90234910510598));
#8789=CARTESIAN_POINT('',(0.,1.6,0.));
#8790=CARTESIAN_POINT('',(0.486315218895119,1.6,-3.2341720998031));
#8791=CARTESIAN_POINT('',(0.515866591496184,1.6,-3.51533462885217));
#8792=CARTESIAN_POINT('',(0.371076044600161,2.,-3.53055272855737));
#8793=CARTESIAN_POINT('',(0.371076044600161,2.,-3.53055272855737));
#8794=CARTESIAN_POINT('',(0.334491082456483,2.,-3.18247006517848));
#8795=CARTESIAN_POINT('',(0.371076044600161,2.,-3.53055272855737));
#8796=CARTESIAN_POINT('',(0.508175598516069,1.6,-3.44215971862448));
#8797=CARTESIAN_POINT('',(0.463064052873681,1.73192989422515,-3.47233460624823));
#8798=CARTESIAN_POINT('',(0.417359197176756,1.86527782831095,-3.50180216940368));
#8799=CARTESIAN_POINT('',(0.371076044600161,2.,-3.53055272855737));
#8800=CARTESIAN_POINT('',(0.486315218895119,1.6,-3.2341720998031));
#8801=CARTESIAN_POINT('',(0.435295707346546,1.73471189006717,-3.21782341269492));
#8802=CARTESIAN_POINT('',(0.384681120488146,1.86806245749518,-3.20058717355898));
#8803=CARTESIAN_POINT('',(0.334491082456483,2.,-3.18247006517848));
#8804=CARTESIAN_POINT('',(0.,2.,0.));
#8805=CARTESIAN_POINT('',(0.,2.,0.));
#8806=CARTESIAN_POINT('',(1.59999999999995,2.,-2.77128129211023));
#8807=CARTESIAN_POINT('',(1.50756138693066,1.6,-2.90234910510598));
#8808=CARTESIAN_POINT('',(1.53922752164164,1.73471189006717,-2.85913422293233));
#8809=CARTESIAN_POINT('',(1.57004437540426,1.86806245749518,-2.815439304846));
#8810=CARTESIAN_POINT('',(1.59999999999995,2.,-2.77128129211023));
#8811=CARTESIAN_POINT('',(1.59999999999995,2.,-2.77128129211023));
#8812=CARTESIAN_POINT('',(1.59999999999995,2.,-2.77128129211023));
#8813=CARTESIAN_POINT('',(1.77499999999995,2.,-3.07439018343479));
#8814=CARTESIAN_POINT('',(1.61212802331646,1.6,-3.08346383210276));
#8815=CARTESIAN_POINT('',(1.6663603843185,1.73192989422515,-3.08135992775702));
#8816=CARTESIAN_POINT('',(1.72065698834653,1.86527782831095,-3.07833504699579));
#8817=CARTESIAN_POINT('',(1.77499999999995,2.,-3.07439018343479));
#8818=CARTESIAN_POINT('',(0.,2.,0.));
#8819=CARTESIAN_POINT('',(0.,2.,0.));
#8820=CARTESIAN_POINT('',(0.,1.6,0.));
#8821=CARTESIAN_POINT('',(0.,1.6,0.));
#8822=CARTESIAN_POINT('',(2.43437341396884,1.6,-2.48606758733744));
#8823=CARTESIAN_POINT('',(3.11665353445835,1.6,-1.5469895647988));
#8824=CARTESIAN_POINT('',(2.86412945195032,1.6,-1.43455859953501));
#8825=CARTESIAN_POINT('',(2.92560078307593,1.6,-1.46192739947623));
#8826=CARTESIAN_POINT('',(0.,1.6,0.));
#8827=CARTESIAN_POINT('',(2.29443594034937,1.6,-2.33065127784208));
#8828=CARTESIAN_POINT('',(2.48360669106303,1.6,-2.54074668102431));
#8829=CARTESIAN_POINT('',(2.37541365257394,2.,-2.63816413044475));
#8830=CARTESIAN_POINT('',(2.37541365257394,2.,-2.63816413044475));
#8831=CARTESIAN_POINT('',(2.14121794034834,2.,-2.37806344152767));
#8832=CARTESIAN_POINT('',(2.37541365257394,2.,-2.63816413044475));
#8833=CARTESIAN_POINT('',(2.43437341396884,1.6,-2.48606758733744));
#8834=CARTESIAN_POINT('',(2.41561376083645,1.73192989422516,-2.53699548546513));
#8835=CARTESIAN_POINT('',(2.39595835489595,1.86527782831095,-2.58769988497751));
#8836=CARTESIAN_POINT('',(2.37541365257394,2.,-2.63816413044475));
#8837=CARTESIAN_POINT('',(2.29443594034937,1.6,-2.33065127784208));
#8838=CARTESIAN_POINT('',(2.24355077128533,1.73471189006716,-2.34741342860326));
#8839=CARTESIAN_POINT('',(2.19247150318453,1.86806245749518,-2.36321952592942));
#8840=CARTESIAN_POINT('',(2.14121794034834,2.,-2.37806344152767));
#8841=CARTESIAN_POINT('',(0.,2.,0.));
#8842=CARTESIAN_POINT('',(0.,2.,0.));
#8843=CARTESIAN_POINT('',(2.9233454644563,2.,-1.30155725784261));
#8844=CARTESIAN_POINT('',(2.92560078307593,1.6,-1.46192739947623));
#8845=CARTESIAN_POINT('',(2.92581815378204,1.73471189006717,-1.40835293840762));
#8846=CARTESIAN_POINT('',(2.9250662837379,1.86806245749518,-1.35488931494423));
#8847=CARTESIAN_POINT('',(2.9233454644563,2.,-1.30155725784261));
#8848=CARTESIAN_POINT('',(2.9233454644563,2.,-1.30155725784261));
#8849=CARTESIAN_POINT('',(2.9233454644563,2.,-1.30155725784261));
#8850=CARTESIAN_POINT('',(3.24308637463121,2.,-1.44391508291914));
#8851=CARTESIAN_POINT('',(3.11665353445835,1.6,-1.5469895647988));
#8852=CARTESIAN_POINT('',(3.15929179220741,1.73192989422515,-1.51341048843456));
#8853=CARTESIAN_POINT('',(3.20144068730154,1.86527782831095,-1.47904856539552));
#8854=CARTESIAN_POINT('',(3.24308637463121,2.,-1.44391508291914));
#8855=CARTESIAN_POINT('',(0.,2.,0.));
#8856=CARTESIAN_POINT('',(0.,2.,0.));
#8857=CARTESIAN_POINT('',(0.,1.6,0.));
#8858=CARTESIAN_POINT('',(0.,1.6,0.));
#8859=CARTESIAN_POINT('',(3.43072332659463,1.6,-0.58038213601692));
#8860=CARTESIAN_POINT('',(3.43072332659463,1.6,0.58038213601692));
#8861=CARTESIAN_POINT('',(3.16034178907363,1.6,0.522910766062405));
#8862=CARTESIAN_POINT('',(3.22616011759949,1.6,0.536900883668728));
#8863=CARTESIAN_POINT('',(0.,1.6,0.));
#8864=CARTESIAN_POINT('',(3.22616011759949,1.6,-0.536900883668728));
#8865=CARTESIAN_POINT('',(3.50269344933046,1.6,-0.595679857848618));
#8866=CARTESIAN_POINT('',(3.47242398260502,2.,-0.738086502403022));
#8867=CARTESIAN_POINT('',(3.47242398260502,2.,-0.738086502403022));
#8868=CARTESIAN_POINT('',(3.13007232234818,2.,-0.665317410616808));
#8869=CARTESIAN_POINT('',(3.47242398260502,2.,-0.738086502403022));
#8870=CARTESIAN_POINT('',(3.43072332659463,1.6,-0.58038213601692));
#8871=CARTESIAN_POINT('',(3.44548111585166,1.73192989422516,-0.632610318539354));
#8872=CARTESIAN_POINT('',(3.45938285667418,1.86527782831095,-0.685184197174094));
#8873=CARTESIAN_POINT('',(3.47242398260502,2.,-0.738086502403022));
#8874=CARTESIAN_POINT('',(3.22616011759949,1.6,-0.536900883668728));
#8875=CARTESIAN_POINT('',(3.19484569607917,1.73471189006717,-0.580371300433051));
#8876=CARTESIAN_POINT('',(3.16281229103,1.86806245749518,-0.623182342272203));
#8877=CARTESIAN_POINT('',(3.13007232234818,2.,-0.665317410616808));
#8878=CARTESIAN_POINT('',(0.,2.,0.));
#8879=CARTESIAN_POINT('',(0.,2.,0.));
#8880=CARTESIAN_POINT('',(3.13007232234818,2.,0.665317410616808));
#8881=CARTESIAN_POINT('',(3.22616011759949,1.6,0.536900883668728));
#8882=CARTESIAN_POINT('',(3.19484569607917,1.73471189006717,0.58037130043305));
#8883=CARTESIAN_POINT('',(3.16281229103,1.86806245749518,0.623182342272202));
#8884=CARTESIAN_POINT('',(3.13007232234818,2.,0.665317410616808));
#8885=CARTESIAN_POINT('',(3.13007232234818,2.,0.665317410616808));
#8886=CARTESIAN_POINT('',(3.13007232234818,2.,0.665317410616808));
#8887=CARTESIAN_POINT('',(3.47242398260502,2.,0.738086502403022));
#8888=CARTESIAN_POINT('',(3.43072332659463,1.6,0.58038213601692));
#8889=CARTESIAN_POINT('',(3.44548111585166,1.73192989422516,0.632610318539354));
#8890=CARTESIAN_POINT('',(3.45938285667418,1.86527782831095,0.685184197174094));
#8891=CARTESIAN_POINT('',(3.47242398260502,2.,0.738086502403022));
#8892=CARTESIAN_POINT('',(0.,2.,0.));
#8893=CARTESIAN_POINT('',(0.,2.,0.));
#8894=CARTESIAN_POINT('',(0.,1.6,0.));
#8895=CARTESIAN_POINT('',(0.,1.6,0.));
#8896=CARTESIAN_POINT('',(3.11665353445837,1.6,1.54698956479876));
#8897=CARTESIAN_POINT('',(2.43437341396887,1.6,2.4860675873374));
#8898=CARTESIAN_POINT('',(2.24941097883746,1.6,2.28064599210719));
#8899=CARTESIAN_POINT('',(2.2944359403494,1.6,2.33065127784204));
#8900=CARTESIAN_POINT('',(0.,1.6,0.));
#8901=CARTESIAN_POINT('',(2.92560078307595,1.6,1.46192739947619));
#8902=CARTESIAN_POINT('',(3.18387036212525,1.6,1.5769164246115));
#8903=CARTESIAN_POINT('',(3.24308637463123,2.,1.4439150829191));
#8904=CARTESIAN_POINT('',(3.24308637463123,2.,1.4439150829191));
#8905=CARTESIAN_POINT('',(2.92334546445632,2.,1.30155725784256));
#8906=CARTESIAN_POINT('',(3.24308637463123,2.,1.4439150829191));
#8907=CARTESIAN_POINT('',(3.11665353445837,1.6,1.54698956479876));
#8908=CARTESIAN_POINT('',(3.15929179220744,1.73192989422515,1.51341048843452));
#8909=CARTESIAN_POINT('',(3.20144068730156,1.86527782831095,1.47904856539548));
#8910=CARTESIAN_POINT('',(3.24308637463123,2.,1.4439150829191));
#8911=CARTESIAN_POINT('',(2.92560078307595,1.6,1.46192739947619));
#8912=CARTESIAN_POINT('',(2.92581815378207,1.73471189006718,1.40835293840757));
#8913=CARTESIAN_POINT('',(2.92506628373792,1.86806245749519,1.35488931494419));
#8914=CARTESIAN_POINT('',(2.92334546445632,2.,1.30155725784256));
#8915=CARTESIAN_POINT('',(0.,2.,0.));
#8916=CARTESIAN_POINT('',(0.,2.,0.));
#8917=CARTESIAN_POINT('',(2.14121794034838,2.,2.37806344152763));
#8918=CARTESIAN_POINT('',(2.2944359403494,1.6,2.33065127784204));
#8919=CARTESIAN_POINT('',(2.24355077128537,1.73471189006717,2.34741342860323));
#8920=CARTESIAN_POINT('',(2.19247150318456,1.86806245749518,2.36321952592939));
#8921=CARTESIAN_POINT('',(2.14121794034838,2.,2.37806344152763));
#8922=CARTESIAN_POINT('',(2.14121794034838,2.,2.37806344152763));
#8923=CARTESIAN_POINT('',(2.14121794034838,2.,2.37806344152763));
#8924=CARTESIAN_POINT('',(2.37541365257398,2.,2.63816413044472));
#8925=CARTESIAN_POINT('',(2.43437341396887,1.6,2.4860675873374));
#8926=CARTESIAN_POINT('',(2.41561376083649,1.73192989422515,2.53699548546509));
#8927=CARTESIAN_POINT('',(2.39595835489599,1.86527782831095,2.58769988497747));
#8928=CARTESIAN_POINT('',(2.37541365257398,2.,2.63816413044472));
#8929=CARTESIAN_POINT('',(0.,2.,0.));
#8930=CARTESIAN_POINT('',(0.,2.,0.));
#8931=CARTESIAN_POINT('',(0.,1.6,0.));
#8932=CARTESIAN_POINT('',(0.,1.6,0.));
#8933=CARTESIAN_POINT('',(1.6121280233165,1.6,3.08346383210274));
#8934=CARTESIAN_POINT('',(0.508175598516117,1.6,3.44215971862447));
#8935=CARTESIAN_POINT('',(0.479281629352551,1.6,3.16725196547326));
#8936=CARTESIAN_POINT('',(0.486315218895165,1.6,3.23417209980309));
#8937=CARTESIAN_POINT('',(0.,1.6,0.));
#8938=CARTESIAN_POINT('',(1.5075613869307,1.6,2.90234910510596));
#8939=CARTESIAN_POINT('',(1.64891701236163,1.6,3.147184230288));
#8940=CARTESIAN_POINT('',(1.77499999999999,2.,3.07439018343476));
#8941=CARTESIAN_POINT('',(1.77499999999999,2.,3.07439018343476));
#8942=CARTESIAN_POINT('',(1.59999999999999,2.,2.77128129211021));
#8943=CARTESIAN_POINT('',(1.77499999999999,2.,3.07439018343476));
#8944=CARTESIAN_POINT('',(1.6121280233165,1.6,3.08346383210274));
#8945=CARTESIAN_POINT('',(1.66636038431854,1.73192989422515,3.08135992775701));
#8946=CARTESIAN_POINT('',(1.72065698834657,1.86527782831095,3.07833504699577));
#8947=CARTESIAN_POINT('',(1.77499999999999,2.,3.07439018343476));
#8948=CARTESIAN_POINT('',(1.5075613869307,1.6,2.90234910510596));
#8949=CARTESIAN_POINT('',(1.53922752164168,1.73471189006718,2.85913422293231));
#8950=CARTESIAN_POINT('',(1.5700443754043,1.86806245749519,2.81543930484598));
#8951=CARTESIAN_POINT('',(1.59999999999999,2.,2.77128129211021));
#8952=CARTESIAN_POINT('',(0.,2.,0.));
#8953=CARTESIAN_POINT('',(0.,2.,0.));
#8954=CARTESIAN_POINT('',(0.334491082456527,2.,3.18247006517847));
#8955=CARTESIAN_POINT('',(0.486315218895165,1.6,3.23417209980309));
#8956=CARTESIAN_POINT('',(0.435295707346588,1.73471189006718,3.21782341269493));
#8957=CARTESIAN_POINT('',(0.384681120488187,1.86806245749519,3.20058717355899));
#8958=CARTESIAN_POINT('',(0.334491082456527,2.,3.18247006517847));
#8959=CARTESIAN_POINT('',(0.334491082456527,2.,3.18247006517847));
#8960=CARTESIAN_POINT('',(0.334491082456527,2.,3.18247006517847));
#8961=CARTESIAN_POINT('',(0.37107604460021,2.,3.53055272855737));
#8962=CARTESIAN_POINT('',(0.508175598516117,1.6,3.44215971862447));
#8963=CARTESIAN_POINT('',(0.463064052873732,1.73192989422515,3.47233460624824));
#8964=CARTESIAN_POINT('',(0.417359197176807,1.86527782831094,3.50180216940368));
#8965=CARTESIAN_POINT('',(0.37107604460021,2.,3.53055272855737));
#8966=CARTESIAN_POINT('',(0.,2.,0.));
#8967=CARTESIAN_POINT('',(0.,2.,0.));
#8968=CARTESIAN_POINT('',(0.,1.6,0.));
#8969=CARTESIAN_POINT('',(0.,1.6,0.));
#8970=CARTESIAN_POINT('',(-0.508175598516092,1.6,3.44215971862447));
#8971=CARTESIAN_POINT('',(-1.61212802331648,1.6,3.08346383210275));
#8972=CARTESIAN_POINT('',(-1.47391701236161,1.6,2.84407533896346));
#8973=CARTESIAN_POINT('',(-1.50756138693068,1.6,2.90234910510597));
#8974=CARTESIAN_POINT('',(0.,1.6,0.));
#8975=CARTESIAN_POINT('',(-0.486315218895141,1.6,3.2341720998031));
#8976=CARTESIAN_POINT('',(-0.515866591496208,1.6,3.51533462885216));
#8977=CARTESIAN_POINT('',(-0.371076044600185,2.,3.53055272855737));
#8978=CARTESIAN_POINT('',(-0.371076044600185,2.,3.53055272855737));
#8979=CARTESIAN_POINT('',(-0.334491082456505,2.,3.18247006517847));
#8980=CARTESIAN_POINT('',(-0.371076044600185,2.,3.53055272855737));
#8981=CARTESIAN_POINT('',(-0.508175598516092,1.6,3.44215971862447));
#8982=CARTESIAN_POINT('',(-0.463064052873706,1.73192989422515,3.47233460624824));
#8983=CARTESIAN_POINT('',(-0.417359197176781,1.86527782831095,3.50180216940368));
#8984=CARTESIAN_POINT('',(-0.371076044600185,2.,3.53055272855737));
#8985=CARTESIAN_POINT('',(-0.486315218895141,1.6,3.2341720998031));
#8986=CARTESIAN_POINT('',(-0.435295707346564,1.73471189006718,3.21782341269493));
#8987=CARTESIAN_POINT('',(-0.384681120488164,1.86806245749519,3.20058717355899));
#8988=CARTESIAN_POINT('',(-0.334491082456505,2.,3.18247006517847));
#8989=CARTESIAN_POINT('',(0.,2.,0.));
#8990=CARTESIAN_POINT('',(0.,2.,0.));
#8991=CARTESIAN_POINT('',(-1.59999999999997,2.,2.77128129211022));
#8992=CARTESIAN_POINT('',(-1.50756138693068,1.6,2.90234910510597));
#8993=CARTESIAN_POINT('',(-1.53922752164166,1.73471189006717,2.85913422293233));
#8994=CARTESIAN_POINT('',(-1.57004437540428,1.86806245749518,2.815439304846));
#8995=CARTESIAN_POINT('',(-1.59999999999997,2.,2.77128129211022));
#8996=CARTESIAN_POINT('',(-1.59999999999997,2.,2.77128129211022));
#8997=CARTESIAN_POINT('',(-1.59999999999997,2.,2.77128129211022));
#8998=CARTESIAN_POINT('',(-1.77499999999997,2.,3.07439018343478));
#8999=CARTESIAN_POINT('',(-1.61212802331648,1.6,3.08346383210275));
#9000=CARTESIAN_POINT('',(-1.66636038431852,1.73192989422515,3.08135992775702));
#9001=CARTESIAN_POINT('',(-1.72065698834655,1.86527782831094,3.07833504699578));
#9002=CARTESIAN_POINT('',(-1.77499999999997,2.,3.07439018343478));
#9003=CARTESIAN_POINT('',(0.,2.,0.));
#9004=CARTESIAN_POINT('',(0.,2.,0.));
#9005=CARTESIAN_POINT('',(0.,1.6,0.));
#9006=CARTESIAN_POINT('',(0.,1.6,0.));
#9007=CARTESIAN_POINT('',(-2.43437341396886,1.6,2.48606758733742));
#9008=CARTESIAN_POINT('',(-3.11665353445836,1.6,1.54698956479878));
#9009=CARTESIAN_POINT('',(-2.86412945195033,1.6,1.43455859953499));
#9010=CARTESIAN_POINT('',(-2.92560078307594,1.6,1.46192739947621));
#9011=CARTESIAN_POINT('',(0.,1.6,0.));
#9012=CARTESIAN_POINT('',(-2.29443594034939,1.6,2.33065127784206));
#9013=CARTESIAN_POINT('',(-2.48360669106305,1.6,2.54074668102429));
#9014=CARTESIAN_POINT('',(-2.37541365257396,2.,2.63816413044474));
#9015=CARTESIAN_POINT('',(-2.37541365257396,2.,2.63816413044474));
#9016=CARTESIAN_POINT('',(-2.14121794034836,2.,2.37806344152765));
#9017=CARTESIAN_POINT('',(-2.37541365257396,2.,2.63816413044474));
#9018=CARTESIAN_POINT('',(-2.43437341396886,1.6,2.48606758733742));
#9019=CARTESIAN_POINT('',(-2.41561376083648,1.73192989422515,2.53699548546512));
#9020=CARTESIAN_POINT('',(-2.39595835489598,1.86527782831094,2.58769988497749));
#9021=CARTESIAN_POINT('',(-2.37541365257396,2.,2.63816413044474));
#9022=CARTESIAN_POINT('',(-2.29443594034939,1.6,2.33065127784206));
#9023=CARTESIAN_POINT('',(-2.24355077128535,1.73471189006718,2.34741342860325));
#9024=CARTESIAN_POINT('',(-2.19247150318455,1.86806245749519,2.36321952592941));
#9025=CARTESIAN_POINT('',(-2.14121794034836,2.,2.37806344152765));
#9026=CARTESIAN_POINT('',(0.,2.,0.));
#9027=CARTESIAN_POINT('',(0.,2.,0.));
#9028=CARTESIAN_POINT('',(-2.92334546445631,2.,1.30155725784258));
#9029=CARTESIAN_POINT('',(-2.92560078307594,1.6,1.46192739947621));
#9030=CARTESIAN_POINT('',(-2.92581815378207,1.73471189006718,1.40835293840759));
#9031=CARTESIAN_POINT('',(-2.92506628373792,1.8680624574952,1.35488931494421));
#9032=CARTESIAN_POINT('',(-2.92334546445631,2.,1.30155725784258));
#9033=CARTESIAN_POINT('',(-2.92334546445631,2.,1.30155725784259));
#9034=CARTESIAN_POINT('',(-2.92334546445631,2.,1.30155725784259));
#9035=CARTESIAN_POINT('',(-3.24308637463122,2.,1.44391508291912));
#9036=CARTESIAN_POINT('',(-3.11665353445836,1.6,1.54698956479878));
#9037=CARTESIAN_POINT('',(-3.15929179220743,1.73192989422513,1.51341048843455));
#9038=CARTESIAN_POINT('',(-3.20144068730156,1.86527782831093,1.47904856539551));
#9039=CARTESIAN_POINT('',(-3.24308637463122,2.,1.44391508291912));
#9040=CARTESIAN_POINT('',(0.,2.,0.));
#9041=CARTESIAN_POINT('',(0.,2.,0.));
#9042=CARTESIAN_POINT('',(0.,1.6,0.));
#9043=CARTESIAN_POINT('',(0.,1.6,0.));
#9044=CARTESIAN_POINT('',(-3.43072332659463,1.6,0.58038213601692));
#9045=CARTESIAN_POINT('',(-3.43072332659463,1.6,-0.58038213601692));
#9046=CARTESIAN_POINT('',(-3.16034178907363,1.6,-0.522910766062405));
#9047=CARTESIAN_POINT('',(-3.22616011759949,1.6,-0.536900883668728));
#9048=CARTESIAN_POINT('',(0.,1.6,0.));
#9049=CARTESIAN_POINT('',(-3.22616011759949,1.6,0.536900883668728));
#9050=CARTESIAN_POINT('',(-3.50269344933046,1.6,0.595679857848618));
#9051=CARTESIAN_POINT('',(-3.47242398260502,2.,0.738086502403022));
#9052=CARTESIAN_POINT('',(-3.47242398260502,2.,0.738086502403022));
#9053=CARTESIAN_POINT('',(-3.13007232234818,2.,0.665317410616808));
#9054=CARTESIAN_POINT('',(-3.47242398260502,2.,0.738086502403022));
#9055=CARTESIAN_POINT('',(-3.43072332659463,1.6,0.58038213601692));
#9056=CARTESIAN_POINT('',(-3.44548111585166,1.73192989422516,0.632610318539354));
#9057=CARTESIAN_POINT('',(-3.45938285667418,1.86527782831095,0.685184197174094));
#9058=CARTESIAN_POINT('',(-3.47242398260502,2.,0.738086502403022));
#9059=CARTESIAN_POINT('',(-3.22616011759949,1.6,0.536900883668728));
#9060=CARTESIAN_POINT('',(-3.19484569607917,1.73471189006717,0.580371300433051));
#9061=CARTESIAN_POINT('',(-3.16281229103,1.86806245749518,0.623182342272203));
#9062=CARTESIAN_POINT('',(-3.13007232234818,2.,0.665317410616808));
#9063=CARTESIAN_POINT('',(0.,2.,0.));
#9064=CARTESIAN_POINT('',(0.,2.,0.));
#9065=CARTESIAN_POINT('',(-3.13007232234818,2.,-0.665317410616808));
#9066=CARTESIAN_POINT('',(-3.22616011759949,1.6,-0.536900883668728));
#9067=CARTESIAN_POINT('',(-3.19484569607917,1.73471189006717,-0.58037130043305));
#9068=CARTESIAN_POINT('',(-3.16281229103,1.86806245749518,-0.623182342272202));
#9069=CARTESIAN_POINT('',(-3.13007232234818,2.,-0.665317410616808));
#9070=CARTESIAN_POINT('',(-3.13007232234818,2.,-0.665317410616808));
#9071=CARTESIAN_POINT('',(-3.13007232234818,2.,-0.665317410616808));
#9072=CARTESIAN_POINT('',(-3.47242398260502,2.,-0.738086502403022));
#9073=CARTESIAN_POINT('',(-3.43072332659463,1.6,-0.58038213601692));
#9074=CARTESIAN_POINT('',(-3.44548111585166,1.73192989422516,-0.632610318539354));
#9075=CARTESIAN_POINT('',(-3.45938285667418,1.86527782831095,-0.685184197174094));
#9076=CARTESIAN_POINT('',(-3.47242398260502,2.,-0.738086502403022));
#9077=CARTESIAN_POINT('',(0.,2.,0.));
#9078=CARTESIAN_POINT('',(0.,2.,0.));
#9079=CARTESIAN_POINT('',(0.,2.35,0.));
#9080=CARTESIAN_POINT('',(3.91886975727153E-16,2.35,3.2));
#9081=CARTESIAN_POINT('',(3.91886975727153E-16,2.35,3.2));
#9082=CARTESIAN_POINT('',(3.91886975727153E-16,2.,3.2));
#9083=CARTESIAN_POINT('',(0.,2.35,0.));
#9084=CARTESIAN_POINT('',(0.,2.35,-3.2));
#9085=CARTESIAN_POINT('',(0.,2.35,-3.2));
#9086=CARTESIAN_POINT('',(0.,2.,-3.2));
#9087=CARTESIAN_POINT('',(0.,2.,0.));
#9088=CARTESIAN_POINT('',(0.,2.,0.));
#9089=CARTESIAN_POINT('',(0.,2.,0.));
#9090=CARTESIAN_POINT('',(0.,2.,0.));
#9091=CARTESIAN_POINT('',(0.,2.,0.));
#9092=CARTESIAN_POINT('',(0.,2.,0.));
#9093=CARTESIAN_POINT('',(0.,2.35,0.));
#9094=CARTESIAN_POINT('',(5.81707229594993E-16,2.35,4.75));
#9095=CARTESIAN_POINT('',(5.81707229594993E-16,2.35,4.75));
#9096=CARTESIAN_POINT('',(5.81707229594993E-16,2.,4.75));
#9097=CARTESIAN_POINT('',(0.,2.35,0.));
#9098=CARTESIAN_POINT('',(0.,2.35,-4.75));
#9099=CARTESIAN_POINT('',(0.,2.35,-4.75));
#9100=CARTESIAN_POINT('',(0.,2.,-4.75));
#9101=CARTESIAN_POINT('',(0.,2.,0.));
#9102=CARTESIAN_POINT('',(0.,2.35,0.));
#9103=CARTESIAN_POINT('',(0.,2.35,0.));
#9104=CARTESIAN_POINT('',(0.,2.35,0.));
#9105=CARTESIAN_POINT('',(0.,2.,0.));
#9106=CARTESIAN_POINT('',(0.,2.,0.));
#9107=CARTESIAN_POINT('',(0.,2.,0.));
#9108=CARTESIAN_POINT('',(0.,2.,0.));
#9109=CARTESIAN_POINT('',(0.,2.,0.));
#9110=CARTESIAN_POINT('',(0.,2.,0.));
#9111=CARTESIAN_POINT('',(0.,2.,0.));
#9112=CARTESIAN_POINT('',(0.,2.,0.));
#9113=CARTESIAN_POINT('',(0.,2.35,0.));
#9114=CARTESIAN_POINT('',(0.,2.35,0.));
#9115=CARTESIAN_POINT('',(0.,0.,0.));
#9116=MECHANICAL_DESIGN_GEOMETRIC_PRESENTATION_REPRESENTATION('',(#2583,
#2584,#2585,#2586,#2587,#2588,#2589,#2590,#2591,#2592,#2593,#2594,#2595,
#2596,#2597,#2598,#2599,#2600,#2601,#2602,#2603,#2604,#2605,#2606,#2607,
#2608,#2609,#2610,#2611,#2612,#2613,#2614,#2615,#2616,#2617,#2618,#2619,
#2620,#2621,#2622,#2623,#2624,#2625,#2626,#2627,#2628,#2629,#2630,#2631,
#2632,#2633,#2634,#2635,#2636,#2637,#2638,#2639,#2640,#2641,#2642,#2643,
#2644,#2645,#2646,#2647,#2648,#2649,#2650,#2651,#2652,#2653,#2654,#2655,
#2656,#2657,#2658,#2659,#2660,#2661,#2662,#2663,#2664,#2665,#2666,#2667,
#2668,#2669,#2670,#2671,#2672,#2673,#2674,#2675,#2676,#2677,#2678,#2679,
#2680,#2681,#2682,#2683,#2684,#2685,#2686,#2687,#2688,#2689,#2690,#2691,
#2692,#2693,#2694,#2695),#9117);
#9117=(
GEOMETRIC_REPRESENTATION_CONTEXT(3)
GLOBAL_UNCERTAINTY_ASSIGNED_CONTEXT((#9119))
GLOBAL_UNIT_ASSIGNED_CONTEXT((#9123,#9122,#9121))
REPRESENTATION_CONTEXT('YM0003AA','TOP_LEVEL_ASSEMBLY_PART')
);
#9118=(
GEOMETRIC_REPRESENTATION_CONTEXT(3)
GLOBAL_UNCERTAINTY_ASSIGNED_CONTEXT((#9120))
GLOBAL_UNIT_ASSIGNED_CONTEXT((#9123,#9122,#9121))
REPRESENTATION_CONTEXT('YM0003AA_YM0003AA','COMPONENT_PART')
);
#9119=UNCERTAINTY_MEASURE_WITH_UNIT(LENGTH_MEASURE(0.005),#9123,
'DISTANCE_ACCURACY_VALUE','Maximum Tolerance applied to model');
#9120=UNCERTAINTY_MEASURE_WITH_UNIT(LENGTH_MEASURE(0.005),#9123,
'DISTANCE_ACCURACY_VALUE','Maximum Tolerance applied to model');
#9121=(
NAMED_UNIT(*)
SI_UNIT($,.STERADIAN.)
SOLID_ANGLE_UNIT()
);
#9122=(
NAMED_UNIT(*)
PLANE_ANGLE_UNIT()
SI_UNIT($,.RADIAN.)
);
#9123=(
LENGTH_UNIT()
NAMED_UNIT(*)
SI_UNIT(.MILLI.,.METRE.)
);
#9124=PRODUCT_DEFINITION_SHAPE('','',#9127);
#9125=PRODUCT_DEFINITION_SHAPE('','',#9128);
#9126=PRODUCT_DEFINITION_SHAPE(' ','NAUO PRDDFN',#19);
#9127=PRODUCT_DEFINITION('','',#9131,#9129);
#9128=PRODUCT_DEFINITION('','',#9132,#9130);
#9129=PRODUCT_DEFINITION_CONTEXT('',#9142,'design');
#9130=PRODUCT_DEFINITION_CONTEXT('',#9142,'design');
#9131=PRODUCT_DEFINITION_FORMATION_WITH_SPECIFIED_SOURCE('','',#9135,
 .NOT_KNOWN.);
#9132=PRODUCT_DEFINITION_FORMATION_WITH_SPECIFIED_SOURCE('','',#9136,
 .NOT_KNOWN.);
#9133=PRODUCT_RELATED_PRODUCT_CATEGORY('','',(#9135));
#9134=PRODUCT_RELATED_PRODUCT_CATEGORY('','',(#9136));
#9135=PRODUCT('YM0003AA','YM0003AA','YM0003AA',(#9139));
#9136=PRODUCT('YM0003AA_YM0003AA','YM0003AA_YM0003AA',
'YM0003AA_YM0003AA',(#9140));
#9137=PRODUCT_CATEGORY('','');
#9138=PRODUCT_CATEGORY('','');
#9139=PRODUCT_CONTEXT('',#9142,'mechanical');
#9140=PRODUCT_CONTEXT('',#9142,'mechanical');
#9141=APPLICATION_PROTOCOL_DEFINITION('international standard',
'automotive_design',2010,#9142);
#9142=APPLICATION_CONTEXT(
'core data for automotive mechanical design processes');
ENDSEC;
END-ISO-10303-21;
